year,sigungu_cd,buffer_m,road_inter_ha
2016,11110,100,2.8768051120937765
2016,11140,100,0.0
2016,11170,100,0.0
2016,11200,100,0.0
2016,11215,100,0.0
2016,11230,100,0.0
2016,11260,100,0.19160327296862364
2016,11290,100,3.241349159883629
2016,11305,100,0.0
2016,11320,100,0.0
2016,11350,100,12.663976074594036
2016,11380,100,0.5882016239728405
2016,11410,100,2.8128979484614707
2016,11440,100,2.513892743980104
2016,11470,100,0.0
2016,11500,100,1.177202253727145
2016,11530,100,0.0
2016,11545,100,1.3076795785895667
2016,11590,100,0.0
2016,11620,100,34.44842023589886
2016,11650,100,3.7229042518245414
2016,11680,100,1.0546851267616133
2016,11710,100,0.3836997166914151
2016,11740,100,2.2249673670557466
2016,26110,100,0.0
2016,26140,100,0.15450536485523883
2016,26170,100,12.443910101490564
2016,26200,100,0.0
2016,26230,100,8.515717584476283
2016,26260,100,8.69976597973903
2016,26290,100,10.24646340297893
2016,26320,100,10.372547450413595
2016,26350,100,75.44396032194528
2016,26380,100,0.019965259629185186
2016,26410,100,28.549708956305928
2016,26440,100,34.104252428976764
2016,26470,100,0.23542970002058705
2016,26500,100,7.836950229201237
2016,26530,100,14.26700989131906
2016,26710,100,235.4032829045854
2016,27140,100,67.4437283323397
2016,27170,100,0.7216109922877073
2016,27200,100,4.146968762644216
2016,27230,100,33.43542584408001
2016,27260,100,35.733077369002935
2016,27290,100,29.61191400668607
2016,27710,100,108.34819112705016
2016,27720,100,121.43547436604624
2016,28110,100,3.950071280257983
2016,28177,100,0.0
2016,28185,100,0.0
2016,28200,100,3.819503763074975
2016,28237,100,1.0354721440567505
2016,28245,100,0.22103064960470414
2016,28260,100,0.0
2016,28710,100,0.004353435821339367
2016,28720,100,0.0
2016,29110,100,24.357604406857128
2016,29140,100,0.047064419028566916
2016,29155,100,18.821894422353903
2016,29170,100,4.94477613310707
2016,29200,100,50.830310784154285
2016,30110,100,22.031642968504052
2016,30140,100,6.4243099032621895
2016,30170,100,9.043732371822012
2016,30200,100,35.91958802526702
2016,30230,100,6.327441923038366
2016,31110,100,41.224818430001285
2016,31140,100,15.350402258212357
2016,31170,100,0.0
2016,31200,100,51.26685263503984
2016,31710,100,309.1838644898924
2016,36110,100,23.223378337991353
2016,41111,100,3.283850440838199
2016,41113,100,3.5846836232902053
2016,41115,100,0.0
2016,41117,100,1.5630135828985836
2016,41131,100,4.3594986045381585
2016,41133,100,4.1427883928174
2016,41135,100,8.96610763117179
2016,41150,100,13.727251920366205
2016,41171,100,4.37600342706842
2016,41173,100,0.6942911083928173
2016,41190,100,0.43057550954163637
2016,41210,100,2.5969914550268856
2016,41220,100,20.946263508700962
2016,41250,100,1.5607816587560213
2016,41271,100,6.538221952850005
2016,41273,100,1.6895483788006076
2016,41281,100,3.293542431209751
2016,41285,100,0.27571999365217104
2016,41287,100,0.0
2016,41290,100,0.37790282322955193
2016,41310,100,2.1948857872607723
2016,41360,100,89.52627804866967
2016,41370,100,1.252351762070557
2016,41390,100,10.281080938985758
2016,41410,100,5.621552267100849
2016,41430,100,7.629788439000616
2016,41450,100,6.891469594091243
2016,41461,100,40.168804374165376
2016,41463,100,7.679485688764646
2016,41465,100,1.4005012644720591
2016,41480,100,18.312583586070918
2016,41500,100,17.375135877160517
2016,41550,100,51.117795561340955
2016,41570,100,2.19456944103134
2016,41590,100,39.17156887373932
2016,41610,100,63.27388980717029
2016,41630,100,54.009958530603036
2016,41650,100,180.65875382700128
2016,41670,100,66.91263367622318
2016,41800,100,24.942113864304684
2016,41820,100,314.9910012233251
2016,41830,100,168.10040368901
2016,43111,100,42.651820802130175
2016,43112,100,6.919545645183085
2016,43113,100,6.987855173095723
2016,43114,100,9.336687071660373
2016,43130,100,169.08351262023248
2016,43150,100,299.8846864691809
2016,43720,100,129.47319754703477
2016,43730,100,56.91601266814652
2016,43740,100,135.55349089786847
2016,43745,100,1.2259987564874415
2016,43750,100,42.33932645090531
2016,43760,100,362.3249359082417
2016,43770,100,43.019723191816595
2016,43800,100,304.79924158397193
2016,44131,100,36.82335499276927
2016,44133,100,13.008188017307065
2016,44150,100,140.41907868965674
2016,44180,100,201.43405516532698
2016,44200,100,36.42952331552494
2016,44210,100,215.19610361215743
2016,44230,100,31.226485856961478
2016,44250,100,14.798731367172252
2016,44270,100,128.9158535522105
2016,44710,100,91.46323516146792
2016,44760,100,65.76573024686043
2016,44770,100,187.66178303336937
2016,44790,100,124.93429202499902
2016,44800,100,142.3814223882941
2016,44810,100,77.35875753765903
2016,44825,100,231.59757047580914
2016,45111,100,10.800020598605002
2016,45113,100,4.433513004161584
2016,45130,100,50.417222340541706
2016,45140,100,19.887528539523775
2016,45180,100,207.47808482573157
2016,45190,100,641.8095522669444
2016,45210,100,46.84590187131241
2016,45710,100,114.15607642372807
2016,45720,100,136.6346108473948
2016,45730,100,153.2820689371651
2016,45740,100,190.4541574500622
2016,45750,100,237.68091161939967
2016,45770,100,126.93808569625597
2016,45790,100,191.95636649973923
2016,45800,100,148.11273087575435
2016,46110,100,7.761721015152706
2016,46130,100,192.74593473180437
2016,46150,100,367.7707915553754
2016,46170,100,113.22863929639048
2016,46230,100,74.0935960357751
2016,46710,100,121.4332363983464
2016,46720,100,120.50592403345972
2016,46730,100,111.6512508975105
2016,46770,100,250.21065914590255
2016,46780,100,256.87081769857457
2016,46790,100,160.69609176130507
2016,46800,100,161.32993818637487
2016,46810,100,127.48714975065838
2016,46820,100,317.45749427506865
2016,46830,100,82.89236155422925
2016,46840,100,153.14894752253045
2016,46860,100,95.70707056808085
2016,46870,100,130.97326017587227
2016,46880,100,235.97208342776415
2016,46890,100,127.27250042675801
2016,46900,100,200.12580583746842
2016,46910,100,132.46286405537066
2016,47111,100,174.09627288173212
2016,47113,100,368.7968426920155
2016,47130,100,509.7766927056555
2016,47150,100,172.36120508116264
2016,47170,100,553.2398371009931
2016,47190,100,123.78371900119949
2016,47210,100,125.64100305124619
2016,47230,100,280.4105991320794
2016,47250,100,210.2709890854148
2016,47280,100,120.68617446114034
2016,47290,100,76.99819139899365
2016,47730,100,394.42113527808857
2016,47750,100,308.19801130846326
2016,47760,100,187.81543463049016
2016,47770,100,453.2936815650234
2016,47820,100,226.4935266354156
2016,47830,100,217.54468892285558
2016,47840,100,207.7643082295459
2016,47850,100,200.56473210620564
2016,47900,100,122.64626749613102
2016,47920,100,599.6556031973072
2016,47930,100,646.560207477228
2016,47940,100,0.0
2016,48121,100,73.75226331110038
2016,48123,100,38.5998508297851
2016,48125,100,110.96279146907604
2016,48127,100,18.047084937502053
2016,48129,100,56.37373514519249
2016,48170,100,286.81637010963226
2016,48220,100,164.7782208443995
2016,48240,100,169.58268433747062
2016,48250,100,236.84070506140586
2016,48270,100,263.55417593953786
2016,48310,100,399.6826495018917
2016,48330,100,74.06101238746828
2016,48720,100,157.2453626411958
2016,48730,100,147.04739138630242
2016,48740,100,330.2268417524043
2016,48820,100,396.7168521207563
2016,48840,100,230.28204045978654
2016,48850,100,166.59025529802557
2016,48860,100,372.16157173078346
2016,48870,100,343.28005172302073
2016,48880,100,289.1268064265322
2016,48890,100,456.2755217906708
2016,50110,100,178.91541293896177
2016,50130,100,110.4037040528646
2016,51110,100,510.4881328463318
2016,51130,100,252.9141933027136
2016,51150,100,640.9343713362169
2016,51170,100,149.09673943098198
2016,51190,100,119.36535207533201
2016,51210,100,54.83515607168181
2016,51230,100,369.32942081396965
2016,51720,100,676.2149099733198
2016,51730,100,433.60181575452975
2016,51750,100,542.6758877861206
2016,51760,100,514.3844299975559
2016,51770,100,524.5750664036933
2016,51780,100,15.553862137602056
2016,51790,100,82.77436255333296
2016,51800,100,152.42958014019547
2016,51810,100,443.42199147139945
2016,51820,100,86.39476195884879
2016,51830,100,567.6347723169907
2016,11110,300,11.348880935469412
2016,11140,300,0.0
2016,11170,300,0.0
2016,11200,300,0.12945003314035755
2016,11215,300,3.7447437345956773
2016,11230,300,0.2546356666998521
2016,11260,300,1.872178044583155
2016,11290,300,17.71381506877311
2016,11305,300,0.0
2016,11320,300,0.0
2016,11350,300,42.91649977864484
2016,11380,300,5.3194932959604255
2016,11410,300,18.768008458762512
2016,11440,300,4.308030585428323
2016,11470,300,0.5934607261599107
2016,11500,300,6.337241868737752
2016,11530,300,0.0
2016,11545,300,9.005174755763969
2016,11590,300,0.9955641926572847
2016,11620,300,84.65488091712352
2016,11650,300,18.962755910554968
2016,11680,300,3.3098459591786433
2016,11710,300,0.4568895871957915
2016,11740,300,8.92136871279689
2016,26110,300,0.0
2016,26140,300,0.9222033678486272
2016,26170,300,32.11689121056363
2016,26200,300,0.0
2016,26230,300,38.58371057063453
2016,26260,300,31.215999388202302
2016,26290,300,38.49723721451109
2016,26320,300,53.660626737176536
2016,26350,300,265.1112616664157
2016,26380,300,6.628377361138561
2016,26410,300,200.18216442722982
2016,26440,300,163.97571530222936
2016,26470,300,0.4271920235689633
2016,26500,300,30.1010681762181
2016,26530,300,51.92896281145319
2016,26710,300,930.9212964215452
2016,27140,300,228.929312623154
2016,27170,300,9.974789014621622
2016,27200,300,29.52837769907175
2016,27230,300,157.08955492786342
2016,27260,300,125.304033424673
2016,27290,300,102.56125579629222
2016,27710,300,540.3146706393569
2016,27720,300,649.2477204707664
2016,28110,300,32.147659937338325
2016,28177,300,2.5019675785126028
2016,28185,300,0.9434386453174082
2016,28200,300,10.872193794050238
2016,28237,300,2.9341358145430583
2016,28245,300,3.8167434278334564
2016,28260,300,0.45767857313223276
2016,28710,300,0.6036702646042795
2016,28720,300,0.0
2016,29110,300,113.58609429732708
2016,29140,300,4.507259451486721
2016,29155,300,79.22545521494983
2016,29170,300,30.40474017765816
2016,29200,300,215.26928329984193
2016,30110,300,115.69498372339172
2016,30140,300,22.817412564247967
2016,30170,300,47.20987442286818
2016,30200,300,144.49007083065203
2016,30230,300,31.98760783844231
2016,31110,300,152.48167867008365
2016,31140,300,55.03067788573246
2016,31170,300,0.0
2016,31200,300,198.34699221385472
2016,31710,300,1392.9118862149217
2016,36110,300,111.57074614574641
2016,41111,300,14.45812428579038
2016,41113,300,11.363170428123471
2016,41115,300,1.456985080549101
2016,41117,300,8.686580148237976
2016,41131,300,20.24352334288477
2016,41133,300,14.707380049849467
2016,41135,300,28.693554693611304
2016,41150,300,59.75556678444187
2016,41171,300,33.06469529610731
2016,41173,300,2.137421575798289
2016,41190,300,5.233546934680317
2016,41210,300,8.491088055083111
2016,41220,300,83.64236834874744
2016,41250,300,7.462857257413404
2016,41271,300,21.184354965031325
2016,41273,300,20.57265223612228
2016,41281,300,22.162849726554107
2016,41285,300,0.39397177413085666
2016,41287,300,0.0
2016,41290,300,2.9054562015282097
2016,41310,300,11.276331263591631
2016,41360,300,353.88117918089114
2016,41370,300,17.078830317381826
2016,41390,300,49.8995612113756
2016,41410,300,11.60785988463815
2016,41430,300,25.119559877283983
2016,41450,300,27.06673691764619
2016,41461,300,174.47978876301903
2016,41463,300,31.05950722767464
2016,41465,300,5.7781588840028295
2016,41480,300,81.16344020135942
2016,41500,300,59.47014981783915
2016,41550,300,234.2119570155528
2016,41570,300,10.951068897042443
2016,41590,300,191.8034357950155
2016,41610,300,272.1351356647335
2016,41630,300,225.299015837793
2016,41650,300,761.59706853231
2016,41670,300,222.7514178271551
2016,41800,300,92.02500098935651
2016,41820,300,1300.5890541441906
2016,41830,300,679.5968484526514
2016,43111,300,232.484417873655
2016,43112,300,41.38577524534739
2016,43113,300,48.18315776722136
2016,43114,300,37.478263230025625
2016,43130,300,683.5520598367364
2016,43150,300,1230.906736718895
2016,43720,300,545.8805535491728
2016,43730,300,197.2784237835729
2016,43740,300,672.3741104841564
2016,43745,300,7.59181600421687
2016,43750,300,212.4009256240097
2016,43760,300,1416.00089338624
2016,43770,300,173.35929117004233
2016,43800,300,1239.3790246035767
2016,44131,300,166.51640440165565
2016,44133,300,66.1039298879201
2016,44150,300,580.7197303553376
2016,44180,300,913.3513952438472
2016,44200,300,202.99123176239942
2016,44210,300,1034.0750119783706
2016,44230,300,186.43690966388908
2016,44250,300,61.83765445385115
2016,44270,300,564.9263649662306
2016,44710,300,389.4768935397953
2016,44760,300,308.60218188655637
2016,44770,300,755.4749597902094
2016,44790,300,569.1802216488652
2016,44800,300,658.3314721637112
2016,44810,300,331.87070537093786
2016,44825,300,928.2438270648324
2016,45111,300,38.85602437982394
2016,45113,300,16.98365700459216
2016,45130,300,228.15844069149438
2016,45140,300,85.42134386462392
2016,45180,300,1011.6944434827585
2016,45190,300,2382.7081140455284
2016,45210,300,177.83194903022616
2016,45710,300,497.2169417976831
2016,45720,300,575.6493893941513
2016,45730,300,667.3050116551656
2016,45740,300,637.4917310682965
2016,45750,300,977.6866212648649
2016,45770,300,764.5989874198814
2016,45790,300,780.2646879062722
2016,45800,300,588.0765770905168
2016,46110,300,58.48445852414368
2016,46130,300,838.0241139159176
2016,46150,300,1563.9426622149826
2016,46170,300,512.1792627057822
2016,46230,300,327.8282640654873
2016,46710,300,522.9089607437036
2016,46720,300,652.0714670740274
2016,46730,300,440.26615552976943
2016,46770,300,1073.310431445666
2016,46780,300,909.5584973683176
2016,46790,300,821.6806887950571
2016,46800,300,588.1525112878916
2016,46810,300,449.05226868384193
2016,46820,300,1242.9264744255836
2016,46830,300,343.76852310262245
2016,46840,300,596.0483480587918
2016,46860,300,426.2381178254205
2016,46870,300,629.7087639571357
2016,46880,300,907.7222675092466
2016,46890,300,532.2753626570016
2016,46900,300,765.0170358257949
2016,46910,300,613.9736025362827
2016,47111,300,721.7635039821166
2016,47113,300,1433.4042824888102
2016,47130,300,2136.078680484439
2016,47150,300,758.0180283592675
2016,47170,300,2654.5753359208643
2016,47190,300,681.4531698779342
2016,47210,300,533.8431360049046
2016,47230,300,1229.1312910083952
2016,47250,300,1008.9457741255006
2016,47280,300,571.8784586332538
2016,47290,300,307.9930725184198
2016,47730,300,1736.8318740458749
2016,47750,300,1376.1069050047795
2016,47760,300,861.3498345402103
2016,47770,300,1950.351341026988
2016,47820,300,1046.7237129367045
2016,47830,300,945.6299894976023
2016,47840,300,906.6680650215447
2016,47850,300,1071.9988714323902
2016,47900,300,592.2027898251615
2016,47920,300,2562.185326930559
2016,47930,300,2522.113592134528
2016,47940,300,0.0
2016,48121,300,306.95046664614927
2016,48123,300,185.7804242856533
2016,48125,300,542.0355632657211
2016,48127,300,161.87804210906174
2016,48129,300,229.6689035220857
2016,48170,300,1369.4306442345883
2016,48220,300,716.8042582959437
2016,48240,300,886.2617242126977
2016,48250,300,992.0296500384278
2016,48270,300,988.2227123506397
2016,48310,300,1231.6814471461746
2016,48330,300,383.3546974668229
2016,48720,300,766.7770164473784
2016,48730,300,671.5430414988812
2016,48740,300,1297.8072954023496
2016,48820,300,1508.1869170568584
2016,48840,300,942.1531637610698
2016,48850,300,740.468171228569
2016,48860,300,1452.507382986563
2016,48870,300,1437.8353577290218
2016,48880,300,1209.2356182677781
2016,48890,300,1869.7861262615186
2016,50110,300,650.397392857407
2016,50130,300,383.0657628228067
2016,51110,300,1837.730075975753
2016,51130,300,1063.7534093946667
2016,51150,300,2617.546902512255
2016,51170,300,507.7581292849771
2016,51190,300,582.272570489324
2016,51210,300,211.57198336268834
2016,51230,300,1682.8912069725197
2016,51720,300,2791.482323439143
2016,51730,300,1893.715587099276
2016,51750,300,2371.280099019146
2016,51760,300,2188.383628351609
2016,51770,300,2050.8919448388083
2016,51780,300,62.38430964363187
2016,51790,300,379.92884533853174
2016,51800,300,680.5664938115971
2016,51810,300,1858.1617553206504
2016,51820,300,263.2141097302319
2016,51830,300,2204.092273110832
2016,11110,500,19.522312179214907
2016,11140,500,0.0
2016,11170,500,2.6680745497764486
2016,11200,500,0.8279910484522119
2016,11215,500,9.054133661813239
2016,11230,500,3.1881396586259863
2016,11260,500,8.428884782322342
2016,11290,500,42.36025300791055
2016,11305,500,0.0
2016,11320,500,0.0
2016,11350,500,79.85825593065692
2016,11380,500,12.153648706189975
2016,11410,500,37.184921865879666
2016,11440,500,7.264676943284032
2016,11470,500,2.2959671685329033
2016,11500,500,14.03784256220803
2016,11530,500,0.04687304712832717
2016,11545,500,16.519493982187477
2016,11590,500,2.49134757891323
2016,11620,500,126.40160653424512
2016,11650,500,32.66132483863017
2016,11680,500,4.462669343905489
2016,11710,500,0.8191990533685339
2016,11740,500,15.703035601126757
2016,26110,500,0.4871901533246758
2016,26140,500,5.206261159304786
2016,26170,500,51.968960807431166
2016,26200,500,0.0
2016,26230,500,77.88980382450524
2016,26260,500,58.98495920587407
2016,26290,500,71.53736673235221
2016,26320,500,124.8998858990706
2016,26350,500,473.56058903019533
2016,26380,500,39.817596938702955
2016,26410,500,387.6959112877425
2016,26440,500,320.87415697363076
2016,26470,500,0.8377921457084111
2016,26500,500,48.2512566515106
2016,26530,500,100.96034357822255
2016,26710,500,1481.4266147971596
2016,27140,500,390.49661586671186
2016,27170,500,23.240934301536555
2016,27200,500,74.27126249900127
2016,27230,500,274.049074740601
2016,27260,500,229.17280672953171
2016,27290,500,198.71059016714145
2016,27710,500,1077.0135710966476
2016,27720,500,1429.5101422780665
2016,28110,500,70.583552457809
2016,28177,500,9.871601972088587
2016,28185,500,4.271719056690082
2016,28200,500,21.315595012374487
2016,28237,500,8.111715368418128
2016,28245,500,4.002020555848312
2016,28260,500,1.2225676843317563
2016,28710,500,2.7805004220190397
2016,28720,500,0.0
2016,29110,500,196.34099969645646
2016,29140,500,19.159499633372604
2016,29155,500,127.80581793781121
2016,29170,500,61.34410242338062
2016,29200,500,367.5403934172016
2016,30110,500,188.2525260521058
2016,30140,500,37.885218185847584
2016,30170,500,92.8936837732123
2016,30200,500,252.58829900449874
2016,30230,500,50.293891375664536
2016,31110,500,254.66861389583858
2016,31140,500,104.58639617609894
2016,31170,500,0.0
2016,31200,500,376.60891163498115
2016,31710,500,2462.792456094317
2016,36110,500,191.88520777806528
2016,41111,500,27.08090433292277
2016,41113,500,32.38683383005063
2016,41115,500,12.428278696352077
2016,41117,500,12.305008918706744
2016,41131,500,34.24352537333282
2016,41133,500,21.160396422746043
2016,41135,500,37.40658500079973
2016,41150,500,96.57507998681248
2016,41171,500,64.14539766623047
2016,41173,500,8.535005924563272
2016,41190,500,14.206342476507562
2016,41210,500,13.009315433314114
2016,41220,500,140.58973348188317
2016,41250,500,13.742777615081364
2016,41271,500,43.835043990760425
2016,41273,500,38.917400328835924
2016,41281,500,47.71781374479432
2016,41285,500,2.640116290859729
2016,41287,500,0.3769493281828587
2016,41290,500,8.350854379467146
2016,41310,500,36.875353752806454
2016,41360,500,652.4568909599546
2016,41370,500,47.80142858461533
2016,41390,500,75.98852716112256
2016,41410,500,22.91608671474562
2016,41430,500,37.24078247249112
2016,41450,500,44.35326993625491
2016,41461,500,295.44513440930206
2016,41463,500,57.12020610725371
2016,41465,500,8.766047249556156
2016,41480,500,163.07447967666226
2016,41500,500,89.75887071319728
2016,41550,500,403.32489400877546
2016,41570,500,17.344457821643154
2016,41590,500,327.07292574310844
2016,41610,500,454.42119339157864
2016,41630,500,404.98480657783125
2016,41650,500,1421.636720553619
2016,41670,500,395.70470015083094
2016,41800,500,154.52438409047326
2016,41820,500,2332.5203948301646
2016,41830,500,1189.674793252819
2016,43111,500,433.4795004513386
2016,43112,500,63.85656175832649
2016,43113,500,68.50095821428084
2016,43114,500,65.13148098315952
2016,43130,500,1226.2069198497013
2016,43150,500,2233.1775477644665
2016,43720,500,967.6512940993374
2016,43730,500,349.4238537798928
2016,43740,500,1326.8582909121117
2016,43745,500,19.963565909820158
2016,43750,500,413.51478921053416
2016,43760,500,2544.790103755703
2016,43770,500,330.4915717156665
2016,43800,500,2284.6372712878674
2016,44131,500,320.7219739414063
2016,44133,500,141.43512722752814
2016,44150,500,1092.8881371327498
2016,44180,500,1728.6138116896018
2016,44200,500,416.31856445177306
2016,44210,500,1922.5915363257607
2016,44230,500,378.5848433346977
2016,44250,500,110.98640787632989
2016,44270,500,944.5862111534793
2016,44710,500,753.039777300451
2016,44760,500,632.1065240708349
2016,44770,500,1216.4150899256185
2016,44790,500,1068.3918933734406
2016,44800,500,1230.3768233916703
2016,44810,500,665.8790758402425
2016,44825,500,1655.2724561946075
2016,45111,500,74.00037058830559
2016,45113,500,30.231180660184023
2016,45130,500,413.37793214604505
2016,45140,500,166.971348899739
2016,45180,500,2001.211279190079
2016,45190,500,4189.4880447577525
2016,45210,500,303.4588938825516
2016,45710,500,929.9082287108388
2016,45720,500,1025.9684032280575
2016,45730,500,1260.3806239062424
2016,45740,500,1173.3095611025249
2016,45750,500,1834.865917490667
2016,45770,500,1613.7060348622426
2016,45790,500,1490.941602100491
2016,45800,500,1060.6029434498016
2016,46110,500,112.71729394992215
2016,46130,500,1562.499757352987
2016,46150,500,2845.0568477040906
2016,46170,500,929.9711504174687
2016,46230,500,611.1066820221063
2016,46710,500,944.9018893022455
2016,46720,500,1458.849770239747
2016,46730,500,857.8512189195376
2016,46770,500,2016.9576875321259
2016,46780,500,1608.4194377077379
2016,46790,500,1653.4889533077621
2016,46800,500,1074.919480495621
2016,46810,500,775.158220581425
2016,46820,500,2259.7102333827547
2016,46830,500,623.4711209883628
2016,46840,500,1110.8553613937331
2016,46860,500,819.1874036431018
2016,46870,500,1212.4014537167286
2016,46880,500,1683.1359630694922
2016,46890,500,942.8807312834632
2016,46900,500,1336.6367176109186
2016,46910,500,1140.620616387965
2016,47111,500,1276.4314070418038
2016,47113,500,2582.9642697034883
2016,47130,500,4062.053668545568
2016,47150,500,1448.1028257017606
2016,47170,500,4966.001841686006
2016,47190,500,1386.4991521082266
2016,47210,500,979.4535978379704
2016,47230,500,2400.840373376951
2016,47250,500,2050.9888403149
2016,47280,500,1098.1224443073127
2016,47290,500,589.5240398511253
2016,47730,500,3355.934133828626
2016,47750,500,2778.6940206400027
2016,47760,500,1658.3747732545994
2016,47770,500,3635.5136725516277
2016,47820,500,2167.474394187095
2016,47830,500,1754.2559831829276
2016,47840,500,1751.3558829370231
2016,47850,500,2009.2151309013984
2016,47900,500,1083.0050139962866
2016,47920,500,4546.016394969926
2016,47930,500,4514.971506219145
2016,47940,500,0.0
2016,48121,500,645.8366478713259
2016,48123,500,369.88239127747215
2016,48125,500,1104.6665752113188
2016,48127,500,394.82799793337364
2016,48129,500,355.25773531462534
2016,48170,500,2670.179117080602
2016,48220,500,1250.2471489095096
2016,48240,500,1734.6099962143835
2016,48250,500,1841.628532857078
2016,48270,500,1965.612327488859
2016,48310,500,2008.1442801226008
2016,48330,500,834.8622709945421
2016,48720,500,1530.5512000130786
2016,48730,500,1315.195895050221
2016,48740,500,2456.442999657836
2016,48820,500,2824.656890727381
2016,48840,500,1736.3645352148112
2016,48850,500,1496.3756947622105
2016,48860,500,2820.7682325376195
2016,48870,500,2704.708787629905
2016,48880,500,2335.313305266602
2016,48890,500,3463.1849584293923
2016,50110,500,1184.801733635777
2016,50130,500,686.2993218357942
2016,51110,500,3108.4497148666583
2016,51130,500,1902.1622729940068
2016,51150,500,4686.404343485327
2016,51170,500,852.4164740288513
2016,51190,500,1039.7474599129162
2016,51210,500,381.15546390730015
2016,51230,500,2996.980977974731
2016,51720,500,5042.219141471634
2016,51730,500,3447.3659840271325
2016,51750,500,4226.824299669324
2016,51760,500,3880.97670597419
2016,51770,500,3537.18949619136
2016,51780,500,125.45653417665923
2016,51790,500,706.5436586617164
2016,51800,500,1262.197067111683
2016,51810,500,3389.0847279399477
2016,51820,500,441.8188857191839
2016,51830,500,3814.18203835919
2017,11110,100,2.8768051120937765
2017,11140,100,0.0
2017,11170,100,0.0
2017,11200,100,0.0
2017,11215,100,0.0
2017,11230,100,0.0
2017,11260,100,0.687541795826899
2017,11290,100,3.241349159883629
2017,11305,100,0.0
2017,11320,100,0.0
2017,11350,100,13.44201833067252
2017,11380,100,0.5882016239728405
2017,11410,100,2.8128979484614707
2017,11440,100,2.513892743980104
2017,11470,100,0.0
2017,11500,100,1.177202253727145
2017,11530,100,0.0
2017,11545,100,1.3076795785895667
2017,11590,100,0.0
2017,11620,100,34.44842023589886
2017,11650,100,3.7229042518245414
2017,11680,100,1.0546851267616133
2017,11710,100,0.3836997166914151
2017,11740,100,2.2249673670557466
2017,26110,100,0.0
2017,26140,100,0.15450536485523883
2017,26170,100,12.443910101490564
2017,26200,100,0.0
2017,26230,100,8.515717584476283
2017,26260,100,8.69976597973903
2017,26290,100,10.24646340297893
2017,26320,100,10.372547450413595
2017,26350,100,75.77944460313903
2017,26380,100,0.019965259629185186
2017,26410,100,39.13209094314218
2017,26440,100,34.104252428976764
2017,26470,100,0.23542970002058705
2017,26500,100,7.836950229201237
2017,26530,100,14.26700989131906
2017,26710,100,276.24681332702676
2017,27140,100,67.44372833234141
2017,27170,100,0.7216109922877073
2017,27200,100,4.146968762644216
2017,27230,100,33.43542584408001
2017,27260,100,35.733077369002935
2017,27290,100,29.611914006694224
2017,27710,100,105.1196057623635
2017,27720,100,205.26734457120185
2017,28110,100,3.9460877199583577
2017,28177,100,0.0
2017,28185,100,0.0
2017,28200,100,3.81950376283827
2017,28237,100,1.0354721440567505
2017,28245,100,0.22103064960470414
2017,28260,100,0.0
2017,28710,100,2.1064771457068803
2017,28720,100,0.0
2017,29110,100,24.357604406857128
2017,29140,100,0.047064419028566916
2017,29155,100,18.82189442235453
2017,29170,100,4.94477613310707
2017,29200,100,50.83031078415414
2017,30110,100,22.031642968495625
2017,30140,100,6.4243099032621895
2017,30170,100,9.020886301991307
2017,30200,100,35.8997772177513
2017,30230,100,6.327441923038366
2017,31110,100,44.244969669764416
2017,31140,100,15.350402258212357
2017,31170,100,0.0
2017,31200,100,81.98408212882116
2017,31710,100,315.17486387418035
2017,36110,100,22.894966592434795
2017,41111,100,3.283850440838199
2017,41113,100,3.5846836232902053
2017,41115,100,0.0
2017,41117,100,1.5010119557676207
2017,41131,100,4.3594986045381585
2017,41133,100,4.628390633633824
2017,41135,100,10.61607322304342
2017,41150,100,23.25778841510149
2017,41171,100,11.271670931494794
2017,41173,100,12.55031883339293
2017,41190,100,0.43057550954163637
2017,41210,100,2.6572944479096803
2017,41220,100,20.96044258605561
2017,41250,100,1.5607816587560213
2017,41271,100,6.538221952850005
2017,41273,100,1.6895483788006076
2017,41281,100,3.293542431209751
2017,41285,100,0.27571999365217104
2017,41287,100,0.0
2017,41290,100,0.37790282322955193
2017,41310,100,7.385565085450362
2017,41360,100,97.2157143350978
2017,41370,100,1.252351762070557
2017,41390,100,10.371177709032757
2017,41410,100,5.621552267100849
2017,41430,100,10.703763368591463
2017,41450,100,6.891239425793955
2017,41461,100,40.87714265278921
2017,41463,100,6.309387393443517
2017,41465,100,1.4005012644720591
2017,41480,100,19.127573849833134
2017,41500,100,18.722626922384844
2017,41550,100,49.412128853515306
2017,41570,100,2.223857082967823
2017,41590,100,43.9091024935002
2017,41610,100,67.07604301035511
2017,41630,100,54.99818012531831
2017,41650,100,181.4264219213564
2017,41670,100,66.91263367622258
2017,41800,100,24.942113864304684
2017,41820,100,314.0775592267545
2017,41830,100,167.08184396214858
2017,43111,100,43.5715807680086
2017,43112,100,6.919545645180972
2017,43113,100,6.987855173095723
2017,43114,100,9.336687071660181
2017,43130,100,167.968914169795
2017,43150,100,299.8846864692003
2017,43720,100,141.60363325631792
2017,43730,100,56.9160126683095
2017,43740,100,141.5223018062711
2017,43745,100,1.2259987564874415
2017,43750,100,42.207819318789
2017,43760,100,355.9969289830969
2017,43770,100,43.019723191816595
2017,43800,100,304.79924158397165
2017,44131,100,37.80095306039602
2017,44133,100,13.008188017307065
2017,44150,100,145.55837124961693
2017,44180,100,201.18600850801855
2017,44200,100,36.42952331552502
2017,44210,100,212.57888762825726
2017,44230,100,31.2289676572442
2017,44250,100,16.124511714606864
2017,44270,100,125.0428326996578
2017,44710,100,89.55562855304235
2017,44760,100,65.76573024686043
2017,44770,100,186.76225518953132
2017,44790,100,152.72605770041565
2017,44800,100,140.6554915445835
2017,44810,100,77.56808925745872
2017,44825,100,224.69035379221992
2017,45111,100,13.678350232791484
2017,45113,100,4.433513004161584
2017,45130,100,50.417222340541706
2017,45140,100,19.99757760228281
2017,45180,100,241.92807915138636
2017,45190,100,626.8040574544245
2017,45210,100,46.28286426896208
2017,45710,100,116.20475879026246
2017,45720,100,139.34010922031055
2017,45730,100,147.09710967576328
2017,45740,100,190.4541574500622
2017,45750,100,258.6261730735044
2017,45770,100,148.40862432321913
2017,45790,100,200.35536749395914
2017,45800,100,145.29654930091442
2017,46110,100,11.38439785479318
2017,46130,100,205.4511095710743
2017,46150,100,360.72770204375877
2017,46170,100,120.77887592183203
2017,46230,100,81.2355916888407
2017,46710,100,121.4332363983464
2017,46720,100,117.57962633902301
2017,46730,100,113.36480168422649
2017,46770,100,315.71321928374033
2017,46780,100,258.53476084100214
2017,46790,100,181.12980585577623
2017,46800,100,180.6863660599746
2017,46810,100,127.48714975065838
2017,46820,100,322.5496525276063
2017,46830,100,82.80950245188919
2017,46840,100,152.6425309741103
2017,46860,100,95.1601653392903
2017,46870,100,163.71910740130312
2017,46880,100,248.20976496852194
2017,46890,100,124.89530554752697
2017,46900,100,201.31490208977587
2017,46910,100,133.22272931443226
2017,47111,100,174.09627288173235
2017,47113,100,368.7797050995039
2017,47130,100,509.9778061219639
2017,47150,100,172.36120508116264
2017,47170,100,553.2398370997771
2017,47190,100,170.3328646813279
2017,47210,100,125.92128086457951
2017,47230,100,361.0246921427241
2017,47250,100,211.0855562497447
2017,47280,100,119.14453327063751
2017,47290,100,76.99819142644506
2017,47730,100,399.2088590725504
2017,47750,100,308.1980113084643
2017,47760,100,186.18075454105403
2017,47770,100,453.29368156502255
2017,47820,100,226.4935266354159
2017,47830,100,218.6288954215818
2017,47840,100,205.2860412312474
2017,47850,100,186.49329169356506
2017,47900,100,122.64626749613102
2017,47920,100,599.6556031973068
2017,47930,100,646.560207477228
2017,47940,100,0.0
2017,48121,100,72.77418261595952
2017,48123,100,38.59985082978509
2017,48125,100,124.20809735277554
2017,48127,100,18.04708493750209
2017,48129,100,73.3702293209354
2017,48170,100,286.8163701096953
2017,48220,100,164.77822084440018
2017,48240,100,169.58268433746858
2017,48250,100,261.28007486912986
2017,48270,100,263.55417593953786
2017,48310,100,385.2618251723242
2017,48330,100,74.0750490694459
2017,48720,100,160.25196598080856
2017,48730,100,150.04156459551308
2017,48740,100,330.2268417524069
2017,48820,100,396.71685212075624
2017,48840,100,231.34370957751423
2017,48850,100,168.42232912184744
2017,48860,100,372.16157173078346
2017,48870,100,343.28005172298754
2017,48880,100,289.1268064265325
2017,48890,100,451.64002825890947
2017,50110,100,169.72129323672243
2017,50130,100,108.55945337435868
2017,51110,100,510.4881328463313
2017,51130,100,252.8285913757577
2017,51150,100,625.8470136926663
2017,51170,100,149.09409247601423
2017,51190,100,119.36535207533201
2017,51210,100,54.83515607168181
2017,51230,100,378.42129155757414
2017,51720,100,798.8979317417266
2017,51730,100,427.2805757597693
2017,51750,100,540.0537909736805
2017,51760,100,487.5380809077178
2017,51770,100,516.0576789873077
2017,51780,100,15.553862137602056
2017,51790,100,82.77436254907455
2017,51800,100,152.42958014019547
2017,51810,100,658.787028200243
2017,51820,100,86.39476195884879
2017,51830,100,616.5918288439904
2017,11110,300,11.348880935469412
2017,11140,300,0.0
2017,11170,300,0.0
2017,11200,300,0.12945003314035755
2017,11215,300,3.7447437345956773
2017,11230,300,0.2546356666998521
2017,11260,300,3.553081556685909
2017,11290,300,17.71381506877311
2017,11305,300,0.0
2017,11320,300,0.0
2017,11350,300,44.06118109688739
2017,11380,300,5.3194932959604255
2017,11410,300,18.768008458762512
2017,11440,300,4.308030585428323
2017,11470,300,0.5934607261599107
2017,11500,300,6.337241868737752
2017,11530,300,0.0
2017,11545,300,9.005174755763969
2017,11590,300,0.9955641926572847
2017,11620,300,84.65488091712989
2017,11650,300,18.962755910554165
2017,11680,300,3.3098459591786433
2017,11710,300,0.4568895871957915
2017,11740,300,8.92136871279689
2017,26110,300,0.0
2017,26140,300,0.9222033678486272
2017,26170,300,32.11689121056363
2017,26200,300,0.0
2017,26230,300,38.58371057063453
2017,26260,300,31.215999388202302
2017,26290,300,38.49723721451109
2017,26320,300,53.660626737176536
2017,26350,300,265.3755153519291
2017,26380,300,6.628377361138561
2017,26410,300,246.84546051250646
2017,26440,300,163.97571530222936
2017,26470,300,0.4271920235689633
2017,26500,300,30.1010681762181
2017,26530,300,51.92896281145319
2017,26710,300,1100.8666000477238
2017,27140,300,228.929312623154
2017,27170,300,9.974789014621622
2017,27200,300,29.528377699071584
2017,27230,300,157.08955492786342
2017,27260,300,125.304033424673
2017,27290,300,102.54960410018053
2017,27710,300,527.3809509214075
2017,27720,300,1029.369020110795
2017,28110,300,32.11680952605375
2017,28177,300,2.5019675785126028
2017,28185,300,0.9277061960075879
2017,28200,300,10.537561182987849
2017,28237,300,2.9341358145430583
2017,28245,300,3.8167434278334564
2017,28260,300,0.45767857313223276
2017,28710,300,6.2547483144186335
2017,28720,300,0.0
2017,29110,300,113.5860942973273
2017,29140,300,4.507259451486721
2017,29155,300,79.22545521495063
2017,29170,300,30.41668307252656
2017,29200,300,215.16810817094185
2017,30110,300,115.69498372339172
2017,30140,300,22.817412564247967
2017,30170,300,47.268057140076586
2017,30200,300,144.43769566658256
2017,30230,300,31.98760783844231
2017,31110,300,168.78769173021678
2017,31140,300,55.03067788573246
2017,31170,300,0.0
2017,31200,300,310.121703067035
2017,31710,300,1415.60388461949
2017,36110,300,111.79633535102398
2017,41111,300,14.458124285790289
2017,41113,300,11.363170428123471
2017,41115,300,1.456985080549101
2017,41117,300,8.686580148237976
2017,41131,300,22.02694728081953
2017,41133,300,15.118656869108714
2017,41135,300,28.822862713632937
2017,41150,300,89.91676492032553
2017,41171,300,56.137761639600726
2017,41173,300,40.33251588885893
2017,41190,300,5.233546934680317
2017,41210,300,8.491088055083111
2017,41220,300,83.65938563291188
2017,41250,300,7.462857257413404
2017,41271,300,20.96528667274208
2017,41273,300,20.57265223612128
2017,41281,300,22.162849726554107
2017,41285,300,0.39397177413085666
2017,41287,300,0.0
2017,41290,300,3.3056196552268986
2017,41310,300,20.48203481424129
2017,41360,300,372.19801184890474
2017,41370,300,14.17983758946481
2017,41390,300,50.11078141028257
2017,41410,300,11.60785988463815
2017,41430,300,30.404007688028244
2017,41450,300,26.980456745405235
2017,41461,300,177.27812629726048
2017,41463,300,29.88901933797427
2017,41465,300,5.7781588840028295
2017,41480,300,86.34583491059566
2017,41500,300,62.31995380251977
2017,41550,300,230.88920540397964
2017,41570,300,11.87756851832535
2017,41590,300,216.7385673682288
2017,41610,300,288.2685096314889
2017,41630,300,230.7953948180098
2017,41650,300,770.0992237326103
2017,41670,300,222.7798509113188
2017,41800,300,92.02500098935633
2017,41820,300,1265.9152917701563
2017,41830,300,679.4424194264001
2017,43111,300,232.9118239340854
2017,43112,300,41.37808284061271
2017,43113,300,48.18315776722078
2017,43114,300,37.47826323002262
2017,43130,300,682.6919058747243
2017,43150,300,1230.9067367195123
2017,43720,300,597.7256056275178
2017,43730,300,197.2784237835729
2017,43740,300,683.9431544957539
2017,43745,300,7.59181600421687
2017,43750,300,212.30478085749888
2017,43760,300,1373.2549663889122
2017,43770,300,173.35929117004255
2017,43800,300,1239.3790246035767
2017,44131,300,169.51619218832104
2017,44133,300,63.219244235937985
2017,44150,300,597.2311962477215
2017,44180,300,912.962600675427
2017,44200,300,202.9912317621543
2017,44210,300,1020.1788365702288
2017,44230,300,186.42930065570616
2017,44250,300,62.7321781901173
2017,44270,300,554.6409589072705
2017,44710,300,383.39478740135115
2017,44760,300,308.60218188655637
2017,44770,300,754.4228423131588
2017,44790,300,668.3413193810097
2017,44800,300,652.9776745848476
2017,44810,300,334.2828183130937
2017,44825,300,927.5129414245756
2017,45111,300,55.696596132011805
2017,45113,300,16.98365700459216
2017,45130,300,228.15844069149438
2017,45140,300,85.40227612197755
2017,45180,300,1086.791002785058
2017,45190,300,2336.9938476801617
2017,45210,300,178.11068674852044
2017,45710,300,509.60036359737023
2017,45720,300,584.2644122837418
2017,45730,300,648.1589823044544
2017,45740,300,634.9885156216191
2017,45750,300,1006.5738452949058
2017,45770,300,825.4443544543198
2017,45790,300,824.9226988037457
2017,45800,300,581.8548363892302
2017,46110,300,74.45577542770295
2017,46130,300,903.4494933970451
2017,46150,300,1543.1480674961376
2017,46170,300,512.2781540741458
2017,46230,300,365.12402386682703
2017,46710,300,522.9089607437015
2017,46720,300,628.1663592228854
2017,46730,300,452.062792991307
2017,46770,300,1272.4260080789447
2017,46780,300,909.5545603635092
2017,46790,300,877.2731268205214
2017,46800,300,628.7706146962845
2017,46810,300,449.0522686838253
2017,46820,300,1255.950670050931
2017,46830,300,343.7635066408722
2017,46840,300,596.1347381911831
2017,46860,300,425.796924277468
2017,46870,300,740.3343529142936
2017,46880,300,935.7138264456739
2017,46890,300,494.6331469742991
2017,46900,300,794.9886212908593
2017,46910,300,614.4910002490575
2017,47111,300,721.7635039821182
2017,47113,300,1434.8385494260217
2017,47130,300,2136.448574097385
2017,47150,300,758.0180283592678
2017,47170,300,2654.255168324014
2017,47190,300,810.5408584960294
2017,47210,300,534.5178176251292
2017,47230,300,1587.3078189636292
2017,47250,300,1009.8717196836323
2017,47280,300,568.798918365123
2017,47290,300,307.92684809330916
2017,47730,300,1750.6783868970779
2017,47750,300,1376.1069050047797
2017,47760,300,859.6838434469512
2017,47770,300,1950.3513410257049
2017,47820,300,1046.7237129367056
2017,47830,300,957.6579186039932
2017,47840,300,893.2262866096851
2017,47850,300,1036.1041470268851
2017,47900,300,592.2027898251624
2017,47920,300,2562.1853269305593
2017,47930,300,2522.1135921344962
2017,47940,300,0.0
2017,48121,300,304.0860647747123
2017,48123,300,185.78042428565334
2017,48125,300,573.3668073870518
2017,48127,300,161.87804210906162
2017,48129,300,283.963364735373
2017,48170,300,1369.3891144932722
2017,48220,300,716.8042582959448
2017,48240,300,886.2617242126977
2017,48250,300,1098.4283476631667
2017,48270,300,988.2227123506397
2017,48310,300,1169.395376014524
2017,48330,300,392.20847320834235
2017,48720,300,766.3330767174374
2017,48730,300,673.8744495760861
2017,48740,300,1297.8072954023487
2017,48820,300,1508.1869170568582
2017,48840,300,942.6348992109353
2017,48850,300,735.455535464182
2017,48860,300,1452.507382986563
2017,48870,300,1437.8353577290566
2017,48880,300,1209.3857549243899
2017,48890,300,1860.7366208872213
2017,50110,300,634.8720686910157
2017,50130,300,375.52687831234186
2017,51110,300,1837.7300759757436
2017,51130,300,1063.9368190815928
2017,51150,300,2589.0960351502517
2017,51170,300,506.59603259781255
2017,51190,300,582.272570489324
2017,51210,300,211.57198336268834
2017,51230,300,1692.0310647054184
2017,51720,300,3124.1121273235494
2017,51730,300,1882.2196752612415
2017,51750,300,2373.449860869609
2017,51760,300,2062.9397118277857
2017,51770,300,2023.052078132581
2017,51780,300,62.38430964363187
2017,51790,300,379.92884533853174
2017,51800,300,680.5664938115971
2017,51810,300,2461.0890161516295
2017,51820,300,263.2141097302319
2017,51830,300,2326.8490534363455
2017,11110,500,19.522312179214907
2017,11140,500,0.0
2017,11170,500,2.6680745497764486
2017,11200,500,0.8279910484522119
2017,11215,500,9.054133661813239
2017,11230,500,3.1881396586259863
2017,11260,500,10.440231839465078
2017,11290,500,42.36025300791089
2017,11305,500,0.0
2017,11320,500,0.0
2017,11350,500,81.73013408221226
2017,11380,500,12.15364870618834
2017,11410,500,37.184921865879666
2017,11440,500,7.264676943284032
2017,11470,500,2.2959671685329033
2017,11500,500,14.037842562207633
2017,11530,500,0.04687304712832717
2017,11545,500,16.519493982187477
2017,11590,500,2.49134757891323
2017,11620,500,126.40160653424512
2017,11650,500,32.66132483863017
2017,11680,500,4.462669343905489
2017,11710,500,0.8191990533685339
2017,11740,500,15.703035601126757
2017,26110,500,0.4871901533246758
2017,26140,500,5.206261159304786
2017,26170,500,51.968960807431166
2017,26200,500,0.0
2017,26230,500,77.88980382450524
2017,26260,500,58.98495920587407
2017,26290,500,71.53736673235221
2017,26320,500,124.9072919199039
2017,26350,500,473.5865477387559
2017,26380,500,39.81759693870285
2017,26410,500,467.3025725907179
2017,26440,500,320.87415697363076
2017,26470,500,0.8377921457084111
2017,26500,500,48.2512566515106
2017,26530,500,100.96034357822255
2017,26710,500,1780.4195375493114
2017,27140,500,390.49661586671147
2017,27170,500,23.240934301536555
2017,27200,500,74.27126249900176
2017,27230,500,274.04907474060064
2017,27260,500,229.1728067295324
2017,27290,500,196.9832352085672
2017,27710,500,1040.4131038148794
2017,27720,500,2042.7514869006004
2017,28110,500,70.56837220911024
2017,28177,500,9.871601972088587
2017,28185,500,4.271719056690082
2017,28200,500,21.93795712152125
2017,28237,500,8.111715368418128
2017,28245,500,4.002020555848312
2017,28260,500,1.2225676843317563
2017,28710,500,12.26417441252548
2017,28720,500,0.0
2017,29110,500,196.34099969645627
2017,29140,500,19.159499633372604
2017,29155,500,127.80581793781121
2017,29170,500,61.344102423380896
2017,29200,500,366.37400535025773
2017,30110,500,188.2525260521058
2017,30140,500,37.885218185847584
2017,30170,500,92.984838592415
2017,30200,500,252.58962210807903
2017,30230,500,50.293891375664536
2017,31110,500,282.34865321498233
2017,31140,500,104.58639617609894
2017,31170,500,0.0
2017,31200,500,568.7368126045922
2017,31710,500,2502.0964695074717
2017,36110,500,189.60448790137278
2017,41111,500,27.08090433292277
2017,41113,500,32.38683383005063
2017,41115,500,12.428278696352077
2017,41117,500,12.305008918706744
2017,41131,500,34.5172170250223
2017,41133,500,21.160396422746043
2017,41135,500,37.64239268630216
2017,41150,500,137.9976424088385
2017,41171,500,107.6413605350616
2017,41173,500,57.33164571174002
2017,41190,500,14.206342476507562
2017,41210,500,12.95817796669607
2017,41220,500,140.6009661673054
2017,41250,500,13.742777615081364
2017,41271,500,43.835043990760425
2017,41273,500,38.917400328835924
2017,41281,500,47.717813744793624
2017,41285,500,2.640116290859729
2017,41287,500,0.3769493281828587
2017,41290,500,10.108730132478245
2017,41310,500,49.53535806649701
2017,41360,500,669.2460977633865
2017,41370,500,47.58822120740437
2017,41390,500,75.98851816928897
2017,41410,500,22.91608671474562
2017,41430,500,40.79541137249379
2017,41450,500,44.427521003964856
2017,41461,500,298.4883900091146
2017,41463,500,57.12020610725371
2017,41465,500,8.766047249556156
2017,41480,500,174.07549445770226
2017,41500,500,95.42529400273527
2017,41550,500,397.06411194789973
2017,41570,500,18.705267954853497
2017,41590,500,354.78809816604274
2017,41610,500,476.0378234181922
2017,41630,500,414.44946581935744
2017,41650,500,1435.4824525459392
2017,41670,500,395.0673165774893
2017,41800,500,154.52438409047326
2017,41820,500,2255.813024513357
2017,41830,500,1185.2106974940536
2017,43111,500,432.8338770371318
2017,43112,500,63.852716896361116
2017,43113,500,68.50095821428084
2017,43114,500,65.1314809831533
2017,43130,500,1225.4271294451353
2017,43150,500,2233.177547764468
2017,43720,500,1067.655176134287
2017,43730,500,349.4238537798928
2017,43740,500,1311.9648712254248
2017,43745,500,19.963565909820158
2017,43750,500,413.51435199678696
2017,43760,500,2482.4267535068175
2017,43770,500,330.4939831274211
2017,43800,500,2284.637271287865
2017,44131,500,339.8049472977991
2017,44133,500,132.71511294947146
2017,44150,500,1114.6332198693558
2017,44180,500,1727.7293182817243
2017,44200,500,416.31856445177306
2017,44210,500,1888.659588968822
2017,44230,500,378.58150744305374
2017,44250,500,115.10333706790821
2017,44270,500,954.2722227663282
2017,44710,500,741.7031464342097
2017,44760,500,632.1065240708349
2017,44770,500,1216.6105953637841
2017,44790,500,1218.8722895232415
2017,44800,500,1221.6217194209844
2017,44810,500,673.8731362323596
2017,44825,500,1654.6618767147393
2017,45111,500,97.25238646659061
2017,45113,500,30.231180660184023
2017,45130,500,413.37793214608945
2017,45140,500,166.9743488522255
2017,45180,500,2077.017278866159
2017,45190,500,4118.446358909762
2017,45210,500,303.69956267627805
2017,45710,500,959.9396656115771
2017,45720,500,1036.341508605365
2017,45730,500,1245.6888133669468
2017,45740,500,1167.0460884292115
2017,45750,500,1840.0209101313437
2017,45770,500,1710.660677750763
2017,45790,500,1591.1564119605168
2017,45800,500,1051.1615002373455
2017,46110,500,139.38377759832647
2017,46130,500,1667.8867430331034
2017,46150,500,2799.623290240107
2017,46170,500,920.2706287657763
2017,46230,500,688.6439686170687
2017,46710,500,944.9018893022455
2017,46720,500,1405.1471622117583
2017,46730,500,873.5409675205889
2017,46770,500,2260.3384267659694
2017,46780,500,1596.189177139265
2017,46790,500,1731.3127480940864
2017,46800,500,1128.6802996895146
2017,46810,500,775.1582205814252
2017,46820,500,2271.8495241431547
2017,46830,500,623.5844495786325
2017,46840,500,1111.5865256435695
2017,46860,500,817.0669891187229
2017,46870,500,1404.8529859851694
2017,46880,500,1726.4628101652715
2017,46890,500,862.4441099212756
2017,46900,500,1388.98601985564
2017,46910,500,1140.8339695322807
2017,47111,500,1276.4314070418027
2017,47113,500,2585.7634503143026
2017,47130,500,4062.4587632960156
2017,47150,500,1448.1028257017606
2017,47170,500,4965.87350990574
2017,47190,500,1600.7151897325034
2017,47210,500,981.9650894570063
2017,47230,500,3024.8136691467876
2017,47250,500,2050.929423438814
2017,47280,500,1091.6180826661591
2017,47290,500,589.5995719508339
2017,47730,500,3377.7450132535264
2017,47750,500,2778.6940206400027
2017,47760,500,1652.9837443165516
2017,47770,500,3635.513672552507
2017,47820,500,2167.474394187095
2017,47830,500,1770.1294675780528
2017,47840,500,1734.891169419835
2017,47850,500,1958.26572820905
2017,47900,500,1083.0050139962866
2017,47920,500,4546.016394969927
2017,47930,500,4514.971506219145
2017,47940,500,0.0
2017,48121,500,645.1013651442804
2017,48123,500,369.88239127747215
2017,48125,500,1141.7170355489866
2017,48127,500,394.8279979333733
2017,48129,500,438.2741864011286
2017,48170,500,2670.156346178685
2017,48220,500,1250.2471489095096
2017,48240,500,1734.6099962143837
2017,48250,500,2022.8303156053614
2017,48270,500,1965.6123274888546
2017,48310,500,1914.6620446272698
2017,48330,500,860.0487855051783
2017,48720,500,1540.4882117510497
2017,48730,500,1309.5587378519274
2017,48740,500,2456.442999657837
2017,48820,500,2824.656890727381
2017,48840,500,1737.1648331987917
2017,48850,500,1481.9320924332912
2017,48860,500,2820.7682325376195
2017,48870,500,2704.708787629858
2017,48880,500,2335.6714647442714
2017,48890,500,3454.039206063307
2017,50110,500,1161.9063264896963
2017,50130,500,682.7257214874044
2017,51110,500,3108.4497148666305
2017,51130,500,1902.0591422176417
2017,51150,500,4637.148734153875
2017,51170,500,852.4164740288509
2017,51190,500,1039.7474599129162
2017,51210,500,381.15546390730015
2017,51230,500,2993.8825697475772
2017,51720,500,5509.834119943847
2017,51730,500,3419.691387598779
2017,51750,500,4226.642708876169
2017,51760,500,3676.2693857271997
2017,51770,500,3497.04938977505
2017,51780,500,125.45653417665923
2017,51790,500,706.5436586617164
2017,51800,500,1262.197067111683
2017,51810,500,4266.888868742363
2017,51820,500,441.81888571918336
2017,51830,500,3993.898719677475
2018,11110,100,2.8768051120937765
2018,11140,100,0.0
2018,11170,100,0.0
2018,11200,100,0.0
2018,11215,100,0.0
2018,11230,100,0.0
2018,11260,100,0.687541795826899
2018,11290,100,3.241349159883629
2018,11305,100,0.0
2018,11320,100,0.0
2018,11350,100,13.44201833067252
2018,11380,100,0.5882016239728405
2018,11410,100,2.8128979484614707
2018,11440,100,2.513892743980104
2018,11470,100,0.0
2018,11500,100,1.177202253727145
2018,11530,100,0.0
2018,11545,100,1.3076795785895667
2018,11590,100,0.0
2018,11620,100,34.448420235898425
2018,11650,100,3.7229042518245414
2018,11680,100,1.0546851267616133
2018,11710,100,0.3836997166914151
2018,11740,100,2.2249673670557466
2018,26110,100,0.0
2018,26140,100,0.15450536485523883
2018,26170,100,12.44391010149025
2018,26200,100,0.0
2018,26230,100,8.515717584476002
2018,26260,100,8.69976597973903
2018,26290,100,10.24646340297893
2018,26320,100,14.161724175761602
2018,26350,100,75.77944460313903
2018,26380,100,0.019965259629185186
2018,26410,100,41.6865894782484
2018,26440,100,53.55062136225225
2018,26470,100,0.23542970002058705
2018,26500,100,7.836950229201237
2018,26530,100,14.26700989131906
2018,26710,100,260.47412534345995
2018,27140,100,67.42792403442996
2018,27170,100,0.7216109922877073
2018,27200,100,4.146968762644216
2018,27230,100,33.4836635653827
2018,27260,100,35.73307736216651
2018,27290,100,29.611914006694224
2018,27710,100,106.52149049494507
2018,27720,100,205.26734457120241
2018,28110,100,3.947809946960742
2018,28177,100,0.0
2018,28185,100,0.0
2018,28200,100,3.761158715109761
2018,28237,100,1.011790479562176
2018,28245,100,0.22103071332448704
2018,28260,100,0.0
2018,28710,100,2.1064771457068803
2018,28720,100,0.0
2018,29110,100,24.35760430388682
2018,29140,100,0.047064419028566916
2018,29155,100,18.821894422354234
2018,29170,100,7.422018117579943
2018,29200,100,50.830311197129994
2018,30110,100,22.031642968504052
2018,30140,100,6.4243099032621895
2018,30170,100,9.020886301991307
2018,30200,100,33.59359982555992
2018,30230,100,6.327441923038366
2018,31110,100,44.244969669763655
2018,31140,100,15.562660974743359
2018,31170,100,0.0
2018,31200,100,82.36445999660887
2018,31710,100,315.42788804071034
2018,36110,100,28.57241136689284
2018,41111,100,3.283850440838199
2018,41113,100,3.584683455789429
2018,41115,100,0.0
2018,41117,100,1.5010119557676207
2018,41131,100,4.401756660478997
2018,41133,100,4.628390633633824
2018,41135,100,10.616073223042722
2018,41150,100,20.869056432315116
2018,41171,100,11.271670931494794
2018,41173,100,12.55031883339293
2018,41190,100,0.43057550954163637
2018,41210,100,2.6572943987046727
2018,41220,100,20.957421913411817
2018,41250,100,1.5607816587560213
2018,41271,100,6.5382217959083615
2018,41273,100,1.6895483788006076
2018,41281,100,3.293542431209751
2018,41285,100,0.27571999365217104
2018,41287,100,0.0
2018,41290,100,0.37790282322955193
2018,41310,100,7.385565085271937
2018,41360,100,92.43826449463214
2018,41370,100,1.252351762070557
2018,41390,100,10.290234824414254
2018,41410,100,5.621552267100849
2018,41430,100,10.703763368591463
2018,41450,100,6.891239425793955
2018,41461,100,34.81089705757159
2018,41463,100,12.0021336424314
2018,41465,100,1.4005012644720591
2018,41480,100,19.127573849833134
2018,41500,100,18.646037365395262
2018,41550,100,49.41212885351322
2018,41570,100,2.223857082967823
2018,41590,100,45.56521877882617
2018,41610,100,67.07604301035411
2018,41630,100,54.47569792962137
2018,41650,100,186.5319376432465
2018,41670,100,66.91263355698321
2018,41800,100,27.18959063200302
2018,41820,100,325.0537201635431
2018,41830,100,167.08184396214918
2018,43111,100,45.070118576510204
2018,43112,100,8.582662906989329
2018,43113,100,6.987855173095723
2018,43114,100,10.567293299930155
2018,43130,100,168.2015821305983
2018,43150,100,299.86718034745854
2018,43720,100,140.90475451513723
2018,43730,100,60.342139301673335
2018,43740,100,146.0222969712498
2018,43745,100,1.2259987564874415
2018,43750,100,40.40575846026116
2018,43760,100,347.19536186468014
2018,43770,100,47.33600739361583
2018,43800,100,320.71046821417707
2018,44131,100,37.48990314858775
2018,44133,100,13.235889425780863
2018,44150,100,159.25903323887206
2018,44180,100,222.0485005982807
2018,44200,100,36.42952331552494
2018,44210,100,216.27684657888798
2018,44230,100,30.77301073630299
2018,44250,100,6.905136157745513
2018,44270,100,125.1103996876671
2018,44710,100,102.44153948226739
2018,44760,100,67.43820302802483
2018,44770,100,186.76256411485133
2018,44790,100,164.10734426478754
2018,44800,100,125.65150613954265
2018,44810,100,76.65794863606737
2018,44825,100,224.69035379221978
2018,45111,100,12.099395465947701
2018,45113,100,4.433513004161584
2018,45130,100,71.84550148322897
2018,45140,100,19.20057731190742
2018,45180,100,243.63691530539063
2018,45190,100,626.1709112451166
2018,45210,100,36.93852796467201
2018,45710,100,116.29400935536229
2018,45720,100,148.20330831151338
2018,45730,100,147.09710967576328
2018,45740,100,190.47956437048245
2018,45750,100,258.62617307350274
2018,45770,100,148.44284123849715
2018,45790,100,171.57184804560166
2018,45800,100,146.4549292862865
2018,46110,100,8.748686125869582
2018,46130,100,205.24652130443545
2018,46150,100,358.64511618094116
2018,46170,100,107.00070791948734
2018,46230,100,81.23559168884056
2018,46710,100,130.16160622258965
2018,46720,100,117.57962662144983
2018,46730,100,113.3179164696239
2018,46770,100,334.68223319969115
2018,46780,100,257.1750025841242
2018,46790,100,181.07516272010042
2018,46800,100,174.37298928657452
2018,46810,100,126.37635730261213
2018,46820,100,321.4775028164225
2018,46830,100,80.80935025151042
2018,46840,100,145.7170048134318
2018,46860,100,95.17962496075472
2018,46870,100,163.14883679050024
2018,46880,100,243.40424312056214
2018,46890,100,130.05793748082618
2018,46900,100,201.29622260506227
2018,46910,100,133.19953353974253
2018,47111,100,174.09627287861304
2018,47113,100,368.779704985681
2018,47130,100,637.1183833506432
2018,47150,100,178.62695244820853
2018,47170,100,554.0288475534238
2018,47190,100,170.5948620746217
2018,47210,100,127.05402612311397
2018,47230,100,360.00773771342875
2018,47250,100,211.0855570786298
2018,47280,100,119.14237718492316
2018,47290,100,77.06440253703434
2018,47730,100,401.9643687287181
2018,47750,100,308.1980113084644
2018,47760,100,185.70359149249077
2018,47770,100,453.29368157065437
2018,47820,100,226.4935266354159
2018,47830,100,209.6128340560831
2018,47840,100,205.2860412312474
2018,47850,100,187.00300071449038
2018,47900,100,123.48531421812226
2018,47920,100,561.8504841818403
2018,47930,100,646.560207477228
2018,47940,100,0.0
2018,48121,100,72.49271385918864
2018,48123,100,38.58700062703102
2018,48125,100,110.59401194171102
2018,48127,100,15.94427750267474
2018,48129,100,89.49009487964803
2018,48170,100,277.0750458213147
2018,48220,100,165.1971008760908
2018,48240,100,154.95115825015358
2018,48250,100,356.7886997859063
2018,48270,100,269.82765016327124
2018,48310,100,385.26182515677215
2018,48330,100,92.61948530692098
2018,48720,100,160.25196598080856
2018,48730,100,152.05301744653593
2018,48740,100,330.2777293083615
2018,48820,100,397.13172291357023
2018,48840,100,259.132759347041
2018,48850,100,168.62843139389653
2018,48860,100,371.34762398124343
2018,48870,100,343.2800517221931
2018,48880,100,260.3366553696578
2018,48890,100,426.27089843096286
2018,50110,100,169.67495738140872
2018,50130,100,108.14371523715414
2018,51110,100,516.274220211896
2018,51130,100,252.8434556739415
2018,51150,100,621.980142811073
2018,51170,100,152.66857437862396
2018,51190,100,112.83954139716688
2018,51210,100,56.883077513437286
2018,51230,100,407.15450857680315
2018,51720,100,780.2584623589564
2018,51730,100,410.9328500764179
2018,51750,100,560.0352358725435
2018,51760,100,488.59961247025177
2018,51770,100,490.99429240826436
2018,51780,100,16.51896669540147
2018,51790,100,82.77436255333296
2018,51800,100,151.98433192239884
2018,51810,100,658.097501494536
2018,51820,100,75.63338014113928
2018,51830,100,616.041422649237
2018,11110,300,11.348880935469412
2018,11140,300,0.0
2018,11170,300,0.0
2018,11200,300,0.12945003314035755
2018,11215,300,3.7447437345956773
2018,11230,300,0.2546356666998521
2018,11260,300,3.553081556685909
2018,11290,300,17.71381506877311
2018,11305,300,0.0
2018,11320,300,0.0
2018,11350,300,44.061181150171926
2018,11380,300,5.3194932959604255
2018,11410,300,18.768008458762512
2018,11440,300,4.308030585428323
2018,11470,300,0.5934607261599107
2018,11500,300,6.557365211095394
2018,11530,300,0.0
2018,11545,300,9.005174755763969
2018,11590,300,0.9955641926572847
2018,11620,300,84.65488091712989
2018,11650,300,18.966305195062844
2018,11680,300,3.3098459591786433
2018,11710,300,0.4568895871957915
2018,11740,300,8.92136871279689
2018,26110,300,0.0
2018,26140,300,0.9222033678486272
2018,26170,300,32.11689121056363
2018,26200,300,0.0
2018,26230,300,38.58371057063453
2018,26260,300,31.215999388200736
2018,26290,300,38.49723721451109
2018,26320,300,61.68237132926325
2018,26350,300,265.3755153519305
2018,26380,300,6.6283773611385435
2018,26410,300,253.31424620536467
2018,26440,300,240.92410613434365
2018,26470,300,0.4271920235689633
2018,26500,300,30.1010681762181
2018,26530,300,51.92896281145319
2018,26710,300,1059.51340321619
2018,27140,300,228.89676952744318
2018,27170,300,9.974789014621622
2018,27200,300,29.528377699071584
2018,27230,300,156.76821351266588
2018,27260,300,125.30403339419527
2018,27290,300,101.9707879646427
2018,27710,300,536.4813007389657
2018,27720,300,1029.369020110795
2018,28110,300,32.12178501892698
2018,28177,300,2.5019678378772907
2018,28185,300,0.9277061960075879
2018,28200,300,10.032966650054489
2018,28237,300,2.9212577179858004
2018,28245,300,3.8167434278334564
2018,28260,300,0.45767857313223276
2018,28710,300,6.2547483144186335
2018,28720,300,0.0
2018,29110,300,113.58609429715595
2018,29140,300,4.507259451486721
2018,29155,300,79.2254552149506
2018,29170,300,34.19007182656917
2018,29200,300,215.16810829196297
2018,30110,300,115.69498372339172
2018,30140,300,22.817412564247967
2018,30170,300,47.26805714007976
2018,30200,300,138.95380538148078
2018,30230,300,31.98760783844231
2018,31110,300,166.80698901923554
2018,31140,300,55.03067788573246
2018,31170,300,0.0
2018,31200,300,302.17678507948847
2018,31710,300,1428.3955648185388
2018,36110,300,132.42414151606891
2018,41111,300,14.458124285790289
2018,41113,300,11.363170423288706
2018,41115,300,1.456985080549101
2018,41117,300,8.686580148237976
2018,41131,300,22.02694728081953
2018,41133,300,15.118656869108714
2018,41135,300,28.82286271363257
2018,41150,300,78.94493958129064
2018,41171,300,56.137761639600726
2018,41173,300,40.33251588885893
2018,41190,300,5.233546934680317
2018,41210,300,8.491088055083111
2018,41220,300,83.61580129414499
2018,41250,300,7.462857257413404
2018,41271,300,20.965286791965998
2018,41273,300,20.57265223612228
2018,41281,300,22.162849726554107
2018,41285,300,0.39397177413085666
2018,41287,300,0.0
2018,41290,300,3.3056196552268986
2018,41310,300,20.48203481424129
2018,41360,300,364.33675899719026
2018,41370,300,14.17983758946481
2018,41390,300,50.18475446573029
2018,41410,300,11.60785988463815
2018,41430,300,30.404007688028244
2018,41450,300,26.980456745405053
2018,41461,300,169.60841389824085
2018,41463,300,38.54463529782811
2018,41465,300,5.7781588840028295
2018,41480,300,86.34583491059566
2018,41500,300,61.659734939228954
2018,41550,300,230.88920536288285
2018,41570,300,11.87756851832535
2018,41590,300,219.45916476065736
2018,41610,300,288.2685096314889
2018,41630,300,222.48329345848867
2018,41650,300,781.0576690368564
2018,41670,300,222.77985014628862
2018,41800,300,96.39241104970436
2018,41820,300,1289.9084148769466
2018,41830,300,679.4424194264046
2018,43111,300,235.87536999541973
2018,43112,300,47.78633435360412
2018,43113,300,48.30138777229007
2018,43114,300,40.71930888852228
2018,43130,300,689.6583463842292
2018,43150,300,1230.8728768961846
2018,43720,300,599.8781773602927
2018,43730,300,195.5408768467435
2018,43740,300,698.1155271156234
2018,43745,300,7.592954593556808
2018,43750,300,209.76241284353944
2018,43760,300,1343.2321579652587
2018,43770,300,195.08579760185052
2018,43800,300,1294.7071036243174
2018,44131,300,169.18919594877693
2018,44133,300,63.474403503932585
2018,44150,300,667.073836248553
2018,44180,300,982.1851309888073
2018,44200,300,199.17253454221148
2018,44210,300,1042.0884824321884
2018,44230,300,185.74029081135112
2018,44250,300,34.74116694465561
2018,44270,300,555.9861729896494
2018,44710,300,424.7319372583598
2018,44760,300,316.67901299176475
2018,44770,300,754.4366950936154
2018,44790,300,709.9290168688151
2018,44800,300,607.5803454740134
2018,44810,300,325.43340541615163
2018,44825,300,927.5129414245756
2018,45111,300,51.2553052588373
2018,45113,300,16.144473281205617
2018,45130,300,282.07866006054496
2018,45140,300,82.4477601296923
2018,45180,300,1089.8045595254816
2018,45190,300,2337.4260178350955
2018,45210,300,162.7726633969654
2018,45710,300,509.4495854438214
2018,45720,300,602.0114537747057
2018,45730,300,648.1589823044544
2018,45740,300,634.0796074720887
2018,45750,300,1006.5741020633919
2018,45770,300,825.116263694439
2018,45790,300,725.4122257854256
2018,45800,300,580.0814544234578
2018,46110,300,39.64602666730506
2018,46130,300,880.7100196758963
2018,46150,300,1537.0768874386836
2018,46170,300,438.79287699439266
2018,46230,300,365.124023866826
2018,46710,300,552.5199628100938
2018,46720,300,628.1663585643926
2018,46730,300,452.0627932787352
2018,46770,300,1322.9374887614476
2018,46780,300,899.4177236875188
2018,46790,300,877.2746027274846
2018,46800,300,620.7183990256577
2018,46810,300,448.6157360666052
2018,46820,300,1266.3691602043154
2018,46830,300,328.6784221456028
2018,46840,300,564.9270339930183
2018,46860,300,425.81923852105604
2018,46870,300,739.6517926179833
2018,46880,300,927.490786645804
2018,46890,300,509.6368999368092
2018,46900,300,795.0656916206449
2018,46910,300,614.021808866885
2018,47111,300,721.7635035916451
2018,47113,300,1434.83023152829
2018,47130,300,2586.2941871835937
2018,47150,300,768.4575426267778
2018,47170,300,2673.8246817372938
2018,47190,300,811.0117219323226
2018,47210,300,538.0334630123399
2018,47230,300,1585.8983512737445
2018,47250,300,1009.8717257158637
2018,47280,300,568.8059212751333
2018,47290,300,308.0633915953458
2018,47730,300,1752.0473442937787
2018,47750,300,1376.106905004779
2018,47760,300,876.7197742328692
2018,47770,300,1950.3513410274384
2018,47820,300,1046.7237129367045
2018,47830,300,925.9121516729842
2018,47840,300,893.2262866096851
2018,47850,300,1035.4674772904762
2018,47900,300,598.2955028025577
2018,47920,300,2392.8782072666113
2018,47930,300,2522.113592134528
2018,47940,300,0.0
2018,48121,300,302.34038219944085
2018,48123,300,177.62377047083743
2018,48125,300,529.4122366530737
2018,48127,300,144.1659128170003
2018,48129,300,332.5823988733294
2018,48170,300,1311.7827449883011
2018,48220,300,717.9744431236601
2018,48240,300,827.8713052338558
2018,48250,300,1352.3172518062138
2018,48270,300,994.4161802344141
2018,48310,300,1169.3810054858166
2018,48330,300,458.8294575474592
2018,48720,300,766.3330767174363
2018,48730,300,672.1381669130883
2018,48740,300,1306.2234380977388
2018,48820,300,1508.2213958627183
2018,48840,300,1019.3073176408282
2018,48850,300,735.6384291621046
2018,48860,300,1441.6749862889976
2018,48870,300,1437.835357728825
2018,48880,300,1144.4657592915507
2018,48890,300,1790.1875767705976
2018,50110,300,631.8882692293213
2018,50130,300,373.65201093647653
2018,51110,300,1849.8367103223986
2018,51130,300,1064.0543384895304
2018,51150,300,2567.116213278483
2018,51170,300,499.068549810562
2018,51190,300,491.9002185706172
2018,51210,300,214.42739473019563
2018,51230,300,1732.8389221594748
2018,51720,300,3097.5970216558444
2018,51730,300,1823.9737803733717
2018,51750,300,2490.987247309271
2018,51760,300,2059.7672259823285
2018,51770,300,1981.2791590224442
2018,51780,300,73.61080919357501
2018,51790,300,379.92884533853174
2018,51800,300,654.7535515737447
2018,51810,300,2458.6829079359654
2018,51820,300,250.4239184990007
2018,51830,300,2327.850845664039
2018,11110,500,19.522312179214907
2018,11140,500,0.0
2018,11170,500,2.6680745497764486
2018,11200,500,0.8279910484522119
2018,11215,500,9.054133661813239
2018,11230,500,3.1881396586259863
2018,11260,500,10.440231839465078
2018,11290,500,42.36025300790568
2018,11305,500,0.0
2018,11320,500,0.0
2018,11350,500,81.73013408221257
2018,11380,500,12.153648706189975
2018,11410,500,37.184921865879666
2018,11440,500,7.264676943284032
2018,11470,500,2.2959671685329033
2018,11500,500,14.359532873236033
2018,11530,500,0.04687304712832717
2018,11545,500,16.519493982187477
2018,11590,500,2.49134757891323
2018,11620,500,126.40160653424512
2018,11650,500,32.6580595483577
2018,11680,500,4.462669343905489
2018,11710,500,0.8191990533685339
2018,11740,500,15.703035601126757
2018,26110,500,0.4871901533246758
2018,26140,500,5.206261159304786
2018,26170,500,51.968960807431166
2018,26200,500,0.0
2018,26230,500,77.88980382450524
2018,26260,500,58.98495920587407
2018,26290,500,71.53736673235221
2018,26320,500,136.8516828772138
2018,26350,500,473.5865477387559
2018,26380,500,39.81759693870307
2018,26410,500,480.32988864522446
2018,26440,500,450.98386043188935
2018,26470,500,0.8377921457084111
2018,26500,500,48.2512566515106
2018,26530,500,100.96034357822255
2018,26710,500,1745.7750682200697
2018,27140,500,390.4790984121903
2018,27170,500,23.240934301536555
2018,27200,500,74.27126249900127
2018,27230,500,273.24589633496805
2018,27260,500,229.1728067295324
2018,27290,500,196.1727279492072
2018,27710,500,1052.334502178316
2018,27720,500,2042.7514869005993
2018,28110,500,70.57237751472651
2018,28177,500,9.871601972088587
2018,28185,500,4.271719056690082
2018,28200,500,21.032382091218714
2018,28237,500,8.109844058904288
2018,28245,500,4.002020555848312
2018,28260,500,1.2225676823789036
2018,28710,500,12.427861411789756
2018,28720,500,0.0
2018,29110,500,196.34099969645627
2018,29140,500,19.159499633372604
2018,29155,500,127.80581793781121
2018,29170,500,63.50189406505907
2018,29200,500,366.3740053998949
2018,30110,500,188.2525260521058
2018,30140,500,37.885218185847584
2018,30170,500,92.984838592415
2018,30200,500,245.5917102389636
2018,30230,500,50.293891375664536
2018,31110,500,275.89973088955145
2018,31140,500,104.58639617609894
2018,31170,500,0.0
2018,31200,500,556.878806034226
2018,31710,500,2536.625918421327
2018,36110,500,225.60280172725507
2018,41111,500,27.08090433292277
2018,41113,500,32.386833820573884
2018,41115,500,12.428278696352077
2018,41117,500,12.305008918706744
2018,41131,500,34.54680858909003
2018,41133,500,21.160396422746043
2018,41135,500,37.64239268630216
2018,41150,500,122.75345600817955
2018,41171,500,107.6413605350616
2018,41173,500,57.33164571174002
2018,41190,500,14.206342476507562
2018,41210,500,12.958177964904515
2018,41220,500,140.6067569508481
2018,41250,500,13.742777603793602
2018,41271,500,43.83504405089075
2018,41273,500,38.917400328835924
2018,41281,500,47.71781374479432
2018,41285,500,2.640116290859729
2018,41287,500,0.3769493281828587
2018,41290,500,10.108730132478245
2018,41310,500,49.53535806649701
2018,41360,500,655.5949102819385
2018,41370,500,47.58822120740437
2018,41390,500,75.98306831728605
2018,41410,500,22.91608671474562
2018,41430,500,40.79541137249379
2018,41450,500,44.427521003964856
2018,41461,500,290.9968807198249
2018,41463,500,64.91412169956801
2018,41465,500,8.766047249556156
2018,41480,500,174.07549445770226
2018,41500,500,95.31763315705535
2018,41550,500,397.0641116865385
2018,41570,500,18.705267954854236
2018,41590,500,359.7112942889336
2018,41610,500,476.0378234181915
2018,41630,500,400.37380069136907
2018,41650,500,1453.241971699897
2018,41670,500,395.06731581103185
2018,41800,500,163.76506127174716
2018,41820,500,2266.7806398598464
2018,41830,500,1185.2106974940386
2018,43111,500,438.97863373035034
2018,43112,500,74.96321890248187
2018,43113,500,68.92989326800381
2018,43114,500,78.50110484614564
2018,43130,500,1234.1016381641696
2018,43150,500,2233.1572900397446
2018,43720,500,1069.8857053902482
2018,43730,500,339.87657865767636
2018,43740,500,1319.188559097605
2018,43745,500,19.963565909820158
2018,43750,500,408.47546248388954
2018,43760,500,2450.5705308159
2018,43770,500,363.8807609262028
2018,43800,500,2405.990677832454
2018,44131,500,336.6971184703719
2018,44133,500,129.67257589540807
2018,44150,500,1227.825648420789
2018,44180,500,1813.9976091430906
2018,44200,500,412.8542109224063
2018,44210,500,1931.321665645595
2018,44230,500,378.12225688577723
2018,44250,500,61.25823931356807
2018,44270,500,956.197212791718
2018,44710,500,793.7387873035004
2018,44760,500,636.8206004049473
2018,44770,500,1216.6106268900055
2018,44790,500,1283.8064673845108
2018,44800,500,1172.3996087035657
2018,44810,500,643.9849045320326
2018,44825,500,1654.6618767147393
2018,45111,500,88.21339425329609
2018,45113,500,29.091492877909204
2018,45130,500,485.34340534931357
2018,45140,500,165.12387233144682
2018,45180,500,2078.679205673181
2018,45190,500,4119.372579534447
2018,45210,500,284.96766365899754
2018,45710,500,960.3048277550133
2018,45720,500,1050.1551144472946
2018,45730,500,1245.6888133669468
2018,45740,500,1166.1173387578147
2018,45750,500,1840.0209101314663
2018,45770,500,1710.8366803887288
2018,45790,500,1479.0199056959066
2018,45800,500,1048.6369385580176
2018,46110,500,67.09628360258529
2018,46130,500,1618.2517992304058
2018,46150,500,2777.8539266133366
2018,46170,500,779.278171748869
2018,46230,500,688.6439686170687
2018,46710,500,985.9189704750997
2018,46720,500,1405.147161862279
2018,46730,500,873.5201447186633
2018,46770,500,2346.6169221652713
2018,46780,500,1572.7322047935852
2018,46790,500,1731.0950877630412
2018,46800,500,1118.7818402812566
2018,46810,500,773.5866245329235
2018,46820,500,2314.325809595823
2018,46830,500,596.7803099907346
2018,46840,500,1050.2482883763282
2018,46860,500,817.0839360713032
2018,46870,500,1403.8477422270291
2018,46880,500,1715.8554276563816
2018,46890,500,880.5894305428588
2018,46900,500,1389.1144399573204
2018,46910,500,1139.7169764081889
2018,47111,500,1276.4314066483223
2018,47113,500,2585.750069604069
2018,47130,500,4845.5138351177175
2018,47150,500,1453.2257489315405
2018,47170,500,4991.314360339687
2018,47190,500,1600.9421506353397
2018,47210,500,982.0160703710163
2018,47230,500,3023.0346802966706
2018,47250,500,2050.9295267577404
2018,47280,500,1091.6217110856383
2018,47290,500,590.042021259706
2018,47730,500,3380.628583605303
2018,47750,500,2778.6940206404183
2018,47760,500,1702.3023776866994
2018,47770,500,3635.5136725525067
2018,47820,500,2167.474394187095
2018,47830,500,1742.9110496952549
2018,47840,500,1734.891169419835
2018,47850,500,1956.0152990674064
2018,47900,500,1089.2918647294314
2018,47920,500,4305.317407904323
2018,47930,500,4514.971506219144
2018,47940,500,0.0
2018,48121,500,633.8202714207894
2018,48123,500,356.0617270301003
2018,48125,500,1061.8399052504947
2018,48127,500,349.96580239101473
2018,48129,500,516.6731669106293
2018,48170,500,2557.0212445842835
2018,48220,500,1254.598573286874
2018,48240,500,1619.1058741389645
2018,48250,500,2375.950561943004
2018,48270,500,1971.576254264908
2018,48310,500,1914.662044627268
2018,48330,500,952.8019949875426
2018,48720,500,1540.4882117510497
2018,48730,500,1305.105706303216
2018,48740,500,2469.012027783852
2018,48820,500,2824.656901679395
2018,48840,500,1816.3042976308905
2018,48850,500,1481.8236293222324
2018,48860,500,2804.476285364284
2018,48870,500,2704.708787629495
2018,48880,500,2253.3204951448565
2018,48890,500,3348.933874971226
2018,50110,500,1158.259777949317
2018,50130,500,680.8869017693027
2018,51110,500,3125.478703682421
2018,51130,500,1902.0544189719428
2018,51150,500,4611.029947171976
2018,51170,500,843.7568772964607
2018,51190,500,881.9847577720657
2018,51210,500,383.2057435421334
2018,51230,500,3030.307114185117
2018,51720,500,5477.399662855364
2018,51730,500,3327.2026652147842
2018,51750,500,4427.091297430015
2018,51760,500,3673.200744051611
2018,51770,500,3485.8087701757995
2018,51780,500,151.74891784854793
2018,51790,500,706.5436586617164
2018,51800,500,1222.905953825421
2018,51810,500,4255.597890939476
2018,51820,500,429.61256818783926
2018,51830,500,3997.096123440098
2019,11110,100,2.8768051120937765
2019,11140,100,0.0
2019,11170,100,0.0
2019,11200,100,0.0
2019,11215,100,0.0
2019,11230,100,0.0
2019,11260,100,0.687541795826899
2019,11290,100,3.241349159883629
2019,11305,100,0.0
2019,11320,100,0.0
2019,11350,100,13.44201833067252
2019,11380,100,0.5882016239728405
2019,11410,100,2.8128979484614707
2019,11440,100,2.513892743980104
2019,11470,100,0.0
2019,11500,100,1.177202253727145
2019,11530,100,0.0
2019,11545,100,1.3076795785895667
2019,11590,100,0.0
2019,11620,100,34.448420235898425
2019,11650,100,3.7229042518245414
2019,11680,100,1.0546851267616133
2019,11710,100,0.3836997166914151
2019,11740,100,2.2249673670557466
2019,26110,100,0.0
2019,26140,100,0.15450536485523883
2019,26170,100,12.443910101490564
2019,26200,100,0.0
2019,26230,100,8.515717584476283
2019,26260,100,8.69976597973903
2019,26290,100,10.24646340297893
2019,26320,100,14.161724175761602
2019,26350,100,75.77944460313903
2019,26380,100,0.019965259629185186
2019,26410,100,41.68658948129008
2019,26440,100,53.55062136225485
2019,26470,100,0.23542970002058705
2019,26500,100,7.836950229201237
2019,26530,100,14.26700989131906
2019,26710,100,264.1399572875957
2019,27140,100,67.42792403442996
2019,27170,100,0.7216109922877073
2019,27200,100,4.146968762644216
2019,27230,100,33.4836635653827
2019,27260,100,35.733077362162625
2019,27290,100,29.611914006694224
2019,27710,100,106.52149049494507
2019,27720,100,205.26734457120241
2019,28110,100,3.947809946960742
2019,28177,100,0.0
2019,28185,100,0.0
2019,28200,100,3.761158715109761
2019,28237,100,1.011790479562176
2019,28245,100,0.22103071332448704
2019,28260,100,0.0
2019,28710,100,2.1064771457068803
2019,28720,100,0.0
2019,29110,100,24.35760430388682
2019,29140,100,0.047064419028566916
2019,29155,100,18.821894422354383
2019,29170,100,7.422018117579943
2019,29200,100,50.830311197129994
2019,30110,100,22.031642968502084
2019,30140,100,6.4243099032621895
2019,30170,100,9.020886301991307
2019,30200,100,33.59359982555992
2019,30230,100,6.327441923038366
2019,31110,100,44.17773411227378
2019,31140,100,15.562660974743567
2019,31170,100,0.0
2019,31200,100,82.36445999660887
2019,31710,100,337.3643857597254
2019,36110,100,28.57241136689284
2019,41111,100,3.283850440838199
2019,41113,100,3.584683455789429
2019,41115,100,0.0
2019,41117,100,1.5010119557676207
2019,41131,100,4.5025295011714235
2019,41133,100,4.628390633633824
2019,41135,100,10.616073223042722
2019,41150,100,20.869056432315116
2019,41171,100,11.271670931494794
2019,41173,100,12.55031883339293
2019,41190,100,0.43057550954163637
2019,41210,100,2.6572943987046727
2019,41220,100,20.957421913348185
2019,41250,100,1.5607816587560213
2019,41271,100,6.5382217959083615
2019,41273,100,1.6895483788006076
2019,41281,100,3.293542431209751
2019,41285,100,0.27571999365217104
2019,41287,100,0.0
2019,41290,100,0.37790282322955193
2019,41310,100,7.385565085271937
2019,41360,100,92.43826449449611
2019,41370,100,1.252351762070557
2019,41390,100,10.290234824414254
2019,41410,100,5.621552267100849
2019,41430,100,10.703763368591463
2019,41450,100,6.891239425793955
2019,41461,100,34.81089705757159
2019,41463,100,12.0021336424314
2019,41465,100,1.4005012644720591
2019,41480,100,22.987769411035313
2019,41500,100,18.646037366762844
2019,41550,100,49.412128853515306
2019,41570,100,2.223857082967823
2019,41590,100,45.53827885822464
2019,41610,100,66.8195404416853
2019,41630,100,54.47569792962137
2019,41650,100,190.70532263409746
2019,41670,100,66.91263355698321
2019,41800,100,28.206491227193364
2019,41820,100,325.0537201636122
2019,41830,100,166.84446794359184
2019,43111,100,45.070118576510204
2019,43112,100,8.582662906989329
2019,43113,100,6.987855173095723
2019,43114,100,10.567293299930155
2019,43130,100,168.20158213217056
2019,43150,100,299.8671803474587
2019,43720,100,133.2038127772895
2019,43730,100,59.96602767801701
2019,43740,100,146.0222969712498
2019,43745,100,1.2259987564874415
2019,43750,100,40.40575846026116
2019,43760,100,347.19536188364634
2019,43770,100,47.33600739360631
2019,43800,100,320.7104681831752
2019,44131,100,37.48990314858775
2019,44133,100,13.235889425780845
2019,44150,100,159.25903323887215
2019,44180,100,222.04850059830397
2019,44200,100,36.42952331552494
2019,44210,100,216.27684657916902
2019,44230,100,30.77301073630299
2019,44250,100,6.905136157745513
2019,44270,100,125.1103996876671
2019,44710,100,102.44153948226723
2019,44760,100,67.43820302802483
2019,44770,100,186.76256411485133
2019,44790,100,167.0762515085396
2019,44800,100,125.65150613954265
2019,44810,100,76.65794863606399
2019,44825,100,224.69035379221992
2019,45111,100,12.099395465947701
2019,45113,100,4.433513004161584
2019,45130,100,71.84550148322897
2019,45140,100,19.20057731190742
2019,45180,100,239.38420009705044
2019,45190,100,626.1709112451354
2019,45210,100,36.938527964703994
2019,45710,100,116.2940093553626
2019,45720,100,148.2033083115148
2019,45730,100,147.09710967576328
2019,45740,100,190.47956437048245
2019,45750,100,258.6261730735041
2019,45770,100,150.9788086187024
2019,45790,100,171.57184804560166
2019,45800,100,146.4549292862865
2019,46110,100,8.748686125869582
2019,46130,100,205.24652130443545
2019,46150,100,358.6451161809402
2019,46170,100,107.00070791948734
2019,46230,100,146.5263561535863
2019,46710,100,130.16160622258954
2019,46720,100,117.57962662144983
2019,46730,100,113.3179164696239
2019,46770,100,334.6822331996885
2019,46780,100,257.17500258412406
2019,46790,100,181.07516272007405
2019,46800,100,174.37298928222995
2019,46810,100,126.37635730261213
2019,46820,100,321.4775028164225
2019,46830,100,80.8093502515103
2019,46840,100,145.7170048134318
2019,46860,100,95.17962496075428
2019,46870,100,163.14883679050047
2019,46880,100,243.40424312056214
2019,46890,100,130.05793748082618
2019,46900,100,201.29622260506227
2019,46910,100,130.91416739725233
2019,47111,100,174.09627287861346
2019,47113,100,368.77970498568345
2019,47130,100,637.1183833506427
2019,47150,100,178.62695244820853
2019,47170,100,552.0537756653268
2019,47190,100,170.594862139795
2019,47210,100,127.0540262599733
2019,47230,100,360.15216055942295
2019,47250,100,211.0855566033498
2019,47280,100,117.31453996425651
2019,47290,100,77.06440253703434
2019,47730,100,402.4356802708372
2019,47750,100,308.198011308465
2019,47760,100,185.70359149249077
2019,47770,100,453.29368156098707
2019,47820,100,226.4935266353237
2019,47830,100,209.6128340560831
2019,47840,100,205.2860412312474
2019,47850,100,184.65685472526178
2019,47900,100,125.42468958738887
2019,47920,100,561.8504841476938
2019,47930,100,646.560207477228
2019,47940,100,0.0
2019,48121,100,72.49271385918864
2019,48123,100,38.58700062703102
2019,48125,100,110.59401194171102
2019,48127,100,15.94427750267474
2019,48129,100,89.49009487964928
2019,48170,100,277.07504582131486
2019,48220,100,165.1971008752402
2019,48240,100,162.81516238212836
2019,48250,100,356.7862072158839
2019,48270,100,269.82765016315153
2019,48310,100,384.9238029061276
2019,48330,100,108.68351841588814
2019,48720,100,160.25196598080876
2019,48730,100,152.05301744653204
2019,48740,100,330.2777293081205
2019,48820,100,397.1317229135702
2019,48840,100,259.132759347041
2019,48850,100,188.11682539130413
2019,48860,100,371.34762398124343
2019,48870,100,343.2800517230239
2019,48880,100,260.3366553698058
2019,48890,100,426.2708984295169
2019,50110,100,13.049609625158077
2019,50130,100,4.036535038226636
2019,51110,100,515.4067578477024
2019,51130,100,252.84345567394126
2019,51150,100,621.980142811073
2019,51170,100,152.66857437862396
2019,51190,100,112.83954139716688
2019,51210,100,56.883077513452236
2019,51230,100,407.15450857541117
2019,51720,100,780.239645075654
2019,51730,100,410.9328500764179
2019,51750,100,560.0352358725195
2019,51760,100,488.7056286727977
2019,51770,100,490.99429240826436
2019,51780,100,16.51896669540147
2019,51790,100,82.77436255333296
2019,51800,100,151.98433192223158
2019,51810,100,650.2432580394416
2019,51820,100,75.63338014100664
2019,51830,100,616.0414226488624
2019,11110,300,11.348880935469412
2019,11140,300,0.0
2019,11170,300,0.0
2019,11200,300,0.12945003314035755
2019,11215,300,3.7447437345956773
2019,11230,300,0.2546356666998521
2019,11260,300,3.553081556685909
2019,11290,300,17.71381506877311
2019,11305,300,0.0
2019,11320,300,0.0
2019,11350,300,44.061181150171926
2019,11380,300,5.3194932959604255
2019,11410,300,18.768008458762512
2019,11440,300,4.308030585428323
2019,11470,300,0.5934607261599107
2019,11500,300,6.557365211095394
2019,11530,300,0.0
2019,11545,300,9.005174755763969
2019,11590,300,0.9955641926572847
2019,11620,300,84.65488091712989
2019,11650,300,18.966305195062844
2019,11680,300,3.3098459591786433
2019,11710,300,0.4568895871957915
2019,11740,300,8.92136871279689
2019,26110,300,0.0
2019,26140,300,0.9222033678486272
2019,26170,300,32.11689121056363
2019,26200,300,0.0
2019,26230,300,38.58371057063453
2019,26260,300,31.215999388200736
2019,26290,300,38.49723721451109
2019,26320,300,61.68237132926325
2019,26350,300,265.3755153519305
2019,26380,300,6.6283773611385435
2019,26410,300,253.31424620536467
2019,26440,300,240.92410613434365
2019,26470,300,0.4271920235689633
2019,26500,300,30.1010681762181
2019,26530,300,51.92896281145319
2019,26710,300,1072.9095164876956
2019,27140,300,228.89676952744318
2019,27170,300,9.974789014621622
2019,27200,300,29.528377699071704
2019,27230,300,156.76821351266588
2019,27260,300,125.30403339420741
2019,27290,300,101.9707879646427
2019,27710,300,536.4813007389646
2019,27720,300,1029.369020106327
2019,28110,300,32.12178501892698
2019,28177,300,2.5019678378772907
2019,28185,300,0.9277061960075879
2019,28200,300,10.032966650054489
2019,28237,300,2.9212577179858004
2019,28245,300,3.8167434278334564
2019,28260,300,0.45767857313223276
2019,28710,300,6.2547483144186335
2019,28720,300,0.0
2019,29110,300,113.58609429715585
2019,29140,300,4.507259451486721
2019,29155,300,79.22545521494985
2019,29170,300,34.19007182656917
2019,29200,300,215.16810829196297
2019,30110,300,115.69498372339172
2019,30140,300,22.817412564247967
2019,30170,300,47.26805714007976
2019,30200,300,138.95380538148078
2019,30230,300,31.98760783844231
2019,31110,300,166.75119479511855
2019,31140,300,55.03067788573246
2019,31170,300,0.0
2019,31200,300,302.17678507948847
2019,31710,300,1504.4871633959003
2019,36110,300,132.42414151620872
2019,41111,300,14.45812428579038
2019,41113,300,11.363170423288706
2019,41115,300,1.456985080549101
2019,41117,300,8.686580148237976
2019,41131,300,22.02694728081953
2019,41133,300,15.118656869108714
2019,41135,300,28.822862713632937
2019,41150,300,78.94493958129078
2019,41171,300,56.137761639600726
2019,41173,300,40.33251588885893
2019,41190,300,5.233546934680317
2019,41210,300,8.491088055083111
2019,41220,300,83.61580129414664
2019,41250,300,7.459189835536191
2019,41271,300,20.965286791965998
2019,41273,300,20.57265223612132
2019,41281,300,22.162849726554107
2019,41285,300,0.39397177413085666
2019,41287,300,0.0
2019,41290,300,3.3056196552268986
2019,41310,300,20.482034814176497
2019,41360,300,364.33675899719026
2019,41370,300,14.17983758946481
2019,41390,300,50.18475446573029
2019,41410,300,11.60785988463815
2019,41430,300,30.404007688028244
2019,41450,300,26.980456745405053
2019,41461,300,169.60841389824085
2019,41463,300,38.60056593360031
2019,41465,300,5.7781588840028295
2019,41480,300,102.94933920911511
2019,41500,300,61.65973493253774
2019,41550,300,230.88920536288285
2019,41570,300,11.87756851832535
2019,41590,300,219.34689466099567
2019,41610,300,285.8039555883583
2019,41630,300,222.48329345848825
2019,41650,300,811.1675849782437
2019,41670,300,222.77985014628982
2019,41800,300,99.14028012118855
2019,41820,300,1289.8812784778877
2019,41830,300,679.3907928706318
2019,43111,300,235.87536999541945
2019,43112,300,47.78633435360418
2019,43113,300,48.30138777228964
2019,43114,300,40.71930888852228
2019,43130,300,689.6583463842239
2019,43150,300,1230.872876896185
2019,43720,300,587.3103035014767
2019,43730,300,189.12482963840375
2019,43740,300,698.1155271156234
2019,43745,300,7.592954593556808
2019,43750,300,209.76241284353944
2019,43760,300,1343.232157965259
2019,43770,300,195.0857976018505
2019,43800,300,1294.7071036244363
2019,44131,300,169.1891959487769
2019,44133,300,63.474403503932585
2019,44150,300,667.0738362485516
2019,44180,300,982.1851309888078
2019,44200,300,199.17253454221176
2019,44210,300,1042.0884824321888
2019,44230,300,185.74029081135112
2019,44250,300,34.74116694465561
2019,44270,300,555.9861729883897
2019,44710,300,424.7319372583599
2019,44760,300,316.679012991765
2019,44770,300,754.4366950936119
2019,44790,300,729.9783657012807
2019,44800,300,607.5803454740134
2019,44810,300,325.43340541615163
2019,44825,300,927.5129414245756
2019,45111,300,51.2553052588373
2019,45113,300,16.144473281205617
2019,45130,300,282.07866006054496
2019,45140,300,82.447760129693
2019,45180,300,1078.4424824833623
2019,45190,300,2337.4260178356817
2019,45210,300,162.77266339721152
2019,45710,300,509.44958544382143
2019,45720,300,602.011453774706
2019,45730,300,648.1589823044544
2019,45740,300,634.0796074720887
2019,45750,300,1006.5741020622106
2019,45770,300,823.7079772024146
2019,45790,300,725.4122257854259
2019,45800,300,580.0814544234538
2019,46110,300,39.64602666730506
2019,46130,300,880.7100196758543
2019,46150,300,1537.0768874395835
2019,46170,300,438.7928769943708
2019,46230,300,596.7066208243381
2019,46710,300,552.5199628100938
2019,46720,300,628.1663585643934
2019,46730,300,452.0627932787352
2019,46770,300,1322.9374887614108
2019,46780,300,899.4177236875188
2019,46790,300,877.2746027274843
2019,46800,300,620.7183990256592
2019,46810,300,448.6157360666052
2019,46820,300,1266.3691602043154
2019,46830,300,328.6784221456028
2019,46840,300,564.9270339930183
2019,46860,300,425.81923852105615
2019,46870,300,739.6517926179798
2019,46880,300,927.4907866458022
2019,46890,300,509.6368999368092
2019,46900,300,795.0656916206449
2019,46910,300,605.2890528346693
2019,47111,300,721.7635035916452
2019,47113,300,1434.8302315282908
2019,47130,300,2586.294187183593
2019,47150,300,768.4575426267794
2019,47170,300,2670.453522425618
2019,47190,300,811.0117220172942
2019,47210,300,539.3777783782289
2019,47230,300,1594.973195562116
2019,47250,300,1009.8717255268624
2019,47280,300,560.1552699422098
2019,47290,300,308.0633915953458
2019,47730,300,1753.3311318185888
2019,47750,300,1376.1069049229695
2019,47760,300,876.7197742328692
2019,47770,300,1950.3513410274352
2019,47820,300,1046.7237129367045
2019,47830,300,925.912151672985
2019,47840,300,893.2262866096851
2019,47850,300,1036.0034689533416
2019,47900,300,605.455841027296
2019,47920,300,2392.878207388654
2019,47930,300,2522.113592134528
2019,47940,300,0.0
2019,48121,300,302.34038219944085
2019,48123,300,177.62377047083743
2019,48125,300,529.4122366530737
2019,48127,300,144.16591281699624
2019,48129,300,332.58239887332803
2019,48170,300,1311.7827449883
2019,48220,300,717.97444312366
2019,48240,300,837.7852962284024
2019,48250,300,1352.3172518062183
2019,48270,300,994.4161802344141
2019,48310,300,1169.269565991789
2019,48330,300,517.4975045658479
2019,48720,300,766.3330767174376
2019,48730,300,672.138166913084
2019,48740,300,1306.223438097945
2019,48820,300,1508.2213958627185
2019,48840,300,1019.3073176408282
2019,48850,300,778.7358754770041
2019,48860,300,1441.6749862889976
2019,48870,300,1437.8353577290566
2019,48880,300,1144.465759291206
2019,48890,300,1790.187576770598
2019,50110,300,54.987102294879875
2019,50130,300,22.572050752143024
2019,51110,300,1850.1376073444485
2019,51130,300,1064.0543384895293
2019,51150,300,2567.116213277435
2019,51170,300,499.06854981056546
2019,51190,300,491.9002185706172
2019,51210,300,214.42739473019563
2019,51230,300,1732.8389221594873
2019,51720,300,3096.624722920437
2019,51730,300,1823.9737803733717
2019,51750,300,2490.987247308101
2019,51760,300,2065.9354760690144
2019,51770,300,1981.2791590224444
2019,51780,300,73.60870993261234
2019,51790,300,379.92884533853174
2019,51800,300,654.7535515737447
2019,51810,300,2456.709512314571
2019,51820,300,250.4239184990007
2019,51830,300,2327.8508456633867
2019,11110,500,19.522312179214907
2019,11140,500,0.0
2019,11170,500,2.6680745497764486
2019,11200,500,0.8279910484522119
2019,11215,500,9.054133661813239
2019,11230,500,3.1881396586259863
2019,11260,500,10.440231839465078
2019,11290,500,42.36025300790568
2019,11305,500,0.0
2019,11320,500,0.0
2019,11350,500,81.73013408221257
2019,11380,500,12.153648706189975
2019,11410,500,37.184921865879666
2019,11440,500,7.264676943284032
2019,11470,500,2.2959671685329033
2019,11500,500,14.359532873236033
2019,11530,500,0.04687304712832717
2019,11545,500,16.519493982187477
2019,11590,500,2.49134757891323
2019,11620,500,126.40160653424512
2019,11650,500,32.6580595483577
2019,11680,500,4.462669343905489
2019,11710,500,0.8191990533685339
2019,11740,500,15.703035601126757
2019,26110,500,0.4871901533246758
2019,26140,500,5.206261159304786
2019,26170,500,51.968960807431166
2019,26200,500,0.0
2019,26230,500,77.88980382450418
2019,26260,500,58.98495920587407
2019,26290,500,71.53736673235221
2019,26320,500,136.8516828772138
2019,26350,500,473.5865477387559
2019,26380,500,39.81759693870306
2019,26410,500,480.32988864522446
2019,26440,500,450.9838604318898
2019,26470,500,0.8377921457084111
2019,26500,500,48.2512566515106
2019,26530,500,100.96034357822255
2019,26710,500,1768.380927146112
2019,27140,500,390.47909841219035
2019,27170,500,23.240934301536555
2019,27200,500,74.27126249900176
2019,27230,500,273.2458963349681
2019,27260,500,229.17280672953004
2019,27290,500,196.1727279492072
2019,27710,500,1052.334502178316
2019,27720,500,2042.7514867837015
2019,28110,500,70.57237751472651
2019,28177,500,9.871601972088587
2019,28185,500,4.271719056690082
2019,28200,500,21.032382091218714
2019,28237,500,8.109844058904288
2019,28245,500,4.002020555848312
2019,28260,500,1.2225676823789036
2019,28710,500,12.427861411789756
2019,28720,500,0.0
2019,29110,500,196.34099969645644
2019,29140,500,19.159499633372604
2019,29155,500,127.80581793781121
2019,29170,500,63.50189406505879
2019,29200,500,366.37400539989517
2019,30110,500,188.25252605210576
2019,30140,500,37.885218181854306
2019,30170,500,92.984838592415
2019,30200,500,245.5917102389636
2019,30230,500,50.293891375640904
2019,31110,500,275.9363253097626
2019,31140,500,104.58639617609894
2019,31170,500,0.0
2019,31200,500,556.8788060342017
2019,31710,500,2659.939961960279
2019,36110,500,225.60280172400138
2019,41111,500,27.08090433292277
2019,41113,500,32.386833820573884
2019,41115,500,12.428278696352077
2019,41117,500,12.305008918706744
2019,41131,500,34.59999738445487
2019,41133,500,21.160396422746043
2019,41135,500,37.64239268630216
2019,41150,500,122.75345600817955
2019,41171,500,107.6413605350616
2019,41173,500,57.33164571174002
2019,41190,500,14.206342476507562
2019,41210,500,12.958177964904515
2019,41220,500,140.6067569508481
2019,41250,500,13.71346929829347
2019,41271,500,43.83504405089075
2019,41273,500,38.917400328835924
2019,41281,500,47.71781374479432
2019,41285,500,2.640116290859729
2019,41287,500,0.3769493281828587
2019,41290,500,10.108730132478245
2019,41310,500,49.53535806649701
2019,41360,500,655.5949102819387
2019,41370,500,47.58822120740437
2019,41390,500,75.98306831728605
2019,41410,500,22.91608671474562
2019,41430,500,40.79541137249379
2019,41450,500,44.427521003964856
2019,41461,500,290.9968807198252
2019,41463,500,64.45855147924617
2019,41465,500,8.766047249556156
2019,41480,500,189.20238952226484
2019,41500,500,95.31763315705535
2019,41550,500,397.0641116865385
2019,41570,500,18.705267954854236
2019,41590,500,359.56598562837337
2019,41610,500,476.03782341819203
2019,41630,500,400.3738006913686
2019,41650,500,1515.1560655626567
2019,41670,500,394.9895833616982
2019,41800,500,164.57035358880123
2019,41820,500,2266.7426888201608
2019,41830,500,1182.8172131417869
2019,43111,500,438.9786337303505
2019,43112,500,74.96321890248187
2019,43113,500,68.92989326800381
2019,43114,500,78.5011048461457
2019,43130,500,1234.101638164211
2019,43150,500,2233.1572900397446
2019,43720,500,1062.025156546357
2019,43730,500,326.83080973434113
2019,43740,500,1319.1885590976053
2019,43745,500,19.963565909820158
2019,43750,500,408.47546248388954
2019,43760,500,2450.5705308159
2019,43770,500,363.8807609262028
2019,43800,500,2405.9906778325767
2019,44131,500,336.6971184703719
2019,44133,500,129.67257589540807
2019,44150,500,1227.8256484207898
2019,44180,500,1813.9976091430906
2019,44200,500,412.8542109224063
2019,44210,500,1931.321665645594
2019,44230,500,378.12225688577723
2019,44250,500,61.25823931356807
2019,44270,500,956.1972127917181
2019,44710,500,793.7387873035002
2019,44760,500,636.8206004049478
2019,44770,500,1216.610626890007
2019,44790,500,1320.6702706682534
2019,44800,500,1172.399608703566
2019,44810,500,643.9849045320324
2019,44825,500,1654.6618767147386
2019,45111,500,88.21339425329609
2019,45113,500,29.091492877909204
2019,45130,500,485.34340534931357
2019,45140,500,165.12387233144648
2019,45180,500,2072.138771816035
2019,45190,500,4119.372579534795
2019,45210,500,284.9676636590461
2019,45710,500,960.3048277550142
2019,45720,500,1050.1551144472946
2019,45730,500,1245.6888133669468
2019,45740,500,1166.1173387578147
2019,45750,500,1840.0209101315268
2019,45770,500,1705.52315904032
2019,45790,500,1479.0199056959073
2019,45800,500,1048.6369385580178
2019,46110,500,67.09628360258529
2019,46130,500,1618.2517992304051
2019,46150,500,2777.8539266050166
2019,46170,500,779.278171748869
2019,46230,500,1071.8673876645837
2019,46710,500,985.9189704750994
2019,46720,500,1405.147161862279
2019,46730,500,873.5201447186633
2019,46770,500,2346.6169221652713
2019,46780,500,1572.7322047935272
2019,46790,500,1731.0950877630416
2019,46800,500,1118.7818402812545
2019,46810,500,773.5866245329237
2019,46820,500,2314.3258095958236
2019,46830,500,596.7803099907329
2019,46840,500,1050.2482883763278
2019,46860,500,817.0839360713032
2019,46870,500,1403.8477422270303
2019,46880,500,1715.855427656384
2019,46890,500,880.5894305428588
2019,46900,500,1389.1144399573204
2019,46910,500,1136.200836136082
2019,47111,500,1276.4314066483228
2019,47113,500,2585.750069604069
2019,47130,500,4845.5138351177175
2019,47150,500,1453.2257489315405
2019,47170,500,4988.515620621914
2019,47190,500,1600.942150564364
2019,47210,500,987.8805175279366
2019,47230,500,3036.950900340517
2019,47250,500,2050.7859091685423
2019,47280,500,1076.9173174224065
2019,47290,500,590.042021259706
2019,47730,500,3381.2647714325794
2019,47750,500,2778.694019269168
2019,47760,500,1702.302377686698
2019,47770,500,3635.513672551626
2019,47820,500,2167.474394187095
2019,47830,500,1742.9110496952526
2019,47840,500,1734.891169419835
2019,47850,500,1955.8336346255574
2019,47900,500,1100.8605841996412
2019,47920,500,4305.317408122334
2019,47930,500,4514.971506219145
2019,47940,500,0.0
2019,48121,500,633.8202714220008
2019,48123,500,356.06172703009787
2019,48125,500,1061.8399052504958
2019,48127,500,349.965802391015
2019,48129,500,516.6731669106259
2019,48170,500,2557.021244584283
2019,48220,500,1254.5985732868733
2019,48240,500,1605.8239522139481
2019,48250,500,2375.9505619430024
2019,48270,500,1971.576254264908
2019,48310,500,1914.3270871832174
2019,48330,500,1052.5144054271013
2019,48720,500,1540.4882117510488
2019,48730,500,1305.1057063032172
2019,48740,500,2469.012027783847
2019,48820,500,2824.656901679394
2019,48840,500,1816.3042976308905
2019,48850,500,1488.7721227406328
2019,48860,500,2804.476285364284
2019,48870,500,2704.7087876291475
2019,48880,500,2253.3204951448565
2019,48890,500,3348.933874971226
2019,50110,500,93.02672507786826
2019,50130,500,48.90527239397615
2019,51110,500,3125.379921178616
2019,51130,500,1902.0544189719428
2019,51150,500,4611.029947171976
2019,51170,500,843.7568772964613
2019,51190,500,881.9847577720657
2019,51210,500,383.20574354218843
2019,51230,500,3030.307114185115
2019,51720,500,5480.317208055293
2019,51730,500,3327.2026652147842
2019,51750,500,4427.091297430308
2019,51760,500,3679.8060390109017
2019,51770,500,3485.808770175799
2019,51780,500,151.7420302360665
2019,51790,500,706.5436586617164
2019,51800,500,1222.9059538254219
2019,51810,500,4255.245051008057
2019,51820,500,429.61256818783926
2019,51830,500,3997.096123439507
2020,11110,100,2.8768051122057825
2020,11140,100,0.0
2020,11170,100,0.0
2020,11200,100,0.0
2020,11215,100,0.0
2020,11230,100,0.0
2020,11260,100,0.6848673898957375
2020,11290,100,2.7996113065388855
2020,11305,100,0.0
2020,11320,100,0.0
2020,11350,100,12.663975636484482
2020,11380,100,0.0
2020,11410,100,2.812897948462488
2020,11440,100,2.5138927439864394
2020,11470,100,0.0
2020,11500,100,1.1772022538532152
2020,11530,100,0.0
2020,11545,100,1.3076795785985411
2020,11590,100,0.0
2020,11620,100,34.448420235995634
2020,11650,100,6.335605750218566
2020,11680,100,1.4495822172674948
2020,11710,100,0.3836997166914151
2020,11740,100,2.2249673669500933
2020,26110,100,0.0
2020,26140,100,0.15450536484874686
2020,26170,100,12.443904221615377
2020,26200,100,0.0
2020,26230,100,1.5040840038471868
2020,26260,100,8.699765737104375
2020,26290,100,10.246463403077401
2020,26320,100,14.161745400257534
2020,26350,100,75.80140149847736
2020,26380,100,0.019965259627857636
2020,26410,100,43.60853381015704
2020,26440,100,60.101259789226916
2020,26470,100,0.23542970002058705
2020,26500,100,8.322033935732621
2020,26530,100,0.0
2020,26710,100,288.1845567717385
2020,27140,100,62.82040044417923
2020,27170,100,0.7216109924986083
2020,27200,100,0.0
2020,27230,100,33.34963417473063
2020,27260,100,16.19960550925423
2020,27290,100,1.7953680419843454
2020,27710,100,114.93609607496376
2020,27720,100,206.33407122360595
2020,28110,100,3.9478099469040098
2020,28177,100,0.0
2020,28185,100,0.0
2020,28200,100,3.7611587150655956
2020,28237,100,1.0117904795967707
2020,28245,100,0.22103071335399346
2020,28260,100,0.29149534951038697
2020,28710,100,2.1064771456261786
2020,28720,100,0.0
2020,29110,100,20.75767006681854
2020,29140,100,0.04706441905823431
2020,29155,100,18.4104323480261
2020,29170,100,7.489250687600831
2020,29200,100,48.60082486794869
2020,30110,100,18.060496543859728
2020,30140,100,6.424309903376638
2020,30170,100,9.842082883057738
2020,30200,100,33.42937943616997
2020,30230,100,4.188884808729911
2020,31110,100,43.009127678683136
2020,31140,100,27.818851613724384
2020,31170,100,0.0
2020,31200,100,52.00275061902168
2020,31710,100,432.3779124814823
2020,36110,100,28.796416326225742
2020,41111,100,3.2811322021905647
2020,41113,100,3.0373118969768473
2020,41115,100,0.0
2020,41117,100,1.5010119558583566
2020,41131,100,4.425569541337852
2020,41133,100,2.0106660596599193
2020,41135,100,8.426323660763664
2020,41150,100,20.24514017574019
2020,41171,100,11.29675827102444
2020,41173,100,12.550321064715227
2020,41190,100,0.43057550959036106
2020,41210,100,2.657294371742493
2020,41220,100,12.92187232484961
2020,41250,100,1.560781658651219
2020,41271,100,5.64836388092627
2020,41273,100,1.0274786922496435
2020,41281,100,3.8499894340139877
2020,41285,100,1.1696652416768412
2020,41287,100,0.0
2020,41290,100,0.3733619594934174
2020,41310,100,7.3855650853886265
2020,41360,100,78.94766154471729
2020,41370,100,1.2523517621134463
2020,41390,100,10.524782357696305
2020,41410,100,5.617256110584373
2020,41430,100,7.072743032788842
2020,41450,100,6.8912394457320785
2020,41461,100,37.71819068522388
2020,41463,100,8.157579564007692
2020,41465,100,1.3951608019911492
2020,41480,100,20.050386290193106
2020,41500,100,18.272775519852967
2020,41550,100,46.2640445391867
2020,41570,100,0.32393181230600165
2020,41590,100,41.01983024961988
2020,41610,100,60.26964055596809
2020,41630,100,52.55065186347625
2020,41650,100,210.5427926110641
2020,41670,100,61.95695808682747
2020,41800,100,22.512464067374868
2020,41820,100,327.9424053855029
2020,41830,100,159.159776697669
2020,43111,100,39.778830549134234
2020,43112,100,8.270425445776738
2020,43113,100,6.551996752089816
2020,43114,100,8.788316260321972
2020,43130,100,167.38086135812006
2020,43150,100,287.0081173175729
2020,43720,100,100.7920279086332
2020,43730,100,61.61560601115285
2020,43740,100,134.64529208584753
2020,43745,100,1.2259987565259476
2020,43750,100,39.661891297637446
2020,43760,100,335.85364689475114
2020,43770,100,46.391613305386535
2020,43800,100,293.6945126442385
2020,44131,100,34.956235858242806
2020,44133,100,6.8329790471024765
2020,44150,100,158.6899263138758
2020,44180,100,250.67021966556743
2020,44200,100,39.28610439591076
2020,44210,100,211.28372159194015
2020,44230,100,30.511036006849864
2020,44250,100,6.3235013186644595
2020,44270,100,118.35733580669213
2020,44710,100,82.90537509541606
2020,44760,100,67.50723893732682
2020,44770,100,163.3737175966155
2020,44790,100,178.7115526578326
2020,44800,100,114.05468015115771
2020,44810,100,79.21443219795701
2020,44825,100,259.90047454257626
2020,45111,100,10.758459293435106
2020,45113,100,4.433519780202472
2020,45130,100,73.01943980379612
2020,45140,100,16.821885954475594
2020,45180,100,223.26230840092114
2020,45190,100,607.5168058530896
2020,45210,100,29.56962357682729
2020,45710,100,117.55400034224002
2020,45720,100,138.7545050965607
2020,45730,100,145.334748473148
2020,45740,100,190.7283717480701
2020,45750,100,251.58432690202744
2020,45770,100,186.89303280611145
2020,45790,100,156.7442350526331
2020,45800,100,148.5444430462079
2020,46110,100,8.88440688839322
2020,46130,100,240.4328853208258
2020,46150,100,355.5515445487
2020,46170,100,98.3360747687589
2020,46230,100,145.24716242114582
2020,46710,100,124.39849276359912
2020,46720,100,120.80127705147217
2020,46730,100,113.49884378568908
2020,46770,100,333.6925714801426
2020,46780,100,248.072652293518
2020,46790,100,180.0980376516851
2020,46800,100,176.32374647940202
2020,46810,100,125.5093472205498
2020,46820,100,278.5623237575708
2020,46830,100,76.64448908323547
2020,46840,100,147.29408720883123
2020,46860,100,92.38038431103477
2020,46870,100,127.97567544483684
2020,46880,100,222.138237920471
2020,46890,100,115.82541695202494
2020,46900,100,182.76137114337942
2020,46910,100,130.9233431796029
2020,47111,100,189.93971248881581
2020,47113,100,360.55014593369054
2020,47130,100,625.3679435436337
2020,47150,100,178.4914378388989
2020,47170,100,545.2338714948685
2020,47190,100,222.53705571004818
2020,47210,100,201.933300625327
2020,47230,100,361.483177632762
2020,47250,100,206.0340926420517
2020,47280,100,115.86153366043565
2020,47290,100,78.07456166497556
2020,47730,100,402.472226799651
2020,47750,100,316.3296221017291
2020,47760,100,185.1298052392967
2020,47770,100,486.9286874653551
2020,47820,100,226.31044908199664
2020,47830,100,208.12521728982716
2020,47840,100,204.3897695890527
2020,47850,100,193.9127393360161
2020,47900,100,125.5416672560545
2020,47920,100,565.9184122777972
2020,47930,100,683.8848652179252
2020,47940,100,64.1606992132867
2020,48121,100,68.72525864207695
2020,48123,100,23.004844552293715
2020,48125,100,273.8526925803622
2020,48127,100,16.233629875959508
2020,48129,100,89.17739800027611
2020,48170,100,299.1735572459347
2020,48220,100,171.72177587573034
2020,48240,100,178.7721251677364
2020,48250,100,353.4622604445137
2020,48270,100,361.160131858262
2020,48310,100,309.48213973669954
2020,48330,100,115.9586178770701
2020,48720,100,124.01434058490685
2020,48730,100,164.92390021957291
2020,48740,100,331.38046706084197
2020,48820,100,402.8453396153715
2020,48840,100,213.69300953537254
2020,48850,100,172.203700861817
2020,48860,100,367.1921277804263
2020,48870,100,346.7443758012214
2020,48880,100,270.7094233789841
2020,48890,100,427.38946323306897
2020,50110,100,13.049609311229363
2020,50130,100,4.036797246165961
2020,51110,100,506.2972027136563
2020,51130,100,248.5620429893429
2020,51150,100,615.5988958900757
2020,51170,100,152.66769832594233
2020,51190,100,114.34522472933868
2020,51210,100,56.74388529031193
2020,51230,100,497.08118905377864
2020,51720,100,782.1801914607033
2020,51730,100,410.5707378178532
2020,51750,100,534.2837626314247
2020,51760,100,480.12750380237077
2020,51770,100,511.1139304043514
2020,51780,100,9.159459344569466
2020,51790,100,84.16005139382261
2020,51800,100,151.20960231244482
2020,51810,100,649.697584564206
2020,51820,100,73.89899214203164
2020,51830,100,604.8604880334483
2020,11110,300,11.34888093542268
2020,11140,300,0.0
2020,11170,300,0.0
2020,11200,300,0.12945003314463138
2020,11215,300,3.744743734631988
2020,11230,300,0.254635666686632
2020,11260,300,3.5530815567055667
2020,11290,300,14.455485724639075
2020,11305,300,0.0
2020,11320,300,0.0
2020,11350,300,42.91649908174937
2020,11380,300,0.5900843382473211
2020,11410,300,18.76800845886373
2020,11440,300,4.612506818464318
2020,11470,300,0.5934607261806406
2020,11500,300,6.337241868704928
2020,11530,300,0.0
2020,11545,300,9.005174755756753
2020,11590,300,0.9262890023814266
2020,11620,300,84.65488079060934
2020,11650,300,21.933529394294176
2020,11680,300,3.4031431455076433
2020,11710,300,0.4568895871957915
2020,11740,300,8.921368712893633
2020,26110,300,0.0
2020,26140,300,0.9222033678486272
2020,26170,300,32.11688492239861
2020,26200,300,0.0
2020,26230,300,11.184760511080103
2020,26260,300,31.21599934951722
2020,26290,300,38.49723721168799
2020,26320,300,61.006572507247014
2020,26350,300,263.6372236404468
2020,26380,300,6.628377360846635
2020,26410,300,254.11574219596852
2020,26440,300,267.42110609327455
2020,26470,300,0.4811133050024426
2020,26500,300,35.722927708456815
2020,26530,300,1.8899178339595089
2020,26710,300,1149.6285087366214
2020,27140,300,213.45385000299498
2020,27170,300,9.974788945734751
2020,27200,300,1.8166257101770418
2020,27230,300,156.84424903654983
2020,27260,300,79.11686148586914
2020,27290,300,11.355704508483642
2020,27710,300,557.4057696604292
2020,27720,300,1030.358865269913
2020,28110,300,35.36200761090524
2020,28177,300,2.2534198832938412
2020,28185,300,0.9277061959714178
2020,28200,300,10.032966649693291
2020,28237,300,2.921257718010628
2020,28245,300,3.816743427850322
2020,28260,300,0.821953355277454
2020,28710,300,6.254748314377129
2020,28720,300,0.0
2020,29110,300,110.82300989099377
2020,29140,300,4.50725919180097
2020,29155,300,76.35697122393545
2020,29170,300,33.98667129143285
2020,29200,300,202.3176744088576
2020,30110,300,95.21889079190251
2020,30140,300,22.81741256436402
2020,30170,300,48.42379091803616
2020,30200,300,138.9361392645176
2020,30230,300,19.640507963708398
2020,31110,300,147.3429939460233
2020,31140,300,91.61177529645066
2020,31170,300,0.0
2020,31200,300,186.04160051158956
2020,31710,300,1860.707248353628
2020,36110,300,132.43513543942973
2020,41111,300,14.43567435543768
2020,41113,300,10.96340584270705
2020,41115,300,1.250403449930244
2020,41117,300,8.809154569420121
2020,41131,300,21.669697796625115
2020,41133,300,4.466008546808595
2020,41135,300,27.271235583354077
2020,41150,300,78.53835824376931
2020,41171,300,57.0937080323064
2020,41173,300,40.33251715086581
2020,41190,300,5.7532173242752895
2020,41210,300,9.318320866269055
2020,41220,300,66.77633243609081
2020,41250,300,7.459189621237955
2020,41271,300,20.032822137673
2020,41273,300,15.1770597630107
2020,41281,300,19.062394263721135
2020,41285,300,2.080276893029236
2020,41287,300,0.0
2020,41290,300,2.7888941101180116
2020,41310,300,20.48203481451201
2020,41360,300,299.64916005086064
2020,41370,300,14.043834916160671
2020,41390,300,49.29411437794004
2020,41410,300,11.60513519660821
2020,41430,300,19.173516503117025
2020,41450,300,26.918406015736366
2020,41461,300,168.73081945678723
2020,41463,300,25.690879350550762
2020,41465,300,5.620954612743498
2020,41480,300,92.25835027643089
2020,41500,300,59.65746091874677
2020,41550,300,212.9811849466464
2020,41570,300,2.979043564516783
2020,41590,300,196.6497425375761
2020,41610,300,255.23636012386027
2020,41630,300,215.57997559024798
2020,41650,300,846.9747744272817
2020,41670,300,208.9191776910362
2020,41800,300,82.7003843932372
2020,41820,300,1298.5418482489156
2020,41830,300,666.3644049149126
2020,43111,300,220.3461908914465
2020,43112,300,44.59387366938442
2020,43113,300,46.440382745928716
2020,43114,300,35.40526637378512
2020,43130,300,684.7554524438015
2020,43150,300,1204.4878706783288
2020,43720,300,475.7333321541718
2020,43730,300,195.487758220877
2020,43740,300,663.9618534104533
2020,43745,300,6.910155638818856
2020,43750,300,207.3467012918203
2020,43760,300,1314.9530118799896
2020,43770,300,185.41163038926229
2020,43800,300,1242.087509153672
2020,44131,300,158.67473937505946
2020,44133,300,40.601238602774906
2020,44150,300,672.4563697700722
2020,44180,300,1037.2363678333757
2020,44200,300,208.07591419415556
2020,44210,300,1031.0562578661697
2020,44230,300,185.06465355742694
2020,44250,300,27.098069814127808
2020,44270,300,523.1590534189316
2020,44710,300,348.1987308965657
2020,44760,300,316.0361146583047
2020,44770,300,651.0086707378052
2020,44790,300,793.6890683969389
2020,44800,300,572.1383012716108
2020,44810,300,326.92901714596974
2020,44825,300,1074.1407383276016
2020,45111,300,48.93511300600757
2020,45113,300,16.144473281123304
2020,45130,300,291.5588323328604
2020,45140,300,68.88695455989586
2020,45180,300,989.4722443868457
2020,45190,300,2278.3606959142403
2020,45210,300,133.63665465564117
2020,45710,300,511.5376371209843
2020,45720,300,592.7396245892734
2020,45730,300,644.68463142195
2020,45740,300,636.1144149129221
2020,45750,300,1001.509076512899
2020,45770,300,977.5670567602491
2020,45790,300,647.0552503720769
2020,45800,300,569.2584818887079
2020,46110,300,40.20045161229089
2020,46130,300,1002.5562581111024
2020,46150,300,1515.6928852327114
2020,46170,300,389.3156871871591
2020,46230,300,556.3896013643773
2020,46710,300,535.1758204849896
2020,46720,300,643.7571948840096
2020,46730,300,452.3337283094999
2020,46770,300,1319.4074978922758
2020,46780,300,842.9329623377664
2020,46790,300,883.1307753660811
2020,46800,300,618.5800740037804
2020,46810,300,442.70990798539566
2020,46820,300,1092.649279231528
2020,46830,300,322.3450835111702
2020,46840,300,559.1169483914389
2020,46860,300,418.7975747923451
2020,46870,300,652.8104847345085
2020,46880,300,843.6383829677047
2020,46890,300,452.6110960859699
2020,46900,300,753.1227546179559
2020,46910,300,595.9790654211008
2020,47111,300,815.9258856726125
2020,47113,300,1400.9911284102513
2020,47130,300,2529.75202147795
2020,47150,300,769.4075309140665
2020,47170,300,2631.6565432378547
2020,47190,300,966.6538099653857
2020,47210,300,868.877706620453
2020,47230,300,1600.0853683756818
2020,47250,300,1002.1901624402228
2020,47280,300,556.7272697528867
2020,47290,300,305.5103903689276
2020,47730,300,1749.2544213454735
2020,47750,300,1398.8423794085256
2020,47760,300,871.6037601674154
2020,47770,300,2040.304034100686
2020,47820,300,1045.8636117691133
2020,47830,300,917.4016620660773
2020,47840,300,883.7498048259725
2020,47850,300,1059.4988564814478
2020,47900,300,605.4945013865074
2020,47920,300,2397.8138286598983
2020,47930,300,2608.528464702214
2020,47940,300,190.45391713488925
2020,48121,300,274.46848843757135
2020,48123,300,120.90047858597902
2020,48125,300,1013.3616799570391
2020,48127,300,143.56270655903757
2020,48129,300,330.7922127666768
2020,48170,300,1403.7572859071797
2020,48220,300,726.3548232948755
2020,48240,300,864.985847568634
2020,48250,300,1343.667587764423
2020,48270,300,1243.1505468559149
2020,48310,300,1005.2255883675087
2020,48330,300,522.9932721604769
2020,48720,300,662.5543640863424
2020,48730,300,743.8889531598322
2020,48740,300,1307.9902954162283
2020,48820,300,1582.8915572424892
2020,48840,300,876.2010562176475
2020,48850,300,719.2822303895189
2020,48860,300,1436.0361256537906
2020,48870,300,1457.4718668974388
2020,48880,300,1162.365053540699
2020,48890,300,1795.2191581398786
2020,50110,300,54.98710229565627
2020,50130,300,22.572050752492096
2020,51110,300,1815.869507798876
2020,51130,300,1041.668431130814
2020,51150,300,2524.9982306998536
2020,51170,300,499.0685488554139
2020,51190,300,502.8664044080574
2020,51210,300,213.94958119358384
2020,51230,300,2023.6498073455375
2020,51720,300,3088.352979192581
2020,51730,300,1820.8451819192207
2020,51750,300,2422.800942796494
2020,51760,300,2020.1086882368072
2020,51770,300,2091.685299875145
2020,51780,300,47.832336108113005
2020,51790,300,380.42857463338487
2020,51800,300,653.9352675201052
2020,51810,300,2453.4294149264247
2020,51820,300,242.2673004435644
2020,51830,300,2282.2774624539875
2020,11110,500,19.522312179200007
2020,11140,500,0.0
2020,11170,500,2.668074549766293
2020,11200,500,0.8279910484522119
2020,11215,500,9.054133661812013
2020,11230,500,3.188139658617712
2020,11260,500,10.440231839311643
2020,11290,500,39.27542003266977
2020,11305,500,0.0
2020,11320,500,0.0
2020,11350,500,79.85825530811351
2020,11380,500,1.9970067407727672
2020,11410,500,37.18492186604367
2020,11440,500,7.264676943284032
2020,11470,500,2.2959671685644762
2020,11500,500,14.037842562350601
2020,11530,500,0.04687304712401474
2020,11545,500,16.519493834614778
2020,11590,500,2.4776617962179572
2020,11620,500,126.40160647378347
2020,11650,500,34.179392779676874
2020,11680,500,4.006846711916944
2020,11710,500,0.8191990533685339
2020,11740,500,15.703035601078026
2020,26110,500,0.4871901533246758
2020,26140,500,5.2062611592174335
2020,26170,500,51.96895461192139
2020,26200,500,0.0
2020,26230,500,33.04177038425023
2020,26260,500,58.98495921110935
2020,26290,500,71.6955314221962
2020,26320,500,131.09175876948697
2020,26350,500,472.74048125723675
2020,26380,500,39.8175968617214
2020,26410,500,482.1044116283997
2020,26440,500,480.3315466708713
2020,26470,500,5.564977328429492
2020,26500,500,61.07362035009698
2020,26530,500,11.341566894312475
2020,26710,500,1848.9260864097
2020,27140,500,362.33482533811747
2020,27170,500,23.240938257058843
2020,27200,500,10.02411363813359
2020,27230,500,273.245896369488
2020,27260,500,163.62031883649956
2020,27290,500,31.387043668682804
2020,27710,500,1060.1588299880557
2020,27720,500,2051.596166967212
2020,28110,500,73.54416022379718
2020,28177,500,9.88419963075656
2020,28185,500,4.271719056750597
2020,28200,500,21.03651022446491
2020,28237,500,8.109844059196996
2020,28245,500,4.002020555841575
2020,28260,500,1.5354747792732306
2020,28710,500,12.264174412533787
2020,28720,500,0.0
2020,29110,500,194.59129215795244
2020,29140,500,19.158852803427568
2020,29155,500,122.52622186927107
2020,29170,500,63.49826964004439
2020,29200,500,357.17122444338014
2020,30110,500,154.40905511059827
2020,30140,500,37.20630971251944
2020,30170,500,92.98486786763303
2020,30200,500,246.1296825186504
2020,30230,500,30.498609611466144
2020,31110,500,245.1769895802556
2020,31140,500,163.61541885872154
2020,31170,500,0.0
2020,31200,500,352.0355407285886
2020,31710,500,3197.5518487779295
2020,36110,500,225.59816196208922
2020,41111,500,26.996012380444782
2020,41113,500,31.960394677560508
2020,41115,500,7.803126571681176
2020,41117,500,12.305008960174838
2020,41131,500,34.57056266455193
2020,41133,500,10.441505555517907
2020,41135,500,34.94141494965363
2020,41150,500,120.30918248223242
2020,41171,500,107.97720779668035
2020,41173,500,57.33164682336456
2020,41190,500,15.030994738248118
2020,41210,500,13.829605679905843
2020,41220,500,112.61907521281636
2020,41250,500,13.7134684824494
2020,41271,500,42.90914734310971
2020,41273,500,36.73919888713961
2020,41281,500,40.68266535707094
2020,41285,500,7.258206580800556
2020,41287,500,0.3769493281828587
2020,41290,500,9.628899517058644
2020,41310,500,49.53535806526328
2020,41360,500,545.2480801167851
2020,41370,500,47.57918702462993
2020,41390,500,75.6610991774803
2020,41410,500,22.912420487357135
2020,41430,500,26.308583147375426
2020,41450,500,44.86058508412587
2020,41461,500,287.70029439984256
2020,41463,500,46.54135699796889
2020,41465,500,8.409923973504995
2020,41480,500,162.80591979832536
2020,41500,500,91.98371775582471
2020,41550,500,371.8676171307843
2020,41570,500,6.724978405760546
2020,41590,500,325.51254226548224
2020,41610,500,418.3321479196747
2020,41630,500,389.1466790450527
2020,41650,500,1546.0871458545473
2020,41670,500,375.5695635709388
2020,41800,500,146.3747075187558
2020,41820,500,2258.5149159400476
2020,41830,500,1171.9584693713284
2020,43111,500,408.0042816308888
2020,43112,500,69.45572400672216
2020,43113,500,66.39199080125631
2020,43114,500,67.44080249655264
2020,43130,500,1218.0872208263422
2020,43150,500,2191.225843836577
2020,43720,500,870.191256374518
2020,43730,500,341.4349046103273
2020,43740,500,1271.3804628484509
2020,43745,500,18.61785191342344
2020,43750,500,405.9359699440428
2020,43760,500,2404.159613897104
2020,43770,500,342.6365259826199
2020,43800,500,2324.930766281803
2020,44131,500,309.4815125754022
2020,44133,500,90.73285889749428
2020,44150,500,1234.4790278364146
2020,44180,500,1878.280274254935
2020,44200,500,415.3916982295138
2020,44210,500,1905.90813363134
2020,44230,500,378.65770120645317
2020,44250,500,46.76066123900614
2020,44270,500,869.0294103054358
2020,44710,500,683.3028418545244
2020,44760,500,624.3726622028718
2020,44770,500,1104.29305924304
2020,44790,500,1455.0473597899474
2020,44800,500,1120.3899879777157
2020,44810,500,644.1464224421329
2020,44825,500,1907.9420308047936
2020,45111,500,84.89879891628114
2020,45113,500,29.084486192506173
2020,45130,500,493.35381124474776
2020,45140,500,142.94978910493694
2020,45180,500,1922.556681588574
2020,45190,500,4036.479142675437
2020,45210,500,243.4380541314649
2020,45710,500,957.6643541235142
2020,45720,500,1044.5987491273725
2020,45730,500,1228.9860029446863
2020,45740,500,1166.3201556751146
2020,45750,500,1825.6269879677336
2020,45770,500,1969.8674706963886
2020,45790,500,1292.7502131659344
2020,45800,500,1017.2056092361316
2020,46110,500,62.454855626685614
2020,46130,500,1801.3187312719085
2020,46150,500,2714.214293577325
2020,46170,500,705.2220136553527
2020,46230,500,1004.0536234968338
2020,46710,500,959.8038494610479
2020,46720,500,1430.5503430030788
2020,46730,500,873.9161568917331
2020,46770,500,2337.251572891059
2020,46780,500,1460.181092361545
2020,46790,500,1731.2083426974364
2020,46800,500,1110.834785142245
2020,46810,500,763.0519033832887
2020,46820,500,2023.797443943543
2020,46830,500,602.0996870758407
2020,46840,500,1036.9545714531728
2020,46860,500,804.7320548969122
2020,46870,500,1283.3887778277528
2020,46880,500,1557.7641819860355
2020,46890,500,772.788503548512
2020,46900,500,1344.3084596952633
2020,46910,500,1142.3880604523617
2020,47111,500,1458.7888543464442
2020,47113,500,2523.2776984892
2020,47130,500,4747.2365379288885
2020,47150,500,1454.1741600355178
2020,47170,500,4939.734810939596
2020,47190,500,1875.5310177535314
2020,47210,500,1605.746979455782
2020,47230,500,3048.7270739189826
2020,47250,500,2044.2746735565242
2020,47280,500,1073.5550608566134
2020,47290,500,591.4414461577367
2020,47730,500,3366.949298431882
2020,47750,500,2797.117052295558
2020,47760,500,1700.188488940109
2020,47770,500,3760.174159831799
2020,47820,500,2165.9880706762015
2020,47830,500,1728.8547928894948
2020,47840,500,1716.086784032283
2020,47850,500,1993.1797134453977
2020,47900,500,1100.9199401056912
2020,47920,500,4308.608635165511
2020,47930,500,4576.556669186251
2020,47940,500,299.8613789947655
2020,48121,500,559.2579057145202
2020,48123,500,249.54049337101998
2020,48125,500,1846.1594145303104
2020,48127,500,345.91984073610985
2020,48129,500,514.3084335608194
2020,48170,500,2731.9604163597173
2020,48220,500,1249.8712648059804
2020,48240,500,1663.503599938455
2020,48250,500,2354.0360798895567
2020,48270,500,2338.286364645694
2020,48310,500,1695.329938565661
2020,48330,500,1052.0078805896997
2020,48720,500,1375.5904640224448
2020,48730,500,1461.2630130831767
2020,48740,500,2461.2211082891854
2020,48820,500,2986.2229841606313
2020,48840,500,1590.5193078014188
2020,48850,500,1389.5997760880714
2020,48860,500,2808.0275146240506
2020,48870,500,2757.0808568428592
2020,48880,500,2272.1417814162896
2020,48890,500,3384.6446372001096
2020,50110,500,93.02672482156198
2020,50130,500,48.90527217461491
2020,51110,500,3056.064345868192
2020,51130,500,1870.6118977318536
2020,51150,500,4519.213721445634
2020,51170,500,843.4720825103864
2020,51190,500,913.6651574590657
2020,51210,500,381.50294261710553
2020,51230,500,3536.8803152105993
2020,51720,500,5468.716209084246
2020,51730,500,3320.156226440651
2020,51750,500,4344.88862503313
2020,51760,500,3611.9050930745825
2020,51770,500,3680.0408720001615
2020,51780,500,120.04862341156318
2020,51790,500,703.1704872830799
2020,51800,500,1222.394924045269
2020,51810,500,4247.728419309928
2020,51820,500,422.26753758864913
2020,51830,500,3951.4518821517
2021,11110,100,2.8768051122054463
2021,11140,100,0.0
2021,11170,100,0.0
2021,11200,100,0.0
2021,11215,100,0.0
2021,11230,100,0.0
2021,11260,100,0.6848673898957375
2021,11290,100,2.7996113065388855
2021,11305,100,0.0
2021,11320,100,0.0
2021,11350,100,12.663975636484482
2021,11380,100,0.0
2021,11410,100,2.81289794846305
2021,11440,100,2.5138927439864394
2021,11470,100,0.0
2021,11500,100,1.1772022538532152
2021,11530,100,0.0
2021,11545,100,1.3076795785985411
2021,11590,100,0.0
2021,11620,100,34.44842023599338
2021,11650,100,6.335605750218566
2021,11680,100,1.4495822172674948
2021,11710,100,0.3836997166914151
2021,11740,100,2.2249673669500933
2021,26110,100,0.0
2021,26140,100,0.15450536484874686
2021,26170,100,12.443904221615377
2021,26200,100,0.0
2021,26230,100,1.5040840038471868
2021,26260,100,8.699765737104375
2021,26290,100,10.246463403077401
2021,26320,100,14.16174540022437
2021,26350,100,75.80140149847736
2021,26380,100,0.019965259627857636
2021,26410,100,43.598209393883444
2021,26440,100,60.101259789226916
2021,26470,100,0.23542970002058705
2021,26500,100,8.322033935732621
2021,26530,100,0.0
2021,26710,100,287.93654806615837
2021,27140,100,62.82040044417923
2021,27170,100,0.7216109924986083
2021,27200,100,0.0
2021,27230,100,33.34963417473063
2021,27260,100,16.025685188608104
2021,27290,100,1.7953680419843454
2021,27710,100,114.90659019224549
2021,27720,100,206.6438884173629
2021,28110,100,3.9478099469040098
2021,28177,100,0.0
2021,28185,100,0.0
2021,28200,100,3.7611587150655956
2021,28237,100,1.0117904795967707
2021,28245,100,0.22103071335399346
2021,28260,100,0.29149534951038697
2021,28710,100,2.1064771456261786
2021,28720,100,0.0
2021,29110,100,20.75767006681854
2021,29140,100,0.04706441905823431
2021,29155,100,18.4104323480261
2021,29170,100,7.489250687600831
2021,29200,100,48.600824867948845
2021,30110,100,18.060496543859728
2021,30140,100,6.424309903376638
2021,30170,100,9.842082883057738
2021,30200,100,34.46079124994862
2021,30230,100,4.188884808729911
2021,31110,100,41.23855144306493
2021,31140,100,22.25406330400454
2021,31170,100,0.0
2021,31200,100,52.00275061902168
2021,31710,100,427.75264686901346
2021,36110,100,28.796416326224826
2021,41111,100,3.2811322021903266
2021,41113,100,3.0373118969768473
2021,41115,100,0.0
2021,41117,100,1.5010119558583566
2021,41131,100,4.425569541303794
2021,41133,100,2.0106660596599193
2021,41135,100,8.426323660763664
2021,41150,100,20.24514017574019
2021,41171,100,11.296758271012424
2021,41173,100,12.550321064715227
2021,41190,100,0.43057550959036106
2021,41210,100,2.657294371742493
2021,41220,100,12.998734394220435
2021,41250,100,1.560781658651219
2021,41271,100,5.64836388092627
2021,41273,100,1.0274786922496435
2021,41281,100,3.9175135962804246
2021,41285,100,1.1696652416768412
2021,41287,100,0.0
2021,41290,100,0.3733619594934174
2021,41310,100,7.3855650853886265
2021,41360,100,78.92075223150795
2021,41370,100,1.383341964522023
2021,41390,100,10.524782357696088
2021,41410,100,5.617256110584373
2021,41430,100,7.002521547316348
2021,41450,100,6.901171144000564
2021,41461,100,38.223707548186695
2021,41463,100,8.157579564007692
2021,41465,100,1.3951608019911492
2021,41480,100,20.050386290193106
2021,41500,100,18.269479231345382
2021,41550,100,45.705862446730926
2021,41570,100,0.32393181230600165
2021,41590,100,53.82158234830942
2021,41610,100,60.75127043190673
2021,41630,100,52.55065186347637
2021,41650,100,210.54279261106797
2021,41670,100,61.95695808682747
2021,41800,100,22.51246406737544
2021,41820,100,327.94240538537537
2021,41830,100,159.15721323132865
2021,43111,100,39.778830549134234
2021,43112,100,8.270425445776738
2021,43113,100,6.633657319563021
2021,43114,100,8.788316260321972
2021,43130,100,167.38086135827595
2021,43150,100,287.00811731757153
2021,43720,100,100.4687496477918
2021,43730,100,61.61560601115285
2021,43740,100,134.64529208660574
2021,43745,100,1.2259987565259476
2021,43750,100,39.661891297637446
2021,43760,100,333.46408636686107
2021,43770,100,46.39949821912188
2021,43800,100,293.6945126457741
2021,44131,100,34.956235858242806
2021,44133,100,6.8329790471024765
2021,44150,100,154.30178288238068
2021,44180,100,250.67021966556743
2021,44200,100,39.55404742636254
2021,44210,100,211.28372159193685
2021,44230,100,30.511036006850137
2021,44250,100,6.3235013186644595
2021,44270,100,118.35733580633232
2021,44710,100,82.90537509541612
2021,44760,100,67.50723893732682
2021,44770,100,163.3737175966155
2021,44790,100,178.7115526578244
2021,44800,100,114.0546801511618
2021,44810,100,79.21443219795695
2021,44825,100,259.90047454257746
2021,45111,100,10.758459293435106
2021,45113,100,4.433519780202472
2021,45130,100,73.0194398038019
2021,45140,100,16.821885954475594
2021,45180,100,223.26230840091776
2021,45190,100,607.5168058528769
2021,45210,100,31.347724010809902
2021,45710,100,117.48754251282782
2021,45720,100,139.8503440602836
2021,45730,100,145.334748473148
2021,45740,100,190.78736852601654
2021,45750,100,252.49223605318494
2021,45770,100,186.89303280611256
2021,45790,100,156.7446296870967
2021,45800,100,147.40808324831718
2021,46110,100,8.88440688839322
2021,46130,100,240.5659921509741
2021,46150,100,355.5515445487068
2021,46170,100,98.3360747687589
2021,46230,100,145.2471624211436
2021,46710,100,124.39849276362364
2021,46720,100,120.80127705147217
2021,46730,100,113.49884378568814
2021,46770,100,333.64381811373795
2021,46780,100,246.0436257017899
2021,46790,100,180.09803762607646
2021,46800,100,176.32374647940202
2021,46810,100,124.78151052783066
2021,46820,100,278.5623237575708
2021,46830,100,76.61171875988377
2021,46840,100,147.29408720880716
2021,46860,100,92.38038431103477
2021,46870,100,127.97567544483684
2021,46880,100,222.1382379204716
2021,46890,100,115.82541695202494
2021,46900,100,182.76137114337942
2021,46910,100,136.01872128884202
2021,47111,100,189.9341342685673
2021,47113,100,360.71331667507445
2021,47130,100,625.3679435436337
2021,47150,100,178.4914378388986
2021,47170,100,545.2338714941747
2021,47190,100,222.5370557100452
2021,47210,100,201.9333006254426
2021,47230,100,361.48317763276566
2021,47250,100,206.0340926412754
2021,47280,100,115.86153366037921
2021,47290,100,78.07456166497556
2021,47730,100,402.4722268021165
2021,47750,100,316.329622102032
2021,47760,100,185.1298052392967
2021,47770,100,504.689594913732
2021,47820,100,226.31044908199664
2021,47830,100,208.12521729037212
2021,47840,100,204.38976958905315
2021,47850,100,194.17987483909616
2021,47900,100,125.59067623129113
2021,47920,100,565.9184122777987
2021,47930,100,683.8848652178847
2021,47940,100,64.1606992132867
2021,48121,100,73.61016991126164
2021,48123,100,23.004844552293722
2021,48125,100,273.53203231555364
2021,48127,100,16.175670007996835
2021,48129,100,89.17739800028252
2021,48170,100,299.1735572458999
2021,48220,100,171.7217758748821
2021,48240,100,178.77212516738942
2021,48250,100,353.4314124377543
2021,48270,100,361.2944685744851
2021,48310,100,317.5707096608392
2021,48330,100,115.9557817681897
2021,48720,100,124.01434058488044
2021,48730,100,164.92390021957291
2021,48740,100,331.38046706084197
2021,48820,100,417.2929146119223
2021,48840,100,213.6930095353158
2021,48850,100,172.20370086179759
2021,48860,100,367.55655130279837
2021,48870,100,346.65750930360593
2021,48880,100,272.00628062889393
2021,48890,100,427.3894632330671
2021,50110,100,13.049609311229363
2021,50130,100,4.036797246165961
2021,51110,100,506.8472163178107
2021,51130,100,248.54621846227417
2021,51150,100,615.6972261521078
2021,51170,100,152.66769832594233
2021,51190,100,114.34522472933868
2021,51210,100,56.74388529031213
2021,51230,100,497.08118905377154
2021,51720,100,779.0473002972204
2021,51730,100,410.5707378178532
2021,51750,100,534.2837626312247
2021,51760,100,480.12750380336763
2021,51770,100,511.1139304033931
2021,51780,100,9.159459344569466
2021,51790,100,84.16005139382261
2021,51800,100,151.2096023126367
2021,51810,100,649.6975845634008
2021,51820,100,73.89899214203164
2021,51830,100,604.8604880341472
2021,11110,300,11.34888093542268
2021,11140,300,0.0
2021,11170,300,0.0
2021,11200,300,0.12945003314463138
2021,11215,300,3.744743734631988
2021,11230,300,0.254635666686632
2021,11260,300,3.5530815567055667
2021,11290,300,14.455485724639075
2021,11305,300,0.0
2021,11320,300,0.0
2021,11350,300,43.83238735405762
2021,11380,300,0.5900843382473211
2021,11410,300,18.76800845886373
2021,11440,300,4.612506818464318
2021,11470,300,0.5934607261806406
2021,11500,300,6.337241868704928
2021,11530,300,0.0
2021,11545,300,9.005174755756753
2021,11590,300,0.9262890023814266
2021,11620,300,84.65488079061467
2021,11650,300,21.9335293942943
2021,11680,300,3.4031431455076433
2021,11710,300,0.4568895871957915
2021,11740,300,8.921368712893633
2021,26110,300,0.0
2021,26140,300,0.9222033678486272
2021,26170,300,32.11688492239861
2021,26200,300,0.0
2021,26230,300,11.184760511080103
2021,26260,300,31.21599934951722
2021,26290,300,38.49723721168799
2021,26320,300,61.006572507247014
2021,26350,300,263.63722364044713
2021,26380,300,6.628377360846644
2021,26410,300,254.08622209077237
2021,26440,300,267.421085425801
2021,26470,300,0.4811133050024426
2021,26500,300,35.72292770845787
2021,26530,300,1.8899178339595089
2021,26710,300,1150.0533502143053
2021,27140,300,213.4538500029951
2021,27170,300,9.974788945734751
2021,27200,300,1.8166257101770418
2021,27230,300,156.84424903654983
2021,27260,300,78.79003895747331
2021,27290,300,11.355704508483642
2021,27710,300,557.306621034036
2021,27720,300,1030.3852634380528
2021,28110,300,35.36200761090524
2021,28177,300,2.6522292267185783
2021,28185,300,0.9277061959714178
2021,28200,300,10.032966649693291
2021,28237,300,2.921257718010628
2021,28245,300,3.816743427850322
2021,28260,300,0.821953355277454
2021,28710,300,6.254748314377129
2021,28720,300,0.0
2021,29110,300,110.82300989099377
2021,29140,300,4.636242819562228
2021,29155,300,76.35697122393545
2021,29170,300,33.99496106315183
2021,29200,300,202.3176744088576
2021,30110,300,95.21889079189246
2021,30140,300,22.81741256436402
2021,30170,300,48.4242171450813
2021,30200,300,143.01373187865659
2021,30230,300,19.640507963708398
2021,31110,300,144.217510302275
2021,31140,300,70.90765525146736
2021,31170,300,0.0
2021,31200,300,186.04160051158956
2021,31710,300,1853.1577061954215
2021,36110,300,132.4351354395688
2021,41111,300,14.43567435543768
2021,41113,300,10.96340584270705
2021,41115,300,1.250403449930244
2021,41117,300,8.809154569420121
2021,41131,300,21.669697796625115
2021,41133,300,4.466008546808595
2021,41135,300,27.271235583354077
2021,41150,300,78.53835824376931
2021,41171,300,57.0937080323064
2021,41173,300,40.33251715086581
2021,41190,300,5.7532173242752895
2021,41210,300,9.318320866269055
2021,41220,300,66.90992968727342
2021,41250,300,7.459189621237955
2021,41271,300,20.032822137673
2021,41273,300,15.1770597630107
2021,41281,300,19.095974125996072
2021,41285,300,2.083715208288254
2021,41287,300,0.0
2021,41290,300,2.7888941101180116
2021,41310,300,20.48203481451201
2021,41360,300,298.9309552915506
2021,41370,300,14.669409903530537
2021,41390,300,49.29411437794004
2021,41410,300,11.60513519660821
2021,41430,300,19.173516503117025
2021,41450,300,26.915396958280454
2021,41461,300,172.87212345430012
2021,41463,300,25.690879350550762
2021,41465,300,5.620954612743498
2021,41480,300,92.27765638374757
2021,41500,300,60.31707749884713
2021,41550,300,211.4056388314306
2021,41570,300,2.979043564516783
2021,41590,300,234.1365585909789
2021,41610,300,255.81453956169108
2021,41630,300,215.57997559024702
2021,41650,300,846.9747744272918
2021,41670,300,208.9191776910362
2021,41800,300,82.7003843932372
2021,41820,300,1298.5418482489154
2021,41830,300,666.3654108234547
2021,43111,300,220.3461908914465
2021,43112,300,44.59387366938442
2021,43113,300,46.440382745928424
2021,43114,300,35.40526637378512
2021,43130,300,684.7548889937559
2021,43150,300,1204.4878706783318
2021,43720,300,474.73572389772676
2021,43730,300,195.487758220877
2021,43740,300,663.9618534104533
2021,43745,300,6.910155638818856
2021,43750,300,207.3467012918203
2021,43760,300,1305.8578690949407
2021,43770,300,185.80496398472945
2021,43800,300,1242.0875091536752
2021,44131,300,158.68512607004897
2021,44133,300,40.601238602774906
2021,44150,300,675.7684822282977
2021,44180,300,1037.2363678333757
2021,44200,300,207.70609379087014
2021,44210,300,1031.056257866169
2021,44230,300,185.06465355742694
2021,44250,300,26.334084014471095
2021,44270,300,523.1590534189316
2021,44710,300,348.1987308965664
2021,44760,300,316.0361146583047
2021,44770,300,651.0086707378053
2021,44790,300,796.2777418554888
2021,44800,300,572.1383012716092
2021,44810,300,326.92889973027934
2021,44825,300,1074.1407383276016
2021,45111,300,48.935113006008564
2021,45113,300,16.144473281123304
2021,45130,300,291.55883233285385
2021,45140,300,68.88695455989615
2021,45180,300,989.4722443868449
2021,45190,300,2278.0929325507727
2021,45210,300,142.2406490042071
2021,45710,300,512.0480431500326
2021,45720,300,595.9636073835122
2021,45730,300,644.68463142195
2021,45740,300,636.1232252421161
2021,45750,300,1002.9700038657351
2021,45770,300,977.567056760259
2021,45790,300,647.058403448132
2021,45800,300,567.0143298649737
2021,46110,300,40.20045161229089
2021,46130,300,1002.6175993292794
2021,46150,300,1515.6928852327185
2021,46170,300,389.31568718715926
2021,46230,300,556.3896013643777
2021,46710,300,535.1758204849896
2021,46720,300,643.7571948840094
2021,46730,300,452.3337283094999
2021,46770,300,1317.8193040263186
2021,46780,300,843.9127928070417
2021,46790,300,883.1307753597735
2021,46800,300,618.5800740037804
2021,46810,300,442.5799302988348
2021,46820,300,1092.649279231528
2021,46830,300,322.58052507301505
2021,46840,300,559.1169483914259
2021,46860,300,418.797574792345
2021,46870,300,652.8104847345085
2021,46880,300,843.6383829676056
2021,46890,300,452.6110960859699
2021,46900,300,753.1502926491521
2021,46910,300,621.0461266303581
2021,47111,300,815.9255689328189
2021,47113,300,1402.093292859759
2021,47130,300,2529.752021477955
2021,47150,300,769.522031257818
2021,47170,300,2631.6565432382945
2021,47190,300,967.1998149662202
2021,47210,300,868.877706620453
2021,47230,300,1600.0853683753455
2021,47250,300,1002.1901624445716
2021,47280,300,556.7272697528869
2021,47290,300,305.5103903689291
2021,47730,300,1749.2544213454985
2021,47750,300,1398.8450675171423
2021,47760,300,871.6037601674151
2021,47770,300,2140.721542559751
2021,47820,300,1045.8636117666363
2021,47830,300,917.4016620660773
2021,47840,300,883.7498048259725
2021,47850,300,1059.4486675096755
2021,47900,300,605.2547266729173
2021,47920,300,2397.813828659896
2021,47930,300,2608.5284647022104
2021,47940,300,190.45391713488925
2021,48121,300,291.21905098058846
2021,48123,300,120.90047858597902
2021,48125,300,1013.8433272733675
2021,48127,300,143.56270655903708
2021,48129,300,330.7922127666768
2021,48170,300,1403.75728590718
2021,48220,300,726.3548232948652
2021,48240,300,864.985847568634
2021,48250,300,1343.775056209856
2021,48270,300,1243.2515012937579
2021,48310,300,1037.741881991948
2021,48330,300,522.9932721604769
2021,48720,300,662.5543640863089
2021,48730,300,743.8889531598322
2021,48740,300,1307.9902954162033
2021,48820,300,1623.1929472146662
2021,48840,300,876.2010562176038
2021,48850,300,719.2822303895194
2021,48860,300,1436.5436247191326
2021,48870,300,1457.6375604596383
2021,48880,300,1164.6851628066988
2021,48890,300,1795.2191581398804
2021,50110,300,54.98710229565627
2021,50130,300,22.572050752492096
2021,51110,300,1816.6118704310745
2021,51130,300,1041.6769678769126
2021,51150,300,2525.0177923189694
2021,51170,300,499.0685488554139
2021,51190,300,502.8664044080574
2021,51210,300,213.94958119358515
2021,51230,300,2023.6498073455316
2021,51720,300,3085.2889754036996
2021,51730,300,1820.845181919219
2021,51750,300,2422.778639514373
2021,51760,300,2020.1086882371192
2021,51770,300,2091.6852998751447
2021,51780,300,47.832336108113005
2021,51790,300,380.42857463338487
2021,51800,300,653.9352675201052
2021,51810,300,2453.8763324422416
2021,51820,300,242.26730044358973
2021,51830,300,2282.277462453872
2021,11110,500,19.522312179200007
2021,11140,500,0.0
2021,11170,500,2.668074549766293
2021,11200,500,0.8279910484522119
2021,11215,500,9.054133661812013
2021,11230,500,3.188139658617712
2021,11260,500,10.440231839311643
2021,11290,500,39.27542003266977
2021,11305,500,0.0
2021,11320,500,0.04526485166205282
2021,11350,500,80.53730365704311
2021,11380,500,1.9970067407727672
2021,11410,500,37.18492186604367
2021,11440,500,7.264676943284032
2021,11470,500,2.2959671685644762
2021,11500,500,14.037842562350601
2021,11530,500,0.04687304712381511
2021,11545,500,16.519493834614778
2021,11590,500,2.4776617962179572
2021,11620,500,126.40160647378347
2021,11650,500,34.179392779676874
2021,11680,500,4.006846711916944
2021,11710,500,0.8191990533685339
2021,11740,500,15.703035601078026
2021,26110,500,0.4871901533246758
2021,26140,500,5.2062611592174335
2021,26170,500,51.96895461192139
2021,26200,500,0.0
2021,26230,500,33.04177038425023
2021,26260,500,58.98495921110935
2021,26290,500,71.6955314221962
2021,26320,500,131.09175876948697
2021,26350,500,472.74048125723675
2021,26380,500,39.81759686172225
2021,26410,500,482.1044116283997
2021,26440,500,480.331498442024
2021,26470,500,5.564977328429492
2021,26500,500,61.07362035009698
2021,26530,500,11.341566894312475
2021,26710,500,1848.4766375390545
2021,27140,500,362.3348253381176
2021,27170,500,23.240938257058854
2021,27200,500,10.02411363813359
2021,27230,500,273.2458963694881
2021,27260,500,163.41024902585974
2021,27290,500,31.38704366867672
2021,27710,500,1060.082960973653
2021,27720,500,2050.2720986265126
2021,28110,500,73.54416022379718
2021,28177,500,8.690119769348403
2021,28185,500,4.304328479842285
2021,28200,500,21.03651022446491
2021,28237,500,8.109844059196996
2021,28245,500,4.002020555841575
2021,28260,500,1.5354747792732306
2021,28710,500,12.264174412533787
2021,28720,500,0.0
2021,29110,500,194.59129215795235
2021,29140,500,19.419301744294057
2021,29155,500,122.52622186927108
2021,29170,500,63.49826964004439
2021,29200,500,357.17122444337934
2021,30110,500,154.4090551105964
2021,30140,500,37.20630971251944
2021,30170,500,92.98486786763303
2021,30200,500,253.28937465435462
2021,30230,500,30.498609611466144
2021,31110,500,243.31663825475647
2021,31140,500,129.0334682398065
2021,31170,500,0.0
2021,31200,500,352.0355407285889
2021,31710,500,3185.249186624373
2021,36110,500,225.59816196208922
2021,41111,500,26.996012380444782
2021,41113,500,31.960394673254306
2021,41115,500,7.803126571681176
2021,41117,500,12.305008960174838
2021,41131,500,34.570562664550486
2021,41133,500,10.441505555517907
2021,41135,500,34.94141494965363
2021,41150,500,120.30918248223031
2021,41171,500,107.97720779668093
2021,41173,500,57.33164682336456
2021,41190,500,15.030994738248118
2021,41210,500,13.829605679905843
2021,41220,500,112.66887101782821
2021,41250,500,13.7134684824494
2021,41271,500,42.90914734310971
2021,41273,500,36.739198887072845
2021,41281,500,40.662847203210234
2021,41285,500,7.259727575293278
2021,41287,500,0.3769493281828587
2021,41290,500,9.628899517058644
2021,41310,500,49.535358065371014
2021,41360,500,544.1737068087658
2021,41370,500,48.205713405964595
2021,41390,500,75.6610991774803
2021,41410,500,22.912420487357135
2021,41430,500,26.308583147375426
2021,41450,500,44.849140394227156
2021,41461,500,298.16387133073954
2021,41463,500,46.54169482082533
2021,41465,500,8.409923973504995
2021,41480,500,162.81578866793214
2021,41500,500,94.8149828549295
2021,41550,500,369.61931968841117
2021,41570,500,6.724978405760546
2021,41590,500,403.0732716079474
2021,41610,500,419.25857284126795
2021,41630,500,389.14667904505296
2021,41650,500,1546.0799666192397
2021,41670,500,375.5695635709389
2021,41800,500,146.37470751875605
2021,41820,500,2258.5149159400476
2021,41830,500,1171.9584693713298
2021,43111,500,408.00428163089117
2021,43112,500,69.45572400672216
2021,43113,500,66.39199080125631
2021,43114,500,67.44080249655264
2021,43130,500,1218.0861188731342
2021,43150,500,2191.225843836575
2021,43720,500,870.0538970787635
2021,43730,500,341.4349046103277
2021,43740,500,1271.380462848451
2021,43745,500,18.61785191342344
2021,43750,500,405.9359699440428
2021,43760,500,2397.96746135709
2021,43770,500,342.9091801391203
2021,43800,500,2324.9307662817973
2021,44131,500,309.4815125754022
2021,44133,500,90.73285889749428
2021,44150,500,1232.875290125373
2021,44180,500,1878.2802742549345
2021,44200,500,415.3151311719203
2021,44210,500,1905.9081336313377
2021,44230,500,378.65770120645317
2021,44250,500,46.474203854410334
2021,44270,500,869.0294103054358
2021,44710,500,683.3028418545248
2021,44760,500,624.372662202872
2021,44770,500,1104.29305924304
2021,44790,500,1462.6268802900881
2021,44800,500,1120.3899879776236
2021,44810,500,645.0305413568685
2021,44825,500,1907.9420308047959
2021,45111,500,84.89879891628114
2021,45113,500,29.084486192506173
2021,45130,500,493.35381124474776
2021,45140,500,142.94978910493694
2021,45180,500,1922.556681588574
2021,45190,500,4036.393800194186
2021,45210,500,255.91279832881213
2021,45710,500,957.9603839561612
2021,45720,500,1047.6236729541636
2021,45730,500,1228.9860029446863
2021,45740,500,1166.320155668786
2021,45750,500,1826.5626637999621
2021,45770,500,1969.8674706963889
2021,45790,500,1292.7533629829516
2021,45800,500,1016.2287531731059
2021,46110,500,62.454855626685614
2021,46130,500,1801.4625089780059
2021,46150,500,2714.214293577327
2021,46170,500,705.2220136553527
2021,46230,500,1004.0536234966949
2021,46710,500,959.8038494610479
2021,46720,500,1430.5503430030783
2021,46730,500,873.9161568917331
2021,46770,500,2334.611004514394
2021,46780,500,1460.470991378799
2021,46790,500,1731.2083426974352
2021,46800,500,1110.8347851422443
2021,46810,500,763.0392761428827
2021,46820,500,2023.797443943543
2021,46830,500,602.8833275232199
2021,46840,500,1036.9545714531403
2021,46860,500,804.7320548969122
2021,46870,500,1283.3887778277528
2021,46880,500,1557.764181986036
2021,46890,500,772.788503548512
2021,46900,500,1344.3466790322739
2021,46910,500,1185.989510404684
2021,47111,500,1458.78885434644
2021,47113,500,2524.4303988751444
2021,47130,500,4747.236537928895
2021,47150,500,1454.3130878559646
2021,47170,500,4939.734810939595
2021,47190,500,1877.1128283699113
2021,47210,500,1605.746979455782
2021,47230,500,3048.72707391898
2021,47250,500,2044.2746735565233
2021,47280,500,1073.555060856378
2021,47290,500,591.4414461577364
2021,47730,500,3366.949298431882
2021,47750,500,2797.1170522955595
2021,47760,500,1700.1884889401092
2021,47770,500,3959.262882696818
2021,47820,500,2165.9880706762015
2021,47830,500,1728.854792889451
2021,47840,500,1716.0867840322826
2021,47850,500,1992.9745787444324
2021,47900,500,1102.0317803300716
2021,47920,500,4308.60863516551
2021,47930,500,4576.556669186251
2021,47940,500,299.8613789947655
2021,48121,500,577.3244503756213
2021,48123,500,249.54049337101998
2021,48125,500,1845.8664326381224
2021,48127,500,345.90479319861277
2021,48129,500,514.3084335608193
2021,48170,500,2731.9604163597182
2021,48220,500,1249.8712648059798
2021,48240,500,1663.5035999384554
2021,48250,500,2354.2409646344236
2021,48270,500,2338.3899991177605
2021,48310,500,1739.3042255979205
2021,48330,500,1052.0078805896997
2021,48720,500,1375.5904640224455
2021,48730,500,1461.2630130831762
2021,48740,500,2461.2211082891554
2021,48820,500,3024.1006495820975
2021,48840,500,1590.5193078012983
2021,48850,500,1389.5997760908742
2021,48860,500,2808.4272232778435
2021,48870,500,2756.923813849654
2021,48880,500,2275.9717407537432
2021,48890,500,3384.6446372001096
2021,50110,500,93.02672482156198
2021,50130,500,48.90527217461491
2021,51110,500,3056.5552192778455
2021,51130,500,1870.6394106831208
2021,51150,500,4519.213721445642
2021,51170,500,843.4720825103864
2021,51190,500,913.6651574590671
2021,51210,500,381.50294261710604
2021,51230,500,3536.8803152109504
2021,51720,500,5466.761888157999
2021,51730,500,3320.1562264406507
2021,51750,500,4344.8747568725275
2021,51760,500,3611.905093074579
2021,51770,500,3680.040872000161
2021,51780,500,120.04862341156318
2021,51790,500,703.1704872830799
2021,51800,500,1222.394924045269
2021,51810,500,4247.757173631135
2021,51820,500,422.26753758865044
2021,51830,500,3951.4518821517
2022,11110,100,2.8768051122054463
2022,11140,100,0.0
2022,11170,100,0.0
2022,11200,100,0.0
2022,11215,100,0.0
2022,11230,100,0.0
2022,11260,100,0.6848673898957375
2022,11290,100,2.7996113065388855
2022,11305,100,0.0
2022,11320,100,0.0
2022,11350,100,12.663975636487475
2022,11380,100,0.0
2022,11410,100,2.81289794846305
2022,11440,100,2.5138927439864394
2022,11470,100,0.0
2022,11500,100,1.1772022538532152
2022,11530,100,0.0
2022,11545,100,1.3076795785985411
2022,11590,100,0.0
2022,11620,100,34.448420235995634
2022,11650,100,6.335605750218566
2022,11680,100,1.4495822172674948
2022,11710,100,0.3836997166914151
2022,11740,100,2.2249673669500933
2022,26110,100,0.0
2022,26140,100,0.15450536484874686
2022,26170,100,12.443904221615377
2022,26200,100,0.0
2022,26230,100,1.5040840038471868
2022,26260,100,8.699765737104375
2022,26290,100,10.246463403077401
2022,26320,100,14.161745400257534
2022,26350,100,75.80140149847736
2022,26380,100,0.019965259627857636
2022,26410,100,43.59820939388348
2022,26440,100,60.10125978921049
2022,26470,100,0.23542970002058705
2022,26500,100,8.322033935732621
2022,26530,100,0.0
2022,26710,100,289.3958487000409
2022,27140,100,102.32259251821266
2022,27170,100,0.7216109924986083
2022,27200,100,0.0
2022,27230,100,54.11372842666265
2022,27260,100,16.025685188608104
2022,27290,100,1.7953680419843454
2022,27710,100,126.34055626790132
2022,27720,100,206.6438884175529
2022,28110,100,3.9478099469040098
2022,28177,100,0.0
2022,28185,100,0.0
2022,28200,100,3.7611587150655956
2022,28237,100,1.0117904795967707
2022,28245,100,0.22103071335399346
2022,28260,100,0.29149534951038697
2022,28710,100,2.1064771456261786
2022,28720,100,0.0
2022,29110,100,20.75767006681854
2022,29140,100,0.04706441905823431
2022,29155,100,18.4104323480261
2022,29170,100,7.489250687600831
2022,29200,100,48.60082486794898
2022,30110,100,18.060496543859728
2022,30140,100,6.424309903376638
2022,30170,100,9.842082883057738
2022,30200,100,34.76026608425104
2022,30230,100,4.188884808729911
2022,31110,100,41.23855144306082
2022,31140,100,22.25406330400454
2022,31170,100,0.0
2022,31200,100,51.48099220900545
2022,31710,100,427.75264686901465
2022,36110,100,28.796416326225742
2022,41111,100,3.2811322021903266
2022,41113,100,3.0373118969768473
2022,41115,100,0.0
2022,41117,100,1.5010119558583566
2022,41131,100,4.425569541337852
2022,41133,100,2.0106660596599193
2022,41135,100,8.426323660763664
2022,41150,100,20.24514017574019
2022,41171,100,11.29675827102444
2022,41173,100,12.550321064715227
2022,41190,100,0.43057550959036106
2022,41210,100,2.657294371742493
2022,41220,100,12.998734394220435
2022,41250,100,1.560781658651219
2022,41271,100,5.64836388092627
2022,41273,100,1.0274786922496435
2022,41281,100,4.042150537503999
2022,41285,100,1.1696652416768412
2022,41287,100,0.0
2022,41290,100,0.3733619594934174
2022,41310,100,7.3855650853886265
2022,41360,100,78.87203565662655
2022,41370,100,1.383341964522023
2022,41390,100,10.524782357696088
2022,41410,100,5.617256110584373
2022,41430,100,7.002521547316348
2022,41450,100,6.901171144000564
2022,41461,100,44.47396111417412
2022,41463,100,11.290918953726559
2022,41465,100,1.3951608019911492
2022,41480,100,20.050386290193106
2022,41500,100,18.269479231340163
2022,41550,100,45.807397274777024
2022,41570,100,0.32393181230600165
2022,41590,100,55.93445619239928
2022,41610,100,63.80249037486559
2022,41630,100,52.937783066774436
2022,41650,100,210.56641910823728
2022,41670,100,61.95191611603273
2022,41800,100,22.49911613097572
2022,41820,100,327.8379587354037
2022,41830,100,159.15685724746535
2022,43111,100,39.778830549134234
2022,43112,100,8.270425445776738
2022,43113,100,6.69656516026803
2022,43114,100,8.78831626032159
2022,43130,100,167.38086135815462
2022,43150,100,286.47733286549084
2022,43720,100,100.46874964804849
2022,43730,100,61.61560601115285
2022,43740,100,134.64529208660574
2022,43745,100,1.2259987565259476
2022,43750,100,39.661891297637446
2022,43760,100,333.4640863860316
2022,43770,100,46.408233321711755
2022,43800,100,293.5669657421284
2022,44131,100,34.956235858242806
2022,44133,100,6.8329790471024765
2022,44150,100,154.63671502108795
2022,44180,100,252.8312959393404
2022,44200,100,39.55404742636254
2022,44210,100,211.28372159193842
2022,44230,100,30.511036006849864
2022,44250,100,6.3235013186644595
2022,44270,100,118.35733580669213
2022,44710,100,82.9053750954161
2022,44760,100,67.50723893732682
2022,44770,100,163.37371759661573
2022,44790,100,178.7115526578324
2022,44800,100,114.0546801511618
2022,44810,100,79.51849699508101
2022,44825,100,259.90047454257626
2022,45111,100,10.758459293435106
2022,45113,100,4.433519780202472
2022,45130,100,73.0194398038019
2022,45140,100,16.821885954475594
2022,45180,100,223.26230840091907
2022,45190,100,607.516805852341
2022,45210,100,31.42778320241511
2022,45710,100,117.48754251261758
2022,45720,100,139.85701332058815
2022,45730,100,145.334748473148
2022,45740,100,190.7690176327551
2022,45750,100,252.22546219419613
2022,45770,100,186.89303280611256
2022,45790,100,156.74462968709628
2022,45800,100,147.40808324831718
2022,46110,100,9.106462628550918
2022,46130,100,240.56599215097427
2022,46150,100,355.5515445469718
2022,46170,100,98.3360747687589
2022,46230,100,145.24716242114582
2022,46710,100,124.39849276362388
2022,46720,100,119.50059085232473
2022,46730,100,113.49884378568908
2022,46770,100,333.6356715710163
2022,46780,100,246.36270810629307
2022,46790,100,180.01127776387384
2022,46800,100,176.32374647940193
2022,46810,100,124.61403103215054
2022,46820,100,278.5648364052031
2022,46830,100,76.61171875988377
2022,46840,100,147.29173715579867
2022,46860,100,92.38038431103594
2022,46870,100,127.81577962745332
2022,46880,100,222.1382379204248
2022,46890,100,115.82541695202494
2022,46900,100,182.76137114337942
2022,46910,100,136.01872128884202
2022,47111,100,189.93413426856802
2022,47113,100,366.4336000728765
2022,47130,100,625.3679435436308
2022,47150,100,178.49143783889903
2022,47170,100,545.2338714942223
2022,47190,100,222.53705571004568
2022,47210,100,189.88253034409556
2022,47230,100,361.483177632762
2022,47250,100,206.03409264205246
2022,47280,100,115.86153366043565
2022,47290,100,78.07456166497585
2022,47730,100,402.47222680210984
2022,47750,100,316.3296221017291
2022,47760,100,185.1298052392967
2022,47770,100,504.68959491373255
2022,47820,100,226.31044908199664
2022,47830,100,208.12521728933493
2022,47840,100,204.36736803105885
2022,47850,100,213.35308943611375
2022,47900,100,125.59067623129113
2022,47920,100,565.9184122774994
2022,47930,100,683.8848652179252
2022,47940,100,64.1606992132867
2022,48121,100,90.10381619282877
2022,48123,100,23.004844552293715
2022,48125,100,273.53203231555335
2022,48127,100,16.175670007996835
2022,48129,100,89.22820241869546
2022,48170,100,299.4001851342159
2022,48220,100,171.72177587488187
2022,48240,100,178.77212516773648
2022,48250,100,353.4314124377854
2022,48270,100,361.2944685744851
2022,48310,100,317.57070966083893
2022,48330,100,115.9557817681897
2022,48720,100,124.01434058490685
2022,48730,100,164.92390021957291
2022,48740,100,331.38046706084197
2022,48820,100,417.2929146119223
2022,48840,100,211.1280821035002
2022,48850,100,172.20370086179759
2022,48860,100,367.0956442871878
2022,48870,100,346.6575093039764
2022,48880,100,287.88267698269595
2022,48890,100,427.38946323306885
2022,50110,100,13.049609311229363
2022,50130,100,4.036797246165961
2022,51110,100,506.84721631781383
2022,51130,100,249.54358259118771
2022,51150,100,613.5460595874998
2022,51170,100,152.66769832594233
2022,51190,100,114.27954070565184
2022,51210,100,56.74388529031193
2022,51230,100,497.0811890533652
2022,51720,100,779.047291659993
2022,51730,100,410.5668921265765
2022,51750,100,533.2296362152716
2022,51760,100,479.20122479496524
2022,51770,100,511.1441252206248
2022,51780,100,9.159459344570408
2022,51790,100,84.16005139382261
2022,51800,100,151.20960231263643
2022,51810,100,649.697584564214
2022,51820,100,73.89899214203164
2022,51830,100,604.8604880334483
2022,11110,300,11.34888093542268
2022,11140,300,0.0
2022,11170,300,0.0
2022,11200,300,0.12945003314463138
2022,11215,300,3.744743734631988
2022,11230,300,0.254635666686632
2022,11260,300,3.5530815567055667
2022,11290,300,14.455485724639075
2022,11305,300,0.0
2022,11320,300,0.0
2022,11350,300,43.83238735405762
2022,11380,300,0.5900843382473211
2022,11410,300,18.76800845886373
2022,11440,300,4.612506818464318
2022,11470,300,0.5934607261806406
2022,11500,300,6.337241868705485
2022,11530,300,0.0
2022,11545,300,9.005174755756753
2022,11590,300,0.9262890023814266
2022,11620,300,84.65488079061467
2022,11650,300,21.93352939429403
2022,11680,300,3.4031431455076433
2022,11710,300,0.4568895871957915
2022,11740,300,8.921368712893633
2022,26110,300,0.0
2022,26140,300,0.9222033678486272
2022,26170,300,32.11688492239861
2022,26200,300,0.0
2022,26230,300,11.184760511080103
2022,26260,300,31.21599934951722
2022,26290,300,38.49723721168799
2022,26320,300,61.006572507247014
2022,26350,300,263.63722364044753
2022,26380,300,6.628377360846644
2022,26410,300,254.08622209077237
2022,26440,300,267.42108542587937
2022,26470,300,0.4811133050024426
2022,26500,300,35.72292770845744
2022,26530,300,1.8899178339595089
2022,26710,300,1150.8774356773351
2022,27140,300,352.24787906899934
2022,27170,300,9.974788945734751
2022,27200,300,1.8166257101770418
2022,27230,300,225.39608321792687
2022,27260,300,78.79003895747331
2022,27290,300,11.35570450848366
2022,27710,300,603.6551877896627
2022,27720,300,1030.3852634380517
2022,28110,300,35.36200761090524
2022,28177,300,2.6522292267185783
2022,28185,300,0.9277061959714178
2022,28200,300,10.032966649693291
2022,28237,300,2.921257718010628
2022,28245,300,3.816743427850322
2022,28260,300,0.821953355277454
2022,28710,300,6.254748314377129
2022,28720,300,0.0
2022,29110,300,110.82300989099377
2022,29140,300,4.636242819562228
2022,29155,300,76.3569712239141
2022,29170,300,33.99496106315183
2022,29200,300,202.3176744088576
2022,30110,300,95.21889079190251
2022,30140,300,22.81741256436402
2022,30170,300,48.4242171450813
2022,30200,300,144.08259720107122
2022,30230,300,19.640507963708398
2022,31110,300,144.217510302275
2022,31140,300,70.90765525146736
2022,31170,300,0.0
2022,31200,300,185.728040323535
2022,31710,300,1853.1577061954242
2022,36110,300,132.4351354395687
2022,41111,300,14.43567435543768
2022,41113,300,10.96340584270705
2022,41115,300,1.250403449930244
2022,41117,300,8.809154569420121
2022,41131,300,21.669697796625115
2022,41133,300,4.466008546808595
2022,41135,300,27.271235583354077
2022,41150,300,80.41190042666159
2022,41171,300,57.0937080323064
2022,41173,300,40.33251715086581
2022,41190,300,5.7532173242752895
2022,41210,300,9.318320866269055
2022,41220,300,66.90992968727342
2022,41250,300,7.459189621237955
2022,41271,300,20.032822137673
2022,41273,300,15.1770597630107
2022,41281,300,19.396565294773048
2022,41285,300,2.083715208288254
2022,41287,300,0.0
2022,41290,300,2.7888941101180116
2022,41310,300,20.48203481451201
2022,41360,300,298.93653158788436
2022,41370,300,14.669632555214989
2022,41390,300,49.29411437794004
2022,41410,300,11.60513519660821
2022,41430,300,19.173516503117025
2022,41450,300,26.915396958280454
2022,41461,300,193.52221416613372
2022,41463,300,34.32744345528662
2022,41465,300,5.620954612743498
2022,41480,300,92.27765638374757
2022,41500,300,60.31707749215643
2022,41550,300,211.4672383528077
2022,41570,300,2.979043564516783
2022,41590,300,241.9598961005747
2022,41610,300,265.80760771907904
2022,41630,300,218.82611649090032
2022,41650,300,846.973088483947
2022,41670,300,208.81326143057515
2022,41800,300,82.80531365632883
2022,41820,300,1298.9121551633305
2022,41830,300,666.23236611404
2022,43111,300,220.3461908914465
2022,43112,300,44.59387366938461
2022,43113,300,46.68510743746391
2022,43114,300,35.40526637378257
2022,43130,300,684.7548889937551
2022,43150,300,1204.5496213296574
2022,43720,300,474.73572389772636
2022,43730,300,195.487758220877
2022,43740,300,663.9618534104533
2022,43745,300,6.910155638818856
2022,43750,300,207.3467012918203
2022,43760,300,1305.8578690941124
2022,43770,300,186.02903185626172
2022,43800,300,1241.0625021667688
2022,44131,300,158.68512607004897
2022,44133,300,40.601238602774906
2022,44150,300,676.7840018090425
2022,44180,300,1038.2616356662577
2022,44200,300,207.70609379072673
2022,44210,300,1031.0562578661693
2022,44230,300,185.06465355742694
2022,44250,300,26.233476957566833
2022,44270,300,523.1590534189316
2022,44710,300,348.1987308965663
2022,44760,300,316.0361146583047
2022,44770,300,651.0086707378058
2022,44790,300,796.2777418554876
2022,44800,300,572.1383012716092
2022,44810,300,326.97205240379606
2022,44825,300,1074.1407383276016
2022,45111,300,48.93511300600757
2022,45113,300,16.144473281123304
2022,45130,300,291.55883233285385
2022,45140,300,68.88695455989595
2022,45180,300,989.4722443869216
2022,45190,300,2278.0929325507323
2022,45210,300,143.25943110862187
2022,45710,300,512.0480431500358
2022,45720,300,595.5845112012663
2022,45730,300,644.68463142195
2022,45740,300,636.2075243027697
2022,45750,300,1001.0787649466309
2022,45770,300,977.5670567602582
2022,45790,300,647.058403448132
2022,45800,300,567.0143298649775
2022,46110,300,40.9400187779028
2022,46130,300,1002.6175993292795
2022,46150,300,1515.686538956633
2022,46170,300,389.31568718715926
2022,46230,300,556.3896013643781
2022,46710,300,535.1758204849896
2022,46720,300,640.9428510595307
2022,46730,300,452.3385677516033
2022,46770,300,1317.824015729319
2022,46780,300,843.738657822101
2022,46790,300,882.9639470385963
2022,46800,300,618.6039523834595
2022,46810,300,439.8962564195811
2022,46820,300,1093.0785140718642
2022,46830,300,322.58052507301505
2022,46840,300,559.0957265909691
2022,46860,300,418.7975747923451
2022,46870,300,652.5574334397098
2022,46880,300,843.6383829676056
2022,46890,300,452.6110960859699
2022,46900,300,753.1502926491521
2022,46910,300,621.0461266303581
2022,47111,300,815.9255689328262
2022,47113,300,1420.5346674061732
2022,47130,300,2529.7520214779524
2022,47150,300,769.5220312578158
2022,47170,300,2631.656543235573
2022,47190,300,968.4878532738037
2022,47210,300,804.1343602751625
2022,47230,300,1600.0853683756834
2022,47250,300,1002.1901624445712
2022,47280,300,556.7272697528877
2022,47290,300,305.510390368931
2022,47730,300,1749.2544213455008
2022,47750,300,1398.845067518226
2022,47760,300,871.6037601674151
2022,47770,300,2140.721542548001
2022,47820,300,1045.8636117666365
2022,47830,300,917.4016620660283
2022,47840,300,883.3887400471481
2022,47850,300,1119.4424555695439
2022,47900,300,605.2547266729179
2022,47920,300,2397.8138286598983
2022,47930,300,2608.5284647022127
2022,47940,300,190.45391713488925
2022,48121,300,365.79114275952
2022,48123,300,120.90047858597902
2022,48125,300,1013.8433272733668
2022,48127,300,143.56270655903708
2022,48129,300,330.8148629914217
2022,48170,300,1403.945050827425
2022,48220,300,726.3548232948756
2022,48240,300,864.985847568623
2022,48250,300,1343.7750562098554
2022,48270,300,1243.25150129376
2022,48310,300,1037.7418819919474
2022,48330,300,522.9932721604769
2022,48720,300,662.5543640863423
2022,48730,300,743.8889531598322
2022,48740,300,1307.9902954162285
2022,48820,300,1623.1929472108898
2022,48840,300,874.6182300440817
2022,48850,300,719.2822303895189
2022,48860,300,1435.8541304930943
2022,48870,300,1457.6375604594662
2022,48880,300,1218.7530537523603
2022,48890,300,1795.2191581398777
2022,50110,300,54.98710229565627
2022,50130,300,22.572050752492096
2022,51110,300,1816.6118704310759
2022,51130,300,1042.1785532108609
2022,51150,300,2521.119777975334
2022,51170,300,499.0685488554139
2022,51190,300,502.83603874802475
2022,51210,300,213.94958119358384
2022,51230,300,2023.6498073455375
2022,51720,300,3085.278972591323
2022,51730,300,1820.8258519447168
2022,51750,300,2420.6051442160724
2022,51760,300,2016.0526138030161
2022,51770,300,2091.69946255247
2022,51780,300,47.83233610807622
2022,51790,300,380.42857463338487
2022,51800,300,653.9352675201052
2022,51810,300,2453.8763324422193
2022,51820,300,242.29576433773212
2022,51830,300,2282.277462453873
2022,11110,500,19.522312179200007
2022,11140,500,0.0
2022,11170,500,2.668074549766293
2022,11200,500,0.8279910484522119
2022,11215,500,9.054133661812013
2022,11230,500,3.188139658617712
2022,11260,500,10.440231839311643
2022,11290,500,39.27542003266977
2022,11305,500,0.0
2022,11320,500,0.04526485166205282
2022,11350,500,80.53730365704213
2022,11380,500,1.9970067407727672
2022,11410,500,37.18492186604367
2022,11440,500,7.264676943284032
2022,11470,500,2.2959671685644762
2022,11500,500,14.037842562350408
2022,11530,500,0.04687304712401474
2022,11545,500,16.519493834614778
2022,11590,500,2.4776617962179572
2022,11620,500,126.40160647378347
2022,11650,500,34.179392779676874
2022,11680,500,4.006846711916944
2022,11710,500,0.8191990533685339
2022,11740,500,15.703035601078026
2022,26110,500,0.4871901533246758
2022,26140,500,5.2062611592174335
2022,26170,500,51.96895461192139
2022,26200,500,0.0
2022,26230,500,33.04177038425023
2022,26260,500,58.98495921110935
2022,26290,500,71.6955314221962
2022,26320,500,131.09175876948697
2022,26350,500,472.74048125723675
2022,26380,500,39.81759686172225
2022,26410,500,482.1044116283997
2022,26440,500,480.3314984420336
2022,26470,500,5.564977328429492
2022,26500,500,61.07362035009698
2022,26530,500,11.341566894312475
2022,26710,500,1849.843886354601
2022,27140,500,583.4891931796549
2022,27170,500,23.240938257058843
2022,27200,500,10.02411363813359
2022,27230,500,404.0370234543375
2022,27260,500,163.41024902585974
2022,27290,500,33.61883897920859
2022,27710,500,1141.7984219396083
2022,27720,500,2050.2720986265185
2022,28110,500,73.54416022379718
2022,28177,500,8.690119769348403
2022,28185,500,4.304328479842285
2022,28200,500,21.03651022446491
2022,28237,500,8.109844059196996
2022,28245,500,4.002020555841575
2022,28260,500,1.5354747792732306
2022,28710,500,12.264174412535057
2022,28720,500,0.0
2022,29110,500,194.59129215795235
2022,29140,500,19.419301744294057
2022,29155,500,122.52622186927107
2022,29170,500,63.49826964004439
2022,29200,500,357.17122444338014
2022,30110,500,154.40905511059765
2022,30140,500,37.20630971251944
2022,30170,500,92.98486786763303
2022,30200,500,254.16323075626278
2022,30230,500,30.498609611466144
2022,31110,500,243.31663825475647
2022,31140,500,129.0334682398065
2022,31170,500,0.0
2022,31200,500,351.6490620317148
2022,31710,500,3185.249186624372
2022,36110,500,225.59816196208922
2022,41111,500,26.996012380444782
2022,41113,500,31.960394677560508
2022,41115,500,7.803126571681486
2022,41117,500,12.305008960174838
2022,41131,500,34.570562664550486
2022,41133,500,10.441505555517907
2022,41135,500,34.94141494965363
2022,41150,500,123.20594744854331
2022,41171,500,107.9772077966805
2022,41173,500,57.33164682336456
2022,41190,500,15.030994738248118
2022,41210,500,13.829605679905843
2022,41220,500,112.66887101779452
2022,41250,500,13.7134684824494
2022,41271,500,42.90914734310971
2022,41273,500,36.73919888713961
2022,41281,500,40.88297053313898
2022,41285,500,7.259727575293278
2022,41287,500,0.3769493281828587
2022,41290,500,9.628899517058644
2022,41310,500,49.53535806716972
2022,41360,500,544.1476946088397
2022,41370,500,48.1178947224815
2022,41390,500,75.6610991774803
2022,41410,500,22.912420487357135
2022,41430,500,26.308583147375426
2022,41450,500,44.85074400166354
2022,41461,500,317.92733760044587
2022,41463,500,60.67358263404775
2022,41465,500,8.409923973504995
2022,41480,500,162.81578866793214
2022,41500,500,95.27471379913887
2022,41550,500,369.6851509001859
2022,41570,500,6.724978405760546
2022,41590,500,416.8864134931485
2022,41610,500,438.9649958822565
2022,41630,500,396.07611315992693
2022,41650,500,1546.1188556852233
2022,41670,500,375.5309907018994
2022,41800,500,146.39818668860585
2022,41820,500,2258.626896882473
2022,41830,500,1171.863696354672
2022,43111,500,408.00428163088895
2022,43112,500,69.45572400672216
2022,43113,500,66.39199080125631
2022,43114,500,67.44080249654556
2022,43130,500,1218.0861188731342
2022,43150,500,2190.90132538996
2022,43720,500,870.0538970787635
2022,43730,500,341.4349046103273
2022,43740,500,1271.3804628484509
2022,43745,500,18.61785191342344
2022,43750,500,405.9359699440428
2022,43760,500,2397.93638815985
2022,43770,500,342.9091801391108
2022,43800,500,2324.4186261906957
2022,44131,500,309.4815125754022
2022,44133,500,90.73285889749428
2022,44150,500,1234.2695919158298
2022,44180,500,1880.1025563099884
2022,44200,500,415.31513117166094
2022,44210,500,1905.90813363134
2022,44230,500,378.65770120645317
2022,44250,500,45.1415936771034
2022,44270,500,869.0294103054358
2022,44710,500,683.3028418545244
2022,44760,500,624.372662202872
2022,44770,500,1104.29305924304
2022,44790,500,1462.6268802900881
2022,44800,500,1120.3899879777175
2022,44810,500,645.0687496790164
2022,44825,500,1907.9420308047936
2022,45111,500,84.89879891628114
2022,45113,500,29.084486192506173
2022,45130,500,493.35381124474844
2022,45140,500,142.94978910493694
2022,45180,500,1922.556681587008
2022,45190,500,4036.393800194186
2022,45210,500,256.6290857906334
2022,45710,500,957.9603839561622
2022,45720,500,1047.6908202567545
2022,45730,500,1228.9860029446866
2022,45740,500,1166.1218760619006
2022,45750,500,1824.7681827971921
2022,45770,500,1969.8674706963889
2022,45790,500,1292.7533629829513
2022,45800,500,1016.228753173105
2022,46110,500,64.39744248419801
2022,46130,500,1801.4625089780047
2022,46150,500,2714.210645749115
2022,46170,500,705.2220136553527
2022,46230,500,1004.0536234968343
2022,46710,500,959.8038494610481
2022,46720,500,1426.9646984259275
2022,46730,500,873.9107901551098
2022,46770,500,2334.611004514394
2022,46780,500,1460.3559539956984
2022,46790,500,1730.6484549780373
2022,46800,500,1110.8347851422454
2022,46810,500,761.3084714789
2022,46820,500,2023.7481793104623
2022,46830,500,602.8833275232198
2022,46840,500,1036.9035335949688
2022,46860,500,804.7320548969122
2022,46870,500,1283.2465935007044
2022,46880,500,1557.7641819860355
2022,46890,500,772.788503548512
2022,46900,500,1344.3466790322739
2022,46910,500,1185.989510404684
2022,47111,500,1458.7888543464421
2022,47113,500,2547.8769852858177
2022,47130,500,4747.236537928897
2022,47150,500,1454.313087855964
2022,47170,500,4939.734810939596
2022,47190,500,1879.114564024096
2022,47210,500,1469.911647555163
2022,47230,500,3048.7270739189835
2022,47250,500,2044.2746735565227
2022,47280,500,1073.5550608563785
2022,47290,500,591.4414461577351
2022,47730,500,3366.9492984318817
2022,47750,500,2797.1170522955595
2022,47760,500,1700.1884889401063
2022,47770,500,3959.2628826968125
2022,47820,500,2165.9880706762015
2022,47830,500,1728.8547928893856
2022,47840,500,1717.7077373215031
2022,47850,500,2062.1914729281284
2022,47900,500,1102.031780330069
2022,47920,500,4308.60863516551
2022,47930,500,4576.556669186251
2022,47940,500,299.8613789947655
2022,48121,500,706.3568262773748
2022,48123,500,249.54049337101998
2022,48125,500,1845.8664326381204
2022,48127,500,345.90479319861305
2022,48129,500,514.3084335608189
2022,48170,500,2732.4127718754357
2022,48220,500,1249.8712648059804
2022,48240,500,1663.5035999384554
2022,48250,500,2354.2409646344267
2022,48270,500,2338.3899991177605
2022,48310,500,1739.3042255979205
2022,48330,500,1052.0078805896997
2022,48720,500,1375.5904640224448
2022,48730,500,1461.2630130831762
2022,48740,500,2461.2211082891868
2022,48820,500,3024.1006495820975
2022,48840,500,1589.7460607997045
2022,48850,500,1389.5997760908747
2022,48860,500,2807.621051191815
2022,48870,500,2756.9238138500627
2022,48880,500,2384.165922575917
2022,48890,500,3384.644637200112
2022,50110,500,93.02672482156198
2022,50130,500,48.90527217461491
2022,51110,500,3056.5161341203307
2022,51130,500,1870.9506498442083
2022,51150,500,4512.900022922043
2022,51170,500,843.4720825103864
2022,51190,500,913.6617712317368
2022,51210,500,381.5029426171067
2022,51230,500,3536.8803152109504
2022,51720,500,5466.7618881579965
2022,51730,500,3320.142841587982
2022,51750,500,4341.606565176827
2022,51760,500,3609.5955463890396
2022,51770,500,3680.0505979379855
2022,51780,500,120.18720045078283
2022,51790,500,703.1704872830799
2022,51800,500,1222.394924045269
2022,51810,500,4247.7571736311365
2022,51820,500,422.4252145509268
2022,51830,500,3951.4518821517
2023,11110,100,2.8768051120937765
2023,11140,100,0.0
2023,11170,100,0.0
2023,11200,100,0.0
2023,11215,100,0.0
2023,11230,100,0.0
2023,11260,100,0.6848673898810087
2023,11290,100,2.7996113065265353
2023,11305,100,0.0
2023,11320,100,0.0
2023,11350,100,12.663975636154609
2023,11380,100,0.0
2023,11410,100,2.8128979484820587
2023,11440,100,2.5138927439852368
2023,11470,100,0.0
2023,11500,100,1.177202253727145
2023,11530,100,0.0
2023,11545,100,1.3076795785895667
2023,11590,100,0.0
2023,11620,100,34.448420235898425
2023,11650,100,6.335605750191277
2023,11680,100,1.4495822173019077
2023,11710,100,0.3836997166914151
2023,11740,100,2.2249673669583987
2023,26110,100,0.0
2023,26140,100,0.15450536485523883
2023,26170,100,12.443904221317434
2023,26200,100,0.0
2023,26230,100,1.5040840037146979
2023,26260,100,8.699765737103505
2023,26290,100,10.24646340297893
2023,26320,100,14.161745400854057
2023,26350,100,75.80140149905804
2023,26380,100,0.019965259629185186
2023,26410,100,43.59820928579368
2023,26440,100,60.10125978898585
2023,26470,100,0.23542970002058705
2023,26500,100,8.322033935652488
2023,26530,100,0.0
2023,26710,100,289.3958494288821
2023,27140,100,102.32259369518589
2023,27170,100,0.7216109922877073
2023,27200,100,0.0
2023,27230,100,54.1137284270684
2023,27260,100,16.025685188311986
2023,27290,100,1.7953680418355895
2023,27710,100,126.34055633494724
2023,27720,100,206.64388854417504
2023,28110,100,3.947809946960742
2023,28177,100,0.0
2023,28185,100,0.0
2023,28200,100,3.761158715109761
2023,28237,100,1.011790479562176
2023,28245,100,0.22103071332448704
2023,28260,100,0.29149534953925643
2023,28710,100,2.1064771457068803
2023,28720,100,0.0
2023,29110,100,20.75767006722241
2023,29140,100,0.047064419028566916
2023,29155,100,18.41043234849533
2023,29170,100,7.489250687556078
2023,29200,100,57.98949049213035
2023,30110,100,18.060496544084227
2023,30140,100,6.4243099032621895
2023,30170,100,9.842082883039065
2023,30200,100,34.76026538337699
2023,30230,100,4.188884808967811
2023,31110,100,41.238551459580975
2023,31140,100,22.25406422529721
2023,31170,100,0.0
2023,31200,100,51.480992230200386
2023,31710,100,427.752649127801
2023,36110,100,28.796416331854264
2023,41111,100,3.281132544576074
2023,41113,100,3.0373118967785433
2023,41115,100,0.0
2023,41117,100,1.501011955767512
2023,41131,100,4.4255695413889855
2023,41133,100,2.0106660596249437
2023,41135,100,8.426323660716884
2023,41150,100,20.245140175644632
2023,41171,100,11.296758270928697
2023,41173,100,12.551008064147885
2023,41190,100,0.43057550954163637
2023,41210,100,2.6572943716499386
2023,41220,100,12.99873462772735
2023,41250,100,1.5607816587560213
2023,41271,100,5.648363881126483
2023,41273,100,1.0274786922671966
2023,41281,100,4.042151104002189
2023,41285,100,1.1696652904166105
2023,41287,100,0.0
2023,41290,100,0.3733619594934174
2023,41310,100,7.385565085267011
2023,41360,100,117.02267631449247
2023,41370,100,1.3833418578003664
2023,41390,100,10.524782357873756
2023,41410,100,5.617256110537937
2023,41430,100,7.002521547508232
2023,41450,100,6.901171118513415
2023,41461,100,44.47396090575274
2023,41463,100,11.29091841805506
2023,41465,100,1.3951608020048374
2023,41480,100,20.050386691616968
2023,41500,100,18.269475664861783
2023,41550,100,45.80739728877289
2023,41570,100,0.3239318122849168
2023,41590,100,55.92590242575033
2023,41610,100,63.8024907292907
2023,41630,100,53.07955848186113
2023,41650,100,230.60809342145478
2023,41670,100,61.951916485535925
2023,41800,100,22.49911634376189
2023,41820,100,327.83795806843904
2023,41830,100,173.90912340964277
2023,43111,100,39.7788305488421
2023,43112,100,8.270425445881836
2023,43113,100,6.6965653101597145
2023,43114,100,8.788316260444164
2023,43130,100,167.38086161040127
2023,43150,100,286.71745790359205
2023,43720,100,100.46874964954002
2023,43730,100,55.60174893345735
2023,43740,100,135.2089599153109
2023,43745,100,1.2259987564874415
2023,43750,100,39.6618912979124
2023,43760,100,333.4640867973516
2023,43770,100,46.40823348140113
2023,43800,100,293.5669657514474
2023,44131,100,35.339379010933044
2023,44133,100,6.832979047030672
2023,44150,100,154.63671519772345
2023,44180,100,252.84087469818596
2023,44200,100,44.12398055043681
2023,44210,100,211.28372143512388
2023,44230,100,30.51103600738407
2023,44250,100,6.323501318586376
2023,44270,100,118.75632932153344
2023,44710,100,82.90537528210308
2023,44760,100,67.50723893795094
2023,44770,100,163.37371759590135
2023,44790,100,178.7115550492554
2023,44800,100,114.05468023365033
2023,44810,100,79.5184970944516
2023,44825,100,259.89171553017025
2023,45111,100,10.758459293730319
2023,45113,100,4.433519780205162
2023,45130,100,73.01943980327992
2023,45140,100,16.821885954439438
2023,45180,100,223.26230842802198
2023,45190,100,607.7124678274611
2023,45210,100,31.427783299382792
2023,45710,100,117.48754261941886
2023,45720,100,139.85701360797339
2023,45730,100,145.33474861559344
2023,45740,100,190.76901767146614
2023,45750,100,252.22677504763212
2023,45770,100,185.42271180309316
2023,45790,100,158.2593672141192
2023,45800,100,151.53184556906254
2023,46110,100,9.106462460375731
2023,46130,100,240.56987660551803
2023,46150,100,355.5515455349288
2023,46170,100,101.41142582658438
2023,46230,100,145.2471641116229
2023,46710,100,124.39849276291365
2023,46720,100,119.50058072732799
2023,46730,100,113.30546346625634
2023,46770,100,333.6356712954717
2023,46780,100,246.3627062311076
2023,46790,100,180.01127116723555
2023,46800,100,180.24615498331156
2023,46810,100,124.61403136085062
2023,46820,100,278.56483638157556
2023,46830,100,76.61171875569359
2023,46840,100,154.48891333329658
2023,46860,100,92.37858325592985
2023,46870,100,128.13094651718484
2023,46880,100,226.4839959879148
2023,46890,100,115.82541686127843
2023,46900,100,182.76137114467238
2023,46910,100,136.01872025336087
2023,47111,100,189.8661775304724
2023,47113,100,367.17481430386107
2023,47130,100,625.3679423374087
2023,47150,100,179.96882570920724
2023,47170,100,545.2338717087115
2023,47190,100,222.53705358668668
2023,47210,100,189.88253034456142
2023,47230,100,361.48317877763105
2023,47250,100,206.03409318191316
2023,47280,100,115.86153366100996
2023,47290,100,78.07456166430178
2023,47730,100,402.4722269417548
2023,47750,100,286.4101064317433
2023,47760,100,185.12980561059814
2023,47770,100,504.6896118410124
2023,47820,100,232.58415079866396
2023,47830,100,208.12521727663915
2023,47840,100,204.36736834588075
2023,47850,100,213.35308901513872
2023,47900,100,125.59067604636701
2023,47920,100,560.8080666999496
2023,47930,100,683.8848659687155
2023,47940,100,60.98755449287094
2023,48121,100,96.21634065679346
2023,48123,100,23.03595474647444
2023,48125,100,273.009708759801
2023,48127,100,16.175670076819106
2023,48129,100,89.37935837901736
2023,48170,100,299.40018438783227
2023,48220,100,171.7217751634845
2023,48240,100,178.77212516884597
2023,48250,100,353.43141264423576
2023,48270,100,361.29447103162977
2023,48310,100,317.57070943077986
2023,48330,100,115.95578150856912
2023,48720,100,124.01434058658583
2023,48730,100,164.92390022056153
2023,48740,100,335.9282940598391
2023,48820,100,417.29291523222
2023,48840,100,211.12808332165625
2023,48850,100,172.20370086355285
2023,48860,100,331.46905202517047
2023,48870,100,346.657509279598
2023,48880,100,288.6403085488185
2023,48890,100,427.389462579484
2023,50110,100,13.049609311064621
2023,50130,100,4.036797246130675
2023,51110,100,506.84721628627807
2023,51130,100,249.5435819768124
2023,51150,100,613.5460605885403
2023,51170,100,152.66769834996072
2023,51190,100,114.27954087955204
2023,51210,100,56.74388529009804
2023,51230,100,497.08118862912676
2023,51720,100,779.0472887086336
2023,51730,100,410.5668914839696
2023,51750,100,533.2296341526535
2023,51760,100,479.2012236962636
2023,51770,100,503.30745707205676
2023,51780,100,9.160445651694376
2023,51790,100,84.16005139676452
2023,51800,100,151.20960231266295
2023,51810,100,649.6975835600811
2023,51820,100,73.8989921418634
2023,51830,100,604.8604877032475
2023,11110,300,11.348880935458192
2023,11140,300,0.0
2023,11170,300,0.0
2023,11200,300,0.12945003314035755
2023,11215,300,3.744743734594654
2023,11230,300,0.25463566669938165
2023,11260,300,3.553081556685909
2023,11290,300,14.455485724530602
2023,11305,300,0.0
2023,11320,300,0.0
2023,11350,300,43.83238725437436
2023,11380,300,0.5900843382034981
2023,11410,300,18.768008458808833
2023,11440,300,4.61250681849115
2023,11470,300,0.5934607261599107
2023,11500,300,6.337241868750745
2023,11530,300,0.0
2023,11545,300,9.005174755764143
2023,11590,300,0.9262890023256019
2023,11620,300,84.65488079022464
2023,11650,300,21.933529394049348
2023,11680,300,3.4031431455022876
2023,11710,300,0.4568895871957915
2023,11740,300,8.921368712902089
2023,26110,300,0.0
2023,26140,300,0.9222033678486272
2023,26170,300,32.11688492221626
2023,26200,300,0.0
2023,26230,300,11.184760510743553
2023,26260,300,31.21599934973892
2023,26290,300,38.49723721165396
2023,26320,300,61.00657250793004
2023,26350,300,263.6372236409901
2023,26380,300,6.628377361138561
2023,26410,300,254.08622211119643
2023,26440,300,267.42108542620963
2023,26470,300,0.4811133050050459
2023,26500,300,35.722927708276515
2023,26530,300,1.8899178340697436
2023,26710,300,1150.8774363023938
2023,27140,300,352.24787967565504
2023,27170,300,9.974788945640682
2023,27200,300,1.8166257100962968
2023,27230,300,225.3960833945788
2023,27260,300,78.79003895697171
2023,27290,300,11.355704508270524
2023,27710,300,603.6551883634063
2023,27720,300,1030.3852634021093
2023,28110,300,35.36200761113269
2023,28177,300,2.6522291594058527
2023,28185,300,0.9277061960075879
2023,28200,300,10.032966650054489
2023,28237,300,2.9212577179858004
2023,28245,300,3.8167434278334564
2023,28260,300,0.821953355306459
2023,28710,300,6.2547483144186335
2023,28720,300,0.0
2023,29110,300,110.82300989092302
2023,29140,300,4.636242952201928
2023,29155,300,76.35697122406167
2023,29170,300,33.994961173425985
2023,29200,300,225.26065228723547
2023,30110,300,95.21889079239033
2023,30140,300,22.817412564247967
2023,30170,300,48.42421720503353
2023,30200,300,144.08259695407537
2023,30230,300,19.640507963826362
2023,31110,300,144.21751029102788
2023,31140,300,70.90765536893689
2023,31170,300,0.0
2023,31200,300,185.72804005495283
2023,31710,300,1853.157714019987
2023,36110,300,132.43513543951056
2023,41111,300,14.435674595622858
2023,41113,300,10.963405842424578
2023,41115,300,1.2504034498086845
2023,41117,300,8.809154597949277
2023,41131,300,21.6696977968036
2023,41133,300,4.4660085468701505
2023,41135,300,27.271235583303454
2023,41150,300,80.41190042494885
2023,41171,300,57.09370803214455
2023,41173,300,40.332564450733166
2023,41190,300,5.753217324223113
2023,41210,300,9.318320866267667
2023,41220,300,66.90992926895179
2023,41250,300,7.459189621345828
2023,41271,300,20.03282213770945
2023,41273,300,15.177059762865637
2023,41281,300,19.396564680094045
2023,41285,300,2.0837150157770754
2023,41287,300,0.0
2023,41290,300,2.788894110101338
2023,41310,300,20.482034814242546
2023,41360,300,426.5689777588849
2023,41370,300,14.669632231072802
2023,41390,300,49.29411406935596
2023,41410,300,11.60513519648893
2023,41430,300,19.1735164791219
2023,41450,300,26.915397110375768
2023,41461,300,193.52221452390472
2023,41463,300,34.32744355200388
2023,41465,300,5.620954612755586
2023,41480,300,92.2776568219806
2023,41500,300,60.31707746712086
2023,41550,300,211.46723825830318
2023,41570,300,2.9790435644882405
2023,41590,300,241.96065691320334
2023,41610,300,265.8076090814874
2023,41630,300,218.8243081495322
2023,41650,300,910.4658098516255
2023,41670,300,208.81326183009136
2023,41800,300,82.80531388049307
2023,41820,300,1298.9121754255316
2023,41830,300,713.9620988036601
2023,43111,300,220.34619089081323
2023,43112,300,44.593873669313176
2023,43113,300,46.685107439009805
2023,43114,300,35.40526637403944
2023,43130,300,684.7548891804414
2023,43150,300,1207.01716629462
2023,43720,300,474.73572389690355
2023,43730,300,190.17948899705206
2023,43740,300,663.4076766675291
2023,43745,300,6.910155638592048
2023,43750,300,207.3467012926381
2023,43760,300,1305.8578691545388
2023,43770,300,186.02903136084663
2023,43800,300,1241.0625019360498
2023,44131,300,159.9055613725704
2023,44133,300,40.601238602504274
2023,44150,300,676.7840015893579
2023,44180,300,1038.2973025955835
2023,44200,300,218.42513971127508
2023,44210,300,1031.0562581994052
2023,44230,300,185.06465355678267
2023,44250,300,26.23347695919247
2023,44270,300,523.2006741496276
2023,44710,300,348.1987313049622
2023,44760,300,316.03611465951667
2023,44770,300,651.0086707369878
2023,44790,300,796.2777438510839
2023,44800,300,572.1383008862547
2023,44810,300,326.97205235596516
2023,44825,300,1074.1200265721711
2023,45111,300,48.93511300622386
2023,45113,300,16.144473281205617
2023,45130,300,291.55883233260846
2023,45140,300,68.88695455997913
2023,45180,300,989.4722441513205
2023,45190,300,2278.1653772209684
2023,45210,300,143.2594307583371
2023,45710,300,512.0480421375485
2023,45720,300,595.5845116702595
2023,45730,300,644.6846317414978
2023,45740,300,636.2075241989817
2023,45750,300,1001.0783206592544
2023,45770,300,977.8578111796254
2023,45790,300,651.0664354667206
2023,45800,300,580.0447439928266
2023,46110,300,40.94001892063419
2023,46130,300,1002.6216823637459
2023,46150,300,1515.6865403649676
2023,46170,300,393.70762867478095
2023,46230,300,556.3896043958915
2023,46710,300,535.175820480783
2023,46720,300,640.9428468991371
2023,46730,300,452.78418518086636
2023,46770,300,1317.8240160100302
2023,46780,300,843.7386540129404
2023,46790,300,882.9639470138527
2023,46800,300,624.4325067844402
2023,46810,300,439.8962567575805
2023,46820,300,1093.0785140920964
2023,46830,300,322.5805250447106
2023,46840,300,574.2333139565316
2023,46860,300,418.813381914493
2023,46870,300,654.6817918093892
2023,46880,300,865.5905531826421
2023,46890,300,452.61109521736296
2023,46900,300,753.1502927816508
2023,46910,300,621.0461256159814
2023,47111,300,815.7821602302541
2023,47113,300,1421.660960977906
2023,47130,300,2529.7520208836413
2023,47150,300,777.8773434845323
2023,47170,300,2631.656540476937
2023,47190,300,968.4878526456791
2023,47210,300,804.134360275878
2023,47230,300,1600.085369893543
2023,47250,300,1002.1901629849101
2023,47280,300,556.7272697542317
2023,47290,300,305.5103903683169
2023,47730,300,1749.2544215134178
2023,47750,300,1362.0130230054694
2023,47760,300,871.603760408092
2023,47770,300,2140.72153985274
2023,47820,300,1049.2775998846566
2023,47830,300,917.4016624247447
2023,47840,300,883.388740112739
2023,47850,300,1119.44245372413
2023,47900,300,605.2547262589527
2023,47920,300,2385.758722174843
2023,47930,300,2608.5284615375253
2023,47940,300,185.40820632492773
2023,48121,300,390.22125552880107
2023,48123,300,120.90136818062169
2023,48125,300,1013.535195773105
2023,48127,300,143.56270655908756
2023,48129,300,330.8045006652461
2023,48170,300,1403.945051453354
2023,48220,300,726.3548224527007
2023,48240,300,864.9858475684784
2023,48250,300,1343.775056129991
2023,48270,300,1243.2515020518633
2023,48310,300,1037.7418819135323
2023,48330,300,522.9932714527831
2023,48720,300,662.5543640902374
2023,48730,300,743.8889539734637
2023,48740,300,1318.754934549929
2023,48820,300,1623.1929476866103
2023,48840,300,874.6182308537489
2023,48850,300,719.2822306775861
2023,48860,300,1361.1756668125445
2023,48870,300,1457.6375620284416
2023,48880,300,1223.6670032235252
2023,48890,300,1795.2191547023888
2023,50110,300,54.987102295614385
2023,50130,300,22.572050752143024
2023,51110,300,1816.6118714552574
2023,51130,300,1042.178554152207
2023,51150,300,2521.1197798289018
2023,51170,300,499.0685488537523
2023,51190,300,502.8360385370059
2023,51210,300,213.9495811938203
2023,51230,300,2023.649807536866
2023,51720,300,3085.278971545952
2023,51730,300,1820.8258523681834
2023,51750,300,2420.6051425722785
2023,51760,300,2016.0526130959713
2023,51770,300,2043.8333192716154
2023,51780,300,47.832336107387036
2023,51790,300,380.4285759986978
2023,51800,300,653.9352675171956
2023,51810,300,2453.8763312789206
2023,51820,300,242.29576453521588
2023,51830,300,2282.277462913649
2023,11110,500,19.522312179214907
2023,11140,500,0.0
2023,11170,500,2.6680745497764486
2023,11200,500,0.8279910484522119
2023,11215,500,9.054133661813239
2023,11230,500,3.188139658618038
2023,11260,500,10.440231839434826
2023,11290,500,39.275420032723446
2023,11305,500,0.0
2023,11320,500,0.04526485166205282
2023,11350,500,80.53730365685789
2023,11380,500,1.9970067407697127
2023,11410,500,37.1849218659019
2023,11440,500,7.264676943284032
2023,11470,500,2.2959671685329033
2023,11500,500,14.037842562217044
2023,11530,500,0.04687304712279109
2023,11545,500,16.519493834622953
2023,11590,500,2.4776617962183693
2023,11620,500,126.40160647370988
2023,11650,500,34.17939277963576
2023,11680,500,4.006846711924125
2023,11710,500,0.8191990533685339
2023,11740,500,15.703035601206048
2023,26110,500,0.4871901533246758
2023,26140,500,5.206261159304786
2023,26170,500,51.96895461166483
2023,26200,500,0.0
2023,26230,500,33.041770384457315
2023,26260,500,58.98495921145667
2023,26290,500,71.69553145665184
2023,26320,500,131.09175877017722
2023,26350,500,472.740481257826
2023,26380,500,39.8175968627135
2023,26410,500,482.10441116931105
2023,26440,500,480.3314984003743
2023,26470,500,5.564977328321975
2023,26500,500,61.073620349929634
2023,26530,500,11.341566894255696
2023,26710,500,1849.8438867305983
2023,27140,500,583.4891923276537
2023,27170,500,23.240938256701945
2023,27200,500,10.024113637996086
2023,27230,500,404.0370232072314
2023,27260,500,163.4102490258122
2023,27290,500,33.6188389792586
2023,27710,500,1141.798422791607
2023,27720,500,2050.272098355482
2023,28110,500,73.54416022359958
2023,28177,500,8.690120118592993
2023,28185,500,4.304328271971332
2023,28200,500,21.036510224499477
2023,28237,500,8.109844058904288
2023,28245,500,4.002020555848312
2023,28260,500,1.535474779265661
2023,28710,500,12.26417441252548
2023,28720,500,0.0
2023,29110,500,194.59129215806854
2023,29140,500,19.419302067196085
2023,29155,500,122.52622186941878
2023,29170,500,63.49826964020787
2023,29200,500,392.3758188919056
2023,30110,500,154.4090551107747
2023,30140,500,37.20630971242315
2023,30170,500,92.98486786788693
2023,30200,500,254.16323005510947
2023,30230,500,30.49860961145814
2023,31110,500,243.31663874855073
2023,31140,500,129.03346822193868
2023,31170,500,0.0
2023,31200,500,351.64906155925723
2023,31710,500,3185.2491872122314
2023,36110,500,225.59816195909121
2023,41111,500,26.996012555039197
2023,41113,500,31.960394677206285
2023,41115,500,7.803126571646033
2023,41117,500,12.305008960167232
2023,41131,500,34.57056266489728
2023,41133,500,10.441505555548082
2023,41135,500,34.94141494947015
2023,41150,500,123.20592721726521
2023,41171,500,107.97720779656137
2023,41173,500,57.33164682383259
2023,41190,500,15.030994738219952
2023,41210,500,13.829605679886422
2023,41220,500,112.66887052644574
2023,41250,500,13.713468483516767
2023,41271,500,42.909147342263765
2023,41273,500,36.73919862663933
2023,41281,500,40.88297085990602
2023,41285,500,7.259727430357672
2023,41287,500,0.3769493281828587
2023,41290,500,9.628899517261246
2023,41310,500,49.53535806649848
2023,41360,500,742.4530193374821
2023,41370,500,48.117894624329985
2023,41390,500,75.66109917359377
2023,41410,500,22.912420487274588
2023,41430,500,26.308583053731986
2023,41450,500,44.850744070096525
2023,41461,500,317.9273385829227
2023,41463,500,60.67358286141051
2023,41465,500,8.409923973499149
2023,41480,500,162.81578909734552
2023,41500,500,95.2747137988481
2023,41550,500,369.68515047510937
2023,41570,500,6.724978405800414
2023,41590,500,416.85235992238813
2023,41610,500,438.9649953770623
2023,41630,500,396.07611325903156
2023,41650,500,1636.7852047068404
2023,41670,500,375.53099073324444
2023,41800,500,146.34550990363596
2023,41820,500,2258.6268965083636
2023,41830,500,1256.5158515615665
2023,43111,500,408.00428163118585
2023,43112,500,69.45572400660743
2023,43113,500,66.39199080105524
2023,43114,500,67.4408024969322
2023,43130,500,1218.0861187370497
2023,43150,500,2193.36923842764
2023,43720,500,870.0538970828349
2023,43730,500,341.0288909138375
2023,43740,500,1271.1157943650162
2023,43745,500,18.617851913501635
2023,43750,500,405.93596994131303
2023,43760,500,2397.9363888538296
2023,43770,500,342.9091806931808
2023,43800,500,2324.418626306567
2023,44131,500,313.74124072094645
2023,44133,500,90.73285889659081
2023,44150,500,1234.269591933254
2023,44180,500,1880.3372497574176
2023,44200,500,432.2306710508311
2023,44210,500,1905.9081340088062
2023,44230,500,378.65770120728735
2023,44250,500,45.141592914220325
2023,44270,500,869.5070386801647
2023,44710,500,683.3028416810561
2023,44760,500,624.3726622015588
2023,44770,500,1104.2930592396553
2023,44790,500,1462.6268815081576
2023,44800,500,1120.3899880709032
2023,44810,500,645.0553081230105
2023,44825,500,1907.9132201401032
2023,45111,500,84.89879891618128
2023,45113,500,29.08448590977711
2023,45130,500,493.3538112141762
2023,45140,500,142.94978910501723
2023,45180,500,1922.5566810337707
2023,45190,500,4036.880186978032
2023,45210,500,256.62908559030774
2023,45710,500,957.9603822533984
2023,45720,500,1047.6908200334121
2023,45730,500,1228.9860025321186
2023,45740,500,1166.121876226738
2023,45750,500,1824.768182749014
2023,45770,500,1970.4746595218564
2023,45790,500,1297.084766079501
2023,45800,500,1047.4790687683956
2023,46110,500,64.39744250214443
2023,46130,500,1801.439943726819
2023,46150,500,2714.2106476042286
2023,46170,500,706.7346627875792
2023,46230,500,1004.0536274739535
2023,46710,500,959.8038494651329
2023,46720,500,1426.964697397318
2023,46730,500,878.8174189486615
2023,46770,500,2334.6110044529955
2023,46780,500,1460.3559536218595
2023,46790,500,1730.648454852552
2023,46800,500,1113.5832476224293
2023,46810,500,761.3084713669355
2023,46820,500,2023.7481788584307
2023,46830,500,602.8833273261093
2023,46840,500,1054.389725862883
2023,46860,500,804.7570058855674
2023,46870,500,1284.8125124459693
2023,46880,500,1597.9918610366958
2023,46890,500,772.7885035294229
2023,46900,500,1344.3466789249833
2023,46910,500,1185.989506087217
2023,47111,500,1458.9345731727622
2023,47113,500,2548.970803209159
2023,47130,500,4747.236538165637
2023,47150,500,1483.4488045644719
2023,47170,500,4939.734809557728
2023,47190,500,1879.1145618348944
2023,47210,500,1469.9116475580292
2023,47230,500,3048.727074649094
2023,47250,500,2044.2746747574047
2023,47280,500,1073.5550608578112
2023,47290,500,591.4414461577214
2023,47730,500,3366.9492991430916
2023,47750,500,2739.676313667587
2023,47760,500,1700.1884880950313
2023,47770,500,3959.262879380961
2023,47820,500,2151.4500491882163
2023,47830,500,1728.854793773262
2023,47840,500,1717.707736810401
2023,47850,500,2062.191472282989
2023,47900,500,1102.0317785133504
2023,47920,500,4295.976444465209
2023,47930,500,4576.556664425981
2023,47940,500,283.86290540812234
2023,48121,500,755.6598027823928
2023,48123,500,249.77420389553305
2023,48125,500,1845.8135567073048
2023,48127,500,345.90479319915426
2023,48129,500,514.4338244721679
2023,48170,500,2732.4127713244593
2023,48220,500,1249.8712644263092
2023,48240,500,1663.503599934435
2023,48250,500,2354.2409647462277
2023,48270,500,2338.3899999115947
2023,48310,500,1739.3042266363964
2023,48330,500,1052.0078798497668
2023,48720,500,1375.590464027016
2023,48730,500,1461.2630148051162
2023,48740,500,2464.98828916319
2023,48820,500,3024.1006505054897
2023,48840,500,1589.7460621573723
2023,48850,500,1389.5997761921944
2023,48860,500,2727.6964586406057
2023,48870,500,2756.923814270182
2023,48880,500,2388.7645492522497
2023,48890,500,3384.644632583175
2023,50110,500,93.02672482143304
2023,50130,500,48.905272174486
2023,51110,500,3056.516136419738
2023,51130,500,1870.9506496435422
2023,51150,500,4512.900022744275
2023,51170,500,843.4720825624108
2023,51190,500,913.6617710747007
2023,51210,500,381.5029426134567
2023,51230,500,3536.8803145604797
2023,51720,500,5466.761887002315
2023,51730,500,3320.1428421931646
2023,51750,500,4341.606563522339
2023,51760,500,3609.5955445543736
2023,51770,500,3607.1920853501247
2023,51780,500,120.18720030193893
2023,51790,500,703.1704876814617
2023,51800,500,1222.3949240419695
2023,51810,500,4247.757170502663
2023,51820,500,422.42836916260876
2023,51830,500,3951.45188261316
