연도,시도,시군구,log_피해밀도_본per_ha,Y_bin,노출도_점수,기후위험도_점수,지자체대응역량_점수,인위적확산_점수,구조적취약성지수,위험지수,연속발생연수_L1,집단발생여부_L1,log_인접시군_피해밀도_본per_ha_L1,key,구조적취약성지수_gm,연속발생연수_L1_gm,집단발생여부_L1_gm,log_인접시군_피해밀도_본per_ha_L1_gm,Model2_예측확률,_decile
2017,강원특별자치도,강릉시,0.0,0,1.4236421522593732,-0.1347242120807633,0.1011191349139967,-0.7316514771248677,0.1645963994919347,0.1857554876845807,0.0,0.0,0.0020977980821461,강원특별자치도강릉시,0.37424388093510524,0.0,0.0,0.0008422999048079286,0.10372804181737823,4
2018,강원특별자치도,강릉시,0.0,0,1.4273779747201745,0.0322494374266911,0.6598233988354029,-0.7089852073400895,0.3526164009105447,0.2502140682689253,0.0,0.0,0.0001999800026662,강원특별자치도강릉시,0.37424388093510524,0.0,0.0,0.0008422999048079286,0.0790291116582318,4
2019,강원특별자치도,강릉시,0.0,0,1.4273779747201745,0.5486539190433505,0.6638779072792427,-0.7080252949921289,0.4829711265126596,0.422668866257132,0.0,0.0,0.0002999550089979,강원특별자치도강릉시,0.37424388093510524,0.0,0.0,0.0008422999048079286,0.06499941700509226,3
2020,강원특별자치도,강릉시,0.0,0,1.4680695983605032,0.1073075353046697,0.6912197662605586,-0.6642022635862006,0.4005986590848827,0.3037249566929907,0.0,0.0,0.000499875041651,강원특별자치도강릉시,0.37424388093510524,0.0,0.0,0.0008422999048079286,0.07352895632480612,3
2021,강원특별자치도,강릉시,0.0,0,1.4680695983605032,0.0394874087044146,0.661977496328156,-0.674585564678633,0.3737372346786101,0.2776571474620949,0.0,0.0,0.0013990209137073,강원특별자치도강릉시,0.37424388093510524,0.0,0.0,0.0008422999048079286,0.07639485047002302,4
2022,강원특별자치도,강릉시,0.0,0,1.4680695983605032,0.3406994619219713,0.7039822447798993,-0.6644016965412087,0.4620874021302913,0.3814557879137553,0.0,0.0,0.000499875041651,강원특별자치도강릉시,0.37424388093510524,0.0,0.0,0.0008422999048079286,0.06704965839846146,3
2023,강원특별자치도,강릉시,0.0,0,1.4680695983605032,-0.0261408709545316,0.7311373456691725,-0.6406662981278901,0.3830999437368135,0.2670874764260271,0.0,0.0,0.000899595242836,강원특별자치도강릉시,0.37424388093510524,0.0,0.0,0.0008422999048079286,0.07541343886968023,3
2017,강원특별자치도,고성군,0.0,0,-0.5840768603374551,0.1017559334141928,0.711348555417926,-0.0286829090434911,0.0500861798627931,-0.1703346119889177,0.0,0.0,0.0,강원특별자치도고성군,0.05096813266812887,0.0,0.0,0.0,0.06711936596145499,3
2018,강원특별자치도,고성군,0.0,0,-0.5771527249082069,0.240363735889947,0.6598233988354029,-0.0049093220202607,0.0795312719492205,-0.1138994370128402,0.0,0.0,0.0,강원특별자치도고성군,0.05096813266812887,0.0,0.0,0.0,0.06420498046547567,3
2019,강원특별자치도,고성군,0.0,0,-0.5771527249082069,0.0587138491843101,0.6638779072792427,0.0919121975104187,0.0593378072664411,-0.1421755594044926,0.0,0.0,0.0,강원특별자치도고성군,0.05096813266812887,0.0,0.0,0.0,0.06619068144676889,3
2020,강원특별자치도,고성군,0.0,0,-0.557556422795553,0.1990600326022201,0.6912197662605586,0.13299575412172,0.1164297825472364,-0.0751668786905376,0.0,0.0,0.0,강원특별자치도고성군,0.05096813266812887,0.0,0.0,0.0,0.060719278464965325,2
2021,강원특별자치도,고성군,0.0,0,-0.557556422795553,-0.4300150628676205,0.661977496328156,0.1469162471740266,-0.0446694355402477,-0.2802184128297156,0.0,0.0,0.0,강원특별자치도고성군,0.05096813266812887,0.0,0.0,0.0,0.07734981172577043,4
2022,강원특별자치도,고성군,0.0,0,-0.557556422795553,-0.0051974855538495,0.7039822447798993,0.1681478350186964,0.0773440428622983,-0.131535357776902,0.0,0.0,0.0,강원특별자치도고성군,0.05096813266812887,0.0,0.0,0.0,0.06441735052026096,3
2023,강원특별자치도,고성군,0.0,0,-0.557556422795553,-0.2891342349026611,0.7311373456691725,0.1904224309456831,0.0187172797291604,-0.2187560755841769,0.0,0.0,0.0,강원특별자치도고성군,0.05096813266812887,0.0,0.0,0.0,0.07035889078097758,3
2017,강원특별자치도,동해시,0.0,0,1.3439542868926868,-0.2823678784274288,0.711348555417926,0.5998392810473276,0.5931935612326279,0.5538085631708619,1.0,0.0,0.0002999550089979,강원특별자치도동해시,0.3559786114734031,0.2857142857142857,0.0,0.00011427428752343214,0.07976475931656285,4
2018,강원특별자치도,동해시,0.0,0,1.3478166558736846,-0.5098068814242872,0.6598233988354029,0.2918427887346307,0.4474189905048578,0.3766175210613427,0.0,0.0,9.999500033330834e-05,강원특별자치도동해시,0.3559786114734031,0.2857142857142857,0.0,0.00011427428752343214,0.09784910425419055,4
2019,강원특별자치도,동해시,0.0,0,1.3478166558736846,-0.2433108551734614,0.6638779072792427,0.1872321671092512,0.4889039687721792,0.430579322603158,0.0,0.0,9.999500033330834e-05,강원특별자치도동해시,0.3559786114734031,0.2857142857142857,0.0,0.00011427428752343214,0.09209716450238584,4
2020,강원특별자치도,동해시,0.0,0,1.121073045554748,-1.117375926966444,0.6912197662605586,0.0434962438338184,0.1846032821706702,0.0157311208073741,0.0,0.0,0.0001999800026662,강원특별자치도동해시,0.3559786114734031,0.2857142857142857,0.0,0.00011427428752343214,0.14215406069196815,5
2021,강원특별자치도,동해시,0.0,0,1.121073045554748,-0.5129163242956538,0.661977496328156,0.0604358213168162,0.3326425097260166,0.2228641808586368,0.0,0.0,9.999500033330834e-05,강원특별자치도동해시,0.3559786114734031,0.2857142857142857,0.0,0.00011427428752343214,0.11545852374420107,5
2022,강원특별자치도,동해시,0.0016985566355814,1,1.121073045554748,-0.4146333451376682,0.7039822447798993,0.0831524928567815,0.3733936095134401,0.2631973977579537,0.0,0.0,0.0,강원특별자치도동해시,0.3559786114734031,0.2857142857142857,0.0,0.00011427428752343214,0.10893281327844466,4
2023,강원특별자치도,동해시,0.0007996801705643,1,1.121073045554748,-0.7103739561366259,-0.2296902772255737,0.1057686213835724,0.0716943583940301,0.1721559036005648,1.0,0.0,0.0,강원특별자치도동해시,0.3559786114734031,0.2857142857142857,0.0,0.00011427428752343214,0.16750495635928953,5
2017,강원특별자치도,삼척시,0.0,0,2.2604806558958863,-1.1483490081522854,0.711348555417926,0.5977223039432937,0.6053006267762051,0.5699513172289649,1.0,0.0,0.0003999200213269,강원특별자치도삼척시,0.6154326742186939,0.2857142857142857,0.0,0.00017140286342671903,0.12658613036812064,5
2018,강원특별자치도,삼척시,0.0,0,2.262887555814788,-0.8576025090221293,0.6598233988354029,0.6216961189912049,0.6717011411548166,0.6756603885946212,0.0,0.0,9.999500033330834e-05,강원특별자치도삼척시,0.6154326742186939,0.2857142857142857,0.0,0.00017140286342671903,0.11411044852516067,4
2019,강원특별자치도,삼척시,0.0,0,2.262887555814788,-0.9477092929297748,0.6638779072792427,0.5176069087482086,0.6241657697281161,0.6109283905444073,0.0,0.0,9.999500033330834e-05,강원특별자치도삼척시,0.6154326742186939,0.2857142857142857,0.0,0.00017140286342671903,0.12209650528272893,5
2020,강원특별자치도,삼척시,0.0,0,2.2113019106287095,-1.0961054547402918,0.6912197662605586,0.5511119645530307,0.5893820466755018,0.5554361401471495,0.0,0.0,9.999500033330834e-05,강원특별자치도삼척시,0.6154326742186939,0.2857142857142857,0.0,0.00017140286342671903,0.12824121826481735,5
2021,강원특별자치도,삼척시,0.0,0,2.2113019106287095,-1.064634421970654,0.661977496328156,0.5666971413646948,0.5938355315877266,0.5711215433409168,0.0,0.0,9.999500033330834e-05,강원특별자치도삼척시,0.6154326742186939,0.2857142857142857,0.0,0.00017140286342671903,0.12744001077908682,5
2022,강원특별자치도,삼척시,0.0,0,2.2113019106287095,-0.9599620715414257,0.7039822447798993,0.5887475849802445,0.6360174172118569,0.613362474689176,1.0,0.0,0.0,강원특별자치도삼척시,0.6154326742186939,0.2857142857142857,0.0,0.00017140286342671903,0.12130216398967632,5
2023,강원특별자치도,삼척시,0.0,0,2.2113019106287095,-1.203145008237484,0.7311373456691725,0.611210497526139,0.5876261863966343,0.5397891333057881,0.0,0.0,0.0003999200213269,강원특별자치도삼척시,0.6154326742186939,0.2857142857142857,0.0,0.00017140286342671903,0.12848326570672297,5
2017,강원특별자치도,속초시,0.0,0,0.4828047669376144,0.1017559334141928,0.711348555417926,-0.1475713224308809,0.2870844833347131,0.1456631259736421,0.0,0.0,0.0,강원특별자치도속초시,0.262265840757281,0.0,0.0,0.0,0.0704725880062208,3
2018,강원특별자치도,속초시,0.0,0,0.4880346650225446,0.240363735889947,0.6598233988354029,-0.121738807976336,0.3166207479428897,0.2022198643120519,0.0,0.0,0.0,강원특별자치도속초시,0.262265840757281,0.0,0.0,0.0,0.0674138762401458,3
2019,강원특별자치도,속초시,0.0,0,0.4880346650225446,0.0587138491843101,0.6638779072792427,-0.233273350445418,0.2443382677601699,0.1044917212538122,0.0,0.0,0.0,강원특별자치도속초시,0.262265840757281,0.0,0.0,0.0,0.07512678781613794,3
2020,강원특별자치도,속초시,0.0,0,0.5694144955199854,0.1990600326022201,0.6912197662605586,-0.1769592996987936,0.3206837486709926,0.197171742807804,0.0,0.0,0.0,강원특별자치도속초시,0.262265840757281,0.0,0.0,0.0,0.06700288246440776,3
2021,강원특별자치도,속초시,0.0,0,0.5694144955199854,-0.4300150628676205,0.661977496328156,-0.1601294496181535,0.1603118698405918,-0.0069100056552629,0.0,0.0,0.0,강원특별자치도속초시,0.262265840757281,0.0,0.0,0.0,0.08510691281503067,4
2022,강원특별자치도,속초시,0.0,0,0.5694144955199854,-0.0051974855538495,0.7039822447798993,-0.1374667528443498,0.2826831254754213,0.1422500857072619,0.0,0.0,0.0,강원특별자치도속초시,0.262265840757281,0.0,0.0,0.0,0.0709392211952518,3
2023,강원특별자치도,속초시,0.0,0,0.5694144955199854,-0.2891342349026611,0.7311373456691725,-0.1148630371817425,0.2241386422761885,0.0551390744785272,0.0,0.0,0.0,강원특별자치도속초시,0.262265840757281,0.0,0.0,0.0,0.0774230369392807,4
2017,강원특별자치도,양구군,0.0,0,0.019746821957062,-0.1075909288287461,0.711348555417926,0.3814441098746076,0.2512371396052124,0.0978666676676411,0.0,0.0,0.0373921192170626,강원특별자치도양구군,0.03589850809957747,0.0,0.0,0.014290628169518215,0.04405421698327602,1
2018,강원특별자치도,양구군,0.0,0,0.0257120687844511,-1.0285072298792195,-0.2448803137229977,0.2124973458208919,-0.2587945322492186,-0.2634326050912922,0.0,0.0,0.00329456694943,강원특별자치도양구군,0.03589850809957747,0.0,0.0,0.014290628169518215,0.10172789094126415,4
2019,강원특별자치도,양구군,0.0,0,0.0257120687844511,-0.8864741706909118,0.6638779072792427,0.1617250358284177,-0.0087897896997,-0.2330123553593476,0.0,0.0,0.0014988761237358,강원특별자치도양구군,0.03589850809957747,0.0,0.0,0.014290628169518215,0.07059694579726317,3
2020,강원특별자치도,양구군,0.0,0,0.047246694338129,-0.555241004017446,0.6912197662605586,0.0042423822475805,0.0468669597072055,-0.1679173091439121,0.0,0.0,0.0031948908965191,강원특별자치도양구군,0.03589850809957747,0.0,0.0,0.014290628169518215,0.06469746487994109,3
2021,강원특별자치도,양구군,0.0,0,0.047246694338129,-0.7358042974743192,0.661977496328156,0.021852898515129,-0.0011818020732262,-0.2222349015403537,0.0,0.0,0.0258626595257273,강원특별자치도양구군,0.03589850809957747,0.0,0.0,0.014290628169518215,0.06634478296741941,3
2022,강원특별자치도,양구군,0.0,0,0.047246694338129,-0.0437589669483646,0.7039822447798993,0.0448996039684717,0.1880923940345339,0.0161291104527454,0.0,0.0,0.0137056470561119,강원특별자치도양구군,0.03589850809957747,0.0,0.0,0.014290628169518215,0.05105268695409557,1
2023,강원특별자치도,양구군,0.0,0,0.047246694338129,-0.7105389226688518,0.7311373456691725,0.0675916321504918,0.0338591873722353,-0.1985668653934103,0.0,0.0,0.0150856374180408,강원특별자치도양구군,0.03589850809957747,0.0,0.0,0.014290628169518215,0.06436144371103461,3
2017,강원특별자치도,양양군,0.0,0,1.112088100478616,0.1017559334141928,0.711348555417926,0.9845385137123078,0.7274327757557607,0.7327941825350389,1.0,0.0,0.0021975835434872,강원특별자치도양양군,0.5888315363002182,0.42857142857142855,0.0,0.0008708128781057428,0.1218009868554155,5
2018,강원특별자치도,양양군,0.0,0,1.1163186793358215,0.240363735889947,0.6598233988354029,1.0063166623549735,0.7557056191040363,0.7876663591935807,2.0,0.0,0.0001999800026662,강원특별자치도양양군,0.5888315363002182,0.42857142857142855,0.0,0.0008708128781057428,0.11866067061122018,5
2019,강원특별자치도,양양군,0.0,0,1.1163186793358215,0.0587138491843101,0.6638779072792427,0.9104481540171028,0.6873396474541194,0.6951602275124116,0.0,0.0,0.0002999550089979,강원특별자치도양양군,0.5888315363002182,0.42857142857142855,0.0,0.0008708128781057428,0.1280821777442219,5
2020,강원특별자치도,양양군,0.0,0,1.126266119440084,0.1990600326022201,-0.011071339607259,0.9514971290938018,0.5664379853822117,0.7589410937120352,0.0,0.0,0.000499875041651,강원특별자치도양양군,0.5888315363002182,0.42857142857142855,0.0,0.0008708128781057428,0.15143514120560725,5
2021,강원특별자치도,양양군,0.0,0,1.126266119440084,-0.4300150628676205,-0.0783867707992117,0.9656083811238312,0.3958681667242708,0.553953145898765,0.0,0.0,0.001598721363697,강원특별자치도양양군,0.5888315363002182,0.42857142857142855,0.0,0.0008708128781057428,0.18990605296716595,5
2022,강원특별자치도,양양군,0.0,0,1.126266119440084,-0.0051974855538495,-0.0110556416323979,0.9869338030609388,0.524236698828694,0.7026674789823911,0.0,0.0,0.0005998200719676,강원특별자치도양양군,0.5888315363002182,0.42857142857142855,0.0,0.0008708128781057428,0.16036449543722853,5
2023,강원특별자치도,양양군,0.0,0,1.126266119440084,-0.2891342349026611,0.0128375803588451,1.0092299785134715,0.4647998608524348,0.6154539543502981,0.0,0.0,0.0006997551142733,강원특별자치도양양군,0.5888315363002182,0.42857142857142855,0.0,0.0008708128781057428,0.17366994889923376,5
2017,강원특별자치도,영월군,0.0,0,1.0310724552869883,0.109507373252842,0.711348555417926,0.1773563794241658,0.5073211908454806,0.4393120693213321,0.0,0.0,0.0025966258472659,강원특별자치도영월군,0.3089443524102032,0.0,0.0,0.000999058591260387,0.05493949619639334,1
2018,강원특별자치도,영월군,0.0,0,1.0354316892152429,-0.0178681260002783,0.6598233988354029,0.2081069891468466,0.4713734877993034,0.4085568507872703,0.0,0.0,0.0002999550089979,강원특별자치도영월군,0.3089443524102032,0.0,0.0,0.000999058591260387,0.05831101293159714,2
2019,강원특별자치도,영월군,0.0,0,1.0354316892152429,-0.2366655863613126,-0.1873650919886015,0.1901255873828449,0.2003816495620434,0.3296305634122584,0.0,0.0,9.999500033330834e-05,강원특별자치도영월군,0.3089443524102032,0.0,0.0,0.000999058591260387,0.08752952822073554,4
2020,강원특별자치도,영월군,0.0,0,1.0700500391284964,-0.2165799326649652,-0.2100217814616966,0.2371826394830157,0.2201577411212125,0.3635509153155156,0.0,0.0,0.0003999200213269,강원특별자치도영월군,0.3089443524102032,0.0,0.0,0.000999058591260387,0.0849621955441735,4
2021,강원특별자치도,영월군,0.0,0,1.0700500391284964,-0.1370629529377829,-0.2464495554842272,0.1806143592178654,0.2167879724810879,0.3712004818028596,0.0,0.0,0.000499875041651,강원특별자치도영월군,0.3089443524102032,0.0,0.0,0.000999058591260387,0.08536843315285916,4
2022,강원특별자치도,영월군,0.0,0,1.0700500391284964,0.1748843442602375,-0.1966190818271715,0.1709649649602484,0.3048200666304527,0.4719664494496607,0.0,0.0,0.0007996801705643,강원특별자치도영월군,0.3089443524102032,0.0,0.0,0.000999058591260387,0.07486464075708435,3
2023,강원특별자치도,영월군,0.0,0,1.0700500391284964,-0.1391262446200303,-0.1262946741537533,0.1624443133726555,0.241768358431842,0.3644560359603739,0.0,0.0,0.0022973590486834,강원특별자치도영월군,0.3089443524102032,0.0,0.0,0.000999058591260387,0.08197079378572819,4
2017,강원특별자치도,원주시,0.000499875041651,1,-0.1082996276687789,0.3797102556649759,-0.1538082679769525,-0.898128368533646,-0.1951315021286003,-0.208905913512483,1.0,0.0,0.0450689633675781,강원특별자치도원주시,-0.1801355978834233,4.0,0.42857142857142855,0.0171204002634712,0.989810277715729,8
2018,강원특별자치도,원주시,0.0002999550089979,1,-0.1021310395603916,0.0627680128955157,0.6598233988354029,-0.9640516719447464,-0.0858978249435548,-0.3344715662032074,2.0,0.0,0.0029955089797984,강원특별자치도원주시,-0.1801355978834233,4.0,0.42857142857142855,0.0171204002634712,0.9890706001260428,8
2019,강원특별자치도,원주시,0.001598721363697,1,-0.1021310395603916,-0.0477523496368171,0.0240547948622843,-0.9892698542883198,-0.278774612155811,-0.3797177478285096,3.0,0.0,0.0025966258472659,강원특별자치도원주시,-0.1801355978834233,4.0,0.42857142857142855,0.0171204002634712,0.9920679823626044,8
2020,강원특별자치도,원주시,0.0023971245997214,1,-0.0752127430961639,-0.0076600021018995,0.0928034143192757,-0.9480929438540484,-0.234540568683209,-0.3436552296840372,4.0,1.0,0.0072734839664983,강원특별자치도원주시,-0.1801355978834233,4.0,0.42857142857142855,0.0171204002634712,0.9984439394343694,8
2021,강원특별자치도,원주시,0.0025966258472659,1,-0.0752127430961639,0.1173385827118348,0.661977496328156,-0.929317973484051,-0.056303659385056,-0.29573071128946,5.0,1.0,0.011533235813673,강원특별자치도원주시,-0.1801355978834233,4.0,0.42857142857142855,0.0171204002634712,0.997930553089249,8
2022,강원특별자치도,원주시,0.004987541511039,1,-0.0752127430961639,0.4162629963387108,0.0403410627197175,-0.9172415820489954,-0.1339625665216827,-0.1920637762688162,6.0,1.0,0.0160701801774944,강원특별자치도원주시,-0.1801355978834233,4.0,0.42857142857142855,0.0171204002634712,0.998176267719187,8
2023,강원특별자치도,원주시,0.0055843782939006,1,-0.0752127430961639,-0.0013903723162784,-0.1276964542171526,-0.9010542358346014,-0.2763384513660491,-0.3258857837490146,7.0,0.0,0.0343048036919903,강원특별자치도원주시,-0.1801355978834233,4.0,0.42857142857142855,0.0171204002634712,0.9918375440232586,8
2017,강원특별자치도,인제군,0.0,0,0.40162051478409,-0.1075909288287461,-0.2116561359001872,0.5882539737039063,0.1676568559397657,0.2940945198864167,1.0,0.0,0.0264471700148482,강원특별자치도인제군,0.16507973705202608,1.0,0.0,0.010138321712350072,0.23976900303616036,5
2018,강원특별자치도,인제군,0.0,0,0.4069793356925582,-1.0285072298792195,-0.2435815704400331,0.6130596677314859,-0.0630124492238021,-0.0028227421517252,0.0,0.0,0.0022973590486834,강원특별자치도인제군,0.16507973705202608,1.0,0.0,0.010138321712350072,0.3231602429331973,6
2019,강원특별자치도,인제군,0.0,0,0.4069793356925582,-0.8864741706909118,-0.1378356716083951,0.4296249340048619,-0.0469263931504717,-0.0166233003311639,1.0,0.0,0.001199280575482,강원특별자치도인제군,0.16507973705202608,1.0,0.0,0.010138321712350072,0.32053348858904157,6
2020,강원특별자치도,인제군,0.0,0,0.5115201657210631,-0.555241004017446,0.6912197662605586,0.3701251921882121,0.2544060300380969,0.1088014512972764,2.0,0.0,0.0024968801985871,강원특별자치도인제군,0.16507973705202608,1.0,0.0,0.010138321712350072,0.22636268769322188,5
2021,강원특별자치도,인제군,0.0,0,0.5115201657210631,-0.7358042974743192,0.661977496328156,0.3877817190314227,0.2063687709015806,0.0544991957593888,3.0,0.0,0.0184291354683671,강원특별자치도인제군,0.16507973705202608,1.0,0.0,0.010138321712350072,0.23585023843281766,5
2022,강원특별자치도,인제군,0.0,0,0.5115201657210631,-0.0437589669483646,0.7039822447798993,0.4108510570269469,0.3956486251448862,0.2928707519332151,0.0,0.0,0.0095542128048116,강원특별자치도인제군,0.16507973705202608,1.0,0.0,0.010138321712350072,0.1830881070153844,5
2023,강원특별자치도,인제군,0.0,0,0.5115201657210631,-0.7105389226688518,0.7311373456691725,0.4335482901351242,0.241416719714127,0.0781765110624451,0.0,0.0,0.0105442138756711,강원특별자치도인제군,0.16507973705202608,1.0,0.0,0.010138321712350072,0.22288813662483276,5
2017,강원특별자치도,정선군,0.0003999200213269,1,0.8375222009640674,-0.3652518491328164,-0.1072009672111516,0.1017381778488262,0.1167018906172314,0.1913361765600257,1.0,0.0,0.0001999800026662,강원특별자치도정선군,0.029548784186263527,4.0,0.0,7.14192873805857e-05,0.959582725964542,7
2018,강원특별자치도,정선군,0.0002999550089979,1,0.8421887980153645,-0.451016873537144,-0.1480248496859482,0.0462935540707262,0.0723601572157496,0.1458218261829822,2.0,0.0,0.0,강원특별자치도정선군,0.029548784186263527,4.0,0.0,7.14192873805857e-05,0.9626983904997922,7
2019,강원특별자치도,정선군,0.0005998200719676,1,0.8421887980153645,-0.8326547157820373,-0.2570546322644506,-0.113266611118278,-0.0901967902873503,-0.0345775096283169,3.0,0.0,0.0,강원특별자치도정선군,0.029548784186263527,4.0,0.0,7.14192873805857e-05,0.9713759217724374,7
2020,강원특별자치도,정선군,0.0002999550089979,1,0.8430536021812542,-0.8508244081283318,-0.0753895674195935,-0.0977686556721957,-0.0452322572597167,-0.0351798205397577,4.0,0.0,0.0,강원특별자치도정선군,0.029548784186263527,4.0,0.0,7.14192873805857e-05,0.9696277027959794,7
2021,강원특별자치도,정선군,9.999500033330834e-05,1,0.8430536021812542,-0.5652694086808915,-0.0272066488344956,-0.1006160903347362,0.0374903635827827,0.0590560343885421,5.0,0.0,0.0,강원특별자치도정선군,0.029548784186263527,4.0,0.0,7.14192873805857e-05,0.9658211888396492,7
2022,강원특별자치도,정선군,9.999500033330834e-05,1,0.8430536021812542,-0.107960560167845,-0.1158397332716997,-0.0757747501424167,0.1358696396498231,0.2197727639569975,6.0,0.0,0.0,강원특별자치도정선군,0.029548784186263527,4.0,0.0,7.14192873805857e-05,0.9606117063741959,7
2023,강원특별자치도,정선군,0.0005998200719676,1,0.8430536021812542,-0.714279644027692,-0.1567100147523623,-0.0526700002599005,-0.0201515142146751,0.0253679859645539,7.0,0.0,0.0002999550089979,강원특별자치도정선군,0.029548784186263527,4.0,0.0,7.14192873805857e-05,0.9694287669537047,7
2017,강원특별자치도,철원군,0.0,0,-1.2798545644766834,0.1149026697634641,0.711348555417926,-0.6631185675761027,-0.279180476717849,-0.6093568207631074,0.0,0.0,0.0539198419894304,강원특별자치도철원군,-0.396434527138923,0.0,0.0,0.023566771339770632,0.04101078921923168,1
2018,강원특별자치도,철원군,0.0,0,-1.271825514931792,-0.3010961116522894,0.6598233988354029,-0.6358196532038871,-0.3872294702381414,-0.7362470932626562,0.0,0.0,0.0194103935198233,강원특별자치도철원군,-0.396434527138923,0.0,0.0,0.023566771339770632,0.052122230396191,1
2019,강원특별자치도,철원군,0.0,0,-1.271825514931792,-0.4134257234408778,0.6638779072792427,-0.7531438016638952,-0.4436292831893306,-0.812798346678855,0.0,0.0,0.0167587838149547,강원특별자치도철원군,-0.396434527138923,0.0,0.0,0.023566771339770632,0.057124101551261956,2
2020,강원특별자치도,철원군,0.0,0,-1.254462716196399,-0.0411580580282044,0.6912197662605586,-0.9641330640352396,-0.3921335179998211,-0.7532512794199476,0.0,0.0,0.0157749191153622,강원특별자치도철원군,-0.396434527138923,0.0,0.0,0.023566771339770632,0.0529200039415232,1
2021,강원특별자치도,철원군,0.0,0,-1.254462716196399,-0.340630521348622,0.661977496328156,-0.9441749780617732,-0.4693226798196596,-0.8464227385355981,0.0,0.0,0.0257652078860264,강원특별자치도철원군,-0.396434527138923,0.0,0.0,0.023566771339770632,0.05828462578828954,2
2022,강원특별자치도,철원군,0.0,0,-1.254462716196399,0.1730268284736057,0.7039822447798993,-0.9199735061307572,-0.3243567872684127,-0.6671364646178501,0.0,0.0,0.0076705063042197,강원특별자치도철원군,-0.396434527138923,0.0,0.0,0.023566771339770632,0.0485282533547326,1
2023,강원특별자치도,철원군,0.0,0,-1.254462716196399,-0.4964166182726138,0.7311373456691725,-0.8970159101571468,-0.4791894747392468,-0.8826317482087198,0.0,0.0,0.0256677467485777,강원특별자치도철원군,-0.396434527138923,0.0,0.0,0.023566771339770632,0.059176751325102785,2
2017,강원특별자치도,춘천시,0.0129162252665463,1,0.2366596784378706,0.5328844803037756,-0.2077230130558786,-0.7476927744976125,-0.0464679072029612,0.0072837947480112,1.0,0.0,0.004489905272852,강원특별자치도춘천시,-0.13893949945265008,4.0,0.2857142857142857,0.001825989005208543,0.982652731890115,8
2018,강원특별자치도,춘천시,0.0058826631581554,1,0.2422804616879356,0.0291802823707566,0.6598233988354029,-0.7423488296990673,0.0472338282987569,-0.1569626952134583,2.0,1.0,0.0013990209137073,강원특별자치도춘천시,-0.13893949945265008,4.0,0.2857142857142857,0.001825989005208543,0.9963504898843265,8
2019,강원특별자치도,춘천시,0.0127187724077746,1,0.2422804616879356,-0.03271320769376,-0.3441077091132704,-0.7296670490342901,-0.2160518760383462,-0.1733665983467048,3.0,0.0,0.0003999200213269,강원특별자치도춘천시,-0.13893949945265008,4.0,0.2857142857142857,0.001825989005208543,0.987163248110382,8
2020,강원특별자치도,춘천시,0.0996643231129453,1,0.2667279511911443,0.0831966362325779,-0.2779579026125551,-0.7319401884527881,-0.1649933759104052,-0.1273385336763552,4.0,0.0,0.0006997551142733,강원특별자치도춘천시,-0.13893949945265008,4.0,0.2857142857142857,0.001825989005208543,0.9862237424157243,8
2021,강원특별자치도,춘천시,0.0535407669280298,1,0.2667279511911443,-0.1018212777506092,-0.3255788805032903,-0.7289382408834196,-0.2224026119865437,-0.1880105224809615,5.0,1.0,0.0030952049073024,강원특별자치도춘천시,-0.13893949945265008,4.0,0.2857142857142857,0.001825989005208543,0.9977060745898139,8
2022,강원특별자치도,춘천시,0.0591176044830888,1,0.2667279511911443,0.5224955983170306,-0.2908779186154596,-0.7446846529246989,-0.0615847555079958,0.0148462988611586,6.0,0.0,0.0010993954433009,강원특별자치도춘천시,-0.13893949945265008,4.0,0.2857142857142857,0.001825989005208543,0.9841112272800596,8
2023,강원특별자치도,춘천시,0.1089440869891791,1,0.2667279511911443,-0.449440255691677,-0.3160179454832533,-0.734508941300435,-0.3083097978210553,-0.3057404152669892,7.0,0.0,0.001598721363697,강원특별자치도춘천시,-0.13893949945265008,4.0,0.2857142857142857,0.001825989005208543,0.9893825460230709,8
2017,강원특별자치도,태백시,0.0,0,0.1718513774586161,-1.1483490081522854,0.711348555417926,-0.7408638942806384,-0.2515032423890954,-0.5724538416581025,0.0,0.0,0.0001999800026662,강원특별자치도태백시,-0.20490608770620825,0.0,0.0,9.99921437617607e-05,0.06463706014444127,3
2018,강원특별자치도,태백시,0.0,0,0.1775750780717079,-0.8576025090221293,0.6598233988354029,-0.703641354813919,-0.1809613467322343,-0.4612229285881135,0.0,0.0,9.999500033330834e-05,강원특별자치도태백시,-0.20490608770620825,0.0,0.0,9.99921437617607e-05,0.05809931063326059,2
2019,강원특별자치도,태백시,0.0,0,0.1775750780717079,-0.9477092929297748,0.6638779072792427,-0.6552450117019136,-0.1903753298201844,-0.4751264088533268,0.0,0.0,9.999500033330834e-05,강원특별자치도태백시,-0.20490608770620825,0.0,0.0,9.99921437617607e-05,0.05893616068601103,2
2020,강원특별자치도,태백시,0.0,0,0.2232940100566748,-1.0961054547402918,0.6912197662605586,-0.6613806250560655,-0.2107430758697809,-0.5113973565798942,0.0,0.0,0.0001999800026662,강원특별자치도태백시,-0.20490608770620825,0.0,0.0,9.99921437617607e-05,0.06077279790481607,2
2021,강원특별자치도,태백시,0.0,0,0.2232940100566748,-1.064634421970654,0.661977496328156,-0.6384491350182462,-0.2044530126510173,-0.4932631823107418,0.0,0.0,9.999500033330834e-05,강원특별자치도태백시,-0.20490608770620825,0.0,0.0,9.99921437617607e-05,0.06020869009126947,2
2022,강원특별자치도,태백시,0.0,0,0.2232940100566748,-0.9599620715414257,0.7039822447798993,-0.6391726984223016,-0.1679646287817882,-0.4586135866356841,0.0,0.0,0.0,강원특별자치도태백시,-0.20490608770620825,0.0,0.0,9.99921437617607e-05,0.05697428412599677,2
2023,강원특별자치도,태백시,0.0,0,0.2232940100566748,-1.203145008237484,0.7311373456691725,-0.6646542582857925,-0.2283419776993572,-0.5481684188222006,0.0,0.0,0.0,강원특별자치도태백시,-0.20490608770620825,0.0,0.0,9.99921437617607e-05,0.062440163450664055,2
2017,강원특별자치도,평창군,0.0,0,0.2905190648289226,-2.4303477438538743,0.711348555417926,-0.3790926690788416,-0.4518931981714668,-0.839640449367931,0.0,0.0,0.0023971245997214,강원특별자치도평창군,-0.40843619948024656,0.0,0.0,0.0009421594446184144,0.05880798886150304,2
2018,강원특별자치도,평창군,0.0,0,0.2960543178932268,-2.071236334838423,0.6598233988354029,-0.3590719703481581,-0.3686076471144879,-0.7114179957644514,0.0,0.0,0.0001999800026662,강원특별자치도평창군,-0.40843619948024656,0.0,0.0,0.0009421594446184144,0.05203762516170653,1
2019,강원특별자치도,평창군,0.0,0,0.2960543178932268,-2.1939162544992494,0.6638779072792427,-0.361484909858886,-0.3988672347964165,-0.7531156154883029,0.0,0.0,0.0002999550089979,강원특별자치도평창군,-0.40843619948024656,0.0,0.0,0.0009421594446184144,0.0544880144168235,1
2020,강원특별자치도,평창군,0.0,0,0.3125051085909485,-2.093461202576128,0.6912197662605586,-0.3475480150790968,-0.3593210857009294,-0.7095013696880921,0.0,0.0,0.0005998200719676,강원특별자치도평창군,-0.40843619948024656,0.0,0.0,0.0009421594446184144,0.051259952615135405,1
2021,강원특별자치도,평창군,0.0,0,0.3125051085909485,-2.459411048391932,0.661977496328156,-0.3669773412421711,-0.4629764461787496,-0.8379610936810516,0.0,0.0,0.0013990209137073,강원특별자치도평창군,-0.40843619948024656,0.0,0.0,0.0009421594446184144,0.05993112848275914,2
2022,강원특별자치도,평창군,0.0,0,0.3125051085909485,-1.9338849785771772,0.7039822447798993,-0.367391045658321,-0.3211971677161626,-0.6629236385481833,0.0,0.0,0.0005998200719676,강원특별자치도평창군,-0.40843619948024656,0.0,0.0,0.0009421594446184144,0.04834960121476901,1
2023,강원특별자치도,평창군,0.0,0,0.3125051085909485,-2.6593934373467176,0.7311373456691725,-0.3690114836474559,-0.4961906166835131,-0.9052999374677416,0.0,0.0,0.0010993954433009,강원특별자치도평창군,-0.40843619948024656,0.0,0.0,0.0009421594446184144,0.06306220110498899,2
2017,강원특별자치도,홍천군,0.0006997551142733,1,0.6857759352565447,0.5271713699613246,-0.0616900823647522,-0.5623514915995929,0.1472264328133811,0.2168652712060922,1.0,1.0,0.0533511754969945,강원특별자치도홍천군,0.12560209137697448,4.0,0.7142857142857143,0.020457074300048585,0.9993260339287178,8
2018,강원특별자치도,홍천군,0.0009995003330835,1,0.6906835095480995,0.0399288517648443,-0.0602349418846622,-0.5210616909403862,0.0373289321219738,0.0698502234575191,2.0,0.0,0.0046889894861315,강원특별자치도홍천군,0.12560209137697448,4.0,0.7142857142857143,0.020457074300048585,0.9972505976664755,8
2019,강원특별자치도,홍천군,0.001998002662673,1,0.6906835095480995,0.004873694426707,0.6638779072792427,-0.5271632137378639,0.2080679743790463,0.0561313300789808,3.0,1.0,0.0027960873020012,강원특별자치도홍천군,0.12560209137697448,4.0,0.7142857142857143,0.020457074300048585,0.9993509329385628,8
2020,강원특별자치도,홍천군,0.0064789660977091,1,0.6880107926249426,-0.0956471728367677,0.6912197662605586,-0.5152521035632707,0.1920828206213656,0.0257038387416346,4.0,1.0,0.0071742037480003,강원특별자치도홍천군,0.12560209137697448,4.0,0.7142857142857143,0.020457074300048585,0.9993685176767734,9
2021,강원특별자치도,홍천군,0.0022973590486834,1,0.6880107926249426,-0.2974586183009726,0.661977496328156,-0.5176893224296288,0.1337100870556242,-0.0423790493685529,5.0,1.0,0.02244618882983,강원특별자치도홍천군,0.12560209137697448,4.0,0.7142857142857143,0.020457074300048585,0.9994120955985969,9
2022,강원특별자치도,홍천군,0.0025966258472659,1,0.6880107926249426,0.4808833085678866,0.001450687041455,-0.4906123932074288,0.1699330987567138,0.2260939026618,6.0,1.0,0.0190180058357618,강원특별자치도홍천군,0.12560209137697448,4.0,0.7142857142857143,0.020457074300048585,0.9993885312107941,9
2023,강원특별자치도,홍천군,0.0064789660977091,1,0.6880107926249426,-0.1916666214212693,-0.0525298675282498,-0.4803531281125576,-0.0091347061092835,0.0053303476970385,7.0,0.0,0.0337248694016208,강원특별자치도홍천군,0.12560209137697448,4.0,0.7142857142857143,0.020457074300048585,0.9974295152016144,8
2017,강원특별자치도,화천군,0.0,0,-0.8703925575092183,0.3569814912624249,0.711348555417926,-0.206816620654868,-0.0022197828709338,-0.2400758956338871,0.0,0.0,0.0730645708570051,강원특별자치도화천군,-0.042414518005474765,0.0,0.0,0.03021442895237866,0.051356439911018466,1
2018,강원특별자치도,화천군,0.0,0,-0.8630137448842891,-0.2608650239433713,0.6598233988354029,-0.1802082225470203,-0.1610658981348194,-0.4346956637915602,0.0,0.0,0.016463726030665,강원특별자치도화천군,-0.042414518005474765,0.0,0.0,0.03021442895237866,0.07354058340535875,3
2019,강원특별자치도,화천군,0.0,0,-0.8630137448842891,-0.1397107347911728,0.6638779072792427,-0.2361893843743985,-0.1437589891926544,-0.4129712880166201,0.0,0.0,0.0139029051689914,강원특별자치도화천군,-0.042414518005474765,0.0,0.0,0.03021442895237866,0.07204185473814237,3
2020,강원특별자치도,화천군,0.0,0,-0.6135402924862519,-0.0705978680583444,0.6912197662605586,-0.0244288708458717,-0.0043368162824773,-0.2361890104634893,0.0,0.0,0.0149871298082483,강원특별자치도화천군,-0.042414518005474765,0.0,0.0,0.03021442895237866,0.05824291533687506,2
2021,강원특별자치도,화천군,0.0,0,-0.6135402924862519,-0.1805289370841039,0.661977496328156,-0.0080317397882101,-0.0350308682576024,-0.2673669897861886,0.0,0.0,0.0421011760186353,강원특별자치도화천군,-0.042414518005474765,0.0,0.0,0.03021442895237866,0.05764104803098665,2
2022,강원특별자치도,화천군,0.0,0,-0.6135402924862519,0.2819353387061232,0.7039822447798993,0.0144181030623521,0.0966988485155307,-0.1057289502392588,0.0,0.0,0.0176434351725952,강원특별자치도화천군,-0.042414518005474765,0.0,0.0,0.03021442895237866,0.04963816047718813,1
2023,강원특별자치도,화천군,0.0,0,-0.6135402924862519,-0.343322400019986,0.7311373456691725,0.0369728675755977,-0.0471881198153668,-0.3066299416435467,0.0,0.0,0.0333380596105103,강원특별자치도화천군,-0.042414518005474765,0.0,0.0,0.03021442895237866,0.05980687405187045,2
2017,강원특별자치도,횡성군,9.999500033330834e-05,1,0.6777565666313068,0.3797102556649759,0.0047253839432324,-0.5966914622977693,0.1163751859854364,0.1535917866661711,1.0,0.0,0.0557184887563437,강원특별자치도횡성군,0.1888832996929764,4.0,0.0,0.021224384178770185,0.9665006536175572,7
2018,강원특별자치도,횡성군,0.0,0,0.6826768759006281,0.0627680128955157,0.6598233988354029,-0.5683099409570945,0.209239586668613,0.0590449826130164,2.0,0.0,0.0037927982386962,강원특별자치도횡성군,0.1888832996929764,4.0,0.0,0.021224384178770185,0.9657674742856713,7
2019,강원특별자치도,횡성군,0.0001999800026662,1,0.6826768759006281,-0.0477523496368171,0.6638779072792427,-0.5764603519639095,0.180585520394786,0.0194880580999671,3.0,0.0,0.00329456694943,강원특별자치도횡성군,0.1888832996929764,4.0,0.0,0.021224384178770185,0.9676595820249029,7
2020,강원특별자치도,횡성군,0.0003999200213269,1,0.6711966326669331,-0.0076600021018995,0.6912197662605586,-0.5372135150789972,0.2043857204366487,0.0421077051620121,4.0,0.0,0.0092570212626767,강원특별자치도횡성군,0.1888832996929764,4.0,0.0,0.021224384178770185,0.9663759871619174,7
2021,강원특별자치도,횡성군,0.0006997551142733,1,0.6711966326669331,0.1173385827118348,0.661977496328156,-0.5232693286102265,0.2318108457741743,0.0884219622561804,5.0,0.0,0.0150856374180408,강원특별자치도횡성군,0.1888832996929764,4.0,0.0,0.021224384178770185,0.9648555717924993,7
2022,강원특별자치도,횡성군,0.0026963615477426,1,0.6711966326669331,0.4162629963387108,0.7039822447798993,-0.5174557031352864,0.3184965426625642,0.1900013086234525,6.0,0.0,0.0197045832743354,강원특별자치도횡성군,0.1888832996929764,4.0,0.0,0.021224384178770185,0.959836100471147,7
2023,강원특별자치도,횡성군,0.001998002662673,1,0.6711966326669331,-0.0013903723162784,0.079336901418741,-0.5039843780549464,0.0612896959286123,0.055273960765236,7.0,0.0,0.0417175933518685,강원특별자치도횡성군,0.1888832996929764,4.0,0.0,0.021224384178770185,0.9721077248958423,7
2017,경기도,가평군,0.006379606964039,1,0.431158346921464,0.5328844803037756,-0.1301455521615433,-0.5178118173420798,0.0790213644304041,0.1487436699610532,1.0,1.0,0.1587970117469975,경기도가평군,-0.061963497350249315,4.0,1.0,0.0667366801682616,0.9995620283065509,9
2018,경기도,가평군,0.0009995003330835,1,0.4364702609407348,0.0291802823707566,-0.1000915564294236,-0.4803971324677319,-0.028709536396416,-0.0049155297187468,2.0,1.0,0.0395091330947124,경기도가평군,-0.061963497350249315,4.0,1.0,0.0667366801682616,0.9997211662910692,10
2019,경기도,가평군,0.0016985566355814,1,0.4364702609407348,-0.03271320769376,-0.3538548769447552,-0.4720869533595941,-0.1055461942643436,-0.0227766333708731,3.0,1.0,0.0285874568519125,경기도가평군,-0.061963497350249315,4.0,1.0,0.0667366801682616,0.9997623454996474,10
2020,경기도,가평군,0.009058844488346,1,0.3903062216169933,0.0831966362325779,-0.3548098010250865,-0.4437199906187699,-0.0812567334485712,0.0099276224102671,4.0,1.0,0.0358496528936972,경기도가평군,-0.061963497350249315,4.0,1.0,0.0667366801682616,0.999751672250447,10
2021,경기도,가평군,0.0029955089797984,1,0.3903062216169933,-0.1018212777506092,-0.355112010908843,-0.420794973572292,-0.1218555101536877,-0.0441033432353026,5.0,1.0,0.0836055838547969,경기도가평군,-0.061963497350249315,4.0,1.0,0.0667366801682616,0.9997441946183417,10
2022,경기도,가평군,0.0051865266873,1,0.3903062216169933,0.5224955983170306,-0.315269157158608,-0.3951340721146273,0.0505996476651971,0.1725559159397989,6.0,1.0,0.0444952398865512,경기도가평군,-0.061963497350249315,4.0,1.0,0.0667366801682616,0.9996939283497678,9
2023,경기도,가평군,0.0102473164515495,1,0.3903062216169933,-0.449440255691677,-0.3872517113899279,-0.4576043316727,-0.2259975192843279,-0.1722461219157945,7.0,1.0,0.0763126828491635,경기도가평군,-0.061963497350249315,4.0,1.0,0.0667366801682616,0.9997920696524324,10
2017,경기도,고양시,0.0,0,-1.2260584056963428,-0.2551150591258371,0.711348555417926,-1.26769216087273,-0.509379267569246,-0.9162885418983032,0.0,0.0,0.0003999200213269,경기도고양시,-0.53222882264697,0.0,0.0,0.0001714057191415607,0.050689369710301455,1
2018,경기도,고양시,0.0,0,-1.218114785930029,-0.924492494659737,0.6598233988354029,-1.2344358169084837,-0.6793049246657117,-1.1256810324994164,0.0,0.0,9.999500033330834e-05,경기도고양시,-0.53222882264697,0.0,0.0,0.0001714057191415607,0.0656712543459533,3
2019,경기도,고양시,0.0,0,-1.218114785930029,-0.3050882005954077,0.6638779072792427,-1.3735471110536062,-0.5582180475749501,-0.9655833658596809,0.0,0.0,0.0001999800026662,경기도고양시,-0.53222882264697,0.0,0.0,0.0001714057191415607,0.054641545167534125,1
2020,경기도,고양시,0.0,0,-1.1941935050474757,-0.2026336735917091,0.6912197662605586,-1.3130353724846773,-0.5046606962158258,-0.9032875170412872,0.0,0.0,9.999500033330834e-05,경기도고양시,-0.53222882264697,0.0,0.0,0.0001714057191415607,0.050356273711356134,1
2021,경기도,고양시,0.0,0,-1.1941935050474757,-0.3753416858157649,0.661977496328156,-1.2913457023691444,-0.5497258492260573,-0.953626964410795,0.0,0.0,0.0,경기도고양시,-0.53222882264697,0.0,0.0,0.0001714057191415607,0.05396082644541826,1
2022,경기도,고양시,0.0,0,-1.1941935050474757,0.2359351080137601,0.7039822447798993,-1.2662924664562154,-0.3801421546775078,-0.7415169544966437,0.0,0.0,9.999500033330834e-05,경기도고양시,-0.53222882264697,0.0,0.0,0.0001714057191415607,0.041571498639833185,1
2023,경기도,고양시,0.0,0,-1.1941935050474757,-0.4704881292323676,0.7311373456691725,-1.2431389857872954,-0.5441708185994916,-0.9692735400223796,0.0,0.0,0.0002999550089979,경기도고양시,-0.53222882264697,0.0,0.0,0.0001714057191415607,0.05347116950457544,1
2017,경기도,과천시,0.0,0,-0.7258858532281587,0.4944529949088515,0.711348555417926,-1.1057186716733964,-0.1564507436436944,-0.4457171766642345,0.0,0.0,0.0291703772997798,경기도과천시,-0.3028935597448705,0.0,0.0,0.0146086137599368,0.04317634337285539,1
2018,경기도,과천시,0.0,0,-0.7187365212209834,0.0847911984516939,0.6598233988354029,-1.0801456509367895,-0.263566893717669,-0.5713636579020264,0.0,0.0,0.0218593343528935,경기도과천시,-0.3028935597448705,0.0,0.0,0.0146086137599368,0.051702506380262414,1
2019,경기도,과천시,0.0,0,-0.7187365212209834,-0.1048780248097556,0.6638779072792427,-0.9909457776018552,-0.2876706040883379,-0.6048534412108647,0.0,0.0,0.01911611719223,경기도과천시,-0.3028935597448705,0.0,0.0,0.0146086137599368,0.053954823506402516,1
2020,경기도,과천시,0.0,0,-0.6829923781885141,-0.0357736974842993,0.6912197662605586,-0.9409047003496817,-0.2421127524404841,-0.5532235920074983,0.0,0.0,0.0130149370774946,경기도과천시,-0.3028935597448705,0.0,0.0,0.0146086137599368,0.050978501979943455,1
2021,경기도,과천시,0.0,0,-0.6829923781885141,-0.1137687574494563,0.661977496328156,-0.925670930324196,-0.2651136424085026,-0.5741440219873889,0.0,0.0,0.0128175037106144,경기도과천시,-0.3028935597448705,0.0,0.0,0.0146086137599368,0.05282629089074967,1
2022,경기도,과천시,0.0,0,-0.6829923781885141,0.3839084051576065,-0.4363239586297287,-0.9037933432486176,-0.4098003187273135,-0.4009591054265084,0.0,0.0,0.0002999550089979,경기도과천시,-0.3028935597448705,0.0,0.0,0.0146086137599368,0.06754292046620237,3
2023,경기도,과천시,0.0,0,-0.6829923781885141,-0.125484661592804,-0.2923126295300282,-0.881370183441021,-0.4955399631880918,-0.5632824077407798,0.0,0.0,0.0059820716775474,경기도과천시,-0.3028935597448705,0.0,0.0,0.0146086137599368,0.07589993159011266,4
2017,경기도,광명시,0.0,0,-1.2665346144868008,0.4944529949088515,0.711348555417926,-1.2122173253086923,-0.3182375973671789,-0.6614329816288805,0.0,0.0,0.0,경기도광명시,-0.382889670306449,0.0,0.0,0.0,0.050681175442948395,1
2018,경기도,광명시,0.0,0,-1.2585267173885544,0.0847911984516939,0.6598233988354029,-1.1831433740395745,-0.4242638735352579,-0.7856262976588116,0.0,0.0,0.0,경기도광명시,-0.382889670306449,0.0,0.0,0.0,0.05957410792287561,2
2019,경기도,광명시,0.0,0,-1.2585267173885544,-0.1048780248097556,0.6638779072792427,-1.1064573721604711,-0.4514960517698846,-0.8232873714529271,0.0,0.0,0.0,경기도광명시,-0.382889670306449,0.0,0.0,0.0,0.06208403946309312,2
2020,경기도,광명시,0.0,0,-1.22685076236705,-0.0357736974842993,0.6912197662605586,-1.013789580247498,-0.3962985684595722,-0.7588046800329491,0.0,0.0,0.0,경기도광명시,-0.382889670306449,0.0,0.0,0.0,0.05709574621208087,2
2021,경기도,광명시,0.0,0,-1.22685076236705,-0.1137687574494563,0.661977496328156,-0.9964657272375642,-0.4187769376814786,-0.7790284156846902,0.0,0.0,0.0,경기도광명시,-0.382889670306449,0.0,0.0,0.0,0.05908002415183548,2
2022,경기도,광명시,0.0,0,-1.22685076236705,0.3839084051576065,0.7039822447798993,-0.973560031066902,-0.2781300358741115,-0.6055007960921152,0.0,0.0,0.0,경기도광명시,-0.382889670306449,0.0,0.0,0.0,0.047656553558207054,1
2023,경기도,광명시,0.0,0,-1.22685076236705,-0.125484661592804,0.7311373456691725,-0.950900431539956,-0.3930246274576593,-0.7677452851666033,0.0,0.0,0.0,경기도광명시,-0.382889670306449,0.0,0.0,0.0,0.056812014550567495,2
2017,경기도,광주시,0.5824949104563504,1,-0.914894257514973,0.4346482584958647,-0.542655128692245,-0.8727521916563954,-0.4739133298419372,-0.4509993968918346,1.0,1.0,0.1187603357208428,경기도광주시,-0.5766637150984294,4.0,1.0,0.05261006849462483,0.999529764607128,9
2018,경기도,광주시,0.4929874656361109,1,-0.907444774967432,0.0561106633207539,-0.640739789015015,-0.8734502461459168,-0.5913810367019026,-0.5749281192641983,2.0,1.0,0.0524026787930483,경기도광주시,-0.5766637150984294,4.0,1.0,0.05261006849462483,0.9996683201471303,9
2019,경기도,광주시,0.5183174895242862,1,-0.907444774967432,0.0951751107680139,-0.6801342481723195,-0.987999861201892,-0.6201009433934075,-0.6000898418004367,3.0,1.0,0.0320798934634116,경기도광주시,-0.5766637150984294,4.0,1.0,0.05261006849462483,0.9997008313635989,9
2020,경기도,광주시,0.4710031295788191,1,-0.9102104707284228,-0.1802225433013078,-0.6461927082238771,-0.9639026959994266,-0.6751321045632586,-0.6847785700097191,4.0,1.0,0.0338215484755106,경기도광주시,-0.5766637150984294,4.0,1.0,0.05261006849462483,0.9997283102592482,10
2021,경기도,광주시,0.1650906198655926,1,-0.9102104707284228,-0.1674857558818608,-0.667887163602523,-0.9397530249895304,-0.6713341038005843,-0.6724830838666048,5.0,1.0,0.0535407669280298,경기도광주시,-0.5766637150984294,4.0,1.0,0.05261006849462483,0.99971759335322,10
2022,경기도,광주시,0.1831545430978465,1,-0.9102104707284228,0.8845260187947259,-0.6447792702102444,-0.913489717843915,-0.3959883599969641,-0.3130580565925373,6.0,1.0,0.0286846338599089,경기도광주시,-0.5766637150984294,4.0,1.0,0.05261006849462483,0.9995882059697767,9
2023,경기도,광주시,0.7011649521535286,1,-0.9102104707284228,-0.0203892066909436,-0.6145268814898339,-0.8900579506546078,-0.6087961273909521,-0.6068858760246582,7.0,1.0,0.0489806222216218,경기도광주시,-0.5766637150984294,4.0,1.0,0.05261006849462483,0.9996977920140767,9
2017,경기도,구리시,0.0,0,-0.8709405301353843,0.4944529949088515,0.711348555417926,-0.4322787006326512,-0.0243544201103145,-0.2695887452863947,0.0,0.0,0.0684994164246923,경기도구리시,-0.14060893867396576,0.0,0.0,0.030391168640191184,0.04425793373831961,1
2018,경기도,구리시,0.0,0,-0.8635608473148654,0.0847911984516939,0.6598233988354029,-0.4057881809602353,-0.131183607747001,-0.3948526099411356,0.0,0.0,0.035463664275569,경기도구리시,-0.14060893867396576,0.0,0.0,0.030391168640191184,0.05591929550031367,2
2019,경기도,구리시,0.0,0,-0.8635608473148654,-0.1048780248097556,0.6638779072792427,-0.3190516727087352,-0.1559031593885284,-0.4291635149444521,0.0,0.0,0.0152826235311569,경기도구리시,-0.14060893867396576,0.0,0.0,0.030391168640191184,0.06057723078515213,2
2020,경기도,구리시,0.0,0,-0.8564114918797252,-0.0357736974842993,0.6912197662605586,-0.2883105506537916,-0.1223189934393144,-0.3934985800059387,0.0,0.0,0.0183309566847234,경기도구리시,-0.14060893867396576,0.0,0.0,0.030391168640191184,0.057197649662572035,2
2021,경기도,구리시,0.0,0,-0.8564114918797252,-0.1137687574494563,0.661977496328156,-0.2725780393331612,-0.1451951980835467,-0.4142527628874475,0.0,0.0,0.0406619817188896,경기도구리시,-0.14060893867396576,0.0,0.0,0.030391168640191184,0.056502811504634765,2
2022,경기도,구리시,0.0,0,-0.8564114918797252,0.3839084051576065,0.7039822447798993,-0.25045512206474,-0.0047439910017398,-0.2409860695956195,0.0,0.0,0.0161685811615837,경기도구리시,-0.14060893867396576,0.0,0.0,0.030391168640191184,0.04800624019604968,1
2023,경기도,구리시,0.0,0,-0.8564114918797252,-0.125484661592804,-0.3923811079494838,-0.2279755423672492,-0.4005632009473155,-0.4032905652799261,0.0,0.0,0.0183309566847234,경기도구리시,-0.14060893867396576,0.0,0.0,0.030391168640191184,0.0867971836301663,4
2017,경기도,군포시,0.0,0,-1.2278603926016196,0.6386258965657722,0.711348555417926,-0.8039914573102326,-0.1704693494820385,-0.46440865111536,0.0,0.0,0.0002999550089979,경기도군포시,-0.3981481817817961,0.0,0.0,0.0001571178628080012,0.03913725338545052,1
2018,경기도,군포시,0.0,0,-1.219913911230578,-0.0701306999415991,0.6598233988354029,-1.2945668952121965,-0.4811970268872426,-0.8615371687947911,0.0,0.0,0.0003999200213269,경기도군포시,-0.3981481817817961,0.0,0.0,0.0001571178628080012,0.06299658496634958,2
2019,경기도,군포시,0.0,0,-1.219913911230578,-0.1478030349212727,0.6638779072792427,-1.2412791977680322,-0.48627955916016,-0.8696653813066275,0.0,0.0,0.0,경기도군포시,-0.3981481817817961,0.0,0.0,0.0001571178628080012,0.06353552550311094,2
2020,경기도,군포시,0.0,0,-1.1960828550992542,0.0029975817513372,0.6912197662605586,-1.1804862330008628,-0.4205879350220552,-0.79119050211626,0.0,0.0,0.0002999550089979,경기도군포시,-0.3981481817817961,0.0,0.0,0.0001571178628080012,0.057476820748288734,2
2021,경기도,군포시,0.0,0,-1.1960828550992542,-0.1452854663273057,0.661977496328156,-1.158927716089363,-0.4595796352969417,-0.8334320125053076,0.0,0.0,0.0,경기도군포시,-0.3981481817817961,0.0,0.0,0.0001571178628080012,0.06101991662704294,2
2022,경기도,군포시,0.0,0,-1.1960828550992542,0.5466517325462844,0.7039822447798993,-1.133938994266506,-0.269846968009894,-0.5944567056064919,0.0,0.0,0.0,경기도군포시,-0.3981481817817961,0.0,0.0,0.0001571178628080012,0.045662652927919184,1
2023,경기도,군포시,0.0,0,-1.1960828550992542,-0.4205613347807108,0.7311373456691725,-1.1108003502461707,-0.4990767986142408,-0.9091481800420452,0.0,0.0,9.999500033330834e-05,경기도군포시,-0.3981481817817961,0.0,0.0,0.0001571178628080012,0.06476171408017677,3
2017,경기도,김포시,0.0,0,-1.3563388975673225,-0.8189137499906275,0.711348555417926,-2.170718077001685,-0.9086555422854272,-1.448656908186545,0.0,0.0,9.999500033330834e-05,경기도김포시,-0.8640928745690373,0.0,0.0,2.8570000095230955e-05,0.04889873733872434,1
2018,경기도,김포시,0.0,0,-1.3481883887995283,-1.160444385307667,0.6598233988354029,-2.1340858219043275,-0.99572379929403,-1.5475728653371743,0.0,0.0,0.0,경기도김포시,-0.8640928745690373,0.0,0.0,2.8570000095230955e-05,0.05587418622979929,2
2019,경기도,김포시,0.0,0,-1.3481883887995283,-0.5777930366779035,0.6638779072792427,-2.1958447529091325,-0.8644870677768305,-1.3739420594621885,0.0,0.0,0.0,경기도김포시,-0.8640928745690373,0.0,0.0,2.8570000095230955e-05,0.045698527883940354,1
2020,경기도,김포시,0.0,0,-1.3229120742175495,-0.7828816028699038,0.6912197662605586,-2.032911808823726,-0.8618714299126553,-1.3795684953037266,0.0,0.0,0.0,경기도김포시,-0.8640928745690373,0.0,0.0,2.8570000095230955e-05,0.04551482565596964,1
2021,경기도,김포시,0.0,0,-1.3229120742175495,-0.6305482472715761,0.661977496328156,-2.0099658989137876,-0.8253621810186893,-1.3211420734676378,0.0,0.0,0.0,경기도김포시,-0.8640928745690373,0.0,0.0,2.8570000095230955e-05,0.043023046229611,1
2022,경기도,김포시,0.0,0,-1.3229120742175495,-0.2048319523971018,0.7039822447798993,-1.984294720283826,-0.7020141255296445,-1.1706795822994924,0.0,0.0,0.0,경기도김포시,-0.8640928745690373,0.0,0.0,2.8570000095230955e-05,0.03553445804760443,1
2023,경기도,김포시,0.0,0,-1.3229120742175495,-0.9204708869182996,0.7311373456691725,-2.0498982891972592,-0.8905359761659839,-1.431093750111036,0.0,0.0,9.999500033330834e-05,경기도김포시,-0.8640928745690373,0.0,0.0,2.8570000095230955e-05,0.047556798080303234,1
2017,경기도,남양주시,0.1369754550270777,1,-0.5949836231851833,0.4944529949088515,-0.4483689454872074,-0.2533344160812418,-0.2005584974611952,-0.1179550147858578,1.0,1.0,0.2109090136458672,경기도남양주시,-0.34168628146537794,4.0,0.8571428571428571,0.09989117621612707,0.9990849312526086,8
2018,경기도,남양주시,0.0849843239049972,1,-0.5880421675167915,0.0847911984516939,-0.5337719455900769,-0.3090861156726986,-0.3365272575819683,-0.2707790282459321,2.0,1.0,0.1119885019480472,경기도남양주시,-0.34168628146537794,4.0,0.8571428571428571,0.09989117621612707,0.9994173675871778,9
2019,경기도,남양주시,0.095946341047209,1,-0.5880421675167915,-0.1048780248097556,-0.5734688401140766,-0.3166387152991365,-0.3957569369349401,-0.3365196358752279,3.0,1.0,0.0861776962410523,경기도남양주시,-0.34168628146537794,4.0,0.8571428571428571,0.09989117621612707,0.9995057880262781,9
2020,경기도,남양주시,0.2184123769383082,1,-0.5766188037648973,-0.0357736974842993,-0.5355459473509103,-0.3433606692908511,-0.3728247794727395,-0.3185843901800159,4.0,1.0,0.094673613602681,경기도남양주시,-0.34168628146537794,4.0,0.8571428571428571,0.09989117621612707,0.9994833067579746,9
2021,경기도,남양주시,0.0860859489131288,1,-0.5766188037648973,-0.1137687574494563,-0.5788933083268946,-0.3233199524411582,-0.3981502054956015,-0.3379025045518373,5.0,1.0,0.0933992642585496,경기도남양주시,-0.34168628146537794,4.0,0.8571428571428571,0.09989117621612707,0.9995110310345957,9
2022,경기도,남양주시,0.0983056887841233,1,-0.5766188037648973,0.3839084051576065,-0.5343537208336434,-0.3565621534606348,-0.2709065682253923,-0.1830908506893085,6.0,1.0,0.0387398283159305,경기도남양주시,-0.34168628146537794,4.0,0.8571428571428571,0.09989117621612707,0.9994746634166302,9
2023,경기도,남양주시,0.257583624627748,1,-0.5766188037648973,-0.125484661592804,-0.5348279543725236,-0.4313874806130099,-0.4170797250858087,-0.3778303153235704,7.0,0.0,0.0633503155007617,경기도남양주시,-0.34168628146537794,4.0,0.8571428571428571,0.09989117621612707,0.997618887443085,8
2017,경기도,동두천시,0.0081665626663934,1,-0.6993091808591051,0.0524317384904582,-0.5458502465974147,-0.8136108512747144,-0.501584635060194,-0.4868294312144538,1.0,0.0,0.0723206615796261,경기도동두천시,-0.4848827040531654,2.2857142857142856,0.42857142857142855,0.03173153353372542,0.8618358621052286,7
2018,경기도,동두천시,0.0007996801705643,1,-0.6922020533380361,0.1564008612849994,-0.5513186952869438,-0.790125136964559,-0.4693112560761349,-0.4419754430058653,2.0,1.0,0.0260575343192896,경기도동두천시,-0.4848827040531654,2.2857142857142856,0.42857142857142855,0.03173153353372542,0.9733729623175752,7
2019,경기도,동두천시,0.0013990209137073,1,-0.6922020533380361,-0.1342790210095311,-0.5567267864854829,-0.6931982669323905,-0.5191015319413602,-0.5065597804266525,3.0,1.0,0.0229349712824958,경기도동두천시,-0.4848827040531654,2.2857142857142856,0.42857142857142855,0.03173153353372542,0.9758169007688766,8
2020,경기도,동두천시,0.0009995003330835,1,-0.6897053761378513,-0.0249619559950471,-0.5531408864349179,-0.6659096373687824,-0.4834294639841496,-0.4601923231672269,4.0,1.0,0.0212721352755396,경기도동두천시,-0.4848827040531654,2.2857142857142856,0.42857142857142855,0.03173153353372542,0.974796462059445,8
2021,경기도,동두천시,0.0,0,-0.6897053761378513,-0.2401644576979121,-0.4439469542244416,-0.6519747683675714,-0.5064478891069442,-0.5272815340677782,5.0,0.0,0.034208171329737,경기도동두천시,-0.4848827040531654,2.2857142857142856,0.42857142857142855,0.03173153353372542,0.8775528894656686,7
2022,경기도,동두천시,0.0023971245997214,1,-0.6897053761378513,0.599670270139042,-0.5426592147484676,-0.6307361090123785,-0.3158576074399138,-0.2402570716703959,0.0,0.0,0.0103462920541443,경기도동두천시,-0.4848827040531654,2.2857142857142856,0.42857142857142855,0.03173153353372542,0.8399531663089518,7
2023,경기도,동두천시,0.0037927982386962,1,-0.6897053761378513,-0.2371722677826537,-0.520473238315565,-0.946435296817775,-0.5984465447634613,-0.62443764691276,1.0,0.0,0.0349809688952455,경기도동두천시,-0.4848827040531654,2.2857142857142856,0.42857142857142855,0.03173153353372542,0.8879830907330718,7
2017,경기도,부천시,0.0,0,-1.3138394052340974,-0.7009918168634263,0.711348555417926,-0.7754088947881643,-0.5197228903669404,-0.9300800389618958,0.0,0.0,0.0,경기도부천시,-0.5257052598851029,0.0,0.0,0.0,0.052206116166547904,1
2018,경기도,부천시,0.0,0,-1.3057563868281066,-1.1976317497393492,0.6598233988354029,-0.7457813341996812,-0.6473365179829336,-1.0830564902557125,0.0,0.0,0.0,경기도부천시,-0.5257052598851029,0.0,0.0,0.0,0.06338608186043923,2
2019,경기도,부천시,0.0,0,-1.3057563868281066,-0.8789727464630025,0.6638779072792427,-0.6705462520013605,-0.5478493695033068,-0.9517584617641566,0.0,0.0,0.0,경기도부천시,-0.5257052598851029,0.0,0.0,0.0,0.05449789630639964,1
2020,경기도,부천시,0.0,0,-1.286592222104862,-1.155827095038427,0.6912197662605586,-0.6165656285935159,-0.5919412948690617,-1.019661648578935,0.0,0.0,0.0,경기도부천시,-0.5257052598851029,0.0,0.0,0.0,0.05828216130757713,2
2021,경기도,부천시,0.0,0,-1.286592222104862,-0.7911397055806555,0.661977496328156,-0.5988678506274194,-0.5036555704961954,-0.8921999261043124,0.0,0.0,0.0,경기도부천시,-0.5257052598851029,0.0,0.0,0.0,0.050938103913142,1
2022,경기도,부천시,0.0,0,-1.286592222104862,-0.3217443821765609,0.7039822447798993,-0.5757782212583294,-0.3700331451899632,-0.7280382751799174,0.0,0.0,0.0,경기도부천시,-0.5257052598851029,0.0,0.0,0.0,0.04146848104276794,1
2023,경기도,부천시,0.0,0,-1.286592222104862,-0.8890609250785889,0.7311373456691725,-0.5530763216349992,-0.4993980307873193,-0.90957648960615,0.0,0.0,0.0,경기도부천시,-0.5257052598851029,0.0,0.0,0.0,0.05060701994185869,1
2017,경기도,성남시,0.1036390347594859,1,-1.2307372488889914,0.5623928296031668,-0.5344365234557222,-0.5060120825697433,-0.4271982563278225,-0.3914521672851892,1.0,1.0,0.1629688282781396,경기도성남시,-0.5432630057792512,4.0,0.8571428571428571,0.07956925105048548,0.9991442613611664,8
2018,경기도,성남시,0.0919408736983572,1,-1.2227861989911029,0.0117860217062298,-0.6223577212083323,-0.475570353619252,-0.5772320630281143,-0.5621901769680416,2.0,1.0,0.1058004188862116,경기도성남시,-0.5432630057792512,4.0,0.8571428571428571,0.07956925105048548,0.9994153522558842,9
2019,경기도,성남시,0.062411260121397,1,-1.2227861989911029,-0.1251059459912831,-0.6331623406007318,-0.402903141802336,-0.5959894068463635,-0.5835984289282407,3.0,1.0,0.0797349680188535,경기도성남시,-0.5432630057792512,4.0,0.8571428571428571,0.07956925105048548,0.9994709303851109,9
2020,경기도,성남시,0.0626930693384234,1,-1.2158418679312657,-0.017503174578237,-0.6327283478746498,-0.3929909346924862,-0.5647660812691597,-0.542111992400663,4.0,1.0,0.0851680123698782,경기도성남시,-0.5432630057792512,4.0,0.8571428571428571,0.07956925105048548,0.9994432381225477,9
2021,경기도,성남시,0.00129915573162,1,-1.2158418679312657,-0.1286206468590574,-0.7216243609104644,-0.3747073080432532,-0.6101985459360102,-0.5730566076111921,5.0,1.0,0.0733433942242095,경기도성남시,-0.5432630057792512,4.0,0.8571428571428571,0.07956925105048548,0.9995017943078612,9
2022,경기도,성남시,0.029461710149619,1,-1.2158418679312657,0.4605993410638616,-0.6342870290605419,-0.3513295004707343,-0.4352147640996701,-0.3688573424460461,6.0,1.0,0.0238141780992548,경기도성남시,-0.5432630057792512,4.0,0.8571428571428571,0.07956925105048548,0.999415246127563,9
2023,경기도,성남시,0.1054405124579969,1,-1.2158418679312657,-0.2645361766010874,-0.5600283202856058,-0.3285613269725135,-0.5922419229476181,-0.6029797905016222,7.0,0.0,0.0261549574768512,경기도성남시,-0.5432630057792512,4.0,0.8571428571428571,0.07956925105048548,0.9975220425542054,8
2017,경기도,수원시,0.0,0,-1.0158687518211869,0.6386258965657722,0.711348555417926,-0.3093177754480475,0.0061969811786159,-0.2288535435678207,0.0,0.0,0.0087615056685727,경기도수원시,-0.3370067115371579,0.0,0.0,0.0044991599451060715,0.03289923072018302,1
2018,경기도,수원시,0.0,0,-1.0082589190016913,-0.0701306999415991,0.6598233988354029,-0.2848365883834623,-0.1758507021228375,-0.4544087357755842,0.0,0.0,0.0080673710777587,경기도수원시,-0.3370067115371579,0.0,0.0,0.0044991599451060715,0.043706802838844955,1
2019,경기도,수원시,0.0,0,-1.0082589190016913,-0.1478030349212727,0.6638779072792427,-0.5343398270662911,-0.2566309684275031,-0.5634672603297517,0.0,0.0,0.0058826631581554,경기도수원시,-0.3370067115371579,0.0,0.0,0.0044991599451060715,0.04972048986210022,1
2020,경기도,수원시,0.0,0,-1.0920524969409722,0.0029975817513372,0.6912197662605586,-0.6411015576203762,-0.2597341766373631,-0.5767188242700038,0.0,0.0,0.0055843782939006,경기도수원시,-0.3370067115371579,0.0,0.0,0.0044991599451060715,0.04998923068265003,1
2021,경기도,수원시,0.0,0,-1.0920524969409722,-0.1452854663273057,-0.4022637596551203,-0.6234464362946857,-0.565762039804521,-0.6202614665209879,0.0,0.0,0.0009995003330835,경기도수원시,-0.3370067115371579,0.0,0.0,0.0044991599451060715,0.08012600450672169,4
2022,경기도,수원시,0.0,0,-1.0920524969409722,0.5466517325462844,-0.3010424396315634,-0.9386700861719394,-0.4462783225495476,-0.494690283522209,0.0,0.0,0.0013990209137073,경기도수원시,-0.3370067115371579,0.0,0.0,0.0044991599451060715,0.06696197455600725,3
2023,경기도,수원시,0.0,0,-1.0920524969409722,-0.4205613347807108,-0.2156810522990529,-0.9156561255670588,-0.6609877523969487,-0.8094233190962473,0.0,0.0,0.0007996801705643,경기도수원시,-0.3370067115371579,0.0,0.0,0.0044991599451060715,0.09224395981633302,4
2017,경기도,시흥시,0.0,0,-1.2776837498422564,-0.7009918168634263,0.711348555417926,-0.0825834645598402,-0.3374776189618992,-0.6870863437551744,0.0,0.0,0.0,경기도시흥시,-0.40106279875729295,0.0,0.0,0.0,0.05037663478810697,1
2018,경기도,시흥시,0.0,0,-1.269658147610663,-1.1976317497393492,0.6598233988354029,-0.0556982247031725,-0.4657911808044455,-0.8409960406843949,0.0,0.0,0.0,경기도시흥시,-0.40106279875729295,0.0,0.0,0.0,0.0612550201494374,2
2019,경기도,시흥시,0.0,0,-1.269658147610663,-0.8789727464630025,0.6638779072792427,-0.3134456471781315,-0.4495496584931386,-0.8206921804172658,0.0,0.0,0.0,경기도시흥시,-0.40106279875729295,0.0,0.0,0.0,0.05976528859429193,2
2020,경기도,시흥시,0.0,0,-1.2467997657070613,-1.155827095038427,0.6912197662605586,-0.2468861253222002,-0.4895733049517825,-0.8831709953558962,0.0,0.0,0.0,경기도시흥시,-0.40106279875729295,0.0,0.0,0.0,0.0634991161384214,2
2021,경기도,시흥시,0.0,0,-1.2467997657070613,-0.7911397055806555,0.661977496328156,-0.2282755170483261,-0.4010593730019718,-0.7554049961120143,0.0,0.0,0.0,경기도시흥시,-0.40106279875729295,0.0,0.0,0.0,0.05551713439046348,2
2022,경기도,시흥시,0.0,0,-1.2467997657070613,-0.3217443821765609,0.7039822447798993,-0.2047368676409517,-0.2673246926861686,-0.5910936718415246,0.0,0.0,0.0,경기도시흥시,-0.40106279875729295,0.0,0.0,0.0,0.045229001982605405,1
2023,경기도,시흥시,0.0,0,-1.2467997657070613,-0.8890609250785889,0.7311373456691725,-0.1819317044901009,-0.3966637624016446,-0.7725974650919171,0.0,0.0,0.0,경기도시흥시,-0.40106279875729295,0.0,0.0,0.0,0.05514640833665745,1
2017,경기도,안산시,0.0,0,-0.8140567563653005,-0.0311829601488269,0.711348555417926,-0.4247412472967796,-0.1396581020982452,-0.423326987936969,0.0,0.0,0.0002999550089979,경기도안산시,-0.2128112395528526,0.0,0.0,0.00014284143104711548,0.053701256797922564,1
2018,경기도,안산시,0.0,0,-0.806767406540817,-0.6338812248404742,0.6598233988354029,-0.4019919720051074,-0.2957043011377489,-0.6142135344621328,0.0,0.0,0.0001999800026662,경기도안산시,-0.2128112395528526,0.0,0.0,0.00014284143104711548,0.06804528371085194,3
2019,경기도,안산시,0.0,0,-0.806767406540817,-0.5133878906921375,0.6638779072792427,-0.3020062757240958,-0.2395709164194518,-0.5407205243190167,0.0,0.0,9.999500033330834e-05,경기도안산시,-0.2128112395528526,0.0,0.0,0.00014284143104711548,0.06253451173632636,2
2020,경기도,안산시,0.0,0,-0.8372857807410475,-0.5764147566435449,0.6912197662605586,-0.3039686346255087,-0.2566123514373856,-0.5725563906700337,0.0,0.0,0.0001999800026662,경기도안산시,-0.2128112395528526,0.0,0.0,0.00014284143104711548,0.06415261895071245,3
2021,경기도,안산시,0.0,0,-0.8372857807410475,-0.468212585953981,0.661977496328156,-0.2904862934055086,-0.2335017909430953,-0.531994886700179,0.0,0.0,0.0001999800026662,경기도안산시,-0.2128112395528526,0.0,0.0,0.00014284143104711548,0.06194989434798137,2
2022,경기도,안산시,0.0,0,-0.8372857807410475,0.1124536751848618,0.7039822447798993,-0.2694702318759057,-0.072580023163048,-0.3314341124773638,0.0,0.0,0.0,경기도안산시,-0.2128112395528526,0.0,0.0,0.00014284143104711548,0.04849032099696468,1
2023,경기도,안산시,0.0,0,-0.8372857807410475,-0.6548111299296501,0.7311373456691725,-0.2472452016824491,-0.2520511916709935,-0.5797807041177155,0.0,0.0,0.0,경기도안산시,-0.2128112395528526,0.0,0.0,0.00014284143104711548,0.06373882891834314,3
2017,경기도,안성시,0.0028958031120255,1,-0.94240880610958,0.0960046598759351,-0.3268155744316001,-1.1418853828053304,-0.5787762758676438,-0.6627631763463251,1.0,0.0,0.0072734839664983,경기도안성시,-0.5924262646740246,4.0,0.42857142857142855,0.003576840511845729,0.9883105918871168,8
2018,경기도,안성시,0.0050870390485571,1,-0.934915629702712,0.0550863291067343,-0.5082803395492926,-1.159060219584254,-0.6367924649323811,-0.6796298400600772,2.0,1.0,0.0057832447557273,경기도안성시,-0.5924262646740246,4.0,0.42857142857142855,0.003576840511845729,0.9980756264764199,8
2019,경기도,안성시,0.0058826631581554,1,-0.934915629702712,0.0243046925138754,-0.4519968055709845,-1.1705546709965562,-0.6332906034390943,-0.6937218693951309,3.0,1.0,0.0040916179032535,경기도안성시,-0.5924262646740246,4.0,0.42857142857142855,0.003576840511845729,0.9980939690088562,8
2020,경기도,안성시,0.000899595242836,1,-0.9301172539555452,0.2786267799805461,-0.4618560095863767,-1.1871096546713984,-0.5751140345581935,-0.6128667095487992,4.0,1.0,0.0037927982386962,경기도안성시,-0.5924262646740246,4.0,0.42857142857142855,0.003576840511845729,0.9979319716737959,8
2021,경기도,안성시,0.0,0,-0.9301172539555452,0.0358972396491273,-0.4522611372456267,-1.2250681384550588,-0.6428873225017759,-0.7064293842538256,5.0,0.0,0.0005998200719676,경기도안성시,-0.5924262646740246,4.0,0.42857142857142855,0.003576840511845729,0.9900633354135023,8
2022,경기도,안성시,0.0003999200213269,1,-0.9301172539555452,0.4931516586963427,-0.3645940787714127,-1.2174291297380255,-0.5047472009421602,-0.5514649083324094,6.0,0.0,0.0018981972830802,경기도안성시,-0.5924262646740246,4.0,0.42857142857142855,0.003576840511845729,0.9877173723017371,8
2023,경기도,안성시,0.0045894523338072,1,-0.9301172539555452,0.1727534253307793,-0.3502795473846847,-1.1938604258982433,-0.5753759504769235,-0.6504080848410031,7.0,0.0,0.001598721363697,경기도안성시,-0.5924262646740246,4.0,0.42857142857142855,0.003576840511845729,0.9891567567153876,8
2017,경기도,양주시,0.0007996801705643,1,-0.6036774196580101,0.0524317384904582,-0.2250493849166558,-0.1249454123747599,-0.2253101196147419,-0.2253970311807706,1.0,0.0,0.0280041964095973,경기도양주시,-0.2825097493952865,4.0,0.14285714285714285,0.012227830050255243,0.9704348006187987,7
2018,경기도,양주시,0.0020977980821461,1,-0.5967221580018952,0.1564008612849994,-0.3052044195173976,-0.0995370408868628,-0.211265689280289,-0.1799527792012528,2.0,0.0,0.0107420965319021,경기도양주시,-0.2825097493952865,4.0,0.14285714285714285,0.012227830050255243,0.9712097032190432,7
2019,경기도,양주시,0.000899595242836,1,-0.5967221580018952,-0.1342790210095311,-0.3132163000840981,-0.2095441936852689,-0.3134404181951983,-0.3135151242322317,3.0,1.0,0.0084640784121294,경기도양주시,-0.2825097493952865,4.0,0.14285714285714285,0.012227830050255243,0.9955279660526317,8
2020,경기도,양주시,9.999500033330834e-05,1,-0.5811046907593443,-0.0249619559950471,-0.3538361712808713,-0.3118317864197066,-0.3179336511137423,-0.305966144391366,4.0,0.0,0.0080673710777587,경기도양주시,-0.2825097493952865,4.0,0.14285714285714285,0.012227830050255243,0.9763285116214101,8
2021,경기도,양주시,0.0003999200213269,1,-0.5811046907593443,-0.2401644576979121,-0.3219106976769635,-0.2940614542411669,-0.3593103250938467,-0.3717768675661411,5.0,0.0,0.0131136391453831,경기도양주시,-0.2825097493952865,4.0,0.14285714285714285,0.012227830050255243,0.9778277008285721,8
2022,경기도,양주시,0.0024968801985871,1,-0.5811046907593443,0.599670270139042,-0.3339925034086077,-0.3798419300770596,-0.1738172135264924,-0.1204254502324539,6.0,0.0,0.0038924147153438,경기도양주시,-0.2825097493952865,4.0,0.14285714285714285,0.012227830050255243,0.9712305465607023,7
2023,경기도,양주시,0.0024968801985871,1,-0.5811046907593443,-0.2371722677826537,-0.3306565491041712,-0.3570298081246099,-0.3764908289426948,-0.3917689222222026,7.0,0.0,0.0133110140596723,경기도양주시,-0.2825097493952865,4.0,0.14285714285714285,0.012227830050255243,0.9788907195389392,8
2017,경기도,양평군,0.0175451792157488,1,-0.1560575496261741,0.4346482584958647,-0.2066742301130019,-0.852970750686443,-0.1952635679824386,-0.1914600139389174,1.0,1.0,0.2253012218680091,경기도양평군,-0.28752210494245345,4.0,1.0,0.10824984939136435,0.9994711550209754,9
2018,경기도,양평군,0.0148886124937506,1,-0.1498131206252279,0.0561106633207539,-0.3420266935290481,-0.8305124058597693,-0.3165603891733228,-0.3080716210547478,2.0,1.0,0.126632650933366,경기도양평군,-0.28752210494245345,4.0,1.0,0.10824984939136435,0.9996550703637191,9
2019,경기도,양평군,0.0420052941450301,1,-0.1498131206252279,0.0951751107680139,-0.3953404495799837,-0.8225497069632117,-0.3181320416001023,-0.2923959056068085,3.0,1.0,0.0990305234629542,경기도양평군,-0.28752210494245345,4.0,1.0,0.10824984939136435,0.9996801927130421,9
2020,경기도,양평군,0.0648509723196163,1,-0.1566975609717665,-0.1802225433013078,-0.3953012543361064,-0.8028837120802185,-0.3837762676723498,-0.3799346054510975,4.0,1.0,0.1063400357713265,경기도양평군,-0.28752210494245345,4.0,1.0,0.10824984939136435,0.9997109253464854,9
2021,경기도,양평군,0.0905716981843869,1,-0.1566975609717665,-0.1674857558818608,-0.309298904120319,-0.8225887122939216,-0.3640177333169669,-0.3822573430491829,5.0,1.0,0.1165378162479515,경기도양평군,-0.28752210494245345,4.0,1.0,0.10824984939136435,0.9996981713560973,9
2022,경기도,양평군,0.1868114620668066,1,-0.1566975609717665,0.8845260187947259,-0.3103568740407731,-0.823239293538938,-0.1014419274391879,-0.0318036119053261,6.0,1.0,0.03912455468405,경기도양평군,-0.28752210494245345,4.0,1.0,0.10824984939136435,0.9996165903595023,9
2023,경기도,양평군,0.1857323999160363,1,-0.1566975609717665,-0.0203892066909436,-0.3440266578305858,-0.8127378041579274,-0.3334628074128059,-0.3299415239402125,7.0,1.0,0.0447821427718931,경기도양평군,-0.28752210494245345,4.0,1.0,0.10824984939136435,0.9997359830332226,10
2017,경기도,여주시,9.999500033330834e-05,1,-1.021411705693559,0.0960046598759351,0.711348555417926,-0.6573467867924176,-0.2178513192980289,-0.5275846108700138,1.0,0.0,0.2399613362403691,경기도여주시,-0.45424212757299376,4.0,0.0,0.11459411981067277,0.8933017386309817,7
2018,경기도,여주시,0.0003999200213269,1,-1.0137930705109817,0.0550863291067343,-0.4209972982376994,-0.697669544983371,-0.5193433961563294,-0.5521254287958728,2.0,0.0,0.126632650933366,경기도여주시,-0.45424212757299376,4.0,0.0,0.11459411981067277,0.9466447617270353,7
2019,경기도,여주시,0.0001999800026662,1,-1.0137930705109817,0.0243046925138754,-0.3944254000485305,-0.7023081363732078,-0.5215554786047112,-0.5639321714567713,3.0,0.0,0.1033685329770331,경기도여주시,-0.45424212757299376,4.0,0.0,0.11459411981067277,0.9499289500982082,7
2020,경기도,여주시,0.00129915573162,1,-1.0077072664171458,0.2786267799805461,-0.416616488506548,-0.7323538185571588,-0.4695126983750766,-0.4871447683312528,4.0,0.0,0.1140427160406602,경기도여주시,-0.45424212757299376,4.0,0.0,0.11459411981067277,0.9451427122506475,7
2021,경기도,여주시,0.00129915573162,1,-1.0077072664171458,0.0358972396491273,-0.3398746720400876,-0.7627690924466104,-0.5186134478136791,-0.5781930397382097,5.0,0.0,0.1060702637270664,경기도여주시,-0.45424212757299376,4.0,0.0,0.11459411981067277,0.9505039831567947,7
2022,경기도,여주시,0.000499875041651,1,-1.0077072664171458,0.4931516586963427,-0.421183646244197,-0.7842559623315093,-0.4299988040741274,-0.4329371900174374,6.0,0.0,0.0455468149559703,경기도여주시,-0.45424212757299376,4.0,0.0,0.11459411981067277,0.9506753732062146,7
2023,경기도,여주시,0.0017983819413793,1,-1.0077072664171458,0.1727534253307793,-0.415260789318785,-0.7610643643508634,-0.5028197486890038,-0.5320060684790766,7.0,0.0,0.0665365238002442,경기도여주시,-0.45424212757299376,4.0,0.0,0.11459411981067277,0.9543855019887533,7
2020,경기도,연천군,0.0034938892542557,1,-1.2428310750955034,-0.0249619559950471,-0.5838493198797685,-0.7587998265773245,-0.6526105443869109,-0.6755309525559583,4.0,1.0,0.0125212805536717,경기도연천군,-0.6160684396302398,5.5,0.5,0.015140500927725451,0.9998332770897534,10
2021,경기도,연천군,0.0001999800026662,1,-1.2428310750955034,-0.2401644576979121,-0.549683814487383,-0.7395593644396677,-0.6930596779301166,-0.7408516324110277,5.0,1.0,0.0201947072855192,경기도연천군,-0.6160684396302398,5.5,0.5,0.015140500927725451,0.9998429216574501,10
2022,경기도,연천군,0.0007996801705643,1,-1.2428310750955034,0.599670270139042,-0.4461451683229545,-0.715710890737877,-0.4512542160043232,-0.4529572318981127,6.0,0.0,0.0062802379571504,경기도연천군,-0.6160684396302398,5.5,0.5,0.015140500927725451,0.9987773129698955,8
2023,경기도,연천군,0.0066776547532405,1,-1.2428310750955034,-0.2371722677826537,-0.4965594622748682,-0.6928344756454086,-0.6673493201996085,-0.7242792728411885,7.0,0.0,0.0215657779145605,경기도연천군,-0.6160684396302398,5.5,0.5,0.015140500927725451,0.9991171678728044,8
2017,경기도,오산시,0.0,0,-0.9222708120979776,0.6386258965657722,0.711348555417926,-0.8495571624199656,-0.1054633806335612,-0.377734025984057,0.0,0.0,0.0034938892542557,경기도오산시,-0.24711194201971617,0.0,0.0,0.0013698415619222155,0.047310586862682504,1
2018,경기도,오산시,0.0,0,-0.9148096153790352,-0.0701306999415991,0.6598233988354029,-0.8190334779996505,-0.2860375986212205,-0.6013245977734284,0.0,0.0,0.0010993954433009,경기도오산시,-0.24711194201971617,0.0,0.0,0.0013698415619222155,0.06262948905270517,2
2019,경기도,오산시,0.0,0,-0.9148096153790352,-0.1478030349212727,0.6638779072792427,-0.747056103027654,-0.2864477115121798,-0.6032229177759874,0.0,0.0,0.0002999550089979,경기도오산시,-0.24711194201971617,0.0,0.0,0.0013698415619222155,0.06277330451823376,2
2020,경기도,오산시,0.0,0,-0.979799771797574,0.0029975817513372,0.6912197662605586,-0.796457921477682,-0.27051008631584,-0.5910867038413062,0.0,0.0,9.999500033330834e-05,경기도오산시,-0.24711194201971617,0.0,0.0,0.0013698415619222155,0.061302949745357105,2
2021,경기도,오산시,0.0,0,-0.979799771797574,-0.1452854663273057,0.661977496328156,-0.7778820938023709,-0.3102474588997737,-0.6343224439757502,0.0,0.0,0.0006997551142733,경기도오산시,-0.24711194201971617,0.0,0.0,0.0013698415619222155,0.06501660036986151,3
2022,경기도,오산시,0.0,0,-0.979799771797574,0.5466517325462844,0.7039822447798993,-0.7543605529260843,-0.1208815868493686,-0.395836197392458,0.0,0.0,0.0013990209137073,경기도오산시,-0.24711194201971617,0.0,0.0,0.0013698415619222155,0.04866072711354373,1
2023,경기도,오산시,0.0,0,-0.979799771797574,-0.4205613347807108,0.7311373456691725,-0.7315593243151653,-0.3501957713060694,-0.7106401436311501,0.0,0.0,0.0024968801985871,경기도오산시,-0.24711194201971617,0.0,0.0,0.0013698415619222155,0.06878905879209622,3
2017,경기도,용인시,0.0305292050348228,1,-0.9399323913567142,0.1933531350233858,-0.4710284750930473,-0.2764585231932215,-0.3735165636548993,-0.3410125931755166,1.0,1.0,0.1729443949813576,경기도용인시,-0.4147651386279382,4.0,0.8571428571428571,0.08447906463913978,0.9992657962697553,8
2018,경기도,용인시,0.0231304173888543,1,-0.9324431475645306,0.0326218805814425,-0.509686896370084,-0.248650112719119,-0.4145395690180727,-0.382823793234069,2.0,1.0,0.1074183967672703,경기도용인시,-0.4147651386279382,4.0,0.8571428571428571,0.08447906463913978,0.9994130518409661,9
2019,경기도,용인시,0.0211742352314064,1,-0.9324431475645306,-0.006572139600385,-0.5364141306465349,-0.4195395644686576,-0.473742245570027,-0.4528516172111911,3.0,1.0,0.0884686479876081,경기도용인시,-0.4147651386279382,4.0,0.8571428571428571,0.08447906463913978,0.9994944213696126,9
2020,경기도,용인시,0.0025966258472659,1,-0.9647588565808988,0.2291777714651183,-0.4757467193512009,-0.4320478267851093,-0.4108439078130226,-0.3892096373002966,4.0,1.0,0.0898407039997894,경기도용인시,-0.4147651386279382,4.0,0.8571428571428571,0.08447906463913978,0.9994451268901116,9
2021,경기도,용인시,0.0054849302305696,1,-0.9647588565808988,0.0033923191681461,-0.3934684445069584,-0.4133272822612858,-0.4420405660452492,-0.4582312732246795,5.0,1.0,0.0803811119468124,경기도용인시,-0.4147651386279382,4.0,0.8571428571428571,0.08447906463913978,0.999489264280534,9
2022,경기도,용인시,0.0029955089797984,1,-0.9647588565808988,0.5027497913483914,-0.3703953166901793,-0.3897345553558918,-0.3055347343196446,-0.2839145401961331,6.0,1.0,0.0230326991105726,경기도용인시,-0.4147651386279382,4.0,0.8571428571428571,0.08447906463913978,0.9994463538993639,9
2023,경기도,용인시,0.0247901688072187,1,-0.9647588565808988,0.0663103241877555,-0.3805859456142752,-0.65351905789119,-0.4831383839746521,-0.5173225300947778,7.0,0.0,0.029267497680568,경기도용인시,-0.4147651386279382,4.0,0.8571428571428571,0.08447906463913978,0.9977102971274387,8
2017,경기도,의왕시,0.00129915573162,1,-1.1089714085938231,0.6386258965657722,-0.4268308106194964,-1.0128733682369948,-0.4775124227211356,-0.4944062934216819,1.0,0.0,0.025472795973031,경기도의왕시,-0.6003143512631623,0.7142857142857143,0.0,0.01281407659503137,0.10802572757865354,4
2018,경기도,의왕시,0.0,0,-1.101213726196711,-0.0701306999415991,-0.4641633907887347,-0.9862741850043012,-0.6554455004828365,-0.7192062037142039,2.0,0.0,0.0198026272961797,경기도의왕시,-0.6003143512631623,0.7142857142857143,0.0,0.01281407659503137,0.1418713680658208,5
2019,경기도,의왕시,0.000899595242836,1,-1.101213726196711,-0.1478030349212727,-0.4781189845796959,-0.900597895907049,-0.6569334104011821,-0.7165382190083442,0.0,0.0,0.0169554406494134,경기도의왕시,-0.6003143512631623,0.7142857142857143,0.0,0.01281407659503137,0.1401541032953127,5
2020,경기도,의왕시,0.0,0,-1.0825529715409663,0.0029975817513372,-0.4864473809256553,-0.8599437051002228,-0.6064866189538769,-0.6464996982966174,1.0,0.0,0.0122249696225689,경기도의왕시,-0.6003143512631623,0.7142857142857143,0.0,0.01281407659503137,0.1331515562379097,5
2021,경기도,의왕시,0.0,0,-1.0825529715409663,-0.1452854663273057,-0.5375089424318966,-0.8440578100457936,-0.6523512975864907,-0.690632082638022,0.0,0.0,0.0095542128048116,경기도의왕시,-0.6003143512631623,0.7142857142857143,0.0,0.01281407659503137,0.14125864255942222,5
2022,경기도,의왕시,0.0001999800026662,1,-1.0825529715409663,0.5466517325462844,-0.4767311006487013,-0.8218594435186923,-0.4586229457905189,-0.4525868941711248,0.0,0.0,0.0009995003330835,경기도의왕시,-0.6003143512631623,0.7142857142857143,0.0,0.01281407659503137,0.10925631415802663,4
2023,경기도,의왕시,0.0006997551142733,1,-1.0825529715409663,-0.4205613347807108,-0.4769162329490009,-0.7993625123537038,-0.6948482629060955,-0.7674922728917938,1.0,0.0,0.0046889894861315,경기도의왕시,-0.6003143512631623,0.7142857142857143,0.0,0.01281407659503137,0.1526494040003607,5
2017,경기도,의정부시,9.999500033330834e-05,1,-1.014087840786147,0.0524317384904582,0.711348555417926,0.0406677690285158,-0.0524099444623118,-0.3069961110890578,1.0,0.0,0.1142211440900228,경기도의정부시,-0.09475982026285205,0.42857142857142855,0.0,0.04992267023575694,0.08349039576979268,4
2018,경기도,의정부시,0.0,0,-1.0064808361023183,0.1564008612849994,0.6598233988354029,0.0660892878386662,-0.0310418220358125,-0.2613302289928843,2.0,0.0,0.0413338634929772,경기도의정부시,-0.09475982026285205,0.42857142857142855,0.0,0.04992267023575694,0.09482674388442412,4
2019,경기도,의정부시,0.0,0,-1.0064808361023183,-0.1342790210095311,0.6638779072792427,0.1571594148892967,-0.0799306337358275,-0.3278668140741843,0.0,0.0,0.0303351997960729,경기도의정부시,-0.09475982026285205,0.42857142857142855,0.0,0.04992267023575694,0.10196637854819474,4
2020,경기도,의정부시,0.0,0,-0.9978172049729178,-0.0249619559950471,0.6912197662605586,-0.1552138148625611,-0.1216933023924919,-0.392664325276842,0.0,0.0,0.0319830458530507,경기도의정부시,-0.09475982026285205,0.42857142857142855,0.0,0.04992267023575694,0.10794957704568499,4
2021,경기도,의정부시,0.0,0,-0.9978172049729178,-0.2401644576979121,0.661977496328156,-0.137441095827298,-0.178361315542493,-0.4584742528327093,0.0,0.0,0.0667236320429081,경기도의정부시,-0.09475982026285205,0.42857142857142855,0.0,0.04992267023575694,0.10929071539285914,4
2022,경기도,의정부시,0.0,0,-0.9978172049729178,0.599670270139042,0.7039822447798993,-0.3122029107796501,-0.0015919002084066,-0.2367832818711753,0.0,0.0,0.0239118200463128,경기도의정부시,-0.09475982026285205,0.42857142857142855,0.0,0.04992267023575694,0.09215326043925601,4
2023,경기도,의정부시,0.0,0,-0.9978172049729178,-0.2371722677826537,0.7311373456691725,-0.2893071667640861,-0.1982898234626212,-0.5080988798398859,0.0,0.0,0.0409499863289541,경기도의정부시,-0.09475982026285205,0.42857142857142855,0.0,0.04992267023575694,0.11833507600760228,5
2017,경기도,이천시,0.0014988761237358,1,-1.2326130013400984,0.0960046598759351,-0.3318515498129437,-1.3644430430534595,-0.7082257335826416,-0.8336837948392076,1.0,0.0,0.244748475066594,경기도이천시,-0.7395430478904356,4.0,0.42857142857142855,0.12084126765928639,0.9772606718680301,8
2018,경기도,이천시,0.0007996801705643,1,-1.2246589726957675,0.0550863291067343,-0.4699074359636503,-1.3278191257893477,-0.7418248013355079,-0.8324639231261269,2.0,1.0,0.1526352464235942,경기도이천시,-0.7395430478904356,4.0,0.42857142857142855,0.12084126765928639,0.9967877255753496,8
2019,경기도,이천시,0.0009995003330835,1,-1.2246589726957675,0.0243046925138754,-0.4752947869348405,-1.3886102638762912,-0.766064832748256,-0.8629881813527277,3.0,0.0,0.1250454889742244,경기도이천시,-0.7395430478904356,4.0,0.42857142857142855,0.12084126765928639,0.984392114354316,8
2020,경기도,이천시,0.0006997551142733,1,-1.2287295573906063,0.2786267799805461,-0.4792523441783376,-1.463014379895884,-0.7230923753710704,-0.804372385768648,4.0,1.0,0.1321679635774172,경기도이천시,-0.7395430478904356,4.0,0.42857142857142855,0.12084126765928639,0.9969084255421929,8
2021,경기도,이천시,0.0027960873020012,1,-1.2287295573906063,0.0358972396491273,-0.4135483562865433,-1.4819306061533664,-0.7720778200453472,-0.8915876412982818,5.0,0.0,0.1144887264846979,경기도이천시,-0.7395430478904356,4.0,0.42857142857142855,0.12084126765928639,0.9852327057184557,8
2022,경기도,이천시,0.00129915573162,1,-1.2287295573906063,0.4931516586963427,-0.5178458797251975,-1.494769321551676,-0.6870482749927842,-0.7434490734153133,6.0,1.0,0.0366211834556453,경기도이천시,-0.7395430478904356,4.0,0.42857142857142855,0.12084126765928639,0.9974116345526944,8
2023,경기도,이천시,0.0033942330680155,1,-1.2287295573906063,0.1727534253307793,-0.5504496834331887,-1.5074441731367496,-0.7784674971574412,-0.8544734350655254,7.0,0.0,0.0401817896328318,경기도이천시,-0.7395430478904356,4.0,0.42857142857142855,0.12084126765928639,0.9878674469749932,8
2020,경기도,파주시,0.0,0,-1.255570994159733,-0.2026336735917091,-0.4379477922611205,-1.2129881203514792,-0.7772851450910105,-0.890397596034307,1.0,0.0,0.000899595242836,경기도파주시,-0.8024977735754389,1.0,0.0,0.0006747164141424021,0.17381781179040784,5
2021,경기도,파주시,0.0001999800026662,1,-1.255570994159733,-0.3753416858157649,-0.6533851035933409,-1.1891363693500434,-0.8683585382297205,-0.9400163497751804,0.0,0.0,0.000899595242836,경기도파주시,-0.8024977735754389,1.0,0.0,0.0006747164141424021,0.19414088733279575,5
2022,경기도,파주시,0.000499875041651,1,-1.255570994159733,0.2359351080137601,-0.5841680205687859,-1.202084661742656,-0.7014721421143537,-0.7405735159628763,1.0,0.0,9.999500033330834e-05,경기도파주시,-0.8024977735754389,1.0,0.0,0.0006747164141424021,0.15718159413775007,5
2023,경기도,파주시,0.0003999200213269,1,-1.255570994159733,-0.4704881292323676,-0.5467919486218769,-1.1786500034527063,-0.862875268866671,-0.9682363756149356,2.0,0.0,0.0007996801705643,경기도파주시,-0.8024977735754389,1.0,0.0,0.0006747164141424021,0.19638986389715693,5
2017,경기도,평택시,0.0020977980821461,1,-1.2268592887653549,0.6386258965657722,-0.4597234567306418,-1.2039756280271725,-0.5629831192393492,-0.5974030067422517,1.0,0.0,0.0057832447557273,경기도평택시,-0.6959946740498397,1.8571428571428572,0.14285714285714285,0.0029364434903729,0.5142635344385054,6
2018,경기도,평택시,0.0002999550089979,1,-1.2189143971747174,-0.0701306999415991,-0.532634413057087,-1.1704057577182378,-0.7480213169729104,-0.8198169516115182,2.0,1.0,0.0047885167317971,경기도평택시,-0.6959946740498397,1.8571428571428572,0.14285714285714285,0.0029364434903729,0.8884329746000926,7
2019,경기도,평택시,0.0001999800026662,1,-1.2189143971747174,-0.1478030349212727,-0.5071330670792288,-1.1999721327017905,-0.7684556579692523,-0.8555631882659268,3.0,0.0,0.0040916179032535,경기도평택시,-0.6959946740498397,1.8571428571428572,0.14285714285714285,0.0029364434903729,0.6023637198799132,6
2020,경기도,평택시,0.0,0,-1.1744028271307974,0.0029975817513372,-0.4520897439072371,-1.084954674986108,-0.6771124160682014,-0.7521199734551894,4.0,0.0,0.0038924147153438,경기도평택시,-0.6959946740498397,1.8571428571428572,0.14285714285714285,0.0029364434903729,0.5695095410219879,6
2021,경기도,평택시,0.0027960873020012,1,-1.1744028271307974,-0.1452854663273057,-0.4480524741808792,-1.205118920651462,-0.743214922072611,-0.8416024047031883,0.0,0.0,0.0006997551142733,경기도평택시,-0.6959946740498397,1.8571428571428572,0.14285714285714285,0.0029364434903729,0.5860758428444807,6
2022,경기도,평택시,0.004987541511039,1,-1.1744028271307974,0.5466517325462844,-0.4068358363002614,-1.2374100242136454,-0.5679992387746049,-0.6217203729327195,1.0,0.0,0.0007996801705643,경기도평택시,-0.6959946740498397,1.8571428571428572,0.14285714285714285,0.0029364434903729,0.5190639924647721,6
2023,경기도,평택시,0.004489905272852,1,-1.1744028271307974,-0.4205613347807108,-0.4075695223191988,-1.214170504777088,-0.8041760472519487,-0.936378222229532,2.0,0.0,0.000499875041651,경기도평택시,-0.6959946740498397,1.8571428571428572,0.14285714285714285,0.0029364434903729,0.6152685253521066,6
2017,경기도,포천시,0.0615653556581548,1,-0.344823581405261,0.0524317384904582,-0.3002108741220709,-0.3771242677006113,-0.2424317461843712,-0.2231720368718047,1.0,1.0,0.0511682865743994,경기도포천시,-0.26353708284375743,4.0,0.8571428571428571,0.022283871222977484,0.9995074560068384,9
2018,경기도,포천시,0.0613772796749034,1,-0.3382793867581525,0.1564008612849994,-0.3587805742291837,-0.3429150931022952,-0.220893548201158,-0.1749312061918161,2.0,1.0,0.0219571673520421,경기도포천시,-0.26353708284375743,4.0,0.8571428571428571,0.022283871222977484,0.9995276819660758,9
2019,경기도,포천시,0.059023340449461,1,-0.3382793867581525,-0.1342790210095311,-0.4518547115689428,-0.3940113876973778,-0.3296061267585011,-0.2888565984883538,3.0,1.0,0.0120273802127184,경기도포천시,-0.26353708284375743,4.0,0.8571428571428571,0.022283871222977484,0.9996167510818114,9
2020,경기도,포천시,0.0960371881969421,1,-0.2328943097080325,-0.0249619559950471,-0.4061580074735735,-0.3448291836542664,-0.2522108642077299,-0.200895149785782,4.0,1.0,0.0133110140596723,경기도포천시,-0.26353708284375743,4.0,0.8571428571428571,0.022283871222977484,0.9995695132112236,9
2021,경기도,포천시,0.0303351997960729,1,-0.2328943097080325,-0.2401644576979121,-0.4739868733193113,-0.4074681514063721,-0.338628448032907,-0.2935089729374389,5.0,1.0,0.0316924467324897,경기도포천시,-0.26353708284375743,4.0,0.8571428571428571,0.022283871222977484,0.9996142826893734,9
2022,경기도,포천시,0.0983056887841233,1,-0.2328943097080325,0.599670270139042,-0.4275610180986926,-0.4309758778324434,-0.1229402338750316,-0.0213999724671446,6.0,1.0,0.0116320842297076,경기도포천시,-0.26353708284375743,4.0,0.8571428571428571,0.022283871222977484,0.9994836789536892,9
2023,경기도,포천시,0.149109422587841,1,-0.2328943097080325,-0.2371722677826537,-0.4300593564513517,-0.4520685166443743,-0.3380486126466031,-0.3073783647116869,7.0,0.0,0.0141987193998129,경기도포천시,-0.26353708284375743,4.0,0.8571428571428571,0.022283871222977484,0.9980059325989393,8
2017,경기도,하남시,0.0677521020508184,1,-1.1871628871736717,0.4944529949088515,-0.5014374797567704,-0.6809033972488403,-0.4687626923176077,-0.4578710965045535,1.0,1.0,0.2726953301434575,경기도하남시,-0.5550006038796279,4.0,0.8571428571428571,0.1332919675951776,0.9989273104016481,8
2018,경기도,하남시,0.0037927982386962,1,-1.1792810345597045,0.0847911984516939,-0.5561704813217707,-0.654637524981514,-0.5763244606028238,-0.5830424536965082,2.0,1.0,0.1607573788781141,경기도하남시,-0.5550006038796279,4.0,0.8571428571428571,0.1332919675951776,0.9993054305437236,8
2019,경기도,하남시,0.009950330853168,1,-1.1792810345597045,-0.1048780248097556,-0.5977493106874628,-0.5673953119673825,-0.6123259205060764,-0.6171847904456141,3.0,1.0,0.128393214768399,경기도하남시,-0.5550006038796279,4.0,0.8571428571428571,0.1332919675951776,0.9993972225443313,9
2020,경기도,하남시,0.004987541511039,1,-1.1582430789225655,-0.0357736974842993,-0.6061610742641744,-0.5193257709523045,-0.579875905405836,-0.5711141824530565,4.0,1.0,0.1316421090517151,경기도하남시,-0.5550006038796279,4.0,0.8571428571428571,0.1332919675951776,0.9993675094938562,9
2021,경기도,하남시,0.0077697372643606,1,-1.1582430789225655,-0.1137687574494563,-0.5974179097558996,-0.5037357083648211,-0.5932913636231857,-0.5919158482456144,5.0,1.0,0.1412391116927246,경기도하남시,-0.5550006038796279,4.0,0.8571428571428571,0.1332919675951776,0.9993748508163428,9
2022,경기도,하남시,0.0078689583786951,1,-1.1582430789225655,0.3839084051576065,-0.5776769783701813,-0.4816828614425159,-0.4584236283944141,-0.418672511735825,6.0,1.0,0.0441125746183209,경기도하남시,-0.5550006038796279,4.0,0.8571428571428571,0.1332919675951776,0.9993815382452222,9
2023,경기도,하남시,0.0272259862535914,1,-1.1582430789225655,-0.125484661592804,-0.6410538885190598,-0.4592193961953782,-0.5960002563074519,-0.5809823789035827,7.0,0.0,0.0542040540135121,경기도하남시,-0.5550006038796279,4.0,0.8571428571428571,0.1332919675951776,0.9972490875587439,8
2017,경기도,화성시,0.0,0,-1.0983597079294152,0.6386258965657722,0.711348555417926,-0.7319868092862336,-0.1200930163079876,-0.3972402068832921,1.0,0.0,0.0078689583786951,경기도화성시,-0.5202903747302914,2.2857142857142856,0.0,0.0038891710975763856,0.4634659605997118,6
2018,경기도,화성시,0.0003999200213269,1,-1.0906188772045904,-0.0701306999415991,-0.4613037179038565,-0.7467124578389616,-0.5921914382222518,-0.6358206783283836,0.0,0.0,0.0065783153601225,경기도화성시,-0.5202903747302914,2.2857142857142856,0.0,0.0038891710975763856,0.647203593388252,6
2019,경기도,화성시,9.999500033330834e-05,1,-1.0906188772045904,-0.1478030349212727,-0.3637023122363262,-0.7834712016211265,-0.5963988564958289,-0.6739643712489966,1.0,0.0,0.0046889894861315,경기도화성시,-0.5202903747302914,2.2857142857142856,0.0,0.0038891710975763856,0.6523185571508169,6
2020,경기도,화성시,0.0013990209137073,1,-1.109943269777649,0.0029975817513372,-0.4466246149366135,-0.8028176631394589,-0.589096991525596,-0.6365877837219235,2.0,0.0,0.0042907814171562,경기도화성시,-0.5202903747302914,2.2857142857142856,0.0,0.0038891710975763856,0.652449128287912,6
2021,경기도,화성시,9.999500033330834e-05,1,-1.109943269777649,-0.1452854663273057,-0.3499208228810113,-0.8195604469352666,-0.6061775014803081,-0.6915963943467404,3.0,0.0,0.000499875041651,경기도화성시,-0.5202903747302914,2.2857142857142856,0.0,0.0038891710975763856,0.6631395635978827,7
2022,경기도,화성시,0.0,0,-1.109943269777649,0.5466517325462844,-0.4402843588700557,-0.8637993901103577,-0.4668438215529444,-0.475696975780574,4.0,0.0,0.0016985566355814,경기도화성시,-0.5202903747302914,2.2857142857142856,0.0,0.0038891710975763856,0.6133193855022868,6
2023,경기도,화성시,0.0007996801705643,1,-1.109943269777649,-0.4205613347807108,-0.3139650534097716,-0.8404543321403597,-0.6712309975271229,-0.7903196455662398,5.0,0.0,0.001598721363697,경기도화성시,-0.5202903747302914,2.2857142857142856,0.0,0.0038891710975763856,0.6905659156147007,7
2017,경상남도,거제시,0.2824685053988935,1,1.7018014876493577,1.1465800154906385,-0.3022193481205739,0.872344495871119,0.8546266627226352,1.2402419996703715,1.0,1.0,0.2311910828935104,경상남도거제시,0.8027072564815797,4.0,1.0,0.11321795116340448,0.999689831999673,9
2018,경상남도,거제시,0.2948314546049925,1,1.7050955854411416,2.196486703936265,-0.3762935205772638,0.8900737220517105,1.1038406227129631,1.5972186704763722,2.0,1.0,0.1437539636446961,경상남도거제시,0.8027072564815797,4.0,1.0,0.11321795116340448,0.9996229312749771,9
2019,경상남도,거제시,0.1677154044045924,1,1.7050955854411416,1.8422183602926057,-0.4153781525985707,0.4649100020398474,0.899211448793756,1.3374079825911982,3.0,1.0,0.1588823250601918,경상남도거제시,0.8027072564815797,4.0,1.0,0.11321795116340448,0.9997228203547983,10
2020,경상남도,거제시,0.1464352782295457,1,1.7181709920862032,1.3679512148480375,-0.2907475175864423,0.2530903677258879,0.7621162642684216,1.1130708582200428,4.0,1.0,0.076868444256577,경상남도거제시,0.8027072564815797,4.0,1.0,0.11321795116340448,0.9998171028309901,10
2021,경상남도,거제시,0.1287449558905622,1,1.7181709920862032,1.740308437043273,-0.3659471100173929,0.1046716742091865,0.7993009983303175,1.187717034446221,5.0,1.0,0.0500274935996481,경상남도거제시,0.8027072564815797,4.0,1.0,0.11321795116340448,0.9998191777852133,10
2022,경상남도,거제시,0.1149345380920995,1,1.7181709920862032,0.4078487242798483,-0.291639698947402,0.1278244376859508,0.4905511137761499,0.7512813846840007,6.0,1.0,0.0732504617395926,경상남도거제시,0.8027072564815797,4.0,1.0,0.11321795116340448,0.9998855894955075,10
2023,경상남도,거제시,0.3507272916688302,1,1.7181709920862032,1.2325678676608924,-0.2640649772758078,0.1505408565959708,0.7093036847668147,1.033759905447689,7.0,1.0,0.0585518869496154,경상남도거제시,0.8027072564815797,4.0,1.0,0.11321795116340448,0.9998442230869209,10
2017,경상남도,거창군,9.999500033330834e-05,1,1.3210342780097797,-0.3486849020590294,-0.0123574857150362,-0.3723025306871975,0.146922339887129,0.2000156150878508,1.0,0.0,0.029461710149619,경상남도거창군,0.15858574369575498,1.7142857142857142,0.0,0.012382120180669856,0.47977530209201036,6
2018,경상남도,거창군,9.999500033330834e-05,1,1.324933044594775,-0.3511760951144612,-0.1242504403691145,-0.3844016203935667,0.116276222179408,0.1964517763622489,2.0,0.0,0.009950330853168,경상남도거창군,0.15858574369575498,1.7142857142857142,0.0,0.012382120180669856,0.5058868046702428,6
2019,경상남도,거창군,0.0,0,1.324933044594775,0.0481439946827929,-0.141262297716005,-0.4171402190626722,0.2036686306247226,0.3186456067382984,3.0,0.0,0.0062802379571504,경상남도거창군,0.15858574369575498,1.7142857142857142,0.0,0.012382120180669856,0.4755697691835074,6
2020,경상남도,거창군,9.999500033330834e-05,1,1.2890457646832891,0.0701040251208081,-0.097442145145376,-0.3818951765424383,0.2199531170290707,0.3257515377538862,0.0,0.0,0.0096532570281383,경상남도거창군,0.15858574369575498,1.7142857142857142,0.0,0.012382120180669856,0.4585919349453725,6
2021,경상남도,거창군,0.0,0,1.2890457646832891,-0.2803164762629984,-0.1038932115315793,-0.37883451653073,0.1315003900894953,0.2099649239631869,1.0,0.0,0.0084640784121294,경상남도거창군,0.15858574369575498,1.7142857142857142,0.0,0.012382120180669856,0.49770857216054526,6
2022,경상남도,거창군,0.0,0,1.2890457646832891,-0.4694228478153811,-0.0346593650178808,-0.3534127345094495,0.1078877043351444,0.1554033941194862,2.0,0.0,0.0095542128048116,경상남도거창군,0.15858574369575498,1.7142857142857142,0.0,0.012382120180669856,0.5094909114729799,6
2023,경상남도,거창군,9.999500033330834e-05,1,1.2890457646832891,-0.2045770072301977,-0.0003250410920971,-0.3485765094597339,0.183891801725315,0.2452974159977858,3.0,0.0,0.0133110140596723,경상남도거창군,0.15858574369575498,1.7142857142857142,0.0,0.012382120180669856,0.479613931763091,6
2017,경상남도,고성군,0.0365247746823722,1,2.0265911859390484,0.4063855486826626,-0.1488423613234883,1.1302200896251011,0.853588615730831,1.1877322747489376,1.0,1.0,0.3391116075581432,경상남도고성군,0.8293946371256904,4.0,1.0,0.16623196053230277,0.9996180851807768,9
2018,경상남도,고성군,0.0220549907808313,1,2.029369508764028,1.0768569487645214,-0.2365619670615488,1.1473123902786635,1.004244220186416,1.4178462826024043,2.0,1.0,0.1726078646063155,경상남도고성군,0.8293946371256904,4.0,1.0,0.16623196053230277,0.9996680371279938,9
2019,경상남도,고성군,0.0208804775793552,1,2.029369508764028,0.6303207280146124,-0.2854851183517869,1.26912790291486,0.9108332553354282,1.3096060465645,3.0,1.0,0.2237033945727238,경상남도고성군,0.8293946371256904,4.0,1.0,0.16623196053230277,0.9996836159155579,9
2020,경상남도,고성군,0.009950330853168,1,2.0068615689923694,0.6471813510170321,-0.1788176979250046,0.9613434749541052,0.8591421742596256,1.205128798321169,4.0,1.0,0.1332188437862227,경상남도고성군,0.8293946371256904,4.0,1.0,0.16623196053230277,0.9997648817747677,10
2021,경상남도,고성군,0.0589290675292874,1,2.0068615689923694,0.907051055955345,-0.1594329832799285,0.7749750861916336,0.8823636819648548,1.2296292370464492,5.0,1.0,0.0808423878441007,경상남도고성군,0.8293946371256904,4.0,1.0,0.16623196053230277,0.9997853219704914,10
2022,경상남도,고성군,0.0195084663880429,1,2.0068615689923694,-0.1256661299683823,-0.1867994069892139,0.6558243592272945,0.5875550978155168,0.8456732660837606,6.0,1.0,0.0944916630927176,경상남도고성군,0.8293946371256904,4.0,1.0,0.16623196053230277,0.9998640149914986,10
2023,경상남도,고성군,0.0667236320429081,1,2.0068615689923694,0.2994161242050913,-0.1523714942566095,0.6782354594077904,0.7080354145871605,0.9948377175350838,7.0,1.0,0.1196479622658958,경상남도고성군,0.8293946371256904,4.0,1.0,0.16623196053230277,0.9998272888234607,10
2017,경상남도,김해시,0.2510699539550488,1,0.3414067535165355,-0.1628772832352903,-0.4094202056921145,0.6394165757922812,0.1021314600953529,0.2726486820245087,1.0,1.0,0.2448267621453517,경상남도김해시,0.2681086388744506,4.0,1.0,0.12226759813239996,0.9997135888313764,10
2018,경상남도,김해시,0.2315877980968727,1,0.3468611955327004,0.461205927925663,-0.4452739461802601,0.6651557051786956,0.2569872206141997,0.491074276212353,2.0,1.0,0.186064543072789,경상남도김해시,0.2681086388744506,4.0,1.0,0.12226759813239996,0.9996812001616092,9
2019,경상남도,김해시,0.0935814136215305,1,0.3468611955327004,0.8588152957755607,-0.4478479529653041,0.6132357062431355,0.3427660611465231,0.6063040658504656,3.0,1.0,0.1475575643576146,경상남도김해시,0.2681086388744506,4.0,1.0,0.12226759813239996,0.9996678808211393,9
2020,경상남도,김해시,0.0729716124558227,1,0.3290870579280691,0.5389166124175898,-0.3814939350317474,0.646878441645403,0.2833470442398286,0.5049607039970206,4.0,1.0,0.0771462091766536,경상남도김해시,0.2681086388744506,4.0,1.0,0.12226759813239996,0.9997450721416082,10
2021,경상남도,김해시,0.0393168623769503,1,0.3290870579280691,0.9140606203840052,-0.3905638179367082,0.6630846267257395,0.3789171217752765,0.635410768345938,5.0,1.0,0.0421011760186353,경상남도김해시,0.2681086388744506,4.0,1.0,0.12226759813239996,0.9997280991660954,10
2022,경상남도,김해시,0.0563803334361076,1,0.3290870579280691,0.2411594023757907,-0.4247703389003072,0.6854405434990034,0.207729166225639,0.4185623346009544,6.0,1.0,0.0486949215387585,경상남도김해시,0.2681086388744506,4.0,1.0,0.12226759813239996,0.9997930370518048,10
2023,경상남도,김해시,0.2137394712389158,1,0.3290870579280691,0.7053180849673394,-0.4140454782687483,0.5991699274706778,0.3048823980243345,0.5445250234553621,7.0,1.0,0.109482010616997,경상남도김해시,0.2681086388744506,4.0,1.0,0.12226759813239996,0.9997258929192289,10
2017,경상남도,남해군,0.0344014267173324,1,1.6277303417008728,1.0230398883831815,-0.1966390812342893,0.8338301540436531,0.8219903257233546,1.1615334613759023,1.0,1.0,0.3485419607085434,경상남도남해군,0.8757943222311422,4.0,1.0,0.15617909020784432,0.9996645914560367,9
2018,경상남도,남해군,0.0272259862535914,1,1.6311420665080578,1.8921396340132517,-0.1522088585590657,0.8518585175925817,1.0557328398887065,1.4583800727046303,2.0,1.0,0.1039995900184847,경상남도남해군,0.8757943222311422,4.0,1.0,0.15617909020784432,0.9997199510438192,10
2019,경상남도,남해군,0.0132123314721348,1,1.6311420665080578,1.8780028014014805,-0.2603685280834125,0.6265223980369463,0.968824684465768,1.3785557553154948,3.0,1.0,0.1368010414921453,경상남도남해군,0.8757943222311422,4.0,1.0,0.15617909020784432,0.9997410743500116,10
2020,경상남도,남해군,0.0052860044292373,1,1.6229540824934814,1.2425656804192953,-0.2390254350919101,0.6632584371410667,0.8224381912404832,1.1762594000179478,4.0,1.0,0.1034587083682299,경상남도남해군,0.8757943222311422,4.0,1.0,0.15617909020784432,0.9998123684124902,10
2021,경상남도,남해군,0.0040916179032535,1,1.6229540824934814,1.4762702348147425,-0.1631792694001145,0.6762262339782782,0.9030678204715968,1.2584835170955009,5.0,1.0,0.084800601692465,경상남도남해군,0.8757943222311422,4.0,1.0,0.15617909020784432,0.9997973605437769,10
2022,경상남도,남해군,0.0037927982386962,1,1.6229540824934814,0.5058377044644705,-0.1777569934245889,0.6969891917968297,0.6620059963325482,0.9419269929182604,6.0,1.0,0.1497983650883945,경상남도남해군,0.8757943222311422,4.0,1.0,0.15617909020784432,0.9998430075183057,10
2023,경상남도,남해군,0.0244974716003874,1,1.6229540824934814,1.4344790526694506,-0.1905875595638265,0.7191560143830455,0.8965003974955377,1.2588630498486593,7.0,1.0,0.1658533640866473,경상남도남해군,0.8757943222311422,4.0,1.0,0.15617909020784432,0.9997651670664711,10
2017,경상남도,밀양시,0.3421702577358506,1,1.2225256605213128,0.1285674682254688,-0.4172804254848583,0.6941531372684372,0.4069914601325901,0.6817487553384063,1.0,1.0,0.4703785589508087,경상남도밀양시,0.52882252308782,4.0,1.0,0.2483672232217591,0.9995204460291269,9
2018,경상남도,밀양시,0.2479532302227841,1,1.2265808614981086,0.5306981934272956,-0.4145661172178226,0.7152340991102644,0.5144867592044615,0.824171051345223,2.0,1.0,0.3716325195717124,경상남도밀양시,0.52882252308782,4.0,1.0,0.2483672232217591,0.9995477032053534,9
2019,경상남도,밀양시,0.1590529298546003,1,1.2265808614981086,0.6779700932330622,-0.4381434150806021,0.8224261136838442,0.5722084133336033,0.9089923561383384,3.0,1.0,0.3165610320021576,경상남도밀양시,0.52882252308782,4.0,1.0,0.2483672232217591,0.999566003597927,9
2020,경상남도,밀양시,0.0878277103655201,1,1.2004257477294602,0.4038128085428838,-0.4357913869760265,0.8553358117404164,0.5059457452591835,0.8198581226709202,4.0,1.0,0.2144660101205218,경상남도밀양시,0.52882252308782,4.0,1.0,0.2483672232217591,0.9996930231181896,9
2021,경상남도,밀양시,0.0919408736983572,1,1.2004257477294602,0.6957135768187305,-0.4609688608754194,0.8674507788934339,0.5756553106415513,0.9211967011472084,5.0,1.0,0.1660227838244519,경상남도밀양시,0.52882252308782,4.0,1.0,0.2483672232217591,0.9996952171186194,9
2022,경상남도,밀양시,0.3323207740701613,1,1.2004257477294602,0.449082154264629,-0.5381561436565269,0.8877942309022155,0.4997864973099445,0.8457673776321016,6.0,1.0,0.0996643231129453,경상남도밀양시,0.52882252308782,4.0,1.0,0.2483672232217591,0.999770111886842,10
2023,경상남도,밀양시,0.3996482227865995,1,1.2004257477294602,0.9029216805624718,-0.5064781028634031,0.9098645775050928,0.6266834757334054,1.0044040019323417,7.0,1.0,0.0998453349697161,경상남도밀양시,0.52882252308782,4.0,1.0,0.2483672232217591,0.9997209938890308,10
2017,경상남도,사천시,0.249590721329058,1,1.67428693905475,0.0806638157190888,-0.3140090182613425,0.8538968688968335,0.5737096513523324,0.8696158745568908,1.0,1.0,0.2199384203652614,경상남도사천시,0.6429356377968277,4.0,1.0,0.09623875285629768,0.9997349552716289,10
2018,경상남도,사천시,0.3256279348665349,1,1.6776247307058616,0.6118748147401107,-0.3863688617231587,0.8716802363608421,0.6937027300209139,1.0537265939356046,2.0,1.0,0.050312813873589,경상남도사천시,0.6429356377968277,4.0,1.0,0.09623875285629768,0.9997822659993751,10
2019,경상남도,사천시,0.2210613851098851,1,1.6776247307058616,0.8690236373672257,-0.376859449453749,0.6472345201457855,0.704255859691281,1.064627629406291,3.0,1.0,0.0911195933674838,경상남도사천시,0.6429356377968277,4.0,1.0,0.09623875285629768,0.9997601667874881,10
2020,경상남도,사천시,0.1120779034053505,1,1.683075523247294,0.779511881758781,-0.2841831662914164,0.4856962191210217,0.6660251144589201,0.9827612080423656,4.0,1.0,0.0722276339968807,경상남도사천시,0.6429356377968277,4.0,1.0,0.09623875285629768,0.9997862891841308,10
2021,경상남도,사천시,0.1393270652210992,1,1.683075523247294,0.7402855260931509,-0.342454874005445,0.5001391506789891,0.6452613315034973,0.9745000666731448,5.0,1.0,0.0721345977591991,경상남도사천시,0.6429356377968277,4.0,1.0,0.09623875285629768,0.9997957277335007,10
2022,경상남도,사천시,0.198276923584082,1,1.683075523247294,0.3308063855848223,-0.3872392132428024,0.5216277253434589,0.5370676052331932,0.8451698780585252,6.0,1.0,0.0810268386423734,경상남도사천시,0.6429356377968277,4.0,1.0,0.09623875285629768,0.9998269985979009,10
2023,경상남도,사천시,0.3939321922944401,1,1.683075523247294,1.1321096016229464,-0.3879616086483708,0.2948851730487545,0.680527172317656,1.0366900993063315,7.0,1.0,0.0869113719892964,경상남도사천시,0.6429356377968277,4.0,1.0,0.09623875285629768,0.9997815829489253,10
2017,경상남도,산청군,0.0002999550089979,1,1.208921186283229,-0.2349788031986157,-0.0851767556635948,1.0827913957223951,0.4928892557858534,0.6855779262690028,1.0,0.0,0.127161145616679,경상남도산청군,0.6262902853076593,4.0,0.0,0.05533540098879984,0.9701078740908031,7
2018,경상남도,산청군,0.0002999550089979,1,1.212997991538995,0.3208838201282287,-0.1687058989794326,1.0995569698063654,0.6161832206235391,0.877812927157863,2.0,0.0,0.0304322071202019,경상남도산청군,0.6262902853076593,4.0,0.0,0.05533540098879984,0.9709247228320701,7
2019,경상남도,산청군,0.000499875041651,1,1.212997991538995,0.8541333985814324,-0.2310137738062892,1.222473586992619,0.7646478008266894,1.0965349923710157,3.0,0.0,0.0568528115927828,경상남도산청군,0.6262902853076593,4.0,0.0,0.05533540098879984,0.961626923740215,7
2020,경상남도,산청군,0.000499875041651,1,1.1865247755607853,0.5996264947235944,-0.1542208364762394,1.2544606695897609,0.7215977758494752,1.01353731329138,4.0,0.0,0.0402778464985701,경상남도산청군,0.6262902853076593,4.0,0.0,0.05533540098879984,0.9657499942138921,7
2021,경상남도,산청군,0.0001999800026662,1,1.1865247755607853,-0.097041118244508,-0.1277931760154383,1.2637978969661334,0.5563720945667431,0.7844271847608035,5.0,0.0,0.0399896482161584,경상남도산청군,0.6262902853076593,4.0,0.0,0.05533540098879984,0.9738632774941732,7
2022,경상남도,산청군,9.999500033330834e-05,1,1.1865247755607853,-0.1645463433079664,-0.0471820904857754,1.2827749824002894,0.5643928310418332,0.7682511382177027,6.0,0.0,0.0371994409891062,경상남도산청군,0.6262902853076593,4.0,0.0,0.05533540098879984,0.9739841075418207,8
2023,경상남도,산청군,0.0006997551142733,1,1.1865247755607853,0.2817471366328381,-0.101006936767015,1.3045310984113183,0.6679490184594816,0.9242676702016472,7.0,0.0,0.0554347068881005,경상남도산청군,0.6262902853076593,4.0,0.0,0.05533540098879984,0.9685176286494185,7
2017,경상남도,양산시,0.2117994496135527,1,0.2387672654615861,-0.1020843377934446,-0.3128298772399358,0.1421629013550138,-0.0084960120541951,0.0929486096743851,1.0,1.0,0.4667483365250629,경상남도양산시,0.12610099717284565,4.0,1.0,0.24549868585353152,0.9994435329183501,9
2018,경상남도,양산시,0.1058004188862116,1,0.2443847018055365,0.5215802400355932,-0.3604686962425504,0.1677578238913784,0.1433135173724894,0.3112409219108361,2.0,1.0,0.3839690477632776,경상남도양산시,0.12610099717284565,4.0,1.0,0.24549868585353152,0.9994158276045737,9
2019,경상남도,양산시,0.0843411484337508,1,0.2443847018055365,0.8151372006983157,-0.3806714938118912,-0.085161569268625,0.148422209855834,0.3247867777450757,3.0,1.0,0.2758877925690695,경상남도양산시,0.12610099717284565,4.0,1.0,0.24549868585353152,0.9995425240805909,9
2020,경상남도,양산시,0.0343048036919903,1,0.2407625817644626,0.702259984726309,-0.3066760893356788,-0.0490219520417216,0.1468311312783428,0.29800020481635,4.0,1.0,0.206282194238798,경상남도양산시,0.12610099717284565,4.0,1.0,0.24549868585353152,0.9996138165092896,9
2021,경상남도,양산시,0.076220025911409,1,0.2407625817644626,0.989859771660114,-0.3630360227679051,-0.0311752125834644,0.2091027795183017,0.3998157136137041,5.0,1.0,0.1544363533044189,경상남도양산시,0.12610099717284565,4.0,1.0,0.24549868585353152,0.999624015657079,9
2022,경상남도,양산시,0.080750149685109,1,0.2407625817644626,0.2109422220025299,-0.3343651545466082,-0.0080123092505904,0.0273318349924484,0.147897498172134,6.0,1.0,0.0935814136215305,경상남도양산시,0.12610099717284565,4.0,1.0,0.24549868585353152,0.9997579819258668,10
2023,경상남도,양산시,0.1858154460482104,1,0.2407625817644626,1.0033215819439958,-0.3939845282977605,0.0147064415760951,0.2162015192466982,0.4195968684281845,7.0,1.0,0.1375856629525631,경상남도양산시,0.12610099717284565,4.0,1.0,0.24549868585353152,0.9996420293517385,9
2017,경상남도,의령군,0.0653194661206425,1,2.1420237272279516,0.3593655400772153,-0.1780099031419858,0.5062379273541306,0.7074043228793279,1.002542398219766,1.0,1.0,0.2207406666978994,경상남도의령군,0.7213920924469781,4.0,1.0,0.10471324841304996,0.9997186049363228,10
2018,경상남도,의령군,0.0819485826471674,1,2.1446187400050296,0.6948078521891007,-0.247339941762343,0.5276984255163708,0.7799462689870396,1.1223750059035005,2.0,1.0,0.110288353894123,경상남도의령군,0.7213920924469781,4.0,1.0,0.10471324841304996,0.9997556236388233,10
2019,경상남도,의령군,0.0410459694360009,1,2.1446187400050296,0.6094161184441244,-0.3786821090655334,0.6333285633422239,0.7521703281814611,1.1291211405971258,3.0,1.0,0.1272492009154635,경상남도의령군,0.7213920924469781,4.0,1.0,0.10471324841304996,0.9997600799418995,10
2020,경상남도,의령군,0.0277124385665357,1,2.0903940623430843,0.6317049383202359,-0.2948665143319496,0.6641518936167082,0.7728460949870196,1.1287502980933428,4.0,1.0,0.0779790413165886,경상남도의령군,0.7213920924469781,4.0,1.0,0.10471324841304996,0.9997803169205849,10
2021,경상남도,의령군,0.0340148785872776,1,2.0903940623430843,0.2720419291174705,-0.2835813795984125,0.6765477448971021,0.6888505891898111,1.0129945787858856,5.0,1.0,0.0510732701840006,경상남도의령군,0.7213920924469781,4.0,1.0,0.10471324841304996,0.9998214014644335,10
2022,경상남도,의령군,0.0855352881062627,1,2.0903940623430843,-0.0895808545517704,-0.2967342104247149,0.6970293634419348,0.6002770902021335,0.8992808570777496,6.0,1.0,0.0591176044830888,경상남도의령군,0.7213920924469781,4.0,1.0,0.10471324841304996,0.9998441736132061,10
2023,경상남도,의령군,0.1168937514714993,1,2.0903940623430843,0.5095562210329364,-0.3260819575061199,0.7191314849383167,0.7482499527020543,1.1063605894381123,7.0,1.0,0.0865446014001858,경상남도의령군,0.7213920924469781,4.0,1.0,0.10471324841304996,0.9997920630916359,10
2017,경상남도,진주시,0.0422929121902514,1,1.6225772914278882,0.0806638157190888,-0.1768941719597997,0.7491587482356254,0.5688764208557007,0.8174666184608675,1.0,1.0,0.2625950070751371,경상남도진주시,0.6370779549972531,4.0,1.0,0.1252148767949607,0.9997034093987757,9
2018,경상남도,진주시,0.1166268119317196,1,1.6259971994205238,0.6118748147401107,-0.3765462753951256,0.7702033132943225,0.6578822630149579,1.0026917758183191,2.0,1.0,0.1257512053055603,경상남도진주시,0.6370779549972531,4.0,1.0,0.1252148767949607,0.9997506296633809,10
2019,경상남도,진주시,0.0989399478549035,1,1.6259971994205238,0.8690236373672257,-0.4403645187316515,0.6766570691172583,0.682828346793339,1.0572259686350025,3.0,1.0,0.1602463491420971,경상남도진주시,0.6370779549972531,4.0,1.0,0.1252148767949607,0.9997228022522394,10
2020,경상남도,진주시,0.0717623662268907,1,1.6261100359319276,0.779511881758781,-0.4126799319010416,0.7153749351539541,0.6770792302359052,1.040332284281554,4.0,1.0,0.0892921074787618,경상남도진주시,0.6370779549972531,4.0,1.0,0.1252148767949607,0.9997682700664599,10
2021,경상남도,진주시,0.0765906021617125,1,1.6261100359319276,0.7402855260931509,-0.4517472664446052,0.5881037868650079,0.6256880206113704,0.9848331162966956,5.0,1.0,0.0603422290061617,경상남도진주시,0.6370779549972531,4.0,1.0,0.1252148767949607,0.9998023369842961,10
2022,경상남도,진주시,0.120357496663734,1,1.6261100359319276,0.3308063855848223,-0.3973779609286174,0.5008953316112615,0.5151084480498486,0.8192705843760039,6.0,1.0,0.0744579109180098,경상남도진주시,0.6370779549972531,4.0,1.0,0.1252148767949607,0.9998312829771704,10
2023,경상남도,진주시,0.196224461962946,1,1.6261100359319276,1.1321096016229464,-0.353266869414728,0.5233790535384526,0.7320829554196496,1.0938662303644422,7.0,1.0,0.1038193286389971,경상남도진주시,0.6370779549972531,4.0,1.0,0.1252148767949607,0.9997472652191519,10
2017,경상남도,창녕군,0.3190353801097767,1,1.7086300696061958,0.1285674682254688,-0.2793026861338167,0.6991689067847259,0.5642659396206434,0.8454554815387968,1.0,1.0,0.2841257562490037,경상남도창녕군,0.5715442140994362,4.0,1.0,0.13280174477306805,0.9996453345178687,9
2018,경상남도,창녕군,0.3090276264711589,1,1.7119133234221682,0.5306981934272956,-0.3590598308155949,0.7207681427615487,0.6510799571988544,0.9877932198703376,2.0,1.0,0.1307650698795525,경상남도창녕군,0.5715442140994362,4.0,1.0,0.13280174477306805,0.9997136086125166,10
2019,경상남도,창녕군,0.1765549618996175,1,1.7119133234221682,0.6779700932330622,-0.360131514387789,0.6252007209904603,0.6637381558144754,1.005028045881897,3.0,1.0,0.1399358402975167,경상남도창녕군,0.5715442140994362,4.0,1.0,0.13280174477306805,0.9997050553407593,9
2020,경상남도,창녕군,0.1116308161711853,1,1.7280399434739864,0.4038128085428838,-1.941470864497532,0.5243342158659685,0.1786790258463267,0.8853956559609463,4.0,1.0,0.0794579213347155,경상남도창녕군,0.5715442140994362,4.0,1.0,0.13280174477306805,0.9998835141899614,10
2021,경상남도,창녕군,0.1080469040831337,1,1.7280399434739864,0.6957135768187305,-0.3301655186119388,0.5395514786475305,0.6582848700820771,0.9877683329800824,5.0,1.0,0.0677521020508184,경상남도창녕군,0.5715442140994362,4.0,1.0,0.13280174477306805,0.9997567964660259,10
2022,경상남도,창녕군,0.0936724758626351,1,1.7280399434739864,0.449082154264629,-0.2887673585576201,0.452515151303854,0.5852174726212123,0.876545749680823,6.0,1.0,0.0801042442416614,경상남도창녕군,0.5715442140994362,4.0,1.0,0.13280174477306805,0.9997803266383817,10
2023,경상남도,창녕군,0.3335393685365754,1,1.7280399434739864,0.9029216805624718,-0.3078237723890488,0.4750384584024473,0.6995440775124642,1.0353333608129685,7.0,1.0,0.1474712793582082,경상남도창녕군,0.5715442140994362,4.0,1.0,0.13280174477306805,0.9996964613922621,9
2017,경상남도,창원시,0.2717813229201039,1,0.8786306858616397,0.4137212744124194,-0.3721087725273198,0.7336098866314618,0.4134632685945503,0.6753206156351736,1.0,1.0,0.28450202144515,경상남도창원시,0.3802213456565592,4.0,1.0,0.13888654817203036,0.9995863530483876,9
2018,경상남도,창원시,0.3313879047118487,1,0.8832320015091697,0.4752787517173965,-0.463960658362974,0.7577551422004983,0.4130763092660225,0.7054219651423548,2.0,1.0,0.1731126177086447,경상남도창원시,0.3802213456565592,4.0,1.0,0.13888654817203036,0.99968129888406,9
2019,경상남도,창원시,0.128041349880884,1,0.8832320015091697,0.8413756270006928,-0.4418536065869739,0.5106544631047607,0.4483521212569123,0.7450873638715411,3.0,1.0,0.1639878501054499,경상남도창원시,0.3802213456565592,4.0,1.0,0.13888654817203036,0.9996732097676744,9
2020,경상남도,창원시,0.0687795153948257,1,0.8810622588094983,0.4766037194386132,-2.023272639526802,0.4737046012846265,-0.047975514998516,0.610456859844246,4.0,1.0,0.0951283450915772,경상남도창원시,0.3802213456565592,4.0,1.0,0.13888654817203036,0.999875609770933,10
2021,경상남도,창원시,0.0698991273796671,1,0.8810622588094983,1.1787841721941057,-0.3336345655798523,0.4911406068103334,0.5543381180585212,0.8503290126046457,5.0,1.0,0.0610950993598108,경상남도창원시,0.3802213456565592,4.0,1.0,0.13888654817203036,0.9996988421282084,9
2022,경상남도,창원시,0.0828694778222946,1,0.8810622588094983,0.3674468277954941,-0.3104424264729237,0.5141014706572843,0.3630420326973382,0.5875368524207589,6.0,1.0,0.0692461727368143,경상남도창원시,0.3802213456565592,4.0,1.0,0.13888654817203036,0.9997773094753042,10
2023,경상남도,창원시,0.2789187867816239,1,0.8810622588094983,0.9407965146616744,-0.224510892772051,0.4716644581852217,0.5172530847210859,0.7645077438854648,7.0,1.0,0.1251337307567657,경상남도창원시,0.3802213456565592,4.0,1.0,0.13888654817203036,0.9996801488948378,9
2017,경상남도,통영시,0.1083161434834588,1,2.4093816791213927,0.4063855486826626,-0.2771440276315409,0.7271935504095723,0.8164541876455217,1.1809869260712091,1.0,1.0,0.087369646136907,경상남도통영시,0.8075252554711823,4.0,1.0,0.03645967913570914,0.9997976151557995,10
2018,경상남도,통영시,0.0966728872602607,1,2.4115521201232912,1.0768569487645214,-0.3400539845647106,0.7454957670725839,0.9734627128489216,1.411301611986799,2.0,1.0,0.0365247746823722,경상남도통영시,0.8075252554711823,4.0,1.0,0.03645967913570914,0.9997699110844627,10
2019,경상남도,통영시,0.0789035975954659,1,2.4115521201232912,0.6303207280146124,-0.3889287545176975,0.5190663741530006,0.7930026169433017,1.1869797407636349,3.0,1.0,0.0220549907808313,경상남도통영시,0.8075252554711823,4.0,1.0,0.03645967913570914,0.999835391918278,10
2020,경상남도,통영시,0.0701788346212465,1,2.4041000561359316,0.6471813510170321,-0.3409982075312945,0.5564913819105807,0.8166936453830624,1.202590929687848,4.0,1.0,0.0208804775793552,경상남도통영시,0.8075252554711823,4.0,1.0,0.03645967913570914,0.9998313714119421,10
2021,경상남도,통영시,0.0906630348972421,1,2.4041000561359316,0.907051055955345,-0.37848805066508,0.569649742895936,0.8755782010805331,1.2936002849957375,5.0,1.0,0.009950330853168,경상남도통영시,0.8075252554711823,4.0,1.0,0.03645967913570914,0.9998211006968619,10
2022,경상남도,통영시,0.071948499312584,1,2.4041000561359316,-0.1256661299683823,-0.343128523774737,0.5905064389705094,0.6314529603408304,0.9563134550460196,6.0,1.0,0.0589290675292874,경상남도통영시,0.8075252554711823,4.0,1.0,0.03645967913570914,0.9998669300041191,10
2023,경상남도,통영시,0.181321056460371,1,2.4041000561359316,0.2994161242050913,-0.3320811431588628,0.6126948190422608,0.7460324640561053,1.1054036664610944,7.0,1.0,0.0195084663880429,경상남도통영시,0.8075252554711823,4.0,1.0,0.03645967913570914,0.9998550718595849,10
2017,경상남도,하동군,0.0716692866903596,1,1.0394922654467325,0.1535620170818921,0.0451553784556276,0.8379970946854708,0.5190516889174307,0.6770171257380317,1.0,1.0,0.1485924040498269,경상남도하동군,0.5054502557016283,4.0,1.0,0.06678743060859335,0.9997290132188575,10
2018,경상남도,하동군,0.1312036856153444,1,1.0438381284850586,0.8347387111682073,-0.3307971554183744,0.8551608135365689,0.6007351244428651,0.9112458843966116,2.0,1.0,0.0485044090596149,경상남도하동군,0.5054502557016283,4.0,1.0,0.06678743060859335,0.9997555756378049,10
2019,경상남도,하동군,0.0948555310126788,1,1.0438381284850586,0.9584599401201432,-0.3692542573238903,0.9763835061213058,0.6523568293506543,0.9928938582421694,3.0,1.0,0.0753857269058896,경상남도하동군,0.5054502557016283,4.0,1.0,0.06678743060859335,0.9997211343675271,10
2020,경상남도,하동군,0.1310282624064041,1,0.9769863552931092,0.7755278830454454,-1.978288698117222,0.9994421418752056,0.1934169205241345,0.9173187934045868,4.0,1.0,0.0552454742259785,경상남도하동군,0.5054502557016283,4.0,1.0,0.06678743060859335,0.9998742978136245,10
2021,경상남도,하동군,0.107148915517043,1,0.9769863552931092,0.8064195247917857,-0.3431706098531712,1.0091030904137777,0.6123345901613753,0.9308363234995576,5.0,1.0,0.0377773643340299,경상남도하동군,0.5054502557016283,4.0,1.0,0.06678743060859335,0.9997650740560358,10
2022,경상남도,하동군,0.1176052420742634,1,0.9769863552931092,0.3140675568351972,-0.4259075202149935,0.6899471173650227,0.3887733773195838,0.6603336764977763,6.0,1.0,0.0443039255565244,경상남도하동군,0.5054502557016283,4.0,1.0,0.06678743060859335,0.9998356954626701,10
2023,경상남도,하동군,0.240354588044564,1,0.9769863552931092,0.9997388413467164,-0.4028489005439633,0.7120567406855552,0.5714832591953544,0.896260645775127,7.0,1.0,0.0577027101282892,경상남도하동군,0.5054502557016283,4.0,1.0,0.06678743060859335,0.9997752639234573,10
2017,경상남도,함안군,0.151088854362856,1,0.8832884531840511,0.3593655400772153,-0.2330567924475224,0.1269757531292726,0.2841432384857541,0.4565432487968463,1.0,1.0,0.300252729625633,경상남도함안군,0.31297199450094293,4.0,1.0,0.14988953224599694,0.9995986509781285,9
2018,경상남도,함안군,0.174793290373163,1,0.8878823721690677,0.6948078521891007,-0.3189492781560769,0.1540477502305738,0.3544471741081664,0.5789126581962475,2.0,1.0,0.1820715255387453,경상남도함안군,0.31297199450094293,4.0,1.0,0.14988953224599694,0.9996586417329916,9
2019,경상남도,함안군,0.1016536537264998,1,0.8878823721690677,0.6094161184441244,-0.3514265649574002,0.239377206313853,0.3463122829924112,0.5788918989756817,3.0,1.0,0.2159175062224701,경상남도함안군,0.31297199450094293,4.0,1.0,0.14988953224599694,0.999640790010734,9
2020,경상남도,함안군,0.0650383961792222,1,0.911977936472405,0.6317049383202359,-0.3213812836424357,0.2824160425152313,0.3761794084163591,0.6086996391026241,4.0,1.0,0.1123460598315384,경상남도함안군,0.31297199450094293,4.0,1.0,0.14988953224599694,0.9997042860890896,9
2021,경상남도,함안군,0.1046302490780829,1,0.911977936472405,0.2720419291174705,-0.3105087150621125,0.2983669279247368,0.2929695196131249,0.4941289311715374,5.0,1.0,0.0704584636485614,경상남도함안군,0.31297199450094293,4.0,1.0,0.14988953224599694,0.9997672003631801,10
2022,경상남도,함안군,0.2035936920694943,1,0.911977936472405,-0.0895808545517704,-0.3982038131535813,0.3205972631227683,0.1861976329724554,0.3809981150144676,6.0,1.0,0.072506690786748,경상남도함안군,0.31297199450094293,4.0,1.0,0.14988953224599694,0.9998053815888952,10
2023,경상남도,함안군,0.2760395606677065,1,0.911977936472405,0.5095562210329364,-0.3624168841251465,0.3431015462931217,0.3505547049183292,0.5882119012661544,7.0,1.0,0.0956737500682824,경상남도함안군,0.31297199450094293,4.0,1.0,0.14988953224599694,0.9997358707043613,10
2017,경상남도,함양군,0.0,0,0.7919877833166918,-0.5018385095590961,0.711348555417926,-0.0598578797412079,0.2354099873585784,0.0767637980054626,1.0,0.0,0.0697126124113003,경상남도함양군,0.22419400746111098,2.2857142857142856,0.0,0.029566790107786213,0.6597558489786649,6
2018,경상남도,함양군,0.0002999550089979,1,0.7967266902745969,0.5632077002877991,0.6598233988354029,-0.1413874601756996,0.4695925823055248,0.4061823101288987,0.0,0.0,0.0148886124937506,경상남도함양군,0.22419400746111098,2.2857142857142856,0.0,0.029566790107786213,0.5975602312002194,6
2019,경상남도,함양군,0.0001999800026662,1,0.7967266902745969,0.5120052090781116,-0.0881744411185542,-0.0808722234319134,0.2849213087005602,0.409286558640265,1.0,0.0,0.0277124385665357,경상남도함양군,0.22419400746111098,2.2857142857142856,0.0,0.029566790107786213,0.662871012891187,6
2020,경상남도,함양군,0.0001999800026662,1,0.7978886364183393,0.5459668596033925,-0.1492869867686936,-0.1062926285227482,0.2720689701825724,0.4125209558329945,2.0,0.0,0.0198026272961797,경상남도함양군,0.22419400746111098,2.2857142857142856,0.0,0.029566790107786213,0.6739237398722944,7
2021,경상남도,함양군,0.0003999200213269,1,0.7978886364183393,-0.3144755045760525,-0.1691207091268555,-0.1696178943694883,0.0361686320864857,0.1045984124909328,3.0,0.0,0.0277124385665357,경상남도함양군,0.22419400746111098,2.2857142857142856,0.0,0.029566790107786213,0.7503398427169986,7
2022,경상남도,함양군,0.0,0,0.7978886364183393,-0.3302669675926991,0.0060140965785298,-0.1446172159130407,0.0822546373727823,0.1076681509708664,4.0,0.0,0.02244618882983,경상남도함양군,0.22419400746111098,2.2857142857142856,0.0,0.029566790107786213,0.7406391015612624,7
2023,경상남도,함양군,0.000499875041651,1,0.7978886364183393,0.0693318319069169,0.035033467575981,-0.1464861990161456,0.1889419342212729,0.2402447564363702,5.0,0.0,0.0246926125903715,경상남도함양군,0.22419400746111098,2.2857142857142856,0.0,0.029566790107786213,0.7075675743003648,7
2017,경상남도,합천군,0.0003999200213269,1,2.0948032399616037,0.1690597419894719,-0.0612938675500067,1.2071648908916108,0.85243350132317,1.1570092909475622,1.0,0.0,0.2139817095218235,경상남도합천군,0.7752316163387682,4.0,0.2857142857142857,0.09754129456755882,0.981232547671039,8
2018,경상남도,합천군,0.00129915573162,1,2.097473240170181,0.5324777704697891,-0.1606416062912471,1.2228818311636127,0.923047808878084,1.2842776139345276,2.0,0.0,0.0906630348972421,경상남도합천군,0.7752316163387682,4.0,0.2857142857142857,0.09754129456755882,0.9841657147767773,8
2019,경상남도,합천군,0.0006997551142733,1,2.097473240170181,0.7777449018104674,-0.1431352532335838,0.8052293130030623,0.8843280504375317,1.2268158183279037,3.0,1.0,0.0960371881969421,경상남도합천군,0.7752316163387682,4.0,0.2857142857142857,0.09754129456755882,0.9972600333530562,8
2020,경상남도,합천군,0.0018981972830802,1,2.067774636862849,0.6021676445340644,-1.7690213301655882,0.6981425189580412,0.3997658675473416,1.1226949334516516,4.0,0.0,0.0625052053513971,경상남도합천군,0.7752316163387682,4.0,0.2857142857142857,0.09754129456755882,0.9936930556715893,8
2021,경상남도,합천군,9.999500033330834e-05,1,2.067774636862849,0.3952922149624101,-0.0803346075999655,0.7123964309748033,0.7737821688000243,1.0584877609333545,5.0,1.0,0.0611891683124224,경상남도합천군,0.7752316163387682,4.0,0.2857142857142857,0.09754129456755882,0.9979259960727918,8
2022,경상남도,합천군,0.0001999800026662,1,2.067774636862849,0.2481282460404021,-0.0328887837989822,0.7337920271733904,0.7542015315694148,1.0165649700255472,6.0,0.0,0.0727856697256476,경상남도합천군,0.7752316163387682,4.0,0.2857142857142857,0.09754129456755882,0.9888803149351272,8
2023,경상남도,합천군,0.001598721363697,1,2.067774636862849,0.6901583636520766,-0.0489840183641486,0.647300561112468,0.8390623858158113,1.135077853875798,7.0,0.0,0.085627085967437,경상남도합천군,0.7752316163387682,4.0,0.2857142857142857,0.09754129456755882,0.9870512096102481,8
2017,경상북도,경산시,0.0002999550089979,1,0.457977391798245,-0.2859319324792624,-0.1701502943455874,-0.2020473493954899,-0.0500380461055237,-0.0100006300255024,1.0,0.0,0.0831455810866688,경상북도경산시,0.07616589493413159,4.0,0.0,0.03540881536368213,0.9654820276284293,7
2018,경상북도,경산시,0.0002999550089979,1,0.4632467164372063,-0.0168529560302938,-0.2088023292277051,-0.1746159961650502,0.0157438587535392,0.0905925880806207,2.0,0.0,0.0216636396360263,경상북도경산시,0.07616589493413159,4.0,0.0,0.03540881536368213,0.9668749259619154,7
2019,경상북도,경산시,0.0003999200213269,1,0.4632467164372063,0.12204642127814,-0.1753054381370655,-0.2015215625016862,0.0521165342691486,0.1279238584045533,3.0,0.0,0.0273232956488903,경상북도경산시,0.07616589493413159,4.0,0.0,0.03540881536368213,0.9649032227735757,7
2020,경상북도,경산시,0.0003999200213269,1,0.4919828084817186,-0.2186812673771726,-0.0665665480332247,-0.1575065305031523,0.0123071156420422,0.0385983368671312,4.0,0.0,0.0229349712824958,경상북도경산시,0.07616589493413159,4.0,0.0,0.03540881536368213,0.9676864503164241,7
2021,경상북도,경산시,0.0005998200719676,1,0.4919828084817186,-0.360952187623148,0.661977496328156,-0.2297107834016082,0.1408243334462795,-0.0328933875143458,5.0,0.0,0.0243022925229648,경상북도경산시,0.07616589493413159,4.0,0.0,0.03540881536368213,0.9608518747611988,7
2022,경상북도,경산시,0.0006997551142733,1,0.4919828084817186,-0.249563239319001,0.7039822447798993,-0.2065327411314621,0.1849672682027887,0.0119622760104184,6.0,0.0,0.0196065296389183,경상북도경산시,0.07616589493413159,4.0,0.0,0.03540881536368213,0.9589558316360199,7
2023,경상북도,경산시,0.001199280575482,1,0.4919828084817186,-0.2551856743222351,0.7311373456691725,-0.2589736785060693,0.1772402003306466,-0.0073921814488619,7.0,0.0,0.0488853977298106,경상북도경산시,0.07616589493413159,4.0,0.0,0.03540881536368213,0.9572929446056658,7
2017,경상북도,경주시,0.3733550541899307,1,0.8775347406093079,-0.8687423536719304,-0.3277816492284081,0.556478874917312,0.0593724031565703,0.1884237539515631,1.0,1.0,0.8064312220132837,경상북도경주시,0.13417873822795479,4.0,1.0,0.44366394576768975,0.9985764358456539,8
2018,경상북도,경주시,0.3003267899848596,1,0.8821377966480175,-0.4299349045647436,-0.3730380044597803,0.4964947485077108,0.1439149090328011,0.3162325468636616,2.0,1.0,0.5818244819156791,경상북도경주시,0.13417873822795479,4.0,1.0,0.44366394576768975,0.9990227858432049,8
2019,경상북도,경주시,0.265743164933027,1,0.8821377966480175,-0.0643479774552051,-0.3820116150210227,0.3803226538476797,0.2040252145048673,0.3993708243468307,3.0,1.0,0.5363179165269265,경상북도경주시,0.13417873822795479,4.0,1.0,0.44366394576768975,0.9990383832996071,8
2020,경상북도,경주시,0.2228235001032844,1,0.9080725760301808,-0.5190530376413643,-0.1106178215112729,0.3734343727254203,0.1629590224007409,0.2541513037047455,4.0,1.0,0.4306129016408164,경상북도경주시,0.13417873822795479,4.0,1.0,0.44366394576768975,0.9992971962210279,8
2021,경상북도,경주시,0.1521200480608332,1,0.9080725760301808,-0.5559667348324715,-0.2489563897577377,0.3915493540912086,0.123674701382795,0.2478850650963059,5.0,1.0,0.3442277986369749,경상북도경주시,0.13417873822795479,4.0,1.0,0.44366394576768975,0.9994622105549389,9
2022,경상북도,경주시,0.1530643757268367,1,0.9080725760301808,-0.532928121063303,-0.0740487915977916,0.3683278224423918,0.1673558714528694,0.2478240924697564,6.0,1.0,0.1913638847781835,경상북도경주시,0.13417873822795479,4.0,1.0,0.44366394576768975,0.9995944565546999,9
2023,경상북도,경주시,0.4480774989120402,1,0.9080725760301808,-0.8619250818870811,-0.0078822813858122,0.2735309699028707,0.0779490456650395,0.1065594880153234,7.0,1.0,0.2148694148619641,경상북도경주시,0.13417873822795479,4.0,1.0,0.44366394576768975,0.9996342202915595,9
2017,경상북도,고령군,0.0589290675292874,1,1.4788398564104848,0.1690597419894719,-0.1330193423266164,0.3308406750026768,0.4614302327690043,0.6595800911342112,1.0,1.0,0.180403050971324,경상북도고령군,0.7148220282785128,4.0,1.0,0.08509833876457698,0.9998262475170981,10
2018,경상북도,고령군,0.1108255550888846,1,1.4824880234001423,0.5324777704697891,0.000634753482657,0.3557773348081082,0.5928444705401741,0.7902477095593464,2.0,1.0,0.0983963218561933,경상북도고령군,0.7148220282785128,4.0,1.0,0.08509833876457698,0.9998231925778477,10
2019,경상북도,고령군,0.0869113719892964,1,1.4824880234001423,0.7777449018104674,0.6638779072792427,0.3063382099808415,0.8076122606176734,0.8555237117304837,3.0,1.0,0.0918496536298789,경상북도고령군,0.7148220282785128,4.0,1.0,0.08509833876457698,0.9997564204839403,10
2020,경상북도,고령군,0.167377109408132,1,1.572828253466119,0.6021676445340644,0.6912197662605586,0.3595686653314462,0.806446082398047,0.8448548544438766,4.0,1.0,0.0616593803867277,경상북도고령군,0.7148220282785128,4.0,1.0,0.08509833876457698,0.99977531720454,10
2021,경상북도,고령군,0.2311117209633866,1,1.572828253466119,0.3952922149624101,0.661977496328156,0.3752755453309353,0.7513433775219052,0.7811320045864881,5.0,1.0,0.0434425578428367,경상북도고령군,0.7148220282785128,4.0,1.0,0.08509833876457698,0.9998048717291895,10
2022,경상북도,고령군,0.2379927541644155,1,1.572828253466119,0.2481282460404021,0.7039822447798993,0.3973858545859042,0.7305811497180812,0.7394474513641418,6.0,1.0,0.0433468045033658,경상북도고령군,0.7148220282785128,4.0,1.0,0.08509833876457698,0.9998134903961913,10
2023,경상북도,고령군,0.3589323939799476,1,1.572828253466119,0.6901583636520766,0.7311373456691725,0.4198625347514519,0.853496624384705,0.8942830506232159,7.0,1.0,0.0765906021617125,경상북도고령군,0.7148220282785128,4.0,1.0,0.08509833876457698,0.9997578564849888,10
2017,경상북도,구미시,0.8027636268832683,1,0.5847698271449748,0.0631184288873041,-0.4080353131506232,-0.3939508708294494,-0.0385244819869484,0.0846457950676098,1.0,1.0,0.0515482618805766,경상북도구미시,0.07214789036000625,4.0,1.0,0.02058974485825103,0.9997879964090388,10
2018,경상북도,구미시,0.5163503344086906,1,0.5898378019120764,0.5374573924725213,-0.433916119295512,-0.3590356597184166,0.0835858538426672,0.2560865115553937,2.0,1.0,0.0101483310518151,경상북도구미시,0.07214789036000625,4.0,1.0,0.02058974485825103,0.9997673144102324,10
2019,경상북도,구미시,0.4347002333764993,1,0.5898378019120764,0.5889523433953757,-0.4249274741973212,-0.3340523920719146,0.104952569759554,0.2815792510785124,3.0,1.0,0.006379606964039,경상북도구미시,0.07214789036000625,4.0,1.0,0.02058974485825103,0.9997638951422614,10
2020,경상북도,구미시,0.3949432806485822,1,0.6179781803704578,0.414192973989997,-0.3938350410434221,-0.345903025454607,0.0731082719656064,0.2287560429686159,4.0,1.0,0.0165620882989782,경상북도구미시,0.07214789036000625,4.0,1.0,0.02058974485825103,0.9997731759080072,10
2021,경상북도,구미시,0.3385415227425896,1,0.6179781803704578,0.3897646670258997,-0.4164085672808001,-0.3242077489829703,0.0667816327831467,0.2278450328044624,5.0,1.0,0.0153811020383023,경상북도구미시,0.07214789036000625,4.0,1.0,0.02058974485825103,0.9997786232275695,10
2022,경상북도,구미시,0.2799018851328186,1,0.6179781803704578,0.3431898407143863,-0.3860019163134971,-0.2991517553107833,0.0690035873651409,0.2206720885913535,6.0,1.0,0.0231304173888543,경상북도구미시,0.07214789036000625,4.0,1.0,0.02058974485825103,0.9997765277829176,10
2023,경상북도,구미시,0.785042445264201,1,0.6179781803704578,0.7537956161745009,-0.4598916531269953,-0.3273709482544551,0.146127798790877,0.3481342827635011,7.0,1.0,0.0209784063851917,경상북도구미시,0.07214789036000625,4.0,1.0,0.02058974485825103,0.9997510055194732,10
2017,경상북도,김천시,0.004191204618468,1,-0.1331480786783856,-0.9860210149169996,-0.1026321219643038,-0.4889508913324852,-0.4276880267230436,-0.5360399949759569,1.0,1.0,0.2417690154373746,경상북도김천시,-0.2720088815710494,4.0,1.0,0.11752985528135206,0.9996331913315522,9
2018,경상북도,김천시,0.0030952049073024,1,-0.1269400305469062,-1.089653273924131,0.6598233988354029,-0.5403315052910662,-0.2742753527316751,-0.5856416032540345,2.0,1.0,0.1742893850966903,경상북도김천시,-0.2720088815710494,4.0,1.0,0.11752985528135206,0.9996005141407455,9
2019,경상북도,김천시,0.0054849302305696,1,-0.1269400305469062,-0.8902278006451748,0.6638779072792427,-0.5866810690621932,-0.2349927482437579,-0.5346163000847581,3.0,1.0,0.1002072604170255,경상북도김천시,-0.2720088815710494,4.0,1.0,0.11752985528135206,0.999643372204063,9
2020,경상북도,김천시,0.0071742037480003,1,-0.1040490801992915,-0.9937565492487472,0.6912197662605586,-0.5626068303914883,-0.2422981733947421,-0.5534708199465089,4.0,1.0,0.090936994992102,경상북도김천시,-0.2720088815710494,4.0,1.0,0.11752985528135206,0.9996587043606936,9
2021,경상북도,김천시,0.0220549907808313,1,-0.1040490801992915,-1.0595604323364831,0.661977496328156,-0.5608284369412284,-0.2656151132872117,-0.5748126498256677,5.0,1.0,0.0801042442416614,경상북도김천시,-0.2720088815710494,4.0,1.0,0.11752985528135206,0.9996828136274364,9
2022,경상북도,김천시,0.0130149370774946,1,-0.1040490801992915,-1.0443768221322294,0.7039822447798993,-0.5352259195852905,-0.244917394284228,-0.5612172739722704,6.0,1.0,0.070644839569332,경상북도김천시,-0.2720088815710494,4.0,1.0,0.11752985528135206,0.9996825588809369,9
2023,경상북도,김천시,0.025472795973031,1,-0.1040490801992915,-0.952338978355931,0.7311373456691725,-0.5318507364447004,-0.2142753623326876,-0.5294129316666409,7.0,1.0,0.0647572472152785,경상북도김천시,-0.2720088815710494,4.0,1.0,0.11752985528135206,0.9996745822173949,9
2017,경상북도,문경시,0.0,0,0.3991546379663429,0.2503089924134176,-0.2262365138157351,-0.8444689721015178,-0.1053104638843731,-0.0650017805739191,1.0,0.0,0.0038924147153438,경상북도문경시,-0.017062584787094,0.8571428571428571,0.0,0.0015981322656525142,0.22335727247553352,5
2018,경상북도,문경시,0.0,0,0.4045173747549652,-0.3357310409708514,0.1161300410888629,-0.8376040382394052,-0.1631719158416071,-0.2562725681517638,2.0,0.0,0.0017983819413793,경상북도문경시,-0.017062584787094,0.8571428571428571,0.0,0.0015981322656525142,0.24292661467672894,6
2019,경상북도,문경시,0.0,0,0.4045173747549652,-0.3614564712944068,0.6638779072792427,-0.8259634498200037,-0.0297561597700506,-0.2609675154531484,0.0,0.0,0.000499875041651,경상북도문경시,-0.017062584787094,0.8571428571428571,0.0,0.0015981322656525142,0.20229526731811295,5
2020,경상북도,문경시,0.0,0,0.424683948536791,-0.2304192347096776,0.6912197662605586,-0.7957944147394301,0.0224225163370604,-0.2005099003041055,0.0,0.0,0.0005998200719676,경상북도문경시,-0.017062584787094,0.8571428571428571,0.0,0.0015981322656525142,0.18901455170998177,5
2021,경상북도,문경시,0.0,0,0.424683948536791,-0.1381104862607324,0.661977496328156,-0.7861286428247375,0.0406055789448692,-0.1665183935162263,0.0,0.0,0.0007996801705643,경상북도문경시,-0.017062584787094,0.8571428571428571,0.0,0.0015981322656525142,0.18449101655555986,5
2022,경상북도,문경시,9.999500033330834e-05,1,0.424683948536791,-0.3259207734466904,0.7039822447798993,-0.7736937379779444,0.0072629204730138,-0.2249768542959479,1.0,0.0,0.0016985566355814,경상북도문경시,-0.017062584787094,0.8571428571428571,0.0,0.0015981322656525142,0.19419940952251544,5
2023,경상북도,문경시,9.999500033330834e-05,1,0.424683948536791,0.0284838090162484,0.7311373456691725,-0.7502673822964944,0.1085094302314294,-0.0990332082478183,2.0,0.0,0.0018981972830802,경상북도문경시,-0.017062584787094,0.8571428571428571,0.0,0.0015981322656525142,0.17146296343184494,5
2017,경상북도,봉화군,0.0,0,2.2409538621211618,-0.8488752457085925,-0.12104059009415,0.2579089178588111,0.3822367360443075,0.5499958447571268,1.0,0.0,0.0874612757699945,경상북도봉화군,0.08535813387003606,1.1428571428571428,0.0,0.0409087929715813,0.16768599170284407,5
2018,경상북도,봉화군,0.0,0,2.243391771125216,-0.7995656259208864,-0.1736341969604907,0.2870011890547272,0.3892982843246415,0.5769424447530189,0.0,0.0,0.0629747991613884,경상북도봉화군,0.08535813387003606,1.1428571428571428,0.0,0.0409087929715813,0.17217441057366917,5
2019,경상북도,봉화군,0.0,0,2.243391771125216,-0.7386307485773879,-2.0683500466932454,0.2658894117981871,-0.0744249030868075,0.5902168114486718,1.0,0.0,0.029073247485707,경상북도봉화군,0.08535813387003606,1.1428571428571428,0.0,0.0409087929715813,0.32412559626285753,6
2020,경상북도,봉화군,0.0,0,2.2673174454040748,-1.0544088519056354,-1.8317633836789384,0.3099995403109357,-0.0772138124673908,0.5076360446031251,0.0,0.0,0.0299470763679521,경상북도봉화군,0.08535813387003606,1.1428571428571428,0.0,0.0409087929715813,0.32217462261636387,6
2021,경상북도,봉화군,0.0,0,2.2673174454040748,-1.105169179253022,-1.9546814299308968,0.3279992403782223,-0.1161334808504054,0.4967158355097583,1.0,0.0,0.026349775322782,경상북도봉화군,0.08535813387003606,1.1428571428571428,0.0,0.0409087929715813,0.3404038100785838,6
2022,경상북도,봉화군,0.0,0,2.2673174454040748,-0.6636029128616445,-1.8462107586077017,0.3512373848352539,0.0271852896924956,0.6516506391258947,2.0,0.0,0.0257652078860264,경상북도봉화군,0.08535813387003606,1.1428571428571428,0.0,0.0409087929715813,0.29318339341507776,6
2023,경상북도,봉화군,0.0,0,2.2673174454040748,-0.4510951946895396,-1.881534044903905,0.331547087923016,0.0665588234334115,0.7159231128791838,3.0,0.0,0.0247901688072187,경상북도봉화군,0.08535813387003606,1.1428571428571428,0.0,0.0409087929715813,0.28295351063735186,6
2017,경상북도,상주시,0.0105442138756711,1,0.1429985111039497,0.2089178134296172,-0.1897670794842614,-0.4946553733203859,-0.0831265320677701,-0.0475796829289396,1.0,1.0,0.166107482930927,경상북도상주시,0.09073682539010508,4.0,1.0,0.08072076859418607,0.9997480828260232,10
2018,경상북도,상주시,0.0029955089797984,1,0.1487680308617517,0.1773553870187303,0.6598233988354029,-0.4805666207747107,0.1263450489852935,-0.0514810676314095,2.0,1.0,0.1287449558905622,경상북도상주시,0.09073682539010508,4.0,1.0,0.08072076859418607,0.999678783717175,9
2019,경상북도,상주시,0.0030952049073024,1,0.1487680308617517,0.0860121277654364,0.6638779072792427,-0.530384356764007,0.0920684272856059,-0.0985347327122729,3.0,1.0,0.0727856697256476,경상북도상주시,0.09073682539010508,4.0,1.0,0.08072076859418607,0.9997348160151255,10
2020,경상북도,상주시,0.0036931718376175,1,0.1728304201262013,0.113319936444067,0.6912197662605586,-0.5193075037399877,0.1145156547727098,-0.0777190490565731,4.0,1.0,0.0594003432814475,경상북도상주시,0.09073682539010508,4.0,1.0,0.08072076859418607,0.9997361756292722,10
2021,경상북도,상주시,0.0094551587707551,1,0.1728304201262013,0.1272944744468868,0.661977496328156,-0.5129087131317525,0.1122984194423729,-0.0709279395195547,5.0,1.0,0.0537303224209677,경상북도상주시,0.09073682539010508,4.0,1.0,0.08072076859418607,0.9997433836338572,10
2022,경상북도,상주시,0.0093560949240249,1,0.1728304201262013,0.0305841142997035,0.7039822447798993,-0.5031408273924107,0.1010639879533483,-0.0999087643221686,6.0,1.0,0.0467881614987589,경상북도상주시,0.09073682539010508,4.0,1.0,0.08072076859418607,0.9997546969797921,10
2023,경상북도,상주시,0.0152826235311569,1,0.1728304201262013,0.263810597532561,0.7311373456691725,-0.4798072778912335,0.1719927713591753,-0.0143887534108237,7.0,1.0,0.0374884444109916,경상북도상주시,0.09073682539010508,4.0,1.0,0.08072076859418607,0.9997336841219221,10
2017,경상북도,성주군,0.062880898039201,1,0.6877465291237187,0.0631184288873041,-2.1465375024634734,-0.0664845141753582,-0.3655392646569522,0.2281268146118882,1.0,1.0,0.1522918103422586,경상북도성주군,-0.0050677538907568246,4.0,1.0,0.06252658974033563,0.999812906815992,10
2018,경상북도,성주군,0.0386436235922044,1,0.6926509740580563,0.5374573924725213,0.6598233988354029,-0.0364940214817738,0.4633594359710516,0.3978714483496012,2.0,1.0,0.0268366539535596,경상북도성주군,-0.0050677538907568246,4.0,1.0,0.06252658974033563,0.999467764454741,9
2019,경상북도,성주군,0.0591176044830888,1,0.6926509740580563,0.5889523433953757,-1.1968817415169783,-0.1384711472714073,-0.0134373928337384,0.3810440567273416,3.0,1.0,0.0346912397899303,경상북도성주군,-0.0050677538907568246,4.0,1.0,0.06252658974033563,0.9997518311608019,10
2020,경상북도,성주군,0.0485044090596149,1,0.7156860766236252,0.414192973989997,-0.9788107206822444,-0.1413293720511132,0.0024347394700661,0.3295165595208362,4.0,1.0,0.0349809688952455,경상북도성주군,-0.0050677538907568246,4.0,1.0,0.06252658974033563,0.9997481346232712,10
2021,경상북도,성주군,0.0429636994321156,1,0.7156860766236252,0.3897646670258997,-1.2144108785381258,-0.1643261746198658,-0.0683215773771167,0.313708189676553,5.0,1.0,0.0464063728141557,경상북도성주군,-0.0050677538907568246,4.0,1.0,0.06252658974033563,0.9997721249122349,10
2022,경상북도,성주군,0.0773313429363234,1,0.7156860766236252,0.3431898407143863,-1.1240253952832289,-0.2490128616386048,-0.0785405848959555,0.2699543518998022,6.0,1.0,0.0605304997400323,경상북도성주군,-0.0050677538907568246,4.0,1.0,0.06252658974033563,0.999771306559121,10
2023,경상북도,성주군,0.1215094173971972,1,0.7156860766236252,0.7537956161745009,-1.1452510291971092,-0.2259491952516276,0.0245703670873473,0.4145108325154994,7.0,1.0,0.0819485826471674,경상북도성주군,-0.0050677538907568246,4.0,1.0,0.06252658974033563,0.9997199217242844,10
2017,경상북도,안동시,0.3741120304501421,1,2.0702709270055544,-0.0059009519903066,-0.2715464777918143,0.2233189293415998,0.5040356066412583,0.7625629681189491,1.0,0.0,0.0039920212695374,경상북도안동시,0.4693789846154944,4.0,0.14285714285714285,0.001483567799981357,0.9805413139181594,8
2018,경상북도,안동시,0.1875578235892009,1,2.072979885201307,-0.4294195615927247,-0.2905019913472509,0.10668336377182,0.3649354240082878,0.5834145624601341,2.0,0.0,0.0002999550089979,경상북도안동시,0.4693789846154944,4.0,0.14285714285714285,0.001483567799981357,0.9846922447470724,8
2019,경상북도,안동시,0.192601866201511,1,2.072979885201307,-0.3371322227422702,-0.2964651558264826,0.1127519075903822,0.3880336035557341,0.6161998566831397,3.0,0.0,0.0001999800026662,경상북도안동시,0.4693789846154944,4.0,0.14285714285714285,0.001483567799981357,0.9843018727774911,8
2020,경상북도,안동시,0.1710920748424058,1,2.218912085976936,-0.5350342779002054,-0.1776466154977284,0.0930988169393493,0.3998325023795879,0.5923255416720267,4.0,0.0,0.0001999800026662,경상북도안동시,0.4693789846154944,4.0,0.14285714285714285,0.001483567799981357,0.9841844780688992,8
2021,경상북도,안동시,0.1649210421137872,1,2.218912085976936,-0.4947213346964851,-0.0138082784578327,0.0893033115473327,0.4499214460924877,0.6044980209425946,5.0,0.0,0.000899595242836,경상북도안동시,0.4693789846154944,4.0,0.14285714285714285,0.001483567799981357,0.9830419073254929,8
2022,경상북도,안동시,0.1516045841318941,1,2.218912085976936,-0.4419430756019546,0.7039822447798993,0.0285846698378999,0.6273839812481952,0.6018512267376271,6.0,1.0,0.0014988761237358,경상북도안동시,0.4693789846154944,4.0,0.14285714285714285,0.001483567799981357,0.9958858440177396,8
2023,경상북도,안동시,0.3886579897917831,1,2.218912085976936,-0.1988831765758743,0.1343505252566083,0.0516618788739678,0.5515103283829096,0.6905635960916766,7.0,0.0,0.00329456694943,경상북도안동시,0.4693789846154944,4.0,0.14285714285714285,0.001483567799981357,0.9804219943723298,8
2017,경상북도,영덕군,0.0150856374180408,1,1.6994831419232697,-0.6605729510904547,-0.0694289648297128,0.692483477441556,0.4154911758611645,0.5771312227581237,1.0,1.0,0.2426324038980567,경상북도영덕군,0.4232738218315733,4.0,1.0,0.12863741316460064,0.9996556433238688,9
2018,경상북도,영덕군,0.0134096869099176,1,1.7027809213117804,-0.6907530508906886,-0.2141061667477521,0.4745243955722769,0.3181115248114041,0.4955174219977896,2.0,1.0,0.2660497723246671,경상북도영덕군,0.4232738218315733,4.0,1.0,0.12863741316460064,0.999693438668277,9
2019,경상북도,영덕군,0.0122249696225689,1,1.7027809213117804,-0.045158341054581,-0.2210613066833185,0.4711213391007375,0.4769206531686545,0.7095813064526456,3.0,1.0,0.1560631356315875,경상북도영덕군,0.4232738218315733,4.0,1.0,0.12863741316460064,0.9996936993687378,9
2020,경상북도,영덕군,0.0056838164682976,1,1.8913367851000809,-1.0238416244007504,-0.1369712800812902,0.5385682933241627,0.3172730434855506,0.4686878180078309,4.0,1.0,0.076220025911409,경상북도영덕군,0.4232738218315733,4.0,1.0,0.12863741316460064,0.999804159607726,10
2021,경상북도,영덕군,0.017348638334613,1,1.8913367851000809,-0.6507002244630584,-0.154320257716077,0.479361873736094,0.3914195441642598,0.5733328114577054,5.0,1.0,0.062411260121397,경상북도영덕군,0.4232738218315733,4.0,1.0,0.12863741316460064,0.999788417246321,10
2022,경상북도,영덕군,0.0281986543586787,1,1.8913367851000809,-0.8822817890819534,0.7039822447798993,0.502086933774301,0.5537810436430819,0.5037139765974761,6.0,1.0,0.0442082546643203,경상북도영덕군,0.4232738218315733,4.0,1.0,0.12863741316460064,0.9997390250898068,10
2023,경상북도,영덕군,0.0362354925820954,1,1.8913367851000809,-1.1875000514703322,0.7311373456691725,0.5247049914486692,0.4899197676868975,0.4095139083594725,7.0,1.0,0.0528770396007669,경상북도영덕군,0.4232738218315733,4.0,1.0,0.12863741316460064,0.999762706900229,10
2017,경상북도,영양군,0.0,0,1.8896717949433648,-0.6605729510904547,-0.1491642073092715,0.2147343721706329,0.3236672521785678,0.4812777386745142,1.0,0.0,0.1270730825634761,경상북도영양군,0.46139852656725117,0.42857142857142855,0.0,0.05970142618180723,0.13108467531544593,5
2018,경상북도,영양군,0.0,0,1.8926675495240857,-0.6907530508906886,0.6598233988354029,0.0820022388727931,0.4859350340853982,0.4279722458353966,2.0,0.0,0.0896578719305353,경상북도영양군,0.46139852656725117,0.42857142857142855,0.0,0.05970142618180723,0.11322617115289521,4
2019,경상북도,영양군,0.0,0,1.8926675495240857,-0.045158341054581,0.6638779072792427,0.0378853831202268,0.6373181247172435,0.6284648638632437,0.0,0.0,0.0430594894604469,경상북도영양군,0.46139852656725117,0.42857142857142855,0.0,0.05970142618180723,0.09785073308177958,4
2020,경상북도,영양군,0.0,0,1.9108002571418696,-1.0238416244007504,0.6912197662605586,0.0804346059372396,0.4146532512347293,0.3224644128927862,0.0,0.0,0.0439211870579281,경상북도영양군,0.46139852656725117,0.42857142857142855,0.0,0.05970142618180723,0.13423970615692743,5
2021,경상북도,영양군,0.0,0,1.9108002571418696,-0.6507002244630584,0.661977496328156,0.0982715107324008,0.505087259934842,0.452790514470404,0.0,0.0,0.0377773643340299,경상북도영양군,0.46139852656725117,0.42857142857142855,0.0,0.05970142618180723,0.11960460517430244,5
2022,경상북도,영양군,0.0,0,1.9108002571418696,-0.8822817890819534,0.7039822447798993,0.1214295764073199,0.4634825723117838,0.383316014822412,0.0,0.0,0.0386436235922044,경상북도영양군,0.46139852656725117,0.42857142857142855,0.0,0.05970142618180723,0.12664178954361174,5
2023,경상북도,영양군,0.0,0,1.9108002571418696,-1.1875000514703322,0.7311373456691725,0.1441472146920636,0.3996461915081934,0.2891491401212003,0.0,0.0,0.0377773643340299,경상북도영양군,0.46139852656725117,0.42857142857142855,0.0,0.05970142618180723,0.13871001921127765,5
2017,경상북도,영주시,0.00129915573162,1,0.9321107065884228,-0.7413919213515271,-0.1523267756156878,-0.7462418485840759,-0.176962459740717,-0.18517435444906,1.0,1.0,0.1187603357208428,경상북도영주시,0.030560744380561482,4.0,0.42857142857142855,0.05603124315846501,0.9985045914836289,8
2018,경상북도,영주시,0.000499875041651,1,0.9366270944932926,-0.5110018325280257,0.6598233988354029,-0.7579886404959426,0.0818650050761817,-0.1107877928435585,2.0,1.0,0.0869113719892964,경상북도영주시,0.030560744380561482,4.0,0.42857142857142855,0.05603124315846501,0.9979106786126117,8
2019,경상북도,영주시,0.0003999200213269,1,0.9366270944932926,-0.96149315163591,0.6638779072792427,-0.7469380584741666,-0.0269815520843853,-0.257268038538928,3.0,0.0,0.0404699325537132,경상북도영주시,0.030560744380561482,4.0,0.42857142857142855,0.05603124315846501,0.991457574267551,8
2020,경상북도,영주시,0.0002999550089979,1,0.9732498753024404,-0.9266075741516928,0.6912197662605586,-0.698767692151235,0.0097735938150178,-0.2173751303334958,4.0,0.0,0.0416216746908194,경상북도영주시,0.030560744380561482,4.0,0.42857142857142855,0.05603124315846501,0.9910198788918426,8
2021,경상북도,영주시,0.0030952049073024,1,0.9732498753024404,-0.6171057041569531,0.661977496328156,-0.6750907014585503,0.0857577415037732,-0.1063155101043543,5.0,0.0,0.0367175829351627,경상북도영주시,0.030560744380561482,4.0,0.42857142857142855,0.05603124315846501,0.9900829940844245,8
2022,경상북도,영주시,0.0120273802127184,1,0.9732498753024404,-0.847473761304126,0.7039822447798993,-0.6640780937335996,0.0414200662611535,-0.1794339932450951,6.0,1.0,0.0352706140819192,경상북도영주시,0.030560744380561482,4.0,0.42857142857142855,0.05603124315846501,0.9983333720593648,8
2023,경상북도,영주시,0.0080673710777587,1,0.9732498753024404,-0.2529340582995582,0.7311373456691725,-0.6552418993404283,0.1990528158329065,0.0216913058874845,7.0,0.0,0.0324671901375014,경상북도영주시,0.030560744380561482,4.0,0.42857142857142855,0.05603124315846501,0.98849224649845,8
2017,경상북도,영천시,0.000499875041651,1,1.175189255968661,-0.322078218284371,-2.0790868090780994,0.1923063468374771,-0.2584173561390831,0.3484724615072556,1.0,1.0,0.2919230667090354,경상북도영천시,-0.2615304407689565,4.0,0.8571428571428571,0.1494500782435987,0.999134012955788,8
2018,경상북도,영천시,0.001199280575482,1,1.1793196284567926,-0.3348379037828897,-2.2090636648461306,0.1579572460202297,-0.3016561735379995,0.3341463235647108,2.0,0.0,0.2503695375678011,경상북도영천시,-0.2615304407689565,4.0,0.8571428571428571,0.1494500782435987,0.9960073673067589,8
2019,경상북도,영천시,0.0021975835434872,1,1.1793196284567926,0.0059062336066382,-2.0591915013499484,0.1759350540682921,-0.1745076463045563,0.453720305377241,3.0,1.0,0.1671233130360578,경상북도영천시,-0.2615304407689565,4.0,0.8571428571428571,0.1494500782435987,0.9992665583985724,8
2020,경상북도,영천시,0.0028958031120255,1,1.2141261743619125,-0.5575379255399908,-1.9091514156327496,0.2220699154596992,-0.2576233128377821,0.2928860547605403,4.0,1.0,0.1067894941815177,경상북도영천시,-0.2615304407689565,4.0,0.8571428571428571,0.1494500782435987,0.9994457549651832,9
2021,경상북도,영천시,0.004191204618468,1,1.2141261743619125,-0.3004835306416429,-2.11503820042092,0.2400787872329775,-0.2403291923669182,0.384573810317749,5.0,1.0,0.0923056707840261,경상북도영천시,-0.2615304407689565,4.0,0.8571428571428571,0.1494500782435987,0.9994544982446939,9
2022,경상북도,영천시,0.0084640784121294,1,1.2141261743619125,-0.4527702826055866,-2.038554774944526,0.2118999676835164,-0.2663247288761708,0.3244186198132808,6.0,1.0,0.0652257849177074,경상북도영천시,-0.2615304407689565,4.0,0.8571428571428571,0.1494500782435987,0.9995131894763778,9
2023,경상북도,영천시,0.0088606284321965,1,1.2141261743619125,-0.507881238500107,-2.1042865335867753,0.0706228964442287,-0.3318546753201853,0.2589559441020114,7.0,1.0,0.0724136805090453,경상북도영천시,-0.2615304407689565,4.0,0.8571428571428571,0.1494500782435987,0.9995600019697224,9
2017,경상북도,예천군,0.0,0,0.3891962892792867,0.2503089924134176,-0.193563358473261,-0.7747355830938599,-0.0821984149686041,-0.0450767671337185,1.0,0.0,0.1063400357713265,경상북도예천군,-0.4681346556764108,2.2857142857142856,0.0,0.049624337785369274,0.4156617196226466,6
2018,경상북도,예천군,0.0,0,0.394574840199301,-0.3357310409708514,0.6598233988354029,-0.816380358229298,-0.0244282900413614,-0.2525121863336161,0.0,0.0,0.0748291406206489,경상북도예천군,-0.4681346556764108,2.2857142857142856,0.0,0.049624337785369274,0.4073528376282632,6
2019,경상북도,예천군,0.0,0,0.394574840199301,-0.3614564712944068,-1.99773058234472,-0.7908874540336325,-0.6888749168683646,-0.2525896950429127,1.0,0.0,0.0344980404075674,경상북도예천군,-0.4681346556764108,2.2857142857142856,0.0,0.049624337785369274,0.6897036794921495,7
2020,경상북도,예천군,0.0,0,0.4154060787294522,-0.2304192347096776,-1.8193580301894323,-0.7639330743186736,-0.5995760651220828,-0.1929820767662996,2.0,0.0,0.035463664275569,경상북도예천군,-0.4681346556764108,2.2857142857142856,0.0,0.049624337785369274,0.6601490145074375,6
2021,경상북도,예천군,0.0001999800026662,1,0.4154060787294522,-0.1381104862607324,-2.139190215520128,-0.740414360830306,-0.6505772459704285,-0.1543729227871954,3.0,0.0,0.0321767316952212,경상북도예천군,-0.4681346556764108,2.2857142857142856,0.0,0.049624337785369274,0.6824513195784616,7
2022,경상북도,예천군,0.000899595242836,1,0.4154060787294522,-0.3259207734466904,-2.0159969270302325,-0.7144614208669133,-0.660243260653596,-0.2083253718613838,4.0,0.0,0.0324671901375014,경상북도예천군,-0.4681346556764108,2.2857142857142856,0.0,0.049624337785369274,0.6881482386457698,7
2023,경상북도,예천군,0.0005998200719676,1,0.4154060787294522,0.0284838090162484,-2.036966441717432,-0.6911010304700214,-0.5710443961104381,-0.0824037142414402,5.0,0.0,0.0315955615897505,경상북도예천군,-0.4681346556764108,2.2857142857142856,0.0,0.049624337785369274,0.6594770671214125,6
2017,경상북도,울릉군,0.0,0,-0.4885083267470715,-1.178122187772866,0.711348555417926,0.4132432568945954,-0.135509675551854,-0.4177957525417807,0.0,0.0,0.0003999200213269,경상북도울릉군,-0.24561742473919246,0.0,0.0,0.00014282001332778572,0.050042724657011,1
2018,경상북도,울릉군,0.0,0,-0.4817359567755939,-1.3513040020548062,0.6598233988354029,0.4371145359349331,-0.184025506015016,-0.465308474298489,0.0,0.0,0.0,경상북도울릉군,-0.24561742473919246,0.0,0.0,0.00014282001332778572,0.05394354582613514,1
2019,경상북도,울릉군,0.0,0,-0.4817359567755939,-1.263385160695519,0.6638779072792427,0.5341046013690401,-0.1367846522057075,-0.4036721720340243,0.0,0.0,0.0,경상북도울릉군,-0.24561742473919246,0.0,0.0,0.00014282001332778572,0.05018316650491341,1
2020,경상북도,울릉군,0.0,0,-0.4550248786448272,-1.4845600988269223,-0.9788107206822444,0.5800254471335239,-0.5845925627551175,-0.4531865101127419,0.0,0.0,0.0,경상북도울릉군,-0.24561742473919246,0.0,0.0,0.00014282001332778572,0.09814298636784376,4
2021,경상북도,울릉군,0.0,0,-0.4550248786448272,-0.8972291152369617,0.661977496328156,0.5939060602815007,-0.024092609318033,-0.2527826445334294,0.0,0.0,0.0,경상북도울릉군,-0.24561742473919246,0.0,0.0,0.00014282001332778572,0.04219172988027412,1
2022,경상북도,울릉군,0.0,0,-0.4550248786448272,-1.1317514068712669,-1.1240253952832289,0.6151180312532243,-0.5239209123865246,-0.3238860847542899,0.0,0.0,0.0,경상북도울릉군,-0.24561742473919246,0.0,0.0,0.00014282001332778572,0.08981245005335825,4
2023,경상북도,울릉군,0.0,0,-0.4550248786448272,-1.435084802576278,0.7311373456691725,0.6373881157835547,-0.1303960549420945,-0.4175738551458502,0.0,0.0,0.0005998200719676,경상북도울릉군,-0.24561742473919246,0.0,0.0,0.00014282001332778572,0.049630873628867055,1
2017,경상북도,울진군,0.0,0,2.743918967395769,-0.9069498635018308,0.711348555417926,0.7942470818950715,0.8356411853017339,0.8770720619296699,1.0,0.0,0.0121261797978405,경상북도울진군,0.7191486882780719,0.5714285714285714,0.0,0.005053141282122143,0.15526846979753497,5
2018,경상북도,울진군,0.0,0,2.745558153990083,-0.7585910731883215,0.6598233988354029,0.8165399247722867,0.8658326011023627,0.9345023351913492,2.0,0.0,0.0037927982386962,경상북도울진군,0.7191486882780719,0.5714285714285714,0.0,0.005053141282122143,0.15283980261685493,5
2019,경상북도,울진군,0.0,0,2.745558153990083,-0.1402736233400335,0.6638779072792427,0.9195595250695466,1.0471804907497098,1.1749480185731986,0.0,0.0,0.0033942330680155,경상북도울진군,0.7191486882780719,0.5714285714285714,0.0,0.005053141282122143,0.11638072047637708,5
2020,경상북도,울진군,0.0,0,2.7970743118777137,-1.0594117325139096,-0.2058932623295652,0.8226397945169992,0.5886022778878095,0.8534341246269345,0.0,0.0,0.0030952049073024,경상북도울진군,0.7191486882780719,0.5714285714285714,0.0,0.005053141282122143,0.2164366165149448,5
2021,경상북도,울진군,0.0,0,2.7970743118777137,-0.86143497662861,-0.1993327651793082,0.72727168507818,0.6158945637869939,0.8876370067757612,0.0,0.0,0.0013990209137073,경상북도울진군,0.7191486882780719,0.5714285714285714,0.0,0.005053141282122143,0.2096885825454711,5
2022,경상북도,울진군,0.0,0,2.7970743118777137,-0.7339330960816999,-0.1316848967737838,0.462105940019016,0.5983905647603115,0.8417490519383434,1.0,0.0,0.0043903483012928,경상북도울진군,0.7191486882780719,0.5714285714285714,0.0,0.005053141282122143,0.21521502767085215,5
2023,경상북도,울진군,0.0,0,2.7970743118777137,-1.1072875541769769,-0.0652474366580793,0.3054572163876725,0.4824991343575825,0.6650813246961365,0.0,0.0,0.0071742037480003,경상북도울진군,0.7191486882780719,0.5714285714285714,0.0,0.005053141282122143,0.24518469709041743,6
2017,경상북도,의성군,0.0005998200719676,1,1.7415295030463958,-0.3386827725443919,-0.2095568486378188,0.4402683011196139,0.4083895457459497,0.614371677207206,1.0,1.0,0.3685936333322597,경상북도의성군,0.6087029552796231,4.0,0.5714285714285714,0.1854775221291372,0.9986613145383603,8
2018,경상북도,의성군,0.0005998200719676,1,1.7447605116579183,-0.2452369830777564,-0.1490163590709463,0.4659944443287823,0.4541254034594995,0.6551726576363147,2.0,0.0,0.2920724207530738,경상북도의성군,0.6087029552796231,4.0,0.5714285714285714,0.1854775221291372,0.9934243482926493,8
2019,경상북도,의성군,0.0005998200719676,1,1.7447605116579183,-0.0357172487441014,0.6638779072792427,0.466100792537345,0.7097554906826011,0.7250480184837206,3.0,0.0,0.1629688282781396,경상북도의성군,0.6087029552796231,4.0,0.5714285714285714,0.1854775221291372,0.9926458064687715,8
2020,경상북도,의성군,0.0051865266873,1,1.7737643257326794,-0.3844043145399675,0.6912197662605586,0.510055647531497,0.6476588562461918,0.6331385529080696,4.0,0.0,0.1414995622736995,경상북도의성군,0.6087029552796231,4.0,0.5714285714285714,0.1854775221291372,0.9937239198753042,8
2021,경상북도,의성군,0.0058826631581554,1,1.7737643257326794,-0.1779967887302979,0.661977496328156,0.3848606418848527,0.6606514188038475,0.6602093929624114,5.0,1.0,0.1265445413249562,경상북도의성군,0.6087029552796231,4.0,0.5714285714285714,0.1854775221291372,0.9988809136027421,8
2022,경상북도,의성군,0.0069756137364252,1,1.7737643257326794,-0.2399277850638294,0.7039822447798993,0.3500949140467757,0.6469784248738812,0.6279771515718752,6.0,1.0,0.1118990924974087,경상북도의성군,0.6087029552796231,4.0,0.5714285714285714,0.1854775221291372,0.998952562286178,8
2023,경상북도,의성군,0.0093560949240249,1,1.7737643257326794,0.1071524940381885,0.7311373456691725,0.3213920231415232,0.7333615471453909,0.7341029476374636,7.0,1.0,0.0947645764444229,경상북도의성군,0.6087029552796231,4.0,0.5714285714285714,0.1854775221291372,0.9988544352919708,8
2017,경상북도,청도군,0.0330478540462003,1,1.2572376188019083,0.1285674682254688,-2.1189872636024356,0.0512796149198372,-0.1704756404138052,0.4790282339824049,1.0,1.0,0.4591322493571004,경상북도청도군,-0.046164467341059556,4.0,1.0,0.23756739077877792,0.9994016987302194,9
2018,경상북도,청도군,0.0595887914116575,1,1.2612376962349954,0.5306981934272956,-2.3336645428831906,0.0174098123751619,-0.1310797102114344,0.6031152340124843,2.0,1.0,0.333109445916024,경상북도청도군,-0.046164467341059556,4.0,1.0,0.23756739077877792,0.9995242586429742,9
2019,경상북도,청도군,0.0520230280671519,1,1.2612376962349954,0.6779700932330622,-2.125055626617327,0.0918954574663383,-0.0234880949207327,0.6770344156447986,3.0,1.0,0.2636711024902777,경상북도청도군,-0.046164467341059556,4.0,1.0,0.23756739077877792,0.9995208887044267,9
2020,경상북도,청도군,0.0685927914656117,1,1.285488720172398,0.4038128085428838,-1.894820836502416,0.0775398513197335,-0.0319948641168502,0.5889471266783385,4.0,1.0,0.2055496829131617,경상북도청도군,-0.046164467341059556,4.0,1.0,0.23756739077877792,0.9995896513697866,9
2021,경상북도,청도군,0.055623903747997,1,1.285488720172398,0.6957135768187305,-2.0687047997181893,0.0958829945485766,0.0020951229553788,0.6923617638465683,5.0,1.0,0.1610127958477032,경상북도청도군,-0.046164467341059556,4.0,1.0,0.23756739077877792,0.9996119615355815,9
2022,경상북도,청도군,0.0314017631395316,1,1.285488720172398,0.449082154264629,-1.9852096011847824,0.1192900782490104,-0.0328371621246863,0.6179536508953458,6.0,1.0,0.0928526170146163,경상북도청도군,-0.046164467341059556,4.0,1.0,0.23756739077877792,0.9996885843326914,9
2023,경상북도,청도군,0.113864256149047,1,1.285488720172398,0.9029216805624718,-2.071959075490168,0.1420649845341513,0.0646290774447131,0.776825128423007,7.0,1.0,0.1476438419125622,경상북도청도군,-0.046164467341059556,4.0,1.0,0.23756739077877792,0.9995928450820336,9
2017,경상북도,청송군,0.0,0,1.5315822216789672,-0.5659809578721713,-0.1230922011101633,0.427539914548795,0.3175122443113569,0.464380392785197,1.0,0.0,0.2624411845859859,경상북도청송군,0.45024131699271036,0.42857142857142855,0.0,0.13445051661290425,0.09619865312838104,4
2018,경상북도,청송군,0.0,0,1.5351466323431049,-0.7401943820961393,0.6598233988354029,0.3471803527953774,0.4504890004694364,0.3807108676807809,2.0,0.0,0.2480312668219887,경상북도청송군,0.45024131699271036,0.42857142857142855,0.0,0.13445051661290425,0.08232949251970238,4
2019,경상북도,청송군,0.0,0,1.5351466323431049,-0.5525278954148485,0.6638779072792427,0.3443255740933716,0.4977055545752176,0.4423147703405426,0.0,0.0,0.1393270652210992,경상북도청송군,0.45024131699271036,0.42857142857142855,0.0,0.13445051661290425,0.0938533890268321,4
2020,경상북도,청송군,0.0,0,1.5615660383530017,-0.6777472978857041,0.6912197662605586,0.3880102852461101,0.4907621979934914,0.4239430085711358,0.0,0.0,0.0868196919525601,경상북도청송군,0.45024131699271036,0.42857142857142855,0.0,0.13445051661290425,0.10536349536545064,4
2021,경상북도,청송군,0.0,0,1.5615660383530017,-0.8537949762393349,0.661977496328156,0.4043151026382778,0.4435159152700251,0.3706953882506481,0.0,0.0,0.0735292332881155,경상북도청송군,0.45024131699271036,0.42857142857142855,0.0,0.13445051661290425,0.11577262060340397,5
2022,경상북도,청송군,0.0,0,1.5615660383530017,-0.876541552920585,0.7039822447798993,0.3514858935789156,0.4351231559478078,0.345503459670444,0.0,0.0,0.0625991417565199,경상북도청송군,0.45024131699271036,0.42857142857142855,0.0,0.13445051661290425,0.1197147350899112,5
2023,경상북도,청송군,0.0,0,1.5615660383530017,-0.6004794707999036,0.7311373456691725,0.3741006883042782,0.5165811503816372,0.4450624186191254,0.0,0.0,0.0684060326640604,경상북도청송군,0.45024131699271036,0.42857142857142855,0.0,0.13445051661290425,0.10531282882105963,4
2017,경상북도,칠곡군,0.0251802985302982,1,0.7551471621421435,0.0631184288873041,-2.0452382017500303,0.4570050245222778,-0.1924918965495762,0.4250902051839085,1.0,1.0,0.3623488170345363,경상북도칠곡군,-0.08562337197534071,4.0,1.0,0.1768253679443234,0.9995089534976385,9
2018,경상북도,칠곡군,0.0188217542405877,1,0.7599445730189333,0.5374573924725213,-1.890204398261667,0.4822799989023247,-0.0276306084669719,0.5932273214645931,2.0,1.0,0.2395679297283516,경상북도칠곡군,-0.08562337197534071,4.0,1.0,0.1768253679443234,0.9995185078451215,9
2019,경상북도,칠곡군,0.0560021901152847,1,0.7599445730189333,0.5889523433953757,-2.1752293857601863,0.4317903860045019,-0.0986355208353438,0.5935624341396036,3.0,1.0,0.1429741689511069,경상북도칠곡군,-0.08562337197534071,4.0,1.0,0.1768253679443234,0.9996578420861911,9
2020,경상북도,칠곡군,0.0448777587780854,1,0.7974453252330056,0.414192973989997,-1.983054940442361,0.4783482994843992,-0.0732670854337397,0.5633288662358006,4.0,1.0,0.1238976366562374,경상북도칠곡군,-0.08562337197534071,4.0,1.0,0.1768253679443234,0.9996623064609615,9
2021,경상북도,칠곡군,0.0542040540135121,1,0.7974453252330056,0.3897646670258997,-2.1176929300242664,0.4942618246106499,-0.1090552782886778,0.560490605623185,5.0,1.0,0.1128821570566724,경상북도칠곡군,-0.08562337197534071,4.0,1.0,0.1768253679443234,0.9996925371287739,9
2022,경상북도,칠곡군,0.0540145883062382,1,0.7974453252330056,0.3431898407143863,-2.0695679836178305,0.5164737823340572,-0.1031147588340953,0.5523696494271496,6.0,1.0,0.1037291857624768,경상북도칠곡군,-0.08562337197534071,4.0,1.0,0.1768253679443234,0.9996993228449185,9
2023,경상북도,칠곡군,0.1035488756285588,1,0.7974453252330056,0.7537956161745009,-2.0708886022222086,0.5389738391387814,0.0048315445810198,0.6967382601820961,7.0,1.0,0.1523776804208825,경상북도칠곡군,-0.08562337197534071,4.0,1.0,0.1768253679443234,0.9996056274173996,9
2017,경상북도,포항시,0.7971467705784301,1,0.6287657062650379,-0.5261219503081507,-0.4110989070178845,0.5806107883186311,0.0680389093144084,0.2277515147585061,1.0,1.0,0.1841532116229246,경상북도포항시,0.3707712422544561,4.0,1.0,0.08802405484123528,0.9998112440630871,10
2018,경상북도,포항시,0.5162309884245414,1,0.6337638143669951,-0.2953391174894946,0.6598233988354029,0.5004707256745493,0.3746797053468632,0.2796318075173499,2.0,1.0,0.1107360415946656,경상북도포항시,0.3707712422544561,4.0,1.0,0.08802405484123528,0.9997402459591638,10
2019,경상북도,포항시,0.2752804897340374,1,0.6337638143669951,0.3566261281948679,0.6638779072792427,0.4970172635612969,0.5378212783506007,0.4958024020410533,3.0,1.0,0.0872780081070606,경상북도포항시,0.3707712422544561,4.0,1.0,0.08802405484123528,0.999682950406777,9
2020,경상북도,포항시,0.229205142692805,1,0.6838943316182737,-0.4314978693962197,0.6912197662605586,0.5472561392437424,0.3727180919315888,0.2665508671552655,4.0,1.0,0.0766832247709576,경상북도포항시,0.3707712422544561,4.0,1.0,0.08802405484123528,0.9997654638386659,10
2021,경상북도,포항시,0.1663615372152252,1,0.6838943316182737,0.0443435931926712,0.661977496328156,0.5636492262888924,0.4884661618569983,0.4306290503666124,5.0,1.0,0.0625052053513971,경상북도포항시,0.3707712422544561,4.0,1.0,0.08802405484123528,0.9997292470100789,10
2022,경상북도,포항시,0.1965531390406789,1,0.6838943316182737,-0.1140389041788971,0.7039822447798993,0.5860970798949725,0.4649836880285621,0.385317502444783,6.0,1.0,0.0454512629039173,경상북도포항시,0.3707712422544561,4.0,1.0,0.08802405484123528,0.9997519115581357,10
2023,경상북도,포항시,0.6042066712632979,1,0.6838943316182737,-0.7937564506265861,0.7311373456691725,0.533488217147825,0.2886908609521713,0.1412086993798375,7.0,1.0,0.0493614295377241,경상북도포항시,0.3707712422544561,4.0,1.0,0.08802405484123528,0.9998138310541844,10
2017,광주광역시,광산구,0.0007996801705643,1,-0.2193694638185906,0.5925760009999507,-0.2311409810915075,0.3746771096063102,0.1291856664240407,0.2492945489292234,1.0,1.0,0.0089597413714719,광주광역시광산구,0.13994088806136687,1.8571428571428572,0.14285714285714285,0.005972552175443687,0.9135106046824949,7
2018,광주광역시,광산구,0.0,0,-0.2130244937579591,0.74556823316212,-0.2071351683413183,0.2991138311591807,0.1561306005555058,0.2772191901877805,2.0,0.0,0.0298500219688853,광주광역시광산구,0.13994088806136687,1.8571428571428572,0.14285714285714285,0.005972552175443687,0.6394792828969907,6
2019,광주광역시,광산구,0.0001999800026662,1,-0.2130244937579591,0.4848473286147763,-0.1684947274518572,0.2792232922418548,0.0956378499117037,0.183682042366224,0.0,0.0,9.999500033330834e-05,광주광역시광산구,0.13994088806136687,1.8571428571428572,0.14285714285714285,0.005972552175443687,0.6713319533520328,7
2020,광주광역시,광산구,0.001598721363697,1,-0.1649093729286601,1.0365143211359182,-0.1715693549216181,0.1934127516159214,0.2233620862253903,0.3550058999410598,1.0,0.0,0.0,광주광역시광산구,0.13994088806136687,1.8571428571428572,0.14285714285714285,0.005972552175443687,0.6271052349894628,6
2021,광주광역시,광산구,0.0121261797978405,1,-0.1649093729286601,0.7700895777662374,-0.2516295583064495,0.2138589324648422,0.1418523947489925,0.2730130457674732,2.0,0.0,0.000899595242836,광주광역시광산구,0.13994088806136687,1.8571428571428572,0.14285714285714285,0.005972552175443687,0.6594394336292904,6
2022,광주광역시,광산구,0.0337248694016208,1,-0.1649093729286601,0.3771291856659624,-0.3571665207109711,0.2383004976287361,0.0233384474137668,0.1501734367886794,3.0,0.0,0.0002999550089979,광주광역시광산구,0.13994088806136687,1.8571428571428572,0.14285714285714285,0.005972552175443687,0.7036693024891908,7
2023,광주광역시,광산구,0.0239118200463128,1,-0.1649093729286601,1.213446591423723,-0.4121033709824647,0.2038828370880758,0.2100791711501684,0.4174733518610461,4.0,0.0,0.0016985566355814,광주광역시광산구,0.13994088806136687,1.8571428571428572,0.14285714285714285,0.005972552175443687,0.6391928240946929,6
2017,광주광역시,남구,0.0001999800026662,1,-0.6405496546379144,0.5925760009999507,0.711348555417926,0.7302310931954861,0.348401498743862,0.2274191465191741,1.0,0.0,0.0155780299633184,광주광역시남구,0.28518194868015095,1.2857142857142858,0.0,0.008886080770991173,0.3209574612535969,6
2018,광주광역시,남구,0.0,0,-0.633535838859323,0.74556823316212,0.6598233988354029,0.7595087453056282,0.382841134610957,0.2905137132028084,2.0,0.0,0.0357531697058178,광주광역시남구,0.28518194868015095,1.2857142857142858,0.0,0.008886080770991173,0.30184382296655293,6
2019,광주광역시,남구,0.0,0,-0.633535838859323,0.4848473286147763,0.6638779072792427,0.6368032435498276,0.2879981601461309,0.1627049111017603,0.0,0.0,9.999500033330834e-05,광주광역시남구,0.28518194868015095,1.2857142857142858,0.0,0.008886080770991173,0.347779627161938,6
2020,광주광역시,남구,0.00129915573162,1,-0.6123159092124734,1.0365143211359182,0.6912197662605586,0.6844295747362491,0.4499619382300631,0.369542662219898,0.0,0.0,0.0,광주광역시남구,0.28518194868015095,1.2857142857142858,0.0,0.008886080770991173,0.29112503957313285,6
2021,광주광역시,남구,0.0002999550089979,1,-0.6123159092124734,0.7700895777662374,-0.3614203508371892,0.7032707352733734,0.124906013247487,0.2870148012757125,1.0,0.0,0.0010993954433009,광주광역시남구,0.28518194868015095,1.2857142857142858,0.0,0.008886080770991173,0.41182640199343035,6
2022,광주광역시,남구,0.0001999800026662,1,-0.6123159092124734,0.3771291856659624,-0.1530840364134206,0.7269227930384555,0.084663008269631,0.1639120231639815,2.0,0.0,0.0026963615477426,광주광역시남구,0.28518194868015095,1.2857142857142858,0.0,0.008886080770991173,0.4295752473003819,6
2023,광주광역시,남구,0.000899595242836,1,-0.6123159092124734,1.213446591423723,-0.080877169472341,0.7497540373127947,0.3175018875129257,0.4502949065080147,3.0,0.0,0.0069756137364252,광주광역시남구,0.28518194868015095,1.2857142857142858,0.0,0.008886080770991173,0.34133086132831497,6
2017,광주광역시,동구,0.0,0,0.312132369757126,0.5925760009999507,0.711348555417926,0.591195661753044,0.5518131469820117,0.4986346775033736,0.0,0.0,0.001199280575482,광주광역시동구,0.6202724595860396,0.0,0.0,0.0004854744754424726,0.0933943957412626,4
2018,광주광역시,동구,0.0,0,0.317633300299224,0.74556823316212,0.6598233988354029,0.6191308916759554,0.5855389559931755,0.5607774750457665,0.0,0.0,0.0002999550089979,광주광역시동구,0.6202724595860396,0.0,0.0,0.0004854744754424726,0.08905033093180598,4
2019,광주광역시,동구,0.0,0,0.317633300299224,0.4848473286147763,0.6638779072792427,0.7019455573831228,0.5420760233940914,0.5014753954323744,0.0,0.0,9.999500033330834e-05,광주광역시동구,0.6202724595860396,0.0,0.0,0.0004854744754424726,0.0949439733370302,4
2020,광주광역시,동구,0.0,0,0.3401170624202977,1.0365143211359182,0.6912197662605586,0.7468285798343008,0.7036699324127688,0.7078199877968389,0.0,0.0,0.0,광주광역시동구,0.6202724595860396,0.0,0.0,0.0004854744754424726,0.07479765742334234,3
2021,광주광역시,동구,0.0,0,0.3401170624202977,0.7700895777662374,0.661977496328156,0.7632236170020908,0.6338519383791955,0.6244767523962086,0.0,0.0,0.00129915573162,광주광역시동구,0.6202724595860396,0.0,0.0,0.0004854744754424726,0.08275633037916401,4
2022,광주광역시,동구,0.0,0,0.3401170624202977,0.3771291856659624,0.7039822447798993,0.7856724298709552,0.5517252306842787,0.5009728926524052,0.0,0.0,0.0002999550089979,광주광역시동구,0.6202724595860396,0.0,0.0,0.0004854744754424726,0.0935766235648308,4
2023,광주광역시,동구,0.0,0,0.3401170624202977,1.213446591423723,0.7311373456691725,0.808226957513829,0.7732319892567555,0.7872635371192831,0.0,0.0,0.0001999800026662,광주광역시동구,0.6202724595860396,0.0,0.0,0.0004854744754424726,0.06736337817784388,3
2017,광주광역시,북구,0.0,0,-0.2514153245141862,0.5925760009999507,0.711348555417926,0.3038933901452185,0.3391006555122272,0.2150180222103276,0.0,0.0,0.0071742037480003,광주광역시북구,0.38594442878944424,0.0,0.0,0.0026632832838281726,0.08120252401776536,4
2018,광주광역시,북구,0.0,0,-0.2450194647460808,0.74556823316212,0.6598233988354029,0.336606739751892,0.3742447267508335,0.279051836055977,0.0,0.0,0.0002999550089979,광주광역시북구,0.38594442878944424,0.0,0.0,0.0026632832838281726,0.07817006225306133,4
2019,광주광역시,북구,0.0,0,-0.2450194647460808,0.4848473286147763,0.6638779072792427,0.3118263761575051,0.3038830368263608,0.1838847466754002,0.0,0.0,9.999500033330834e-05,광주광역시북구,0.38594442878944424,0.0,0.0,0.0026632832838281726,0.08678832579134611,4
2020,광주광역시,북구,0.0,0,-0.2316277063213651,1.0365143211359182,0.6912197662605586,0.3553838448162466,0.4628725564728395,0.3867568198769331,0.0,0.0,0.0002999550089979,광주광역시북구,0.38594442878944424,0.0,0.0,0.0026632832838281726,0.06846703667552062,3
2021,광주광역시,북구,0.0,0,-0.2316277063213651,0.7700895777662374,0.661977496328156,0.3755707901078882,0.3940025394702291,0.3046775538509201,0.0,0.0,0.0009995003330835,광주광역시북구,0.38594442878944424,0.0,0.0,0.0026632832838281726,0.07579395924497728,4
2022,광주광역시,북구,0.0,0,-0.2316277063213651,0.3771291856659624,0.7039822447798993,0.3998848376391373,0.3123421404409084,0.1817954389945781,0.0,0.0,0.0022973590486834,광주광역시북구,0.38594442878944424,0.0,0.0,0.0026632832838281726,0.08532884716956474,4
2023,광주광역시,북구,0.0,0,-0.2316277063213651,1.213446591423723,0.7311373456691725,0.3477051534393138,0.515165346052711,0.4431746795138904,0.0,0.0,0.0074720148387009,광주광역시북구,0.38594442878944424,0.0,0.0,0.0026632832838281726,0.06233480057301228,2
2017,광주광역시,서구,0.0010993954433009,1,-1.1114056716062148,0.5925760009999507,-0.5164532645995507,0.4855154724420686,-0.1374418656909365,-0.0111047327213985,1.0,0.0,0.0082657444170326,광주광역시서구,-0.060495736507598874,1.7142857142857142,0.0,0.0029748450145374713,0.49466588223850566,6
2018,광주광역시,서구,0.0003999200213269,1,-1.10364412353254,0.74556823316212,-0.487037877474576,0.5173753307499641,-0.081934609273758,0.053099813459848,2.0,0.0,0.0001999800026662,광주광역시서구,-0.060495736507598874,1.7142857142857142,0.0,0.0029748450145374713,0.47965635412653246,6
2019,광주광역시,서구,0.0,0,-1.10364412353254,0.4848473286147763,-0.42600781114953,0.5861775934872089,-0.1146567531450212,-0.0108730671435182,3.0,0.0,0.0,광주광역시서구,-0.060495736507598874,1.7142857142857142,0.0,0.0029748450145374713,0.4958236334758438,6
2020,광주광역시,서구,0.0037927982386962,1,-1.0838406849840785,1.0365143211359182,-0.3209937718860994,0.4354132634586641,0.0167732819311011,0.1293622998701679,0.0,0.0,0.0,광주광역시서구,-0.060495736507598874,1.7142857142857142,0.0,0.0029748450145374713,0.4345822915134619,6
2021,광주광역시,서구,0.0010993954433009,1,-1.0838406849840785,0.7700895777662374,-0.5026916432504724,0.4559131314012442,-0.0901324047667673,0.0473873413944677,1.0,0.0,0.0006997551142733,광주광역시서구,-0.060495736507598874,1.7142857142857142,0.0,0.0029748450145374713,0.47981684931747465,6
2022,광주광역시,서구,0.0003999200213269,1,-1.0838406849840785,0.3771291856659624,-0.273468549207785,0.4803811051765139,-0.1249497358373468,-0.0754434647138673,2.0,0.0,0.0030952049073024,광주광역시서구,-0.060495736507598874,1.7142857142857142,0.0,0.0029748450145374713,0.4953805310894895,6
2023,광주광역시,서구,0.0027960873020012,1,-1.0838406849840785,1.213446591423723,-0.1975181715188489,0.5033999899973515,0.1088719312295366,0.2110019654789985,3.0,0.0,0.0085632306604878,광주광역시서구,-0.060495736507598874,1.7142857142857142,0.0,0.0029748450145374713,0.40215264242664067,6
2017,대구광역시,남구,0.0,0,0.3502375431459038,-0.2859319324792624,0.711348555417926,-0.0281876325336333,0.1868666333877335,0.012039326044336,1.0,0.0,0.070644839569332,대구광역시남구,0.2419367254825407,0.2857142857142857,0.0,0.029639940411894043,0.10021101750972047,4
2018,대구광역시,남구,0.0,0,0.3556779616254482,-0.0168529560302938,0.6598233988354029,-0.0028372528289155,0.2489527879004104,0.1119959175887462,0.0,0.0,0.0192142189238042,대구광역시남구,0.2419367254825407,0.2857142857142857,0.0,0.029639940411894043,0.10050088580597943,4
2019,대구광역시,남구,0.0,0,0.3556779616254482,0.12204642127814,0.6638779072792427,0.0884045094460369,0.307501699907217,0.1887096307832084,0.0,0.0,0.0197045832743354,대구광역시남구,0.2419367254825407,0.2857142857142857,0.0,0.029639940411894043,0.09218543036229077,4
2020,대구광역시,남구,0.0,0,0.3688689592976477,-0.2186812673771726,0.6912197662605586,0.1277415046806447,0.2422872407154196,0.0926430655337066,0.0,0.0,0.0158733491562901,대구광역시남구,0.2419367254825407,0.2857142857142857,0.0,0.029639940411894043,0.10215966412524019,4
2021,대구광역시,남구,0.0005998200719676,1,0.3688689592976477,-0.360952187623148,0.661977496328156,0.1426549963044611,0.2031373160767792,0.0501905893263202,0.0,0.0,0.0130149370774946,대구광역시남구,0.2419367254825407,0.2857142857142857,0.0,0.029639940411894043,0.10871819183402635,4
2022,대구광역시,남구,0.0,0,0.3688689592976477,-0.249563239319001,0.7039822447798993,0.1643750388518245,0.2469157509025926,0.0945602529434904,1.0,0.0,0.0156764793850075,대구광역시남구,0.2419367254825407,0.2857142857142857,0.0,0.029639940411894043,0.10256760743182144,4
2023,대구광역시,남구,0.0002999550089979,1,0.3688689592976477,-0.2551856743222351,0.7311373456691725,0.186761967305945,0.2578956494876325,0.1001484174271192,0.0,0.0,0.0533511754969945,대구광역시남구,0.2419367254825407,0.2857142857142857,0.0,0.029639940411894043,0.09259632968657039,4
2017,대구광역시,달서구,0.0034938892542557,1,0.0070486101391754,-0.2859319324792624,-0.3836879654124244,0.6101591125584929,-0.0131030437985046,0.1104252634061352,1.0,1.0,0.1558920199569742,대구광역시달서구,0.04530455649211781,4.0,1.0,0.06453326022696729,0.9996994965039047,9
2018,대구광역시,달서구,0.0069756137364252,1,0.0130340220759055,-0.0168529560302938,-0.4591680237818784,0.633510927668775,0.0426309924831271,0.2098973312381289,2.0,1.0,0.0306261935417608,대구광역시달서구,0.04530455649211781,4.0,1.0,0.06453326022696729,0.9997542722311279,10
2019,대구광역시,달서구,0.004489905272852,1,0.0130340220759055,0.12204642127814,-0.4389702147281927,0.7325685536744835,0.107169695575084,0.289216332342843,3.0,1.0,0.0407579924721677,대구광역시달서구,0.04530455649211781,4.0,1.0,0.06453326022696729,0.9997242515482164,10
2020,대구광역시,달서구,0.0047885167317971,1,0.0013639866561024,-0.2186812673771726,-0.2907316929207086,0.7643750918301315,0.0640815295470881,0.1823526037030204,4.0,1.0,0.0315955615897505,대구광역시달서구,0.04530455649211781,4.0,1.0,0.06453326022696729,0.9997508486763045,10
2021,대구광역시,달서구,0.0268366539535596,1,0.0013639866561024,-0.360952187623148,-0.4159069919629088,0.7779326922916554,0.0006093748404252,0.1394481637748699,5.0,1.0,0.0451645519543736,대구광역시달서구,0.04530455649211781,4.0,1.0,0.06453326022696729,0.9997708218081695,10
2022,대구광역시,달서구,0.0431552703139276,1,0.0013639866561024,-0.249563239319001,-0.3180616747326937,0.7989857737440439,0.0581812115871129,0.1835955070270484,6.0,1.0,0.0597772040358607,대구광역시달서구,0.04530455649211781,4.0,1.0,0.06453326022696729,0.9997431396731902,10
2023,대구광역시,달서구,0.0419094030772096,1,0.0013639866561024,-0.2551856743222351,-0.3371490890980326,0.8212193176061332,0.057562135210492,0.1891325433133335,7.0,1.0,0.0879192980378835,대구광역시달서구,0.04530455649211781,4.0,1.0,0.06453326022696729,0.9997298707644352,10
2017,대구광역시,달성군,0.0697126124113003,1,1.0128102137264932,-0.2859319324792624,-0.2942683505415112,1.6391743058125343,0.5179460591295635,0.7886841956865883,1.0,1.0,0.1855662869588436,대구광역시달성군,0.48788633438732015,4.0,1.0,0.08259366759068218,0.9996932491739899,9
2018,대구광역시,달성군,0.0684994164246923,1,1.017198448596231,-0.0168529560302938,-0.4759928881799468,1.657627379219298,0.5454949959013221,0.885990957261745,2.0,1.0,0.0735292332881155,대구광역시달성군,0.48788633438732015,4.0,1.0,0.08259366759068218,0.999753127728916,10
2019,대구광역시,달성군,0.0573250666192694,1,1.017198448596231,0.12204642127814,-0.4915881480115118,1.775219345939766,0.6057190169506563,0.9714880719380458,3.0,1.0,0.066630082297763,대구광역시달성군,0.48788633438732015,4.0,1.0,0.08259366759068218,0.9997351532322044,10
2020,대구광역시,달성군,0.0465018336514197,1,1.0160294046871317,-0.2186812673771726,-0.4360418768463132,1.4714462168948037,0.4581881193396123,0.7562647847349209,4.0,1.0,0.0524975689577539,대구광역시달성군,0.48788633438732015,4.0,1.0,0.08259366759068218,0.9998000357894414,10
2021,대구광역시,달성군,0.035463664275569,1,1.0160294046871317,-0.360952187623148,-0.4557250254243297,1.4845129347489636,0.4209662815971544,0.7131967172709824,5.0,1.0,0.0530667209366922,대구광역시달성군,0.48788633438732015,4.0,1.0,0.08259366759068218,0.9998135998891666,10
2022,대구광역시,달성군,0.1612681475961222,1,1.0160294046871317,-0.249563239319001,-0.4586223088949654,1.505324551686783,0.453292102039987,0.7572635723516378,6.0,1.0,0.0634441725565347,대구광역시달성군,0.48788633438732015,4.0,1.0,0.08259366759068218,0.9998013092496213,10
2023,대구광역시,달성군,0.1631387373771806,1,1.0160294046871317,-0.2551856743222351,-0.4362522910037436,1.3297996236506298,0.4135977657529456,0.6968811180051754,7.0,1.0,0.0834216081390723,대구광역시달성군,0.48788633438732015,4.0,1.0,0.08259366759068218,0.9998073541754816,10
2017,대구광역시,동구,0.00129915573162,1,1.5509298705566763,-0.2859319324792624,0.711348555417926,0.3050399020445223,0.5703465988849656,0.5233459467073122,1.0,1.0,0.1154692498061141,대구광역시동구,0.6079533283140977,4.0,0.8571428571428571,0.04963376287192689,0.9996443792701007,9
2018,대구광역시,동구,0.00329456694943,1,1.5544635566226812,-0.0168529560302938,0.6598233988354029,0.3360062127747548,0.6333600530506363,0.6245389377890475,2.0,0.0,0.0453557017207972,대구광역시동구,0.6079533283140977,4.0,0.8571428571428571,0.04963376287192689,0.9981710060558886,8
2019,대구광역시,동구,0.001199280575482,1,1.5544635566226812,0.12204642127814,0.6638779072792427,0.4077607523315722,0.6870371593779091,0.6947569100774644,3.0,1.0,0.0249852526939085,대구광역시동구,0.6079533283140977,4.0,0.8571428571428571,0.04963376287192689,0.9996571982143184,9
2020,대구광역시,동구,0.0016985566355814,1,1.536983377623432,-0.2186812673771726,0.6912197662605586,0.3701432243754721,0.5949162752205724,0.5628151115405772,4.0,1.0,0.0297529581493477,대구광역시동구,0.6079533283140977,4.0,0.8571428571428571,0.04963376287192689,0.9997047749952261,9
2021,대구광역시,동구,0.0014988761237358,1,1.536983377623432,-0.360952187623148,0.661977496328156,0.389135282034884,0.556785992090831,0.521722157345056,5.0,1.0,0.0288789595503766,대구광역시동구,0.6079533283140977,4.0,0.8571428571428571,0.04963376287192689,0.9997260860817802,10
2022,대구광역시,동구,0.0346912397899303,1,1.536983377623432,-0.249563239319001,0.7039822447798993,0.4128615658976859,0.6010659872455041,0.5667605680673723,6.0,1.0,0.0344014267173324,대구광역시동구,0.6079533283140977,4.0,0.8571428571428571,0.04963376287192689,0.9997055509667235,9
2023,대구광역시,동구,0.0197045832743354,1,1.536983377623432,-0.2551856743222351,0.7311373456691725,0.435709880342688,0.6121612323282645,0.572502527881295,7.0,1.0,0.0685927914656117,대구광역시동구,0.6079533283140977,4.0,0.8571428571428571,0.04963376287192689,0.9996801433240414,9
2017,대구광역시,북구,0.2232235481143804,1,1.2340225477356817,-0.2859319324792624,-0.409011360578088,0.14270080555655,0.1704450150587203,0.3635971402709897,1.0,1.0,0.084800601692465,대구광역시북구,0.15987621148474393,4.0,1.0,0.03591387244706764,0.999731099704258,10
2018,대구광역시,북구,0.1220406259090246,1,1.2380594913396217,-0.0168529560302938,-0.5095104349036609,-0.0480719720889463,0.1659060320791801,0.3910448544067937,2.0,1.0,0.0240094524603518,대구광역시북구,0.15987621148474393,4.0,1.0,0.03591387244706764,0.999769598235961,10
2019,대구광역시,북구,0.1135965065825405,1,1.2380594913396217,0.12204642127814,-0.5173315327850442,0.0112449452092639,0.2135048312604953,0.4571169526090086,3.0,1.0,0.02244618882983,대구광역시북구,0.15987621148474393,4.0,1.0,0.03591387244706764,0.9997549031988159,10
2020,대구광역시,북구,0.119115480890162,1,1.2128173508623563,-0.2186812673771726,-0.4259290848054785,0.0481552868968522,0.1540905713941393,0.3474304567940119,4.0,1.0,0.0253753063312282,대구광역시북구,0.15987621148474393,4.0,1.0,0.03591387244706764,0.9997783981795286,10
2021,대구광역시,북구,0.1389790272814509,1,1.2128173508623563,-0.360952187623148,-0.391180526838621,0.0110091774236497,0.1179234534560592,0.2876247802209526,5.0,1.0,0.01911611719223,대구광역시북구,0.15987621148474393,4.0,1.0,0.03591387244706764,0.999796208808474,10
2022,대구광역시,북구,0.308219723669329,1,1.2128173508623563,-0.249563239319001,-0.3295043613453478,0.0357469481317235,0.1673741745824327,0.3330003532250263,6.0,1.0,0.0207825391825285,대구광역시북구,0.15987621148474393,4.0,1.0,0.03591387244706764,0.9997809883523924,10
2023,대구광역시,북구,0.3610254666759904,1,1.2128173508623563,-0.2551856743222351,-0.4455286380510716,0.0074545717596734,0.1298894025621807,0.3216954160999315,7.0,1.0,0.05486690144084,대구광역시북구,0.15987621148474393,4.0,1.0,0.03591387244706764,0.9997800739388623,10
2017,대구광역시,서구,0.0221528046411333,1,-1.2044451007681396,-0.2859319324792624,-0.6406595143968912,0.2065530494318397,-0.4811208745531134,-0.4279413279385207,1.0,1.0,0.1961422758112663,대구광역시서구,-0.39298974488646904,4.0,0.8571428571428571,0.08583423557648028,0.9993780353502466,9
2018,대구광역시,서구,0.0199006617063361,1,-1.1965358035240317,-0.0168529560302938,-0.6916018805517734,0.2368762451269648,-0.4170285987447835,-0.3255041714757869,2.0,1.0,0.0783489664109764,대구광역시서구,-0.39298974488646904,4.0,0.8571428571428571,0.08583423557648028,0.9994758039948346,9
2019,대구광역시,서구,0.0108410231778748,1,-1.1965358035240317,0.12204642127814,-0.55334196416573,0.31079218310133,-0.3292597908275729,-0.2545657330481872,3.0,1.0,0.0505980527630913,대구광역시서구,-0.39298974488646904,4.0,0.8571428571428571,0.08583423557648028,0.999438840920894,9
2020,대구광역시,서구,0.0010993954433009,1,-1.1591930314625665,-0.2186812673771726,-0.4815788616938902,0.4034400207490256,-0.3640032849461509,-0.3248114260302379,4.0,1.0,0.0448777587780854,대구광역시서구,-0.39298974488646904,4.0,0.8571428571428571,0.08583423557648028,0.9994821196551643,9
2021,대구광역시,서구,0.0114343776256631,1,-1.1591930314625665,-0.360952187623148,-0.5698307415173713,0.4212675003622522,-0.4171771150602084,-0.3662925729078208,5.0,0.0,0.0437297628613252,대구광역시서구,-0.39298974488646904,4.0,0.8571428571428571,0.08583423557648028,0.9974256293480843,8
2022,대구광역시,서구,0.0159717695096986,1,-1.1591930314625665,-0.249563239319001,-0.5970648291851388,0.4444209298024657,-0.3903500425410601,-0.3214451136597006,6.0,1.0,0.0517381954044144,대구광역시서구,-0.39298974488646904,4.0,0.8571428571428571,0.08583423557648028,0.9995074272219923,9
2023,대구광역시,서구,0.0276151670329733,1,-1.1591930314625665,-0.2551856743222351,-0.4607128262124199,0.4671375018676439,-0.3519885075323943,-0.3157470679723859,7.0,1.0,0.1354046370062029,대구광역시서구,-0.39298974488646904,4.0,0.8571428571428571,0.08583423557648028,0.9993756014298886,9
2017,대구광역시,수성구,0.001998002662673,1,0.1099726224423264,-0.2859319324792624,-0.4222402282265957,0.9599221124678692,0.0904306435510843,0.2613209341436444,1.0,0.0,0.0512632939375415,대구광역시수성구,0.1881086635252084,1.5714285714285714,0.2857142857142857,0.02167531788194241,0.6833731978728638,7
2018,대구광역시,수성구,0.001598721363697,1,0.1157945882189456,-0.0168529560302938,-0.395437240121831,0.982798158164803,0.1715756375579059,0.3605799301178182,2.0,1.0,0.0146915487429897,대구광역시수성구,0.1881086635252084,1.5714285714285714,0.2857142857142857,0.02167531788194241,0.9196081634800742,7
2019,대구광역시,수성구,0.000499875041651,1,0.1157945882189456,0.12204642127814,-0.3213963641489579,1.0839465805955402,0.250097806485917,0.4405958633642086,3.0,1.0,0.0147900854726354,대구광역시수성구,0.1881086635252084,1.5714285714285714,0.2857142857142857,0.02167531788194241,0.9106489227955336,7
2020,대구광역시,수성구,0.0,0,0.1370277643964028,-0.2186812673771726,-0.2500236261873838,1.1274153026852054,0.1989345433792629,0.3485872665681451,4.0,0.0,0.0120273802127184,대구광역시수성구,0.1881086635252084,1.5714285714285714,0.2857142857142857,0.02167531788194241,0.6717851701202484,7
2021,대구광역시,수성구,9.999500033330834e-05,1,0.1370277643964028,-0.360952187623148,-0.2411596118227643,1.140571902781233,0.1688719669329308,0.3055491598514959,0.0,0.0,0.0098513160503741,대구광역시수성구,0.1881086635252084,1.5714285714285714,0.2857142857142857,0.02167531788194241,0.6734353092891632,7
2022,대구광역시,수성구,0.0,0,0.1370277643964028,-0.249563239319001,-0.1332576357066846,1.1614277326766422,0.2289086555118398,0.3496307525846813,1.0,0.0,0.0077697372643606,대구광역시수성구,0.1881086635252084,1.5714285714285714,0.2857142857142857,0.02167531788194241,0.6554333185319146,6
2023,대구광역시,수성구,0.0009995003330835,1,0.1370277643964028,-0.2551856743222351,-0.2336924385926569,1.183615913548562,0.2079413912575182,0.3551526678742432,0.0,0.0,0.0413338634929772,대구광역시수성구,0.1881086635252084,1.5714285714285714,0.2857142857142857,0.02167531788194241,0.6434603286046556,6
2017,대전광역시,대덕구,0.0,0,-1.187805701215905,0.5923500828073617,-0.3002153475736071,-0.0948316832195614,-0.2476256623004279,-0.2300957672093682,0.0,0.0,0.0001999800026662,대전광역시대덕구,-0.24999060533001827,0.0,0.0,5.71385719046881e-05,0.05890330140766155,2
2018,대전광역시,대덕구,0.0,0,-1.179922827795573,0.6735129322703518,-0.2789742428477148,-0.0606363606362984,-0.2115051247523085,-0.1890154187205064,0.0,0.0,0.0,대전광역시대덕구,-0.24999060533001827,0.0,0.0,5.71385719046881e-05,0.05577786610118894,2
2019,대전광역시,대덕구,0.0,0,-1.179922827795573,0.3379887279927079,-0.2352720660422395,-0.0007747675867782,-0.2694952333579706,-0.2809029557965476,0.0,0.0,0.0,대전광역시대덕구,-0.24999060533001827,0.0,0.0,5.71385719046881e-05,0.0609156849385582,2
2020,대전광역시,대덕구,0.0,0,-1.1618317885181235,0.4623114940122969,-0.2387552926874607,0.0459365701627597,-0.2230847542576318,-0.2178612414476889,0.0,0.0,9.999500033330834e-05,대전광역시대덕구,-0.24999060533001827,0.0,0.0,5.71385719046881e-05,0.05675815507429028,2
2021,대전광역시,대덕구,0.0,0,-1.1618317885181235,0.2752439116501008,-0.3172559930558789,-0.0745921295547539,-0.3196089998696638,-0.3203933354742588,0.0,0.0,0.0,대전광역시대덕구,-0.24999060533001827,0.0,0.0,5.71385719046881e-05,0.06570890060985306,3
2022,대전광역시,대덕구,0.0,0,-1.1618317885181235,0.1883368607815874,-0.186918662450188,-0.0495781886192565,-0.3024979447014951,-0.3410243721185975,0.0,0.0,0.0,대전광역시대덕구,-0.24999060533001827,0.0,0.0,5.71385719046881e-05,0.06403410800918054,3
2023,대전광역시,대덕구,0.0,0,-1.1618317885181235,0.6230848651576705,-0.1392854040966759,-0.0264337448253921,-0.1761165180706302,-0.1883935560619483,0.0,0.0,9.999500033330834e-05,대전광역시대덕구,-0.24999060533001827,0.0,0.0,5.71385719046881e-05,0.052834532254713185,1
2017,대전광역시,동구,0.0,0,-0.8666199767367673,0.5923500828073617,-0.1172475187765584,-0.5595577606509086,-0.2377687933392181,-0.2779425515267714,0.0,0.0,0.0,대전광역시동구,-0.19274038151912484,0.0,0.0,1.4285000047615477e-05,0.06484023290086356,3
2018,대전광역시,동구,0.0,0,-0.8592471550737835,0.6735129322703518,-0.0590949318842546,-0.5717529152861551,-0.2041455174934603,-0.2524957126965289,0.0,0.0,0.0,대전광역시동구,-0.19274038151912484,0.0,0.0,1.4285000047615477e-05,0.06162720885889864,2
2019,대전광역시,동구,0.0,0,-0.8592471550737835,0.3379887279927079,-0.0806580162183308,-0.5269157926546693,-0.2822080589885189,-0.3493914065785816,0.0,0.0,0.0,대전광역시동구,-0.19274038151912484,0.0,0.0,1.4285000047615477e-05,0.06932617876807333,3
2020,대전광역시,동구,0.0,0,-0.8543849264610573,0.4623114940122969,-0.037036961053821,-0.4932479041115701,-0.2305895744035379,-0.2951071121867768,0.0,0.0,9.999500033330834e-05,대전광역시동구,-0.19274038151912484,0.0,0.0,1.4285000047615477e-05,0.06412795253977713,3
2021,대전광역시,동구,0.0,0,-0.8543849264610573,0.2752439116501008,-0.2010428627781765,-0.4701073257171651,-0.3125728008265745,-0.3497494468427072,0.0,0.0,0.0,대전광역시동구,-0.19274038151912484,0.0,0.0,1.4285000047615477e-05,0.07255481567007968,3
2022,대전광역시,동구,0.0,0,-0.8543849264610573,0.1883368607815874,0.7039822447798993,-0.4443403899134951,-0.1016015527032664,-0.370129485197655,0.0,0.0,0.0,대전광역시동구,-0.19274038151912484,0.0,0.0,1.4285000047615477e-05,0.05272482066189536,1
2023,대전광역시,동구,0.0,0,-0.8543849264610573,0.6230848651576705,0.7311373456691725,-0.4210227758829763,0.0197036271207023,-0.2174409457287877,0.0,0.0,0.0,대전광역시동구,-0.19274038151912484,0.0,0.0,1.4285000047615477e-05,0.0437622549501104,1
2017,대전광역시,서구,0.0,0,-0.8231826081779889,0.5923500828073617,-0.2651909379348346,-0.2103193488354355,-0.1765857030352243,-0.1470506247353542,0.0,0.0,0.0001999800026662,대전광역시서구,-0.15656508132508934,0.0,0.0,5.71385719046881e-05,0.06335530207060927,2
2018,대전광역시,서구,0.0,0,-0.8158787662500289,0.6735129322703518,-0.309406191455551,-0.1719956967269907,-0.1559419305405547,-0.1047871769022226,0.0,0.0,0.0,대전광역시서구,-0.15656508132508934,0.0,0.0,5.71385719046881e-05,0.06143291860160644,2
2019,대전광역시,서구,0.0,0,-0.8158787662500289,0.3379887279927079,-0.3139376500440016,-0.12687882652892,-0.2296766287075606,-0.2015896215954137,0.0,0.0,0.0,대전광역시서구,-0.15656508132508934,0.0,0.0,5.71385719046881e-05,0.06866150254812821,3
2020,대전광역시,서구,0.0,0,-0.7984221668268028,0.4623114940122969,-0.0613152063178759,-0.0807220087706982,-0.11953697197577,-0.138944227195068,0.0,0.0,9.999500033330834e-05,대전광역시서구,-0.15656508132508934,0.0,0.0,5.71385719046881e-05,0.05811973268956179,2
2021,대전광역시,서구,0.0,0,-0.7984221668268028,0.2752439116501008,-0.1855059530511135,-0.0576637382252537,-0.1915869866132673,-0.1936139978006519,0.0,0.0,0.0,대전광역시서구,-0.15656508132508934,0.0,0.0,5.71385719046881e-05,0.06483402150208632,3
2022,대전광역시,서구,0.0,0,-0.7984221668268028,0.1883368607815874,-0.0329298096663484,-0.0319372895451778,-0.1687381013141854,-0.2140075318634644,0.0,0.0,0.0,대전광역시서구,-0.15656508132508934,0.0,0.0,5.71385719046881e-05,0.06263425049258925,2
2023,대전광역시,서구,0.0,0,-0.7984221668268028,0.6230848651576705,-0.0315907001332093,-0.0086289865539111,-0.0538892470890631,-0.0613220960743478,0.0,0.0,9.999500033330834e-05,대전광역시서구,-0.15656508132508934,0.0,0.0,5.71385719046881e-05,0.052585384652454235,1
2017,대전광역시,유성구,0.0,0,-0.4380948451397947,0.5923500828073617,0.711348555417926,0.2282376731453154,0.2734603665577021,0.1274976369376274,1.0,0.0,0.0002999550089979,대전광역시유성구,-0.022680454129182997,1.0,0.0,0.00015712643138033453,0.16136124030233492,5
2018,대전광역시,유성구,9.999500033330834e-05,1,-0.4314025331625805,0.6735129322703518,-0.3171766571175081,0.2604838345111827,0.0463543941253614,0.1675314112063179,0.0,0.0,0.0002999550089979,대전광역시유성구,-0.022680454129182997,1.0,0.0,0.00015712643138033453,0.21531897990739177,5
2019,대전광역시,유성구,0.0002999550089979,1,-0.4314025331625805,0.3379887279927079,-0.2170435718871154,0.3276195535398464,0.0042905441207145,0.0780685827899912,1.0,0.0,9.999500033330834e-05,대전광역시유성구,-0.022680454129182997,1.0,0.0,0.00015712643138033453,0.22910534277835812,5
2020,대전광역시,유성구,0.0,0,-0.7586297104290022,0.4623114940122969,-0.2426016376871521,0.1646687743658043,-0.0935627699345132,-0.0438831473503002,2.0,0.0,9.999500033330834e-05,대전광역시유성구,-0.022680454129182997,1.0,0.0,0.00015712643138033453,0.2603768941801271,6
2021,대전광역시,유성구,0.0001999800026662,1,-0.7586297104290022,0.2752439116501008,-0.2895521477282545,0.1844434442215832,-0.1471236255713931,-0.099647451519106,0.0,0.0,9.999500033330834e-05,대전광역시유성구,-0.022680454129182997,1.0,0.0,0.00015712643138033453,0.27278775429879887,6
2022,대전광역시,유성구,0.0005998200719676,1,-0.7586297104290022,0.1883368607815874,-0.3272706561635964,0.2085546940034396,-0.1722522029518928,-0.1205793852146583,1.0,0.0,9.999500033330834e-05,대전광역시유성구,-0.022680454129182997,1.0,0.0,0.00015712643138033453,0.2832271313715794,6
2023,대전광역시,유성구,0.0005998200719676,1,-0.7586297104290022,0.6230848651576705,-0.3756662368390274,0.2314915411093195,-0.0699298852502599,0.0319822319459959,2.0,0.0,9.999500033330834e-05,대전광역시유성구,-0.022680454129182997,1.0,0.0,0.00015712643138033453,0.25310062578340525,6
2017,대전광역시,중구,0.0,0,-0.7547281816477066,0.5923500828073617,0.711348555417926,-0.6600512113298962,-0.0277701886880787,-0.2741431033900803,0.0,0.0,0.0,대전광역시중구,-0.05375771131586821,0.0,0.0,1.4285000047615477e-05,0.06170687898423229,2
2018,대전광역시,중구,0.0,0,-0.7475330472303517,0.6735129322703518,0.6598233988354029,-0.6219664283145103,-0.0090407861097768,-0.2319955144248367,0.0,0.0,0.0,대전광역시중구,-0.05375771131586821,0.0,0.0,1.4285000047615477e-05,0.05998012582051162,2
2019,대전광역시,중구,0.0,0,-0.7475330472303517,0.3379887279927079,0.6638779072792427,-0.6348957662636272,-0.095140544555507,-0.3481466951670903,0.0,0.0,0.0,대전광역시중구,-0.05375771131586821,0.0,0.0,1.4285000047615477e-05,0.06830886777310682,3
2020,대전광역시,중구,0.0,0,-0.7337409538809878,0.4623114940122969,0.6912197662605586,-0.5927499736306852,-0.0432399168097043,-0.2880598111664587,0.0,0.0,9.999500033330834e-05,대전광역시중구,-0.05375771131586821,0.0,0.0,1.4285000047615477e-05,0.06315480232070843,2
2021,대전광역시,중구,0.0,0,-0.7337409538809878,0.2752439116501008,0.661977496328156,-0.6208955785107134,-0.1043537811033611,-0.3597975402472,0.0,0.0,0.0,대전광역시중구,-0.05375771131586821,0.0,0.0,1.4285000047615477e-05,0.0692610736162202,3
2022,대전광역시,중구,0.0,0,-0.7337409538809878,0.1883368607815874,0.7039822447798993,-0.5947496183426982,-0.1090428666655498,-0.3800512371473662,0.0,0.0,0.0,대전광역시중구,-0.05375771131586821,0.0,0.0,1.4285000047615477e-05,0.0697504042440933,3
2023,대전광역시,중구,0.0,0,-0.7337409538809878,0.6230848651576705,0.7311373456691725,-0.5713448380622541,0.0122841047209002,-0.2273336422618571,0.0,0.0,0.0,대전광역시중구,-0.05375771131586821,0.0,0.0,1.4285000047615477e-05,0.05806919746488171,2
2017,부산광역시,강서구,0.0103462920541443,1,-0.3615683603086815,-0.1628772832352903,-0.2134797150384314,1.5313493960278923,0.1983560093613722,0.3356345841613068,1.0,1.0,0.143840569975673,부산광역시강서구,0.30092822654242607,4.0,0.7142857142857143,0.07461389904511276,0.9993601123923457,9
2018,부산광역시,강서구,0.006379606964039,1,-0.3549975744924918,0.461205927925663,-0.2343997868745012,1.2257020801479086,0.2743776616766447,0.4439701445270266,2.0,1.0,0.1238976366562374,부산광역시강서구,0.30092822654242607,4.0,0.7142857142857143,0.07461389904511276,0.999316034937176,8
2019,부산광역시,강서구,0.0028958031120255,1,-0.3549975744924918,0.8588152957755607,-0.1906358906267433,1.314792731906636,0.4069936406407404,0.6062034843965683,3.0,1.0,0.1241626426204225,부산광역시강서구,0.30092822654242607,4.0,0.7142857142857143,0.07461389904511276,0.9991621338479235,8
2020,부산광역시,강서구,0.0039920212695374,1,-0.5013825625968539,0.5389166124175898,-0.1593294852062975,1.2795845065446425,0.2894472677897701,0.4390395187884594,4.0,1.0,0.0462154237969629,부산광역시강서구,0.30092822654242607,4.0,0.7142857142857143,0.07461389904511276,0.9994241142455933,9
2021,부산광역시,강서구,0.000899595242836,1,-0.5013825625968539,0.9140606203840052,-0.2047008889383505,1.2951079439931867,0.3757712782104969,0.569262000593446,5.0,1.0,0.0321767316952212,부산광역시강서구,0.30092822654242607,4.0,0.7142857142857143,0.07461389904511276,0.9993658291426362,9
2022,부산광역시,강서구,0.0089597413714719,1,-0.5013825625968539,0.2411594023757907,-0.204330702804237,1.317128018096511,0.2131435387678027,0.3523016192918159,6.0,0.0,0.0223484036637618,부산광역시강서구,0.30092822654242607,4.0,0.7142857142857143,0.07461389904511276,0.997408378032603,8
2023,부산광역시,강서구,0.0110388471152163,1,-0.5013825625968539,0.7053180849673394,-0.1498867113739416,1.3395839464040775,0.3484081893501554,0.514506489591521,7.0,0.0,0.0296558849075106,부산광역시강서구,0.30092822654242607,4.0,0.7142857142857143,0.07461389904511276,0.9967626881365456,8
2017,부산광역시,금정구,0.1246924439573182,1,1.5800251094190705,-0.1020843377934446,-0.2067051671035319,1.3422022552518134,0.6533594649434769,0.9400476756258128,1.0,1.0,0.1374985131856336,부산광역시금정구,0.8385958728889055,4.0,0.8571428571428571,0.07011850870135686,0.9997318090501599,10
2018,부산광역시,금정구,0.1133286853070031,1,1.5835125914461616,0.5215802400355932,-0.3393080979086348,1.3640765144359892,0.7824653120022773,1.1563897819725817,2.0,1.0,0.1528927461031425,부산광역시금정구,0.8385958728889055,4.0,0.8571428571428571,0.07011850870135686,0.9996620632595753,9
2019,부산광역시,금정구,0.1015633154094412,1,1.5835125914461616,0.8151372006983157,-0.2640988027224005,1.4692151703805596,0.9009415399506592,1.289288320841679,3.0,1.0,0.0604363688038306,부산광역시금정구,0.8385958728889055,4.0,0.8571428571428571,0.07011850870135686,0.9996709903080384,9
2020,부산광역시,금정구,0.0607187350347058,1,1.558684515648333,0.702259984726309,-0.30676742402781,1.505582219516144,0.864939823965744,1.255508906630262,4.0,1.0,0.0429636994321156,부산광역시금정구,0.8385958728889055,4.0,0.8571428571428571,0.07011850870135686,0.9997048330116832,9
2021,부산광역시,금정구,0.097489621277257,1,1.558684515648333,0.989859771660114,-0.330055383967235,1.518056631737223,0.9341363837696088,1.35553363968189,5.0,1.0,0.01911611719223,부산광역시금정구,0.8385958728889055,4.0,0.8571428571428571,0.07011850870135686,0.9996906563552816,9
2022,부산광역시,금정구,0.0175451792157488,1,1.558684515648333,0.2109422220025299,-0.2895027733808907,1.5385768943063538,0.7546752146440815,1.102734543985739,6.0,1.0,0.0327575642381721,부산광역시금정구,0.8385958728889055,4.0,0.8571428571428571,0.07011850870135686,0.9997639712433882,10
2023,부산광역시,금정구,0.1730285098823619,1,1.558684515648333,1.0033215819439958,-0.2040805167810037,1.5606879029746354,0.9796533709464904,1.3742313335223215,7.0,0.0,0.0451645519543736,부산광역시금정구,0.8385958728889055,4.0,0.8571428571428571,0.07011850870135686,0.9981048531571423,8
2017,부산광역시,기장군,0.3846499683942443,1,1.096987239453694,-0.1020843377934446,-0.3645126858332516,1.578035368052019,0.5521063959697541,0.8576460899040894,1.0,1.0,0.4778477832687846,부산광역시기장군,0.7668897586622384,4.0,1.0,0.2513304354824629,0.9996218562685889,9
2018,부산광역시,기장군,0.1787317879433972,1,1.1012417988932113,0.5215802400355932,-0.3630911030470222,1.6022715775766618,0.715500628364611,1.075031205501822,2.0,1.0,0.3872332465133603,부산광역시기장군,0.7668897586622384,4.0,1.0,0.2513304354824629,0.9996025515586378,9
2019,부산광역시,기장군,0.1217750569259209,1,1.1012417988932113,0.8151372006983157,-0.2645657179038792,1.6993256405551644,0.8377847305607031,1.205234880048897,3.0,1.0,0.2774044380406467,부산광역시기장군,0.7668897586622384,4.0,1.0,0.2513304354824629,0.9996254764211473,9
2020,부산광역시,기장군,0.0454512629039173,1,1.0588405991564898,0.702259984726309,-0.2674427982756685,1.732914206094702,0.8066429979254581,1.164671596659167,4.0,1.0,0.2354673010030417,부산광역시기장군,0.7668897586622384,4.0,1.0,0.2513304354824629,0.9996793548115473,9
2021,부산광역시,기장군,0.0805656478395671,1,1.0588405991564898,0.989859771660114,-0.3069566513962211,1.7468302885351843,0.8721435019888918,1.265176886450596,5.0,1.0,0.1848184369925418,부산광역시기장군,0.7668897586622384,4.0,1.0,0.2513304354824629,0.9996853537704503,9
2022,부산광역시,기장군,0.1299750764217454,1,1.0588405991564898,0.2109422220025299,-0.3228364316184913,1.7680597068056485,0.6787515240865442,1.0126141759882226,6.0,1.0,0.1066097350582582,부산광역시기장군,0.7668897586622384,4.0,1.0,0.2513304354824629,0.9998087853212081,10
2023,부산광역시,기장군,0.2750526560516392,1,1.0588405991564898,1.0033215819439958,-0.2313018579257688,1.79033380378411,0.9052985317397066,1.284165328294865,7.0,1.0,0.0899321075006071,부산광역시기장군,0.7668897586622384,4.0,1.0,0.2513304354824629,0.9997375249950443,10
2017,부산광역시,남구,0.0834216081390723,1,0.2427927566768829,-0.2821907219383439,-0.4140637854918642,1.7518840547542571,0.324605576000233,0.5708286964975987,1.0,1.0,0.0093560949240249,부산광역시남구,0.4841990697005657,2.142857142857143,0.2857142857142857,0.0035455176129661143,0.9748253012522963,8
2018,부산광역시,남구,0.0091579377847656,1,0.2484038004301542,0.2451103220179924,-0.4070286337525767,1.7770491274757552,0.4658836540428313,0.7568544166413006,2.0,0.0,0.0002999550089979,부산광역시남구,0.4841990697005657,2.142857142857143,0.2857142857142857,0.0035455176129661143,0.8525379241386307,7
2019,부산광역시,남구,0.0006997551142733,1,0.2484038004301542,0.2926049112363462,-0.2851485369043524,1.8710182183263415,0.5317195982721225,0.8040089766642807,3.0,1.0,0.000899595242836,부산광역시남구,0.4841990697005657,2.142857142857143,0.2857142857142857,0.0035455176129661143,0.9665620148168713,7
2020,부산광역시,남구,0.0014988761237358,1,0.2068070559735542,0.5453328340869408,-0.2699028543031632,1.89985858776552,0.5955239058807129,0.8839994926086717,4.0,0.0,0.001598721363697,부산광역시남구,0.4841990697005657,2.142857142857143,0.2857142857142857,0.0035455176129661143,0.8271414802944758,7
2021,부산광역시,남구,0.0,0,0.2068070559735542,0.5879174251140241,-0.3173710827185201,1.9143363401356903,0.5979224346261871,0.9030202737410896,5.0,0.0,0.0023971245997214,부산광역시남구,0.4841990697005657,2.142857142857143,0.2857142857142857,0.0035455176129661143,0.8279713450830275,7
2022,부산광역시,남구,0.0,0,0.2068070559735542,-0.4110591037111489,-0.3968727106797433,1.9358420431122845,0.3336793211737366,0.5771966651248966,0.0,0.0,0.0025966258472659,부산광역시남구,0.4841990697005657,2.142857142857143,0.2857142857142857,0.0035455176129661143,0.8743410195906345,7
2023,부산광역시,남구,0.0187236139981025,1,0.2068070559735542,0.2273678281213142,-0.2321185712170987,1.958179678754776,0.5400589979081364,0.7974515209498815,0.0,0.0,0.0076705063042197,부산광역시남구,0.4841990697005657,2.142857142857143,0.2857142857142857,0.0035455176129661143,0.8313975086731893,7
2017,부산광역시,동구,0.0,0,-0.1124304982352613,-0.2821907219383439,-0.2442889725127346,0.3799525875212874,-0.0647394012912631,-0.0048895442174392,0.0,0.0,0.0139029051689914,부산광역시동구,0.09238975142507554,0.0,0.0,0.007305852890033172,0.08350738980063668,4
2018,부산광역시,동구,0.0,0,-0.1062553501908893,0.2451103220179924,-0.2783226775555362,0.4073024957740515,0.0669586975114046,0.1820524892003848,0.0,0.0,0.0215657779145605,부산광역시동구,0.09238975142507554,0.0,0.0,0.007305852890033172,0.06753201165224933,3
2019,부산광역시,동구,0.0,0,-0.1062553501908893,0.2926049112363462,-0.1600607282435042,0.4919428092288764,0.1295579105077073,0.2260974567581111,0.0,0.0,0.0031948908965191,부산광역시동구,0.09238975142507554,0.0,0.0,0.007305852890033172,0.06385156818153186,3
2020,부산광역시,동구,0.0,0,-0.0967238906130651,0.5453328340869408,-0.142740611251956,0.5317410217946332,0.2094023385041382,0.3267833217561696,0.0,0.0,0.0017983819413793,부산광역시동구,0.09238975142507554,0.0,0.0,0.007305852890033172,0.056736557576777244,2
2021,부산광역시,동구,0.0,0,-0.0967238906130651,0.5879174251140241,-0.187797436883877,0.5478257259508915,0.2128054558919933,0.3463397534839501,0.0,0.0,0.0034938892542557,부산광역시동구,0.09238975142507554,0.0,0.0,0.007305852890033172,0.05624208071666568,2
2022,부산광역시,동구,0.0,0,-0.0967238906130651,-0.4110591037111489,-0.1274143659429765,0.5701218864159832,-0.0162688684628018,0.0207796306972563,0.0,0.0,0.0021975835434872,부산광역시동구,0.09238975142507554,0.0,0.0,0.007305852890033172,0.0796078345357683,4
2023,부산광역시,동구,0.0,0,-0.0967238906130651,0.2273678281213142,-0.2872367360241183,0.5926413077732704,0.1090121273143503,0.2410950817605065,0.0,0.0,0.004987541511039,부산광역시동구,0.09238975142507554,0.0,0.0,0.007305852890033172,0.06561619290980038,3
2017,부산광역시,동래구,0.0,0,0.3232498913072257,-0.2821907219383439,-0.1688262222495003,1.119068047997079,0.2478252487791151,0.3867090724553202,0.0,0.0,0.0543934838303316,부산광역시동래구,0.33783595316992726,0.0,0.0,0.025596321422444373,0.07631189596259706,4
2018,부산광역시,동래구,0.0,0,0.3287331669195686,0.2451103220179924,-0.2311238074564043,1.144970535196579,0.371922554169434,0.5729380080447134,0.0,0.0,0.0416216746908194,부산광역시동래구,0.33783595316992726,0.0,0.0,0.025596321422444373,0.06505469356467312,3
2019,부산광역시,동래구,0.0,0,0.3287331669195686,0.2926049112363462,-0.1507778127317641,0.8920995102051185,0.3406649439073173,0.5044791961203444,0.0,0.0,0.0210763256019162,부산광역시동래구,0.33783595316992726,0.0,0.0,0.025596321422444373,0.07116427332095007,3
2020,부산광역시,동래구,0.0,0,0.3522236797911934,0.5453328340869408,-0.1324387033979687,0.9389142595232668,0.4260080175008581,0.6121569244671337,0.0,0.0,0.0190180058357618,부산광역시동래구,0.33783595316992726,0.0,0.0,0.025596321422444373,0.0628525422210084,2
2021,부산광역시,동래구,0.0,0,0.3522236797911934,0.5879174251140241,-0.17730017191226,0.9567302962549284,0.4298928073119715,0.632290467053382,0.0,0.0,0.0144944461504525,부산광역시동래구,0.33783595316992726,0.0,0.0,0.025596321422444373,0.06307875108429258,2
2022,부산광역시,동래구,0.0,0,0.3522236797911934,-0.4110591037111489,-0.2481934420463562,0.9798780969566192,0.1682123077475768,0.3070142243455545,0.0,0.0,0.0192142189238042,부산광역시동래구,0.33783595316992726,0.0,0.0,0.025596321422444373,0.09224536922087379,4
2023,부산광역시,동래구,0.0,0,0.3522236797911934,0.4100317355274578,-0.2435456187766254,1.0025933745508475,0.3803257927732184,0.5882829299564997,0.0,0.0,0.0093560949240249,부산광역시동래구,0.33783595316992726,0.0,0.0,0.025596321422444373,0.06870453970198845,3
2017,부산광역시,부산진구,0.0002999550089979,1,0.0083342382236419,-0.2821907219383439,-0.1778863056130968,0.6300049062585339,0.0445655292326837,0.1187161408479439,1.0,1.0,0.0089597413714719,부산광역시부산진구,0.17593513177917022,4.0,0.42857142857142855,0.005249434640515172,0.9987870336506913,8
2018,부산광역시,부산진구,0.0036931718376175,1,0.0143176085476421,0.2451103220179924,-0.3139834401785472,0.6594255445970725,0.1512175087460399,0.3062844917209024,2.0,0.0,0.0201947072855192,부산광역시부산진구,0.17593513177917022,4.0,0.42857142857142855,0.005249434640515172,0.9920156545937407,8
2019,부산광역시,부산진구,0.006379606964039,1,0.0143176085476421,0.2926049112363462,-0.2387059534516257,0.7370284527379196,0.2013112547675705,0.3479836575073027,3.0,1.0,0.0016985566355814,부산광역시부산진구,0.17593513177917022,4.0,0.42857142857142855,0.005249434640515172,0.9984983814367826,8
2020,부산광역시,부산진구,0.0096532570281383,1,0.0450301384114609,0.5453328340869408,-0.3082146690811342,0.7857220314473706,0.2669675837161595,0.4586950013152575,4.0,0.0,0.0002999550089979,부산광역시부산진구,0.17593513177917022,4.0,0.42857142857142855,0.005249434640515172,0.9910121647478611,8
2021,부산광역시,부산진구,0.0066776547532405,1,0.0450301384114609,0.5879174251140241,-0.2567364643154687,0.8030290363432651,0.2948100338883204,0.4786588666229167,5.0,1.0,0.0028958031120255,부산광역시부산진구,0.17593513177917022,4.0,0.42857142857142855,0.005249434640515172,0.9982892433117232,8
2022,부산광역시,부산진구,0.0130149370774946,1,0.0450301384114609,-0.4110591037111489,-0.2264873355210463,0.8259264449485971,0.0583525360319657,0.1532991598829697,6.0,0.0,0.0003999200213269,부산광역시부산진구,0.17593513177917022,4.0,0.42857142857142855,0.005249434640515172,0.9937080873738241,8
2023,부산광역시,부산진구,0.0175451792157488,1,0.0450301384114609,0.2273678281213142,-0.2636962007870122,0.8485841385400448,0.2143214760714519,0.3736607016909399,7.0,0.0,0.0022973590486834,부산광역시부산진구,0.17593513177917022,4.0,0.42857142857142855,0.005249434640515172,0.9919798534755039,8
2017,부산광역시,북구,0.0541093256470319,1,0.8851325918298025,-0.2821907219383439,0.711348555417926,0.7060062926281719,0.5050741794843892,0.4363160541732102,1.0,1.0,0.1179607976335647,부산광역시북구,0.4561159956729531,4.0,0.8571428571428571,0.057875088113833816,0.9995585222491603,9
2018,부산광역시,북구,0.0027960873020012,1,0.8897235822719687,0.2451103220179924,-0.3127255023862196,0.7293131177961575,0.3878553799249747,0.6213823406953729,2.0,1.0,0.0907543632684641,부산광역시북구,0.4561159956729531,4.0,0.8571428571428571,0.057875088113833816,0.9996600278201914,9
2019,부산광역시,북구,0.00129915573162,1,0.8897235822719687,0.2926049112363462,-0.2592680215956134,0.8286415051083351,0.4379254942552592,0.6703233328722167,3.0,1.0,0.0693394780786128,부산광역시북구,0.4561159956729531,4.0,0.8571428571428571,0.057875088113833816,0.9996526428395861,9
2020,부산광역시,북구,0.0130149370774946,1,0.8790673584754973,0.5453328340869408,-0.1942036887319858,0.8646442336418867,0.5237101843680847,0.7630148087347749,4.0,1.0,0.0422929121902514,부산광역시북구,0.4561159956729531,4.0,0.8571428571428571,0.057875088113833816,0.9996287495525695,9
2021,부산광역시,북구,0.000499875041651,1,0.8790673584754973,0.5879174251140241,-0.2402364188879373,0.8781425267200458,0.5262227228554075,0.7817091034365223,5.0,1.0,0.0267392971896216,부산광역시북구,0.4561159956729531,4.0,0.8571428571428571,0.057875088113833816,0.9996440669296865,9
2022,부산광역시,북구,0.0047885167317971,1,0.8790673584754973,-0.4110591037111489,-0.1146568316378554,0.8991664349478796,0.3131294645185931,0.4557248965707427,6.0,0.0,0.0322735605502957,부산광역시북구,0.4561159956729531,4.0,0.8571428571428571,0.057875088113833816,0.9986110957462712,8
2023,부산광역시,북구,0.0193123110323728,1,0.8790673584754973,0.4100317355274578,-0.2149141864753843,0.921393269688282,0.4988945443039632,0.7368307878970791,7.0,1.0,0.0257652078860264,부산광역시북구,0.4561159956729531,4.0,0.8571428571428571,0.057875088113833816,0.999667859159281,9
2017,부산광역시,사상구,0.0,0,0.1723150466038336,-0.2821907219383439,0.0279261425231299,0.6933587741938037,0.1528523103456058,0.1944943662864311,1.0,0.0,0.0149871298082483,부산광역시사상구,0.26197996072614727,0.42857142857142855,0.14285714285714285,0.007175582419811086,0.2191533872308502,5
2018,부산광역시,사상구,0.0,0,0.1780380108975802,0.2451103220179924,-0.2924478190974119,0.7176635510720035,0.212091016222541,0.3802706279958587,0.0,0.0,0.0144944461504525,부산광역시사상구,0.26197996072614727,0.42857142857142855,0.14285714285714285,0.007175582419811086,0.20156215308351288,5
2019,부산광역시,사상구,0.0,0,0.1780380108975802,0.2926049112363462,-0.1693117668028758,0.8134454282978733,0.2786941459072309,0.4280294501439332,0.0,0.0,0.0034938892542557,부산광역시사상구,0.26197996072614727,0.42857142857142855,0.14285714285714285,0.007175582419811086,0.18855000499274527,5
2020,부산광역시,사상구,0.0027960873020012,1,0.1878713353428765,0.5453328340869408,-0.0929241182002339,0.8533650083459021,0.3734112648938713,0.5288563925919064,0.0,0.0,0.0022973590486834,부산광역시사상구,0.26197996072614727,0.42857142857142855,0.14285714285714285,0.007175582419811086,0.16664167671940752,5
2021,부산광역시,사상구,0.0,0,0.1878713353428765,0.5879174251140241,-0.1459079749333657,0.8674796514227254,0.3743401092365651,0.5477561372932087,1.0,1.0,0.0060814703158679,부산광역시사상구,0.26197996072614727,0.42857142857142855,0.14285714285714285,0.007175582419811086,0.5243325893702727,6
2022,부산광역시,사상구,0.0010993954433009,1,0.1878713353428765,-0.4110591037111489,-0.1889023979350208,0.8888067414113299,0.1191791437770091,0.2218729910143525,0.0,0.0,0.0020977980821461,부산광역시사상구,0.26197996072614727,0.42857142857142855,0.14285714285714285,0.007175582419811086,0.2316608531080925,5
2023,부산광역시,사상구,0.0016985566355814,1,0.1878713353428765,0.4100317355274578,-0.2158394325440444,0.9111033004745412,0.3232917347002078,0.5030021237816252,1.0,0.0,0.0067769842790237,부산광역시사상구,0.26197996072614727,0.42857142857142855,0.14285714285714285,0.007175582419811086,0.17839149771741442,5
2017,부산광역시,사하구,0.0062802379571504,1,-0.2599932037007085,-0.2821907219383439,-0.3229620910439494,1.209486797127905,0.0860851951112258,0.2224342904962842,1.0,0.0,0.0081665626663934,부산광역시사하구,0.24195352599733494,3.0,0.2857142857142857,0.0035194225762541285,0.9574169123007885,7
2018,부산광역시,사하구,0.0047885167317971,1,-0.2535837220247163,0.2451103220179924,-0.3079897351204755,1.2340792956950886,0.2294040401419723,0.4085352985627882,2.0,1.0,0.0034938892542557,부산광역시사하구,0.24195352599733494,3.0,0.2857142857142857,0.0035194225762541285,0.9901358989042102,8
2019,부산광역시,사하구,0.0007996801705643,1,-0.2535837220247163,0.2926049112363462,-0.2843110103570482,1.32944354685634,0.2710384314277304,0.4561549120226567,3.0,1.0,0.0020977980821461,부산광역시사하구,0.24195352599733494,3.0,0.2857142857142857,0.0035194225762541285,0.9896087684301241,8
2020,부산광역시,사하구,0.0005998200719676,1,-0.2455708986029286,0.5453328340869408,-0.2905609732918288,1.36948915980014,0.3446725304980808,0.556417031761384,4.0,0.0,0.0009995003330835,부산광역시사하구,0.24195352599733494,3.0,0.2857142857142857,0.0035194225762541285,0.9396842136705977,7
2021,부산광역시,사하구,0.0001999800026662,1,-0.2455708986029286,0.5879174251140241,-0.3384209457063049,1.383682151773801,0.3469019331446479,0.5753428927616321,5.0,0.0,0.0031948908965191,부산광역시사하구,0.24195352599733494,3.0,0.2857142857142857,0.0035194225762541285,0.9398522276597313,7
2022,부산광역시,사하구,0.0,0,-0.2455708986029286,-0.4110591037111489,-0.2286835921880755,1.4050477814826114,0.1299335467451146,0.2494725930561779,6.0,0.0,0.0009995003330835,부산광역시사하구,0.24195352599733494,3.0,0.2857142857142857,0.0035194225762541285,0.9575226392801779,7
2023,부산광역시,사하구,0.0030952049073024,1,-0.2455708986029286,0.2273678281213142,-0.2665941135984492,1.4273532037303551,0.2856390049125729,0.4697167110829137,0.0,0.0,0.0056838164682976,부산광역시사하구,0.24195352599733494,3.0,0.2857142857142857,0.0035194225762541285,0.9418526549495809,7
2017,부산광역시,서구,0.0,0,-0.0853585429156346,-0.2821907219383439,-0.271662108391024,0.3112626844404546,-0.0819871722011369,-0.0187621934711746,1.0,0.0,0.0059820716775474,부산광역시서구,0.0702079679952356,1.0,0.2857142857142857,0.002452934145918643,0.5165299359673596,6
2018,부산광역시,서구,0.0,0,-0.0792263858803058,0.2451103220179924,-0.3264426383377872,0.3378319119662904,0.0443183024415474,0.1679052827013256,0.0,0.0,0.00129915573162,부산광역시서구,0.0702079679952356,1.0,0.2857142857142857,0.002452934145918643,0.46538890734670796,6
2019,부산광역시,서구,0.0,0,-0.0792263858803058,0.2926049112363462,-0.2460930955593076,0.4251551499839737,0.0981101449451766,0.2128445584466713,0.0,0.0,0.0016985566355814,부산광역시서구,0.0702079679952356,1.0,0.2857142857142857,0.002452934145918643,0.4436519437512076,6
2020,부산광역시,서구,0.0027960873020012,1,-0.069534137912605,0.5453328340869408,-0.3239289029800846,0.4645000547900059,0.1540924619960642,0.3134329169881139,0.0,0.0,0.0013990209137073,부산광역시서구,0.0702079679952356,1.0,0.2857142857142857,0.002452934145918643,0.42164725348785326,6
2021,부산광역시,서구,0.0020977980821461,1,-0.069534137912605,0.5879174251140241,-0.2202051418400039,0.4801104371218374,0.1945721456208131,0.3328312414410855,1.0,1.0,0.0025966258472659,부산광역시서구,0.0702079679952356,1.0,0.2857142857142857,0.002452934145918643,0.7913313949852793,7
2022,부산광역시,서구,0.0070749136719618,1,-0.069534137912605,-0.4110591037111489,-0.116496860988677,0.5021732792998953,-0.0237292058281339,0.0071933458920471,2.0,1.0,0.0013990209137073,부산광역시서구,0.0702079679952356,1.0,0.2857142857142857,0.002452934145918643,0.8454500601365197,7
2023,부산광역시,서구,0.0057832447557273,1,-0.069534137912605,0.2273678281213142,-0.2581563374486193,0.524639043209185,0.1060790989923187,0.227490911139298,3.0,0.0,0.0027960873020012,부산광역시서구,0.0702079679952356,1.0,0.2857142857142857,0.002452934145918643,0.4483701804645051,6
2017,부산광역시,수영구,0.0009995003330835,1,-0.4607619435798558,-0.2821907219383439,-0.2978637953278966,0.9895083088286852,-0.0128270380043527,0.0821852144368285,1.0,1.0,0.0121261797978405,부산광역시수영구,0.20163918382234278,0.8571428571428571,0.14285714285714285,0.007959473975916157,0.7721517577325504,7
2018,부산광역시,수영구,0.0,0,-0.4540336356273781,0.2451103220179924,-0.3331586999461485,1.0176980399805478,0.1189040066062533,0.269591575457054,2.0,0.0,0.0372957847436968,부산광역시수영구,0.20163918382234278,0.8571428571428571,0.14285714285714285,0.007959473975916157,0.32250114120930073,6
2019,부산광역시,수영구,0.0,0,-0.4540336356273781,0.2926049112363462,-0.2318329244803958,1.1000755431122389,0.1767034735602027,0.3128822729070689,0.0,0.0,0.0026963615477426,부산광역시수영구,0.20163918382234278,0.8571428571428571,0.14285714285714285,0.007959473975916157,0.3140547250765412,6
2020,부산광역시,수영구,0.0,0,-0.4482907706390455,0.5453328340869408,0.6912197662605586,1.1391760821334496,0.4818594779604758,0.4120727151937816,0.0,0.0,0.0003999200213269,부산광역시수영구,0.20163918382234278,0.8571428571428571,0.14285714285714285,0.007959473975916157,0.21951661598196362,5
2021,부산광역시,수영구,0.0038924147153438,1,-0.4482907706390455,0.5879174251140241,0.661977496328156,1.155669094462599,0.4893183113164333,0.4317652496458592,0.0,0.0,0.000899595242836,부산광역시수영구,0.20163918382234278,0.8571428571428571,0.14285714285714285,0.007959473975916157,0.21727176645938237,5
2022,부산광역시,수영구,0.0143958802837323,1,-0.4482907706390455,-0.4110591037111489,-0.3526092627227881,1.1781661011856,-0.0084482589718456,0.1062720756118018,1.0,0.0,0.0006997551142733,부산광역시수영구,0.20163918382234278,0.8571428571428571,0.14285714285714285,0.007959473975916157,0.3854325866867563,6
2023,부산광역시,수영구,0.0092570212626767,1,-0.4482907706390455,0.2273678281213142,-0.3159515125508956,1.2007317122255574,0.1659643142892326,0.326602923235942,2.0,0.0,0.001598721363697,부산광역시수영구,0.20163918382234278,0.8571428571428571,0.14285714285714285,0.007959473975916157,0.3233290841701399,6
2017,부산광역시,연제구,0.0,0,-0.5924650566918431,-0.2821907219383439,-0.2722224795531145,1.0579423212825596,-0.0222339842251854,0.0610955142174575,1.0,0.0,0.0150856374180408,부산광역시연제구,0.2599191037043949,0.2857142857142857,0.0,0.007743894528218843,0.15622209460555253,5
2018,부산광역시,연제구,0.0,0,-0.5855276005762584,0.2451103220179924,-0.3057264049109721,1.0861408980789742,0.109999303652434,0.248574539840236,0.0,0.0,0.0218593343528935,부산광역시연제구,0.2599191037043949,0.2857142857142857,0.0,0.007743894528218843,0.1271306038956205,5
2019,부산광역시,연제구,0.0,0,-0.5855276005762584,0.2926049112363462,-0.2312358190489913,1.1685667347031945,0.1611020565785727,0.2918813484544274,0.0,0.0,0.0031948908965191,부산광역시연제구,0.2599191037043949,0.2857142857142857,0.0,0.007743894528218843,0.12267432927653535,5
2020,부산광역시,연제구,0.0,0,-0.592556896380462,0.5453328340869408,0.6912197662605586,1.1993779396030728,0.4608434108925275,0.3840512924365171,0.0,0.0,0.0017983819413793,부산광역시연제구,0.2599191037043949,0.2857142857142857,0.0,0.007743894528218843,0.07959422647080343,4
2021,부산광역시,연제구,0.0,0,-0.592556896380462,0.5879174251140241,0.661977496328156,1.2158872394494775,0.4683063161277989,0.4037492560610132,0.0,0.0,0.0027960873020012,부산광역시연제구,0.2599191037043949,0.2857142857142857,0.0,0.007743894528218843,0.07855508111033237,4
2022,부산광역시,연제구,0.00329456694943,1,-0.592556896380462,-0.4110591037111489,0.7039822447798993,1.2383922579809814,0.2346896256673174,0.0782587526297901,0.0,0.0,0.0025966258472659,부산광역시연제구,0.2599191037043949,0.2857142857142857,0.0,0.007743894528218843,0.11058828816679417,4
2023,부산광역시,연제구,0.001598721363697,1,-0.592556896380462,0.2273678281213142,0.7311373456691725,1.2609597115391729,0.4067269972372994,0.298590214426675,1.0,0.0,0.0068763039394321,부산광역시연제구,0.2599191037043949,0.2857142857142857,0.0,0.007743894528218843,0.08624064510603917,4
2017,부산광역시,영도구,0.2949803749328925,1,0.7089277787120604,-0.2821907219383439,-0.4656587721455698,0.7136137179453039,0.1686730006433626,0.3801169249063401,1.0,0.0,0.0025966258472659,부산광역시영도구,0.33275395388806717,4.0,0.0,0.0009418715434423714,0.9759084502652455,8
2018,부산광역시,영도구,0.229841072761931,1,0.7137985872399454,0.2451103220179924,-0.4029470312236333,0.7392250790306336,0.3237967392662345,0.5660446627628571,2.0,0.0,0.0,부산광역시영도구,0.33275395388806717,4.0,0.0,0.0009418715434423714,0.9697773695595743,7
2019,부산광역시,영도구,0.1653449325868378,1,0.7137985872399454,0.2926049112363462,-0.3789316477485115,0.8304064726961204,0.3644695808559751,0.612269990390804,3.0,0.0,0.0,부산광역시영도구,0.33275395388806717,4.0,0.0,0.0009418715434423714,0.9681489735496017,7
2020,부산광역시,영도구,0.0756639039209896,1,0.7767574699174383,0.5453328340869408,-0.3887803212970319,0.8830436838814008,0.454088416647187,0.7350446626285932,4.0,0.0,0.0,부산광역시영도구,0.33275395388806717,4.0,0.0,0.0009418715434423714,0.9637775195798556,7
2021,부산광역시,영도구,0.0088606284321965,1,0.7767574699174383,0.5879174251140241,-0.4385028466476937,0.8979358813779622,0.4560269824404327,0.7542035921364749,5.0,0.0,0.000899595242836,부산광역시영도구,0.33275395388806717,4.0,0.0,0.0009418715434423714,0.9639979023462477,7
2022,부산광역시,영도구,0.0545828777702917,1,0.7767574699174383,-0.4110591037111489,-0.540887507627785,0.9196454493718914,0.1861140769875989,0.4284479385260603,6.0,0.0,0.0006997551142733,부산광역시영도구,0.33275395388806717,4.0,0.0,0.0009418715434423714,0.9766821853583947,8
2023,부산광역시,영도구,0.2311117209633866,1,0.7767574699174383,0.2273678281213142,-0.4417197454732564,0.9420299689372216,0.3761088803756794,0.6487184223253247,7.0,0.0,0.0023971245997214,부산광역시영도구,0.33275395388806717,4.0,0.0,0.0009418715434423714,0.9688125646224678,7
2017,부산광역시,중구,0.0,0,-1.3159786060631686,-0.2821907219383439,0.711348555417926,-0.6157992224584279,-0.3756549987605036,-0.73798951681998,0.0,0.0,0.0037927982386962,부산광역시중구,-0.2354586945636103,0.0,0.0,0.0013978719785657286,0.07287851350534756,3
2018,부산광역시,중구,0.0,0,-1.3078921905474714,0.2451103220179924,0.6598233988354029,-0.5799229641894459,-0.2457203584708805,-0.547568277572975,0.0,0.0,0.0,부산광역시중구,-0.2354586945636103,0.0,0.0,0.0013978719785657286,0.060399380218689215,2
2019,부산광역시,중구,0.0,0,-1.3078921905474714,0.2926049112363462,0.6638779072792427,-0.5266165357147128,-0.2195064769366488,-0.513967938341946,0.0,0.0,0.0,부산광역시중구,-0.2354586945636103,0.0,0.0,0.0013978719785657286,0.0580431158595116,2
2020,부산광역시,중구,0.0,0,-1.2911519942968646,0.5453328340869408,0.6912197662605586,-0.4851551093844676,-0.1349386258334582,-0.4103247565314638,0.0,0.0,0.0,부산광역시중구,-0.2354586945636103,0.0,0.0,0.0013978719785657286,0.05101721315670188,1
2021,부산광역시,중구,0.0,0,-1.2911519942968646,0.5879174251140241,0.661977496328156,-0.4635368333245859,-0.1261984765448176,-0.3889238008358087,0.0,0.0,0.0013990209137073,부산광역시중구,-0.2354586945636103,0.0,0.0,0.0013978719785657286,0.05018959834437392,1
2022,부산광역시,중구,0.0,0,-1.2911519942968646,-0.4110591037111489,0.7039822447798993,-0.4385187160545513,-0.3591868923206663,-0.7135766046875216,0.0,0.0,0.0010993954433009,부산광역시중구,-0.2354586945636103,0.0,0.0,0.0013978719785657286,0.07150167185202104,3
2023,부산광역시,중구,0.0,0,-1.2911519942968646,0.2273678281213142,0.7311373456691725,-0.4153733118068103,-0.187005033078297,-0.4930524926607869,0.0,0.0,0.0034938892542557,부산광역시중구,-0.2354586945636103,0.0,0.0,0.0013978719785657286,0.054835626625071424,1
2017,부산광역시,해운대구,0.0630686914669829,1,2.355406375444036,-0.2821907219383439,0.711348555417926,1.158347958310268,0.9857280418084716,1.0771878706053202,1.0,1.0,0.1573455707237775,부산광역시해운대구,0.8718863581844681,4.0,0.7142857142857143,0.07803305641162055,0.9992732584792593,8
2018,부산광역시,해운대구,0.0014988761237358,1,2.3576625307115324,0.2451103220179924,-0.2267829761556083,1.1801522800809745,0.8890355391637228,1.2609750442701666,2.0,1.0,0.1403704528472758,부산광역시해운대구,0.8718863581844681,4.0,0.7142857142857143,0.07803305641162055,0.9994081165411081,9
2019,부산광역시,해운대구,0.0007996801705643,1,2.3576625307115324,0.2926049112363462,-0.1988213230702185,1.285324490956621,0.9341926524585704,1.311863977634833,3.0,1.0,0.0759420035751573,부산광역시해운대구,0.8718863581844681,4.0,0.7142857142857143,0.07803305641162055,0.9994549562984731,9
2020,부산광역시,해운대구,0.0020977980821461,1,1.934126869512994,0.5453328340869408,-0.1962453680842112,1.2702745787158425,0.8883722285578914,1.2499114274385923,4.0,0.0,0.0574194908674864,부산광역시해운대구,0.8718863581844681,4.0,0.7142857142857143,0.07803305641162055,0.9973627038265228,8
2021,부산광역시,해운대구,0.0026963615477426,1,1.934126869512994,0.5879174251140241,-0.2423168150098161,1.2828915279182684,0.8906547518838676,1.268311940848429,5.0,1.0,0.0269340012400809,부산광역시해운대구,0.8718863581844681,4.0,0.7142857142857143,0.07803305641162055,0.9995548856356715,9
2022,부산광역시,해운대구,0.00329456694943,1,1.934126869512994,-0.4110591037111489,-0.0974309013711724,1.3034819042426904,0.6822796921683407,0.9421832233481784,6.0,1.0,0.0464063728141557,부산광역시해운대구,0.8718863581844681,4.0,0.7142857142857143,0.07803305641162055,0.9996715963185827,9
2023,부산광역시,해운대구,0.0162669724638719,1,1.934126869512994,0.2273678281213142,-0.1553373299770216,1.325609037344364,0.8329416012504127,1.1623679116595576,7.0,0.0,0.0418135028134103,부산광역시해운대구,0.8718863581844681,4.0,0.7142857142857143,0.07803305641162055,0.9977488434668668,8
2017,서울특별시,강남구,0.0,0,-1.3471919698843966,0.4944529949088515,0.711348555417926,-0.0332285921575952,-0.0436547529288036,-0.2953225223777134,0.0,0.0,0.0242046886968173,서울특별시강남구,-0.11163857514538693,0.0,0.0,0.012112228405243073,0.05342353608888525,1
2018,서울특별시,강남구,0.0,0,-1.3390559866891407,0.0847911984516939,0.6598233988354029,-0.0012993367613272,-0.1489351815408428,-0.4185213749995913,0.0,0.0,0.0180363624860985,서울특별시강남구,-0.11163857514538693,0.0,0.0,0.012112228405243073,0.06350949302485588,2
2019,서울특별시,강남구,0.0,0,-1.3390559866891407,-0.1048780248097556,0.6638779072792427,0.0666536497578501,-0.1783506136154508,-0.4590934539136821,0.0,0.0,0.0159717695096986,서울특별시강남구,-0.11163857514538693,0.0,0.0,0.012112228405243073,0.06667794721066866,3
2020,서울특별시,강남구,0.0,0,-1.3185950676746585,-0.0357736974842993,0.6912197662605586,0.1520388149002643,-0.1277775459995336,-0.4007766500862311,0.0,0.0,0.0106431600984798,서울특별시강남구,-0.11163857514538693,0.0,0.0,0.012112228405243073,0.062469087624525986,2
2021,서울특별시,강남구,0.0,0,-1.3185950676746585,-0.1137687574494563,0.661977496328156,0.1709410252414319,-0.1498613258886316,-0.4204742666275609,0.0,0.0,0.0107420965319021,서울특별시강남구,-0.11163857514538693,0.0,0.0,0.012112228405243073,0.06457548315830439,3
2022,서울특별시,강남구,0.0,0,-1.3185950676746585,0.3839084051576065,0.7039822447798993,0.1946231133255289,-0.0090203261029058,-0.2466878497305076,0.0,0.0,0.0001999800026662,서울특별시강남구,-0.11163857514538693,0.0,0.0,0.012112228405243073,0.05330858003368059,1
2023,서울특별시,강남구,0.0,0,-1.3185950676746585,-0.125484661592804,0.7311373456691725,0.2174612638321285,-0.1238702799415403,-0.4088728218117779,0.0,0.0,0.004987541511039,서울특별시강남구,-0.11163857514538693,0.0,0.0,0.012112228405243073,0.06284060192352765,2
2017,서울특별시,강동구,0.0,0,-1.3048926983184248,0.4944529949088515,-0.506480059428709,0.3964430200645789,-0.2301191856934258,-0.1379988944483315,0.0,0.0,0.009058844488346,서울특별시강동구,-0.019717477930596757,0.0,0.0,0.004985634112231042,0.08725808450996732,4
2018,서울특별시,강동구,0.0,0,-1.2968238875288909,0.0847911984516939,0.6598233988354029,0.4278603662529739,-0.031087230997205,-0.261390774274741,0.0,0.0,0.017348638334613,서울특별시강동구,-0.019717477930596757,0.0,0.0,0.004985634112231042,0.06373029388847509,3
2019,서울특별시,강동구,0.0,0,-1.2968238875288909,-0.1048780248097556,0.6638779072792427,0.498125041309048,-0.0599247409375888,-0.3011922903431994,0.0,0.0,0.000899595242836,서울특별시강동구,-0.019717477930596757,0.0,0.0,0.004985634112231042,0.06888284634328115,3
2020,서울특별시,강동구,0.0,0,-1.25238337563662,-0.0357736974842993,0.6912197662605586,0.6801697055202689,0.0208080996649769,-0.2026624558668835,0.0,0.0,0.0024968801985871,서울특별시강동구,-0.019717477930596757,0.0,0.0,0.004985634112231042,0.060778725349935295,2
2021,서울특별시,강동구,0.0,0,-1.25238337563662,-0.1137687574494563,0.661977496328156,0.6983842848843811,-0.0014475879683848,-0.2225892827338984,0.0,0.0,0.001199280575482,서울특별시강동구,-0.019717477930596757,0.0,0.0,0.004985634112231042,0.0630322231789801,2
2022,서울특별시,강동구,0.0,0,-1.25238337563662,0.3839084051576065,0.7039822447798993,0.7217281281873701,0.1393088506220639,-0.0489156140972144,0.0,0.0,0.0018981972830802,서울특별시강동구,-0.019717477930596757,0.0,0.0,0.004985634112231042,0.05080204450396014,1
2023,서울특별시,강동구,0.0,0,-1.25238337563662,-0.125484661592804,0.7311373456691725,0.7444884907417971,0.0244394497953863,-0.2111265154958756,0.0,0.0,0.001998002662673,서울특별시강동구,-0.019717477930596757,0.0,0.0,0.004985634112231042,0.06050840932286037,2
2017,서울특별시,강북구,0.0,0,-0.869823509012815,0.4944529949088515,0.711348555417926,-0.4874318616101032,-0.0378634550740352,-0.2876007919046889,0.0,0.0,0.0006997551142733,서울특별시강북구,-0.10923809634135095,0.0,0.0,0.00029992931184527263,0.05618786015093356,2
2018,서울특별시,강북구,0.0,0,-0.8624456000525369,0.0847911984516939,0.6598233988354029,-0.4602402199653671,-0.1445178056827018,-0.41263154052207,0.0,0.0,0.0001999800026662,서울특별시강북구,-0.10923809634135095,0.0,0.0,0.00029992931184527263,0.06611124240105917,3
2019,서울특별시,강북구,0.0,0,-0.8624456000525369,-0.1048780248097556,0.6638779072792427,-0.3760491942634497,-0.1698737279616248,-0.4477909397085807,0.0,0.0,0.0003999200213269,서울특별시강북구,-0.10923809634135095,0.0,0.0,0.00029992931184527263,0.0686539609002361,3
2020,서울특별시,강북구,0.0,0,-0.8368952446968251,-0.0357736974842993,0.6912197662605586,-0.3287081267086126,-0.1275393256572946,-0.4004590229632456,0.0,0.0,0.0001999800026662,서울특별시강북구,-0.10923809634135095,0.0,0.0,0.00029992931184527263,0.06443979727634279,3
2021,서울특별시,강북구,0.0,0,-0.8368952446968251,-0.1137687574494563,0.661977496328156,-0.3125739350310856,-0.1503151102123027,-0.4210793123924556,0.0,0.0,0.0,서울특별시강북구,-0.10923809634135095,0.0,0.0,0.00029992931184527263,0.06671893023633207,3
2022,서울특별시,강북구,0.0,0,-0.8368952446968251,0.3839084051576065,0.7039822447798993,-0.2902534317188016,-0.0098145066195302,-0.2477467570860067,0.0,0.0,9.999500033330834e-05,서울특별시강북구,-0.10923809634135095,0.0,0.0,0.00029992931184527263,0.053903697456690075,1
2023,서울특별시,강북구,0.0,0,-0.8368952446968251,-0.125484661592804,0.7311373456691725,-0.2677284121074129,-0.1247427431819673,-0.4100361061323473,0.0,0.0,0.000499875041651,서울특별시강북구,-0.10923809634135095,0.0,0.0,0.00029992931184527263,0.06412808308872393,3
2017,서울특별시,강서구,0.0,0,-1.3151461091888008,0.4944529949088515,-0.2252281393262475,0.1292157770527553,-0.2291763691383604,-0.230492445742398,0.0,0.0,0.0,서울특별시강서구,-0.09571201860936482,0.0,0.0,0.0,0.07705812441501922,4
2018,서울특별시,강서구,0.0,0,-1.307061015701019,0.0847911984516939,0.6598233988354029,0.1597289498447365,-0.1006793671422963,-0.3541802891348628,0.0,0.0,0.0,서울특별시강서구,-0.09571201860936482,0.0,0.0,0.0,0.06354565314167529,3
2019,서울특별시,강서구,0.0,0,-1.307061015701019,-0.1048780248097556,0.6638779072792427,0.2328825515594597,-0.128794645418018,-0.3930188296504383,0.0,0.0,0.0,서울특별시강서구,-0.09571201860936482,0.0,0.0,0.0,0.06629928367108802,3
2020,서울특별시,강서구,0.0,0,-1.2836473692308603,-0.0357736974842993,0.6912197662605586,0.3172252637848434,-0.0777440091674394,-0.3340652676434388,0.0,0.0,0.0,서울특별시강서구,-0.09571201860936482,0.0,0.0,0.0,0.06137868719835935,2
2021,서울특별시,강서구,0.0,0,-1.2836473692308603,-0.1137687574494563,0.661977496328156,0.3352112565623093,-0.1000568434474628,-0.3540682900393357,0.0,0.0,0.0,서울특별시강서구,-0.09571201860936482,0.0,0.0,0.0,0.06348590567432273,2
2022,서울특별시,강서구,0.0,0,-1.2836473692308603,0.3839084051576065,0.7039822447798993,0.358442658421349,0.0406714847819986,-0.1804321018839682,0.0,0.0,0.0,서울특별시강서구,-0.09571201860936482,0.0,0.0,0.0,0.05125055081041022,1
2023,서울특별시,강서구,0.0,0,-1.2836473692308603,-0.125484661592804,0.7311373456691725,0.38117716221859,-0.0742043807339754,-0.3426516228683581,0.0,0.0,0.0,서울특별시강서구,-0.09571201860936482,0.0,0.0,0.0,0.061050471422310494,2
2017,서울특별시,관악구,0.0,0,-0.280004742490888,0.4944529949088515,0.711348555417926,0.7786154092636122,0.4261030542748754,0.3310212205605252,0.0,0.0,0.0,서울특별시관악구,0.3527625325683027,0.0,0.0,0.0,0.06801667051235637,3
2018,서울특별시,관악구,0.0,0,-0.2735634819413368,0.0847911984516939,0.6598233988354029,0.8041129462787298,0.3187910154061224,0.2051135542630289,0.0,0.0,0.0,서울특별시관악구,0.3527625325683027,0.0,0.0,0.0,0.07984836281851873,4
2019,서울특별시,관악구,0.0,0,-0.2735634819413368,-0.1048780248097556,0.6638779072792427,0.8957728122725833,0.2953023032001833,0.1724437685071636,0.0,0.0,0.0,서울특별시관악구,0.3527625325683027,0.0,0.0,0.0,0.08267769946627794,4
2020,서울특별시,관악구,0.0,0,-0.2599362920133815,-0.0357736974842993,0.6912197662605586,0.937210695657834,0.3331801181051779,0.213833568720051,0.0,0.0,0.0,서울특별시관악구,0.3527625325683027,0.0,0.0,0.0,0.07815906817457338,4
2021,서울특별시,관악구,0.0,0,-0.2599362920133815,-0.1137687574494563,0.661977496328156,0.9520514926385516,0.3100809848759674,0.1927821477252379,0.0,0.0,0.0,서울특별시관악구,0.3527625325683027,0.0,0.0,0.0,0.08088706606664019,4
2022,서울특별시,관악구,0.0,0,-0.2599362920133815,0.3839084051576065,0.7039822447798993,0.9737357767857509,0.4504225336774688,0.3659026299766586,0.0,0.0,0.0,서울특별시관악구,0.3527625325683027,0.0,0.0,0.0,0.06557096372660824,3
2023,서울특별시,관악구,0.0,0,-0.2599362920133815,-0.125484661592804,0.7311373456691725,0.9961144816903088,0.3354577184383239,0.2035645093613744,0.0,0.0,0.0,서울특별시관악구,0.3527625325683027,0.0,0.0,0.0,0.07789469268688853,4
2017,서울특별시,광진구,0.0,0,-0.6597497724239635,0.4944529949088515,0.711348555417926,0.1890887535992661,0.18378513287552,0.007930658694718,0.0,0.0,0.0,서울특별시광진구,0.11372434643183846,0.0,0.0,0.0,0.06189579467711685,2
2018,서울특별시,광진구,0.0,0,-0.6527054663306672,0.0847911984516939,0.6598233988354029,0.2164679342913813,0.0770942663119527,-0.1171487778625306,0.0,0.0,0.0,서울특별시광진구,0.11372434643183846,0.0,0.0,0.0,0.07267827230270851,3
2019,서울특별시,광진구,0.0,0,-0.6527054663306672,-0.1048780248097556,0.6638779072792427,0.300782537765231,0.0517692384760127,-0.1522669844583972,0.0,0.0,0.0,서울특별시광진구,0.11372434643183846,0.0,0.0,0.0,0.07548083618481014,3
2020,서울특별시,광진구,0.0,0,-0.621403788511812,-0.0357736974842993,0.6912197662605586,0.3516604678264733,0.0964256870227301,-0.101839006056546,0.0,0.0,0.0,서울특별시광진구,0.11372434643183846,0.0,0.0,0.0,0.07060385991789274,3
2021,서울특별시,광진구,0.0,0,-0.621403788511812,-0.1137687574494563,0.661977496328156,0.3677687105697281,0.0736434152341539,-0.1224679451305134,0.0,0.0,0.0,서울특별시광진구,0.11372434643183846,0.0,0.0,0.0,0.07305443545575356,3
2022,서울특별시,광진구,0.0,0,-0.621403788511812,0.3839084051576065,0.7039822447798993,0.3900764496350747,0.2141408277651921,0.0508603554269564,0.0,0.0,0.0,서울특별시광진구,0.11372434643183846,0.0,0.0,0.0,0.05911205742345299,2
2023,서울특별시,광진구,0.0,0,-0.621403788511812,-0.125484661592804,0.7311373456691725,0.4125985337846745,0.0992118573373077,-0.1114299721066471,0.0,0.0,0.0,서울특별시광진구,0.11372434643183846,0.0,0.0,0.0,0.07030943115504286,3
2017,서울특별시,구로구,0.0,0,-1.2985488613770408,0.4944529949088515,0.711348555417926,0.295595680564788,0.0507120923786311,-0.1695000619678004,0.0,0.0,0.0,서울특별시구로구,-0.08481679334025806,0.0,0.0,0.0,0.05155367624457715,1
2018,서울특별시,구로구,0.0,0,-1.290490124774912,0.0847911984516939,0.6598233988354029,0.3272404453005323,-0.0546587705468207,-0.2928194936742286,0.0,0.0,0.0,서울특별시구로구,-0.08481679334025806,0.0,0.0,0.0,0.06052976759783698,2
2019,서울특별시,구로구,0.0,0,-1.290490124774912,-0.1048780248097556,0.6638779072792427,0.3965829179484381,-0.0837268310892467,-0.3329284105454098,0.0,0.0,0.0,서울특별시구로구,-0.08481679334025806,0.0,0.0,0.0,0.06325255493086966,2
2020,서울특별시,구로구,0.0,0,-1.2973055757504235,-0.0357736974842993,0.6912197662605586,0.2888904796674414,-0.0882422568266807,-0.3480629311890938,0.0,0.0,0.0,서울특별시구로구,-0.08481679334025806,0.0,0.0,0.0,0.06368562989352305,3
2021,서울특별시,구로구,0.0,0,-1.2973055757504235,-0.1137687574494563,0.661977496328156,-0.031556542520961,-0.1951633448481712,-0.4808769585736137,0.0,0.0,0.0,서울특별시구로구,-0.08481679334025806,0.0,0.0,0.0,0.07478075491146188,3
2022,서울특별시,구로구,0.0,0,-1.2973055757504235,0.3839084051576065,0.7039822447798993,-0.0063386499714512,-0.0539383939460922,-0.3065786068547562,0.0,0.0,0.0,서울특별시구로구,-0.08481679334025806,0.0,0.0,0.0,0.060463702613502174,2
2023,서울특별시,구로구,0.0,0,-1.2973055757504235,-0.125484661592804,0.7311373456691725,0.0168526976603507,-0.1687000485034261,-0.468645846560959,0.0,0.0,0.0,서울특별시구로구,-0.08481679334025806,0.0,0.0,0.0,0.07187953573999026,3
2017,서울특별시,금천구,0.0,0,-1.1754657791920502,0.4944529949088515,-0.4834840216784912,0.5511307190844961,-0.1533415217192985,-0.0432940217329009,0.0,0.0,0.0,서울특별시금천구,-0.007107743791456643,0.0,0.0,0.0,0.08143109169763177,4
2018,서울특별시,금천구,0.0,0,-1.1676025019070193,0.0847911984516939,-0.1504234262715483,0.5818666682506142,-0.1628420153690648,-0.166981545068237,0.0,0.0,0.0,서울특별시금천구,-0.007107743791456643,0.0,0.0,0.0,0.08258512081309291,4
2019,서울특별시,금천구,0.0,0,-1.1676025019070193,-0.1048780248097556,0.6638779072792427,0.6547228496012109,0.0115300575409196,-0.205919225705188,0.0,0.0,0.0,서울특별시금천구,-0.007107743791456643,0.0,0.0,0.0,0.06362034135445664,3
2020,서울특별시,금천구,0.0,0,-1.1655366034241257,-0.0357736974842993,0.6912197662605586,0.6650682167918915,0.0387444205360062,-0.1787473613721778,0.0,0.0,0.0,서울특별시금천구,-0.007107743791456643,0.0,0.0,0.0,0.061053991055195905,2
2021,서울특별시,금천구,0.0,0,-1.1655366034241257,-0.1137687574494563,0.661977496328156,0.6833269047913202,0.0164997600614735,-0.1986594853607539,0.0,0.0,0.0,서울특별시금천구,-0.007107743791456643,0.0,0.0,0.0,0.06314430455023134,2
2022,서울특별시,금천구,0.0,0,-1.1655366034241257,0.3839084051576065,0.7039822447798993,0.7066924450745145,0.1572616228969736,-0.0249785843973349,0.0,0.0,0.0,서울특별시금천구,-0.007107743791456643,0.0,0.0,0.0,0.050968584370177,1
2023,서울특별시,금천구,0.0,0,-1.1655366034241257,-0.125484661592804,0.7311373456691725,0.7294577973989328,0.0423934695127939,-0.1871878225393323,0.0,0.0,0.0,서울특별시금천구,-0.007107743791456643,0.0,0.0,0.0,0.060717329369946074,2
2017,서울특별시,노원구,0.0,0,-0.3676698247423381,0.4944529949088515,-0.2418933401592124,0.4786756195872208,0.0908913623986304,0.201819596584578,0.0,0.0,0.0541093256470319,서울특별시노원구,0.2176096650244411,0.0,0.0,0.02336061796132023,0.07684091311918473,4
2018,서울특별시,노원구,0.0,0,-0.3610893496329464,0.0847911984516939,0.6598233988354029,0.5038570591388538,0.221845576698251,0.0758529693192004,0.0,0.0,0.0207825391825285,서울특별시노원구,0.2176096650244411,0.0,0.0,0.02336061796132023,0.06767669506857289,3
2019,서울특별시,노원구,0.0,0,-0.3610893496329464,-0.1048780248097556,0.6638779072792427,0.5962865585622177,0.1985492728496896,0.0434397280398385,0.0,0.0,0.0126200313561022,서울특별시노원구,0.2176096650244411,0.0,0.0,0.02336061796132023,0.07128479373431221,3
2020,서울특별시,노원구,0.0,0,-0.3672809290334433,-0.0357736974842993,0.6912197662605586,0.6275072631746621,0.2289181007293695,0.0748175455523064,0.0,0.0,0.0142973047008244,서울특별시노원구,0.2176096650244411,0.0,0.0,0.02336061796132023,0.06787074472018362,3
2021,서울특별시,노원구,0.0,0,-0.3672809290334433,-0.1137687574494563,0.661977496328156,0.6422388636703432,0.2057916683788999,0.0537297257291478,0.0,0.0,0.0343048036919903,서울특별시노원구,0.2176096650244411,0.0,0.0,0.02336061796132023,0.06740619906276782,3
2022,서울특별시,노원구,0.0,0,-0.3672809290334433,0.3839084051576065,0.7039822447798993,0.6638694342089194,0.3461197887782454,0.2268323034443609,0.0,0.0,0.0127187724077746,서울특별시노원구,0.2176096650244411,0.0,0.0,0.02336061796132023,0.057030295030547594,2
2023,서울특별시,노원구,0.0,0,-0.3672809290334433,-0.125484661592804,0.7311373456691725,0.6862357863090824,0.2311518853380019,0.0644900652276116,0.0,0.0,0.0146915487429897,서울특별시노원구,0.2176096650244411,0.0,0.0,0.02336061796132023,0.06758756845433432,3
2017,서울특별시,도봉구,0.0,0,-1.0096408321661074,0.4944529949088515,-0.3583313312350132,-1.21001175281418,-0.5208827303266124,-0.575066530023812,0.0,0.0,0.0007996801705643,서울특별시도봉구,-0.4407668322914799,0.0,0.0,0.00034276146997837265,0.06155816274557941,2
2018,서울특별시,도봉구,0.0,0,-1.0020408894541806,0.0847911984516939,0.6598233988354029,-1.1776164343360018,-0.3587606816257714,-0.6982887084461629,0.0,0.0,0.0001999800026662,서울특별시도봉구,-0.4407668322914799,0.0,0.0,0.00034276146997837265,0.048131473142533486,1
2019,서울특별시,도봉구,0.0,0,-1.0020408894541806,-0.1048780248097556,0.6638779072792427,-1.1126823198136728,-0.3889308316995916,-0.7398670780258696,0.0,0.0,0.000499875041651,서울특별시도봉구,-0.4407668322914799,0.0,0.0,0.00034276146997837265,0.05037943569587869,1
2020,서울특별시,도봉구,0.0,0,-0.9827973998126868,-0.0357736974842993,-0.317382021716631,-1.0699292876134945,-0.6014706016567779,-0.6961667949701602,0.0,0.0,0.0001999800026662,서울특별시도봉구,-0.4407668322914799,0.0,0.0,0.00034276146997837265,0.06959891208577507,3
2021,서울특별시,도봉구,0.0,0,-0.9827973998126868,-0.1137687574494563,0.661977496328156,-1.050378958012566,-0.3712419047366383,-0.7156483717582365,0.0,0.0,0.0,서울특별시도봉구,-0.4407668322914799,0.0,0.0,0.00034276146997837265,0.04908342242718111,1
2022,서울특별시,도봉구,0.0,0,-0.9827973998126868,0.3839084051576065,-0.3704459404824158,-1.0263780609095847,-0.4989282490117702,-0.5417556851882217,0.0,0.0,9.999500033330834e-05,서울특별시도봉구,-0.4407668322914799,0.0,0.0,0.00034276146997837265,0.05963079579575104,2
2023,서울특별시,도봉구,0.0,0,-0.9827973998126868,-0.125484661592804,0.7311373456691725,-1.003466592196472,-0.3451528269831976,-0.7039162178673211,0.0,0.0,0.0005998200719676,서울특별시도봉구,-0.4407668322914799,0.0,0.0,0.00034276146997837265,0.04709535393304644,1
2017,서울특별시,동대문구,0.0,0,-1.314819433200125,0.4944529949088515,0.711348555417926,0.0783949012302483,-0.0076557454107748,-0.2473238456870084,0.0,0.0,0.0,서울특별시동대문구,-0.07369324028559567,0.0,0.0,0.0,0.05758764128406866,2
2018,서울특별시,동대문구,0.0,0,-1.306734858482791,0.0847911984516939,0.6598233988354029,0.1111544799501282,-0.1127414453113914,-0.3702630600269895,0.0,0.0,0.0,서울특별시동대문구,-0.07369324028559567,0.0,0.0,0.0,0.06751053113500562,3
2019,서울특별시,동대문구,0.0,0,-1.306734858482791,-0.1048780248097556,0.6638779072792427,0.176298817761016,-0.1428590395630719,-0.4117713551771768,0.0,0.0,0.0,서울특별시동대문구,-0.07369324028559567,0.0,0.0,0.0,0.07063484738701489,3
2020,서울특별시,동대문구,0.0,0,-1.281504698501748,-0.0357736974842993,0.6912197662605586,0.2724031626146132,-0.0884138667777189,-0.3482917444571447,0.0,0.0,0.0,서울특별시동대문구,-0.07369324028559567,0.0,0.0,0.0,0.0650809577871446,3
2021,서울특별시,동대문구,0.0,0,-1.281504698501748,-0.1137687574494563,0.661977496328156,0.29177236679837,-0.1103808982061695,-0.3678336963842781,0.0,0.0,0.0,서울특별시동대문구,-0.07369324028559567,0.0,0.0,0.0,0.06727114756679997,3
2022,서울특별시,동대문구,0.0,0,-1.281504698501748,0.3839084051576065,0.7039822447798993,0.3156841685447887,0.0305175299951366,-0.1939707082664509,0.0,0.0,0.0,서울특별시동대문구,-0.07369324028559567,0.0,0.0,0.0,0.05433451135854154,1
2023,서울특별시,동대문구,0.0,0,-1.281504698501748,-0.125484661592804,0.7311373456691725,0.3385751475246601,-0.0843192167251798,-0.3561380708566306,0.0,0.0,0.0,서울특별시동대문구,-0.07369324028559567,0.0,0.0,0.0,0.06468011085662567,3
2017,서울특별시,동작구,0.0,0,-1.2555330102230051,0.4944529949088515,0.711348555417926,0.4140966781333602,0.091091304559283,-0.1156611123935978,0.0,0.0,0.0,서울특별시동작구,0.0025378144813896866,0.0,0.0,0.0,0.057453077507063986,2
2018,서울특별시,동작구,0.0,0,-1.2475425839746777,0.0847911984516939,0.6598233988354029,0.4453386390324324,-0.0143973369137871,-0.2391375821635171,0.0,0.0,0.0,서울특별시동작구,0.0025378144813896866,0.0,0.0,0.0,0.06739529135123216,3
2019,서울특별시,동작구,0.0,0,-1.2475425839746777,-0.1048780248097556,0.6638779072792427,0.5162445538415825,-0.043074536915902,-0.2787253516476169,0.0,0.0,0.0,서울특별시동작구,0.0025378144813896866,0.0,0.0,0.0,0.07036249985046672,3
2020,서울특별시,동작구,0.0,0,-1.251222322532175,-0.0357736974842993,0.6912197662605586,0.4795067188644719,-0.029067383722861,-0.2691631003840009,0.0,0.0,0.0,서울특별시동작구,0.0025378144813896866,0.0,0.0,0.0,0.06889839824326165,3
2021,서울특별시,동작구,0.0,0,-1.251222322532175,-0.1137687574494563,0.661977496328156,0.4982469534239742,-0.0511916575573753,-0.2889147088525524,0.0,0.0,0.0,서울특별시동작구,0.0025378144813896866,0.0,0.0,0.0,0.07122405469162785,3
2022,서울특별시,동작구,0.0,0,-1.251222322532175,0.3839084051576065,0.7039822447798993,0.5218493658322474,0.0896294233093945,-0.115154850514107,0.0,0.0,0.0,서울특별시동작구,0.0025378144813896866,0.0,0.0,0.0,0.05758094593031511,2
2023,서울특별시,동작구,0.0,0,-1.251222322532175,-0.125484661592804,0.7311373456691725,0.5446691928997093,-0.0252251113890243,-0.2773459304084232,0.0,0.0,0.0,서울특별시동작구,0.0025378144813896866,0.0,0.0,0.0,0.06850174106700273,3
2017,서울특별시,마포구,0.0,0,-1.3474870320677168,0.4944529949088515,-0.4633150119886207,0.0278922677604306,-0.3221141953467638,-0.2750472564661448,0.0,0.0,0.0,서울특별시마포구,-0.18573994969501703,0.0,0.0,0.0,0.07458619384239154,3
2018,서울특별시,마포구,0.0,0,-1.339350580305605,0.0847911984516939,-0.4925615076281485,0.0609330745521517,-0.421546953732477,-0.3978754357672531,0.0,0.0,0.0,서울특별시마포구,-0.18573994969501703,0.0,0.0,0.0,0.08644413418023206,4
2019,서울특별시,마포구,0.0,0,-1.339350580305605,-0.1048780248097556,0.6638779072792427,0.1250233634062289,-0.1638318336074722,-0.4397350805697105,0.0,0.0,0.0,서울특별시마포구,-0.18573994969501703,0.0,0.0,0.0,0.05876305532222826,2
2020,서울특별시,마포구,0.0,0,-1.3220465619033268,-0.0357736974842993,0.6912197662605586,0.1725187327218581,-0.1235204401013023,-0.3951005088885894,0.0,0.0,0.0,서울특별시마포구,-0.18573994969501703,0.0,0.0,0.0,0.05526702521757136,1
2021,서울특별시,마포구,0.0,0,-1.3220465619033268,-0.1137687574494563,0.661977496328156,0.1922160660071243,-0.1454054392543757,-0.4145330844485529,0.0,0.0,0.0,서울특별시마포구,-0.18573994969501703,0.0,0.0,0.0,0.0571400000975194,2
2022,서울특별시,마포구,0.0,0,-1.3220465619033268,0.3839084051576065,0.7039822447798993,0.2162892740307738,-0.0044666594837617,-0.2406162942383155,0.0,0.0,0.0,서울특별시마포구,-0.18573994969501703,0.0,0.0,0.0,0.046052582158050526,1
2023,서울특별시,마포구,0.0,0,-1.3220465619033268,-0.125484661592804,0.7311373456691725,0.2392173724710918,-0.1192941263389666,-0.4027712836750129,0.0,0.0,0.0,서울특별시마포구,-0.18573994969501703,0.0,0.0,0.0,0.054912047054164775,1
2017,서울특별시,서대문구,0.0,0,-0.808450574882217,0.4944529949088515,-0.1028604147690196,1.0888337094888527,0.1679939286866168,0.2582787098384957,0.0,0.0,0.0,서울특별시서대문구,0.22335992211163175,0.0,0.0,0.0,0.07817928825598132,4
2018,서울특별시,서대문구,0.0,0,-0.8011701278279987,0.0847911984516939,-0.1445712528085457,1.1169211221047646,0.0639927349799785,0.1335140642428199,0.0,0.0,0.0,서울특별시서대문구,0.22335992211163175,0.0,0.0,0.0,0.09116146236189811,4
2019,서울특별시,서대문구,0.0,0,-0.8011701278279987,-0.1048780248097556,0.0638143329728888,1.1997763224778626,0.0893856257032492,0.0979093899467027,0.0,0.0,0.0,서울특별시서대문구,0.22335992211163175,0.0,0.0,0.0,0.08782322454106466,4
2020,서울특별시,서대문구,0.0,0,-0.7683931115345634,-0.0357736974842993,0.6912197662605586,1.257121339923749,0.2860435742913612,0.1509848436349621,0.0,0.0,0.0,서울특별시서대문구,0.22335992211163175,0.0,0.0,0.0,0.06550837838782585,3
2021,서울특별시,서대문구,0.0,0,-0.7683931115345634,-0.1137687574494563,0.661977496328156,1.2734774067462251,0.2633232585225904,0.1304385125874018,0.0,0.0,0.0,서울특별시서대문구,0.22335992211163175,0.0,0.0,0.0,0.06778867915771727,3
2022,서울특별시,서대문구,0.0,0,-0.7683931115345634,0.3839084051576065,0.7039822447798993,1.2959070501530376,0.403851147138995,0.3038074479253602,0.0,0.0,0.0,서울특별시서대문구,0.22335992211163175,0.0,0.0,0.0,0.05478931602542703,1
2023,서울특별시,서대문구,0.0,0,-0.7683931115345634,-0.125484661592804,0.7311373456691725,1.3184571692927192,0.2889291854586311,0.1415264653884506,0.0,0.0,0.0,서울특별시서대문구,0.22335992211163175,0.0,0.0,0.0,0.06522392367325529,3
2017,서울특별시,서초구,0.0,0,-1.2015260927402935,0.4944529949088515,0.711348555417926,0.4659087091379348,0.1175460416811046,-0.0803881295645024,0.0,0.0,0.0242046886968173,서울특별시서초구,0.03693800295649733,0.0,0.0,0.012112228405243073,0.0557771172472561,2
2018,서울특별시,서초구,0.0,0,-1.1936214309611546,0.0847911984516939,0.6598233988354029,0.4941692273317587,0.0112905984144252,-0.2048870017259006,0.0,0.0,0.0180363624860985,서울특별시서초구,0.03693800295649733,0.0,0.0,0.012112228405243073,0.06637372516835321,3
2019,서울특별시,서초구,0.0,0,-1.1936214309611546,-0.1048780248097556,0.6638779072792427,0.5756868846198668,-0.0147336659679501,-0.2409375237170144,0.0,0.0,0.0159717695096986,서울특별시서초구,0.03693800295649733,0.0,0.0,0.012112228405243073,0.0693205949987376,3
2020,서울특별시,서초구,0.0,0,-1.1908264510445845,-0.0357736974842993,0.6912197662605586,0.581479693095537,0.0115248277068029,-0.2150401518111155,0.0,0.0,0.0106431600984798,서울특별시서초구,0.03693800295649733,0.0,0.0,0.012112228405243073,0.06738047971828849,3
2021,서울특별시,서초구,0.0,0,-1.1908264510445845,-0.1137687574494563,0.661977496328156,0.5982173805581212,-0.0111000829019409,-0.2354592759786399,0.0,0.0,0.0107420965319021,서울특별시서초구,0.03693800295649733,0.0,0.0,0.012112228405243073,0.06969677349131868,3
2022,서울특별시,서초구,0.0,0,-1.1908264510445845,0.3839084051576065,0.7039822447798993,0.6208347426602612,0.1294747353882956,-0.0620277677422389,0.0,0.0,0.0001999800026662,서울특별시서초구,0.03693800295649733,0.0,0.0,0.012112228405243073,0.057614653727268775,2
2023,서울특별시,서초구,0.0,0,-1.1908264510445845,-0.125484661592804,0.7311373456691725,0.6434280324671922,0.014563566374744,-0.2242943600567321,0.0,0.0,0.004987541511039,서울특별시서초구,0.03693800295649733,0.0,0.0,0.012112228405243073,0.06786769307187034,3
2017,서울특별시,성동구,0.0,0,-1.3641158936848328,0.4944529949088515,0.711348555417926,-0.4151491807099131,-0.1433658810169921,-0.4282706931619648,0.0,0.0,0.0,서울특별시성동구,-0.2270943224941892,0.0,0.0,0.0,0.05256071478436372,1
2018,서울특별시,성동구,0.0,0,-1.355953034833476,0.0847911984516939,0.6598233988354029,-0.3801567829019336,-0.2478738051120782,-0.5504395397612386,0.0,0.0,0.0,서울특별시성동구,-0.2270943224941892,0.0,0.0,0.0,0.06162017509310699,2
2019,서울특별시,성동구,0.0,0,-1.355953034833476,-0.1048780248097556,0.6638779072792427,-0.3234888340898882,-0.2801104966134693,-0.5947732979110399,0.0,0.0,0.0,서울특별시성동구,-0.2270943224941892,0.0,0.0,0.0,0.06469734211082176,3
2020,서울특별시,성동구,0.0,0,-1.3410772777880045,-0.0357736974842993,0.6912197662605586,-0.3355940241715536,-0.2553063082958247,-0.5708149998146191,0.0,0.0,0.0,서울특별시성동구,-0.2270943224941892,0.0,0.0,0.0,0.062317286633517446,2
2021,서울특별시,성동구,0.0,0,-1.3410772777880045,-0.1137687574494563,0.661977496328156,-0.3144125881798177,-0.2768202817722806,-0.5897528744724262,0.0,0.0,0.0,서울특별시성동구,-0.2270943224941892,0.0,0.0,0.0,0.06437683261168346,3
2022,서울특별시,성동구,0.0,0,-1.3410772777880045,0.3839084051576065,0.7039822447798993,-0.2896093519697694,-0.135698994955067,-0.4155927415333891,0.0,0.0,0.0,서울특별시성동구,-0.2270943224941892,0.0,0.0,0.0,0.05194806763778665,1
2023,서울특별시,성동구,0.0,0,-1.3410772777880045,-0.125484661592804,0.7311373456691725,-0.2665133650628142,-0.2504844896936125,-0.5776917681478743,0.0,0.0,0.0,서울특별시성동구,-0.2270943224941892,0.0,0.0,0.0,0.06186420307822453,2
2017,서울특별시,성북구,0.0,0,-0.7604502804170944,0.4944529949088515,0.711348555417926,0.8172769590701718,0.3156570572449637,0.1837598911873096,0.0,0.0,0.0,서울특별시성북구,0.24353904933242945,0.0,0.0,0.0,0.0651260327154583,3
2018,서울특별시,성북구,0.0,0,-0.7532460591496382,0.0847911984516939,0.6598233988354029,0.8444024018948888,0.2089427350080868,0.0586491803989815,0.0,0.0,0.0,서울특별시성북구,0.24353904933242945,0.0,0.0,0.0,0.0764280576862309,4
2019,서울특별시,성북구,0.0,0,-0.7532460591496382,-0.1048780248097556,0.6638779072792427,0.9303460343556766,0.1840249644188814,0.0240739834654276,0.0,0.0,0.0,서울특별시성북구,0.24353904933242945,0.0,0.0,0.0,0.07931484352611094,4
2020,서울특별시,성북구,0.0,0,-0.7330970971594318,-0.0357736974842993,0.6912197662605586,0.9763554658237612,0.2246761093601471,0.06916155706001,0.0,0.0,0.0,서울특별시성북구,0.24353904933242945,0.0,0.0,0.0,0.0746552613177242,3
2021,서울특별시,성북구,0.0,0,-0.7330970971594318,-0.1137687574494563,0.661977496328156,0.9921953236115574,0.2018267413327062,0.048443156334223,0.0,0.0,0.0,서울특별시성북구,0.24353904933242945,0.0,0.0,0.0,0.07724248659770756,4
2022,서울특별시,성북구,0.0,0,-0.7330970971594318,0.3839084051576065,0.7039822447798993,1.0143710444672234,0.3422911493113243,0.2217274508217993,0.0,0.0,0.0,서울특별시성북구,0.24353904933242945,0.0,0.0,0.0,0.0625578851819367,2
2023,서울특별시,성북구,0.0,0,-0.7330970971594318,-0.125484661592804,0.7311373456691725,1.0368627676866504,0.2273545886508967,0.0594270029781381,0.0,0.0,0.0,서울특별시성북구,0.24353904933242945,0.0,0.0,0.0,0.07435724810053283,3
2017,서울특별시,송파구,0.0,0,-1.2940702389516452,0.4944529949088515,-0.4785694301682418,0.1656155372956199,-0.2781427842288539,-0.211333902249058,0.0,0.0,0.0361390466158731,서울특별시송파구,-0.20143479567206465,0.0,0.0,0.018453757411528816,0.062356858787730424,2
2018,서울특별시,송파구,0.0,0,-1.28601861452501,0.0847911984516939,-0.8125332060243529,0.2004758940571469,-0.4533211820101305,-0.3335838406720564,0.0,0.0,0.0352706140819192,서울특별시송파구,-0.20143479567206465,0.0,0.0,0.018453757411528816,0.08121905880347274,4
2019,서울특별시,송파구,0.0,0,-1.28601861452501,-0.1048780248097556,0.6638779072792427,0.2582869937931115,-0.1171829345656028,-0.3775365485138848,0.0,0.0,0.0198026272961797,서울특별시송파구,-0.20143479567206465,0.0,0.0,0.018453757411528816,0.05051120441803297,1
2020,서울특별시,송파구,0.0,0,-1.3128214672370992,-0.0357736974842993,0.6912197662605586,-0.0074935273064249,-0.1662172314418162,-0.4520295640092746,0.0,0.0,0.0147900854726354,서울특별시송파구,-0.20143479567206465,0.0,0.0,0.018453757411528816,0.055022698041430104,1
2021,서울특별시,송파구,0.0,0,-1.3128214672370992,-0.1137687574494563,0.661977496328156,0.0142318276637614,-0.1875952251736595,-0.4707861323409314,0.0,0.0,0.013804280976397,서울특별시송파구,-0.20143479567206465,0.0,0.0,0.018453757411528816,0.05696216286892935,2
2022,서울특별시,송파구,0.0,0,-1.3128214672370992,0.3839084051576065,0.7039822447798993,0.0393026169101698,-0.0464070500973558,-0.2965368150564409,0.0,0.0,0.0017983819413793,서울특별시송파구,-0.20143479567206465,0.0,0.0,0.018453757411528816,0.0470782980955023,1
2023,서울특별시,송파구,0.0,0,-1.3128214672370992,-0.125484661592804,0.7311373456691725,0.0624601344125945,-0.161177162187034,-0.4586153314724362,0.0,0.0,0.007571265496318,서울특별시송파구,-0.20143479567206465,0.0,0.0,0.018453757411528816,0.05543957293160776,1
2017,서울특별시,양천구,0.0,0,-1.3195615040034852,0.4944529949088515,0.711348555417926,0.1090049006529922,-0.0011887632559288,-0.2387012028138805,0.0,0.0,0.0,서울특별시양천구,-0.1220577067589731,0.0,0.0,0.0,0.051902861785369916,1
2018,서울특별시,양천구,0.0,0,-1.3114693987473929,0.0847911984516939,-0.3239690560801133,0.141498944451564,-0.352287077981062,-0.3617264186147116,0.0,0.0,0.0,서울특별시양천구,-0.1220577067589731,0.0,0.0,0.0,0.08797862855662879,4
2019,서울특별시,양천구,0.0,0,-1.3114693987473929,-0.1048780248097556,0.6638779072792427,0.2076186429003316,-0.1362127183443935,-0.4029095935522722,0.0,0.0,0.0,서울특별시양천구,-0.1220577067589731,0.0,0.0,0.0,0.06373196397261158,3
2020,서울특별시,양천구,0.0,0,-1.3033958270346495,-0.0357736974842993,0.6912197662605586,0.1819877548023618,-0.116490500864007,-0.3857272565721956,0.0,0.0,0.0,서울특별시양천구,-0.1220577067589731,0.0,0.0,0.0,0.061859253227163964,2
2021,서울특별시,양천구,0.0,0,-1.3033958270346495,-0.1137687574494563,0.661977496328156,0.201540121203806,-0.1384117417380359,-0.4052081544267666,0.0,0.0,0.0,서울특별시양천구,-0.1220577067589731,0.0,0.0,0.0,0.06394401541924663,3
2022,서울특별시,양천구,0.0,0,-1.3033958270346495,0.3839084051576065,0.7039822447798993,0.2255420202063056,0.0025092107772904,-0.2313151338902458,0.0,0.0,0.0,서울특별시양천구,-0.1220577067589731,0.0,0.0,0.0,0.05161002298173537,1
2023,서울특별시,양천구,0.0,0,-1.3033958270346495,-0.125484661592804,0.7311373456691725,0.2484537193315816,-0.1123223559066748,-0.3934755897652906,0.0,0.0,0.0,서울특별시양천구,-0.1220577067589731,0.0,0.0,0.0,0.061470102772073605,2
2017,서울특별시,용산구,0.0,0,-0.9150312506715144,0.4944529949088515,0.711348555417926,0.9474617978044532,0.3095580243649291,0.1756278473472634,0.0,0.0,0.0,서울특별시용산구,0.23792825643835505,0.0,0.0,0.0,0.06502239078559616,3
2018,서울특별시,용산구,0.0,0,-0.907581550575076,0.0847911984516939,0.6598233988354029,0.975485596878742,0.2031296608976906,0.0508984149184532,0.0,0.0,0.0,서울특별시용산구,0.23792825643835505,0.0,0.0,0.0,0.07627538176869836,4
2019,서울특별시,용산구,0.0,0,-0.907581550575076,-0.1048780248097556,0.6638779072792427,1.0584014096917778,0.1774549353965472,0.015313944768982,0.0,0.0,0.0,서울특별시용산구,0.23792825643835505,0.0,0.0,0.0,0.07924596873450913,4
2020,서울특별시,용산구,0.0,0,-0.8857122502246311,-0.0357736974842993,0.6912197662605586,1.107636557705623,0.2193425940643128,0.0620502033322308,0.0,0.0,0.0,서울특별시용산구,0.23792825643835505,0.0,0.0,0.0,0.07445250217465207,3
2021,서울특별시,용산구,0.0,0,-0.8857122502246311,-0.1137687574494563,0.661977496328156,1.1240042722051318,0.1966251902148,0.0415077548436814,0.0,0.0,0.0,서울특별시용산구,0.23792825643835505,0.0,0.0,0.0,0.07701814786573027,4
2022,서울특별시,용산구,0.0,0,-0.8857122502246311,0.3839084051576065,0.7039822447798993,1.1464396450890908,0.3371545112004914,0.2148786000073554,0.0,0.0,0.0,서울특별시용산구,0.23792825643835505,0.0,0.0,0.0,0.06236718750804632,2
2023,서울특별시,용산구,0.0,0,-0.8857122502246311,-0.125484661592804,0.7311373456691725,1.1689910818671194,0.2222328789297142,0.0525980566832281,0.0,0.0,0.0,서울특별시용산구,0.23792825643835505,0.0,0.0,0.0,0.07413177306449834,3
2017,서울특별시,은평구,0.0,0,-0.5496283504348238,0.4944529949088515,0.711348555417926,0.5375734349919083,0.2984366587209655,0.1607993598219786,0.0,0.0,0.0,서울특별시은평구,0.2288846728554478,0.0,0.0,0.0,0.06498209748019661,3
2018,서울특별시,은평구,0.0,0,-0.5427589201860201,0.0847911984516939,0.6598233988354029,0.5635743501357666,0.1913575068092108,0.0352022094671468,0.0,0.0,0.0,서울특별시은평구,0.2288846728554478,0.0,0.0,0.0,0.07630266084205906,4
2019,서울특별시,은평구,0.0,0,-0.5427589201860201,-0.1048780248097556,0.6638779072792427,0.6531722330569331,0.1673532988351,0.0018450960203857,0.0,0.0,0.0,서울특별시은평구,0.2288846728554478,0.0,0.0,0.0,0.07907770101727515,4
2020,서울특별시,은평구,0.0,0,-0.5108082027993037,-0.0357736974842993,0.6912197662605586,0.7036418823515569,0.2120699370821281,0.0523533273559846,0.0,0.0,0.0,서울특별시은평구,0.2288846728554478,0.0,0.0,0.0,0.07398026856301104,3
2021,서울특별시,은평구,0.0,0,-0.5108082027993037,-0.1137687574494563,0.661977496328156,0.7188191413123283,0.189054919347931,0.0314140603545227,0.0,0.0,0.0,서울특별시은평구,0.2288846728554478,0.0,0.0,0.0,0.07656493213294684,4
2022,서울특별시,은평구,0.0,0,-0.5108082027993037,0.3839084051576065,0.7039822447798993,0.7406689306688506,0.3294378444517631,0.2045897110090511,0.0,0.0,0.0,서울특별시은평구,0.2288846728554478,0.0,0.0,0.0,0.06200813270719317,2
2023,서울특별시,은평구,0.0,0,-0.5108082027993037,-0.125484661592804,0.7311373456691725,0.7630856976870795,0.214482544741036,0.0422642777649905,0.0,0.0,0.0,서울특별시은평구,0.2288846728554478,0.0,0.0,0.0,0.07371402188641767,3
2017,서울특별시,종로구,0.0,0,-0.3440226983362492,0.4944529949088515,0.711348555417926,1.095966107943333,0.4894362399834653,0.4154654681719784,0.0,0.0,0.0,서울특별시종로구,0.41158392884134887,0.0,0.0,0.0,0.06922058886277753,3
2018,서울특별시,종로구,0.0,0,-0.3374797755134643,0.0847911984516939,0.6598233988354029,1.1221425042108462,0.3823193314961196,0.2898179757163586,0.0,0.0,0.0,서울특별시종로구,0.41158392884134887,0.0,0.0,0.0,0.08121995165817512,4
2019,서울특별시,종로구,0.0,0,-0.3374797755134643,-0.1048780248097556,0.6638779072792427,1.211769169571463,0.3583223191318714,0.2564704564160809,0.0,0.0,0.0,서울특별시종로구,0.41158392884134887,0.0,0.0,0.0,0.08415663951771131,4
2020,서울특별시,종로구,0.0,0,-0.3458331116858755,-0.0357736974842993,0.6912197662605586,1.244578250228582,0.3885478018297414,0.287657147019469,0.0,0.0,0.0,서울특별시종로구,0.41158392884134887,0.0,0.0,0.0,0.08047314254760028,4
2021,서울특별시,종로구,0.0,0,-0.3458331116858755,-0.1137687574494563,0.661977496328156,1.259807164227237,0.3655456978550153,0.2667350983639684,0.0,0.0,0.0,서울특별시종로구,0.41158392884134887,0.0,0.0,0.0,0.08326266160193983,4
2022,서울특별시,종로구,0.0,0,-0.3458331116858755,0.3839084051576065,0.7039822447798993,1.2816823626295486,0.5059349752202947,0.4399192187004265,0.0,0.0,0.0,서울특별시종로구,0.41158392884134887,0.0,0.0,0.0,0.06752493672786818,3
2023,서울특별시,종로구,0.0,0,-0.3458331116858755,-0.125484661592804,0.7311373456691725,1.3041049731012435,0.3909811363729342,0.2775957332741881,0.0,0.0,0.0,서울특별시종로구,0.41158392884134887,0.0,0.0,0.0,0.08018308550377119,4
2017,서울특별시,중구,0.0,0,-1.322986332917023,0.4944529949088515,0.711348555417926,-0.1275688407414273,-0.0611884058329182,-0.3187007262498663,0.0,0.0,0.0,서울특별시중구,-0.13340747662331098,0.0,0.0,0.0,0.05563901849567117,2
2018,서울특별시,중구,0.0,0,-1.3148887889384944,0.0847911984516939,0.6598233988354029,-0.0938432300701205,-0.1660293554303795,-0.4413136068523071,0.0,0.0,0.0,서울특별시중구,-0.13340747662331098,0.0,0.0,0.0,0.06522530712456011,3
2019,서울특별시,중구,0.0,0,-1.3148887889384944,-0.1048780248097556,0.6638779072792427,-0.0323574045559767,-0.197061577756246,-0.4840414061014089,0.0,0.0,0.0,서울특별시중구,-0.13340747662331098,0.0,0.0,0.0,0.06834551687348923,3
2020,서울특별시,중구,0.0,0,-1.2955639960937562,-0.0357736974842993,0.6912197662605586,0.0287196473514279,-0.1528495699915172,-0.4342060154088758,0.0,0.0,0.0,서울특별시중구,-0.13340747662331098,0.0,0.0,0.0,0.0639406130789719,3
2021,서울특별시,중구,0.0,0,-1.2955639960937562,-0.1137687574494563,0.661977496328156,0.0488369909767039,-0.1746295665595881,-0.4534985875221695,0.0,0.0,0.0,서울특별시중구,-0.13340747662331098,0.0,0.0,0.0,0.06607651355146234,3
2022,서울특별시,중구,0.0,0,-1.2955639960937562,0.3839084051576065,0.7039822447798993,0.0731168015390117,-0.0336391361543096,-0.279512929799046,0.0,0.0,0.0,서울특별시중구,-0.13340747662331098,0.0,0.0,0.0,0.05334897290308865,1
2023,서울특별시,중구,0.0,0,-1.2955639960937562,-0.125484661592804,0.7311373456691725,0.0960924134645141,-0.1484547246382183,-0.4416520814073487,0.0,0.0,0.0,서울특별시중구,-0.13340747662331098,0.0,0.0,0.0,0.06351749394285003,2
2017,서울특별시,중랑구,0.0,0,-0.9332302646212984,0.4944529949088515,0.711348555417926,0.6407160102784689,0.2283218239959869,0.0673129135220072,0.0,0.0,0.0,서울특별시중랑구,0.14889818555268514,0.0,0.0,0.0,0.06192545096811153,2
2018,서울특별시,중랑구,0.0,0,-0.92575166399056,0.0847911984516939,0.6598233988354029,0.6690783137233464,0.1219853117549707,-0.0572940506051732,0.0,0.0,0.0,서울특별시중랑구,0.14889818555268514,0.0,0.0,0.0,0.07267415208410574,3
2019,서울특별시,중랑구,0.0,0,-0.92575166399056,-0.1048780248097556,0.6638779072792427,0.7504391770399312,0.0959218488797145,-0.0933968372534614,0.0,0.0,0.0,서울특별시중랑구,0.14889818555268514,0.0,0.0,0.0,0.07555975474510239,3
2020,서울특별시,중랑구,0.0,0,-0.9298850433346564,-0.0357736974842993,0.6912197662605586,0.7721510865237251,0.1244280279913319,-0.0645025514317435,0.0,0.0,0.0,서울특별시중랑구,0.14889818555268514,0.0,0.0,0.0,0.07240897530720816,3
2021,서울특별시,중랑구,0.0,0,-0.9298850433346564,-0.1137687574494563,0.661977496328156,0.7888716553122468,0.1017988377140725,-0.0849273818239553,0.0,0.0,0.0,서울특별시중랑구,0.14889818555268514,0.0,0.0,0.0,0.07490003712849502,3
2022,서울특별시,중랑구,0.0,0,-0.9298850433346564,0.3839084051576065,0.7039822447798993,0.811480596760934,0.2423715508409458,0.0885013195279613,0.0,0.0,0.0,서울특별시중랑구,0.14889818555268514,0.0,0.0,0.0,0.060621546428947584,2
2023,서울특별시,중랑구,0.0,0,-0.9298850433346564,-0.125484661592804,0.7311373456691725,0.8340719500253826,0.1274598976917736,-0.0737659183006926,0.0,0.0,0.0,서울특별시중랑구,0.14889818555268514,0.0,0.0,0.0,0.07208108192848152,3
2017,울산광역시,남구,0.0746435429957658,1,-0.7568041548660664,-0.495400650670368,-0.4396225902754306,1.720840586375222,0.0072532976408392,0.1562119269462625,1.0,1.0,1.2974358246356397,울산광역시남구,0.04000471599390244,4.0,1.0,0.7739952127081454,0.994508846115035,8
2018,울산광역시,남구,0.0791807978744412,1,-0.7496057237461886,-0.0567608853268727,-0.5086616903825101,1.2265910963870486,-0.0221093007671306,0.1400748291046624,2.0,1.0,1.0388622842623356,울산광역시남구,0.04000471599390244,4.0,1.0,0.7739952127081454,0.9970863142372339,8
2019,울산광역시,남구,0.033144598592302,1,-0.7496057237461886,0.3745263019756535,-0.4800060158053205,1.295819632266598,0.1101835486726856,0.3069134034986876,3.0,1.0,0.9249332772554968,울산광역시남구,0.04000471599390244,4.0,1.0,0.7739952127081454,0.9972347608549053,8
2020,울산광역시,남구,0.0506931143155181,1,-0.7525077940601097,-0.0087143964789082,-0.4472545705260059,1.3281294418185616,0.0299131701883844,0.1889690837598479,4.0,1.0,0.7484872755931099,울산광역시남구,0.04000471599390244,4.0,1.0,0.7739952127081454,0.9983786881163859,8
2021,울산광역시,남구,0.0124225199985571,1,-0.7525077940601097,0.1727614937564518,-0.406618529177117,1.3469722034287095,0.0901518434869836,0.2557419677083505,5.0,1.0,0.604643781968542,울산광역시남구,0.04000471599390244,4.0,1.0,0.7739952127081454,0.9987184558641307,8
2022,울산광역시,남구,0.0065783153601225,1,-0.7525077940601097,-0.1280193131882734,-0.2484613377355166,1.3706250487595246,0.0604091509439062,0.1633659805037138,6.0,1.0,0.3911633233973047,울산광역시남구,0.04000471599390244,4.0,1.0,0.7739952127081454,0.9992499526439996,8
2023,울산광역시,남구,0.0775164424278283,1,-0.7525077940601097,-0.2376538518838354,-0.3863696210440059,1.393456474154546,0.0042313017916487,0.1344316094035336,7.0,1.0,0.4124407218445896,울산광역시남구,0.04000471599390244,4.0,1.0,0.7739952127081454,0.9992897761610035,8
2017,울산광역시,동구,1.5899084478255965,1,1.1353137094799617,-0.495400650670368,-0.621993973688346,1.1697472655509102,0.2969165876680394,0.6032201081201679,1.0,1.0,1.391580365549128,울산광역시동구,0.48093203933144874,4.0,1.0,0.8223960365340169,0.9955351869362279,8
2018,울산광역시,동구,1.2901963710745536,1,1.1395074054317833,-0.0567608853268727,-0.6411127036048163,1.1931539201901034,0.4086969341725494,0.758633480098338,2.0,1.0,0.8043307095205604,울산광역시동구,0.48093203933144874,4.0,1.0,0.8223960365340169,0.9985714119256387,8
2019,울산광역시,동구,0.8775499035577246,1,1.1395074054317833,0.3745263019756535,-0.5278652705133686,1.2926686753742995,0.569709278067092,0.9355674609272456,3.0,1.0,1.0169321299920044,울산광역시동구,0.48093203933144874,4.0,1.0,0.8223960365340169,0.9970603258183631,8
2020,울산광역시,동구,0.5497963056640627,1,1.180012323147671,-0.0087143964789082,-0.4723631596402093,1.3399741565750714,0.5097272309009061,0.8370906944146114,4.0,1.0,0.8970671369063957,울산광역시동구,0.48093203933144874,4.0,1.0,0.8223960365340169,0.9979796341479329,8
2021,울산광역시,동구,0.4015909465595638,1,1.180012323147671,0.1727614937564518,-0.4258954041778081,1.3534107318538642,0.5700722861450447,0.9020615162526624,5.0,1.0,0.6985326528362831,울산광역시동구,0.48093203933144874,4.0,1.0,0.8223960365340169,0.9985860200606465,8
2022,울산광역시,동구,0.2684992530350069,1,1.180012323147671,-0.1280193131882734,-0.3940202502121489,1.374404281176655,0.5080942602309758,0.8087990970453508,6.0,1.0,0.4358649804992477,울산광역시동구,0.48093203933144874,4.0,1.0,0.8223960365340169,0.9992959870775606,8
2023,울산광역시,동구,1.2939871678347057,1,1.180012323147671,-0.2376538518838354,-0.3257518128398213,1.3966241341181196,0.5033076981355333,0.7796608684606516,7.0,1.0,0.5124642804344992,울산광역시동구,0.48093203933144874,4.0,1.0,0.8223960365340169,0.9991806137376278,8
2017,울산광역시,북구,0.8043307095205604,1,0.7885208026626795,-0.495400650670368,-0.5720294883365333,1.1734273378023468,0.2236295003645312,0.4888491632648861,1.0,1.0,1.0520795745398928,울산광역시북구,0.36712603278521877,4.0,1.0,0.6139489706497707,0.9978553393622438,8
2018,울산광역시,북구,1.0169321299920044,1,0.7932652152811432,-0.0567608853268727,-0.645158768839685,1.1940367225368884,0.3213455709128685,0.6435136841637196,2.0,1.0,1.0062411190724163,울산광역시북구,0.36712603278521877,4.0,1.0,0.6139489706497707,0.9977594593613767,8
2019,울산광역시,북구,0.8970671369063957,1,0.7932652152811432,0.3745263019756535,-0.620677117044789,1.3034554126284053,0.4626424532101032,0.8237489766284006,3.0,1.0,0.7762927616466142,울산광역시북구,0.36712603278521877,4.0,1.0,0.6139489706497707,0.9983342429692228,8
2020,울산광역시,북구,0.6985326528362831,1,0.765241934126987,-0.0087143964789082,-0.5424483966460127,1.3356480499317631,0.3874317977334574,0.6973918625266141,4.0,1.0,0.5460383155217332,울산광역시북구,0.36712603278521877,4.0,1.0,0.6139489706497707,0.9991271298081084,8
2021,울산광역시,북구,0.4358649804992477,1,0.765241934126987,0.1727614937564518,-0.5272867828090759,1.3473753154554824,0.4395229901324613,0.761792914446307,5.0,1.0,0.4075296421570434,울산광역시북구,0.36712603278521877,4.0,1.0,0.6139489706497707,0.9993110088768228,8
2022,울산광역시,북구,0.5124642804344992,1,0.765241934126987,-0.1280193131882734,-0.4767328052856864,1.367528057538282,0.3820044682978273,0.6682502261589985,6.0,1.0,0.2717051179286401,울산광역시북구,0.36712603278521877,4.0,1.0,0.6139489706497707,0.9995415503019426,9
2023,울산광역시,북구,1.188544396168717,1,0.765241934126987,-0.2376538518838354,-0.5039208324267019,1.3895545455646796,0.3533054488452823,0.6390475426026104,7.0,1.0,0.2377562636820552,울산광역시북구,0.36712603278521877,4.0,1.0,0.6139489706497707,0.9995988578862541,9
2017,울산광역시,울주군,0.8992666408683598,1,0.8207984979308839,-0.495400650670368,-0.5362403004909208,1.251055574732959,0.2600532803756385,0.5254844739978249,1.0,1.0,0.719399551704011,울산광역시울주군,0.35593927274799997,4.0,1.0,0.38976588957146296,0.9989973782863234,8
2018,울산광역시,울주군,0.7156911449948399,1,0.825491652682201,-0.0567608853268727,-0.5296733419309168,1.192539854412442,0.3578993199592134,0.6537568739225902,2.0,1.0,0.537720687228635,울산광역시울주군,0.35593927274799997,4.0,1.0,0.38976588957146296,0.9992262278069204,8
2019,울산광역시,울주군,0.6239042778177846,1,0.825491652682201,0.3745263019756535,-0.5172743353611956,1.1303475191526828,0.4532727846123354,0.7767884912701791,3.0,1.0,0.4544457303297862,울산광역시울주군,0.35593927274799997,4.0,1.0,0.38976588957146296,0.9992591803991098,8
2020,울산광역시,울주군,0.5379542911542433,1,0.7612099133460959,-0.0087143964789082,-0.4446627659272814,1.1591308939183196,0.3667409112145564,0.6372088035951691,4.0,1.0,0.3415308488120729,울산광역시울주군,0.35593927274799997,4.0,1.0,0.38976588957146296,0.9995049081520418,9
2021,울산광역시,울주군,0.2356253288162656,1,0.7612099133460959,0.1727614937564518,-0.4344421114630278,1.177174835435455,0.4191760327687437,0.7037154141793343,5.0,1.0,0.2551072265196023,울산광역시울주군,0.35593927274799997,4.0,1.0,0.38976588957146296,0.9995608104590563,9
2022,울산광역시,울주군,0.2401973058800373,1,0.7612099133460959,-0.1280193131882734,-0.4540227814005344,1.142950423233209,0.3305295604976243,0.5920470077970105,6.0,1.0,0.1889660995126232,울산광역시울주군,0.35593927274799997,4.0,1.0,0.38976588957146296,0.9996753226899239,9
2023,울산광역시,울주군,0.8926535621080008,1,0.7612099133460959,-0.2376538518838354,-0.4736893116250372,1.1657453293943287,0.303903019807888,0.5631004636188631,7.0,1.0,0.2311910828935104,울산광역시울주군,0.35593927274799997,4.0,1.0,0.38976588957146296,0.9996621214967663,9
2017,울산광역시,중구,1.3310987256519409,1,0.8854381919482412,-0.495400650670368,-0.5959078497806475,1.6837066663841336,0.3694590894703398,0.691248069220669,1.0,1.0,0.9853316022091434,울산광역시중구,0.5078340631918817,4.0,1.0,0.5536448494634129,0.9982957017029241,8
2018,울산광역시,중구,1.013417442604878,1,0.8900286970890209,-0.0567608853268727,-0.5962089430704463,1.7074887103262686,0.4861368947544926,0.846918840696139,2.0,1.0,0.6541464432102128,울산광역시중구,0.5078340631918817,4.0,1.0,0.5536448494634129,0.9990285234358639,8
2019,울산광역시,중구,0.704383812485933,1,0.8900286970890209,0.3745263019756535,-0.5690143558831486,1.8062730564970924,0.6254534249196546,1.0236093518539222,3.0,1.0,0.6750850377415368,울산광역시중구,0.5078340631918817,4.0,1.0,0.5536448494634129,0.9987403171205331,8
2020,울산광역시,중구,0.5700751829699511,1,0.8038733374203426,-0.0087143964789082,-0.4775576435227123,1.829773183481976,0.5368436202251745,0.8749773748078035,4.0,1.0,0.5789140863985206,울산광역시중구,0.5078340631918817,4.0,1.0,0.5536448494634129,0.9991288752251595,8
2021,울산광역시,중구,0.4850153868661734,1,0.8038733374203426,0.1727614937564518,-0.5710920258521934,1.8434133647410356,0.5622390425164091,0.9400160653059432,5.0,1.0,0.4648026274536717,울산광역시중구,0.5078340631918817,4.0,1.0,0.5536448494634129,0.9993045014576154,8
2022,울산광역시,중구,0.4641113035408978,1,0.8038733374203426,-0.1280193131882734,-0.6222522852477838,1.8645070675800663,0.479527201641088,0.8467870306040451,6.0,1.0,0.2427893035610442,울산광역시중구,0.5078340631918817,4.0,1.0,0.5536448494634129,0.9996334199043425,9
2023,울산광역시,중구,1.1951943865143535,1,0.8038733374203426,-0.2376538518838354,-0.4722527636310483,1.8867499533585952,0.4951791688160135,0.8176564796317008,7.0,1.0,0.2744448456697604,울산광역시중구,0.5078340631918817,4.0,1.0,0.5536448494634129,0.9996011176313636,9
2017,인천광역시,강화군,0.0,0,-1.324535409379454,-0.8189137499906275,-0.2983914010914855,-1.1529836259530502,-0.8987060466036543,-1.098810928441044,0.0,0.0,0.0,인천광역시강화군,-0.8731613981433365,0.0,0.0,0.0,0.04732000271678913,1
2018,인천광역시,강화군,0.0,0,-1.316435405424931,-1.160444385307667,-0.255901699185152,-1.1158963188441802,-0.9621694521904826,-1.1975920365255928,0.0,0.0,0.0,인천광역시강화군,-0.8731613981433365,0.0,0.0,0.0,0.052156292106611775,1
2019,인천광역시,강화군,0.0,0,-1.316435405424931,-0.5777930366779035,-0.1541611930550937,-1.2100638483159392,-0.8146133708684669,-1.034764096806258,0.0,0.0,0.0,인천광역시강화군,-0.8731613981433365,0.0,0.0,0.0,0.041565392421554714,1
2020,인천광역시,강화군,0.0,0,-1.299216035858647,-0.7828816028699038,-0.3148093123140221,-1.1657824596645965,-0.8906723526767923,-1.0826266994643825,0.0,0.0,0.0,인천광역시강화군,-0.8731613981433365,0.0,0.0,0.0,0.04673904889720617,1
2021,인천광역시,강화군,0.0,0,-1.299216035858647,-0.6305482472715761,-0.3907913303166606,-1.1998624979067405,-0.8801045278384061,-1.0432089270123213,0.0,0.0,0.0,인천광역시강화군,-0.8731613981433365,0.0,0.0,0.0,0.04598516461317443,1
2022,인천광역시,강화군,0.0,0,-1.299216035858647,-0.2048319523971018,-0.2812093523804297,-1.2250380063142423,-0.7525738367376053,-0.9096953315233304,0.0,0.0,0.0,인천광역시강화군,-0.8731613981433365,0.0,0.0,0.0,0.03775551089716376,1
2023,인천광역시,강화군,0.0,0,-1.299216035858647,-0.9204708869182996,-0.2319118184062159,-1.2015620591686278,-0.9132902000879476,-1.1404163273151915,0.0,0.0,0.0,인천광역시강화군,-0.8731613981433365,0.0,0.0,0.0,0.048392226638579484,1
2017,인천광역시,계양구,0.0,0,-1.2877580158156168,-0.7009918168634263,-0.4721263941292307,-0.4829153646826787,-0.7359478978727381,-0.8238883991205738,0.0,0.0,0.0,인천광역시계양구,-0.7301848027404214,0.0,0.0,0.0,0.048763558232742546,1
2018,인천광역시,계양구,0.0,0,-1.2797164153727951,-1.1976317497393492,-0.3514451802955494,-0.4535272974461254,-0.8205801607134547,-0.9769584875194232,0.0,0.0,0.0,인천광역시계양구,-0.7301848027404214,0.0,0.0,0.0,0.05550269432022777,2
2019,인천광역시,계양구,0.0,0,-1.2797164153727951,-0.8789727464630025,-0.314319368132586,-0.377104255539141,-0.7125281963768813,-0.845264472458313,0.0,0.0,0.0,인천광역시계양구,-0.7301848027404214,0.0,0.0,0.0,0.047040289763796254,1
2020,인천광역시,계양구,0.0,0,-1.278559845627746,-1.155827095038427,-0.3635074202382899,-0.4196984282054189,-0.8043981972774705,-0.951361789623864,0.0,0.0,0.0,인천광역시계양구,-0.7301848027404214,0.0,0.0,0.0,0.05414971307955086,1
2021,인천광역시,계양구,0.0,0,-1.278559845627746,-0.7911397055806555,-0.468056187279226,-0.4019261938695952,-0.7349204830893057,-0.8238752483593322,0.0,0.0,0.0,인천광역시계양구,-0.7301848027404214,0.0,0.0,0.0,0.0486867184064955,1
2022,인천광역시,계양구,0.0,0,-1.278559845627746,-0.3217443821765609,-0.380638524098645,-0.3787999395093095,-0.5899356728530654,-0.6597013891045388,0.0,0.0,0.0,인천광역시계양구,-0.7301848027404214,0.0,0.0,0.0,0.03892645166267382,1
2023,인천광역시,계양구,0.0,0,-1.278559845627746,-0.8890609250785889,-0.3282216562519386,-0.3560896170418658,-0.7129830110000349,-0.841236795916067,0.0,0.0,0.0,인천광역시계양구,-0.7301848027404214,0.0,0.0,0.0,0.04707319801962113,1
2017,인천광역시,남동구,0.0,0,-1.2772095427619203,-0.7009918168634263,-0.4138883943090018,0.5773729331347369,-0.4536792051999029,-0.4669428088302032,0.0,0.0,0.0,인천광역시남동구,-0.4255274707515278,0.0,0.0,0.0,0.05735773843056431,2
2018,인천광역시,남동구,0.0,0,-1.2691846935842028,-1.1976317497393492,-0.254973449680847,0.6063839434845392,-0.5288514873799649,-0.6201441666130042,0.0,0.0,0.0,인천광역시남동구,-0.4255274707515278,0.0,0.0,0.0,0.06427895674982476,3
2019,인천광역시,남동구,0.0,0,-1.2691846935842028,-0.8789727464630025,-0.2825897577302442,0.6853752924769402,-0.4363429763251273,-0.4875940491900883,0.0,0.0,0.0,인천광역시남동구,-0.4255274707515278,0.0,0.0,0.0,0.05586390304968151,2
2020,인천광역시,남동구,0.0,0,-1.2482352495452844,-1.155827095038427,-0.2626428424918932,0.7458536407349293,-0.4802128865851688,-0.5527362346162606,0.0,0.0,0.0,인천광역시남동구,-0.4255274707515278,0.0,0.0,0.0,0.05971691077647487,2
2021,인천광역시,남동구,0.0,0,-1.2482352495452844,-0.7911397055806555,-0.3263001181114999,0.7628799148215917,-0.400698789603962,-0.425498346768116,0.0,0.0,0.0,인천광역시남동구,-0.4255274707515278,0.0,0.0,0.0,0.0529068086259908,1
2022,인천광역시,남동구,0.0,0,-1.2482352495452844,-0.3217443821765609,-0.3264953102900956,0.785639232307868,-0.2777089274260182,-0.261446799804659,0.0,0.0,0.0,인천광역시남동구,-0.4255274707515278,0.0,0.0,0.0,0.04380075099563636,1
2023,인천광역시,남동구,0.0,0,-1.2482352495452844,-0.8890609250785889,-0.2757610846881878,0.8082651683498587,-0.4011980227405505,-0.4430103354246715,0.0,0.0,0.0,인천광역시남동구,-0.4255274707515278,0.0,0.0,0.0,0.05294718670447659,1
2018,인천광역시,미추홀구,0.0,0,-1.295266749841866,-1.1976317497393492,0.6598233988354029,0.0391073165942252,-0.4484919460378967,-0.8179303943289966,0.0,0.0,0.0,인천광역시미추홀구,-0.3467278461761955,0.0,0.0,0.0,0.06625990531761616,3
2019,인천광역시,미추홀구,0.0,0,-1.295266749841866,-0.8789727464630025,0.6638779072792427,0.0937870757370938,-0.354143628322133,-0.6934841401892582,0.0,0.0,0.0,인천광역시미추홀구,-0.3467278461761955,0.0,0.0,0.0,0.057440545352555314,2
2020,인천광역시,미추홀구,0.0,0,-1.2827290817755264,-1.155827095038427,0.6912197662605586,0.1124529860154901,-0.4087208561344762,-0.7753677302661544,0.0,0.0,0.0,인천광역시미추홀구,-0.3467278461761955,0.0,0.0,0.0,0.06239838939490202,2
2021,인천광역시,미추홀구,0.0,0,-1.2827290817755264,-0.7911397055806555,0.661977496328156,0.1339004267828052,-0.3194977160613052,-0.6466561201911256,0.0,0.0,0.0,인천광역시미추홀구,-0.3467278461761955,0.0,0.0,0.0,0.054487727312334436,1
2022,인천광역시,미추홀구,0.0,0,-1.2827290817755264,-0.3217443821765609,0.7039822447798993,0.1588345103951546,-0.1854141771942583,-0.4818796511856442,0.0,0.0,0.0,인천광역시미추홀구,-0.3467278461761955,0.0,0.0,0.0,0.0443575275739584,1
2023,인천광역시,미추홀구,0.0,0,-1.2827290817755264,-0.8890609250785889,0.7311373456691725,-0.0157423520434713,-0.3640987533071035,-0.7291774529658621,0.0,0.0,0.0,인천광역시미추홀구,-0.3467278461761955,0.0,0.0,0.0,0.058316425198376945,2
2017,인천광역시,부평구,0.0,0,-1.2703914987402003,-0.7009918168634263,0.711348555417926,0.3913569699734033,-0.2171694475530743,-0.5266754485434078,0.0,0.0,0.0,인천광역시부평구,-0.2947858786649528,0.0,0.0,0.0,0.051564098316508135,1
2018,인천광역시,부평구,0.0,0,-1.262377476803764,-1.1976317497393492,0.6598233988354029,0.4214196193123875,-0.3446915520988307,-0.6795298690769086,0.0,0.0,0.0,인천광역시부평구,-0.2947858786649528,0.0,0.0,0.0,0.06260699137514399,2
2019,인천광역시,부평구,0.0,0,-1.262377476803764,-0.8789727464630025,-0.3312443592794912,0.4964727030017321,-0.4940304698861314,-0.5482925067550114,0.0,0.0,0.0,인천광역시부평구,-0.2947858786649528,0.0,0.0,0.0,0.07832972720961465,4
2020,인천광역시,부평구,0.0,0,-1.2432638312526147,-1.155827095038427,-0.3135345632032752,0.5486635056130619,-0.5409904959703138,-0.6168091402259933,0.0,0.0,0.0,인천광역시부평구,-0.2947858786649528,0.0,0.0,0.0,0.08397779765883684,4
2021,인천광역시,부평구,0.0,0,-1.2432638312526147,-0.7911397055806555,0.661977496328156,0.5664095320287063,-0.201504127119102,-0.4893313349348547,0.0,0.0,0.0,인천광역시부평구,-0.2947858786649528,0.0,0.0,0.0,0.05034185309705408,1
2022,인천광역시,부평구,0.0,0,-1.2432638312526147,-0.3217443821765609,0.7039822447798993,0.5895228947472245,-0.0678757684755129,-0.3251617728939837,0.0,0.0,0.0,인천광역시부평구,-0.2947858786649528,0.0,0.0,0.0,0.040977913640994464,1
2023,인천광역시,부평구,0.0,0,-1.2432638312526147,-0.8890609250785889,0.7311373456691725,0.6122302524552122,-0.1972392895517047,-0.5066981679586638,0.0,0.0,0.0,인천광역시부평구,-0.2947858786649528,0.0,0.0,0.0,0.05001388087970961,1
2017,인천광역시,서구,0.0,0,-1.3041234290547683,-0.7009918168634263,-0.3674548426669828,-0.6540391392770639,-0.7566523069655604,-0.8863847950650863,0.0,0.0,0.0,인천광역시서구,-0.7179708399764918,0.0,0.0,0.0,0.051551765427111255,1
2018,인천광역시,서구,0.0,0,-1.2960558398859665,-1.1976317497393492,-0.3872633270253601,-0.6265851219869918,-0.8768840096594168,-1.0400909038707689,0.0,0.0,0.0,인천광역시서구,-0.7179708399764918,0.0,0.0,0.0,0.061905521925051846,2
2019,인천광역시,서구,0.0,0,-1.2960558398859665,-0.8789727464630025,0.6638779072792427,-0.5435165399828633,-0.5136668047631473,-0.9061817087772772,0.0,0.0,0.0,인천광역시서구,-0.7179708399764918,0.0,0.0,0.0,0.03542365324375914,1
2020,인천광역시,서구,0.0,0,-1.3130747879144329,-1.155827095038427,-0.3167357300409434,-0.7630127101499111,-0.8871625807859287,-1.0773048643675904,0.0,0.0,0.0,인천광역시서구,-0.7179708399764918,0.0,0.0,0.0,0.06287569058622694,2
2021,인천광역시,서구,0.0,0,-1.3130747879144329,-0.7911397055806555,0.661977496328156,-0.7459019505298448,-0.5470347369241942,-0.9500388146749776,0.0,0.0,0.0,인천광역시서구,-0.7179708399764918,0.0,0.0,0.0,0.037310056092340706,1
2022,인천광역시,서구,0.0,0,-1.3130747879144329,-0.3217443821765609,-0.2832322746852146,-0.7231010747198359,-0.660288129874011,-0.7859734149369432,0.0,0.0,0.0,인천광역시서구,-0.7179708399764918,0.0,0.0,0.0,0.044458209745603036,1
2023,인천광역시,서구,0.0,0,-1.3130747879144329,-0.8890609250785889,-0.2338279491707178,-0.700465581288997,-0.7841073108631842,-0.967533764760673,0.0,0.0,0.0,인천광역시서구,-0.7179708399764918,0.0,0.0,0.0,0.05376130824906353,1
2017,인천광역시,연수구,0.0,0,-1.3042814980815471,-0.7009918168634263,-0.3541569634125621,0.4539391893291182,-0.4763727722571044,-0.517111375205285,0.0,0.0,0.0,인천광역시연수구,-0.5036788439817125,0.0,0.0,0.0,0.05100093090307213,1
2018,인천광역시,연수구,0.0,0,-1.2962136578947865,-1.1976317497393492,-0.3386539978157403,0.4878235342326135,-0.5861689678043156,-0.6686739578005074,0.0,0.0,0.0,인천광역시연수구,-0.5036788439817125,0.0,0.0,0.0,0.06029013739097765,2
2019,인천광역시,연수구,0.0,0,-1.2962136578947865,-0.8789727464630025,-0.4117019398485989,0.5494243101109759,-0.5093660085238529,-0.5419206980822711,0.0,0.0,0.0,인천광역시연수구,-0.5036788439817125,0.0,0.0,0.0,0.05364000936084119,1
2020,인천광역시,연수구,0.0,0,-1.2933263301106437,-1.155827095038427,-0.4174553937244195,0.5045037638195826,-0.5905262637634769,-0.648216553776496,0.0,0.0,0.0,인천광역시연수구,-0.5036788439817125,0.0,0.0,0.0,0.0606896969811925,2
2021,인천광역시,연수구,0.0,0,-1.2933263301106437,-0.7911397055806555,-0.5321697978721245,0.5249157364356063,-0.5229300242819543,-0.5198500997518977,0.0,0.0,0.0,인천광역시연수구,-0.5036788439817125,0.0,0.0,0.0,0.0547619272553031,1
2022,인천광역시,연수구,0.0,0,-1.2933263301106437,-0.3217443821765609,-0.3689180135039718,0.5493404746143373,-0.3586620627942097,-0.3552434125576224,0.0,0.0,0.0,인천광역시연수구,-0.5036788439817125,0.0,0.0,0.0,0.04255399193776952,1
2023,인천광역시,연수구,0.0,0,-1.2933263301106437,-0.8890609250785889,-0.3168653949140354,0.5723494163149745,-0.4817258084470734,-0.5366792796247527,0.0,0.0,0.0,인천광역시연수구,-0.5036788439817125,0.0,0.0,0.0,0.05142060334362999,1
2020,인천광역시,옹진군,0.0,0,1.7131151335677557,-0.7828816028699038,0.6912197662605586,0.4831604827858372,0.5261534449360619,0.4711313378278963,0.0,0.0,0.0,인천광역시옹진군,0.570582068987116,0.0,0.0,0.0,0.08860250787365595,4
2021,인천광역시,옹진군,0.0,0,1.7131151335677557,-0.6305482472715761,0.661977496328156,0.4941830011853494,0.5596818459524212,0.5255832958271763,0.0,0.0,0.0,인천광역시옹진군,0.570582068987116,0.0,0.0,0.0,0.0843299813031421,4
2022,인천광역시,옹진군,0.0,0,1.7131151335677557,-0.2048319523971018,0.7039822447798993,0.5139890790765727,0.6815636262567815,0.6740907534157422,0.0,0.0,0.0,인천광역시옹진군,0.570582068987116,0.0,0.0,0.0,0.07033331367928658,3
2023,인천광역시,옹진군,0.0,0,1.7131151335677557,-0.9204708869182996,0.7311373456691725,0.5359358428941708,0.5149293588031998,0.4428600298478756,0.0,0.0,0.0,인천광역시옹진군,0.570582068987116,0.0,0.0,0.0,0.09007591346810713,4
2017,인천광역시,중구,0.0,0,-0.6818688982378586,-0.7009918168634263,-0.0794842851761767,1.0875795740825036,-0.0936913565487395,-0.0984270470062604,0.0,0.0,0.0,인천광역시중구,-0.1124926668629337,0.0,0.0,0.0,0.06087391257575194,2
2018,인천광역시,중구,0.0,0,-0.6747894663648886,-1.1976317497393492,0.6598233988354029,1.1107042081747114,-0.0254734022735309,-0.2539056693098421,0.0,0.0,0.0,인천광역시중구,-0.1124926668629337,0.0,0.0,0.0,0.05487714899445592,1
2019,인천광역시,중구,0.0,0,-0.6747894663648886,-0.8789727464630025,0.6638779072792427,0.8676274746240605,-0.0055642077311469,-0.2287115794012768,0.0,0.0,0.0,인천광역시중구,-0.1124926668629337,0.0,0.0,0.0,0.05323462360144876,1
2020,인천광역시,중구,0.0,0,-0.7077122542849728,-1.155827095038427,-0.0535532237803886,0.8775296330672184,-0.2598907350091425,-0.3286699054187271,0.0,0.0,0.0,인천광역시중구,-0.1124926668629337,0.0,0.0,0.0,0.07813400064227655,4
2021,인천광역시,중구,0.0,0,-0.7077122542849728,-0.7911397055806555,-0.1522092582146443,0.893719119880251,-0.1893355245500054,-0.2017109466617924,0.0,0.0,0.0,인천광역시중구,-0.1124926668629337,0.0,0.0,0.0,0.07031774405437542,3
2022,인천광역시,중구,0.0,0,-0.7077122542849728,-0.3217443821765609,-0.0624700826647218,0.9160668227975984,-0.0439649740821642,-0.037796604554645,0.0,0.0,0.0,인천광역시중구,-0.1124926668629337,0.0,0.0,0.0,0.05644537661745509,2
2023,인천광역시,중구,0.0,0,-0.7077122542849728,-0.8890609250785889,-0.0199387896665624,0.9385980976468976,-0.1695284678458065,-0.2193916939055546,0.0,0.0,0.0,인천광역시중구,-0.1124926668629337,0.0,0.0,0.0,0.06825691892979936,3
2017,전라남도,강진군,0.0,0,-0.328795382089904,-0.4858997109997824,0.711348555417926,-0.5012185753728104,-0.1511412782611427,-0.438637889487499,0.0,0.0,0.0,전라남도강진군,0.0014071496393201408,0.0,0.0,0.0,0.082482162584123,4
2018,전라남도,강진군,0.0,0,-0.3222766406637978,0.2300576885335098,0.6598233988354029,-0.5741174291412849,-0.0016282456090425,-0.2221121270905243,0.0,0.0,0.0,전라남도강진군,0.0014071496393201408,0.0,0.0,0.0,0.06596828930869686,3
2019,전라남도,강진군,0.0,0,-0.3222766406637978,0.2334304723151276,0.6638779072792427,-0.6044567801881469,-0.0073562603143935,-0.2311009828456056,0.0,0.0,0.0,전라남도강진군,0.0014071496393201408,0.0,0.0,0.0,0.06654006421194983,3
2020,전라남도,강진군,0.0,0,-0.2961611488720689,0.0028947762333409,0.6912197662605586,-0.5972165013923599,-0.0498157769426323,-0.2968276246770293,0.0,0.0,0.0,전라남도강진군,0.0014071496393201408,0.0,0.0,0.0,0.07092388592695083,3
2021,전라남도,강진군,0.0,0,-0.2961611488720689,0.6472230823578888,0.661977496328156,-0.5757397397221216,0.1093249225229635,-0.0748926020787672,0.0,0.0,0.0,전라남도강진군,0.0014071496393201408,0.0,0.0,0.0,0.05575785478662035,2
2022,전라남도,강진군,0.0,0,-0.2961611488720689,0.1654757260036407,0.7039822447798993,-0.5507912331958517,0.0056263971789048,-0.22715888535476,0.0,0.0,0.0,전라남도강진군,0.0014071496393201408,0.0,0.0,0.0,0.06525067914726747,3
2023,전라남도,강진군,0.0,0,-0.2961611488720689,0.5481815063859786,0.7311373456691725,-0.5637965475807475,0.1048402889005837,-0.1039253966889459,0.0,0.0,0.0,전라남도강진군,0.0014071496393201408,0.0,0.0,0.0,0.056140058048508,2
2017,전라남도,고흥군,0.0001999800026662,1,0.4798646830395313,0.4114767855588739,-0.0868109120410642,0.6678509400230486,0.3680953741450974,0.519730802873818,1.0,0.0,0.0003999200213269,전라남도고흥군,0.35944751655715146,0.7142857142857143,0.0,0.00017140571914156072,0.1916901773282523,5
2018,전라남도,고흥군,0.0,0,0.4850992500584915,0.2314709892415355,-0.0855682122453966,0.6896025155753119,0.3301511356574855,0.4687242516251129,2.0,0.0,0.0001999800026662,전라남도고흥군,0.35944751655715146,0.7142857142857143,0.0,0.00017140571914156072,0.20327896713031599,5
2019,전라남도,고흥군,0.0,0,0.4850992500584915,0.6634083980461519,-0.050000429768742,0.5934595122314741,0.4229916826418439,0.5806557201120391,0.0,0.0,9.999500033330834e-05,전라남도고흥군,0.35944751655715146,0.7142857142857143,0.0,0.00017140571914156072,0.17676197360532686,5
2020,전라남도,고흥군,0.0,0,0.5162488183646216,-0.0185089795051155,0.3399529049099772,0.6382920865524337,0.3689962075804792,0.3786773084706465,1.0,0.0,0.0002999550089979,전라남도고흥군,0.35944751655715146,0.7142857142857143,0.0,0.00017140571914156072,0.19149962241951476,5
2021,전라남도,고흥군,0.0,0,0.5162488183646216,0.383252076568858,0.661977496328156,0.6524379557389525,0.553479086750147,0.517312950224144,0.0,0.0,9.999500033330834e-05,전라남도고흥군,0.35944751655715146,0.7142857142857143,0.0,0.00017140571914156072,0.14817477825838046,5
2022,전라남도,고흥군,9.999500033330834e-05,1,0.5162488183646216,-0.1900368547541787,-0.0990172972369503,0.6737804058102046,0.2252437680459242,0.3333307898068824,0.0,0.0,0.0,전라남도고흥군,0.35944751655715146,0.7142857142857143,0.0,0.00017140571914156072,0.22808738722480795,5
2023,전라남도,고흥군,9.999500033330834e-05,1,0.5162488183646216,0.0843710636583069,-0.0589226861718389,0.4470042484652428,0.247175361079083,0.3492080434960571,1.0,0.0,9.999500033330834e-05,전라남도고흥군,0.35944751655715146,0.7142857142857143,0.0,0.00017140571914156072,0.22386468112444827,5
2017,전라남도,곡성군,0.0,0,1.255477783637106,0.038857143028452,0.711348555417926,-0.2419486377083294,0.4409337110937887,0.3507954296524096,1.0,0.0,0.0318861888623217,전라남도곡성군,0.42174637352017524,1.0,0.0,0.012222432162204257,0.2535323102071624,6
2018,전라남도,곡성군,0.0,0,1.2594806557367986,0.3792624998877918,0.6598233988354029,-0.3055237972199675,0.4982606893100064,0.444406452801541,2.0,0.0,0.00329456694943,전라남도곡성군,0.42174637352017524,1.0,0.0,0.012222432162204257,0.2502949255389026,6
2019,전라남도,곡성군,0.0,0,1.2594806557367986,0.2522243481100415,0.6638779072792427,-0.3596096182940989,0.4539933232079959,0.384031795184247,3.0,0.0,0.004987541511039,전라남도곡성군,0.42174637352017524,1.0,0.0,0.012222432162204257,0.26543178346677176,6
2020,전라남도,곡성군,0.0,0,1.311654635135302,0.6765845455651229,0.6912197662605586,-0.3104592615847971,0.5922499213440466,0.5592599730385426,0.0,0.0,0.004489905272852,전라남도곡성군,0.42174637352017524,1.0,0.0,0.012222432162204257,0.2185216738034618,5
2021,전라남도,곡성군,0.0,0,1.311654635135302,0.2480136694696423,-0.0402313352835525,-0.2900305858104227,0.3073515958777422,0.4232125729315072,0.0,0.0,0.0083649163316277,전라남도곡성군,0.42174637352017524,1.0,0.0,0.012222432162204257,0.3050722281724812,6
2022,전라남도,곡성군,0.0,0,1.311654635135302,-0.151347084596318,0.134829749926903,-0.2655976313698757,0.2573849172740028,0.298236639723036,1.0,0.0,0.0160701801774944,전라남도곡성군,0.42174637352017524,1.0,0.0,0.012222432162204257,0.3211754250591914,6
2023,전라남도,곡성군,0.0,0,1.311654635135302,0.5545159288085407,0.1071578335582174,-0.3651265713674849,0.4020504565336438,0.5003479975254526,0.0,0.0,0.016463726030665,전라남도곡성군,0.42174637352017524,1.0,0.0,0.012222432162204257,0.27009372109091806,6
2017,전라남도,광양시,0.0206845911928326,1,-0.0243017468385939,0.1535620170818921,-0.2490723189147873,0.6192779877917561,0.1248664847800667,0.2495127526783514,1.0,1.0,0.2150307312036593,전라남도광양시,0.18959619959306728,4.0,1.0,0.08676952409405056,0.9996784373360301,9
2018,전라남도,광양시,0.0382587121170903,1,-0.0182665496734077,0.8347387111682073,-0.3307483660248591,0.6383774052181668,0.2810253001720267,0.4849498555709887,2.0,1.0,0.0285874568519125,전라남도광양시,0.18959619959306728,4.0,1.0,0.08676952409405056,0.9997302840364988,10
2019,전라남도,광양시,0.0439211870579281,1,-0.0182665496734077,0.9584599401201432,-0.4151977971584062,0.4090011018938047,0.2334991737955335,0.4497314974468467,3.0,1.0,0.0428679002271758,전라남도광양시,0.18959619959306728,4.0,1.0,0.08676952409405056,0.9997450360633021,10
2020,전라남도,광양시,0.0722276339968807,1,0.0114545936365528,0.7755278830454454,-0.3722311312675355,0.4536817100922727,0.2171082638766838,0.413554728924757,4.0,1.0,0.0381624610943489,전라남도광양시,0.18959619959306728,4.0,1.0,0.08676952409405056,0.9997570854249165,10
2021,전라남도,광양시,0.0825012215117436,1,0.0114545936365528,0.8064195247917857,-0.4293598013029306,0.4673396287850337,0.2139634864776103,0.4284045824044574,5.0,1.0,0.062880898039201,전라남도광양시,0.18959619959306728,4.0,1.0,0.08676952409405056,0.9997475128590181,10
2022,전라남도,광양시,0.0644760191843648,1,0.0114545936365528,0.3140675568351972,-0.4253691364767618,0.2905537489089166,0.0476766907259762,0.2053586331268888,6.0,1.0,0.1082264050708711,전라남도광양시,0.18959619959306728,4.0,1.0,0.08676952409405056,0.999788782170276,10
2023,전라남도,광양시,0.134793096341532,1,0.0114545936365528,0.9997388413467164,-0.347768984646188,0.1727115389572133,0.2090339973235737,0.3946349913134943,7.0,1.0,0.1116308161711853,전라남도광양시,0.18959619959306728,4.0,1.0,0.08676952409405056,0.9997270413449415,10
2017,전라남도,구례군,0.0,0,0.6788314360134019,-0.132686872870381,0.711348555417926,-0.1756285080516021,0.2704661526273361,0.1235053516971395,1.0,0.0,0.1357539209776198,전라남도구례군,0.33302916306394476,1.5714285714285714,0.0,0.05604202163255569,0.40361992035405203,6
2018,전라남도,구례군,0.0,0,0.6837500383606047,0.1616614863289443,0.6598233988354029,-0.1471305874401025,0.3395260840212123,0.2327603124164821,0.0,0.0,0.0223484036637618,전라남도구례군,0.33302916306394476,1.5714285714285714,0.0,0.05604202163255569,0.4353537602151308,6
2019,전라남도,구례군,0.0006997551142733,1,0.6837500383606047,0.3394521815616105,0.6638779072792427,-0.1575504090083407,0.3823824295482793,0.2885506036379581,0.0,0.0,0.0389322100017874,전라남도구례군,0.33302916306394476,1.5714285714285714,0.0,0.05604202163255569,0.409452997356847,6
2020,전라남도,구례군,0.0010993954433009,1,0.7251328268825197,0.6081600731126463,0.6912197662605586,-0.1105525476158107,0.4784900296599785,0.4075801174597851,1.0,0.0,0.0324671901375014,전라남도구례군,0.33302916306394476,1.5714285714285714,0.0,0.05604202163255569,0.37862351792080173,6
2021,전라남도,구례군,0.0009995003330835,1,0.7251328268825197,-0.1198282385798311,0.661977496328156,-0.1684626948883113,0.2747048474356333,0.1456139644714591,2.0,0.0,0.0509782447646294,전라남도구례군,0.33302916306394476,1.5714285714285714,0.0,0.05604202163255569,0.45104496705342617,6
2022,전라남도,구례군,0.0016985566355814,1,0.7251328268825197,-0.2941164512822212,0.7039822447798993,-0.2102703460147638,0.2311820685913584,0.0735820098618448,3.0,0.0,0.0569472804417501,전라남도구례군,0.33302916306394476,1.5714285714285714,0.0,0.05604202163255569,0.4680223334885973,6
2023,전라남도,구례군,0.0021975835434872,1,0.7251328268825197,0.257788327045977,0.7311373456691725,-0.2962483813424069,0.3544525295638156,0.2288909241953633,4.0,0.0,0.05486690144084,전라남도구례군,0.33302916306394476,1.5714285714285714,0.0,0.05604202163255569,0.4229014794535251,6
2017,전라남도,나주시,0.1656839156409313,1,-0.3998948303349495,0.5925760009999507,0.711348555417926,-0.7457015855531907,0.0395820351324341,-0.1843401382960631,1.0,0.0,0.0055843782939006,전라남도나주시,0.046156015978485274,0.5714285714285714,0.0,0.0020236108822987427,0.14453182482250654,5
2018,전라남도,나주시,0.0,0,-0.3932631810310641,0.74556823316212,0.6598233988354029,-0.7453490399477856,0.0666948527546683,-0.1310146626055765,2.0,0.0,0.0001999800026662,전라남도나주시,0.046156015978485274,0.5714285714285714,0.0,0.0020236108822987427,0.14204547428642472,5
2019,전라남도,나주시,0.0,0,-0.3932631810310641,0.4848473286147763,0.6638779072792427,-0.7263298441359127,0.0072830526817605,-0.2115818988507335,0.0,0.0,0.0,전라남도나주시,0.046156015978485274,0.5714285714285714,0.0,0.0020236108822987427,0.1512243695590946,5
2020,전라남도,나주시,0.0,0,-0.3687269678998885,1.0365143211359182,0.6912197662605586,-0.7416497983062456,0.1543393302975856,-0.0246208150234052,0.0,0.0,0.0,전라남도나주시,0.046156015978485274,0.5714285714285714,0.0,0.0020236108822987427,0.12321700769226877,5
2021,전라남도,나주시,0.0,0,-0.3687269678998885,0.7700895777662374,0.661977496328156,-0.7192456578208404,0.0860236120934161,-0.1059610159848305,0.0,0.0,0.000499875041651,전라남도나주시,0.046156015978485274,0.5714285714285714,0.0,0.0020236108822987427,0.13549783186594583,5
2022,전라남도,나주시,9.999500033330834e-05,1,-0.3687269678998885,0.3771291856659624,0.7039822447798993,-0.7217372884102073,-0.0023382064660585,-0.2377783568813778,0.0,0.0,0.0020977980821461,전라남도나주시,0.046156015978485274,0.5714285714285714,0.0,0.0020236108822987427,0.15262093616355069,5
2023,전라남도,나주시,0.0318861888623217,1,-0.3687269678998885,1.213446591423723,-0.2088397218226485,-0.7498501602788226,-0.0284925646444092,0.0316231544150038,1.0,0.0,0.0057832447557273,전라남도나주시,0.046156015978485274,0.5714285714285714,0.0,0.0020236108822987427,0.15859067523827006,5
2017,전라남도,담양군,0.0,0,0.2086498468926903,0.038857143028452,0.711348555417926,0.287857716308097,0.3116783154117913,0.1784549020764131,1.0,0.0,0.0039920212695374,전라남도담양군,0.32404732199316877,1.5714285714285714,0.0,0.0016690745768068286,0.46088272608423436,6
2018,전라남도,담양군,0.0,0,0.2143151105250196,0.3792624998877918,0.6598233988354029,0.311070906747681,0.3911179789989739,0.3015495057201642,0.0,0.0,0.0003999200213269,전라남도담양군,0.32404732199316877,1.5714285714285714,0.0,0.0016690745768068286,0.42839185144979874,6
2019,전라남도,담양군,0.0014988761237358,1,0.2143151105250196,0.2522243481100415,0.6638779072792427,-0.0438302431587769,0.2716467806888817,0.140903071825428,0.0,0.0,0.0021975835434872,전라남도담양군,0.32404732199316877,1.5714285714285714,0.0,0.0016690745768068286,0.4751061821246197,6
2020,전라남도,담양군,0.0002999550089979,1,0.2357700534153487,0.6765845455651229,0.6912197662605586,-0.000895461380188,0.4006697259652105,0.3038197125334279,1.0,0.0,0.0007996801705643,전라남도담양군,0.32404732199316877,1.5714285714285714,0.0,0.0016690745768068286,0.4272079155873677,6
2021,전라남도,담양군,9.999500033330834e-05,1,0.2357700534153487,0.2480136694696423,0.661977496328156,0.0163131548937887,0.2905185935267339,0.1666989592595932,2.0,0.0,0.000499875041651,전라남도담양군,0.32404732199316877,1.5714285714285714,0.0,0.0016690745768068286,0.4741779746301076,6
2022,전라남도,담양군,0.0002999550089979,1,0.2357700534153487,-0.151347084596318,0.7039822447798993,0.0391621662642746,0.2068918449658011,0.0411950450277684,3.0,0.0,0.000499875041651,전라남도담양군,0.32404732199316877,1.5714285714285714,0.0,0.0016690745768068286,0.5107543295187191,6
2023,전라남도,담양군,0.000899595242836,1,0.2357700534153487,0.5545159288085407,0.7311373456691725,0.0618087296860943,0.3958080143947891,0.2840315706366612,4.0,0.0,0.00329456694943,전라남도담양군,0.32404732199316877,1.5714285714285714,0.0,0.0016690745768068286,0.43620607508759796,6
2017,전라남도,목포시,0.0108410231778748,1,-0.4405501840224232,-1.069703086517636,0.711348555417926,-0.6126716871451471,-0.3528941005668201,-0.7076416525617355,1.0,0.0,9.999500033330834e-05,전라남도목포시,-0.2740428885210184,0.42857142857142855,0.0,4.285500014284643e-05,0.11892003827805965,5
2018,전라남도,목포시,0.0,0,-0.4338539728995854,-0.5498350202936034,0.6598233988354029,-0.5885831335734819,-0.228112181982817,-0.5240907089222236,2.0,0.0,0.0,전라남도목포시,-0.2740428885210184,0.42857142857142855,0.0,4.285500014284643e-05,0.10043985327570591,4
2019,전라남도,목포시,0.0,0,-0.4338539728995854,-0.6240861177248688,0.6638779072792427,-0.4935558977100626,-0.2219045202638185,-0.517165329444839,0.0,0.0,0.0,전라남도목포시,-0.2740428885210184,0.42857142857142855,0.0,4.285500014284643e-05,0.09750144232938125,4
2020,전라남도,목포시,0.0,0,-0.4070522753747995,-0.971494358922933,0.6912197662605586,-0.4508386636084525,-0.2845413829114066,-0.6097950993020617,0.0,0.0,9.999500033330834e-05,전라남도목포시,-0.2740428885210184,0.42857142857142855,0.0,4.285500014284643e-05,0.10674247811721925,4
2021,전라남도,목포시,0.0,0,-0.4070522753747995,-0.6742052497949409,0.661977496328156,-0.436610670001289,-0.2139726747107184,-0.5059560650570099,0.0,0.0,9.999500033330834e-05,전라남도목포시,-0.2740428885210184,0.42857142857142855,0.0,4.285500014284643e-05,0.09636158773423482,4
2022,전라남도,목포시,0.0,0,-0.4070522753747995,-1.083470205607074,0.7039822447798993,-0.4152278230345922,-0.3004420148091415,-0.6352501013388219,0.0,0.0,0.0,전라남도목포시,-0.2740428885210184,0.42857142857142855,0.0,4.285500014284643e-05,0.10923530319732014,4
2023,전라남도,목포시,0.001998002662673,1,-0.4070522753747995,-0.858924596656277,0.7311373456691725,-0.730893851247723,-0.3164333444024067,-0.6656235744262665,0.0,0.0,0.0,전라남도목포시,-0.2740428885210184,0.42857142857142855,0.0,4.285500014284643e-05,0.11177141812685377,4
2017,전라남도,무안군,0.0,0,-0.327794278253639,-1.069703086517636,-0.1044031332082974,0.6779350555400666,-0.2059913606098764,-0.2398541030770694,1.0,0.0,0.009058844488346,전라남도무안군,-0.1719992533742416,4.0,0.0,0.006677657116564358,0.962690418908182,7
2018,전라남도,무안군,0.0,0,-0.3212771266079373,-0.5498350202936034,-0.1495374281169758,0.6976564541434735,-0.0807482802187607,-0.057818564252689,2.0,0.0,0.0375847603272712,전라남도무안군,-0.1719992533742416,4.0,0.0,0.006677657116564358,0.9524002910858129,7
2019,전라남도,무안군,9.999500033330834e-05,1,-0.3212771266079373,-0.6240861177248688,-0.176372681666123,0.4661471949440997,-0.1638971827637074,-0.1597386831295688,3.0,0.0,9.999500033330834e-05,전라남도무안군,-0.1719992533742416,4.0,0.0,0.006677657116564358,0.9617828729674989,7
2020,전라남도,무안군,0.0001999800026662,1,-0.2953484116989574,-0.971494358922933,-0.1112308257187798,0.5108809858438738,-0.2167981526241991,-0.2519872615926722,4.0,0.0,0.0,전라남도무안군,-0.1719992533742416,4.0,0.0,0.006677657116564358,0.9651945202705617,7
2021,전라남도,무안군,0.0,0,-0.2953484116989574,-0.6742052497949409,-0.1430008874608838,0.5249169305819723,-0.1469094045932024,-0.1482122436373086,5.0,0.0,0.0,전라남도무안군,-0.1719992533742416,4.0,0.0,0.006677657116564358,0.9616263308148645,7
2022,전라남도,무안군,0.0,0,-0.2953484116989574,-1.083470205607074,0.1798719549804704,0.5462053089603618,-0.1631853383412997,-0.2775377694485565,6.0,0.0,0.0,전라남도무안군,-0.1719992533742416,4.0,0.0,0.006677657116564358,0.9629946286900846,7
2023,전라남도,무안군,0.0001999800026662,1,-0.2953484116989574,-0.858924596656277,-0.3200801748279289,0.5684929653085807,-0.2264650544686456,-0.1952600143488845,7.0,0.0,0.0,전라남도무안군,-0.1719992533742416,4.0,0.0,0.006677657116564358,0.9668358066100172,7
2017,전라남도,보성군,0.0001999800026662,1,0.0304533640375371,0.1328886236850909,-0.153061367605839,-0.5975357519974713,-0.1468137829701705,-0.144731254758281,1.0,0.0,0.0431552703139276,전라남도보성군,-0.21445575228305572,4.0,0.0,0.016375786295239256,0.9519903128551063,7
2018,전라남도,보성군,9.999500033330834e-05,1,0.0364016085818636,-0.0021262063675016,-0.2324101894767438,-0.5865354517600736,-0.1961675597556138,-0.1840866831819038,2.0,0.0,0.0043903483012928,전라남도보성군,-0.21445575228305572,4.0,0.0,0.016375786295239256,0.9594889934253836,7
2019,전라남도,보성군,0.0002999550089979,1,0.0364016085818636,-0.1811941589703437,-0.2284098523519703,-0.5368533580017933,-0.2275139401855609,-0.2272153027967578,3.0,0.0,0.0047885167317971,전라남도보성군,-0.21445575228305572,4.0,0.0,0.016375786295239256,0.9618005189698197,7
2020,전라남도,보성군,9.999500033330834e-05,1,0.0693911435483639,-0.2928964224275137,-0.3367464005183935,-0.487816442096011,-0.2620170303733886,-0.2371072403250536,4.0,0.0,0.0051865266873,전라남도보성군,-0.21445575228305572,4.0,0.0,0.016375786295239256,0.9641615315385621,7
2021,전라남도,보성군,0.0,0,0.0693911435483639,0.2609907153254772,-0.3890294696709231,-0.5146236281111485,-0.1433178097270576,-0.0614139230791024,5.0,0.0,0.011533235813673,전라남도보성군,-0.21445575228305572,4.0,0.0,0.016375786295239256,0.9568103686663819,7
2022,전라남도,보성군,9.999500033330834e-05,1,0.0693911435483639,-0.526254237152695,-0.339793437766297,-0.5118060434011928,-0.3271156436929552,-0.3228897123351746,6.0,0.0,0.0231304173888543,전라남도보성군,-0.21445575228305572,4.0,0.0,0.016375786295239256,0.967078063429327,7
2023,전라남도,보성군,0.0002999550089979,1,0.0693911435483639,0.0331396648813167,-0.3446542985530684,-0.5508545069831858,-0.1982444992766434,-0.1494412328511683,7.0,0.0,0.02244618882983,전라남도보성군,-0.21445575228305572,4.0,0.0,0.016375786295239256,0.9602733915823335,7
2017,전라남도,순천시,0.0172503534065275,1,0.4726356595481868,-0.3246227885001678,0.711348555417926,-0.1973187660129564,0.1655106651132471,-0.0164352983216457,1.0,1.0,0.097580328338864,전라남도순천시,0.10006862863886522,4.0,1.0,0.03701380958517109,0.9996894241267464,9
2018,전라남도,순천시,0.0189198848525108,1,0.4778817064551204,-0.108526806489156,0.6598233988354029,-0.2822951181479102,0.1867207951633643,0.0290199272726847,2.0,1.0,0.007571265496318,전라남도순천시,0.10006862863886522,4.0,1.0,0.03701380958517109,0.9997401198426477,10
2019,전라남도,순천시,0.020390689647734,1,0.4778817064551204,0.1469859001326311,-0.1762982078295897,-0.2269571152978882,0.0554030708650684,0.1326368304299544,3.0,1.0,0.009058844488346,전라남도순천시,0.10006862863886522,4.0,1.0,0.03701380958517109,0.9997914375695979,10
2020,전라남도,순천시,0.0453557017207972,1,0.5164493639008438,0.0272385386965978,-0.1575097884183085,-0.1775511323049524,0.0521567454685451,0.1220455900974964,4.0,1.0,0.0133110140596723,전라남도순천시,0.10006862863886522,4.0,1.0,0.03701380958517109,0.9997929356414074,10
2021,전라남도,순천시,0.0896578719305353,1,0.5164493639008438,-0.0490755750453717,0.661977496328156,-0.1563129909725884,0.2432595735527599,0.1036869326276278,5.0,1.0,0.0243998868235351,전라남도순천시,0.10006862863886522,4.0,1.0,0.03701380958517109,0.9997143976661814,10
2022,전라남도,순천시,0.0867280035098241,1,0.5164493639008438,-0.4148991725009763,-0.281493067808054,-0.1578695103971371,-0.0844530967013309,-0.0187731063324231,6.0,1.0,0.0545828777702917,전라남도순천시,0.10006862863886522,4.0,1.0,0.03701380958517109,0.9998219852572946,10
2023,전라남도,순천시,0.1249572394043838,1,0.5164493639008438,0.1612610884886165,-0.1904270967129722,-0.1597527676348775,0.0818826470104026,0.1726525615848609,7.0,1.0,0.0525924501191705,전라남도순천시,0.10006862863886522,4.0,1.0,0.03701380958517109,0.999770869378924,10
2017,전라남도,신안군,0.0,0,0.7126476698089184,-1.069703086517636,0.711348555417926,0.7593929747493259,0.2784215283646335,0.1341125193468694,1.0,0.0,0.0001999800026662,전라남도신안군,0.3508062290542025,0.2857142857142857,0.0,7.142214366652976e-05,0.12476633285652748,5
2018,전라남도,신안군,0.0002999550089979,1,0.7175125710475109,-0.5498350202936034,0.084659273555337,0.7768325968720784,0.2572923552953307,0.3148367158753286,0.0,0.0,0.0,전라남도신안군,0.3508062290542025,0.2857142857142857,0.0,7.142214366652976e-05,0.12730758281161128,5
2019,전라남도,신안군,0.0,0,0.7175125710475109,-0.6240861177248688,0.6638779072792427,0.8969873826931019,0.4135729358237466,0.3301379453385813,1.0,0.0,0.0,전라남도신안군,0.3508062290542025,0.2857142857142857,0.0,7.142214366652976e-05,0.10287553471604678,4
2020,전라남도,신안군,0.0,0,0.7454723662667534,-0.971494358922933,0.6912197662605586,0.9384288350911728,0.3509066521738879,0.237468947478331,0.0,0.0,9.999500033330834e-05,전라남도신안군,0.3508062290542025,0.2857142857142857,0.0,7.142214366652976e-05,0.11142657273181242,4
2021,전라남도,신안군,0.0,0,0.7454723662667534,-0.6742052497949409,0.661977496328156,0.9482244356334448,0.4203672621083533,0.339830517368419,0.0,0.0,0.0001999800026662,전라남도신안군,0.3508062290542025,0.2857142857142857,0.0,7.142214366652976e-05,0.10078318205387908,4
2022,전라남도,신안군,0.0,0,0.7454723662667534,-1.083470205607074,0.7039822447798993,0.967426994230298,0.3333528499174691,0.2098097182966591,0.0,0.0,0.0,전라남도신안군,0.3508062290542025,0.2857142857142857,0.0,7.142214366652976e-05,0.11428455889287524,4
2023,전라남도,신안군,9.999500033330834e-05,1,0.7454723662667534,-0.858924596656277,0.7311373456691725,0.9892349635043352,0.4017300196959961,0.2919275777049372,0.0,0.0,0.0,전라남도신안군,0.3508062290542025,0.2857142857142857,0.0,7.142214366652976e-05,0.10358285759097251,4
2017,전라남도,여수시,0.0241070753432331,1,0.8153925372150537,-0.6891978262980437,-0.1327535296992364,0.8840997259120178,0.2193852267824478,0.3367648122763425,1.0,1.0,0.1685606415439175,전라남도여수시,0.4054157992868909,4.0,1.0,0.0670035216414029,0.9997853262452093,10
2018,전라남도,여수시,0.0156764793850075,1,0.8200942767805549,-0.5099155652692949,0.6598233988354029,0.9020117196774996,0.4680034575060406,0.4040634770629199,2.0,1.0,0.0190180058357618,전라남도여수시,0.4054157992868909,4.0,1.0,0.0670035216414029,0.9997730275749102,10
2019,전라남도,여수시,0.034208171329737,1,0.8200942767805549,-0.2923488549322147,0.6638779072792427,1.0206398877469336,0.5530658042186292,0.5161284365317579,3.0,1.0,0.0286846338599089,전라남도여수시,0.4054157992868909,4.0,1.0,0.0670035216414029,0.9997369973031597,10
2020,전라남도,여수시,0.069619341880057,1,0.8494288392274799,-0.5148959902731587,0.6912197662605586,1.0628481276730148,0.5221501857219737,0.4657936588757786,4.0,1.0,0.0321767316952212,전라남도여수시,0.4054157992868909,4.0,1.0,0.0670035216414029,0.9997507080745597,10
2021,전라남도,여수시,0.2225033464267864,1,0.8494288392274799,-0.1701889854821465,0.661977496328156,1.072912929425859,0.603532569874837,0.5840509277237308,5.0,1.0,0.0588347857208925,전라남도여수시,0.4054157992868909,4.0,1.0,0.0670035216414029,0.9997017428984358,9
2022,전라남도,여수시,0.2273745878420257,1,0.8494288392274799,-0.8614092010021217,-0.413691817231155,1.092247907747219,0.1666439321853555,0.360089181990859,6.0,1.0,0.0860859489131288,전라남도여수시,0.4054157992868909,4.0,1.0,0.0670035216414029,0.9998451356460837,10
2023,전라남도,여수시,0.2760395606677065,1,0.8494288392274799,-0.4689816636799098,-0.2740158309616908,1.1140863302899304,0.3051294187189524,0.4981778352791668,7.0,1.0,0.0756639039209896,전라남도여수시,0.4054157992868909,4.0,1.0,0.0670035216414029,0.9998129779070221,10
2017,전라남도,영광군,0.0023971245997214,1,0.2797703710079731,-0.4130409502732497,0.711348555417926,0.7336605212211124,0.3279346243434404,0.2001299806519452,1.0,0.0,0.0021975835434872,전라남도영광군,0.3863243757737059,0.42857142857142855,0.0,0.0008274920633341594,0.14835910055151327,5
2018,전라남도,영광군,0.0,0,0.2853226932934621,-0.1124991135401083,0.6598233988354029,0.7523238332430712,0.3962427029579569,0.3083824709988083,2.0,0.0,0.0001999800026662,전라남도영광군,0.3863243757737059,0.42857142857142855,0.0,0.0008274920633341594,0.1368364206402284,5
2019,전라남도,영광군,0.0,0,0.2853226932934621,0.0389834157103939,0.6638779072792427,0.5246240349140009,0.3782020127992749,0.2829767146392856,0.0,0.0,0.0,전라남도영광군,0.3863243757737059,0.42857142857142855,0.0,0.0008274920633341594,0.13762013132898268,5
2020,전라남도,영광군,0.0,0,0.3087369635156129,0.2795501128206014,0.6912197662605586,0.5669489200905669,0.4616139406718349,0.3850786654755938,0.0,0.0,0.0,전라남도영광군,0.3863243757737059,0.42857142857142855,0.0,0.0008274920633341594,0.12241169367772782,5
2021,전라남도,영광군,0.0,0,0.3087369635156129,0.1447466225595916,0.661977496328156,0.5803179537965343,0.4239447590499737,0.3446005132905796,0.0,0.0,9.999500033330834e-05,전라남도영광군,0.3863243757737059,0.42857142857142855,0.0,0.0008274920633341594,0.1290673810117374,5
2022,전라남도,영광군,0.0,0,0.3087369635156129,-0.2589212360786435,0.7039822447798993,0.6012782795077103,0.3387690629311448,0.2170313356482266,0.0,0.0,9.999500033330834e-05,전라남도영광군,0.3863243757737059,0.42857142857142855,0.0,0.0008274920633341594,0.14531923948867592,5
2023,전라남도,영광군,0.0003999200213269,1,0.3087369635156129,-0.1531106903739473,0.7311373456691725,0.623490491838423,0.3775635276623152,0.2597055883266961,0.0,0.0,0.0031948908965191,전라남도영광군,0.3863243757737059,0.42857142857142855,0.0,0.0008274920633341594,0.13689721103833216,5
2017,전라남도,영암군,0.0,0,-0.6907523775428198,-0.4858997109997824,0.711348555417926,-0.4730795588856003,-0.2345957730025691,-0.5499105491427342,0.0,0.0,0.0064789660977091,전라남도영암군,-0.04744831474830387,0.0,0.0,0.004773281048255714,0.08381845352132405,4
2018,전라남도,영암군,0.0,0,-0.6836588384605764,0.2300576885335098,0.6598233988354029,-0.4418778539714626,-0.0589139012657815,-0.2984930012995097,0.0,0.0,0.0269340012400809,전라남도영암군,-0.04744831474830387,0.0,0.0,0.004773281048255714,0.061762099475836586,2
2019,전라남도,영암군,0.0,0,-0.6836588384605764,0.2334304723151276,0.6638779072792427,-0.448252354862294,-0.058650703432125,-0.2994935736692476,0.0,0.0,0.0,전라남도영암군,-0.04744831474830387,0.0,0.0,0.004773281048255714,0.06531500749785446,3
2020,전라남도,영암군,0.0,0,-0.6528155525011634,0.0028947762333409,0.6912197662605586,-0.3972759139346314,-0.0889942309854738,-0.3490655634008179,0.0,0.0,0.0,전라남도영암군,-0.04744831474830387,0.0,0.0,0.004773281048255714,0.06836838059734156,3
2021,전라남도,영암군,0.0,0,-0.6528155525011634,0.6472230823578888,0.661977496328156,-0.3780188855392588,0.0695915351614056,-0.1278704518941777,0.0,0.0,0.0,전라남도영암군,-0.04744831474830387,0.0,0.0,0.004773281048255714,0.053762745153731424,1
2022,전라남도,영암군,0.0,0,-0.6528155525011634,0.1654757260036407,0.7039822447798993,-0.3541622629168959,-0.0343799611586298,-0.2805006964714729,0.0,0.0,0.0,전라남도영암군,-0.04744831474830387,0.0,0.0,0.004773281048255714,0.06296452263281532,2
2023,전라남도,영암군,0.0,0,-0.6528155525011634,0.5481815063859786,0.7311373456691725,-0.3312839737738017,0.0738048314450465,-0.1453060066296621,0.0,0.0,0.0,전라남도영암군,-0.04744831474830387,0.0,0.0,0.004773281048255714,0.05341794468702826,1
2017,전라남도,완도군,0.0,0,1.6662043428188007,-0.00688811031798,0.711348555417926,0.6348240258185598,0.7513722034343266,0.7647134194397935,0.0,0.0,0.0,전라남도완도군,0.8254656526624753,0.0,0.0,0.0,0.1024973672456417,4
2018,전라남도,완도군,0.0,0,1.6695549698548622,0.0098924863108535,0.6598233988354029,0.6525065825147554,0.7479443593789685,0.7773180128934903,0.0,0.0,0.0,전라남도완도군,0.8254656526624753,0.0,0.0,0.0,0.10300729167603405,4
2019,전라남도,완도군,0.0,0,1.6695549698548622,0.5246112075479805,0.6638779072792427,0.7716566485727033,0.9074251833136971,0.9886076086585152,0.0,0.0,0.0,전라남도완도군,0.8254656526624753,0.0,0.0,0.0,0.0815420176093302,4
2020,전라남도,완도군,0.0,0,1.7083020406984193,-0.0332275380251346,0.6912197662605586,0.8137001627432622,0.7949986079192763,0.829591555138849,0.0,0.0,0.0,전라남도완도군,0.8254656526624753,0.0,0.0,0.0,0.09620057000987184,4
2021,전라남도,완도군,0.0,0,1.7083020406984193,0.5437069301279106,0.661977496328156,0.8236707369543407,0.9344143010272068,1.0252265692602236,0.0,0.0,0.0,전라남도완도군,0.8254656526624753,0.0,0.0,0.0,0.07833943279151032,4
2022,전라남도,완도군,0.0,0,1.7083020406984193,-0.1890324321273154,0.7039822447798993,0.8429593648707564,0.76655280455544,0.7874096578139534,0.0,0.0,0.0,전라남도완도군,0.8254656526624753,0.0,0.0,0.0,0.10026590611923811,4
2023,전라남도,완도군,0.0,0,1.7083020406984193,0.1979819217018501,0.7311373456691725,0.8647871279642038,0.8755521090084114,0.9236903634548244,0.0,0.0,0.0,전라남도완도군,0.8254656526624753,0.0,0.0,0.0,0.0854774895106287,4
2017,전라남도,장성군,0.0,0,0.2856189249987839,0.3818907261018754,-0.0972016761764839,-0.2990126937175641,0.0678238203016528,0.1228323191276983,1.0,0.0,0.0060814703158679,전라남도장성군,-0.0714780103089052,1.5714285714285714,0.14285714285714285,0.0023806357975335716,0.4749073178932843,6
2018,전라남도,장성군,0.0,0,0.2911619596198047,-0.3178760107251031,-0.1333918747634656,-0.3443214631232597,-0.1261068472480059,-0.1236785047428527,0.0,0.0,0.0007996801705643,전라남도장성군,-0.0714780103089052,1.5714285714285714,0.14285714285714285,0.0023806357975335716,0.5529972587109933,6
2019,전라남도,장성군,9.999500033330834e-05,1,0.2911619596198047,0.0195204156331177,-0.1418485568456,-0.4478707916657849,-0.0697592433146156,-0.0457294721376208,0.0,0.0,0.0013990209137073,전라남도장성군,-0.0714780103089052,1.5714285714285714,0.14285714285714285,0.0023806357975335716,0.5300961589930794,6
2020,전라남도,장성군,0.0001999800026662,1,0.3183209291413962,0.2216594240757856,-0.1225326902944598,-0.4530558972825904,-0.008902058589967,0.0289748186448638,1.0,0.0,0.0007996801705643,전라남도장성군,-0.0714780103089052,1.5714285714285714,0.14285714285714285,0.0023806357975335716,0.5087844148787761,6
2021,전라남도,장성군,0.0002999550089979,1,0.3183209291413962,0.1520041932303612,-0.2617674187470281,-0.4771954734454552,-0.0671594424551814,-0.0022901170245659,2.0,0.0,0.000499875041651,전라남도장성군,-0.0714780103089052,1.5714285714285714,0.14285714285714285,0.0023806357975335716,0.5352614155845077,6
2022,전라남도,장성군,0.0096532570281383,1,0.3183209291413962,-0.2687449265467503,-0.2766704235642916,-0.5330527520590314,-0.1900367932571692,-0.1611589164881284,3.0,0.0,0.0018981972830802,전라남도장성군,-0.0714780103089052,1.5714285714285714,0.14285714285714285,0.0023806357975335716,0.5861068073100587,6
2023,전라남도,장성군,0.0047885167317971,1,0.3183209291413962,0.0133234183300805,-0.2467862172260376,-0.5096801606416397,-0.1062055075990501,-0.0593452710567209,4.0,1.0,0.0051865266873,전라남도장성군,-0.0714780103089052,1.5714285714285714,0.14285714285714285,0.0023806357975335716,0.8723901838618031,7
2017,전라남도,장흥군,0.0,0,-0.0712693236620959,0.0864752040701944,0.711348555417926,-1.2093334734080063,-0.1206947593954954,-0.3980425309999693,0.0,0.0,9.999500033330834e-05,전라남도장흥군,-0.07768117008181026,0.0,0.0,4.285500014284643e-05,0.06778710988718929,3
2018,전라남도,장흥군,0.0,0,-0.0651595406941438,0.0153460965750133,0.6598233988354029,-1.18460845966872,-0.1436496262381119,-0.4114739679292835,0.0,0.0,9.999500033330834e-05,전라남도장흥군,-0.07768117008181026,0.0,0.0,4.285500014284643e-05,0.07016546556717022,3
2019,전라남도,장흥군,0.0,0,-0.0651595406941438,0.4866211259026159,0.6638779072792427,-1.1684746676750322,-0.0207837937968293,-0.2490043608221867,0.0,0.0,0.0,전라남도장흥군,-0.07768117008181026,0.0,0.0,4.285500014284643e-05,0.05829493873359063,2
2020,전라남도,장흥군,0.0,0,-0.0264062925965801,0.0821069672536575,0.6912197662605586,-1.115794540694356,-0.09221852494418,-0.3533646220124262,0.0,0.0,9.999500033330834e-05,전라남도장흥군,-0.07768117008181026,0.0,0.0,4.285500014284643e-05,0.06494060980238554,3
2021,전라남도,장흥군,0.0,0,-0.0264062925965801,0.4484558261978548,0.661977496328156,-1.107379221247635,-0.0058380478295511,-0.2284432292154534,0.0,0.0,0.0,전라남도장흥군,-0.07768117008181026,0.0,0.0,4.285500014284643e-05,0.056985086120433924,2
2022,전라남도,장흥군,0.0,0,-0.0264062925965801,-0.1415727037774245,0.7039822447798993,-1.1303864762659164,-0.1485958069650054,-0.4327884908799737,0.0,0.0,0.0,전라남도장흥군,-0.07768117008181026,0.0,0.0,4.285500014284643e-05,0.07070261800459518,3
2023,전라남도,장흥군,0.0,0,-0.0264062925965801,0.3996809941951709,0.7311373456691725,-1.1523625728817584,-0.0119876314034987,-0.2596959570943892,0.0,0.0,0.0,전라남도장흥군,-0.07768117008181026,0.0,0.0,4.285500014284643e-05,0.057520656760957245,2
2017,전라남도,진도군,0.0,0,0.6709595984798241,-0.7419601276715476,0.711348555417926,0.7528503132576745,0.3482995848709692,0.2272832613553169,0.0,0.0,0.000899595242836,전라남도진도군,0.38342332518175093,0.0,0.0,0.0006561608218999156,0.0808214111492362,4
2018,전라남도,진도군,0.0,0,0.6758907015213653,-0.0086580692399988,0.6598233988354029,0.7711994649341569,0.5245638740127316,0.4794773657385078,0.0,0.0,0.0035935355101301,전라남도진도군,0.38342332518175093,0.0,0.0,0.0006561608218999156,0.06170696779279334,2
2019,전라남도,진도군,0.0,0,0.6758907015213653,0.0183400991005467,0.6638779072792427,0.5446338245854374,0.475685633121648,0.4129548750691165,0.0,0.0,9.999500033330834e-05,전라남도진도군,0.38342332518175093,0.0,0.0,0.0006561608218999156,0.06691980799409301,3
2020,전라남도,진도군,0.0,0,0.7011940228745057,-0.5532718131543574,0.6912197662605586,0.5869592168609555,0.3565252982104156,0.2449604755270346,0.0,0.0,0.0,전라남도진도군,0.38342332518175093,0.0,0.0,0.0006561608218999156,0.07998859114259677,4
2021,전라남도,진도군,0.0,0,0.7011940228745057,0.0814862500014719,0.661977496328156,0.2604574129834989,0.4262787955469081,0.3477125619531588,0.0,0.0,0.0,전라남도진도군,0.38342332518175093,0.0,0.0,0.0006561608218999156,0.07208778065758009,3
2022,전라남도,진도군,0.0,0,0.7011940228745057,-0.6272631503293523,0.7039822447798993,0.2826969663141448,0.2651525209097994,0.1188759462864327,0.0,0.0,0.0,전라남도진도군,0.38342332518175093,0.0,0.0,0.0006561608218999156,0.09153226739004854,4
2023,전라남도,진도군,0.0,0,0.7011940228745057,-0.5877044595720462,0.7311373456691725,0.3052033694275069,0.2874575695997847,0.1395643109099888,0.0,0.0,0.0,전라남도진도군,0.38342332518175093,0.0,0.0,0.0006561608218999156,0.0885832031658315,4
2017,전라남도,함평군,0.0002999550089979,1,-0.0879824887601605,-0.4130409502732497,0.711348555417926,0.1841562637638408,0.0986203450370891,-0.1056223917565231,1.0,0.0,0.0162669724638719,전라남도함평군,0.12639535984597,0.5714285714285714,0.0,0.009152552099945888,0.1499032940593147,5
2018,전라남도,함평군,0.0,0,-0.081846164826719,-0.1124991135401083,0.6598233988354029,0.2080971450782635,0.1683938163867097,0.0045839555704787,2.0,0.0,0.0360425913469293,전라남도함평군,0.12639535984597,0.5714285714285714,0.0,0.009152552099945888,0.13231558550752298,5
2019,전라남도,함평군,0.0,0,-0.081846164826719,0.0389834157103939,0.6638779072792427,0.1036432102021998,0.1811645920912793,0.0202601536952916,0.0,0.0,0.0,전라남도함평군,0.12639535984597,0.5714285714285714,0.0,0.009152552099945888,0.13661561566940275,5
2020,전라남도,함평군,0.0,0,-0.0422388349299226,0.2795501128206014,0.6912197662605586,0.0103432894889164,0.2347185834100384,0.082551522459865,0.0,0.0,9.999500033330834e-05,전라남도함평군,0.12639535984597,0.5714285714285714,0.0,0.009152552099945888,0.12671473121586682,5
2021,전라남도,함평군,0.0,0,-0.0422388349299226,0.1447466225595916,0.661977496328156,-0.0822423470090304,0.1705607342371986,0.0067551468735461,0.0,0.0,0.0003999200213269,전라남도함평군,0.12639535984597,0.5714285714285714,0.0,0.009152552099945888,0.13853970015855477,5
2022,전라남도,함평군,9.999500033330834e-05,1,-0.0422388349299226,-0.2589212360786435,0.7039822447798993,-0.0591685763124259,0.0859133993647267,-0.1201095491069974,0.0,0.0,0.0024968801985871,전라남도함평군,0.12639535984597,0.5714285714285714,0.0,0.009152552099945888,0.15504438508763818,5
2023,전라남도,함평군,9.999500033330834e-05,1,-0.0422388349299226,-0.1531106903739473,0.0134040426752561,-0.036470323792394,-0.0546039516052519,-0.077273283032088,1.0,0.0,0.0087615056685727,전라남도함평군,0.12639535984597,0.5714285714285714,0.0,0.009152552099945888,0.18673545372438893,5
2017,전라남도,해남군,0.0,0,-0.0474852040994655,-0.5210995641356863,0.711348555417926,0.1638441439996246,0.0766519827955997,-0.1349135414118424,1.0,0.0,0.0,전라남도해남군,0.1458876107600248,0.5714285714285714,0.0,0.0,0.16529020080069437,5
2018,전라남도,해남군,0.0,0,-0.0414131909670177,-0.3696758053650857,0.6598233988354029,0.1915266146005297,0.1100652542759572,-0.0731874605771912,2.0,0.0,0.0,전라남도해남군,0.1458876107600248,0.5714285714285714,0.0,0.0,0.15951690846142436,5
2019,전라남도,해남군,0.0,0,-0.0414131909670177,-0.2747873454699878,0.6638779072792427,0.2747384848510241,0.1556039639233153,-0.0138206838619937,0.0,0.0,0.0,전라남도해남군,0.1458876107600248,0.5714285714285714,0.0,0.0,0.14701059467312408,5
2020,전라남도,해남군,0.0,0,-0.0116186980572383,-0.4239820925444815,0.6912197662605586,0.321094537170878,0.1441783782074291,-0.0381687511436139,0.0,0.0,0.0,전라남도해남군,0.1458876107600248,0.5714285714285714,0.0,0.0,0.14933748207340825,5
2021,전라남도,해남군,0.0,0,-0.0116186980572383,0.103516278394558,0.661977496328156,0.1725259589296537,0.2316002588987823,0.0881411797556578,1.0,0.0,0.0,전라남도해남군,0.1458876107600248,0.5714285714285714,0.0,0.0,0.13361143118424995,5
2022,전라남도,해남군,0.0,0,-0.0116186980572383,-0.4275592304689655,0.7039822447798993,0.195604994305839,0.1151023276398836,-0.0811909780734549,0.0,0.0,0.0,전라남도해남군,0.1458876107600248,0.5714285714285714,0.0,0.0,0.15539599916659455,5
2023,전라남도,해남군,0.0,0,-0.0116186980572383,-0.1857786668673574,0.7311373456691725,0.2183044575722484,0.1880111095792063,0.0069690308825508,0.0,0.0,0.0,전라남도해남군,0.1458876107600248,0.5714285714285714,0.0,0.0,0.1405737305742062,5
2017,전라남도,화순군,0.0,0,0.5318483169794765,0.5925760009999507,0.711348555417926,-0.174114842981183,0.4154145076040425,0.3167698249994147,1.0,0.0,0.0219571673520421,전라남도화순군,0.4092842100159554,0.2857142857142857,0.0,0.009837561994527972,0.10892873006171273,4
2018,전라남도,화순군,0.0,0,0.5370003325591179,0.74556823316212,0.0176936748630431,-0.1429044316593206,0.2893394522312401,0.3798880446873057,0.0,0.0,0.0196065296389183,전라남도화순군,0.4092842100159554,0.2857142857142857,0.0,0.009837561994527972,0.12959759827399364,5
2019,전라남도,화순군,0.0,0,0.5370003325591179,0.4848473286147763,0.6638779072792427,-0.1247835229325031,0.3902355113801584,0.299021379413797,0.0,0.0,0.0018981972830802,전라남도화순군,0.4092842100159554,0.2857142857142857,0.0,0.009837561994527972,0.11631747031627199,5
2020,전라남도,화순군,0.0,0,0.5768663454448785,1.0365143211359182,0.6912197662605586,-0.1236757073214507,0.5452311813799762,0.4965683197531153,0.0,0.0,0.0021975835434872,전라남도화순군,0.4092842100159554,0.2857142857142857,0.0,0.009837561994527972,0.09291627246967986,4
2021,전라남도,화순군,0.0,0,0.5768663454448785,0.7700895777662374,0.661977496328156,-0.1042761506373762,0.4761643172254738,0.4142265908579132,0.0,0.0,0.0047885167317971,전라남도화순군,0.4092842100159554,0.2857142857142857,0.0,0.009837561994527972,0.10221248586327435,4
2022,전라남도,화순군,9.999500033330834e-05,1,0.5768663454448785,0.3771291856659624,0.7039822447798993,-0.198049191855734,0.3649821460087515,0.2519821130850356,0.0,0.0,0.0093560949240249,전라남도화순군,0.4092842100159554,0.2857142857142857,0.0,0.009837561994527972,0.1188168215986069,5
2023,전라남도,화순군,0.0,0,0.5768663454448785,1.213446591423723,0.0138905961608346,-0.2697141159012536,0.3836223542820455,0.5068662736557824,1.0,0.0,0.009058844488346,전라남도화순군,0.4092842100159554,0.2857142857142857,0.0,0.009837561994527972,0.11695084174870647,5
2017,전북특별자치도,고창군,0.0001999800026662,1,0.3839694734604719,0.3818907261018754,0.711348555417926,-0.003610084566288,0.3683996676034963,0.254083371665353,1.0,0.0,0.001998002662673,전북특별자치도고창군,0.2351446510270671,0.42857142857142855,0.0,0.0008135147113142178,0.10684007897016086,4
2018,전북특별자치도,고창군,0.0,0,0.3893563247076506,-0.3178760107251031,0.6598233988354029,0.0245662815880388,0.1889674986014973,0.0320155318568621,2.0,0.0,0.0006997551142733,전북특별자치도고창군,0.2351446510270671,0.42857142857142855,0.0,0.0008135147113142178,0.13948876092363088,5
2019,전북특별자치도,고창군,0.0,0,0.3893563247076506,0.0195204156331177,0.6638779072792427,0.0154846370497289,0.272059821167435,0.141453792463499,0.0,0.0,9.999500033330834e-05,전북특별자치도고창군,0.2351446510270671,0.42857142857142855,0.0,0.0008135147113142178,0.12183002894299215,5
2020,전북특별자치도,고창군,0.0,0,0.3175609671093959,0.2216594240757856,0.6912197662605586,0.0339003354606083,0.3160851232265871,0.1910402422152633,0.0,0.0,0.0001999800026662,전북특별자치도고창군,0.2351446510270671,0.42857142857142855,0.0,0.0008135147113142178,0.11440920274125085,4
2021,전북특별자치도,고창군,0.0,0,0.3175609671093959,0.1520041932303612,0.661977496328156,-0.0241616600949651,0.2768452491432369,0.1484678334149306,0.0,0.0,9.999500033330834e-05,전북특별자치도고창군,0.2351446510270671,0.42857142857142855,0.0,0.0008135147113142178,0.12100633324109107,5
2022,전북특별자치도,고창군,0.0,0,0.3175609671093959,-0.2687449265467503,0.7039822447798993,-0.0660440051938874,0.1716885700371643,-0.0057426548770806,0.0,0.0,9.999500033330834e-05,전북특별자치도고창군,0.2351446510270671,0.42857142857142855,0.0,0.0008135147113142178,0.14024463589456562,5
2023,전북특별자치도,고창군,0.0,0,0.3175609671093959,0.0133234183300805,-0.0223519653365878,-0.1006659104626769,0.0519666274100529,0.0767394916589331,0.0,0.0,0.0024968801985871,전북특별자치도고창군,0.2351446510270671,0.42857142857142855,0.0,0.0008135147113142178,0.1644566108834222,5
2017,전북특별자치도,군산시,0.0172503534065275,1,-0.8142359012623164,-0.5184179064297751,-0.534786467745672,-0.730356952016141,-0.6494493068634761,-0.6876702532360776,1.0,0.0,0.0016985566355814,전북특별자치도군산시,-0.5506346048709959,4.0,0.0,0.0007279914618643311,0.9610614304721685,7
2018,전북특별자치도,군산시,0.096582097846244,1,-0.8069462669508132,0.2751174811208735,-0.5102952710750198,-0.790242350060913,-0.4580916017414681,-0.4406903786302842,2.0,0.0,0.0001999800026662,전북특별자치도군산시,-0.5506346048709959,4.0,0.0,0.0007279914618643311,0.9484415250408829,7
2019,전북특별자치도,군산시,0.0919408736983572,1,-0.8069462669508132,-0.2461685887812169,-0.5072022023123093,-0.8212300362901672,-0.5953867735836267,-0.6247816306740658,3.0,0.0,9.999500033330834e-05,전북특별자치도군산시,-0.5506346048709959,4.0,0.0,0.0007279914618643311,0.9587242117890887,7
2020,전북특별자치도,군산시,0.0452601314048645,1,-0.7816818920663487,-0.0366016199542182,-0.3764140328221235,-0.7714318963623642,-0.4915323603012637,-0.5299051361276438,4.0,0.0,0.000499875041651,전북특별자치도군산시,-0.5506346048709959,4.0,0.0,0.0007279914618643311,0.9520440647077036,7
2021,전북특별자치도,군산시,0.0241070753432331,1,-0.7816818920663487,-0.1566354365307665,-0.4379496240139374,-0.9083670307349054,-0.5711584958364895,-0.6155614531106736,5.0,0.0,9.999500033330834e-05,전북특별자치도군산시,-0.5506346048709959,4.0,0.0,0.0007279914618643311,0.9580800960862521,7
2022,전북특별자치도,군산시,0.0363319292473902,1,-0.7816818920663487,-0.3648093310195524,-0.4118605964889961,-0.9336725274430472,-0.6230060867544861,-0.6933879168429827,6.0,0.0,0.0002999550089979,전북특별자치도군산시,-0.5506346048709959,4.0,0.0,0.0007279914618643311,0.9617220307695656,7
2023,전북특별자치도,군산시,0.1100196450385494,1,-0.7816818920663487,0.2542634257355856,-0.4256254953352609,-0.910226474398622,-0.4658176090161615,-0.4792149802431284,7.0,0.0,0.0021975835434872,전북특별자치도군산시,-0.5506346048709959,4.0,0.0,0.0007279914618643311,0.9515449543358349,7
2017,전북특별자치도,김제시,9.999500033330834e-05,1,-0.9256640272061596,-0.0084061102434011,-0.2830104199334523,-0.7963170853940708,-0.503349410694271,-0.5767957409478771,1.0,0.0,0.0257652078860264,전북특별자치도김제시,-0.421372934228649,1.2857142857142858,0.0,0.0114607806364681,0.29886155934232067,6
2018,전북특별자치도,김제시,0.0,0,-0.9181974419683728,0.1494662666537467,-0.2696279567391502,-0.7640975648715747,-0.4506141742313377,-0.5109429133954002,2.0,0.0,0.0030952049073024,전북특별자치도김제시,-0.421372934228649,1.2857142857142858,0.0,0.0114607806364681,0.2940656238134931,6
2019,전북특별자치도,김제시,0.0,0,-0.9181974419683728,0.1305646331320789,-0.3213058887534248,-0.6980598660661235,-0.4517496409139605,-0.4952308916341391,0.0,0.0,0.0168571170664229,전북특별자치도김제시,-0.421372934228649,1.2857142857142858,0.0,0.0114607806364681,0.2834204394732306,6
2020,전북특별자치도,김제시,9.999500033330834e-05,1,-0.9365874862557716,0.3090213891960033,-0.2751573712630238,-0.6937160908357167,-0.3991098897896271,-0.4404273959651616,0.0,0.0,0.0162669724638719,전북특별자치도김제시,-0.421372934228649,1.2857142857142858,0.0,0.0114607806364681,0.2667496538315308,6
2021,전북특별자치도,김제시,0.0001999800026662,1,-0.9365874862557716,0.4500775802385424,-0.2793896335218577,-0.674245135279415,-0.3600361687046254,-0.3869183470988813,1.0,0.0,0.0077697372643606,전북특별자치도김제시,-0.421372934228649,1.2857142857142858,0.0,0.0114607806364681,0.2604214963657203,6
2022,전북특별자치도,김제시,0.0007996801705643,1,-0.9365874862557716,0.0478845542121928,-0.2166677123589957,-0.6502832821655008,-0.4389134816420188,-0.5129954047363597,2.0,0.0,0.0040916179032535,전북특별자치도김제시,-0.421372934228649,1.2857142857142858,0.0,0.0114607806364681,0.2897035640215213,6
2023,전북특별자치도,김제시,0.0005998200719676,1,-0.9365874862557716,0.448669253264436,-0.1928888991179073,-0.7025439623895685,-0.3458377736247028,-0.3968207317936347,3.0,0.0,0.006379606964039,전북특별자치도김제시,-0.421372934228649,1.2857142857142858,0.0,0.0114607806364681,0.2610250766809787,6
2017,전북특별자치도,남원시,9.999500033330834e-05,1,1.446941526806549,-0.132686872870381,0.711348555417926,-0.4102605285865628,0.4038356701918827,0.301331375116535,1.0,0.0,0.0554347068881005,전북특별자치도남원시,0.3809527462476908,1.2857142857142858,0.0,0.023625790302525946,0.32357891052718496,6
2018,전북특별자치도,남원시,0.0,0,1.4506403492202524,0.1616614863289443,0.6598233988354029,-0.384966472458326,0.4717896904815684,0.4091117876969569,2.0,0.0,0.0125212805536717,전북특별자치도남원시,0.3809527462476908,1.2857142857142858,0.0,0.023625790302525946,0.3230665502141607,6
2019,전북특별자치도,남원시,0.0,0,1.4506403492202524,0.3394521815616105,0.6638779072792427,-0.3967506212188548,0.5143049542105627,0.4644473031876694,0.0,0.0,0.0231304173888543,전북특별자치도남원시,0.3809527462476908,1.2857142857142858,0.0,0.023625790302525946,0.29839663142268286,6
2020,전북특별자치도,남원시,0.0,0,1.4002535420326865,0.6081600731126463,0.6912197662605586,-0.3986728442122537,0.5752401342984094,0.5365802569776931,0.0,0.0,0.0158733491562901,전북특별자치도남원시,0.3809527462476908,1.2857142857142858,0.0,0.023625790302525946,0.28149468976714703,6
2021,전북특별자치도,남원시,0.0,0,1.4002535420326865,-0.1198282385798311,-0.0969647834905686,-0.3742659466962765,0.2022986433165025,0.3020531189188596,1.0,0.0,0.0221528046411333,전북특별자치도남원시,0.3809527462476908,1.2857142857142858,0.0,0.023625790302525946,0.4163303073175617,6
2022,전북특별자치도,남원시,9.999500033330834e-05,1,1.4002535420326865,-0.2941164512822212,-0.0132563530409961,-0.3922751247335235,0.1751514032439864,0.2379539886723139,2.0,0.0,0.0170537545658275,전북특별자치도남원시,0.3809527462476908,1.2857142857142858,0.0,0.023625790302525946,0.43261323866498824,6
2023,전북특별자치도,남원시,9.999500033330834e-05,1,1.4002535420326865,0.257788327045977,0.0174120399421585,-0.3792589970571264,0.3240487279909239,0.4262609573405124,3.0,0.0,0.0192142189238042,전북특별자치도남원시,0.3809527462476908,1.2857142857142858,0.0,0.023625790302525946,0.3764118182642846,6
2017,전북특별자치도,무주군,0.0,0,-0.2973501836960673,0.0198534797096683,0.711348555417926,-0.23002027219615,0.0509578948088442,-0.169172325394183,1.0,0.0,0.0057832447557273,전북특별자치도무주군,0.05418593998994931,0.2857142857142857,0.0,0.0021674794616626286,0.09932481288534659,4
2018,전북특별자치도,무주군,0.0,0,-0.2908813781091923,0.0804822234157091,0.6598233988354029,-0.3673586667931507,0.0205163943371922,-0.1925859404955446,0.0,0.0,0.0006997551142733,전북특별자치도무주군,0.05418593998994931,0.2857142857142857,0.0,0.0021674794616626286,0.10379549099538228,4
2019,전북특별자치도,무주군,0.0001999800026662,1,-0.2908813781091923,-0.1063460343076689,0.6638779072792427,-0.3526403907148745,-0.0214974739631232,-0.2499559343772452,0.0,0.0,0.0005998200719676,전북특별자치도무주군,0.05418593998994931,0.2857142857142857,0.0,0.0021674794616626286,0.11029497746778048,4
2020,전북특별자치도,무주군,0.0,0,-0.231026069712698,0.3578633655501379,0.6912197662605586,-0.3347994592869505,0.1208144007027619,-0.0693207211498368,1.0,0.0,0.0009995003330835,전북특별자치도무주군,0.05418593998994931,0.2857142857142857,0.0,0.0021674794616626286,0.09056277889747781,4
2021,전북특별자치도,무주군,0.0,0,-0.231026069712698,0.29028452704074,0.661977496328156,-0.3532530367624624,0.0919957292234338,-0.0979981931448068,0.0,0.0,0.001199280575482,전북특별자치도무주군,0.05418593998994931,0.2857142857142857,0.0,0.0021674794616626286,0.09345192580251842,4
2022,전북특별자치도,무주군,0.0,0,-0.231026069712698,-0.1063321350194922,0.7039822447798993,-0.3284927756651281,0.0095328160956452,-0.2219503267991061,0.0,0.0,0.0036931718376175,전북특별자치도무주군,0.05418593998994931,0.2857142857142857,0.0,0.0021674794616626286,0.10482671502268015,4
2023,전북특별자치도,무주군,9.999500033330834e-05,1,-0.231026069712698,0.233222670916612,0.7311373456691725,-0.305406671973522,0.1069818187248911,-0.1010700235898693,0.0,0.0,0.0021975835434872,전북특별자치도무주군,0.05418593998994931,0.2857142857142857,0.0,0.0021674794616626286,0.09123838241347763,4
2017,전북특별자치도,부안군,9.999500033330834e-05,1,0.0205793188314296,-0.0084061102434011,0.711348555417926,0.3222958593681319,0.2614544058435216,0.1114896893187201,1.0,0.0,0.0381624610943489,전북특별자치도부안군,0.2584654271453286,0.5714285714285714,0.0,0.015693911893942643,0.144527699904784,5
2018,전북특별자치도,부안군,0.0,0,0.0265432436309034,0.1494662666537467,0.6598233988354029,0.3454130660713697,0.2953114937978557,0.1738075254520066,2.0,0.0,0.004489905272852,전북특별자치도부안군,0.2584654271453286,0.5714285714285714,0.0,0.015693911893942643,0.14853413253542608,5
2019,전북특별자치도,부안군,0.0,0,0.0265432436309034,0.1305646331320789,0.6638779072792427,0.4449659862175544,0.3164879425649448,0.2006912876601789,0.0,0.0,0.0251802985302982,전북특별자치도부안군,0.2584654271453286,0.5714285714285714,0.0,0.015693911893942643,0.1359365996425576,5
2020,전북특별자치도,부안군,0.0,0,0.0075492331943282,0.3090213891960033,0.6912197662605586,0.4734471118899219,0.370309375135203,0.2633392447600845,0.0,0.0,0.0239118200463128,전북특별자치도부안군,0.2584654271453286,0.5714285714285714,0.0,0.015693911893942643,0.12636721009093457,5
2021,전북특별자치도,부안군,0.0,0,0.0075492331943282,0.4500775802385424,-0.1791602153662725,0.4869240696681158,0.1913476669336785,0.3148502943669955,1.0,0.0,0.0116320842297076,전북특별자치도부안군,0.2584654271453286,0.5714285714285714,0.0,0.015693911893942643,0.16717075811075838,5
2022,전북특별자치도,부안군,0.0,0,0.0075492331943282,0.0478845542121928,-0.0053175373005047,0.507937483089713,0.1395134332989323,0.1877904234987446,0.0,0.0,0.0061808590750811,전북특별자치도부안군,0.2584654271453286,0.5714285714285714,0.0,0.015693911893942643,0.17924512059597938,5
2023,전북특별자치도,부안군,0.0,0,0.0075492331943282,0.448669253264436,-0.0470457009697872,0.5301619042836804,0.2348336724431643,0.3287934635808149,0.0,0.0,0.0002999550089979,전북특별자치도부안군,0.2584654271453286,0.5714285714285714,0.0,0.015693911893942643,0.15947489311852653,5
2017,전북특별자치도,순창군,0.0020977980821461,1,0.5735153124383336,0.038857143028452,-1.197839753785754,0.1172050154476077,-0.1170655707178402,0.2431924903047978,1.0,0.0,0.0051865266873,전북특별자치도순창군,0.2010686641834028,4.0,0.5714285714285714,0.0022965423304004717,0.9970171764773401,8
2018,전북특별자치도,순창군,0.0109399400383343,1,0.5786011596840875,0.3792624998877918,0.6598233988354029,0.1468159336203129,0.4411257480068988,0.3682265310640641,2.0,1.0,0.001998002662673,전북특별자치도순창군,0.2010686641834028,4.0,0.5714285714285714,0.0022965423304004717,0.9986885708103346,8
2019,전북특별자치도,순창군,0.0037927982386962,1,0.5786011596840875,0.2522243481100415,-0.3405182648942345,0.2231486739770787,0.1783639792192433,0.3513247272570692,3.0,1.0,0.0020977980821461,전북특별자치도순창군,0.2010686641834028,4.0,0.5714285714285714,0.0022965423304004717,0.9991509553265838,8
2020,전북특별자치도,순창군,0.0022973590486834,1,0.5175154217512886,0.6765845455651229,-0.2504011181617732,0.2472788497231524,0.2977444247194476,0.4804596056798546,4.0,1.0,0.0016985566355814,전북특별자치도순창군,0.2010686641834028,4.0,0.5714285714285714,0.0022965423304004717,0.9989834090960915,8
2021,전북특별자치도,순창군,0.0023971245997214,1,0.5175154217512886,0.2480136694696423,-0.239928477106768,0.2648777363964179,0.1976195876276452,0.3434689425391162,5.0,1.0,0.0022973590486834,전북특별자치도순창군,0.2010686641834028,4.0,0.5714285714285714,0.0022965423304004717,0.9991436464986142,8
2022,전북특별자치도,순창군,0.0069756137364252,1,0.5175154217512886,-0.151347084596318,-0.1917831407138691,0.2879187212674949,0.115575979427149,0.2180290194741551,6.0,0.0,0.0006997551142733,전북특별자치도순창군,0.2010686641834028,4.0,0.5714285714285714,0.0022965423304004717,0.9959455662737369,8
2023,전북특별자치도,순창군,0.0103462920541443,1,0.5175154217512886,0.5545159288085407,-0.2061747804114965,0.3106094338567711,0.2941165010012759,0.4608802614722001,7.0,0.0,0.0020977980821461,전북특별자치도순창군,0.2010686641834028,4.0,0.5714285714285714,0.0022965423304004717,0.994643876474336,8
2017,전북특별자치도,완주군,0.0,0,-0.7514298079555917,0.2236547155665314,0.711348555417926,-0.7725018825889147,-0.1472321048900122,-0.4334256583259916,1.0,0.0,0.0031948908965191,전북특별자치도완주군,-0.1273736558545156,0.2857142857142857,0.0,0.0014842565820595,0.09513869367946323,4
2018,전북특별자치도,완주군,0.0,0,-0.7442399114463063,0.3332709909521731,0.6598233988354029,-0.7621196384327713,-0.1283162900228754,-0.3910295196423015,0.0,0.0,0.001598721363697,전북특별자치도완주군,-0.1273736558545156,0.2857142857142857,0.0,0.0014842565820595,0.09188183380686103,4
2019,전북특별자치도,완주군,0.0,0,-0.7442399114463063,0.1729046131850035,0.6638779072792427,-0.7424890057577734,-0.1624865991849584,-0.4379414346730254,0.0,0.0,0.001598721363697,전북특별자치도완주군,-0.1273736558545156,0.2857142857142857,0.0,0.0014842565820595,0.09658698905336612,4
2020,전북특별자치도,완주군,0.0,0,-0.6931885354511866,0.6259296703590859,0.6912197662605586,-0.6746480301268869,-0.0126717822396072,-0.2473022984063292,0.0,0.0,0.00129915573162,전북특별자치도완주군,-0.1273736558545156,0.2857142857142857,0.0,0.0014842565820595,0.07750067609035664,4
2021,전북특별자치도,완주군,0.0,0,-0.6931885354511866,0.8072589895941301,0.661977496328156,-0.6768070400586719,0.0248102276031068,-0.1875788619719094,0.0,0.0,0.0016985566355814,전북특별자치도완주군,-0.1273736558545156,0.2857142857142857,0.0,0.0014842565820595,0.07322520371935376,3
2022,전북특별자치도,완주군,0.0,0,-0.6931885354511866,0.3204197760070768,-0.0821044442370237,-0.6975350911793612,-0.2881020737151237,-0.3567679502078236,0.0,0.0,0.000499875041651,전북특별자치도완주군,-0.1273736558545156,0.2857142857142857,0.0,0.0014842565820595,0.11602784730498784,5
2023,전북특별자치도,완주군,0.0,0,-0.6931885354511866,0.7774224350944202,-0.0781064388214738,-0.7165953349503167,-0.1776169685321392,-0.210787145102361,1.0,0.0,0.000499875041651,전북특별자치도완주군,-0.1273736558545156,0.2857142857142857,0.0,0.0014842565820595,0.09998422622370146,4
2017,전북특별자치도,익산시,0.0006997551142733,1,-0.9150101748012774,-0.5184179064297751,-0.4043050612809868,-0.9672181435582172,-0.7012378215175642,-0.80021540826309,1.0,0.0,0.0225439644348945,전북특별자치도익산시,-0.5798362154514741,4.0,0.14285714285714285,0.009984465346610029,0.9749254039429752,8
2018,전북특별자치도,익산시,9.999500033330834e-05,1,-0.9075605081739,0.2751174811208735,-0.2649655450166513,-1.007809664148204,-0.4763045590544704,-0.5467508970670768,2.0,0.0,0.0024968801985871,전북특별자치도익산시,-0.5798362154514741,4.0,0.14285714285714285,0.009984465346610029,0.9662291850595689,7
2019,전북특별자치도,익산시,0.0013990209137073,1,-0.9075605081739,-0.2461685887812169,-0.303002515231433,-1.0702259104427476,-0.6317393806573244,-0.7413183357992882,3.0,0.0,0.0144944461504525,전북특별자치도익산시,-0.5798362154514741,4.0,0.14285714285714285,0.009984465346610029,0.9731240605142599,7
2020,전북특별자치도,익산시,0.0,0,-0.9082789005637552,-0.0366016199542182,-0.2460223294574327,-1.046583651075941,-0.5593716252628368,-0.6638213905313047,4.0,1.0,0.013804280976397,전북특별자치도익산시,-0.5798362154514741,4.0,0.14285714285714285,0.009984465346610029,0.9944645274000625,8
2021,전북특별자치도,익산시,0.0,0,-0.9082789005637552,-0.1566354365307665,-0.2243726028734982,-1.0254617569989144,-0.5786871742417335,-0.6967920313644788,5.0,0.0,0.0066776547532405,전북특별자치도익산시,-0.5798362154514741,4.0,0.14285714285714285,0.009984465346610029,0.9719160600263905,7
2022,전북특별자치도,익산시,0.0005998200719676,1,-0.9082789005637552,-0.3648093310195524,-0.1919278965678608,-1.0006878093790832,-0.6164259843825629,-0.7579253469874635,6.0,0.0,0.0036931718376175,전북특별자치도익산시,-0.5798362154514741,4.0,0.14285714285714285,0.009984465346610029,0.9739945196713978,8
2023,전북특별자치도,익산시,0.0009995003330835,1,-0.9082789005637552,0.2542634257355856,-0.2973605113929043,-1.0289718659542326,-0.4950869630438266,-0.5609957802608007,7.0,0.0,0.0061808590750811,전북특별자치도익산시,-0.5798362154514741,4.0,0.14285714285714285,0.009984465346610029,0.9687269145019113,7
2017,전북특별자치도,임실군,0.0118297517535772,1,0.2971579639536266,-0.0299945522409058,-0.2949938343073346,-0.636434601613484,-0.1660662560520244,-0.1230903966335877,1.0,0.0,0.0024968801985871,전북특별자치도임실군,-0.11631775620929544,4.0,0.14285714285714285,0.0010991076160026287,0.9781069652870074,8
2018,전북특별자치도,임실군,0.0121261797978405,1,0.3026826742636694,0.1835330720881007,-0.290512718722484,-0.5978999625342949,-0.1005492337262521,-0.0372280720608415,2.0,0.0,0.0003999200213269,전북특별자치도임실군,-0.11631775620929544,4.0,0.14285714285714285,0.0010991076160026287,0.9761046783054886,8
2019,전북특별자치도,임실군,0.0076705063042197,1,0.3026826742636694,-0.125938520149033,-0.2336561028970655,-0.627576241368734,-0.1711220475377907,-0.1502773624180325,3.0,1.0,0.0018981972830802,전북특별자치도임실군,-0.11631775620929544,4.0,0.14285714285714285,0.0010991076160026287,0.9960786428883796,8
2020,전북특별자치도,임실군,0.0129162252665463,1,0.3098346864507247,0.2540521040519796,-0.1954043184751371,-0.6021857244364606,-0.0584258131022233,-0.012766311311252,4.0,0.0,0.0007996801705643,전북특별자치도임실군,-0.11631775620929544,4.0,0.14285714285714285,0.0010991076160026287,0.9750097808168285,8
2021,전북특별자치도,임실군,0.0035935355101301,1,0.3098346864507247,0.0738692375898604,-0.2349473381945428,-0.6097887050679044,-0.1152580298054655,-0.075361593675773,5.0,0.0,0.0003999200213269,전북특별자치도임실군,-0.11631775620929544,4.0,0.14285714285714285,0.0010991076160026287,0.9774238325179117,8
2022,전북특별자치도,임실군,0.0021975835434872,1,0.3098346864507247,-0.168272367724158,-0.1860059587512936,-0.6271946079621084,-0.1679095619967088,-0.1618774297451805,6.0,0.0,0.000499875041651,전북특별자치도임실군,-0.11631775620929544,4.0,0.14285714285714285,0.0010991076160026287,0.979451935193376,8
2023,전북특별자치도,임실군,0.0167587838149547,1,0.3098346864507247,0.3526062949485763,-0.1712121404376533,-0.630802245940061,-0.0348933512446033,0.01054624515308,7.0,0.0,0.001199280575482,전북특별자치도임실군,-0.11631775620929544,4.0,0.14285714285714285,0.0010991076160026287,0.9749009268998358,8
2017,전북특별자치도,장수군,9.999500033330834e-05,1,-0.1422423166857184,-0.35566693411989,0.711348555417926,-0.788374604802657,-0.1437338250475848,-0.4287612852027551,1.0,0.0,0.0038924147153438,전북특별자치도장수군,-0.08891326326700692,0.42857142857142855,0.0,0.0017978042672671857,0.12254745468704878,5
2018,전북특별자치도,장수군,0.0,0,-0.136019826654354,-0.1371813946471041,0.6598233988354029,-0.7498257704886437,-0.0908008982386747,-0.3410089972633672,2.0,0.0,0.001998002662673,전북특별자치도장수군,-0.08891326326700692,0.42857142857142855,0.0,0.0017978042672671857,0.11524655622091616,5
2019,전북특별자치도,장수군,0.0,0,-0.136019826654354,-0.402792037418919,0.6638779072792427,-0.7492976270448939,-0.156057895959731,-0.4293698303727223,0.0,0.0,0.0020977980821461,전북특별자치도장수군,-0.08891326326700692,0.42857142857142855,0.0,0.0017978042672671857,0.12388978181693709,5
2020,전북특별자치도,장수군,0.0,0,-0.1064450716057374,0.1237599320898681,0.6912197662605586,-0.7004042545524026,0.0020325930480716,-0.2276964646894239,0.0,0.0,0.00129915573162,전북특별자치도장수군,-0.08891326326700692,0.42857142857142855,0.0,0.0017978042672671857,0.09890932174162369,4
2021,전북특별자치도,장수군,0.0,0,-0.1064450716057374,-0.2225636813295239,0.661977496328156,-0.6767471156796294,-0.0859445930716837,-0.3352519562049636,0.0,0.0,0.0021975835434872,전북특별자치도장수군,-0.08891326326700692,0.42857142857142855,0.0,0.0017978042672671857,0.11210142010792165,4
2022,전북특별자치도,장수군,0.0,0,-0.1064450716057374,-0.5896694366575265,0.7039822447798993,-0.6507260844501211,-0.1607145869833714,-0.448946864237795,0.0,0.0,0.0006997551142733,전북특별자치도장수군,-0.08891326326700692,0.42857142857142855,0.0,0.0017978042672671857,0.12504884853730364,5
2023,전북특별자치도,장수군,0.0,0,-0.1064450716057374,0.0539632142147018,0.7311373456691725,-0.6273500347424348,0.0128263633839255,-0.2266106307111568,0.0,0.0,0.0003999200213269,전북특별자치도장수군,-0.08891326326700692,0.42857142857142855,0.0,0.0017978042672671857,0.09754452328755128,4
2017,전북특별자치도,전주시,0.0,0,-1.1159580595774403,0.2236547155665314,-0.2937196743160432,-2.3281164077135736,-0.8785348565101314,-1.0734732505748277,1.0,0.0,0.0006997551142733,전북특별자치도전주시,-0.8570030262078697,0.7142857142857143,0.0,0.0002999250287011595,0.12661459842609998,5
2018,전북특별자치도,전주시,0.0,0,-1.108189282186558,0.3332709909521731,-0.3261827139349353,-2.302661333152489,-0.8509405845804523,-1.025859874795625,2.0,0.0,0.0001999800026662,전북특별자치도전주시,-0.8570030262078697,0.7142857142857143,0.0,0.0002999250287011595,0.12312446895472665,5
2019,전북특별자치도,전주시,9.999500033330834e-05,1,-1.108189282186558,0.1729046131850035,-0.56316133546311,-2.343804550384113,-0.9605626387121944,-1.0930297397952224,0.0,0.0,0.0,전북특별자치도전주시,-0.8570030262078697,0.7142857142857143,0.0,0.0002999250287011595,0.14078574972487307,5
2020,전북특별자치도,전주시,0.0,0,-1.1103760259347604,0.6259296703590854,-0.4610146825369852,-2.367379309078774,-0.8282100867978583,-0.950608554884816,1.0,0.0,0.000499875041651,전북특별자치도전주시,-0.8570030262078697,0.7142857142857143,0.0,0.0002999250287011595,0.11795039972295217,5
2021,전북특별자치도,전주시,0.0,0,-1.1103760259347604,0.8072589895941301,-0.5739365641805827,-2.34605348908147,-0.8057767724006707,-0.8830568418073668,0.0,0.0,9.999500033330834e-05,전북특별자치도전주시,-0.8570030262078697,0.7142857142857143,0.0,0.0002999250287011595,0.11317055904045302,4
2022,전북특별자치도,전주시,0.0002999550089979,1,-1.1103760259347604,0.3204197760070768,-0.4802440264923393,-2.3622338507503695,-0.908108531792598,-1.050730033559351,0.0,0.0,9.999500033330834e-05,전북특별자치도전주시,-0.8570030262078697,0.7142857142857143,0.0,0.0002999250287011595,0.1308300472291025,5
2023,전북특별자치도,전주시,0.0001999800026662,1,-1.1103760259347604,0.7774224350944202,-0.3774621375333417,-2.3571351222710533,-0.7668877126611837,-0.8966962377037978,1.0,0.0,0.000499875041651,전북특별자치도전주시,-0.8570030262078697,0.7142857142857143,0.0,0.0002999250287011595,0.1080389541627847,4
2017,전북특별자치도,정읍시,0.0001999800026662,1,0.12528424216962,0.1117204235913959,-0.3069586689831766,0.0838809886363469,0.0034817463535466,0.106961884799121,1.0,0.0,0.0061808590750811,전북특별자치도정읍시,0.06741977154417762,4.0,0.0,0.002737863832937571,0.9681175942585993,7
2018,전북특별자치도,정읍시,0.0003999200213269,1,0.131081892673316,0.0486809372760171,-0.253230825928657,0.1133244993217174,0.0099641258355984,0.0976957764236835,2.0,0.0,0.0020977980821461,전북특별자치도정읍시,0.06741977154417762,4.0,0.0,0.002737863832937571,0.9684287042304162,7
2019,전북특별자치도,정읍시,0.0006997551142733,1,0.131081892673316,0.1938801581548388,-0.1649658791720761,0.1138204702195617,0.0684541604689101,0.1462608403492388,3.0,0.0,0.00329456694943,전북특별자치도정읍시,0.06741977154417762,4.0,0.0,0.002737863832937571,0.9657045677691205,7
2020,전북특별자치도,정읍시,0.0001999800026662,1,0.1055210051530514,0.2914287908254914,-0.106306066700466,0.1435344319789492,0.1085445403142565,0.180161409319164,4.0,0.0,0.0016985566355814,전북특별자치도정읍시,0.06741977154417762,4.0,0.0,0.002737863832937571,0.9640214544923503,7
2021,전북특별자치도,정읍시,0.0002999550089979,1,0.1055210051530514,0.325352298522795,-0.1147816943942683,0.1616423057556836,0.1194334787593154,0.1975052031438433,5.0,0.0,0.0021975835434872,전북특별자치도정읍시,0.06741977154417762,4.0,0.0,0.002737863832937571,0.9637703376576882,7
2022,전북특별자치도,정읍시,9.999500033330834e-05,1,0.1055210051530514,-0.0682580295025108,-0.0670876940997787,0.0622789959219225,0.008113569368171,0.033180657190821,6.0,0.0,0.000899595242836,전북특별자치도정읍시,0.06741977154417762,4.0,0.0,0.002737863832937571,0.9699668995259608,7
2023,전북특별자치도,정읍시,0.0006997551142733,1,0.1055210051530514,0.5374148920770573,-0.0609176515785635,0.033768873186236,0.1539467797094453,0.2255682568054482,7.0,0.0,0.0027960873020012,전북특별자치도정읍시,0.06741977154417762,4.0,0.0,0.002737863832937571,0.962561058734971,7
2017,전북특별자치도,진안군,0.0,0,-0.6338896796429732,-0.35566693411989,0.711348555417926,-1.056547854910893,-0.3336889783139575,-0.6820348228912522,0.0,0.0,0.004489905272852,전북특별자치도진안군,-0.2876972140634032,0.0,0.0,0.002096990345389086,0.06178264996006183,2
2018,전북특별자치도,진안군,0.0,0,-0.6268864400877041,-0.1371813946471041,0.6598233988354029,-1.0281657901586452,-0.2831025565145126,-0.5974112082978178,0.0,0.0,0.0023971245997214,전북특별자치도진안군,-0.2876972140634032,0.0,0.0,0.002096990345389086,0.0574697715763098,2
2019,전북특별자치도,진안군,0.0,0,-0.6268864400877041,-0.402792037418919,0.6638779072792427,-1.0234131970393854,-0.3473034418166915,-0.6843638915153362,0.0,0.0,0.0024968801985871,전북특별자치도진안군,-0.2876972140634032,0.0,0.0,0.002096990345389086,0.06333185891310104,2
2020,전북특별자치도,진안군,0.0,0,-0.605360145614025,0.1237599320898681,0.6912197662605586,-1.0010807188182886,-0.1978652915204717,-0.4942269774474818,0.0,0.0,0.001598721363697,전북특별자치도진안군,-0.2876972140634032,0.0,0.0,0.002096990345389086,0.050543269698332775,1
2021,전북특별자치도,진안군,0.0,0,-0.605360145614025,-0.2225636813295239,0.661977496328156,-0.9873064778550922,-0.2883132021176212,-0.6050767682662137,0.0,0.0,0.0025966258472659,전북특별자치도진안군,-0.2876972140634032,0.0,0.0,0.002096990345389086,0.05790257634824591,2
2022,전북특별자치도,진안군,0.0,0,-0.605360145614025,-0.5896694366575265,0.7039822447798993,-0.9833905769012564,-0.3686094785982271,-0.7261400530576027,0.0,0.0,0.0006997551142733,전북특별자치도진안군,-0.2876972140634032,0.0,0.0,0.002096990345389086,0.06564783387084924,3
2023,전북특별자치도,진안군,0.0,0,-0.605360145614025,0.0539632142147018,0.7311373456691725,-0.9597306125192128,-0.1949975495623408,-0.5037091813061787,0.0,0.0,0.0003999200213269,전북특별자치도진안군,-0.2876972140634032,0.0,0.0,0.002096990345389086,0.05044977370607956,1
2017,충청남도,계룡시,0.0,0,-0.1452877799349874,0.5923500828073617,-0.2428410599156907,-1.1554708538141223,-0.2378124027143597,-0.2361361836472494,0.0,0.0,0.0002999550089979,충청남도계룡시,-0.2486824348804022,0.0,0.0,0.0001285578592852738,0.05816498964325503,2
2018,충청남도,계룡시,0.0,0,-0.1390604536242873,0.6735129322703518,-0.2762748699794425,-1.1252902717301572,-0.2167781657658838,-0.1969459310280309,0.0,0.0,0.0001999800026662,충청남도계룡시,-0.2486824348804022,0.0,0.0,0.0001285578592852738,0.056345222453912394,2
2019,충청남도,계룡시,0.0,0,-0.1390604536242873,0.3379887279927079,-0.2706639739044054,-1.0524546439797848,-0.2810475858789424,-0.2845087898704547,0.0,0.0,0.0,충청남도계룡시,-0.2486824348804022,0.0,0.0,0.0001285578592852738,0.062145604079023975,2
2020,충청남도,계룡시,0.0,0,-0.1315660387746407,0.4623114940122969,-0.2547446307661962,-1.0168054450981143,-0.2352011551566636,-0.2286866632868193,0.0,0.0,9.999500033330834e-05,충청남도계룡시,-0.2486824348804022,0.0,0.0,0.0001285578592852738,0.057958980163808266,2
2021,충청남도,계룡시,0.0,0,-0.1315660387746407,0.2752439116501008,-0.3019074907969053,-0.9986328198488936,-0.2892156094425847,-0.2849849823244779,0.0,0.0,0.0,충청남도계룡시,-0.2486824348804022,0.0,0.0,0.0001285578592852738,0.0629181983451511,2
2022,충청남도,계룡시,0.0,0,-0.1315660387746407,0.1883368607815874,-0.275143198026662,-0.9753096137203217,-0.2984204974350092,-0.3061795972377916,0.0,0.0,9.999500033330834e-05,충청남도계룡시,-0.2486824348804022,0.0,0.0,0.0001285578592852738,0.06378626384189755,3
2023,충청남도,계룡시,0.0,0,-0.1315660387746407,0.6230848651576705,-0.2681713402538085,-0.9525539972067096,-0.1823016277693721,-0.1536783902745599,0.0,0.0,0.0001999800026662,충청남도계룡시,-0.2486824348804022,0.0,0.0,0.0001285578592852738,0.053459345755504206,1
2020,충청남도,공주시,0.0,0,-0.4093427164990231,0.350730698322524,-0.2018096047471594,-1.0517580454777766,-0.3280449171003587,-0.3701233545514252,0.0,0.0,0.0003999200213269,충청남도공주시,-0.2972730104351253,0.75,0.0,0.0003998975393151021,0.16443436042076381,5
2021,충청남도,공주시,9.999500033330834e-05,1,-0.4093427164990231,0.1049991455552241,-0.2676665039306964,-1.025331129837315,-0.3993353011779525,-0.4432249002603712,0.0,0.0,9.999500033330834e-05,충청남도공주시,-0.2972730104351253,0.75,0.0,0.0003998975393151021,0.1809540188375312,5
2022,충청남도,공주시,0.0001999800026662,1,-0.4093427164990231,0.3248006817811666,-0.0640675337634394,-1.0258439625726423,-0.2936133827634846,-0.3701286657634997,1.0,0.0,0.0003999200213269,충청남도공주시,-0.2972730104351253,0.75,0.0,0.0003998975393151021,0.15846605168222233,5
2023,충청남도,공주시,0.0002999550089979,1,-0.4093427164990231,0.6310405204825088,0.1257695829123965,-1.019861149690703,-0.1680984406987052,-0.2660544485690724,2.0,0.0,0.0006997551142733,충청남도공주시,-0.2972730104351253,0.75,0.0,0.0003998975393151021,0.13453862170799472,5
2017,충청남도,금산군,0.0,0,-0.4231415152065326,0.0198534797096683,-0.1102896407904226,-0.6991397991588538,-0.3031793688615352,-0.3674759448852393,1.0,0.0,0.0,충청남도금산군,-0.2921952375786633,0.7142857142857143,0.0,0.0,0.1550194383188628,5
2018,충청남도,금산군,9.999500033330834e-05,1,-0.4164729495282022,0.0804822234157091,-0.0855684665140978,-0.6646658467400084,-0.2715562598416497,-0.3335521909508338,0.0,0.0,0.0,충청남도금산군,-0.2921952375786633,0.7142857142857143,0.0,0.0,0.14700879373158957,5
2019,충청남도,금산군,0.0001999800026662,1,-0.4164729495282022,-0.1063460343076689,-0.3996704131002696,-0.6496126849809702,-0.3930255204792777,-0.3908105562722805,1.0,0.0,0.0,충청남도금산군,-0.2921952375786633,0.7142857142857143,0.0,0.0,0.17497188781398124,5
2020,충청남도,금산군,0.0,0,-0.3642094158207749,0.3578633655501379,-0.3778839130394096,-0.5904498488334669,-0.2436699530358783,-0.1989319663680346,2.0,0.0,0.0,충청남도금산군,-0.2921952375786633,0.7142857142857143,0.0,0.0,0.14426412295487173,5
2021,충청남도,금산군,0.0,0,-0.3642094158207749,0.29028452704074,-0.3566669072777814,-0.5693935249192787,-0.2499963302442737,-0.2144394712331045,0.0,0.0,0.0,충청남도금산군,-0.2921952375786633,0.7142857142857143,0.0,0.0,0.14269982937335235,5
2022,충청남도,금산군,0.0,0,-0.3642094158207749,-0.1063321350194922,-0.2918995353395326,-0.619885474115283,-0.3455816400737707,-0.3634756749851833,1.0,0.0,0.0,충청남도금산군,-0.2921952375786633,0.7142857142857143,0.0,0.0,0.16419438614800924,5
2023,충청남도,금산군,9.999500033330834e-05,1,-0.3642094158207749,0.233222670916612,-0.2257104498507035,-0.5967331673021645,-0.2383575905142577,-0.2425733040687757,0.0,0.0,0.0,충청남도금산군,-0.2921952375786633,0.7142857142857143,0.0,0.0,0.14041777062925256,5
2017,충청남도,논산시,9.999500033330834e-05,1,-0.8018432895628687,0.446074493709879,-0.3329914632282286,-1.126385758779617,-0.4537865044652088,-0.4940515182108689,1.0,0.0,0.0002999550089979,충청남도논산시,-0.45713308659946755,2.142857142857143,0.0,0.0001285564309995,0.5813800197394161,6
2018,충청남도,논산시,9.999500033330834e-05,1,-0.7945733350593198,0.3557014384205081,-0.373805266385084,-1.1441483071069134,-0.4892063675327023,-0.527673401248575,2.0,0.0,0.0001999800026662,충청남도논산시,-0.45713308659946755,2.142857142857143,0.0,0.0001285564309995,0.598035013877261,6
2019,충청남도,논산시,0.0,0,-0.7945733350593198,0.0859344895902075,-0.390039541146673,-1.1281260339956405,-0.5567011051528564,-0.6122549598215842,3.0,0.0,0.0,충청남도논산시,-0.45713308659946755,2.142857142857143,0.0,0.0001285564309995,0.6267045922571838,6
2020,충청남도,논산시,0.0,0,-0.7605612805936699,0.3182339413037358,-0.3864373257989899,-1.0718534244333346,-0.4751545223805646,-0.5047269212410895,4.0,0.0,0.0001999800026662,충청남도논산시,-0.45713308659946755,2.142857142857143,0.0,0.0001285564309995,0.5980983344397992,6
2021,충청남도,논산시,0.0,0,-0.7605612805936699,0.2079656160400268,-0.3853737992802742,-1.07334333127671,-0.5028281987776568,-0.5419796652767843,5.0,0.0,0.0,충청남도논산시,-0.45713308659946755,2.142857142857143,0.0,0.0001285564309995,0.6116172778065516,6
2022,충청남도,논산시,0.0,0,-0.7605612805936699,0.3537455282011714,-0.3250417806575548,-1.047225868634278,-0.4447708504210828,-0.4846805403422587,0.0,0.0,0.0,충청남도논산시,-0.45713308659946755,2.142857142857143,0.0,0.0001285564309995,0.5751990424470975,6
2023,충청남도,논산시,9.999500033330834e-05,1,-0.7605612805936699,0.8698167782922388,-0.1715742235278489,-1.0476175040355244,-0.2774840574662011,-0.3127873354456518,0.0,0.0,0.0001999800026662,충청남도논산시,-0.45713308659946755,2.142857142857143,0.0,0.0001285564309995,0.5081802081054966,6
2017,충청남도,당진시,0.0,0,-0.4984034478234164,-0.5527578905666194,0.711348555417926,-0.4212582647873515,-0.1902677619398653,-0.4908065343924624,0.0,0.0,0.0023971245997214,충청남도당진시,-0.293099080838563,0.0,0.0,0.000913338657654031,0.04937445076719018,1
2018,충청남도,당진시,0.0,0,-0.4916153641277303,-0.5865709445208805,0.6598233988354029,-0.4944971758054001,-0.228215021404652,-0.524227828151337,0.0,0.0,0.000499875041651,충청남도당진시,-0.293099080838563,0.0,0.0,0.000913338657654031,0.052539478300327194,1
2019,충청남도,당진시,0.0,0,-0.4916153641277303,-0.5558836375483144,0.6638779072792427,-0.5999304495826886,-0.2458878859948726,-0.5491431504195777,0.0,0.0,9.999500033330834e-05,충청남도당진시,-0.293099080838563,0.0,0.0,0.000913338657654031,0.054022846014917775,1
2020,충청남도,당진시,0.0,0,-0.5060162199864122,-0.3866507019638829,0.6912197662605586,-0.607383567232117,-0.2022076807304633,-0.5000168297274707,0.0,0.0,0.0,충청남도당진시,-0.293099080838563,0.0,0.0,0.000913338657654031,0.05054288761679798,1
2021,충청남도,당진시,0.0,0,-0.5060162199864122,-0.1442217893823245,0.0020493493605747,-0.5854977742200138,-0.3084216085570439,-0.4119119278629168,0.0,0.0,9.999500033330834e-05,충청남도당진시,-0.293099080838563,0.0,0.0,0.000913338657654031,0.059417514808576335,2
2022,충청남도,당진시,0.0,0,-0.5060162199864122,-0.0758847212965563,-0.3116861428386827,-0.6214342653723909,-0.3787553373735105,-0.4011117355517865,0.0,0.0,0.0006997551142733,충청남도당진시,-0.293099080838563,0.0,0.0,0.000913338657654031,0.06600362054457885,3
2023,충청남도,당진시,0.0,0,-0.5060162199864122,-0.4646769013232663,-0.4228585806875543,-0.5982013774809001,-0.4979382698695332,-0.5229648329301929,0.0,0.0,0.0025966258472659,충청남도당진시,-0.293099080838563,0.0,0.0,0.000913338657654031,0.0785877337985309,4
2017,충청남도,보령시,0.0001999800026662,1,0.6384079168985367,-0.2341532049268394,-0.1907434921655641,-0.1752193903252787,0.0095729573702136,0.0763451072154728,1.0,0.0,0.0029955089797984,충청남도보령시,0.030812488384270982,4.0,0.0,0.0011273214774823142,0.965642828305054,7
2018,충청남도,보령시,0.000499875041651,1,0.6433907129050193,-0.0803142850017813,-0.1752775327820345,-0.2289866186534675,0.0397030691169339,0.1113632697499234,2.0,0.0,0.0,충청남도보령시,0.030812488384270982,4.0,0.0,0.0011273214774823142,0.9646178654063718,7
2019,충청남도,보령시,0.0038924147153438,1,0.6433907129050193,-0.3187104754651834,-0.1523038933021465,-0.2434714383769676,-0.0177737735598195,0.0270695996876227,3.0,0.0,0.0002999550089979,충청남도보령시,0.030812488384270982,4.0,0.0,0.0011273214774823142,0.9679866429475211,7
2020,충청남도,보령시,0.0005998200719676,1,0.5763702591184338,-0.3741058850875996,-0.1921829856196909,-0.2192170724210302,-0.0522839210024717,-0.0056508994633987,4.0,0.0,0.0007996801705643,충청남도보령시,0.030812488384270982,4.0,0.0,0.0011273214774823142,0.9699709578952055,7
2021,충청남도,보령시,0.000499875041651,1,0.5763702591184338,-0.0614876574470287,-0.1502883535325275,-0.1984441184553178,0.0415375324208899,0.1054794944053623,5.0,0.0,0.0001999800026662,충청남도보령시,0.030812488384270982,4.0,0.0,0.0011273214774823142,0.9656607476128626,7
2022,충청남도,보령시,0.0029955089797984,1,0.5763702591184338,0.1208680399125629,-0.1159615300247138,-0.1738418140213078,0.1018587387462437,0.1744654950032296,6.0,0.0,0.0009995003330835,충청남도보령시,0.030812488384270982,4.0,0.0,0.0011273214774823142,0.9626326748154339,7
2023,충청남도,보령시,0.0034938892542557,1,0.5763702591184338,0.1263015689011671,-0.1795885291638903,-0.1507920364640823,0.093072815597907,0.1839599305185062,7.0,0.0,0.0025966258472659,충청남도보령시,0.030812488384270982,4.0,0.0,0.0011273214774823142,0.9634187838060677,7
2017,충청남도,부여군,9.999500033330834e-05,1,-0.4402656597742217,0.446074493709879,-0.3071674775400886,-0.9627576640611448,-0.316029076916394,-0.3189829433751625,1.0,0.0,0.0029955089797984,충청남도부여군,-0.3506148690517673,2.2857142857142856,0.0,0.0011702191538749144,0.629710452984503,6
2018,충청남도,부여군,0.0,0,-0.4335699004837094,0.3557014384205081,-0.3989564625040867,-0.949214928657072,-0.35650996330609,-0.3423611302400911,2.0,0.0,0.0002999550089979,충청남도부여군,-0.3506148690517673,2.2857142857142856,0.0,0.0011702191538749144,0.6488027909462234,6
2019,충청남도,부여군,0.0,0,-0.4335699004837094,0.0859344895902075,-0.4302154455581574,-0.928430153506306,-0.4265702524894913,-0.4253551881332693,3.0,0.0,0.0002999550089979,충청남도부여군,-0.3506148690517673,2.2857142857142856,0.0,0.0011702191538749144,0.6766228640113188,7
2020,충청남도,부여군,0.0,0,-0.4602707276712747,0.3182339413037358,-0.3768536238561191,-0.929696060962375,-0.3621466177965082,-0.3572442824433046,4.0,0.0,0.0013990209137073,충청남도부여군,-0.3506148690517673,2.2857142857142856,0.0,0.0011702191538749144,0.6555121734072369,6
2021,충청남도,부여군,0.0,0,-0.4602707276712747,0.2079656160400268,-0.405818879976658,-0.9488000883450388,-0.4017310199882362,-0.4003683999920955,5.0,0.0,0.0001999800026662,충청남도부여군,-0.3506148690517673,2.2857142857142856,0.0,0.0011702191538749144,0.6729098471567981,7
2022,충청남도,부여군,0.0002999550089979,1,-0.4602707276712747,0.3537455282011714,-0.4556031177557758,-0.9617311828719772,-0.3809648750244641,-0.3560854607806935,0.0,0.0,0.0006997551142733,충청남도부여군,-0.3506148690517673,2.2857142857142856,0.0,0.0011702191538749144,0.6523557717938785,6
2023,충청남도,부여군,0.0001999800026662,1,-0.4602707276712747,0.8698167782922388,-0.3126625924883678,-0.9382925694973456,-0.2103522778411873,-0.1762488396254605,1.0,0.0,0.0022973590486834,충청남도부여군,-0.3506148690517673,2.2857142857142856,0.0,0.0011702191538749144,0.5895292225136456,6
2017,충청남도,서산시,0.0,0,0.2393363139579893,-0.5527578905666194,0.711348555417926,0.4256975594147756,0.2059061345560179,0.0374253276020485,1.0,0.0,0.0018981972830802,충청남도서산시,0.021734273981574143,1.0,0.0,0.0006994271441520583,0.18976188624023446,5
2018,충청남도,서산시,0.0,0,0.2449528466372887,-0.5865709445208805,-0.184358003209534,0.3144964019953327,-0.0528699247744482,-0.0090405652960863,0.0,0.0,0.0,충청남도서산시,0.021734273981574143,1.0,0.0,0.0006994271441520583,0.26091079678016055,6
2019,충청남도,서산시,0.0,0,0.2449528466372887,-0.5558836375483144,-0.1788999311267047,0.4017009086420296,-0.0220324533489251,0.0302567059103346,0.0,0.0,0.0,충청남도서산시,0.021734273981574143,1.0,0.0,0.0006994271441520583,0.2514304423473138,6
2020,충청남도,서산시,0.0002999550089979,1,0.1388010091377373,-0.3866507019638829,-0.2842109149659854,0.4074728760337794,-0.0311469329395878,0.0532077277358779,0.0,0.0,9.999500033330834e-05,충청남도서산시,0.021734273981574143,1.0,0.0,0.0006994271441520583,0.25416619595498724,6
2021,충청남도,서산시,9.999500033330834e-05,1,0.1388010091377373,-0.1442217893823245,-0.3382447281560608,0.4232021237770524,0.019884153844101,0.139260447844155,1.0,0.0,0.0003999200213269,충청남도서산시,0.021734273981574143,1.0,0.0,0.0006994271441520583,0.24084417418875304,5
2022,충청남도,서산시,0.0046889894861315,1,0.1388010091377373,-0.0758847212965563,-0.2433148814151771,0.4453234356960265,0.0662312105305075,0.1694132411790691,2.0,0.0,0.000499875041651,충청남도서산시,0.021734273981574143,1.0,0.0,0.0006994271441520583,0.22941896965578978,5
2023,충청남도,서산시,0.0023971245997214,1,0.1388010091377373,-0.4646769013232663,-0.2772558340038188,0.4678026462027626,-0.0338322699966463,0.0473089180057445,3.0,0.0,0.001998002662673,충청남도서산시,0.021734273981574143,1.0,0.0,0.0006994271441520583,0.26076135391076877,6
2017,충청남도,서천군,0.0,0,0.1828529817224115,-0.5184179064297751,-0.2510417916357488,-0.334431491105939,-0.2302595518622628,-0.2233321386044342,1.0,0.0,0.0392207131532812,충청남도서천군,-0.13656624083596183,2.2857142857142856,0.14285714285714285,0.017433502677350502,0.773204134592238,7
2018,충청남도,서천군,0.0003999200213269,1,0.1885592114855847,0.2751174811208735,-0.1364043760805812,-0.3012202101481599,0.0065130265944292,0.0541521608194327,0.0,0.0,0.0045894523338072,충청남도서천군,-0.13656624083596183,2.2857142857142856,0.14285714285714285,0.017433502677350502,0.7130659133301649,7
2019,충청남도,서천군,0.0005998200719676,1,0.1885592114855847,-0.2461685887812169,-0.0560268671631492,-0.2903670256884356,-0.1010008175368042,-0.1159921343280226,1.0,0.0,0.0251802985302982,충청남도서천군,-0.13656624083596183,2.2857142857142856,0.14285714285714285,0.017433502677350502,0.7406373113536963,7
2020,충청남도,서천군,0.0002999550089979,1,0.1139755827590562,-0.0366016199542182,-0.3964738783331017,-0.274711538052147,-0.1484528633951027,-0.065779191749103,2.0,0.0,0.0250827803674631,충청남도서천군,-0.13656624083596183,2.2857142857142856,0.14285714285714285,0.017433502677350502,0.7572269330229459,7
2021,충청남도,서천군,0.0009995003330835,1,0.1139755827590562,-0.1566354365307665,-0.3825631277524908,-0.3010226941219928,-0.1815614189115484,-0.114560849297901,3.0,0.0,0.0116320842297076,충청남도서천군,-0.13656624083596183,2.2857142857142856,0.14285714285714285,0.017433502677350502,0.7742497698009071,7
2022,충청남도,서천군,0.004987541511039,1,0.1139755827590562,-0.3648093310195524,-0.4169499521168309,-0.2764169866042241,-0.2360501717453877,-0.1757502449549067,4.0,0.0,0.0061808590750811,충청남도서천군,-0.13656624083596183,2.2857142857142856,0.14285714285714285,0.017433502677350502,0.7931515341188908,7
2023,충청남도,서천군,0.0033942330680155,1,0.1139755827590562,0.2542634257355856,-0.3330537867125316,-0.2957927777623357,-0.0651518889950563,0.0241487435774353,5.0,1.0,0.0101483310518151,충청남도서천군,-0.13656624083596183,2.2857142857142856,0.14285714285714285,0.017433502677350502,0.9413865608754907,7
2017,충청남도,아산시,0.0,0,-0.7903780161538558,0.3875344611882569,0.711348555417926,-1.02161615216241,-0.1782777879275207,-0.4748199023760029,0.0,0.0,0.0013990209137073,충청남도아산시,-0.39206263549282216,0.0,0.0,0.0005568480904939726,0.039991720298203956,1
2018,충청남도,아산시,0.0,0,-0.7831262688195709,-0.5375374893627843,0.6598233988354029,-1.0171454266104791,-0.4194964464893579,-0.7792697282642781,0.0,0.0,0.0005998200719676,충청남도아산시,-0.39206263549282216,0.0,0.0,0.0005568480904939726,0.05801613042100199,2
2019,충청남도,아산시,0.0,0,-0.7831262688195709,-0.5975625573625033,0.6638779072792427,-1.060508797698552,-0.4443299291503458,-0.813732541293542,0.0,0.0,9.999500033330834e-05,충청남도아산시,-0.39206263549282216,0.0,0.0,0.0005568480904939726,0.0603083713281298,2
2020,충청남도,아산시,0.0,0,-0.7615956733594483,-0.2297754698580701,0.6912197662605586,-1.040607813327998,-0.3351897975712394,-0.6773263188485054,0.0,0.0,0.0,충청남도아산시,-0.39206263549282216,0.0,0.0,0.0005568480904939726,0.051078605600756145,1
2021,충청남도,아산시,0.0,0,-0.7615956733594483,-0.2363652038800651,0.661977496328156,-1.0169337582331617,-0.3382292847861298,-0.6716315451575583,0.0,0.0,0.0,충청남도아산시,-0.39206263549282216,0.0,0.0,0.0005568480904939726,0.05131684165928102,1
2022,충청남도,아산시,0.0,0,-0.7615956733594483,-0.05552571730887,-0.0105307281306392,-1.0159382325750654,-0.4608975878435057,-0.6110198744144613,0.0,0.0,0.0005998200719676,충청남도아산시,-0.39206263549282216,0.0,0.0,0.0005568480904939726,0.061776544537980066,2
2023,충청남도,아산시,0.0,0,-0.7615956733594483,-0.1735966779578587,-0.3205514260129347,-1.0163266813963816,-0.5680176146816558,-0.6505063442378962,0.0,0.0,0.001199280575482,충청남도아산시,-0.39206263549282216,0.0,0.0,0.0005568480904939726,0.07249638638499327,3
2017,충청남도,예산군,0.0,0,-0.284451751110928,0.0466789303100199,-0.2838058356026947,-0.5408604020060472,-0.2656097646024125,-0.2595444076023184,1.0,0.0,0.0017983819413793,충청남도예산군,-0.3176008259020288,1.1428571428571428,0.0,0.0006852390944660893,0.23566537693738418,5
2018,충청남도,예산군,9.999500033330834e-05,1,-0.2780034285894748,-0.2074304191730525,-0.353160426359373,-0.5085545607307191,-0.3367872087131549,-0.3313294694977488,0.0,0.0,9.999500033330834e-05,충청남도예산군,-0.3176008259020288,1.1428571428571428,0.0,0.0006852390944660893,0.2555133865912107,6
2019,충청남도,예산군,0.0,0,-0.2780034285894748,-0.2814459775164065,-0.2905972631548214,-0.6003370539320235,-0.3625959307981815,-0.3865954866793016,1.0,0.0,9.999500033330834e-05,충청남도예산군,-0.3176008259020288,1.1428571428571428,0.0,0.0006852390944660893,0.2657471560026063,6
2020,충청남도,예산군,0.0,0,-0.2962772541825136,0.0099491617189932,-0.3851967919237986,-0.6157713835558061,-0.3218240669857812,-0.3006998253397755,0.0,0.0,0.000499875041651,충청남도예산군,-0.3176008259020288,1.1428571428571428,0.0,0.0006852390944660893,0.2507799570146301,6
2021,충청남도,예산군,0.0,0,-0.2962772541825136,0.1227163009060668,-0.411496362535866,-0.59472443064822,-0.2949454366151331,-0.2560951279748889,1.0,0.0,9.999500033330834e-05,충청남도예산군,-0.3176008259020288,1.1428571428571428,0.0,0.0006852390944660893,0.2449989228554511,6
2022,충청남도,예산군,0.0005998200719676,1,-0.2962772541825136,0.1693204210884932,-0.3891305588457796,-0.6788931410194217,-0.2987451332398054,-0.268616658037814,2.0,0.0,0.000499875041651,충청남도예산군,-0.3176008259020288,1.1428571428571428,0.0,0.0006852390944660893,0.24810231288277534,6
2023,충청남도,예산군,0.0002999550089979,1,-0.2962772541825136,-0.067065747179538,-0.3517396072903183,-0.6557103527865635,-0.3426982403597334,-0.3396844513828718,3.0,0.0,0.0016985566355814,충청남도예산군,-0.3176008259020288,1.1428571428571428,0.0,0.0006852390944660893,0.26326885459503235,6
2017,충청남도,천안시,0.0,0,-0.960059847433198,0.3875344611882572,-0.2513928533673002,-1.6345900350109397,-0.6146270686557952,-0.7357051404186269,1.0,0.0,0.001998002662673,충청남도천안시,-0.7048965037424949,4.0,0.0,0.0009137333980796428,0.9443654658101546,7
2018,충청남도,천안시,0.0,0,-0.9525386406876196,-0.5375374893627841,-0.3045550220029053,-1.6109379549300438,-0.8513922767458382,-1.0336713616601492,2.0,0.0,0.0009995003330835,충청남도천안시,-0.7048965037424949,4.0,0.0,0.0009137333980796428,0.9618539025986808,7
2019,충청남도,천안시,0.0,0,-0.9525386406876196,-0.5975625573625031,-0.1268592124153258,-1.64206646669978,-0.8297567192913071,-1.0640558882499676,3.0,0.0,0.0007996801705643,충청남도천안시,-0.7048965037424949,4.0,0.0,0.0009137333980796428,0.9610011611105377,7
2020,충청남도,천안시,0.0,0,-0.8994232318853056,-0.2297754698580701,-0.054451422169061,-1.5599663852053784,-0.6859041272794538,-0.8963883623162513,4.0,0.0,0.0009995003330835,충청남도천안시,-0.7048965037424949,4.0,0.0,0.0009137333980796428,0.951816378483211,7
2021,충청남도,천안시,9.999500033330834e-05,1,-0.8994232318853056,-0.236365203880065,-0.1568302102447563,-1.5321630202773444,-0.7061954165718678,-0.8893171520142383,5.0,0.0,0.0001999800026662,충청남도천안시,-0.7048965037424949,4.0,0.0,0.0009137333980796428,0.9538824914813365,7
2022,충청남도,천안시,0.0,0,-0.8994232318853056,-0.05552571730887,-0.0206125082214349,-1.5228760349401398,-0.6246093730889376,-0.8259416613781051,6.0,0.0,0.000499875041651,충청남도천안시,-0.7048965037424949,4.0,0.0,0.0009137333980796428,0.9482652000633474,7
2023,충청남도,천안시,9.999500033330834e-05,1,-0.8994232318853056,-0.1735966779578585,0.093985290135279,-1.5081275585491736,-0.6217905445642646,-0.8603824894641127,7.0,0.0,0.000899595242836,충청남도천안시,-0.7048965037424949,4.0,0.0,0.0009137333980796428,0.9485600950888664,7
2017,충청남도,청양군,0.0,0,0.3780576918589495,0.446074493709879,-0.277624911601392,-0.7852787728517165,-0.0596928747210699,0.0129511375723706,1.0,0.0,0.001199280575482,충청남도청양군,-0.09946974224995644,2.2857142857142856,0.0,0.00048550299893548925,0.6543987416831241,6
2018,충청남도,청양군,0.0007996801705643,1,0.38345393117778,0.3557014384205081,-0.4005547241596897,-0.7783075678198019,-0.1099267305953008,-0.0130507327405046,0.0,0.0,0.0001999800026662,충청남도청양군,-0.09946974224995644,2.2857142857142856,0.0,0.00048550299893548925,0.6704562200501719,7
2019,충청남도,청양군,0.0026963615477426,1,0.38345393117778,0.0859344895902075,-0.3757177814382162,-0.7718769953550932,-0.1695515890063305,-0.1008295248623685,1.0,0.0,9.999500033330834e-05,충청남도청양군,-0.09946974224995644,2.2857142857142856,0.0,0.00048550299893548925,0.6938431434496128,7
2020,충청남도,청양군,0.0002999550089979,1,0.3586939120914194,0.3182339413037358,-0.387450818545877,-0.7532085596539962,-0.1159328812011795,-0.0254269020862803,2.0,0.0,0.0007996801705643,충청남도청양군,-0.09946974224995644,2.2857142857142856,0.0,0.00048550299893548925,0.6773320471576788,7
2021,충청남도,청양군,0.0027960873020012,1,0.3586939120914194,0.2079656160400268,-0.4574162628271953,-0.7573819089728236,-0.1620346609171432,-0.0635741269471258,3.0,0.0,9.999500033330834e-05,충청남도청양군,-0.09946974224995644,2.2857142857142856,0.0,0.00048550299893548925,0.696134168556795,7
2022,충청남도,청양군,0.0046889894861315,1,0.3586939120914194,0.3537455282011714,-0.4107771731334576,-0.7444990391129095,-0.110709192988444,-0.0106865329401062,4.0,0.0,9.999500033330834e-05,충청남도청양군,-0.09946974224995644,2.2857142857142856,0.0,0.00048550299893548925,0.6808342824865621,7
2023,충청남도,청양군,0.0051865266873,1,0.3586939120914194,0.8698167782922388,-0.3813020931308773,-0.7209696625336897,0.0315597336797728,0.1691803426166561,5.0,0.0,0.000899595242836,충청남도청양군,-0.09946974224995644,2.2857142857142856,0.0,0.00048550299893548925,0.6312850286310526,6
2017,충청남도,태안군,0.0,0,1.2944049159651334,-0.5527578905666194,0.711348555417926,-0.005010180022249,0.3619963501985477,0.2455456151254216,1.0,0.0,0.0031948908965191,충청남도태안군,0.2100082018803904,1.5714285714285714,0.0,0.0011834043417116868,0.38446808816817213,6
2018,충청남도,태안군,0.0,0,1.2983459707088876,-0.5865709445208805,0.6598233988354029,0.0247361931070169,0.3490836545326067,0.2455037397650079,0.0,0.0,0.0,충청남도태안군,0.2100082018803904,1.5714285714285714,0.0,0.0011834043417116868,0.3883806710714128,6
2019,충청남도,태안군,0.0003999200213269,1,1.2983459707088876,-0.5558836375483144,-0.3043358416738989,0.0342749087895303,0.1181003500690511,0.2589124139833678,0.0,0.0,0.0,충청남도태안군,0.2100082018803904,1.5714285714285714,0.0,0.0011834043417116868,0.4796558002209385,6
2020,충청남도,태안군,0.001598721363697,1,1.237125580858148,-0.3866507019638829,-0.3445099438435909,0.0633637817183284,0.1423321791922506,0.3046128868708645,1.0,0.0,0.0,충청남도태안군,0.2100082018803904,1.5714285714285714,0.0,0.0011834043417116868,0.4727638422248568,6
2021,충청남도,태안군,0.0018981972830802,1,1.237125580858148,-0.1442217893823245,-0.3860698026372354,0.0815973249551894,0.1971078284484444,0.3915003721436709,2.0,0.0,0.0002999550089979,충청남도태안군,0.2100082018803904,1.5714285714285714,0.0,0.0011834043417116868,0.45347568105079616,6
2022,충청남도,태안군,0.0069756137364252,1,1.237125580858148,-0.0758847212965563,-0.3456938659151964,-0.0504716807913132,0.1912688282137705,0.3702563929234261,3.0,0.0,9.999500033330834e-05,충청남도태안군,0.2100082018803904,1.5714285714285714,0.0,0.0011834043417116868,0.458768657515252,6
2023,충청남도,태안군,0.0052860044292373,1,1.237125580858148,-0.4646769013232663,-0.30421220422096,-0.0275635852816738,0.1101682225080619,0.2482950314177359,4.0,0.0,0.0046889894861315,충청남도태안군,0.2100082018803904,1.5714285714285714,0.0,0.0011834043417116868,0.4916954709997722,6
2017,충청남도,홍성군,0.0,0,0.076272305933114,0.0466789303100199,-0.1459204707919235,0.3929482130429857,0.092494744623549,0.1719664830953732,1.0,0.0,0.0037927982386962,충청남도홍성군,0.11072628536399222,0.5714285714285714,0.0,0.0014693538606566716,0.1510461672741708,5
2018,충청남도,홍성군,0.0,0,0.0821477887385071,-0.2074304191730525,-0.1341215218410366,0.4164270756070095,0.0392557308328568,0.0970481483908213,0.0,0.0,0.0,충청남도홍성군,0.11072628536399222,0.5714285714285714,0.0,0.0014693538606566716,0.16198751990021143,5
2019,충청남도,홍성군,0.0,0,0.0821477887385071,-0.2814459775164065,-0.12079750433477,0.0607079979879638,-0.0648469237811763,-0.0461967302633118,0.0,0.0,0.0003999200213269,충청남도홍성군,0.11072628536399222,0.5714285714285714,0.0,0.0014693538606566716,0.18596690039257793,5
2020,충청남도,홍성군,0.0,0,-0.0207910175823546,0.0099491617189932,0.6912197662605586,0.0635836329219324,0.1859903858297824,0.0175805923528569,0.0,0.0,0.0016985566355814,충청남도홍성군,0.11072628536399222,0.5714285714285714,0.0,0.0014693538606566716,0.13192205674061241,5
2021,충청남도,홍성군,9.999500033330834e-05,1,-0.0207910175823546,0.1227163009060668,0.661977496328156,-0.0082899116429896,0.1889032170022196,0.0312117905602408,0.0,0.0,0.0002999550089979,충청남도홍성군,0.11072628536399222,0.5714285714285714,0.0,0.0014693538606566716,0.13174161714620594,5
2022,충청남도,홍성군,0.0002999550089979,1,-0.0207910175823546,0.1693204210884932,0.7039822447798993,-0.0601828373129654,0.1980822027432681,0.0294488553977243,1.0,0.0,0.0007996801705643,충청남도홍성군,0.11072628536399222,0.5714285714285714,0.0,0.0014693538606566716,0.13123247917813427,5
2023,충청남도,홍성군,0.0001999800026662,1,-0.0207910175823546,-0.067065747179538,0.7311373456691725,-0.1024620197174956,0.135204640297446,-0.0634395948264628,2.0,0.0,0.00329456694943,충청남도홍성군,0.11072628536399222,0.5714285714285714,0.0,0.0014693538606566716,0.14396357101453164,5
2017,충청북도,괴산군,0.0,0,0.455058383770399,0.2365438494426433,-1.197839753785754,-0.5184992830617495,-0.2561842009086153,0.0577009833837642,0.0,0.0,0.0028958031120255,충청북도괴산군,-0.30966032778059077,0.0,0.0,0.001227484452543543,0.05281705533680679,1
2018,충청북도,괴산군,0.0,0,0.4603323438743291,0.0100241006002091,-1.3754263104902948,-0.5670323080906231,-0.3680255435265949,-0.0322252878720282,0.0,0.0,0.0014988761237358,충청북도괴산군,-0.30966032778059077,0.0,0.0,0.001227484452543543,0.06279202333819471,2
2019,충청북도,괴산군,0.0,0,0.4603323438743291,-0.3338721352034846,-1.1968817415169783,-0.5560327371302421,-0.406613567494094,-0.1431908428197992,0.0,0.0,0.0003999200213269,충청북도괴산군,-0.30966032778059077,0.0,0.0,0.001227484452543543,0.06671011052034687,3
2020,충청북도,괴산군,0.0,0,0.4476516899483596,-0.1681788791809688,-0.9788107206822444,-0.5767521270169631,-0.3190225092329541,-0.0990931054165241,0.0,0.0,0.000499875041651,충청북도괴산군,-0.30966032778059077,0.0,0.0,0.001227484452543543,0.058419240412443625,2
2021,충청북도,괴산군,0.0,0,0.4476516899483596,0.1928211478713238,-1.2144108785381258,-0.565983710307022,-0.284980437756366,0.0248297091708871,0.0,0.0,0.000499875041651,충청북도괴산군,-0.30966032778059077,0.0,0.0,0.001227484452543543,0.05547009507704072,2
2022,충청북도,괴산군,0.0,0,0.4476516899483596,0.3182318258857139,-1.1240253952832289,-0.5653365390602516,-0.2308696046273517,0.0668489922579406,0.0,0.0,0.0013990209137073,충청북도괴산군,-0.30966032778059077,0.0,0.0,0.001227484452543543,0.0509720075794263,1
2023,충청북도,괴산군,0.0,0,0.4476516899483596,0.0561415171005535,-1.1452510291971092,-0.5662479015244429,-0.3019264309181597,-0.0208182314918432,0.0,0.0,0.0013990209137073,충청북도괴산군,-0.30966032778059077,0.0,0.0,0.001227484452543543,0.056812529497685275,2
2017,충청북도,단양군,0.0001999800026662,1,0.7410790187588417,-0.7413919213515271,-1.9759918388903936,0.4736939182949601,-0.3756527057970297,0.1577936719007582,1.0,0.0,0.0025966258472659,충청북도단양군,-0.36646210879461943,4.0,0.0,0.000970370368271931,0.9585567323767137,7
2018,충청북도,단양군,9.999500033330834e-05,1,0.745898770233947,-0.5110018325280257,-2.1141356435726175,0.3618340293582988,-0.3793511691270993,0.19891032235474,2.0,0.0,0.0002999550089979,충청북도단양군,-0.36646210879461943,4.0,0.0,0.000970370368271931,0.9594439281475401,7
2019,충청북도,단양군,0.0003999200213269,1,0.745898770233947,-0.96149315163591,-1.913598199709933,0.340845315472485,-0.4470868164098527,0.0417503113568406,3.0,0.0,9.999500033330834e-05,충청북도단양군,-0.36646210879461943,4.0,0.0,0.000970370368271931,0.9639063754767505,7
2020,충청북도,단양군,0.0001999800026662,1,0.772714894108325,-0.9266075741516928,-1.8621247294072063,0.3849960095388166,-0.4077553499779394,0.0770344431651496,4.0,0.0,9.999500033330834e-05,충청북도단양군,-0.36646210879461943,4.0,0.0,0.000970370368271931,0.9620531473003457,7
2021,충청북도,단양군,0.0,0,0.772714894108325,-0.6171057041569531,-1.9396351681671875,0.4010937160951426,-0.3457330655301682,0.1855676353488381,5.0,0.0,0.0001999800026662,충청북도단양군,-0.36646210879461943,4.0,0.0,0.000970370368271931,0.9586737268596157,7
2022,충청북도,단양군,0.0003999200213269,1,0.772714894108325,-0.847473761304126,-1.827004344897615,0.4233962724238756,-0.3695917349173851,0.1162124684093581,6.0,0.0,0.0007996801705643,충청북도단양군,-0.36646210879461943,4.0,0.0,0.000970370368271931,0.9605578246179765,7
2023,충청북도,단양군,0.000499875041651,1,0.772714894108325,-0.2529340582995582,-1.9259536796921712,0.445917164671958,-0.2400639198028616,0.3218993334935749,7.0,0.0,0.0026963615477426,충청북도단양군,-0.36646210879461943,4.0,0.0,0.000970370368271931,0.9521618638720754,7
2017,충청북도,보은군,0.0,0,0.0526778692026181,0.4733877041445566,-1.197839753785754,-0.6756643106793534,-0.3368596227794831,-0.0498662457773928,0.0,0.0,0.0040916179032535,충청북도보은군,-0.43153535971748597,0.0,0.0,0.0017264379869093142,0.04696965818031782,1
2018,충청북도,보은군,0.0,0,0.0585908206219652,0.0080358876110068,-1.3754263104902948,-0.6731198666425575,-0.49547986722497,-0.2021643861365284,0.0,0.0,0.0020977980821461,충청북도보은군,-0.43153535971748597,0.0,0.0,0.0017264379869093142,0.060100712826842255,2
2019,충청북도,보은군,0.0,0,0.0585908206219652,-0.104860903856538,-1.1968817415169783,-0.6809382018203216,-0.4810225066429682,-0.2424027616849648,0.0,0.0,0.0005998200719676,충청북도보은군,-0.43153535971748597,0.0,0.0,0.0017264379869093142,0.05898181544083665,2
2020,충청북도,보은군,0.0,0,0.0566195593994676,0.1458866434706847,-0.9788107206822444,-0.6438062863576661,-0.3550277010424395,-0.1471000278291712,0.0,0.0,0.0006997551142733,충청북도보은군,-0.43153535971748597,0.0,0.0,0.0017264379869093142,0.0486488545736542,1
2021,충청북도,보은군,0.0,0,0.0566195593994676,-0.2048682006280895,-1.2144108785381258,-0.6218293332478935,-0.4961222132536603,-0.2566926581588384,0.0,0.0,0.0007996801705643,충청북도보은군,-0.43153535971748597,0.0,0.0,0.0017264379869093142,0.060323408374557325,2
2022,충청북도,보은군,0.0,0,0.0566195593994676,-0.1746815937924231,-1.1240253952832289,-0.5966347832046461,-0.4596805532202076,-0.2382322725325338,0.0,0.0,0.0018981972830802,충청북도보은군,-0.43153535971748597,0.0,0.0,0.0017264379869093142,0.05694336659747047,2
2023,충청북도,보은군,0.0,0,0.0566195593994676,0.0758600581361674,-1.1452510291971092,-0.573448803773219,-0.3965550538586733,-0.1469897287458613,0.0,0.0,0.0018981972830802,충청북도보은군,-0.43153535971748597,0.0,0.0,0.0017264379869093142,0.051714124136610126,1
2017,충청북도,영동군,0.0,0,-0.1618428760062734,-0.9860210149169996,-1.968789489159037,-1.08873904897258,-1.0513481072637223,-0.7455343132986177,1.0,0.0,0.0109399400383343,충청북도영동군,-1.0165133062613012,2.142857142857143,0.0,0.004285743902196029,0.5289794414981113,6
2018,충청북도,영동군,9.999500033330834e-05,1,-0.1555892597480424,-1.089653273924131,-2.0297115572463897,-1.08688749161591,-1.0904603956336183,-0.7773766750960277,2.0,0.0,0.0029955089797984,충청북도영동군,-1.0165133062613012,2.142857142857143,0.0,0.004285743902196029,0.5519042573278164,6
2019,충청북도,영동군,9.999500033330834e-05,1,-0.1555892597480424,-0.8902278006451748,-1.9683229691643784,-1.0681316307996445,-1.02056791508931,-0.7046495637309539,3.0,0.0,0.001199280575482,충청북도영동군,-1.0165133062613012,2.142857142857143,0.0,0.004285743902196029,0.5277396580132294,6
2020,충청북도,영동군,9.999500033330834e-05,1,-0.1294022579890839,-0.9937565492487472,-1.5950213544402714,-1.0576771419743851,-0.9439643259131218,-0.7269453164040721,4.0,0.0,0.0017983819413793,충청북도영동군,-1.0165133062613012,2.142857142857143,0.0,0.004285743902196029,0.49939990712545823,6
2021,충청북도,영동군,0.0,0,-0.1294022579890839,-1.0595604323364831,-2.0116768022551996,-1.049168372994318,-1.062451966393771,-0.746043687773295,5.0,0.0,0.0021975835434872,충청북도영동군,-1.0165133062613012,2.142857142857143,0.0,0.004285743902196029,0.5496760307382883,6
2022,충청북도,영동군,0.0,0,-0.1294022579890839,-1.0443768221322294,-1.7818859858619278,-1.047229471535882,-1.0007236343797807,-0.7403361838857317,0.0,0.0,0.006379606964039,충청북도영동군,-1.0165133062613012,2.142857142857143,0.0,0.004285743902196029,0.5082689747641467,6
2023,충청북도,영동군,9.999500033330834e-05,1,-0.1294022579890839,-0.952338978355931,-1.6628007458852303,-1.0397652143928948,-0.946076799155785,-0.7071688169126366,0.0,0.0,0.004489905272852,충청북도영동군,-1.0165133062613012,2.142857142857143,0.0,0.004285743902196029,0.48728371408730625,6
2017,충청북도,옥천군,0.0,0,-0.7090251570384339,0.4733877041445566,-1.197839753785754,-1.485047028583272,-0.7296310588157259,-0.5735614938257164,1.0,0.0,0.0040916179032535,충청북도옥천군,-0.8586146260186167,0.2857142857142857,0.0,0.0017264379869093142,0.05628431390548608,2
2018,충청북도,옥천군,0.0,0,-0.7019026002801761,0.0080358876110068,-1.3754263104902948,-1.4569537148595089,-0.8815616845047433,-0.7169401425095594,0.0,0.0,0.0020977980821461,충청북도옥천군,-0.8586146260186167,0.2857142857142857,0.0,0.0017264379869093142,0.07035312917137143,3
2019,충청북도,옥천군,0.0,0,-0.7019026002801761,-0.104860903856538,-1.1968817415169783,-1.4696398321791588,-0.8683212694582129,-0.758801112105291,0.0,0.0,0.0005998200719676,충청북도옥천군,-0.8586146260186167,0.2857142857142857,0.0,0.0017264379869093142,0.06918372953844135,3
2020,충청북도,옥천군,0.0,0,-0.6987299252678565,0.1458866434706847,-1.7862904611690074,-1.4978324444190494,-0.9592415468463072,-0.683558575405407,1.0,0.0,0.0006997551142733,충청북도옥천군,-0.8586146260186167,0.2857142857142857,0.0,0.0017264379869093142,0.08007364083203782,4
2021,충청북도,옥천군,0.0,0,-0.6987299252678565,-0.2048682006280895,-1.2144108785381258,-1.493879143557114,-0.9029720369977964,-0.7991590898176867,0.0,0.0,0.0007996801705643,충청북도옥천군,-0.8586146260186167,0.2857142857142857,0.0,0.0017264379869093142,0.0728419578715643,3
2022,충청북도,옥천군,0.0,0,-0.6987299252678565,-0.1746815937924231,-1.1240253952832289,-1.4662442632614192,-0.8659202944012319,-0.7798852607738995,0.0,0.0,0.0018981972830802,충청북도옥천군,-0.8586146260186167,0.2857142857142857,0.0,0.0017264379869093142,0.06874879232488441,3
2023,충청북도,옥천군,0.0,0,-0.6987299252678565,0.0758600581361674,-1.1452510291971092,-1.442497068096401,-0.8026544911062998,-0.6884556450760302,0.0,0.0,0.0018981972830802,충청북도옥천군,-0.8586146260186167,0.2857142857142857,0.0,0.0017264379869093142,0.06249402221381279,2
2017,충청북도,음성군,0.0,0,-0.8092303820809917,0.2365438494426433,-1.197839753785754,-0.608269565122282,-0.5946989628865962,-0.3936520325868768,0.0,0.0,0.0018981972830802,충청북도음성군,-0.6644715297000169,0.0,0.0,0.0008138297190371,0.0444430899362297,1
2018,충청북도,음성군,0.0,0,-0.801948696671511,0.0100241006002091,-1.3754263104902948,-0.7365860631815052,-0.7259842424357755,-0.509503553084269,0.0,0.0,0.0005998200719676,충청북도음성군,-0.6644715297000169,0.0,0.0,0.0008138297190371,0.054508394960613105,1
2019,충청북도,음성군,0.0,0,-0.801948696671511,-0.3338721352034846,-1.1968817415169783,-0.7389195750902784,-0.7679055371205632,-0.6249134689884247,0.0,0.0,0.000899595242836,충청북도음성군,-0.6644715297000169,0.0,0.0,0.0008138297190371,0.058064748767987534,2
2020,충청북도,음성군,0.0,0,-0.801018703769471,-0.1681788791809688,-0.9788107206822444,-0.7101546455819948,-0.6645407373036698,-0.5597840761774783,0.0,0.0,0.0009995003330835,충청북도음성군,-0.6644715297000169,0.0,0.0,0.0008138297190371,0.049576778179202585,1
2021,충청북도,음성군,0.0,0,-0.801018703769471,0.1928211478713238,-1.2144108785381258,-0.7475437212327195,-0.6425380389172481,-0.4519137590436222,0.0,0.0,0.0003999200213269,충청북도음성군,-0.6644715297000169,0.0,0.0,0.0008138297190371,0.04799158440737652,1
2022,충청북도,음성군,0.0,0,-0.801018703769471,0.3182318258857139,-1.1240253952832289,-0.7743469408273115,-0.5952898034985744,-0.4190446062370228,0.0,0.0,0.0005998200719676,충청북도음성군,-0.6644715297000169,0.0,0.0,0.0008138297190371,0.04460700461842346,1
2023,충청북도,음성군,0.0,0,-0.801018703769471,0.0561415171005535,-1.1452510291971092,-0.7512453270847357,-0.6603433857376906,-0.498707504584551,0.0,0.0,0.0002999550089979,충청북도음성군,-0.6644715297000169,0.0,0.0,0.0008138297190371,0.04933184714174556,1
2017,충청북도,제천시,0.0001999800026662,1,0.349457735947129,-0.2467832163927393,-1.197839753785754,-0.4859373771641439,-0.3952756528488771,-0.1277542858699181,1.0,0.0,0.001598721363697,충청북도제천시,-0.4100399292508028,4.0,0.0,0.000613968130327631,0.9562902164908851,7
2018,충청북도,제천시,9.999500033330834e-05,1,0.3548993927819358,-0.4278159852107957,-1.3754263104902948,-0.4923815973836365,-0.4851811250756978,-0.1884327299374988,2.0,0.0,9.999500033330834e-05,충청북도제천시,-0.4100399292508028,4.0,0.0,0.000613968130327631,0.9625064399781182,7
2019,충청북도,제천시,0.0002999550089979,1,0.3548993927819358,-0.6578468541975343,-1.1968817415169783,-0.4645031043572851,-0.4910830768224655,-0.2558168552576279,3.0,0.0,9.999500033330834e-05,충청북도제천시,-0.4100399292508028,4.0,0.0,0.000613968130327631,0.9632566633904106,7
2020,충청북도,제천시,0.0007996801705643,1,0.383593223667656,-0.415437995775255,-0.9788107206822444,-0.456628024380386,-0.3668208792925573,-0.162824265495995,4.0,0.0,0.0003999200213269,충청북도제천시,-0.4100399292508028,4.0,0.0,0.000613968130327631,0.9559196053859517,7
2021,충청북도,제천시,0.000499875041651,1,0.383593223667656,-0.3441479423865539,-1.2144108785381258,-0.4522570933682173,-0.4068056726563102,-0.1376039373623717,5.0,0.0,0.000499875041651,충청북도제천시,-0.4100399292508028,4.0,0.0,0.000613968130327631,0.9590040165984276,7
2022,충청북도,제천시,0.000499875041651,1,0.383593223667656,-0.0853627555070834,-1.1240253952832289,-0.4939752153576086,-0.3299425356200662,-0.0652482490656786,6.0,0.0,0.000499875041651,충청북도제천시,-0.4100399292508028,4.0,0.0,0.000613968130327631,0.9543430460065775,7
2023,충청북도,제천시,0.0009995003330835,1,0.383593223667656,-0.3033752948846984,-1.1452510291971092,-0.5156491493444301,-0.3951705624396454,-0.1451437401871574,7.0,0.0,0.0010993954433009,충청북도제천시,-0.4100399292508028,4.0,0.0,0.000613968130327631,0.9591149010425992,7
2017,충청북도,증평군,0.0,0,-0.805405111632948,0.9759423331004652,-1.197839753785754,-0.8912636431241021,-0.4796415438605847,-0.2402421405521949,0.0,0.0,0.0,충청북도증평군,-0.6061944646723922,0.0,0.0,1.4285000047615477e-05,0.04191755359005814,1
2018,충청북도,증평군,0.0,0,-0.7981295008580653,0.4132098393922715,-1.3754263104902948,-0.8671066288706114,-0.656863150206675,-0.4173420967788017,0.0,0.0,0.0,충청북도증평군,-0.6061944646723922,0.0,0.0,1.4285000047615477e-05,0.05503004565219723,1
2019,충청북도,증평군,0.0,0,-0.7981295008580653,0.3350663848152104,-1.1968817415169783,-0.772645883465608,-0.6081476852563603,-0.4119029998361543,0.0,0.0,0.0,충청북도증평군,-0.6061944646723922,0.0,0.0,1.4285000047615477e-05,0.05108256772198389,1
2020,충청북도,증평군,0.0,0,-0.84534982230283,0.283971375879297,-0.9788107206822444,-0.7893852148185428,-0.58239359548108,-0.4502545537473586,0.0,0.0,9.999500033330834e-05,충청북도증평군,-0.6061944646723922,0.0,0.0,1.4285000047615477e-05,0.04909498751887544,1
2021,충청북도,증평군,0.0,0,-0.84534982230283,0.2334620764322716,-1.2144108785381258,-0.7748858411376391,-0.6502961163865808,-0.4622578623360658,0.0,0.0,0.0,충청북도증평군,-0.6061944646723922,0.0,0.0,1.4285000047615477e-05,0.05448161496829856,1
2022,충청북도,증평군,0.0,0,-0.84534982230283,0.6330867812952534,-1.1240253952832289,-1.2895501069026862,-0.656459635798373,-0.5006043826367542,0.0,0.0,0.0,충청북도증평군,-0.6061944646723922,0.0,0.0,1.4285000047615477e-05,0.05499619768047223,1
2023,충청북도,증평군,0.0,0,-0.84534982230283,0.8190705207785262,-1.1452510291971092,-1.266707772146953,-0.6095595257170916,-0.4309956912237522,0.0,0.0,0.0,충청북도증평군,-0.6061944646723922,0.0,0.0,1.4285000047615477e-05,0.05119310594886961,1
2017,충청북도,진천군,0.0,0,-0.704356851780904,0.3875344611882569,-1.197839753785754,-1.1820514650189995,-0.6741784023493502,-0.4996246185372155,1.0,0.0,0.00129915573162,충청북도진천군,-0.9430603452402646,0.42857142857142855,0.0,0.0006282473878789441,0.053973334521147366,1
2018,충청북도,진천군,0.0,0,-0.6972417084196902,-0.5375374893627843,-2.282286560223624,-1.142727117109002,-1.1649482187787752,-0.7925021049638256,0.0,0.0,0.0005998200719676,충청북도진천군,-0.9430603452402646,0.42857142857142855,0.0,0.0006282473878789441,0.11087768390977973,4
2019,충청북도,진천군,0.0001999800026662,1,-0.6972417084196902,-0.5975625573625033,-2.12158415373517,-1.1277013342609497,-1.1360224384445785,-0.8075018666810477,0.0,0.0,0.0009995003330835,충청북도진천군,-0.9430603452402646,0.42857142857142855,0.0,0.0006282473878789441,0.1062745433411818,4
2020,충청북도,진천군,0.0,0,-0.6997748730618571,-0.2297754698580701,-1.653405649999062,-1.1217718471630362,-0.9261819600205063,-0.6837740633609878,1.0,0.0,0.001199280575482,충청북도진천군,-0.9430603452402646,0.42857142857142855,0.0,0.0006282473878789441,0.0789326595134499,4
2021,충청북도,진천군,0.0,0,-0.6997748730618571,-0.2363652038800651,-2.0391309678778913,-1.0974435605595438,-1.0181786513448394,-0.6778612125004887,0.0,0.0,0.0001999800026662,충청북도진천군,-0.9430603452402646,0.42857142857142855,0.0,0.0006282473878789441,0.08966486801263425,4
2022,충청북도,진천군,0.0,0,-0.6997748730618571,-0.05552571730887,-1.7896078368076596,-1.0937966080810817,-0.9096762588148672,-0.6163657328172696,0.0,0.0,0.0,충청북도진천군,-0.9430603452402646,0.42857142857142855,0.0,0.0006282473878789441,0.0763954509362002,4
2023,충청북도,진천군,9.999500033330834e-05,1,-0.6997748730618571,-0.1735966779578587,-1.1452510291971092,-1.0703233674989154,-0.7722364869289351,-0.647898306172877,1.0,0.0,9.999500033330834e-05,충청북도진천군,-0.9430603452402646,0.42857142857142855,0.0,0.0006282473878789441,0.06280355115034224,2
2017,충청북도,청주시,9.999500033330834e-05,1,-0.8510975983071021,0.9759423331004652,-2.2195347088710218,-0.9075051874691652,-0.7505487903867059,-0.2608868175586006,1.0,0.0,0.0002999550089979,충청북도청주시,-0.8396933338459764,2.142857142857143,0.0,0.00011427571580920595,0.5050354552029448,6
2018,충청북도,청주시,9.999500033330834e-05,1,-0.8437494266076527,0.4132098393922715,-2.287967431746519,-0.998998937781416,-0.929376489185829,-0.476512841665599,2.0,0.0,9.999500033330834e-05,충청북도청주시,-0.8396933338459764,2.142857142857143,0.0,0.00011427571580920595,0.5794715116634669,6
2019,충청북도,청주시,9.999500033330834e-05,1,-0.8437494266076527,0.3350663848152104,-2.115805153412436,-1.0014682064804794,-0.9064891004213396,-0.5033837494243073,3.0,0.0,0.0,충청북도청주시,-0.8396933338459764,2.142857142857143,0.0,0.00011427571580920595,0.5733093279141097,6
2020,충청북도,청주시,0.0,0,-0.8387951497768261,0.283971375879297,-1.8248564049126563,-0.9893512611359792,-0.8422578599865411,-0.514725011677836,4.0,0.0,9.999500033330834e-05,충청북도청주시,-0.8396933338459764,2.142857142857143,0.0,0.00011427571580920595,0.5505692646530939,6
2021,충청북도,청주시,0.0,0,-0.8387951497768261,0.2334620764322716,-2.1029034325444145,-1.0408192820765856,-0.9372639469913886,-0.5487174518070467,5.0,0.0,9.999500033330834e-05,충청북도청주시,-0.8396933338459764,2.142857142857143,0.0,0.00011427571580920595,0.5909118378744427,6
2022,충청북도,청주시,0.0,0,-0.8387951497768261,0.6330867812952534,-1.8557822593356543,-1.0314141243543502,-0.7732261880428943,-0.412374164278641,0.0,0.0,9.999500033330834e-05,충청북도청주시,-0.8396933338459764,2.142857142857143,0.0,0.00011427571580920595,0.5114259462209861,6
2023,충청북도,청주시,9.999500033330834e-05,1,-0.8387951497768261,0.8190705207785262,-1.8641315455240015,-1.0709076731062446,-0.7386909619071366,-0.3635441007015148,0.0,0.0,9.999500033330834e-05,충청북도청주시,-0.8396933338459764,2.142857142857143,0.0,0.00011427571580920595,0.49749690633895866,6
2017,충청북도,충주시,0.0,0,-0.4989198066442266,0.2365438494426433,-1.197839753785754,-1.234064507750397,-0.6735700546844337,-0.4988134883173267,1.0,0.0,0.0018981972830802,충청북도충주시,-0.7694153619012436,0.2857142857142857,0.0,0.0006995825586665452,0.06174699931770331,2
2018,충청북도,충주시,0.0,0,-0.4921309029565424,0.0100241006002091,-1.3754263104902948,-1.2215029947973943,-0.7697590269110056,-0.5678699323845758,0.0,0.0,9.999500033330834e-05,충청북도충주시,-0.7694153619012436,0.2857142857142857,0.0,0.0006995825586665452,0.07088185914471032,3
2019,충청북도,충주시,0.0,0,-0.4921309029565424,-0.3338721352034846,-1.1968817415169783,-1.2596350382239312,-0.8206299544752342,-0.6952126921279861,0.0,0.0,9.999500033330834e-05,충청북도충주시,-0.7694153619012436,0.2857142857142857,0.0,0.0006995825586665452,0.07648172631656482,4
2020,충청북도,충주시,0.0,0,-0.4752905328315056,-0.1681788791809688,-0.9788107206822444,-1.227986284080013,-0.7125666041936829,-0.6238185653641625,0.0,0.0,0.0002999550089979,충청북도충주시,-0.7694153619012436,0.2857142857142857,0.0,0.0006995825586665452,0.06501268397639232,3
2021,충청북도,충주시,0.0,0,-0.4752905328315056,0.1928211478713238,-1.2144108785381258,-1.2136666419020707,-0.6776367263500946,-0.4987120089540841,0.0,0.0,0.0007996801705643,충청북도충주시,-0.7694153619012436,0.2857142857142857,0.0,0.0006995825586665452,0.06160502038923061,2
2022,충청북도,충주시,0.0,0,-0.4752905328315056,0.3182318258857139,-1.948050494393191,-1.229691893373831,-0.8337002736782033,-0.4622502001065409,0.0,0.0,0.0006997551142733,충청북도충주시,-0.7694153619012436,0.2857142857142857,0.0,0.0006995825586665452,0.0778884452211379,4
2023,충청북도,충주시,0.0,0,-0.4752905328315056,0.0561415171005535,-1.9437280130778032,-1.229302543255449,-0.898044893016051,-0.549483852995467,1.0,0.0,0.0009995003330835,충청북도충주시,-0.7694153619012436,0.2857142857142857,0.0,0.0006995825586665452,0.08652942843512036,4
