key,연도,실제예산,시뮬예산,위험지수,Y,Y_bin,시도,시군구,diff
강원특별자치도강릉시,2017,16817000.0,213165094.9894246,0.29784279125084,0.0,0.0,강원특별자치도,강릉시,196348094.9894246
강원특별자치도고성군,2017,0.0,155669848.53761438,-0.2062463553418626,0.0,0.0,강원특별자치도,고성군,155669848.53761438
강원특별자치도동해시,2017,0.0,240733710.88966873,0.5395504265688986,0.0,0.0,강원특별자치도,동해시,240733710.88966873
강원특별자치도삼척시,2017,0.0,208401548.02715677,0.2560784286095481,0.0,0.0,강원특별자치도,삼척시,208401548.02715677
강원특별자치도속초시,2017,0.0,191711822.35351112,0.1097513826206972,0.0,0.0,강원특별자치도,속초시,191711822.35351112
강원특별자치도양구군,2017,0.0,178616237.52687728,-0.0050640601641797,0.0,0.0,강원특별자치도,양구군,178616237.52687728
강원특별자치도양양군,2017,0.0,258678637.696958,0.6968824391820941,0.0,0.0,강원특별자치도,양양군,258678637.696958
강원특별자치도영월군,2017,0.0,202449424.27517736,0.2038932277849154,0.0,0.0,강원특별자치도,영월군,202449424.27517736
강원특별자치도원주시,2017,92676000.0,131819414.1661103,-0.4153548616994038,0.000499875041651,1.0,강원특별자치도,원주시,39143414.16611031
강원특별자치도인제군,2017,451000000.0,200997534.16912323,0.1911637920545958,0.0,0.0,강원특별자치도,인제군,-250002465.83087677
강원특별자치도정선군,2017,139179000.0,183768381.27145627,0.0401073218822399,0.0003999200213269,1.0,강원특별자치도,정선군,44589381.27145627
강원특별자치도철원군,2017,0.0,96074094.859977,-0.7287516834490922,0.0,0.0,강원특별자치도,철원군,96074094.859977
강원특별자치도춘천시,2017,266956000.0,170077210.78579998,-0.0799299137482612,0.0129162252665463,1.0,강원특별자치도,춘천시,-96878789.21420002
강원특별자치도태백시,2017,0.0,78101448.13013944,-0.8863267302775193,0.0,0.0,강원특별자치도,태백시,78101448.13013944
강원특별자치도평창군,2017,0.0,82192664.45323476,-0.8504570215257913,0.0,0.0,강원특별자치도,평창군,82192664.45323476
강원특별자치도홍천군,2017,119804000.0,188376345.7777278,0.0805076164951652,0.0006997551142733,1.0,강원특별자치도,홍천군,68572345.77772781
강원특별자치도화천군,2017,0.0,136382503.54639435,-0.3753480094205543,0.0,0.0,강원특별자치도,화천군,136382503.54639435
강원특별자치도횡성군,2017,32604000.0,173165066.51919717,-0.0528571615207496,9.999500033330834e-05,1.0,강원특별자치도,횡성군,140561066.51919717
경기도가평군,2017,99757000.0,186211798.17652544,0.0615299614647808,0.006379606964039,1.0,경기도,가평군,86454798.17652544
경기도고양시,2017,0.0,55002551.38291674,-1.1134169464516983,0.0,0.0,경기도,고양시,55002551.38291674
경기도과천시,2017,0.0,143940126.39329204,-0.3090866071956714,0.0,0.0,경기도,과천시,143940126.39329204
경기도광명시,2017,0.0,119336078.76833075,-0.5248024121603173,0.0,0.0,경기도,광명시,119336078.76833075
경기도광주시,2017,1002837370.0,122657170.208111,-0.4956847676079397,0.5824949104563504,1.0,경기도,광주시,-880180199.791889
경기도구리시,2017,0.0,164028929.4109491,-0.1329581758178315,0.0,0.0,경기도,구리시,164028929.4109491
경기도군포시,2017,0.0,132639502.05584279,-0.408164747212065,0.0,0.0,경기도,군포시,132639502.05584279
경기도김포시,2017,0.0,55002551.38291674,-1.5710805971658777,0.0,0.0,경기도,김포시,55002551.38291674
경기도남양주시,2017,670403000.0,337510596.6604717,0.0186755546827052,0.1369754550270777,1.0,경기도,남양주시,-332892403.3395283
경기도동두천시,2017,337921000.0,114053010.42142937,-0.5711216746860038,0.0081665626663934,1.0,경기도,동두천시,-223867989.57857063
경기도부천시,2017,0.0,94369180.72508478,-0.7436995054745531,0.0,0.0,경기도,부천시,94369180.72508478
경기도성남시,2017,98434000.0,145808814.66493562,-0.292702896641615,0.1036390347594859,1.0,경기도,성남시,47374814.66493562
경기도수원시,2017,0.0,159506374.81628975,-0.1726096396645257,0.0,0.0,경기도,수원시,159506374.81628975
경기도시흥시,2017,0.0,122084481.6526703,-0.5007058102678313,0.0,0.0,경기도,시흥시,122084481.6526703
경기도안산시,2017,0.0,144746723.9341874,-0.3020147692416501,0.0,0.0,경기도,안산시,144746723.9341874
경기도안성시,2017,125836000.0,86264386.57331766,-0.8147582280543078,0.0028958031120255,1.0,경기도,안성시,-39571613.42668234
경기도양주시,2017,42888000.0,143871387.53195623,-0.3096892746523206,0.0007996801705643,1.0,경기도,양주시,100983387.53195623
경기도양평군,2017,157205000.0,61249745.328918345,-0.2361453846550226,0.0175451792157488,1.0,경기도,양평군,-95955254.67108166
경기도여주시,2017,0.0,101682542.24994138,-0.6795796625779965,9.999500033330834e-05,1.0,경기도,여주시,101682542.24994138
경기도오산시,2017,0.0,142525410.06780213,-0.321490122080762,0.0,0.0,경기도,오산시,142525410.06780213
경기도용인시,2017,615596000.0,127223589.28251916,-0.4556487222605669,0.0305292050348228,1.0,경기도,용인시,-488372410.71748084
경기도의왕시,2017,21799000.0,129218040.10008924,-0.4381623895183869,0.00129915573162,1.0,경기도,의왕시,107419040.10008924
경기도의정부시,2017,0.0,134564384.51219344,-0.3912883545606078,9.999500033330834e-05,1.0,경기도,의정부시,134564384.51219344
경기도이천시,2017,37785000.0,55002551.38291674,-0.9856788465471904,0.0014988761237358,1.0,경기도,이천시,17217551.38291674
경기도평택시,2017,149515000.0,117470472.32141344,-0.5411591028389567,0.0020977980821461,1.0,경기도,평택시,-32044527.678586558
경기도포천시,2017,334671000.0,76243682.98543756,-0.3074642803433547,0.0615653556581548,1.0,경기도,포천시,-258427317.01456243
경기도하남시,2017,58735000.0,142553878.30344912,-0.3212405270359903,0.0677521020508184,1.0,경기도,하남시,83818878.30344912
경기도화성시,2017,0.0,140300580.02391845,-0.3409963029799971,0.0,0.0,경기도,화성시,140300580.02391845
경상남도거제시,2017,504251000.0,183749235.98675504,1.3864995635230974,0.2824685053988935,1.0,경상남도,거제시,-320501764.013245
경상남도거창군,2017,41017763.0,176522938.53455073,-0.0234170435449825,9.999500033330834e-05,1.0,경상남도,거창군,135505175.53455073
경상남도고성군,2017,141222000.0,334986226.5149698,1.3659086578636448,0.0365247746823722,1.0,경상남도,고성군,193764226.51496983
경상남도김해시,2017,979496920.0,1195730626.3336067,0.2916922449427851,0.2510699539550488,1.0,경상남도,김해시,216233706.33360672
경상남도남해군,2017,143708000.0,310435196.08518255,1.1506576807642446,0.0344014267173324,1.0,경상남도,남해군,166727196.08518255
경상남도밀양시,2017,2789020530.0,1179387403.9026802,0.4602158765546671,0.3421702577358506,1.0,경상남도,밀양시,-1609633126.0973198
경상남도사천시,2017,554842000.0,254950376.21055216,0.6641949342675445,0.249590721329058,1.0,경상남도,사천시,-299891623.78944784
경상남도산청군,2017,83711000.0,243533003.76805264,0.5640932061065136,0.0002999550089979,1.0,경상남도,산청군,159822003.76805264
경상남도양산시,2017,351911000.0,197703586.59363365,0.1622841311309517,0.2117994496135527,1.0,경상남도,양산시,-154207413.40636635
경상남도의령군,2017,183660000.0,277241895.6707898,0.8596356657093004,0.0653194661206425,1.0,경상남도,의령군,93581895.67078978
경상남도진주시,2017,229034000.0,61249745.328918345,0.6120456781715212,0.0422929121902514,1.0,경상남도,진주시,-167784254.67108166
경상남도창녕군,2017,513795000.0,250357006.88064212,0.6239226027550577,0.3190353801097767,1.0,경상남도,창녕군,-263437993.11935788
경상남도창원시,2017,1418088000.0,253167773.10324568,0.6485659747529738,0.2717813229201039,1.0,경상남도,창원시,-1164920226.8967543
경상남도통영시,2017,289627000.0,334216867.5885759,1.3591633091859163,0.1083161434834588,1.0,경상남도,통영시,44589867.5885759
경상남도하동군,2017,17000000.0,55002551.38291674,0.6765129303061364,0.0716692866903596,1.0,경상남도,하동군,38002551.38291674
경상남도함안군,2017,181706000.0,214966490.87237197,0.313636516286381,0.151088854362856,1.0,경상남도,함안군,33260490.87237197
경상남도함양군,2017,0.0,159248360.0809719,-0.1748717819416919,0.0,0.0,경상남도,함양군,159248360.0809719
경상남도합천군,2017,108566000.0,290631655.45981365,0.9770302852938528,0.0003999200213269,1.0,경상남도,합천군,182065655.45981365
경상북도경산시,2017,75363000.0,55002551.38291674,0.0019204250069949,0.0002999550089979,1.0,경상북도,경산시,-20360448.61708326
경상북도경주시,2017,1557477200.0,204829338.26445737,0.1647881002644115,0.3733550541899307,1.0,경상북도,경주시,-1352647861.7355425
경상북도고령군,2017,74611000.0,233896027.19066623,0.479601085480502,0.0589290675292874,1.0,경상북도,고령군,159285027.19066623
경상북도구미시,2017,1463293000.0,166001073.61234307,-0.1156674161674372,0.8027636268832683,1.0,경상북도,구미시,-1297291926.387657
경상북도김천시,2017,61553000.0,122900902.08956468,-0.4935478501460347,0.004191204618468,1.0,경상북도,김천시,61347902.08956468
경상북도문경시,2017,292553000.0,175393708.4727969,-0.0333175597313672,0.0,0.0,경상북도,문경시,-117159291.52720311
경상북도봉화군,2017,258899000.0,209375402.37346908,0.2646166893638458,0.0,0.0,경상북도,봉화군,-49523597.626530915
경상북도상주시,2017,233870000.0,167738302.6146178,-0.1004362737820099,0.0105442138756711,1.0,경상북도,상주시,-66131697.385382205
경상북도성주군,2017,256028000.0,182366188.06802234,0.027813603376841,0.062880898039201,1.0,경상북도,성주군,-73661811.93197766
경상북도안동시,2017,1524260793.0,256363053.25374183,0.6765805697602015,0.3741120304501421,1.0,경상북도,안동시,-1267897739.7462583
경상북도영덕군,2017,79375000.0,256969395.5966612,0.6818966717520666,0.0150856374180408,1.0,경상북도,영덕군,177594395.5966612
경상북도영양군,2017,214286000.0,183749235.98675504,0.5860431876684572,0.0,0.0,경상북도,영양군,-30536764.013244957
경상북도영주시,2017,128661000.0,164516444.06936905,-0.1286838946679919,0.00129915573162,1.0,경상북도,영주시,35855444.06936905
경상북도영천시,2017,232654000.0,97999592.52626936,0.2686948935143163,0.000499875041651,1.0,경상북도,영천시,-134654407.47373062
경상북도예천군,2017,150000000.0,177666309.5911574,-0.0133925462911666,0.0,0.0,경상북도,예천군,27666309.591157407
경상북도울릉군,2017,0.0,167853228.44022593,-0.0994286624588578,0.0,0.0,경상북도,울릉군,167853228.44022593
경상북도울진군,2017,0.0,277029988.389684,0.8577777701947747,0.0,0.0,경상북도,울진군,277029988.389684
경상북도의성군,2017,550774000.0,221225252.177349,0.3685101595813558,0.0005998200719676,1.0,경상북도,의성군,-329548747.822651
경상북도청도군,2017,276496000.0,208563159.4087866,0.2574953551986658,0.0330478540462003,1.0,경상북도,청도군,-67932840.5912134
경상북도청송군,2017,150000000.0,195999185.05253872,0.218118325171723,0.0,0.0,경상북도,청송군,45999185.05253872
경상북도칠곡군,2017,67016000.0,204831378.519886,0.2247769939488614,0.0251802985302982,1.0,경상북도,칠곡군,137815378.519886
경상북도포항시,2017,2854664000.0,215400647.69221804,0.3174429829824936,0.7971467705784301,1.0,경상북도,포항시,-2639263352.307782
광주광역시광산구,2017,48832000.0,204922491.748188,0.225575828501846,0.0007996801705643,1.0,광주광역시,광산구,156090491.748188
광주광역시남구,2017,0.0,202427433.75834692,0.2037004260917967,0.0001999800026662,1.0,광주광역시,남구,202427433.75834692
광주광역시동구,2017,0.0,233361652.2411236,0.4749159570759961,0.0,0.0,광주광역시,동구,233361652.2411236
광주광역시북구,2017,0.0,201012990.09647462,0.1912993017829502,0.0,0.0,광주광역시,북구,201012990.09647462
광주광역시서구,2017,48831000.0,175221949.7397448,-0.0348234531487759,0.0010993954433009,1.0,광주광역시,서구,126390949.73974481
대구광역시남구,2017,0.0,181926698.41173834,0.0239603810768334,0.0,0.0,대구광역시,남구,181926698.41173834
대구광역시달서구,2017,81595000.0,193148371.7094964,0.1223463184386327,0.0034938892542557,1.0,대구광역시,달서구,111553371.70949641
대구광역시달성군,2017,371801000.0,270509022.56499904,0.8006052507190858,0.0697126124113003,1.0,대구광역시,달성군,-101291977.43500096
대구광역시동구,2017,0.0,240245153.32426396,0.5352670017398097,0.00129915573162,1.0,대구광역시,동구,240245153.32426396
대구광역시북구,2017,300328978.0,208616632.59029588,0.3755181953034872,0.2232235481143804,1.0,대구광역시,북구,-91712345.40970412
대구광역시서구,2017,43365000.0,131743518.89723775,-0.4160202729060234,0.0221528046411333,1.0,대구광역시,서구,88378518.89723775
대구광역시수성구,2017,161381000.0,210359184.19416636,0.2732419891761418,0.001998002662673,1.0,대구광역시,수성구,48978184.19416636
대전광역시대덕구,2017,5266000.0,150240042.36462346,-0.2538521406688438,0.0,0.0,대전광역시,대덕구,144974042.36462346
대전광역시동구,2017,4046000.0,144782748.40213627,-0.301698924986247,0.0,0.0,대전광역시,동구,140736748.40213627
대전광역시서구,2017,14434000.0,159711979.94836804,-0.1708069981948299,0.0,0.0,대전광역시,서구,145277979.94836804
대전광역시유성구,2017,0.0,191026322.01365834,0.1037412634781518,0.0,0.0,대전광역시,유성구,191026322.01365834
대전광역시중구,2017,0.0,145216104.70126805,-0.297899476849556,0.0,0.0,대전광역시,중구,145216104.70126805
부산광역시강서구,2017,29789000.0,219647604.70548922,0.3546781470795832,0.0103462920541443,1.0,부산광역시,강서구,189858604.70548922
부산광역시금정구,2017,28458000.0,294321754.0252922,1.0093831970823797,0.1246924439573182,1.0,부산광역시,금정구,265863754.02529222
부산광역시기장군,2017,418150000.0,284923219.0417202,0.926981611360656,0.3846499683942443,1.0,부산광역시,기장군,-133226780.95827979
부산광역시남구,2017,57202000.0,274436727.2805834,0.8350413726653851,0.0834216081390723,1.0,부산광역시,남구,217234727.28058338
부산광역시동구,2017,2793000.0,208771631.4132071,0.2593231319503472,0.0,0.0,부산광역시,동구,205978631.4132071
부산광역시동래구,2017,2793000.0,253436467.24229538,0.6509217486231067,0.0,0.0,부산광역시,동래구,250643467.24229538
부산광역시부산진구,2017,4473000.0,56457565.25438377,0.3829288170157304,0.0002999550089979,1.0,부산광역시,부산진구,51984565.25438377
부산광역시북구,2017,0.0,259094525.2641338,0.7005287303409967,0.0541093256470319,1.0,부산광역시,북구,259094525.2641338
부산광역시사상구,2017,700000.0,55002551.38291674,0.4587070424542176,0.0,0.0,부산광역시,사상구,54302551.38291674
부산광역시사하구,2017,26430000.0,234699664.1621378,0.4866469666640707,0.0062802379571504,1.0,부산광역시,사하구,208269664.1621378
부산광역시서구,2017,5313000.0,207189349.00706062,0.2454504826966118,0.0,0.0,부산광역시,서구,201876349.00706062
부산광역시수영구,2017,3633000.0,218703177.7327396,0.346397890604615,0.0009995003330835,1.0,부산광역시,수영구,215070177.7327396
부산광역시연제구,2017,2793000.0,216297735.12421766,0.325308190385244,0.0,0.0,부산광역시,연제구,213504735.12421766
부산광역시영도구,2017,67977000.0,252684582.08361423,0.6443296010741266,0.2949803749328925,1.0,부산광역시,영도구,184707582.08361423
부산광역시중구,2017,0.0,125155937.87268567,-0.4737768406521936,0.0,0.0,부산광역시,중구,125155937.87268567
부산광역시해운대구,2017,0.0,332190887.83977044,1.3414005467731065,0.0630686914669829,1.0,부산광역시,해운대구,332190887.83977044
서울특별시강남구,2017,0.0,161093794.0960902,-0.1586919529091502,0.0,0.0,서울특별시,강남구,161093794.0960902
서울특별시강동구,2017,6530000.0,179037764.56566522,-0.0013683249797683,0.0,0.0,서울특별시,강동구,172507764.56566522
서울특별시강북구,2017,0.0,161974516.88010943,-0.1509702224361257,0.0,0.0,서울특별시,강북구,161974516.88010943
서울특별시강서구,2017,499000.0,168488163.2445474,-0.0938618762738348,0.0,0.0,서울특별시,강서구,167989163.2445474
서울특별시관악구,2017,0.0,232533118.08709127,0.4676517900290884,0.0,0.0,서울특별시,관악구,232533118.08709127
서울특별시광진구,2017,0.0,195682153.12128985,0.1445612281632812,0.0,0.0,서울특별시,광진구,195682153.12128985
서울특별시구로구,2017,0.0,175444813.98878035,-0.0328694924992372,0.0,0.0,서울특별시,구로구,175444813.98878035
서울특별시금천구,2017,7230000.0,189839584.1123982,0.0933365477356622,0.0,0.0,서울특별시,금천구,182609584.1123982
서울특별시노원구,2017,7645000.0,217796678.5849067,0.3384501660531412,0.0,0.0,서울특별시,노원구,210151678.5849067
서울특별시도봉구,2017,5556000.0,129186837.21803401,-0.4384359605552488,0.0,0.0,서울특별시,도봉구,123630837.21803401
서울특별시동대문구,2017,0.0,166568412.5526598,-0.1106932762184452,0.0,0.0,서울특별시,동대문구,166568412.5526598
서울특별시동작구,2017,0.0,181585560.5122846,0.0209694570749652,0.0,0.0,서울특별시,동작구,181585560.5122846
서울특별시마포구,2017,1831000.0,163406344.20422322,-0.1384166869975817,0.0,0.0,서울특별시,마포구,161575344.20422322
서울특별시서대문구,2017,499000.0,224236274.9398893,0.3949092793070588,0.0,0.0,서울특별시,서대문구,223737274.9398893
서울특별시서초구,2017,0.0,185608715.65172252,0.0562424399040607,0.0,0.0,서울특별시,서초구,185608715.65172252
서울특별시성동구,2017,0.0,145930032.09838533,-0.2916401236934016,0.0,0.0,서울특별시,성동구,145930032.09838533
서울특별시성북구,2017,0.0,215736830.20356077,0.3203904606558728,0.0,0.0,서울특별시,성북구,215736830.20356077
서울특별시송파구,2017,7645000.0,170673342.56700036,-0.0747033327804947,0.0,0.0,서울특별시,송파구,163028342.56700036
서울특별시양천구,2017,0.0,167551891.3289982,-0.1020706333453173,0.0,0.0,서울특별시,양천구,167551891.3289982
서울특별시용산구,2017,0.0,214809308.0224134,0.3122584168158266,0.0,0.0,서울특별시,용산구,214809308.0224134
서울특별시은평구,2017,0.0,213118004.9056202,0.2974299292905418,0.0,0.0,서울특별시,은평구,213118004.9056202
서울특별시종로구,2017,0.0,242164634.3787544,0.5520960376405416,0.0,0.0,서울특별시,종로구,242164634.3787544
서울특별시중구,2017,0.0,158427330.03449413,-0.1820701567813031,0.0,0.0,서울특별시,중구,158427330.03449413
서울특별시중랑구,2017,0.0,202455156.2681277,0.2039434829905704,0.0,0.0,서울특별시,중랑구,202455156.2681277
울산광역시남구,2017,78791000.0,194388773.15954766,0.133221528946909,0.0746435429957658,1.0,울산광역시,남구,115597773.15954766
울산광역시동구,2017,1059488000.0,192324200.3328036,0.5802297101208144,1.5899084478255965,1.0,울산광역시,동구,-867163799.6671964
울산광역시북구,2017,2328599000.0,232328609.81435487,0.4658587652655326,0.8043307095205604,1.0,울산광역시,북구,-2096270390.185645
울산광역시울주군,2017,7777751010.0,1978837926.0112078,0.5024940759984714,0.8992666408683598,1.0,울산광역시,울주군,-5798913083.988792
울산광역시중구,2017,731243840.0,257248930.38145706,0.6682576712213154,1.3310987256519409,1.0,울산광역시,중구,-473994909.6185429
인천광역시강화군,2017,9242000.0,55002551.38291674,-1.2212346174203763,0.0,0.0,인천광역시,강화군,45760551.38291674
인천광역시계양구,2017,10294000.0,106481154.46042062,-0.637507865633231,0.0,0.0,인천광역시,계양구,96187154.46042062
인천광역시남동구,2017,7847000.0,147193545.95377252,-0.2805622753428603,0.0,0.0,인천광역시,남동구,139346545.95377252
인천광역시부평구,2017,0.0,140380578.71426404,-0.3402949150560648,0.0,0.0,인천광역시,부평구,140380578.71426404
인천광역시서구,2017,8270000.0,99352959.55388966,-0.7000042615777433,0.0,0.0,인천광역시,서구,91082959.55388966
인천광역시연수구,2017,3419000.0,141471434.88003433,-0.3307308417179421,0.0,0.0,인천광역시,연수구,138052434.88003433
인천광역시중구,2017,4000000.0,189225604.55027255,0.0879534864810824,0.0,0.0,인천광역시,중구,185225604.55027255
전라남도강진군,2017,0.0,130081241.59308945,-0.4305942768343454,0.0,0.0,전라남도,강진군,130081241.59308945
전라남도고흥군,2017,63017000.0,61249745.328918345,0.4444103193584481,0.0001999800026662,1.0,전라남도,고흥군,-1767254.6710816547
전라남도곡성군,2017,0.0,209637892.96397623,0.2669180736681685,0.0,0.0,전라남도,곡성군,209637892.96397623
전라남도광양시,2017,145946000.0,207595174.79109102,0.2490085572464559,0.0206845911928326,1.0,전라남도,광양시,61649174.791091025
전라남도구례군,2017,0.0,178009772.91844139,-0.0103812341180533,0.0,0.0,전라남도,구례군,178009772.91844139
전라남도나주시,2017,0.0,155463118.57859233,-0.2080588587234405,0.1656839156409313,1.0,전라남도,나주시,155463118.57859233
전라남도담양군,2017,0.0,189981129.52522066,0.094577546092172,0.0,0.0,전라남도,담양군,189981129.52522066
전라남도목포시,2017,0.0,122808106.44993316,-0.4943614352278655,0.0108410231778748,1.0,전라남도,목포시,122808106.44993316
전라남도무안군,2017,24067000.0,176162876.38795862,-0.0265738857431995,0.0,0.0,전라남도,무안군,152095876.38795862
전라남도보성군,2017,78371000.0,67374719.86181018,-0.2049047371068191,0.0001999800026662,1.0,전라남도,보성군,-10996280.138189822
전라남도순천시,2017,0.0,165728691.77955773,-0.1180555218650308,0.0172503534065275,1.0,전라남도,순천시,165728691.77955773
전라남도신안군,2017,0.0,218816647.5836876,0.3473927366807393,0.0,0.0,전라남도,신안군,218816647.5836876
전라남도여수시,2017,78177000.0,262600194.09611952,0.7312646558097825,0.0241070753432331,1.0,전라남도,여수시,184423194.09611952
전라남도영광군,2017,0.0,199131377.69306952,0.174802278999585,0.0023971245997214,1.0,전라남도,영광군,199131377.69306952
전라남도영암군,2017,0.0,117389738.44633482,-0.5418669364895806,0.0,0.0,전라남도,영암군,117389738.44633482
전라남도완도군,2017,0.0,278881497.1359677,0.874010859387727,0.0,0.0,전라남도,완도군,278881497.1359677
전라남도장성군,2017,40000000.0,55002551.38291674,0.0854179467317879,0.0,0.0,전라남도,장성군,15002551.382916741
전라남도장흥군,2017,0.0,127880682.43774092,-0.4498876628984636,0.0,0.0,전라남도,장흥군,127880682.43774092
전라남도진도군,2017,0.0,203304646.04972932,0.2113913783466795,0.0,0.0,전라남도,진도군,203304646.04972932
전라남도함평군,2017,0.0,164257966.6631463,-0.1309500934088833,0.0002999550089979,1.0,전라남도,함평군,164257966.6631463
전라남도해남군,2017,0.0,155198505.39886555,-0.2103788528129948,0.0,0.0,전라남도,해남군,155198505.39886555
전라남도화순군,2017,0.0,212618566.2486655,0.2930511045720372,0.0,0.0,전라남도,화순군,212618566.2486655
전북특별자치도고창군,2017,0.0,203906599.3305816,0.2166689992694427,0.0001999800026662,1.0,전북특별자치도,고창군,203906599.3305816
전북특별자치도군산시,2017,1091044200.0,197883792.60112083,-0.7252061407859053,0.0172503534065275,1.0,전북특별자치도,군산시,-893160407.3988792
전북특별자치도김제시,2017,81441000.0,104467370.05205794,-0.6551637054892107,9.999500033330834e-05,1.0,전북특별자치도,김제시,23026370.052057937
전북특별자치도남원시,2017,0.0,198292199.3724759,0.1674447893013421,9.999500033330834e-05,1.0,전북특별자치도,남원시,198292199.3724759
전북특별자치도무주군,2017,0.0,137450189.44419265,-0.3659870812349295,0.0,0.0,전북특별자치도,무주군,137450189.44419265
전북특별자치도부안군,2017,0.0,182971620.16308606,0.0331217247773866,9.999500033330834e-05,1.0,전북특별자치도,부안군,182971620.16308606
전북특별자치도순창군,2017,0.0,197364949.65911102,0.1593151343205567,0.0020977980821461,1.0,전북특별자치도,순창군,197364949.65911102
전북특별자치도완주군,2017,0.0,124009742.64295575,-0.4838260988229095,0.0,0.0,전북특별자치도,완주군,124009742.64295575
전북특별자치도익산시,2017,276635685.0,123862061.91546154,-0.8377512958129177,0.0006997551142733,1.0,전북특별자치도,익산시,-152773623.08453846
전북특별자치도임실군,2017,370441000.0,139315644.45013553,-0.3496317183139097,0.0118297517535772,1.0,전북특별자치도,임실군,-231125355.54986447
전북특별자치도장수군,2017,0.0,113834437.18476367,-0.5730380139164333,9.999500033330834e-05,1.0,전북특별자치도,장수군,113834437.18476367
전북특별자치도전주시,2017,20000000.0,55002551.38291674,-1.1238736910717455,0.0,0.0,전북특별자치도,전주시,35002551.38291674
전북특별자치도정읍시,2017,440955000.0,178936738.3025816,-0.0022540719916354,0.0001999800026662,1.0,전북특별자치도,정읍시,-262018261.6974184
전북특별자치도진안군,2017,0.0,84946641.11228071,-0.8263115516049302,0.0,0.0,전북특별자치도,진안군,84946641.11228071
충청남도계룡시,2017,16082000.0,149551086.38508096,-0.259892557106725,0.0,0.0,충청남도,계룡시,133469086.38508096
충청남도금산군,2017,29385000.0,114832135.57020877,-0.5642907007259859,0.0,0.0,충청남도,금산군,85447135.57020877
충청남도논산시,2017,177300000.0,160819498.63428888,-0.606442838063364,9.999500033330834e-05,1.0,충청남도,논산시,-16480501.365711123
충청남도당진시,2017,0.0,112172144.36041884,-0.5876121539179634,0.0,0.0,충청남도,당진시,112172144.36041884
충청남도보령시,2017,146073094.0,198380480.92054963,-0.0931937743926327,0.0001999800026662,1.0,충청남도,보령시,52307386.92054963
충청남도부여군,2017,247269000.0,55002551.38291674,-0.4313742632276575,9.999500033330834e-05,1.0,충청남도,부여군,-192266448.61708325
충청남도서산시,2017,0.0,172421053.29717925,-0.0593802919234524,0.0,0.0,충청남도,서산시,172421053.29717925
충청남도서천군,2017,134183000.0,69089712.7310199,-0.2608680261542621,0.0,0.0,충청남도,서천군,-65093287.2689801
충청남도아산시,2017,0.0,115380215.56772283,-0.5594854134150956,0.0,0.0,충청남도,아산시,115380215.56772283
충청남도예산군,2017,196199000.0,136813568.22151506,-0.3715686530803744,0.0,0.0,충청남도,예산군,-59385431.77848494
충청남도천안시,2017,62939000.0,85624246.49303186,-0.8203706514577194,0.0,0.0,충청남도,천안시,22685246.49303186
충청남도청양군,2017,260145000.0,100507157.10003528,-0.0994401822801243,0.0,0.0,충청남도,청양군,-159637842.89996472
충청남도태안군,2017,0.0,196158773.70568126,0.1487399955999206,0.0,0.0,충청남도,태안군,196158773.70568126
충청남도홍성군,2017,50000000.0,186030706.05318898,0.0599422376173172,0.0,0.0,충청남도,홍성군,136030706.05318898
충청북도괴산군,2017,0.0,173553416.08909512,-0.0494523095486206,0.0,0.0,충청북도,괴산군,173553416.08909512
충청북도단양군,2017,55733000.0,203634586.82915846,0.2142841316818263,0.0001999800026662,1.0,충청북도,단양군,147901586.82915846
충청북도보은군,2017,0.0,163343904.86502874,-0.1389641234406053,0.0,0.0,충청북도,보은군,163343904.86502874
충청북도영동군,2017,32454620.0,99006462.89437304,-0.7030421684686955,0.0,0.0,충청북도,영동군,66551842.894373044
충청북도옥천군,2017,0.0,103612431.66092755,-0.662659371488929,0.0,0.0,충청북도,옥천군,103612431.66092755
충청북도음성군,2017,0.0,122073131.17241225,-0.5008053255192618,0.0,0.0,충청북도,음성군,122073131.17241225
충청북도제천시,2017,0.0,191287666.18108344,-0.2913662091960772,0.0001999800026662,1.0,충청북도,제천시,191287666.18108344
충청북도증평군,2017,0.0,157596187.58504584,-0.1893571920389134,0.0,0.0,충청북도,증평군,157596187.58504584
충청북도진천군,2017,0.0,112551046.80165052,-0.5842901295763082,0.0,0.0,충청북도,진천군,112551046.80165052
충청북도청주시,2017,217084000.0,440432595.6428826,-0.210001869045319,9.999500033330834e-05,1.0,충청북도,청주시,223348595.6428826
충청북도충주시,2017,0.0,110078657.86283575,-0.6059667812497117,0.0,0.0,충청북도,충주시,110078657.86283575
강원특별자치도강릉시,2018,0.0,246340170.4339551,0.387999716745784,0.0,0.0,강원특별자치도,강릉시,246340170.4339551
강원특별자치도고성군,2018,0.0,189613339.79998842,-0.0978512213092107,0.0,0.0,강원특별자치도,고성군,189613339.79998842
강원특별자치도동해시,2018,0.0,239214507.60265452,0.3269702192018466,0.0,0.0,강원특별자치도,동해시,239214507.60265452
강원특별자치도삼척시,2018,0.0,251617604.89870378,0.4331996064023481,0.0,0.0,강원특별자치도,삼척시,251617604.89870378
강원특별자치도속초시,2018,0.0,226522697.50993526,0.2182680800156814,0.0,0.0,강원특별자치도,속초시,226522697.50993526
강원특별자치도양구군,2018,22240000.0,145888005.2698221,-0.4723476379225041,0.0,0.0,강원특별자치도,양구군,123648005.26982209
강원특별자치도양양군,2018,0.0,294878074.7648306,0.8037145748972102,0.0,0.0,강원특별자치도,양양군,294878074.7648306
강원특별자치도영월군,2018,0.0,222602083.15032285,0.1846890109388162,0.0,0.0,강원특별자치도,영월군,222602083.15032285
강원특별자치도원주시,2018,0.0,135527615.24648756,-0.5610817546570056,0.0002999550089979,1.0,강원특별자치도,원주시,135527615.24648756
강원특별자치도인제군,2018,441000000.0,176316209.47520474,-0.2117377749829371,0.0,0.0,강원특별자치도,인제군,-264683790.52479526
강원특별자치도정선군,2018,146557000.0,203020006.1858879,0.0169734809874731,0.0002999550089979,1.0,강원특별자치도,정선군,56463006.1858879
강원특별자치도철원군,2018,0.0,100429963.6906527,-0.861684251594658,0.0,0.0,강원특별자치도,철원군,100429963.6906527
강원특별자치도춘천시,2018,0.0,168824904.70432764,-0.2758989031388817,0.0058826631581554,1.0,강원특별자치도,춘천시,168824904.70432764
강원특별자치도태백시,2018,0.0,101203250.6813088,-0.7036837107803865,0.0,0.0,강원특별자치도,태백시,101203250.6813088
강원특별자치도평창군,2018,0.0,106504617.05863592,-0.6329426177482036,0.0,0.0,강원특별자치도,평창군,106504617.05863592
강원특별자치도홍천군,2018,79473150.0,187329085.8044439,-0.1174152782834538,0.0009995003330835,1.0,강원특별자치도,홍천군,107855935.8044439
강원특별자치도화천군,2018,0.0,126659710.01514028,-0.6370331171266205,0.0,0.0,강원특별자치도,화천군,126659710.01514028
강원특별자치도횡성군,2018,0.0,181473696.3752519,-0.1675652058407817,0.0,0.0,강원특별자치도,횡성군,181473696.3752519
경기도가평군,2018,49402000.0,186577579.71185625,-0.1238517376441701,0.0009995003330835,1.0,경기도,가평군,137175579.71185625
경기도고양시,2018,0.0,61423198.65574153,-1.4008657524152592,0.0,0.0,경기도,고양시,61423198.65574153
경기도과천시,2018,0.0,129394818.151859,-0.6136076086140586,0.0,0.0,경기도,과천시,129394818.151859
경기도광명시,2018,0.0,104378008.41731861,-0.8278702483708438,0.0,0.0,경기도,광명시,104378008.41731861
경기도광주시,2018,2129759000.0,121807843.27806094,-0.6785881269726378,0.4929874656361109,1.0,경기도,광주시,-2007951156.721939
경기도구리시,2018,0.0,150003839.4347778,-0.4370965606531677,0.0,0.0,경기도,구리시,150003839.4347778
경기도군포시,2018,0.0,95649007.86699283,-0.9026319274257448,0.0,0.0,경기도,군포시,95649007.86699283
경기도김포시,2018,0.0,61423198.65574153,-1.72184145626521,0.0,0.0,경기도,김포시,61423198.65574153
경기도남양주시,2018,1219412000.0,235492714.8002775,-0.3130229789579642,0.0849843239049972,1.0,경기도,남양주시,-983919285.1997225
경기도동두천시,2018,266394000.0,141486926.64113098,-0.5100417617842913,0.0007996801705643,1.0,경기도,동두천시,-124907073.35886902
경기도부천시,2018,0.0,86260737.31706981,-0.9830400870641044,0.0,0.0,경기도,부천시,86260737.31706981
경기도성남시,2018,187180000.0,130529121.9295426,-0.6038925840257311,0.0919408736983572,1.0,경기도,성남시,-56650878.0704574
경기도수원시,2018,0.0,143184381.0796275,-0.4955034944065379,0.0,0.0,경기도,수원시,143184381.0796275
경기도시흥시,2018,0.0,114523154.96513386,-0.740979637492787,0.0,0.0,경기도,시흥시,114523154.96513386
경기도안산시,2018,0.0,132763849.0513893,-0.5847527121818058,0.0,0.0,경기도,안산시,132763849.0513893
경기도안성시,2018,624595000.0,106414282.25840087,-0.8104300786174807,0.0050870390485571,1.0,경기도,안성시,-518180717.74159914
경기도양주시,2018,70479000.0,172080086.2044508,-0.248019097979679,0.0020977980821461,1.0,경기도,양주시,101601086.20445079
경기도양평군,2018,464784000.0,79366944.90427472,-0.4117316287631873,0.0148886124937506,1.0,경기도,양평군,-385417055.0957253
경기도여주시,2018,220974000.0,121301402.10594855,-0.6829256673532763,0.0003999200213269,1.0,경기도,여주시,-99672597.89405145
경기도오산시,2018,0.0,126030825.18785812,-0.642419356404382,0.0,0.0,경기도,오산시,126030825.18785812
경기도용인시,2018,681934000.0,142947712.5049557,-0.4975305008112213,0.0231304173888543,1.0,경기도,용인시,-538986287.4950442
경기도의왕시,2018,23595000.0,112267241.81014022,-0.7603009623451574,0.0,0.0,경기도,의왕시,88672241.81014022
경기도의정부시,2018,0.0,162578643.58043453,-0.3293965477713104,0.0,0.0,경기도,의정부시,162578643.58043453
경기도이천시,2018,117951000.0,71271879.44635302,-0.9632641616835306,0.0007996801705643,1.0,경기도,이천시,-46679120.55364698
경기도평택시,2018,238457800.0,100520163.83026475,-0.8609117102424717,0.0002999550089979,1.0,경기도,평택시,-137937636.16973525
경기도포천시,2018,443191000.0,98795973.01684117,-0.2429975249702422,0.0613772796749034,1.0,경기도,포천시,-344395026.9831588
경기도하남시,2018,77763080.0,128031228.9948751,-0.6252864044085403,0.0037927982386962,1.0,경기도,하남시,50268148.9948751
경기도화성시,2018,350161000.0,122003142.69122553,-0.6769154369593373,0.0003999200213269,1.0,경기도,화성시,-228157857.30877447
경상남도거제시,2018,788669000.0,238100834.71282417,1.920408724918416,0.2948314546049925,1.0,경상남도,거제시,-550568165.2871759
경상남도거창군,2018,90705000.0,197334046.28602076,-0.0317253255599772,9.999500033330834e-05,1.0,경상남도,거창군,106629046.28602076
경상남도고성군,2018,247796000.0,402368083.95383894,1.7243392812729097,0.0220549907808313,1.0,경상남도,고성군,154572083.95383894
경상남도김해시,2018,1039858540.0,834302253.4738561,0.619444147665825,0.2315877980968727,1.0,경상남도,김해시,-205556286.5261439
경상남도남해군,2018,61847000.0,387698151.37260497,1.598695023941031,0.0272259862535914,1.0,경상남도,남해군,325851151.37260497
경상남도밀양시,2018,1962323080.0,822899026.8583807,0.6836400788573762,0.2479532302227841,1.0,경상남도,밀양시,-1139424053.1416192
경상남도사천시,2018,854053000.0,310500052.9509627,0.9375128617252116,0.3256279348665349,1.0,경상남도,사천시,-543552947.0490372
경상남도산청군,2018,138640911.0,300987364.09315103,0.856039090789281,0.0002999550089979,1.0,경상남도,산청군,162346453.09315103
경상남도양산시,2018,415612000.0,256182773.9901809,0.4982182939798922,0.1058004188862116,1.0,경상남도,양산시,-159429226.0098191
경상남도의령군,2018,266229200.0,320758906.9699893,1.0253773482972643,0.0819485826471674,1.0,경상남도,의령군,54529706.9699893
경상남도진주시,2018,1339891000.0,79366944.90427472,0.8864780436079257,0.1166268119317196,1.0,경상남도,진주시,-1260524055.0957253
경상남도창녕군,2018,850050000.0,299962600.1780477,0.8472622473824908,0.3090276264711589,1.0,경상남도,창녕군,-550087399.8219523
경상남도창원시,2018,2721330000.0,283548970.55936414,0.7066836665239712,0.3313879047118487,1.0,경상남도,창원시,-2437781029.4406357
경상남도통영시,2018,399909000.0,401603943.36567247,1.717794610657304,0.0966728872602607,1.0,경상남도,통영시,1694943.3656724691
경상남도하동군,2018,628346000.0,71271879.44635302,1.0263565959799512,0.1312036856153444,1.0,경상남도,하동군,-557074120.553647
경상남도함안군,2018,318038000.0,257305501.53303677,0.4819150005900113,0.174793290373163,1.0,경상남도,함안군,-60732498.46696323
경상남도함양군,2018,0.0,206352789.75886968,0.300736048112426,0.0002999550089979,1.0,경상남도,함양군,206352789.75886968
경상남도합천군,2018,211971400.0,339652297.24753094,1.1871944511883668,0.00129915573162,1.0,경상남도,합천군,127680897.24753094
경상북도경산시,2018,78531000.0,71271879.44635302,0.155467683962743,0.0002999550089979,1.0,경상북도,경산시,-7259120.553646982
경상북도경주시,2018,1798525494.0,243794847.24924654,0.3661996682832968,0.3003267899848596,1.0,경상북도,경주시,-1554730646.7507534
경상북도고령군,2018,12186000.0,281970509.44282466,0.6931645468131857,0.1108255550888846,1.0,경상북도,고령군,269784509.44282466
경상북도구미시,2018,1395742000.0,215102903.57437393,0.1301668264817315,0.5163503344086906,1.0,경상북도,구미시,-1180639096.425626
경상북도김천시,2018,0.0,136677385.48899248,-0.5512342637144347,0.0030952049073024,1.0,경상북도,김천시,136677385.48899248
경상북도문경시,2018,5200000.0,165243387.6979005,-0.3065736892636441,0.0,0.0,경상북도,문경시,160043387.6979005
경상북도봉화군,2018,310113900.0,238386894.05686235,0.3198819187789884,0.0,0.0,경상북도,봉화군,-71727005.94313765
경상북도상주시,2018,0.0,186543243.5706053,-0.1241458179982021,0.0029955089797984,1.0,경상북도,상주시,186543243.5706053
경상북도성주군,2018,0.0,232790680.07327753,0.2719517632759391,0.0386436235922044,1.0,경상북도,성주군,232790680.07327753
경상북도안동시,2018,1313078000.0,251698588.63840553,0.4338932116233969,0.1875578235892009,1.0,경상북도,안동시,-1061379411.3615944
경상북도영덕군,2018,252225000.0,275396800.5261144,0.6368623947629038,0.0134096869099176,1.0,경상북도,영덕군,23171800.526114404
경상북도영양군,2018,0.0,238100834.71282417,0.569317218600511,0.0,0.0,경상북도,영양군,238100834.71282417
경상북도영주시,2018,0.0,193933858.61557952,-0.06084707184449,0.000499875041651,1.0,경상북도,영주시,193933858.61557952
경상북도영천시,2018,167119000.0,126987111.84683955,0.2462367467788793,0.001199280575482,1.0,경상북도,영천시,-40131888.15316045
경상북도예천군,2018,0.0,165682441.17255485,-0.3028133074454964,0.0,0.0,경상북도,예천군,165682441.17255485
경상북도울릉군,2018,0.0,188145695.276202,-0.1104212249678665,0.0,0.0,경상북도,울릉군,188145695.276202
경상북도울진군,2018,0.0,315884868.76772666,0.9836324454669764,0.0,0.0,경상북도,울진군,315884868.76772666
경상북도의성군,2018,200000010.0,253584548.0181091,0.4500459760828649,0.0005998200719676,1.0,경상북도,의성군,53584538.01810911
경상북도청도군,2018,495923050.0,255048489.1963296,0.4625842615246376,0.0595887914116575,1.0,경상북도,청도군,-240874560.8036704
경상북도청송군,2018,0.0,215686021.73811266,0.1254546964668867,0.0,0.0,경상북도,청송군,215686021.73811266
경상북도칠곡군,2018,2251682.0,255599979.50966233,0.467307636390931,0.0188217542405877,1.0,경상북도,칠곡군,253348297.50966233
경상북도포항시,2018,0.0,253476642.2660448,0.4491217906440516,0.5162309884245414,1.0,경상북도,포항시,253476642.2660448
광주광역시광산구,2018,26338000.0,236608506.82712817,0.3046504825408784,0.0,0.0,광주광역시,광산구,210270506.82712817
광주광역시남구,2018,0.0,238160744.553481,0.3179450055559062,0.0,0.0,광주광역시,남구,238160744.553481
광주광역시동구,2018,0.0,269716115.64309865,0.5882087673988643,0.0,0.0,광주광역시,동구,269716115.64309865
광주광역시북구,2018,0.0,236822482.31556386,0.3064831284090749,0.0,0.0,광주광역시,북구,236822482.31556386
광주광역시서구,2018,26339000.0,210440847.3051937,0.0805311058129458,0.0003999200213269,1.0,광주광역시,서구,184101847.3051937
대구광역시남구,2018,0.0,221689271.86701754,0.1768710134708685,0.0,0.0,대구광역시,남구,221689271.86701754
대구광역시달서구,2018,131714000.0,233120014.2530409,0.2747724271202511,0.0069756137364252,1.0,대구광역시,달서구,101406014.25304091
대구광역시달성군,2018,1838417970.0,312059140.66428787,0.9508660531438674,0.0684994164246923,1.0,대구광역시,달성군,-1526358829.3357122
대구광역시동구,2018,0.0,281532608.2119464,0.6894140336711696,0.00329456694943,1.0,대구광역시,동구,281532608.2119464
대구광역시북구,2018,636999740.0,254270379.64636302,0.455919950288916,0.1220406259090246,1.0,대구광역시,북구,-382729360.353637
대구광역시서구,2018,56711000.0,170607774.41419196,-0.2606290755936646,0.0199006617063361,1.0,대구광역시,서구,113896774.41419196
대구광역시수성구,2018,87820000.0,250713365.62198806,0.4254550259999405,0.001598721363697,1.0,대구광역시,수성구,162893365.62198806
대전광역시대덕구,2018,2967000.0,179825195.80594754,-0.1816841957266914,0.0,0.0,대전광역시,대덕구,176858195.80594754
대전광역시동구,2018,1479000.0,172413383.6575791,-0.2451644897027139,0.0,0.0,대전광역시,동구,170934383.6575791
대전광역시서구,2018,16275000.0,189659490.30654138,-0.0974559539084076,0.0,0.0,대전광역시,서구,173384490.30654138
대전광역시유성구,2018,55081000.0,221454778.15337798,0.1748626342001329,9.999500033330834e-05,1.0,대전광역시,유성구,166373778.15337798
대전광역시중구,2018,0.0,174806939.34356064,-0.2246642914310217,0.0,0.0,대전광역시,중구,174806939.34356064
부산광역시강서구,2018,25900000.0,267863316.9684973,0.5723400159804987,0.006379606964039,1.0,부산광역시,강서구,241963316.9684973
부산광역시금정구,2018,81697000.0,357886660.4451657,1.3433671540416376,0.1133286853070031,1.0,부산광역시,금정구,276189660.4451657
부산광역시기장군,2018,295126000.0,348387421.4263969,1.2620085775708785,0.1787317879433972,1.0,부산광역시,기장군,53261421.42639691
부산광역시남구,2018,38402000.0,333253245.4132515,1.1323881928164143,0.0091579377847656,1.0,부산광역시,남구,294851245.4132515
부산광역시동구,2018,2812000.0,266140703.20729697,0.5575862653754986,0.0,0.0,부산광역시,동구,263328703.20729697
부산광역시동래구,2018,3748000.0,311779591.3681809,0.948471784219827,0.0,0.0,부산광역시,동래구,308031591.3681809
부산광역시부산진구,2018,13253000.0,73157275.13496426,0.6818182678960162,0.0036931718376175,1.0,부산광역시,부산진구,59904275.13496426
부산광역시북구,2018,28460000.0,317435839.4850435,0.9969161168704868,0.0027960873020012,1.0,부산광역시,북구,288975839.4850435
부산광역시사상구,2018,14317000.0,71271879.44635302,0.7558044041709726,0.0,0.0,부산광역시,사상구,56954879.44635302
부산광역시사하구,2018,15999000.0,292584311.65156376,0.7840690747379021,0.0047885167317971,1.0,부산광역시,사하구,276585311.65156376
부산광역시서구,2018,6717000.0,264488908.13157138,0.5434390588764395,0.0,0.0,부산광역시,서구,257771908.13157138
부산광역시수영구,2018,3748000.0,276361564.2389004,0.6451253516321678,0.0,0.0,부산광역시,수영구,272613564.2389004
부산광역시연제구,2018,2812000.0,273907663.82113826,0.6241083160153499,0.0,0.0,부산광역시,연제구,271095663.82113826
부산광역시영도구,2018,25407000.0,310974740.33327127,0.9415784389379708,0.229841072761931,1.0,부산광역시,영도구,285567740.33327127
부산광역시중구,2018,0.0,162176093.5044151,-0.1720345013978611,0.0,0.0,부산광역시,중구,162176093.5044151
부산광역시해운대구,2018,24596000.0,392113202.70195127,1.63650882044528,0.0014988761237358,1.0,부산광역시,해운대구,367517202.70195127
서울특별시강남구,2018,0.0,147240329.2269737,-0.4607653257116235,0.0,0.0,서울특별시,강남구,147240329.2269737
서울특별시강동구,2018,0.0,165586534.3622679,-0.3036347249867731,0.0,0.0,서울특별시,강동구,165586534.3622679
서울특별시강북구,2018,0.0,147928012.66380313,-0.4548754912341022,0.0,0.0,서울특별시,강북구,147928012.66380313
서울특별시강서구,2018,0.0,154752645.44327137,-0.396424239846895,0.0,0.0,서울특별시,강서구,154752645.44327137
서울특별시관악구,2018,0.0,220054499.66231433,0.1628696035509967,0.0,0.0,서울특별시,관악구,220054499.66231433
서울특별시광진구,2018,0.0,182427895.8990743,-0.1593927285745628,0.0,0.0,서울특별시,광진구,182427895.8990743
서울특별시구로구,2018,0.0,161916989.85226965,-0.3350634443862608,0.0,0.0,서울특별시,구로구,161916989.85226965
서울특별시금천구,2018,150000.0,176609537.37821448,-0.2092254957802692,0.0,0.0,서울특별시,금천구,176459537.37821448
서울특별시노원구,2018,0.0,204962333.04201224,0.0336090186071682,0.0,0.0,서울특별시,노원구,204962333.04201224
서울특별시도봉구,2018,0.0,114575343.12058945,-0.740532659158195,0.0,0.0,서울특별시,도봉구,114575343.12058945
서울특별시동대문구,2018,0.0,152874858.35043404,-0.4125070107390218,0.0,0.0,서울특별시,동대문구,152874858.35043404
서울특별시동작구,2018,0.0,168184765.550237,-0.2813815328755492,0.0,0.0,서울특별시,동작구,168184765.550237
서울특별시마포구,2018,1831000.0,149650901.2900855,-0.4401193864792852,0.0,0.0,서울특별시,마포구,147819901.2900855
서울특별시서대문구,2018,530000.0,211694708.9822456,0.0912701135307877,0.0,0.0,서울특별시,서대문구,211164708.9822456
서울특별시서초구,2018,0.0,172183784.02157682,-0.2471309524379328,0.0,0.0,서울특별시,서초구,172183784.02157682
서울특별시성동구,2018,0.0,131837869.74025224,-0.5926834904732707,0.0,0.0,서울특별시,성동구,131837869.74025224
서울특별시성북구,2018,0.0,202953658.47971407,0.0164052296869493,0.0,0.0,서울특별시,성북구,202953658.47971407
서울특별시송파구,2018,200300000.0,157157439.07871884,-0.3758277913840886,0.0,0.0,서울특별시,송파구,-43142560.92128116
서울특별시양천구,2018,394000.0,153871576.8367991,-0.4039703693267438,0.0,0.0,서울특별시,양천구,153477576.8367991
서울특별시용산구,2018,0.0,202048697.0475973,0.008654464206421,0.0,0.0,서울특별시,용산구,202048697.0475973
서울특별시은평구,2018,0.0,200216044.4406131,-0.0070417412448853,0.0,0.0,서울특별시,은평구,200216044.4406131
서울특별시종로구,2018,0.0,229944391.79459476,0.2475740250043264,0.0,0.0,서울특별시,종로구,229944391.79459476
서울특별시중구,2018,0.0,144579161.0068297,-0.4835575575643391,0.0,0.0,서울특별시,중구,144579161.0068297
서울특별시중랑구,2018,0.0,189416395.27166593,-0.0995380013172054,0.0,0.0,서울특별시,중랑구,189416395.27166593
울산광역시남구,2018,120067736.0,224820887.13358214,0.2036925051333469,0.0791807978744412,1.0,울산광역시,남구,104753151.13358214
울산광역시동구,2018,981738000.0,249212206.9994226,0.8222511561270225,1.2901963710745536,1.0,울산광역시,동구,-732525793.0005774
울산광역시북구,2018,3808384800.0,283601242.2355429,0.7071313601924042,1.0169321299920044,1.0,울산광역시,북구,-3524783557.764457
울산광역시울주군,2018,5379601430.0,1380703065.198625,0.7173745499512747,0.7156911449948399,1.0,울산광역시,울주군,-3998898364.801375
울산광역시중구,2018,551007760.0,307350357.36719656,0.9105365167248234,1.013417442604878,1.0,울산광역시,중구,-243657402.63280344
인천광역시강화군,2018,4146000.0,61423198.65574153,-1.3718606274536285,0.0,0.0,인천광역시,강화군,57277198.65574153
인천광역시계양구,2018,2071000.0,98648494.46727282,-0.8769420843278154,0.0,0.0,인천광역시,계양구,96577494.46727282
인천광역시남동구,2018,1036000.0,140309308.4421574,-0.5201277634213963,0.0,0.0,인천광역시,남동구,139273308.4421574
인천광역시미추홀구,2018,0.0,125029680.6159482,-0.7179139911373887,0.0,0.0,인천광역시,미추홀구,125029680.6159482
인천광역시부평구,2018,0.0,133375571.31851366,-0.5795134658853006,0.0,0.0,인천광역시,부평구,133375571.31851366
인천광역시서구,2018,7331000.0,91277299.70491862,-0.940074500679161,0.0,0.0,인천광역시,서구,83946299.70491862
인천광역시연수구,2018,2071000.0,134643082.38439548,-0.5686575546088996,0.0,0.0,인천광역시,연수구,132572082.38439548
인천광역시중구,2018,0.0,183070467.43327847,-0.1538892661182342,0.0,0.0,인천광역시,중구,183070467.43327847
전라남도강진군,2018,0.0,168558263.86144912,-0.0675401418505055,0.0,0.0,전라남도,강진군,168558263.86144912
전라남도고흥군,2018,42114000.0,79366944.90427472,0.3457458496395412,0.0,0.0,전라남도,고흥군,37252944.90427472
전라남도곡성군,2018,0.0,244277390.25121555,0.3703325268889765,0.0,0.0,전라남도,곡성군,244277390.25121555
전라남도광양시,2018,244966000.0,269000217.25084233,0.6000605671543283,0.0382587121170903,1.0,전라남도,광양시,24034217.250842333
전라남도구례군,2018,0.0,223203888.58894458,0.1898433221106781,0.0,0.0,전라남도,구례군,223203888.58894458
전라남도나주시,2018,0.0,188944067.36104825,-0.1035833702524787,0.0,0.0,전라남도,나주시,188944067.36104825
전라남도담양군,2018,0.0,227597743.86746505,0.2274755798075997,0.0,0.0,전라남도,담양군,227597743.86746505
전라남도목포시,2018,0.0,159133791.75812286,-0.2217149044764623,0.0,0.0,전라남도,목포시,159133791.75812286
전라남도무안군,2018,26525000.0,228270488.78945237,0.2445572401930721,0.0,0.0,전라남도,무안군,201745488.78945237
전라남도보성군,2018,125832000.0,87303639.3947022,-0.1626052934385827,9.999500033330834e-05,1.0,전라남도,보성군,-38528360.605297804
전라남도순천시,2018,0.0,197306770.39141777,-0.0319589366895087,0.0189198848525108,1.0,전라남도,순천시,197306770.39141777
전라남도신안군,2018,6367000.0,273102526.68174994,0.6172125203210899,0.0002999550089979,1.0,전라남도,신안군,266735526.68174994
전라남도여수시,2018,0.0,299411961.28514373,0.8425461647165435,0.0156764793850075,1.0,전라남도,여수시,299411961.28514373
전라남도영광군,2018,0.0,239923666.2007966,0.3330439829973302,0.0,0.0,전라남도,영광군,239923666.2007966
전라남도영암군,2018,0.0,152112712.52745318,-0.143921016059491,0.0,0.0,전라남도,영암군,152112712.52745318
전라남도완도군,2018,0.0,307763438.6969011,0.9140744536990388,0.0,0.0,전라남도,완도군,307763438.6969011
전라남도장성군,2018,40000000.0,71271879.44635302,-0.1521251315444691,0.0,0.0,전라남도,장성군,31271879.44635302
전라남도장흥군,2018,0.0,148286241.95858806,-0.4518073480474487,0.0,0.0,전라남도,장흥군,148286241.95858806
전라남도진도군,2018,0.0,263440583.38792267,0.5915664405016122,0.0,0.0,전라남도,진도군,263440583.38792267
전라남도함평군,2018,0.0,204452854.9257494,0.0292454675690006,0.0,0.0,전라남도,함평군,204452854.9257494
전라남도해남군,2018,0.0,188793436.5747173,-0.1048734847894792,0.0,0.0,전라남도,해남군,188793436.5747173
전라남도화순군,2018,13840000.0,248595884.5687324,0.4073193370404036,0.0,0.0,전라남도,화순군,234755884.5687324
전북특별자치도고창군,2018,0.0,201454918.935729,0.0035689050552457,0.0,0.0,전북특별자치도,고창군,201454918.935729
전북특별자치도군산시,2018,622674320.0,156857626.60006595,-0.3783956093348927,0.096582097846244,1.0,전북특별자치도,군산시,-465816693.39993405
전북특별자치도김제시,2018,49740000.0,135368007.79645923,-0.5504985386177451,0.0,0.0,전북특별자치도,김제시,85628007.79645923
전북특별자치도남원시,2018,0.0,243794278.53515744,0.3661947973911528,0.0,0.0,전북특별자치도,남원시,243794278.53515744
전북특별자치도무주군,2018,0.0,159366138.30507052,-0.3569108418733972,0.0,0.0,전북특별자치도,무주군,159366138.30507052
전북특별자치도부안군,2018,0.0,216713162.88124025,0.1342519002296617,0.0,0.0,전북특별자치도,부안군,216713162.88124025
전북특별자치도순창군,2018,0.0,235382798.96893728,0.2941526051514996,0.0109399400383343,1.0,전북특별자치도,순창군,235382798.96893728
전북특별자치도완주군,2018,0.0,154025976.5370821,-0.4026479749962381,0.0,0.0,전북특별자치도,완주군,154025976.5370821
전북특별자치도익산시,2018,44952000.0,144474246.02988452,-0.4844561277716853,9.999500033330834e-05,1.0,전북특별자치도,익산시,99522246.02988452
전북특별자치도임실군,2018,249478500.0,176046905.967833,-0.2140442913212522,0.0121261797978405,1.0,전북특별자치도,임실군,-73431594.03216699
전북특별자치도장수군,2018,0.0,147505780.72994265,-0.4364300852465089,0.0,0.0,전북특별자치도,장수군,147505780.72994265
전북특별자치도전주시,2018,20000000.0,71271879.44635302,-1.0374783301495614,0.0,0.0,전북특별자치도,전주시,51271879.44635302
전북특별자치도정읍시,2018,175692580.0,201771721.0907116,0.0062822352811015,0.0003999200213269,1.0,전북특별자치도,정읍시,26079141.090711594
전북특별자치도진안군,2018,0.0,110073198.65179008,-0.6928322962809593,0.0,0.0,전북특별자치도,진안군,110073198.65179008
충청남도계룡시,2018,16083000.0,178899247.55047953,-0.1896147080342159,0.0,0.0,충청남도,계룡시,162816247.55047953
충청남도금산군,2018,15345000.0,142907245.28184173,-0.4978770923286864,9.999500033330834e-05,1.0,충청남도,금산군,127562245.28184173
충청남도논산시,2018,195436000.0,127487100.35909367,-0.6299467283709846,9.999500033330834e-05,1.0,충청남도,논산시,-67948899.64090633
충청남도당진시,2018,0.0,128131635.00047186,-0.6244264523988768,0.0,0.0,충청남도,당진시,128131635.00047186
충청남도보령시,2018,85623255.0,199597749.7717714,-0.0123372784976092,0.000499875041651,1.0,충청남도,보령시,113974494.7717714
충청남도부여군,2018,467983000.0,71271879.44635302,-0.4446344573625008,0.0,0.0,충청남도,부여군,-396711120.553647
충청남도서산시,2018,96490000.0,188283706.99556318,-0.1092391895436262,0.0,0.0,충청남도,서산시,91793706.99556318
충청남도서천군,2018,27532000.0,89525913.85202189,0.1164469301148242,0.0003999200213269,1.0,충청남도,서천군,61993913.85202189
충청남도아산시,2018,0.0,87027005.6261981,-0.9764771930573152,0.0,0.0,충청남도,아산시,87027005.6261981
충청남도예산군,2018,290653000.0,145121449.85052744,-0.4789129909551561,9.999500033330834e-05,1.0,충청남도,예산군,-145531550.14947256
충청남도천안시,2018,77883000.0,61423198.65574153,-1.230878826453186,0.0,0.0,충청남도,천안시,-16459801.344258472
충청남도청양군,2018,683095000.0,130236394.57122056,-0.1153240598629142,0.0007996801705643,1.0,충청남도,청양군,-552858605.4287795
충청남도태안군,2018,0.0,218003710.7066747,0.145305115517468,0.0,0.0,충청남도,태안군,218003710.7066747
충청남도홍성군,2018,30205000.0,195137828.69015503,-0.0505353730665859,0.0,0.0,충청남도,홍성군,164932828.69015503
충청북도괴산군,2018,0.0,184275742.62211332,-0.1435663893672252,0.0,0.0,충청북도,괴산군,184275742.62211332
충청북도단양군,2018,42785000.0,230093493.50039276,0.2488510433538086,9.999500033330834e-05,1.0,충청북도,단양군,187308493.50039276
충청북도보은군,2018,0.0,156838003.4301969,-0.3785636768151647,0.0,0.0,충청북도,보은군,156838003.4301969
충청북도영동군,2018,10877000.0,114290842.42598195,-0.7429693355564281,9.999500033330834e-05,1.0,충청북도,영동군,103413842.42598195
충청북도옥천군,2018,0.0,96733977.97920634,-0.8933394331881956,0.0,0.0,충청북도,옥천군,96733977.97920634
충청북도음성군,2018,0.0,128549837.42091015,-0.620844654579466,0.0,0.0,충청북도,음성군,128549837.42091015
충청북도제천시,2018,0.0,161610690.81791338,-0.3376868180439145,9.999500033330834e-05,1.0,충청북도,제천시,161610690.81791338
충청북도증평군,2018,0.0,151879580.62228632,-0.4210313124220473,0.0,0.0,충청북도,증평군,151879580.62228632
충청북도진천군,2018,43274000.0,85482023.95975311,-0.9897095697568626,0.0,0.0,충청북도,진천군,42208023.95975311
충청북도청주시,2018,83013000.0,307304922.1586783,-0.4802020573088447,9.999500033330834e-05,1.0,충청북도,청주시,224291922.1586783
충청북도충주시,2018,0.0,121735114.10980359,-0.6792110338797729,0.0,0.0,충청북도,충주시,121735114.10980359
강원특별자치도강릉시,2019,0.0,337243942.55585915,0.6674936720487841,0.0,0.0,강원특별자치도,강릉시,337243942.55585915
강원특별자치도고성군,2019,0.0,238112758.09324196,-0.1353102538279108,0.0,0.0,강원특별자치도,고성군,238112758.09324196
강원특별자치도동해시,2019,0.0,327488787.2260635,0.4337238085479869,0.0,0.0,강원특별자치도,동해시,327488787.2260635
강원특별자치도삼척시,2019,0.0,325410340.31604093,0.343112469728221,0.0,0.0,강원특별자치도,삼척시,325410340.31604093
강원특별자치도속초시,2019,0.0,283122027.4165795,0.1113570268303941,0.0,0.0,강원특별자치도,속초시,283122027.4165795
강원특별자치도양구군,2019,0.0,182285580.00535366,-0.4412636366042472,0.0,0.0,강원특별자치도,양구군,182285580.00535366
강원특별자치도양양군,2019,0.0,390901047.8365368,0.7020255330889934,0.0,0.0,강원특별자치도,양양군,390901047.8365368
강원특별자치도영월군,2019,237900000.0,275191271.8095456,0.0678935814431943,0.0,0.0,강원특별자치도,영월군,37291271.80954558
강원특별자치도원주시,2019,10000000.0,148499793.83282825,-0.6264221189650943,0.001598721363697,1.0,강원특별자치도,원주시,138499793.83282825
강원특별자치도인제군,2019,150564455.0,221769994.9240784,-0.2248745815760634,0.0,0.0,강원특별자치도,인제군,71205539.9240784
강원특별자치도정선군,2019,500083000.0,221131353.1903411,-0.2283745721812031,0.0005998200719676,1.0,강원특별자치도,정선군,-278951646.8096589
강원특별자치도철원군,2019,0.0,80294115.18546878,-1.057378720399971,0.0,0.0,강원특별자치도,철원군,80294115.18546878
강원특별자치도춘천시,2019,848745000.0,203121833.08254415,-0.3270733384072959,0.0127187724077746,1.0,강원특별자치도,춘천시,-645623166.9174559
강원특별자치도태백시,2019,0.0,127238402.65354113,-0.7429423296695131,0.0,0.0,강원특별자치도,태백시,127238402.65354113
강원특별자치도평창군,2019,0.0,109665783.40183197,-0.8392467191881265,0.0,0.0,강원특별자치도,평창군,109665783.40183197
강원특별자치도홍천군,2019,0.0,237134820.1079615,-0.1406697121596752,0.001998002662673,1.0,강원특별자치도,홍천군,237134820.1079615
강원특별자치도화천군,2019,0.0,147641190.3795931,-0.6311275803546558,0.0,0.0,강원특별자치도,화천군,147641190.3795931
강원특별자치도횡성군,2019,0.0,221342700.22285283,-0.2272163130366175,0.0001999800026662,1.0,강원특별자치도,횡성군,221342700.22285283
경기도가평군,2019,795456000.0,230599917.21636286,-0.1764833734314642,0.0016985566355814,1.0,경기도,가평군,-564856082.7836372
경기도고양시,2019,0.0,80294115.18546878,-1.1701702476110811,0.0,0.0,경기도,고양시,80294115.18546878
경기도과천시,2019,0.0,153216278.59662253,-0.6005740550342225,0.0,0.0,경기도,과천시,153216278.59662253
경기도광명시,2019,0.0,113358736.20436972,-0.8190079852762847,0.0,0.0,경기도,광명시,113358736.20436972
경기도광주시,2019,3473599000.0,134150717.17925785,-0.705060314414727,0.5183174895242862,1.0,경기도,광주시,-3339448282.820742
경기도구리시,2019,0.0,185274341.5371889,-0.4248841287678098,0.0,0.0,경기도,구리시,185274341.5371889
경기도군포시,2019,0.0,95084627.37983227,-0.9191567945764472,0.0,0.0,경기도,군포시,95084627.37983227
경기도김포시,2019,0.0,80294115.18546878,-1.4402553776194356,0.0,0.0,경기도,김포시,80294115.18546878
경기도남양주시,2019,1991500000.0,202179029.07035896,-0.3322402496985856,0.095946341047209,1.0,경기도,남양주시,-1789320970.929641
경기도동두천시,2019,301286000.0,141236881.80133778,-0.6662255369588035,0.0013990209137073,1.0,경기도,동두천시,-160049118.19866222
경기도부천시,2019,0.0,115410476.85714233,-0.807763695043537,0.0,0.0,경기도,부천시,115410476.85714233
경기도성남시,2019,224595000.0,152471097.86064893,-0.6046579183918143,0.062411260121397,1.0,경기도,성남시,-72123902.13935107
경기도수원시,2019,0.0,150956462.73865002,-0.6129586735995712,0.0,0.0,경기도,수원시,150956462.73865002
경기도시흥시,2019,0.0,139326083.09647322,-0.6766974136966462,0.0,0.0,경기도,시흥시,139326083.09647322
경기도안산시,2019,0.0,172759718.3052073,-0.4934688475936168,0.0,0.0,경기도,안산시,172759718.3052073
경기도안성시,2019,364225497.0,108405763.37907241,-0.8461520903985843,0.0058826631581554,1.0,경기도,안성시,-255819733.62092757
경기도양주시,2019,81609000.0,176461654.6163506,-0.4731808807643826,0.000899595242836,1.0,경기도,양주시,94852654.61635059
경기도양평군,2019,875437000.0,108654716.60988134,-0.3973663782210987,0.0420052941450301,1.0,경기도,양평군,-766782283.3901186
경기도여주시,2019,176941000.0,132088432.00991727,-0.7163623924602248,0.0001999800026662,1.0,경기도,여주시,-44852567.990082726
경기도오산시,2019,0.0,143702265.5530789,-0.6527143310458068,0.0,0.0,경기도,오산시,143702265.5530789
경기도용인시,2019,968669000.0,155727034.34609985,-0.5868141939560143,0.0211742352314064,1.0,경기도,용인시,-812941965.6539001
경기도의왕시,2019,29202000.0,123025672.78402263,-0.7660296322781637,0.000899595242836,1.0,경기도,의왕시,93823672.78402263
경기도의정부시,2019,0.0,173842908.1347843,-0.4875325706063351,0.0,0.0,경기도,의정부시,173842908.1347843
경기도이천시,2019,133177000.0,80294115.18546878,-1.0154184023561814,0.0009995003330835,1.0,경기도,이천시,-52882884.81453122
경기도평택시,2019,193531000.0,97657848.2907072,-0.9050546015357464,0.0001999800026662,1.0,경기도,평택시,-95873151.7092928
경기도포천시,2019,1279062000.0,135253391.23598027,-0.4485223550205047,0.059023340449461,1.0,경기도,포천시,-1143808608.7640197
경기도하남시,2019,129641000.0,150966182.76978353,-0.6129054042689719,0.009950330853168,1.0,경기도,하남시,21325182.769783527
경기도화성시,2019,130985000.0,130794103.90637195,-0.723455784518816,9.999500033330834e-05,1.0,경기도,화성시,-190896.0936280489
경상남도거제시,2019,1276013620.0,325964149.829644,1.592165254154353,0.1677154044045924,1.0,경상남도,거제시,-950049470.170356
경상남도거창군,2019,115304810.0,270153713.26878375,0.1674464479927307,0.0,0.0,경상남도,거창군,154848903.26878375
경상남도고성군,2019,444436000.0,542918369.0223329,1.5351361299414894,0.0208804775793552,1.0,경상남도,고성군,98482369.0223329
경상남도김해시,2019,1138694070.0,615016864.1391481,0.8068470174714674,0.0935814136215305,1.0,경상남도,김해시,-523677205.8608519
경상남도남해군,2019,209089000.0,530765456.80790585,1.5295909095861078,0.0132123314721348,1.0,경상남도,남해군,321676456.80790585
경상남도밀양시,2019,2690269770.0,606610825.8659487,0.7942103445611357,0.1590529298546003,1.0,경상남도,밀양시,-2083658944.1340513
경상남도사천시,2019,820689000.0,425079928.4441514,0.9624927917929118,0.2210613851098851,1.0,경상남도,사천시,-395609071.5558486
경상남도산청군,2019,286710000.0,412056893.3091826,1.1701585083607051,0.000499875041651,1.0,경상남도,산청군,125346893.30918258
경상남도양산시,2019,549006360.0,350718636.60380304,0.5290186659342722,0.0843411484337508,1.0,경상남도,양산시,-198287723.39619696
경상남도의령군,2019,1155989000.0,439124476.55575997,1.0467879428793754,0.0410459694360009,1.0,경상남도,의령군,-716864523.4442401
경상남도진주시,2019,2826425000.0,108654716.60988134,0.9550911310216236,0.0989399478549035,1.0,경상남도,진주시,-2717770283.3901186
경상남도창녕군,2019,914560310.0,410653973.832795,0.8902460343046942,0.1765549618996175,1.0,경상남도,창녕군,-503906336.167205
경상남도창원시,2019,2287695300.0,388183431.758779,0.8056159655167053,0.128041349880884,1.0,경상남도,창원시,-1899511868.241221
경상남도통영시,2019,718196860.0,520542801.3783911,1.412509824140624,0.0789035975954659,1.0,경상남도,통영시,-197654058.6216089
경상남도하동군,2019,1008987240.0,97572432.36258195,1.119553143168451,0.0948555310126788,1.0,경상남도,하동군,-911414807.637418
경상남도함안군,2019,478874000.0,352255669.9764023,0.4965587012579311,0.1016536537264998,1.0,경상남도,함안군,-126618330.02359772
경상남도함양군,2019,47322000.0,282500528.65145373,0.3162025189020467,0.0001999800026662,1.0,경상남도,함양군,235178528.65145373
경상남도합천군,2019,186194030.0,464989853.74625343,1.158826643986541,0.0006997551142733,1.0,경상남도,합천군,278795823.74625343
경상북도경산시,2019,58159000.0,97572432.36258195,0.1892190689877153,0.0003999200213269,1.0,경상북도,경산시,39413432.36258195
경상북도경주시,2019,2106681453.0,333759351.21057516,0.4954120162941811,0.265743164933027,1.0,경상북도,경주시,-1772922101.789425
경상북도고령군,2019,0.0,386022491.26265466,0.787534537389121,0.0869113719892964,1.0,경상북도,고령군,386022491.26265466
경상북도구미시,2019,1349873000.0,290531006.8823764,0.1519609478616953,0.4347002333764993,1.0,경상북도,구미시,-1059341993.1176236
경상북도김천시,2019,0.0,173671346.2286093,-0.4884727926871857,0.0054849302305696,1.0,경상북도,김천시,173671346.2286093
경상북도문경시,2019,0.0,205660232.93100157,-0.3131619775419507,0.0,0.0,경상북도,문경시,205660232.93100157
경상북도봉화군,2019,473197523.0,326355770.00599784,0.3490208503804151,0.0,0.0,경상북도,봉화군,-146841752.99400216
경상북도상주시,2019,0.0,224389875.09506685,-0.2105166787008604,0.0030952049073024,1.0,경상북도,상주시,224389875.09506685
경상북도성주군,2019,0.0,308680305.8639593,0.2514257535105245,0.0591176044830888,1.0,경상북도,성주군,308680305.8639593
경상북도안동시,2019,1487005100.0,344579709.5075039,0.4638575547495402,0.192601866201511,1.0,경상북도,안동시,-1142425390.492496
경상북도영덕군,2019,288298000.0,377022970.3628332,0.9185069619441212,0.0122249696225689,1.0,경상북도,영덕군,88724970.3628332
경상북도영양군,2019,0.0,325964149.829644,0.8373905193547192,0.0,0.0,경상북도,영양군,325964149.829644
경상북도영주시,2019,0.0,213605551.69252497,-0.2696187207343538,0.0003999200213269,1.0,경상북도,영주시,213605551.69252497
경상북도영천시,2019,230700399.0,173847546.57581013,0.4380735678395416,0.0021975835434872,1.0,경상북도,영천시,-56852852.424189866
경상북도예천군,2019,60000000.0,207188930.1063242,-0.304784157131715,0.0,0.0,경상북도,예천군,147188930.1063242
경상북도울릉군,2019,0.0,249762043.69385582,-0.0714679021542424,0.0,0.0,경상북도,울릉군,249762043.69385582
경상북도울진군,2019,0.0,432451834.18239754,1.318662341152289,0.0,0.0,경상북도,울진군,432451834.18239754
경상북도의성군,2019,0.0,347161620.43007493,0.5379347476715329,0.0005998200719676,1.0,경상북도,의성군,347161620.43007493
경상북도청도군,2019,365422726.0,349165781.15523493,0.5622524040675959,0.0520230280671519,1.0,경상북도,청도군,-16256944.844765067
경상북도청송군,2019,0.0,295277884.22413003,0.2211673323849738,0.0,0.0,경상북도,청송군,295277884.22413003
경상북도칠곡군,2019,329200000.0,347458439.95446116,0.4639441309227865,0.0560021901152847,1.0,경상북도,칠곡군,18258439.954461157
경상북도포항시,2019,0.0,347013895.59418434,0.7497548975786327,0.2752804897340374,1.0,경상북도,포항시,347013895.59418434
광주광역시광산구,2019,18458000.0,291517576.9642643,0.1573677132443968,0.0001999800026662,1.0,광주광역시,광산구,273059576.9642643
광주광역시남구,2019,0.0,287689889.12421733,0.1363905819799332,0.0,0.0,광주광역시,남구,287689889.12421733
광주광역시동구,2019,0.0,349505189.18079877,0.4751610663105472,0.0,0.0,광주광역시,동구,349505189.18079877
광주광역시북구,2019,0.0,291554564.32967556,0.157570417553573,0.0,0.0,광주광역시,북구,291554564.32967556
광주광역시서구,2019,14591424.0,256017192.40257728,-0.0371873962653453,0.0,0.0,광주광역시,서구,241425768.40257728
대구광역시남구,2019,0.0,303496437.2033472,0.2500048413663703,0.0,0.0,대구광역시,남구,303496437.2033472
대구광역시달서구,2019,113006840.0,319145320.703801,0.3505115429260049,0.004489905272852,1.0,대구광역시,달서구,206138480.70380098
대구광역시달성군,2019,2316144840.0,427214346.4170948,1.0327832825212078,0.0573250666192694,1.0,대구광역시,달성군,-1888930493.5829053
대구광역시동구,2019,0.0,385422996.9240282,0.7560521206606264,0.001199280575482,1.0,대구광역시,동구,385422996.9240282
대구광역시북구,2019,738770307.0,348100535.75937104,0.5184121631921704,0.1135965065825405,1.0,대구광역시,북구,-390669771.24062896
대구광역시서구,2019,13773000.0,227536773.57604676,-0.1932705224650253,0.0108410231778748,1.0,대구광역시,서구,213763773.57604676
대구광역시수성구,2019,42245100.0,343230922.20347595,0.5018910739473705,0.000499875041651,1.0,대구광역시,수성구,300985822.20347595
대전광역시대덕구,2019,1972000.0,195273717.6923289,-0.3700838851391269,0.0,0.0,대전광역시,대덕구,193301717.6923289
대전광역시동구,2019,1972000.0,182776660.44760704,-0.4385723359211608,0.0,0.0,대전광역시,동구,180804660.44760704
대전광역시서구,2019,18156000.0,209745986.6145125,-0.2907705509379929,0.0,0.0,대전광역시,서구,191589986.6145125
대전광역시유성구,2019,20000000.0,260775095.16134104,-0.0111123465525879,0.0002999550089979,1.0,대전광역시,유성구,240775095.16134104
대전광역시중구,2019,0.0,183003782.386926,-0.4373276245096695,0.0,0.0,대전광역시,중구,183003782.386926
부산광역시강서구,2019,17189000.0,366709501.42402816,0.8067464360175703,0.0028958031120255,1.0,부산광역시,강서구,349520501.42402816
부산광역시금정구,2019,38771000.0,489953011.49650145,1.4935202090308757,0.1015633154094412,1.0,부산광역시,금정구,451182011.49650145
부산광역시기장군,2019,109116000.0,476948389.42318463,1.4094667682380937,0.1217750569259209,1.0,부산광역시,기장군,367832389.42318463
부산광역시남구,2019,11061000.0,456229441.4050178,1.1734303888077309,0.0006997551142733,1.0,부산광역시,남구,445168441.4050178
부산광역시동구,2019,840000.0,364351213.47080964,0.5955188689015611,0.0,0.0,부산광역시,동구,363511213.47080964
부산광역시동래구,2019,1680000.0,422263016.59001625,0.8739006082637945,0.0,0.0,부산광역시,동래구,420583016.59001625
부산광역시부산진구,2019,6282000.0,100153571.58232422,0.7174050696507527,0.006379606964039,1.0,부산광역시,부산진구,93871571.58232422
부산광역시북구,2019,17047000.0,434575139.8477919,1.0397447450156667,0.00129915573162,1.0,부산광역시,북구,417528139.8477919
부산광역시사상구,2019,4060000.0,97572432.36258195,0.7974508622873833,0.0,0.0,부산광역시,사상구,93512432.36258195
부산광역시사하구,2019,13188000.0,400552969.5686398,0.8255763241661067,0.0007996801705643,1.0,부산광역시,사하구,387364969.5686398
부산광역시서구,2019,3016000.0,362089877.51958936,0.5822659705901215,0.0,0.0,부산광역시,서구,359073877.51958936
부산광역시수영구,2019,1344000.0,378343748.527278,0.682303685050519,0.0,0.0,부산광역시,수영구,376999748.527278
부산광역시연제구,2019,1344000.0,374984316.5269358,0.6613027605978775,0.0,0.0,부산광역시,연제구,373640316.5269358
부산광역시영도구,2019,20903000.0,425729783.65862674,0.981691402534254,0.1653449325868378,1.0,부산광역시,영도구,404826783.65862674
부산광역시중구,2019,0.0,222021869.45551383,-0.1445465261984959,0.0,0.0,부산광역시,중구,222021869.45551383
부산광역시해운대구,2019,19336000.0,536809738.23497593,1.6812853897782831,0.0007996801705643,1.0,부산광역시,해운대구,517473738.23497593
서울특별시강남구,2019,0.0,179813038.84514987,-0.4548140677370398,0.0,0.0,서울특별시,강남구,179813038.84514987
서울특별시강동구,2019,0.0,208625194.144568,-0.2969129041665571,0.0,0.0,서울특별시,강동구,208625194.144568
서울특별시강북구,2019,0.0,181875403.60033992,-0.4435115535319384,0.0,0.0,서울특별시,강북구,181875403.60033992
서울특별시강서구,2019,0.0,191869646.2353386,-0.388739443473796,0.0,0.0,서울특별시,강서구,191869646.2353386
서울특별시관악구,2019,0.0,295049355.781031,0.1767231546838058,0.0,0.0,서울특별시,관악구,295049355.781031
서울특별시광진구,2019,0.0,235799528.6721976,-0.147987598281755,0.0,0.0,서울특별시,광진구,235799528.6721976
서울특별시구로구,2019,0.0,202834318.36385256,-0.3286490243687676,0.0,0.0,서울특별시,구로구,202834318.36385256
서울특별시금천구,2019,0.0,226009628.00262868,-0.2016398395285457,0.0,0.0,서울특별시,금천구,226009628.00262868
서울특별시노원구,2019,0.0,271510045.72054577,0.0477191142164808,0.0,0.0,서울특별시,노원구,271510045.72054577
서울특별시도봉구,2019,0.0,128580400.15538006,-0.7355876918492275,0.0,0.0,서울특별시,도봉구,128580400.15538006
서울특별시동대문구,2019,0.0,188447881.21780905,-0.4074919690005345,0.0,0.0,서울특별시,동대문구,188447881.21780905
서울특별시동작구,2019,0.0,212724726.4859537,-0.2744459654709746,0.0,0.0,서울특별시,동작구,212724726.4859537
서울특별시마포구,2019,0.0,183345352.64524204,-0.4354556943930682,0.0,0.0,서울특별시,마포구,183345352.64524204
서울특별시서대문구,2019,60000.0,281449100.77549374,0.102188776123345,0.0,0.0,서울특별시,서대문구,281389100.77549374
서울특별시서초구,2019,0.0,219619854.69239166,-0.2366581375403721,0.0,0.0,서울특별시,서초구,219619854.69239166
서울특별시성동구,2019,0.0,155055597.87475625,-0.5904939117343977,0.0,0.0,서울특별시,성동구,155055597.87475625
서울특별시성북구,2019,0.0,267976386.89530396,0.0283533696420699,0.0,0.0,서울특별시,성북구,267976386.89530396
서울특별시송파구,2019,0.0,194694691.2090985,-0.3732571623372425,0.0,0.0,서울특별시,송파구,194694691.2090985
서울특별시양천구,2019,0.0,190064882.9319807,-0.39863020737563,0.0,0.0,서울특별시,양천구,190064882.9319807
서울특별시용산구,2019,0.0,266377946.51878172,0.0195933309456242,0.0,0.0,서울특별시,용산구,266377946.51878172
서울특별시은평구,2019,0.0,263920291.66004658,0.006124482197028,0.0,0.0,서울특별시,은평구,263920291.66004658
서울특별시종로구,2019,0.0,310381668.26425594,0.2607498425927232,0.0,0.0,서울특별시,종로구,310381668.26425594
서울특별시중구,2019,0.0,175260797.07199547,-0.4797620199247666,0.0,0.0,서울특별시,중구,175260797.07199547
서울특별시중랑구,2019,0.0,246541538.3282005,-0.0891174510768191,0.0,0.0,서울특별시,중랑구,246541538.3282005
울산광역시남구,2019,94164510.0,307783672.5219065,0.4239993680494378,0.033144598592302,1.0,울산광역시,남구,213619162.5219065
울산광역시동구,2019,311508000.0,341175810.1550274,1.0526534254779956,0.8775499035577246,1.0,울산광역시,동구,29667810.15502739
울산광역시북구,2019,3131129275.0,388254992.5851252,0.9408349411791508,0.8970671369063957,1.0,울산광역시,북구,-2742874282.414875
울산광역시울주군,2019,5024520610.0,1017803399.1039405,0.8938744558209292,0.6239042778177846,1.0,울산광역시,울주군,-4006717210.8960595
울산광역시중구,2019,439645250.0,420767940.85946774,1.1406953164046725,0.704383812485933,1.0,울산광역시,중구,-18877309.140532255
인천광역시강화군,2019,1478000.0,80294115.18546878,-1.1010774149635054,0.0,0.0,인천광역시,강화군,78816115.18546878
인천광역시계양구,2019,1479000.0,134842387.86370638,-0.7012697057376934,0.0,0.0,인천광역시,계양구,133363387.86370638
인천광역시남동구,2019,1479000.0,192085863.51532763,-0.3435992824694689,0.0,0.0,인천광역시,남동구,190606863.51532763
인천광역시미추홀구,2019,0.0,162537677.7896812,-0.5494893734686387,0.0,0.0,인천광역시,미추홀구,162537677.7896812
인천광역시부평구,2019,1479000.0,182593457.78992662,-0.4042977400343919,0.0,0.0,인천광역시,부평구,181114457.78992662
인천광역시서구,2019,0.0,123726846.76479676,-0.7621869420566578,0.0,0.0,인천광역시,서구,123726846.76479676
인천광역시연수구,2019,4820000.0,184328702.30298412,-0.3979259313616515,0.0,0.0,인천광역시,연수구,179508702.30298412
인천광역시중구,2019,0.0,247344520.86499605,-0.0847168126806573,0.0,0.0,인천광역시,중구,247344520.86499605
전라남도강진군,2019,0.0,230759170.7632043,-0.0936565135806681,0.0,0.0,전라남도,강진군,230759170.7632043
전라남도고흥군,2019,30434000.0,108654716.60988134,0.5676486406071715,0.0,0.0,전라남도,고흥군,78220716.60988134
전라남도곡성군,2019,0.0,319499792.87563336,0.3107205050008292,0.0,0.0,전라남도,곡성군,319499792.87563336
전라남도광양시,2019,644196810.0,367976530.5829739,0.5763907823731284,0.0439211870579281,1.0,전라남도,광양시,-276220279.4170261
전라남도구례군,2019,0.0,305569973.62196654,0.2626831429396747,0.0006997551142733,1.0,전라남도,구례군,305569973.62196654
전라남도나주시,2019,0.0,219393940.88023016,-0.2378962279725606,0.0,0.0,전라남도,나주시,219393940.88023016
전라남도담양군,2019,0.0,275136202.5336491,0.0675917816420102,0.0014988761237358,1.0,전라남도,담양군,275136202.5336491
전라남도목포시,2019,0.0,217856905.88681626,-0.1935817194211708,0.0,0.0,전라남도,목포시,217856905.88681626
전라남도무안군,2019,37482100.0,292699471.26676846,0.1638449268940993,9.999500033330834e-05,1.0,전라남도,무안군,255217371.26676846
전라남도보성군,2019,127924459.0,119520188.27086948,0.0467866690239741,0.0002999550089979,1.0,전라남도,보성군,-8404270.729130521
전라남도순천시,2019,131373000.0,270116372.0985782,0.1514719897276559,0.020390689647734,1.0,전라남도,순천시,138743372.0985782
전라남도신안군,2019,0.0,373882069.8949426,0.6537215553622494,0.0,0.0,전라남도,신안군,373882069.8949426
전라남도여수시,2019,0.0,409900139.69019294,0.9882348525432864,0.034208171329737,1.0,전라남도,여수시,409900139.69019294
전라남도영광군,2019,0.0,305583235.57228714,0.2344526740018047,0.0,0.0,전라남도,영광군,305583235.57228714
전라남도영암군,2019,0.0,208244927.31029367,-0.16204910440431,0.0,0.0,전라남도,영암군,208244927.31029367
전라남도완도군,2019,0.0,421333456.32525784,1.1992615933946664,0.0,0.0,전라남도,완도군,421333456.32525784
전라남도장성군,2019,46397000.0,97572432.36258195,-0.1386296676753223,9.999500033330834e-05,1.0,전라남도,장성군,51175432.36258195
전라남도장흥군,2019,0.0,203006423.0970151,-0.1955005687249586,0.0,0.0,전라남도,장흥군,203006423.0970151
전라남도진도군,2019,0.0,360195161.92682654,0.5337460321901609,0.0,0.0,전라남도,진도군,360195161.92682654
전라남도함평군,2019,0.0,257645461.1918684,-0.0282638869421893,0.0,0.0,전라남도,함평군,257645461.1918684
전라남도해남군,2019,0.0,257395629.97999924,-0.0296330534845886,0.0,0.0,전라남도,해남군,257395629.97999924
전라남도화순군,2019,0.0,312563494.6510154,0.2727070502919699,0.0,0.0,전라남도,화순군,312563494.6510154
전북특별자치도고창군,2019,0.0,271662313.41048455,0.0485535969257976,0.0,0.0,전북특별자치도,고창군,271662313.41048455
전북특별자치도군산시,2019,642393123.0,143281680.5492706,-0.6550192909070692,0.0919408736983572,1.0,전북특별자치도,군산시,-499111442.45072937
전북특별자치도김제시,2019,91940000.0,159864492.47614673,-0.564139408048146,0.0,0.0,전북특별자치도,김제시,67924492.47614673
전북특별자치도남원시,2019,0.0,333758572.6311771,0.438579842489386,0.0,0.0,전북특별자치도,남원시,333758572.6311771
전북특별자치도무주군,2019,0.0,178401203.35687175,-0.4625514433013635,0.0001999800026662,1.0,전북특별자치도,무주군,178401203.35687175
전북특별자치도부안군,2019,0.0,286849103.94284534,0.131782771246172,0.0,0.0,전북특별자치도,부안군,286849103.94284534
전북특별자치도순창군,2019,442009450.0,313531748.6940855,0.2780134370736514,0.0037927982386962,1.0,전북특별자치도,순창군,-128477701.30591452
전북특별자치도완주군,2019,0.0,176108938.40014175,-0.4751138948124735,0.0,0.0,전북특별자치도,완주군,176108938.40014175
전북특별자치도익산시,2019,71775000.0,122017279.6403335,-0.7715559960322915,0.0013990209137073,1.0,전북특별자치도,익산시,50242279.6403335
전북특별자치도임실군,2019,144025121.0,201497626.8966119,-0.3359745831761057,0.0076705063042197,1.0,전북특별자치도,임실군,57472505.8966119
전북특별자치도장수군,2019,0.0,155661905.25811136,-0.5871711252118955,0.0,0.0,전북특별자치도,장수군,155661905.25811136
전북특별자치도전주시,2019,270000000.0,80294115.18546878,-1.1302021999346703,9.999500033330834e-05,1.0,전북특별자치도,전주시,-189705884.8145312
전북특별자치도정읍시,2019,72369000.0,276228966.62384295,0.0741941375876893,0.0006997551142733,1.0,전북특별자치도,정읍시,203859966.62384295
전북특별자치도진안군,2019,0.0,109133251.99210274,-0.8421651863545093,0.0,0.0,전북특별자치도,진안군,109133251.99210274
충청남도계룡시,2019,16083000.0,194615762.74777925,-0.373689719213034,0.0,0.0,충청남도,계룡시,178532762.74777925
충청남도금산군,2019,471842000.0,152699522.95811367,-0.6034060651963987,0.0001999800026662,1.0,충청남도,금산군,-319142477.0418863
충청남도논산시,2019,247464000.0,123644175.2402608,-0.762640012289784,0.0,0.0,충청남도,논산시,-123819824.7597392
충청남도당진시,2019,0.0,143661594.44586623,-0.6529372236092349,0.0,0.0,충청남도,당진시,143661594.44586623
충청남도보령시,2019,70945590.0,235500942.7057506,-0.1496239587358009,0.0038924147153438,1.0,충청남도,보령시,164555352.7057506
충청남도부여군,2019,696490000.0,97572432.36258195,-0.575740240601469,0.0,0.0,충청남도,부여군,-598917567.637418
충청남도서산시,2019,96490000.0,249384429.31013456,-0.0735373672793224,0.0,0.0,충청남도,서산시,152894429.31013456
충청남도서천군,2019,12314000.0,122562520.33594616,-0.146229794561026,0.0005998200719676,1.0,충청남도,서천군,110248520.33594616
충청남도아산시,2019,0.0,80294115.18546878,-1.0588386848619895,0.0,0.0,충청남도,아산시,80294115.18546878
충청남도예산군,2019,158012000.0,160152211.0318617,-0.5625626049851302,0.0,0.0,충청남도,예산군,2140211.0318616927
충청남도천안시,2019,12304000.0,80294115.18546878,-1.3091620318184154,0.0,0.0,충청남도,천안시,67990115.18546878
충청남도청양군,2019,557046000.0,178295870.6738187,-0.2512145773305682,0.0026963615477426,1.0,충청남도,청양군,-378750129.3261813
충청남도태안군,2019,440601000.0,291107134.97061497,0.1551183407937107,0.0003999200213269,1.0,충청남도,태안군,-149493865.02938503
충청남도홍성군,2019,27736000.0,222264621.17384547,-0.2221638485691404,0.0,0.0,충청남도,홍성군,194528621.17384547
충청북도괴산군,2019,0.0,198968907.3876414,-0.3498328922356116,0.0,0.0,충청북도,괴산군,198968907.3876414
충청북도단양군,2019,34240000.0,268167297.4058614,0.0293996291614148,0.0003999200213269,1.0,충청북도,단양군,233927297.4058614
충청북도보은군,2019,0.0,184828190.26116025,-0.4273292011645559,0.0,0.0,충청북도,보은군,184828190.26116025
충청북도영동군,2019,38685660.0,142645452.00804958,-0.6585060563333816,9.999500033330834e-05,1.0,충청북도,영동군,103959792.00804958
충청북도옥천군,2019,0.0,90601212.24378553,-0.9437275515848822,0.0,0.0,충청북도,옥천군,90601212.24378553
충청북도음성군,2019,0.0,111069193.39839931,-0.831555518404237,0.0,0.0,충청북도,음성군,111069193.39839931
충청북도제천시,2019,0.0,179073056.68468758,-0.4588694409968375,0.0002999550089979,1.0,충청북도,제천시,179073056.68468758
충청북도증평군,2019,0.0,170280605.10447788,-0.5070552959155176,0.0,0.0,충청북도,증평군,170280605.10447788
충청북도진천군,2019,53255000.0,80294115.18546878,-1.0526080102494957,0.0001999800026662,1.0,충청북도,진천군,27039115.185468778
충청북도청주시,2019,90353000.0,226533859.60976288,-0.5985360455036705,9.999500033330834e-05,1.0,충청북도,청주시,136180859.60976288
충청북도충주시,2019,0.0,98241725.32454073,-0.9018547415437984,0.0,0.0,충청북도,충주시,98241725.32454073
강원특별자치도강릉시,2020,0.0,229347479.44502002,0.4314539799806265,0.0,0.0,강원특별자치도,강릉시,229347479.44502002
강원특별자치도고성군,2020,0.0,174663957.85056177,-0.0255036805045238,0.0,0.0,강원특별자치도,고성군,174663957.85056177
강원특별자치도동해시,2020,0.0,222713349.05997178,-0.1363493673520607,0.0,0.0,강원특별자치도,동해시,222713349.05997178
강원특별자치도삼척시,2020,0.0,221299872.04875752,0.2403704083412596,0.0,0.0,강원특별자치도,삼척시,221299872.04875752
강원특별자치도속초시,2020,0.0,206789682.88193357,0.2468349409938176,0.0,0.0,강원특별자치도,속초시,206789682.88193357
강원특별자치도양구군,2020,0.0,134606249.22869843,-0.365083912104192,0.0,0.0,강원특별자치도,양구군,134606249.22869843
강원특별자치도양양군,2020,25500000.0,273057359.49316823,0.808604291898049,0.0,0.0,강원특별자치도,양양군,247557359.49316823
강원특별자치도영월군,2020,367200000.0,190266248.53444403,0.1067612359422032,0.0,0.0,강원특별자치도,영월군,-176933751.46555597
강원특별자치도원주시,2020,6000000.0,109461738.79992905,-0.5782408541415972,0.0023971245997214,1.0,강원특별자치도,원주시,103461738.79992905
강원특별자치도인제군,2020,0.0,167248666.08476597,-0.0883651516630035,0.0,0.0,강원특별자치도,인제군,167248666.08476597
강원특별자치도정선군,2020,86356565.0,151596385.846932,-0.2210538433303439,0.0002999550089979,1.0,강원특별자치도,정선군,65239820.846931994
강원특별자치도철원군,2020,0.0,67629598.44995372,-0.9328634323437172,0.0,0.0,강원특별자치도,철원군,67629598.44995372
강원특별자치도춘천시,2020,500000000.0,146289779.10604343,-0.2660394106050472,0.0996643231129453,1.0,강원특별자치도,춘천시,-353710220.89395654
강원특별자치도태백시,2020,0.0,86530262.68178767,-0.826463088385784,0.0,0.0,강원특별자치도,태백시,86530262.68178767
강원특별자치도평창군,2020,0.0,84528548.90417963,-0.7896063738032973,0.0,0.0,강원특별자치도,평창군,84528548.90417963
강원특별자치도홍천군,2020,0.0,161266864.77519456,-0.2008376338511711,0.0064789660977091,1.0,강원특별자치도,홍천군,161266864.77519456
강원특별자치도화천군,2020,0.0,126854155.62826131,-0.4308005452014224,0.0,0.0,강원특별자치도,화천군,126854155.62826131
강원특별자치도횡성군,2020,0.0,154967271.22855166,-0.1924779192955479,0.0003999200213269,1.0,강원특별자치도,횡성군,154967271.22855166
경기도가평군,2020,916289230.0,162482028.16088066,-0.1287732545184249,0.009058844488346,1.0,경기도,가평군,-753807201.8391193
경기도고양시,2020,0.0,54605140.69575963,-1.0845804055361237,0.0,0.0,경기도,고양시,54605140.69575963
경기도과천시,2020,0.0,122881179.18175204,-0.4644805610650677,0.0,0.0,경기도,과천시,122881179.18175204
경기도광명시,2020,0.0,98630334.88644123,-0.6700616490905186,0.0,0.0,경기도,광명시,98630334.88644123
경기도광주시,2020,2638476000.0,91231079.25269389,-0.8799985770388172,0.4710031295788191,1.0,경기도,광주시,-2547244920.747306
경기도구리시,2020,0.0,141722729.41052088,-0.3047555490635081,0.0,0.0,경기도,구리시,141722729.41052088
경기도군포시,2020,0.0,83071352.07197526,-0.8019594327971955,0.0,0.0,경기도,군포시,83071352.07197526
경기도김포시,2020,0.0,54605140.69575963,-1.5061781698744925,0.0,0.0,경기도,김포시,54605140.69575963
경기도남양주시,2020,1522544000.0,150559789.13438466,-0.2298413592375853,0.2184123769383082,1.0,경기도,남양주시,-1371984210.8656154
경기도동두천시,2020,327459930.0,106684943.61397393,-0.6017805119201461,0.0009995003330835,1.0,경기도,동두천시,-220774986.38602608
경기도부천시,2020,0.0,78486515.63059348,-0.9334015546287168,0.0,0.0,경기도,부천시,78486515.63059348
경기도성남시,2020,238619270.0,118660214.93802252,-0.5002628378046133,0.0626930693384234,1.0,경기도,성남시,-119959055.06197748
경기도수원시,2020,0.0,108370951.92894131,-0.5874877549509394,0.0,0.0,경기도,수원시,108370951.92894131
경기도시흥시,2020,0.0,94750659.5283942,-0.7969109014056778,0.0,0.0,경기도,시흥시,94750659.5283942
경기도안산시,2020,0.0,117487672.6996163,-0.5348108090353924,0.0,0.0,경기도,안산시,117487672.6996163
경기도안성시,2020,459149910.0,87500390.1909938,-0.7644132564939609,0.000899595242836,1.0,경기도,안성시,-371649519.8090062
경기도양주시,2020,148796000.0,124877838.12424693,-0.4475543331442852,9.999500033330834e-05,1.0,경기도,양주시,-23918161.875753075
경기도양평군,2020,1008778000.0,109825799.35971695,-0.5751546124801957,0.0648509723196163,1.0,경기도,양평군,-898952200.6402831
경기도여주시,2020,255295000.0,102330855.63046794,-0.6386913152764145,0.00129915573162,1.0,경기도,여주시,-152964144.36953205
경기도연천군,2020,566644000.0,178722707.85791615,-0.8171191413088775,0.0034938892542557,1.0,경기도,연천군,-387921292.1420839
경기도오산시,2020,0.0,106676081.96943268,-0.6018556345222419,0.0,0.0,경기도,오산시,106676081.96943268
경기도용인시,2020,522898000.0,116862790.19135253,-0.5155001025597928,0.0025966258472659,1.0,경기도,용인시,-406035209.80864745
경기도의왕시,2020,37361000.0,100139430.6004784,-0.657268628977553,0.0,0.0,경기도,의왕시,62778430.600478396
경기도의정부시,2020,0.0,118224311.1557179,-0.5342525140297611,0.0,0.0,경기도,의정부시,118224311.1557179
경기도이천시,2020,139014670.0,64909915.647436485,-0.9559189327138098,0.0006997551142733,1.0,경기도,이천시,-74104754.35256352
경기도파주시,2020,106010000.0,178722707.85791615,-1.0716904845291435,0.0,0.0,경기도,파주시,72712707.85791615
경기도평택시,2020,147337000.0,87680206.49625869,-0.762888904136125,0.0,0.0,경기도,평택시,-59656793.50374131
경기도포천시,2020,998458500.0,137272267.76078045,-0.3424833385387012,0.0960371881969421,1.0,경기도,포천시,-861186232.2392195
경기도하남시,2020,166056000.0,120770761.69435799,-0.4823711515106259,0.004987541511039,1.0,경기도,하남시,-45285238.30564201
경기도화성시,2020,324853000.0,101308664.10988353,-0.6473567144028592,0.0013990209137073,1.0,경기도,화성시,-223544335.89011645
경상남도거제시,2020,398520967.0,324120743.4316985,1.2414826651419135,0.1464352782295457,1.0,경상남도,거제시,-74400223.5683015
경상남도거창군,2020,86038000.0,199479978.00412437,0.1848685589732326,9.999500033330834e-05,1.0,경상남도,거창군,113441978.00412437
경상남도고성군,2020,168762000.0,369219261.68933046,1.4329295377033386,0.009950330853168,1.0,경상남도,고성군,200457261.68933046
경상남도김해시,2020,644898640.0,418250855.8567536,0.5809884250581754,0.0729716124558227,1.0,경상남도,김해시,-226647784.1432464
경상남도남해군,2020,197505000.0,360954503.060393,1.2333098838226604,0.0052860044292373,1.0,경상남도,남해군,163449503.06039298
경상남도밀양시,2020,3018649510.0,412534211.4732675,0.6538512999874907,0.0878277103655201,1.0,경상남도,밀양시,-2606115298.5267324
경상남도사천시,2020,360461000.0,289081575.23151875,0.8490926571341649,0.1120779034053505,1.0,경상남도,사천시,-71379424.76848125
경상남도산청군,2020,149633690.0,304119698.17370915,1.0719282943450663,0.000499875041651,1.0,경상남도,산청군,154486008.17370915
경상남도양산시,2020,291202550.0,238511134.3731641,0.4744242356285579,0.0343048036919903,1.0,경상남도,양산시,-52691415.62683591
경상남도의령군,2020,548435805.0,307030810.0518196,1.096606591726304,0.0277124385665357,1.0,경상남도,의령군,-241404994.94818038
경상남도진주시,2020,2450517000.0,137228308.27721852,0.9066637333733536,0.0717623662268907,1.0,경상남도,진주시,-2313288691.7227817
경상남도창녕군,2020,421337000.0,279271002.1975648,0.7193888332775168,0.1116308161711853,1.0,경상남도,창녕군,-142065997.80243522
경상남도창원시,2020,1036142217.0,263989594.4801074,0.5928339375668311,0.0687795153948257,1.0,경상남도,창원시,-772152622.5198926
경상남도통영시,2020,504973260.0,354002442.66688174,1.430391669070018,0.0701788346212465,1.0,경상남도,통영시,-150970817.33311826
경상남도하동군,2020,601474114.0,123231648.33870411,0.9848411788936344,0.1310282624064041,1.0,경상남도,하동군,-478242465.6612959
경상남도함안군,2020,412791600.0,245684371.63187915,0.5765559327355855,0.0650383961792222,1.0,경상남도,함안군,-167107228.36812085
경상남도함양군,2020,109527000.0,216094752.83229786,0.3257165824432544,0.0001999800026662,1.0,경상남도,함양군,106567752.83229786
경상남도합천군,2020,139294000.0,316222880.4348288,0.9872240633978006,0.0018981972830802,1.0,경상남도,합천군,176928880.43482882
경상북도경산시,2020,22281890.0,123231648.33870411,0.0766712792091357,0.0003999200213269,1.0,경상북도,경산시,100949758.33870411
경상북도경주시,2020,139965000.0,226977734.16248038,0.3229042588091733,0.2228235001032844,1.0,경상북도,경주시,87012734.16248038
경상북도고령군,2020,0.0,262520016.54711103,0.7093839843900255,0.167377109408132,1.0,경상북도,고령군,262520016.54711103
경상북도구미시,2020,1143691000.0,197579691.49604562,0.0619560611574203,0.3949432806485822,1.0,경상북도,구미시,-946111308.5039544
경상북도김천시,2020,0.0,118107638.07197969,-0.5486959965629347,0.0071742037480003,1.0,경상북도,김천시,118107638.07197969
경상북도문경시,2020,0.0,144291064.98291484,-0.2829830608582494,0.0,0.0,경상북도,문경시,144291064.98291484
경상북도봉화군,2020,350378612.0,221942824.7871842,0.1692415061755906,0.0,0.0,경상북도,봉화군,-128435787.21281579
경상북도상주시,2020,0.0,153925815.17904854,-0.2013066291408767,0.0036931718376175,1.0,경상북도,상주시,153925815.17904854
경상북도성주군,2020,0.0,209922377.16023856,0.1627165777096406,0.0485044090596149,1.0,경상북도,성주군,209922377.16023856
경상북도안동시,2020,520298823.0,234336270.78521475,0.4086194732070938,0.1710920748424058,1.0,경상북도,안동시,-285962552.2147852
경상북도영덕군,2020,149703780.0,256399765.9684221,0.4962035159245404,0.0056838164682976,1.0,경상북도,영덕군,106695985.96842211
경상북도영양군,2020,0.0,221676497.98627606,0.3499801108094957,0.0,0.0,경상북도,영양군,221676497.98627606
경상북도영주시,2020,0.0,145282165.8853995,-0.274581225466679,0.0002999550089979,1.0,경상북도,영주시,145282165.8853995
경상북도영천시,2020,430444000.0,195466681.51456568,0.1508467389967741,0.0028958031120255,1.0,경상북도,영천시,-234977318.48543432
경상북도예천군,2020,83095000.0,145179065.32502463,-0.2754552373204435,0.0,0.0,경상북도,예천군,62084065.325024635
경상북도울릉군,2020,0.0,169854185.51360598,-0.2551849277764592,0.0,0.0,경상북도,울릉군,169854185.51360598
경상북도울진군,2020,531206000.0,294094943.2610809,0.8195113637411794,0.0,0.0,경상북도,울진군,-237111056.73891908
경상북도의성군,2020,0.0,236092135.5688947,0.3483781432222569,0.0051865266873,1.0,경상북도,의성군,236092135.5688947
경상북도청도군,2020,287750000.0,237455093.2168057,0.422940303994909,0.0685927914656117,1.0,경상북도,청도군,-50294906.7831943
경상북도청송군,2020,0.0,200807872.0982385,0.1811268229432957,0.0,0.0,경상북도,청송군,200807872.0982385
경상북도칠곡군,2020,388510510.0,236293991.85503626,0.396528884424605,0.0448777587780854,1.0,경상북도,칠곡군,-152216518.14496374
경상북도포항시,2020,0.0,235991673.21957523,0.3801745907279715,0.229205142692805,1.0,경상북도,포항시,235991673.21957523
광주광역시광산구,2020,23646000.0,227288453.2266702,0.4206086644707222,0.001598721363697,1.0,광주광역시,광산구,203642453.2266702
광주광역시남구,2020,0.0,229003245.00040776,0.4351454267495604,0.00129915573162,1.0,광주광역시,남구,229003245.00040776
광주광역시동구,2020,0.0,268907259.6643683,0.7734227523265013,0.0,0.0,광주광역시,동구,268907259.6643683
광주광역시북구,2020,0.0,231033868.83368573,0.4523595844065955,0.0,0.0,광주광역시,북구,231033868.83368573
광주광역시서구,2020,5669000.0,200670986.2986075,0.1949650643998303,0.0037927982386962,1.0,광주광역시,서구,195001986.2986075
대구광역시남구,2020,0.0,206397014.47447738,0.1307160078757111,0.0,0.0,대구광역시,남구,206397014.47447738
대구광역시달서구,2020,26867000.0,217039257.4744784,0.2204255460450249,0.0047885167317971,1.0,대구광역시,달서구,190172257.4744784
대구광역시달성군,2020,1482355938.0,290533116.1501393,0.7943377270769254,0.0465018336514197,1.0,대구광역시,달성군,-1191822821.8498607
대구광역시동구,2020,0.0,262112322.00273013,0.6008880538825817,0.0016985566355814,1.0,대구광역시,동구,262112322.00273013
대구광역시북구,2020,319475000.0,236730658.1248653,0.3855033991360165,0.119115480890162,1.0,대구광역시,북구,-82744341.8751347
대구광역시서구,2020,8271000.0,154739578.43460727,-0.2867384836882332,0.0010993954433009,1.0,대구광역시,서구,146468578.43460727
대구광역시수성구,2020,23567000.0,233419009.03651774,0.3866602089101497,0.0,0.0,대구광역시,수성구,209852009.03651774
대전광역시대덕구,2020,2465000.0,145148540.8351449,-0.2757140018304324,0.0,0.0,대전광역시,대덕구,142683540.8351449
대전광역시동구,2020,1479000.0,136036430.36943218,-0.3529598725695202,0.0,0.0,대전광역시,동구,134557430.36943218
대전광역시서구,2020,1479000.0,154457783.4472582,-0.1967969875778115,0.0,0.0,대전광역시,서구,152978783.4472582
대전광역시유성구,2020,20000000.0,177343765.8331922,-0.1017359077330437,0.0,0.0,대전광역시,유성구,157343765.8331922
대전광역시중구,2020,0.0,136867747.10866824,-0.3459125715492021,0.0,0.0,대전광역시,중구,136867747.10866824
부산광역시강서구,2020,12473000.0,249385946.57251805,0.5150672398496141,0.0039920212695374,1.0,부산광역시,강서구,236912946.57251805
부산광역시금정구,2020,71766000.0,346586719.9664106,1.43193293744247,0.0607187350347058,1.0,부산광역시,금정구,274820719.9664106
부산광역시기장군,2020,131101000.0,335871330.32881314,1.3410956274713748,0.0454512629039173,1.0,부산광역시,기장군,204770330.32881314
부산광역시남구,2020,10803000.0,327953232.9994735,1.2739717350313984,0.0014988761237358,1.0,부산광역시,남구,317150232.9994735
부산광역시동구,2020,840000.0,262222660.562283,0.7167555641788964,0.0,0.0,부산광역시,동구,261382660.562283
부산광역시동래구,2020,1680000.0,295886023.6264901,1.0021291668898604,0.0,0.0,부산광역시,동래구,294206023.6264901
부산광역시부산진구,2020,15882000.0,126491565.43760894,0.8486672437379843,0.0096532570281383,1.0,부산광역시,부산진구,110609565.43760894
부산광역시북구,2020,10089000.0,313681585.93833894,1.1529870511575018,0.0130149370774946,1.0,부산광역시,북구,303592585.93833894
부산광역시사상구,2020,2170000.0,123231648.33870411,0.9188286350146332,0.0027960873020012,1.0,부산광역시,사상구,121061648.33870411
부산광역시사하구,2020,16652000.0,289310810.5462037,0.9463892741841108,0.0005998200719676,1.0,부산광역시,사하구,272658810.5462037
부산광역시서구,2020,8194000.0,260647814.40099886,0.7034051594108406,0.0027960873020012,1.0,부산광역시,서구,252453814.40099886
부산광역시수영구,2020,0.0,272283604.49522376,0.8020449576165083,0.0,0.0,부산광역시,수영구,272283604.49522376
부산광역시연제구,2020,0.0,268978129.43063337,0.774023534859244,0.0,0.0,부산광역시,연제구,268978129.43063337
부산광역시영도구,2020,27937000.0,310382159.59201014,1.12501690505132,0.0756639039209896,1.0,부산광역시,영도구,282445159.59201014
부산광역시중구,2020,0.0,175271601.94566455,-0.020352514108737,0.0,0.0,부산광역시,중구,175271601.94566455
부산광역시해운대구,2020,19968000.0,371117093.2678742,1.6398836698613193,0.0020977980821461,1.0,부산광역시,해운대구,351149093.2678742
서울특별시강남구,2020,0.0,140864190.59266192,-0.3120336191438005,0.0,0.0,서울특별시,강남구,140864190.59266192
서울특별시강동구,2020,0.0,164234221.96495226,-0.1139194249244529,0.0,0.0,서울특별시,강동구,164234221.96495226
서울특별시강북구,2020,0.0,140901658.65928936,-0.3117159920208151,0.0,0.0,서울특별시,강북구,140901658.65928936
서울특별시강서구,2020,0.0,148733627.24115753,-0.2453222367010081,0.0,0.0,서울특별시,강서구,148733627.24115753
서울특별시관악구,2020,0.0,213365104.27949315,0.3025765996624817,0.0,0.0,서울특별시,관악구,213365104.27949315
서울특별시광진구,2020,0.0,176127600.9043802,-0.0130959751141154,0.0,0.0,서울특별시,광진구,176127600.9043802
서울특별시구로구,2020,0.0,147082428.86292046,-0.2593199002466633,0.0,0.0,서울특별시,구로구,147082428.86292046
서울특별시금천구,2020,0.0,167055304.57750732,-0.0900043304297472,0.0,0.0,서울특별시,금천구,167055304.57750732
서울특별시노원구,2020,0.0,196966436.6550814,0.163560576494737,0.0,0.0,서울특별시,노원구,196966436.6550814
서울특별시도봉구,2020,3254000.0,106019251.89352125,-0.6074237640277297,0.0,0.0,서울특별시,도봉구,102765251.89352125
서울특별시동대문구,2020,0.0,147055437.49426153,-0.2595487135147141,0.0,0.0,서울특별시,동대문구,147055437.49426153
서울특별시동작구,2020,0.0,156389644.47384185,-0.1804200694415702,0.0,0.0,서울특별시,동작구,156389644.47384185
서울특별시마포구,2020,0.0,141533761.9900327,-0.3063574779461587,0.0,0.0,서울특별시,마포구,141533761.9900327
서울특별시서대문구,2020,0.0,205951316.071462,0.2397278745773926,0.0,0.0,서울특별시,서대문구,205951316.071462
서울특별시서초구,2020,0.0,162774118.8982679,-0.126297120868685,0.0,0.0,서울특별시,서초구,162774118.8982679
서울특별시성동구,2020,0.0,120806054.00480491,-0.4820719688721885,0.0,0.0,서울특별시,성동구,120806054.00480491
서울특별시성북구,2020,0.0,196299242.51976404,0.1579045880024405,0.0,0.0,서울특별시,성북구,196299242.51976404
서울특별시송파구,2020,0.0,134818272.4239886,-0.3632865330668439,0.0,0.0,서울특별시,송파구,134818272.4239886
서울특별시양천구,2020,0.0,142639453.5915743,-0.296984225629765,0.0,0.0,서울특별시,양천구,142639453.5915743
서울특별시용산구,2020,0.0,195460369.96763554,0.1507932342746615,0.0,0.0,서울특별시,용산구,195460369.96763554
서울특별시은평구,2020,0.0,194316502.93341804,0.1410963582984152,0.0,0.0,서울특별시,은평구,194316502.93341804
서울특별시종로구,2020,0.0,222073512.81968066,0.3764001779618997,0.0,0.0,서울특별시,종로구,222073512.81968066
서울특별시중구,2020,0.0,136920781.49254975,-0.3454629844664452,0.0,0.0,서울특별시,중구,136920781.49254975
서울특별시중랑구,2020,0.0,180531899.7450057,0.024240479510687,0.0,0.0,서울특별시,중랑구,180531899.7450057
울산광역시남구,2020,74975000.0,209312609.0635081,0.2292350774551907,0.0506931143155181,1.0,울산광역시,남구,134337609.0635081
울산광역시동구,2020,202002000.0,281167559.0814592,0.8773566881099542,0.5497963056640627,1.0,울산광역시,동구,79165559.08145922
울산광역시북구,2020,1531036431.0,264688345.68254378,0.7376578562219569,0.6985326528362831,1.0,울산광역시,북구,-1266348085.3174562
울산광역시울주군,2020,2596067860.0,692171495.7605157,0.677474797290512,0.5379542911542433,1.0,울산광역시,울주군,-1903896364.2394843
울산광역시중구,2020,183216270.0,286149147.51628524,0.9152433685031464,0.5700751829699511,1.0,울산광역시,중구,102932877.51628524
인천광역시강화군,2020,9859000.0,54605140.69575963,-1.2092363740351475,0.0,0.0,인천광역시,강화군,44746140.69575963
인천광역시계양구,2020,2464000.0,91701459.61559102,-0.8651016956736456,0.0,0.0,인천광역시,계양구,89237459.61559102
인천광역시남동구,2020,1479000.0,130630689.16934988,-0.4664761406660422,0.0,0.0,인천광역시,남동구,129151689.16934988
인천광역시미추홀구,2020,0.0,110536030.48699902,-0.6891076363159362,0.0,0.0,인천광역시,미추홀구,110536030.48699902
인천광역시부평구,2020,1479000.0,124175245.34286928,-0.5305490462757749,0.0,0.0,인천광역시,부평구,122696245.34286928
인천광역시서구,2020,2464000.0,84142179.78277329,-0.9910447704173718,0.0,0.0,인천광역시,서구,81678179.78277329
인천광역시연수구,2020,4929000.0,125355322.744036,-0.5619564598262776,0.0,0.0,인천광역시,연수구,120426322.744036
인천광역시옹진군,2020,0.0,218313045.82392555,0.3445216632571308,0.0,0.0,인천광역시,옹진군,218313045.82392555
인천광역시중구,2020,2464000.0,168210115.16174802,-0.2424098114685087,0.0,0.0,인천광역시,중구,165746115.16174802
전라남도강진군,2020,0.0,156931014.89761475,-0.2293949018401276,0.0,0.0,전라남도,강진군,156931014.89761475
전라남도고흥군,2020,586000.0,137228308.27721852,0.2432109892039528,0.0,0.0,전라남도,고흥군,136642308.27721852
전라남도곡성군,2020,0.0,249663936.71428755,0.61029180228087,0.0,0.0,전라남도,곡성군,249663936.71428755
전라남도광양시,2020,483534040.0,250247607.54642692,0.4810771144138048,0.0722276339968807,1.0,전라남도,광양시,-233286432.45357308
전라남도구례군,2020,0.0,228640312.47499505,0.4320687477463229,0.0010993954433009,1.0,전라남도,구례군,228640312.47499505
전라남도나주시,2020,0.0,182506764.1940494,0.0409819495062571,0.0,0.0,전라남도,나주시,182506764.1940494
전라남도담양군,2020,0.0,219531583.37497514,0.3548515417757553,0.0002999550089979,1.0,전라남도,담양군,219531583.37497514
전라남도목포시,2020,0.0,148156648.4668775,-0.3666535475516748,0.0,0.0,전라남도,목포시,148156648.4668775
전라남도무안군,2020,22850000.0,199054386.15492523,-0.0088457098422853,0.0001999800026662,1.0,전라남도,무안군,176204386.15492523
전라남도보성군,2020,489540000.0,150951139.10494038,0.0156833127142159,9.999500033330834e-05,1.0,전라남도,보성군,-338588860.8950596
전라남도순천시,2020,131373000.0,194847180.6305437,0.1455950593348582,0.0453557017207972,1.0,전라남도,순천시,63474180.63054371
전라남도신안군,2020,0.0,254263752.49390557,0.4806104992287179,0.0,0.0,전라남도,신안군,254263752.49390557
전라남도여수시,2020,0.0,278758346.7019164,0.8531609796961578,0.069619341880057,1.0,전라남도,여수시,278758346.7019164
전라남도영광군,2020,0.0,220418305.45735106,0.3623685291536458,0.0,0.0,전라남도,영광군,220418305.45735106
전라남도영암군,2020,0.0,144450340.24717548,-0.2816328405639162,0.0,0.0,전라남도,영암군,144450340.24717548
전라남도완도군,2020,0.0,286646752.40541774,0.9238053193957104,0.0,0.0,전라남도,완도군,286646752.40541774
전라남도장성군,2020,46072000.0,123231648.33870411,-0.0336620062286406,0.0001999800026662,1.0,전라남도,장성군,77159648.33870411
전라남도장흥군,2020,0.0,138057369.0830279,-0.4089819492621981,0.0,0.0,전라남도,장흥군,138057369.0830279
전라남도진도군,2020,0.0,244955778.50898087,0.3080103013792969,0.0,0.0,전라남도,진도군,244955778.50898087
전라남도함평군,2020,0.0,184731469.129919,0.0598413861379171,0.0,0.0,전라남도,함평군,184731469.129919
전라남도해남군,2020,0.0,175045513.07485074,-0.0772067869350067,0.0,0.0,전라남도,해남군,175045513.07485074
전라남도화순군,2020,0.0,243987499.9819077,0.5621710842827777,0.0,0.0,전라남도,화순군,243987499.9819077
전북특별자치도고창군,2020,0.0,192819212.79965174,0.1284034173417587,0.0,0.0,전북특별자치도,고창군,192819212.79965174
전북특별자치도군산시,2020,188862029.0,117281649.13197267,-0.5119493199275146,0.0452601314048645,1.0,전북특별자치도,군산시,-71580379.86802733
전북특별자치도김제시,2020,61651000.0,119154404.89122908,-0.496073453425485,9.999500033330834e-05,1.0,전북특별자치도,김제시,57503404.89122908
전북특별자치도남원시,2020,0.0,243857482.14546034,0.5610688872642308,0.0,0.0,전북특별자치도,남원시,243857482.14546034
전북특별자치도무주군,2020,0.0,152283294.36233136,-0.2152307306069217,0.0,0.0,전북특별자치도,무주군,152283294.36233136
전북특별자치도부안군,2020,0.0,202172426.5798244,0.2076931872997611,0.0,0.0,전북특별자치도,부안군,202172426.5798244
전북특별자치도순창군,2020,193055870.0,240368454.05300182,0.5314914349221822,0.0022973590486834,1.0,전북특별자치도,순창군,47312584.05300182
전북특별자치도완주군,2020,0.0,150547585.19570646,-0.2299448153878584,0.0,0.0,전북특별자치도,완주군,150547585.19570646
전북특별자치도익산시,2020,44844000.0,101484562.6132343,-0.6458655743311755,0.0,0.0,전북특별자치도,익산시,56640562.6132343
전북특별자치도임실군,2020,114353000.0,155723053.53232586,-0.1860709444938368,0.0129162252665463,1.0,전북특별자치도,임실군,41370053.532325864
전북특별자치도장수군,2020,0.0,139713423.15107948,-0.3217889917742917,0.0,0.0,전북특별자치도,장수군,139713423.15107948
전북특별자치도전주시,2020,97729000.0,67583871.5506739,-0.9332510718663456,0.0,0.0,전북특별자치도,전주시,-30145128.449326098
전북특별자치도정읍시,2020,45598440.0,191419407.09250897,0.1165368787258518,0.0001999800026662,1.0,전북특별자치도,정읍시,145820967.09250897
전북특별자치도진안군,2020,0.0,108272836.72882634,-0.5883195045323496,0.0,0.0,전북특별자치도,진안군,108272836.72882634
충청남도계룡시,2020,16083000.0,143871547.790827,-0.2865394236695628,0.0,0.0,충청남도,계룡시,127788547.790827
충청남도공주시,2020,100786000.0,178722707.85791615,-0.4642352211317928,0.0,0.0,충청남도,공주시,77936707.85791615
충청남도금산군,2020,456257000.0,136994037.1796924,-0.3448419758251195,0.0,0.0,충청남도,금산군,-319262962.8203076
충청남도논산시,2020,288423000.0,100142591.31388617,-0.6572418347392415,0.0,0.0,충청남도,논산시,-188280408.68611383
충청남도당진시,2020,0.0,110651186.1912935,-0.5681575809207545,0.0,0.0,충청남도,당진시,110651186.1912935
충청남도보령시,2020,125588480.0,160155723.5013756,-0.177674689339941,0.0005998200719676,1.0,충청남도,보령시,34567243.501375586
충청남도부여군,2020,441531000.0,117540001.47499919,-0.5097591959414566,0.0,0.0,충청남도,부여군,-323990998.5250008
충청남도서산시,2020,328618000.0,175910898.2214438,-0.0149330234574059,0.0002999550089979,1.0,충청남도,서산시,-152707101.7785562
충청남도서천군,2020,525238000.0,154793531.73670247,-0.0478233755489737,0.0002999550089979,1.0,충청남도,서천군,-370444468.26329756
충청남도아산시,2020,0.0,73175237.73092622,-0.8858515203749676,0.0,0.0,충청남도,아산시,73175237.73092622
충청남도예산군,2020,496535000.0,129459486.1346852,-0.4087144407485523,0.0,0.0,충청남도,예산군,-367075513.8653148
충청남도천안시,2020,7518000.0,54605140.69575963,-1.1049135638427134,0.0,0.0,충청남도,천안시,47087140.69575963
충청남도청양군,2020,725794270.0,156681985.31604168,-0.1779418155844322,0.0002999550089979,1.0,충청남도,청양군,-569112284.6839583
충청남도태안군,2020,778373500.0,205567261.20589116,0.2364721356775807,0.001598721363697,1.0,충청남도,태안군,-572806238.7941089
충청남도홍성군,2020,0.0,167004616.99202833,-0.0904340230559198,0.0,0.0,충청남도,홍성군,167004616.99202833
충청북도괴산군,2020,0.0,145274816.50650877,-0.2746435281762371,0.0,0.0,충청북도,괴산군,145274816.50650877
충청북도단양군,2020,184521000.0,182370936.7868936,0.0198283480319663,0.0001999800026662,1.0,충청북도,단양군,-2150063.213106394
충청북도보은군,2020,0.0,137154862.98350102,-0.3434786111798752,0.0,0.0,충청북도,보은군,137154862.98350102
충청북도영동군,2020,6828000.0,97008042.97447968,-0.7221704930204979,9.999500033330834e-05,1.0,충청북도,영동군,90180042.97447968
충청북도옥천군,2020,17719000.0,73872910.18758377,-0.879937158756111,0.0,0.0,충청북도,옥천군,56153910.187583774
충청북도음성군,2020,0.0,90930591.03574765,-0.7353344989371912,0.0,0.0,충청북도,음성군,90930591.03574765
충청북도제천시,2020,0.0,131407513.6854758,-0.3922004745328475,0.0007996801705643,1.0,충청북도,제천시,131407513.6854758
충청북도증평군,2020,0.0,115801716.95038296,-0.5378306671522687,0.0,0.0,충청북도,증평군,115801716.95038296
충청북도진천군,2020,3254000.0,72414646.13308042,-0.8922992648874498,0.0,0.0,충청북도,진천군,69160646.13308042
충청북도청주시,2020,36454000.0,154057532.70674568,-0.6023011250827461,0.0,0.0,충청북도,청주시,117603532.70674568
충청북도충주시,2020,0.0,83376927.21525168,-0.7993689881238755,0.0,0.0,충청북도,충주시,83376927.21525168
강원특별자치도강릉시,2021,0.0,162906188.80123657,0.3634935510046962,0.0,0.0,강원특별자치도,강릉시,162906188.80123657
강원특별자치도고성군,2021,0.0,118502266.90090159,-0.3405031462472784,0.0,0.0,강원특별자치도,고성군,118502266.90090159
강원특별자치도동해시,2021,0.0,151101790.30340546,0.1539833955388242,0.0,0.0,강원특별자치도,동해시,151101790.30340546
강원특별자치도삼척시,2021,0.0,153047688.12300938,0.2536629916692647,0.0,0.0,강원특별자치도,삼척시,153047688.12300938
강원특별자치도속초시,2021,0.0,140298241.8055224,-0.0671947390728257,0.0,0.0,강원특별자치도,속초시,140298241.8055224
강원특별자치도양구군,2021,0.0,91324769.39676307,-0.4483426574456595,0.0,0.0,강원특별자치도,양구군,91324769.39676307
강원특별자치도양양군,2021,33000000.0,185258117.88600084,0.4936684124812021,0.0,0.0,강원특별자치도,양양군,152258117.88600084
강원특별자치도영월군,2021,331223000.0,141949800.57281092,0.1300247999336831,0.0,0.0,강원특별자치도,영월군,-189273199.42718908
강원특별자치도원주시,2021,0.0,84954027.09222077,-0.5049477872218784,0.0025966258472659,1.0,강원특별자치도,원주시,84954027.09222077
강원특별자치도인제군,2021,0.0,114874888.97339988,-0.1716085601459169,0.0,0.0,강원특별자치도,인제군,114874888.97339988
강원특별자치도정선군,2021,33139000.0,121349844.16828384,-0.0994730525330243,9.999500033330834e-05,1.0,강원특별자치도,정선군,88210844.16828384
강원특별자치도철원군,2021,0.0,45883883.684658185,-1.0562660359429674,0.0,0.0,강원특별자치도,철원군,45883883.684658185
강원특별자치도춘천시,2021,500000000.0,99545393.96467377,-0.3423898042813948,0.0535407669280298,1.0,강원특별자치도,춘천시,-400454606.03532624
강원특별자치도태백시,2021,0.0,58707202.15841798,-0.8107217339823939,0.0,0.0,강원특별자치도,태백시,58707202.15841798
강원특별자치도평창군,2021,0.0,57349122.20161161,-0.9676060037279116,0.0,0.0,강원특별자치도,평창군,57349122.20161161
강원특별자치도홍천군,2021,0.0,109412893.69047837,-0.305066517129172,0.0022973590486834,1.0,강원특별자치도,홍천군,109412893.69047837
강원특별자치도화천군,2021,0.0,86558533.87939961,-0.4870724648330953,0.0,0.0,강원특별자치도,화천군,86558533.87939961
강원특별자치도횡성군,2021,0.0,119435954.66873577,-0.1207951136762379,0.0006997551142733,1.0,강원특별자치도,횡성군,119435954.66873577
경기도가평군,2021,551464586.0,112462646.07355393,-0.1984826250357359,0.0029955089797984,1.0,경기도,가평군,-439001939.9264461
경기도고양시,2021,0.0,39083593.408004,-1.1535929808887542,0.0,0.0,경기도,고양시,39083593.408004
경기도과천시,2021,0.0,86263746.60112809,-0.4903566002928652,0.0,0.0,경기도,과천시,86263746.60112809
경기도광명시,2021,0.0,67873118.83373033,-0.6952409939901666,0.0,0.0,경기도,광명시,67873118.83373033
경기도광주시,2021,1873155000.0,61896511.65760106,-0.8665209828689034,0.1650906198655926,1.0,경기도,광주시,-1811258488.342399
경기도구리시,2021,0.0,100615745.67877327,-0.330465341192924,0.0,0.0,경기도,구리시,100615745.67877327
경기도군포시,2021,0.0,56360474.45732557,-0.8593138756722074,0.0,0.0,경기도,군포시,56360474.45732557
경기도김포시,2021,0.0,39083593.408004,-1.4513947793028166,0.0,0.0,경기도,김포시,39083593.408004
경기도남양주시,2021,1384096000.0,107469021.1072051,-0.2541150828573136,0.0860859489131288,1.0,경기도,남양주시,-1276626978.8927948
경기도동두천시,2021,60621000.0,72381319.0656501,-0.7308221375382075,0.0,0.0,경기도,동두천시,11760319.065650105
경기도부천시,2021,0.0,60937003.20082431,-0.7725141498626162,0.0,0.0,경기도,부천시,60937003.20082431
경기도성남시,2021,341893000.0,81722469.78003202,-0.5409495849299267,0.00129915573162,1.0,경기도,성남시,-260170530.21996796
경기도수원시,2021,19716000.0,73525205.93158467,-0.6461433296878877,0.0,0.0,경기도,수원시,53809205.93158467
경기도시흥시,2021,0.0,73215852.71472323,-0.6357192198703182,0.0,0.0,경기도,시흥시,73215852.71472323
경기도안산시,2021,0.0,86736218.88808891,-0.4850929301627809,0.0,0.0,경기도,안산시,86736218.88808891
경기도안성시,2021,244074000.0,59365393.52450514,-0.9135575423560944,0.0,0.0,경기도,안성시,-184708606.47549486
경기도양주시,2021,64041000.0,84724445.07451367,-0.5753174710365704,0.0003999200213269,1.0,경기도,양주시,20683445.074513674
경기도양평군,2021,245261000.0,78549808.30208196,-0.5762952420514815,0.0905716981843869,1.0,경기도,양평군,-166711191.69791806
경기도여주시,2021,68064000.0,69427250.56359038,-0.7853211978404785,0.00129915573162,1.0,경기도,여주시,1363250.5635903776
경기도연천군,2021,227687470.0,121255960.80876008,-0.9443922358814568,0.0001999800026662,1.0,경기도,연천군,-106431509.19123992
경기도오산시,2021,0.0,72375306.80656971,-0.66020430714265,0.0,0.0,경기도,오산시,72375306.80656971
경기도용인시,2021,130076000.0,79286566.75630908,-0.6328431027259569,0.0054849302305696,1.0,경기도,용인시,-50789433.24369092
경기도의왕시,2021,37162000.0,67940459.37327898,-0.7165139458049218,0.0,0.0,경기도,의왕시,30778459.373278975
경기도의정부시,2021,0.0,80210302.38383012,-0.6620148563031386,0.0,0.0,경기도,의정부시,80210302.38383012
경기도이천시,2021,41065000.0,44038691.457733884,-1.0987157994005508,0.0027960873020012,1.0,경기도,이천시,2973691.4577338845
경기도파주시,2021,589263000.0,121255960.80876008,-1.1399823662531396,0.0001999800026662,1.0,경기도,파주시,-468007039.19123995
경기도평택시,2021,83146000.0,59487391.4458958,-0.867484267870088,0.0027960873020012,1.0,경기도,평택시,-23658608.5541042
경기도포천시,2021,1201426783.0,93133552.63710299,-0.4970495764078682,0.0303351997960729,1.0,경기도,포천시,-1108293230.362897
경기도하남시,2021,86557000.0,84668529.72997506,-0.5081284265510908,0.0077697372643606,1.0,경기도,하남시,-1888470.2700249404
경기도화성시,2021,69943000.0,68733735.92046194,-0.7174782575136401,9.999500033330834e-05,1.0,경기도,화성시,-1209264.0795380622
경상남도거제시,2021,529708950.0,253636712.3577547,1.374294734293847,0.1287449558905622,1.0,경상남도,거제시,-276072237.6422453
경상남도거창군,2021,58075560.0,135338909.55943832,0.0258364424106886,0.0,0.0,경상남도,거창군,77263349.55943832
경상남도고성군,2021,85666000.0,266255628.5988797,1.5148782443229745,0.0589290675292874,1.0,경상남도,고성군,180589628.5988797
경상남도김해시,2021,422988100.0,283765896.3085733,0.7390991612757883,0.0393168623769503,1.0,경상남도,김해시,-139222203.6914267
경상남도남해군,2021,55040000.0,255570100.59104747,1.3958340249026158,0.0040916179032535,1.0,경상남도,남해군,200530100.59104747
경상남도밀양시,2021,2316416000.0,279887389.67877966,0.8083754575659391,0.0919408736983572,1.0,경상남도,밀양시,-2036528610.3212204
경상남도사천시,2021,402232000.0,207119033.90640396,0.8560554187982229,0.1393270652210992,1.0,경상남도,사천시,-195112966.09359604
경상남도산청군,2021,70927000.0,206332629.1600268,0.7091569712477234,0.0001999800026662,1.0,경상남도,산청군,135405629.1600268
경상남도양산시,2021,317133230.0,187386052.7001888,0.6362162734786215,0.076220025911409,1.0,경상남도,양산시,-129747177.29981121
경상남도의령군,2021,296045624.0,221142830.07073623,1.012290269005858,0.0340148785872776,1.0,경상남도,의령군,-74902793.92926377
경상남도진주시,2021,2182918980.0,172906923.32973003,0.8663884684217736,0.0765906021617125,1.0,경상남도,진주시,-2010012056.67027
경상남도창녕군,2021,473577000.0,208814769.12395814,0.8749470893988133,0.1080469040831337,1.0,경상남도,창녕군,-264762230.87604186
경상남도창원시,2021,507021697.0,212843111.0659717,0.9198256224665098,0.0698991273796671,1.0,경상남도,창원시,-294178585.93402827
경상남도통영시,2021,448808850.0,271997733.7416649,1.5788492922722626,0.0906630348972421,1.0,경상남도,통영시,-176811116.2583351
경상남도하동군,2021,523798000.0,155271207.8039504,1.000922058823437,0.107148915517043,1.0,경상남도,하동군,-368526792.1960496
경상남도함안군,2021,222617000.0,174568931.42297935,0.4934246213915098,0.1046302490780829,1.0,경상남도,함안군,-48048068.577020645
경상남도함양군,2021,84122457.0,146611346.67477682,-0.0199629279167941,0.0003999200213269,1.0,경상남도,함양군,62488889.67477682
경상남도합천군,2021,72369000.0,214544137.43172514,0.8668817528627084,9.999500033330834e-05,1.0,경상남도,합천군,142175137.43172514
경상북도경산시,2021,0.0,129743159.37222686,-0.0059656791893714,0.0005998200719676,1.0,경상북도,경산시,129743159.37222686
경상북도경주시,2021,372000000.0,158823747.32055545,0.3180123114215182,0.1521200480608332,1.0,경상북도,경주시,-213176252.67944455
경상북도고령군,2021,0.0,183195086.81701964,0.5895259965158424,0.2311117209633866,1.0,경상북도,고령군,183195086.81701964
경상북도구미시,2021,861265000.0,134049643.80742094,0.0327073542431869,0.3385415227425896,1.0,경상북도,구미시,-727215356.192579
경상북도김천시,2021,0.0,80131144.52505124,-0.5833968614153683,0.0220549907808313,1.0,경상북도,김천시,80131144.52505124
경상북도문경시,2021,0.0,108429679.77120431,-0.2434126766962547,0.0,0.0,경상북도,문경시,108429679.77120431
경상북도봉화군,2021,91590000.0,150579021.47261086,0.151618190948022,0.0,0.0,경상북도,봉화군,58989021.47261086
경상북도상주시,2021,0.0,112545200.37790611,-0.1975629126252502,0.0094551587707551,1.0,경상북도,상주시,112545200.37790611
경상북도성주군,2021,0.0,142423645.2262112,0.1185705111152775,0.0429636994321156,1.0,경상북도,성주군,142423645.2262112
경상북도안동시,2021,58685753.0,169724479.8358668,0.4394540588432841,0.1649210421137872,1.0,경상북도,안동시,111038726.83586681
경상북도영덕군,2021,112316000.0,186384720.00889355,0.6250607303432753,0.017348638334613,1.0,경상북도,영덕군,74068720.00889355
경상북도영양군,2021,0.0,175564723.06273392,0.5045184333559739,0.0,0.0,경상북도,영양군,175564723.06273392
경상북도영주시,2021,0.0,119789243.55968148,-0.1168592295325917,0.0030952049073024,1.0,경상북도,영주시,119789243.55968148
경상북도영천시,2021,262914000.0,154061259.12168053,0.2649548780669682,0.004191204618468,1.0,경상북도,영천시,-108852740.87831947
경상북도예천군,2021,169179000.0,109519869.35180959,-0.2312672059672238,0.0001999800026662,1.0,경상북도,예천군,-59659130.64819041
경상북도울릉군,2021,0.0,132912234.72626707,0.0293400260157892,0.0,0.0,경상북도,울릉군,132912234.72626707
경상북도울진군,2021,306528000.0,210507098.53660706,0.8938008169622278,0.0,0.0,경상북도,울진군,-96020901.46339294
경상북도의성군,2021,0.0,166107585.87117663,0.3991593426217596,0.0058826631581554,1.0,경상북도,의성군,166107585.87117663
경상북도청도군,2021,126311000.0,182298780.49768507,0.5795405202652992,0.055623903747997,1.0,경상북도,청도군,55987780.497685075
경상북도청송군,2021,0.0,149458464.67464426,0.2136765442590208,0.0,0.0,경상북도,청송군,149458464.67464426
경상북도칠곡군,2021,111390000.0,163073088.25282848,0.3653529270619096,0.0542040540135121,1.0,경상북도,칠곡군,51683088.25282848
경상북도포항시,2021,0.0,187956784.05798286,0.642574618048728,0.1663615372152252,1.0,경상북도,포항시,187956784.05798286
광주광역시광산구,2021,33849000.0,154205809.138965,0.2561210023828807,0.0121261797978405,1.0,광주광역시,광산구,120356809.13896501
광주광역시남구,2021,18096000.0,155369224.39046627,0.27012275789112,0.0002999550089979,1.0,광주광역시,남구,137273224.39046627
광주광역시동구,2021,0.0,184816054.8833278,0.6075847090116162,0.0,0.0,광주광역시,동구,184816054.8833278
광주광역시북구,2021,0.0,156746918.6235966,0.2877855104663276,0.0,0.0,광주광역시,북구,156746918.6235966
광주광역시서구,2021,22697000.0,136146959.39714313,0.0304952980098752,0.0010993954433009,1.0,광주광역시,서구,113449959.39714313
대구광역시남구,2021,0.0,140031832.5417192,0.0771182976512946,0.0005998200719676,1.0,대구광역시,남구,140031832.5417192
대구광역시달서구,2021,60082000.0,147252153.9859943,0.1663758720998443,0.0268366539535596,1.0,대구광역시,달서구,87170153.98599431
대구광역시달성군,2021,1074225700.0,197114695.5402838,0.7401244255959568,0.035463664275569,1.0,대구광역시,달성군,-877111004.4597162
대구광역시동구,2021,0.0,179526004.4950767,0.5486498656700304,0.0014988761237358,1.0,대구광역시,동구,179526004.4950767
대구광역시북구,2021,131633000.0,160611954.39496705,0.314552488545927,0.1389790272814509,1.0,대구광역시,북구,28978954.39496705
대구광역시서구,2021,12128000.0,104984400.04136118,-0.3393648645828463,0.0114343776256631,1.0,대구광역시,서구,92856400.04136118
대구광역시수성구,2021,13162000.0,160122100.37859133,0.3324768681764703,9.999500033330834e-05,1.0,대구광역시,수성구,146960100.37859133
대전광역시대덕구,2021,3426000.0,98477277.95701861,-0.380603469026706,0.0,0.0,대전광역시,대덕구,95051277.95701861
대전광역시동구,2021,5211000.0,93480263.38830368,-0.4099595803951543,0.0,0.0,대전광역시,동구,88269263.38830368
대전광역시서구,2021,3426000.0,107495137.20475562,-0.253824131353099,0.0,0.0,대전광역시,서구,104069137.20475562
대전광역시유성구,2021,20000000.0,120320405.7127596,-0.1598575850715531,0.0001999800026662,1.0,대전광역시,유성구,100320405.7127596
대전광역시중구,2021,0.0,92859102.11580804,-0.4200076737996472,0.0,0.0,대전광역시,중구,92859102.11580804
부산광역시강서구,2021,12473000.0,190683343.99658003,0.6729503935232963,0.000899595242836,1.0,부산광역시,강서구,178210343.99658003
부산광역시금정구,2021,55391000.0,273172248.08467823,1.5919341995468077,0.097489621277257,1.0,부산광역시,금정구,217781248.08467823
부산광역시기장군,2021,120741000.0,265061735.68810013,1.5015774463155136,0.0805656478395671,1.0,부산광역시,기장군,144320735.68810013
부산광역시남구,2021,10803000.0,248332202.74503148,1.3151988051276349,0.0,0.0,부산광역시,남구,237529202.74503148
부산광역시동구,2021,840000.0,198364003.36848122,0.7585182848704953,0.0,0.0,부산광역시,동구,197524003.36848122
부산광역시동래구,2021,1680000.0,224031224.9570939,1.0444689984399271,0.0,0.0,부산광역시,동래구,222351224.9570939
부산광역시부산진구,2021,5627000.0,159378685.648412,0.8908373980094618,0.0066776547532405,1.0,부산광역시,부산진구,153751685.648412
부산광역시북구,2021,10089000.0,237443190.96214876,1.1938876348230676,0.000499875041651,1.0,부산광역시,북구,227354190.96214876
부산광역시사상구,2021,2380000.0,155271207.8039504,0.959934668679754,0.0,0.0,부산광역시,사상구,152891207.8039504
부산광역시사하구,2021,16652000.0,218919553.8231612,0.9875214241481776,0.0001999800026662,1.0,부산광역시,사하구,202267553.8231612
부산광역시서구,2021,1680000.0,197151465.83846924,0.7450097728276307,0.0020977980821461,1.0,부산광역시,서구,195471465.83846924
부산광역시수영구,2021,0.0,206031881.20636082,0.8439437810324044,0.0038924147153438,1.0,부산광역시,수영구,206031881.20636082
부산광역시연제구,2021,0.0,203517137.64656624,0.8159277874475585,0.0,0.0,부산광역시,연제구,203517137.64656624
부산광역시영도구,2021,27937000.0,234974268.8019843,1.16638212352302,0.0088606284321965,1.0,부산광역시,영도구,207037268.8019843
부산광역시중구,2021,0.0,132366012.52879816,0.0232547305507363,0.0,0.0,부산광역시,중구,132366012.52879816
부산광역시해운대구,2021,19968000.0,281121147.54981935,1.6804904722349745,0.0026963615477426,1.0,부산광역시,해운대구,261153147.54981935
서울특별시강남구,2021,0.0,100057297.290523,-0.3366868449330373,0.0,0.0,서울특별시,강남구,100057297.290523
서울특별시강동구,2021,0.0,117819651.04462339,-0.1388018610393747,0.0,0.0,서울특별시,강동구,117819651.04462339
서울특별시강북구,2021,0.0,100002987.77849221,-0.3372918906979321,0.0,0.0,서울특별시,강북구,100002987.77849221
서울특별시강서구,2021,0.0,106017964.05935879,-0.2702808683448121,0.0,0.0,서울특별시,강서구,106017964.05935879
서울특별시관악구,2021,0.0,155103805.4154603,0.2765695694197614,0.0,0.0,서울특별시,관악구,155103805.4154603
서울특별시광진구,2021,0.0,126806642.28495263,-0.0386805234359897,0.0,0.0,서울특별시,광진구,126806642.28495263
서울특별시구로구,2021,0.0,99789340.94954503,-0.3970895368790901,0.0,0.0,서울특별시,구로구,99789340.94954503
서울특별시금천구,2021,0.0,119967613.55214816,-0.1148720636662303,0.0,0.0,서울특별시,금천구,119967613.55214816
서울특별시노원구,2021,0.0,142622321.1650623,0.1375171474236714,0.0,0.0,서울특별시,노원구,142622321.1650623
서울특별시도봉구,2021,0.0,73562174.86527365,-0.6318609500637128,0.0,0.0,서울특별시,도봉구,73562174.86527365
서울특별시동대문구,2021,0.0,104782367.44026819,-0.2840462746897544,0.0,0.0,서울특별시,동대문구,104782367.44026819
서울특별시동작구,2021,0.0,111866214.56637067,-0.2051272871580287,0.0,0.0,서울특별시,동작구,111866214.56637067
서울특별시마포구,2021,0.0,100590583.7355309,-0.3307456627540293,0.0,0.0,서울특별시,마포구,100590583.7355309
서울특별시서대문구,2021,0.0,149507778.4716985,0.2142259342819255,0.0,0.0,서울특별시,서대문구,149507778.4716985
서울특별시서초구,2021,0.0,116664427.5995295,-0.1516718542841163,0.0,0.0,서울특별시,서초구,116664427.5995295
서울특별시성동구,2021,0.0,84862680.41571307,-0.5059654527779025,0.0,0.0,서울특별시,성동구,84862680.41571307
서울특별시성북구,2021,0.0,142147793.41722313,0.1322305780287467,0.0,0.0,서울특별시,성북구,142147793.41722313
서울특별시송파구,2021,0.0,95541253.98473124,-0.3869987106464077,0.0,0.0,서울특별시,송파구,95541253.98473124
서울특별시양천구,2021,0.0,101427598.76577798,-0.321420732732243,0.0,0.0,서울특별시,양천구,101427598.76577798
서울특별시용산구,2021,0.0,141525264.85402545,0.125295176538205,0.0,0.0,서울특별시,용산구,141525264.85402545
서울특별시은평구,2021,0.0,140619244.75753042,0.1152014820490463,0.0,0.0,서울특별시,은평구,140619244.75753042
서울특별시종로구,2021,0.0,161741896.11116734,0.350522520058492,0.0,0.0,서울특별시,종로구,161741896.11116734
서울특별시중구,2021,0.0,97093001.27029447,-0.3697111658276459,0.0,0.0,서울특별시,중구,97093001.27029447
서울특별시중랑구,2021,0.0,130176320.73381163,-0.0011399601294317,0.0,0.0,서울특별시,중랑구,130176320.73381163
울산광역시남구,2021,28933440.0,158949537.91875088,0.3194137062390339,0.0124225199985571,1.0,울산광역시,남구,130016097.91875088
울산광역시동구,2021,73000000.0,216963825.9842042,0.9657332547833456,0.4015909465595638,1.0,울산광역시,동구,143963825.9842042
울산광역시북구,2021,755923350.0,204373176.21960968,0.8254646529769906,0.4358649804992477,1.0,울산광역시,북구,-551550173.7803903
울산광역시울주군,2021,1375712130.0,469609714.22614014,0.7673871527100177,0.2356253288162656,1.0,울산광역시,울주군,-906102415.7738599
울산광역시중구,2021,284067500.0,220370664.2070782,1.0036878038366268,0.4850153868661734,1.0,울산광역시,중구,-63696835.79292181
인천광역시강화군,2021,13149000.0,39083593.408004,-1.1734616328475005,0.0,0.0,인천광역시,강화군,25934593.408004
인천광역시계양구,2021,4382000.0,67069894.50142649,-0.7041894721176362,0.0,0.0,인천광역시,계양구,62687894.50142649
인천광역시남동구,2021,1753000.0,102828602.9910414,-0.30581257052642,0.0,0.0,인천광역시,남동구,101075602.9910414
인천광역시미추홀구,2021,0.0,82977260.40953651,-0.5269703439494294,0.0,0.0,인천광역시,미추홀구,82977260.40953651
인천광역시부평구,2021,0.0,97098890.23219863,-0.3696455586931586,0.0,0.0,인천광역시,부평구,97098890.23219863
인천광역시서구,2021,0.0,57086986.74269607,-0.8303530384332816,0.0,0.0,인천광역시,서구,57086986.74269607
인천광역시연수구,2021,9641000.0,94359495.42743766,-0.4001643235102015,0.0,0.0,인천광역시,연수구,84718495.42743766
인천광역시옹진군,2021,0.0,165763913.21189427,0.3953305899919972,0.0,0.0,인천광역시,옹진군,165763913.21189427
인천광역시중구,2021,4382000.0,122915983.48947763,-0.0820251704200963,0.0,0.0,인천광역시,중구,118533983.48947763
전라남도강진군,2021,0.0,130745955.51880406,0.0052061678564199,0.0,0.0,전라남도,강진군,130745955.51880406
전라남도고흥군,2021,0.0,170112711.29136062,0.4437792274769552,0.0,0.0,전라남도,고흥군,170112711.29136062
전라남도곡성군,2021,20699000.0,169386648.67172623,0.3558536531811058,0.0,0.0,전라남도,곡성군,148687648.67172623
전라남도광양시,2021,523996600.0,175023633.38456893,0.4984903177283371,0.0825012215117436,1.0,전라남도,광양시,-348972966.6154311
전라남도구례군,2021,0.0,155122989.6920045,0.0900396100800593,0.0009995003330835,1.0,전라남도,구례군,155122989.6920045
전라남도나주시,2021,0.0,123823286.4289442,-0.1228530593694229,0.0,0.0,전라남도,나주시,123823286.4289442
전라남도담양군,2021,0.0,148943093.96410576,0.0993400395091918,9.999500033330834e-05,1.0,전라남도,담양군,148943093.96410576
전라남도목포시,2021,0.0,108603031.94765104,-0.2414814127928898,0.0,0.0,전라남도,목포시,108603031.94765104
전라남도무안군,2021,20022000.0,140714474.5865483,0.1162624086268113,0.0,0.0,전라남도,무안군,120692474.5865483
전라남도보성군,2021,507955000.0,154998242.3443609,0.2753935233329951,0.0,0.0,전라남도,보성군,-352956757.6556391
전라남도순천시,2021,0.0,137998881.7082569,0.0860088138374168,0.0896578719305353,1.0,전라남도,순천시,137998881.7082569
전라남도신안군,2021,0.0,184521680.15384868,0.6043051696325391,0.0,0.0,전라남도,신안군,184521680.15384868
전라남도여수시,2021,0.0,226401916.58780983,1.070880153270844,0.2225033464267864,1.0,전라남도,여수시,226401916.58780983
전라남도영광군,2021,0.0,156899620.022049,0.2965761940721267,0.0,0.0,전라남도,영광군,156899620.022049
전라남도영암군,2021,0.0,125990610.81787112,-0.0477716819589905,0.0,0.0,전라남도,영암군,125990610.81787112
전라남도완도군,2021,0.0,243409805.3688673,1.260359872237021,0.0,0.0,전라남도,완도군,243409805.3688673
전라남도장성군,2021,123306000.0,123527812.79174085,-0.0752089661433359,0.0002999550089979,1.0,전라남도,장성군,221812.7917408496
전라남도장흥군,2021,0.0,110006181.70847888,-0.2258493478275292,0.0,0.0,전라남도,장흥군,110006181.70847888
전라남도진도군,2021,0.0,171931561.5107664,0.4640424848895039,0.0,0.0,전라남도,진도군,171931561.5107664
전라남도함평군,2021,0.0,126574282.57396989,-0.0412691723449067,0.0,0.0,전라남도,함평군,126574282.57396989
전라남도해남군,2021,0.0,142869603.8868131,0.1402720490593589,0.0,0.0,전라남도,해남군,142869603.8868131
전라남도화순군,2021,0.0,165943790.43648738,0.3973345474733207,0.0,0.0,전라남도,화순군,165943790.43648738
전북특별자치도고창군,2021,0.0,137059996.9638782,0.0755489842961606,0.0,0.0,전북특별자치도,고창군,137059996.9638782
전북특별자치도군산시,2021,214097100.0,79570745.21296391,-0.6093996154624044,0.0241070753432331,1.0,전북특별자치도,군산시,-134526354.7870361
전북특별자치도김제시,2021,39266000.0,92525173.33225004,-0.4205999483877993,0.0001999800026662,1.0,전북특별자치도,김제시,53259173.332250044
전북특별자치도남원시,2021,52835000.0,165447209.54799,0.2464787645274599,0.0,0.0,전북특별자치도,남원시,112612209.54799
전북특별자치도무주군,2021,0.0,107867441.03874078,-0.2496764075090843,0.0,0.0,전북특별자치도,무주군,107867441.03874078
전북특별자치도부안군,2021,44370000.0,155516627.3475264,0.2811686930780775,0.0,0.0,전북특별자치도,부안군,111146627.3475264
전북특별자치도순창군,2021,106021830.0,163080048.38133985,0.2761100227887148,0.0023971245997214,1.0,전북특별자치도,순창군,57058218.38133985
전북특별자치도완주군,2021,0.0,118339023.4582128,-0.1330156908549062,0.0,0.0,전북특별자치도,완주군,118339023.4582128
전북특별자치도익산시,2021,21941000.0,68853075.77539283,-0.6906301937162095,0.0,0.0,전북특별자치도,익산시,46912075.77539283
전북특별자치도임실군,2021,106857000.0,105651647.1938616,-0.2761610854545865,0.0035935355101301,1.0,전북특별자치도,임실군,-1205352.8061383963
전북특별자치도장수군,2021,0.0,94789775.5417465,-0.5071445594340048,0.0,0.0,전북특별자치도,장수군,94789775.5417465
전북특별자치도전주시,2021,186015000.0,55912225.51247884,-0.8284936706903635,0.0,0.0,전북특별자치도,전주시,-130102774.48752116
전북특별자치도정읍시,2021,31380000.0,145695149.37165,0.171750592415624,0.0002999550089979,1.0,전북특별자치도,정읍시,114315149.37165001
전북특별자치도진안군,2021,0.0,73458638.82882264,-0.7769693714952549,0.0,0.0,전북특별자치도,진안군,73458638.82882264
충청남도계룡시,2021,16080000.0,99293586.39459024,-0.345195115876925,0.0,0.0,충청남도,계룡시,83213586.39459024
충청남도공주시,2021,123702040.0,121255960.80876008,-0.570965349013466,9.999500033330834e-05,1.0,충청남도,공주시,-2446079.1912399232
충청남도금산군,2021,218489000.0,97415555.6440645,-0.366117685597382,0.0,0.0,충청남도,금산군,-121073444.3559355
충청남도논산시,2021,170071000.0,67942603.78651942,-0.7099881106423921,0.0,0.0,충청남도,논산시,-102128396.21348058
충청남도당진시,2021,5506000.0,92169315.79555582,-0.4245644490329304,0.0,0.0,충청남도,당진시,86663315.79555582
충청남도보령시,2021,50299000.0,130476073.57668033,0.0021994951761164,0.000499875041651,1.0,충청남도,보령시,80177073.57668033
충청남도부여군,2021,356567282.0,79746026.58574717,-0.5683768453577032,0.0,0.0,충청남도,부여군,-276821255.4142528
충청남도서산시,2021,350871234.0,141643098.6170854,0.1266079266741415,9.999500033330834e-05,1.0,충청남도,서산시,-209228135.3829146
충청남도서천군,2021,270405000.0,120548641.16488151,-0.1083990116496318,0.0009995003330835,1.0,충청남도,서천군,-149856358.83511847
충청남도아산시,2021,0.0,52013469.42376037,-0.8719285271571352,0.0,0.0,충청남도,아산시,52013469.42376037
충청남도예산군,2021,389371000.0,98199050.73131016,-0.3573890049919423,0.0,0.0,충청남도,예산군,-291171949.2686899
충청남도천안시,2021,13896000.0,39083593.408004,-1.089614134013815,9.999500033330834e-05,1.0,충청남도,천안시,25187593.408004
충청남도청양군,2021,896280678.0,109491561.7537248,-0.2315825723127334,0.0027960873020012,1.0,충청남도,청양군,-786789116.2462752
충청남도태안군,2021,721240990.0,164284406.0986229,0.3788478509736574,0.0018981972830802,1.0,충청남도,태안군,-556956583.9013771
충청남도홍성군,2021,0.0,123988006.63189438,-0.0700820864568125,9.999500033330834e-05,1.0,충청남도,홍성군,123988006.63189438
충청북도괴산군,2021,0.0,123292358.64760868,-0.0778320891913461,0.0,0.0,충청북도,괴산군,123292358.64760868
충청북도단양군,2021,29883000.0,145988966.15806293,0.1750239159206007,0.0,0.0,충청북도,단양군,116105966.15806293
충청북도보은군,2021,0.0,93053898.35453765,-0.4908963271345876,0.0,0.0,충청북도,보은군,93053898.35453765
충청북도영동군,2021,39858000.0,65815942.46210394,-0.7546278993629955,0.0,0.0,충청북도,영동군,25957942.46210394
충청북도옥천군,2021,0.0,50119712.318011165,-1.0333627587934358,0.0,0.0,충청북도,옥천군,50119712.318011165
충청북도음성군,2021,0.0,80499388.88425703,-0.5545755574058555,0.0,0.0,충청북도,음성군,80499388.88425703
충청북도제천시,2021,0.0,95992740.72390783,-0.3819688341251421,0.000499875041651,1.0,충청북도,제천시,95992740.72390783
충청북도증평군,2021,0.0,80881826.59680742,-0.5503149351011741,0.0,0.0,충청북도,증평군,80881826.59680742
충청북도진천군,2021,13600000.0,51454288.26236938,-0.8781581945000655,0.0,0.0,충청북도,진천군,37854288.26236938
충청북도청주시,2021,47987000.0,104521660.24159767,-0.636774524572155,0.0,0.0,충청북도,청주시,56534660.24159767
충청북도충주시,2021,0.0,76298731.24148658,-0.6013738073163175,0.0,0.0,충청북도,충주시,76298731.24148658
강원특별자치도강릉시,2022,0.0,234824536.41219893,0.5131279905631939,0.0,0.0,강원특별자치도,강릉시,234824536.41219893
강원특별자치도고성군,2022,0.0,170817573.55916765,-0.1370958746604679,0.0,0.0,강원특별자치도,고성군,170817573.55916765
강원특별자치도동해시,2022,0.0,217808839.063462,0.1918845468277212,0.0016985566355814,1.0,강원특별자치도,동해시,217808839.063462
강원특별자치도삼척시,2022,0.0,220613794.21437722,0.3019429496534612,0.0,0.0,강원특별자치도,삼척시,220613794.21437722
강원특별자치도속초시,2022,0.0,202235837.9007042,0.1366895688236961,0.0,0.0,강원특별자치도,속초시,202235837.9007042
강원특별자치도양구군,2022,0.0,131642000.80029789,-0.1177201383110945,0.0,0.0,강원특별자치도,양구군,131642000.80029789
강원특별자치도양양군,2022,24000000.0,267044192.5460258,0.6971069620988253,0.0,0.0,강원특별자치도,양양군,243044192.5460258
강원특별자치도영월군,2022,285000000.0,204616511.86244804,0.2701047654271884,0.0,0.0,강원특별자치도,영월군,-80383488.13755196
강원특별자치도원주시,2022,10000000.0,122458760.92909187,-0.3462347572929669,0.004987541511039,1.0,강원특별자치도,원주시,112458760.92909187
강원특별자치도인제군,2022,0.0,165588813.70366138,0.1590215031693751,0.0,0.0,강원특별자치도,인제군,165588813.70366138
강원특별자치도정선군,2022,121330000.0,174922273.4274263,0.0777102255405472,9.999500033330834e-05,1.0,강원특별자치도,정선군,53592273.42742631
강원특별자치도철원군,2022,0.0,66140284.75116674,-0.8046463616215456,0.0,0.0,강원특별자치도,철원군,66140284.75116674
강원특별자치도춘천시,2022,500000000.0,143491792.18872494,-0.0420360202129042,0.0591176044830888,1.0,강원특별자치도,춘천시,-356508207.81127506
강원특별자치도태백시,2022,0.0,76283560.18086085,-0.770033111671399,0.0,0.0,강원특별자치도,태백시,76283560.18086085
강원특별자치도평창군,2022,0.0,82667092.84489606,-0.703929844279107,0.0,0.0,강원특별자치도,평창군,82667092.84489606
강원특별자치도홍천군,2022,50000000.0,157715506.252079,0.0702580942559962,0.0025966258472659,1.0,강원특별자치도,홍천군,107715506.25207901
강원특별자치도화천군,2022,0.0,124771610.82903773,-0.2474702118265964,0.0,0.0,강원특별자치도,화천군,124771610.82903773
강원특별자치도횡성군,2022,0.0,172163457.33957404,0.0358303275993017,0.0026963615477426,1.0,강원특별자치도,횡성군,172163457.33957404
경기도가평군,2022,521749000.0,162111635.6735432,0.1156735968657359,0.0051865266873,1.0,경기도,가평군,-359637364.3264568
경기도고양시,2022,0.0,61455245.64627855,-0.8760030658955561,0.0,0.0,경기도,고양시,61455245.64627855
경기도과천시,2022,30000000.0,124346683.5351779,-0.2347286775141289,0.0,0.0,경기도,과천시,94346683.5351779
경기도광명시,2022,0.0,97837128.11811745,-0.4392703681797358,0.0,0.0,경기도,광명시,97837128.11811745
경기도광주시,2022,2057020000.0,89222022.57928035,-0.3419326587452588,0.1831545430978465,1.0,경기도,광주시,-1967797977.4207196
경기도구리시,2022,0.0,145034673.07563883,-0.0747556416832401,0.0,0.0,경기도,구리시,145034673.07563883
경기도군포시,2022,0.0,81241985.85580437,-0.5130163045746418,0.0,0.0,경기도,군포시,81241985.85580437
경기도김포시,2022,0.0,61455245.64627855,-1.226921341511389,0.0,0.0,경기도,김포시,61455245.64627855
경기도남양주시,2022,1226326000.0,154913470.42047247,-0.0168604227769291,0.0983056887841233,1.0,경기도,남양주시,-1071412529.5795275
경기도동두천시,2022,238459000.0,104335567.72501037,-0.3240685595843076,0.0023971245997214,1.0,경기도,동두천시,-134123432.27498963
경기도부천시,2022,0.0,87838919.026222,-0.5575548268420444,0.0,0.0,경기도,부천시,87838919.026222
경기도성남시,2022,192544000.0,117800564.98633336,-0.2425832471300508,0.029461710149619,1.0,경기도,성남시,-74743435.01366664
경기도수원시,2022,9857000.0,105984447.39605114,-0.413249882490359,0.0,0.0,경기도,수원시,96127447.39605114
경기도시흥시,2022,0.0,105538523.72506192,-0.4206102235036515,0.0,0.0,경기도,시흥시,105538523.72506192
경기도안산시,2022,0.0,125027738.60478337,-0.2054721877925021,0.0,0.0,경기도,안산시,125027738.60478337
경기도안성시,2022,139836000.0,85573489.35545081,-0.6778992569931358,0.0003999200213269,1.0,경기도,안성시,-54262510.64454919
경기도양주시,2022,103880000.0,122127825.12319426,-0.2042369381463655,0.0024968801985871,1.0,경기도,양주시,18247825.123194262
경기도양평군,2022,355344000.0,113227265.67686714,-0.0606782140580476,0.1868114620668066,1.0,경기도,양평군,-242116734.32313287
경기도여주시,2022,225459000.0,100077363.83705108,-0.5593715386781638,0.000499875041651,1.0,경기도,여주시,-125381636.16294892
경기도연천군,2022,109895000.0,115230149.54843625,-0.5367687198120245,0.0007996801705643,1.0,경기도,연천군,5335149.548436254
경기도오산시,2022,0.0,104326901.22828774,-0.3143957963606079,0.0,0.0,경기도,오산시,104326901.22828774
경기도용인시,2022,145924000.0,114289281.57531002,-0.3730553062693477,0.0029955089797984,1.0,경기도,용인시,-31634718.42468998
경기도의왕시,2022,27928000.0,97934197.54867513,-0.3711464931392747,0.0001999800026662,1.0,경기도,의왕시,70006197.54867513
경기도의정부시,2022,0.0,115620819.63470642,-0.3205947697850869,0.0,0.0,경기도,의정부시,115620819.63470642
경기도이천시,2022,171529000.0,61455245.64627855,-0.8698834220760396,0.00129915573162,1.0,경기도,이천시,-110073754.35372144
경기도파주시,2022,402283000.0,94116046.38871154,-0.8750596273617889,0.000499875041651,1.0,경기도,파주시,-308166953.6112884
경기도평택시,2022,77008000.0,85749345.81335841,-0.5402799719008694,0.004987541511039,1.0,경기도,평택시,8741345.813358411
경기도포천시,2022,1052334000.0,134249309.2703353,-0.1052114603810562,0.0983056887841233,1.0,경기도,포천시,-918084690.7296647
경기도하남시,2022,98950000.0,122047224.77917892,-0.2524420838234456,0.0078689583786951,1.0,경기도,하남시,23097224.779178917
경기도화성시,2022,254211000.0,99077682.6354584,-0.3942565747487239,0.0,0.0,경기도,화성시,-155133317.3645416
경상남도거제시,2022,350712600.0,322582469.45123315,0.7051349638780454,0.1149345380920995,1.0,경상남도,거제시,-28130130.54876685
경상남도거창군,2022,41335000.0,193697894.05021337,-0.0667986659766453,0.0,0.0,경상남도,거창군,152362894.05021337
경상남도고성군,2022,164779000.0,361697713.19091463,0.9394094842283244,0.0195084663880429,1.0,경상남도,고성군,196918713.19091463
경상남도김해시,2022,857847240.0,271527244.6995737,0.399347829591659,0.0563803334361076,1.0,경상남도,김해시,-586319995.3004262
경상남도남해군,2022,92736000.0,357140047.01379585,0.9121120688097424,0.0037927982386962,1.0,경상남도,남해군,264404047.01379585
경상남도밀양시,2022,7285246000.0,324141927.1743002,0.7144750874500594,0.3323207740701613,1.0,경상남도,밀양시,-6961104072.8257
경상남도사천시,2022,913331000.0,298556067.61849827,0.6518863697356947,0.198276923584082,1.0,경상남도,사천시,-614774932.3815017
경상남도산청군,2022,44800000.0,297422488.0328529,0.683905984811751,9.999500033330834e-05,1.0,경상남도,산청군,252622488.0328529
경상남도양산시,2022,336558270.0,243350341.8818904,0.2305867594446644,0.080750149685109,1.0,경상남도,양산시,-93207928.11810961
경상남도의령군,2022,486983406.0,318770962.19838727,0.8398648312176796,0.0855352881062627,1.0,경상남도,의령군,-168212443.80161273
경상남도진주시,2022,1764346460.0,249240304.57126057,0.6259870760531734,0.120357496663734,1.0,경상남도,진주시,-1515106155.4287395
경상남도창녕군,2022,441756000.0,301000420.64934504,0.7452534594987809,0.0936724758626351,1.0,경상남도,창녕군,-140755579.35065496
경상남도창원시,2022,570701000.0,294118872.0500513,0.5346567822007445,0.0828694778222946,1.0,경상남도,창원시,-276582127.9499487
경상남도통영시,2022,443966120.0,380170562.7017899,1.0500496731905833,0.071948499312584,1.0,경상남도,통영시,-63795557.298210084
경상남도하동군,2022,1760404320.0,223818933.2095411,0.7179319035482642,0.1176052420742634,1.0,경상남도,하동군,-1536585386.790459
경상남도함안군,2022,789488000.0,251636040.93267518,0.3215820891543977,0.2035936920694943,1.0,경상남도,함안군,-537851959.0673249
경상남도함양군,2022,19936000.0,201641957.80790383,-0.0192189617863596,0.0,0.0,경상남도,함양군,181705957.80790383
경상남도합천군,2022,64636000.0,309259138.5452481,0.7995538682427675,0.0001999800026662,1.0,경상남도,합천군,244623138.5452481
경상북도경산시,2022,0.0,187020993.34857163,0.0477443376703316,0.0006997551142733,1.0,경상북도,경산시,187020993.34857163
경상북도경주시,2022,87857000.0,228939815.67086148,0.303527022706138,0.1530643757268367,1.0,경상북도,경주시,141082815.67086148
경상북도고령군,2022,0.0,264070393.22052225,0.5224363495813621,0.2379927541644155,1.0,경상북도,고령군,264070393.22052225
경상북도구미시,2022,894116000.0,193228665.49720103,0.0095566823850252,0.2799018851328186,1.0,경상북도,구미시,-700887334.502799
경상북도김천시,2022,0.0,108707692.25025937,-0.5758339386102241,0.0130149370774946,1.0,경상북도,김천시,108707692.25025937
경상북도문경시,2022,0.0,148299565.4676134,-0.3387047219423234,9.999500033330834e-05,1.0,경상북도,문경시,148299565.4676134
경상북도봉화군,2022,71790000.0,217055282.98775104,0.367241524247748,0.0,0.0,경상북도,봉화군,145265282.98775104
경상북도상주시,2022,0.0,162230635.30388868,-0.2313154030805432,0.0093560949240249,1.0,경상북도,상주시,162230635.30388868
경상북도성주군,2022,0.0,205299545.15838915,0.0588389456934739,0.0773313429363234,1.0,경상북도,성주군,205299545.15838915
경상북도안동시,2022,0.0,244652904.77016243,0.4439165498923427,0.1516045841318941,1.0,경상북도,안동시,244652904.77016243
경상북도영덕군,2022,0.0,268668156.7623397,0.5235740784531443,0.0281986543586787,1.0,경상북도,영덕군,268668156.7623397
경상북도영양군,2022,0.0,253071445.63945287,0.4031761166780803,0.0,0.0,경상북도,영양군,253071445.63945287
경상북도영주시,2022,0.0,172117475.68921104,-0.1960511434539427,0.0120273802127184,1.0,경상북도,영주시,172117475.68921104
경상북도영천시,2022,283343000.0,222074827.35028958,0.1746273120032702,0.0084640784121294,1.0,경상북도,영천시,-61268172.64971042
경상북도예천군,2022,112307170.0,151079751.69136983,-0.3220532395077594,0.000899595242836,1.0,경상북도,예천군,38772581.69136983
경상북도울릉군,2022,0.0,188670963.7436382,-0.096906664133191,0.0,0.0,경상북도,울릉군,188670963.7436382
경상북도울진군,2022,220182758.0,303439864.31140804,0.8589772012370523,0.0,0.0,경상북도,울진군,83257106.31140804
경상북도의성군,2022,0.0,239439257.24234053,0.3669280161979376,0.0069756137364252,1.0,경상북도,의성군,239439257.24234053
경상북도청도군,2022,127060000.0,262778393.71166462,0.4866613607133036,0.0314017631395316,1.0,경상북도,청도군,135718393.71166462
경상북도청송군,2022,0.0,215440032.93161535,0.164875220951451,0.0,0.0,경상북도,청송군,215440032.93161535
경상북도칠곡군,2022,160890000.0,235065117.12086275,0.3412542432208214,0.0540145883062382,1.0,경상북도,칠곡군,74175117.12086275
경상북도포항시,2022,0.0,270934241.398253,0.5481399404214464,0.1965531390406789,1.0,경상북도,포항시,270934241.398253
광주광역시광산구,2022,145000000.0,217212335.39775762,0.0740373340407115,0.0337248694016208,1.0,광주광역시,광산구,72212335.39775762
광주광역시남구,2022,3000000.0,219506174.9237339,0.0877759204160135,0.0001999800026662,1.0,광주광역시,남구,216506174.9237339
광주광역시동구,2022,0.0,266406971.57589844,0.4248367899044371,0.0,0.0,광주광역시,동구,266406971.57589844
광주광역시북구,2022,0.0,222492048.79540363,0.1056593362466102,0.0,0.0,광주광역시,북구,222492048.79540363
광주광역시서구,2022,3000000.0,179542596.14967844,-0.1515795674618353,0.0003999200213269,1.0,광주광역시,서구,176542596.14967844
대구광역시남구,2022,0.0,201851816.68991497,0.1303423146034036,0.0,0.0,대구광역시,남구,201851816.68991497
대구광역시달서구,2022,31072000.0,212259700.1986727,0.2193775686869616,0.0431552703139276,1.0,대구광역시,달서구,181187700.1986727
대구광역시달성군,2022,1568578050.0,284135104.63224053,0.793045634011551,0.1612681475961222,1.0,대구광역시,달성군,-1284442945.3677595
대구광역시동구,2022,0.0,258781517.69253552,0.6025426297272856,0.0346912397899303,1.0,대구광역시,동구,258781517.69253552
대구광역시북구,2022,99112600.0,231517464.19574386,0.3687824148849394,0.308219723669329,1.0,대구광역시,북구,132404864.19574386
대구광역시서구,2022,22575000.0,151331961.36768466,-0.2856630519997874,0.0159717695096986,1.0,대구광역시,서구,128756961.36768466
대구광역시수성구,2022,6217000.0,230811353.8683736,0.3854128142445945,0.0,0.0,대구광역시,수성구,224594353.8683736
대전광역시대덕구,2022,1276000.0,141952134.00767142,-0.3193031163808635,0.0,0.0,대전광역시,대덕구,140676134.00767142
대전광역시동구,2022,0.0,134749082.74130616,-0.3484082294599211,0.0,0.0,대전광역시,동구,134749082.74130616
대전광역시서구,2022,1024000.0,154951116.01604694,-0.1922862761257304,0.0,0.0,대전광역시,서구,153927116.01604694
대전광역시유성구,2022,42387000.0,173438367.81363583,-0.0988581294769244,0.0005998200719676,1.0,대전광역시,유성구,131051367.81363583
대전광역시중구,2022,0.0,133853696.82058479,-0.3583299814096323,0.0,0.0,대전광역시,중구,133853696.82058479
부산광역시강서구,2022,17950000.0,260464137.940002,0.3330871142825206,0.0089597413714719,1.0,부산광역시,강서구,242514137.940002
부산광역시금정구,2022,52123000.0,393769856.0699239,1.1854238052582693,0.0175451792157488,1.0,부산광역시,금정구,341646856.0699239
부산광역시기장군,2022,203925000.0,382078788.1761461,1.095303437260753,0.1299750764217454,1.0,부산광역시,기장군,178153788.1761461
부산광역시남구,2022,35183000.0,342564213.1621569,0.824812434247222,0.0,0.0,부산광역시,남구,307381213.1621569
부산광역시동구,2022,651000.0,249662996.7174212,0.2683953998195817,0.0,0.0,부산광역시,동구,249011996.7174212
부산광역시동래구,2022,5060000.0,297453665.03483707,0.5546299934678799,0.0,0.0,부산광역시,동래구,292393665.03483707
부산광역시부산진구,2022,5923000.0,229739743.1416052,0.4009149290052951,0.0130149370774946,1.0,부산광역시,부산진구,223816743.1416052
부산광역시북구,2022,3970000.0,322282887.53023666,0.7033406656930681,0.0047885167317971,1.0,부산광역시,북구,318312887.53023666
부산광역시사상구,2022,5386000.0,223818933.2095411,0.4694887601366779,0.0010993954433009,1.0,부산광역시,사상구,218432933.2095411
부산광역시사하구,2022,7661000.0,287846325.1939632,0.4970883621785034,0.0,0.0,부산광역시,사하구,280185325.1939632
부산광역시서구,2022,830000.0,247394585.962048,0.2548091150143725,0.0070749136719618,1.0,부산광역시,서구,246564585.962048
부산광역시수영구,2022,4912000.0,263937096.24704066,0.3538878447341272,0.0143958802837323,1.0,부산광역시,수영구,259025096.24704066
부산광역시연제구,2022,0.0,259259899.79067194,0.3258745217521155,0.00329456694943,1.0,부산광역시,연제구,259259899.79067194
부산광역시영도구,2022,114191000.0,317728636.98348683,0.6760637076483857,0.0545828777702917,1.0,부산광역시,영도구,203537636.98348683
부산광역시중구,2022,0.0,127052466.57576269,-0.4659608355651962,0.0,0.0,부산광역시,중구,127052466.57576269
부산광역시해운대구,2022,6435000.0,403503568.2625977,1.189798992470504,0.00329456694943,1.0,부산광역시,해운대구,397068568.2625977
서울특별시강남구,2022,0.0,144229685.9548548,-0.0804574218181282,0.0,0.0,서울특별시,강남구,144229685.9548548
서울특별시강동구,2022,0.0,169833602.64205462,0.1173148138151649,0.0,0.0,서울특별시,강동구,169833602.64205462
서울특별시강북구,2022,0.0,144151400.37172717,-0.0815163291736273,0.0,0.0,서울특별시,강북구,144151400.37172717
서울특별시강서구,2022,0.0,152821813.8598742,-0.0142016739715888,0.0,0.0,서울특별시,강서구,152821813.8598742
서울특별시관악구,2022,0.0,223577627.53195602,0.5321330578890381,0.0,0.0,서울특별시,관악구,223577627.53195602
서울특별시광진구,2022,0.0,182788089.31490707,0.2170907833393358,0.0,0.0,서울특별시,광진구,182788089.31490707
서울특별시구로구,2022,0.0,143843434.6772828,-0.1403481789423767,0.0,0.0,서울특별시,구로구,143843434.6772828
서울특별시금천구,2022,0.0,172929828.16775092,0.1412518435150445,0.0,0.0,서울특별시,금천구,172929828.16775092
서울특별시노원구,2022,0.0,205585930.7498776,0.3930627313567402,0.0,0.0,서울특별시,노원구,205585930.7498776
서울특별시도봉구,2022,4874000.0,106037737.0394898,-0.3755252572758423,0.0,0.0,서울특별시,도봉구,101163737.0394898
서울특별시동대문구,2022,0.0,151040737.2451334,-0.0277402803540715,0.0,0.0,서울특별시,동대문구,151040737.2451334
서울특별시동작구,2022,0.0,161251896.99076778,0.0510755773982723,0.0,0.0,서울특별시,동작구,161251896.99076778
서울특별시마포구,2022,0.0,144998402.86576775,-0.074385866325936,0.0,0.0,서울특별시,마포구,144998402.86576775
서울특별시서대문구,2022,0.0,215511117.33680093,0.4700378758377397,0.0,0.0,서울특별시,서대문구,215511117.33680093
서울특별시서초구,2022,0.0,168168381.62164477,0.1042026601701404,0.0,0.0,서울특별시,서초구,168168381.62164477
서울특별시성동구,2022,0.0,122327087.34982789,-0.2493623136210097,0.0,0.0,서울특별시,성동구,122327087.34982789
서울특별시성북구,2022,0.0,204901912.79315642,0.3879578787341787,0.0,0.0,서울특별시,성북구,204901912.79315642
서울특별시송파구,2022,0.0,137719940.7849284,-0.1303063871440615,0.0,0.0,서울특별시,송파구,137719940.7849284
서울특별시양천구,2022,0.0,146204935.70466208,-0.0650847059778664,0.0,0.0,서울특별시,양천구,146204935.70466208
서울특별시용산구,2022,0.0,204004555.96262732,0.3811090279197348,0.0,0.0,서울특별시,용산구,204004555.96262732
서울특별시은평구,2022,0.0,202698554.3263165,0.3708201389214305,0.0,0.0,서울특별시,은평구,202698554.3263165
서울특별시종로구,2022,0.0,233146242.3387479,0.6061496466128059,0.0,0.0,서울특별시,종로구,233146242.3387479
서울특별시중구,2022,0.0,139956739.39671025,-0.1132825018866666,0.0,0.0,서울특별시,중구,139956739.39671025
서울특별시중랑구,2022,0.0,187645382.86178973,0.2547317474403407,0.0,0.0,서울특별시,중랑구,187645382.86178973
울산광역시남구,2022,8029000.0,229121139.1621519,0.1721528213899882,0.0065783153601225,1.0,울산광역시,남구,221092139.1621519
울산광역시동구,2022,74589000.0,312747049.2672346,0.8175859379316252,0.2684992530350069,1.0,울산광역시,동구,238158049.26723462
울산광역시북구,2022,631887000.0,294597993.5692547,0.6770370670452729,0.5124642804344992,1.0,울산광역시,북구,-337289006.4307453
울산광역시울주군,2022,2390645000.0,364500098.4191115,0.6008338486832849,0.2401973058800373,1.0,울산광역시,울주군,-2026144901.5808885
울산광역시중구,2022,677004290.0,317657907.54833925,0.8555738714903196,0.4641113035408978,1.0,울산광역시,중구,-359346382.45166075
인천광역시강화군,2022,6035000.0,61455245.64627855,-0.965937090735227,0.0,0.0,인천광역시,강화군,55420245.64627855
인천광역시계양구,2022,2514000.0,96679303.5882073,-0.4892179407666657,0.0,0.0,인천광역시,계양구,94165303.5882073
인천광역시남동구,2022,2514000.0,148224442.57625446,-0.090963351466786,0.0,0.0,인천광역시,남동구,145710442.57625446
인천광역시미추홀구,2022,0.0,119609309.2092264,-0.3113962028477711,0.0,0.0,인천광역시,미추홀구,119609309.2092264
인천광역시부평구,2022,0.0,139965228.1641369,-0.1546783245561106,0.0,0.0,인천광역시,부평구,139965228.1641369
인천광역시서구,2022,1509000.0,82289232.19963756,-0.6154899665990701,0.0,0.0,인천광역시,서구,80780232.19963756
인천광역시연수구,2022,2514000.0,136016470.17150563,-0.1847599642197493,0.0,0.0,인천광역시,연수구,133502470.17150563
인천광역시옹진군,2022,0.0,238943863.09257016,0.6178489942038454,0.0,0.0,인천광역시,옹진군,238943863.09257016
인천광역시중구,2022,2514000.0,177179817.740276,0.132686843783228,0.0,0.0,인천광역시,중구,174665817.740276
전라남도강진군,2022,0.0,164931311.42932433,-0.2390915293543217,0.0,0.0,전라남도,강진군,164931311.42932433
전라남도고흥군,2022,58055000.0,240314911.25677985,0.2124065313349542,9.999500033330834e-05,1.0,전라남도,고흥군,182259911.25677985
전라남도곡성군,2022,4950000.0,238023507.16107473,0.1986825315812369,0.0,0.0,전라남도,곡성군,233073507.16107473
전라남도광양시,2022,714008440.0,248754960.26781207,0.2629568601773768,0.0644760191843648,1.0,전라남도,광양시,-465253479.7321879
전라남도구례군,2022,0.0,196956791.8474023,-0.047280016843635,0.0016985566355814,1.0,전라남도,구례군,196956791.8474023
전라남도나주시,2022,0.0,152438629.1237589,-0.3139144596293458,9.999500033330834e-05,1.0,전라남도,나주시,152438629.1237589
전라남도담양군,2022,0.0,195106997.8765437,-0.0583590631140307,0.0002999550089979,1.0,전라남도,담양군,195106997.8765437
전라남도목포시,2022,0.0,139689070.39664012,-0.3902759103044782,0.0,0.0,전라남도,목포시,139689070.39664012
전라남도무안군,2022,1029220.0,199413896.7655393,-0.0325635784142129,0.0,0.0,전라남도,무안군,198384676.7655393
전라남도보성군,2022,435000000.0,183679236.59043,-0.1268038186113813,9.999500033330834e-05,1.0,전라남도,보성군,-251320763.40957
전라남도순천시,2022,427842000.0,193124243.46643004,-0.0702344547514484,0.0867280035098241,1.0,전라남도,순천시,-234717756.53356996
전라남도신안군,2022,0.0,265982638.95913243,0.4547839093310027,0.0,0.0,전라남도,신안군,265982638.95913243
전라남도여수시,2022,1146158000.0,326171471.61391056,0.7266307205143355,0.2273745878420257,1.0,전라남도,여수시,-819986528.3860894
전라남도영광군,2022,0.0,226039284.10703266,0.1269049369830412,0.0,0.0,전라남도,영광군,226039284.10703266
전라남도영암군,2022,0.0,156025187.36501443,-0.2924333404710346,0.0,0.0,전라남도,영암군,156025187.36501443
전라남도완도군,2022,0.0,341486615.04879147,0.8183583320353286,0.0,0.0,전라남도,완도군,341486615.04879147
전라남도장성군,2022,206881000.0,154732591.29438987,-0.3001751386934249,0.0096532570281383,1.0,전라남도,장성군,-52148408.705610126
전라남도장흥군,2022,0.0,117071610.34122142,-0.5257395837840176,0.0,0.0,전라남도,장흥군,117071610.34122142
전라남도진도군,2022,0.0,230128299.63283378,0.1513954439932299,0.0,0.0,전라남도,진도군,230128299.63283378
전라남도함평군,2022,0.0,169749134.1492174,-0.2102359477721826,9.999500033330834e-05,1.0,전라남도,함평군,169749134.1492174
전라남도해남군,2022,0.0,181519989.01850146,-0.1397362879217513,0.0,0.0,전라남도,해남군,181519989.01850146
전라남도화순군,2022,0.0,234210646.53373662,0.1758460103370676,9.999500033330834e-05,1.0,전라남도,화순군,234210646.53373662
전북특별자치도고창군,2022,0.0,180681401.0281027,-0.144758877082377,0.0,0.0,전북특별자치도,고창군,180681401.0281027
전북특별자치도군산시,2022,232022000.0,91017339.33217125,-0.6817874889011012,0.0363319292473902,1.0,전북특별자치도,군산시,-141004660.66782874
전북특별자치도김제시,2022,29498000.0,101893095.85206822,-0.6166488780029545,0.0007996801705643,1.0,전북특별자치도,김제시,72395095.85206822
전북특별자치도남원시,2022,32395000.0,224400877.5530615,0.117091961966834,9.999500033330834e-05,1.0,전북특별자치도,남원시,192005877.5530615
전북특별자치도무주군,2022,0.0,129586170.93907167,-0.4507856169631081,0.0,0.0,전북특별자치도,무주군,129586170.93907167
전북특별자치도부안군,2022,10649000.0,218898600.50424322,0.0841369502321499,0.0,0.0,전북특별자치도,부안군,208249600.50424322
전북특별자치도순창군,2022,92875000.0,224631779.3234766,0.118474911332356,0.0069756137364252,1.0,전북특별자치도,순창군,131756779.32347661
전북특별자치도완주군,2022,17427000.0,139713577.70780042,-0.390129127668906,0.0,0.0,전북특별자치도,완주군,122286577.70780042
전북특별자치도익산시,2022,22633000.0,80241957.92637584,-0.746324919045582,0.0005998200719676,1.0,전북특별자치도,익산시,57608957.926375836
전북특별자치도임실군,2022,92875000.0,137892515.0985402,-0.4010360920266269,0.0021975835434872,1.0,전북특별자치도,임실군,45017515.09854019
전북특별자치도장수군,2022,0.0,92354097.09046054,-0.6737811912864954,0.0,0.0,전북특별자치도,장수군,92354097.09046054
전북특별자치도전주시,2022,99213000.0,61455245.64627855,-1.0840912110204337,0.0002999550089979,1.0,전북특별자치도,전주시,-37757754.35372145
전북특별자치도정읍시,2022,27882000.0,195665792.62700948,-0.05501225098598,9.999500033330834e-05,1.0,전북특별자치도,정읍시,167783792.62700948
전북특별자치도진안군,2022,0.0,61455245.64627855,-0.950974380106303,0.0,0.0,전북특별자치도,진안군,61455245.64627855
충청남도계룡시,2022,17486000.0,143128818.8950455,-0.2844583415000577,0.0,0.0,충청남도,계룡시,125642818.89504549
충청남도공주시,2022,21687550.0,125147727.1670699,-0.4773689687813287,0.0001999800026662,1.0,충청남도,공주시,103460177.1670699
충청남도금산군,2022,159759000.0,105956633.75609176,-0.5923109651491855,0.0,0.0,충청남도,금산군,-53802366.24390824
충청남도논산시,2022,129903000.0,97937288.6580355,-0.6094794852458155,0.0,0.0,충청남도,논산시,-31965711.3419645
충청남도당진시,2022,206929000.0,132859389.88805728,-0.3786618442489529,0.0,0.0,충청남도,당진시,-74069610.11194272
충청남도보령시,2022,51175000.0,188077467.872696,0.1053587189757583,0.0029955089797984,1.0,충청남도,보령시,136902467.872696
충청남도부여군,2022,848447000.0,114951579.56559369,-0.4808844056842503,0.0002999550089979,1.0,충청남도,부여군,-733495420.4344063
충청남도서산시,2022,188117000.0,204174409.90732932,0.1918631324819027,0.0046889894861315,1.0,충청남도,서산시,16057409.90732932
충청남도서천군,2022,549758000.0,173767362.5843793,-0.164149817013025,0.004987541511039,1.0,충청남도,서천군,-375990637.4156207
충청남도아산시,2022,4929000.0,71022445.85740626,-0.8015437176857217,0.0,0.0,충청남도,아산시,66093445.85740626
충청남도예산군,2022,439409000.0,141551077.54827592,-0.3395959407385095,0.0005998200719676,1.0,충청남도,예산군,-297857922.45172405
충청남도천안시,2022,4929000.0,61455245.64627855,-1.0164655046493656,0.0,0.0,충청남도,천안시,56526245.64627855
충청남도청양군,2022,784320000.0,157828903.9788212,-0.1354854778436629,0.0046889894861315,1.0,충청남도,청양군,-626491096.0211788
충청남도태안군,2022,677025000.0,236811196.5895412,0.3927062842262598,0.0069756137364252,1.0,충청남도,태안군,-440213803.4104588
충청남도홍성군,2022,0.0,178725107.94253042,-0.0415304273029711,0.0002999550089979,1.0,충청남도,홍성군,178725107.94253042
충청북도괴산군,2022,0.0,177722351.59166348,-0.0688428547994653,0.0,0.0,충청북도,괴산군,177722351.59166348
충청북도단양군,2022,22462000.0,210438851.6583055,0.0995953182005105,0.0003999200213269,1.0,충청북도,단양군,187976851.6583055
충청북도보은군,2022,0.0,125796176.07007878,-0.4734851873907514,0.0,0.0,충청북도,보은군,125796176.07007878
충청북도영동군,2022,8873000.0,78801410.46948549,-0.7549528485236855,0.0,0.0,충청북도,영동군,69928410.46948549
충청북도옥천군,2022,0.0,61455245.64627855,-1.0151381756321172,0.0,0.0,충청북도,옥천군,61455245.64627855
충청북도음성군,2022,0.0,112230197.72455435,-0.5547364532944288,0.0,0.0,충청북도,음성군,112230197.72455435
충청북도제천시,2022,0.0,138370745.79733193,-0.2607449320366413,0.000499875041651,1.0,충청북도,제천시,138370745.79733193
충청북도증평군,2022,0.0,115263685.42922404,-0.5365678619971436,0.0,0.0,충청북도,증평군,115263685.42922404
충청북도진천군,2022,2464000.0,70129883.77207565,-0.8068895760885301,0.0,0.0,충청북도,진천군,67665883.77207565
충청북도청주시,2022,8873000.0,129994892.60925747,-0.4483376436390303,0.0,0.0,충청북도,청주시,121121892.60925747
충청북도충주시,2022,40895000.0,105016449.79926966,-0.5979420471639468,0.0,0.0,충청북도,충주시,64121449.79926966
