연도,시도,시군구,log_피해밀도_본per_ha,log_인접시군_피해밀도_본per_ha,연속발생연수,집단발생여부,소나무류_면적비율(%),최근감염목과의_거리_km,데이터유형,인접시군_산정방식,임상도_기준판
2016,강원도,강릉시,0.0,0.0020977980821461,0,0,26.6329,242.11,추정(시군구 평균비중 x 국가총량),SGIS실제인접,2019년판(2015~2019)
2017,강원도,강릉시,0.0,0.0001999800026662,0,0,26.6329,517.1,실측(원자료 기반),SGIS실제인접,2019년판(2015~2019)
2018,강원도,강릉시,0.0,0.0002999550089979,0,0,26.6329,517.1,실측(원자료 기반),SGIS실제인접,2019년판(2015~2019)
2019,강원도,강릉시,0.0,0.000499875041651,0,0,26.6329,242.11,실측(원자료 기반),SGIS실제인접,2019년판(2015~2019)
2020,강원도,강릉시,0.0,0.0013990209137073,0,0,26.7717,242.11,실측(원자료 기반),SGIS실제인접,2024년판(2020~2024)
2021,강원도,강릉시,0.0,0.000499875041651,0,0,26.7717,125.35,실측(원자료 기반),SGIS실제인접,2024년판(2020~2024)
2022,강원도,강릉시,0.0,0.0005998200719676,0,0,26.7717,245.3,실측(원자료 기반),centroid근접(대체),2024년판(2020~2024)
2023,강원도,강릉시,0.0,0.001598721363697,0,0,26.7717,242.11,추정(시군구 평균비중 x 국가총량),SGIS실제인접,2024년판(2020~2024)
2016,강원도,고성군,0.0,0.0,0,0,4.7633,321.87,추정(시군구 평균비중 x 국가총량),SGIS실제인접,2019년판(2015~2019)
2017,강원도,고성군,0.0,0.0,0,0,4.7633,572.68,실측(원자료 기반),SGIS실제인접,2019년판(2015~2019)
2018,강원도,고성군,0.0,0.0,0,0,4.7633,572.68,실측(원자료 기반),SGIS실제인접,2019년판(2015~2019)
2019,강원도,고성군,0.0,0.0,0,0,4.7633,321.87,실측(원자료 기반),SGIS실제인접,2019년판(2015~2019)
2020,강원도,고성군,0.0,0.0,0,0,7.5806,321.87,실측(원자료 기반),SGIS실제인접,2024년판(2020~2024)
2021,강원도,고성군,0.0,0.0,0,0,7.5806,202.2,실측(원자료 기반),SGIS실제인접,2024년판(2020~2024)
2022,강원도,고성군,0.0,0.0,0,0,7.5806,321.26,실측(원자료 기반),centroid근접(대체),2024년판(2020~2024)
2023,강원도,고성군,0.0,0.0,0,0,7.5806,321.87,추정(시군구 평균비중 x 국가총량),SGIS실제인접,2024년판(2020~2024)
2016,강원도,동해시,0.0009995003330835,0.0002999550089979,1,0,25.8767,217.89,추정(시군구 평균비중 x 국가총량),SGIS실제인접,2019년판(2015~2019)
2017,강원도,동해시,0.0,9.999500033330834e-05,0,0,25.8767,505.61,실측(원자료 기반),SGIS실제인접,2019년판(2015~2019)
2018,강원도,동해시,0.0,9.999500033330834e-05,0,0,25.8767,505.61,실측(원자료 기반),SGIS실제인접,2019년판(2015~2019)
2019,강원도,동해시,0.0,0.0001999800026662,0,0,25.8767,217.89,실측(원자료 기반),SGIS실제인접,2019년판(2015~2019)
2020,강원도,동해시,0.0,9.999500033330834e-05,0,0,23.4842,217.89,실측(원자료 기반),SGIS실제인접,2024년판(2020~2024)
2021,강원도,동해시,0.0,0.0,0,0,23.4842,105.7,실측(원자료 기반),SGIS실제인접,2024년판(2020~2024)
2022,강원도,동해시,0.0016985566355814,0.0,1,0,23.4842,224.1,실측(원자료 기반),centroid근접(대체),2024년판(2020~2024)
2023,강원도,동해시,0.0007996801705643,0.0001999800026662,2,0,23.4842,217.89,추정(시군구 평균비중 x 국가총량),SGIS실제인접,2024년판(2020~2024)
2016,강원도,삼척시,0.0,0.0003999200213269,1,0,34.5741,192.2,추정(시군구 평균비중 x 국가총량),SGIS실제인접,2019년판(2015~2019)
2017,강원도,삼척시,0.0,9.999500033330834e-05,0,0,34.5741,486.11,실측(원자료 기반),SGIS실제인접,2019년판(2015~2019)
2018,강원도,삼척시,0.0,9.999500033330834e-05,0,0,34.5741,486.11,실측(원자료 기반),SGIS실제인접,2019년판(2015~2019)
2019,강원도,삼척시,0.0,9.999500033330834e-05,0,0,34.5741,192.2,실측(원자료 기반),SGIS실제인접,2019년판(2015~2019)
2020,강원도,삼척시,0.0,9.999500033330834e-05,0,0,33.8132,192.2,실측(원자료 기반),SGIS실제인접,2024년판(2020~2024)
2021,강원도,삼척시,0.0,0.0,1,0,33.8132,83.15,실측(원자료 기반),SGIS실제인접,2024년판(2020~2024)
2022,강원도,삼척시,0.0,0.0005998200719676,0,0,33.8132,199.61,실측(원자료 기반),centroid근접(대체),2024년판(2020~2024)
2023,강원도,삼척시,0.0,0.0002999550089979,1,0,33.8132,192.2,추정(시군구 평균비중 x 국가총량),SGIS실제인접,2024년판(2020~2024)
2016,강원도,속초시,0.0,0.0,0,0,17.7048,297.83,추정(시군구 평균비중 x 국가총량),SGIS실제인접,2019년판(2015~2019)
2017,강원도,속초시,0.0,0.0,0,0,17.7048,554.87,실측(원자료 기반),SGIS실제인접,2019년판(2015~2019)
2018,강원도,속초시,0.0,0.0,0,0,17.7048,554.87,실측(원자료 기반),SGIS실제인접,2019년판(2015~2019)
2019,강원도,속초시,0.0,0.0,0,0,17.7048,297.83,실측(원자료 기반),SGIS실제인접,2019년판(2015~2019)
2020,강원도,속초시,0.0,0.0,0,0,18.2577,297.83,실측(원자료 기반),SGIS실제인접,2024년판(2020~2024)
2021,강원도,속초시,0.0,0.0,0,0,18.2577,178.56,실측(원자료 기반),SGIS실제인접,2024년판(2020~2024)
2022,강원도,속초시,0.0,0.0,0,0,18.2577,298.04,실측(원자료 기반),centroid근접(대체),2024년판(2020~2024)
2023,강원도,속초시,0.0,0.0,0,0,18.2577,297.83,추정(시군구 평균비중 x 국가총량),SGIS실제인접,2024년판(2020~2024)
2016,강원도,양구군,0.0,0.0373921192170626,0,0,2.0902,310.58,추정(시군구 평균비중 x 국가총량),SGIS실제인접,2019년판(2015~2019)
2017,강원도,양구군,0.0,0.00329456694943,0,0,2.0902,541.72,실측(원자료 기반),SGIS실제인접,2019년판(2015~2019)
2018,강원도,양구군,0.0,0.0014988761237358,0,0,2.0902,541.72,실측(원자료 기반),SGIS실제인접,2019년판(2015~2019)
2019,강원도,양구군,0.0,0.0031948908965191,0,0,2.0902,310.58,실측(원자료 기반),SGIS실제인접,2019년판(2015~2019)
2020,강원도,양구군,0.0,0.0258626595257273,0,0,13.3106,310.58,실측(원자료 기반),SGIS실제인접,2024년판(2020~2024)
2021,강원도,양구군,0.0,0.0137056470561119,0,0,13.3106,190.21,실측(원자료 기반),SGIS실제인접,2024년판(2020~2024)
2022,강원도,양구군,0.0,0.0200967016991224,0,0,13.3106,305.46,실측(원자료 기반),centroid근접(대체),2024년판(2020~2024)
2023,강원도,양구군,0.0,0.0283930745012178,0,0,13.3106,310.58,추정(시군구 평균비중 x 국가총량),SGIS실제인접,2024년판(2020~2024)
2016,강원도,양양군,0.0,0.0021975835434872,1,0,23.6764,277.86,추정(시군구 평균비중 x 국가총량),SGIS실제인접,2019년판(2015~2019)
2017,강원도,양양군,0.0,0.0001999800026662,2,0,23.6764,539.3,실측(원자료 기반),SGIS실제인접,2019년판(2015~2019)
2018,강원도,양양군,0.0,0.0002999550089979,0,0,23.6764,539.3,실측(원자료 기반),SGIS실제인접,2019년판(2015~2019)
2019,강원도,양양군,0.0,0.000499875041651,0,0,23.6764,277.86,실측(원자료 기반),SGIS실제인접,2019년판(2015~2019)
2020,강원도,양양군,0.0,0.001598721363697,0,0,23.5334,277.86,실측(원자료 기반),SGIS실제인접,2024년판(2020~2024)
2021,강원도,양양군,0.0,0.0005998200719676,0,0,23.5334,158.88,실측(원자료 기반),SGIS실제인접,2024년판(2020~2024)
2022,강원도,양양군,0.0,0.0,0,0,23.5334,278.58,실측(원자료 기반),centroid근접(대체),2024년판(2020~2024)
2023,강원도,양양군,0.0,0.001598721363697,1,0,23.5334,277.86,추정(시군구 평균비중 x 국가총량),SGIS실제인접,2024년판(2020~2024)
2016,강원도,영월군,0.0,0.0025966258472659,0,0,22.9076,194.0,추정(시군구 평균비중 x 국가총량),SGIS실제인접,2019년판(2015~2019)
2017,강원도,영월군,0.0,0.0002999550089979,0,0,22.9076,453.93,실측(원자료 기반),SGIS실제인접,2019년판(2015~2019)
2018,강원도,영월군,0.0,9.999500033330834e-05,0,0,22.9076,453.93,실측(원자료 기반),SGIS실제인접,2019년판(2015~2019)
2019,강원도,영월군,0.0,0.0003999200213269,0,0,22.9076,194.0,실측(원자료 기반),SGIS실제인접,2019년판(2015~2019)
2020,강원도,영월군,0.0,0.000499875041651,0,0,23.0008,194.0,실측(원자료 기반),SGIS실제인접,2024년판(2020~2024)
2021,강원도,영월군,0.0,0.0007996801705643,0,0,23.0008,73.55,실측(원자료 기반),SGIS실제인접,2024년판(2020~2024)
2022,강원도,영월군,0.0,0.0002999550089979,0,0,23.0008,190.97,실측(원자료 기반),centroid근접(대체),2024년판(2020~2024)
2023,강원도,영월군,0.0,0.001998002662673,0,0,23.0008,194.0,추정(시군구 평균비중 x 국가총량),SGIS실제인접,2024년판(2020~2024)
2016,강원도,원주시,0.0074720148387009,0.0450689633675781,1,0,12.0955,225.7,추정(시군구 평균비중 x 국가총량),SGIS실제인접,2019년판(2015~2019)
2017,강원도,원주시,0.000499875041651,0.0029955089797984,2,0,12.0955,447.12,실측(원자료 기반),SGIS실제인접,2019년판(2015~2019)
2018,강원도,원주시,0.0002999550089979,0.0025966258472659,3,0,12.0955,447.12,실측(원자료 기반),SGIS실제인접,2019년판(2015~2019)
2019,강원도,원주시,0.001598721363697,0.0072734839664983,4,1,12.0955,225.7,실측(원자료 기반),SGIS실제인접,2019년판(2015~2019)
2020,강원도,원주시,0.0023971245997214,0.011533235813673,5,1,12.1504,225.7,실측(원자료 기반),SGIS실제인접,2024년판(2020~2024)
2021,강원도,원주시,0.0025966258472659,0.0160701801774944,6,1,12.1504,110.72,실측(원자료 기반),SGIS실제인접,2024년판(2020~2024)
2022,강원도,원주시,0.004987541511039,0.0010993954433009,7,0,12.1504,215.06,실측(원자료 기반),centroid근접(대체),2024년판(2020~2024)
2023,강원도,원주시,0.0055843782939006,0.034208171329737,8,0,12.1504,225.7,추정(시군구 평균비중 x 국가총량),SGIS실제인접,2024년판(2020~2024)
2016,강원도,인제군,0.0,0.0264471700148482,1,0,16.9344,291.8,추정(시군구 평균비중 x 국가총량),SGIS실제인접,2019년판(2015~2019)
2017,강원도,인제군,0.0,0.0022973590486834,0,0,16.9344,536.44,실측(원자료 기반),SGIS실제인접,2019년판(2015~2019)
2018,강원도,인제군,0.0,0.001199280575482,1,0,16.9344,536.44,실측(원자료 기반),SGIS실제인접,2019년판(2015~2019)
2019,강원도,인제군,0.0,0.0024968801985871,2,0,16.9344,291.8,실측(원자료 기반),SGIS실제인접,2019년판(2015~2019)
2020,강원도,인제군,0.0,0.0184291354683671,3,0,17.7092,291.8,실측(원자료 기반),SGIS실제인접,2024년판(2020~2024)
2021,강원도,인제군,0.0,0.0095542128048116,0,0,17.7092,171.39,실측(원자료 기반),SGIS실제인접,2024년판(2020~2024)
2022,강원도,인제군,0.0,0.0,0,0,17.7092,288.99,실측(원자료 기반),centroid근접(대체),2024년판(2020~2024)
2023,강원도,인제군,0.0,0.0200967016991224,1,0,17.7092,291.8,추정(시군구 평균비중 x 국가총량),SGIS실제인접,2024년판(2020~2024)
2016,강원도,정선군,0.0007996801705643,0.0001999800026662,1,0,21.0709,207.27,추정(시군구 평균비중 x 국가총량),SGIS실제인접,2019년판(2015~2019)
2017,강원도,정선군,0.0003999200213269,0.0,2,0,21.0709,480.36,실측(원자료 기반),SGIS실제인접,2019년판(2015~2019)
2018,강원도,정선군,0.0002999550089979,0.0,3,0,21.0709,480.36,실측(원자료 기반),SGIS실제인접,2019년판(2015~2019)
2019,강원도,정선군,0.0005998200719676,0.0,4,0,21.0709,207.27,실측(원자료 기반),SGIS실제인접,2019년판(2015~2019)
2020,강원도,정선군,0.0002999550089979,0.0,5,0,20.8502,207.27,실측(원자료 기반),SGIS실제인접,2024년판(2020~2024)
2021,강원도,정선군,9.999500033330834e-05,0.0,6,0,20.8502,88.66,실측(원자료 기반),SGIS실제인접,2024년판(2020~2024)
2022,강원도,정선군,9.999500033330834e-05,0.0,7,0,20.8502,208.64,실측(원자료 기반),centroid근접(대체),2024년판(2020~2024)
2023,강원도,정선군,0.0005998200719676,9.999500033330834e-05,8,0,20.8502,207.27,추정(시군구 평균비중 x 국가총량),SGIS실제인접,2024년판(2020~2024)
2016,강원도,철원군,0.0,0.0539198419894304,0,0,0.1956,338.48,추정(시군구 평균비중 x 국가총량),SGIS실제인접,2019년판(2015~2019)
2017,강원도,철원군,0.0,0.0194103935198233,0,0,0.1956,538.42,실측(원자료 기반),SGIS실제인접,2019년판(2015~2019)
2018,강원도,철원군,0.0,0.0167587838149547,0,0,0.1956,538.42,실측(원자료 기반),SGIS실제인접,2019년판(2015~2019)
2019,강원도,철원군,0.0,0.0157749191153622,0,0,0.1956,338.48,실측(원자료 기반),SGIS실제인접,2019년판(2015~2019)
2020,강원도,철원군,0.0,0.0257652078860264,0,0,0.978,338.48,실측(원자료 기반),SGIS실제인접,2024년판(2020~2024)
2021,강원도,철원군,0.0,0.0076705063042197,0,0,0.978,220.66,실측(원자료 기반),SGIS실제인접,2024년판(2020~2024)
2022,강원도,철원군,0.0,0.0341115296287678,0,0,0.978,328.32,실측(원자료 기반),centroid근접(대체),2024년판(2020~2024)
2023,강원도,철원군,0.0,0.0410459694360009,0,0,0.978,338.48,추정(시군구 평균비중 x 국가총량),SGIS실제인접,2024년판(2020~2024)
2016,강원도,춘천시,0.1418467242282363,0.004489905272852,1,0,15.369,290.4,추정(시군구 평균비중 x 국가총량),SGIS실제인접,2019년판(2015~2019)
2017,강원도,춘천시,0.0129162252665463,0.0013990209137073,2,1,15.369,505.2,실측(원자료 기반),SGIS실제인접,2019년판(2015~2019)
2018,강원도,춘천시,0.0058826631581554,0.0003999200213269,3,0,15.369,505.2,실측(원자료 기반),SGIS실제인접,2019년판(2015~2019)
2019,강원도,춘천시,0.0127187724077746,0.0006997551142733,4,0,15.369,290.4,실측(원자료 기반),SGIS실제인접,2019년판(2015~2019)
2020,강원도,춘천시,0.0996643231129453,0.0030952049073024,5,1,15.39,290.4,실측(원자료 기반),SGIS실제인접,2024년판(2020~2024)
2021,강원도,춘천시,0.0535407669280298,0.0010993954433009,6,0,15.39,172.11,실측(원자료 기반),SGIS실제인접,2024년판(2020~2024)
2022,강원도,춘천시,0.0591176044830888,0.0025966258472659,7,0,15.39,281.36,실측(원자료 기반),centroid근접(대체),2024년판(2020~2024)
2023,강원도,춘천시,0.1089440869891791,0.0033942330680155,8,0,15.39,290.4,추정(시군구 평균비중 x 국가총량),SGIS실제인접,2024년판(2020~2024)
2016,강원도,태백시,0.0,0.0001999800026662,0,0,14.754,181.4,추정(시군구 평균비중 x 국가총량),SGIS실제인접,2019년판(2015~2019)
2017,강원도,태백시,0.0,9.999500033330834e-05,0,0,14.754,469.75,실측(원자료 기반),SGIS실제인접,2019년판(2015~2019)
2018,강원도,태백시,0.0,9.999500033330834e-05,0,0,14.754,469.75,실측(원자료 기반),SGIS실제인접,2019년판(2015~2019)
2019,강원도,태백시,0.0,0.0001999800026662,0,0,14.754,181.4,실측(원자료 기반),SGIS실제인접,2019년판(2015~2019)
2020,강원도,태백시,0.0,9.999500033330834e-05,0,0,14.9785,181.4,실측(원자료 기반),SGIS실제인접,2024년판(2020~2024)
2021,강원도,태백시,0.0,0.0,0,0,14.9785,68.07,실측(원자료 기반),SGIS실제인접,2024년판(2020~2024)
2022,강원도,태백시,0.0,0.0,0,0,14.9785,186.48,실측(원자료 기반),centroid근접(대체),2024년판(2020~2024)
2023,강원도,태백시,0.0,0.0001999800026662,0,0,14.9785,181.4,추정(시군구 평균비중 x 국가총량),SGIS실제인접,2024년판(2020~2024)
2016,강원도,평창군,0.0,0.0023971245997214,0,0,15.8801,231.85,추정(시군구 평균비중 x 국가총량),SGIS실제인접,2019년판(2015~2019)
2017,강원도,평창군,0.0,0.0001999800026662,0,0,15.8801,489.4,실측(원자료 기반),SGIS실제인접,2019년판(2015~2019)
2018,강원도,평창군,0.0,0.0002999550089979,0,0,15.8801,489.4,실측(원자료 기반),SGIS실제인접,2019년판(2015~2019)
2019,강원도,평창군,0.0,0.0005998200719676,0,0,15.8801,231.85,실측(원자료 기반),SGIS실제인접,2019년판(2015~2019)
2020,강원도,평창군,0.0,0.0013990209137073,0,0,15.8237,231.85,실측(원자료 기반),SGIS실제인접,2024년판(2020~2024)
2021,강원도,평창군,0.0,0.0005998200719676,0,0,15.8237,111.53,실측(원자료 기반),SGIS실제인접,2024년판(2020~2024)
2022,강원도,평창군,0.0,0.000899595242836,0,0,15.8237,230.0,실측(원자료 기반),centroid근접(대체),2024년판(2020~2024)
2023,강원도,평창군,0.0,0.0017983819413793,0,0,15.8237,231.85,추정(시군구 평균비중 x 국가총량),SGIS실제인접,2024년판(2020~2024)
2016,강원도,홍천군,0.0086623730786526,0.0533511754969945,1,1,19.6309,263.49,추정(시군구 평균비중 x 국가총량),SGIS실제인접,2019년판(2015~2019)
2017,강원도,홍천군,0.0006997551142733,0.0046889894861315,2,0,19.6309,497.21,실측(원자료 기반),SGIS실제인접,2019년판(2015~2019)
2018,강원도,홍천군,0.0009995003330835,0.0027960873020012,3,1,19.6309,497.21,실측(원자료 기반),SGIS실제인접,2019년판(2015~2019)
2019,강원도,홍천군,0.001998002662673,0.0071742037480003,4,1,19.6309,263.49,실측(원자료 기반),SGIS실제인접,2019년판(2015~2019)
2020,강원도,홍천군,0.0064789660977091,0.02244618882983,5,1,19.3813,263.49,실측(원자료 기반),SGIS실제인접,2024년판(2020~2024)
2021,강원도,홍천군,0.0022973590486834,0.0190180058357618,6,1,19.3813,143.62,실측(원자료 기반),SGIS실제인접,2024년판(2020~2024)
2022,강원도,홍천군,0.0025966258472659,0.0209784063851917,7,0,19.3813,257.3,실측(원자료 기반),centroid근접(대체),2024년판(2020~2024)
2023,강원도,홍천군,0.0064789660977091,0.0405659617466616,8,1,19.3813,263.49,추정(시군구 평균비중 x 국가총량),SGIS실제인접,2024년판(2020~2024)
2016,강원도,화천군,0.0,0.0730645708570051,0,0,4.8636,317.28,추정(시군구 평균비중 x 국가총량),SGIS실제인접,2019년판(2015~2019)
2017,강원도,화천군,0.0,0.016463726030665,0,0,4.8636,531.13,실측(원자료 기반),SGIS실제인접,2019년판(2015~2019)
2018,강원도,화천군,0.0,0.0139029051689914,0,0,4.8636,531.13,실측(원자료 기반),SGIS실제인접,2019년판(2015~2019)
2019,강원도,화천군,0.0,0.0149871298082483,0,0,4.8636,317.28,실측(원자료 기반),SGIS실제인접,2019년판(2015~2019)
2020,강원도,화천군,0.0,0.0421011760186353,0,0,7.0502,317.28,실측(원자료 기반),SGIS실제인접,2024년판(2020~2024)
2021,강원도,화천군,0.0,0.0176434351725952,0,0,7.0502,198.21,실측(원자료 기반),SGIS실제인접,2024년판(2020~2024)
2022,강원도,화천군,0.0,0.0200967016991224,0,0,7.0502,308.98,실측(원자료 기반),centroid근접(대체),2024년판(2020~2024)
2023,강원도,화천군,0.0,0.055623903747997,0,0,7.0502,317.28,추정(시군구 평균비중 x 국가총량),SGIS실제인접,2024년판(2020~2024)
2016,강원도,횡성군,0.0025966258472659,0.0557184887563437,1,0,19.5548,239.4,추정(시군구 평균비중 x 국가총량),SGIS실제인접,2019년판(2015~2019)
2017,강원도,횡성군,9.999500033330834e-05,0.0037927982386962,2,0,19.5548,472.27,실측(원자료 기반),SGIS실제인접,2019년판(2015~2019)
2018,강원도,횡성군,0.0,0.00329456694943,3,0,19.5548,472.27,실측(원자료 기반),SGIS실제인접,2019년판(2015~2019)
2019,강원도,횡성군,0.0001999800026662,0.0092570212626767,4,0,19.5548,239.4,실측(원자료 기반),SGIS실제인접,2019년판(2015~2019)
2020,강원도,횡성군,0.0003999200213269,0.0150856374180408,5,0,19.222,239.4,실측(원자료 기반),SGIS실제인접,2024년판(2020~2024)
2021,강원도,횡성군,0.0006997551142733,0.0197045832743354,6,0,19.222,120.52,실측(원자료 기반),SGIS실제인접,2024년판(2020~2024)
2022,강원도,횡성군,0.0026963615477426,0.0024968801985871,7,0,19.222,231.98,실측(원자료 기반),centroid근접(대체),2024년판(2020~2024)
2023,강원도,횡성군,0.001998002662673,0.0423887664917866,8,0,19.222,239.4,추정(시군구 평균비중 x 국가총량),SGIS실제인접,2024년판(2020~2024)
2016,경기도,가평군,0.0135083500247922,0.1587970117469975,1,1,17.2147,296.06,추정(시군구 평균비중 x 국가총량),SGIS실제인접,2019년판(2015~2019)
2017,경기도,가평군,0.006379606964039,0.0395091330947124,2,1,17.2147,492.38,실측(원자료 기반),SGIS실제인접,2019년판(2015~2019)
2018,경기도,가평군,0.0009995003330835,0.0285874568519125,3,1,17.2147,492.38,실측(원자료 기반),SGIS실제인접,2019년판(2015~2019)
2019,경기도,가평군,0.0016985566355814,0.0358496528936972,4,1,17.2147,296.06,실측(원자료 기반),SGIS실제인접,2019년판(2015~2019)
2020,경기도,가평군,0.009058844488346,0.0836055838547969,5,1,16.5608,296.06,실측(원자료 기반),SGIS실제인접,2024년판(2020~2024)
2021,경기도,가평군,0.0029955089797984,0.0444952398865512,6,1,16.5608,181.1,실측(원자료 기반),SGIS실제인접,2024년판(2020~2024)
2022,경기도,가평군,0.0051865266873,0.0854434818174674,7,1,16.5608,283.83,실측(원자료 기반),centroid근접(대체),2024년판(2020~2024)
2023,경기도,가평군,0.0102473164515495,0.1222176327242492,8,1,16.5608,296.06,추정(시군구 평균비중 x 국가총량),SGIS실제인접,2024년판(2020~2024)
2016,경기도,고양시,0.0,0.0003999200213269,0,0,1.4885,315.36,추정(시군구 평균비중 x 국가총량),SGIS실제인접,2019년판(2015~2019)
2017,경기도,고양시,0.0,9.999500033330834e-05,0,0,1.4885,469.1,실측(원자료 기반),SGIS실제인접,2019년판(2015~2019)
2018,경기도,고양시,0.0,0.0001999800026662,0,0,1.4885,469.1,실측(원자료 기반),SGIS실제인접,2019년판(2015~2019)
2019,경기도,고양시,0.0,9.999500033330834e-05,0,0,1.4885,315.36,실측(원자료 기반),SGIS실제인접,2019년판(2015~2019)
2020,경기도,고양시,0.0,0.0,0,0,1.549,315.36,실측(원자료 기반),SGIS실제인접,2024년판(2020~2024)
2021,경기도,고양시,0.0,9.999500033330834e-05,0,0,1.549,210.42,실측(원자료 기반),SGIS실제인접,2024년판(2020~2024)
2022,경기도,고양시,0.0,0.0,0,0,1.549,297.1,실측(원자료 기반),centroid근접(대체),2024년판(2020~2024)
2023,경기도,고양시,0.0,0.0002999550089979,0,0,1.549,315.36,추정(시군구 평균비중 x 국가총량),SGIS실제인접,2024년판(2020~2024)
2016,경기도,과천시,0.0,0.0291703772997798,0,0,6.2349,286.63,추정(시군구 평균비중 x 국가총량),SGIS실제인접,2019년판(2015~2019)
2017,경기도,과천시,0.0,0.0218593343528935,0,0,6.2349,444.69,실측(원자료 기반),SGIS실제인접,2019년판(2015~2019)
2018,경기도,과천시,0.0,0.01911611719223,0,0,6.2349,444.69,실측(원자료 기반),SGIS실제인접,2019년판(2015~2019)
2019,경기도,과천시,0.0,0.0130149370774946,0,0,6.2349,286.63,실측(원자료 기반),SGIS실제인접,2019년판(2015~2019)
2020,경기도,과천시,0.0,0.0128175037106144,0,0,6.3922,286.63,실측(원자료 기반),SGIS실제인접,2024년판(2020~2024)
2021,경기도,과천시,0.0,0.0002999550089979,0,0,6.3922,184.32,실측(원자료 기반),SGIS실제인접,2024년판(2020~2024)
2022,경기도,과천시,0.0,0.0,0,0,6.3922,267.8,실측(원자료 기반),centroid근접(대체),2024년판(2020~2024)
2023,경기도,과천시,0.0,0.0221528046411333,0,0,6.3922,286.63,추정(시군구 평균비중 x 국가총량),SGIS실제인접,2024년판(2020~2024)
2016,경기도,광명시,0.0,0.0,0,0,1.1044,296.09,추정(시군구 평균비중 x 국가총량),SGIS실제인접,2019년판(2015~2019)
2017,경기도,광명시,0.0,0.0,0,0,1.1044,444.91,실측(원자료 기반),SGIS실제인접,2019년판(2015~2019)
2018,경기도,광명시,0.0,0.0,0,0,1.1044,444.91,실측(원자료 기반),SGIS실제인접,2019년판(2015~2019)
2019,경기도,광명시,0.0,0.0,0,0,1.1044,296.09,실측(원자료 기반),SGIS실제인접,2019년판(2015~2019)
2020,경기도,광명시,0.0,0.0,0,0,1.2396,296.09,실측(원자료 기반),SGIS실제인접,2024년판(2020~2024)
2021,경기도,광명시,0.0,0.0,0,0,1.2396,195.55,실측(원자료 기반),SGIS실제인접,2024년판(2020~2024)
2022,경기도,광명시,0.0,0.0,0,0,1.2396,276.34,실측(원자료 기반),centroid근접(대체),2024년판(2020~2024)
2023,경기도,광명시,0.0,0.0,0,0,1.2396,296.09,추정(시군구 평균비중 x 국가총량),SGIS실제인접,2024년판(2020~2024)
2016,경기도,광주시,0.8522854018982426,0.1187603357208428,1,1,4.4413,266.47,추정(시군구 평균비중 x 국가총량),SGIS실제인접,2019년판(2015~2019)
2017,경기도,광주시,0.5824949104563504,0.0524026787930483,2,1,4.4413,444.74,실측(원자료 기반),SGIS실제인접,2019년판(2015~2019)
2018,경기도,광주시,0.4929874656361109,0.0320798934634116,3,1,4.4413,444.74,실측(원자료 기반),SGIS실제인접,2019년판(2015~2019)
2019,경기도,광주시,0.5183174895242862,0.0338215484755106,4,1,4.4413,266.47,실측(원자료 기반),SGIS실제인접,2019년판(2015~2019)
2020,경기도,광주시,0.4710031295788191,0.0535407669280298,5,1,4.2395,266.47,실측(원자료 기반),SGIS실제인접,2024년판(2020~2024)
2021,경기도,광주시,0.1650906198655926,0.0286846338599089,6,1,4.2395,160.16,실측(원자료 기반),SGIS실제인접,2024년판(2020~2024)
2022,경기도,광주시,0.1831545430978465,0.0125212805536717,7,1,4.2395,249.85,실측(원자료 기반),centroid근접(대체),2024년판(2020~2024)
2023,경기도,광주시,0.7011649521535286,0.0910282983475638,8,1,4.2395,266.47,추정(시군구 평균비중 x 국가총량),SGIS실제인접,2024년판(2020~2024)
2016,경기도,구리시,0.0,0.0684994164246923,0,0,4.8584,292.8,추정(시군구 평균비중 x 국가총량),SGIS실제인접,2019년판(2015~2019)
2017,경기도,구리시,0.0,0.035463664275569,0,0,4.8584,464.17,실측(원자료 기반),SGIS실제인접,2019년판(2015~2019)
2018,경기도,구리시,0.0,0.0152826235311569,0,0,4.8584,464.17,실측(원자료 기반),SGIS실제인접,2019년판(2015~2019)
2019,경기도,구리시,0.0,0.0183309566847234,0,0,4.8584,292.8,실측(원자료 기반),SGIS실제인접,2019년판(2015~2019)
2020,경기도,구리시,0.0,0.0406619817188896,0,0,4.7492,292.8,실측(원자료 기반),SGIS실제인접,2024년판(2020~2024)
2021,경기도,구리시,0.0,0.0161685811615837,0,0,4.7492,185.07,실측(원자료 기반),SGIS실제인접,2024년판(2020~2024)
2022,경기도,구리시,0.0,0.0,0,0,4.7492,276.27,실측(원자료 기반),centroid근접(대체),2024년판(2020~2024)
2023,경기도,구리시,0.0,0.0522128714469342,0,0,4.7492,292.8,추정(시군구 평균비중 x 국가총량),SGIS실제인접,2024년판(2020~2024)
2016,경기도,군포시,0.0,0.0002999550089979,0,0,1.4714,284.64,추정(시군구 평균비중 x 국가총량),SGIS실제인접,2019년판(2015~2019)
2017,경기도,군포시,0.0,0.0003999200213269,0,0,1.4714,434.05,실측(원자료 기반),SGIS실제인접,2019년판(2015~2019)
2018,경기도,군포시,0.0,0.0,0,0,1.4714,434.05,실측(원자료 기반),SGIS실제인접,2019년판(2015~2019)
2019,경기도,군포시,0.0,0.0002999550089979,0,0,1.4714,284.64,실측(원자료 기반),SGIS실제인접,2019년판(2015~2019)
2020,경기도,군포시,0.0,0.0,0,0,1.5311,284.64,실측(원자료 기반),SGIS실제인접,2024년판(2020~2024)
2021,경기도,군포시,0.0,0.0,0,0,1.5311,185.89,실측(원자료 기반),SGIS실제인접,2024년판(2020~2024)
2022,경기도,군포시,0.0,9.999500033330834e-05,0,0,1.5311,264.46,실측(원자료 기반),centroid근접(대체),2024년판(2020~2024)
2023,경기도,군포시,0.0,0.0001999800026662,0,0,1.5311,284.64,추정(시군구 평균비중 x 국가총량),SGIS실제인접,2024년판(2020~2024)
2016,경기도,김포시,0.0,9.999500033330834e-05,0,0,0.2522,329.49,추정(시군구 평균비중 x 국가총량),SGIS실제인접,2019년판(2015~2019)
2017,경기도,김포시,0.0,0.0,0,0,0.2522,470.11,실측(원자료 기반),SGIS실제인접,2019년판(2015~2019)
2018,경기도,김포시,0.0,0.0,0,0,0.2522,470.11,실측(원자료 기반),SGIS실제인접,2019년판(2015~2019)
2019,경기도,김포시,0.0,0.0,0,0,0.2522,329.49,실측(원자료 기반),SGIS실제인접,2019년판(2015~2019)
2020,경기도,김포시,0.0,0.0,0,0,0.3295,329.49,실측(원자료 기반),SGIS실제인접,2024년판(2020~2024)
2021,경기도,김포시,0.0,0.0,0,0,0.3295,226.98,실측(원자료 기반),SGIS실제인접,2024년판(2020~2024)
2022,경기도,김포시,0.0,0.0,0,0,0.3295,309.93,실측(원자료 기반),centroid근접(대체),2024년판(2020~2024)
2023,경기도,김포시,0.0,9.999500033330834e-05,0,0,0.3295,329.49,추정(시군구 평균비중 x 국가총량),SGIS실제인접,2024년판(2020~2024)
2016,경기도,남양주시,0.3285120669400362,0.2109090136458672,1,1,7.4771,292.16,추정(시군구 평균비중 x 국가총량),SGIS실제인접,2019년판(2015~2019)
2017,경기도,남양주시,0.1369754550270777,0.1119885019480472,2,1,7.4771,472.43,실측(원자료 기반),SGIS실제인접,2019년판(2015~2019)
2018,경기도,남양주시,0.0849843239049972,0.0861776962410523,3,1,7.4771,472.43,실측(원자료 기반),SGIS실제인접,2019년판(2015~2019)
2019,경기도,남양주시,0.095946341047209,0.094673613602681,4,1,7.4771,292.16,실측(원자료 기반),SGIS실제인접,2019년판(2015~2019)
2020,경기도,남양주시,0.2184123769383082,0.0933992642585496,5,1,7.4,292.16,실측(원자료 기반),SGIS실제인접,2024년판(2020~2024)
2021,경기도,남양주시,0.0860859489131288,0.0387398283159305,6,1,7.4,181.78,실측(원자료 기반),SGIS실제인접,2024년판(2020~2024)
2022,경기도,남양주시,0.0983056887841233,0.0,7,0,7.4,277.04,실측(원자료 기반),centroid근접(대체),2024년판(2020~2024)
2023,경기도,남양주시,0.257583624627748,0.1633086176120239,8,1,7.4,292.16,추정(시군구 평균비중 x 국가총량),SGIS실제인접,2024년판(2020~2024)
2016,경기도,동두천시,0.004987541511039,0.0723206615796261,1,0,6.4871,323.48,추정(시군구 평균비중 x 국가총량),SGIS실제인접,2019년판(2015~2019)
2017,경기도,동두천시,0.0081665626663934,0.0260575343192896,2,1,6.4871,498.64,실측(원자료 기반),SGIS실제인접,2019년판(2015~2019)
2018,경기도,동두천시,0.0007996801705643,0.0229349712824958,3,1,6.4871,498.64,실측(원자료 기반),SGIS실제인접,2019년판(2015~2019)
2019,경기도,동두천시,0.0013990209137073,0.0212721352755396,4,1,6.4871,323.48,실측(원자료 기반),SGIS실제인접,2019년판(2015~2019)
2020,경기도,동두천시,0.0009995003330835,0.034208171329737,5,0,6.3286,323.48,실측(원자료 기반),SGIS실제인접,2024년판(2020~2024)
2021,경기도,동두천시,0.0,0.0103462920541443,0,0,6.3286,211.58,실측(원자료 기반),SGIS실제인접,2024년판(2020~2024)
2022,경기도,동두천시,0.0023971245997214,0.0346912397899303,1,0,6.3286,308.73,실측(원자료 기반),centroid근접(대체),2024년판(2020~2024)
2023,경기도,동두천시,0.0037927982386962,0.0550562057480784,2,0,6.3286,323.48,추정(시군구 평균비중 x 국가총량),SGIS실제인접,2024년판(2020~2024)
2016,경기도,부천시,0.0,0.0,0,0,0.6555,305.48,추정(시군구 평균비중 x 국가총량),SGIS실제인접,2019년판(2015~2019)
2017,경기도,부천시,0.0,0.0,0,0,0.6555,451.05,실측(원자료 기반),SGIS실제인접,2019년판(2015~2019)
2018,경기도,부천시,0.0,0.0,0,0,0.6555,451.05,실측(원자료 기반),SGIS실제인접,2019년판(2015~2019)
2019,경기도,부천시,0.0,0.0,0,0,0.6555,305.48,실측(원자료 기반),SGIS실제인접,2019년판(2015~2019)
2020,경기도,부천시,0.0,0.0,0,0,0.6736,305.48,실측(원자료 기반),SGIS실제인접,2024년판(2020~2024)
2021,경기도,부천시,0.0,0.0,0,0,0.6736,204.61,실측(원자료 기반),SGIS실제인접,2024년판(2020~2024)
2022,경기도,부천시,0.0,0.0,0,0,0.6736,285.67,실측(원자료 기반),centroid근접(대체),2024년판(2020~2024)
2023,경기도,부천시,0.0,0.0,0,0,0.6736,305.48,추정(시군구 평균비중 x 국가총량),SGIS실제인접,2024년판(2020~2024)
2016,경기도,성남시,0.1373241908632188,0.1629688282781396,1,1,1.4441,277.62,추정(시군구 평균비중 x 국가총량),SGIS실제인접,2019년판(2015~2019)
2017,경기도,성남시,0.1036390347594859,0.1058004188862116,2,1,1.4441,442.88,실측(원자료 기반),SGIS실제인접,2019년판(2015~2019)
2018,경기도,성남시,0.0919408736983572,0.0797349680188535,3,1,1.4441,442.88,실측(원자료 기반),SGIS실제인접,2019년판(2015~2019)
2019,경기도,성남시,0.062411260121397,0.0851680123698782,4,1,1.4441,277.62,실측(원자료 기반),SGIS실제인접,2019년판(2015~2019)
2020,경기도,성남시,0.0626930693384234,0.0733433942242095,5,1,1.3439,277.62,실측(원자료 기반),SGIS실제인접,2024년판(2020~2024)
2021,경기도,성남시,0.00129915573162,0.0238141780992548,6,1,1.3439,174.18,실측(원자료 기반),SGIS실제인접,2024년판(2020~2024)
2022,경기도,성남시,0.029461710149619,0.0,7,0,1.3439,259.45,실측(원자료 기반),centroid근접(대체),2024년판(2020~2024)
2023,경기도,성남시,0.1054405124579969,0.1254866200414159,8,1,1.3439,277.62,추정(시군구 평균비중 x 국가총량),SGIS실제인접,2024년판(2020~2024)
2016,경기도,수원시,0.0,0.0087615056685727,0,0,3.4831,274.25,추정(시군구 평균비중 x 국가총량),SGIS실제인접,2019년판(2015~2019)
2017,경기도,수원시,0.0,0.0080673710777587,0,0,3.4831,427.8,실측(원자료 기반),SGIS실제인접,2019년판(2015~2019)
2018,경기도,수원시,0.0,0.0058826631581554,0,0,3.4831,427.8,실측(원자료 기반),SGIS실제인접,2019년판(2015~2019)
2019,경기도,수원시,0.0,0.0055843782939006,0,0,3.4831,274.25,실측(원자료 기반),SGIS실제인접,2019년판(2015~2019)
2020,경기도,수원시,0.0,0.0009995003330835,0,0,2.5167,274.25,실측(원자료 기반),SGIS실제인접,2024년판(2020~2024)
2021,경기도,수원시,0.0,0.0013990209137073,0,0,2.5167,175.91,실측(원자료 기반),SGIS실제인접,2024년판(2020~2024)
2022,경기도,수원시,0.0,9.999500033330834e-05,0,0,2.5167,254.17,실측(원자료 기반),centroid근접(대체),2024년판(2020~2024)
2023,경기도,수원시,0.0,0.0065783153601225,0,0,2.5167,274.25,추정(시군구 평균비중 x 국가총량),SGIS실제인접,2024년판(2020~2024)
2016,경기도,시흥시,0.0,0.0,0,0,0.9986,296.75,추정(시군구 평균비중 x 국가총량),SGIS실제인접,2019년판(2015~2019)
2017,경기도,시흥시,0.0,0.0,0,0,0.9986,437.93,실측(원자료 기반),SGIS실제인접,2019년판(2015~2019)
2018,경기도,시흥시,0.0,0.0,0,0,0.9986,437.93,실측(원자료 기반),SGIS실제인접,2019년판(2015~2019)
2019,경기도,시흥시,0.0,0.0,0,0,0.9986,296.75,실측(원자료 기반),SGIS실제인접,2019년판(2015~2019)
2020,경기도,시흥시,0.0,0.0,0,0,1.0506,296.75,실측(원자료 기반),SGIS실제인접,2024년판(2020~2024)
2021,경기도,시흥시,0.0,0.0,0,0,1.0506,198.9,실측(원자료 기반),SGIS실제인접,2024년판(2020~2024)
2022,경기도,시흥시,0.0,0.0,0,0,1.0506,275.97,실측(원자료 기반),centroid근접(대체),2024년판(2020~2024)
2023,경기도,시흥시,0.0,0.0,0,0,1.0506,296.75,추정(시군구 평균비중 x 국가총량),SGIS실제인접,2024년판(2020~2024)
2016,경기도,안산시,0.0,0.0002999550089979,0,0,5.3982,292.15,추정(시군구 평균비중 x 국가총량),SGIS실제인접,2019년판(2015~2019)
2017,경기도,안산시,0.0,0.0001999800026662,0,0,5.3982,427.19,실측(원자료 기반),SGIS실제인접,2019년판(2015~2019)
2018,경기도,안산시,0.0,9.999500033330834e-05,0,0,5.3982,427.19,실측(원자료 기반),SGIS실제인접,2019년판(2015~2019)
2019,경기도,안산시,0.0,0.0001999800026662,0,0,5.3982,292.15,실측(원자료 기반),SGIS실제인접,2019년판(2015~2019)
2020,경기도,안산시,0.0,0.0001999800026662,0,0,4.9304,292.15,실측(원자료 기반),SGIS실제인접,2024년판(2020~2024)
2021,경기도,안산시,0.0,0.0,0,0,4.9304,197.5,실측(원자료 기반),SGIS실제인접,2024년판(2020~2024)
2022,경기도,안산시,0.0,0.0,0,0,4.9304,270.34,실측(원자료 기반),centroid근접(대체),2024년판(2020~2024)
2023,경기도,안산시,0.0,0.0001999800026662,0,0,4.9304,292.15,추정(시군구 평균비중 x 국가총량),SGIS실제인접,2024년판(2020~2024)
2016,경기도,안성시,0.0060814703158679,0.0072734839664983,1,0,4.1802,236.51,추정(시군구 평균비중 x 국가총량),SGIS실제인접,2019년판(2015~2019)
2017,경기도,안성시,0.0028958031120255,0.0057832447557273,2,1,4.1802,404.52,실측(원자료 기반),SGIS실제인접,2019년판(2015~2019)
2018,경기도,안성시,0.0050870390485571,0.0040916179032535,3,1,4.1802,404.52,실측(원자료 기반),SGIS실제인접,2019년판(2015~2019)
2019,경기도,안성시,0.0058826631581554,0.0037927982386962,4,1,4.1802,236.51,실측(원자료 기반),SGIS실제인접,2019년판(2015~2019)
2020,경기도,안성시,0.000899595242836,0.0005998200719676,5,0,4.0509,236.51,실측(원자료 기반),SGIS실제인접,2024년판(2020~2024)
2021,경기도,안성시,0.0,0.0018981972830802,6,0,4.0509,141.11,실측(원자료 기반),SGIS실제인접,2024년판(2020~2024)
2022,경기도,안성시,0.0003999200213269,0.0014988761237358,7,0,4.0509,216.53,실측(원자료 기반),centroid근접(대체),2024년판(2020~2024)
2023,경기도,안성시,0.0045894523338072,0.0054849302305696,8,0,4.0509,236.51,추정(시군구 평균비중 x 국가총량),SGIS실제인접,2024년판(2020~2024)
2016,경기도,안양시,0.0,9.999500033330834e-05,0,0,6.7262,288.8,추정(시군구 평균비중 x 국가총량),SGIS실제인접,2019년판(2015~2019)
2017,경기도,안양시,0.0,0.0001999800026662,0,0,6.7262,440.65,실측(원자료 기반),SGIS실제인접,2019년판(2015~2019)
2018,경기도,안양시,0.0,0.0,0,0,6.7262,440.65,실측(원자료 기반),SGIS실제인접,2019년판(2015~2019)
2019,경기도,안양시,0.0,9.999500033330834e-05,0,0,6.7262,288.8,실측(원자료 기반),SGIS실제인접,2019년판(2015~2019)
2020,경기도,안양시,0.0,0.0,0,0,7.1323,288.8,실측(원자료 기반),SGIS실제인접,2024년판(2020~2024)
2021,경기도,안양시,0.0,0.0,0,0,7.1323,188.39,실측(원자료 기반),SGIS실제인접,2024년판(2020~2024)
2022,경기도,안양시,0.0,9.999500033330834e-05,0,0,7.1323,269.16,실측(원자료 기반),centroid근접(대체),2024년판(2020~2024)
2023,경기도,안양시,0.0,9.999500033330834e-05,0,0,7.1323,288.8,추정(시군구 평균비중 x 국가총량),SGIS실제인접,2024년판(2020~2024)
2016,경기도,양주시,0.00329456694943,0.0280041964095973,1,0,7.3946,318.08,추정(시군구 평균비중 x 국가총량),SGIS실제인접,2019년판(2015~2019)
2017,경기도,양주시,0.0007996801705643,0.0107420965319021,2,0,7.3946,486.08,실측(원자료 기반),SGIS실제인접,2019년판(2015~2019)
2018,경기도,양주시,0.0020977980821461,0.0084640784121294,3,1,7.3946,486.08,실측(원자료 기반),SGIS실제인접,2019년판(2015~2019)
2019,경기도,양주시,0.000899595242836,0.0080673710777587,4,0,7.3946,318.08,실측(원자료 기반),SGIS실제인접,2019년판(2015~2019)
2020,경기도,양주시,9.999500033330834e-05,0.0131136391453831,5,0,7.3575,318.08,실측(원자료 기반),SGIS실제인접,2024년판(2020~2024)
2021,경기도,양주시,0.0003999200213269,0.0038924147153438,6,0,7.3575,208.56,실측(원자료 기반),SGIS실제인접,2024년판(2020~2024)
2022,경기도,양주시,0.0024968801985871,0.0007996801705643,7,0,7.3575,302.02,실측(원자료 기반),centroid근접(대체),2024년판(2020~2024)
2023,경기도,양주시,0.0024968801985871,0.0212721352755396,8,0,7.3575,318.08,추정(시군구 평균비중 x 국가총량),SGIS실제인접,2024년판(2020~2024)
2016,경기도,양평군,0.2391743683867374,0.2253012218680091,1,1,11.6423,261.91,추정(시군구 평균비중 x 국가총량),SGIS실제인접,2019년판(2015~2019)
2017,경기도,양평군,0.0175451792157488,0.126632650933366,2,1,11.6423,461.86,실측(원자료 기반),SGIS실제인접,2019년판(2015~2019)
2018,경기도,양평군,0.0148886124937506,0.0990305234629542,3,1,11.6423,461.86,실측(원자료 기반),SGIS실제인접,2019년판(2015~2019)
2019,경기도,양평군,0.0420052941450301,0.1063400357713265,4,1,11.6423,261.91,실측(원자료 기반),SGIS실제인접,2019년판(2015~2019)
2020,경기도,양평군,0.0648509723196163,0.1165378162479515,5,1,11.3784,261.91,실측(원자료 기반),SGIS실제인접,2024년판(2020~2024)
2021,경기도,양평군,0.0905716981843869,0.03912455468405,6,1,11.3784,149.08,실측(원자료 기반),SGIS실제인접,2024년판(2020~2024)
2022,경기도,양평군,0.1868114620668066,0.0674717151150126,7,1,11.3784,248.87,실측(원자료 기반),centroid근접(대체),2024년판(2020~2024)
2023,경기도,양평군,0.1857323999160363,0.174709323791813,8,1,11.3784,261.91,추정(시군구 평균비중 x 국가총량),SGIS실제인접,2024년판(2020~2024)
2016,경기도,여주시,0.0023971245997214,0.2399613362403691,1,0,3.4305,240.47,추정(시군구 평균비중 x 국가총량),SGIS실제인접,2019년판(2015~2019)
2017,경기도,여주시,9.999500033330834e-05,0.126632650933366,2,0,3.4305,439.25,실측(원자료 기반),SGIS실제인접,2019년판(2015~2019)
2018,경기도,여주시,0.0003999200213269,0.1033685329770331,3,0,3.4305,439.25,실측(원자료 기반),SGIS실제인접,2019년판(2015~2019)
2019,경기도,여주시,0.0001999800026662,0.1140427160406602,4,0,3.4305,240.47,실측(원자료 기반),SGIS실제인접,2019년판(2015~2019)
2020,경기도,여주시,0.00129915573162,0.1060702637270664,5,0,3.3158,240.47,실측(원자료 기반),SGIS실제인접,2024년판(2020~2024)
2021,경기도,여주시,0.00129915573162,0.0455468149559703,6,0,3.3158,131.03,실측(원자료 기반),SGIS실제인접,2024년판(2020~2024)
2022,경기도,여주시,0.000499875041651,0.0682192389771438,7,0,3.3158,226.1,실측(원자료 기반),centroid근접(대체),2024년판(2020~2024)
2023,경기도,여주시,0.0017983819413793,0.1863965759470937,8,0,3.3158,240.47,추정(시군구 평균비중 x 국가총량),SGIS실제인접,2024년판(2020~2024)
2016,경기도,연천군,0.0088606284321965,0.0433468045033658,1,1,0.5431,342.54,추정(시군구 평균비중 x 국가총량),SGIS실제인접,2019년판(2015~2019)
2017,경기도,연천군,0.0146915487429897,0.0143958802837323,2,1,0.5431,518.13,실측(원자료 기반),SGIS실제인접,2019년판(2015~2019)
2018,경기도,연천군,0.0040916179032535,0.0131136391453831,3,1,0.5431,518.13,실측(원자료 기반),SGIS실제인접,2019년판(2015~2019)
2019,경기도,연천군,0.0026963615477426,0.0125212805536717,4,1,0.5431,342.54,실측(원자료 기반),SGIS실제인접,2019년판(2015~2019)
2020,경기도,연천군,0.0034938892542557,0.0201947072855192,5,1,1.0882,342.54,실측(원자료 기반),SGIS실제인접,2024년판(2020~2024)
2021,경기도,연천군,0.0001999800026662,0.0062802379571504,6,0,1.0882,229.17,실측(원자료 기반),SGIS실제인접,2024년판(2020~2024)
2022,경기도,연천군,0.0007996801705643,0.035463664275569,7,0,1.0882,328.49,실측(원자료 기반),centroid근접(대체),2024년판(2020~2024)
2023,경기도,연천군,0.0066776547532405,0.0329511001396859,8,1,1.0882,342.54,추정(시군구 평균비중 x 국가총량),SGIS실제인접,2024년판(2020~2024)
2016,경기도,오산시,0.0,0.0034938892542557,0,0,4.3713,262.55,추정(시군구 평균비중 x 국가총량),SGIS실제인접,2019년판(2015~2019)
2017,경기도,오산시,0.0,0.0010993954433009,0,0,4.3713,415.31,실측(원자료 기반),SGIS실제인접,2019년판(2015~2019)
2018,경기도,오산시,0.0,0.0002999550089979,0,0,4.3713,415.31,실측(원자료 기반),SGIS실제인접,2019년판(2015~2019)
2019,경기도,오산시,0.0,9.999500033330834e-05,0,0,4.3713,262.55,실측(원자료 기반),SGIS실제인접,2019년판(2015~2019)
2020,경기도,오산시,0.0,0.0006997551142733,0,0,3.5802,262.55,실측(원자료 기반),SGIS실제인접,2024년판(2020~2024)
2021,경기도,오산시,0.0,0.0013990209137073,0,0,3.5802,167.1,실측(원자료 기반),SGIS실제인접,2024년판(2020~2024)
2022,경기도,오산시,0.0,0.0026963615477426,0,0,3.5802,241.74,실측(원자료 기반),centroid근접(대체),2024년판(2020~2024)
2023,경기도,오산시,0.0,0.0026963615477426,0,0,3.5802,262.55,추정(시군구 평균비중 x 국가총량),SGIS실제인접,2024년판(2020~2024)
2016,경기도,용인시,0.0327575642381721,0.1729443949813576,1,1,4.2037,256.19,추정(시군구 평균비중 x 국가총량),SGIS실제인접,2019년판(2015~2019)
2017,경기도,용인시,0.0305292050348228,0.1074183967672703,2,1,4.2037,423.74,실측(원자료 기반),SGIS실제인접,2019년판(2015~2019)
2018,경기도,용인시,0.0231304173888543,0.0884686479876081,3,1,4.2037,423.74,실측(원자료 기반),SGIS실제인접,2019년판(2015~2019)
2019,경기도,용인시,0.0211742352314064,0.0898407039997894,4,1,4.2037,256.19,실측(원자료 기반),SGIS실제인접,2019년판(2015~2019)
2020,경기도,용인시,0.0025966258472659,0.0803811119468124,5,1,3.7227,256.19,실측(원자료 기반),SGIS실제인접,2024년판(2020~2024)
2021,경기도,용인시,0.0054849302305696,0.0230326991105726,6,1,3.7227,155.99,실측(원자료 기반),SGIS실제인접,2024년판(2020~2024)
2022,경기도,용인시,0.0029955089797984,0.0648509723196163,7,0,3.7227,237.29,실측(원자료 기반),centroid근접(대체),2024년판(2020~2024)
2023,경기도,용인시,0.0247901688072187,0.133393883170531,8,1,3.7227,256.19,추정(시군구 평균비중 x 국가총량),SGIS실제인접,2024년판(2020~2024)
2016,경기도,의왕시,0.000899595242836,0.025472795973031,1,0,2.5996,281.77,추정(시군구 평균비중 x 국가총량),SGIS실제인접,2019년판(2015~2019)
2017,경기도,의왕시,0.00129915573162,0.0198026272961797,2,0,2.5996,436.69,실측(원자료 기반),SGIS실제인접,2019년판(2015~2019)
2018,경기도,의왕시,0.0,0.0169554406494134,0,0,2.5996,436.69,실측(원자료 기반),SGIS실제인접,2019년판(2015~2019)
2019,경기도,의왕시,0.000899595242836,0.0122249696225689,1,0,2.5996,281.77,실측(원자료 기반),SGIS실제인접,2019년판(2015~2019)
2020,경기도,의왕시,0.0,0.0095542128048116,0,0,2.6067,281.77,실측(원자료 기반),SGIS실제인접,2024년판(2020~2024)
2021,경기도,의왕시,0.0,0.0009995003330835,0,0,2.6067,181.46,실측(원자료 기반),SGIS실제인접,2024년판(2020~2024)
2022,경기도,의왕시,0.0001999800026662,0.0,1,0,2.6067,262.25,실측(원자료 기반),centroid근접(대체),2024년판(2020~2024)
2023,경기도,의왕시,0.0006997551142733,0.0193123110323728,2,0,2.6067,281.77,추정(시군구 평균비중 x 국가총량),SGIS실제인접,2024년판(2020~2024)
2016,경기도,의정부시,0.0,0.1142211440900228,1,0,3.5,308.1,추정(시군구 평균비중 x 국가총량),SGIS실제인접,2019년판(2015~2019)
2017,경기도,의정부시,9.999500033330834e-05,0.0413338634929772,2,0,3.5,478.65,실측(원자료 기반),SGIS실제인접,2019년판(2015~2019)
2018,경기도,의정부시,0.0,0.0303351997960729,0,0,3.5,478.65,실측(원자료 기반),SGIS실제인접,2019년판(2015~2019)
2019,경기도,의정부시,0.0,0.0319830458530507,0,0,3.5,308.1,실측(원자료 기반),SGIS실제인접,2019년판(2015~2019)
2020,경기도,의정부시,0.0,0.0667236320429081,0,0,3.4095,308.1,실측(원자료 기반),SGIS실제인접,2024년판(2020~2024)
2021,경기도,의정부시,0.0,0.0239118200463128,0,0,3.4095,198.85,실측(원자료 기반),SGIS실제인접,2024년판(2020~2024)
2022,경기도,의정부시,0.0,0.0007996801705643,0,0,3.4095,292.06,실측(원자료 기반),centroid근접(대체),2024년판(2020~2024)
2023,경기도,의정부시,0.0,0.0874612757699945,1,0,3.4095,308.1,추정(시군구 평균비중 x 국가총량),SGIS실제인접,2024년판(2020~2024)
2016,경기도,이천시,0.0043903483012928,0.244748475066594,1,0,1.4263,239.8,추정(시군구 평균비중 x 국가총량),SGIS실제인접,2019년판(2015~2019)
2017,경기도,이천시,0.0014988761237358,0.1526352464235942,2,1,1.4263,426.6,실측(원자료 기반),SGIS실제인접,2019년판(2015~2019)
2018,경기도,이천시,0.0007996801705643,0.1250454889742244,3,0,1.4263,426.6,실측(원자료 기반),SGIS실제인접,2019년판(2015~2019)
2019,경기도,이천시,0.0009995003330835,0.1321679635774172,4,1,1.4263,239.8,실측(원자료 기반),SGIS실제인접,2019년판(2015~2019)
2020,경기도,이천시,0.0006997551142733,0.1144887264846979,5,0,1.2218,239.8,실측(원자료 기반),SGIS실제인접,2024년판(2020~2024)
2021,경기도,이천시,0.0027960873020012,0.0366211834556453,6,1,1.2218,135.18,실측(원자료 기반),SGIS실제인접,2024년판(2020~2024)
2022,경기도,이천시,0.00129915573162,0.00129915573162,7,0,1.2218,223.2,실측(원자료 기반),centroid근접(대체),2024년판(2020~2024)
2023,경기도,이천시,0.0033942330680155,0.1902070510679449,8,0,1.2218,239.8,추정(시군구 평균비중 x 국가총량),SGIS실제인접,2024년판(2020~2024)
2016,경기도,파주시,0.000499875041651,0.0029955089797984,1,0,0.5564,332.81,추정(시군구 평균비중 x 국가총량),SGIS실제인접,2019년판(2015~2019)
2017,경기도,파주시,9.999500033330834e-05,0.0038924147153438,2,0,0.5564,490.06,실측(원자료 기반),SGIS실제인접,2019년판(2015~2019)
2018,경기도,파주시,0.0,0.001598721363697,0,0,0.5564,490.06,실측(원자료 기반),SGIS실제인접,2019년판(2015~2019)
2019,경기도,파주시,9.999500033330834e-05,0.000899595242836,1,0,0.5564,332.81,실측(원자료 기반),SGIS실제인접,2019년판(2015~2019)
2020,경기도,파주시,0.0,0.000899595242836,0,0,0.9675,332.81,실측(원자료 기반),SGIS실제인접,2024년판(2020~2024)
2021,경기도,파주시,0.0001999800026662,9.999500033330834e-05,1,0,0.9675,224.9,실측(원자료 기반),SGIS실제인접,2024년판(2020~2024)
2022,경기도,파주시,0.000499875041651,0.001598721363697,2,0,0.9675,315.69,실측(원자료 기반),centroid근접(대체),2024년판(2020~2024)
2023,경기도,파주시,0.0003999200213269,0.0022973590486834,3,0,0.9675,332.81,추정(시군구 평균비중 x 국가총량),SGIS실제인접,2024년판(2020~2024)
2016,경기도,평택시,0.0059820716775474,0.0057832447557273,1,0,1.4809,255.76,추정(시군구 평균비중 x 국가총량),SGIS실제인접,2019년판(2015~2019)
2017,경기도,평택시,0.0020977980821461,0.0047885167317971,2,1,1.4809,398.42,실측(원자료 기반),SGIS실제인접,2019년판(2015~2019)
2018,경기도,평택시,0.0002999550089979,0.0040916179032535,3,0,1.4809,398.42,실측(원자료 기반),SGIS실제인접,2019년판(2015~2019)
2019,경기도,평택시,0.0001999800026662,0.0038924147153438,4,0,1.4809,255.76,실측(원자료 기반),SGIS실제인접,2019년판(2015~2019)
2020,경기도,평택시,0.0,0.0006997551142733,0,0,1.7365,255.76,실측(원자료 기반),SGIS실제인접,2024년판(2020~2024)
2021,경기도,평택시,0.0027960873020012,0.0007996801705643,1,0,1.7365,166.56,실측(원자료 기반),SGIS실제인접,2024년판(2020~2024)
2022,경기도,평택시,0.004987541511039,0.0,2,0,1.7365,233.13,실측(원자료 기반),centroid근접(대체),2024년판(2020~2024)
2023,경기도,평택시,0.004489905272852,0.0043903483012928,3,0,1.7365,255.76,추정(시군구 평균비중 x 국가총량),SGIS실제인접,2024년판(2020~2024)
2016,경기도,포천시,0.1929317359059701,0.0511682865743994,1,1,9.851,319.69,추정(시군구 평균비중 x 국가총량),SGIS실제인접,2019년판(2015~2019)
2017,경기도,포천시,0.0615653556581548,0.0219571673520421,2,1,9.851,506.28,실측(원자료 기반),SGIS실제인접,2019년판(2015~2019)
2018,경기도,포천시,0.0613772796749034,0.0120273802127184,3,1,9.851,506.28,실측(원자료 기반),SGIS실제인접,2019년판(2015~2019)
2019,경기도,포천시,0.059023340449461,0.0133110140596723,4,1,9.851,319.69,실측(원자료 기반),SGIS실제인접,2019년판(2015~2019)
2020,경기도,포천시,0.0960371881969421,0.0316924467324897,5,1,10.6565,319.69,실측(원자료 기반),SGIS실제인접,2024년판(2020~2024)
2021,경기도,포천시,0.0303351997960729,0.0116320842297076,6,1,10.6565,205.32,실측(원자료 기반),SGIS실제인접,2024년판(2020~2024)
2022,경기도,포천시,0.0983056887841233,0.0027960873020012,7,0,10.6565,306.66,실측(원자료 기반),centroid근접(대체),2024년판(2020~2024)
2023,경기도,포천시,0.149109422587841,0.0388360237851981,8,1,10.6565,319.69,추정(시군구 평균비중 x 국가총량),SGIS실제인접,2024년판(2020~2024)
2016,경기도,하남시,0.0358496528936972,0.2726953301434575,1,1,1.8576,282.07,추정(시군구 평균비중 x 국가총량),SGIS실제인접,2019년판(2015~2019)
2017,경기도,하남시,0.0677521020508184,0.1607573788781141,2,1,1.8576,456.62,실측(원자료 기반),SGIS실제인접,2019년판(2015~2019)
2018,경기도,하남시,0.0037927982386962,0.128393214768399,3,1,1.8576,456.62,실측(원자료 기반),SGIS실제인접,2019년판(2015~2019)
2019,경기도,하남시,0.009950330853168,0.1316421090517151,4,1,1.8576,282.07,실측(원자료 기반),SGIS실제인접,2019년판(2015~2019)
2020,경기도,하남시,0.004987541511039,0.1412391116927246,5,1,1.8896,282.07,실측(원자료 기반),SGIS실제인접,2024년판(2020~2024)
2021,경기도,하남시,0.0077697372643606,0.0441125746183209,6,1,1.8896,174.71,실측(원자료 기반),SGIS실제인접,2024년판(2020~2024)
2022,경기도,하남시,0.0078689583786951,0.0,7,0,1.8896,265.57,실측(원자료 기반),centroid근접(대체),2024년판(2020~2024)
2023,경기도,하남시,0.0272259862535914,0.2125273988510204,8,1,1.8896,282.07,추정(시군구 평균비중 x 국가총량),SGIS실제인접,2024년판(2020~2024)
2016,경기도,화성시,0.0009995003330835,0.0078689583786951,1,0,2.7003,276.0,추정(시군구 평균비중 x 국가총량),SGIS실제인접,2019년판(2015~2019)
2017,경기도,화성시,0.0,0.0065783153601225,0,0,2.7003,414.39,실측(원자료 기반),SGIS실제인접,2019년판(2015~2019)
2018,경기도,화성시,0.0003999200213269,0.0046889894861315,1,0,2.7003,414.39,실측(원자료 기반),SGIS실제인접,2019년판(2015~2019)
2019,경기도,화성시,9.999500033330834e-05,0.0042907814171562,2,0,2.7003,276.0,실측(원자료 기반),SGIS실제인접,2019년판(2015~2019)
2020,경기도,화성시,0.0013990209137073,0.000499875041651,3,0,2.3472,276.0,실측(원자료 기반),SGIS실제인접,2024년판(2020~2024)
2021,경기도,화성시,9.999500033330834e-05,0.0016985566355814,4,0,2.3472,183.45,실측(원자료 기반),SGIS실제인접,2024년판(2020~2024)
2022,경기도,화성시,0.0,0.0,5,0,2.3472,253.87,실측(원자료 기반),centroid근접(대체),2024년판(2020~2024)
2023,경기도,화성시,0.0007996801705643,0.0058826631581554,6,0,2.3472,276.0,추정(시군구 평균비중 x 국가총량),SGIS실제인접,2024년판(2020~2024)
2016,경상남도,거제시,0.4421826910433272,0.2311910828935104,1,1,29.2725,90.87,추정(시군구 평균비중 x 국가총량),centroid근접(대체),2019년판(2015~2019)
2017,경상남도,거제시,0.2824685053988935,0.1437539636446961,2,1,29.2725,249.61,실측(원자료 기반),centroid근접(대체),2019년판(2015~2019)
2018,경상남도,거제시,0.2948314546049925,0.1588823250601918,3,1,29.2725,249.61,실측(원자료 기반),centroid근접(대체),2019년판(2015~2019)
2019,경상남도,거제시,0.1677154044045924,0.076868444256577,4,1,29.2725,90.87,실측(원자료 기반),centroid근접(대체),2019년판(2015~2019)
2020,경상남도,거제시,0.1464352782295457,0.0500274935996481,5,1,29.1412,90.87,실측(원자료 기반),centroid근접(대체),2024년판(2020~2024)
2021,경상남도,거제시,0.1287449558905622,0.0732504617395926,6,1,29.1412,190.21,실측(원자료 기반),centroid근접(대체),2024년판(2020~2024)
2022,경상남도,거제시,0.1149345380920995,0.0585518869496154,7,1,29.1412,71.3,실측(원자료 기반),centroid근접(대체),2024년판(2020~2024)
2023,경상남도,거제시,0.3507272916688302,0.1794006283662909,8,1,29.1412,90.87,추정(시군구 평균비중 x 국가총량),centroid근접(대체),2024년판(2020~2024)
2016,경상남도,거창군,9.999500033330834e-05,0.029461710149619,1,0,25.6592,118.06,추정(시군구 평균비중 x 국가총량),SGIS실제인접,2019년판(2015~2019)
2017,경상남도,거창군,9.999500033330834e-05,0.009950330853168,2,0,25.6592,283.46,실측(원자료 기반),SGIS실제인접,2019년판(2015~2019)
2018,경상남도,거창군,9.999500033330834e-05,0.0062802379571504,3,0,25.6592,283.46,실측(원자료 기반),SGIS실제인접,2019년판(2015~2019)
2019,경상남도,거창군,0.0,0.0096532570281383,0,0,25.6592,118.06,실측(원자료 기반),SGIS실제인접,2019년판(2015~2019)
2020,경상남도,거창군,9.999500033330834e-05,0.0084640784121294,1,0,25.0756,118.06,실측(원자료 기반),SGIS실제인접,2024년판(2020~2024)
2021,경상남도,거창군,0.0,0.0095542128048116,2,0,25.0756,122.67,실측(원자료 기반),SGIS실제인접,2024년판(2020~2024)
2022,경상남도,거창군,0.0,9.999500033330834e-05,3,0,25.0756,84.29,실측(원자료 기반),centroid근접(대체),2024년판(2020~2024)
2023,경상남도,거창군,9.999500033330834e-05,0.0223484036637618,4,0,25.0756,118.06,추정(시군구 평균비중 x 국가총량),SGIS실제인접,2024년판(2020~2024)
2016,경상남도,고성군,0.087369646136907,0.3391116075581432,1,1,32.3546,100.58,추정(시군구 평균비중 x 국가총량),SGIS실제인접,2019년판(2015~2019)
2017,경상남도,고성군,0.0365247746823722,0.1726078646063155,2,1,32.3546,238.17,실측(원자료 기반),SGIS실제인접,2019년판(2015~2019)
2018,경상남도,고성군,0.0220549907808313,0.2237033945727238,3,1,32.3546,238.17,실측(원자료 기반),SGIS실제인접,2019년판(2015~2019)
2019,경상남도,고성군,0.0208804775793552,0.1332188437862227,4,1,32.3546,100.58,실측(원자료 기반),SGIS실제인접,2019년판(2015~2019)
2020,경상남도,고성군,0.009950330853168,0.0808423878441007,5,1,31.8763,100.58,실측(원자료 기반),SGIS실제인접,2024년판(2020~2024)
2021,경상남도,고성군,0.0589290675292874,0.0944916630927176,6,1,31.8763,179.07,실측(원자료 기반),SGIS실제인접,2024년판(2020~2024)
2022,경상남도,고성군,0.0195084663880429,0.1315544397403014,7,1,31.8763,70.19,실측(원자료 기반),centroid근접(대체),2024년판(2020~2024)
2023,경상남도,고성군,0.0667236320429081,0.2662030407746567,8,1,31.8763,100.58,추정(시군구 평균비중 x 국가총량),SGIS실제인접,2024년판(2020~2024)
2016,경상남도,김해시,0.2741408018851136,0.2448267621453517,1,1,16.363,43.48,추정(시군구 평균비중 x 국가총량),SGIS실제인접,2019년판(2015~2019)
2017,경상남도,김해시,0.2510699539550488,0.186064543072789,2,1,16.363,294.1,실측(원자료 기반),SGIS실제인접,2019년판(2015~2019)
2018,경상남도,김해시,0.2315877980968727,0.1475575643576146,3,1,16.363,294.1,실측(원자료 기반),SGIS실제인접,2019년판(2015~2019)
2019,경상남도,김해시,0.0935814136215305,0.0771462091766536,4,1,16.363,43.48,실측(원자료 기반),SGIS실제인접,2019년판(2015~2019)
2020,경상남도,김해시,0.0729716124558227,0.0421011760186353,5,1,15.9808,43.48,실측(원자료 기반),SGIS실제인접,2024년판(2020~2024)
2021,경상남도,김해시,0.0393168623769503,0.0486949215387585,6,1,15.9808,145.23,실측(원자료 기반),SGIS실제인접,2024년판(2020~2024)
2022,경상남도,김해시,0.0563803334361076,0.004987541511039,7,1,15.9808,25.61,실측(원자료 기반),centroid근접(대체),2024년판(2020~2024)
2023,경상남도,김해시,0.2137394712389158,0.1902070510679449,8,1,15.9808,43.48,추정(시군구 평균비중 x 국가총량),SGIS실제인접,2024년판(2020~2024)
2016,경상남도,남해군,0.0322735605502957,0.3485419607085434,1,1,28.5696,139.26,추정(시군구 평균비중 x 국가총량),centroid근접(대체),2019년판(2015~2019)
2017,경상남도,남해군,0.0344014267173324,0.1039995900184847,2,1,28.5696,200.51,실측(원자료 기반),centroid근접(대체),2019년판(2015~2019)
2018,경상남도,남해군,0.0272259862535914,0.1368010414921453,3,1,28.5696,200.51,실측(원자료 기반),centroid근접(대체),2019년판(2015~2019)
2019,경상남도,남해군,0.0132123314721348,0.1034587083682299,4,1,28.5696,139.26,실측(원자료 기반),centroid근접(대체),2019년판(2015~2019)
2020,경상남도,남해군,0.0052860044292373,0.084800601692465,5,1,28.2391,139.26,실측(원자료 기반),centroid근접(대체),2024년판(2020~2024)
2021,경상남도,남해군,0.0040916179032535,0.1497983650883945,6,1,28.2391,209.65,실측(원자료 기반),centroid근접(대체),2024년판(2020~2024)
2022,경상남도,남해군,0.0037927982386962,0.1658533640866473,7,1,28.2391,107.98,실측(원자료 기반),centroid근접(대체),2024년판(2020~2024)
2023,경상남도,남해군,0.0244974716003874,0.2738366656297278,8,1,28.2391,139.26,추정(시군구 평균비중 x 국가총량),centroid근접(대체),2024년판(2020~2024)
2016,경상남도,밀양시,0.500957089567385,0.4703785589508087,1,1,24.7244,36.49,추정(시군구 평균비중 x 국가총량),SGIS실제인접,2019년판(2015~2019)
2017,경상남도,밀양시,0.3421702577358506,0.3716325195717124,2,1,24.7244,308.28,실측(원자료 기반),SGIS실제인접,2019년판(2015~2019)
2018,경상남도,밀양시,0.2479532302227841,0.3165610320021576,3,1,24.7244,308.28,실측(원자료 기반),SGIS실제인접,2019년판(2015~2019)
2019,경상남도,밀양시,0.1590529298546003,0.2144660101205218,4,1,24.7244,36.49,실측(원자료 기반),SGIS실제인접,2019년판(2015~2019)
2020,경상남도,밀양시,0.0878277103655201,0.1660227838244519,5,1,24.236,36.49,실측(원자료 기반),SGIS실제인접,2024년판(2020~2024)
2021,경상남도,밀양시,0.0919408736983572,0.0996643231129453,6,1,24.236,120.0,실측(원자료 기반),SGIS실제인접,2024년판(2020~2024)
2022,경상남도,밀양시,0.3323207740701613,0.0563803334361076,7,1,24.236,0.0,실측(원자료 기반),centroid근접(대체),2024년판(2020~2024)
2023,경상남도,밀양시,0.3996482227865995,0.3741120304501421,8,1,24.236,36.49,추정(시군구 평균비중 x 국가총량),SGIS실제인접,2024년판(2020~2024)
2016,경상남도,사천시,0.4942083179425529,0.2199384203652614,1,1,29.0114,118.23,추정(시군구 평균비중 x 국가총량),SGIS실제인접,2019년판(2015~2019)
2017,경상남도,사천시,0.249590721329058,0.050312813873589,2,1,29.0114,225.84,실측(원자료 기반),SGIS실제인접,2019년판(2015~2019)
2018,경상남도,사천시,0.3256279348665349,0.0911195933674838,3,1,29.0114,225.84,실측(원자료 기반),SGIS실제인접,2019년판(2015~2019)
2019,경상남도,사천시,0.2210613851098851,0.0722276339968807,4,1,29.0114,118.23,실측(원자료 기반),SGIS실제인접,2019년판(2015~2019)
2020,경상남도,사천시,0.1120779034053505,0.0721345977591991,5,1,28.8087,118.23,실측(원자료 기반),SGIS실제인접,2024년판(2020~2024)
2021,경상남도,사천시,0.1393270652210992,0.0810268386423734,6,1,28.8087,182.59,실측(원자료 기반),SGIS실제인접,2024년판(2020~2024)
2022,경상남도,사천시,0.198276923584082,0.0869113719892964,7,1,28.8087,84.64,실측(원자료 기반),centroid근접(대체),2024년판(2020~2024)
2023,경상남도,사천시,0.3939321922944401,0.1704176522911302,8,1,28.8087,118.23,추정(시군구 평균비중 x 국가총량),SGIS실제인접,2024년판(2020~2024)
2016,경상남도,산청군,0.000899595242836,0.127161145616679,1,0,24.5953,119.92,추정(시군구 평균비중 x 국가총량),SGIS실제인접,2019년판(2015~2019)
2017,경상남도,산청군,0.0002999550089979,0.0304322071202019,2,0,24.5953,247.18,실측(원자료 기반),SGIS실제인접,2019년판(2015~2019)
2018,경상남도,산청군,0.0002999550089979,0.0568528115927828,3,0,24.5953,247.18,실측(원자료 기반),SGIS실제인접,2019년판(2015~2019)
2019,경상남도,산청군,0.000499875041651,0.0402778464985701,4,0,24.5953,119.92,실측(원자료 기반),SGIS실제인접,2019년판(2015~2019)
2020,경상남도,산청군,0.000499875041651,0.0399896482161584,5,0,24.1043,119.92,실측(원자료 기반),SGIS실제인접,2024년판(2020~2024)
2021,경상남도,산청군,0.0001999800026662,0.0371994409891062,6,0,24.1043,156.79,실측(원자료 기반),SGIS실제인접,2024년판(2020~2024)
2022,경상남도,산청군,9.999500033330834e-05,0.0809346174959992,7,0,24.1043,83.43,실측(원자료 기반),centroid근접(대체),2024년판(2020~2024)
2023,경상남도,산청군,0.0006997551142733,0.097489621277257,8,0,24.1043,119.92,추정(시군구 평균비중 x 국가총량),SGIS실제인접,2024년판(2020~2024)
2016,경상남도,양산시,0.2393318115107342,0.4667483365250629,1,1,15.389,20.8,추정(시군구 평균비중 x 국가총량),SGIS실제인접,2019년판(2015~2019)
2017,경상남도,양산시,0.2117994496135527,0.3839690477632776,2,1,15.389,316.94,실측(원자료 기반),SGIS실제인접,2019년판(2015~2019)
2018,경상남도,양산시,0.1058004188862116,0.2758877925690695,3,1,15.389,316.94,실측(원자료 기반),SGIS실제인접,2019년판(2015~2019)
2019,경상남도,양산시,0.0843411484337508,0.206282194238798,4,1,15.389,20.8,실측(원자료 기반),SGIS실제인접,2019년판(2015~2019)
2020,경상남도,양산시,0.0343048036919903,0.1544363533044189,5,1,15.144,20.8,실측(원자료 기반),SGIS실제인접,2024년판(2020~2024)
2021,경상남도,양산시,0.076220025911409,0.0935814136215305,6,1,15.144,132.82,실측(원자료 기반),SGIS실제인접,2024년판(2020~2024)
2022,경상남도,양산시,0.080750149685109,0.0523077796233448,7,1,15.144,25.21,실측(원자료 기반),centroid근접(대체),2024년판(2020~2024)
2023,경상남도,양산시,0.1858154460482104,0.371149677693044,8,1,15.144,20.8,추정(시군구 평균비중 x 국가총량),SGIS실제인접,2024년판(2020~2024)
2016,경상남도,의령군,0.1520341558554981,0.2207406666978994,1,1,33.45,84.38,추정(시군구 평균비중 x 국가총량),SGIS실제인접,2019년판(2015~2019)
2017,경상남도,의령군,0.0653194661206425,0.110288353894123,2,1,33.45,269.29,실측(원자료 기반),SGIS실제인접,2019년판(2015~2019)
2018,경상남도,의령군,0.0819485826471674,0.1272492009154635,3,1,33.45,269.29,실측(원자료 기반),SGIS실제인접,2019년판(2015~2019)
2019,경상남도,의령군,0.0410459694360009,0.0779790413165886,4,1,33.45,84.38,실측(원자료 기반),SGIS실제인접,2019년판(2015~2019)
2020,경상남도,의령군,0.0277124385665357,0.0510732701840006,5,1,32.6677,84.38,실측(원자료 기반),SGIS실제인접,2024년판(2020~2024)
2021,경상남도,의령군,0.0340148785872776,0.0591176044830888,6,1,32.6677,139.34,실측(원자료 기반),SGIS실제인접,2024년판(2020~2024)
2022,경상남도,의령군,0.0855352881062627,0.1026468369601427,7,1,32.6677,47.99,실측(원자료 기반),centroid근접(대체),2024년판(2020~2024)
2023,경상남도,의령군,0.1168937514714993,0.1710920748424058,8,1,32.6677,84.38,추정(시군구 평균비중 x 국가총량),SGIS실제인접,2024년판(2020~2024)
2016,경상남도,진주시,0.2522362255174821,0.2625950070751371,1,1,28.5207,103.28,추정(시군구 평균비중 x 국가총량),SGIS실제인접,2019년판(2015~2019)
2017,경상남도,진주시,0.0422929121902514,0.1257512053055603,2,1,28.5207,244.65,실측(원자료 기반),SGIS실제인접,2019년판(2015~2019)
2018,경상남도,진주시,0.1166268119317196,0.1602463491420971,3,1,28.5207,244.65,실측(원자료 기반),SGIS실제인접,2019년판(2015~2019)
2019,경상남도,진주시,0.0989399478549035,0.0892921074787618,4,1,28.5207,103.28,실측(원자료 기반),SGIS실제인접,2019년판(2015~2019)
2020,경상남도,진주시,0.0717623662268907,0.0603422290061617,5,1,28.269,103.28,실측(원자료 기반),SGIS실제인접,2024년판(2020~2024)
2021,경상남도,진주시,0.0765906021617125,0.0744579109180098,6,1,28.269,163.43,실측(원자료 기반),SGIS실제인접,2024년판(2020~2024)
2022,경상남도,진주시,0.120357496663734,0.1038193286389971,7,1,28.269,68.21,실측(원자료 기반),centroid근접(대체),2024년판(2020~2024)
2023,경상남도,진주시,0.196224461962946,0.2044091532579594,8,1,28.269,103.28,추정(시군구 평균비중 x 국가총량),SGIS실제인접,2024년판(2020~2024)
2016,경상남도,창녕군,0.4213384572644545,0.2841257562490037,1,1,29.3373,63.15,추정(시군구 평균비중 x 국가총량),SGIS실제인접,2019년판(2015~2019)
2017,경상남도,창녕군,0.3190353801097767,0.1307650698795525,2,1,29.3373,291.48,실측(원자료 기반),SGIS실제인접,2019년판(2015~2019)
2018,경상남도,창녕군,0.3090276264711589,0.1399358402975167,3,1,29.3373,291.48,실측(원자료 기반),SGIS실제인접,2019년판(2015~2019)
2019,경상남도,창녕군,0.1765549618996175,0.0794579213347155,4,1,29.3373,63.15,실측(원자료 기반),SGIS실제인접,2019년판(2015~2019)
2020,경상남도,창녕군,0.1116308161711853,0.0677521020508184,5,1,29.2347,63.15,실측(원자료 기반),SGIS실제인접,2024년판(2020~2024)
2021,경상남도,창녕군,0.1080469040831337,0.0801042442416614,6,1,29.2347,121.69,실측(원자료 기반),SGIS실제인접,2024년판(2020~2024)
2022,경상남도,창녕군,0.0936724758626351,0.2122039312758241,7,1,29.2347,26.93,실측(원자료 기반),centroid근접(대체),2024년판(2020~2024)
2023,경상남도,창녕군,0.3335393685365754,0.2217826256748682,8,1,29.2347,63.15,추정(시군구 평균비중 x 국가총량),SGIS실제인접,2024년판(2020~2024)
2016,경상남도,창원시,0.354733059701391,0.28450202144515,1,1,21.461,65.65,추정(시군구 평균비중 x 국가총량),SGIS실제인접,2019년판(2015~2019)
2017,경상남도,창원시,0.2717813229201039,0.1731126177086447,2,1,21.461,272.6,실측(원자료 기반),SGIS실제인접,2019년판(2015~2019)
2018,경상남도,창원시,0.3313879047118487,0.1639878501054499,3,1,21.461,272.6,실측(원자료 기반),SGIS실제인접,2019년판(2015~2019)
2019,경상남도,창원시,0.128041349880884,0.0951283450915772,4,1,21.461,65.65,실측(원자료 기반),SGIS실제인접,2019년판(2015~2019)
2020,경상남도,창원시,0.0687795153948257,0.0610950993598108,5,1,21.2103,65.65,실측(원자료 기반),SGIS실제인접,2024년판(2020~2024)
2021,경상남도,창원시,0.0698991273796671,0.0692461727368143,6,1,21.2103,153.84,실측(원자료 기반),SGIS실제인접,2024년판(2020~2024)
2022,경상남도,창원시,0.0828694778222946,0.0931259779894837,7,1,21.2103,37.19,실측(원자료 기반),centroid근접(대체),2024년판(2020~2024)
2023,경상남도,창원시,0.2789187867816239,0.2220229236455067,8,1,21.2103,65.65,추정(시군구 평균비중 x 국가총량),SGIS실제인접,2024년판(2020~2024)
2016,경상남도,통영시,0.2335690167977925,0.087369646136907,1,1,35.9871,108.96,추정(시군구 평균비중 x 국가총량),SGIS실제인접,2019년판(2015~2019)
2017,경상남도,통영시,0.1083161434834588,0.0365247746823722,2,1,35.9871,228.99,실측(원자료 기반),SGIS실제인접,2019년판(2015~2019)
2018,경상남도,통영시,0.0966728872602607,0.0220549907808313,3,1,35.9871,228.99,실측(원자료 기반),SGIS실제인접,2019년판(2015~2019)
2019,경상남도,통영시,0.0789035975954659,0.0208804775793552,4,1,35.9871,108.96,실측(원자료 기반),SGIS실제인접,2019년판(2015~2019)
2020,경상남도,통영시,0.0701788346212465,0.009950330853168,5,1,35.6398,108.96,실측(원자료 기반),SGIS실제인접,2024년판(2020~2024)
2021,경상남도,통영시,0.0906630348972421,0.0589290675292874,6,1,35.6398,198.06,실측(원자료 기반),SGIS실제인접,2024년판(2020~2024)
2022,경상남도,통영시,0.071948499312584,0.1135965065825405,7,1,35.6398,83.67,실측(원자료 기반),centroid근접(대체),2024년판(2020~2024)
2023,경상남도,통영시,0.181321056460371,0.0667236320429081,8,1,35.6398,108.96,추정(시군구 평균비중 x 국가총량),SGIS실제인접,2024년판(2020~2024)
2016,경상남도,하동군,0.3072640871795032,0.1485924040498269,1,1,22.9875,135.79,추정(시군구 평균비중 x 국가총량),SGIS실제인접,2019년판(2015~2019)
2017,경상남도,하동군,0.0716692866903596,0.0485044090596149,2,1,22.9875,220.3,실측(원자료 기반),SGIS실제인접,2019년판(2015~2019)
2018,경상남도,하동군,0.1312036856153444,0.0753857269058896,3,1,22.9875,220.3,실측(원자료 기반),SGIS실제인접,2019년판(2015~2019)
2019,경상남도,하동군,0.0948555310126788,0.0552454742259785,4,1,22.9875,135.79,실측(원자료 기반),SGIS실제인접,2019년판(2015~2019)
2020,경상남도,하동군,0.1310282624064041,0.0377773643340299,5,1,22.1191,135.79,실측(원자료 기반),SGIS실제인접,2024년판(2020~2024)
2021,경상남도,하동군,0.107148915517043,0.0443039255565244,6,1,22.1191,183.78,실측(원자료 기반),SGIS실제인접,2024년판(2020~2024)
2022,경상남도,하동군,0.1176052420742634,0.0910282983475638,7,1,22.1191,100.19,실측(원자료 기반),centroid근접(대체),2024년판(2020~2024)
2023,경상남도,하동군,0.240354588044564,0.1143103461774108,8,1,22.1191,135.79,추정(시군구 평균비중 x 국가총량),SGIS실제인접,2024년판(2020~2024)
2016,경상남도,함안군,0.3512200932557686,0.300252729625633,1,1,21.5052,74.32,추정(시군구 평균비중 x 국가총량),SGIS실제인접,2019년판(2015~2019)
2017,경상남도,함안군,0.151088854362856,0.1820715255387453,2,1,21.5052,269.37,실측(원자료 기반),SGIS실제인접,2019년판(2015~2019)
2018,경상남도,함안군,0.174793290373163,0.2159175062224701,3,1,21.5052,269.37,실측(원자료 기반),SGIS실제인접,2019년판(2015~2019)
2019,경상남도,함안군,0.1016536537264998,0.1123460598315384,4,1,21.5052,74.32,실측(원자료 기반),SGIS실제인접,2019년판(2015~2019)
2020,경상남도,함안군,0.0650383961792222,0.0704584636485614,5,1,21.5032,74.32,실측(원자료 기반),SGIS실제인접,2024년판(2020~2024)
2021,경상남도,함안군,0.1046302490780829,0.072506690786748,6,1,21.5032,146.44,실측(원자료 기반),SGIS실제인접,2024년판(2020~2024)
2022,경상남도,함안군,0.2035936920694943,0.087369646136907,7,1,21.5032,39.89,실측(원자료 기반),centroid근접(대체),2024년판(2020~2024)
2023,경상남도,함안군,0.2760395606677065,0.2347558666423757,8,1,21.5032,74.32,추정(시군구 평균비중 x 국가총량),SGIS실제인접,2024년판(2020~2024)
2016,경상남도,함양군,0.0006997551142733,0.0697126124113003,1,0,20.6388,132.87,추정(시군구 평균비중 x 국가총량),SGIS실제인접,2019년판(2015~2019)
2017,경상남도,함양군,0.0,0.0148886124937506,0,0,20.6388,258.18,실측(원자료 기반),SGIS실제인접,2019년판(2015~2019)
2018,경상남도,함양군,0.0002999550089979,0.0277124385665357,1,0,20.6388,258.18,실측(원자료 기반),SGIS실제인접,2019년판(2015~2019)
2019,경상남도,함양군,0.0001999800026662,0.0198026272961797,2,0,20.6388,132.87,실측(원자료 기반),SGIS실제인접,2019년판(2015~2019)
2020,경상남도,함양군,0.0001999800026662,0.0277124385665357,3,0,20.4223,132.87,실측(원자료 기반),SGIS실제인접,2024년판(2020~2024)
2021,경상남도,함양군,0.0003999200213269,0.02244618882983,4,0,20.4223,148.65,실측(원자료 기반),SGIS실제인접,2024년판(2020~2024)
2022,경상남도,함양군,0.0,0.0,5,0,20.4223,96.98,실측(원자료 기반),centroid근접(대체),2024년판(2020~2024)
2023,경상남도,함양군,0.000499875041651,0.0530667209366922,6,0,20.4223,132.87,추정(시군구 평균비중 x 국가총량),SGIS실제인접,2024년판(2020~2024)
2016,경상남도,합천군,0.0020977980821461,0.2139817095218235,1,0,33.0019,94.89,추정(시군구 평균비중 x 국가총량),SGIS실제인접,2019년판(2015~2019)
2017,경상남도,합천군,0.0003999200213269,0.0906630348972421,2,0,33.0019,279.05,실측(원자료 기반),SGIS실제인접,2019년판(2015~2019)
2018,경상남도,합천군,0.00129915573162,0.0960371881969421,3,1,33.0019,279.05,실측(원자료 기반),SGIS실제인접,2019년판(2015~2019)
2019,경상남도,합천군,0.0006997551142733,0.0625052053513971,4,0,33.0019,94.89,실측(원자료 기반),SGIS실제인접,2019년판(2015~2019)
2020,경상남도,합천군,0.0018981972830802,0.0611891683124224,5,1,32.4534,94.89,실측(원자료 기반),SGIS실제인접,2024년판(2020~2024)
2021,경상남도,합천군,9.999500033330834e-05,0.0727856697256476,6,0,32.4534,125.3,실측(원자료 기반),SGIS실제인접,2024년판(2020~2024)
2022,경상남도,합천군,0.0001999800026662,0.1127034899130848,7,0,32.4534,59.39,실측(원자료 기반),centroid근접(대체),2024년판(2020~2024)
2023,경상남도,합천군,0.001598721363697,0.1657686434528862,8,0,32.4534,94.89,추정(시군구 평균비중 x 국가총량),SGIS실제인접,2024년판(2020~2024)
2016,경상북도,경산시,0.0014988761237358,0.0831455810866688,1,0,17.4692,46.87,추정(시군구 평균비중 x 국가총량),SGIS실제인접,2019년판(2015~2019)
2017,경상북도,경산시,0.0002999550089979,0.0216636396360263,2,0,17.4692,337.57,실측(원자료 기반),SGIS실제인접,2019년판(2015~2019)
2018,경상북도,경산시,0.0002999550089979,0.0273232956488903,3,0,17.4692,337.57,실측(원자료 기반),SGIS실제인접,2019년판(2015~2019)
2019,경상북도,경산시,0.0003999200213269,0.0229349712824958,4,0,17.4692,46.87,실측(원자료 기반),SGIS실제인접,2019년판(2015~2019)
2020,경상북도,경산시,0.0003999200213269,0.0243022925229648,5,0,17.5241,46.87,실측(원자료 기반),SGIS실제인접,2024년판(2020~2024)
2021,경상북도,경산시,0.0005998200719676,0.0196065296389183,6,0,17.5241,82.82,실측(원자료 기반),SGIS실제인접,2024년판(2020~2024)
2022,경상북도,경산시,0.0006997551142733,0.0221528046411333,7,0,17.5241,37.26,실측(원자료 기반),centroid근접(대체),2024년판(2020~2024)
2023,경상북도,경산시,0.001199280575482,0.0634441725565347,8,0,17.5241,46.87,추정(시군구 평균비중 x 국가총량),SGIS실제인접,2024년판(2020~2024)
2016,경상북도,경주시,0.5586438872214662,0.8064312220132837,1,1,21.4506,31.44,추정(시군구 평균비중 x 국가총량),SGIS실제인접,2019년판(2015~2019)
2017,경상북도,경주시,0.3733550541899307,0.5818244819156791,2,1,21.4506,362.5,실측(원자료 기반),SGIS실제인접,2019년판(2015~2019)
2018,경상북도,경주시,0.3003267899848596,0.5363179165269265,3,1,21.4506,362.5,실측(원자료 기반),SGIS실제인접,2019년판(2015~2019)
2019,경상북도,경주시,0.265743164933027,0.4306129016408164,4,1,21.4506,31.44,실측(원자료 기반),SGIS실제인접,2019년판(2015~2019)
2020,경상북도,경주시,0.2228235001032844,0.3442277986369749,5,1,21.4662,31.44,실측(원자료 기반),SGIS실제인접,2024년판(2020~2024)
2021,경상북도,경주시,0.1521200480608332,0.1913638847781835,6,1,21.4662,93.13,실측(원자료 기반),SGIS실제인접,2024년판(2020~2024)
2022,경상북도,경주시,0.1530643757268367,0.4003855623648657,7,1,21.4662,54.39,실측(원자료 기반),centroid근접(대체),2024년판(2020~2024)
2023,경상북도,경주시,0.4480774989120402,0.6609854937515491,8,1,21.4662,31.44,추정(시군구 평균비중 x 국가총량),SGIS실제인접,2024년판(2020~2024)
2016,경상북도,고령군,0.4520942087021676,0.180403050971324,1,1,27.1567,82.55,추정(시군구 평균비중 x 국가총량),SGIS실제인접,2019년판(2015~2019)
2017,경상북도,고령군,0.0589290675292874,0.0983963218561933,2,1,27.1567,302.13,실측(원자료 기반),SGIS실제인접,2019년판(2015~2019)
2018,경상북도,고령군,0.1108255550888846,0.0918496536298789,3,1,27.1567,302.13,실측(원자료 기반),SGIS실제인접,2019년판(2015~2019)
2019,경상북도,고령군,0.0869113719892964,0.0616593803867277,4,1,27.1567,82.55,실측(원자료 기반),SGIS실제인접,2019년판(2015~2019)
2020,경상북도,고령군,0.167377109408132,0.0434425578428367,5,1,27.7642,82.55,실측(원자료 기반),SGIS실제인접,2024년판(2020~2024)
2021,경상북도,고령군,0.2311117209633866,0.0433468045033658,6,1,27.7642,102.75,실측(원자료 기반),SGIS실제인접,2024년판(2020~2024)
2022,경상북도,고령군,0.2379927541644155,0.0951283450915772,7,1,27.7642,51.12,실측(원자료 기반),centroid근접(대체),2024년판(2020~2024)
2023,경상북도,고령군,0.3589323939799476,0.1391530613925759,8,1,27.7642,82.55,추정(시군구 평균비중 x 국가총량),SGIS실제인접,2024년판(2020~2024)
2016,경상북도,구미시,0.9472078345088766,0.0515482618805766,1,1,18.6724,105.01,추정(시군구 평균비중 x 국가총량),SGIS실제인접,2019년판(2015~2019)
2017,경상북도,구미시,0.8027636268832683,0.0101483310518151,2,1,18.6724,349.07,실측(원자료 기반),SGIS실제인접,2019년판(2015~2019)
2018,경상북도,구미시,0.5163503344086906,0.006379606964039,3,1,18.6724,349.07,실측(원자료 기반),SGIS실제인접,2019년판(2015~2019)
2019,경상북도,구미시,0.4347002333764993,0.0165620882989782,4,1,18.6724,105.01,실측(원자료 기반),SGIS실제인접,2019년판(2015~2019)
2020,경상북도,구미시,0.3949432806485822,0.0153811020383023,5,1,18.7178,105.01,실측(원자료 기반),SGIS실제인접,2024년판(2020~2024)
2021,경상북도,구미시,0.3385415227425896,0.0231304173888543,6,1,18.7178,56.22,실측(원자료 기반),SGIS실제인접,2024년판(2020~2024)
2022,경상북도,구미시,0.2799018851328186,0.0205866336083883,7,1,18.7178,87.85,실측(원자료 기반),centroid근접(대체),2024년판(2020~2024)
2023,경상북도,구미시,0.785042445264201,0.0314986670593709,8,1,18.7178,105.01,추정(시군구 평균비중 x 국가총량),SGIS실제인접,2024년판(2020~2024)
2016,경상북도,김천시,0.033628180979984,0.2417690154373746,1,1,11.8597,115.41,추정(시군구 평균비중 x 국가총량),SGIS실제인접,2019년판(2015~2019)
2017,경상북도,김천시,0.004191204618468,0.1742893850966903,2,1,11.8597,322.99,실측(원자료 기반),SGIS실제인접,2019년판(2015~2019)
2018,경상북도,김천시,0.0030952049073024,0.1002072604170255,3,1,11.8597,322.99,실측(원자료 기반),SGIS실제인접,2019년판(2015~2019)
2019,경상북도,김천시,0.0054849302305696,0.090936994992102,4,1,11.8597,115.41,실측(원자료 기반),SGIS실제인접,2019년판(2015~2019)
2020,경상북도,김천시,0.0071742037480003,0.0801042442416614,5,1,11.8772,115.41,실측(원자료 기반),SGIS실제인접,2024년판(2020~2024)
2021,경상북도,김천시,0.0220549907808313,0.070644839569332,6,1,11.8772,85.44,실측(원자료 기반),SGIS실제인접,2024년판(2020~2024)
2022,경상북도,김천시,0.0130149370774946,0.1261920252377593,7,1,11.8772,89.58,실측(원자료 기반),centroid근접(대체),2024년판(2020~2024)
2023,경상북도,김천시,0.025472795973031,0.1878064870245243,8,1,11.8772,115.41,추정(시군구 평균비중 x 국가총량),SGIS실제인접,2024년판(2020~2024)
2016,경상북도,문경시,9.999500033330834e-05,0.0038924147153438,1,0,16.911,157.72,추정(시군구 평균비중 x 국가총량),SGIS실제인접,2019년판(2015~2019)
2017,경상북도,문경시,0.0,0.0017983819413793,2,0,16.911,389.24,실측(원자료 기반),SGIS실제인접,2019년판(2015~2019)
2018,경상북도,문경시,0.0,0.000499875041651,0,0,16.911,389.24,실측(원자료 기반),SGIS실제인접,2019년판(2015~2019)
2019,경상북도,문경시,0.0,0.0005998200719676,0,0,16.911,157.72,실측(원자료 기반),SGIS실제인접,2019년판(2015~2019)
2020,경상북도,문경시,0.0,0.0007996801705643,0,0,16.8865,157.72,실측(원자료 기반),SGIS실제인접,2024년판(2020~2024)
2021,경상북도,문경시,0.0,0.0016985566355814,1,0,16.8865,57.77,실측(원자료 기반),SGIS실제인접,2024년판(2020~2024)
2022,경상북도,문경시,9.999500033330834e-05,0.0033942330680155,2,0,16.8865,144.3,실측(원자료 기반),centroid근접(대체),2024년판(2020~2024)
2023,경상북도,문경시,9.999500033330834e-05,0.0028958031120255,3,0,16.8865,157.72,추정(시군구 평균비중 x 국가총량),SGIS실제인접,2024년판(2020~2024)
2016,경상북도,봉화군,9.999500033330834e-05,0.0874612757699945,1,0,34.3888,155.98,추정(시군구 평균비중 x 국가총량),SGIS실제인접,2019년판(2015~2019)
2017,경상북도,봉화군,0.0,0.0629747991613884,0,0,34.3888,443.81,실측(원자료 기반),SGIS실제인접,2019년판(2015~2019)
2018,경상북도,봉화군,0.0,0.029073247485707,1,0,34.3888,443.81,실측(원자료 기반),SGIS실제인접,2019년판(2015~2019)
2019,경상북도,봉화군,0.0,0.0299470763679521,0,0,34.3888,155.98,실측(원자료 기반),SGIS실제인접,2019년판(2015~2019)
2020,경상북도,봉화군,0.0,0.026349775322782,1,0,34.3439,155.98,실측(원자료 기반),SGIS실제인접,2024년판(2020~2024)
2021,경상북도,봉화군,0.0,0.0257652078860264,2,0,34.3439,41.02,실측(원자료 기반),SGIS실제인접,2024년판(2020~2024)
2022,경상북도,봉화군,0.0,0.0039920212695374,3,0,34.3439,159.66,실측(원자료 기반),centroid근접(대체),2024년판(2020~2024)
2023,경상북도,봉화군,0.0,0.0667236320429081,4,0,34.3439,155.98,추정(시군구 평균비중 x 국가총량),SGIS실제인접,2024년판(2020~2024)
2016,경상북도,상주시,0.0201947072855192,0.166107482930927,1,1,14.4802,140.77,추정(시군구 평균비중 x 국가총량),SGIS실제인접,2019년판(2015~2019)
2017,경상북도,상주시,0.0105442138756711,0.1287449558905622,2,1,14.4802,359.72,실측(원자료 기반),SGIS실제인접,2019년판(2015~2019)
2018,경상북도,상주시,0.0029955089797984,0.0727856697256476,3,1,14.4802,359.72,실측(원자료 기반),SGIS실제인접,2019년판(2015~2019)
2019,경상북도,상주시,0.0030952049073024,0.0594003432814475,4,1,14.4802,140.77,실측(원자료 기반),SGIS실제인접,2019년판(2015~2019)
2020,경상북도,상주시,0.0036931718376175,0.0537303224209677,5,1,14.5004,140.77,실측(원자료 기반),SGIS실제인접,2024년판(2020~2024)
2021,경상북도,상주시,0.0094551587707551,0.0467881614987589,6,1,14.5004,66.01,실측(원자료 기반),SGIS실제인접,2024년판(2020~2024)
2022,경상북도,상주시,0.0093560949240249,0.1022857935407501,7,1,14.5004,122.11,실측(원자료 기반),centroid근접(대체),2024년판(2020~2024)
2023,경상북도,상주시,0.0152826235311569,0.1279533643104608,8,1,14.5004,140.77,추정(시군구 평균비중 x 국가총량),SGIS실제인접,2024년판(2020~2024)
2016,경상북도,성주군,0.1578580846155803,0.1522918103422586,1,1,19.6496,95.18,추정(시군구 평균비중 x 국가총량),SGIS실제인접,2019년판(2015~2019)
2017,경상북도,성주군,0.062880898039201,0.0268366539535596,2,1,19.6496,314.7,실측(원자료 기반),SGIS실제인접,2019년판(2015~2019)
2018,경상북도,성주군,0.0386436235922044,0.0346912397899303,3,1,19.6496,314.7,실측(원자료 기반),SGIS실제인접,2019년판(2015~2019)
2019,경상북도,성주군,0.0591176044830888,0.0349809688952455,4,1,19.6496,95.18,실측(원자료 기반),SGIS실제인접,2019년판(2015~2019)
2020,경상북도,성주군,0.0485044090596149,0.0464063728141557,5,1,19.6435,95.18,실측(원자료 기반),SGIS실제인접,2024년판(2020~2024)
2021,경상북도,성주군,0.0429636994321156,0.0605304997400323,6,1,19.6435,89.37,실측(원자료 기반),SGIS실제인접,2024년판(2020~2024)
2022,경상북도,성주군,0.0773313429363234,0.1065198433776727,7,1,19.6435,67.73,실측(원자료 기반),centroid근접(대체),2024년판(2020~2024)
2023,경상북도,성주군,0.1215094173971972,0.1171606197735768,8,1,19.6435,95.18,추정(시군구 평균비중 x 국가총량),SGIS실제인접,2024년판(2020~2024)
2016,경상북도,안동시,0.4878435473740665,0.0039920212695374,1,0,32.7691,120.48,추정(시군구 평균비중 x 국가총량),SGIS실제인접,2019년판(2015~2019)
2017,경상북도,안동시,0.3741120304501421,0.0002999550089979,2,0,32.7691,403.97,실측(원자료 기반),SGIS실제인접,2019년판(2015~2019)
2018,경상북도,안동시,0.1875578235892009,0.0001999800026662,3,0,32.7691,403.97,실측(원자료 기반),SGIS실제인접,2019년판(2015~2019)
2019,경상북도,안동시,0.192601866201511,0.0001999800026662,4,0,32.7691,120.48,실측(원자료 기반),SGIS실제인접,2019년판(2015~2019)
2020,경상북도,안동시,0.1710920748424058,0.000899595242836,5,0,33.8853,120.48,실측(원자료 기반),SGIS실제인접,2024년판(2020~2024)
2021,경상북도,안동시,0.1649210421137872,0.0014988761237358,6,1,33.8853,0.0,실측(원자료 기반),SGIS실제인접,2024년판(2020~2024)
2022,경상북도,안동시,0.1516045841318941,0.0025966258472659,7,0,33.8853,120.0,실측(원자료 기반),centroid근접(대체),2024년판(2020~2024)
2023,경상북도,안동시,0.3886579897917831,0.0029955089797984,8,0,33.8853,120.48,추정(시군구 평균비중 x 국가총량),SGIS실제인접,2024년판(2020~2024)
2016,경상북도,영덕군,0.047646653467353,0.2426324038980567,1,1,29.2505,104.55,추정(시군구 평균비중 x 국가총량),SGIS실제인접,2019년판(2015~2019)
2017,경상북도,영덕군,0.0150856374180408,0.2660497723246671,2,1,29.2505,422.36,실측(원자료 기반),SGIS실제인접,2019년판(2015~2019)
2018,경상북도,영덕군,0.0134096869099176,0.1560631356315875,3,1,29.2505,422.36,실측(원자료 기반),SGIS실제인접,2019년판(2015~2019)
2019,경상북도,영덕군,0.0122249696225689,0.076220025911409,4,1,29.2505,104.55,실측(원자료 기반),SGIS실제인접,2019년판(2015~2019)
2020,경상북도,영덕군,0.0056838164682976,0.062411260121397,5,1,30.7818,104.55,실측(원자료 기반),SGIS실제인접,2024년판(2020~2024)
2021,경상북도,영덕군,0.017348638334613,0.0442082546643203,6,1,30.7818,49.35,실측(원자료 기반),SGIS실제인접,2024년판(2020~2024)
2022,경상북도,영덕군,0.0281986543586787,0.0698991273796671,7,1,30.7818,119.08,실측(원자료 기반),centroid근접(대체),2024년판(2020~2024)
2023,경상북도,영덕군,0.0362354925820954,0.1884692873801887,8,1,30.7818,104.55,추정(시군구 평균비중 x 국가총량),SGIS실제인접,2024년판(2020~2024)
2016,경상북도,영양군,0.0,0.1270730825634761,1,0,31.0553,127.7,추정(시군구 평균비중 x 국가총량),SGIS실제인접,2019년판(2015~2019)
2017,경상북도,영양군,0.0,0.0896578719305353,2,0,31.0553,432.47,실측(원자료 기반),SGIS실제인접,2019년판(2015~2019)
2018,경상북도,영양군,0.0,0.0430594894604469,0,0,31.0553,432.47,실측(원자료 기반),SGIS실제인접,2019년판(2015~2019)
2019,경상북도,영양군,0.0,0.0439211870579281,0,0,31.0553,127.7,실측(원자료 기반),SGIS실제인접,2019년판(2015~2019)
2020,경상북도,영양군,0.0,0.0377773643340299,0,0,30.9662,127.7,실측(원자료 기반),SGIS실제인접,2024년판(2020~2024)
2021,경상북도,영양군,0.0,0.0386436235922044,0,0,30.9662,35.09,실측(원자료 기반),SGIS실제인접,2024년판(2020~2024)
2022,경상북도,영양군,0.0,0.0094551587707551,0,0,30.9662,136.69,실측(원자료 기반),centroid근접(대체),2024년판(2020~2024)
2023,경상북도,영양군,0.0,0.097489621277257,1,0,30.9662,127.7,추정(시군구 평균비중 x 국가총량),SGIS실제인접,2024년판(2020~2024)
2016,경상북도,영주시,0.0106431600984798,0.1187603357208428,1,1,21.9685,156.23,추정(시군구 평균비중 x 국가총량),SGIS실제인접,2019년판(2015~2019)
2017,경상북도,영주시,0.00129915573162,0.0869113719892964,2,1,21.9685,424.2,실측(원자료 기반),SGIS실제인접,2019년판(2015~2019)
2018,경상북도,영주시,0.000499875041651,0.0404699325537132,3,0,21.9685,424.2,실측(원자료 기반),SGIS실제인접,2019년판(2015~2019)
2019,경상북도,영주시,0.0003999200213269,0.0416216746908194,4,0,21.9685,156.23,실측(원자료 기반),SGIS실제인접,2019년판(2015~2019)
2020,경상북도,영주시,0.0002999550089979,0.0367175829351627,5,0,22.0837,156.23,실측(원자료 기반),SGIS실제인접,2024년판(2020~2024)
2021,경상북도,영주시,0.0030952049073024,0.0352706140819192,6,1,22.0837,36.08,실측(원자료 기반),SGIS실제인접,2024년판(2020~2024)
2022,경상북도,영주시,0.0120273802127184,0.0003999200213269,7,0,22.0837,153.17,실측(원자료 기반),centroid근접(대체),2024년판(2020~2024)
2023,경상북도,영주시,0.0080673710777587,0.090936994992102,8,1,22.0837,156.23,추정(시군구 평균비중 x 국가총량),SGIS실제인접,2024년판(2020~2024)
2016,경상북도,영천시,0.0117309228756986,0.2919230667090354,1,1,24.2752,56.64,추정(시군구 평균비중 x 국가총량),SGIS실제인접,2019년판(2015~2019)
2017,경상북도,영천시,0.000499875041651,0.2503695375678011,2,0,24.2752,360.83,실측(원자료 기반),SGIS실제인접,2019년판(2015~2019)
2018,경상북도,영천시,0.001199280575482,0.1671233130360578,3,1,24.2752,360.83,실측(원자료 기반),SGIS실제인접,2019년판(2015~2019)
2019,경상북도,영천시,0.0021975835434872,0.1067894941815177,4,1,24.2752,56.64,실측(원자료 기반),SGIS실제인접,2019년판(2015~2019)
2020,경상북도,영천시,0.0028958031120255,0.0923056707840261,5,1,24.3658,56.64,실측(원자료 기반),SGIS실제인접,2024년판(2020~2024)
2021,경상북도,영천시,0.004191204618468,0.0652257849177074,6,1,24.3658,64.3,실측(원자료 기반),SGIS실제인접,2024년판(2020~2024)
2022,경상북도,영천시,0.0084640784121294,0.0119285708652738,7,1,24.3658,59.03,실측(원자료 기반),centroid근접(대체),2024년판(2020~2024)
2023,경상북도,영천시,0.0088606284321965,0.1984409386738379,8,1,24.3658,56.64,추정(시군구 평균비중 x 국가총량),SGIS실제인접,2024년판(2020~2024)
2016,경상북도,예천군,0.0007996801705643,0.1063400357713265,1,0,16.8165,140.9,추정(시군구 평균비중 x 국가총량),SGIS실제인접,2019년판(2015~2019)
2017,경상북도,예천군,0.0,0.0748291406206489,0,0,16.8165,395.7,실측(원자료 기반),SGIS실제인접,2019년판(2015~2019)
2018,경상북도,예천군,0.0,0.0344980404075674,1,0,16.8165,395.7,실측(원자료 기반),SGIS실제인접,2019년판(2015~2019)
2019,경상북도,예천군,0.0,0.035463664275569,2,0,16.8165,140.9,실측(원자료 기반),SGIS실제인접,2019년판(2015~2019)
2020,경상북도,예천군,0.0,0.0321767316952212,3,0,16.7986,140.9,실측(원자료 기반),SGIS실제인접,2024년판(2020~2024)
2021,경상북도,예천군,0.0001999800026662,0.0324671901375014,4,0,16.7986,33.01,실측(원자료 기반),SGIS실제인접,2024년판(2020~2024)
2022,경상북도,예천군,0.000899595242836,0.0569472804417501,5,0,16.7986,132.36,실측(원자료 기반),centroid근접(대체),2024년판(2020~2024)
2023,경상북도,예천군,0.0005998200719676,0.081395638203994,6,0,16.7986,140.9,추정(시군구 평균비중 x 국가총량),SGIS실제인접,2024년판(2020~2024)
2016,경상북도,울릉군,0.0,0.0003999200213269,0,0,8.4875,263.95,추정(시군구 평균비중 x 국가총량),centroid근접(대체),2019년판(2015~2019)
2017,경상북도,울릉군,0.0,0.0,0,0,8.4875,597.74,실측(원자료 기반),centroid근접(대체),2019년판(2015~2019)
2018,경상북도,울릉군,0.0,0.0,0,0,8.4875,597.74,실측(원자료 기반),centroid근접(대체),2019년판(2015~2019)
2019,경상북도,울릉군,0.0,0.0,0,0,8.4875,263.95,실측(원자료 기반),centroid근접(대체),2019년판(2015~2019)
2020,경상북도,울릉군,0.0,0.0,0,0,8.552,263.95,실측(원자료 기반),centroid근접(대체),2024년판(2020~2024)
2021,경상북도,울릉군,0.0,0.0,0,0,8.552,211.76,실측(원자료 기반),centroid근접(대체),2024년판(2020~2024)
2022,경상북도,울릉군,0.0,0.0005998200719676,0,0,8.552,289.78,실측(원자료 기반),centroid근접(대체),2024년판(2020~2024)
2023,경상북도,울릉군,0.0,0.0002999550089979,0,0,8.552,263.95,추정(시군구 평균비중 x 국가총량),centroid근접(대체),2024년판(2020~2024)
2016,경상북도,울진군,0.0,0.0121261797978405,1,0,39.1617,151.09,추정(시군구 평균비중 x 국가총량),SGIS실제인접,2019년판(2015~2019)
2017,경상북도,울진군,0.0,0.0037927982386962,2,0,39.1617,459.92,실측(원자료 기반),SGIS실제인접,2019년판(2015~2019)
2018,경상북도,울진군,0.0,0.0033942330680155,0,0,39.1617,459.92,실측(원자료 기반),SGIS실제인접,2019년판(2015~2019)
2019,경상북도,울진군,0.0,0.0030952049073024,0,0,39.1617,151.09,실측(원자료 기반),SGIS실제인접,2019년판(2015~2019)
2020,경상북도,울진군,0.0,0.0013990209137073,0,0,39.3629,151.09,실측(원자료 기반),SGIS실제인접,2024년판(2020~2024)
2021,경상북도,울진군,0.0,0.0043903483012928,1,0,39.3629,59.6,실측(원자료 기반),SGIS실제인접,2024년판(2020~2024)
2022,경상북도,울진군,0.0,0.0,0,0,39.3629,162.86,실측(원자료 기반),centroid근접(대체),2024년판(2020~2024)
2023,경상북도,울진군,0.0,0.0091579377847656,1,0,39.3629,151.09,추정(시군구 평균비중 x 국가총량),SGIS실제인접,2024년판(2020~2024)
2016,경상북도,의성군,0.0124225199985571,0.3685936333322597,1,1,29.6495,104.23,추정(시군구 평균비중 x 국가총량),SGIS실제인접,2019년판(2015~2019)
2017,경상북도,의성군,0.0005998200719676,0.2920724207530738,2,0,29.6495,375.61,실측(원자료 기반),SGIS실제인접,2019년판(2015~2019)
2018,경상북도,의성군,0.0005998200719676,0.1629688282781396,3,0,29.6495,375.61,실측(원자료 기반),SGIS실제인접,2019년판(2015~2019)
2019,경상북도,의성군,0.0005998200719676,0.1414995622736995,4,0,29.6495,104.23,실측(원자료 기반),SGIS실제인접,2019년판(2015~2019)
2020,경상북도,의성군,0.0051865266873,0.1265445413249562,5,1,29.6679,104.23,실측(원자료 기반),SGIS실제인접,2024년판(2020~2024)
2021,경상북도,의성군,0.0058826631581554,0.1118990924974087,6,1,29.6679,28.36,실측(원자료 기반),SGIS실제인접,2024년판(2020~2024)
2022,경상북도,의성군,0.0069756137364252,0.1503147606588681,7,1,29.6679,97.08,실측(원자료 기반),centroid근접(대체),2024년판(2020~2024)
2023,경상북도,의성군,0.0093560949240249,0.2473287181025647,8,1,29.6679,104.23,추정(시군구 평균비중 x 국가총량),SGIS실제인접,2024년판(2020~2024)
2016,경상북도,청도군,0.1481613509805205,0.4591322493571004,1,1,25.0538,38.99,추정(시군구 평균비중 x 국가총량),SGIS실제인접,2019년판(2015~2019)
2017,경상북도,청도군,0.0330478540462003,0.333109445916024,2,1,25.0538,322.52,실측(원자료 기반),SGIS실제인접,2019년판(2015~2019)
2018,경상북도,청도군,0.0595887914116575,0.2636711024902777,3,1,25.0538,322.52,실측(원자료 기반),SGIS실제인접,2019년판(2015~2019)
2019,경상북도,청도군,0.0520230280671519,0.2055496829131617,4,1,25.0538,38.99,실측(원자료 기반),SGIS실제인접,2019년판(2015~2019)
2020,경상북도,청도군,0.0685927914656117,0.1610127958477032,5,1,25.0419,38.99,실측(원자료 기반),SGIS실제인접,2024년판(2020~2024)
2021,경상북도,청도군,0.055623903747997,0.0928526170146163,6,1,25.0419,100.65,실측(원자료 기반),SGIS실제인접,2024년판(2020~2024)
2022,경상북도,청도군,0.0314017631395316,0.123632560445275,7,1,25.0419,19.36,실측(원자료 기반),centroid근접(대체),2024년판(2020~2024)
2023,경상북도,청도군,0.113864256149047,0.3647819928326293,8,1,25.0419,38.99,추정(시군구 평균비중 x 국가총량),SGIS실제인접,2024년판(2020~2024)
2016,경상북도,청송군,0.0,0.2624411845859859,1,0,27.6572,90.74,추정(시군구 평균비중 x 국가총량),SGIS실제인접,2019년판(2015~2019)
2017,경상북도,청송군,0.0,0.2480312668219887,2,0,27.6572,397.18,실측(원자료 기반),SGIS실제인접,2019년판(2015~2019)
2018,경상북도,청송군,0.0,0.1393270652210992,0,0,27.6572,397.18,실측(원자료 기반),SGIS실제인접,2019년판(2015~2019)
2019,경상북도,청송군,0.0,0.0868196919525601,0,0,27.6572,90.74,실측(원자료 기반),SGIS실제인접,2019년판(2015~2019)
2020,경상북도,청송군,0.0,0.0735292332881155,0,0,27.6575,90.74,실측(원자료 기반),SGIS실제인접,2024년판(2020~2024)
2021,경상북도,청송군,0.0,0.0625991417565199,0,0,27.6575,35.09,실측(원자료 기반),SGIS실제인접,2024년판(2020~2024)
2022,경상북도,청송군,0.0,0.1279533643104608,0,0,27.6575,98.25,실측(원자료 기반),centroid근접(대체),2024년판(2020~2024)
2023,경상북도,청송군,0.0,0.1775602396922441,1,0,27.6575,90.74,추정(시군구 평균비중 x 국가총량),SGIS실제인접,2024년판(2020~2024)
2016,경상북도,칠곡군,0.1348804821938181,0.3623488170345363,1,1,20.2892,83.73,추정(시군구 평균비중 x 국가총량),SGIS실제인접,2019년판(2015~2019)
2017,경상북도,칠곡군,0.0251802985302982,0.2395679297283516,2,1,20.2892,335.7,실측(원자료 기반),SGIS실제인접,2019년판(2015~2019)
2018,경상북도,칠곡군,0.0188217542405877,0.1429741689511069,3,1,20.2892,335.7,실측(원자료 기반),SGIS실제인접,2019년판(2015~2019)
2019,경상북도,칠곡군,0.0560021901152847,0.1238976366562374,4,1,20.2892,83.73,실측(원자료 기반),SGIS실제인접,2019년판(2015~2019)
2020,경상북도,칠곡군,0.0448777587780854,0.1128821570566724,5,1,20.4181,83.73,실측(원자료 기반),SGIS실제인접,2024년판(2020~2024)
2021,경상북도,칠곡군,0.0542040540135121,0.1037291857624768,6,1,20.4181,68.83,실측(원자료 기반),SGIS실제인접,2024년판(2020~2024)
2022,경상북도,칠곡군,0.0540145883062382,0.1184050643786212,7,1,20.4181,64.52,실측(원자료 기반),centroid근접(대체),2024년판(2020~2024)
2023,경상북도,칠곡군,0.1035488756285588,0.2490451888368628,8,1,20.4181,83.73,추정(시군구 평균비중 x 국가총량),SGIS실제인접,2024년판(2020~2024)
2016,경상북도,포항시,0.7411751495705269,0.1841532116229246,1,1,19.0899,61.6,추정(시군구 평균비중 x 국가총량),SGIS실제인접,2019년판(2015~2019)
2017,경상북도,포항시,0.7971467705784301,0.1107360415946656,2,1,19.0899,388.44,실측(원자료 기반),SGIS실제인접,2019년판(2015~2019)
2018,경상북도,포항시,0.5162309884245414,0.0872780081070606,3,1,19.0899,388.44,실측(원자료 기반),SGIS실제인접,2019년판(2015~2019)
2019,경상북도,포항시,0.2752804897340374,0.0766832247709576,4,1,19.0899,61.6,실측(원자료 기반),SGIS실제인접,2019년판(2015~2019)
2020,경상북도,포항시,0.229205142692805,0.0625052053513971,5,1,19.3423,61.6,실측(원자료 기반),SGIS실제인접,2024년판(2020~2024)
2021,경상북도,포항시,0.1663615372152252,0.0454512629039173,6,1,19.3423,71.78,실측(원자료 기반),SGIS실제인접,2024년판(2020~2024)
2022,경상북도,포항시,0.1965531390406789,0.0563803334361076,7,1,19.3423,80.77,실측(원자료 기반),centroid근접(대체),2024년판(2020~2024)
2023,경상북도,포항시,0.6042066712632979,0.1421937657031752,8,1,19.3423,61.6,추정(시군구 평균비중 x 국가총량),SGIS실제인접,2024년판(2020~2024)
2016,광주광역시,광산구,0.0314986670593709,0.0089597413714719,1,1,11.0415,225.23,추정(시군구 평균비중 x 국가총량),SGIS실제인접,2019년판(2015~2019)
2017,광주광역시,광산구,0.0007996801705643,0.0298500219688853,2,0,11.0415,192.05,실측(원자료 기반),SGIS실제인접,2019년판(2015~2019)
2018,광주광역시,광산구,0.0,9.999500033330834e-05,0,0,11.0415,192.05,실측(원자료 기반),SGIS실제인접,2019년판(2015~2019)
2019,광주광역시,광산구,0.0001999800026662,0.0,1,0,11.0415,225.23,실측(원자료 기반),SGIS실제인접,2019년판(2015~2019)
2020,광주광역시,광산구,0.001598721363697,0.000899595242836,2,0,11.3006,225.23,실측(원자료 기반),SGIS실제인접,2024년판(2020~2024)
2021,광주광역시,광산구,0.0121261797978405,0.0002999550089979,3,0,11.3006,241.09,실측(원자료 기반),SGIS실제인접,2024년판(2020~2024)
2022,광주광역시,광산구,0.0337248694016208,0.0001999800026662,4,0,11.3006,188.76,실측(원자료 기반),centroid근접(대체),2024년판(2020~2024)
2023,광주광역시,광산구,0.0239118200463128,0.0067769842790237,5,1,11.3006,225.23,추정(시군구 평균비중 x 국가총량),SGIS실제인접,2024년판(2020~2024)
2016,광주광역시,남구,0.001199280575482,0.0155780299633184,1,0,7.0447,217.74,추정(시군구 평균비중 x 국가총량),SGIS실제인접,2019년판(2015~2019)
2017,광주광역시,남구,0.0001999800026662,0.0357531697058178,2,0,7.0447,185.54,실측(원자료 기반),SGIS실제인접,2019년판(2015~2019)
2018,광주광역시,남구,0.0,9.999500033330834e-05,0,0,7.0447,185.54,실측(원자료 기반),SGIS실제인접,2019년판(2015~2019)
2019,광주광역시,남구,0.0,0.0,0,0,7.0447,217.74,실측(원자료 기반),SGIS실제인접,2019년판(2015~2019)
2020,광주광역시,남구,0.00129915573162,0.0010993954433009,1,0,7.0618,217.74,실측(원자료 기반),SGIS실제인접,2024년판(2020~2024)
2021,광주광역시,남구,0.0002999550089979,0.0026963615477426,2,0,7.0618,239.46,실측(원자료 기반),SGIS실제인접,2024년판(2020~2024)
2022,광주광역시,남구,0.0001999800026662,0.011533235813673,3,0,7.0618,181.37,실측(원자료 기반),centroid근접(대체),2024년판(2020~2024)
2023,광주광역시,남구,0.000899595242836,0.0118297517535772,4,0,7.0618,217.74,추정(시군구 평균비중 x 국가총량),SGIS실제인접,2024년판(2020~2024)
2016,광주광역시,동구,0.0,0.001199280575482,0,0,16.0852,208.91,추정(시군구 평균비중 x 국가총량),SGIS실제인접,2019년판(2015~2019)
2017,광주광역시,동구,0.0,0.0002999550089979,0,0,16.0852,189.65,실측(원자료 기반),SGIS실제인접,2019년판(2015~2019)
2018,광주광역시,동구,0.0,9.999500033330834e-05,0,0,16.0852,189.65,실측(원자료 기반),SGIS실제인접,2019년판(2015~2019)
2019,광주광역시,동구,0.0,0.0,0,0,16.0852,208.91,실측(원자료 기반),SGIS실제인접,2019년판(2015~2019)
2020,광주광역시,동구,0.0,0.00129915573162,0,0,16.0853,208.91,실측(원자료 기반),SGIS실제인접,2024년판(2020~2024)
2021,광주광역시,동구,0.0,0.0002999550089979,0,0,16.0853,231.62,실측(원자료 기반),SGIS실제인접,2024년판(2020~2024)
2022,광주광역시,동구,0.0,0.0001999800026662,0,0,16.0853,172.55,실측(원자료 기반),centroid근접(대체),2024년판(2020~2024)
2023,광주광역시,동구,0.0,0.000899595242836,0,0,16.0853,208.91,추정(시군구 평균비중 x 국가총량),SGIS실제인접,2024년판(2020~2024)
2016,광주광역시,북구,0.0,0.0071742037480003,0,0,10.7374,209.21,추정(시군구 평균비중 x 국가총량),SGIS실제인접,2019년판(2015~2019)
2017,광주광역시,북구,0.0,0.0002999550089979,0,0,10.7374,197.47,실측(원자료 기반),SGIS실제인접,2019년판(2015~2019)
2018,광주광역시,북구,0.0,9.999500033330834e-05,0,0,10.7374,197.47,실측(원자료 기반),SGIS실제인접,2019년판(2015~2019)
2019,광주광역시,북구,0.0,0.0002999550089979,0,0,10.7374,209.21,실측(원자료 기반),SGIS실제인접,2019년판(2015~2019)
2020,광주광역시,북구,0.0,0.0009995003330835,0,0,10.6685,209.21,실측(원자료 기반),SGIS실제인접,2024년판(2020~2024)
2021,광주광역시,북구,0.0,0.0022973590486834,0,0,10.6685,227.34,실측(원자료 기반),SGIS실제인접,2024년판(2020~2024)
2022,광주광역시,북구,0.0,0.0001999800026662,0,0,10.6685,172.74,실측(원자료 기반),centroid근접(대체),2024년판(2020~2024)
2023,광주광역시,북구,0.0,0.0054849302305696,0,0,10.6685,209.21,추정(시군구 평균비중 x 국가총량),SGIS실제인접,2024년판(2020~2024)
2016,광주광역시,서구,0.0036931718376175,0.0082657444170326,1,0,2.5765,217.21,추정(시군구 평균비중 x 국가총량),SGIS실제인접,2019년판(2015~2019)
2017,광주광역시,서구,0.0010993954433009,0.0001999800026662,2,0,2.5765,190.01,실측(원자료 기반),SGIS실제인접,2019년판(2015~2019)
2018,광주광역시,서구,0.0003999200213269,0.0,3,0,2.5765,190.01,실측(원자료 기반),SGIS실제인접,2019년판(2015~2019)
2019,광주광역시,서구,0.0,0.0,0,0,2.5765,217.21,실측(원자료 기반),SGIS실제인접,2019년판(2015~2019)
2020,광주광역시,서구,0.0037927982386962,0.0006997551142733,1,0,2.5945,217.21,실측(원자료 기반),SGIS실제인접,2024년판(2020~2024)
2021,광주광역시,서구,0.0010993954433009,0.0030952049073024,2,0,2.5945,236.67,실측(원자료 기반),SGIS실제인접,2024년판(2020~2024)
2022,광주광역시,서구,0.0003999200213269,9.999500033330834e-05,3,0,2.5945,180.78,실측(원자료 기반),centroid근접(대체),2024년판(2020~2024)
2023,광주광역시,서구,0.0027960873020012,0.0062802379571504,4,0,2.5945,217.21,추정(시군구 평균비중 x 국가총량),SGIS실제인접,2024년판(2020~2024)
2016,대구광역시,군위군,0.0,0.0593061058974075,0,0,30.0881,84.67,추정(시군구 평균비중 x 국가총량),centroid근접(대체),2019년판(2015~2019)
2017,대구광역시,군위군,0.0,0.009058844488346,0,0,30.0881,359.17,실측(원자료 기반),centroid근접(대체),2019년판(2015~2019)
2018,대구광역시,군위군,0.0,0.007571265496318,0,0,30.0881,359.17,실측(원자료 기반),centroid근접(대체),2019년판(2015~2019)
2019,대구광역시,군위군,0.0,0.0196065296389183,0,0,30.0881,84.67,실측(원자료 기반),centroid근접(대체),2019년판(2015~2019)
2020,대구광역시,군위군,0.0,0.0174469136037206,0,0,29.3716,84.67,실측(원자료 기반),centroid근접(대체),2024년판(2020~2024)
2021,대구광역시,군위군,0.0,0.0208804775793552,0,0,29.3716,47.01,실측(원자료 기반),centroid근접(대체),2024년판(2020~2024)
2022,대구광역시,군위군,0.0,0.0320798934634116,0,0,29.3716,75.59,실측(원자료 기반),centroid근접(대체),2024년판(2020~2024)
2023,대구광역시,군위군,0.0,0.2015521250707336,0,0,29.3716,84.67,추정(시군구 평균비중 x 국가총량),SGIS실제인접,2024년판(2020~2024)
2016,대구광역시,남구,0.0003999200213269,0.070644839569332,1,0,16.4468,63.26,추정(시군구 평균비중 x 국가총량),SGIS실제인접,2019년판(2015~2019)
2017,대구광역시,남구,0.0,0.0192142189238042,0,0,16.4468,325.36,실측(원자료 기반),SGIS실제인접,2019년판(2015~2019)
2018,대구광역시,남구,0.0,0.0197045832743354,0,0,16.4468,325.36,실측(원자료 기반),SGIS실제인접,2019년판(2015~2019)
2019,대구광역시,남구,0.0,0.0158733491562901,0,0,16.4468,63.26,실측(원자료 기반),SGIS실제인접,2019년판(2015~2019)
2020,대구광역시,남구,0.0,0.0130149370774946,0,0,16.3577,63.26,실측(원자료 기반),SGIS실제인접,2024년판(2020~2024)
2021,대구광역시,남구,0.0005998200719676,0.0156764793850075,1,0,16.3577,84.49,실측(원자료 기반),SGIS실제인접,2024년판(2020~2024)
2022,대구광역시,남구,0.0,0.0199006617063361,0,0,16.3577,41.66,실측(원자료 기반),centroid근접(대체),2024년판(2020~2024)
2023,대구광역시,남구,0.0002999550089979,0.0538250866949074,1,0,16.3577,63.26,추정(시군구 평균비중 x 국가총량),SGIS실제인접,2024년판(2020~2024)
2016,대구광역시,달서구,0.055150844464848,0.1558920199569742,1,1,13.1901,67.32,추정(시군구 평균비중 x 국가총량),SGIS실제인접,2019년판(2015~2019)
2017,대구광역시,달서구,0.0034938892542557,0.0306261935417608,2,1,13.1901,321.73,실측(원자료 기반),SGIS실제인접,2019년판(2015~2019)
2018,대구광역시,달서구,0.0069756137364252,0.0407579924721677,3,1,13.1901,321.73,실측(원자료 기반),SGIS실제인접,2019년판(2015~2019)
2019,대구광역시,달서구,0.004489905272852,0.0315955615897505,4,1,13.1901,67.32,실측(원자료 기반),SGIS실제인접,2019년판(2015~2019)
2020,대구광역시,달서구,0.0047885167317971,0.0451645519543736,5,1,12.8759,67.32,실측(원자료 기반),SGIS실제인접,2024년판(2020~2024)
2021,대구광역시,달서구,0.0268366539535596,0.0597772040358607,6,1,12.8759,86.48,실측(원자료 기반),SGIS실제인접,2024년판(2020~2024)
2022,대구광역시,달서구,0.0431552703139276,0.0053854722763378,7,1,12.8759,43.47,실측(원자료 기반),centroid근접(대체),2024년판(2020~2024)
2023,대구광역시,달서구,0.0419094030772096,0.1200027923946963,8,1,12.8759,67.32,추정(시군구 평균비중 x 국가총량),SGIS실제인접,2024년판(2020~2024)
2016,대구광역시,달성군,0.2107470309776584,0.1855662869588436,1,1,22.7343,66.77,추정(시군구 평균비중 x 국가총량),SGIS실제인접,2019년판(2015~2019)
2017,대구광역시,달성군,0.0697126124113003,0.0735292332881155,2,1,22.7343,313.97,실측(원자료 기반),SGIS실제인접,2019년판(2015~2019)
2018,대구광역시,달성군,0.0684994164246923,0.066630082297763,3,1,22.7343,313.97,실측(원자료 기반),SGIS실제인접,2019년판(2015~2019)
2019,대구광역시,달성군,0.0573250666192694,0.0524975689577539,4,1,22.7343,66.77,실측(원자료 기반),SGIS실제인접,2019년판(2015~2019)
2020,대구광역시,달성군,0.0465018336514197,0.0530667209366922,5,1,22.489,66.77,실측(원자료 기반),SGIS실제인접,2024년판(2020~2024)
2021,대구광역시,달성군,0.035463664275569,0.0634441725565347,6,1,22.489,94.5,실측(원자료 기반),SGIS실제인접,2024년판(2020~2024)
2022,대구광역시,달성군,0.1612681475961222,0.0199006617063361,7,1,22.489,39.17,실측(원자료 기반),centroid근접(대체),2024년판(2020~2024)
2023,대구광역시,달성군,0.1631387373771806,0.143320819444222,8,1,22.489,66.77,추정(시군구 평균비중 x 국가총량),SGIS실제인접,2024년판(2020~2024)
2016,대구광역시,동구,0.0259601016695316,0.1154692498061141,1,1,27.8408,62.61,추정(시군구 평균비중 x 국가총량),SGIS실제인접,2019년판(2015~2019)
2017,대구광역시,동구,0.00129915573162,0.0453557017207972,2,0,27.8408,339.6,실측(원자료 기반),SGIS실제인접,2019년판(2015~2019)
2018,대구광역시,동구,0.00329456694943,0.0249852526939085,3,1,27.8408,339.6,실측(원자료 기반),SGIS실제인접,2019년판(2015~2019)
2019,대구광역시,동구,0.001199280575482,0.0297529581493477,4,1,27.8408,62.61,실측(원자료 기반),SGIS실제인접,2019년판(2015~2019)
2020,대구광역시,동구,0.0016985566355814,0.0288789595503766,5,1,27.4246,62.61,실측(원자료 기반),SGIS실제인접,2024년판(2020~2024)
2021,대구광역시,동구,0.0014988761237358,0.0344014267173324,6,1,27.4246,72.14,실측(원자료 기반),SGIS실제인접,2024년판(2020~2024)
2022,대구광역시,동구,0.0346912397899303,0.1135965065825405,7,1,27.4246,49.27,실측(원자료 기반),centroid근접(대체),2024년판(2020~2024)
2023,대구광역시,동구,0.0197045832743354,0.0763126828491635,8,1,27.4246,62.61,추정(시군구 평균비중 x 국가총량),SGIS실제인접,2024년판(2020~2024)
2016,대구광역시,북구,0.4546361521146138,0.084800601692465,1,1,24.8335,69.66,추정(시군구 평균비중 x 국가총량),SGIS실제인접,2019년판(2015~2019)
2017,대구광역시,북구,0.2232235481143804,0.0240094524603518,2,1,24.8335,333.42,실측(원자료 기반),SGIS실제인접,2019년판(2015~2019)
2018,대구광역시,북구,0.1220406259090246,0.02244618882983,3,1,24.8335,333.42,실측(원자료 기반),SGIS실제인접,2019년판(2015~2019)
2019,대구광역시,북구,0.1135965065825405,0.0253753063312282,4,1,24.8335,69.66,실측(원자료 기반),SGIS실제인접,2019년판(2015~2019)
2020,대구광역시,북구,0.119115480890162,0.01911611719223,5,1,24.3534,69.66,실측(원자료 기반),SGIS실제인접,2024년판(2020~2024)
2021,대구광역시,북구,0.1389790272814509,0.0207825391825285,6,1,24.3534,74.53,실측(원자료 기반),SGIS실제인접,2024년판(2020~2024)
2022,대구광역시,북구,0.308219723669329,0.0169554406494134,7,1,24.3534,51.45,실측(원자료 기반),centroid근접(대체),2024년판(2020~2024)
2023,대구광역시,북구,0.3610254666759904,0.0646635133257221,8,1,24.3534,69.66,추정(시군구 평균비중 x 국가총량),SGIS실제인접,2024년판(2020~2024)
2016,대구광역시,서구,0.0363319292473902,0.1961422758112663,1,1,1.6936,68.31,추정(시군구 평균비중 x 국가총량),SGIS실제인접,2019년판(2015~2019)
2017,대구광역시,서구,0.0221528046411333,0.0783489664109764,2,1,1.6936,327.1,실측(원자료 기반),SGIS실제인접,2019년판(2015~2019)
2018,대구광역시,서구,0.0199006617063361,0.0505980527630913,3,1,1.6936,327.1,실측(원자료 기반),SGIS실제인접,2019년판(2015~2019)
2019,대구광역시,서구,0.0108410231778748,0.0448777587780854,4,1,1.6936,68.31,실측(원자료 기반),SGIS실제인접,2019년판(2015~2019)
2020,대구광역시,서구,0.0010993954433009,0.0437297628613252,5,0,1.8806,68.31,실측(원자료 기반),SGIS실제인접,2024년판(2020~2024)
2021,대구광역시,서구,0.0114343776256631,0.0517381954044144,6,1,1.8806,80.92,실측(원자료 기반),SGIS실제인접,2024년판(2020~2024)
2022,대구광역시,서구,0.0159717695096986,0.0145930023029001,7,1,1.8806,47.08,실측(원자료 기반),centroid근접(대체),2024년판(2020~2024)
2023,대구광역시,서구,0.0276151670329733,0.1516045841318941,8,1,1.8806,68.31,추정(시군구 평균비중 x 국가총량),SGIS실제인접,2024년판(2020~2024)
2016,대구광역시,수성구,0.0013990209137073,0.0512632939375415,1,0,14.1668,57.36,추정(시군구 평균비중 x 국가총량),SGIS실제인접,2019년판(2015~2019)
2017,대구광역시,수성구,0.001998002662673,0.0146915487429897,2,1,14.1668,329.33,실측(원자료 기반),SGIS실제인접,2019년판(2015~2019)
2018,대구광역시,수성구,0.001598721363697,0.0147900854726354,3,1,14.1668,329.33,실측(원자료 기반),SGIS실제인접,2019년판(2015~2019)
2019,대구광역시,수성구,0.000499875041651,0.0120273802127184,4,0,14.1668,57.36,실측(원자료 기반),SGIS실제인접,2019년판(2015~2019)
2020,대구광역시,수성구,0.0,0.0098513160503741,0,0,14.1612,57.36,실측(원자료 기반),SGIS실제인접,2024년판(2020~2024)
2021,대구광역시,수성구,9.999500033330834e-05,0.0077697372643606,1,0,14.1612,83.49,실측(원자료 기반),SGIS실제인접,2024년판(2020~2024)
2022,대구광역시,수성구,0.0,0.0053854722763378,0,0,14.1612,38.96,실측(원자료 기반),centroid근접(대체),2024년판(2020~2024)
2023,대구광역시,수성구,0.0009995003330835,0.0389322100017874,1,0,14.1612,57.36,추정(시군구 평균비중 x 국가총량),SGIS실제인접,2024년판(2020~2024)
2016,대구광역시,중구,0.0,0.1099300593721961,0,0,0.0,64.46,추정(시군구 평균비중 x 국가총량),SGIS실제인접,2019년판(2015~2019)
2017,대구광역시,중구,0.0,0.0455468149559703,0,0,0.0,328.62,실측(원자료 기반),SGIS실제인접,2019년판(2015~2019)
2018,대구광역시,중구,0.0,0.0266419309464211,0,0,0.0,328.62,실측(원자료 기반),SGIS실제인접,2019년판(2015~2019)
2019,대구광역시,중구,0.0,0.0226417304808246,0,0,0.0,64.46,실측(원자료 기반),SGIS실제인접,2019년판(2015~2019)
2020,대구광역시,중구,0.0,0.0221528046411333,0,0,0.0,64.46,실측(원자료 기반),SGIS실제인접,2024년판(2020~2024)
2021,대구광역시,중구,0.0,0.0312079271241931,0,0,0.0,80.93,실측(원자료 기반),SGIS실제인접,2024년판(2020~2024)
2022,대구광역시,중구,0.0,0.1184050643786212,0,0,0.0,44.51,실측(원자료 기반),centroid근접(대체),2024년판(2020~2024)
2023,대구광역시,중구,0.0,0.0841573080067233,0,0,0.0,64.46,추정(시군구 평균비중 x 국가총량),SGIS실제인접,2024년판(2020~2024)
2016,대전광역시,대덕구,0.0,0.0001999800026662,0,0,1.8515,184.55,추정(시군구 평균비중 x 국가총량),SGIS실제인접,2019년판(2015~2019)
2017,대전광역시,대덕구,0.0,0.0,0,0,1.8515,339.62,실측(원자료 기반),SGIS실제인접,2019년판(2015~2019)
2018,대전광역시,대덕구,0.0,0.0,0,0,1.8515,339.62,실측(원자료 기반),SGIS실제인접,2019년판(2015~2019)
2019,대전광역시,대덕구,0.0,9.999500033330834e-05,0,0,1.8515,184.55,실측(원자료 기반),SGIS실제인접,2019년판(2015~2019)
2020,대전광역시,대덕구,0.0,0.0,0,0,1.8556,184.55,실측(원자료 기반),SGIS실제인접,2024년판(2020~2024)
2021,대전광역시,대덕구,0.0,0.0,0,0,1.8556,121.44,실측(원자료 기반),SGIS실제인접,2024년판(2020~2024)
2022,대전광역시,대덕구,0.0,0.0001999800026662,0,0,1.8556,158.37,실측(원자료 기반),centroid근접(대체),2024년판(2020~2024)
2023,대전광역시,대덕구,0.0,9.999500033330834e-05,0,0,1.8556,184.55,추정(시군구 평균비중 x 국가총량),SGIS실제인접,2024년판(2020~2024)
2016,대전광역시,동구,0.0,0.0,0,0,4.8994,176.97,추정(시군구 평균비중 x 국가총량),SGIS실제인접,2019년판(2015~2019)
2017,대전광역시,동구,0.0,0.0,0,0,4.8994,330.95,실측(원자료 기반),SGIS실제인접,2019년판(2015~2019)
2018,대전광역시,동구,0.0,0.0,0,0,4.8994,330.95,실측(원자료 기반),SGIS실제인접,2019년판(2015~2019)
2019,대전광역시,동구,0.0,9.999500033330834e-05,0,0,4.8994,176.97,실측(원자료 기반),SGIS실제인접,2019년판(2015~2019)
2020,대전광역시,동구,0.0,0.0,0,0,4.7684,176.97,실측(원자료 기반),SGIS실제인접,2024년판(2020~2024)
2021,대전광역시,동구,0.0,0.0,0,0,4.7684,120.35,실측(원자료 기반),SGIS실제인접,2024년판(2020~2024)
2022,대전광역시,동구,0.0,0.0,0,0,4.7684,149.84,실측(원자료 기반),centroid근접(대체),2024년판(2020~2024)
2023,대전광역시,동구,0.0,0.0,0,0,4.7684,176.97,추정(시군구 평균비중 x 국가총량),SGIS실제인접,2024년판(2020~2024)
2016,대전광역시,서구,0.0,0.0001999800026662,0,0,5.3116,185.15,추정(시군구 평균비중 x 국가총량),SGIS실제인접,2019년판(2015~2019)
2017,대전광역시,서구,0.0,0.0,0,0,5.3116,323.35,실측(원자료 기반),SGIS실제인접,2019년판(2015~2019)
2018,대전광역시,서구,0.0,0.0,0,0,5.3116,323.35,실측(원자료 기반),SGIS실제인접,2019년판(2015~2019)
2019,대전광역시,서구,0.0,9.999500033330834e-05,0,0,5.3116,185.15,실측(원자료 기반),SGIS실제인접,2019년판(2015~2019)
2020,대전광역시,서구,0.0,0.0,0,0,5.2986,185.15,실측(원자료 기반),SGIS실제인접,2024년판(2020~2024)
2021,대전광역시,서구,0.0,0.0,0,0,5.2986,132.85,실측(원자료 기반),SGIS실제인접,2024년판(2020~2024)
2022,대전광역시,서구,0.0,0.0001999800026662,0,0,5.2986,156.57,실측(원자료 기반),centroid근접(대체),2024년판(2020~2024)
2023,대전광역시,서구,0.0,9.999500033330834e-05,0,0,5.2986,185.15,추정(시군구 평균비중 x 국가총량),SGIS실제인접,2024년판(2020~2024)
2016,대전광역시,유성구,0.0006997551142733,0.0002999550089979,1,0,8.9659,190.95,추정(시군구 평균비중 x 국가총량),SGIS실제인접,2019년판(2015~2019)
2017,대전광역시,유성구,0.0,0.0002999550089979,0,0,8.9659,333.52,실측(원자료 기반),SGIS실제인접,2019년판(2015~2019)
2018,대전광역시,유성구,9.999500033330834e-05,9.999500033330834e-05,1,0,8.9659,333.52,실측(원자료 기반),SGIS실제인접,2019년판(2015~2019)
2019,대전광역시,유성구,0.0002999550089979,9.999500033330834e-05,2,0,8.9659,190.95,실측(원자료 기반),SGIS실제인접,2019년판(2015~2019)
2020,대전광역시,유성구,0.0,9.999500033330834e-05,0,0,5.6756,190.95,실측(원자료 기반),SGIS실제인접,2024년판(2020~2024)
2021,대전광역시,유성구,0.0001999800026662,9.999500033330834e-05,1,0,5.6756,131.56,실측(원자료 기반),SGIS실제인접,2024년판(2020~2024)
2022,대전광역시,유성구,0.0005998200719676,0.0,2,0,5.6756,163.54,실측(원자료 기반),centroid근접(대체),2024년판(2020~2024)
2023,대전광역시,유성구,0.0005998200719676,0.0001999800026662,3,0,5.6756,190.95,추정(시군구 평균비중 x 국가총량),SGIS실제인접,2024년판(2020~2024)
2016,대전광역시,중구,0.0,0.0,0,0,5.9612,179.85,추정(시군구 평균비중 x 국가총량),SGIS실제인접,2019년판(2015~2019)
2017,대전광역시,중구,0.0,0.0,0,0,5.9612,324.85,실측(원자료 기반),SGIS실제인접,2019년판(2015~2019)
2018,대전광역시,중구,0.0,0.0,0,0,5.9612,324.85,실측(원자료 기반),SGIS실제인접,2019년판(2015~2019)
2019,대전광역시,중구,0.0,9.999500033330834e-05,0,0,5.9612,179.85,실측(원자료 기반),SGIS실제인접,2019년판(2015~2019)
2020,대전광역시,중구,0.0,0.0,0,0,5.9114,179.85,실측(원자료 기반),SGIS실제인접,2024년판(2020~2024)
2021,대전광역시,중구,0.0,0.0,0,0,5.9114,127.13,실측(원자료 기반),SGIS실제인접,2024년판(2020~2024)
2022,대전광역시,중구,0.0,0.0001999800026662,0,0,5.9114,151.69,실측(원자료 기반),centroid근접(대체),2024년판(2020~2024)
2023,대전광역시,중구,0.0,0.0,0,0,5.9114,179.85,추정(시군구 평균비중 x 국가총량),SGIS실제인접,2024년판(2020~2024)
2016,부산광역시,강서구,0.0145930023029001,0.143840569975673,1,1,9.6921,52.83,추정(시군구 평균비중 x 국가총량),SGIS실제인접,2019년판(2015~2019)
2017,부산광역시,강서구,0.0103462920541443,0.1238976366562374,2,1,9.6921,287.23,실측(원자료 기반),SGIS실제인접,2019년판(2015~2019)
2018,부산광역시,강서구,0.006379606964039,0.1241626426204225,3,1,9.6921,287.23,실측(원자료 기반),SGIS실제인접,2019년판(2015~2019)
2019,부산광역시,강서구,0.0028958031120255,0.0462154237969629,4,1,9.6921,52.83,실측(원자료 기반),SGIS실제인접,2019년판(2015~2019)
2020,부산광역시,강서구,0.0039920212695374,0.0321767316952212,5,1,8.1128,52.83,실측(원자료 기반),SGIS실제인접,2024년판(2020~2024)
2021,부산광역시,강서구,0.000899595242836,0.0223484036637618,6,0,8.1128,160.47,실측(원자료 기반),SGIS실제인접,2024년판(2020~2024)
2022,부산광역시,강서구,0.0089597413714719,0.0026963615477426,7,0,8.1128,41.2,실측(원자료 기반),centroid근접(대체),2024년판(2020~2024)
2023,부산광역시,강서구,0.0110388471152163,0.1104674530259709,8,1,8.1128,52.83,추정(시군구 평균비중 x 국가총량),SGIS실제인접,2024년판(2020~2024)
2016,부산광역시,금정구,0.2231435513142097,0.1374985131856336,1,1,28.1169,33.02,추정(시군구 평균비중 x 국가총량),SGIS실제인접,2019년판(2015~2019)
2017,부산광역시,금정구,0.1246924439573182,0.1528927461031425,2,1,28.1169,309.95,실측(원자료 기반),SGIS실제인접,2019년판(2015~2019)
2018,부산광역시,금정구,0.1133286853070031,0.0604363688038306,3,1,28.1169,309.95,실측(원자료 기반),SGIS실제인접,2019년판(2015~2019)
2019,부산광역시,금정구,0.1015633154094412,0.0429636994321156,4,1,28.1169,33.02,실측(원자료 기반),SGIS실제인접,2019년판(2015~2019)
2020,부산광역시,금정구,0.0607187350347058,0.01911611719223,5,1,27.6302,33.02,실측(원자료 기반),SGIS실제인접,2024년판(2020~2024)
2021,부산광역시,금정구,0.097489621277257,0.0327575642381721,6,1,27.6302,149.26,실측(원자료 기반),SGIS실제인접,2024년판(2020~2024)
2022,부산광역시,금정구,0.0175451792157488,0.0026963615477426,7,0,27.6302,38.2,실측(원자료 기반),centroid근접(대체),2024년판(2020~2024)
2023,부산광역시,금정구,0.1730285098823619,0.1055305012094637,8,1,27.6302,33.02,추정(시군구 평균비중 x 국가총량),SGIS실제인접,2024년판(2020~2024)
2016,부산광역시,기장군,0.350093332573178,0.4778477832687846,1,1,23.5331,27.55,추정(시군구 평균비중 x 국가총량),SGIS실제인접,2019년판(2015~2019)
2017,부산광역시,기장군,0.3846499683942443,0.3872332465133603,2,1,23.5331,320.39,실측(원자료 기반),SGIS실제인접,2019년판(2015~2019)
2018,부산광역시,기장군,0.1787317879433972,0.2774044380406467,3,1,23.5331,320.39,실측(원자료 기반),SGIS실제인접,2019년판(2015~2019)
2019,부산광역시,기장군,0.1217750569259209,0.2354673010030417,4,1,23.5331,27.55,실측(원자료 기반),SGIS실제인접,2019년판(2015~2019)
2020,부산광역시,기장군,0.0454512629039173,0.1848184369925418,5,1,22.8946,27.55,실측(원자료 기반),SGIS실제인접,2024년판(2020~2024)
2021,부산광역시,기장군,0.0805656478395671,0.1066097350582582,6,1,22.8946,147.25,실측(원자료 기반),SGIS실제인접,2024년판(2020~2024)
2022,부산광역시,기장군,0.1299750764217454,0.0069756137364252,7,1,22.8946,43.5,실측(원자료 기반),centroid근접(대체),2024년판(2020~2024)
2023,부산광역시,기장군,0.2750526560516392,0.3803524072930891,8,1,22.8946,27.55,추정(시군구 평균비중 x 국가총량),SGIS실제인접,2024년판(2020~2024)
2016,부산광역시,남구,0.0246926125903715,0.0093560949240249,1,1,15.4272,47.42,추정(시군구 평균비중 x 국가총량),SGIS실제인접,2019년판(2015~2019)
2017,부산광역시,남구,0.0834216081390723,0.0002999550089979,2,0,15.4272,300.9,실측(원자료 기반),SGIS실제인접,2019년판(2015~2019)
2018,부산광역시,남구,0.0091579377847656,0.000899595242836,3,1,15.4272,300.9,실측(원자료 기반),SGIS실제인접,2019년판(2015~2019)
2019,부산광역시,남구,0.0006997551142733,0.001598721363697,4,0,15.4272,47.42,실측(원자료 기반),SGIS실제인접,2019년판(2015~2019)
2020,부산광역시,남구,0.0014988761237358,0.0023971245997214,5,0,14.8223,47.42,실측(원자료 기반),SGIS실제인접,2024년판(2020~2024)
2021,부산광역시,남구,0.0,0.0025966258472659,0,0,14.8223,163.87,실측(원자료 기반),SGIS실제인접,2024년판(2020~2024)
2022,부산광역시,남구,0.0,0.0232281261192071,0,0,14.8223,49.81,실측(원자료 기반),centroid근접(대체),2024년판(2020~2024)
2023,부산광역시,남구,0.0187236139981025,0.0070749136719618,1,1,14.8223,47.42,추정(시군구 평균비중 x 국가총량),SGIS실제인접,2024년판(2020~2024)
2016,부산광역시,동구,0.0,0.0139029051689914,0,0,12.0563,48.13,추정(시군구 평균비중 x 국가총량),SGIS실제인접,2019년판(2015~2019)
2017,부산광역시,동구,0.0,0.0215657779145605,0,0,12.0563,297.53,실측(원자료 기반),SGIS실제인접,2019년판(2015~2019)
2018,부산광역시,동구,0.0,0.0031948908965191,0,0,12.0563,297.53,실측(원자료 기반),SGIS실제인접,2019년판(2015~2019)
2019,부산광역시,동구,0.0,0.0017983819413793,0,0,12.0563,48.13,실측(원자료 기반),SGIS실제인접,2019년판(2015~2019)
2020,부산광역시,동구,0.0,0.0034938892542557,0,0,11.9466,48.13,실측(원자료 기반),SGIS실제인접,2024년판(2020~2024)
2021,부산광역시,동구,0.0,0.0021975835434872,0,0,11.9466,162.84,실측(원자료 기반),SGIS실제인접,2024년판(2020~2024)
2022,부산광역시,동구,0.0,0.0066776547532405,0,0,11.9466,47.17,실측(원자료 기반),centroid근접(대체),2024년판(2020~2024)
2023,부산광역시,동구,0.0,0.0105442138756711,0,0,11.9466,48.13,추정(시군구 평균비중 x 국가총량),SGIS실제인접,2024년판(2020~2024)
2016,부산광역시,동래구,0.0,0.0543934838303316,0,0,16.1907,38.96,추정(시군구 평균비중 x 국가총량),SGIS실제인접,2019년판(2015~2019)
2017,부산광역시,동래구,0.0,0.0416216746908194,0,0,16.1907,305.37,실측(원자료 기반),SGIS실제인접,2019년판(2015~2019)
2018,부산광역시,동래구,0.0,0.0210763256019162,0,0,16.1907,305.37,실측(원자료 기반),SGIS실제인접,2019년판(2015~2019)
2019,부산광역시,동래구,0.0,0.0190180058357618,0,0,16.1907,38.96,실측(원자료 기반),SGIS실제인접,2019년판(2015~2019)
2020,부산광역시,동래구,0.0,0.0144944461504525,0,0,16.2,38.96,실측(원자료 기반),SGIS실제인접,2024년판(2020~2024)
2021,부산광역시,동래구,0.0,0.0192142189238042,0,0,16.2,154.8,실측(원자료 기반),SGIS실제인접,2024년판(2020~2024)
2022,부산광역시,동래구,0.0,0.0070749136719618,0,0,16.2,41.76,실측(원자료 기반),centroid근접(대체),2024년판(2020~2024)
2023,부산광역시,동래구,0.0,0.0413338634929772,0,0,16.2,38.96,추정(시군구 평균비중 x 국가총량),SGIS실제인접,2024년판(2020~2024)
2016,부산광역시,부산진구,0.0231304173888543,0.0089597413714719,1,1,13.2023,44.23,추정(시군구 평균비중 x 국가총량),SGIS실제인접,2019년판(2015~2019)
2017,부산광역시,부산진구,0.0002999550089979,0.0201947072855192,2,0,13.2023,299.96,실측(원자료 기반),SGIS실제인접,2019년판(2015~2019)
2018,부산광역시,부산진구,0.0036931718376175,0.0016985566355814,3,1,13.2023,299.96,실측(원자료 기반),SGIS실제인접,2019년판(2015~2019)
2019,부산광역시,부산진구,0.006379606964039,0.0002999550089979,4,0,13.2023,44.23,실측(원자료 기반),SGIS실제인접,2019년판(2015~2019)
2020,부산광역시,부산진구,0.0096532570281383,0.0028958031120255,5,1,13.2896,44.23,실측(원자료 기반),SGIS실제인접,2024년판(2020~2024)
2021,부산광역시,부산진구,0.0066776547532405,0.0003999200213269,6,0,13.2896,158.75,실측(원자료 기반),SGIS실제인접,2024년판(2020~2024)
2022,부산광역시,부산진구,0.0130149370774946,0.0014988761237358,7,0,13.2896,43.55,실측(원자료 기반),centroid근접(대체),2024년판(2020~2024)
2023,부산광역시,부산진구,0.0175451792157488,0.0067769842790237,8,1,13.2896,44.23,추정(시군구 평균비중 x 국가총량),SGIS실제인접,2024년판(2020~2024)
2016,부산광역시,북구,0.025472795973031,0.1179607976335647,1,1,21.5227,38.17,추정(시군구 평균비중 x 국가총량),SGIS실제인접,2019년판(2015~2019)
2017,부산광역시,북구,0.0541093256470319,0.0907543632684641,2,1,21.5227,303.09,실측(원자료 기반),SGIS실제인접,2019년판(2015~2019)
2018,부산광역시,북구,0.0027960873020012,0.0693394780786128,3,1,21.5227,303.09,실측(원자료 기반),SGIS실제인접,2019년판(2015~2019)
2019,부산광역시,북구,0.00129915573162,0.0422929121902514,4,1,21.5227,38.17,실측(원자료 기반),SGIS실제인접,2019년판(2015~2019)
2020,부산광역시,북구,0.0130149370774946,0.0267392971896216,5,1,21.1914,38.17,실측(원자료 기반),SGIS실제인접,2024년판(2020~2024)
2021,부산광역시,북구,0.000499875041651,0.0322735605502957,6,0,21.1914,151.47,실측(원자료 기반),SGIS실제인접,2024년판(2020~2024)
2022,부산광역시,북구,0.0047885167317971,0.0102473164515495,7,1,21.1914,36.65,실측(원자료 기반),centroid근접(대체),2024년판(2020~2024)
2023,부산광역시,북구,0.0193123110323728,0.0903889997276807,8,1,21.1914,38.17,추정(시군구 평균비중 x 국가총량),SGIS실제인접,2024년판(2020~2024)
2016,부산광역시,사상구,0.0022973590486834,0.0149871298082483,1,0,14.7584,46.76,추정(시군구 평균비중 x 국가총량),SGIS실제인접,2019년판(2015~2019)
2017,부산광역시,사상구,0.0,0.0144944461504525,0,0,14.7584,295.46,실측(원자료 기반),SGIS실제인접,2019년판(2015~2019)
2018,부산광역시,사상구,0.0,0.0034938892542557,0,0,14.7584,295.46,실측(원자료 기반),SGIS실제인접,2019년판(2015~2019)
2019,부산광역시,사상구,0.0,0.0022973590486834,0,0,14.7584,46.76,실측(원자료 기반),SGIS실제인접,2019년판(2015~2019)
2020,부산광역시,사상구,0.0027960873020012,0.0060814703158679,1,1,14.6429,46.76,실측(원자료 기반),SGIS실제인접,2024년판(2020~2024)
2021,부산광역시,사상구,0.0,0.0020977980821461,0,0,14.6429,158.87,실측(원자료 기반),SGIS실제인접,2024년판(2020~2024)
2022,부산광역시,사상구,0.0010993954433009,0.0066776547532405,1,0,14.6429,41.8,실측(원자료 기반),centroid근접(대체),2024년판(2020~2024)
2023,부산광역시,사상구,0.0016985566355814,0.0113355096637456,2,0,14.6429,46.76,추정(시군구 평균비중 x 국가총량),SGIS실제인접,2024년판(2020~2024)
2016,부산광역시,사하구,0.0040916179032535,0.0081665626663934,1,0,10.656,54.72,추정(시군구 평균비중 x 국가총량),SGIS실제인접,2019년판(2015~2019)
2017,부산광역시,사하구,0.0062802379571504,0.0034938892542557,2,1,10.656,289.3,실측(원자료 기반),SGIS실제인접,2019년판(2015~2019)
2018,부산광역시,사하구,0.0047885167317971,0.0020977980821461,3,1,10.656,289.3,실측(원자료 기반),SGIS실제인접,2019년판(2015~2019)
2019,부산광역시,사하구,0.0007996801705643,0.0009995003330835,4,0,10.656,54.72,실측(원자료 기반),SGIS실제인접,2019년판(2015~2019)
2020,부산광역시,사하구,0.0005998200719676,0.0031948908965191,5,0,10.5364,54.72,실측(원자료 기반),SGIS실제인접,2024년판(2020~2024)
2021,부산광역시,사하구,0.0001999800026662,0.0009995003330835,6,0,10.5364,166.66,실측(원자료 기반),SGIS실제인접,2024년판(2020~2024)
2022,부산광역시,사하구,0.0,0.0026963615477426,0,0,10.5364,48.63,실측(원자료 기반),centroid근접(대체),2024년판(2020~2024)
2023,부산광역시,사하구,0.0030952049073024,0.0061808590750811,1,0,10.5364,54.72,추정(시군구 평균비중 x 국가총량),SGIS실제인접,2024년판(2020~2024)
2016,부산광역시,서구,0.0076705063042197,0.0059820716775474,1,0,12.3132,51.62,추정(시군구 평균비중 x 국가총량),SGIS실제인접,2019년판(2015~2019)
2017,부산광역시,서구,0.0,0.00129915573162,0,0,12.3132,293.63,실측(원자료 기반),SGIS실제인접,2019년판(2015~2019)
2018,부산광역시,서구,0.0,0.0016985566355814,0,0,12.3132,293.63,실측(원자료 기반),SGIS실제인접,2019년판(2015~2019)
2019,부산광역시,서구,0.0,0.0013990209137073,0,0,12.3132,51.62,실측(원자료 기반),SGIS실제인접,2019년판(2015~2019)
2020,부산광역시,서구,0.0027960873020012,0.0025966258472659,1,1,12.2042,51.62,실측(원자료 기반),SGIS실제인접,2024년판(2020~2024)
2021,부산광역시,서구,0.0020977980821461,0.0013990209137073,2,1,12.2042,165.28,실측(원자료 기반),SGIS실제인접,2024년판(2020~2024)
2022,부산광역시,서구,0.0070749136719618,0.0,3,0,12.2042,48.45,실측(원자료 기반),centroid근접(대체),2024년판(2020~2024)
2023,부산광역시,서구,0.0057832447557273,0.004489905272852,4,0,12.2042,51.62,추정(시군구 평균비중 x 국가총량),SGIS실제인접,2024년판(2020~2024)
2016,부산광역시,수영구,0.0122249696225689,0.0121261797978405,1,1,8.7508,43.24,추정(시군구 평균비중 x 국가총량),SGIS실제인접,2019년판(2015~2019)
2017,부산광역시,수영구,0.0009995003330835,0.0372957847436968,2,0,8.7508,304.56,실측(원자료 기반),SGIS실제인접,2019년판(2015~2019)
2018,부산광역시,수영구,0.0,0.0026963615477426,0,0,8.7508,304.56,실측(원자료 기반),SGIS실제인접,2019년판(2015~2019)
2019,부산광역시,수영구,0.0,0.0003999200213269,0,0,8.7508,43.24,실측(원자료 기반),SGIS실제인접,2019년판(2015~2019)
2020,부산광역시,수영구,0.0,0.000899595242836,0,0,8.6158,43.24,실측(원자료 기반),SGIS실제인접,2024년판(2020~2024)
2021,부산광역시,수영구,0.0038924147153438,0.0006997551142733,1,0,8.6158,160.23,실측(원자료 기반),SGIS실제인접,2024년판(2020~2024)
2022,부산광역시,수영구,0.0143958802837323,0.0021975835434872,2,0,8.6158,47.49,실측(원자료 기반),centroid근접(대체),2024년판(2020~2024)
2023,부산광역시,수영구,0.0092570212626767,0.0091579377847656,3,1,8.6158,43.24,추정(시군구 평균비중 x 국가총량),SGIS실제인접,2024년판(2020~2024)
2016,부산광역시,연제구,0.0020977980821461,0.0150856374180408,1,0,7.501,41.44,추정(시군구 평균비중 x 국가총량),SGIS실제인접,2019년판(2015~2019)
2017,부산광역시,연제구,0.0,0.0218593343528935,0,0,7.501,303.98,실측(원자료 기반),SGIS실제인접,2019년판(2015~2019)
2018,부산광역시,연제구,0.0,0.0031948908965191,0,0,7.501,303.98,실측(원자료 기반),SGIS실제인접,2019년판(2015~2019)
2019,부산광역시,연제구,0.0,0.0017983819413793,0,0,7.501,41.44,실측(원자료 기반),SGIS실제인접,2019년판(2015~2019)
2020,부산광역시,연제구,0.0,0.0027960873020012,0,0,7.249,41.44,실측(원자료 기반),SGIS실제인접,2024년판(2020~2024)
2021,부산광역시,연제구,0.0,0.0025966258472659,0,0,7.249,157.46,실측(원자료 기반),SGIS실제인접,2024년판(2020~2024)
2022,부산광역시,연제구,0.00329456694943,0.0091579377847656,1,0,7.249,44.05,실측(원자료 기반),centroid근접(대체),2024년판(2020~2024)
2023,부산광역시,연제구,0.001598721363697,0.0114343776256631,2,0,7.249,41.44,추정(시군구 평균비중 x 국가총량),SGIS실제인접,2024년판(2020~2024)
2016,부산광역시,영도구,0.2957246440949655,0.0025966258472659,1,0,19.8506,53.03,추정(시군구 평균비중 x 국가총량),centroid근접(대체),2019년판(2015~2019)
2017,부산광역시,영도구,0.2949803749328925,0.0,2,0,19.8506,295.62,실측(원자료 기반),centroid근접(대체),2019년판(2015~2019)
2018,부산광역시,영도구,0.229841072761931,0.0,3,0,19.8506,295.62,실측(원자료 기반),centroid근접(대체),2019년판(2015~2019)
2019,부산광역시,영도구,0.1653449325868378,0.0,4,0,19.8506,53.03,실측(원자료 기반),centroid근접(대체),2019년판(2015~2019)
2020,부산광역시,영도구,0.0756639039209896,0.000899595242836,5,0,20.2221,53.03,실측(원자료 기반),centroid근접(대체),2024년판(2020~2024)
2021,부산광역시,영도구,0.0088606284321965,0.0006997551142733,6,0,20.2221,168.55,실측(원자료 기반),centroid근접(대체),2024년판(2020~2024)
2022,부산광역시,영도구,0.0545828777702917,0.0023971245997214,7,0,20.2221,52.88,실측(원자료 기반),centroid근접(대체),2024년판(2020~2024)
2023,부산광역시,영도구,0.2311117209633866,0.0018981972830802,8,0,20.2221,53.03,추정(시군구 평균비중 x 국가총량),centroid근접(대체),2024년판(2020~2024)
2016,부산광역시,중구,0.0,0.0037927982386962,0,0,0.6352,50.88,추정(시군구 평균비중 x 국가총량),SGIS실제인접,2019년판(2015~2019)
2017,부산광역시,중구,0.0,0.0,0,0,0.6352,295.05,실측(원자료 기반),SGIS실제인접,2019년판(2015~2019)
2018,부산광역시,중구,0.0,0.0,0,0,0.6352,295.05,실측(원자료 기반),SGIS실제인접,2019년판(2015~2019)
2019,부산광역시,중구,0.0,0.0,0,0,0.6352,50.88,실측(원자료 기반),SGIS실제인접,2019년판(2015~2019)
2020,부산광역시,중구,0.0,0.0013990209137073,0,0,0.6304,50.88,실측(원자료 기반),SGIS실제인접,2024년판(2020~2024)
2021,부산광역시,중구,0.0,0.0010993954433009,0,0,0.6304,165.19,실측(원자료 기반),SGIS실제인접,2024년판(2020~2024)
2022,부산광역시,중구,0.0,0.0207825391825285,0,0,0.6304,48.87,실측(원자료 기반),centroid근접(대체),2024년판(2020~2024)
2023,부산광역시,중구,0.0,0.0028958031120255,0,0,0.6304,50.88,추정(시군구 평균비중 x 국가총량),SGIS실제인접,2024년판(2020~2024)
2016,부산광역시,해운대구,0.0214679066152409,0.1573455707237775,1,1,35.4749,39.21,추정(시군구 평균비중 x 국가총량),SGIS실제인접,2019년판(2015~2019)
2017,부산광역시,해운대구,0.0630686914669829,0.1403704528472758,2,1,35.4749,309.8,실측(원자료 기반),SGIS실제인접,2019년판(2015~2019)
2018,부산광역시,해운대구,0.0014988761237358,0.0759420035751573,3,1,35.4749,309.8,실측(원자료 기반),SGIS실제인접,2019년판(2015~2019)
2019,부산광역시,해운대구,0.0007996801705643,0.0574194908674864,4,0,35.4749,39.21,실측(원자료 기반),SGIS실제인접,2019년판(2015~2019)
2020,부산광역시,해운대구,0.0020977980821461,0.0269340012400809,5,1,31.1872,39.21,실측(원자료 기반),SGIS실제인접,2024년판(2020~2024)
2021,부산광역시,해운대구,0.0026963615477426,0.0464063728141557,6,1,31.1872,157.48,실측(원자료 기반),SGIS실제인접,2024년판(2020~2024)
2022,부산광역시,해운대구,0.00329456694943,0.0058826631581554,7,0,31.1872,47.31,실측(원자료 기반),centroid근접(대체),2024년판(2020~2024)
2023,부산광역시,해운대구,0.0162669724638719,0.1210665279794435,8,1,31.1872,39.21,추정(시군구 평균비중 x 국가총량),SGIS실제인접,2024년판(2020~2024)
2016,서울특별시,강남구,0.0,0.0242046886968173,0,0,0.339,288.12,추정(시군구 평균비중 x 국가총량),SGIS실제인접,2019년판(2015~2019)
2017,서울특별시,강남구,0.0,0.0180363624860985,0,0,0.339,452.18,실측(원자료 기반),SGIS실제인접,2019년판(2015~2019)
2018,서울특별시,강남구,0.0,0.0159717695096986,0,0,0.339,452.18,실측(원자료 기반),SGIS실제인접,2019년판(2015~2019)
2019,서울특별시,강남구,0.0,0.0106431600984798,0,0,0.339,288.12,실측(원자료 기반),SGIS실제인접,2019년판(2015~2019)
2020,서울특별시,강남구,0.0,0.0107420965319021,0,0,0.3704,288.12,실측(원자료 기반),SGIS실제인접,2024년판(2020~2024)
2021,서울특별시,강남구,0.0,0.0001999800026662,0,0,0.3704,183.45,실측(원자료 기반),SGIS실제인접,2024년판(2020~2024)
2022,서울특별시,강남구,0.0,0.0,0,0,0.3704,270.25,실측(원자료 기반),centroid근접(대체),2024년판(2020~2024)
2023,서울특별시,강남구,0.0,0.0183309566847234,0,0,0.3704,288.12,추정(시군구 평균비중 x 국가총량),SGIS실제인접,2024년판(2020~2024)
2016,서울특별시,강동구,0.0,0.009058844488346,0,0,0.7404,287.76,추정(시군구 평균비중 x 국가총량),SGIS실제인접,2019년판(2015~2019)
2017,서울특별시,강동구,0.0,0.017348638334613,0,0,0.7404,458.98,실측(원자료 기반),SGIS실제인접,2019년판(2015~2019)
2018,서울특별시,강동구,0.0,0.000899595242836,0,0,0.7404,458.98,실측(원자료 기반),SGIS실제인접,2019년판(2015~2019)
2019,서울특별시,강동구,0.0,0.0024968801985871,0,0,0.7404,287.76,실측(원자료 기반),SGIS실제인접,2019년판(2015~2019)
2020,서울특별시,강동구,0.0,0.001199280575482,0,0,0.9977,287.76,실측(원자료 기반),SGIS실제인접,2024년판(2020~2024)
2021,서울특별시,강동구,0.0,0.0018981972830802,0,0,0.9977,180.72,실측(원자료 기반),SGIS실제인접,2024년판(2020~2024)
2022,서울특별시,강동구,0.0,0.0,0,0,0.9977,270.98,실측(원자료 기반),centroid근접(대체),2024년판(2020~2024)
2023,서울특별시,강동구,0.0,0.0068763039394321,0,0,0.9977,287.76,추정(시군구 평균비중 x 국가총량),SGIS실제인접,2024년판(2020~2024)
2016,서울특별시,강북구,0.0,0.0006997551142733,0,0,4.869,303.38,추정(시군구 평균비중 x 국가총량),SGIS실제인접,2019년판(2015~2019)
2017,서울특별시,강북구,0.0,0.0001999800026662,0,0,4.869,467.91,실측(원자료 기반),SGIS실제인접,2019년판(2015~2019)
2018,서울특별시,강북구,0.0,0.0003999200213269,0,0,4.869,467.91,실측(원자료 기반),SGIS실제인접,2019년판(2015~2019)
2019,서울특별시,강북구,0.0,0.0001999800026662,0,0,4.869,303.38,실측(원자료 기반),SGIS실제인접,2019년판(2015~2019)
2020,서울특별시,강북구,0.0,0.0,0,0,4.9341,303.38,실측(원자료 기반),SGIS실제인접,2024년판(2020~2024)
2021,서울특별시,강북구,0.0,9.999500033330834e-05,0,0,4.9341,196.49,실측(원자료 기반),SGIS실제인접,2024년판(2020~2024)
2022,서울특별시,강북구,0.0,0.0,0,0,4.9341,286.23,실측(원자료 기반),centroid근접(대체),2024년판(2020~2024)
2023,서울특별시,강북구,0.0,0.000499875041651,0,0,4.9341,303.38,추정(시군구 평균비중 x 국가총량),SGIS실제인접,2024년판(2020~2024)
2016,서울특별시,강서구,0.0,0.0,0,0,0.6431,307.84,추정(시군구 평균비중 x 국가총량),SGIS실제인접,2019년판(2015~2019)
2017,서울특별시,강서구,0.0,0.0,0,0,0.6431,457.53,실측(원자료 기반),SGIS실제인접,2019년판(2015~2019)
2018,서울특별시,강서구,0.0,0.0,0,0,0.6431,457.53,실측(원자료 기반),SGIS실제인접,2019년판(2015~2019)
2019,서울특별시,강서구,0.0,0.0,0,0,0.6431,307.84,실측(원자료 기반),SGIS실제인접,2019년판(2015~2019)
2020,서울특별시,강서구,0.0,0.0,0,0,0.7015,307.84,실측(원자료 기반),SGIS실제인접,2024년판(2020~2024)
2021,서울특별시,강서구,0.0,0.0,0,0,0.7015,205.22,실측(원자료 기반),SGIS실제인접,2024년판(2020~2024)
2022,서울특별시,강서구,0.0,0.0,0,0,0.7015,288.7,실측(원자료 기반),centroid근접(대체),2024년판(2020~2024)
2023,서울특별시,강서구,0.0,0.0,0,0,0.7015,307.84,추정(시군구 평균비중 x 국가총량),SGIS실제인접,2024년판(2020~2024)
2016,서울특별시,관악구,0.0,0.0,0,0,10.4661,292.83,추정(시군구 평균비중 x 국가총량),SGIS실제인접,2019년판(2015~2019)
2017,서울특별시,관악구,0.0,0.0,0,0,10.4661,447.93,실측(원자료 기반),SGIS실제인접,2019년판(2015~2019)
2018,서울특별시,관악구,0.0,0.0,0,0,10.4661,447.93,실측(원자료 기반),SGIS실제인접,2019년판(2015~2019)
2019,서울특별시,관악구,0.0,0.0,0,0,10.4661,292.83,실측(원자료 기반),SGIS실제인접,2019년판(2015~2019)
2020,서울특별시,관악구,0.0,0.0,0,0,10.4003,292.83,실측(원자료 기반),SGIS실제인접,2024년판(2020~2024)
2021,서울특별시,관악구,0.0,0.0,0,0,10.4003,190.57,실측(원자료 기반),SGIS실제인접,2024년판(2020~2024)
2022,서울특별시,관악구,0.0,0.0,0,0,10.4003,273.84,실측(원자료 기반),centroid근접(대체),2024년판(2020~2024)
2023,서울특별시,관악구,0.0,0.0,0,0,10.4003,292.83,추정(시군구 평균비중 x 국가총량),SGIS실제인접,2024년판(2020~2024)
2016,서울특별시,광진구,0.0,0.0,0,0,6.8625,290.95,추정(시군구 평균비중 x 국가총량),SGIS실제인접,2019년판(2015~2019)
2017,서울특별시,광진구,0.0,0.0,0,0,6.8625,457.92,실측(원자료 기반),SGIS실제인접,2019년판(2015~2019)
2018,서울특별시,광진구,0.0,0.0,0,0,6.8625,457.92,실측(원자료 기반),SGIS실제인접,2019년판(2015~2019)
2019,서울특별시,광진구,0.0,0.0,0,0,6.8625,290.95,실측(원자료 기반),SGIS실제인접,2019년판(2015~2019)
2020,서울특별시,광진구,0.0,0.0,0,0,6.9757,290.95,실측(원자료 기반),SGIS실제인접,2024년판(2020~2024)
2021,서울특별시,광진구,0.0,0.0,0,0,6.9757,184.89,실측(원자료 기반),SGIS실제인접,2024년판(2020~2024)
2022,서울특별시,광진구,0.0,0.0,0,0,6.9757,273.66,실측(원자료 기반),centroid근접(대체),2024년판(2020~2024)
2023,서울특별시,광진구,0.0,0.0,0,0,6.9757,290.95,추정(시군구 평균비중 x 국가총량),SGIS실제인접,2024년판(2020~2024)
2016,서울특별시,구로구,0.0,0.0,0,0,0.8006,300.48,추정(시군구 평균비중 x 국가총량),SGIS실제인접,2019년판(2015~2019)
2017,서울특별시,구로구,0.0,0.0,0,0,0.8006,450.31,실측(원자료 기반),SGIS실제인접,2019년판(2015~2019)
2018,서울특별시,구로구,0.0,0.0,0,0,0.8006,450.31,실측(원자료 기반),SGIS실제인접,2019년판(2015~2019)
2019,서울특별시,구로구,0.0,0.0,0,0,0.8006,300.48,실측(원자료 기반),SGIS실제인접,2019년판(2015~2019)
2020,서울특별시,구로구,0.0,0.0,0,0,0.5721,300.48,실측(원자료 기반),SGIS실제인접,2024년판(2020~2024)
2021,서울특별시,구로구,0.0,0.0,0,0,0.5721,198.88,실측(원자료 기반),SGIS실제인접,2024년판(2020~2024)
2022,서울특별시,구로구,0.0,0.0,0,0,0.5721,281.05,실측(원자료 기반),centroid근접(대체),2024년판(2020~2024)
2023,서울특별시,구로구,0.0,0.0,0,0,0.5721,300.48,추정(시군구 평균비중 x 국가총량),SGIS실제인접,2024년판(2020~2024)
2016,서울특별시,금천구,0.0,0.0,0,0,1.9686,295.04,추정(시군구 평균비중 x 국가총량),SGIS실제인접,2019년판(2015~2019)
2017,서울특별시,금천구,0.0,0.0,0,0,1.9686,446.85,실측(원자료 기반),SGIS실제인접,2019년판(2015~2019)
2018,서울특별시,금천구,0.0,0.0,0,0,1.9686,446.85,실측(원자료 기반),SGIS실제인접,2019년판(2015~2019)
2019,서울특별시,금천구,0.0,0.0,0,0,1.9686,295.04,실측(원자료 기반),SGIS실제인접,2019년판(2015~2019)
2020,서울특별시,금천구,0.0,0.0,0,0,1.8205,295.04,실측(원자료 기반),SGIS실제인접,2024년판(2020~2024)
2021,서울특별시,금천구,0.0,0.0,0,0,1.8205,193.6,실측(원자료 기반),SGIS실제인접,2024년판(2020~2024)
2022,서울특별시,금천구,0.0,0.0,0,0,1.8205,275.67,실측(원자료 기반),centroid근접(대체),2024년판(2020~2024)
2023,서울특별시,금천구,0.0,0.0,0,0,1.8205,295.04,추정(시군구 평균비중 x 국가총량),SGIS실제인접,2024년판(2020~2024)
2016,서울특별시,노원구,0.0,0.0541093256470319,0,0,9.6342,300.52,추정(시군구 평균비중 x 국가총량),SGIS실제인접,2019년판(2015~2019)
2017,서울특별시,노원구,0.0,0.0207825391825285,0,0,9.6342,469.48,실측(원자료 기반),SGIS실제인접,2019년판(2015~2019)
2018,서울특별시,노원구,0.0,0.0126200313561022,0,0,9.6342,469.48,실측(원자료 기반),SGIS실제인접,2019년판(2015~2019)
2019,서울특별시,노원구,0.0,0.0142973047008244,0,0,9.6342,300.52,실측(원자료 기반),SGIS실제인접,2019년판(2015~2019)
2020,서울특별시,노원구,0.0,0.0343048036919903,0,0,9.3833,300.52,실측(원자료 기반),SGIS실제인접,2024년판(2020~2024)
2021,서울특별시,노원구,0.0,0.0127187724077746,0,0,9.3833,192.6,실측(원자료 기반),SGIS실제인접,2024년판(2020~2024)
2022,서울특별시,노원구,0.0,0.0,0,0,9.3833,283.94,실측(원자료 기반),centroid근접(대체),2024년판(2020~2024)
2023,서울특별시,노원구,0.0,0.0411419433311751,0,0,9.3833,300.52,추정(시군구 평균비중 x 국가총량),SGIS실제인접,2024년판(2020~2024)
2016,서울특별시,도봉구,0.0,0.0007996801705643,0,0,3.5422,304.34,추정(시군구 평균비중 x 국가총량),SGIS실제인접,2019년판(2015~2019)
2017,서울특별시,도봉구,0.0,0.0001999800026662,0,0,3.5422,470.92,실측(원자료 기반),SGIS실제인접,2019년판(2015~2019)
2018,서울특별시,도봉구,0.0,0.000499875041651,0,0,3.5422,470.92,실측(원자료 기반),SGIS실제인접,2019년판(2015~2019)
2019,서울특별시,도봉구,0.0,0.0001999800026662,0,0,3.5422,304.34,실측(원자료 기반),SGIS실제인접,2019년판(2015~2019)
2020,서울특별시,도봉구,0.0,0.0,0,0,3.5518,304.34,실측(원자료 기반),SGIS실제인접,2024년판(2020~2024)
2021,서울특별시,도봉구,0.0,9.999500033330834e-05,0,0,3.5518,196.71,실측(원자료 기반),SGIS실제인접,2024년판(2020~2024)
2022,서울특별시,도봉구,0.0,0.0,0,0,3.5518,287.55,실측(원자료 기반),centroid근접(대체),2024년판(2020~2024)
2023,서울특별시,도봉구,0.0,0.0005998200719676,0,0,3.5518,304.34,추정(시군구 평균비중 x 국가총량),SGIS실제인접,2024년판(2020~2024)
2016,서울특별시,동대문구,0.0,0.0,0,0,0.6462,295.7,추정(시군구 평균비중 x 국가총량),SGIS실제인접,2019년판(2015~2019)
2017,서울특별시,동대문구,0.0,0.0,0,0,0.6462,461.52,실측(원자료 기반),SGIS실제인접,2019년판(2015~2019)
2018,서울특별시,동대문구,0.0,0.0,0,0,0.6462,461.52,실측(원자료 기반),SGIS실제인접,2019년판(2015~2019)
2019,서울특별시,동대문구,0.0,0.0,0,0,0.6462,295.7,실측(원자료 기반),SGIS실제인접,2019년판(2015~2019)
2020,서울특별시,동대문구,0.0,0.0,0,0,0.7218,295.7,실측(원자료 기반),SGIS실제인접,2024년판(2020~2024)
2021,서울특별시,동대문구,0.0,0.0,0,0,0.7218,189.37,실측(원자료 기반),SGIS실제인접,2024년판(2020~2024)
2022,서울특별시,동대문구,0.0,0.0,0,0,0.7218,278.43,실측(원자료 기반),centroid근접(대체),2024년판(2020~2024)
2023,서울특별시,동대문구,0.0,0.0,0,0,0.7218,295.7,추정(시군구 평균비중 x 국가총량),SGIS실제인접,2024년판(2020~2024)
2016,서울특별시,동작구,0.0,0.0,0,0,1.2088,294.97,추정(시군구 평균비중 x 국가총량),SGIS실제인접,2019년판(2015~2019)
2017,서울특별시,동작구,0.0,0.0,0,0,1.2088,451.46,실측(원자료 기반),SGIS실제인접,2019년판(2015~2019)
2018,서울특별시,동작구,0.0,0.0,0,0,1.2088,451.46,실측(원자료 기반),SGIS실제인접,2019년판(2015~2019)
2019,서울특별시,동작구,0.0,0.0,0,0,1.2088,294.97,실측(원자료 기반),SGIS실제인접,2019년판(2015~2019)
2020,서울특별시,동작구,0.0,0.0,0,0,1.0087,294.97,실측(원자료 기반),SGIS실제인접,2024년판(2020~2024)
2021,서울특별시,동작구,0.0,0.0,0,0,1.0087,191.9,실측(원자료 기반),SGIS실제인접,2024년판(2020~2024)
2022,서울특별시,동작구,0.0,0.0,0,0,1.0087,276.27,실측(원자료 기반),centroid근접(대체),2024년판(2020~2024)
2023,서울특별시,동작구,0.0,0.0,0,0,1.0087,294.97,추정(시군구 평균비중 x 국가총량),SGIS실제인접,2024년판(2020~2024)
2016,서울특별시,마포구,0.0,0.0,0,0,0.3362,302.48,추정(시군구 평균비중 x 국가총량),SGIS실제인접,2019년판(2015~2019)
2017,서울특별시,마포구,0.0,0.0,0,0,0.3362,457.83,실측(원자료 기반),SGIS실제인접,2019년판(2015~2019)
2018,서울특별시,마포구,0.0,0.0,0,0,0.3362,457.83,실측(원자료 기반),SGIS실제인접,2019년판(2015~2019)
2019,서울특별시,마포구,0.0,0.0,0,0,0.3362,302.48,실측(원자료 기반),SGIS실제인접,2019년판(2015~2019)
2020,서울특별시,마포구,0.0,0.0,0,0,0.3377,302.48,실측(원자료 기반),SGIS실제인접,2024년판(2020~2024)
2021,서울특별시,마포구,0.0,0.0,0,0,0.3377,198.7,실측(원자료 기반),SGIS실제인접,2024년판(2020~2024)
2022,서울특별시,마포구,0.0,0.0,0,0,0.3377,283.94,실측(원자료 기반),centroid근접(대체),2024년판(2020~2024)
2023,서울특별시,마포구,0.0,0.0,0,0,0.3377,302.48,추정(시군구 평균비중 x 국가총량),SGIS실제인접,2024년판(2020~2024)
2016,서울특별시,서대문구,0.0,0.0,0,0,5.4514,302.14,추정(시군구 평균비중 x 국가총량),SGIS실제인접,2019년판(2015~2019)
2017,서울특별시,서대문구,0.0,0.0,0,0,5.4514,460.09,실측(원자료 기반),SGIS실제인접,2019년판(2015~2019)
2018,서울특별시,서대문구,0.0,0.0,0,0,5.4514,460.09,실측(원자료 기반),SGIS실제인접,2019년판(2015~2019)
2019,서울특별시,서대문구,0.0,0.0,0,0,5.4514,302.14,실측(원자료 기반),SGIS실제인접,2019년판(2015~2019)
2020,서울특별시,서대문구,0.0,0.0,0,0,5.5831,302.14,실측(원자료 기반),SGIS실제인접,2024년판(2020~2024)
2021,서울특별시,서대문구,0.0,0.0,0,0,5.5831,197.54,실측(원자료 기반),SGIS실제인접,2024년판(2020~2024)
2022,서울특별시,서대문구,0.0,0.0,0,0,5.5831,283.96,실측(원자료 기반),centroid근접(대체),2024년판(2020~2024)
2023,서울특별시,서대문구,0.0,0.0,0,0,5.5831,302.14,추정(시군구 평균비중 x 국가총량),SGIS실제인접,2024년판(2020~2024)
2016,서울특별시,서초구,0.0,0.0242046886968173,0,0,1.7213,288.09,추정(시군구 평균비중 x 국가총량),SGIS실제인접,2019년판(2015~2019)
2017,서울특별시,서초구,0.0,0.0180363624860985,0,0,1.7213,449.3,실측(원자료 기반),SGIS실제인접,2019년판(2015~2019)
2018,서울특별시,서초구,0.0,0.0159717695096986,0,0,1.7213,449.3,실측(원자료 기반),SGIS실제인접,2019년판(2015~2019)
2019,서울특별시,서초구,0.0,0.0106431600984798,0,0,1.7213,288.09,실측(원자료 기반),SGIS실제인접,2019년판(2015~2019)
2020,서울특별시,서초구,0.0,0.0107420965319021,0,0,1.5809,288.09,실측(원자료 기반),SGIS실제인접,2024년판(2020~2024)
2021,서울특별시,서초구,0.0,0.0001999800026662,0,0,1.5809,184.42,실측(원자료 기반),SGIS실제인접,2024년판(2020~2024)
2022,서울특별시,서초구,0.0,0.0,0,0,1.5809,269.79,실측(원자료 기반),centroid근접(대체),2024년판(2020~2024)
2023,서울특별시,서초구,0.0,0.0183309566847234,0,0,1.5809,288.09,추정(시군구 평균비중 x 국가총량),SGIS실제인접,2024년판(2020~2024)
2016,서울특별시,성동구,0.0,0.0,0,0,0.1784,293.91,추정(시군구 평균비중 x 국가총량),SGIS실제인접,2019년판(2015~2019)
2017,서울특별시,성동구,0.0,0.0,0,0,0.1784,457.97,실측(원자료 기반),SGIS실제인접,2019년판(2015~2019)
2018,서울특별시,성동구,0.0,0.0,0,0,0.1784,457.97,실측(원자료 기반),SGIS실제인접,2019년판(2015~2019)
2019,서울특별시,성동구,0.0,0.0,0,0,0.1784,293.91,실측(원자료 기반),SGIS실제인접,2019년판(2015~2019)
2020,서울특별시,성동구,0.0,0.0,0,0,0.1574,293.91,실측(원자료 기반),SGIS실제인접,2024년판(2020~2024)
2021,서울특별시,성동구,0.0,0.0,0,0,0.1574,188.41,실측(원자료 기반),SGIS실제인접,2024년판(2020~2024)
2022,서울특별시,성동구,0.0,0.0,0,0,0.1574,276.3,실측(원자료 기반),centroid근접(대체),2024년판(2020~2024)
2023,서울특별시,성동구,0.0,0.0,0,0,0.1574,293.91,추정(시군구 평균비중 x 국가총량),SGIS실제인접,2024년판(2020~2024)
2016,서울특별시,성북구,0.0,0.0,0,0,5.9069,299.84,추정(시군구 평균비중 x 국가총량),SGIS실제인접,2019년판(2015~2019)
2017,서울특별시,성북구,0.0,0.0,0,0,5.9069,463.8,실측(원자료 기반),SGIS실제인접,2019년판(2015~2019)
2018,서울특별시,성북구,0.0,0.0,0,0,5.9069,463.8,실측(원자료 기반),SGIS실제인접,2019년판(2015~2019)
2019,서울특별시,성북구,0.0,0.0,0,0,5.9069,299.84,실측(원자료 기반),SGIS실제인접,2019년판(2015~2019)
2020,서울특별시,성북구,0.0,0.0,0,0,5.9175,299.84,실측(원자료 기반),SGIS실제인접,2024년판(2020~2024)
2021,서울특별시,성북구,0.0,0.0,0,0,5.9175,193.59,실측(원자료 기반),SGIS실제인접,2024년판(2020~2024)
2022,서울특별시,성북구,0.0,0.0,0,0,5.9175,282.46,실측(원자료 기반),centroid근접(대체),2024년판(2020~2024)
2023,서울특별시,성북구,0.0,0.0,0,0,5.9175,299.84,추정(시군구 평균비중 x 국가총량),SGIS실제인접,2024년판(2020~2024)
2016,서울특별시,송파구,0.0,0.0361390466158731,0,0,0.8431,285.8,추정(시군구 평균비중 x 국가총량),SGIS실제인접,2019년판(2015~2019)
2017,서울특별시,송파구,0.0,0.0352706140819192,0,0,0.8431,453.7,실측(원자료 기반),SGIS실제인접,2019년판(2015~2019)
2018,서울특별시,송파구,0.0,0.0198026272961797,0,0,0.8431,453.7,실측(원자료 기반),SGIS실제인접,2019년판(2015~2019)
2019,서울특별시,송파구,0.0,0.0147900854726354,0,0,0.8431,285.8,실측(원자료 기반),SGIS실제인접,2019년판(2015~2019)
2020,서울특별시,송파구,0.0,0.013804280976397,0,0,0.4251,285.8,실측(원자료 기반),SGIS실제인접,2024년판(2020~2024)
2021,서울특별시,송파구,0.0,0.0017983819413793,0,0,0.4251,180.15,실측(원자료 기반),SGIS실제인접,2024년판(2020~2024)
2022,서울특별시,송파구,0.0,0.0,0,0,0.4251,268.42,실측(원자료 기반),centroid근접(대체),2024년판(2020~2024)
2023,서울특별시,송파구,0.0,0.0274205955759921,0,0,0.4251,285.8,추정(시군구 평균비중 x 국가총량),SGIS실제인접,2024년판(2020~2024)
2016,서울특별시,양천구,0.0,0.0,0,0,0.6012,302.94,추정(시군구 평균비중 x 국가총량),SGIS실제인접,2019년판(2015~2019)
2017,서울특별시,양천구,0.0,0.0,0,0,0.6012,453.67,실측(원자료 기반),SGIS실제인접,2019년판(2015~2019)
2018,서울특별시,양천구,0.0,0.0,0,0,0.6012,453.67,실측(원자료 기반),SGIS실제인접,2019년판(2015~2019)
2019,서울특별시,양천구,0.0,0.0,0,0,0.6012,302.94,실측(원자료 기반),SGIS실제인접,2019년판(2015~2019)
2020,서울특별시,양천구,0.0,0.0,0,0,0.5144,302.94,실측(원자료 기반),SGIS실제인접,2024년판(2020~2024)
2021,서울특별시,양천구,0.0,0.0,0,0,0.5144,200.66,실측(원자료 기반),SGIS실제인접,2024년판(2020~2024)
2022,서울특별시,양천구,0.0,0.0,0,0,0.5144,283.74,실측(원자료 기반),centroid근접(대체),2024년판(2020~2024)
2023,서울특별시,양천구,0.0,0.0,0,0,0.5144,302.94,추정(시군구 평균비중 x 국가총량),SGIS실제인접,2024년판(2020~2024)
2016,서울특별시,영등포구,0.0,0.0,0,0,0.0,299.38,추정(시군구 평균비중 x 국가총량),SGIS실제인접,2019년판(2015~2019)
2017,서울특별시,영등포구,0.0,0.0,0,0,0.0,453.75,실측(원자료 기반),SGIS실제인접,2019년판(2015~2019)
2018,서울특별시,영등포구,0.0,0.0,0,0,0.0,453.75,실측(원자료 기반),SGIS실제인접,2019년판(2015~2019)
2019,서울특별시,영등포구,0.0,0.0,0,0,0.0,299.38,실측(원자료 기반),SGIS실제인접,2019년판(2015~2019)
2020,서울특별시,영등포구,0.0,0.0,0,0,0.0,299.38,실측(원자료 기반),SGIS실제인접,2024년판(2020~2024)
2021,서울특별시,영등포구,0.0,0.0,0,0,0.0,196.38,실측(원자료 기반),SGIS실제인접,2024년판(2020~2024)
2022,서울특별시,영등포구,0.0,0.0,0,0,0.0,280.56,실측(원자료 기반),centroid근접(대체),2024년판(2020~2024)
2023,서울특별시,영등포구,0.0,0.0,0,0,0.0,299.38,추정(시군구 평균비중 x 국가총량),SGIS실제인접,2024년판(2020~2024)
2016,서울특별시,용산구,0.0,0.0,0,0,4.44,295.91,추정(시군구 평균비중 x 국가총량),SGIS실제인접,2019년판(2015~2019)
2017,서울특별시,용산구,0.0,0.0,0,0,4.44,455.27,실측(원자료 기반),SGIS실제인접,2019년판(2015~2019)
2018,서울특별시,용산구,0.0,0.0,0,0,4.44,455.27,실측(원자료 기반),SGIS실제인접,2019년판(2015~2019)
2019,서울특별시,용산구,0.0,0.0,0,0,4.44,295.91,실측(원자료 기반),SGIS실제인접,2019년판(2015~2019)
2020,서울특별시,용산구,0.0,0.0,0,0,4.4716,295.91,실측(원자료 기반),SGIS실제인접,2024년판(2020~2024)
2021,서울특별시,용산구,0.0,0.0,0,0,4.4716,191.7,실측(원자료 기반),SGIS실제인접,2024년판(2020~2024)
2022,서울특별시,용산구,0.0,0.0,0,0,4.4716,277.67,실측(원자료 기반),centroid근접(대체),2024년판(2020~2024)
2023,서울특별시,용산구,0.0,0.0,0,0,4.4716,295.91,추정(시군구 평균비중 x 국가총량),SGIS실제인접,2024년판(2020~2024)
2016,서울특별시,은평구,0.0,0.0,0,0,7.9075,306.26,추정(시군구 평균비중 x 국가총량),SGIS실제인접,2019년판(2015~2019)
2017,서울특별시,은평구,0.0,0.0,0,0,7.9075,464.58,실측(원자료 기반),SGIS실제인접,2019년판(2015~2019)
2018,서울특별시,은평구,0.0,0.0,0,0,7.9075,464.58,실측(원자료 기반),SGIS실제인접,2019년판(2015~2019)
2019,서울특별시,은평구,0.0,0.0,0,0,7.9075,306.26,실측(원자료 기반),SGIS실제인접,2019년판(2015~2019)
2020,서울특별시,은평구,0.0,0.0,0,0,8.0235,306.26,실측(원자료 기반),SGIS실제인접,2024년판(2020~2024)
2021,서울특별시,은평구,0.0,0.0,0,0,8.0235,200.99,실측(원자료 기반),SGIS실제인접,2024년판(2020~2024)
2022,서울특별시,은평구,0.0,0.0,0,0,8.0235,288.3,실측(원자료 기반),centroid근접(대체),2024년판(2020~2024)
2023,서울특별시,은평구,0.0,0.0,0,0,8.0235,306.26,추정(시군구 평균비중 x 국가총량),SGIS실제인접,2024년판(2020~2024)
2016,서울특별시,종로구,0.0,0.0,0,0,9.8586,301.29,추정(시군구 평균비중 x 국가총량),SGIS실제인접,2019년판(2015~2019)
2017,서울특별시,종로구,0.0,0.0,0,0,9.8586,462.27,실측(원자료 기반),SGIS실제인접,2019년판(2015~2019)
2018,서울특별시,종로구,0.0,0.0,0,0,9.8586,462.27,실측(원자료 기반),SGIS실제인접,2019년판(2015~2019)
2019,서울특별시,종로구,0.0,0.0,0,0,9.8586,301.29,실측(원자료 기반),SGIS실제인접,2019년판(2015~2019)
2020,서울특별시,종로구,0.0,0.0,0,0,9.5865,301.29,실측(원자료 기반),SGIS실제인접,2024년판(2020~2024)
2021,서울특별시,종로구,0.0,0.0,0,0,9.5865,195.81,실측(원자료 기반),SGIS실제인접,2024년판(2020~2024)
2022,서울특별시,종로구,0.0,0.0,0,0,9.5865,283.52,실측(원자료 기반),centroid근접(대체),2024년판(2020~2024)
2023,서울특별시,종로구,0.0,0.0,0,0,9.5865,301.29,추정(시군구 평균비중 x 국가총량),SGIS실제인접,2024년판(2020~2024)
2016,서울특별시,중구,0.0,0.0,0,0,0.5687,297.32,추정(시군구 평균비중 x 국가총량),SGIS실제인접,2019년판(2015~2019)
2017,서울특별시,중구,0.0,0.0,0,0,0.5687,458.58,실측(원자료 기반),SGIS실제인접,2019년판(2015~2019)
2018,서울특별시,중구,0.0,0.0,0,0,0.5687,458.58,실측(원자료 기반),SGIS실제인접,2019년판(2015~2019)
2019,서울특별시,중구,0.0,0.0,0,0,0.5687,297.32,실측(원자료 기반),SGIS실제인접,2019년판(2015~2019)
2020,서울특별시,중구,0.0,0.0,0,0,0.5886,297.32,실측(원자료 기반),SGIS실제인접,2024년판(2020~2024)
2021,서울특별시,중구,0.0,0.0,0,0,0.5886,192.28,실측(원자료 기반),SGIS실제인접,2024년판(2020~2024)
2022,서울특별시,중구,0.0,0.0,0,0,0.5886,279.43,실측(원자료 기반),centroid근접(대체),2024년판(2020~2024)
2023,서울특별시,중구,0.0,0.0,0,0,0.5886,297.32,추정(시군구 평균비중 x 국가총량),SGIS실제인접,2024년판(2020~2024)
2016,서울특별시,중랑구,0.0,0.0,0,0,4.2673,294.85,추정(시군구 평균비중 x 국가총량),SGIS실제인접,2019년판(2015~2019)
2017,서울특별시,중랑구,0.0,0.0,0,0,4.2673,463.63,실측(원자료 기반),SGIS실제인접,2019년판(2015~2019)
2018,서울특별시,중랑구,0.0,0.0,0,0,4.2673,463.63,실측(원자료 기반),SGIS실제인접,2019년판(2015~2019)
2019,서울특별시,중랑구,0.0,0.0,0,0,4.2673,294.85,실측(원자료 기반),SGIS실제인접,2019년판(2015~2019)
2020,서울특별시,중랑구,0.0,0.0,0,0,4.0531,294.85,실측(원자료 기반),SGIS실제인접,2024년판(2020~2024)
2021,서울특별시,중랑구,0.0,0.0,0,0,4.0531,187.69,실측(원자료 기반),SGIS실제인접,2024년판(2020~2024)
2022,서울특별시,중랑구,0.0,0.0,0,0,4.0531,278.0,실측(원자료 기반),centroid근접(대체),2024년판(2020~2024)
2023,서울특별시,중랑구,0.0,0.0,0,0,4.0531,294.85,추정(시군구 평균비중 x 국가총량),SGIS실제인접,2024년판(2020~2024)
2016,세종특별자치시,세종시,0.0014988761237358,0.0002999550089979,1,0,2.7236,207.02,추정(시군구 평균비중 x 국가총량),SGIS실제인접,2019년판(2015~2019)
2017,세종특별자치시,세종시,0.000899595242836,0.0001999800026662,2,0,2.7236,352.09,실측(원자료 기반),SGIS실제인접,2019년판(2015~2019)
2018,세종특별자치시,세종시,0.0002999550089979,0.0,3,0,2.7236,352.09,실측(원자료 기반),SGIS실제인접,2019년판(2015~2019)
2019,세종특별자치시,세종시,0.000499875041651,9.999500033330834e-05,4,0,2.7236,207.02,실측(원자료 기반),SGIS실제인접,2019년판(2015~2019)
2020,세종특별자치시,세종시,0.0007996801705643,0.0,5,0,2.5652,207.02,실측(원자료 기반),SGIS실제인접,2024년판(2020~2024)
2021,세종특별자치시,세종시,0.0002999550089979,9.999500033330834e-05,6,0,2.5652,136.14,실측(원자료 기반),SGIS실제인접,2024년판(2020~2024)
2022,세종특별자치시,세종시,0.0003999200213269,0.0002999550089979,7,0,2.5652,181.39,실측(원자료 기반),centroid근접(대체),2024년판(2020~2024)
2023,세종특별자치시,세종시,0.0010993954433009,0.0002999550089979,8,0,2.5652,207.02,추정(시군구 평균비중 x 국가총량),SGIS실제인접,2024년판(2020~2024)
2016,울산광역시,남구,0.1014729689306337,1.2974358246356397,1,1,5.9415,13.34,추정(시군구 평균비중 x 국가총량),SGIS실제인접,2019년판(2015~2019)
2017,울산광역시,남구,0.0746435429957658,1.0388622842623356,2,1,5.9415,344.84,실측(원자료 기반),SGIS실제인접,2019년판(2015~2019)
2018,울산광역시,남구,0.0791807978744412,0.9249332772554968,3,1,5.9415,344.84,실측(원자료 기반),SGIS실제인접,2019년판(2015~2019)
2019,울산광역시,남구,0.033144598592302,0.7484872755931099,4,1,5.9415,13.34,실측(원자료 기반),SGIS실제인접,2019년판(2015~2019)
2020,울산광역시,남구,0.0506931143155181,0.604643781968542,5,1,5.7336,13.34,실측(원자료 기반),SGIS실제인접,2024년판(2020~2024)
2021,울산광역시,남구,0.0124225199985571,0.3911633233973047,6,1,5.7336,128.16,실측(원자료 기반),SGIS실제인접,2024년판(2020~2024)
2022,울산광역시,남구,0.0065783153601225,0.4204850748645498,7,1,5.7336,49.04,실측(원자료 기반),centroid근접(대체),2024년판(2020~2024)
2023,울산광역시,남구,0.0775164424278283,1.1017407233426406,8,1,5.7336,13.34,추정(시군구 평균비중 x 국가총량),SGIS실제인접,2024년판(2020~2024)
2016,울산광역시,동구,1.5050102948248747,1.391580365549128,1,1,23.8968,21.75,추정(시군구 평균비중 x 국가총량),SGIS실제인접,2019년판(2015~2019)
2017,울산광역시,동구,1.5899084478255965,0.8043307095205604,2,1,23.8968,352.24,실측(원자료 기반),SGIS실제인접,2019년판(2015~2019)
2018,울산광역시,동구,1.2901963710745536,1.0169321299920044,3,1,23.8968,352.24,실측(원자료 기반),SGIS실제인접,2019년판(2015~2019)
2019,울산광역시,동구,0.8775499035577246,0.8970671369063957,4,1,23.8968,21.75,실측(원자료 기반),SGIS실제인접,2019년판(2015~2019)
2020,울산광역시,동구,0.5497963056640627,0.6985326528362831,5,1,24.0426,21.75,실측(원자료 기반),SGIS실제인접,2024년판(2020~2024)
2021,울산광역시,동구,0.4015909465595638,0.4358649804992477,6,1,24.0426,130.72,실측(원자료 기반),SGIS실제인접,2024년판(2020~2024)
2022,울산광역시,동구,0.2684992530350069,0.3522049684672805,7,1,24.0426,57.82,실측(원자료 기반),centroid근접(대체),2024년판(2020~2024)
2023,울산광역시,동구,1.2939871678347057,1.188544396168717,8,1,24.0426,21.75,추정(시군구 평균비중 x 국가총량),SGIS실제인접,2024년판(2020~2024)
2016,울산광역시,북구,1.391580365549128,1.0520795745398928,1,1,20.6059,18.82,추정(시군구 평균비중 x 국가총량),SGIS실제인접,2019년판(2015~2019)
2017,울산광역시,북구,0.8043307095205604,1.0062411190724163,2,1,20.6059,355.23,실측(원자료 기반),SGIS실제인접,2019년판(2015~2019)
2018,울산광역시,북구,1.0169321299920044,0.7762927616466142,3,1,20.6059,355.23,실측(원자료 기반),SGIS실제인접,2019년판(2015~2019)
2019,울산광역시,북구,0.8970671369063957,0.5460383155217332,4,1,20.6059,18.82,실측(원자료 기반),SGIS실제인접,2019년판(2015~2019)
2020,울산광역시,북구,0.6985326528362831,0.4075296421570434,5,1,20.113,18.82,실측(원자료 기반),SGIS실제인접,2024년판(2020~2024)
2021,울산광역시,북구,0.4358649804992477,0.2717051179286401,6,1,20.113,120.43,실측(원자료 기반),SGIS실제인접,2024년판(2020~2024)
2022,울산광역시,북구,0.5124642804344992,0.2636711024902777,7,1,20.113,54.94,실측(원자료 기반),centroid근접(대체),2024년판(2020~2024)
2023,울산광역시,북구,1.188544396168717,0.878713467518789,8,1,20.113,18.82,추정(시군구 평균비중 x 국가총량),SGIS실제인접,2024년판(2020~2024)
2016,울산광역시,울주군,1.0675687180366482,0.719399551704011,1,1,20.9122,0.0,추정(시군구 평균비중 x 국가총량),SGIS실제인접,2019년판(2015~2019)
2017,울산광역시,울주군,0.8992666408683598,0.537720687228635,2,1,20.9122,337.56,실측(원자료 기반),SGIS실제인접,2019년판(2015~2019)
2018,울산광역시,울주군,0.7156911449948399,0.4544457303297862,3,1,20.9122,337.56,실측(원자료 기반),SGIS실제인접,2019년판(2015~2019)
2019,울산광역시,울주군,0.6239042778177846,0.3415308488120729,4,1,20.9122,0.0,실측(원자료 기반),SGIS실제인접,2019년판(2015~2019)
2020,울산광역시,울주군,0.5379542911542433,0.2551072265196023,5,1,20.0748,0.0,실측(원자료 기반),SGIS실제인접,2024년판(2020~2024)
2021,울산광역시,울주군,0.2356253288162656,0.1889660995126232,6,1,20.0748,120.48,실측(원자료 기반),SGIS실제인접,2024년판(2020~2024)
2022,울산광역시,울주군,0.2401973058800373,0.3522049684672805,7,1,20.0748,36.49,실측(원자료 기반),centroid근접(대체),2024년판(2020~2024)
2023,울산광역시,울주군,0.8926535621080008,0.5853949180657151,8,1,20.0748,0.0,추정(시군구 평균비중 x 국가총량),SGIS실제인접,2024년판(2020~2024)
2016,울산광역시,중구,1.398741572171646,0.9853316022091434,1,1,21.5256,11.27,추정(시군구 평균비중 x 국가총량),SGIS실제인접,2019년판(2015~2019)
2017,울산광역시,중구,1.3310987256519409,0.6541464432102128,2,1,21.5256,347.5,실측(원자료 기반),SGIS실제인접,2019년판(2015~2019)
2018,울산광역시,중구,1.013417442604878,0.6750850377415368,3,1,21.5256,347.5,실측(원자료 기반),SGIS실제인접,2019년판(2015~2019)
2019,울산광역시,중구,0.704383812485933,0.5789140863985206,4,1,21.5256,11.27,실측(원자료 기반),SGIS실제인접,2019년판(2015~2019)
2020,울산광역시,중구,0.5700751829699511,0.4648026274536717,5,1,20.479,11.27,실측(원자료 기반),SGIS실제인접,2024년판(2020~2024)
2021,울산광역시,중구,0.4850153868661734,0.2427893035610442,6,1,20.479,121.65,실측(원자료 기반),SGIS실제인접,2024년판(2020~2024)
2022,울산광역시,중구,0.4641113035408978,0.2744448456697604,7,1,20.479,47.71,실측(원자료 기반),centroid근접(대체),2024년판(2020~2024)
2023,울산광역시,중구,1.1951943865143535,0.8189865653990931,8,1,20.479,11.27,추정(시군구 평균비중 x 국가총량),SGIS실제인접,2024년판(2020~2024)
2016,인천광역시,강화군,0.0,0.0,0,0,0.0,346.08,추정(시군구 평균비중 x 국가총량),centroid근접(대체),2019년판(2015~2019)
2017,인천광역시,강화군,0.0,0.0,0,0,0.0,473.69,실측(원자료 기반),centroid근접(대체),2019년판(2015~2019)
2018,인천광역시,강화군,0.0,0.0,0,0,0.0,473.69,실측(원자료 기반),centroid근접(대체),2019년판(2015~2019)
2019,인천광역시,강화군,0.0,0.0,0,0,0.0,346.08,실측(원자료 기반),centroid근접(대체),2019년판(2015~2019)
2020,인천광역시,강화군,0.0,0.0,0,0,0.554,346.08,실측(원자료 기반),centroid근접(대체),2024년판(2020~2024)
2021,인천광역시,강화군,0.0,0.0,0,0,0.554,245.69,실측(원자료 기반),centroid근접(대체),2024년판(2020~2024)
2022,인천광역시,강화군,0.0,0.0,0,0,0.554,325.41,실측(원자료 기반),centroid근접(대체),2024년판(2020~2024)
2023,인천광역시,강화군,0.0,0.0,0,0,0.554,346.08,추정(시군구 평균비중 x 국가총량),centroid근접(대체),2024년판(2020~2024)
2016,인천광역시,계양구,0.0,0.0,0,0,0.903,313.01,추정(시군구 평균비중 x 국가총량),SGIS실제인접,2019년판(2015~2019)
2017,인천광역시,계양구,0.0,0.0,0,0,0.903,456.7,실측(원자료 기반),SGIS실제인접,2019년판(2015~2019)
2018,인천광역시,계양구,0.0,0.0,0,0,0.903,456.7,실측(원자료 기반),SGIS실제인접,2019년판(2015~2019)
2019,인천광역시,계양구,0.0,0.0,0,0,0.903,313.01,실측(원자료 기반),SGIS실제인접,2019년판(2015~2019)
2020,인천광역시,계양구,0.0,0.0,0,0,0.7497,313.01,실측(원자료 기반),SGIS실제인접,2024년판(2020~2024)
2021,인천광역시,계양구,0.0,0.0,0,0,0.7497,211.68,실측(원자료 기반),SGIS실제인접,2024년판(2020~2024)
2022,인천광역시,계양구,0.0,0.0,0,0,0.7497,293.24,실측(원자료 기반),centroid근접(대체),2024년판(2020~2024)
2023,인천광역시,계양구,0.0,0.0,0,0,0.7497,313.01,추정(시군구 평균비중 x 국가총량),SGIS실제인접,2024년판(2020~2024)
2016,인천광역시,남동구,0.0,0.0,0,0,1.0031,303.84,추정(시군구 평균비중 x 국가총량),SGIS실제인접,2019년판(2015~2019)
2017,인천광역시,남동구,0.0,0.0,0,0,1.0031,442.66,실측(원자료 기반),SGIS실제인접,2019년판(2015~2019)
2018,인천광역시,남동구,0.0,0.0,0,0,1.0031,442.66,실측(원자료 기반),SGIS실제인접,2019년판(2015~2019)
2019,인천광역시,남동구,0.0,0.0,0,0,1.0031,303.84,실측(원자료 기반),SGIS실제인접,2019년판(2015~2019)
2020,인천광역시,남동구,0.0,0.0,0,0,1.037,303.84,실측(원자료 기반),SGIS실제인접,2024년판(2020~2024)
2021,인천광역시,남동구,0.0,0.0,0,0,1.037,205.64,실측(원자료 기반),SGIS실제인접,2024년판(2020~2024)
2022,인천광역시,남동구,0.0,0.0,0,0,1.037,283.04,실측(원자료 기반),centroid근접(대체),2024년판(2020~2024)
2023,인천광역시,남동구,0.0,0.0,0,0,1.037,303.84,추정(시군구 평균비중 x 국가총량),SGIS실제인접,2024년판(2020~2024)
2016,인천광역시,동구,0.0,0.0,0,0,0.5542,313.44,추정(시군구 평균비중 x 국가총량),SGIS실제인접,2019년판(2015~2019)
2017,인천광역시,동구,0.0,0.0,0,0,0.5542,448.22,실측(원자료 기반),SGIS실제인접,2019년판(2015~2019)
2018,인천광역시,동구,0.0,0.0,0,0,0.5542,448.22,실측(원자료 기반),SGIS실제인접,2019년판(2015~2019)
2019,인천광역시,동구,0.0,0.0,0,0,0.5542,313.44,실측(원자료 기반),SGIS실제인접,2019년판(2015~2019)
2020,인천광역시,동구,0.0,0.0,0,0,0.0,313.44,실측(원자료 기반),SGIS실제인접,2024년판(2020~2024)
2021,인천광역시,동구,0.0,0.0,0,0,0.0,215.14,실측(원자료 기반),SGIS실제인접,2024년판(2020~2024)
2022,인천광역시,동구,0.0,0.0,0,0,0.0,292.5,실측(원자료 기반),centroid근접(대체),2024년판(2020~2024)
2023,인천광역시,동구,0.0,0.0,0,0,0.0,313.44,추정(시군구 평균비중 x 국가총량),SGIS실제인접,2024년판(2020~2024)
2016,인천광역시,미추홀구,0.0,0.0,0,0,0.7552,309.5,추정(시군구 평균비중 x 국가총량),centroid근접(대체),2019년판(2015~2019)
2017,인천광역시,미추홀구,0.0,0.0,0,0,0.7552,444.87,실측(원자료 기반),centroid근접(대체),2019년판(2015~2019)
2018,인천광역시,미추홀구,0.0,0.0,0,0,0.7552,444.87,실측(원자료 기반),SGIS실제인접,2019년판(2015~2019)
2019,인천광역시,미추홀구,0.0,0.0,0,0,0.7552,309.5,실측(원자료 기반),SGIS실제인접,2019년판(2015~2019)
2020,인천광역시,미추홀구,0.0,0.0,0,0,0.7102,309.5,실측(원자료 기반),SGIS실제인접,2024년판(2020~2024)
2021,인천광역시,미추홀구,0.0,0.0,0,0,0.7102,211.61,실측(원자료 기반),SGIS실제인접,2024년판(2020~2024)
2022,인천광역시,미추홀구,0.0,0.0,0,0,0.7102,288.48,실측(원자료 기반),centroid근접(대체),2024년판(2020~2024)
2023,인천광역시,미추홀구,0.0,0.0,0,0,0.7102,309.5,추정(시군구 평균비중 x 국가총량),SGIS실제인접,2024년판(2020~2024)
2016,인천광역시,부평구,0.0,0.0,0,0,1.0678,309.17,추정(시군구 평균비중 x 국가총량),SGIS실제인접,2019년판(2015~2019)
2017,인천광역시,부평구,0.0,0.0,0,0,1.0678,449.93,실측(원자료 기반),SGIS실제인접,2019년판(2015~2019)
2018,인천광역시,부평구,0.0,0.0,0,0,1.0678,449.93,실측(원자료 기반),SGIS실제인접,2019년판(2015~2019)
2019,인천광역시,부평구,0.0,0.0,0,0,1.0678,309.17,실측(원자료 기반),SGIS실제인접,2019년판(2015~2019)
2020,인천광역시,부평구,0.0,0.0,0,0,1.0841,309.17,실측(원자료 기반),SGIS실제인접,2024년판(2020~2024)
2021,인천광역시,부평구,0.0,0.0,0,0,1.0841,209.43,실측(원자료 기반),SGIS실제인접,2024년판(2020~2024)
2022,인천광역시,부평구,0.0,0.0,0,0,1.0841,288.85,실측(원자료 기반),centroid근접(대체),2024년판(2020~2024)
2023,인천광역시,부평구,0.0,0.0,0,0,1.0841,309.17,추정(시군구 평균비중 x 국가총량),SGIS실제인접,2024년판(2020~2024)
2016,인천광역시,서구,0.0,0.0,0,0,0.7477,318.43,추정(시군구 평균비중 x 국가총량),SGIS실제인접,2019년판(2015~2019)
2017,인천광역시,서구,0.0,0.0,0,0,0.7477,456.72,실측(원자료 기반),SGIS실제인접,2019년판(2015~2019)
2018,인천광역시,서구,0.0,0.0,0,0,0.7477,456.72,실측(원자료 기반),SGIS실제인접,2019년판(2015~2019)
2019,인천광역시,서구,0.0,0.0,0,0,0.7477,318.43,실측(원자료 기반),SGIS실제인접,2019년판(2015~2019)
2020,인천광역시,서구,0.0,0.0,0,0,0.4227,318.43,실측(원자료 기반),SGIS실제인접,2024년판(2020~2024)
2021,인천광역시,서구,0.0,0.0,0,0,0.4227,218.17,실측(원자료 기반),SGIS실제인접,2024년판(2020~2024)
2022,인천광역시,서구,0.0,0.0,0,0,0.4227,298.15,실측(원자료 기반),centroid근접(대체),2024년판(2020~2024)
2023,인천광역시,서구,0.0,0.0,0,0,0.4227,318.43,추정(시군구 평균비중 x 국가총량),SGIS실제인접,2024년판(2020~2024)
2016,인천광역시,연수구,0.0,0.0,0,0,0.7462,306.03,추정(시군구 평균비중 x 국가총량),SGIS실제인접,2019년판(2015~2019)
2017,인천광역시,연수구,0.0,0.0,0,0,0.7462,438.06,실측(원자료 기반),SGIS실제인접,2019년판(2015~2019)
2018,인천광역시,연수구,0.0,0.0,0,0,0.7462,438.06,실측(원자료 기반),SGIS실제인접,2019년판(2015~2019)
2019,인천광역시,연수구,0.0,0.0,0,0,0.7462,306.03,실측(원자료 기반),SGIS실제인접,2019년판(2015~2019)
2020,인천광역시,연수구,0.0,0.0,0,0,0.6098,306.03,실측(원자료 기반),SGIS실제인접,2024년판(2020~2024)
2021,인천광역시,연수구,0.0,0.0,0,0,0.6098,209.94,실측(원자료 기반),SGIS실제인접,2024년판(2020~2024)
2022,인천광역시,연수구,0.0,0.0,0,0,0.6098,284.42,실측(원자료 기반),centroid근접(대체),2024년판(2020~2024)
2023,인천광역시,연수구,0.0,0.0,0,0,0.6098,306.03,추정(시군구 평균비중 x 국가총량),SGIS실제인접,2024년판(2020~2024)
2016,인천광역시,옹진군,0.0,0.0,0,0,6.227,383.3,추정(시군구 평균비중 x 국가총량),centroid근접(대체),2019년판(2015~2019)
2017,인천광역시,옹진군,0.0,0.0,0,0,6.227,459.15,실측(원자료 기반),centroid근접(대체),2019년판(2015~2019)
2018,인천광역시,옹진군,0.0,0.0,0,0,6.227,459.15,실측(원자료 기반),centroid근접(대체),2019년판(2015~2019)
2019,인천광역시,옹진군,0.0,0.0,0,0,6.227,383.3,실측(원자료 기반),centroid근접(대체),2019년판(2015~2019)
2020,인천광역시,옹진군,0.0,0.0,0,0,29.0933,383.3,실측(원자료 기반),centroid근접(대체),2024년판(2020~2024)
2021,인천광역시,옹진군,0.0,0.0,0,0,29.0933,295.17,실측(원자료 기반),centroid근접(대체),2024년판(2020~2024)
2022,인천광역시,옹진군,0.0,0.0,0,0,29.0933,358.0,실측(원자료 기반),centroid근접(대체),2024년판(2020~2024)
2023,인천광역시,옹진군,0.0,0.0,0,0,29.0933,383.3,추정(시군구 평균비중 x 국가총량),centroid근접(대체),2024년판(2020~2024)
2016,인천광역시,중구,0.0,0.0,0,0,6.6526,322.78,추정(시군구 평균비중 x 국가총량),SGIS실제인접,2019년판(2015~2019)
2017,인천광역시,중구,0.0,0.0,0,0,6.6526,446.72,실측(원자료 기반),SGIS실제인접,2019년판(2015~2019)
2018,인천광역시,중구,0.0,0.0,0,0,6.6526,446.72,실측(원자료 기반),SGIS실제인접,2019년판(2015~2019)
2019,인천광역시,중구,0.0,0.0,0,0,6.6526,322.78,실측(원자료 기반),SGIS실제인접,2019년판(2015~2019)
2020,인천광역시,중구,0.0,0.0,0,0,6.158,322.78,실측(원자료 기반),SGIS실제인접,2024년판(2020~2024)
2021,인천광역시,중구,0.0,0.0,0,0,6.158,226.85,실측(원자료 기반),SGIS실제인접,2024년판(2020~2024)
2022,인천광역시,중구,0.0,0.0,0,0,6.158,300.82,실측(원자료 기반),centroid근접(대체),2024년판(2020~2024)
2023,인천광역시,중구,0.0,0.0,0,0,6.158,322.78,추정(시군구 평균비중 x 국가총량),SGIS실제인접,2024년판(2020~2024)
2016,전라남도,강진군,0.0,0.0,0,0,10.0031,242.97,추정(시군구 평균비중 x 국가총량),SGIS실제인접,2019년판(2015~2019)
2017,전라남도,강진군,0.0,0.0,0,0,10.0031,132.43,실측(원자료 기반),SGIS실제인접,2019년판(2015~2019)
2018,전라남도,강진군,0.0,0.0,0,0,10.0031,132.43,실측(원자료 기반),SGIS실제인접,2019년판(2015~2019)
2019,전라남도,강진군,0.0,0.0,0,0,10.0031,242.97,실측(원자료 기반),SGIS실제인접,2019년판(2015~2019)
2020,전라남도,강진군,0.0,0.0,0,0,10.0571,242.97,실측(원자료 기반),SGIS실제인접,2024년판(2020~2024)
2021,전라남도,강진군,0.0,0.0,0,0,10.0571,283.43,실측(원자료 기반),SGIS실제인접,2024년판(2020~2024)
2022,전라남도,강진군,0.0,0.0,0,0,10.0571,208.16,실측(원자료 기반),centroid근접(대체),2024년판(2020~2024)
2023,전라남도,강진군,0.0,0.0,0,0,10.0571,242.97,추정(시군구 평균비중 x 국가총량),SGIS실제인접,2024년판(2020~2024)
2016,전라남도,고흥군,9.999500033330834e-05,0.0003999200213269,1,0,17.6769,200.54,추정(시군구 평균비중 x 국가총량),SGIS실제인접,2019년판(2015~2019)
2017,전라남도,고흥군,0.0001999800026662,0.0001999800026662,2,0,17.6769,147.18,실측(원자료 기반),SGIS실제인접,2019년판(2015~2019)
2018,전라남도,고흥군,0.0,9.999500033330834e-05,0,0,17.6769,147.18,실측(원자료 기반),SGIS실제인접,2019년판(2015~2019)
2019,전라남도,고흥군,0.0,0.0002999550089979,1,0,17.6769,200.54,실측(원자료 기반),SGIS실제인접,2019년판(2015~2019)
2020,전라남도,고흥군,0.0,9.999500033330834e-05,0,0,17.754,200.54,실측(원자료 기반),SGIS실제인접,2024년판(2020~2024)
2021,전라남도,고흥군,0.0,0.0,0,0,17.754,256.8,실측(원자료 기반),SGIS실제인접,2024년판(2020~2024)
2022,전라남도,고흥군,9.999500033330834e-05,0.0816721486440249,1,0,17.754,167.52,실측(원자료 기반),centroid근접(대체),2024년판(2020~2024)
2023,전라남도,고흥군,9.999500033330834e-05,0.0002999550089979,2,0,17.754,200.54,추정(시군구 평균비중 x 국가총량),SGIS실제인접,2024년판(2020~2024)
2016,전라남도,곡성군,0.0,0.0318861888623217,1,0,25.0371,178.56,추정(시군구 평균비중 x 국가총량),SGIS실제인접,2019년판(2015~2019)
2017,전라남도,곡성군,0.0,0.00329456694943,2,0,25.0371,207.94,실측(원자료 기반),SGIS실제인접,2019년판(2015~2019)
2018,전라남도,곡성군,0.0,0.004987541511039,3,0,25.0371,207.94,실측(원자료 기반),SGIS실제인접,2019년판(2015~2019)
2019,전라남도,곡성군,0.0,0.004489905272852,0,0,25.0371,178.56,실측(원자료 기반),SGIS실제인접,2019년판(2015~2019)
2020,전라남도,곡성군,0.0,0.0083649163316277,0,0,25.2898,178.56,실측(원자료 기반),SGIS실제인접,2024년판(2020~2024)
2021,전라남도,곡성군,0.0,0.0160701801774944,1,0,25.2898,203.97,실측(원자료 기반),SGIS실제인접,2024년판(2020~2024)
2022,전라남도,곡성군,0.0,0.0304322071202019,0,0,25.2898,142.13,실측(원자료 기반),centroid근접(대체),2024년판(2020~2024)
2023,전라남도,곡성군,0.0,0.0241070753432331,1,0,25.2898,178.56,추정(시군구 평균비중 x 국가총량),SGIS실제인접,2024년판(2020~2024)
2016,전라남도,광양시,0.174793290373163,0.2150307312036593,1,1,12.8926,151.07,추정(시군구 평균비중 x 국가총량),SGIS실제인접,2019년판(2015~2019)
2017,전라남도,광양시,0.0206845911928326,0.0285874568519125,2,1,12.8926,203.23,실측(원자료 기반),SGIS실제인접,2019년판(2015~2019)
2018,전라남도,광양시,0.0382587121170903,0.0428679002271758,3,1,12.8926,203.23,실측(원자료 기반),SGIS실제인접,2019년판(2015~2019)
2019,전라남도,광양시,0.0439211870579281,0.0381624610943489,4,1,12.8926,151.07,실측(원자료 기반),SGIS실제인접,2019년판(2015~2019)
2020,전라남도,광양시,0.0722276339968807,0.062880898039201,5,1,12.9715,151.07,실측(원자료 기반),SGIS실제인접,2024년판(2020~2024)
2021,전라남도,광양시,0.0825012215117436,0.1082264050708711,6,1,12.9715,200.76,실측(원자료 기반),SGIS실제인접,2024년판(2020~2024)
2022,전라남도,광양시,0.0644760191843648,0.0698991273796671,7,1,12.9715,116.03,실측(원자료 기반),centroid근접(대체),2024년판(2020~2024)
2023,전라남도,광양시,0.134793096341532,0.1665308708876305,8,1,12.9715,151.07,추정(시군구 평균비중 x 국가총량),SGIS실제인접,2024년판(2020~2024)
2016,전라남도,구례군,0.0028958031120255,0.1357539209776198,1,0,19.565,156.8,추정(시군구 평균비중 x 국가총량),SGIS실제인접,2019년판(2015~2019)
2017,전라남도,구례군,0.0,0.0223484036637618,0,0,19.565,218.13,실측(원자료 기반),SGIS실제인접,2019년판(2015~2019)
2018,전라남도,구례군,0.0,0.0389322100017874,0,0,19.565,218.13,실측(원자료 기반),SGIS실제인접,2019년판(2015~2019)
2019,전라남도,구례군,0.0006997551142733,0.0324671901375014,1,0,19.565,156.8,실측(원자료 기반),SGIS실제인접,2019년판(2015~2019)
2020,전라남도,구례군,0.0010993954433009,0.0509782447646294,2,0,19.733,156.8,실측(원자료 기반),SGIS실제인접,2024년판(2020~2024)
2021,전라남도,구례군,0.0009995003330835,0.0569472804417501,3,0,19.733,188.36,실측(원자료 기반),SGIS실제인접,2024년판(2020~2024)
2022,전라남도,구례군,0.0016985566355814,0.0407579924721677,4,0,19.733,120.42,실측(원자료 기반),centroid근접(대체),2024년판(2020~2024)
2023,전라남도,구례군,0.0021975835434872,0.1041798189096638,5,0,19.733,156.8,추정(시군구 평균비중 x 국가총량),SGIS실제인접,2024년판(2020~2024)
2016,전라남도,나주시,0.0420052941450301,0.0055843782939006,1,0,9.3284,232.78,추정(시군구 평균비중 x 국가총량),SGIS실제인접,2019년판(2015~2019)
2017,전라남도,나주시,0.1656839156409313,0.0001999800026662,2,0,9.3284,172.28,실측(원자료 기반),SGIS실제인접,2019년판(2015~2019)
2018,전라남도,나주시,0.0,0.0,0,0,9.3284,172.28,실측(원자료 기반),SGIS실제인접,2019년판(2015~2019)
2019,전라남도,나주시,0.0,0.0,0,0,9.3284,232.78,실측(원자료 기반),SGIS실제인접,2019년판(2015~2019)
2020,전라남도,나주시,0.0,0.000499875041651,0,0,9.3696,232.78,실측(원자료 기반),SGIS실제인접,2024년판(2020~2024)
2021,전라남도,나주시,0.0,0.0020977980821461,0,0,9.3696,256.53,실측(원자료 기반),SGIS실제인접,2024년판(2020~2024)
2022,전라남도,나주시,9.999500033330834e-05,0.011533235813673,1,0,9.3696,196.57,실측(원자료 기반),centroid근접(대체),2024년판(2020~2024)
2023,전라남도,나주시,0.0318861888623217,0.004191204618468,2,0,9.3696,232.78,추정(시군구 평균비중 x 국가총량),SGIS실제인접,2024년판(2020~2024)
2016,전라남도,담양군,0.001199280575482,0.0039920212695374,1,0,15.1032,201.05,추정(시군구 평균비중 x 국가총량),SGIS실제인접,2019년판(2015~2019)
2017,전라남도,담양군,0.0,0.0003999200213269,0,0,15.1032,209.4,실측(원자료 기반),SGIS실제인접,2019년판(2015~2019)
2018,전라남도,담양군,0.0,0.0021975835434872,0,0,15.1032,209.4,실측(원자료 기반),SGIS실제인접,2019년판(2015~2019)
2019,전라남도,담양군,0.0014988761237358,0.0007996801705643,1,0,15.1032,201.05,실측(원자료 기반),SGIS실제인접,2019년판(2015~2019)
2020,전라남도,담양군,0.0002999550089979,0.000499875041651,2,0,15.0967,201.05,실측(원자료 기반),SGIS실제인접,2024년판(2020~2024)
2021,전라남도,담양군,9.999500033330834e-05,0.000499875041651,3,0,15.0967,215.29,실측(원자료 기반),SGIS실제인접,2024년판(2020~2024)
2022,전라남도,담양군,0.0002999550089979,0.0022973590486834,4,0,15.0967,164.56,실측(원자료 기반),centroid근접(대체),2024년판(2020~2024)
2023,전라남도,담양군,0.000899595242836,0.0029955089797984,5,0,15.0967,201.05,추정(시군구 평균비중 x 국가총량),SGIS실제인접,2024년판(2020~2024)
2016,전라남도,목포시,0.0025966258472659,9.999500033330834e-05,1,0,8.9426,267.76,추정(시군구 평균비중 x 국가총량),SGIS실제인접,2019년판(2015~2019)
2017,전라남도,목포시,0.0108410231778748,0.0,2,0,8.9426,151.3,실측(원자료 기반),SGIS실제인접,2019년판(2015~2019)
2018,전라남도,목포시,0.0,0.0,0,0,8.9426,151.3,실측(원자료 기반),SGIS실제인접,2019년판(2015~2019)
2019,전라남도,목포시,0.0,9.999500033330834e-05,0,0,8.9426,267.76,실측(원자료 기반),SGIS실제인접,2019년판(2015~2019)
2020,전라남도,목포시,0.0,9.999500033330834e-05,0,0,9.0065,267.76,실측(원자료 기반),SGIS실제인접,2024년판(2020~2024)
2021,전라남도,목포시,0.0,0.0,0,0,9.0065,292.61,실측(원자료 기반),SGIS실제인접,2024년판(2020~2024)
2022,전라남도,목포시,0.0,0.0,0,0,9.0065,231.78,실측(원자료 기반),centroid근접(대체),2024년판(2020~2024)
2023,전라남도,목포시,0.001998002662673,9.999500033330834e-05,1,0,9.0065,267.76,추정(시군구 평균비중 x 국가총량),SGIS실제인접,2024년판(2020~2024)
2016,전라남도,무안군,0.0001999800026662,0.009058844488346,1,0,10.0126,259.77,추정(시군구 평균비중 x 국가총량),SGIS실제인접,2019년판(2015~2019)
2017,전라남도,무안군,0.0,0.0375847603272712,2,0,10.0126,167.81,실측(원자료 기반),SGIS실제인접,2019년판(2015~2019)
2018,전라남도,무안군,0.0,9.999500033330834e-05,3,0,10.0126,167.81,실측(원자료 기반),SGIS실제인접,2019년판(2015~2019)
2019,전라남도,무안군,9.999500033330834e-05,0.0,4,0,10.0126,259.77,실측(원자료 기반),SGIS실제인접,2019년판(2015~2019)
2020,전라남도,무안군,0.0001999800026662,0.0,5,0,10.0648,259.77,실측(원자료 기반),SGIS실제인접,2024년판(2020~2024)
2021,전라남도,무안군,0.0,0.0,6,0,10.0648,279.01,실측(원자료 기반),SGIS실제인접,2024년판(2020~2024)
2022,전라남도,무안군,0.0,0.0,7,0,10.0648,223.49,실측(원자료 기반),centroid근접(대체),2024년판(2020~2024)
2023,전라남도,무안군,0.0001999800026662,0.0068763039394321,8,0,10.0648,259.77,추정(시군구 평균비중 x 국가총량),SGIS실제인접,2024년판(2020~2024)
2016,전라남도,보성군,0.0003999200213269,0.0431552703139276,1,0,13.4122,201.48,추정(시군구 평균비중 x 국가총량),SGIS실제인접,2019년판(2015~2019)
2017,전라남도,보성군,0.0001999800026662,0.0043903483012928,2,0,13.4122,162.86,실측(원자료 기반),SGIS실제인접,2019년판(2015~2019)
2018,전라남도,보성군,9.999500033330834e-05,0.0047885167317971,3,0,13.4122,162.86,실측(원자료 기반),SGIS실제인접,2019년판(2015~2019)
2019,전라남도,보성군,0.0002999550089979,0.0051865266873,4,0,13.4122,201.48,실측(원자료 기반),SGIS실제인접,2019년판(2015~2019)
2020,전라남도,보성군,9.999500033330834e-05,0.011533235813673,5,0,13.5204,201.48,실측(원자료 기반),SGIS실제인접,2024년판(2020~2024)
2021,전라남도,보성군,0.0,0.0231304173888543,6,0,13.5204,244.5,실측(원자료 기반),SGIS실제인접,2024년판(2020~2024)
2022,전라남도,보성군,9.999500033330834e-05,9.999500033330834e-05,7,0,13.5204,166.5,실측(원자료 기반),centroid근접(대체),2024년판(2020~2024)
2023,전라남도,보성군,0.0002999550089979,0.0327575642381721,8,0,13.5204,201.48,추정(시군구 평균비중 x 국가총량),SGIS실제인접,2024년판(2020~2024)
2016,전라남도,순천시,0.1622889030437185,0.097580328338864,1,1,17.6083,174.63,추정(시군구 평균비중 x 국가총량),SGIS실제인접,2019년판(2015~2019)
2017,전라남도,순천시,0.0172503534065275,0.007571265496318,2,1,17.6083,189.4,실측(원자료 기반),SGIS실제인접,2019년판(2015~2019)
2018,전라남도,순천시,0.0189198848525108,0.009058844488346,3,1,17.6083,189.4,실측(원자료 기반),SGIS실제인접,2019년판(2015~2019)
2019,전라남도,순천시,0.020390689647734,0.0133110140596723,4,1,17.6083,174.63,실측(원자료 기반),SGIS실제인접,2019년판(2015~2019)
2020,전라남도,순천시,0.0453557017207972,0.0243998868235351,5,1,17.7559,174.63,실측(원자료 기반),SGIS실제인접,2024년판(2020~2024)
2021,전라남도,순천시,0.0896578719305353,0.0545828777702917,6,1,17.7559,216.16,실측(원자료 기반),SGIS실제인접,2024년판(2020~2024)
2022,전라남도,순천시,0.0867280035098241,0.0225439644348945,7,1,17.7559,139.11,실측(원자료 기반),centroid근접(대체),2024년판(2020~2024)
2023,전라남도,순천시,0.1249572394043838,0.0745507312642963,8,1,17.7559,174.63,추정(시군구 평균비중 x 국가총량),SGIS실제인접,2024년판(2020~2024)
2016,전라남도,신안군,9.999500033330834e-05,0.0001999800026662,1,0,19.8859,297.79,추정(시군구 평균비중 x 국가총량),SGIS실제인접,2019년판(2015~2019)
2017,전라남도,신안군,0.0,0.0,0,0,19.8859,158.08,실측(원자료 기반),SGIS실제인접,2019년판(2015~2019)
2018,전라남도,신안군,0.0002999550089979,0.0,1,0,19.8859,158.08,실측(원자료 기반),SGIS실제인접,2019년판(2015~2019)
2019,전라남도,신안군,0.0,9.999500033330834e-05,0,0,19.8859,297.79,실측(원자료 기반),SGIS실제인접,2019년판(2015~2019)
2020,전라남도,신안군,0.0,0.0001999800026662,0,0,19.9257,297.79,실측(원자료 기반),SGIS실제인접,2024년판(2020~2024)
2021,전라남도,신안군,0.0,0.0,0,0,19.9257,316.04,실측(원자료 기반),SGIS실제인접,2024년판(2020~2024)
2022,전라남도,신안군,0.0,0.0,0,0,19.9257,261.59,실측(원자료 기반),centroid근접(대체),2024년판(2020~2024)
2023,전라남도,신안군,9.999500033330834e-05,0.0001999800026662,1,0,19.9257,297.79,추정(시군구 평균비중 x 국가총량),SGIS실제인접,2024년판(2020~2024)
2016,전라남도,여수시,0.3512200932557686,0.1685606415439175,1,1,20.8609,168.65,추정(시군구 평균비중 x 국가총량),SGIS실제인접,2019년판(2015~2019)
2017,전라남도,여수시,0.0241070753432331,0.0190180058357618,2,1,20.8609,173.42,실측(원자료 기반),SGIS실제인접,2019년판(2015~2019)
2018,전라남도,여수시,0.0156764793850075,0.0286846338599089,3,1,20.8609,173.42,실측(원자료 기반),SGIS실제인접,2019년판(2015~2019)
2019,전라남도,여수시,0.034208171329737,0.0321767316952212,4,1,20.8609,168.65,실측(원자료 기반),SGIS실제인접,2019년판(2015~2019)
2020,전라남도,여수시,0.069619341880057,0.0588347857208925,5,1,20.9106,168.65,실측(원자료 기반),SGIS실제인접,2024년판(2020~2024)
2021,전라남도,여수시,0.2225033464267864,0.0860859489131288,6,1,20.9106,232.47,실측(원자료 기반),SGIS실제인접,2024년판(2020~2024)
2022,전라남도,여수시,0.2273745878420257,0.0232281261192071,7,1,20.9106,136.54,실측(원자료 기반),centroid근접(대체),2024년판(2020~2024)
2023,전라남도,여수시,0.2760395606677065,0.1298872608344222,8,1,20.9106,168.65,추정(시군구 평균비중 x 국가총량),SGIS실제인접,2024년판(2020~2024)
2016,전라남도,영광군,0.0005998200719676,0.0021975835434872,1,0,15.7781,250.29,추정(시군구 평균비중 x 국가총량),SGIS실제인접,2019년판(2015~2019)
2017,전라남도,영광군,0.0023971245997214,0.0001999800026662,2,0,15.7781,203.71,실측(원자료 기반),SGIS실제인접,2019년판(2015~2019)
2018,전라남도,영광군,0.0,0.0,0,0,15.7781,203.71,실측(원자료 기반),SGIS실제인접,2019년판(2015~2019)
2019,전라남도,영광군,0.0,0.0,0,0,15.7781,250.29,실측(원자료 기반),SGIS실제인접,2019년판(2015~2019)
2020,전라남도,영광군,0.0,9.999500033330834e-05,0,0,15.788,250.29,실측(원자료 기반),SGIS실제인접,2024년판(2020~2024)
2021,전라남도,영광군,0.0,9.999500033330834e-05,0,0,15.788,254.94,실측(원자료 기반),SGIS실제인접,2024년판(2020~2024)
2022,전라남도,영광군,0.0,0.0031948908965191,0,0,15.788,213.83,실측(원자료 기반),centroid근접(대체),2024년판(2020~2024)
2023,전라남도,영광군,0.0003999200213269,0.0016985566355814,1,0,15.788,250.29,추정(시군구 평균비중 x 국가총량),SGIS실제인접,2024년판(2020~2024)
2016,전라남도,영암군,0.0,0.0064789660977091,0,0,6.5683,247.88,추정(시군구 평균비중 x 국가총량),SGIS실제인접,2019년판(2015~2019)
2017,전라남도,영암군,0.0,0.0269340012400809,0,0,6.5683,150.27,실측(원자료 기반),SGIS실제인접,2019년판(2015~2019)
2018,전라남도,영암군,0.0,0.0,0,0,6.5683,150.27,실측(원자료 기반),SGIS실제인접,2019년판(2015~2019)
2019,전라남도,영암군,0.0,0.0,0,0,6.5683,247.88,실측(원자료 기반),SGIS실제인접,2019년판(2015~2019)
2020,전라남도,영암군,0.0,0.0,0,0,6.6781,247.88,실측(원자료 기반),SGIS실제인접,2024년판(2020~2024)
2021,전라남도,영암군,0.0,0.0,0,0,6.6781,277.9,실측(원자료 기반),SGIS실제인접,2024년판(2020~2024)
2022,전라남도,영암군,0.0,0.0,0,0,6.6781,212.13,실측(원자료 기반),centroid근접(대체),2024년판(2020~2024)
2023,전라남도,영암군,0.0,0.0048880340727759,0,0,6.6781,247.88,추정(시군구 평균비중 x 국가총량),SGIS실제인접,2024년판(2020~2024)
2016,전라남도,완도군,0.0,0.0,0,0,28.9347,260.23,추정(시군구 평균비중 x 국가총량),centroid근접(대체),2019년판(2015~2019)
2017,전라남도,완도군,0.0,0.0,0,0,28.9347,97.17,실측(원자료 기반),centroid근접(대체),2019년판(2015~2019)
2018,전라남도,완도군,0.0,0.0,0,0,28.9347,97.17,실측(원자료 기반),centroid근접(대체),2019년판(2015~2019)
2019,전라남도,완도군,0.0,0.0,0,0,28.9347,260.23,실측(원자료 기반),centroid근접(대체),2019년판(2015~2019)
2020,전라남도,완도군,0.0,0.0,0,0,29.0477,260.23,실측(원자료 기반),centroid근접(대체),2024년판(2020~2024)
2021,전라남도,완도군,0.0,0.0,0,0,29.0477,311.9,실측(원자료 기반),centroid근접(대체),2024년판(2020~2024)
2022,전라남도,완도군,0.0,0.0,0,0,29.0477,227.19,실측(원자료 기반),centroid근접(대체),2024년판(2020~2024)
2023,전라남도,완도군,0.0,0.0,0,0,29.0477,260.23,추정(시군구 평균비중 x 국가총량),centroid근접(대체),2024년판(2020~2024)
2016,전라남도,장성군,0.006379606964039,0.0060814703158679,1,0,15.8336,220.9,추정(시군구 평균비중 x 국가총량),SGIS실제인접,2019년판(2015~2019)
2017,전라남도,장성군,0.0,0.0007996801705643,0,0,15.8336,210.35,실측(원자료 기반),SGIS실제인접,2019년판(2015~2019)
2018,전라남도,장성군,0.0,0.0013990209137073,0,0,15.8336,210.35,실측(원자료 기반),SGIS실제인접,2019년판(2015~2019)
2019,전라남도,장성군,9.999500033330834e-05,0.0007996801705643,1,0,15.8336,220.9,실측(원자료 기반),SGIS실제인접,2019년판(2015~2019)
2020,전라남도,장성군,0.0001999800026662,0.000499875041651,2,0,15.8788,220.9,실측(원자료 기반),SGIS실제인접,2024년판(2020~2024)
2021,전라남도,장성군,0.0002999550089979,0.0018981972830802,3,0,15.8788,228.35,실측(원자료 기반),SGIS실제인접,2024년판(2020~2024)
2022,전라남도,장성군,0.0096532570281383,0.0113355096637456,4,1,15.8788,184.45,실측(원자료 기반),centroid근접(대체),2024년판(2020~2024)
2023,전라남도,장성군,0.0047885167317971,0.0045894523338072,5,0,15.8788,220.9,추정(시군구 평균비중 x 국가총량),SGIS실제인접,2024년판(2020~2024)
2016,전라남도,장흥군,0.0,9.999500033330834e-05,0,0,12.4469,227.96,추정(시군구 평균비중 x 국가총량),SGIS실제인접,2019년판(2015~2019)
2017,전라남도,장흥군,0.0,9.999500033330834e-05,0,0,12.4469,141.33,실측(원자료 기반),SGIS실제인접,2019년판(2015~2019)
2018,전라남도,장흥군,0.0,0.0,0,0,12.4469,141.33,실측(원자료 기반),SGIS실제인접,2019년판(2015~2019)
2019,전라남도,장흥군,0.0,9.999500033330834e-05,0,0,12.4469,227.96,실측(원자료 기반),SGIS실제인접,2019년판(2015~2019)
2020,전라남도,장흥군,0.0,0.0,0,0,12.6128,227.96,실측(원자료 기반),SGIS실제인접,2024년판(2020~2024)
2021,전라남도,장흥군,0.0,0.0,0,0,12.6128,270.1,실측(원자료 기반),SGIS실제인접,2024년판(2020~2024)
2022,전라남도,장흥군,0.0,0.0,0,0,12.6128,193.19,실측(원자료 기반),centroid근접(대체),2024년판(2020~2024)
2023,전라남도,장흥군,0.0,9.999500033330834e-05,0,0,12.6128,227.96,추정(시군구 평균비중 x 국가총량),SGIS실제인접,2024년판(2020~2024)
2016,전라남도,진도군,0.0,0.000899595242836,0,0,19.4903,298.17,추정(시군구 평균비중 x 국가총량),centroid근접(대체),2019년판(2015~2019)
2017,전라남도,진도군,0.0,0.0035935355101301,0,0,19.4903,114.05,실측(원자료 기반),centroid근접(대체),2019년판(2015~2019)
2018,전라남도,진도군,0.0,9.999500033330834e-05,0,0,19.4903,114.05,실측(원자료 기반),centroid근접(대체),2019년판(2015~2019)
2019,전라남도,진도군,0.0,0.0,0,0,19.4903,298.17,실측(원자료 기반),centroid근접(대체),2019년판(2015~2019)
2020,전라남도,진도군,0.0,0.0,0,0,19.5062,298.17,실측(원자료 기반),centroid근접(대체),2024년판(2020~2024)
2021,전라남도,진도군,0.0,0.0,0,0,19.5062,332.79,실측(원자료 기반),centroid근접(대체),2024년판(2020~2024)
2022,전라남도,진도군,0.0,0.0,0,0,19.5062,263.14,실측(원자료 기반),centroid근접(대체),2024년판(2020~2024)
2023,전라남도,진도군,0.0,0.0006997551142733,0,0,19.5062,298.17,추정(시군구 평균비중 x 국가총량),centroid근접(대체),2024년판(2020~2024)
2016,전라남도,함평군,9.999500033330834e-05,0.0162669724638719,1,0,12.2883,245.81,추정(시군구 평균비중 x 국가총량),SGIS실제인접,2019년판(2015~2019)
2017,전라남도,함평군,0.0002999550089979,0.0360425913469293,2,0,12.2883,185.14,실측(원자료 기반),SGIS실제인접,2019년판(2015~2019)
2018,전라남도,함평군,0.0,0.0,0,0,12.2883,185.14,실측(원자료 기반),SGIS실제인접,2019년판(2015~2019)
2019,전라남도,함평군,0.0,9.999500033330834e-05,0,0,12.2883,245.81,실측(원자료 기반),SGIS실제인접,2019년판(2015~2019)
2020,전라남도,함평군,0.0,0.0003999200213269,0,0,12.4628,245.81,실측(원자료 기반),SGIS실제인접,2024년판(2020~2024)
2021,전라남도,함평군,0.0,0.0024968801985871,0,0,12.4628,259.95,실측(원자료 기반),SGIS실제인접,2024년판(2020~2024)
2022,전라남도,함평군,9.999500033330834e-05,0.0113355096637456,1,0,12.4628,209.35,실측(원자료 기반),centroid근접(대체),2024년판(2020~2024)
2023,전라남도,함평군,9.999500033330834e-05,0.0123237496888319,2,0,12.4628,245.81,추정(시군구 평균비중 x 국가총량),SGIS실제인접,2024년판(2020~2024)
2016,전라남도,해남군,0.0,0.0,1,0,12.6726,267.52,추정(시군구 평균비중 x 국가총량),SGIS실제인접,2019년판(2015~2019)
2017,전라남도,해남군,0.0,0.0,2,0,12.6726,123.68,실측(원자료 기반),SGIS실제인접,2019년판(2015~2019)
2018,전라남도,해남군,0.0,0.0,0,0,12.6726,123.68,실측(원자료 기반),SGIS실제인접,2019년판(2015~2019)
2019,전라남도,해남군,0.0,0.0,0,0,12.6726,267.52,실측(원자료 기반),SGIS실제인접,2019년판(2015~2019)
2020,전라남도,해남군,0.0,0.0,1,0,12.7529,267.52,실측(원자료 기반),SGIS실제인접,2024년판(2020~2024)
2021,전라남도,해남군,0.0,0.0,0,0,12.7529,304.2,실측(원자료 기반),SGIS실제인접,2024년판(2020~2024)
2022,전라남도,해남군,0.0,0.0,0,0,12.7529,232.5,실측(원자료 기반),centroid근접(대체),2024년판(2020~2024)
2023,전라남도,해남군,0.0,0.0,1,0,12.7529,267.52,추정(시군구 평균비중 x 국가총량),SGIS실제인접,2024년판(2020~2024)
2016,전라남도,화순군,0.0,0.0219571673520421,1,0,18.1702,204.81,추정(시군구 평균비중 x 국가총량),SGIS실제인접,2019년판(2015~2019)
2017,전라남도,화순군,0.0,0.0196065296389183,0,0,18.1702,179.65,실측(원자료 기반),SGIS실제인접,2019년판(2015~2019)
2018,전라남도,화순군,0.0,0.0018981972830802,0,0,18.1702,179.65,실측(원자료 기반),SGIS실제인접,2019년판(2015~2019)
2019,전라남도,화순군,0.0,0.0021975835434872,0,0,18.1702,204.81,실측(원자료 기반),SGIS실제인접,2019년판(2015~2019)
2020,전라남도,화순군,0.0,0.0047885167317971,0,0,18.3283,204.81,실측(원자료 기반),SGIS실제인접,2024년판(2020~2024)
2021,전라남도,화순군,0.0,0.0093560949240249,0,0,18.3283,235.18,실측(원자료 기반),SGIS실제인접,2024년판(2020~2024)
2022,전라남도,화순군,9.999500033330834e-05,0.0001999800026662,1,0,18.3283,168.76,실측(원자료 기반),centroid근접(대체),2024년판(2020~2024)
2023,전라남도,화순군,0.0,0.0166604408931072,2,0,18.3283,204.81,추정(시군구 평균비중 x 국가총량),SGIS실제인접,2024년판(2020~2024)
2016,전라북도,고창군,9.999500033330834e-05,0.001998002662673,1,0,16.7669,233.53,추정(시군구 평균비중 x 국가총량),SGIS실제인접,2019년판(2015~2019)
2017,전라북도,고창군,0.0001999800026662,0.0006997551142733,2,0,16.7669,222.58,실측(원자료 기반),SGIS실제인접,2019년판(2015~2019)
2018,전라북도,고창군,0.0,9.999500033330834e-05,0,0,16.7669,222.58,실측(원자료 기반),SGIS실제인접,2019년판(2015~2019)
2019,전라북도,고창군,0.0,0.0001999800026662,0,0,16.7669,233.53,실측(원자료 기반),SGIS실제인접,2019년판(2015~2019)
2020,전라북도,고창군,0.0,9.999500033330834e-05,0,0,15.8716,233.53,실측(원자료 기반),SGIS실제인접,2024년판(2020~2024)
2021,전라북도,고창군,0.0,9.999500033330834e-05,0,0,15.8716,231.9,실측(원자료 기반),SGIS실제인접,2024년판(2020~2024)
2022,전라북도,고창군,0.0,0.0031948908965191,0,0,15.8716,197.3,실측(원자료 기반),centroid근접(대체),2024년판(2020~2024)
2023,전라북도,고창군,0.0,0.0014988761237358,1,0,15.8716,233.53,추정(시군구 평균비중 x 국가총량),SGIS실제인접,2024년판(2020~2024)
2016,전라북도,군산시,0.1432341680859078,0.0016985566355814,1,0,5.3965,227.9,추정(시군구 평균비중 x 국가총량),SGIS실제인접,2019년판(2015~2019)
2017,전라북도,군산시,0.0172503534065275,0.0001999800026662,2,0,5.3965,278.44,실측(원자료 기반),SGIS실제인접,2019년판(2015~2019)
2018,전라북도,군산시,0.096582097846244,9.999500033330834e-05,3,0,5.3965,278.44,실측(원자료 기반),SGIS실제인접,2019년판(2015~2019)
2019,전라북도,군산시,0.0919408736983572,0.000499875041651,4,0,5.3965,227.9,실측(원자료 기반),SGIS실제인접,2019년판(2015~2019)
2020,전라북도,군산시,0.0452601314048645,9.999500033330834e-05,5,0,5.4572,227.9,실측(원자료 기반),SGIS실제인접,2024년판(2020~2024)
2021,전라북도,군산시,0.0241070753432331,0.0002999550089979,6,0,5.4572,198.16,실측(원자료 기반),SGIS실제인접,2024년판(2020~2024)
2022,전라북도,군산시,0.0363319292473902,0.0021975835434872,7,0,5.4572,194.06,실측(원자료 기반),centroid근접(대체),2024년판(2020~2024)
2023,전라북도,군산시,0.1100196450385494,0.0016985566355814,8,0,5.4572,227.9,추정(시군구 평균비중 x 국가총량),SGIS실제인접,2024년판(2020~2024)
2016,전라북도,김제시,0.0007996801705643,0.0257652078860264,1,0,4.3391,209.53,추정(시군구 평균비중 x 국가총량),SGIS실제인접,2019년판(2015~2019)
2017,전라북도,김제시,9.999500033330834e-05,0.0030952049073024,2,0,4.3391,264.24,실측(원자료 기반),SGIS실제인접,2019년판(2015~2019)
2018,전라북도,김제시,0.0,0.0168571170664229,0,0,4.3391,264.24,실측(원자료 기반),SGIS실제인접,2019년판(2015~2019)
2019,전라북도,김제시,0.0,0.0162669724638719,0,0,4.3391,209.53,실측(원자료 기반),SGIS실제인접,2019년판(2015~2019)
2020,전라북도,김제시,9.999500033330834e-05,0.0077697372643606,1,0,3.9896,209.53,실측(원자료 기반),SGIS실제인접,2024년판(2020~2024)
2021,전라북도,김제시,0.0001999800026662,0.0040916179032535,2,0,3.9896,189.99,실측(원자료 기반),SGIS실제인접,2024년판(2020~2024)
2022,전라북도,김제시,0.0007996801705643,0.0124225199985571,3,0,3.9896,174.91,실측(원자료 기반),centroid근접(대체),2024년판(2020~2024)
2023,전라북도,김제시,0.0005998200719676,0.0195084663880429,4,0,3.9896,209.53,추정(시군구 평균비중 x 국가총량),SGIS실제인접,2024년판(2020~2024)
2016,전라북도,남원시,9.999500033330834e-05,0.0554347068881005,1,0,26.854,158.98,추정(시군구 평균비중 x 국가총량),SGIS실제인접,2019년판(2015~2019)
2017,전라북도,남원시,9.999500033330834e-05,0.0125212805536717,2,0,26.854,234.97,실측(원자료 기반),SGIS실제인접,2019년판(2015~2019)
2018,전라북도,남원시,0.0,0.0231304173888543,0,0,26.854,234.97,실측(원자료 기반),SGIS실제인접,2019년판(2015~2019)
2019,전라북도,남원시,0.0,0.0158733491562901,0,0,26.854,158.98,실측(원자료 기반),SGIS실제인접,2019년판(2015~2019)
2020,전라북도,남원시,0.0,0.0221528046411333,1,0,26.1292,158.98,실측(원자료 기반),SGIS실제인접,2024년판(2020~2024)
2021,전라북도,남원시,0.0,0.0170537545658275,2,0,26.1292,176.17,실측(원자료 기반),SGIS실제인접,2024년판(2020~2024)
2022,전라북도,남원시,9.999500033330834e-05,0.00129915573162,3,0,26.1292,122.58,실측(원자료 기반),centroid근접(대체),2024년판(2020~2024)
2023,전라북도,남원시,9.999500033330834e-05,0.0421970486997883,4,0,26.1292,158.98,추정(시군구 평균비중 x 국가총량),SGIS실제인접,2024년판(2020~2024)
2016,전라북도,무주군,9.999500033330834e-05,0.0057832447557273,1,0,10.3015,140.33,추정(시군구 평균비중 x 국가총량),SGIS실제인접,2019년판(2015~2019)
2017,전라북도,무주군,0.0,0.0006997551142733,0,0,10.3015,297.29,실측(원자료 기반),SGIS실제인접,2019년판(2015~2019)
2018,전라북도,무주군,0.0,0.0005998200719676,0,0,10.3015,297.29,실측(원자료 기반),SGIS실제인접,2019년판(2015~2019)
2019,전라북도,무주군,0.0001999800026662,0.0009995003330835,1,0,10.3015,140.33,실측(원자료 기반),SGIS실제인접,2019년판(2015~2019)
2020,전라북도,무주군,0.0,0.001199280575482,0,0,10.6742,140.33,실측(원자료 기반),SGIS실제인접,2024년판(2020~2024)
2021,전라북도,무주군,0.0,0.0036931718376175,0,0,10.6742,119.34,실측(원자료 기반),SGIS실제인접,2024년판(2020~2024)
2022,전라북도,무주군,0.0,0.0,0,0,10.6742,108.97,실측(원자료 기반),centroid근접(대체),2024년판(2020~2024)
2023,전라북도,무주군,9.999500033330834e-05,0.0043903483012928,1,0,10.6742,140.33,추정(시군구 평균비중 x 국가총량),SGIS실제인접,2024년판(2020~2024)
2016,전라북도,부안군,0.0,0.0381624610943489,1,0,13.3185,231.28,추정(시군구 평균비중 x 국가총량),SGIS실제인접,2019년판(2015~2019)
2017,전라북도,부안군,9.999500033330834e-05,0.004489905272852,2,0,13.3185,248.82,실측(원자료 기반),SGIS실제인접,2019년판(2015~2019)
2018,전라북도,부안군,0.0,0.0251802985302982,0,0,13.3185,248.82,실측(원자료 기반),SGIS실제인접,2019년판(2015~2019)
2019,전라북도,부안군,0.0,0.0239118200463128,0,0,13.3185,231.28,실측(원자료 기반),SGIS실제인접,2019년판(2015~2019)
2020,전라북도,부안군,0.0,0.0116320842297076,1,0,12.9345,231.28,실측(원자료 기반),SGIS실제인접,2024년판(2020~2024)
2021,전라북도,부안군,0.0,0.0061808590750811,0,0,12.9345,216.67,실측(원자료 기반),SGIS실제인접,2024년판(2020~2024)
2022,전라북도,부안군,0.0,0.0002999550089979,0,0,12.9345,195.85,실측(원자료 기반),centroid근접(대체),2024년판(2020~2024)
2023,전라북도,부안군,0.0,0.0003999200213269,1,0,12.9345,231.28,추정(시군구 평균비중 x 국가총량),SGIS실제인접,2024년판(2020~2024)
2016,전라북도,순창군,0.0136070034062169,0.0051865266873,1,0,18.5656,190.69,추정(시군구 평균비중 x 국가총량),SGIS실제인접,2019년판(2015~2019)
2017,전라북도,순창군,0.0020977980821461,0.001998002662673,2,1,18.5656,226.66,실측(원자료 기반),SGIS실제인접,2019년판(2015~2019)
2018,전라북도,순창군,0.0109399400383343,0.0020977980821461,3,1,18.5656,226.66,실측(원자료 기반),SGIS실제인접,2019년판(2015~2019)
2019,전라북도,순창군,0.0037927982386962,0.0016985566355814,4,1,18.5656,190.69,실측(원자료 기반),SGIS실제인접,2019년판(2015~2019)
2020,전라북도,순창군,0.0022973590486834,0.0022973590486834,5,1,17.766,190.69,실측(원자료 기반),SGIS실제인접,2024년판(2020~2024)
2021,전라북도,순창군,0.0023971245997214,0.0006997551142733,6,0,17.766,198.42,실측(원자료 기반),SGIS실제인접,2024년판(2020~2024)
2022,전라북도,순창군,0.0069756137364252,0.000899595242836,7,0,17.766,154.37,실측(원자료 기반),centroid근접(대체),2024년판(2020~2024)
2023,전라북도,순창군,0.0103462920541443,0.0038924147153438,8,0,17.766,190.69,추정(시군구 평균비중 x 국가총량),SGIS실제인접,2024년판(2020~2024)
2016,전라북도,완주군,0.0,0.0031948908965191,1,0,5.9925,183.13,추정(시군구 평균비중 x 국가총량),SGIS실제인접,2019년판(2015~2019)
2017,전라북도,완주군,0.0,0.001598721363697,0,0,5.9925,281.61,실측(원자료 기반),SGIS실제인접,2019년판(2015~2019)
2018,전라북도,완주군,0.0,0.001598721363697,0,0,5.9925,281.61,실측(원자료 기반),SGIS실제인접,2019년판(2015~2019)
2019,전라북도,완주군,0.0,0.00129915573162,0,0,5.9925,183.13,실측(원자료 기반),SGIS실제인접,2019년판(2015~2019)
2020,전라북도,완주군,0.0,0.0016985566355814,0,0,6.2956,183.13,실측(원자료 기반),SGIS실제인접,2024년판(2020~2024)
2021,전라북도,완주군,0.0,0.000499875041651,0,0,6.2956,158.6,실측(원자료 기반),SGIS실제인접,2024년판(2020~2024)
2022,전라북도,완주군,0.0,0.0002999550089979,1,0,6.2956,149.86,실측(원자료 기반),centroid근접(대체),2024년판(2020~2024)
2023,전라북도,완주군,0.0,0.0023971245997214,2,0,6.2956,183.13,추정(시군구 평균비중 x 국가총량),SGIS실제인접,2024년판(2020~2024)
2016,전라북도,익산시,0.00129915573162,0.0225439644348945,1,0,4.4402,205.6,추정(시군구 평균비중 x 국가총량),SGIS실제인접,2019년판(2015~2019)
2017,전라북도,익산시,0.0006997551142733,0.0024968801985871,2,0,4.4402,289.2,실측(원자료 기반),SGIS실제인접,2019년판(2015~2019)
2018,전라북도,익산시,9.999500033330834e-05,0.0144944461504525,3,0,4.4402,289.2,실측(원자료 기반),SGIS실제인접,2019년판(2015~2019)
2019,전라북도,익산시,0.0013990209137073,0.013804280976397,4,1,4.4402,205.6,실측(원자료 기반),SGIS실제인접,2019년판(2015~2019)
2020,전라북도,익산시,0.0,0.0066776547532405,5,0,4.2578,205.6,실측(원자료 기반),SGIS실제인접,2024년판(2020~2024)
2021,전라북도,익산시,0.0,0.0036931718376175,6,0,4.2578,172.23,실측(원자료 기반),SGIS실제인접,2024년판(2020~2024)
2022,전라북도,익산시,0.0005998200719676,9.999500033330834e-05,7,0,4.2578,172.82,실측(원자료 기반),centroid근접(대체),2024년판(2020~2024)
2023,전라북도,익산시,0.0009995003330835,0.0171520588175655,8,0,4.2578,205.6,추정(시군구 평균비중 x 국가총량),SGIS실제인접,2024년판(2020~2024)
2016,전라북도,임실군,0.0221528046411333,0.0024968801985871,1,0,15.9431,176.91,추정(시군구 평균비중 x 국가총량),SGIS실제인접,2019년판(2015~2019)
2017,전라북도,임실군,0.0118297517535772,0.0003999200213269,2,0,15.9431,247.64,실측(원자료 기반),SGIS실제인접,2019년판(2015~2019)
2018,전라북도,임실군,0.0121261797978405,0.0018981972830802,3,1,15.9431,247.64,실측(원자료 기반),SGIS실제인접,2019년판(2015~2019)
2019,전라북도,임실군,0.0076705063042197,0.0007996801705643,4,0,15.9431,176.91,실측(원자료 기반),SGIS실제인접,2019년판(2015~2019)
2020,전라북도,임실군,0.0129162252665463,0.0003999200213269,5,0,15.7984,176.91,실측(원자료 기반),SGIS실제인접,2024년판(2020~2024)
2021,전라북도,임실군,0.0035935355101301,0.000499875041651,6,0,15.7984,176.55,실측(원자료 기반),SGIS실제인접,2024년판(2020~2024)
2022,전라북도,임실군,0.0021975835434872,0.0024968801985871,7,0,15.7984,141.2,실측(원자료 기반),centroid근접(대체),2024년판(2020~2024)
2023,전라북도,임실군,0.0167587838149547,0.0018981972830802,8,0,15.7984,176.91,추정(시군구 평균비중 x 국가총량),SGIS실제인접,2024년판(2020~2024)
2016,전라북도,장수군,0.0,0.0038924147153438,1,0,11.7734,149.4,추정(시군구 평균비중 x 국가총량),SGIS실제인접,2019년판(2015~2019)
2017,전라북도,장수군,9.999500033330834e-05,0.001998002662673,2,0,11.7734,262.61,실측(원자료 기반),SGIS실제인접,2019년판(2015~2019)
2018,전라북도,장수군,0.0,0.0020977980821461,0,0,11.7734,262.61,실측(원자료 기반),SGIS실제인접,2019년판(2015~2019)
2019,전라북도,장수군,0.0,0.00129915573162,0,0,11.7734,149.4,실측(원자료 기반),SGIS실제인접,2019년판(2015~2019)
2020,전라북도,장수군,0.0,0.0021975835434872,0,0,11.8545,149.4,실측(원자료 기반),SGIS실제인접,2024년판(2020~2024)
2021,전라북도,장수군,0.0,0.0006997551142733,0,0,11.8545,151.15,실측(원자료 기반),SGIS실제인접,2024년판(2020~2024)
2022,전라북도,장수군,0.0,0.0,0,0,11.8545,114.21,실측(원자료 기반),centroid근접(대체),2024년판(2020~2024)
2023,전라북도,장수군,0.0,0.0028958031120255,1,0,11.8545,149.4,추정(시군구 평균비중 x 국가총량),SGIS실제인접,2024년판(2020~2024)
2016,전라북도,전주시,0.0002999550089979,0.0006997551142733,1,0,2.5333,190.09,추정(시군구 평균비중 x 국가총량),SGIS실제인접,2019년판(2015~2019)
2017,전라북도,전주시,0.0,0.0001999800026662,2,0,2.5333,269.9,실측(원자료 기반),SGIS실제인접,2019년판(2015~2019)
2018,전라북도,전주시,0.0,0.0,0,0,2.5333,269.9,실측(원자료 기반),SGIS실제인접,2019년판(2015~2019)
2019,전라북도,전주시,9.999500033330834e-05,0.000499875041651,1,0,2.5333,190.09,실측(원자료 기반),SGIS실제인접,2019년판(2015~2019)
2020,전라북도,전주시,0.0,9.999500033330834e-05,0,0,2.3431,190.09,실측(원자료 기반),SGIS실제인접,2024년판(2020~2024)
2021,전라북도,전주시,0.0,9.999500033330834e-05,0,0,2.3431,171.29,실측(원자료 기반),SGIS실제인접,2024년판(2020~2024)
2022,전라북도,전주시,0.0002999550089979,0.000499875041651,1,0,2.3431,155.85,실측(원자료 기반),centroid근접(대체),2024년판(2020~2024)
2023,전라북도,전주시,0.0001999800026662,0.000499875041651,2,0,2.3431,190.09,추정(시군구 평균비중 x 국가총량),SGIS실제인접,2024년판(2020~2024)
2016,전라북도,정읍시,0.000899595242836,0.0061808590750811,1,0,14.3121,206.87,추정(시군구 평균비중 x 국가총량),SGIS실제인접,2019년판(2015~2019)
2017,전라북도,정읍시,0.0001999800026662,0.0020977980821461,2,0,14.3121,241.96,실측(원자료 기반),SGIS실제인접,2019년판(2015~2019)
2018,전라북도,정읍시,0.0003999200213269,0.00329456694943,3,0,14.3121,241.96,실측(원자료 기반),SGIS실제인접,2019년판(2015~2019)
2019,전라북도,정읍시,0.0006997551142733,0.0016985566355814,4,0,14.3121,206.87,실측(원자료 기반),SGIS실제인접,2019년판(2015~2019)
2020,전라북도,정읍시,0.0001999800026662,0.0021975835434872,5,0,13.8627,206.87,실측(원자료 기반),SGIS실제인접,2024년판(2020~2024)
2021,전라북도,정읍시,0.0002999550089979,0.000899595242836,6,0,13.8627,200.56,실측(원자료 기반),SGIS실제인접,2024년판(2020~2024)
2022,전라북도,정읍시,9.999500033330834e-05,0.0025966258472659,7,0,13.8627,171.13,실측(원자료 기반),centroid근접(대체),2024년판(2020~2024)
2023,전라북도,정읍시,0.0006997551142733,0.0046889894861315,8,0,13.8627,206.87,추정(시군구 평균비중 x 국가총량),SGIS실제인접,2024년판(2020~2024)
2016,전라북도,진안군,0.0,0.004489905272852,0,0,7.1079,162.12,추정(시군구 평균비중 x 국가총량),SGIS실제인접,2019년판(2015~2019)
2017,전라북도,진안군,0.0,0.0023971245997214,0,0,7.1079,277.14,실측(원자료 기반),SGIS실제인접,2019년판(2015~2019)
2018,전라북도,진안군,0.0,0.0024968801985871,0,0,7.1079,277.14,실측(원자료 기반),SGIS실제인접,2019년판(2015~2019)
2019,전라북도,진안군,0.0,0.001598721363697,0,0,7.1079,162.12,실측(원자료 기반),SGIS실제인접,2019년판(2015~2019)
2020,전라북도,진안군,0.0,0.0025966258472659,0,0,7.1277,162.12,실측(원자료 기반),SGIS실제인접,2024년판(2020~2024)
2021,전라북도,진안군,0.0,0.0006997551142733,0,0,7.1277,147.23,실측(원자료 기반),SGIS실제인접,2024년판(2020~2024)
2022,전라북도,진안군,0.0,0.0,0,0,7.1277,128.4,실측(원자료 기반),centroid근접(대체),2024년판(2020~2024)
2023,전라북도,진안군,0.0,0.0033942330680155,0,0,7.1277,162.12,추정(시군구 평균비중 x 국가총량),SGIS실제인접,2024년판(2020~2024)
2016,제주특별자치도,서귀포시,0.6267936800099242,0.855521099544204,1,1,5.5697,343.57,추정(시군구 평균비중 x 국가총량),SGIS실제인접,2019년판(2015~2019)
2017,제주특별자치도,서귀포시,0.5132427002815956,1.0376938736986927,2,1,5.5697,14.02,실측(원자료 기반),SGIS실제인접,2019년판(2015~2019)
2018,제주특별자치도,서귀포시,0.4566017235555441,0.6130753057943867,3,1,5.5697,14.02,실측(원자료 기반),SGIS실제인접,2019년판(2015~2019)
2019,제주특별자치도,서귀포시,0.3242550526826211,0.4095235282356658,4,1,5.5697,343.57,실측(원자료 기반),SGIS실제인접,2019년판(2015~2019)
2020,제주특별자치도,서귀포시,0.2224232919897265,0.2212217057515111,5,1,6.3587,343.57,실측(원자료 기반),SGIS실제인접,2024년판(2020~2024)
2021,제주특별자치도,서귀포시,0.1023760666168664,0.1715133580773512,6,1,6.3587,413.11,실측(원자료 기반),SGIS실제인접,2024년판(2020~2024)
2022,제주특별자치도,서귀포시,0.1515186476389095,0.0511682865743994,7,1,6.3587,315.14,실측(원자료 기반),centroid근접(대체),2024년판(2020~2024)
2023,제주특별자치도,서귀포시,0.5059135794049701,0.7039882037378202,8,1,6.3587,343.57,추정(시군구 평균비중 x 국가총량),SGIS실제인접,2024년판(2020~2024)
2016,제주특별자치도,제주시,0.855521099544204,0.6267936800099242,1,1,9.665,337.56,추정(시군구 평균비중 x 국가총량),SGIS실제인접,2019년판(2015~2019)
2017,제주특별자치도,제주시,1.0376938736986927,0.5132427002815956,2,1,9.665,0.0,실측(원자료 기반),SGIS실제인접,2019년판(2015~2019)
2018,제주특별자치도,제주시,0.6130753057943867,0.4566017235555441,3,1,9.665,0.0,실측(원자료 기반),SGIS실제인접,2019년판(2015~2019)
2019,제주특별자치도,제주시,0.4095235282356658,0.3242550526826211,4,1,9.665,337.56,실측(원자료 기반),SGIS실제인접,2019년판(2015~2019)
2020,제주특별자치도,제주시,0.2212217057515111,0.2224232919897265,5,1,9.0688,337.56,실측(원자료 기반),SGIS실제인접,2024년판(2020~2024)
2021,제주특별자치도,제주시,0.1715133580773512,0.1023760666168664,6,1,9.0688,403.97,실측(원자료 기반),SGIS실제인접,2024년판(2020~2024)
2022,제주특별자치도,제주시,0.1461761101576013,0.0530667209366922,7,1,9.0688,308.28,실측(원자료 기반),centroid근접(대체),2024년판(2020~2024)
2023,제주특별자치도,제주시,0.7039882037378202,0.5059135794049701,8,1,9.0688,337.56,추정(시군구 평균비중 x 국가총량),SGIS실제인접,2024년판(2020~2024)
2016,충청남도,계룡시,0.0,0.0002999550089979,0,0,11.7445,194.68,추정(시군구 평균비중 x 국가총량),SGIS실제인접,2019년판(2015~2019)
2017,충청남도,계룡시,0.0,0.0001999800026662,0,0,11.7445,322.4,실측(원자료 기반),SGIS실제인접,2019년판(2015~2019)
2018,충청남도,계룡시,0.0,0.0,0,0,11.7445,322.4,실측(원자료 기반),SGIS실제인접,2019년판(2015~2019)
2019,충청남도,계룡시,0.0,9.999500033330834e-05,0,0,11.7445,194.68,실측(원자료 기반),SGIS실제인접,2019년판(2015~2019)
2020,충청남도,계룡시,0.0,0.0,0,0,11.6165,194.68,실측(원자료 기반),SGIS실제인접,2024년판(2020~2024)
2021,충청남도,계룡시,0.0,9.999500033330834e-05,0,0,11.6165,142.19,실측(원자료 기반),SGIS실제인접,2024년판(2020~2024)
2022,충청남도,계룡시,0.0,0.0001999800026662,0,0,11.6165,165.64,실측(원자료 기반),centroid근접(대체),2024년판(2020~2024)
2023,충청남도,계룡시,0.0,0.0001999800026662,0,0,11.6165,194.68,추정(시군구 평균비중 x 국가총량),SGIS실제인접,2024년판(2020~2024)
2016,충청남도,공주시,0.0003999200213269,0.0010993954433009,1,0,8.8673,216.73,추정(시군구 평균비중 x 국가총량),SGIS실제인접,2019년판(2015~2019)
2017,충청남도,공주시,0.000899595242836,9.999500033330834e-05,2,0,8.8673,340.44,실측(원자료 기반),SGIS실제인접,2019년판(2015~2019)
2018,충청남도,공주시,0.0,0.0001999800026662,0,0,8.8673,340.44,실측(원자료 기반),SGIS실제인접,2019년판(2015~2019)
2019,충청남도,공주시,0.0,0.0003999200213269,0,0,8.8673,216.73,실측(원자료 기반),SGIS실제인접,2019년판(2015~2019)
2020,충청남도,공주시,0.0,9.999500033330834e-05,0,0,8.9848,216.73,실측(원자료 기반),SGIS실제인접,2024년판(2020~2024)
2021,충청남도,공주시,9.999500033330834e-05,0.0003999200213269,1,0,8.9848,153.03,실측(원자료 기반),SGIS실제인접,2024년판(2020~2024)
2022,충청남도,공주시,0.0001999800026662,0.0016985566355814,2,0,8.9848,189.02,실측(원자료 기반),centroid근접(대체),2024년판(2020~2024)
2023,충청남도,공주시,0.0002999550089979,0.0007996801705643,3,0,8.9848,216.73,추정(시군구 평균비중 x 국가총량),SGIS실제인접,2024년판(2020~2024)
2016,충청남도,금산군,0.0001999800026662,0.0,1,0,9.1078,166.98,추정(시군구 평균비중 x 국가총량),SGIS실제인접,2019년판(2015~2019)
2017,충청남도,금산군,0.0,0.0,0,0,9.1078,309.18,실측(원자료 기반),SGIS실제인접,2019년판(2015~2019)
2018,충청남도,금산군,9.999500033330834e-05,0.0,1,0,9.1078,309.18,실측(원자료 기반),SGIS실제인접,2019년판(2015~2019)
2019,충청남도,금산군,0.0001999800026662,0.0,2,0,9.1078,166.98,실측(원자료 기반),SGIS실제인접,2019년판(2015~2019)
2020,충청남도,금산군,0.0,0.0,0,0,9.4124,166.98,실측(원자료 기반),SGIS실제인접,2024년판(2020~2024)
2021,충청남도,금산군,0.0,0.0,1,0,9.4124,127.52,실측(원자료 기반),SGIS실제인접,2024년판(2020~2024)
2022,충청남도,금산군,0.0,0.0,0,0,9.4124,137.01,실측(원자료 기반),centroid근접(대체),2024년판(2020~2024)
2023,충청남도,금산군,9.999500033330834e-05,0.0,1,0,9.4124,166.98,추정(시군구 평균비중 x 국가총량),SGIS실제인접,2024년판(2020~2024)
2016,충청남도,논산시,9.999500033330834e-05,0.0002999550089979,1,0,5.5141,196.75,추정(시군구 평균비중 x 국가총량),SGIS실제인접,2019년판(2015~2019)
2017,충청남도,논산시,9.999500033330834e-05,0.0001999800026662,2,0,5.5141,310.09,실측(원자료 기반),SGIS실제인접,2019년판(2015~2019)
2018,충청남도,논산시,9.999500033330834e-05,0.0,3,0,5.5141,310.09,실측(원자료 기반),SGIS실제인접,2019년판(2015~2019)
2019,충청남도,논산시,0.0,0.0001999800026662,4,0,5.5141,196.75,실측(원자료 기반),SGIS실제인접,2019년판(2015~2019)
2020,충청남도,논산시,0.0,0.0,5,0,5.6573,196.75,실측(원자료 기반),SGIS실제인접,2024년판(2020~2024)
2021,충청남도,논산시,0.0,0.0,0,0,5.6573,151.78,실측(원자료 기반),SGIS실제인접,2024년판(2020~2024)
2022,충청남도,논산시,0.0,0.0001999800026662,0,0,5.6573,166.18,실측(원자료 기반),centroid근접(대체),2024년판(2020~2024)
2023,충청남도,논산시,9.999500033330834e-05,0.0001999800026662,1,0,5.6573,196.75,추정(시군구 평균비중 x 국가총량),SGIS실제인접,2024년판(2020~2024)
2016,충청남도,당진시,0.0,0.0023971245997214,0,0,8.3936,273.19,추정(시군구 평균비중 x 국가총량),SGIS실제인접,2019년판(2015~2019)
2017,충청남도,당진시,0.0,0.000499875041651,0,0,8.3936,384.06,실측(원자료 기반),SGIS실제인접,2019년판(2015~2019)
2018,충청남도,당진시,0.0,9.999500033330834e-05,0,0,8.3936,384.06,실측(원자료 기반),SGIS실제인접,2019년판(2015~2019)
2019,충청남도,당진시,0.0,0.0,0,0,8.3936,273.19,실측(원자료 기반),SGIS실제인접,2019년판(2015~2019)
2020,충청남도,당진시,0.0,9.999500033330834e-05,0,0,8.0689,273.19,실측(원자료 기반),SGIS실제인접,2024년판(2020~2024)
2021,충청남도,당진시,0.0,0.0006997551142733,0,0,8.0689,193.34,실측(원자료 기반),SGIS실제인접,2024년판(2020~2024)
2022,충청남도,당진시,0.0,0.0017983819413793,0,0,8.0689,247.47,실측(원자료 기반),centroid근접(대체),2024년판(2020~2024)
2023,충청남도,당진시,0.0,0.0017983819413793,0,0,8.0689,273.19,추정(시군구 평균비중 x 국가총량),SGIS실제인접,2024년판(2020~2024)
2016,충청남도,보령시,0.0045894523338072,0.0029955089797984,1,0,19.1814,250.26,추정(시군구 평균비중 x 국가총량),SGIS실제인접,2019년판(2015~2019)
2017,충청남도,보령시,0.0001999800026662,0.0,2,0,19.1814,321.3,실측(원자료 기반),SGIS실제인접,2019년판(2015~2019)
2018,충청남도,보령시,0.000499875041651,0.0002999550089979,3,0,19.1814,321.3,실측(원자료 기반),SGIS실제인접,2019년판(2015~2019)
2019,충청남도,보령시,0.0038924147153438,0.0007996801705643,4,0,19.1814,250.26,실측(원자료 기반),SGIS실제인접,2019년판(2015~2019)
2020,충청남도,보령시,0.0005998200719676,0.0001999800026662,5,0,18.3236,250.26,실측(원자료 기반),SGIS실제인접,2024년판(2020~2024)
2021,충청남도,보령시,0.000499875041651,0.0009995003330835,6,0,18.3236,197.99,실측(원자료 기반),SGIS실제인접,2024년판(2020~2024)
2022,충청남도,보령시,0.0029955089797984,0.0017983819413793,7,0,18.3236,219.25,실측(원자료 기반),centroid근접(대체),2024년판(2020~2024)
2023,충청남도,보령시,0.0034938892542557,0.0022973590486834,8,0,18.3236,250.26,추정(시군구 평균비중 x 국가총량),SGIS실제인접,2024년판(2020~2024)
2016,충청남도,부여군,0.0002999550089979,0.0029955089797984,1,0,8.9453,224.24,추정(시군구 평균비중 x 국가총량),SGIS실제인접,2019년판(2015~2019)
2017,충청남도,부여군,9.999500033330834e-05,0.0002999550089979,2,0,8.9453,312.32,실측(원자료 기반),SGIS실제인접,2019년판(2015~2019)
2018,충청남도,부여군,0.0,0.0002999550089979,3,0,8.9453,312.32,실측(원자료 기반),SGIS실제인접,2019년판(2015~2019)
2019,충청남도,부여군,0.0,0.0013990209137073,4,0,8.9453,224.24,실측(원자료 기반),SGIS실제인접,2019년판(2015~2019)
2020,충청남도,부여군,0.0,0.0001999800026662,5,0,8.5023,224.24,실측(원자료 기반),SGIS실제인접,2024년판(2020~2024)
2021,충청남도,부여군,0.0,0.0006997551142733,0,0,8.5023,176.35,실측(원자료 기반),SGIS실제인접,2024년판(2020~2024)
2022,충청남도,부여군,0.0002999550089979,0.004191204618468,1,0,8.5023,193.18,실측(원자료 기반),centroid근접(대체),2024년판(2020~2024)
2023,충청남도,부여군,0.0001999800026662,0.0021975835434872,2,0,8.5023,224.24,추정(시군구 평균비중 x 국가총량),SGIS실제인접,2024년판(2020~2024)
2016,충청남도,서산시,0.0031948908965191,0.0018981972830802,1,0,15.3944,280.96,추정(시군구 평균비중 x 국가총량),SGIS실제인접,2019년판(2015~2019)
2017,충청남도,서산시,0.0,0.0,0,0,15.3944,370.68,실측(원자료 기반),SGIS실제인접,2019년판(2015~2019)
2018,충청남도,서산시,0.0,0.0,0,0,15.3944,370.68,실측(원자료 기반),SGIS실제인접,2019년판(2015~2019)
2019,충청남도,서산시,0.0,9.999500033330834e-05,0,0,15.3944,280.96,실측(원자료 기반),SGIS실제인접,2019년판(2015~2019)
2020,충청남도,서산시,0.0002999550089979,0.0003999200213269,1,0,14.178,280.96,실측(원자료 기반),SGIS실제인접,2024년판(2020~2024)
2021,충청남도,서산시,9.999500033330834e-05,0.000499875041651,2,0,14.178,208.25,실측(원자료 기반),SGIS실제인접,2024년판(2020~2024)
2022,충청남도,서산시,0.0046889894861315,0.0023971245997214,3,0,14.178,253.31,실측(원자료 기반),centroid근접(대체),2024년판(2020~2024)
2023,충청남도,서산시,0.0023971245997214,0.0014988761237358,4,0,14.178,280.96,추정(시군구 평균비중 x 국가총량),SGIS실제인접,2024년판(2020~2024)
2016,충청남도,서천군,0.0045894523338072,0.0392207131532812,1,0,14.8584,232.86,추정(시군구 평균비중 x 국가총량),SGIS실제인접,2019년판(2015~2019)
2017,충청남도,서천군,0.0,0.0045894523338072,0,0,14.8584,295.83,실측(원자료 기반),SGIS실제인접,2019년판(2015~2019)
2018,충청남도,서천군,0.0003999200213269,0.0251802985302982,1,0,14.8584,295.83,실측(원자료 기반),SGIS실제인접,2019년판(2015~2019)
2019,충청남도,서천군,0.0005998200719676,0.0250827803674631,2,0,14.8584,232.86,실측(원자료 기반),SGIS실제인접,2019년판(2015~2019)
2020,충청남도,서천군,0.0002999550089979,0.0116320842297076,3,0,13.9428,232.86,실측(원자료 기반),SGIS실제인접,2024년판(2020~2024)
2021,충청남도,서천군,0.0009995003330835,0.0061808590750811,4,0,13.9428,193.6,실측(원자료 기반),SGIS실제인접,2024년판(2020~2024)
2022,충청남도,서천군,0.004987541511039,0.0126200313561022,5,1,13.9428,200.19,실측(원자료 기반),centroid근접(대체),2024년판(2020~2024)
2023,충청남도,서천군,0.0033942330680155,0.0297529581493477,6,0,13.9428,232.86,추정(시군구 평균비중 x 국가총량),SGIS실제인접,2024년판(2020~2024)
2016,충청남도,아산시,0.0,0.0013990209137073,0,0,5.6229,242.89,추정(시군구 평균비중 x 국가총량),SGIS실제인접,2019년판(2015~2019)
2017,충청남도,아산시,0.0,0.0005998200719676,0,0,5.6229,375.36,실측(원자료 기반),SGIS실제인접,2019년판(2015~2019)
2018,충청남도,아산시,0.0,9.999500033330834e-05,0,0,5.6229,375.36,실측(원자료 기반),SGIS실제인접,2019년판(2015~2019)
2019,충청남도,아산시,0.0,0.0,0,0,5.6229,242.89,실측(원자료 기반),SGIS실제인접,2019년판(2015~2019)
2020,충청남도,아산시,0.0,0.0,0,0,5.6475,242.89,실측(원자료 기반),SGIS실제인접,2024년판(2020~2024)
2021,충청남도,아산시,0.0,0.0005998200719676,0,0,5.6475,162.76,실측(원자료 기반),SGIS실제인접,2024년판(2020~2024)
2022,충청남도,아산시,0.0,0.0018981972830802,0,0,5.6475,218.11,실측(원자료 기반),centroid근접(대체),2024년판(2020~2024)
2023,충청남도,아산시,0.0,0.0010993954433009,0,0,5.6475,242.89,추정(시군구 평균비중 x 국가총량),SGIS실제인접,2024년판(2020~2024)
2016,충청남도,예산군,0.000499875041651,0.0017983819413793,1,0,10.4239,249.72,추정(시군구 평균비중 x 국가총량),SGIS실제인접,2019년판(2015~2019)
2017,충청남도,예산군,0.0,9.999500033330834e-05,0,0,10.4239,358.7,실측(원자료 기반),SGIS실제인접,2019년판(2015~2019)
2018,충청남도,예산군,9.999500033330834e-05,9.999500033330834e-05,1,0,10.4239,358.7,실측(원자료 기반),SGIS실제인접,2019년판(2015~2019)
2019,충청남도,예산군,0.0,0.000499875041651,0,0,10.4239,249.72,실측(원자료 기반),SGIS실제인접,2019년판(2015~2019)
2020,충청남도,예산군,0.0,9.999500033330834e-05,1,0,10.056,249.72,실측(원자료 기반),SGIS실제인접,2024년판(2020~2024)
2021,충청남도,예산군,0.0,0.000499875041651,2,0,10.056,178.72,실측(원자료 기반),SGIS실제인접,2024년판(2020~2024)
2022,충청남도,예산군,0.0005998200719676,0.0016985566355814,3,0,10.056,222.48,실측(원자료 기반),centroid근접(대체),2024년판(2020~2024)
2023,충청남도,예산군,0.0002999550089979,0.00129915573162,4,0,10.056,249.72,추정(시군구 평균비중 x 국가총량),SGIS실제인접,2024년판(2020~2024)
2016,충청남도,천안시,0.0001999800026662,0.001998002662673,1,0,4.0127,226.61,추정(시군구 평균비중 x 국가총량),SGIS실제인접,2019년판(2015~2019)
2017,충청남도,천안시,0.0,0.0009995003330835,2,0,4.0127,377.76,실측(원자료 기반),SGIS실제인접,2019년판(2015~2019)
2018,충청남도,천안시,0.0,0.0007996801705643,3,0,4.0127,377.76,실측(원자료 기반),SGIS실제인접,2019년판(2015~2019)
2019,충청남도,천안시,0.0,0.0009995003330835,4,0,4.0127,226.61,실측(원자료 기반),SGIS실제인접,2019년판(2015~2019)
2020,충청남도,천안시,0.0,0.0001999800026662,5,0,4.3417,226.61,실측(원자료 기반),SGIS실제인접,2024년판(2020~2024)
2021,충청남도,천안시,9.999500033330834e-05,0.000499875041651,6,0,4.3417,143.1,실측(원자료 기반),SGIS실제인접,2024년판(2020~2024)
2022,충청남도,천안시,0.0,9.999500033330834e-05,7,0,4.3417,203.36,실측(원자료 기반),centroid근접(대체),2024년판(2020~2024)
2023,충청남도,천안시,9.999500033330834e-05,0.0014988761237358,8,0,4.3417,226.61,추정(시군구 평균비중 x 국가총량),SGIS실제인접,2024년판(2020~2024)
2016,충청남도,청양군,0.0068763039394321,0.001199280575482,1,0,16.7108,232.21,추정(시군구 평균비중 x 국가총량),SGIS실제인접,2019년판(2015~2019)
2017,충청남도,청양군,0.0,0.0001999800026662,0,0,16.7108,332.63,실측(원자료 기반),SGIS실제인접,2019년판(2015~2019)
2018,충청남도,청양군,0.0007996801705643,9.999500033330834e-05,1,0,16.7108,332.63,실측(원자료 기반),SGIS실제인접,2019년판(2015~2019)
2019,충청남도,청양군,0.0026963615477426,0.0007996801705643,2,0,16.7108,232.21,실측(원자료 기반),SGIS실제인접,2019년판(2015~2019)
2020,충청남도,청양군,0.0002999550089979,9.999500033330834e-05,3,0,16.2613,232.21,실측(원자료 기반),SGIS실제인접,2024년판(2020~2024)
2021,충청남도,청양군,0.0027960873020012,9.999500033330834e-05,4,0,16.2613,173.36,실측(원자료 기반),SGIS실제인접,2024년판(2020~2024)
2022,충청남도,청양군,0.0046889894861315,0.0002999550089979,5,0,16.2613,202.92,실측(원자료 기반),centroid근접(대체),2024년판(2020~2024)
2023,충청남도,청양군,0.0051865266873,0.000899595242836,6,0,16.2613,232.21,추정(시군구 평균비중 x 국가총량),SGIS실제인접,2024년판(2020~2024)
2016,충청남도,태안군,0.0069756137364252,0.0031948908965191,1,0,25.4065,291.69,추정(시군구 평균비중 x 국가총량),SGIS실제인접,2019년판(2015~2019)
2017,충청남도,태안군,0.0,0.0,0,0,25.4065,362.74,실측(원자료 기반),SGIS실제인접,2019년판(2015~2019)
2018,충청남도,태안군,0.0,0.0,0,0,25.4065,362.74,실측(원자료 기반),SGIS실제인접,2019년판(2015~2019)
2019,충청남도,태안군,0.0003999200213269,0.0,1,0,25.4065,291.69,실측(원자료 기반),SGIS실제인접,2019년판(2015~2019)
2020,충청남도,태안군,0.001598721363697,0.0002999550089979,2,0,24.5837,291.69,실측(원자료 기반),SGIS실제인접,2024년판(2020~2024)
2021,충청남도,태안군,0.0018981972830802,9.999500033330834e-05,3,0,24.5837,223.98,실측(원자료 기반),SGIS실제인접,2024년판(2020~2024)
2022,충청남도,태안군,0.0069756137364252,0.0016985566355814,4,0,24.5837,262.72,실측(원자료 기반),centroid근접(대체),2024년판(2020~2024)
2023,충청남도,태안군,0.0052860044292373,0.0023971245997214,5,0,24.5837,291.69,추정(시군구 평균비중 x 국가총량),SGIS실제인접,2024년판(2020~2024)
2016,충청남도,홍성군,0.0002999550089979,0.0037927982386962,1,0,13.847,257.19,추정(시군구 평균비중 x 국가총량),SGIS실제인접,2019년판(2015~2019)
2017,충청남도,홍성군,0.0,0.0,0,0,13.847,346.91,실측(원자료 기반),SGIS실제인접,2019년판(2015~2019)
2018,충청남도,홍성군,0.0,0.0003999200213269,0,0,13.847,346.91,실측(원자료 기반),SGIS실제인접,2019년판(2015~2019)
2019,충청남도,홍성군,0.0,0.0016985566355814,0,0,13.847,257.19,실측(원자료 기반),SGIS실제인접,2019년판(2015~2019)
2020,충청남도,홍성군,0.0,0.0002999550089979,0,0,12.666,257.19,실측(원자료 기반),SGIS실제인접,2024년판(2020~2024)
2021,충청남도,홍성군,9.999500033330834e-05,0.0007996801705643,1,0,12.666,192.75,실측(원자료 기반),SGIS실제인접,2024년판(2020~2024)
2022,충청남도,홍성군,0.0002999550089979,0.0027960873020012,2,0,12.666,228.32,실측(원자료 기반),centroid근접(대체),2024년판(2020~2024)
2023,충청남도,홍성군,0.0001999800026662,0.0028958031120255,3,0,12.666,257.19,추정(시군구 평균비중 x 국가총량),SGIS실제인접,2024년판(2020~2024)
2016,충청북도,괴산군,0.0,0.0028958031120255,0,0,17.4415,182.63,추정(시군구 평균비중 x 국가총량),SGIS실제인접,2019년판(2015~2019)
2017,충청북도,괴산군,0.0,0.0014988761237358,0,0,17.4415,387.47,실측(원자료 기반),SGIS실제인접,2019년판(2015~2019)
2018,충청북도,괴산군,0.0,0.0003999200213269,0,0,17.4415,387.47,실측(원자료 기반),SGIS실제인접,2019년판(2015~2019)
2019,충청북도,괴산군,0.0,0.000499875041651,0,0,17.4415,182.63,실측(원자료 기반),SGIS실제인접,2019년판(2015~2019)
2020,충청북도,괴산군,0.0,0.000499875041651,0,0,17.1041,182.63,실측(원자료 기반),SGIS실제인접,2024년판(2020~2024)
2021,충청북도,괴산군,0.0,0.0013990209137073,0,0,17.1041,87.49,실측(원자료 기반),SGIS실제인접,2024년판(2020~2024)
2022,충청북도,괴산군,0.0,9.999500033330834e-05,0,0,17.1041,165.36,실측(원자료 기반),centroid근접(대체),2024년판(2020~2024)
2023,충청북도,괴산군,0.0,0.0021975835434872,0,0,17.1041,182.63,추정(시군구 평균비중 x 국가총량),SGIS실제인접,2024년판(2020~2024)
2016,충청북도,단양군,0.0005998200719676,0.0025966258472659,1,0,20.1557,176.03,추정(시군구 평균비중 x 국가총량),SGIS실제인접,2019년판(2015~2019)
2017,충청북도,단양군,0.0001999800026662,0.0002999550089979,2,0,20.1557,428.62,실측(원자료 기반),SGIS실제인접,2019년판(2015~2019)
2018,충청북도,단양군,9.999500033330834e-05,9.999500033330834e-05,3,0,20.1557,428.62,실측(원자료 기반),SGIS실제인접,2019년판(2015~2019)
2019,충청북도,단양군,0.0003999200213269,9.999500033330834e-05,4,0,20.1557,176.03,실측(원자료 기반),SGIS실제인접,2019년판(2015~2019)
2020,충청북도,단양군,0.0001999800026662,0.0001999800026662,5,0,20.1838,176.03,실측(원자료 기반),SGIS실제인접,2024년판(2020~2024)
2021,충청북도,단양군,0.0,0.0007996801705643,6,0,20.1838,57.76,실측(원자료 기반),SGIS실제인접,2024년판(2020~2024)
2022,충청북도,단양군,0.0003999200213269,0.004191204618468,7,0,20.1838,169.83,실측(원자료 기반),centroid근접(대체),2024년판(2020~2024)
2023,충청북도,단양군,0.000499875041651,0.001998002662673,8,0,20.1838,176.03,추정(시군구 평균비중 x 국가총량),SGIS실제인접,2024년판(2020~2024)
2016,충청북도,보은군,0.0,0.0040916179032535,0,0,13.6231,168.04,추정(시군구 평균비중 x 국가총량),SGIS실제인접,2019년판(2015~2019)
2017,충청북도,보은군,0.0,0.0020977980821461,0,0,13.6231,355.2,실측(원자료 기반),SGIS실제인접,2019년판(2015~2019)
2018,충청북도,보은군,0.0,0.0005998200719676,0,0,13.6231,355.2,실측(원자료 기반),SGIS실제인접,2019년판(2015~2019)
2019,충청북도,보은군,0.0,0.0006997551142733,0,0,13.6231,168.04,실측(원자료 기반),SGIS실제인접,2019년판(2015~2019)
2020,충청북도,보은군,0.0,0.0007996801705643,0,0,13.3994,168.04,실측(원자료 기반),SGIS실제인접,2024년판(2020~2024)
2021,충청북도,보은군,0.0,0.0018981972830802,0,0,13.3994,94.59,실측(원자료 기반),SGIS실제인접,2024년판(2020~2024)
2022,충청북도,보은군,0.0,0.0,0,0,13.3994,145.7,실측(원자료 기반),centroid근접(대체),2024년판(2020~2024)
2023,충청북도,보은군,0.0,0.0030952049073024,0,0,13.3994,168.04,추정(시군구 평균비중 x 국가총량),SGIS실제인접,2024년판(2020~2024)
2016,충청북도,영동군,9.999500033330834e-05,0.0109399400383343,1,0,11.5874,141.49,추정(시군구 평균비중 x 국가총량),SGIS실제인접,2019년판(2015~2019)
2017,충청북도,영동군,0.0,0.0029955089797984,2,0,11.5874,323.36,실측(원자료 기반),SGIS실제인접,2019년판(2015~2019)
2018,충청북도,영동군,9.999500033330834e-05,0.001199280575482,3,0,11.5874,323.36,실측(원자료 기반),SGIS실제인접,2019년판(2015~2019)
2019,충청북도,영동군,9.999500033330834e-05,0.0017983819413793,4,0,11.5874,141.49,실측(원자료 기반),SGIS실제인접,2019년판(2015~2019)
2020,충청북도,영동군,9.999500033330834e-05,0.0021975835434872,5,0,11.637,141.49,실측(원자료 기반),SGIS실제인접,2024년판(2020~2024)
2021,충청북도,영동군,0.0,0.006379606964039,0,0,11.637,98.41,실측(원자료 기반),SGIS실제인접,2024년판(2020~2024)
2022,충청북도,영동군,0.0,0.0043903483012928,0,0,11.637,114.63,실측(원자료 기반),centroid근접(대체),2024년판(2020~2024)
2023,충청북도,영동군,9.999500033330834e-05,0.0082657444170326,1,0,11.637,141.49,추정(시군구 평균비중 x 국가총량),SGIS실제인접,2024년판(2020~2024)
2016,충청북도,옥천군,0.0,0.0040916179032535,1,0,6.3949,162.67,추정(시군구 평균비중 x 국가총량),SGIS실제인접,2019년판(2015~2019)
2017,충청북도,옥천군,0.0,0.0020977980821461,0,0,6.3949,335.3,실측(원자료 기반),SGIS실제인접,2019년판(2015~2019)
2018,충청북도,옥천군,0.0,0.0005998200719676,0,0,6.3949,335.3,실측(원자료 기반),SGIS실제인접,2019년판(2015~2019)
2019,충청북도,옥천군,0.0,0.0006997551142733,1,0,6.3949,162.67,실측(원자료 기반),SGIS실제인접,2019년판(2015~2019)
2020,충청북도,옥천군,0.0,0.0007996801705643,0,0,6.2431,162.67,실측(원자료 기반),SGIS실제인접,2024년판(2020~2024)
2021,충청북도,옥천군,0.0,0.0018981972830802,0,0,6.2431,104.73,실측(원자료 기반),SGIS실제인접,2024년판(2020~2024)
2022,충청북도,옥천군,0.0,0.0,0,0,6.2431,136.99,실측(원자료 기반),centroid근접(대체),2024년판(2020~2024)
2023,충청북도,옥천군,0.0,0.0030952049073024,1,0,6.2431,162.67,추정(시군구 평균비중 x 국가총량),SGIS실제인접,2024년판(2020~2024)
2016,충청북도,음성군,0.0,0.0018981972830802,0,0,5.444,212.5,추정(시군구 평균비중 x 국가총량),SGIS실제인접,2019년판(2015~2019)
2017,충청북도,음성군,0.0,0.0005998200719676,0,0,5.444,404.08,실측(원자료 기반),SGIS실제인접,2019년판(2015~2019)
2018,충청북도,음성군,0.0,0.000899595242836,0,0,5.444,404.08,실측(원자료 기반),SGIS실제인접,2019년판(2015~2019)
2019,충청북도,음성군,0.0,0.0009995003330835,0,0,5.444,212.5,실측(원자료 기반),SGIS실제인접,2019년판(2015~2019)
2020,충청북도,음성군,0.0,0.0003999200213269,0,0,5.274,212.5,실측(원자료 기반),SGIS실제인접,2024년판(2020~2024)
2021,충청북도,음성군,0.0,0.0005998200719676,0,0,5.274,112.93,실측(원자료 기반),SGIS실제인접,2024년판(2020~2024)
2022,충청북도,음성군,0.0,0.0,0,0,5.274,195.0,실측(원자료 기반),centroid근접(대체),2024년판(2020~2024)
2023,충청북도,음성군,0.0,0.0013990209137073,0,0,5.274,212.5,추정(시군구 평균비중 x 국가총량),SGIS실제인접,2024년판(2020~2024)
2016,충청북도,제천시,0.00129915573162,0.001598721363697,1,0,16.4394,192.47,추정(시군구 평균비중 x 국가총량),SGIS실제인접,2019년판(2015~2019)
2017,충청북도,제천시,0.0001999800026662,9.999500033330834e-05,2,0,16.4394,427.05,실측(원자료 기반),SGIS실제인접,2019년판(2015~2019)
2018,충청북도,제천시,9.999500033330834e-05,9.999500033330834e-05,3,0,16.4394,427.05,실측(원자료 기반),SGIS실제인접,2019년판(2015~2019)
2019,충청북도,제천시,0.0002999550089979,0.0003999200213269,4,0,16.4394,192.47,실측(원자료 기반),SGIS실제인접,2019년판(2015~2019)
2020,충청북도,제천시,0.0007996801705643,0.000499875041651,5,0,16.4972,192.47,실측(원자료 기반),SGIS실제인접,2024년판(2020~2024)
2021,충청북도,제천시,0.000499875041651,0.000499875041651,6,0,16.4972,77.98,실측(원자료 기반),SGIS실제인접,2024년판(2020~2024)
2022,충청북도,제천시,0.000499875041651,0.0017983819413793,7,0,16.4972,182.74,실측(원자료 기반),centroid근접(대체),2024년판(2020~2024)
2023,충청북도,제천시,0.0009995003330835,0.001199280575482,8,0,16.4972,192.47,추정(시군구 평균비중 x 국가총량),SGIS실제인접,2024년판(2020~2024)
2016,충청북도,증평군,0.0,0.0,0,0,5.4803,198.02,추정(시군구 평균비중 x 국가총량),SGIS실제인접,2019년판(2015~2019)
2017,충청북도,증평군,0.0,0.0,0,0,5.4803,383.51,실측(원자료 기반),SGIS실제인접,2019년판(2015~2019)
2018,충청북도,증평군,0.0,0.0,0,0,5.4803,383.51,실측(원자료 기반),SGIS실제인접,2019년판(2015~2019)
2019,충청북도,증평군,0.0,9.999500033330834e-05,0,0,5.4803,198.02,실측(원자료 기반),SGIS실제인접,2019년판(2015~2019)
2020,충청북도,증평군,0.0,0.0,0,0,4.854,198.02,실측(원자료 기반),SGIS실제인접,2024년판(2020~2024)
2021,충청북도,증평군,0.0,0.0,0,0,4.854,107.49,실측(원자료 기반),SGIS실제인접,2024년판(2020~2024)
2022,충청북도,증평군,0.0,0.0,0,0,4.854,178.26,실측(원자료 기반),centroid근접(대체),2024년판(2020~2024)
2023,충청북도,증평군,0.0,0.0,0,0,4.854,198.02,추정(시군구 평균비중 x 국가총량),SGIS실제인접,2024년판(2020~2024)
2016,충청북도,진천군,9.999500033330834e-05,0.00129915573162,1,0,6.4392,215.12,추정(시군구 평균비중 x 국가총량),SGIS실제인접,2019년판(2015~2019)
2017,충청북도,진천군,0.0,0.0005998200719676,0,0,6.4392,389.11,실측(원자료 기반),SGIS실제인접,2019년판(2015~2019)
2018,충청북도,진천군,0.0,0.0009995003330835,0,0,6.4392,389.11,실측(원자료 기반),SGIS실제인접,2019년판(2015~2019)
2019,충청북도,진천군,0.0001999800026662,0.001199280575482,1,0,6.4392,215.12,실측(원자료 기반),SGIS실제인접,2019년판(2015~2019)
2020,충청북도,진천군,0.0,0.0001999800026662,0,0,6.2332,215.12,실측(원자료 기반),SGIS실제인접,2024년판(2020~2024)
2021,충청북도,진천군,0.0,0.0,0,0,6.2332,123.89,실측(원자료 기반),SGIS실제인접,2024년판(2020~2024)
2022,충청북도,진천군,0.0,9.999500033330834e-05,1,0,6.2332,194.66,실측(원자료 기반),centroid근접(대체),2024년판(2020~2024)
2023,충청북도,진천군,9.999500033330834e-05,0.0009995003330835,2,0,6.2332,215.12,추정(시군구 평균비중 x 국가총량),SGIS실제인접,2024년판(2020~2024)
2016,충청북도,청주시,9.999500033330834e-05,0.0002999550089979,1,0,5.0467,193.68,추정(시군구 평균비중 x 국가총량),SGIS실제인접,2019년판(2015~2019)
2017,충청북도,청주시,9.999500033330834e-05,9.999500033330834e-05,2,0,5.0467,364.02,실측(원자료 기반),SGIS실제인접,2019년판(2015~2019)
2018,충청북도,청주시,9.999500033330834e-05,0.0,3,0,5.0467,364.02,실측(원자료 기반),SGIS실제인접,2019년판(2015~2019)
2019,충청북도,청주시,9.999500033330834e-05,9.999500033330834e-05,4,0,5.0467,193.68,실측(원자료 기반),SGIS실제인접,2019년판(2015~2019)
2020,충청북도,청주시,0.0,9.999500033330834e-05,5,0,4.9161,193.68,실측(원자료 기반),SGIS실제인접,2024년판(2020~2024)
2021,충청북도,청주시,0.0,9.999500033330834e-05,0,0,4.9161,114.72,실측(원자료 기반),SGIS실제인접,2024년판(2020~2024)
2022,충청북도,청주시,0.0,9.999500033330834e-05,0,0,4.9161,170.85,실측(원자료 기반),centroid근접(대체),2024년판(2020~2024)
2023,충청북도,청주시,9.999500033330834e-05,0.0001999800026662,1,0,4.9161,193.68,추정(시군구 평균비중 x 국가총량),SGIS실제인접,2024년판(2020~2024)
2016,충청북도,충주시,0.0,0.0018981972830802,1,0,8.3887,200.08,추정(시군구 평균비중 x 국가총량),SGIS실제인접,2019년판(2015~2019)
2017,충청북도,충주시,0.0,9.999500033330834e-05,0,0,8.3887,415.2,실측(원자료 기반),SGIS실제인접,2019년판(2015~2019)
2018,충청북도,충주시,0.0,9.999500033330834e-05,0,0,8.3887,415.2,실측(원자료 기반),SGIS실제인접,2019년판(2015~2019)
2019,충청북도,충주시,0.0,0.0002999550089979,0,0,8.3887,200.08,실측(원자료 기반),SGIS실제인접,2019년판(2015~2019)
2020,충청북도,충주시,0.0,0.0007996801705643,0,0,8.36,200.08,실측(원자료 기반),SGIS실제인접,2024년판(2020~2024)
2021,충청북도,충주시,0.0,0.0006997551142733,0,0,8.36,92.49,실측(원자료 기반),SGIS실제인접,2024년판(2020~2024)
2022,충청북도,충주시,0.0,0.0001999800026662,1,0,8.36,186.43,실측(원자료 기반),centroid근접(대체),2024년판(2020~2024)
2023,충청북도,충주시,0.0,0.0013990209137073,2,0,8.36,200.08,추정(시군구 평균비중 x 국가총량),SGIS실제인접,2024년판(2020~2024)
