연도,시도,시군구,sigungu_cd,stnId,거리_km,겨울철_평균최저기온,여름철_평균기온,연강수량_mm,평균풍속_ms,GDD_솔수염하늘소_base11.9,GDD_북방수염하늘소_base8.3,SPI3_최저월(최심가뭄),SPI3_유효월수,연간관측일수,겨울철_자료완전성
2016,강원특별자치도,강릉시,51150,105,6.95,-1.04,23.93,1258.2,2.29,1898.4,2740.5,-2.18,11.0,366,True
2017,강원특별자치도,강릉시,51150,105,6.95,-0.53,24.11,1081.9,2.51,1956.2,2786.2,-1.64,12.0,365,True
2018,강원특별자치도,강릉시,51150,105,6.95,-3.42,25.4,1599.4,2.43,1960.8,2796.0,-0.86,12.0,365,True
2019,강원특별자치도,강릉시,51150,105,6.95,-0.8,24.62,1670.5,2.43,2064.0,2914.6,-1.25,12.0,365,True
2020,강원특별자치도,강릉시,51150,105,6.95,1.32,24.52,1812.9,2.42,1860.5,2691.4,-2.52,12.0,366,True
2021,강원특별자치도,강릉시,51150,105,6.95,-1.62,24.8,1316.4,2.22,1996.9,2904.6,-1.69,12.0,365,True
2022,강원특별자치도,강릉시,51150,105,6.95,-1.47,25.52,1465.5,2.26,2159.9,3051.0,-0.58,12.0,365,True
2023,강원특별자치도,강릉시,51150,105,6.95,-1.11,25.63,1568.3,2.23,2264.5,3189.2,-1.66,12.0,365,True
2016,강원특별자치도,고성군,51820,90,20.12,-3.13,23.04,1333.8,1.88,1679.8,2483.9,-1.99,11.0,366,True
2017,강원특별자치도,고성군,51820,90,20.12,-1.58,23.06,1208.2,1.81,1732.6,2537.7,-1.63,12.0,365,True
2018,강원특별자치도,고성군,51820,90,20.12,-4.7,24.01,1777.0,1.85,1729.6,2519.2,-0.82,12.0,365,True
2019,강원특별자치도,고성군,51820,90,20.12,-2.38,23.51,1355.5,1.86,1813.3,2632.8,-1.26,12.0,365,True
2020,강원특별자치도,고성군,51820,90,20.12,-0.01,23.17,2085.8,2.05,1636.2,2430.8,-2.59,12.0,366,True
2021,강원특별자치도,고성군,51820,90,20.12,-3.24,23.44,1199.7,1.96,1718.6,2547.7,-1.79,12.0,365,True
2022,강원특별자치도,고성군,51820,90,20.12,-3.45,23.3,1637.3,1.94,1737.2,2563.5,-0.59,12.0,365,True
2023,강원특별자치도,고성군,51820,90,20.12,-3.48,24.17,1768.8,1.89,1867.8,2706.0,-1.17,12.0,365,True
2016,강원특별자치도,동해시,51170,106,6.02,0.06,23.43,924.5,1.98,1832.6,2703.6,-2.28,11.0,366,True
2017,강원특별자치도,동해시,51170,106,6.02,0.74,23.37,985.7,2.13,1829.8,2657.6,-1.52,12.0,365,True
2018,강원특별자치도,동해시,51170,106,6.02,-2.42,23.45,1436.5,2.07,1681.5,2506.0,-0.97,12.0,365,True
2019,강원특별자치도,동해시,51170,106,6.02,-0.83,22.08,1532.8,2.03,1571.9,2383.6,-1.06,12.0,365,True
2020,강원특별자치도,동해시,51170,106,6.02,0.88,21.81,1322.4,2.12,1446.8,2237.3,-2.35,12.0,366,True
2021,강원특별자치도,동해시,51170,106,6.02,-1.8,22.78,1244.6,1.98,1633.0,2483.0,-1.87,12.0,365,True
2022,강원특별자치도,동해시,51170,106,6.02,-1.13,23.13,1101.4,1.95,1758.4,2628.3,-0.74,12.0,365,True
2023,강원특별자치도,동해시,51170,106,6.02,-0.9,23.73,1356.8,1.88,1878.6,2770.5,-1.33,12.0,365,True
2016,강원특별자치도,삼척시,51230,216,16.73,-7.49,21.11,1141.4,1.56,1240.2,1942.8,-1.81,11.0,366,True
2017,강원특별자치도,삼척시,51230,216,16.73,-7.56,20.38,933.8,1.55,1120.0,1801.6,-2.23,12.0,365,True
2018,강원특별자치도,삼척시,51230,216,16.73,-9.77,21.95,1489.3,1.57,1266.6,1925.4,-1.41,12.0,365,True
2019,강원특별자치도,삼척시,51230,216,16.73,-7.77,20.69,1169.8,1.47,1232.8,1903.8,-1.05,12.0,365,True
2020,강원특별자치도,삼척시,51230,216,16.73,-5.57,20.92,1530.1,1.46,1149.6,1791.1,-1.91,12.0,366,True
2021,강원특별자치도,삼척시,51230,216,16.73,-7.14,20.18,1207.4,1.38,1120.2,1774.0,-1.13,12.0,365,True
2022,강원특별자치도,삼척시,51230,216,16.73,-9.16,20.97,1088.9,1.35,1212.2,1866.7,-1.67,12.0,365,True
2023,강원특별자치도,삼척시,51230,216,16.73,-9.11,21.66,1525.8,1.31,1291.3,1986.8,-1.51,12.0,365,True
2016,강원특별자치도,속초시,51210,90,9.22,-3.13,23.04,1333.8,1.88,1679.8,2483.9,-1.99,11.0,366,True
2017,강원특별자치도,속초시,51210,90,9.22,-1.58,23.06,1208.2,1.81,1732.6,2537.7,-1.63,12.0,365,True
2018,강원특별자치도,속초시,51210,90,9.22,-4.7,24.01,1777.0,1.85,1729.6,2519.2,-0.82,12.0,365,True
2019,강원특별자치도,속초시,51210,90,9.22,-2.38,23.51,1355.5,1.86,1813.3,2632.8,-1.26,12.0,365,True
2020,강원특별자치도,속초시,51210,90,9.22,-0.01,23.17,2085.8,2.05,1636.2,2430.8,-2.59,12.0,366,True
2021,강원특별자치도,속초시,51210,90,9.22,-3.24,23.44,1199.7,1.96,1718.6,2547.7,-1.79,12.0,365,True
2022,강원특별자치도,속초시,51210,90,9.22,-3.45,23.3,1637.3,1.94,1737.2,2563.5,-0.59,12.0,365,True
2023,강원특별자치도,속초시,51210,90,9.22,-3.48,24.17,1768.8,1.89,1867.8,2706.0,-1.17,12.0,365,True
2016,강원특별자치도,양구군,51800,211,19.66,-7.31,22.97,1185.7,1.77,1658.2,2429.4,-1.35,11.0,366,True
2017,강원특별자치도,양구군,51800,211,19.66,-7.21,22.45,1209.3,1.69,1553.6,2301.6,-1.72,12.0,365,True
2018,강원특별자치도,양구군,51800,211,19.66,-10.22,23.3,1214.3,1.8,1501.2,2215.7,-1.12,12.0,365,True
2019,강원특별자치도,양구군,51800,211,19.66,-8.72,22.72,779.3,1.65,1590.8,2314.4,-1.73,12.0,365,True
2020,강원특별자치도,양구군,51800,211,19.66,-4.39,23.21,1429.1,1.57,1529.0,2226.7,-1.97,12.0,366,True
2021,강원특별자치도,양구군,51800,211,19.66,-7.93,23.25,923.0,1.52,1626.4,2376.0,-1.97,12.0,365,True
2022,강원특별자치도,양구군,51800,211,19.66,-8.51,23.31,1497.5,1.45,1626.9,2369.5,-1.33,12.0,365,True
2023,강원특별자치도,양구군,51800,211,19.66,-9.13,24.08,1225.6,1.32,1789.0,2577.2,-0.75,12.0,365,True
2016,강원특별자치도,양양군,51830,90,27.52,-3.13,23.04,1333.8,1.88,1679.8,2483.9,-1.99,11.0,366,True
2017,강원특별자치도,양양군,51830,90,27.52,-1.58,23.06,1208.2,1.81,1732.6,2537.7,-1.63,12.0,365,True
2018,강원특별자치도,양양군,51830,90,27.52,-4.7,24.01,1777.0,1.85,1729.6,2519.2,-0.82,12.0,365,True
2019,강원특별자치도,양양군,51830,90,27.52,-2.38,23.51,1355.5,1.86,1813.3,2632.8,-1.26,12.0,365,True
2020,강원특별자치도,양양군,51830,90,27.52,-0.01,23.17,2085.8,2.05,1636.2,2430.8,-2.59,12.0,366,True
2021,강원특별자치도,양양군,51830,90,27.52,-3.24,23.44,1199.7,1.96,1718.6,2547.7,-1.79,12.0,365,True
2022,강원특별자치도,양양군,51830,90,27.52,-3.45,23.3,1637.3,1.94,1737.2,2563.5,-0.59,12.0,365,True
2023,강원특별자치도,양양군,51830,90,27.52,-3.48,24.17,1768.8,1.89,1867.8,2706.0,-1.17,12.0,365,True
2016,강원특별자치도,영월군,51750,121,4.58,-5.64,23.75,940.4,1.14,1822.2,2633.3,-1.59,11.0,366,True
2017,강원특별자치도,영월군,51750,121,4.58,-5.44,23.24,996.1,1.06,1701.1,2467.8,-2.22,12.0,365,True
2018,강원특별자치도,영월군,51750,121,4.58,-8.28,24.53,1360.8,1.12,1741.6,2508.0,-0.67,12.0,365,True
2019,강원특별자치도,영월군,51750,121,4.58,-6.6,23.2,830.4,1.06,1745.0,2500.0,-1.72,12.0,365,True
2020,강원특별자치도,영월군,51750,121,4.58,-3.82,23.49,1344.1,1.11,1639.5,2390.1,-1.88,12.0,366,True
2021,강원특별자치도,영월군,51750,121,4.58,-6.98,23.25,1106.4,1.08,1696.4,2488.9,-0.99,12.0,365,True
2022,강원특별자치도,영월군,51750,121,4.58,-7.18,23.66,1288.7,1.03,1744.8,2526.7,-1.89,12.0,365,True
2023,강원특별자치도,영월군,51750,121,4.58,-7.57,24.04,1507.5,0.99,1847.8,2657.4,-1.75,12.0,365,True
2016,강원특별자치도,원주시,51130,114,3.56,-4.26,25.47,874.6,1.07,2064.8,2890.4,-2.01,11.0,366,True
2017,강원특별자치도,원주시,51130,114,3.56,-5.08,24.03,1063.6,1.0,1784.4,2561.2,-2.28,12.0,365,True
2018,강원특별자치도,원주시,51130,114,3.56,-6.95,25.88,1229.2,1.06,1895.6,2677.0,-0.88,12.0,365,True
2019,강원특별자치도,원주시,51130,114,3.56,-5.28,24.52,771.9,1.0,1875.1,2648.7,-2.14,12.0,365,True
2020,강원특별자치도,원주시,51130,114,3.56,-2.56,24.63,1317.0,1.06,1753.8,2526.0,-2.25,12.0,366,True
2021,강원특별자치도,원주시,51130,114,3.56,-5.73,24.55,1113.0,1.04,1837.9,2646.0,-1.61,12.0,365,True
2022,강원특별자치도,원주시,51130,114,3.56,-5.96,24.73,1394.0,1.06,1856.5,2656.6,-1.41,12.0,365,True
2023,강원특별자치도,원주시,51130,114,3.56,-6.27,25.23,1391.7,0.99,2006.9,2839.2,-2.05,12.0,365,True
2016,강원특별자치도,인제군,51810,211,8.42,-7.31,22.97,1185.7,1.77,1658.2,2429.4,-1.35,11.0,366,True
2017,강원특별자치도,인제군,51810,211,8.42,-7.21,22.45,1209.3,1.69,1553.6,2301.6,-1.72,12.0,365,True
2018,강원특별자치도,인제군,51810,211,8.42,-10.22,23.3,1214.3,1.8,1501.2,2215.7,-1.12,12.0,365,True
2019,강원특별자치도,인제군,51810,211,8.42,-8.72,22.72,779.3,1.65,1590.8,2314.4,-1.73,12.0,365,True
2020,강원특별자치도,인제군,51810,211,8.42,-4.39,23.21,1429.1,1.57,1529.0,2226.7,-1.97,12.0,366,True
2021,강원특별자치도,인제군,51810,211,8.42,-7.93,23.25,923.0,1.52,1626.4,2376.0,-1.97,12.0,365,True
2022,강원특별자치도,인제군,51810,211,8.42,-8.51,23.31,1497.5,1.45,1626.9,2369.5,-1.33,12.0,365,True
2023,강원특별자치도,인제군,51810,211,8.42,-9.13,24.08,1225.6,1.32,1789.0,2577.2,-0.75,12.0,365,True
2016,강원특별자치도,정선군,51770,217,5.84,-6.2,23.33,1174.2,1.53,1739.2,2520.2,-1.19,11.0,366,True
2017,강원특별자치도,정선군,51770,217,5.84,-6.55,22.61,972.5,1.67,1629.8,2383.0,-2.44,12.0,365,True
2018,강원특별자치도,정선군,51770,217,5.84,-9.12,23.73,1420.9,1.74,1626.0,2361.6,-1.07,12.0,365,True
2019,강원특별자치도,정선군,51770,217,5.84,-7.24,22.44,798.9,1.67,1615.0,2337.4,-2.21,12.0,365,True
2020,강원특별자치도,정선군,51770,217,5.84,-4.79,22.88,1305.4,1.81,1515.8,2221.0,-1.8,12.0,366,True
2021,강원특별자치도,정선군,51770,217,5.84,-7.87,22.98,1112.1,1.67,1615.5,2369.4,-1.08,12.0,365,True
2022,강원특별자치도,정선군,51770,217,5.84,-8.23,23.44,1372.6,1.46,1654.8,2394.5,-1.59,12.0,365,True
2023,강원특별자치도,정선군,51770,217,5.84,-8.63,23.95,1399.7,1.39,1694.9,2451.1,-2.02,12.0,362,True
2016,강원특별자치도,철원군,51780,95,14.28,-9.03,23.84,1180.9,1.53,1719.0,2483.5,-1.46,11.0,366,True
2017,강원특별자치도,철원군,51780,95,14.28,-8.74,23.45,1233.4,1.49,1603.1,2336.0,-2.23,12.0,365,True
2018,강원특별자치도,철원군,51780,95,14.28,-11.87,24.49,1480.6,1.66,1632.1,2348.0,-1.08,12.0,365,True
2019,강원특별자치도,철원군,51780,95,14.28,-10.32,23.35,920.5,1.23,1635.4,2339.7,-2.01,12.0,365,True
2020,강원특별자치도,철원군,51780,95,14.28,-5.9,23.47,1749.3,1.3,1524.2,2202.1,-1.23,12.0,366,True
2021,강원특별자치도,철원군,51780,95,14.28,-9.79,23.64,1115.3,1.33,1642.4,2366.4,-1.86,12.0,365,True
2022,강원특별자치도,철원군,51780,95,14.28,-10.32,23.5,1752.7,1.29,1580.5,2309.2,-1.16,12.0,365,True
2023,강원특별자치도,철원군,51780,95,14.28,-10.84,24.11,1467.2,1.25,1739.0,2504.4,-0.82,12.0,365,True
2016,강원특별자치도,춘천시,51110,101,1.47,-7.04,25.08,1333.8,1.33,1978.4,2774.0,-1.5,11.0,366,True
2017,강원특별자치도,춘천시,51110,101,1.47,-6.74,24.64,1217.2,1.35,1843.2,2610.6,-1.87,12.0,365,True
2018,강원특별자치도,춘천시,51110,101,1.47,-9.62,25.72,1401.5,1.48,1845.2,2607.6,-1.16,12.0,365,True
2019,강원특별자치도,춘천시,51110,101,1.47,-7.9,24.65,923.2,1.33,1885.8,2633.1,-1.62,12.0,365,True
2020,강원특별자치도,춘천시,51110,101,1.47,-4.18,24.71,1550.9,1.38,1737.8,2484.8,-1.4,12.0,366,True
2021,강원특별자치도,춘천시,51110,101,1.47,-7.9,24.82,1045.9,1.39,1874.5,2668.1,-2.05,12.0,365,True
2022,강원특별자치도,춘천시,51110,101,1.47,-8.68,24.82,1728.4,1.38,1851.8,2637.1,-1.63,12.0,365,True
2023,강원특별자치도,춘천시,51110,101,1.47,-8.44,24.83,1389.8,1.45,1880.6,2675.6,-0.81,12.0,365,True
2016,강원특별자치도,태백시,51190,216,0.86,-7.49,21.11,1141.4,1.56,1240.2,1942.8,-1.81,11.0,366,True
2017,강원특별자치도,태백시,51190,216,0.86,-7.56,20.38,933.8,1.55,1120.0,1801.6,-2.23,12.0,365,True
2018,강원특별자치도,태백시,51190,216,0.86,-9.77,21.95,1489.3,1.57,1266.6,1925.4,-1.41,12.0,365,True
2019,강원특별자치도,태백시,51190,216,0.86,-7.77,20.69,1169.8,1.47,1232.8,1903.8,-1.05,12.0,365,True
2020,강원특별자치도,태백시,51190,216,0.86,-5.57,20.92,1530.1,1.46,1149.6,1791.1,-1.91,12.0,366,True
2021,강원특별자치도,태백시,51190,216,0.86,-7.14,20.18,1207.4,1.38,1120.2,1774.0,-1.13,12.0,365,True
2022,강원특별자치도,태백시,51190,216,0.86,-9.16,20.97,1088.9,1.35,1212.2,1866.7,-1.67,12.0,365,True
2023,강원특별자치도,태백시,51190,216,0.86,-9.11,21.66,1525.8,1.31,1291.3,1986.8,-1.51,12.0,365,True
2016,강원특별자치도,평창군,51760,100,24.67,-9.31,19.29,1184.0,3.36,948.6,1592.1,-1.3,11.0,366,True
2017,강원특별자치도,평창군,51760,100,24.67,-10.21,18.89,1025.3,3.48,861.6,1471.2,-1.73,12.0,365,True
2018,강원특별자치도,평창군,51760,100,24.67,-12.61,19.88,1731.4,3.51,937.0,1503.8,-0.75,12.0,365,True
2019,강원특별자치도,평창군,51760,100,24.67,-10.73,19.18,1198.5,2.89,942.6,1549.6,-1.09,12.0,365,True
2020,강원특별자치도,평창군,51760,100,24.67,-8.0,19.59,1755.8,3.05,902.6,1477.4,-2.32,12.0,366,True
2021,강원특별자치도,평창군,51760,100,24.67,-10.5,19.3,1027.3,2.99,930.4,1526.9,-1.18,12.0,365,True
2022,강원특별자치도,평창군,51760,100,24.67,-11.39,19.71,1361.2,3.09,995.7,1583.6,-1.28,12.0,365,True
2023,강원특별자치도,평창군,51760,100,24.67,-11.64,20.44,1291.8,2.96,1078.1,1700.0,-1.67,12.0,365,True
2016,강원특별자치도,홍천군,51720,212,18.4,-7.11,24.99,967.9,1.17,1997.0,2792.5,-1.76,11.0,366,True
2017,강원특별자치도,홍천군,51720,212,18.4,-7.36,24.27,1192.2,1.17,1803.3,2567.0,-1.77,12.0,365,True
2018,강원특별자치도,홍천군,51720,212,18.4,-10.15,25.5,1348.6,1.22,1819.2,2569.5,-1.04,12.0,365,True
2019,강원특별자치도,홍천군,51720,212,18.4,-8.01,24.47,871.4,1.15,1885.6,2638.5,-1.86,12.0,365,True
2020,강원특별자치도,홍천군,51720,212,18.4,-4.48,23.87,1485.8,1.15,1623.6,2354.5,-1.92,12.0,366,True
2021,강원특별자치도,홍천군,51720,212,18.4,-8.06,23.92,950.3,1.1,1740.4,2507.8,-1.79,12.0,365,True
2022,강원특별자치도,홍천군,51720,212,18.4,-8.63,23.94,1707.7,1.01,1715.0,2477.3,-1.43,12.0,365,True
2023,강원특별자치도,홍천군,51720,212,18.4,-8.63,24.51,1392.4,0.9,1863.0,2663.8,-1.37,12.0,365,True
2016,강원특별자치도,화천군,51790,93,22.09,,,208.4,0.88,110.0,229.6,1.23,1.0,92,False
2017,강원특별자치도,화천군,51790,93,22.09,-7.66,24.36,1133.4,1.28,1793.2,2552.8,-2.05,12.0,365,True
2018,강원특별자치도,화천군,51790,93,22.09,-10.82,25.3,1261.9,1.35,1765.7,2515.0,-1.35,12.0,365,True
2019,강원특별자치도,화천군,51790,93,22.09,-8.85,24.04,931.8,1.16,1764.0,2492.9,-1.48,12.0,365,True
2020,강원특별자치도,화천군,51790,93,22.09,-5.43,24.13,1561.4,1.26,1617.9,2323.6,-1.56,12.0,366,True
2021,강원특별자치도,화천군,51790,93,22.09,-9.17,24.2,1065.2,1.19,1741.8,2485.3,-1.77,12.0,365,True
2022,강원특별자치도,화천군,51790,93,22.09,-9.83,24.14,1590.8,1.2,1709.0,2454.4,-1.57,12.0,365,True
2023,강원특별자치도,화천군,51790,93,22.09,-9.78,24.85,1366.8,1.13,1859.8,2642.4,-0.86,12.0,365,True
2016,강원특별자치도,횡성군,51730,114,22.29,-4.26,25.47,874.6,1.07,2064.8,2890.4,-2.01,11.0,366,True
2017,강원특별자치도,횡성군,51730,114,22.29,-5.08,24.03,1063.6,1.0,1784.4,2561.2,-2.28,12.0,365,True
2018,강원특별자치도,횡성군,51730,114,22.29,-6.95,25.88,1229.2,1.06,1895.6,2677.0,-0.88,12.0,365,True
2019,강원특별자치도,횡성군,51730,114,22.29,-5.28,24.52,771.9,1.0,1875.1,2648.7,-2.14,12.0,365,True
2020,강원특별자치도,횡성군,51730,114,22.29,-2.56,24.63,1317.0,1.06,1753.8,2526.0,-2.25,12.0,366,True
2021,강원특별자치도,횡성군,51730,114,22.29,-5.73,24.55,1113.0,1.04,1837.9,2646.0,-1.61,12.0,365,True
2022,강원특별자치도,횡성군,51730,114,22.29,-5.96,24.73,1394.0,1.06,1856.5,2656.6,-1.41,12.0,365,True
2023,강원특별자치도,횡성군,51730,114,22.29,-6.27,25.23,1391.7,0.99,2006.9,2839.2,-2.05,12.0,365,True
2016,경기도,가평군,41820,101,26.75,-7.04,25.08,1333.8,1.33,1978.4,2774.0,-1.5,11.0,366,True
2017,경기도,가평군,41820,101,26.75,-6.74,24.64,1217.2,1.35,1843.2,2610.6,-1.87,12.0,365,True
2018,경기도,가평군,41820,101,26.75,-9.62,25.72,1401.5,1.48,1845.2,2607.6,-1.16,12.0,365,True
2019,경기도,가평군,41820,101,26.75,-7.9,24.65,923.2,1.33,1885.8,2633.1,-1.62,12.0,365,True
2020,경기도,가평군,41820,101,26.75,-4.18,24.71,1550.9,1.38,1737.8,2484.8,-1.4,12.0,366,True
2021,경기도,가평군,41820,101,26.75,-7.9,24.82,1045.9,1.39,1874.5,2668.1,-2.05,12.0,365,True
2022,경기도,가평군,41820,101,26.75,-8.68,24.82,1728.4,1.38,1851.8,2637.1,-1.63,12.0,365,True
2023,경기도,가평군,41820,101,26.75,-8.44,24.83,1389.8,1.45,1880.6,2675.6,-0.81,12.0,365,True
2016,경기도,고양시 덕양구,41281,108,12.13,-4.34,25.97,991.7,2.28,2199.9,3030.6,-1.7,11.0,366,True
2017,경기도,고양시 덕양구,41281,108,12.13,-4.39,25.39,1233.2,2.21,2100.6,2899.3,-1.85,12.0,365,True
2018,경기도,고양시 덕양구,41281,108,12.13,-6.33,26.6,1284.1,1.73,2069.6,2878.0,-1.33,12.0,365,True
2019,경기도,고양시 덕양구,41281,108,12.13,-4.36,25.22,891.3,1.95,2062.6,2861.8,-2.16,12.0,365,True
2020,경기도,고양시 덕양구,41281,108,12.13,-1.88,24.86,1651.1,2.36,1872.2,2684.3,-1.16,12.0,366,True
2021,경기도,고양시 덕양구,41281,108,12.13,-4.48,25.63,1186.5,2.31,2045.2,2899.6,-1.12,12.0,365,True
2022,경기도,고양시 덕양구,41281,108,12.13,-5.02,25.48,1775.3,2.37,2058.6,2907.0,-1.54,12.0,365,True
2023,경기도,고양시 덕양구,41281,108,12.13,-4.8,25.78,1598.8,2.27,2196.9,3040.7,-0.76,12.0,365,True
2016,경기도,고양시 일산동구,41285,108,19.08,-4.34,25.97,991.7,2.28,2199.9,3030.6,-1.7,11.0,366,True
2017,경기도,고양시 일산동구,41285,108,19.08,-4.39,25.39,1233.2,2.21,2100.6,2899.3,-1.85,12.0,365,True
2018,경기도,고양시 일산동구,41285,108,19.08,-6.33,26.6,1284.1,1.73,2069.6,2878.0,-1.33,12.0,365,True
2019,경기도,고양시 일산동구,41285,108,19.08,-4.36,25.22,891.3,1.95,2062.6,2861.8,-2.16,12.0,365,True
2020,경기도,고양시 일산동구,41285,108,19.08,-1.88,24.86,1651.1,2.36,1872.2,2684.3,-1.16,12.0,366,True
2021,경기도,고양시 일산동구,41285,108,19.08,-4.48,25.63,1186.5,2.31,2045.2,2899.6,-1.12,12.0,365,True
2022,경기도,고양시 일산동구,41285,108,19.08,-5.02,25.48,1775.3,2.37,2058.6,2907.0,-1.54,12.0,365,True
2023,경기도,고양시 일산동구,41285,108,19.08,-4.8,25.78,1598.8,2.27,2196.9,3040.7,-0.76,12.0,365,True
2016,경기도,고양시 일산서구,41287,99,23.08,-7.92,23.98,1163.9,1.55,1832.4,2623.2,-1.02,11.0,366,True
2017,경기도,고양시 일산서구,41287,99,23.08,-8.18,23.32,947.8,1.43,1644.0,2382.3,-2.27,12.0,365,True
2018,경기도,고양시 일산서구,41287,99,23.08,-11.46,24.29,1009.5,1.49,1659.2,2390.8,-1.73,12.0,365,True
2019,경기도,고양시 일산서구,41287,99,23.08,-9.37,23.41,1022.4,1.31,1654.3,2372.6,-1.63,12.0,365,True
2020,경기도,고양시 일산서구,41287,99,23.08,-5.32,23.29,1612.3,1.4,1553.0,2253.0,-1.25,12.0,366,True
2021,경기도,고양시 일산서구,41287,99,23.08,-8.97,23.79,1037.9,1.39,1709.0,2458.8,-1.56,12.0,365,True
2022,경기도,고양시 일산서구,41287,99,23.08,-10.23,23.58,1730.5,1.26,1623.8,2368.8,-1.52,12.0,365,True
2023,경기도,고양시 일산서구,41287,99,23.08,-9.55,23.98,1438.0,1.29,1786.3,2557.2,-0.78,12.0,365,True
2016,경기도,과천시,41290,108,15.65,-4.34,25.97,991.7,2.28,2199.9,3030.6,-1.7,11.0,366,True
2017,경기도,과천시,41290,108,15.65,-4.39,25.39,1233.2,2.21,2100.6,2899.3,-1.85,12.0,365,True
2018,경기도,과천시,41290,108,15.65,-6.33,26.6,1284.1,1.73,2069.6,2878.0,-1.33,12.0,365,True
2019,경기도,과천시,41290,108,15.65,-4.36,25.22,891.3,1.95,2062.6,2861.8,-2.16,12.0,365,True
2020,경기도,과천시,41290,108,15.65,-1.88,24.86,1651.1,2.36,1872.2,2684.3,-1.16,12.0,366,True
2021,경기도,과천시,41290,108,15.65,-4.48,25.63,1186.5,2.31,2045.2,2899.6,-1.12,12.0,365,True
2022,경기도,과천시,41290,108,15.65,-5.02,25.48,1775.3,2.37,2058.6,2907.0,-1.54,12.0,365,True
2023,경기도,과천시,41290,108,15.65,-4.8,25.78,1598.8,2.27,2196.9,3040.7,-0.76,12.0,365,True
2016,경기도,광명시,41210,108,16.63,-4.34,25.97,991.7,2.28,2199.9,3030.6,-1.7,11.0,366,True
2017,경기도,광명시,41210,108,16.63,-4.39,25.39,1233.2,2.21,2100.6,2899.3,-1.85,12.0,365,True
2018,경기도,광명시,41210,108,16.63,-6.33,26.6,1284.1,1.73,2069.6,2878.0,-1.33,12.0,365,True
2019,경기도,광명시,41210,108,16.63,-4.36,25.22,891.3,1.95,2062.6,2861.8,-2.16,12.0,365,True
2020,경기도,광명시,41210,108,16.63,-1.88,24.86,1651.1,2.36,1872.2,2684.3,-1.16,12.0,366,True
2021,경기도,광명시,41210,108,16.63,-4.48,25.63,1186.5,2.31,2045.2,2899.6,-1.12,12.0,365,True
2022,경기도,광명시,41210,108,16.63,-5.02,25.48,1775.3,2.37,2058.6,2907.0,-1.54,12.0,365,True
2023,경기도,광명시,41210,108,16.63,-4.8,25.78,1598.8,2.27,2196.9,3040.7,-0.76,12.0,365,True
2016,경기도,광주시,41610,202,19.55,-5.89,25.33,935.9,1.46,2051.0,2863.0,-1.63,11.0,366,True
2017,경기도,광주시,41610,202,19.55,-6.11,24.63,1188.4,1.57,1886.4,2662.2,-1.88,12.0,365,True
2018,경기도,광주시,41610,202,19.55,-8.26,26.06,1355.4,1.52,1917.8,2698.1,-1.02,12.0,365,True
2019,경기도,광주시,41610,202,19.55,-6.74,24.82,1038.6,1.43,1913.2,2679.4,-1.65,12.0,365,True
2020,경기도,광주시,41610,202,19.55,-3.1,24.17,1366.4,1.33,1703.1,2464.6,-1.93,12.0,366,True
2021,경기도,광주시,41610,202,19.55,-6.15,24.33,1018.9,1.28,1820.8,2633.1,-1.49,12.0,365,True
2022,경기도,광주시,41610,202,19.55,-6.47,24.4,2143.4,1.25,1825.0,2628.5,-1.61,12.0,365,True
2023,경기도,광주시,41610,202,19.55,-6.7,24.94,1538.4,1.18,1959.0,2785.8,-1.1,12.0,365,True
2016,경기도,구리시,41310,108,14.93,-4.34,25.97,991.7,2.28,2199.9,3030.6,-1.7,11.0,366,True
2017,경기도,구리시,41310,108,14.93,-4.39,25.39,1233.2,2.21,2100.6,2899.3,-1.85,12.0,365,True
2018,경기도,구리시,41310,108,14.93,-6.33,26.6,1284.1,1.73,2069.6,2878.0,-1.33,12.0,365,True
2019,경기도,구리시,41310,108,14.93,-4.36,25.22,891.3,1.95,2062.6,2861.8,-2.16,12.0,365,True
2020,경기도,구리시,41310,108,14.93,-1.88,24.86,1651.1,2.36,1872.2,2684.3,-1.16,12.0,366,True
2021,경기도,구리시,41310,108,14.93,-4.48,25.63,1186.5,2.31,2045.2,2899.6,-1.12,12.0,365,True
2022,경기도,구리시,41310,108,14.93,-5.02,25.48,1775.3,2.37,2058.6,2907.0,-1.54,12.0,365,True
2023,경기도,구리시,41310,108,14.93,-4.8,25.78,1598.8,2.27,2196.9,3040.7,-0.76,12.0,365,True
2016,경기도,군포시,41410,119,10.99,-4.13,25.68,1023.4,1.78,2153.4,2980.2,-1.52,11.0,366,True
2017,경기도,군포시,41410,119,10.99,-4.78,24.81,1328.6,1.82,1957.6,2741.6,-2.17,12.0,365,True
2018,경기도,군포시,41410,119,10.99,-6.8,26.21,1293.1,1.83,2001.4,2812.2,-1.12,12.0,365,True
2019,경기도,군포시,41410,119,10.99,-5.28,24.95,915.8,1.78,1967.1,2746.2,-1.79,12.0,365,True
2020,경기도,군포시,41410,119,10.99,-2.55,24.55,1635.5,1.94,1790.7,2564.8,-2.09,12.0,366,True
2021,경기도,군포시,41410,119,10.99,-5.34,25.35,1084.4,1.91,1984.2,2802.3,-1.26,12.0,365,True
2022,경기도,군포시,41410,119,10.99,-5.77,25.25,1864.0,1.92,1971.2,2798.8,-1.62,12.0,365,True
2023,경기도,군포시,41410,119,10.99,-6.32,25.04,1409.4,1.87,2016.7,2842.5,-1.61,12.0,365,True
2016,경기도,김포시,41570,201,16.12,-6.16,23.99,1100.9,2.03,1763.4,2547.0,-1.52,11.0,366,True
2017,경기도,김포시,41570,201,16.12,-5.78,23.55,809.3,2.06,1643.4,2399.8,-2.27,12.0,365,True
2018,경기도,김포시,41570,201,16.12,-8.67,24.28,1072.3,2.01,1625.6,2383.1,-1.32,12.0,365,True
2019,경기도,김포시,41570,201,16.12,-6.58,23.6,1079.3,1.98,1670.5,2410.1,-1.86,12.0,365,True
2020,경기도,김포시,41570,201,16.12,-3.76,23.04,1436.9,2.0,1518.4,2257.0,-1.6,12.0,366,True
2021,경기도,김포시,41570,201,16.12,-6.34,23.82,1013.6,1.82,1711.2,2474.9,-1.79,12.0,365,True
2022,경기도,김포시,41570,201,16.12,-7.16,23.67,1561.8,1.87,1623.9,2389.8,-1.46,12.0,365,True
2023,경기도,김포시,41570,201,16.12,-7.2,23.62,1377.3,1.84,1725.4,2497.2,-0.83,12.0,365,True
2016,경기도,남양주시,41360,108,26.47,-4.34,25.97,991.7,2.28,2199.9,3030.6,-1.7,11.0,366,True
2017,경기도,남양주시,41360,108,26.47,-4.39,25.39,1233.2,2.21,2100.6,2899.3,-1.85,12.0,365,True
2018,경기도,남양주시,41360,108,26.47,-6.33,26.6,1284.1,1.73,2069.6,2878.0,-1.33,12.0,365,True
2019,경기도,남양주시,41360,108,26.47,-4.36,25.22,891.3,1.95,2062.6,2861.8,-2.16,12.0,365,True
2020,경기도,남양주시,41360,108,26.47,-1.88,24.86,1651.1,2.36,1872.2,2684.3,-1.16,12.0,366,True
2021,경기도,남양주시,41360,108,26.47,-4.48,25.63,1186.5,2.31,2045.2,2899.6,-1.12,12.0,365,True
2022,경기도,남양주시,41360,108,26.47,-5.02,25.48,1775.3,2.37,2058.6,2907.0,-1.54,12.0,365,True
2023,경기도,남양주시,41360,108,26.47,-4.8,25.78,1598.8,2.27,2196.9,3040.7,-0.76,12.0,365,True
2016,경기도,동두천시,41250,98,2.21,-6.59,24.77,1087.2,1.63,2028.0,2851.0,-1.3,11.0,366,True
2017,경기도,동두천시,41250,98,2.21,-6.27,24.29,989.7,1.66,1879.6,2663.6,-2.22,12.0,365,True
2018,경기도,동두천시,41250,98,2.21,-9.08,25.24,1500.0,1.59,1861.4,2647.6,-1.22,12.0,365,True
2019,경기도,동두천시,41250,98,2.21,-7.23,23.72,1028.1,1.37,1768.4,2519.0,-1.66,12.0,365,True
2020,경기도,동두천시,41250,98,2.21,-4.34,23.68,1641.9,1.44,1638.6,2398.8,-1.33,12.0,366,True
2021,경기도,동두천시,41250,98,2.21,-7.44,24.02,1035.6,1.29,1763.4,2560.4,-2.04,12.0,365,True
2022,경기도,동두천시,41250,98,2.21,-8.09,23.84,1922.6,1.22,1746.5,2540.8,-1.34,12.0,365,True
2023,경기도,동두천시,41250,98,2.21,-7.97,24.4,1412.7,1.12,1891.0,2702.4,-0.75,12.0,365,True
2016,경기도,부천시,41190,112,14.77,-2.78,24.9,864.3,3.09,2009.0,2822.9,-1.92,11.0,366,True
2017,경기도,부천시,41190,112,14.77,-2.8,24.34,1028.9,3.14,1863.5,2647.8,-1.99,12.0,365,True
2018,경기도,부천시,41190,112,14.77,-5.49,25.36,1134.4,3.05,1875.6,2678.8,-1.29,12.0,365,True
2019,경기도,부천시,41190,112,14.77,-3.3,24.4,919.5,2.93,1906.4,2692.3,-1.87,12.0,365,True
2020,경기도,부천시,41190,112,14.77,-1.03,23.63,1311.9,3.09,1691.7,2483.2,-1.77,12.0,366,True
2021,경기도,부천시,41190,112,14.77,-3.69,24.82,1071.8,2.88,1907.4,2726.2,-1.64,12.0,365,True
2022,경기도,부천시,41190,112,14.77,-4.14,24.37,1620.5,2.86,1838.6,2670.8,-1.76,12.0,365,True
2023,경기도,부천시,41190,112,14.77,-4.32,24.71,1331.4,2.6,2012.2,2827.2,-1.03,12.0,365,True
2016,경기도,성남시 분당구,41135,119,17.37,-4.13,25.68,1023.4,1.78,2153.4,2980.2,-1.52,11.0,366,True
2017,경기도,성남시 분당구,41135,119,17.37,-4.78,24.81,1328.6,1.82,1957.6,2741.6,-2.17,12.0,365,True
2018,경기도,성남시 분당구,41135,119,17.37,-6.8,26.21,1293.1,1.83,2001.4,2812.2,-1.12,12.0,365,True
2019,경기도,성남시 분당구,41135,119,17.37,-5.28,24.95,915.8,1.78,1967.1,2746.2,-1.79,12.0,365,True
2020,경기도,성남시 분당구,41135,119,17.37,-2.55,24.55,1635.5,1.94,1790.7,2564.8,-2.09,12.0,366,True
2021,경기도,성남시 분당구,41135,119,17.37,-5.34,25.35,1084.4,1.91,1984.2,2802.3,-1.26,12.0,365,True
2022,경기도,성남시 분당구,41135,119,17.37,-5.77,25.25,1864.0,1.92,1971.2,2798.8,-1.62,12.0,365,True
2023,경기도,성남시 분당구,41135,119,17.37,-6.32,25.04,1409.4,1.87,2016.7,2842.5,-1.61,12.0,365,True
2016,경기도,성남시 수정구,41131,108,19.47,-4.34,25.97,991.7,2.28,2199.9,3030.6,-1.7,11.0,366,True
2017,경기도,성남시 수정구,41131,108,19.47,-4.39,25.39,1233.2,2.21,2100.6,2899.3,-1.85,12.0,365,True
2018,경기도,성남시 수정구,41131,108,19.47,-6.33,26.6,1284.1,1.73,2069.6,2878.0,-1.33,12.0,365,True
2019,경기도,성남시 수정구,41131,108,19.47,-4.36,25.22,891.3,1.95,2062.6,2861.8,-2.16,12.0,365,True
2020,경기도,성남시 수정구,41131,108,19.47,-1.88,24.86,1651.1,2.36,1872.2,2684.3,-1.16,12.0,366,True
2021,경기도,성남시 수정구,41131,108,19.47,-4.48,25.63,1186.5,2.31,2045.2,2899.6,-1.12,12.0,365,True
2022,경기도,성남시 수정구,41131,108,19.47,-5.02,25.48,1775.3,2.37,2058.6,2907.0,-1.54,12.0,365,True
2023,경기도,성남시 수정구,41131,108,19.47,-4.8,25.78,1598.8,2.27,2196.9,3040.7,-0.76,12.0,365,True
2016,경기도,성남시 중원구,41133,108,23.25,-4.34,25.97,991.7,2.28,2199.9,3030.6,-1.7,11.0,366,True
2017,경기도,성남시 중원구,41133,108,23.25,-4.39,25.39,1233.2,2.21,2100.6,2899.3,-1.85,12.0,365,True
2018,경기도,성남시 중원구,41133,108,23.25,-6.33,26.6,1284.1,1.73,2069.6,2878.0,-1.33,12.0,365,True
2019,경기도,성남시 중원구,41133,108,23.25,-4.36,25.22,891.3,1.95,2062.6,2861.8,-2.16,12.0,365,True
2020,경기도,성남시 중원구,41133,108,23.25,-1.88,24.86,1651.1,2.36,1872.2,2684.3,-1.16,12.0,366,True
2021,경기도,성남시 중원구,41133,108,23.25,-4.48,25.63,1186.5,2.31,2045.2,2899.6,-1.12,12.0,365,True
2022,경기도,성남시 중원구,41133,108,23.25,-5.02,25.48,1775.3,2.37,2058.6,2907.0,-1.54,12.0,365,True
2023,경기도,성남시 중원구,41133,108,23.25,-4.8,25.78,1598.8,2.27,2196.9,3040.7,-0.76,12.0,365,True
2016,경기도,수원시 권선구,41113,119,0.49,-4.13,25.68,1023.4,1.78,2153.4,2980.2,-1.52,11.0,366,True
2017,경기도,수원시 권선구,41113,119,0.49,-4.78,24.81,1328.6,1.82,1957.6,2741.6,-2.17,12.0,365,True
2018,경기도,수원시 권선구,41113,119,0.49,-6.8,26.21,1293.1,1.83,2001.4,2812.2,-1.12,12.0,365,True
2019,경기도,수원시 권선구,41113,119,0.49,-5.28,24.95,915.8,1.78,1967.1,2746.2,-1.79,12.0,365,True
2020,경기도,수원시 권선구,41113,119,0.49,-2.55,24.55,1635.5,1.94,1790.7,2564.8,-2.09,12.0,366,True
2021,경기도,수원시 권선구,41113,119,0.49,-5.34,25.35,1084.4,1.91,1984.2,2802.3,-1.26,12.0,365,True
2022,경기도,수원시 권선구,41113,119,0.49,-5.77,25.25,1864.0,1.92,1971.2,2798.8,-1.62,12.0,365,True
2023,경기도,수원시 권선구,41113,119,0.49,-6.32,25.04,1409.4,1.87,2016.7,2842.5,-1.61,12.0,365,True
2016,경기도,수원시 영통구,41117,119,6.77,-4.13,25.68,1023.4,1.78,2153.4,2980.2,-1.52,11.0,366,True
2017,경기도,수원시 영통구,41117,119,6.77,-4.78,24.81,1328.6,1.82,1957.6,2741.6,-2.17,12.0,365,True
2018,경기도,수원시 영통구,41117,119,6.77,-6.8,26.21,1293.1,1.83,2001.4,2812.2,-1.12,12.0,365,True
2019,경기도,수원시 영통구,41117,119,6.77,-5.28,24.95,915.8,1.78,1967.1,2746.2,-1.79,12.0,365,True
2020,경기도,수원시 영통구,41117,119,6.77,-2.55,24.55,1635.5,1.94,1790.7,2564.8,-2.09,12.0,366,True
2021,경기도,수원시 영통구,41117,119,6.77,-5.34,25.35,1084.4,1.91,1984.2,2802.3,-1.26,12.0,365,True
2022,경기도,수원시 영통구,41117,119,6.77,-5.77,25.25,1864.0,1.92,1971.2,2798.8,-1.62,12.0,365,True
2023,경기도,수원시 영통구,41117,119,6.77,-6.32,25.04,1409.4,1.87,2016.7,2842.5,-1.61,12.0,365,True
2016,경기도,수원시 장안구,41111,119,6.51,-4.13,25.68,1023.4,1.78,2153.4,2980.2,-1.52,11.0,366,True
2017,경기도,수원시 장안구,41111,119,6.51,-4.78,24.81,1328.6,1.82,1957.6,2741.6,-2.17,12.0,365,True
2018,경기도,수원시 장안구,41111,119,6.51,-6.8,26.21,1293.1,1.83,2001.4,2812.2,-1.12,12.0,365,True
2019,경기도,수원시 장안구,41111,119,6.51,-5.28,24.95,915.8,1.78,1967.1,2746.2,-1.79,12.0,365,True
2020,경기도,수원시 장안구,41111,119,6.51,-2.55,24.55,1635.5,1.94,1790.7,2564.8,-2.09,12.0,366,True
2021,경기도,수원시 장안구,41111,119,6.51,-5.34,25.35,1084.4,1.91,1984.2,2802.3,-1.26,12.0,365,True
2022,경기도,수원시 장안구,41111,119,6.51,-5.77,25.25,1864.0,1.92,1971.2,2798.8,-1.62,12.0,365,True
2023,경기도,수원시 장안구,41111,119,6.51,-6.32,25.04,1409.4,1.87,2016.7,2842.5,-1.61,12.0,365,True
2016,경기도,수원시 팔달구,41115,119,3.71,-4.13,25.68,1023.4,1.78,2153.4,2980.2,-1.52,11.0,366,True
2017,경기도,수원시 팔달구,41115,119,3.71,-4.78,24.81,1328.6,1.82,1957.6,2741.6,-2.17,12.0,365,True
2018,경기도,수원시 팔달구,41115,119,3.71,-6.8,26.21,1293.1,1.83,2001.4,2812.2,-1.12,12.0,365,True
2019,경기도,수원시 팔달구,41115,119,3.71,-5.28,24.95,915.8,1.78,1967.1,2746.2,-1.79,12.0,365,True
2020,경기도,수원시 팔달구,41115,119,3.71,-2.55,24.55,1635.5,1.94,1790.7,2564.8,-2.09,12.0,366,True
2021,경기도,수원시 팔달구,41115,119,3.71,-5.34,25.35,1084.4,1.91,1984.2,2802.3,-1.26,12.0,365,True
2022,경기도,수원시 팔달구,41115,119,3.71,-5.77,25.25,1864.0,1.92,1971.2,2798.8,-1.62,12.0,365,True
2023,경기도,수원시 팔달구,41115,119,3.71,-6.32,25.04,1409.4,1.87,2016.7,2842.5,-1.61,12.0,365,True
2016,경기도,시흥시,41390,112,17.32,-2.78,24.9,864.3,3.09,2009.0,2822.9,-1.92,11.0,366,True
2017,경기도,시흥시,41390,112,17.32,-2.8,24.34,1028.9,3.14,1863.5,2647.8,-1.99,12.0,365,True
2018,경기도,시흥시,41390,112,17.32,-5.49,25.36,1134.4,3.05,1875.6,2678.8,-1.29,12.0,365,True
2019,경기도,시흥시,41390,112,17.32,-3.3,24.4,919.5,2.93,1906.4,2692.3,-1.87,12.0,365,True
2020,경기도,시흥시,41390,112,17.32,-1.03,23.63,1311.9,3.09,1691.7,2483.2,-1.77,12.0,366,True
2021,경기도,시흥시,41390,112,17.32,-3.69,24.82,1071.8,2.88,1907.4,2726.2,-1.64,12.0,365,True
2022,경기도,시흥시,41390,112,17.32,-4.14,24.37,1620.5,2.86,1838.6,2670.8,-1.76,12.0,365,True
2023,경기도,시흥시,41390,112,17.32,-4.32,24.71,1331.4,2.6,2012.2,2827.2,-1.03,12.0,365,True
2016,경기도,안산시 단원구,41273,112,22.67,-2.78,24.9,864.3,3.09,2009.0,2822.9,-1.92,11.0,366,True
2017,경기도,안산시 단원구,41273,112,22.67,-2.8,24.34,1028.9,3.14,1863.5,2647.8,-1.99,12.0,365,True
2018,경기도,안산시 단원구,41273,112,22.67,-5.49,25.36,1134.4,3.05,1875.6,2678.8,-1.29,12.0,365,True
2019,경기도,안산시 단원구,41273,112,22.67,-3.3,24.4,919.5,2.93,1906.4,2692.3,-1.87,12.0,365,True
2020,경기도,안산시 단원구,41273,112,22.67,-1.03,23.63,1311.9,3.09,1691.7,2483.2,-1.77,12.0,366,True
2021,경기도,안산시 단원구,41273,112,22.67,-3.69,24.82,1071.8,2.88,1907.4,2726.2,-1.64,12.0,365,True
2022,경기도,안산시 단원구,41273,112,22.67,-4.14,24.37,1620.5,2.86,1838.6,2670.8,-1.76,12.0,365,True
2023,경기도,안산시 단원구,41273,112,22.67,-4.32,24.71,1331.4,2.6,2012.2,2827.2,-1.03,12.0,365,True
2016,경기도,안산시 상록구,41271,119,11.87,-4.13,25.68,1023.4,1.78,2153.4,2980.2,-1.52,11.0,366,True
2017,경기도,안산시 상록구,41271,119,11.87,-4.78,24.81,1328.6,1.82,1957.6,2741.6,-2.17,12.0,365,True
2018,경기도,안산시 상록구,41271,119,11.87,-6.8,26.21,1293.1,1.83,2001.4,2812.2,-1.12,12.0,365,True
2019,경기도,안산시 상록구,41271,119,11.87,-5.28,24.95,915.8,1.78,1967.1,2746.2,-1.79,12.0,365,True
2020,경기도,안산시 상록구,41271,119,11.87,-2.55,24.55,1635.5,1.94,1790.7,2564.8,-2.09,12.0,366,True
2021,경기도,안산시 상록구,41271,119,11.87,-5.34,25.35,1084.4,1.91,1984.2,2802.3,-1.26,12.0,365,True
2022,경기도,안산시 상록구,41271,119,11.87,-5.77,25.25,1864.0,1.92,1971.2,2798.8,-1.62,12.0,365,True
2023,경기도,안산시 상록구,41271,119,11.87,-6.32,25.04,1409.4,1.87,2016.7,2842.5,-1.61,12.0,365,True
2016,경기도,안성시,41550,203,30.13,-6.26,25.18,870.2,1.34,1989.6,2795.8,-2.12,11.0,366,True
2017,경기도,안성시,41550,203,30.13,-6.57,24.0,1020.0,1.38,1778.4,2547.6,-2.14,12.0,365,True
2018,경기도,안성시,41550,203,30.13,-8.82,25.46,1425.5,1.42,1818.5,2579.6,-1.02,12.0,365,True
2019,경기도,안성시,41550,203,30.13,-7.5,24.35,997.5,1.3,1858.8,2605.5,-1.37,12.0,365,True
2020,경기도,안성시,41550,203,30.13,-3.67,24.29,1668.8,1.2,1717.8,2476.1,-2.02,12.0,366,True
2021,경기도,안성시,41550,203,30.13,-6.8,24.56,1076.6,1.1,1838.6,2629.6,-1.46,12.0,365,True
2022,경기도,안성시,41550,203,30.13,-7.32,24.69,1537.3,1.12,1849.9,2639.0,-1.64,12.0,365,True
2023,경기도,안성시,41550,203,30.13,-7.59,25.14,1633.4,1.02,1963.9,2785.8,-1.77,12.0,365,True
2016,경기도,안양시 동안구,41173,119,16.1,-4.13,25.68,1023.4,1.78,2153.4,2980.2,-1.52,11.0,366,True
2017,경기도,안양시 동안구,41173,119,16.1,-4.78,24.81,1328.6,1.82,1957.6,2741.6,-2.17,12.0,365,True
2018,경기도,안양시 동안구,41173,119,16.1,-6.8,26.21,1293.1,1.83,2001.4,2812.2,-1.12,12.0,365,True
2019,경기도,안양시 동안구,41173,119,16.1,-5.28,24.95,915.8,1.78,1967.1,2746.2,-1.79,12.0,365,True
2020,경기도,안양시 동안구,41173,119,16.1,-2.55,24.55,1635.5,1.94,1790.7,2564.8,-2.09,12.0,366,True
2021,경기도,안양시 동안구,41173,119,16.1,-5.34,25.35,1084.4,1.91,1984.2,2802.3,-1.26,12.0,365,True
2022,경기도,안양시 동안구,41173,119,16.1,-5.77,25.25,1864.0,1.92,1971.2,2798.8,-1.62,12.0,365,True
2023,경기도,안양시 동안구,41173,119,16.1,-6.32,25.04,1409.4,1.87,2016.7,2842.5,-1.61,12.0,365,True
2016,경기도,안양시 만안구,41171,119,17.48,-4.13,25.68,1023.4,1.78,2153.4,2980.2,-1.52,11.0,366,True
2017,경기도,안양시 만안구,41171,119,17.48,-4.78,24.81,1328.6,1.82,1957.6,2741.6,-2.17,12.0,365,True
2018,경기도,안양시 만안구,41171,119,17.48,-6.8,26.21,1293.1,1.83,2001.4,2812.2,-1.12,12.0,365,True
2019,경기도,안양시 만안구,41171,119,17.48,-5.28,24.95,915.8,1.78,1967.1,2746.2,-1.79,12.0,365,True
2020,경기도,안양시 만안구,41171,119,17.48,-2.55,24.55,1635.5,1.94,1790.7,2564.8,-2.09,12.0,366,True
2021,경기도,안양시 만안구,41171,119,17.48,-5.34,25.35,1084.4,1.91,1984.2,2802.3,-1.26,12.0,365,True
2022,경기도,안양시 만안구,41171,119,17.48,-5.77,25.25,1864.0,1.92,1971.2,2798.8,-1.62,12.0,365,True
2023,경기도,안양시 만안구,41171,119,17.48,-6.32,25.04,1409.4,1.87,2016.7,2842.5,-1.61,12.0,365,True
2016,경기도,양주시,41630,98,11.58,-6.59,24.77,1087.2,1.63,2028.0,2851.0,-1.3,11.0,366,True
2017,경기도,양주시,41630,98,11.58,-6.27,24.29,989.7,1.66,1879.6,2663.6,-2.22,12.0,365,True
2018,경기도,양주시,41630,98,11.58,-9.08,25.24,1500.0,1.59,1861.4,2647.6,-1.22,12.0,365,True
2019,경기도,양주시,41630,98,11.58,-7.23,23.72,1028.1,1.37,1768.4,2519.0,-1.66,12.0,365,True
2020,경기도,양주시,41630,98,11.58,-4.34,23.68,1641.9,1.44,1638.6,2398.8,-1.33,12.0,366,True
2021,경기도,양주시,41630,98,11.58,-7.44,24.02,1035.6,1.29,1763.4,2560.4,-2.04,12.0,365,True
2022,경기도,양주시,41630,98,11.58,-8.09,23.84,1922.6,1.22,1746.5,2540.8,-1.34,12.0,365,True
2023,경기도,양주시,41630,98,11.58,-7.97,24.4,1412.7,1.12,1891.0,2702.4,-0.75,12.0,365,True
2016,경기도,양평군,41830,202,8.16,-5.89,25.33,935.9,1.46,2051.0,2863.0,-1.63,11.0,366,True
2017,경기도,양평군,41830,202,8.16,-6.11,24.63,1188.4,1.57,1886.4,2662.2,-1.88,12.0,365,True
2018,경기도,양평군,41830,202,8.16,-8.26,26.06,1355.4,1.52,1917.8,2698.1,-1.02,12.0,365,True
2019,경기도,양평군,41830,202,8.16,-6.74,24.82,1038.6,1.43,1913.2,2679.4,-1.65,12.0,365,True
2020,경기도,양평군,41830,202,8.16,-3.1,24.17,1366.4,1.33,1703.1,2464.6,-1.93,12.0,366,True
2021,경기도,양평군,41830,202,8.16,-6.15,24.33,1018.9,1.28,1820.8,2633.1,-1.49,12.0,365,True
2022,경기도,양평군,41830,202,8.16,-6.47,24.4,2143.4,1.25,1825.0,2628.5,-1.61,12.0,365,True
2023,경기도,양평군,41830,202,8.16,-6.7,24.94,1538.4,1.18,1959.0,2785.8,-1.1,12.0,365,True
2016,경기도,여주시,41670,203,12.39,-6.26,25.18,870.2,1.34,1989.6,2795.8,-2.12,11.0,366,True
2017,경기도,여주시,41670,203,12.39,-6.57,24.0,1020.0,1.38,1778.4,2547.6,-2.14,12.0,365,True
2018,경기도,여주시,41670,203,12.39,-8.82,25.46,1425.5,1.42,1818.5,2579.6,-1.02,12.0,365,True
2019,경기도,여주시,41670,203,12.39,-7.5,24.35,997.5,1.3,1858.8,2605.5,-1.37,12.0,365,True
2020,경기도,여주시,41670,203,12.39,-3.67,24.29,1668.8,1.2,1717.8,2476.1,-2.02,12.0,366,True
2021,경기도,여주시,41670,203,12.39,-6.8,24.56,1076.6,1.1,1838.6,2629.6,-1.46,12.0,365,True
2022,경기도,여주시,41670,203,12.39,-7.32,24.69,1537.3,1.12,1849.9,2639.0,-1.64,12.0,365,True
2023,경기도,여주시,41670,203,12.39,-7.59,25.14,1633.4,1.02,1963.9,2785.8,-1.77,12.0,365,True
2016,경기도,연천군,41800,98,21.94,-6.59,24.77,1087.2,1.63,2028.0,2851.0,-1.3,11.0,366,True
2017,경기도,연천군,41800,98,21.94,-6.27,24.29,989.7,1.66,1879.6,2663.6,-2.22,12.0,365,True
2018,경기도,연천군,41800,98,21.94,-9.08,25.24,1500.0,1.59,1861.4,2647.6,-1.22,12.0,365,True
2019,경기도,연천군,41800,98,21.94,-7.23,23.72,1028.1,1.37,1768.4,2519.0,-1.66,12.0,365,True
2020,경기도,연천군,41800,98,21.94,-4.34,23.68,1641.9,1.44,1638.6,2398.8,-1.33,12.0,366,True
2021,경기도,연천군,41800,98,21.94,-7.44,24.02,1035.6,1.29,1763.4,2560.4,-2.04,12.0,365,True
2022,경기도,연천군,41800,98,21.94,-8.09,23.84,1922.6,1.22,1746.5,2540.8,-1.34,12.0,365,True
2023,경기도,연천군,41800,98,21.94,-7.97,24.4,1412.7,1.12,1891.0,2702.4,-0.75,12.0,365,True
2016,경기도,오산시,41370,119,12.13,-4.13,25.68,1023.4,1.78,2153.4,2980.2,-1.52,11.0,366,True
2017,경기도,오산시,41370,119,12.13,-4.78,24.81,1328.6,1.82,1957.6,2741.6,-2.17,12.0,365,True
2018,경기도,오산시,41370,119,12.13,-6.8,26.21,1293.1,1.83,2001.4,2812.2,-1.12,12.0,365,True
2019,경기도,오산시,41370,119,12.13,-5.28,24.95,915.8,1.78,1967.1,2746.2,-1.79,12.0,365,True
2020,경기도,오산시,41370,119,12.13,-2.55,24.55,1635.5,1.94,1790.7,2564.8,-2.09,12.0,366,True
2021,경기도,오산시,41370,119,12.13,-5.34,25.35,1084.4,1.91,1984.2,2802.3,-1.26,12.0,365,True
2022,경기도,오산시,41370,119,12.13,-5.77,25.25,1864.0,1.92,1971.2,2798.8,-1.62,12.0,365,True
2023,경기도,오산시,41370,119,12.13,-6.32,25.04,1409.4,1.87,2016.7,2842.5,-1.61,12.0,365,True
2016,경기도,용인시 기흥구,41463,119,12.31,-4.13,25.68,1023.4,1.78,2153.4,2980.2,-1.52,11.0,366,True
2017,경기도,용인시 기흥구,41463,119,12.31,-4.78,24.81,1328.6,1.82,1957.6,2741.6,-2.17,12.0,365,True
2018,경기도,용인시 기흥구,41463,119,12.31,-6.8,26.21,1293.1,1.83,2001.4,2812.2,-1.12,12.0,365,True
2019,경기도,용인시 기흥구,41463,119,12.31,-5.28,24.95,915.8,1.78,1967.1,2746.2,-1.79,12.0,365,True
2020,경기도,용인시 기흥구,41463,119,12.31,-2.55,24.55,1635.5,1.94,1790.7,2564.8,-2.09,12.0,366,True
2021,경기도,용인시 기흥구,41463,119,12.31,-5.34,25.35,1084.4,1.91,1984.2,2802.3,-1.26,12.0,365,True
2022,경기도,용인시 기흥구,41463,119,12.31,-5.77,25.25,1864.0,1.92,1971.2,2798.8,-1.62,12.0,365,True
2023,경기도,용인시 기흥구,41463,119,12.31,-6.32,25.04,1409.4,1.87,2016.7,2842.5,-1.61,12.0,365,True
2016,경기도,용인시 수지구,41465,119,11.52,-4.13,25.68,1023.4,1.78,2153.4,2980.2,-1.52,11.0,366,True
2017,경기도,용인시 수지구,41465,119,11.52,-4.78,24.81,1328.6,1.82,1957.6,2741.6,-2.17,12.0,365,True
2018,경기도,용인시 수지구,41465,119,11.52,-6.8,26.21,1293.1,1.83,2001.4,2812.2,-1.12,12.0,365,True
2019,경기도,용인시 수지구,41465,119,11.52,-5.28,24.95,915.8,1.78,1967.1,2746.2,-1.79,12.0,365,True
2020,경기도,용인시 수지구,41465,119,11.52,-2.55,24.55,1635.5,1.94,1790.7,2564.8,-2.09,12.0,366,True
2021,경기도,용인시 수지구,41465,119,11.52,-5.34,25.35,1084.4,1.91,1984.2,2802.3,-1.26,12.0,365,True
2022,경기도,용인시 수지구,41465,119,11.52,-5.77,25.25,1864.0,1.92,1971.2,2798.8,-1.62,12.0,365,True
2023,경기도,용인시 수지구,41465,119,11.52,-6.32,25.04,1409.4,1.87,2016.7,2842.5,-1.61,12.0,365,True
2016,경기도,용인시 처인구,41461,203,21.55,-6.26,25.18,870.2,1.34,1989.6,2795.8,-2.12,11.0,366,True
2017,경기도,용인시 처인구,41461,203,21.55,-6.57,24.0,1020.0,1.38,1778.4,2547.6,-2.14,12.0,365,True
2018,경기도,용인시 처인구,41461,203,21.55,-8.82,25.46,1425.5,1.42,1818.5,2579.6,-1.02,12.0,365,True
2019,경기도,용인시 처인구,41461,203,21.55,-7.5,24.35,997.5,1.3,1858.8,2605.5,-1.37,12.0,365,True
2020,경기도,용인시 처인구,41461,203,21.55,-3.67,24.29,1668.8,1.2,1717.8,2476.1,-2.02,12.0,366,True
2021,경기도,용인시 처인구,41461,203,21.55,-6.8,24.56,1076.6,1.1,1838.6,2629.6,-1.46,12.0,365,True
2022,경기도,용인시 처인구,41461,203,21.55,-7.32,24.69,1537.3,1.12,1849.9,2639.0,-1.64,12.0,365,True
2023,경기도,용인시 처인구,41461,203,21.55,-7.59,25.14,1633.4,1.02,1963.9,2785.8,-1.77,12.0,365,True
2016,경기도,의왕시,41430,119,11.71,-4.13,25.68,1023.4,1.78,2153.4,2980.2,-1.52,11.0,366,True
2017,경기도,의왕시,41430,119,11.71,-4.78,24.81,1328.6,1.82,1957.6,2741.6,-2.17,12.0,365,True
2018,경기도,의왕시,41430,119,11.71,-6.8,26.21,1293.1,1.83,2001.4,2812.2,-1.12,12.0,365,True
2019,경기도,의왕시,41430,119,11.71,-5.28,24.95,915.8,1.78,1967.1,2746.2,-1.79,12.0,365,True
2020,경기도,의왕시,41430,119,11.71,-2.55,24.55,1635.5,1.94,1790.7,2564.8,-2.09,12.0,366,True
2021,경기도,의왕시,41430,119,11.71,-5.34,25.35,1084.4,1.91,1984.2,2802.3,-1.26,12.0,365,True
2022,경기도,의왕시,41430,119,11.71,-5.77,25.25,1864.0,1.92,1971.2,2798.8,-1.62,12.0,365,True
2023,경기도,의왕시,41430,119,11.71,-6.32,25.04,1409.4,1.87,2016.7,2842.5,-1.61,12.0,365,True
2016,경기도,의정부시,41150,98,18.43,-6.59,24.77,1087.2,1.63,2028.0,2851.0,-1.3,11.0,366,True
2017,경기도,의정부시,41150,98,18.43,-6.27,24.29,989.7,1.66,1879.6,2663.6,-2.22,12.0,365,True
2018,경기도,의정부시,41150,98,18.43,-9.08,25.24,1500.0,1.59,1861.4,2647.6,-1.22,12.0,365,True
2019,경기도,의정부시,41150,98,18.43,-7.23,23.72,1028.1,1.37,1768.4,2519.0,-1.66,12.0,365,True
2020,경기도,의정부시,41150,98,18.43,-4.34,23.68,1641.9,1.44,1638.6,2398.8,-1.33,12.0,366,True
2021,경기도,의정부시,41150,98,18.43,-7.44,24.02,1035.6,1.29,1763.4,2560.4,-2.04,12.0,365,True
2022,경기도,의정부시,41150,98,18.43,-8.09,23.84,1922.6,1.22,1746.5,2540.8,-1.34,12.0,365,True
2023,경기도,의정부시,41150,98,18.43,-7.97,24.4,1412.7,1.12,1891.0,2702.4,-0.75,12.0,365,True
2016,경기도,이천시,41500,203,6.01,-6.26,25.18,870.2,1.34,1989.6,2795.8,-2.12,11.0,366,True
2017,경기도,이천시,41500,203,6.01,-6.57,24.0,1020.0,1.38,1778.4,2547.6,-2.14,12.0,365,True
2018,경기도,이천시,41500,203,6.01,-8.82,25.46,1425.5,1.42,1818.5,2579.6,-1.02,12.0,365,True
2019,경기도,이천시,41500,203,6.01,-7.5,24.35,997.5,1.3,1858.8,2605.5,-1.37,12.0,365,True
2020,경기도,이천시,41500,203,6.01,-3.67,24.29,1668.8,1.2,1717.8,2476.1,-2.02,12.0,366,True
2021,경기도,이천시,41500,203,6.01,-6.8,24.56,1076.6,1.1,1838.6,2629.6,-1.46,12.0,365,True
2022,경기도,이천시,41500,203,6.01,-7.32,24.69,1537.3,1.12,1849.9,2639.0,-1.64,12.0,365,True
2023,경기도,이천시,41500,203,6.01,-7.59,25.14,1633.4,1.02,1963.9,2785.8,-1.77,12.0,365,True
2016,경기도,파주시,41480,99,5.05,-7.92,23.98,1163.9,1.55,1832.4,2623.2,-1.02,11.0,366,True
2017,경기도,파주시,41480,99,5.05,-8.18,23.32,947.8,1.43,1644.0,2382.3,-2.27,12.0,365,True
2018,경기도,파주시,41480,99,5.05,-11.46,24.29,1009.5,1.49,1659.2,2390.8,-1.73,12.0,365,True
2019,경기도,파주시,41480,99,5.05,-9.37,23.41,1022.4,1.31,1654.3,2372.6,-1.63,12.0,365,True
2020,경기도,파주시,41480,99,5.05,-5.32,23.29,1612.3,1.4,1553.0,2253.0,-1.25,12.0,366,True
2021,경기도,파주시,41480,99,5.05,-8.97,23.79,1037.9,1.39,1709.0,2458.8,-1.56,12.0,365,True
2022,경기도,파주시,41480,99,5.05,-10.23,23.58,1730.5,1.26,1623.8,2368.8,-1.52,12.0,365,True
2023,경기도,파주시,41480,99,5.05,-9.55,23.98,1438.0,1.29,1786.3,2557.2,-0.78,12.0,365,True
2016,경기도,평택시,41220,119,26.92,-4.13,25.68,1023.4,1.78,2153.4,2980.2,-1.52,11.0,366,True
2017,경기도,평택시,41220,119,26.92,-4.78,24.81,1328.6,1.82,1957.6,2741.6,-2.17,12.0,365,True
2018,경기도,평택시,41220,119,26.92,-6.8,26.21,1293.1,1.83,2001.4,2812.2,-1.12,12.0,365,True
2019,경기도,평택시,41220,119,26.92,-5.28,24.95,915.8,1.78,1967.1,2746.2,-1.79,12.0,365,True
2020,경기도,평택시,41220,119,26.92,-2.55,24.55,1635.5,1.94,1790.7,2564.8,-2.09,12.0,366,True
2021,경기도,평택시,41220,119,26.92,-5.34,25.35,1084.4,1.91,1984.2,2802.3,-1.26,12.0,365,True
2022,경기도,평택시,41220,119,26.92,-5.77,25.25,1864.0,1.92,1971.2,2798.8,-1.62,12.0,365,True
2023,경기도,평택시,41220,119,26.92,-6.32,25.04,1409.4,1.87,2016.7,2842.5,-1.61,12.0,365,True
2016,경기도,포천시,41650,98,18.27,-6.59,24.77,1087.2,1.63,2028.0,2851.0,-1.3,11.0,366,True
2017,경기도,포천시,41650,98,18.27,-6.27,24.29,989.7,1.66,1879.6,2663.6,-2.22,12.0,365,True
2018,경기도,포천시,41650,98,18.27,-9.08,25.24,1500.0,1.59,1861.4,2647.6,-1.22,12.0,365,True
2019,경기도,포천시,41650,98,18.27,-7.23,23.72,1028.1,1.37,1768.4,2519.0,-1.66,12.0,365,True
2020,경기도,포천시,41650,98,18.27,-4.34,23.68,1641.9,1.44,1638.6,2398.8,-1.33,12.0,366,True
2021,경기도,포천시,41650,98,18.27,-7.44,24.02,1035.6,1.29,1763.4,2560.4,-2.04,12.0,365,True
2022,경기도,포천시,41650,98,18.27,-8.09,23.84,1922.6,1.22,1746.5,2540.8,-1.34,12.0,365,True
2023,경기도,포천시,41650,98,18.27,-7.97,24.4,1412.7,1.12,1891.0,2702.4,-0.75,12.0,365,True
2016,경기도,하남시,41450,108,21.84,-4.34,25.97,991.7,2.28,2199.9,3030.6,-1.7,11.0,366,True
2017,경기도,하남시,41450,108,21.84,-4.39,25.39,1233.2,2.21,2100.6,2899.3,-1.85,12.0,365,True
2018,경기도,하남시,41450,108,21.84,-6.33,26.6,1284.1,1.73,2069.6,2878.0,-1.33,12.0,365,True
2019,경기도,하남시,41450,108,21.84,-4.36,25.22,891.3,1.95,2062.6,2861.8,-2.16,12.0,365,True
2020,경기도,하남시,41450,108,21.84,-1.88,24.86,1651.1,2.36,1872.2,2684.3,-1.16,12.0,366,True
2021,경기도,하남시,41450,108,21.84,-4.48,25.63,1186.5,2.31,2045.2,2899.6,-1.12,12.0,365,True
2022,경기도,하남시,41450,108,21.84,-5.02,25.48,1775.3,2.37,2058.6,2907.0,-1.54,12.0,365,True
2023,경기도,하남시,41450,108,21.84,-4.8,25.78,1598.8,2.27,2196.9,3040.7,-0.76,12.0,365,True
2016,경기도,화성시,41590,119,14.23,-4.13,25.68,1023.4,1.78,2153.4,2980.2,-1.52,11.0,366,True
2017,경기도,화성시,41590,119,14.23,-4.78,24.81,1328.6,1.82,1957.6,2741.6,-2.17,12.0,365,True
2018,경기도,화성시,41590,119,14.23,-6.8,26.21,1293.1,1.83,2001.4,2812.2,-1.12,12.0,365,True
2019,경기도,화성시,41590,119,14.23,-5.28,24.95,915.8,1.78,1967.1,2746.2,-1.79,12.0,365,True
2020,경기도,화성시,41590,119,14.23,-2.55,24.55,1635.5,1.94,1790.7,2564.8,-2.09,12.0,366,True
2021,경기도,화성시,41590,119,14.23,-5.34,25.35,1084.4,1.91,1984.2,2802.3,-1.26,12.0,365,True
2022,경기도,화성시,41590,119,14.23,-5.77,25.25,1864.0,1.92,1971.2,2798.8,-1.62,12.0,365,True
2023,경기도,화성시,41590,119,14.23,-6.32,25.04,1409.4,1.87,2016.7,2842.5,-1.61,12.0,365,True
2016,경상남도,거제시,48310,294,2.66,1.01,25.42,2262.6,1.81,2238.6,3166.8,-1.29,11.0,366,True
2017,경상남도,거제시,48310,294,2.66,0.68,25.52,1411.1,1.84,2207.4,3075.7,-1.83,12.0,365,True
2018,경상남도,거제시,48310,294,2.66,-1.49,25.92,2507.6,1.78,2165.4,3075.5,-1.79,12.0,365,True
2019,경상남도,거제시,48310,294,2.66,0.79,24.66,2268.7,1.68,2168.4,3084.8,-0.67,12.0,365,True
2020,경상남도,거제시,48310,294,2.66,2.13,23.97,2481.8,1.59,1878.2,2779.8,-1.25,12.0,366,True
2021,경상남도,거제시,48310,294,2.66,0.19,24.56,2227.9,1.52,2030.1,2973.8,-1.24,12.0,365,True
2022,경상남도,거제시,48310,294,2.66,-0.36,24.62,1294.0,1.5,2047.8,2966.0,-2.41,12.0,365,True
2023,경상남도,거제시,48310,294,2.66,-0.29,24.87,2585.5,1.39,2099.8,3031.0,-0.72,12.0,365,True
2016,경상남도,거창군,48880,284,7.29,-4.45,23.96,1229.8,1.26,1810.3,2628.2,-0.75,11.0,366,True
2017,경상남도,거창군,48880,284,7.29,-5.72,24.05,782.8,1.39,1743.9,2520.8,-1.59,12.0,365,True
2018,경상남도,거창군,48880,284,7.29,-7.53,24.75,1215.6,1.31,1743.8,2523.8,-1.01,12.0,365,True
2019,경상남도,거창군,48880,284,7.29,-5.6,23.29,1232.4,1.29,1709.8,2493.4,-0.65,12.0,365,True
2020,경상남도,거창군,48880,284,7.29,-3.51,23.57,1726.7,1.38,1618.7,2379.0,-2.21,12.0,366,True
2021,경상남도,거창군,48880,284,7.29,-5.86,23.64,1080.2,1.39,1731.4,2514.2,-1.12,12.0,365,True
2022,경상남도,거창군,48880,284,7.29,-6.56,24.4,638.8,1.38,1783.8,2587.8,-2.31,12.0,365,True
2023,경상남도,거창군,48880,284,7.29,-6.69,24.27,1625.4,1.26,1815.6,2639.0,-1.24,12.0,365,True
2016,경상남도,고성군,48820,162,23.11,1.27,24.8,1993.7,2.39,2163.4,3088.9,-1.3,11.0,366,True
2017,경상남도,고성군,48820,162,23.11,0.78,24.64,1249.4,2.42,2099.3,2973.7,-1.99,12.0,365,True
2018,경상남도,고성군,48820,162,23.11,-1.26,25.2,2118.7,2.41,2075.9,2992.6,-1.78,12.0,365,True
2019,경상남도,고성군,48820,162,23.11,0.89,24.01,1684.6,2.31,2063.6,2982.8,-0.91,12.0,365,True
2020,경상남도,고성군,48820,162,23.11,2.46,23.86,2137.7,2.46,1949.0,2868.4,-1.05,12.0,366,True
2021,경상남도,고성군,48820,162,23.11,0.41,25.05,1800.1,2.43,2184.0,3165.8,-1.25,12.0,365,True
2022,경상남도,고성군,48820,162,23.11,-0.1,24.75,987.8,2.42,2161.6,3095.6,-2.43,12.0,365,True
2023,경상남도,고성군,48820,162,23.11,0.05,24.77,2134.3,2.51,2179.6,3127.2,-0.94,12.0,363,True
2016,경상남도,김해시,48250,253,6.27,0.7,25.71,1634.0,2.08,2312.1,3233.9,-0.89,11.0,366,True
2017,경상남도,김해시,48250,253,6.27,-0.41,25.11,755.8,2.18,2168.2,3025.5,-1.98,12.0,365,True
2018,경상남도,김해시,48250,253,6.27,-2.98,26.08,1469.7,2.13,2242.2,3156.0,-1.61,12.0,365,True
2019,경상남도,김해시,48250,253,6.27,-0.3,24.87,1494.0,2.08,2252.4,3179.5,-0.76,12.0,365,True
2020,경상남도,김해시,48250,253,6.27,1.46,24.59,1702.5,1.93,2028.3,2925.2,-1.61,12.0,366,True
2021,경상남도,김해시,48250,253,6.27,-1.36,25.01,1552.6,1.73,2177.6,3122.9,-1.11,12.0,365,True
2022,경상남도,김해시,48250,253,6.27,-1.83,25.31,874.0,1.72,2234.6,3160.6,-2.26,12.0,365,True
2023,경상남도,김해시,48250,253,6.27,-1.61,25.57,1879.6,1.6,2307.2,3254.0,-0.62,12.0,365,True
2016,경상남도,남해군,48840,295,1.37,0.29,25.39,2400.8,1.27,2202.9,3110.2,-1.62,11.0,366,True
2017,경상남도,남해군,48840,295,1.37,-0.59,25.6,1157.8,1.33,2217.7,3066.4,-1.86,12.0,365,True
2018,경상남도,남해군,48840,295,1.37,-2.48,25.84,2203.6,1.29,2119.6,3004.2,-1.46,12.0,365,True
2019,경상남도,남해군,48840,295,1.37,-0.41,24.65,2171.7,1.28,2128.0,3022.4,-0.73,12.0,365,True
2020,경상남도,남해군,48840,295,1.37,1.18,24.18,2258.0,1.39,1901.5,2791.6,-1.27,12.0,366,True
2021,경상남도,남해군,48840,295,1.37,-0.79,24.79,1981.4,1.5,2075.8,3011.6,-1.3,12.0,365,True
2022,경상남도,남해군,48840,295,1.37,-1.32,25.0,1338.2,1.5,2088.4,2997.2,-2.42,12.0,365,True
2023,경상남도,남해군,48840,295,1.37,-1.15,25.03,2699.2,1.44,2163.5,3092.1,-0.86,12.0,365,True
2016,경상남도,밀양시,48270,288,4.2,-2.57,25.95,1568.2,1.04,2212.6,3081.2,-0.9,11.0,366,True
2017,경상남도,밀양시,48270,288,4.2,-3.55,26.16,558.1,1.1,2191.0,3003.4,-2.17,12.0,365,True
2018,경상남도,밀양시,48270,288,4.2,-6.09,26.21,1337.0,1.09,2078.6,2915.4,-1.59,12.0,365,True
2019,경상남도,밀양시,48270,288,4.2,-3.65,24.87,1181.1,1.04,2030.0,2872.2,-0.74,12.0,365,True
2020,경상남도,밀양시,48270,288,4.2,-1.63,24.95,1398.8,1.06,1918.9,2762.5,-1.22,12.0,366,True
2021,경상남도,밀양시,48270,288,4.2,-4.04,25.4,1202.5,1.04,2123.4,2996.8,-0.94,12.0,365,True
2022,경상남도,밀양시,48270,288,4.2,-4.19,25.97,843.2,1.13,2195.0,3080.8,-2.23,12.0,365,True
2023,경상남도,밀양시,48270,288,4.2,-3.95,26.02,1874.0,0.98,2236.6,3138.4,-0.95,12.0,365,True
2016,경상남도,사천시,48240,192,12.66,-3.51,24.77,1734.6,1.11,1973.9,2821.7,-1.29,11.0,366,True
2017,경상남도,사천시,48240,192,12.66,-4.03,25.03,766.7,1.19,1970.4,2768.0,-1.99,12.0,365,True
2018,경상남도,사천시,48240,192,12.66,-6.07,25.19,1605.4,1.13,1883.3,2708.8,-1.24,12.0,365,True
2019,경상남도,사천시,48240,192,12.66,-3.65,24.3,1481.6,0.97,1914.2,2750.7,-0.93,12.0,365,True
2020,경상남도,사천시,48240,192,12.66,-2.21,24.37,1812.7,0.94,1821.2,2633.5,-1.8,12.0,366,True
2021,경상남도,사천시,48240,192,12.66,-4.09,24.8,1395.0,0.99,1964.1,2822.3,-1.27,12.0,365,True
2022,경상남도,사천시,48240,192,12.66,-5.07,25.19,966.2,0.96,1996.4,2849.3,-2.3,12.0,365,True
2023,경상남도,사천시,48240,192,12.66,-4.73,25.2,2304.8,0.9,2069.0,2941.1,-0.71,12.0,365,True
2016,경상남도,산청군,48860,289,4.96,-2.07,24.7,1530.0,1.72,1987.4,2829.6,-1.18,11.0,366,True
2017,경상남도,산청군,48860,289,4.96,-3.11,24.71,770.8,1.7,1938.4,2735.2,-1.71,12.0,365,True
2018,경상남도,산청군,48860,289,4.96,-5.32,25.26,1601.5,1.66,1884.0,2704.0,-1.43,12.0,365,True
2019,경상남도,산청군,48860,289,4.96,-2.96,24.03,1769.9,1.62,1916.1,2743.4,-0.68,12.0,365,True
2020,경상남도,산청군,48860,289,4.96,-1.87,24.13,2136.8,1.82,1753.9,2553.6,-1.71,12.0,366,True
2021,경상남도,산청군,48860,289,4.96,-3.98,24.36,1142.8,1.69,1890.3,2723.8,-0.99,12.0,365,True
2022,경상남도,산청군,48860,289,4.96,-4.32,24.79,971.4,1.73,1920.0,2758.8,-2.19,12.0,365,True
2023,경상남도,산청군,48860,289,4.96,-4.6,24.97,1938.2,1.57,2002.9,2858.8,-0.87,12.0,365,True
2016,경상남도,양산시,48330,257,10.67,-0.53,25.69,1978.8,2.25,2263.4,3166.8,-0.41,11.0,366,True
2017,경상남도,양산시,48330,257,10.67,-0.78,26.07,720.2,2.33,2297.6,3153.1,-2.01,12.0,365,True
2018,경상남도,양산시,48330,257,10.67,-3.27,26.32,1589.2,2.31,2221.2,3105.6,-1.98,12.0,365,True
2019,경상남도,양산시,48330,257,10.67,-0.62,25.0,1536.1,2.12,2211.2,3116.1,-0.48,12.0,365,True
2020,경상남도,양산시,48330,257,10.67,0.88,24.98,1892.5,2.22,2070.6,2977.5,-1.4,12.0,366,True
2021,경상남도,양산시,48330,257,10.67,-1.31,25.52,1708.2,2.19,2238.8,3174.4,-1.13,12.0,365,True
2022,경상남도,양산시,48330,257,10.67,-1.81,25.97,932.5,2.15,2323.7,3248.1,-2.25,12.0,365,True
2023,경상남도,양산시,48330,257,10.67,-1.31,26.29,2172.0,1.97,2412.5,3363.4,-0.63,12.0,365,True
2016,경상남도,의령군,48720,263,7.84,-3.81,24.2,1474.0,1.12,1849.7,2696.5,-1.56,11.0,366,True
2017,경상남도,의령군,48720,263,7.84,-4.42,25.35,876.8,1.25,2055.9,2860.3,-1.32,12.0,365,True
2018,경상남도,의령군,48720,263,7.84,-6.63,25.81,1561.6,1.15,1980.4,2814.3,-1.24,12.0,365,True
2019,경상남도,의령군,48720,263,7.84,-4.09,24.63,1272.8,1.2,1978.8,2818.3,-0.93,12.0,365,True
2020,경상남도,의령군,48720,263,7.84,-1.91,25.0,1747.5,1.44,1918.0,2750.0,-1.66,12.0,366,True
2021,경상남도,의령군,48720,263,7.84,-4.57,25.46,1205.5,1.74,2084.0,2952.4,-1.31,12.0,365,True
2022,경상남도,의령군,48720,263,7.84,-5.99,25.74,784.2,1.78,2085.4,2945.8,-2.3,12.0,365,True
2023,경상남도,의령군,48720,263,7.84,-5.55,25.97,1939.9,1.6,2149.2,3009.6,-1.15,12.0,365,True
2016,경상남도,진주시,48170,192,9.34,-3.51,24.77,1734.6,1.11,1973.9,2821.7,-1.29,11.0,366,True
2017,경상남도,진주시,48170,192,9.34,-4.03,25.03,766.7,1.19,1970.4,2768.0,-1.99,12.0,365,True
2018,경상남도,진주시,48170,192,9.34,-6.07,25.19,1605.4,1.13,1883.3,2708.8,-1.24,12.0,365,True
2019,경상남도,진주시,48170,192,9.34,-3.65,24.3,1481.6,0.97,1914.2,2750.7,-0.93,12.0,365,True
2020,경상남도,진주시,48170,192,9.34,-2.21,24.37,1812.7,0.94,1821.2,2633.5,-1.8,12.0,366,True
2021,경상남도,진주시,48170,192,9.34,-4.09,24.8,1395.0,0.99,1964.1,2822.3,-1.27,12.0,365,True
2022,경상남도,진주시,48170,192,9.34,-5.07,25.19,966.2,0.96,1996.4,2849.3,-2.3,12.0,365,True
2023,경상남도,진주시,48170,192,9.34,-4.73,25.2,2304.8,0.9,2069.0,2941.1,-0.71,12.0,365,True
2016,경상남도,창녕군,48740,288,22.8,-2.57,25.95,1568.2,1.04,2212.6,3081.2,-0.9,11.0,366,True
2017,경상남도,창녕군,48740,288,22.8,-3.55,26.16,558.1,1.1,2191.0,3003.4,-2.17,12.0,365,True
2018,경상남도,창녕군,48740,288,22.8,-6.09,26.21,1337.0,1.09,2078.6,2915.4,-1.59,12.0,365,True
2019,경상남도,창녕군,48740,288,22.8,-3.65,24.87,1181.1,1.04,2030.0,2872.2,-0.74,12.0,365,True
2020,경상남도,창녕군,48740,288,22.8,-1.63,24.95,1398.8,1.06,1918.9,2762.5,-1.22,12.0,366,True
2021,경상남도,창녕군,48740,288,22.8,-4.04,25.4,1202.5,1.04,2123.4,2996.8,-0.94,12.0,365,True
2022,경상남도,창녕군,48740,288,22.8,-4.19,25.97,843.2,1.13,2195.0,3080.8,-2.23,12.0,365,True
2023,경상남도,창녕군,48740,288,22.8,-3.95,26.02,1874.0,0.98,2236.6,3138.4,-0.95,12.0,365,True
2016,경상남도,창원시 마산합포구,48125,155,4.37,-0.59,25.4,1893.0,1.6,2195.2,3085.0,-1.36,11.0,366,True
2017,경상남도,창원시 마산합포구,48125,155,4.37,-0.41,25.55,879.3,1.65,2227.8,3087.7,-2.13,12.0,365,True
2018,경상남도,창원시 마산합포구,48125,155,4.37,-2.82,25.46,1507.3,1.65,2061.8,2939.2,-1.51,12.0,365,True
2019,경상남도,창원시 마산합포구,48125,155,4.37,-0.85,24.08,1587.0,1.58,2020.3,2899.3,-0.98,12.0,365,True
2020,경상남도,창원시 마산합포구,48125,155,4.37,0.95,24.24,1672.8,1.6,1926.4,2799.3,-1.51,12.0,366,True
2021,경상남도,창원시 마산합포구,48125,155,4.37,-1.35,24.89,1710.6,1.43,2105.5,3026.6,-1.23,12.0,365,True
2022,경상남도,창원시 마산합포구,48125,155,4.37,-1.66,25.1,1049.9,1.5,2151.7,3066.1,-2.29,12.0,365,True
2023,경상남도,창원시 마산합포구,48125,155,4.37,-1.58,25.37,2161.1,1.4,2203.4,3125.8,-0.61,12.0,365,True
2016,경상남도,창원시 마산회원구,48127,155,4.37,-0.59,25.4,1893.0,1.6,2195.2,3085.0,-1.36,11.0,366,True
2017,경상남도,창원시 마산회원구,48127,155,4.37,-0.41,25.55,879.3,1.65,2227.8,3087.7,-2.13,12.0,365,True
2018,경상남도,창원시 마산회원구,48127,155,4.37,-2.82,25.46,1507.3,1.65,2061.8,2939.2,-1.51,12.0,365,True
2019,경상남도,창원시 마산회원구,48127,155,4.37,-0.85,24.08,1587.0,1.58,2020.3,2899.3,-0.98,12.0,365,True
2020,경상남도,창원시 마산회원구,48127,155,4.37,0.95,24.24,1672.8,1.6,1926.4,2799.3,-1.51,12.0,366,True
2021,경상남도,창원시 마산회원구,48127,155,4.37,-1.35,24.89,1710.6,1.43,2105.5,3026.6,-1.23,12.0,365,True
2022,경상남도,창원시 마산회원구,48127,155,4.37,-1.66,25.1,1049.9,1.5,2151.7,3066.1,-2.29,12.0,365,True
2023,경상남도,창원시 마산회원구,48127,155,4.37,-1.58,25.37,2161.1,1.4,2203.4,3125.8,-0.61,12.0,365,True
2016,경상남도,창원시 성산구,48123,155,4.37,-0.59,25.4,1893.0,1.6,2195.2,3085.0,-1.36,11.0,366,True
2017,경상남도,창원시 성산구,48123,155,4.37,-0.41,25.55,879.3,1.65,2227.8,3087.7,-2.13,12.0,365,True
2018,경상남도,창원시 성산구,48123,155,4.37,-2.82,25.46,1507.3,1.65,2061.8,2939.2,-1.51,12.0,365,True
2019,경상남도,창원시 성산구,48123,155,4.37,-0.85,24.08,1587.0,1.58,2020.3,2899.3,-0.98,12.0,365,True
2020,경상남도,창원시 성산구,48123,155,4.37,0.95,24.24,1672.8,1.6,1926.4,2799.3,-1.51,12.0,366,True
2021,경상남도,창원시 성산구,48123,155,4.37,-1.35,24.89,1710.6,1.43,2105.5,3026.6,-1.23,12.0,365,True
2022,경상남도,창원시 성산구,48123,155,4.37,-1.66,25.1,1049.9,1.5,2151.7,3066.1,-2.29,12.0,365,True
2023,경상남도,창원시 성산구,48123,155,4.37,-1.58,25.37,2161.1,1.4,2203.4,3125.8,-0.61,12.0,365,True
2016,경상남도,창원시 의창구,48121,155,4.37,-0.59,25.4,1893.0,1.6,2195.2,3085.0,-1.36,11.0,366,True
2017,경상남도,창원시 의창구,48121,155,4.37,-0.41,25.55,879.3,1.65,2227.8,3087.7,-2.13,12.0,365,True
2018,경상남도,창원시 의창구,48121,155,4.37,-2.82,25.46,1507.3,1.65,2061.8,2939.2,-1.51,12.0,365,True
2019,경상남도,창원시 의창구,48121,155,4.37,-0.85,24.08,1587.0,1.58,2020.3,2899.3,-0.98,12.0,365,True
2020,경상남도,창원시 의창구,48121,155,4.37,0.95,24.24,1672.8,1.6,1926.4,2799.3,-1.51,12.0,366,True
2021,경상남도,창원시 의창구,48121,155,4.37,-1.35,24.89,1710.6,1.43,2105.5,3026.6,-1.23,12.0,365,True
2022,경상남도,창원시 의창구,48121,155,4.37,-1.66,25.1,1049.9,1.5,2151.7,3066.1,-2.29,12.0,365,True
2023,경상남도,창원시 의창구,48121,155,4.37,-1.58,25.37,2161.1,1.4,2203.4,3125.8,-0.61,12.0,365,True
2016,경상남도,창원시 진해구,48129,155,4.37,-0.59,25.4,1893.0,1.6,2195.2,3085.0,-1.36,11.0,366,True
2017,경상남도,창원시 진해구,48129,155,4.37,-0.41,25.55,879.3,1.65,2227.8,3087.7,-2.13,12.0,365,True
2018,경상남도,창원시 진해구,48129,155,4.37,-2.82,25.46,1507.3,1.65,2061.8,2939.2,-1.51,12.0,365,True
2019,경상남도,창원시 진해구,48129,155,4.37,-0.85,24.08,1587.0,1.58,2020.3,2899.3,-0.98,12.0,365,True
2020,경상남도,창원시 진해구,48129,155,4.37,0.95,24.24,1672.8,1.6,1926.4,2799.3,-1.51,12.0,366,True
2021,경상남도,창원시 진해구,48129,155,4.37,-1.35,24.89,1710.6,1.43,2105.5,3026.6,-1.23,12.0,365,True
2022,경상남도,창원시 진해구,48129,155,4.37,-1.66,25.1,1049.9,1.5,2151.7,3066.1,-2.29,12.0,365,True
2023,경상남도,창원시 진해구,48129,155,4.37,-1.58,25.37,2161.1,1.4,2203.4,3125.8,-0.61,12.0,365,True
2016,경상남도,통영시,48220,162,5.87,1.27,24.8,1993.7,2.39,2163.4,3088.9,-1.3,11.0,366,True
2017,경상남도,통영시,48220,162,5.87,0.78,24.64,1249.4,2.42,2099.3,2973.7,-1.99,12.0,365,True
2018,경상남도,통영시,48220,162,5.87,-1.26,25.2,2118.7,2.41,2075.9,2992.6,-1.78,12.0,365,True
2019,경상남도,통영시,48220,162,5.87,0.89,24.01,1684.6,2.31,2063.6,2982.8,-0.91,12.0,365,True
2020,경상남도,통영시,48220,162,5.87,2.46,23.86,2137.7,2.46,1949.0,2868.4,-1.05,12.0,366,True
2021,경상남도,통영시,48220,162,5.87,0.41,25.05,1800.1,2.43,2184.0,3165.8,-1.25,12.0,365,True
2022,경상남도,통영시,48220,162,5.87,-0.1,24.75,987.8,2.42,2161.6,3095.6,-2.43,12.0,365,True
2023,경상남도,통영시,48220,162,5.87,0.05,24.77,2134.3,2.51,2179.6,3127.2,-0.94,12.0,363,True
2016,경상남도,하동군,48850,266,23.02,0.48,25.59,1607.4,1.91,2254.5,3174.0,-1.44,11.0,366,True
2017,경상남도,하동군,48850,266,23.02,0.08,25.43,824.4,1.91,2207.3,3076.6,-1.99,12.0,365,True
2018,경상남도,하동군,48850,266,23.02,-2.35,26.11,1695.0,1.85,2158.7,3060.4,-1.32,12.0,365,True
2019,경상남도,하동군,48850,266,23.02,0.19,24.57,1566.1,1.75,2156.3,3065.5,-0.81,12.0,365,True
2020,경상남도,하동군,48850,266,23.02,1.86,24.54,1821.0,1.74,2027.0,2937.5,-1.91,12.0,366,True
2021,경상남도,하동군,48850,266,23.02,-0.24,25.3,1423.0,1.67,2205.0,3175.6,-1.22,12.0,365,True
2022,경상남도,하동군,48850,266,23.02,-0.69,25.49,1054.7,1.98,2270.6,3201.4,-2.38,12.0,365,True
2023,경상남도,하동군,48850,266,23.02,-1.13,25.55,2274.6,1.76,2277.6,3220.2,-0.95,12.0,365,True
2016,경상남도,함안군,48730,263,13.41,-3.81,24.2,1474.0,1.12,1849.7,2696.5,-1.56,11.0,366,True
2017,경상남도,함안군,48730,263,13.41,-4.42,25.35,876.8,1.25,2055.9,2860.3,-1.32,12.0,365,True
2018,경상남도,함안군,48730,263,13.41,-6.63,25.81,1561.6,1.15,1980.4,2814.3,-1.24,12.0,365,True
2019,경상남도,함안군,48730,263,13.41,-4.09,24.63,1272.8,1.2,1978.8,2818.3,-0.93,12.0,365,True
2020,경상남도,함안군,48730,263,13.41,-1.91,25.0,1747.5,1.44,1918.0,2750.0,-1.66,12.0,366,True
2021,경상남도,함안군,48730,263,13.41,-4.57,25.46,1205.5,1.74,2084.0,2952.4,-1.31,12.0,365,True
2022,경상남도,함안군,48730,263,13.41,-5.99,25.74,784.2,1.78,2085.4,2945.8,-2.3,12.0,365,True
2023,경상남도,함안군,48730,263,13.41,-5.55,25.97,1939.9,1.6,2149.2,3009.6,-1.15,12.0,365,True
2016,경상남도,함양군,48870,264,4.95,-2.99,24.54,1128.0,1.25,1949.8,2791.8,-1.16,11.0,366,True
2017,경상남도,함양군,48870,264,4.95,-4.12,24.48,614.6,1.38,1818.9,2604.8,-2.34,12.0,365,True
2018,경상남도,함양군,48870,264,4.95,-6.72,25.14,1666.7,1.2,1818.4,2616.0,-0.84,12.0,365,True
2019,경상남도,함양군,48870,264,4.95,-4.35,23.69,1464.6,1.22,1798.4,2597.9,-0.49,12.0,365,True
2020,경상남도,함양군,48870,264,4.95,-2.59,24.04,1910.6,1.28,1726.0,2501.5,-1.77,12.0,366,True
2021,경상남도,함양군,48870,264,4.95,-4.6,24.3,1014.9,1.64,1850.2,2660.8,-0.8,12.0,365,True
2022,경상남도,함양군,48870,264,4.95,-5.3,24.88,801.5,1.67,1882.6,2707.3,-2.27,12.0,365,True
2023,경상남도,함양군,48870,264,4.95,-5.57,25.16,1701.0,1.48,2001.0,2841.0,-1.21,12.0,365,True
2016,경상남도,합천군,48890,285,2.88,-3.97,25.34,1505.6,1.12,2086.2,2936.8,-1.0,11.0,366,True
2017,경상남도,합천군,48890,285,2.88,-4.62,25.36,780.0,1.23,2027.7,2825.6,-1.63,12.0,365,True
2018,경상남도,합천군,48890,285,2.88,-6.83,25.95,1479.4,1.25,1994.8,2818.4,-1.4,12.0,365,True
2019,경상남도,합천군,48890,285,2.88,-4.49,24.59,1417.6,1.15,1962.0,2784.5,-0.6,12.0,365,True
2020,경상남도,합천군,48890,285,2.88,-2.12,24.43,1733.5,1.05,1807.4,2630.0,-1.81,12.0,366,True
2021,경상남도,합천군,48890,285,2.88,-4.5,24.49,1146.4,0.93,1947.4,2804.4,-1.07,12.0,365,True
2022,경상남도,합천군,48890,285,2.88,-4.95,25.21,794.3,0.92,2021.0,2877.6,-2.39,12.0,365,True
2023,경상남도,합천군,48890,285,2.88,-5.1,25.35,1771.4,0.8,2118.4,2999.8,-1.22,12.0,365,True
2016,경상북도,경산시,47290,143,14.9,-1.8,25.82,1227.3,2.12,2183.5,3048.2,-0.6,11.0,366,True
2017,경상북도,경산시,47290,143,14.9,-2.14,25.88,663.7,2.23,2203.1,3025.3,-1.43,12.0,365,True
2018,경상북도,경산시,47290,143,14.9,-4.46,26.51,1297.6,2.19,2143.2,2994.3,-1.19,12.0,365,True
2019,경상북도,경산시,47290,143,14.9,-2.27,25.36,995.7,2.02,2145.3,3003.2,-0.71,12.0,365,True
2020,경상북도,경산시,47290,143,14.9,-0.25,25.41,1244.9,2.28,2013.5,2876.4,-1.93,12.0,366,True
2021,경상북도,경산시,47290,143,14.9,-2.74,25.3,910.0,2.25,2115.0,2997.3,-0.88,12.0,365,True
2022,경상북도,경산시,47290,143,14.9,-3.23,26.26,581.0,2.27,2248.8,3139.4,-2.48,12.0,365,True
2023,경상북도,경산시,47290,143,14.9,-3.08,26.09,1321.8,2.14,2258.6,3162.3,-1.29,12.0,365,True
2016,경상북도,경주시,47130,283,3.29,-2.55,24.94,1251.4,2.33,2027.5,2866.6,-1.67,11.0,366,True
2017,경상북도,경주시,47130,283,3.29,-2.89,25.07,590.7,2.46,1981.6,2771.0,-2.26,12.0,365,True
2018,경상북도,경주시,47130,283,3.29,-5.57,25.28,1303.7,2.39,1957.2,2797.7,-0.91,12.0,365,True
2019,경상북도,경주시,47130,283,3.29,-2.69,24.14,1239.8,2.26,1947.7,2788.0,-0.77,12.0,365,True
2020,경상북도,경주시,47130,283,3.29,-0.94,24.5,1371.6,2.6,1859.3,2695.6,-1.85,12.0,366,True
2021,경상북도,경주시,47130,283,3.29,-3.81,24.47,1112.1,2.54,1908.0,2751.9,-1.01,12.0,365,True
2022,경상북도,경주시,47130,283,3.29,-4.23,25.29,829.5,2.54,2018.4,2879.7,-1.85,12.0,365,True
2023,경상북도,경주시,47130,283,3.29,-4.09,25.5,1146.5,2.45,2102.5,2986.8,-1.56,12.0,365,True
2016,경상북도,고령군,47830,285,22.82,-3.97,25.34,1505.6,1.12,2086.2,2936.8,-1.0,11.0,366,True
2017,경상북도,고령군,47830,285,22.82,-4.62,25.36,780.0,1.23,2027.7,2825.6,-1.63,12.0,365,True
2018,경상북도,고령군,47830,285,22.82,-6.83,25.95,1479.4,1.25,1994.8,2818.4,-1.4,12.0,365,True
2019,경상북도,고령군,47830,285,22.82,-4.49,24.59,1417.6,1.15,1962.0,2784.5,-0.6,12.0,365,True
2020,경상북도,고령군,47830,285,22.82,-2.12,24.43,1733.5,1.05,1807.4,2630.0,-1.81,12.0,366,True
2021,경상북도,고령군,47830,285,22.82,-4.5,24.49,1146.4,0.93,1947.4,2804.4,-1.07,12.0,365,True
2022,경상북도,고령군,47830,285,22.82,-4.95,25.21,794.3,0.92,2021.0,2877.6,-2.39,12.0,365,True
2023,경상북도,고령군,47830,285,22.82,-5.1,25.35,1771.4,0.8,2118.4,2999.8,-1.22,12.0,365,True
2016,경상북도,구미시,47190,279,9.1,-2.57,25.65,1208.0,1.21,2089.6,2937.0,-0.57,11.0,366,True
2017,경상북도,구미시,47190,279,9.1,-2.96,25.34,688.6,1.22,2052.1,2857.5,-1.81,12.0,365,True
2018,경상북도,구미시,47190,279,9.1,-5.02,26.22,1410.1,1.14,2028.8,2856.6,-1.03,12.0,365,True
2019,경상북도,구미시,47190,279,9.1,-2.94,24.81,1133.2,1.04,2011.0,2840.2,-0.96,12.0,365,True
2020,경상북도,구미시,47190,279,9.1,-1.03,24.82,1469.5,1.05,1876.6,2719.1,-1.79,12.0,366,True
2021,경상북도,구미시,47190,279,9.1,-3.83,24.88,1098.0,0.92,1983.6,2842.9,-0.56,12.0,365,True
2022,경상북도,구미시,47190,279,9.1,-3.86,25.48,792.9,0.88,2071.0,2927.0,-2.19,12.0,365,True
2023,경상북도,구미시,47190,279,9.1,-4.13,25.57,1772.6,0.74,2137.4,3011.2,-1.17,12.0,365,True
2016,경상북도,김천시,47150,135,19.28,-4.25,23.96,1147.1,2.6,1743.6,2530.9,-1.11,11.0,366,True
2017,경상북도,김천시,47150,135,19.28,-4.63,23.58,921.8,2.78,1666.3,2439.3,-1.91,12.0,365,True
2018,경상북도,김천시,47150,135,19.28,-7.0,24.63,1304.2,2.74,1678.7,2446.3,-1.19,12.0,365,True
2019,경상북도,김천시,47150,135,19.28,-4.95,23.11,1164.1,2.58,1622.5,2385.8,-0.99,12.0,365,True
2020,경상북도,김천시,47150,135,19.28,-3.16,23.03,1554.0,2.66,1508.2,2246.8,-1.9,12.0,366,True
2021,경상북도,김천시,47150,135,19.28,-5.53,23.09,1129.1,2.56,1581.7,2339.5,-0.88,12.0,365,True
2022,경상북도,김천시,47150,135,19.28,-5.52,23.67,928.6,2.6,1649.9,2415.3,-1.91,12.0,365,True
2023,경상북도,김천시,47150,135,19.28,-6.28,24.02,1551.5,2.33,1745.6,2555.4,-1.5,12.0,365,True
2016,경상북도,문경시,47280,273,7.07,-4.51,23.87,1193.8,1.8,1731.4,2522.2,-1.87,11.0,366,True
2017,경상북도,문경시,47280,273,7.07,-4.45,23.83,1292.8,1.97,1795.3,2584.2,-1.72,12.0,365,True
2018,경상북도,문경시,47280,273,7.07,-6.58,25.26,1360.1,1.96,1822.1,2608.0,-1.13,12.0,365,True
2019,경상북도,문경시,47280,273,7.07,-4.56,23.63,1082.5,1.9,1768.2,2551.5,-1.28,12.0,365,True
2020,경상북도,문경시,47280,273,7.07,-2.72,23.48,1694.4,1.81,1595.2,2363.6,-1.75,12.0,366,True
2021,경상북도,문경시,47280,273,7.07,-5.37,23.43,1367.3,1.71,1671.6,2466.8,-0.98,12.0,365,True
2022,경상북도,문경시,47280,273,7.07,-5.48,24.06,1041.8,1.72,1773.4,2575.2,-1.84,12.0,365,True
2023,경상북도,문경시,47280,273,7.07,-5.62,24.51,1942.7,1.6,1855.9,2686.2,-1.46,12.0,365,True
2016,경상북도,봉화군,47920,271,1.07,-8.04,22.57,1044.8,1.44,1479.6,2226.6,-2.03,11.0,366,True
2017,경상북도,봉화군,47920,271,1.07,-7.75,22.27,795.3,1.47,1433.4,2157.7,-2.01,12.0,365,True
2018,경상북도,봉화군,47920,271,1.07,-10.87,23.36,1290.7,1.48,1461.6,2160.7,-1.68,12.0,365,True
2019,경상북도,봉화군,47920,271,1.07,-8.11,22.09,1005.8,1.44,1455.8,2157.0,-1.06,12.0,365,True
2020,경상북도,봉화군,47920,271,1.07,-4.24,21.78,1297.3,1.34,1288.2,1963.4,-2.2,12.0,366,True
2021,경상북도,봉화군,47920,271,1.07,-8.75,20.38,1129.1,1.3,1137.8,1795.2,-0.87,12.0,365,True
2022,경상북도,봉화군,47920,271,1.07,-7.61,22.42,1014.3,1.26,1416.9,2136.0,-1.9,12.0,365,True
2023,경상북도,봉화군,47920,271,1.07,-7.29,22.82,1828.7,1.18,1508.4,2264.8,-1.28,12.0,365,True
2016,경상북도,상주시,47250,137,8.43,-3.0,25.61,1136.2,1.53,2129.9,2962.3,-0.91,11.0,366,True
2017,경상북도,상주시,47250,137,8.43,-3.2,25.05,953.3,1.68,2026.8,2832.2,-1.85,12.0,365,True
2018,경상북도,상주시,47250,137,8.43,-5.73,26.07,1357.2,1.56,2000.4,2810.6,-1.22,12.0,365,True
2019,경상북도,상주시,47250,137,8.43,-3.69,24.34,1062.5,1.41,1885.3,2689.7,-1.11,12.0,365,True
2020,경상북도,상주시,47250,137,8.43,-2.22,24.21,1563.7,1.42,1756.2,2560.7,-2.04,12.0,366,True
2021,경상북도,상주시,47250,137,8.43,-4.84,24.36,1230.8,1.35,1841.7,2672.6,-0.84,12.0,365,True
2022,경상북도,상주시,47250,137,8.43,-4.6,25.14,891.2,1.41,1986.4,2814.6,-1.95,12.0,365,True
2023,경상북도,상주시,47250,137,8.43,-4.92,25.42,1670.6,1.24,2063.6,2912.0,-1.58,12.0,365,True
2016,경상북도,성주군,47840,279,26.05,-2.57,25.65,1208.0,1.21,2089.6,2937.0,-0.57,11.0,366,True
2017,경상북도,성주군,47840,279,26.05,-2.96,25.34,688.6,1.22,2052.1,2857.5,-1.81,12.0,365,True
2018,경상북도,성주군,47840,279,26.05,-5.02,26.22,1410.1,1.14,2028.8,2856.6,-1.03,12.0,365,True
2019,경상북도,성주군,47840,279,26.05,-2.94,24.81,1133.2,1.04,2011.0,2840.2,-0.96,12.0,365,True
2020,경상북도,성주군,47840,279,26.05,-1.03,24.82,1469.5,1.05,1876.6,2719.1,-1.79,12.0,366,True
2021,경상북도,성주군,47840,279,26.05,-3.83,24.88,1098.0,0.92,1983.6,2842.9,-0.56,12.0,365,True
2022,경상북도,성주군,47840,279,26.05,-3.86,25.48,792.9,0.88,2071.0,2927.0,-2.19,12.0,365,True
2023,경상북도,성주군,47840,279,26.05,-4.13,25.57,1772.6,0.74,2137.4,3011.2,-1.17,12.0,365,True
2016,경상북도,안동시,47170,136,6.54,-5.0,25.15,934.4,1.66,1988.6,2810.4,-1.04,11.0,366,True
2017,경상북도,안동시,47170,136,6.54,-5.25,24.54,938.8,1.69,1906.0,2691.0,-1.36,12.0,365,True
2018,경상북도,안동시,47170,136,6.54,-7.35,25.84,1078.0,1.65,1937.1,2740.8,-1.35,12.0,365,True
2019,경상북도,안동시,47170,136,6.54,-5.3,23.99,867.8,1.52,1807.5,2589.6,-1.2,12.0,365,True
2020,경상북도,안동시,47170,136,6.54,-3.37,24.05,1211.8,1.61,1689.0,2456.0,-2.05,12.0,366,True
2021,경상북도,안동시,47170,136,6.54,-6.21,24.07,974.0,1.6,1759.6,2554.2,-0.73,12.0,365,True
2022,경상북도,안동시,47170,136,6.54,-6.42,24.8,655.7,1.62,1871.0,2664.7,-2.41,12.0,365,True
2023,경상북도,안동시,47170,136,6.54,-6.67,25.03,1518.7,1.45,1948.2,2780.4,-1.36,12.0,365,True
2016,경상북도,영덕군,47770,277,9.97,-1.52,24.02,1088.3,2.79,1893.0,2738.3,-0.95,11.0,366,True
2017,경상북도,영덕군,47770,277,9.97,-1.05,23.87,880.3,2.81,1932.2,2756.2,-1.73,12.0,365,True
2018,경상북도,영덕군,47770,277,9.97,-4.43,24.68,1365.4,2.89,1903.6,2744.1,-1.43,12.0,365,True
2019,경상북도,영덕군,47770,277,9.97,-1.32,23.79,1455.9,2.66,1939.0,2783.0,-1.28,12.0,365,True
2020,경상북도,영덕군,47770,277,9.97,0.34,23.11,1308.8,2.77,1678.1,2499.8,-2.13,12.0,366,True
2021,경상북도,영덕군,47770,277,9.97,-2.59,22.98,1287.0,2.53,1689.6,2550.0,-0.96,12.0,365,True
2022,경상북도,영덕군,47770,277,9.97,-2.62,23.81,802.2,2.63,1833.4,2697.9,-1.97,12.0,365,True
2023,경상북도,영덕군,47770,277,9.97,-2.46,23.96,1228.7,2.47,1857.8,2723.2,-0.98,12.0,365,True
2016,경상북도,영양군,47760,277,29.76,-1.52,24.02,1088.3,2.79,1893.0,2738.3,-0.95,11.0,366,True
2017,경상북도,영양군,47760,277,29.76,-1.05,23.87,880.3,2.81,1932.2,2756.2,-1.73,12.0,365,True
2018,경상북도,영양군,47760,277,29.76,-4.43,24.68,1365.4,2.89,1903.6,2744.1,-1.43,12.0,365,True
2019,경상북도,영양군,47760,277,29.76,-1.32,23.79,1455.9,2.66,1939.0,2783.0,-1.28,12.0,365,True
2020,경상북도,영양군,47760,277,29.76,0.34,23.11,1308.8,2.77,1678.1,2499.8,-2.13,12.0,366,True
2021,경상북도,영양군,47760,277,29.76,-2.59,22.98,1287.0,2.53,1689.6,2550.0,-0.96,12.0,365,True
2022,경상북도,영양군,47760,277,29.76,-2.62,23.81,802.2,2.63,1833.4,2697.9,-1.97,12.0,365,True
2023,경상북도,영양군,47760,277,29.76,-2.46,23.96,1228.7,2.47,1857.8,2723.2,-0.98,12.0,365,True
2016,경상북도,영주시,47210,272,7.18,-5.39,23.9,1263.3,2.45,1749.8,2539.9,-2.31,11.0,366,True
2017,경상북도,영주시,47210,272,7.18,-5.81,23.29,1055.3,2.68,1649.2,2413.6,-1.49,12.0,365,True
2018,경상북도,영주시,47210,272,7.18,-7.79,24.43,1591.5,2.44,1650.8,2400.4,-1.39,12.0,365,True
2019,경상북도,영주시,47210,272,7.18,-5.92,23.04,996.4,2.41,1641.2,2375.8,-1.32,12.0,365,True
2020,경상북도,영주시,47210,272,7.18,-3.6,23.12,1499.9,2.37,1500.9,2228.0,-2.1,12.0,366,True
2021,경상북도,영주시,47210,272,7.18,-6.39,23.06,1346.5,2.27,1572.3,2328.6,-0.96,12.0,365,True
2022,경상북도,영주시,47210,272,7.18,-6.75,23.56,1083.8,2.46,1650.4,2412.6,-1.79,12.0,365,True
2023,경상북도,영주시,47210,272,7.18,-6.58,23.82,2216.1,2.16,1682.0,2480.4,-1.03,12.0,365,True
2016,경상북도,영천시,47230,281,4.33,-3.52,25.23,1175.2,1.79,2022.7,2858.3,-1.78,11.0,366,True
2017,경상북도,영천시,47230,281,4.33,-3.66,25.18,713.9,1.91,2015.1,2810.4,-1.89,12.0,365,True
2018,경상북도,영천시,47230,281,4.33,-6.4,25.85,1149.8,1.82,1978.6,2803.1,-1.3,12.0,365,True
2019,경상북도,영천시,47230,281,4.33,-3.69,24.73,1038.0,1.81,1982.6,2807.5,-1.18,12.0,365,True
2020,경상북도,영천시,47230,281,4.33,-1.85,24.02,1234.5,1.79,1710.6,2504.8,-1.93,12.0,366,True
2021,경상북도,영천시,47230,281,4.33,-4.58,23.9,1094.2,1.65,1791.9,2606.4,-0.77,12.0,365,True
2022,경상북도,영천시,47230,281,4.33,-5.19,24.71,676.0,1.66,1866.1,2697.3,-2.46,12.0,365,True
2023,경상북도,영천시,47230,281,4.33,-5.01,24.95,1296.0,1.6,1953.4,2810.9,-1.12,12.0,365,True
2016,경상북도,예천군,47900,273,24.6,-4.51,23.87,1193.8,1.8,1731.4,2522.2,-1.87,11.0,366,True
2017,경상북도,예천군,47900,273,24.6,-4.45,23.83,1292.8,1.97,1795.3,2584.2,-1.72,12.0,365,True
2018,경상북도,예천군,47900,273,24.6,-6.58,25.26,1360.1,1.96,1822.1,2608.0,-1.13,12.0,365,True
2019,경상북도,예천군,47900,273,24.6,-4.56,23.63,1082.5,1.9,1768.2,2551.5,-1.28,12.0,365,True
2020,경상북도,예천군,47900,273,24.6,-2.72,23.48,1694.4,1.81,1595.2,2363.6,-1.75,12.0,366,True
2021,경상북도,예천군,47900,273,24.6,-5.37,23.43,1367.3,1.71,1671.6,2466.8,-0.98,12.0,365,True
2022,경상북도,예천군,47900,273,24.6,-5.48,24.06,1041.8,1.72,1773.4,2575.2,-1.84,12.0,365,True
2023,경상북도,예천군,47900,273,24.6,-5.62,24.51,1942.7,1.6,1855.9,2686.2,-1.46,12.0,365,True
2016,경상북도,울릉군,47940,115,4.07,0.84,22.69,2050.4,3.98,1642.5,2494.3,-0.93,11.0,366,True
2017,경상북도,울릉군,47940,115,4.07,1.31,22.63,1181.7,3.93,1666.6,2473.8,-2.15,12.0,365,True
2018,경상북도,울릉군,47940,115,4.07,-1.14,23.44,1586.4,4.09,1685.0,2514.1,-1.01,12.0,365,True
2019,경상북도,울릉군,47940,115,4.07,1.51,22.42,1367.4,3.85,1671.6,2498.2,-0.73,12.0,365,True
2020,경상북도,울릉군,47940,115,4.07,2.71,22.67,1462.0,3.75,1598.2,2413.6,-1.52,12.0,366,True
2021,경상북도,울릉군,47940,115,4.07,0.76,22.93,1533.0,3.57,1658.2,2531.6,-1.11,12.0,365,True
2022,경상북도,울릉군,47940,115,4.07,0.64,23.34,1211.4,3.63,1777.3,2637.4,-2.19,12.0,365,True
2023,경상북도,울릉군,47940,115,4.07,0.79,24.51,1527.4,3.91,1963.2,2864.4,-1.5,12.0,365,True
2016,경상북도,울진군,47930,130,13.2,-1.61,22.8,1196.3,2.53,1645.8,2477.2,-1.29,11.0,366,True
2017,경상북도,울진군,47930,130,13.2,-0.98,22.73,857.5,2.5,1688.3,2490.1,-1.82,12.0,365,True
2018,경상북도,울진군,47930,130,13.2,-3.98,23.46,1436.2,2.59,1700.5,2515.0,-1.36,12.0,365,True
2019,경상북도,울진군,47930,130,13.2,-1.28,22.93,1581.2,2.48,1741.6,2568.1,-1.19,12.0,365,True
2020,경상북도,울진군,47930,130,13.2,0.47,22.42,1336.2,2.55,1583.2,2384.9,-2.07,12.0,366,True
2021,경상북도,울진군,47930,130,13.2,-2.66,22.91,1158.9,2.49,1657.2,2496.0,-1.62,12.0,365,True
2022,경상북도,울진군,47930,130,13.2,-2.71,23.38,1100.0,2.52,1735.7,2583.9,-1.58,12.0,365,True
2023,경상북도,울진군,47930,130,13.2,-2.18,23.65,1317.0,2.43,1836.2,2705.2,-0.89,12.0,365,True
2016,경상북도,의성군,47730,278,6.6,-7.05,25.02,1017.5,1.23,1953.2,2762.1,-0.8,11.0,366,True
2017,경상북도,의성군,47730,278,6.6,-7.5,24.42,691.7,1.3,1815.5,2583.6,-1.7,12.0,365,True
2018,경상북도,의성군,47730,278,6.6,-9.98,26.11,1079.4,1.33,1942.6,2742.0,-1.53,12.0,365,True
2019,경상북도,의성군,47730,278,6.6,-7.18,24.62,831.3,1.21,1908.4,2694.2,-1.06,12.0,365,True
2020,경상북도,의성군,47730,278,6.6,-4.58,24.17,1128.9,1.11,1688.2,2434.3,-1.72,12.0,366,True
2021,경상북도,의성군,47730,278,6.6,-8.12,24.02,961.7,1.03,1782.6,2559.7,-0.49,12.0,365,True
2022,경상북도,의성군,47730,278,6.6,-8.21,24.88,615.1,1.07,1845.8,2633.7,-2.19,12.0,365,True
2023,경상북도,의성군,47730,278,6.6,-8.26,25.07,1575.4,0.97,1946.4,2776.0,-1.17,12.0,365,True
2016,경상북도,청도군,47820,288,20.53,-2.57,25.95,1568.2,1.04,2212.6,3081.2,-0.9,11.0,366,True
2017,경상북도,청도군,47820,288,20.53,-3.55,26.16,558.1,1.1,2191.0,3003.4,-2.17,12.0,365,True
2018,경상북도,청도군,47820,288,20.53,-6.09,26.21,1337.0,1.09,2078.6,2915.4,-1.59,12.0,365,True
2019,경상북도,청도군,47820,288,20.53,-3.65,24.87,1181.1,1.04,2030.0,2872.2,-0.74,12.0,365,True
2020,경상북도,청도군,47820,288,20.53,-1.63,24.95,1398.8,1.06,1918.9,2762.5,-1.22,12.0,366,True
2021,경상북도,청도군,47820,288,20.53,-4.04,25.4,1202.5,1.04,2123.4,2996.8,-0.94,12.0,365,True
2022,경상북도,청도군,47820,288,20.53,-4.19,25.97,843.2,1.13,2195.0,3080.8,-2.23,12.0,365,True
2023,경상북도,청도군,47820,288,20.53,-3.95,26.02,1874.0,0.98,2236.6,3138.4,-0.95,12.0,365,True
2016,경상북도,청송군,47750,276,8.82,-6.25,23.28,1008.0,1.31,1669.6,2455.1,-0.94,11.0,366,True
2017,경상북도,청송군,47750,276,8.82,-6.74,23.04,783.9,1.44,1618.9,2372.8,-1.71,12.0,365,True
2018,경상북도,청송군,47750,276,8.82,-9.19,23.98,1139.7,1.45,1631.1,2383.4,-1.57,12.0,365,True
2019,경상북도,청송군,47750,276,8.82,-6.81,22.56,982.8,1.4,1566.5,2302.5,-0.95,12.0,365,True
2020,경상북도,청송군,47750,276,8.82,-4.55,22.94,1285.8,1.47,1529.1,2254.4,-1.69,12.0,366,True
2021,경상북도,청송군,47750,276,8.82,-8.06,23.04,987.7,1.86,1606.5,2343.2,-0.67,12.0,365,True
2022,경상북도,청송군,47750,276,8.82,-8.68,23.9,638.5,1.82,1660.6,2407.2,-2.09,12.0,365,True
2023,경상북도,청송군,47750,276,8.82,-8.7,24.12,1482.2,1.58,1769.4,2553.1,-1.12,12.0,365,True
2016,경상북도,칠곡군,47850,279,18.07,-2.57,25.65,1208.0,1.21,2089.6,2937.0,-0.57,11.0,366,True
2017,경상북도,칠곡군,47850,279,18.07,-2.96,25.34,688.6,1.22,2052.1,2857.5,-1.81,12.0,365,True
2018,경상북도,칠곡군,47850,279,18.07,-5.02,26.22,1410.1,1.14,2028.8,2856.6,-1.03,12.0,365,True
2019,경상북도,칠곡군,47850,279,18.07,-2.94,24.81,1133.2,1.04,2011.0,2840.2,-0.96,12.0,365,True
2020,경상북도,칠곡군,47850,279,18.07,-1.03,24.82,1469.5,1.05,1876.6,2719.1,-1.79,12.0,366,True
2021,경상북도,칠곡군,47850,279,18.07,-3.83,24.88,1098.0,0.92,1983.6,2842.9,-0.56,12.0,365,True
2022,경상북도,칠곡군,47850,279,18.07,-3.86,25.48,792.9,0.88,2071.0,2927.0,-2.19,12.0,365,True
2023,경상북도,칠곡군,47850,279,18.07,-4.13,25.57,1772.6,0.74,2137.4,3011.2,-1.17,12.0,365,True
2016,경상북도,포항시 남구,47111,138,9.5,0.29,25.44,1515.4,2.6,2174.4,3070.2,-0.96,11.0,366,True
2017,경상북도,포항시 남구,47111,138,9.5,0.29,25.18,674.3,2.67,2188.9,3047.6,-2.15,12.0,365,True
2018,경상북도,포항시 남구,47111,138,9.5,-2.43,26.13,1284.3,2.75,2169.8,3062.8,-1.3,12.0,365,True
2019,경상북도,포항시 남구,47111,138,9.5,0.33,24.9,1425.1,2.58,2167.2,3068.2,-0.92,12.0,365,True
2020,경상북도,포항시 남구,47111,138,9.5,1.88,24.97,1238.9,2.72,2022.2,2923.6,-2.13,12.0,366,True
2021,경상북도,포항시 남구,47111,138,9.5,-0.57,24.91,1405.7,2.7,2078.8,3014.4,-0.75,12.0,365,True
2022,경상북도,포항시 남구,47111,138,9.5,-0.96,25.62,1061.6,2.69,2217.8,3129.9,-1.53,12.0,365,True
2023,경상북도,포항시 남구,47111,138,9.5,-0.68,25.64,1112.2,2.76,2263.2,3198.8,-1.61,12.0,365,True
2016,경상북도,포항시 북구,47113,138,9.5,0.29,25.44,1515.4,2.6,2174.4,3070.2,-0.96,11.0,366,True
2017,경상북도,포항시 북구,47113,138,9.5,0.29,25.18,674.3,2.67,2188.9,3047.6,-2.15,12.0,365,True
2018,경상북도,포항시 북구,47113,138,9.5,-2.43,26.13,1284.3,2.75,2169.8,3062.8,-1.3,12.0,365,True
2019,경상북도,포항시 북구,47113,138,9.5,0.33,24.9,1425.1,2.58,2167.2,3068.2,-0.92,12.0,365,True
2020,경상북도,포항시 북구,47113,138,9.5,1.88,24.97,1238.9,2.72,2022.2,2923.6,-2.13,12.0,366,True
2021,경상북도,포항시 북구,47113,138,9.5,-0.57,24.91,1405.7,2.7,2078.8,3014.4,-0.75,12.0,365,True
2022,경상북도,포항시 북구,47113,138,9.5,-0.96,25.62,1061.6,2.69,2217.8,3129.9,-1.53,12.0,365,True
2023,경상북도,포항시 북구,47113,138,9.5,-0.68,25.64,1112.2,2.76,2263.2,3198.8,-1.61,12.0,365,True
2016,광주광역시,광산구,29200,156,12.65,-0.39,25.94,1482.3,1.62,2301.6,3198.5,-0.78,11.0,366,True
2017,광주광역시,광산구,29200,156,12.65,-0.94,26.02,936.6,1.55,2248.6,3082.3,-1.88,12.0,365,True
2018,광주광역시,광산구,29200,156,12.65,-2.87,26.82,1427.9,1.58,2274.8,3159.2,-1.28,12.0,365,True
2019,광주광역시,광산구,29200,156,12.65,-1.15,24.82,1085.9,1.48,2122.6,2979.5,-0.94,12.0,365,True
2020,광주광역시,광산구,29200,156,12.65,1.04,24.85,2027.0,1.56,1985.4,2860.2,-2.09,12.0,366,True
2021,광주광역시,광산구,29200,156,12.65,-1.16,25.41,1303.8,1.36,2185.8,3115.8,-0.82,12.0,365,True
2022,광주광역시,광산구,29200,156,12.65,-1.55,25.93,769.9,1.4,2275.0,3187.3,-2.34,12.0,365,True
2023,광주광역시,광산구,29200,156,12.65,-1.9,25.7,2116.1,1.16,2322.9,3232.5,-1.24,12.0,365,True
2016,광주광역시,남구,29155,156,9.42,-0.39,25.94,1482.3,1.62,2301.6,3198.5,-0.78,11.0,366,True
2017,광주광역시,남구,29155,156,9.42,-0.94,26.02,936.6,1.55,2248.6,3082.3,-1.88,12.0,365,True
2018,광주광역시,남구,29155,156,9.42,-2.87,26.82,1427.9,1.58,2274.8,3159.2,-1.28,12.0,365,True
2019,광주광역시,남구,29155,156,9.42,-1.15,24.82,1085.9,1.48,2122.6,2979.5,-0.94,12.0,365,True
2020,광주광역시,남구,29155,156,9.42,1.04,24.85,2027.0,1.56,1985.4,2860.2,-2.09,12.0,366,True
2021,광주광역시,남구,29155,156,9.42,-1.16,25.41,1303.8,1.36,2185.8,3115.8,-0.82,12.0,365,True
2022,광주광역시,남구,29155,156,9.42,-1.55,25.93,769.9,1.4,2275.0,3187.3,-2.34,12.0,365,True
2023,광주광역시,남구,29155,156,9.42,-1.9,25.7,2116.1,1.16,2322.9,3232.5,-1.24,12.0,365,True
2016,광주광역시,동구,29110,156,8.1,-0.39,25.94,1482.3,1.62,2301.6,3198.5,-0.78,11.0,366,True
2017,광주광역시,동구,29110,156,8.1,-0.94,26.02,936.6,1.55,2248.6,3082.3,-1.88,12.0,365,True
2018,광주광역시,동구,29110,156,8.1,-2.87,26.82,1427.9,1.58,2274.8,3159.2,-1.28,12.0,365,True
2019,광주광역시,동구,29110,156,8.1,-1.15,24.82,1085.9,1.48,2122.6,2979.5,-0.94,12.0,365,True
2020,광주광역시,동구,29110,156,8.1,1.04,24.85,2027.0,1.56,1985.4,2860.2,-2.09,12.0,366,True
2021,광주광역시,동구,29110,156,8.1,-1.16,25.41,1303.8,1.36,2185.8,3115.8,-0.82,12.0,365,True
2022,광주광역시,동구,29110,156,8.1,-1.55,25.93,769.9,1.4,2275.0,3187.3,-2.34,12.0,365,True
2023,광주광역시,동구,29110,156,8.1,-1.9,25.7,2116.1,1.16,2322.9,3232.5,-1.24,12.0,365,True
2016,광주광역시,북구,29170,156,3.82,-0.39,25.94,1482.3,1.62,2301.6,3198.5,-0.78,11.0,366,True
2017,광주광역시,북구,29170,156,3.82,-0.94,26.02,936.6,1.55,2248.6,3082.3,-1.88,12.0,365,True
2018,광주광역시,북구,29170,156,3.82,-2.87,26.82,1427.9,1.58,2274.8,3159.2,-1.28,12.0,365,True
2019,광주광역시,북구,29170,156,3.82,-1.15,24.82,1085.9,1.48,2122.6,2979.5,-0.94,12.0,365,True
2020,광주광역시,북구,29170,156,3.82,1.04,24.85,2027.0,1.56,1985.4,2860.2,-2.09,12.0,366,True
2021,광주광역시,북구,29170,156,3.82,-1.16,25.41,1303.8,1.36,2185.8,3115.8,-0.82,12.0,365,True
2022,광주광역시,북구,29170,156,3.82,-1.55,25.93,769.9,1.4,2275.0,3187.3,-2.34,12.0,365,True
2023,광주광역시,북구,29170,156,3.82,-1.9,25.7,2116.1,1.16,2322.9,3232.5,-1.24,12.0,365,True
2016,광주광역시,서구,29140,156,5.58,-0.39,25.94,1482.3,1.62,2301.6,3198.5,-0.78,11.0,366,True
2017,광주광역시,서구,29140,156,5.58,-0.94,26.02,936.6,1.55,2248.6,3082.3,-1.88,12.0,365,True
2018,광주광역시,서구,29140,156,5.58,-2.87,26.82,1427.9,1.58,2274.8,3159.2,-1.28,12.0,365,True
2019,광주광역시,서구,29140,156,5.58,-1.15,24.82,1085.9,1.48,2122.6,2979.5,-0.94,12.0,365,True
2020,광주광역시,서구,29140,156,5.58,1.04,24.85,2027.0,1.56,1985.4,2860.2,-2.09,12.0,366,True
2021,광주광역시,서구,29140,156,5.58,-1.16,25.41,1303.8,1.36,2185.8,3115.8,-0.82,12.0,365,True
2022,광주광역시,서구,29140,156,5.58,-1.55,25.93,769.9,1.4,2275.0,3187.3,-2.34,12.0,365,True
2023,광주광역시,서구,29140,156,5.58,-1.9,25.7,2116.1,1.16,2322.9,3232.5,-1.24,12.0,365,True
2016,대구광역시,군위군,27720,278,21.0,-7.05,25.02,1017.5,1.23,1953.2,2762.1,-0.8,11.0,366,True
2017,대구광역시,군위군,27720,278,21.0,-7.5,24.42,691.7,1.3,1815.5,2583.6,-1.7,12.0,365,True
2018,대구광역시,군위군,27720,278,21.0,-9.98,26.11,1079.4,1.33,1942.6,2742.0,-1.53,12.0,365,True
2019,대구광역시,군위군,27720,278,21.0,-7.18,24.62,831.3,1.21,1908.4,2694.2,-1.06,12.0,365,True
2020,대구광역시,군위군,27720,278,21.0,-4.58,24.17,1128.9,1.11,1688.2,2434.3,-1.72,12.0,366,True
2021,대구광역시,군위군,27720,278,21.0,-8.12,24.02,961.7,1.03,1782.6,2559.7,-0.49,12.0,365,True
2022,대구광역시,군위군,27720,278,21.0,-8.21,24.88,615.1,1.07,1845.8,2633.7,-2.19,12.0,365,True
2023,대구광역시,군위군,27720,278,21.0,-8.26,25.07,1575.4,0.97,1946.4,2776.0,-1.17,12.0,365,True
2016,대구광역시,남구,27200,143,7.79,-1.8,25.82,1227.3,2.12,2183.5,3048.2,-0.6,11.0,366,True
2017,대구광역시,남구,27200,143,7.79,-2.14,25.88,663.7,2.23,2203.1,3025.3,-1.43,12.0,365,True
2018,대구광역시,남구,27200,143,7.79,-4.46,26.51,1297.6,2.19,2143.2,2994.3,-1.19,12.0,365,True
2019,대구광역시,남구,27200,143,7.79,-2.27,25.36,995.7,2.02,2145.3,3003.2,-0.71,12.0,365,True
2020,대구광역시,남구,27200,143,7.79,-0.25,25.41,1244.9,2.28,2013.5,2876.4,-1.93,12.0,366,True
2021,대구광역시,남구,27200,143,7.79,-2.74,25.3,910.0,2.25,2115.0,2997.3,-0.88,12.0,365,True
2022,대구광역시,남구,27200,143,7.79,-3.23,26.26,581.0,2.27,2248.8,3139.4,-2.48,12.0,365,True
2023,대구광역시,남구,27200,143,7.79,-3.08,26.09,1321.8,2.14,2258.6,3162.3,-1.29,12.0,365,True
2016,대구광역시,달서구,27290,143,12.55,-1.8,25.82,1227.3,2.12,2183.5,3048.2,-0.6,11.0,366,True
2017,대구광역시,달서구,27290,143,12.55,-2.14,25.88,663.7,2.23,2203.1,3025.3,-1.43,12.0,365,True
2018,대구광역시,달서구,27290,143,12.55,-4.46,26.51,1297.6,2.19,2143.2,2994.3,-1.19,12.0,365,True
2019,대구광역시,달서구,27290,143,12.55,-2.27,25.36,995.7,2.02,2145.3,3003.2,-0.71,12.0,365,True
2020,대구광역시,달서구,27290,143,12.55,-0.25,25.41,1244.9,2.28,2013.5,2876.4,-1.93,12.0,366,True
2021,대구광역시,달서구,27290,143,12.55,-2.74,25.3,910.0,2.25,2115.0,2997.3,-0.88,12.0,365,True
2022,대구광역시,달서구,27290,143,12.55,-3.23,26.26,581.0,2.27,2248.8,3139.4,-2.48,12.0,365,True
2023,대구광역시,달서구,27290,143,12.55,-3.08,26.09,1321.8,2.14,2258.6,3162.3,-1.29,12.0,365,True
2016,대구광역시,달성군,27710,143,19.19,-1.8,25.82,1227.3,2.12,2183.5,3048.2,-0.6,11.0,366,True
2017,대구광역시,달성군,27710,143,19.19,-2.14,25.88,663.7,2.23,2203.1,3025.3,-1.43,12.0,365,True
2018,대구광역시,달성군,27710,143,19.19,-4.46,26.51,1297.6,2.19,2143.2,2994.3,-1.19,12.0,365,True
2019,대구광역시,달성군,27710,143,19.19,-2.27,25.36,995.7,2.02,2145.3,3003.2,-0.71,12.0,365,True
2020,대구광역시,달성군,27710,143,19.19,-0.25,25.41,1244.9,2.28,2013.5,2876.4,-1.93,12.0,366,True
2021,대구광역시,달성군,27710,143,19.19,-2.74,25.3,910.0,2.25,2115.0,2997.3,-0.88,12.0,365,True
2022,대구광역시,달성군,27710,143,19.19,-3.23,26.26,581.0,2.27,2248.8,3139.4,-2.48,12.0,365,True
2023,대구광역시,달성군,27710,143,19.19,-3.08,26.09,1321.8,2.14,2258.6,3162.3,-1.29,12.0,365,True
2016,대구광역시,동구,27140,143,6.97,-1.8,25.82,1227.3,2.12,2183.5,3048.2,-0.6,11.0,366,True
2017,대구광역시,동구,27140,143,6.97,-2.14,25.88,663.7,2.23,2203.1,3025.3,-1.43,12.0,365,True
2018,대구광역시,동구,27140,143,6.97,-4.46,26.51,1297.6,2.19,2143.2,2994.3,-1.19,12.0,365,True
2019,대구광역시,동구,27140,143,6.97,-2.27,25.36,995.7,2.02,2145.3,3003.2,-0.71,12.0,365,True
2020,대구광역시,동구,27140,143,6.97,-0.25,25.41,1244.9,2.28,2013.5,2876.4,-1.93,12.0,366,True
2021,대구광역시,동구,27140,143,6.97,-2.74,25.3,910.0,2.25,2115.0,2997.3,-0.88,12.0,365,True
2022,대구광역시,동구,27140,143,6.97,-3.23,26.26,581.0,2.27,2248.8,3139.4,-2.48,12.0,365,True
2023,대구광역시,동구,27140,143,6.97,-3.08,26.09,1321.8,2.14,2258.6,3162.3,-1.29,12.0,365,True
2016,대구광역시,북구,27230,143,8.85,-1.8,25.82,1227.3,2.12,2183.5,3048.2,-0.6,11.0,366,True
2017,대구광역시,북구,27230,143,8.85,-2.14,25.88,663.7,2.23,2203.1,3025.3,-1.43,12.0,365,True
2018,대구광역시,북구,27230,143,8.85,-4.46,26.51,1297.6,2.19,2143.2,2994.3,-1.19,12.0,365,True
2019,대구광역시,북구,27230,143,8.85,-2.27,25.36,995.7,2.02,2145.3,3003.2,-0.71,12.0,365,True
2020,대구광역시,북구,27230,143,8.85,-0.25,25.41,1244.9,2.28,2013.5,2876.4,-1.93,12.0,366,True
2021,대구광역시,북구,27230,143,8.85,-2.74,25.3,910.0,2.25,2115.0,2997.3,-0.88,12.0,365,True
2022,대구광역시,북구,27230,143,8.85,-3.23,26.26,581.0,2.27,2248.8,3139.4,-2.48,12.0,365,True
2023,대구광역시,북구,27230,143,8.85,-3.08,26.09,1321.8,2.14,2258.6,3162.3,-1.29,12.0,365,True
2016,대구광역시,서구,27170,143,9.27,-1.8,25.82,1227.3,2.12,2183.5,3048.2,-0.6,11.0,366,True
2017,대구광역시,서구,27170,143,9.27,-2.14,25.88,663.7,2.23,2203.1,3025.3,-1.43,12.0,365,True
2018,대구광역시,서구,27170,143,9.27,-4.46,26.51,1297.6,2.19,2143.2,2994.3,-1.19,12.0,365,True
2019,대구광역시,서구,27170,143,9.27,-2.27,25.36,995.7,2.02,2145.3,3003.2,-0.71,12.0,365,True
2020,대구광역시,서구,27170,143,9.27,-0.25,25.41,1244.9,2.28,2013.5,2876.4,-1.93,12.0,366,True
2021,대구광역시,서구,27170,143,9.27,-2.74,25.3,910.0,2.25,2115.0,2997.3,-0.88,12.0,365,True
2022,대구광역시,서구,27170,143,9.27,-3.23,26.26,581.0,2.27,2248.8,3139.4,-2.48,12.0,365,True
2023,대구광역시,서구,27170,143,9.27,-3.08,26.09,1321.8,2.14,2258.6,3162.3,-1.29,12.0,365,True
2016,대구광역시,수성구,27260,143,4.97,-1.8,25.82,1227.3,2.12,2183.5,3048.2,-0.6,11.0,366,True
2017,대구광역시,수성구,27260,143,4.97,-2.14,25.88,663.7,2.23,2203.1,3025.3,-1.43,12.0,365,True
2018,대구광역시,수성구,27260,143,4.97,-4.46,26.51,1297.6,2.19,2143.2,2994.3,-1.19,12.0,365,True
2019,대구광역시,수성구,27260,143,4.97,-2.27,25.36,995.7,2.02,2145.3,3003.2,-0.71,12.0,365,True
2020,대구광역시,수성구,27260,143,4.97,-0.25,25.41,1244.9,2.28,2013.5,2876.4,-1.93,12.0,366,True
2021,대구광역시,수성구,27260,143,4.97,-2.74,25.3,910.0,2.25,2115.0,2997.3,-0.88,12.0,365,True
2022,대구광역시,수성구,27260,143,4.97,-3.23,26.26,581.0,2.27,2248.8,3139.4,-2.48,12.0,365,True
2023,대구광역시,수성구,27260,143,4.97,-3.08,26.09,1321.8,2.14,2258.6,3162.3,-1.29,12.0,365,True
2016,대구광역시,중구,27110,143,5.48,-1.8,25.82,1227.3,2.12,2183.5,3048.2,-0.6,11.0,366,True
2017,대구광역시,중구,27110,143,5.48,-2.14,25.88,663.7,2.23,2203.1,3025.3,-1.43,12.0,365,True
2018,대구광역시,중구,27110,143,5.48,-4.46,26.51,1297.6,2.19,2143.2,2994.3,-1.19,12.0,365,True
2019,대구광역시,중구,27110,143,5.48,-2.27,25.36,995.7,2.02,2145.3,3003.2,-0.71,12.0,365,True
2020,대구광역시,중구,27110,143,5.48,-0.25,25.41,1244.9,2.28,2013.5,2876.4,-1.93,12.0,366,True
2021,대구광역시,중구,27110,143,5.48,-2.74,25.3,910.0,2.25,2115.0,2997.3,-0.88,12.0,365,True
2022,대구광역시,중구,27110,143,5.48,-3.23,26.26,581.0,2.27,2248.8,3139.4,-2.48,12.0,365,True
2023,대구광역시,중구,27110,143,5.48,-3.08,26.09,1321.8,2.14,2258.6,3162.3,-1.29,12.0,365,True
2016,대전광역시,대덕구,30230,133,7.53,-3.17,26.08,1228.4,1.48,2180.0,3017.6,-1.29,11.0,366,True
2017,대전광역시,대덕구,30230,133,7.53,-3.74,25.49,1127.5,1.55,2046.4,2844.6,-1.8,12.0,365,True
2018,대전광역시,대덕구,30230,133,7.53,-5.75,26.88,1542.1,1.55,2113.8,2936.6,-0.54,12.0,365,True
2019,대전광역시,대덕구,30230,133,7.53,-3.91,25.26,984.2,1.34,2062.2,2881.4,-1.69,12.0,365,True
2020,대전광역시,대덕구,30230,133,7.53,-1.44,25.11,1614.0,1.45,1916.4,2741.2,-1.91,12.0,366,True
2021,대전광역시,대덕구,30230,133,7.53,-3.91,25.73,1109.5,1.51,2095.5,2965.6,-1.0,12.0,365,True
2022,대전광역시,대덕구,30230,133,7.53,-4.69,25.59,1203.1,1.92,2089.4,2934.0,-1.93,12.0,365,True
2023,대전광역시,대덕구,30230,133,7.53,-5.13,25.5,2042.5,1.51,2122.8,2981.5,-1.66,12.0,365,True
2016,대전광역시,동구,30110,133,10.64,-3.17,26.08,1228.4,1.48,2180.0,3017.6,-1.29,11.0,366,True
2017,대전광역시,동구,30110,133,10.64,-3.74,25.49,1127.5,1.55,2046.4,2844.6,-1.8,12.0,365,True
2018,대전광역시,동구,30110,133,10.64,-5.75,26.88,1542.1,1.55,2113.8,2936.6,-0.54,12.0,365,True
2019,대전광역시,동구,30110,133,10.64,-3.91,25.26,984.2,1.34,2062.2,2881.4,-1.69,12.0,365,True
2020,대전광역시,동구,30110,133,10.64,-1.44,25.11,1614.0,1.45,1916.4,2741.2,-1.91,12.0,366,True
2021,대전광역시,동구,30110,133,10.64,-3.91,25.73,1109.5,1.51,2095.5,2965.6,-1.0,12.0,365,True
2022,대전광역시,동구,30110,133,10.64,-4.69,25.59,1203.1,1.92,2089.4,2934.0,-1.93,12.0,365,True
2023,대전광역시,동구,30110,133,10.64,-5.13,25.5,2042.5,1.51,2122.8,2981.5,-1.66,12.0,365,True
2016,대전광역시,서구,30170,133,10.47,-3.17,26.08,1228.4,1.48,2180.0,3017.6,-1.29,11.0,366,True
2017,대전광역시,서구,30170,133,10.47,-3.74,25.49,1127.5,1.55,2046.4,2844.6,-1.8,12.0,365,True
2018,대전광역시,서구,30170,133,10.47,-5.75,26.88,1542.1,1.55,2113.8,2936.6,-0.54,12.0,365,True
2019,대전광역시,서구,30170,133,10.47,-3.91,25.26,984.2,1.34,2062.2,2881.4,-1.69,12.0,365,True
2020,대전광역시,서구,30170,133,10.47,-1.44,25.11,1614.0,1.45,1916.4,2741.2,-1.91,12.0,366,True
2021,대전광역시,서구,30170,133,10.47,-3.91,25.73,1109.5,1.51,2095.5,2965.6,-1.0,12.0,365,True
2022,대전광역시,서구,30170,133,10.47,-4.69,25.59,1203.1,1.92,2089.4,2934.0,-1.93,12.0,365,True
2023,대전광역시,서구,30170,133,10.47,-5.13,25.5,2042.5,1.51,2122.8,2981.5,-1.66,12.0,365,True
2016,대전광역시,유성구,30200,133,3.51,-3.17,26.08,1228.4,1.48,2180.0,3017.6,-1.29,11.0,366,True
2017,대전광역시,유성구,30200,133,3.51,-3.74,25.49,1127.5,1.55,2046.4,2844.6,-1.8,12.0,365,True
2018,대전광역시,유성구,30200,133,3.51,-5.75,26.88,1542.1,1.55,2113.8,2936.6,-0.54,12.0,365,True
2019,대전광역시,유성구,30200,133,3.51,-3.91,25.26,984.2,1.34,2062.2,2881.4,-1.69,12.0,365,True
2020,대전광역시,유성구,30200,133,3.51,-1.44,25.11,1614.0,1.45,1916.4,2741.2,-1.91,12.0,366,True
2021,대전광역시,유성구,30200,133,3.51,-3.91,25.73,1109.5,1.51,2095.5,2965.6,-1.0,12.0,365,True
2022,대전광역시,유성구,30200,133,3.51,-4.69,25.59,1203.1,1.92,2089.4,2934.0,-1.93,12.0,365,True
2023,대전광역시,유성구,30200,133,3.51,-5.13,25.5,2042.5,1.51,2122.8,2981.5,-1.66,12.0,365,True
2016,대전광역시,중구,30140,133,10.71,-3.17,26.08,1228.4,1.48,2180.0,3017.6,-1.29,11.0,366,True
2017,대전광역시,중구,30140,133,10.71,-3.74,25.49,1127.5,1.55,2046.4,2844.6,-1.8,12.0,365,True
2018,대전광역시,중구,30140,133,10.71,-5.75,26.88,1542.1,1.55,2113.8,2936.6,-0.54,12.0,365,True
2019,대전광역시,중구,30140,133,10.71,-3.91,25.26,984.2,1.34,2062.2,2881.4,-1.69,12.0,365,True
2020,대전광역시,중구,30140,133,10.71,-1.44,25.11,1614.0,1.45,1916.4,2741.2,-1.91,12.0,366,True
2021,대전광역시,중구,30140,133,10.71,-3.91,25.73,1109.5,1.51,2095.5,2965.6,-1.0,12.0,365,True
2022,대전광역시,중구,30140,133,10.71,-4.69,25.59,1203.1,1.92,2089.4,2934.0,-1.93,12.0,365,True
2023,대전광역시,중구,30140,133,10.71,-5.13,25.5,2042.5,1.51,2122.8,2981.5,-1.66,12.0,365,True
2016,부산광역시,강서구,26440,253,10.25,0.7,25.71,1634.0,2.08,2312.1,3233.9,-0.89,11.0,366,True
2017,부산광역시,강서구,26440,253,10.25,-0.41,25.11,755.8,2.18,2168.2,3025.5,-1.98,12.0,365,True
2018,부산광역시,강서구,26440,253,10.25,-2.98,26.08,1469.7,2.13,2242.2,3156.0,-1.61,12.0,365,True
2019,부산광역시,강서구,26440,253,10.25,-0.3,24.87,1494.0,2.08,2252.4,3179.5,-0.76,12.0,365,True
2020,부산광역시,강서구,26440,253,10.25,1.46,24.59,1702.5,1.93,2028.3,2925.2,-1.61,12.0,366,True
2021,부산광역시,강서구,26440,253,10.25,-1.36,25.01,1552.6,1.73,2177.6,3122.9,-1.11,12.0,365,True
2022,부산광역시,강서구,26440,253,10.25,-1.83,25.31,874.0,1.72,2234.6,3160.6,-2.26,12.0,365,True
2023,부산광역시,강서구,26440,253,10.25,-1.61,25.57,1879.6,1.6,2307.2,3254.0,-0.62,12.0,365,True
2016,부산광역시,금정구,26410,257,8.41,-0.53,25.69,1978.8,2.25,2263.4,3166.8,-0.41,11.0,366,True
2017,부산광역시,금정구,26410,257,8.41,-0.78,26.07,720.2,2.33,2297.6,3153.1,-2.01,12.0,365,True
2018,부산광역시,금정구,26410,257,8.41,-3.27,26.32,1589.2,2.31,2221.2,3105.6,-1.98,12.0,365,True
2019,부산광역시,금정구,26410,257,8.41,-0.62,25.0,1536.1,2.12,2211.2,3116.1,-0.48,12.0,365,True
2020,부산광역시,금정구,26410,257,8.41,0.88,24.98,1892.5,2.22,2070.6,2977.5,-1.4,12.0,366,True
2021,부산광역시,금정구,26410,257,8.41,-1.31,25.52,1708.2,2.19,2238.8,3174.4,-1.13,12.0,365,True
2022,부산광역시,금정구,26410,257,8.41,-1.81,25.97,932.5,2.15,2323.7,3248.1,-2.25,12.0,365,True
2023,부산광역시,금정구,26410,257,8.41,-1.31,26.29,2172.0,1.97,2412.5,3363.4,-0.63,12.0,365,True
2016,부산광역시,기장군,26710,257,16.46,-0.53,25.69,1978.8,2.25,2263.4,3166.8,-0.41,11.0,366,True
2017,부산광역시,기장군,26710,257,16.46,-0.78,26.07,720.2,2.33,2297.6,3153.1,-2.01,12.0,365,True
2018,부산광역시,기장군,26710,257,16.46,-3.27,26.32,1589.2,2.31,2221.2,3105.6,-1.98,12.0,365,True
2019,부산광역시,기장군,26710,257,16.46,-0.62,25.0,1536.1,2.12,2211.2,3116.1,-0.48,12.0,365,True
2020,부산광역시,기장군,26710,257,16.46,0.88,24.98,1892.5,2.22,2070.6,2977.5,-1.4,12.0,366,True
2021,부산광역시,기장군,26710,257,16.46,-1.31,25.52,1708.2,2.19,2238.8,3174.4,-1.13,12.0,365,True
2022,부산광역시,기장군,26710,257,16.46,-1.81,25.97,932.5,2.15,2323.7,3248.1,-2.25,12.0,365,True
2023,부산광역시,기장군,26710,257,16.46,-1.31,26.29,2172.0,1.97,2412.5,3363.4,-0.63,12.0,365,True
2016,부산광역시,남구,26290,159,6.1,1.84,25.03,1760.2,3.11,2254.9,3215.8,-0.94,11.0,366,True
2017,부산광역시,남구,26290,159,6.1,1.42,24.81,1014.4,3.17,2161.5,3064.1,-2.4,12.0,365,True
2018,부산광역시,남구,26290,159,6.1,-0.98,25.41,1778.6,3.18,2154.4,3094.1,-1.61,12.0,365,True
2019,부산광역시,남구,26290,159,6.1,1.67,24.15,1623.2,3.04,2141.6,3106.4,-0.91,12.0,365,True
2020,부산광역시,남구,26290,159,6.1,3.2,23.94,2281.6,3.17,1992.6,2944.0,-1.38,12.0,366,True
2021,부산광역시,남구,26290,159,6.1,0.86,24.83,1807.8,3.12,2203.1,3209.8,-1.24,12.0,365,True
2022,부산광역시,남구,26290,159,6.1,0.49,24.78,991.9,3.23,2236.4,3187.8,-2.37,12.0,365,True
2023,부산광역시,남구,26290,159,6.1,0.74,25.3,2191.4,3.19,2311.4,3294.6,-0.7,12.0,365,True
2016,부산광역시,동구,26170,159,2.82,1.84,25.03,1760.2,3.11,2254.9,3215.8,-0.94,11.0,366,True
2017,부산광역시,동구,26170,159,2.82,1.42,24.81,1014.4,3.17,2161.5,3064.1,-2.4,12.0,365,True
2018,부산광역시,동구,26170,159,2.82,-0.98,25.41,1778.6,3.18,2154.4,3094.1,-1.61,12.0,365,True
2019,부산광역시,동구,26170,159,2.82,1.67,24.15,1623.2,3.04,2141.6,3106.4,-0.91,12.0,365,True
2020,부산광역시,동구,26170,159,2.82,3.2,23.94,2281.6,3.17,1992.6,2944.0,-1.38,12.0,366,True
2021,부산광역시,동구,26170,159,2.82,0.86,24.83,1807.8,3.12,2203.1,3209.8,-1.24,12.0,365,True
2022,부산광역시,동구,26170,159,2.82,0.49,24.78,991.9,3.23,2236.4,3187.8,-2.37,12.0,365,True
2023,부산광역시,동구,26170,159,2.82,0.74,25.3,2191.4,3.19,2311.4,3294.6,-0.7,12.0,365,True
2016,부산광역시,동래구,26260,296,10.86,,,,,,,,,0,False
2017,부산광역시,동래구,26260,296,10.86,,,,,,,,,0,False
2018,부산광역시,동래구,26260,296,10.86,,,,,,,,,0,False
2019,부산광역시,동래구,26260,296,10.86,,,,,,,,,0,False
2020,부산광역시,동래구,26260,296,10.86,,,,,,,,,0,False
2021,부산광역시,동래구,26260,296,10.86,,,,,,,,,0,False
2022,부산광역시,동래구,26260,296,10.86,,,,,,,,,0,False
2023,부산광역시,동래구,26260,296,10.86,-2.18,25.67,1973.5,2.0,2192.1,3111.0,,,355,False
2016,부산광역시,부산진구,26230,159,6.8,1.84,25.03,1760.2,3.11,2254.9,3215.8,-0.94,11.0,366,True
2017,부산광역시,부산진구,26230,159,6.8,1.42,24.81,1014.4,3.17,2161.5,3064.1,-2.4,12.0,365,True
2018,부산광역시,부산진구,26230,159,6.8,-0.98,25.41,1778.6,3.18,2154.4,3094.1,-1.61,12.0,365,True
2019,부산광역시,부산진구,26230,159,6.8,1.67,24.15,1623.2,3.04,2141.6,3106.4,-0.91,12.0,365,True
2020,부산광역시,부산진구,26230,159,6.8,3.2,23.94,2281.6,3.17,1992.6,2944.0,-1.38,12.0,366,True
2021,부산광역시,부산진구,26230,159,6.8,0.86,24.83,1807.8,3.12,2203.1,3209.8,-1.24,12.0,365,True
2022,부산광역시,부산진구,26230,159,6.8,0.49,24.78,991.9,3.23,2236.4,3187.8,-2.37,12.0,365,True
2023,부산광역시,부산진구,26230,159,6.8,0.74,25.3,2191.4,3.19,2311.4,3294.6,-0.7,12.0,365,True
2016,부산광역시,북구,26320,296,5.9,,,,,,,,,0,False
2017,부산광역시,북구,26320,296,5.9,,,,,,,,,0,False
2018,부산광역시,북구,26320,296,5.9,,,,,,,,,0,False
2019,부산광역시,북구,26320,296,5.9,,,,,,,,,0,False
2020,부산광역시,북구,26320,296,5.9,,,,,,,,,0,False
2021,부산광역시,북구,26320,296,5.9,,,,,,,,,0,False
2022,부산광역시,북구,26320,296,5.9,,,,,,,,,0,False
2023,부산광역시,북구,26320,296,5.9,-2.18,25.67,1973.5,2.0,2192.1,3111.0,,,355,False
2016,부산광역시,사상구,26530,296,7.02,,,,,,,,,0,False
2017,부산광역시,사상구,26530,296,7.02,,,,,,,,,0,False
2018,부산광역시,사상구,26530,296,7.02,,,,,,,,,0,False
2019,부산광역시,사상구,26530,296,7.02,,,,,,,,,0,False
2020,부산광역시,사상구,26530,296,7.02,,,,,,,,,0,False
2021,부산광역시,사상구,26530,296,7.02,,,,,,,,,0,False
2022,부산광역시,사상구,26530,296,7.02,,,,,,,,,0,False
2023,부산광역시,사상구,26530,296,7.02,-2.18,25.67,1973.5,2.0,2192.1,3111.0,,,355,False
2016,부산광역시,사하구,26380,159,5.89,1.84,25.03,1760.2,3.11,2254.9,3215.8,-0.94,11.0,366,True
2017,부산광역시,사하구,26380,159,5.89,1.42,24.81,1014.4,3.17,2161.5,3064.1,-2.4,12.0,365,True
2018,부산광역시,사하구,26380,159,5.89,-0.98,25.41,1778.6,3.18,2154.4,3094.1,-1.61,12.0,365,True
2019,부산광역시,사하구,26380,159,5.89,1.67,24.15,1623.2,3.04,2141.6,3106.4,-0.91,12.0,365,True
2020,부산광역시,사하구,26380,159,5.89,3.2,23.94,2281.6,3.17,1992.6,2944.0,-1.38,12.0,366,True
2021,부산광역시,사하구,26380,159,5.89,0.86,24.83,1807.8,3.12,2203.1,3209.8,-1.24,12.0,365,True
2022,부산광역시,사하구,26380,159,5.89,0.49,24.78,991.9,3.23,2236.4,3187.8,-2.37,12.0,365,True
2023,부산광역시,사하구,26380,159,5.89,0.74,25.3,2191.4,3.19,2311.4,3294.6,-0.7,12.0,365,True
2016,부산광역시,서구,26140,159,1.59,1.84,25.03,1760.2,3.11,2254.9,3215.8,-0.94,11.0,366,True
2017,부산광역시,서구,26140,159,1.59,1.42,24.81,1014.4,3.17,2161.5,3064.1,-2.4,12.0,365,True
2018,부산광역시,서구,26140,159,1.59,-0.98,25.41,1778.6,3.18,2154.4,3094.1,-1.61,12.0,365,True
2019,부산광역시,서구,26140,159,1.59,1.67,24.15,1623.2,3.04,2141.6,3106.4,-0.91,12.0,365,True
2020,부산광역시,서구,26140,159,1.59,3.2,23.94,2281.6,3.17,1992.6,2944.0,-1.38,12.0,366,True
2021,부산광역시,서구,26140,159,1.59,0.86,24.83,1807.8,3.12,2203.1,3209.8,-1.24,12.0,365,True
2022,부산광역시,서구,26140,159,1.59,0.49,24.78,991.9,3.23,2236.4,3187.8,-2.37,12.0,365,True
2023,부산광역시,서구,26140,159,1.59,0.74,25.3,2191.4,3.19,2311.4,3294.6,-0.7,12.0,365,True
2016,부산광역시,수영구,26500,159,9.6,1.84,25.03,1760.2,3.11,2254.9,3215.8,-0.94,11.0,366,True
2017,부산광역시,수영구,26500,159,9.6,1.42,24.81,1014.4,3.17,2161.5,3064.1,-2.4,12.0,365,True
2018,부산광역시,수영구,26500,159,9.6,-0.98,25.41,1778.6,3.18,2154.4,3094.1,-1.61,12.0,365,True
2019,부산광역시,수영구,26500,159,9.6,1.67,24.15,1623.2,3.04,2141.6,3106.4,-0.91,12.0,365,True
2020,부산광역시,수영구,26500,159,9.6,3.2,23.94,2281.6,3.17,1992.6,2944.0,-1.38,12.0,366,True
2021,부산광역시,수영구,26500,159,9.6,0.86,24.83,1807.8,3.12,2203.1,3209.8,-1.24,12.0,365,True
2022,부산광역시,수영구,26500,159,9.6,0.49,24.78,991.9,3.23,2236.4,3187.8,-2.37,12.0,365,True
2023,부산광역시,수영구,26500,159,9.6,0.74,25.3,2191.4,3.19,2311.4,3294.6,-0.7,12.0,365,True
2016,부산광역시,연제구,26470,159,9.86,1.84,25.03,1760.2,3.11,2254.9,3215.8,-0.94,11.0,366,True
2017,부산광역시,연제구,26470,159,9.86,1.42,24.81,1014.4,3.17,2161.5,3064.1,-2.4,12.0,365,True
2018,부산광역시,연제구,26470,159,9.86,-0.98,25.41,1778.6,3.18,2154.4,3094.1,-1.61,12.0,365,True
2019,부산광역시,연제구,26470,159,9.86,1.67,24.15,1623.2,3.04,2141.6,3106.4,-0.91,12.0,365,True
2020,부산광역시,연제구,26470,159,9.86,3.2,23.94,2281.6,3.17,1992.6,2944.0,-1.38,12.0,366,True
2021,부산광역시,연제구,26470,159,9.86,0.86,24.83,1807.8,3.12,2203.1,3209.8,-1.24,12.0,365,True
2022,부산광역시,연제구,26470,159,9.86,0.49,24.78,991.9,3.23,2236.4,3187.8,-2.37,12.0,365,True
2023,부산광역시,연제구,26470,159,9.86,0.74,25.3,2191.4,3.19,2311.4,3294.6,-0.7,12.0,365,True
2016,부산광역시,영도구,26200,159,4.16,1.84,25.03,1760.2,3.11,2254.9,3215.8,-0.94,11.0,366,True
2017,부산광역시,영도구,26200,159,4.16,1.42,24.81,1014.4,3.17,2161.5,3064.1,-2.4,12.0,365,True
2018,부산광역시,영도구,26200,159,4.16,-0.98,25.41,1778.6,3.18,2154.4,3094.1,-1.61,12.0,365,True
2019,부산광역시,영도구,26200,159,4.16,1.67,24.15,1623.2,3.04,2141.6,3106.4,-0.91,12.0,365,True
2020,부산광역시,영도구,26200,159,4.16,3.2,23.94,2281.6,3.17,1992.6,2944.0,-1.38,12.0,366,True
2021,부산광역시,영도구,26200,159,4.16,0.86,24.83,1807.8,3.12,2203.1,3209.8,-1.24,12.0,365,True
2022,부산광역시,영도구,26200,159,4.16,0.49,24.78,991.9,3.23,2236.4,3187.8,-2.37,12.0,365,True
2023,부산광역시,영도구,26200,159,4.16,0.74,25.3,2191.4,3.19,2311.4,3294.6,-0.7,12.0,365,True
2016,부산광역시,중구,26110,159,0.19,1.84,25.03,1760.2,3.11,2254.9,3215.8,-0.94,11.0,366,True
2017,부산광역시,중구,26110,159,0.19,1.42,24.81,1014.4,3.17,2161.5,3064.1,-2.4,12.0,365,True
2018,부산광역시,중구,26110,159,0.19,-0.98,25.41,1778.6,3.18,2154.4,3094.1,-1.61,12.0,365,True
2019,부산광역시,중구,26110,159,0.19,1.67,24.15,1623.2,3.04,2141.6,3106.4,-0.91,12.0,365,True
2020,부산광역시,중구,26110,159,0.19,3.2,23.94,2281.6,3.17,1992.6,2944.0,-1.38,12.0,366,True
2021,부산광역시,중구,26110,159,0.19,0.86,24.83,1807.8,3.12,2203.1,3209.8,-1.24,12.0,365,True
2022,부산광역시,중구,26110,159,0.19,0.49,24.78,991.9,3.23,2236.4,3187.8,-2.37,12.0,365,True
2023,부산광역시,중구,26110,159,0.19,0.74,25.3,2191.4,3.19,2311.4,3294.6,-0.7,12.0,365,True
2016,부산광역시,해운대구,26350,159,14.83,1.84,25.03,1760.2,3.11,2254.9,3215.8,-0.94,11.0,366,True
2017,부산광역시,해운대구,26350,159,14.83,1.42,24.81,1014.4,3.17,2161.5,3064.1,-2.4,12.0,365,True
2018,부산광역시,해운대구,26350,159,14.83,-0.98,25.41,1778.6,3.18,2154.4,3094.1,-1.61,12.0,365,True
2019,부산광역시,해운대구,26350,159,14.83,1.67,24.15,1623.2,3.04,2141.6,3106.4,-0.91,12.0,365,True
2020,부산광역시,해운대구,26350,159,14.83,3.2,23.94,2281.6,3.17,1992.6,2944.0,-1.38,12.0,366,True
2021,부산광역시,해운대구,26350,159,14.83,0.86,24.83,1807.8,3.12,2203.1,3209.8,-1.24,12.0,365,True
2022,부산광역시,해운대구,26350,159,14.83,0.49,24.78,991.9,3.23,2236.4,3187.8,-2.37,12.0,365,True
2023,부산광역시,해운대구,26350,159,14.83,0.74,25.3,2191.4,3.19,2311.4,3294.6,-0.7,12.0,365,True
2016,서울특별시,강남구,11680,108,11.95,-4.34,25.97,991.7,2.28,2199.9,3030.6,-1.7,11.0,366,True
2017,서울특별시,강남구,11680,108,11.95,-4.39,25.39,1233.2,2.21,2100.6,2899.3,-1.85,12.0,365,True
2018,서울특별시,강남구,11680,108,11.95,-6.33,26.6,1284.1,1.73,2069.6,2878.0,-1.33,12.0,365,True
2019,서울특별시,강남구,11680,108,11.95,-4.36,25.22,891.3,1.95,2062.6,2861.8,-2.16,12.0,365,True
2020,서울특별시,강남구,11680,108,11.95,-1.88,24.86,1651.1,2.36,1872.2,2684.3,-1.16,12.0,366,True
2021,서울특별시,강남구,11680,108,11.95,-4.48,25.63,1186.5,2.31,2045.2,2899.6,-1.12,12.0,365,True
2022,서울특별시,강남구,11680,108,11.95,-5.02,25.48,1775.3,2.37,2058.6,2907.0,-1.54,12.0,365,True
2023,서울특별시,강남구,11680,108,11.95,-4.8,25.78,1598.8,2.27,2196.9,3040.7,-0.76,12.0,365,True
2016,서울특별시,강동구,11740,108,16.19,-4.34,25.97,991.7,2.28,2199.9,3030.6,-1.7,11.0,366,True
2017,서울특별시,강동구,11740,108,16.19,-4.39,25.39,1233.2,2.21,2100.6,2899.3,-1.85,12.0,365,True
2018,서울특별시,강동구,11740,108,16.19,-6.33,26.6,1284.1,1.73,2069.6,2878.0,-1.33,12.0,365,True
2019,서울특별시,강동구,11740,108,16.19,-4.36,25.22,891.3,1.95,2062.6,2861.8,-2.16,12.0,365,True
2020,서울특별시,강동구,11740,108,16.19,-1.88,24.86,1651.1,2.36,1872.2,2684.3,-1.16,12.0,366,True
2021,서울특별시,강동구,11740,108,16.19,-4.48,25.63,1186.5,2.31,2045.2,2899.6,-1.12,12.0,365,True
2022,서울특별시,강동구,11740,108,16.19,-5.02,25.48,1775.3,2.37,2058.6,2907.0,-1.54,12.0,365,True
2023,서울특별시,강동구,11740,108,16.19,-4.8,25.78,1598.8,2.27,2196.9,3040.7,-0.76,12.0,365,True
2016,서울특별시,강북구,11305,108,8.97,-4.34,25.97,991.7,2.28,2199.9,3030.6,-1.7,11.0,366,True
2017,서울특별시,강북구,11305,108,8.97,-4.39,25.39,1233.2,2.21,2100.6,2899.3,-1.85,12.0,365,True
2018,서울특별시,강북구,11305,108,8.97,-6.33,26.6,1284.1,1.73,2069.6,2878.0,-1.33,12.0,365,True
2019,서울특별시,강북구,11305,108,8.97,-4.36,25.22,891.3,1.95,2062.6,2861.8,-2.16,12.0,365,True
2020,서울특별시,강북구,11305,108,8.97,-1.88,24.86,1651.1,2.36,1872.2,2684.3,-1.16,12.0,366,True
2021,서울특별시,강북구,11305,108,8.97,-4.48,25.63,1186.5,2.31,2045.2,2899.6,-1.12,12.0,365,True
2022,서울특별시,강북구,11305,108,8.97,-5.02,25.48,1775.3,2.37,2058.6,2907.0,-1.54,12.0,365,True
2023,서울특별시,강북구,11305,108,8.97,-4.8,25.78,1598.8,2.27,2196.9,3040.7,-0.76,12.0,365,True
2016,서울특별시,강서구,11500,108,12.65,-4.34,25.97,991.7,2.28,2199.9,3030.6,-1.7,11.0,366,True
2017,서울특별시,강서구,11500,108,12.65,-4.39,25.39,1233.2,2.21,2100.6,2899.3,-1.85,12.0,365,True
2018,서울특별시,강서구,11500,108,12.65,-6.33,26.6,1284.1,1.73,2069.6,2878.0,-1.33,12.0,365,True
2019,서울특별시,강서구,11500,108,12.65,-4.36,25.22,891.3,1.95,2062.6,2861.8,-2.16,12.0,365,True
2020,서울특별시,강서구,11500,108,12.65,-1.88,24.86,1651.1,2.36,1872.2,2684.3,-1.16,12.0,366,True
2021,서울특별시,강서구,11500,108,12.65,-4.48,25.63,1186.5,2.31,2045.2,2899.6,-1.12,12.0,365,True
2022,서울특별시,강서구,11500,108,12.65,-5.02,25.48,1775.3,2.37,2058.6,2907.0,-1.54,12.0,365,True
2023,서울특별시,강서구,11500,108,12.65,-4.8,25.78,1598.8,2.27,2196.9,3040.7,-0.76,12.0,365,True
2016,서울특별시,관악구,11620,108,11.73,-4.34,25.97,991.7,2.28,2199.9,3030.6,-1.7,11.0,366,True
2017,서울특별시,관악구,11620,108,11.73,-4.39,25.39,1233.2,2.21,2100.6,2899.3,-1.85,12.0,365,True
2018,서울특별시,관악구,11620,108,11.73,-6.33,26.6,1284.1,1.73,2069.6,2878.0,-1.33,12.0,365,True
2019,서울특별시,관악구,11620,108,11.73,-4.36,25.22,891.3,1.95,2062.6,2861.8,-2.16,12.0,365,True
2020,서울특별시,관악구,11620,108,11.73,-1.88,24.86,1651.1,2.36,1872.2,2684.3,-1.16,12.0,366,True
2021,서울특별시,관악구,11620,108,11.73,-4.48,25.63,1186.5,2.31,2045.2,2899.6,-1.12,12.0,365,True
2022,서울특별시,관악구,11620,108,11.73,-5.02,25.48,1775.3,2.37,2058.6,2907.0,-1.54,12.0,365,True
2023,서울특별시,관악구,11620,108,11.73,-4.8,25.78,1598.8,2.27,2196.9,3040.7,-0.76,12.0,365,True
2016,서울특별시,광진구,11215,108,10.91,-4.34,25.97,991.7,2.28,2199.9,3030.6,-1.7,11.0,366,True
2017,서울특별시,광진구,11215,108,10.91,-4.39,25.39,1233.2,2.21,2100.6,2899.3,-1.85,12.0,365,True
2018,서울특별시,광진구,11215,108,10.91,-6.33,26.6,1284.1,1.73,2069.6,2878.0,-1.33,12.0,365,True
2019,서울특별시,광진구,11215,108,10.91,-4.36,25.22,891.3,1.95,2062.6,2861.8,-2.16,12.0,365,True
2020,서울특별시,광진구,11215,108,10.91,-1.88,24.86,1651.1,2.36,1872.2,2684.3,-1.16,12.0,366,True
2021,서울특별시,광진구,11215,108,10.91,-4.48,25.63,1186.5,2.31,2045.2,2899.6,-1.12,12.0,365,True
2022,서울특별시,광진구,11215,108,10.91,-5.02,25.48,1775.3,2.37,2058.6,2907.0,-1.54,12.0,365,True
2023,서울특별시,광진구,11215,108,10.91,-4.8,25.78,1598.8,2.27,2196.9,3040.7,-0.76,12.0,365,True
2016,서울특별시,구로구,11530,108,12.88,-4.34,25.97,991.7,2.28,2199.9,3030.6,-1.7,11.0,366,True
2017,서울특별시,구로구,11530,108,12.88,-4.39,25.39,1233.2,2.21,2100.6,2899.3,-1.85,12.0,365,True
2018,서울특별시,구로구,11530,108,12.88,-6.33,26.6,1284.1,1.73,2069.6,2878.0,-1.33,12.0,365,True
2019,서울특별시,구로구,11530,108,12.88,-4.36,25.22,891.3,1.95,2062.6,2861.8,-2.16,12.0,365,True
2020,서울특별시,구로구,11530,108,12.88,-1.88,24.86,1651.1,2.36,1872.2,2684.3,-1.16,12.0,366,True
2021,서울특별시,구로구,11530,108,12.88,-4.48,25.63,1186.5,2.31,2045.2,2899.6,-1.12,12.0,365,True
2022,서울특별시,구로구,11530,108,12.88,-5.02,25.48,1775.3,2.37,2058.6,2907.0,-1.54,12.0,365,True
2023,서울특별시,구로구,11530,108,12.88,-4.8,25.78,1598.8,2.27,2196.9,3040.7,-0.76,12.0,365,True
2016,서울특별시,금천구,11545,108,13.59,-4.34,25.97,991.7,2.28,2199.9,3030.6,-1.7,11.0,366,True
2017,서울특별시,금천구,11545,108,13.59,-4.39,25.39,1233.2,2.21,2100.6,2899.3,-1.85,12.0,365,True
2018,서울특별시,금천구,11545,108,13.59,-6.33,26.6,1284.1,1.73,2069.6,2878.0,-1.33,12.0,365,True
2019,서울특별시,금천구,11545,108,13.59,-4.36,25.22,891.3,1.95,2062.6,2861.8,-2.16,12.0,365,True
2020,서울특별시,금천구,11545,108,13.59,-1.88,24.86,1651.1,2.36,1872.2,2684.3,-1.16,12.0,366,True
2021,서울특별시,금천구,11545,108,13.59,-4.48,25.63,1186.5,2.31,2045.2,2899.6,-1.12,12.0,365,True
2022,서울특별시,금천구,11545,108,13.59,-5.02,25.48,1775.3,2.37,2058.6,2907.0,-1.54,12.0,365,True
2023,서울특별시,금천구,11545,108,13.59,-4.8,25.78,1598.8,2.27,2196.9,3040.7,-0.76,12.0,365,True
2016,서울특별시,노원구,11350,108,13.16,-4.34,25.97,991.7,2.28,2199.9,3030.6,-1.7,11.0,366,True
2017,서울특별시,노원구,11350,108,13.16,-4.39,25.39,1233.2,2.21,2100.6,2899.3,-1.85,12.0,365,True
2018,서울특별시,노원구,11350,108,13.16,-6.33,26.6,1284.1,1.73,2069.6,2878.0,-1.33,12.0,365,True
2019,서울특별시,노원구,11350,108,13.16,-4.36,25.22,891.3,1.95,2062.6,2861.8,-2.16,12.0,365,True
2020,서울특별시,노원구,11350,108,13.16,-1.88,24.86,1651.1,2.36,1872.2,2684.3,-1.16,12.0,366,True
2021,서울특별시,노원구,11350,108,13.16,-4.48,25.63,1186.5,2.31,2045.2,2899.6,-1.12,12.0,365,True
2022,서울특별시,노원구,11350,108,13.16,-5.02,25.48,1775.3,2.37,2058.6,2907.0,-1.54,12.0,365,True
2023,서울특별시,노원구,11350,108,13.16,-4.8,25.78,1598.8,2.27,2196.9,3040.7,-0.76,12.0,365,True
2016,서울특별시,도봉구,11320,108,12.31,-4.34,25.97,991.7,2.28,2199.9,3030.6,-1.7,11.0,366,True
2017,서울특별시,도봉구,11320,108,12.31,-4.39,25.39,1233.2,2.21,2100.6,2899.3,-1.85,12.0,365,True
2018,서울특별시,도봉구,11320,108,12.31,-6.33,26.6,1284.1,1.73,2069.6,2878.0,-1.33,12.0,365,True
2019,서울특별시,도봉구,11320,108,12.31,-4.36,25.22,891.3,1.95,2062.6,2861.8,-2.16,12.0,365,True
2020,서울특별시,도봉구,11320,108,12.31,-1.88,24.86,1651.1,2.36,1872.2,2684.3,-1.16,12.0,366,True
2021,서울특별시,도봉구,11320,108,12.31,-4.48,25.63,1186.5,2.31,2045.2,2899.6,-1.12,12.0,365,True
2022,서울특별시,도봉구,11320,108,12.31,-5.02,25.48,1775.3,2.37,2058.6,2907.0,-1.54,12.0,365,True
2023,서울특별시,도봉구,11320,108,12.31,-4.8,25.78,1598.8,2.27,2196.9,3040.7,-0.76,12.0,365,True
2016,서울특별시,동대문구,11230,108,7.93,-4.34,25.97,991.7,2.28,2199.9,3030.6,-1.7,11.0,366,True
2017,서울특별시,동대문구,11230,108,7.93,-4.39,25.39,1233.2,2.21,2100.6,2899.3,-1.85,12.0,365,True
2018,서울특별시,동대문구,11230,108,7.93,-6.33,26.6,1284.1,1.73,2069.6,2878.0,-1.33,12.0,365,True
2019,서울특별시,동대문구,11230,108,7.93,-4.36,25.22,891.3,1.95,2062.6,2861.8,-2.16,12.0,365,True
2020,서울특별시,동대문구,11230,108,7.93,-1.88,24.86,1651.1,2.36,1872.2,2684.3,-1.16,12.0,366,True
2021,서울특별시,동대문구,11230,108,7.93,-4.48,25.63,1186.5,2.31,2045.2,2899.6,-1.12,12.0,365,True
2022,서울특별시,동대문구,11230,108,7.93,-5.02,25.48,1775.3,2.37,2058.6,2907.0,-1.54,12.0,365,True
2023,서울특별시,동대문구,11230,108,7.93,-4.8,25.78,1598.8,2.27,2196.9,3040.7,-0.76,12.0,365,True
2016,서울특별시,동작구,11590,108,8.13,-4.34,25.97,991.7,2.28,2199.9,3030.6,-1.7,11.0,366,True
2017,서울특별시,동작구,11590,108,8.13,-4.39,25.39,1233.2,2.21,2100.6,2899.3,-1.85,12.0,365,True
2018,서울특별시,동작구,11590,108,8.13,-6.33,26.6,1284.1,1.73,2069.6,2878.0,-1.33,12.0,365,True
2019,서울특별시,동작구,11590,108,8.13,-4.36,25.22,891.3,1.95,2062.6,2861.8,-2.16,12.0,365,True
2020,서울특별시,동작구,11590,108,8.13,-1.88,24.86,1651.1,2.36,1872.2,2684.3,-1.16,12.0,366,True
2021,서울특별시,동작구,11590,108,8.13,-4.48,25.63,1186.5,2.31,2045.2,2899.6,-1.12,12.0,365,True
2022,서울특별시,동작구,11590,108,8.13,-5.02,25.48,1775.3,2.37,2058.6,2907.0,-1.54,12.0,365,True
2023,서울특별시,동작구,11590,108,8.13,-4.8,25.78,1598.8,2.27,2196.9,3040.7,-0.76,12.0,365,True
2016,서울특별시,마포구,11440,108,5.21,-4.34,25.97,991.7,2.28,2199.9,3030.6,-1.7,11.0,366,True
2017,서울특별시,마포구,11440,108,5.21,-4.39,25.39,1233.2,2.21,2100.6,2899.3,-1.85,12.0,365,True
2018,서울특별시,마포구,11440,108,5.21,-6.33,26.6,1284.1,1.73,2069.6,2878.0,-1.33,12.0,365,True
2019,서울특별시,마포구,11440,108,5.21,-4.36,25.22,891.3,1.95,2062.6,2861.8,-2.16,12.0,365,True
2020,서울특별시,마포구,11440,108,5.21,-1.88,24.86,1651.1,2.36,1872.2,2684.3,-1.16,12.0,366,True
2021,서울특별시,마포구,11440,108,5.21,-4.48,25.63,1186.5,2.31,2045.2,2899.6,-1.12,12.0,365,True
2022,서울특별시,마포구,11440,108,5.21,-5.02,25.48,1775.3,2.37,2058.6,2907.0,-1.54,12.0,365,True
2023,서울특별시,마포구,11440,108,5.21,-4.8,25.78,1598.8,2.27,2196.9,3040.7,-0.76,12.0,365,True
2016,서울특별시,서대문구,11410,108,2.46,-4.34,25.97,991.7,2.28,2199.9,3030.6,-1.7,11.0,366,True
2017,서울특별시,서대문구,11410,108,2.46,-4.39,25.39,1233.2,2.21,2100.6,2899.3,-1.85,12.0,365,True
2018,서울특별시,서대문구,11410,108,2.46,-6.33,26.6,1284.1,1.73,2069.6,2878.0,-1.33,12.0,365,True
2019,서울특별시,서대문구,11410,108,2.46,-4.36,25.22,891.3,1.95,2062.6,2861.8,-2.16,12.0,365,True
2020,서울특별시,서대문구,11410,108,2.46,-1.88,24.86,1651.1,2.36,1872.2,2684.3,-1.16,12.0,366,True
2021,서울특별시,서대문구,11410,108,2.46,-4.48,25.63,1186.5,2.31,2045.2,2899.6,-1.12,12.0,365,True
2022,서울특별시,서대문구,11410,108,2.46,-5.02,25.48,1775.3,2.37,2058.6,2907.0,-1.54,12.0,365,True
2023,서울특별시,서대문구,11410,108,2.46,-4.8,25.78,1598.8,2.27,2196.9,3040.7,-0.76,12.0,365,True
2016,서울특별시,서초구,11650,108,12.37,-4.34,25.97,991.7,2.28,2199.9,3030.6,-1.7,11.0,366,True
2017,서울특별시,서초구,11650,108,12.37,-4.39,25.39,1233.2,2.21,2100.6,2899.3,-1.85,12.0,365,True
2018,서울특별시,서초구,11650,108,12.37,-6.33,26.6,1284.1,1.73,2069.6,2878.0,-1.33,12.0,365,True
2019,서울특별시,서초구,11650,108,12.37,-4.36,25.22,891.3,1.95,2062.6,2861.8,-2.16,12.0,365,True
2020,서울특별시,서초구,11650,108,12.37,-1.88,24.86,1651.1,2.36,1872.2,2684.3,-1.16,12.0,366,True
2021,서울특별시,서초구,11650,108,12.37,-4.48,25.63,1186.5,2.31,2045.2,2899.6,-1.12,12.0,365,True
2022,서울특별시,서초구,11650,108,12.37,-5.02,25.48,1775.3,2.37,2058.6,2907.0,-1.54,12.0,365,True
2023,서울특별시,서초구,11650,108,12.37,-4.8,25.78,1598.8,2.27,2196.9,3040.7,-0.76,12.0,365,True
2016,서울특별시,성동구,11200,108,7.08,-4.34,25.97,991.7,2.28,2199.9,3030.6,-1.7,11.0,366,True
2017,서울특별시,성동구,11200,108,7.08,-4.39,25.39,1233.2,2.21,2100.6,2899.3,-1.85,12.0,365,True
2018,서울특별시,성동구,11200,108,7.08,-6.33,26.6,1284.1,1.73,2069.6,2878.0,-1.33,12.0,365,True
2019,서울특별시,성동구,11200,108,7.08,-4.36,25.22,891.3,1.95,2062.6,2861.8,-2.16,12.0,365,True
2020,서울특별시,성동구,11200,108,7.08,-1.88,24.86,1651.1,2.36,1872.2,2684.3,-1.16,12.0,366,True
2021,서울특별시,성동구,11200,108,7.08,-4.48,25.63,1186.5,2.31,2045.2,2899.6,-1.12,12.0,365,True
2022,서울특별시,성동구,11200,108,7.08,-5.02,25.48,1775.3,2.37,2058.6,2907.0,-1.54,12.0,365,True
2023,서울특별시,성동구,11200,108,7.08,-4.8,25.78,1598.8,2.27,2196.9,3040.7,-0.76,12.0,365,True
2016,서울특별시,성북구,11290,108,5.92,-4.34,25.97,991.7,2.28,2199.9,3030.6,-1.7,11.0,366,True
2017,서울특별시,성북구,11290,108,5.92,-4.39,25.39,1233.2,2.21,2100.6,2899.3,-1.85,12.0,365,True
2018,서울특별시,성북구,11290,108,5.92,-6.33,26.6,1284.1,1.73,2069.6,2878.0,-1.33,12.0,365,True
2019,서울특별시,성북구,11290,108,5.92,-4.36,25.22,891.3,1.95,2062.6,2861.8,-2.16,12.0,365,True
2020,서울특별시,성북구,11290,108,5.92,-1.88,24.86,1651.1,2.36,1872.2,2684.3,-1.16,12.0,366,True
2021,서울특별시,성북구,11290,108,5.92,-4.48,25.63,1186.5,2.31,2045.2,2899.6,-1.12,12.0,365,True
2022,서울특별시,성북구,11290,108,5.92,-5.02,25.48,1775.3,2.37,2058.6,2907.0,-1.54,12.0,365,True
2023,서울특별시,성북구,11290,108,5.92,-4.8,25.78,1598.8,2.27,2196.9,3040.7,-0.76,12.0,365,True
2016,서울특별시,송파구,11710,108,15.1,-4.34,25.97,991.7,2.28,2199.9,3030.6,-1.7,11.0,366,True
2017,서울특별시,송파구,11710,108,15.1,-4.39,25.39,1233.2,2.21,2100.6,2899.3,-1.85,12.0,365,True
2018,서울특별시,송파구,11710,108,15.1,-6.33,26.6,1284.1,1.73,2069.6,2878.0,-1.33,12.0,365,True
2019,서울특별시,송파구,11710,108,15.1,-4.36,25.22,891.3,1.95,2062.6,2861.8,-2.16,12.0,365,True
2020,서울특별시,송파구,11710,108,15.1,-1.88,24.86,1651.1,2.36,1872.2,2684.3,-1.16,12.0,366,True
2021,서울특별시,송파구,11710,108,15.1,-4.48,25.63,1186.5,2.31,2045.2,2899.6,-1.12,12.0,365,True
2022,서울특별시,송파구,11710,108,15.1,-5.02,25.48,1775.3,2.37,2058.6,2907.0,-1.54,12.0,365,True
2023,서울특별시,송파구,11710,108,15.1,-4.8,25.78,1598.8,2.27,2196.9,3040.7,-0.76,12.0,365,True
2016,서울특별시,양천구,11470,108,11.06,-4.34,25.97,991.7,2.28,2199.9,3030.6,-1.7,11.0,366,True
2017,서울특별시,양천구,11470,108,11.06,-4.39,25.39,1233.2,2.21,2100.6,2899.3,-1.85,12.0,365,True
2018,서울특별시,양천구,11470,108,11.06,-6.33,26.6,1284.1,1.73,2069.6,2878.0,-1.33,12.0,365,True
2019,서울특별시,양천구,11470,108,11.06,-4.36,25.22,891.3,1.95,2062.6,2861.8,-2.16,12.0,365,True
2020,서울특별시,양천구,11470,108,11.06,-1.88,24.86,1651.1,2.36,1872.2,2684.3,-1.16,12.0,366,True
2021,서울특별시,양천구,11470,108,11.06,-4.48,25.63,1186.5,2.31,2045.2,2899.6,-1.12,12.0,365,True
2022,서울특별시,양천구,11470,108,11.06,-5.02,25.48,1775.3,2.37,2058.6,2907.0,-1.54,12.0,365,True
2023,서울특별시,양천구,11470,108,11.06,-4.8,25.78,1598.8,2.27,2196.9,3040.7,-0.76,12.0,365,True
2016,서울특별시,영등포구,11560,108,7.32,-4.34,25.97,991.7,2.28,2199.9,3030.6,-1.7,11.0,366,True
2017,서울특별시,영등포구,11560,108,7.32,-4.39,25.39,1233.2,2.21,2100.6,2899.3,-1.85,12.0,365,True
2018,서울특별시,영등포구,11560,108,7.32,-6.33,26.6,1284.1,1.73,2069.6,2878.0,-1.33,12.0,365,True
2019,서울특별시,영등포구,11560,108,7.32,-4.36,25.22,891.3,1.95,2062.6,2861.8,-2.16,12.0,365,True
2020,서울특별시,영등포구,11560,108,7.32,-1.88,24.86,1651.1,2.36,1872.2,2684.3,-1.16,12.0,366,True
2021,서울특별시,영등포구,11560,108,7.32,-4.48,25.63,1186.5,2.31,2045.2,2899.6,-1.12,12.0,365,True
2022,서울특별시,영등포구,11560,108,7.32,-5.02,25.48,1775.3,2.37,2058.6,2907.0,-1.54,12.0,365,True
2023,서울특별시,영등포구,11560,108,7.32,-4.8,25.78,1598.8,2.27,2196.9,3040.7,-0.76,12.0,365,True
2016,서울특별시,용산구,11170,108,4.61,-4.34,25.97,991.7,2.28,2199.9,3030.6,-1.7,11.0,366,True
2017,서울특별시,용산구,11170,108,4.61,-4.39,25.39,1233.2,2.21,2100.6,2899.3,-1.85,12.0,365,True
2018,서울특별시,용산구,11170,108,4.61,-6.33,26.6,1284.1,1.73,2069.6,2878.0,-1.33,12.0,365,True
2019,서울특별시,용산구,11170,108,4.61,-4.36,25.22,891.3,1.95,2062.6,2861.8,-2.16,12.0,365,True
2020,서울특별시,용산구,11170,108,4.61,-1.88,24.86,1651.1,2.36,1872.2,2684.3,-1.16,12.0,366,True
2021,서울특별시,용산구,11170,108,4.61,-4.48,25.63,1186.5,2.31,2045.2,2899.6,-1.12,12.0,365,True
2022,서울특별시,용산구,11170,108,4.61,-5.02,25.48,1775.3,2.37,2058.6,2907.0,-1.54,12.0,365,True
2023,서울특별시,용산구,11170,108,4.61,-4.8,25.78,1598.8,2.27,2196.9,3040.7,-0.76,12.0,365,True
2016,서울특별시,은평구,11380,108,6.38,-4.34,25.97,991.7,2.28,2199.9,3030.6,-1.7,11.0,366,True
2017,서울특별시,은평구,11380,108,6.38,-4.39,25.39,1233.2,2.21,2100.6,2899.3,-1.85,12.0,365,True
2018,서울특별시,은평구,11380,108,6.38,-6.33,26.6,1284.1,1.73,2069.6,2878.0,-1.33,12.0,365,True
2019,서울특별시,은평구,11380,108,6.38,-4.36,25.22,891.3,1.95,2062.6,2861.8,-2.16,12.0,365,True
2020,서울특별시,은평구,11380,108,6.38,-1.88,24.86,1651.1,2.36,1872.2,2684.3,-1.16,12.0,366,True
2021,서울특별시,은평구,11380,108,6.38,-4.48,25.63,1186.5,2.31,2045.2,2899.6,-1.12,12.0,365,True
2022,서울특별시,은평구,11380,108,6.38,-5.02,25.48,1775.3,2.37,2058.6,2907.0,-1.54,12.0,365,True
2023,서울특별시,은평구,11380,108,6.38,-4.8,25.78,1598.8,2.27,2196.9,3040.7,-0.76,12.0,365,True
2016,서울특별시,종로구,11110,108,2.78,-4.34,25.97,991.7,2.28,2199.9,3030.6,-1.7,11.0,366,True
2017,서울특별시,종로구,11110,108,2.78,-4.39,25.39,1233.2,2.21,2100.6,2899.3,-1.85,12.0,365,True
2018,서울특별시,종로구,11110,108,2.78,-6.33,26.6,1284.1,1.73,2069.6,2878.0,-1.33,12.0,365,True
2019,서울특별시,종로구,11110,108,2.78,-4.36,25.22,891.3,1.95,2062.6,2861.8,-2.16,12.0,365,True
2020,서울특별시,종로구,11110,108,2.78,-1.88,24.86,1651.1,2.36,1872.2,2684.3,-1.16,12.0,366,True
2021,서울특별시,종로구,11110,108,2.78,-4.48,25.63,1186.5,2.31,2045.2,2899.6,-1.12,12.0,365,True
2022,서울특별시,종로구,11110,108,2.78,-5.02,25.48,1775.3,2.37,2058.6,2907.0,-1.54,12.0,365,True
2023,서울특별시,종로구,11110,108,2.78,-4.8,25.78,1598.8,2.27,2196.9,3040.7,-0.76,12.0,365,True
2016,서울특별시,중구,11140,108,3.11,-4.34,25.97,991.7,2.28,2199.9,3030.6,-1.7,11.0,366,True
2017,서울특별시,중구,11140,108,3.11,-4.39,25.39,1233.2,2.21,2100.6,2899.3,-1.85,12.0,365,True
2018,서울특별시,중구,11140,108,3.11,-6.33,26.6,1284.1,1.73,2069.6,2878.0,-1.33,12.0,365,True
2019,서울특별시,중구,11140,108,3.11,-4.36,25.22,891.3,1.95,2062.6,2861.8,-2.16,12.0,365,True
2020,서울특별시,중구,11140,108,3.11,-1.88,24.86,1651.1,2.36,1872.2,2684.3,-1.16,12.0,366,True
2021,서울특별시,중구,11140,108,3.11,-4.48,25.63,1186.5,2.31,2045.2,2899.6,-1.12,12.0,365,True
2022,서울특별시,중구,11140,108,3.11,-5.02,25.48,1775.3,2.37,2058.6,2907.0,-1.54,12.0,365,True
2023,서울특별시,중구,11140,108,3.11,-4.8,25.78,1598.8,2.27,2196.9,3040.7,-0.76,12.0,365,True
2016,서울특별시,중랑구,11260,108,11.59,-4.34,25.97,991.7,2.28,2199.9,3030.6,-1.7,11.0,366,True
2017,서울특별시,중랑구,11260,108,11.59,-4.39,25.39,1233.2,2.21,2100.6,2899.3,-1.85,12.0,365,True
2018,서울특별시,중랑구,11260,108,11.59,-6.33,26.6,1284.1,1.73,2069.6,2878.0,-1.33,12.0,365,True
2019,서울특별시,중랑구,11260,108,11.59,-4.36,25.22,891.3,1.95,2062.6,2861.8,-2.16,12.0,365,True
2020,서울특별시,중랑구,11260,108,11.59,-1.88,24.86,1651.1,2.36,1872.2,2684.3,-1.16,12.0,366,True
2021,서울특별시,중랑구,11260,108,11.59,-4.48,25.63,1186.5,2.31,2045.2,2899.6,-1.12,12.0,365,True
2022,서울특별시,중랑구,11260,108,11.59,-5.02,25.48,1775.3,2.37,2058.6,2907.0,-1.54,12.0,365,True
2023,서울특별시,중랑구,11260,108,11.59,-4.8,25.78,1598.8,2.27,2196.9,3040.7,-0.76,12.0,365,True
2016,세종특별자치시,세종시,36110,239,8.51,,,,,,,,,0,False
2017,세종특별자치시,세종시,36110,239,8.51,,,,,,,,,0,False
2018,세종특별자치시,세종시,36110,239,8.51,,,,,,,,,0,False
2019,세종특별자치시,세종시,36110,239,8.51,,24.38,959.3,1.17,1654.6,2246.5,-1.02,6.0,215,False
2020,세종특별자치시,세종시,36110,239,8.51,-1.95,24.41,1685.8,1.38,1793.0,2580.1,-1.79,12.0,366,True
2021,세종특별자치시,세종시,36110,239,8.51,-4.45,24.88,1104.6,1.36,1943.0,2772.7,-1.29,12.0,365,True
2022,세종특별자치시,세종시,36110,239,8.51,-5.17,25.03,1222.4,1.31,1969.7,2792.6,-1.88,12.0,365,True
2023,세종특별자치시,세종시,36110,239,8.51,-5.49,25.16,2103.3,1.44,2066.0,2910.9,-1.92,12.0,365,True
2016,울산광역시,남구,31140,152,7.51,0.09,24.59,1693.9,2.07,2031.0,2926.2,-0.79,11.0,366,True
2017,울산광역시,남구,31140,152,7.51,-0.33,24.77,671.4,2.23,2058.8,2901.0,-2.31,12.0,365,True
2018,울산광역시,남구,31140,152,7.51,-2.71,25.15,1416.1,2.21,2013.0,2900.5,-1.29,12.0,365,True
2019,울산광역시,남구,31140,152,7.51,-0.13,24.0,1450.1,2.07,1998.6,2887.4,-1.03,12.0,365,True
2020,울산광역시,남구,31140,152,7.51,1.36,24.17,1557.9,2.15,1890.0,2775.3,-1.36,12.0,366,True
2021,울산광역시,남구,31140,152,7.51,-0.69,24.34,1337.0,2.05,2006.7,2934.8,-1.15,12.0,365,True
2022,울산광역시,남구,31140,152,7.51,-1.17,24.95,926.1,2.08,2082.2,2989.0,-1.95,12.0,365,True
2023,울산광역시,남구,31140,152,7.51,-1.26,24.9,1642.9,2.19,2075.1,3000.7,-0.82,12.0,365,True
2016,울산광역시,동구,31170,152,10.41,0.09,24.59,1693.9,2.07,2031.0,2926.2,-0.79,11.0,366,True
2017,울산광역시,동구,31170,152,10.41,-0.33,24.77,671.4,2.23,2058.8,2901.0,-2.31,12.0,365,True
2018,울산광역시,동구,31170,152,10.41,-2.71,25.15,1416.1,2.21,2013.0,2900.5,-1.29,12.0,365,True
2019,울산광역시,동구,31170,152,10.41,-0.13,24.0,1450.1,2.07,1998.6,2887.4,-1.03,12.0,365,True
2020,울산광역시,동구,31170,152,10.41,1.36,24.17,1557.9,2.15,1890.0,2775.3,-1.36,12.0,366,True
2021,울산광역시,동구,31170,152,10.41,-0.69,24.34,1337.0,2.05,2006.7,2934.8,-1.15,12.0,365,True
2022,울산광역시,동구,31170,152,10.41,-1.17,24.95,926.1,2.08,2082.2,2989.0,-1.95,12.0,365,True
2023,울산광역시,동구,31170,152,10.41,-1.26,24.9,1642.9,2.19,2075.1,3000.7,-0.82,12.0,365,True
2016,울산광역시,북구,31200,152,5.14,0.09,24.59,1693.9,2.07,2031.0,2926.2,-0.79,11.0,366,True
2017,울산광역시,북구,31200,152,5.14,-0.33,24.77,671.4,2.23,2058.8,2901.0,-2.31,12.0,365,True
2018,울산광역시,북구,31200,152,5.14,-2.71,25.15,1416.1,2.21,2013.0,2900.5,-1.29,12.0,365,True
2019,울산광역시,북구,31200,152,5.14,-0.13,24.0,1450.1,2.07,1998.6,2887.4,-1.03,12.0,365,True
2020,울산광역시,북구,31200,152,5.14,1.36,24.17,1557.9,2.15,1890.0,2775.3,-1.36,12.0,366,True
2021,울산광역시,북구,31200,152,5.14,-0.69,24.34,1337.0,2.05,2006.7,2934.8,-1.15,12.0,365,True
2022,울산광역시,북구,31200,152,5.14,-1.17,24.95,926.1,2.08,2082.2,2989.0,-1.95,12.0,365,True
2023,울산광역시,북구,31200,152,5.14,-1.26,24.9,1642.9,2.19,2075.1,3000.7,-0.82,12.0,365,True
2016,울산광역시,울주군,31710,152,13.91,0.09,24.59,1693.9,2.07,2031.0,2926.2,-0.79,11.0,366,True
2017,울산광역시,울주군,31710,152,13.91,-0.33,24.77,671.4,2.23,2058.8,2901.0,-2.31,12.0,365,True
2018,울산광역시,울주군,31710,152,13.91,-2.71,25.15,1416.1,2.21,2013.0,2900.5,-1.29,12.0,365,True
2019,울산광역시,울주군,31710,152,13.91,-0.13,24.0,1450.1,2.07,1998.6,2887.4,-1.03,12.0,365,True
2020,울산광역시,울주군,31710,152,13.91,1.36,24.17,1557.9,2.15,1890.0,2775.3,-1.36,12.0,366,True
2021,울산광역시,울주군,31710,152,13.91,-0.69,24.34,1337.0,2.05,2006.7,2934.8,-1.15,12.0,365,True
2022,울산광역시,울주군,31710,152,13.91,-1.17,24.95,926.1,2.08,2082.2,2989.0,-1.95,12.0,365,True
2023,울산광역시,울주군,31710,152,13.91,-1.26,24.9,1642.9,2.19,2075.1,3000.7,-0.82,12.0,365,True
2016,울산광역시,중구,31110,152,2.69,0.09,24.59,1693.9,2.07,2031.0,2926.2,-0.79,11.0,366,True
2017,울산광역시,중구,31110,152,2.69,-0.33,24.77,671.4,2.23,2058.8,2901.0,-2.31,12.0,365,True
2018,울산광역시,중구,31110,152,2.69,-2.71,25.15,1416.1,2.21,2013.0,2900.5,-1.29,12.0,365,True
2019,울산광역시,중구,31110,152,2.69,-0.13,24.0,1450.1,2.07,1998.6,2887.4,-1.03,12.0,365,True
2020,울산광역시,중구,31110,152,2.69,1.36,24.17,1557.9,2.15,1890.0,2775.3,-1.36,12.0,366,True
2021,울산광역시,중구,31110,152,2.69,-0.69,24.34,1337.0,2.05,2006.7,2934.8,-1.15,12.0,365,True
2022,울산광역시,중구,31110,152,2.69,-1.17,24.95,926.1,2.08,2082.2,2989.0,-1.95,12.0,365,True
2023,울산광역시,중구,31110,152,2.69,-1.26,24.9,1642.9,2.19,2075.1,3000.7,-0.82,12.0,365,True
2016,인천광역시,강화군,28710,201,3.77,-6.16,23.99,1100.9,2.03,1763.4,2547.0,-1.52,11.0,366,True
2017,인천광역시,강화군,28710,201,3.77,-5.78,23.55,809.3,2.06,1643.4,2399.8,-2.27,12.0,365,True
2018,인천광역시,강화군,28710,201,3.77,-8.67,24.28,1072.3,2.01,1625.6,2383.1,-1.32,12.0,365,True
2019,인천광역시,강화군,28710,201,3.77,-6.58,23.6,1079.3,1.98,1670.5,2410.1,-1.86,12.0,365,True
2020,인천광역시,강화군,28710,201,3.77,-3.76,23.04,1436.9,2.0,1518.4,2257.0,-1.6,12.0,366,True
2021,인천광역시,강화군,28710,201,3.77,-6.34,23.82,1013.6,1.82,1711.2,2474.9,-1.79,12.0,365,True
2022,인천광역시,강화군,28710,201,3.77,-7.16,23.67,1561.8,1.87,1623.9,2389.8,-1.46,12.0,365,True
2023,인천광역시,강화군,28710,201,3.77,-7.2,23.62,1377.3,1.84,1725.4,2497.2,-0.83,12.0,365,True
2016,인천광역시,계양구,28245,112,13.19,-2.78,24.9,864.3,3.09,2009.0,2822.9,-1.92,11.0,366,True
2017,인천광역시,계양구,28245,112,13.19,-2.8,24.34,1028.9,3.14,1863.5,2647.8,-1.99,12.0,365,True
2018,인천광역시,계양구,28245,112,13.19,-5.49,25.36,1134.4,3.05,1875.6,2678.8,-1.29,12.0,365,True
2019,인천광역시,계양구,28245,112,13.19,-3.3,24.4,919.5,2.93,1906.4,2692.3,-1.87,12.0,365,True
2020,인천광역시,계양구,28245,112,13.19,-1.03,23.63,1311.9,3.09,1691.7,2483.2,-1.77,12.0,366,True
2021,인천광역시,계양구,28245,112,13.19,-3.69,24.82,1071.8,2.88,1907.4,2726.2,-1.64,12.0,365,True
2022,인천광역시,계양구,28245,112,13.19,-4.14,24.37,1620.5,2.86,1838.6,2670.8,-1.76,12.0,365,True
2023,인천광역시,계양구,28245,112,13.19,-4.32,24.71,1331.4,2.6,2012.2,2827.2,-1.03,12.0,365,True
2016,인천광역시,남동구,28200,112,10.35,-2.78,24.9,864.3,3.09,2009.0,2822.9,-1.92,11.0,366,True
2017,인천광역시,남동구,28200,112,10.35,-2.8,24.34,1028.9,3.14,1863.5,2647.8,-1.99,12.0,365,True
2018,인천광역시,남동구,28200,112,10.35,-5.49,25.36,1134.4,3.05,1875.6,2678.8,-1.29,12.0,365,True
2019,인천광역시,남동구,28200,112,10.35,-3.3,24.4,919.5,2.93,1906.4,2692.3,-1.87,12.0,365,True
2020,인천광역시,남동구,28200,112,10.35,-1.03,23.63,1311.9,3.09,1691.7,2483.2,-1.77,12.0,366,True
2021,인천광역시,남동구,28200,112,10.35,-3.69,24.82,1071.8,2.88,1907.4,2726.2,-1.64,12.0,365,True
2022,인천광역시,남동구,28200,112,10.35,-4.14,24.37,1620.5,2.86,1838.6,2670.8,-1.76,12.0,365,True
2023,인천광역시,남동구,28200,112,10.35,-4.32,24.71,1331.4,2.6,2012.2,2827.2,-1.03,12.0,365,True
2016,인천광역시,동구,28140,112,1.5,-2.78,24.9,864.3,3.09,2009.0,2822.9,-1.92,11.0,366,True
2017,인천광역시,동구,28140,112,1.5,-2.8,24.34,1028.9,3.14,1863.5,2647.8,-1.99,12.0,365,True
2018,인천광역시,동구,28140,112,1.5,-5.49,25.36,1134.4,3.05,1875.6,2678.8,-1.29,12.0,365,True
2019,인천광역시,동구,28140,112,1.5,-3.3,24.4,919.5,2.93,1906.4,2692.3,-1.87,12.0,365,True
2020,인천광역시,동구,28140,112,1.5,-1.03,23.63,1311.9,3.09,1691.7,2483.2,-1.77,12.0,366,True
2021,인천광역시,동구,28140,112,1.5,-3.69,24.82,1071.8,2.88,1907.4,2726.2,-1.64,12.0,365,True
2022,인천광역시,동구,28140,112,1.5,-4.14,24.37,1620.5,2.86,1838.6,2670.8,-1.76,12.0,365,True
2023,인천광역시,동구,28140,112,1.5,-4.32,24.71,1331.4,2.6,2012.2,2827.2,-1.03,12.0,365,True
2016,인천광역시,미추홀구,28177,112,4.54,-2.78,24.9,864.3,3.09,2009.0,2822.9,-1.92,11.0,366,True
2017,인천광역시,미추홀구,28177,112,4.54,-2.8,24.34,1028.9,3.14,1863.5,2647.8,-1.99,12.0,365,True
2018,인천광역시,미추홀구,28177,112,4.54,-5.49,25.36,1134.4,3.05,1875.6,2678.8,-1.29,12.0,365,True
2019,인천광역시,미추홀구,28177,112,4.54,-3.3,24.4,919.5,2.93,1906.4,2692.3,-1.87,12.0,365,True
2020,인천광역시,미추홀구,28177,112,4.54,-1.03,23.63,1311.9,3.09,1691.7,2483.2,-1.77,12.0,366,True
2021,인천광역시,미추홀구,28177,112,4.54,-3.69,24.82,1071.8,2.88,1907.4,2726.2,-1.64,12.0,365,True
2022,인천광역시,미추홀구,28177,112,4.54,-4.14,24.37,1620.5,2.86,1838.6,2670.8,-1.76,12.0,365,True
2023,인천광역시,미추홀구,28177,112,4.54,-4.32,24.71,1331.4,2.6,2012.2,2827.2,-1.03,12.0,365,True
2016,인천광역시,부평구,28237,112,8.8,-2.78,24.9,864.3,3.09,2009.0,2822.9,-1.92,11.0,366,True
2017,인천광역시,부평구,28237,112,8.8,-2.8,24.34,1028.9,3.14,1863.5,2647.8,-1.99,12.0,365,True
2018,인천광역시,부평구,28237,112,8.8,-5.49,25.36,1134.4,3.05,1875.6,2678.8,-1.29,12.0,365,True
2019,인천광역시,부평구,28237,112,8.8,-3.3,24.4,919.5,2.93,1906.4,2692.3,-1.87,12.0,365,True
2020,인천광역시,부평구,28237,112,8.8,-1.03,23.63,1311.9,3.09,1691.7,2483.2,-1.77,12.0,366,True
2021,인천광역시,부평구,28237,112,8.8,-3.69,24.82,1071.8,2.88,1907.4,2726.2,-1.64,12.0,365,True
2022,인천광역시,부평구,28237,112,8.8,-4.14,24.37,1620.5,2.86,1838.6,2670.8,-1.76,12.0,365,True
2023,인천광역시,부평구,28237,112,8.8,-4.32,24.71,1331.4,2.6,2012.2,2827.2,-1.03,12.0,365,True
2016,인천광역시,서구,28260,112,9.41,-2.78,24.9,864.3,3.09,2009.0,2822.9,-1.92,11.0,366,True
2017,인천광역시,서구,28260,112,9.41,-2.8,24.34,1028.9,3.14,1863.5,2647.8,-1.99,12.0,365,True
2018,인천광역시,서구,28260,112,9.41,-5.49,25.36,1134.4,3.05,1875.6,2678.8,-1.29,12.0,365,True
2019,인천광역시,서구,28260,112,9.41,-3.3,24.4,919.5,2.93,1906.4,2692.3,-1.87,12.0,365,True
2020,인천광역시,서구,28260,112,9.41,-1.03,23.63,1311.9,3.09,1691.7,2483.2,-1.77,12.0,366,True
2021,인천광역시,서구,28260,112,9.41,-3.69,24.82,1071.8,2.88,1907.4,2726.2,-1.64,12.0,365,True
2022,인천광역시,서구,28260,112,9.41,-4.14,24.37,1620.5,2.86,1838.6,2670.8,-1.76,12.0,365,True
2023,인천광역시,서구,28260,112,9.41,-4.32,24.71,1331.4,2.6,2012.2,2827.2,-1.03,12.0,365,True
2016,인천광역시,연수구,28185,112,9.54,-2.78,24.9,864.3,3.09,2009.0,2822.9,-1.92,11.0,366,True
2017,인천광역시,연수구,28185,112,9.54,-2.8,24.34,1028.9,3.14,1863.5,2647.8,-1.99,12.0,365,True
2018,인천광역시,연수구,28185,112,9.54,-5.49,25.36,1134.4,3.05,1875.6,2678.8,-1.29,12.0,365,True
2019,인천광역시,연수구,28185,112,9.54,-3.3,24.4,919.5,2.93,1906.4,2692.3,-1.87,12.0,365,True
2020,인천광역시,연수구,28185,112,9.54,-1.03,23.63,1311.9,3.09,1691.7,2483.2,-1.77,12.0,366,True
2021,인천광역시,연수구,28185,112,9.54,-3.69,24.82,1071.8,2.88,1907.4,2726.2,-1.64,12.0,365,True
2022,인천광역시,연수구,28185,112,9.54,-4.14,24.37,1620.5,2.86,1838.6,2670.8,-1.76,12.0,365,True
2023,인천광역시,연수구,28185,112,9.54,-4.32,24.71,1331.4,2.6,2012.2,2827.2,-1.03,12.0,365,True
2016,인천광역시,옹진군,28720,201,73.94,-6.16,23.99,1100.9,2.03,1763.4,2547.0,-1.52,11.0,366,True
2017,인천광역시,옹진군,28720,201,73.94,-5.78,23.55,809.3,2.06,1643.4,2399.8,-2.27,12.0,365,True
2018,인천광역시,옹진군,28720,201,73.94,-8.67,24.28,1072.3,2.01,1625.6,2383.1,-1.32,12.0,365,True
2019,인천광역시,옹진군,28720,201,73.94,-6.58,23.6,1079.3,1.98,1670.5,2410.1,-1.86,12.0,365,True
2020,인천광역시,옹진군,28720,201,73.94,-3.76,23.04,1436.9,2.0,1518.4,2257.0,-1.6,12.0,366,True
2021,인천광역시,옹진군,28720,201,73.94,-6.34,23.82,1013.6,1.82,1711.2,2474.9,-1.79,12.0,365,True
2022,인천광역시,옹진군,28720,201,73.94,-7.16,23.67,1561.8,1.87,1623.9,2389.8,-1.46,12.0,365,True
2023,인천광역시,옹진군,28720,201,73.94,-7.2,23.62,1377.3,1.84,1725.4,2497.2,-0.83,12.0,365,True
2016,인천광역시,중구,28110,112,12.7,-2.78,24.9,864.3,3.09,2009.0,2822.9,-1.92,11.0,366,True
2017,인천광역시,중구,28110,112,12.7,-2.8,24.34,1028.9,3.14,1863.5,2647.8,-1.99,12.0,365,True
2018,인천광역시,중구,28110,112,12.7,-5.49,25.36,1134.4,3.05,1875.6,2678.8,-1.29,12.0,365,True
2019,인천광역시,중구,28110,112,12.7,-3.3,24.4,919.5,2.93,1906.4,2692.3,-1.87,12.0,365,True
2020,인천광역시,중구,28110,112,12.7,-1.03,23.63,1311.9,3.09,1691.7,2483.2,-1.77,12.0,366,True
2021,인천광역시,중구,28110,112,12.7,-3.69,24.82,1071.8,2.88,1907.4,2726.2,-1.64,12.0,365,True
2022,인천광역시,중구,28110,112,12.7,-4.14,24.37,1620.5,2.86,1838.6,2670.8,-1.76,12.0,365,True
2023,인천광역시,중구,28110,112,12.7,-4.32,24.71,1331.4,2.6,2012.2,2827.2,-1.03,12.0,365,True
2016,전라남도,강진군,46810,259,2.92,-1.02,25.02,1619.4,2.33,2070.2,2934.5,-1.42,11.0,366,True
2017,전라남도,강진군,46810,259,2.92,-1.54,24.78,816.2,2.34,1950.0,2743.8,-2.52,12.0,365,True
2018,전라남도,강진군,46810,259,2.92,-3.83,25.93,1634.5,2.37,2025.0,2882.8,-1.13,12.0,365,True
2019,전라남도,강진군,46810,259,2.92,-1.41,24.2,1481.6,2.23,1946.3,2785.6,-0.96,12.0,365,True
2020,전라남도,강진군,46810,259,2.92,0.04,24.5,1654.4,2.25,1861.2,2703.1,-1.71,12.0,366,True
2021,전라남도,강진군,46810,259,2.92,-2.21,25.25,1494.8,1.81,2086.9,2984.3,-1.31,12.0,365,True
2022,전라남도,강진군,46810,259,2.92,-2.46,25.67,1033.3,1.8,2126.0,3012.2,-2.35,12.0,365,True
2023,전라남도,강진군,46810,259,2.92,-2.67,25.56,1933.3,1.63,2186.3,3074.8,-0.97,12.0,365,True
2016,전라남도,고흥군,46770,262,4.11,-1.33,24.51,1641.9,1.42,1966.8,2825.4,-1.6,11.0,366,True
2017,전라남도,고흥군,46770,262,4.11,-2.1,24.59,1115.4,1.47,1913.8,2713.8,-2.11,12.0,365,True
2018,전라남도,고흥군,46770,262,4.11,-4.59,25.11,1458.8,1.34,1865.4,2708.6,-1.32,12.0,365,True
2019,전라남도,고흥군,46770,262,4.11,-2.16,23.59,1676.5,1.42,1805.6,2631.1,-0.56,12.0,365,True
2020,전라남도,고흥군,46770,262,4.11,-0.99,23.92,1520.2,1.46,1725.0,2531.1,-1.68,12.0,366,True
2021,전라남도,고흥군,46770,262,4.11,-2.69,24.42,1339.8,1.39,1919.6,2789.1,-1.59,12.0,365,True
2022,전라남도,고흥군,46770,262,4.11,-3.05,24.55,929.7,1.6,1883.2,2739.6,-2.6,12.0,365,True
2023,전라남도,고흥군,46770,262,4.11,-3.17,24.21,1702.0,1.39,1981.3,2876.4,-1.14,12.0,365,True
2016,전라남도,곡성군,46720,254,21.11,-4.34,23.93,1509.9,1.66,1850.8,2669.3,-0.78,11.0,366,True
2017,전라남도,곡성군,46720,254,21.11,-5.78,24.46,1023.2,1.67,1838.8,2605.5,-2.1,12.0,365,True
2018,전라남도,곡성군,46720,254,21.11,-6.54,25.77,1523.3,1.43,1919.8,2726.1,-1.34,12.0,365,True
2019,전라남도,곡성군,46720,254,21.11,-4.57,23.95,1284.2,1.45,1843.6,2634.1,-1.24,12.0,365,True
2020,전라남도,곡성군,46720,254,21.11,-2.32,24.4,2133.7,1.74,1775.2,2544.2,-2.08,12.0,366,True
2021,전라남도,곡성군,46720,254,21.11,-4.59,24.92,1232.6,1.5,1965.7,2790.0,-0.83,12.0,365,True
2022,전라남도,곡성군,46720,254,21.11,-5.23,25.19,877.1,1.66,1956.2,2772.3,-2.12,12.0,365,True
2023,전라남도,곡성군,46720,254,21.11,-5.78,25.15,2097.3,1.56,2061.1,2900.3,-1.45,12.0,365,True
2016,전라남도,광양시,46230,266,9.13,0.48,25.59,1607.4,1.91,2254.5,3174.0,-1.44,11.0,366,True
2017,전라남도,광양시,46230,266,9.13,0.08,25.43,824.4,1.91,2207.3,3076.6,-1.99,12.0,365,True
2018,전라남도,광양시,46230,266,9.13,-2.35,26.11,1695.0,1.85,2158.7,3060.4,-1.32,12.0,365,True
2019,전라남도,광양시,46230,266,9.13,0.19,24.57,1566.1,1.75,2156.3,3065.5,-0.81,12.0,365,True
2020,전라남도,광양시,46230,266,9.13,1.86,24.54,1821.0,1.74,2027.0,2937.5,-1.91,12.0,366,True
2021,전라남도,광양시,46230,266,9.13,-0.24,25.3,1423.0,1.67,2205.0,3175.6,-1.22,12.0,365,True
2022,전라남도,광양시,46230,266,9.13,-0.69,25.49,1054.7,1.98,2270.6,3201.4,-2.38,12.0,365,True
2023,전라남도,광양시,46230,266,9.13,-1.13,25.55,2274.6,1.76,2277.6,3220.2,-0.95,12.0,365,True
2016,전라남도,구례군,46730,247,22.7,-3.45,25.01,1388.5,1.74,2014.5,2850.0,-0.97,11.0,366,True
2017,전라남도,구례군,46730,247,22.7,-4.43,24.74,851.3,1.59,1881.4,2659.0,-2.14,12.0,365,True
2018,전라남도,구례군,46730,247,22.7,-6.58,25.85,1431.7,1.68,1958.3,2770.4,-0.84,12.0,365,True
2019,전라남도,구례군,46730,247,22.7,-4.47,24.18,1332.8,1.57,1899.2,2704.6,-0.73,12.0,365,True
2020,전라남도,구례군,46730,247,22.7,-2.17,24.56,2007.2,1.68,1803.8,2582.2,-2.26,12.0,366,True
2021,전라남도,구례군,46730,247,22.7,-4.64,24.56,1136.8,1.78,1910.9,2721.5,-0.89,12.0,364,True
2022,전라남도,구례군,46730,247,22.7,-5.6,24.91,811.4,1.67,1901.0,2719.0,-2.28,12.0,365,True
2023,전라남도,구례군,46730,247,22.7,-5.79,25.38,1805.7,1.59,2081.2,2922.8,-1.24,12.0,365,True
2016,전라남도,나주시,46170,156,25.75,-0.39,25.94,1482.3,1.62,2301.6,3198.5,-0.78,11.0,366,True
2017,전라남도,나주시,46170,156,25.75,-0.94,26.02,936.6,1.55,2248.6,3082.3,-1.88,12.0,365,True
2018,전라남도,나주시,46170,156,25.75,-2.87,26.82,1427.9,1.58,2274.8,3159.2,-1.28,12.0,365,True
2019,전라남도,나주시,46170,156,25.75,-1.15,24.82,1085.9,1.48,2122.6,2979.5,-0.94,12.0,365,True
2020,전라남도,나주시,46170,156,25.75,1.04,24.85,2027.0,1.56,1985.4,2860.2,-2.09,12.0,366,True
2021,전라남도,나주시,46170,156,25.75,-1.16,25.41,1303.8,1.36,2185.8,3115.8,-0.82,12.0,365,True
2022,전라남도,나주시,46170,156,25.75,-1.55,25.93,769.9,1.4,2275.0,3187.3,-2.34,12.0,365,True
2023,전라남도,나주시,46170,156,25.75,-1.9,25.7,2116.1,1.16,2322.9,3232.5,-1.24,12.0,365,True
2016,전라남도,담양군,46710,254,14.99,-4.34,23.93,1509.9,1.66,1850.8,2669.3,-0.78,11.0,366,True
2017,전라남도,담양군,46710,254,14.99,-5.78,24.46,1023.2,1.67,1838.8,2605.5,-2.1,12.0,365,True
2018,전라남도,담양군,46710,254,14.99,-6.54,25.77,1523.3,1.43,1919.8,2726.1,-1.34,12.0,365,True
2019,전라남도,담양군,46710,254,14.99,-4.57,23.95,1284.2,1.45,1843.6,2634.1,-1.24,12.0,365,True
2020,전라남도,담양군,46710,254,14.99,-2.32,24.4,2133.7,1.74,1775.2,2544.2,-2.08,12.0,366,True
2021,전라남도,담양군,46710,254,14.99,-4.59,24.92,1232.6,1.5,1965.7,2790.0,-0.83,12.0,365,True
2022,전라남도,담양군,46710,254,14.99,-5.23,25.19,877.1,1.66,1956.2,2772.3,-2.12,12.0,365,True
2023,전라남도,담양군,46710,254,14.99,-5.78,25.15,2097.3,1.56,2061.1,2900.3,-1.45,12.0,365,True
2016,전라남도,목포시,46110,165,1.83,0.78,25.4,1398.0,3.11,2143.0,3027.3,-0.92,11.0,366,True
2017,전라남도,목포시,46110,165,1.83,0.17,25.39,722.5,3.47,2063.0,2875.6,-2.34,12.0,365,True
2018,전라남도,목포시,46110,165,1.83,-1.85,26.39,1363.3,3.4,2151.2,3033.7,-0.83,12.0,365,True
2019,전라남도,목포시,46110,165,1.83,0.08,24.38,1248.4,3.43,1989.3,2821.9,-0.98,12.0,365,True
2020,전라남도,목포시,46110,165,1.83,1.32,24.32,1427.7,3.59,1848.4,2671.2,-1.81,12.0,366,True
2021,전라남도,목포시,46110,165,1.83,-0.11,25.34,1101.0,3.36,2113.4,3015.4,-1.66,12.0,365,True
2022,전라남도,목포시,46110,165,1.83,-0.51,25.36,739.9,3.67,2073.8,2958.6,-2.13,12.0,365,True
2023,전라남도,목포시,46110,165,1.83,-0.93,25.19,1577.9,3.53,2160.4,3045.3,-0.91,12.0,365,True
2016,전라남도,무안군,46840,165,15.64,0.78,25.4,1398.0,3.11,2143.0,3027.3,-0.92,11.0,366,True
2017,전라남도,무안군,46840,165,15.64,0.17,25.39,722.5,3.47,2063.0,2875.6,-2.34,12.0,365,True
2018,전라남도,무안군,46840,165,15.64,-1.85,26.39,1363.3,3.4,2151.2,3033.7,-0.83,12.0,365,True
2019,전라남도,무안군,46840,165,15.64,0.08,24.38,1248.4,3.43,1989.3,2821.9,-0.98,12.0,365,True
2020,전라남도,무안군,46840,165,15.64,1.32,24.32,1427.7,3.59,1848.4,2671.2,-1.81,12.0,366,True
2021,전라남도,무안군,46840,165,15.64,-0.11,25.34,1101.0,3.36,2113.4,3015.4,-1.66,12.0,365,True
2022,전라남도,무안군,46840,165,15.64,-0.51,25.36,739.9,3.67,2073.8,2958.6,-2.13,12.0,365,True
2023,전라남도,무안군,46840,165,15.64,-0.93,25.19,1577.9,3.53,2160.4,3045.3,-0.91,12.0,365,True
2016,전라남도,보성군,46780,258,7.28,-0.75,25.18,1599.8,2.43,2078.8,2944.5,-1.4,11.0,366,True
2017,전라남도,보성군,46780,258,7.28,-1.71,25.22,918.1,1.7,2021.6,2833.8,-2.52,12.0,365,True
2018,전라남도,보성군,46780,258,7.28,-4.11,25.89,1430.1,2.02,1971.4,2831.0,-1.33,12.0,365,True
2019,전라남도,보성군,46780,258,7.28,-1.69,24.22,1527.2,2.98,1913.4,2751.3,-0.51,12.0,365,True
2020,전라남도,보성군,46780,258,7.28,0.2,24.9,1716.2,3.18,1913.4,2758.5,-1.97,12.0,366,True
2021,전라남도,보성군,46780,258,7.28,-2.08,25.29,1708.3,3.04,2058.8,2964.4,-1.41,12.0,365,True
2022,전라남도,보성군,46780,258,7.28,-2.39,25.57,1056.4,3.1,2084.1,2972.6,-2.36,12.0,365,True
2023,전라남도,보성군,46780,258,7.28,-2.26,25.47,2015.6,2.61,2127.1,3021.0,-1.63,12.0,365,True
2016,전라남도,순천시,46150,174,3.43,-2.34,25.1,1614.6,1.74,2029.9,2871.7,-1.46,11.0,366,True
2017,전라남도,순천시,46150,174,3.43,-3.45,24.26,883.4,1.83,1806.2,2591.4,-1.85,12.0,365,True
2018,전라남도,순천시,46150,174,3.43,-5.56,24.61,1532.4,1.78,1734.6,2542.6,-1.45,12.0,365,True
2019,전라남도,순천시,46150,174,3.43,-2.97,23.08,1568.2,1.85,1716.7,2521.7,-1.0,12.0,365,True
2020,전라남도,순천시,46150,174,3.43,-1.61,23.65,1906.1,2.06,1662.8,2448.7,-1.93,12.0,366,True
2021,전라남도,순천시,46150,174,3.43,-3.97,24.08,1320.9,1.88,1825.0,2659.0,-1.08,12.0,365,True
2022,전라남도,순천시,46150,174,3.43,-4.04,24.4,987.0,2.03,1845.4,2680.6,-2.42,12.0,365,True
2023,전라남도,순천시,46150,174,3.43,-4.27,24.25,2139.5,1.78,1864.1,2709.6,-0.49,12.0,365,True
2016,전라남도,신안군,46910,165,30.61,0.78,25.4,1398.0,3.11,2143.0,3027.3,-0.92,11.0,366,True
2017,전라남도,신안군,46910,165,30.61,0.17,25.39,722.5,3.47,2063.0,2875.6,-2.34,12.0,365,True
2018,전라남도,신안군,46910,165,30.61,-1.85,26.39,1363.3,3.4,2151.2,3033.7,-0.83,12.0,365,True
2019,전라남도,신안군,46910,165,30.61,0.08,24.38,1248.4,3.43,1989.3,2821.9,-0.98,12.0,365,True
2020,전라남도,신안군,46910,165,30.61,1.32,24.32,1427.7,3.59,1848.4,2671.2,-1.81,12.0,366,True
2021,전라남도,신안군,46910,165,30.61,-0.11,25.34,1101.0,3.36,2113.4,3015.4,-1.66,12.0,365,True
2022,전라남도,신안군,46910,165,30.61,-0.51,25.36,739.9,3.67,2073.8,2958.6,-2.13,12.0,365,True
2023,전라남도,신안군,46910,165,30.61,-0.93,25.19,1577.9,3.53,2160.4,3045.3,-0.91,12.0,365,True
2016,전라남도,여수시,46130,168,8.93,1.66,24.97,1616.6,3.87,2157.5,3073.9,-1.66,11.0,366,True
2017,전라남도,여수시,46130,168,8.93,1.24,25.05,1019.6,3.91,2149.0,3019.5,-2.19,12.0,365,True
2018,전라남도,여수시,46130,168,8.93,-0.9,25.67,1578.7,3.88,2122.2,3043.4,-1.4,12.0,365,True
2019,전라남도,여수시,46130,168,8.93,1.41,24.26,1529.9,3.77,2098.1,3018.7,-0.66,12.0,365,True
2020,전라남도,여수시,46130,168,8.93,3.17,24.08,1751.9,3.86,1954.6,2869.0,-1.66,12.0,366,True
2021,전라남도,여수시,46130,168,8.93,0.93,25.24,1571.2,3.89,2188.5,3164.2,-1.24,12.0,365,True
2022,전라남도,여수시,46130,168,8.93,0.62,24.86,1067.4,4.01,2155.2,3079.0,-2.5,12.0,365,True
2023,전라남도,여수시,46130,168,8.93,0.48,24.96,1935.4,3.63,2194.4,3140.3,-0.8,12.0,365,True
2016,전라남도,영광군,46870,252,2.31,-1.98,25.06,1209.3,2.32,2009.9,2853.3,-1.4,11.0,366,True
2017,전라남도,영광군,46870,252,2.31,-3.31,24.95,841.7,2.17,1911.2,2683.6,-2.09,12.0,365,True
2018,전라남도,영광군,46870,252,2.31,-5.25,25.86,1378.0,2.1,1981.4,2798.0,-1.15,12.0,365,True
2019,전라남도,영광군,46870,252,2.31,-3.47,24.07,1205.3,1.67,1843.6,2643.8,-1.37,12.0,365,True
2020,전라남도,영광군,46870,252,2.31,-0.53,24.17,1787.9,1.71,1778.2,2556.0,-1.62,12.0,366,True
2021,전라남도,영광군,46870,252,2.31,-2.94,24.8,1202.6,1.64,1973.3,2797.7,-0.5,12.0,365,True
2022,전라남도,영광군,46870,252,2.31,-3.32,25.27,802.7,1.77,1961.3,2788.4,-2.25,12.0,365,True
2023,전라남도,영광군,46870,252,2.31,-3.86,25.05,1496.1,1.66,2056.4,2897.7,-1.26,12.0,365,True
2016,전라남도,영암군,46830,259,22.27,-1.02,25.02,1619.4,2.33,2070.2,2934.5,-1.42,11.0,366,True
2017,전라남도,영암군,46830,259,22.27,-1.54,24.78,816.2,2.34,1950.0,2743.8,-2.52,12.0,365,True
2018,전라남도,영암군,46830,259,22.27,-3.83,25.93,1634.5,2.37,2025.0,2882.8,-1.13,12.0,365,True
2019,전라남도,영암군,46830,259,22.27,-1.41,24.2,1481.6,2.23,1946.3,2785.6,-0.96,12.0,365,True
2020,전라남도,영암군,46830,259,22.27,0.04,24.5,1654.4,2.25,1861.2,2703.1,-1.71,12.0,366,True
2021,전라남도,영암군,46830,259,22.27,-2.21,25.25,1494.8,1.81,2086.9,2984.3,-1.31,12.0,365,True
2022,전라남도,영암군,46830,259,22.27,-2.46,25.67,1033.3,1.8,2126.0,3012.2,-2.35,12.0,365,True
2023,전라남도,영암군,46830,259,22.27,-2.67,25.56,1933.3,1.63,2186.3,3074.8,-0.97,12.0,365,True
2016,전라남도,완도군,46890,170,13.19,1.4,24.75,1608.4,2.54,2113.1,3020.2,-0.89,11.0,366,True
2017,전라남도,완도군,46890,170,13.19,1.02,25.19,958.1,2.42,2139.0,2990.4,-2.33,12.0,365,True
2018,전라남도,완도군,46890,170,13.19,-0.98,25.64,1431.4,2.44,2111.0,3023.4,-1.34,12.0,365,True
2019,전라남도,완도군,46890,170,13.19,0.89,23.91,1678.8,2.32,2009.5,2886.8,-0.72,12.0,365,True
2020,전라남도,완도군,46890,170,13.19,2.45,24.13,1580.7,2.38,1923.8,2822.6,-1.66,12.0,366,True
2021,전라남도,완도군,46890,170,13.19,0.66,24.95,1607.2,2.47,2139.2,3109.8,-1.35,12.0,365,True
2022,전라남도,완도군,46890,170,13.19,0.52,25.45,704.4,2.21,2203.0,3125.3,-2.49,12.0,365,True
2023,전라남도,완도군,46890,170,13.19,0.11,25.33,1715.3,2.07,2254.2,3193.0,-1.3,12.0,365,True
2016,전라남도,장성군,46880,251,12.52,-1.65,25.48,1126.1,1.69,2168.9,3040.0,-1.38,11.0,366,True
2017,전라남도,장성군,46880,251,12.52,-2.5,25.43,1063.3,1.63,2005.4,2789.3,-2.14,12.0,365,True
2018,전라남도,장성군,46880,251,12.52,-5.16,25.25,1314.1,2.03,1898.8,2713.8,-1.0,12.0,365,True
2019,전라남도,장성군,46880,251,12.52,-3.64,23.85,1121.7,1.52,1841.5,2644.4,-1.07,12.0,365,True
2020,전라남도,장성군,46880,251,12.52,-0.94,24.27,1671.7,1.59,1789.8,2570.0,-1.7,12.0,366,True
2021,전라남도,장성군,46880,251,12.52,-3.2,24.77,1174.6,1.54,1969.8,2809.4,-1.07,12.0,365,True
2022,전라남도,장성군,46880,251,12.52,-3.73,25.14,652.8,1.58,1973.0,2805.0,-2.18,12.0,365,True
2023,전라남도,장성군,46880,251,12.52,-4.36,25.13,1513.3,1.52,2102.2,2953.6,-1.28,12.0,365,True
2016,전라남도,장흥군,46800,260,1.44,-1.74,24.8,1513.2,1.82,2006.5,2865.6,-1.55,11.0,366,True
2017,전라남도,장흥군,46800,260,1.44,-2.15,24.91,969.7,1.76,1957.7,2757.0,-2.43,12.0,365,True
2018,전라남도,장흥군,46800,260,1.44,-4.76,25.58,1410.9,1.78,1923.6,2769.0,-1.08,12.0,365,True
2019,전라남도,장흥군,46800,260,1.44,-2.05,24.37,1517.4,1.77,1922.5,2745.7,-0.68,12.0,365,True
2020,전라남도,장흥군,46800,260,1.44,-0.98,24.05,1692.2,1.71,1735.0,2532.9,-1.57,12.0,366,True
2021,전라남도,장흥군,46800,260,1.44,-3.31,24.68,1475.5,1.64,1922.6,2772.7,-1.29,12.0,365,True
2022,전라남도,장흥군,46800,260,1.44,-3.76,25.07,915.9,1.68,1948.4,2795.8,-2.39,12.0,365,True
2023,전라남도,장흥군,46800,260,1.44,-3.85,25.05,1985.1,1.53,2031.2,2896.1,-0.57,12.0,365,True
2016,전라남도,진도군,46900,268,5.03,0.54,24.59,1569.1,2.45,1957.0,2816.3,-1.02,11.0,366,True
2017,전라남도,진도군,46900,268,5.03,-0.29,24.67,787.6,2.41,1838.2,2618.5,-2.45,12.0,365,True
2018,전라남도,진도군,46900,268,5.03,-2.04,25.34,1589.5,2.36,1923.8,2771.6,-0.69,12.0,365,True
2019,전라남도,진도군,46900,268,5.03,-0.09,23.51,1538.8,2.3,1805.1,2639.8,-1.01,12.0,365,True
2020,전라남도,진도군,46900,268,5.03,1.11,24.09,1515.5,2.6,1749.4,2558.1,-1.55,12.0,366,True
2021,전라남도,진도군,46900,268,5.03,-1.05,24.87,1549.1,2.31,1846.4,2696.6,-1.34,12.0,365,True
2022,전라남도,진도군,46900,268,5.03,-1.44,24.81,903.1,2.51,1907.5,2755.3,-2.39,12.0,365,True
2023,전라남도,진도군,46900,268,5.03,-1.93,24.73,1540.8,2.36,1982.9,2844.5,-1.36,12.0,365,True
2016,전라남도,함평군,46860,252,19.73,-1.98,25.06,1209.3,2.32,2009.9,2853.3,-1.4,11.0,366,True
2017,전라남도,함평군,46860,252,19.73,-3.31,24.95,841.7,2.17,1911.2,2683.6,-2.09,12.0,365,True
2018,전라남도,함평군,46860,252,19.73,-5.25,25.86,1378.0,2.1,1981.4,2798.0,-1.15,12.0,365,True
2019,전라남도,함평군,46860,252,19.73,-3.47,24.07,1205.3,1.67,1843.6,2643.8,-1.37,12.0,365,True
2020,전라남도,함평군,46860,252,19.73,-0.53,24.17,1787.9,1.71,1778.2,2556.0,-1.62,12.0,366,True
2021,전라남도,함평군,46860,252,19.73,-2.94,24.8,1202.6,1.64,1973.3,2797.7,-0.5,12.0,365,True
2022,전라남도,함평군,46860,252,19.73,-3.32,25.27,802.7,1.77,1961.3,2788.4,-2.25,12.0,365,True
2023,전라남도,함평군,46860,252,19.73,-3.86,25.05,1496.1,1.66,2056.4,2897.7,-1.26,12.0,365,True
2016,전라남도,해남군,46820,261,5.27,-2.14,25.0,1360.2,2.15,2006.4,2846.0,-1.31,11.0,366,True
2017,전라남도,해남군,46820,261,5.27,-2.76,25.17,725.3,2.05,1922.4,2698.0,-2.13,12.0,365,True
2018,전라남도,해남군,46820,261,5.27,-5.34,25.35,1297.1,2.05,1890.8,2697.7,-1.67,12.0,365,True
2019,전라남도,해남군,46820,261,5.27,-3.43,23.46,1222.0,1.98,1749.0,2537.9,-0.79,12.0,365,True
2020,전라남도,해남군,46820,261,5.27,-1.41,24.1,1450.3,2.11,1728.7,2503.8,-1.84,12.0,366,True
2021,전라남도,해남군,46820,261,5.27,-3.76,24.86,1387.9,2.05,1917.8,2728.6,-1.75,12.0,365,True
2022,전라남도,해남군,46820,261,5.27,-4.82,25.35,794.5,2.01,1933.4,2754.0,-2.43,12.0,365,True
2023,전라남도,해남군,46820,261,5.27,-3.33,25.32,1619.3,1.93,2040.6,2897.1,-1.14,12.0,365,True
2016,전라남도,화순군,46790,156,22.4,-0.39,25.94,1482.3,1.62,2301.6,3198.5,-0.78,11.0,366,True
2017,전라남도,화순군,46790,156,22.4,-0.94,26.02,936.6,1.55,2248.6,3082.3,-1.88,12.0,365,True
2018,전라남도,화순군,46790,156,22.4,-2.87,26.82,1427.9,1.58,2274.8,3159.2,-1.28,12.0,365,True
2019,전라남도,화순군,46790,156,22.4,-1.15,24.82,1085.9,1.48,2122.6,2979.5,-0.94,12.0,365,True
2020,전라남도,화순군,46790,156,22.4,1.04,24.85,2027.0,1.56,1985.4,2860.2,-2.09,12.0,366,True
2021,전라남도,화순군,46790,156,22.4,-1.16,25.41,1303.8,1.36,2185.8,3115.8,-0.82,12.0,365,True
2022,전라남도,화순군,46790,156,22.4,-1.55,25.93,769.9,1.4,2275.0,3187.3,-2.34,12.0,365,True
2023,전라남도,화순군,46790,156,22.4,-1.9,25.7,2116.1,1.16,2322.9,3232.5,-1.24,12.0,365,True
2016,전라북도,고창군,45790,251,7.46,-1.65,25.48,1126.1,1.69,2168.9,3040.0,-1.38,11.0,366,True
2017,전라북도,고창군,45790,251,7.46,-2.5,25.43,1063.3,1.63,2005.4,2789.3,-2.14,12.0,365,True
2018,전라북도,고창군,45790,251,7.46,-5.16,25.25,1314.1,2.03,1898.8,2713.8,-1.0,12.0,365,True
2019,전라북도,고창군,45790,251,7.46,-3.64,23.85,1121.7,1.52,1841.5,2644.4,-1.07,12.0,365,True
2020,전라북도,고창군,45790,251,7.46,-0.94,24.27,1671.7,1.59,1789.8,2570.0,-1.7,12.0,366,True
2021,전라북도,고창군,45790,251,7.46,-3.2,24.77,1174.6,1.54,1969.8,2809.4,-1.07,12.0,365,True
2022,전라북도,고창군,45790,251,7.46,-3.73,25.14,652.8,1.58,1973.0,2805.0,-2.18,12.0,365,True
2023,전라북도,고창군,45790,251,7.46,-4.36,25.13,1513.3,1.52,2102.2,2953.6,-1.28,12.0,365,True
2016,전라북도,군산시,45130,140,7.0,-1.92,25.14,1144.4,2.08,2039.6,2881.8,-1.24,11.0,366,True
2017,전라북도,군산시,45130,140,7.0,-2.67,24.78,774.4,2.19,1920.9,2706.0,-1.69,12.0,365,True
2018,전라북도,군산시,45130,140,7.0,-4.59,25.55,1637.1,2.0,1931.3,2751.8,-0.72,12.0,365,True
2019,전라북도,군산시,45130,140,7.0,-2.89,24.12,1008.1,1.91,1888.7,2691.9,-1.22,12.0,365,True
2020,전라북도,군산시,45130,140,7.0,-0.55,24.11,1664.8,2.08,1788.4,2582.5,-2.11,12.0,366,True
2021,전라북도,군산시,45130,140,7.0,-2.73,24.75,1151.7,2.04,1960.1,2803.9,-0.84,12.0,365,True
2022,전라북도,군산시,45130,140,7.0,-3.45,24.98,1043.4,2.25,1919.8,2743.8,-1.68,12.0,364,True
2023,전라북도,군산시,45130,140,7.0,-4.28,25.0,2120.8,2.21,2067.2,2906.1,-1.5,12.0,365,True
2016,전라북도,김제시,45210,243,18.33,-2.09,25.31,1075.5,1.72,2067.6,2904.1,-1.76,11.0,366,True
2017,전라북도,김제시,45210,243,18.33,-2.76,25.0,906.5,1.72,1949.0,2730.5,-1.95,12.0,365,True
2018,전라북도,김제시,45210,243,18.33,-4.53,26.01,1359.0,1.7,2026.8,2855.0,-0.99,12.0,365,True
2019,전라북도,김제시,45210,243,18.33,-3.01,24.39,1087.5,1.54,1935.4,2749.0,-1.32,12.0,365,True
2020,전라북도,김제시,45210,243,18.33,-0.4,24.25,1694.8,1.56,1813.2,2606.5,-1.69,12.0,366,True
2021,전라북도,김제시,45210,243,18.33,-2.69,24.82,1354.0,1.5,1985.4,2838.9,-0.61,12.0,365,True
2022,전라북도,김제시,45210,243,18.33,-3.18,25.17,971.2,1.51,1987.6,2835.4,-1.69,12.0,365,True
2023,전라북도,김제시,45210,243,18.33,-3.78,25.22,1853.6,1.5,2137.4,2995.0,-1.73,12.0,365,True
2016,전라북도,남원시,45190,247,4.13,-3.45,25.01,1388.5,1.74,2014.5,2850.0,-0.97,11.0,366,True
2017,전라북도,남원시,45190,247,4.13,-4.43,24.74,851.3,1.59,1881.4,2659.0,-2.14,12.0,365,True
2018,전라북도,남원시,45190,247,4.13,-6.58,25.85,1431.7,1.68,1958.3,2770.4,-0.84,12.0,365,True
2019,전라북도,남원시,45190,247,4.13,-4.47,24.18,1332.8,1.57,1899.2,2704.6,-0.73,12.0,365,True
2020,전라북도,남원시,45190,247,4.13,-2.17,24.56,2007.2,1.68,1803.8,2582.2,-2.26,12.0,366,True
2021,전라북도,남원시,45190,247,4.13,-4.64,24.56,1136.8,1.78,1910.9,2721.5,-0.89,12.0,364,True
2022,전라북도,남원시,45190,247,4.13,-5.6,24.91,811.4,1.67,1901.0,2719.0,-2.28,12.0,365,True
2023,전라북도,남원시,45190,247,4.13,-5.79,25.38,1805.7,1.59,2081.2,2922.8,-1.24,12.0,365,True
2016,전라북도,무주군,45730,238,27.83,-4.88,24.8,1325.6,1.24,1913.0,2720.8,-0.58,11.0,366,True
2017,전라북도,무주군,45730,238,27.83,-5.99,24.16,967.6,1.26,1742.6,2506.2,-1.92,12.0,365,True
2018,전라북도,무주군,45730,238,27.83,-8.17,25.44,1397.2,1.28,1815.9,2585.3,-0.83,12.0,365,True
2019,전라북도,무주군,45730,238,27.83,-6.64,23.73,982.6,1.16,1748.8,2521.6,-1.8,12.0,365,True
2020,전라북도,무주군,45730,238,27.83,-3.23,24.11,1758.2,1.17,1694.6,2440.0,-1.93,12.0,366,True
2021,전라북도,무주군,45730,238,27.83,-5.91,24.23,1290.1,1.15,1826.0,2620.8,-0.72,12.0,365,True
2022,전라북도,무주군,45730,238,27.83,-6.56,24.39,948.7,1.11,1768.2,2548.7,-1.85,12.0,365,True
2023,전라북도,무주군,45730,238,27.83,-7.0,24.75,1800.9,1.05,1900.5,2721.4,-1.85,12.0,365,True
2016,전라북도,부안군,45800,243,8.78,-2.09,25.31,1075.5,1.72,2067.6,2904.1,-1.76,11.0,366,True
2017,전라북도,부안군,45800,243,8.78,-2.76,25.0,906.5,1.72,1949.0,2730.5,-1.95,12.0,365,True
2018,전라북도,부안군,45800,243,8.78,-4.53,26.01,1359.0,1.7,2026.8,2855.0,-0.99,12.0,365,True
2019,전라북도,부안군,45800,243,8.78,-3.01,24.39,1087.5,1.54,1935.4,2749.0,-1.32,12.0,365,True
2020,전라북도,부안군,45800,243,8.78,-0.4,24.25,1694.8,1.56,1813.2,2606.5,-1.69,12.0,366,True
2021,전라북도,부안군,45800,243,8.78,-2.69,24.82,1354.0,1.5,1985.4,2838.9,-0.61,12.0,365,True
2022,전라북도,부안군,45800,243,8.78,-3.18,25.17,971.2,1.51,1987.6,2835.4,-1.69,12.0,365,True
2023,전라북도,부안군,45800,243,8.78,-3.78,25.22,1853.6,1.5,2137.4,2995.0,-1.73,12.0,365,True
2016,전라북도,순창군,45770,254,7.74,-4.34,23.93,1509.9,1.66,1850.8,2669.3,-0.78,11.0,366,True
2017,전라북도,순창군,45770,254,7.74,-5.78,24.46,1023.2,1.67,1838.8,2605.5,-2.1,12.0,365,True
2018,전라북도,순창군,45770,254,7.74,-6.54,25.77,1523.3,1.43,1919.8,2726.1,-1.34,12.0,365,True
2019,전라북도,순창군,45770,254,7.74,-4.57,23.95,1284.2,1.45,1843.6,2634.1,-1.24,12.0,365,True
2020,전라북도,순창군,45770,254,7.74,-2.32,24.4,2133.7,1.74,1775.2,2544.2,-2.08,12.0,366,True
2021,전라북도,순창군,45770,254,7.74,-4.59,24.92,1232.6,1.5,1965.7,2790.0,-0.83,12.0,365,True
2022,전라북도,순창군,45770,254,7.74,-5.23,25.19,877.1,1.66,1956.2,2772.3,-2.12,12.0,365,True
2023,전라북도,순창군,45770,254,7.74,-5.78,25.15,2097.3,1.56,2061.1,2900.3,-1.45,12.0,365,True
2016,전라북도,완주군,45710,146,12.36,-1.44,25.6,1117.7,1.76,2197.0,3068.4,-1.42,11.0,366,True
2017,전라북도,완주군,45710,146,12.36,-2.12,25.23,947.8,1.68,2042.2,2844.4,-1.78,12.0,365,True
2018,전라북도,완주군,45710,146,12.36,-4.18,26.55,1332.5,1.69,2157.4,3006.4,-1.03,12.0,365,True
2019,전라북도,완주군,45710,146,12.36,-2.58,24.79,968.9,1.63,2069.1,2905.0,-1.42,12.0,365,True
2020,전라북도,완주군,45710,146,12.36,-0.19,24.88,1780.8,1.64,1947.0,2778.8,-1.6,12.0,366,True
2021,전라북도,완주군,45710,146,12.36,-2.44,25.4,1496.6,1.61,2120.4,3007.5,-0.66,12.0,365,True
2022,전라북도,완주군,45710,146,12.36,-3.1,25.68,1071.5,1.61,2145.2,3023.9,-2.07,12.0,365,True
2023,전라북도,완주군,45710,146,12.36,-3.39,25.78,1986.6,1.57,2271.6,3152.4,-1.82,12.0,365,True
2016,전라북도,익산시,45140,140,20.6,-1.92,25.14,1144.4,2.08,2039.6,2881.8,-1.24,11.0,366,True
2017,전라북도,익산시,45140,140,20.6,-2.67,24.78,774.4,2.19,1920.9,2706.0,-1.69,12.0,365,True
2018,전라북도,익산시,45140,140,20.6,-4.59,25.55,1637.1,2.0,1931.3,2751.8,-0.72,12.0,365,True
2019,전라북도,익산시,45140,140,20.6,-2.89,24.12,1008.1,1.91,1888.7,2691.9,-1.22,12.0,365,True
2020,전라북도,익산시,45140,140,20.6,-0.55,24.11,1664.8,2.08,1788.4,2582.5,-2.11,12.0,366,True
2021,전라북도,익산시,45140,140,20.6,-2.73,24.75,1151.7,2.04,1960.1,2803.9,-0.84,12.0,365,True
2022,전라북도,익산시,45140,140,20.6,-3.45,24.98,1043.4,2.25,1919.8,2743.8,-1.68,12.0,364,True
2023,전라북도,익산시,45140,140,20.6,-4.28,25.0,2120.8,2.21,2067.2,2906.1,-1.5,12.0,365,True
2016,전라북도,임실군,45750,244,4.68,-5.21,24.36,1326.5,1.33,1867.1,2675.9,-1.3,11.0,366,True
2017,전라북도,임실군,45750,244,4.68,-6.05,23.88,958.3,1.18,1692.2,2450.8,-2.0,12.0,365,True
2018,전라북도,임실군,45750,244,4.68,-8.09,25.05,1468.2,1.17,1774.0,2548.7,-0.95,12.0,365,True
2019,전라북도,임실군,45750,244,4.68,-6.13,23.34,1069.7,1.27,1713.2,2477.4,-1.19,12.0,365,True
2020,전라북도,임실군,45750,244,4.68,-3.15,23.26,1869.8,1.13,1557.9,2287.2,-1.86,12.0,366,True
2021,전라북도,임실군,45750,244,4.68,-5.89,23.43,1259.2,1.1,1700.4,2466.4,-0.73,12.0,365,True
2022,전라북도,임실군,45750,244,4.68,-6.28,23.82,966.7,1.11,1718.0,2505.5,-2.11,12.0,365,True
2023,전라북도,임실군,45750,244,4.68,-6.45,24.28,1984.4,1.1,1868.6,2698.6,-1.35,12.0,365,True
2016,전라북도,장수군,45740,248,2.18,-5.63,23.18,1485.8,1.66,1616.5,2402.4,-0.97,11.0,366,True
2017,전라북도,장수군,45740,248,2.18,-6.75,22.88,1128.1,1.69,1478.3,2216.6,-1.81,12.0,365,True
2018,전라북도,장수군,45740,248,2.18,-8.62,23.89,1665.0,1.67,1556.2,2289.7,-1.18,12.0,365,True
2019,전라북도,장수군,45740,248,2.18,-6.78,22.36,1262.8,1.54,1507.4,2241.4,-0.93,12.0,365,True
2020,전라북도,장수군,45740,248,2.18,-4.03,22.79,2126.0,1.53,1432.2,2117.8,-1.98,12.0,366,True
2021,전라북도,장수군,45740,248,2.18,-6.84,22.71,1345.2,1.4,1535.8,2249.5,-0.94,12.0,365,True
2022,전라북도,장수군,45740,248,2.18,-7.81,23.25,982.6,1.45,1544.2,2276.2,-2.17,12.0,365,True
2023,전라북도,장수군,45740,248,2.18,-8.18,23.51,2168.1,1.36,1649.0,2427.2,-1.7,12.0,365,True
2016,전라북도,전주시 덕진구,45113,146,1.44,-1.44,25.6,1117.7,1.76,2197.0,3068.4,-1.42,11.0,366,True
2017,전라북도,전주시 덕진구,45113,146,1.44,-2.12,25.23,947.8,1.68,2042.2,2844.4,-1.78,12.0,365,True
2018,전라북도,전주시 덕진구,45113,146,1.44,-4.18,26.55,1332.5,1.69,2157.4,3006.4,-1.03,12.0,365,True
2019,전라북도,전주시 덕진구,45113,146,1.44,-2.58,24.79,968.9,1.63,2069.1,2905.0,-1.42,12.0,365,True
2020,전라북도,전주시 덕진구,45113,146,1.44,-0.19,24.88,1780.8,1.64,1947.0,2778.8,-1.6,12.0,366,True
2021,전라북도,전주시 덕진구,45113,146,1.44,-2.44,25.4,1496.6,1.61,2120.4,3007.5,-0.66,12.0,365,True
2022,전라북도,전주시 덕진구,45113,146,1.44,-3.1,25.68,1071.5,1.61,2145.2,3023.9,-2.07,12.0,365,True
2023,전라북도,전주시 덕진구,45113,146,1.44,-3.39,25.78,1986.6,1.57,2271.6,3152.4,-1.82,12.0,365,True
2016,전라북도,전주시 완산구,45111,146,1.44,-1.44,25.6,1117.7,1.76,2197.0,3068.4,-1.42,11.0,366,True
2017,전라북도,전주시 완산구,45111,146,1.44,-2.12,25.23,947.8,1.68,2042.2,2844.4,-1.78,12.0,365,True
2018,전라북도,전주시 완산구,45111,146,1.44,-4.18,26.55,1332.5,1.69,2157.4,3006.4,-1.03,12.0,365,True
2019,전라북도,전주시 완산구,45111,146,1.44,-2.58,24.79,968.9,1.63,2069.1,2905.0,-1.42,12.0,365,True
2020,전라북도,전주시 완산구,45111,146,1.44,-0.19,24.88,1780.8,1.64,1947.0,2778.8,-1.6,12.0,366,True
2021,전라북도,전주시 완산구,45111,146,1.44,-2.44,25.4,1496.6,1.61,2120.4,3007.5,-0.66,12.0,365,True
2022,전라북도,전주시 완산구,45111,146,1.44,-3.1,25.68,1071.5,1.61,2145.2,3023.9,-2.07,12.0,365,True
2023,전라북도,전주시 완산구,45111,146,1.44,-3.39,25.78,1986.6,1.57,2271.6,3152.4,-1.82,12.0,365,True
2016,전라북도,정읍시,45180,245,7.44,-1.86,25.92,1279.5,1.43,2218.4,3076.3,-1.34,11.0,366,True
2017,전라북도,정읍시,45180,245,7.44,-3.15,25.04,938.2,1.53,1927.4,2708.4,-2.06,12.0,365,True
2018,전라북도,정읍시,45180,245,7.44,-5.04,25.77,1305.0,1.57,1977.4,2799.7,-1.07,12.0,365,True
2019,전라북도,정읍시,45180,245,7.44,-3.27,23.89,1246.7,1.49,1848.0,2658.4,-1.25,12.0,365,True
2020,전라북도,정읍시,45180,245,7.44,-0.94,24.25,1718.9,1.54,1783.2,2565.4,-1.61,12.0,366,True
2021,전라북도,정읍시,45180,245,7.44,-3.2,24.63,1354.6,1.61,1942.4,2776.8,-0.57,12.0,365,True
2022,전라북도,정읍시,45180,245,7.44,-3.64,25.14,979.3,1.65,1952.8,2784.4,-1.92,12.0,365,True
2023,전라북도,정읍시,45180,245,7.44,-4.25,25.32,1937.7,1.49,2133.1,2987.8,-1.73,12.0,365,True
2016,전라북도,진안군,45720,248,20.74,-5.63,23.18,1485.8,1.66,1616.5,2402.4,-0.97,11.0,366,True
2017,전라북도,진안군,45720,248,20.74,-6.75,22.88,1128.1,1.69,1478.3,2216.6,-1.81,12.0,365,True
2018,전라북도,진안군,45720,248,20.74,-8.62,23.89,1665.0,1.67,1556.2,2289.7,-1.18,12.0,365,True
2019,전라북도,진안군,45720,248,20.74,-6.78,22.36,1262.8,1.54,1507.4,2241.4,-0.93,12.0,365,True
2020,전라북도,진안군,45720,248,20.74,-4.03,22.79,2126.0,1.53,1432.2,2117.8,-1.98,12.0,366,True
2021,전라북도,진안군,45720,248,20.74,-6.84,22.71,1345.2,1.4,1535.8,2249.5,-0.94,12.0,365,True
2022,전라북도,진안군,45720,248,20.74,-7.81,23.25,982.6,1.45,1544.2,2276.2,-2.17,12.0,365,True
2023,전라북도,진안군,45720,248,20.74,-8.18,23.51,2168.1,1.36,1649.0,2427.2,-1.7,12.0,365,True
2016,제주특별자치도,서귀포시,50130,189,8.85,4.94,25.12,2204.5,1.72,2374.0,3415.6,-0.59,11.0,366,True
2017,제주특별자치도,서귀포시,50130,189,8.85,5.26,26.0,1334.0,1.78,2390.4,3390.8,-1.8,12.0,365,True
2018,제주특별자치도,서귀포시,50130,189,8.85,3.38,25.51,2166.2,1.81,2342.3,3367.2,-1.67,12.0,365,True
2019,제주특별자치도,서귀포시,50130,189,8.85,5.96,24.35,2210.3,1.74,2331.1,3411.4,-1.83,12.0,365,True
2020,제주특별자치도,서귀포시,50130,189,8.85,6.82,24.41,2089.6,1.66,2138.4,3221.2,-0.93,12.0,366,True
2021,제주특별자치도,서귀포시,50130,189,8.85,5.24,25.25,2136.2,1.84,2448.8,3560.0,-1.07,12.0,365,True
2022,제주특별자치도,서귀포시,50130,189,8.85,4.73,25.78,1561.3,1.72,2481.0,3492.8,-1.88,12.0,365,True
2023,제주특별자치도,서귀포시,50130,189,8.85,4.8,25.64,2220.7,1.67,2517.4,3594.6,-2.26,12.0,365,True
2016,제주특별자치도,제주시,50110,184,8.04,5.45,26.05,1416.4,3.13,2468.8,3479.5,-0.99,11.0,366,True
2017,제주특별자치도,제주시,50110,184,8.04,4.75,26.66,773.3,3.12,2422.6,3390.0,-2.12,12.0,365,True
2018,제주특별자치도,제주시,50110,184,8.04,3.18,26.17,1769.5,3.09,2415.4,3411.8,-1.45,12.0,365,True
2019,제주특별자치도,제주시,50110,184,8.04,5.28,24.84,1979.9,2.99,2327.4,3331.2,-1.47,12.0,365,True
2020,제주특별자치도,제주시,50110,184,8.04,6.68,25.39,1389.5,3.05,2249.1,3272.5,-1.24,12.0,366,True
2021,제주특별자치도,제주시,50110,184,8.04,5.07,26.22,1627.7,3.28,2532.5,3632.7,-1.04,12.0,365,True
2022,제주특별자치도,제주시,50110,184,8.04,4.4,27.2,1075.8,3.38,2528.0,3500.2,-1.46,12.0,365,True
2023,제주특별자치도,제주시,50110,184,8.04,4.34,26.72,1444.9,3.23,2581.6,3616.8,-2.02,12.0,365,True
2016,충청남도,계룡시,44250,133,15.24,-3.17,26.08,1228.4,1.48,2180.0,3017.6,-1.29,11.0,366,True
2017,충청남도,계룡시,44250,133,15.24,-3.74,25.49,1127.5,1.55,2046.4,2844.6,-1.8,12.0,365,True
2018,충청남도,계룡시,44250,133,15.24,-5.75,26.88,1542.1,1.55,2113.8,2936.6,-0.54,12.0,365,True
2019,충청남도,계룡시,44250,133,15.24,-3.91,25.26,984.2,1.34,2062.2,2881.4,-1.69,12.0,365,True
2020,충청남도,계룡시,44250,133,15.24,-1.44,25.11,1614.0,1.45,1916.4,2741.2,-1.91,12.0,366,True
2021,충청남도,계룡시,44250,133,15.24,-3.91,25.73,1109.5,1.51,2095.5,2965.6,-1.0,12.0,365,True
2022,충청남도,계룡시,44250,133,15.24,-4.69,25.59,1203.1,1.92,2089.4,2934.0,-1.93,12.0,365,True
2023,충청남도,계룡시,44250,133,15.24,-5.13,25.5,2042.5,1.51,2122.8,2981.5,-1.66,12.0,365,True
2016,충청남도,공주시,44150,239,15.15,,,,,,,,,0,False
2017,충청남도,공주시,44150,239,15.15,,,,,,,,,0,False
2018,충청남도,공주시,44150,239,15.15,,,,,,,,,0,False
2019,충청남도,공주시,44150,239,15.15,,24.38,959.3,1.17,1654.6,2246.5,-1.02,6.0,215,False
2020,충청남도,공주시,44150,239,15.15,-1.95,24.41,1685.8,1.38,1793.0,2580.1,-1.79,12.0,366,True
2021,충청남도,공주시,44150,239,15.15,-4.45,24.88,1104.6,1.36,1943.0,2772.7,-1.29,12.0,365,True
2022,충청남도,공주시,44150,239,15.15,-5.17,25.03,1222.4,1.31,1969.7,2792.6,-1.88,12.0,365,True
2023,충청남도,공주시,44150,239,15.15,-5.49,25.16,2103.3,1.44,2066.0,2910.9,-1.92,12.0,365,True
2016,충청남도,금산군,44710,238,1.52,-4.88,24.8,1325.6,1.24,1913.0,2720.8,-0.58,11.0,366,True
2017,충청남도,금산군,44710,238,1.52,-5.99,24.16,967.6,1.26,1742.6,2506.2,-1.92,12.0,365,True
2018,충청남도,금산군,44710,238,1.52,-8.17,25.44,1397.2,1.28,1815.9,2585.3,-0.83,12.0,365,True
2019,충청남도,금산군,44710,238,1.52,-6.64,23.73,982.6,1.16,1748.8,2521.6,-1.8,12.0,365,True
2020,충청남도,금산군,44710,238,1.52,-3.23,24.11,1758.2,1.17,1694.6,2440.0,-1.93,12.0,366,True
2021,충청남도,금산군,44710,238,1.52,-5.91,24.23,1290.1,1.15,1826.0,2620.8,-0.72,12.0,365,True
2022,충청남도,금산군,44710,238,1.52,-6.56,24.39,948.7,1.11,1768.2,2548.7,-1.85,12.0,365,True
2023,충청남도,금산군,44710,238,1.52,-7.0,24.75,1800.9,1.05,1900.5,2721.4,-1.85,12.0,365,True
2016,충청남도,논산시,44230,236,23.09,-4.0,25.26,1129.3,1.25,2046.1,2864.2,-1.56,11.0,366,True
2017,충청남도,논산시,44230,236,23.09,-5.02,24.64,1112.0,1.31,1884.2,2661.5,-1.71,12.0,365,True
2018,충청남도,논산시,44230,236,23.09,-6.95,25.94,1457.9,1.34,1939.6,2739.6,-0.66,12.0,365,True
2019,충청남도,논산시,44230,236,23.09,-5.6,24.3,992.0,1.27,1888.7,2668.6,-1.53,12.0,365,True
2020,충청남도,논산시,44230,236,23.09,-2.76,24.32,1624.8,1.17,1758.8,2515.0,-2.28,12.0,366,True
2021,충청남도,논산시,44230,236,23.09,-5.31,24.74,1123.4,1.14,1918.8,2730.2,-0.93,12.0,365,True
2022,충청남도,논산시,44230,236,23.09,-5.99,25.02,1301.1,1.22,1917.3,2729.2,-1.85,12.0,365,True
2023,충청남도,논산시,44230,236,23.09,-5.93,25.27,2165.0,1.14,2076.5,2913.8,-1.71,12.0,365,True
2016,충청남도,당진시,44270,129,20.01,-3.99,24.54,922.1,1.97,1896.6,2702.2,-2.07,11.0,366,True
2017,충청남도,당진시,44270,129,20.01,-4.96,24.12,830.4,1.99,1769.7,2533.9,-2.13,12.0,365,True
2018,충청남도,당진시,44270,129,20.01,-6.28,25.2,1227.2,1.93,1791.2,2573.6,-1.34,12.0,365,True
2019,충청남도,당진시,44270,129,20.01,-5.18,23.83,915.0,1.83,1747.2,2502.3,-1.74,12.0,365,True
2020,충청남도,당진시,44270,129,20.01,-2.3,23.8,1488.7,1.97,1686.6,2440.0,-1.72,12.0,366,True
2021,충청남도,당진시,44270,129,20.01,-4.54,24.6,1207.3,1.96,1892.2,2695.3,-1.16,12.0,365,True
2022,충청남도,당진시,44270,129,20.01,-5.53,24.48,1570.7,2.1,1778.6,2570.6,-1.51,12.0,365,True
2023,충청남도,당진시,44270,129,20.01,-5.79,24.87,1529.7,2.05,1967.7,2777.1,-2.0,12.0,365,True
2016,충청남도,보령시,44180,235,3.73,-1.94,24.71,792.8,1.54,1956.2,2791.0,-2.01,11.0,366,True
2017,충청남도,보령시,44180,235,3.73,-2.78,24.21,856.2,1.52,1785.9,2559.6,-1.82,12.0,365,True
2018,충청남도,보령시,44180,235,3.73,-4.73,25.3,1337.2,1.53,1857.8,2675.0,-0.77,12.0,365,True
2019,충청남도,보령시,44180,235,3.73,-3.02,23.83,821.9,1.42,1817.6,2615.1,-1.41,12.0,365,True
2020,충청남도,보령시,44180,235,3.73,-0.68,23.74,1301.9,1.55,1700.5,2469.0,-2.0,12.0,366,True
2021,충청남도,보령시,44180,235,3.73,-2.85,24.59,1107.9,1.56,1900.9,2721.6,-0.97,12.0,365,True
2022,충청남도,보령시,44180,235,3.73,-3.5,24.67,1348.2,1.6,1863.4,2692.8,-1.53,12.0,365,True
2023,충청남도,보령시,44180,235,3.73,-3.75,24.78,1726.7,1.54,2037.5,2872.7,-2.03,12.0,365,True
2016,충청남도,부여군,44760,236,6.41,-4.0,25.26,1129.3,1.25,2046.1,2864.2,-1.56,11.0,366,True
2017,충청남도,부여군,44760,236,6.41,-5.02,24.64,1112.0,1.31,1884.2,2661.5,-1.71,12.0,365,True
2018,충청남도,부여군,44760,236,6.41,-6.95,25.94,1457.9,1.34,1939.6,2739.6,-0.66,12.0,365,True
2019,충청남도,부여군,44760,236,6.41,-5.6,24.3,992.0,1.27,1888.7,2668.6,-1.53,12.0,365,True
2020,충청남도,부여군,44760,236,6.41,-2.76,24.32,1624.8,1.17,1758.8,2515.0,-2.28,12.0,366,True
2021,충청남도,부여군,44760,236,6.41,-5.31,24.74,1123.4,1.14,1918.8,2730.2,-0.93,12.0,365,True
2022,충청남도,부여군,44760,236,6.41,-5.99,25.02,1301.1,1.22,1917.3,2729.2,-1.85,12.0,365,True
2023,충청남도,부여군,44760,236,6.41,-5.93,25.27,2165.0,1.14,2076.5,2913.8,-1.71,12.0,365,True
2016,충청남도,서산시,44210,129,2.84,-3.99,24.54,922.1,1.97,1896.6,2702.2,-2.07,11.0,366,True
2017,충청남도,서산시,44210,129,2.84,-4.96,24.12,830.4,1.99,1769.7,2533.9,-2.13,12.0,365,True
2018,충청남도,서산시,44210,129,2.84,-6.28,25.2,1227.2,1.93,1791.2,2573.6,-1.34,12.0,365,True
2019,충청남도,서산시,44210,129,2.84,-5.18,23.83,915.0,1.83,1747.2,2502.3,-1.74,12.0,365,True
2020,충청남도,서산시,44210,129,2.84,-2.3,23.8,1488.7,1.97,1686.6,2440.0,-1.72,12.0,366,True
2021,충청남도,서산시,44210,129,2.84,-4.54,24.6,1207.3,1.96,1892.2,2695.3,-1.16,12.0,365,True
2022,충청남도,서산시,44210,129,2.84,-5.53,24.48,1570.7,2.1,1778.6,2570.6,-1.51,12.0,365,True
2023,충청남도,서산시,44210,129,2.84,-5.79,24.87,1529.7,2.05,1967.7,2777.1,-2.0,12.0,365,True
2016,충청남도,서천군,44770,140,12.4,-1.92,25.14,1144.4,2.08,2039.6,2881.8,-1.24,11.0,366,True
2017,충청남도,서천군,44770,140,12.4,-2.67,24.78,774.4,2.19,1920.9,2706.0,-1.69,12.0,365,True
2018,충청남도,서천군,44770,140,12.4,-4.59,25.55,1637.1,2.0,1931.3,2751.8,-0.72,12.0,365,True
2019,충청남도,서천군,44770,140,12.4,-2.89,24.12,1008.1,1.91,1888.7,2691.9,-1.22,12.0,365,True
2020,충청남도,서천군,44770,140,12.4,-0.55,24.11,1664.8,2.08,1788.4,2582.5,-2.11,12.0,366,True
2021,충청남도,서천군,44770,140,12.4,-2.73,24.75,1151.7,2.04,1960.1,2803.9,-0.84,12.0,365,True
2022,충청남도,서천군,44770,140,12.4,-3.45,24.98,1043.4,2.25,1919.8,2743.8,-1.68,12.0,364,True
2023,충청남도,서천군,44770,140,12.4,-4.28,25.0,2120.8,2.21,2067.2,2906.1,-1.5,12.0,365,True
2016,충청남도,아산시,44200,232,28.3,-4.43,24.45,1004.8,1.52,1862.6,2670.4,-1.82,11.0,366,True
2017,충청남도,아산시,44200,232,28.3,-5.92,23.83,1305.0,1.45,1690.6,2452.4,-2.51,12.0,365,True
2018,충청남도,아산시,44200,232,28.3,-8.1,25.17,1163.4,1.54,1756.8,2523.4,-1.07,12.0,365,True
2019,충청남도,아산시,44200,232,28.3,-6.73,23.24,845.6,1.34,1614.6,2360.1,-1.61,12.0,365,True
2020,충청남도,아산시,44200,232,28.3,-3.7,23.83,1443.5,1.31,1622.4,2359.0,-1.6,12.0,366,True
2021,충청남도,아산시,44200,232,28.3,-6.47,24.11,1058.9,1.3,1748.4,2526.6,-1.44,12.0,365,True
2022,충청남도,아산시,44200,232,28.3,-7.06,24.36,1080.7,1.23,1770.1,2549.4,-1.81,12.0,365,True
2023,충청남도,아산시,44200,232,28.3,-7.38,24.78,1502.5,1.24,1908.4,2731.6,-1.97,12.0,365,True
2016,충청남도,예산군,44810,177,8.75,-4.25,25.01,760.4,1.57,1974.6,2790.6,-2.25,11.0,366,True
2017,충청남도,예산군,44810,177,8.75,-4.79,24.56,1009.5,1.56,1820.1,2592.6,-2.15,12.0,365,True
2018,충청남도,예산군,44810,177,8.75,-6.71,25.38,1299.0,1.52,1816.0,2596.0,-1.09,12.0,365,True
2019,충청남도,예산군,44810,177,8.75,-5.31,24.02,922.3,1.4,1764.6,2523.5,-1.73,12.0,365,True
2020,충청남도,예산군,44810,177,8.75,-2.6,24.13,1609.7,1.55,1706.9,2460.2,-1.87,12.0,366,True
2021,충청남도,예산군,44810,177,8.75,-4.83,24.61,1242.8,1.45,1861.1,2662.2,-1.02,12.0,365,True
2022,충청남도,예산군,44810,177,8.75,-5.57,24.98,1389.6,1.56,1860.0,2657.0,-1.39,12.0,365,True
2023,충청남도,예산군,44810,177,8.75,-5.82,25.15,1584.8,1.56,2019.3,2844.7,-2.04,12.0,365,True
2016,충청남도,천안시 동남구,44131,232,9.27,-4.43,24.45,1004.8,1.52,1862.6,2670.4,-1.82,11.0,366,True
2017,충청남도,천안시 동남구,44131,232,9.27,-5.92,23.83,1305.0,1.45,1690.6,2452.4,-2.51,12.0,365,True
2018,충청남도,천안시 동남구,44131,232,9.27,-8.1,25.17,1163.4,1.54,1756.8,2523.4,-1.07,12.0,365,True
2019,충청남도,천안시 동남구,44131,232,9.27,-6.73,23.24,845.6,1.34,1614.6,2360.1,-1.61,12.0,365,True
2020,충청남도,천안시 동남구,44131,232,9.27,-3.7,23.83,1443.5,1.31,1622.4,2359.0,-1.6,12.0,366,True
2021,충청남도,천안시 동남구,44131,232,9.27,-6.47,24.11,1058.9,1.3,1748.4,2526.6,-1.44,12.0,365,True
2022,충청남도,천안시 동남구,44131,232,9.27,-7.06,24.36,1080.7,1.23,1770.1,2549.4,-1.81,12.0,365,True
2023,충청남도,천안시 동남구,44131,232,9.27,-7.38,24.78,1502.5,1.24,1908.4,2731.6,-1.97,12.0,365,True
2016,충청남도,천안시 서북구,44133,232,9.27,-4.43,24.45,1004.8,1.52,1862.6,2670.4,-1.82,11.0,366,True
2017,충청남도,천안시 서북구,44133,232,9.27,-5.92,23.83,1305.0,1.45,1690.6,2452.4,-2.51,12.0,365,True
2018,충청남도,천안시 서북구,44133,232,9.27,-8.1,25.17,1163.4,1.54,1756.8,2523.4,-1.07,12.0,365,True
2019,충청남도,천안시 서북구,44133,232,9.27,-6.73,23.24,845.6,1.34,1614.6,2360.1,-1.61,12.0,365,True
2020,충청남도,천안시 서북구,44133,232,9.27,-3.7,23.83,1443.5,1.31,1622.4,2359.0,-1.6,12.0,366,True
2021,충청남도,천안시 서북구,44133,232,9.27,-6.47,24.11,1058.9,1.3,1748.4,2526.6,-1.44,12.0,365,True
2022,충청남도,천안시 서북구,44133,232,9.27,-7.06,24.36,1080.7,1.23,1770.1,2549.4,-1.81,12.0,365,True
2023,충청남도,천안시 서북구,44133,232,9.27,-7.38,24.78,1502.5,1.24,1908.4,2731.6,-1.97,12.0,365,True
2016,충청남도,청양군,44790,236,18.61,-4.0,25.26,1129.3,1.25,2046.1,2864.2,-1.56,11.0,366,True
2017,충청남도,청양군,44790,236,18.61,-5.02,24.64,1112.0,1.31,1884.2,2661.5,-1.71,12.0,365,True
2018,충청남도,청양군,44790,236,18.61,-6.95,25.94,1457.9,1.34,1939.6,2739.6,-0.66,12.0,365,True
2019,충청남도,청양군,44790,236,18.61,-5.6,24.3,992.0,1.27,1888.7,2668.6,-1.53,12.0,365,True
2020,충청남도,청양군,44790,236,18.61,-2.76,24.32,1624.8,1.17,1758.8,2515.0,-2.28,12.0,366,True
2021,충청남도,청양군,44790,236,18.61,-5.31,24.74,1123.4,1.14,1918.8,2730.2,-0.93,12.0,365,True
2022,충청남도,청양군,44790,236,18.61,-5.99,25.02,1301.1,1.22,1917.3,2729.2,-1.85,12.0,365,True
2023,충청남도,청양군,44790,236,18.61,-5.93,25.27,2165.0,1.14,2076.5,2913.8,-1.71,12.0,365,True
2016,충청남도,태안군,44825,129,20.43,-3.99,24.54,922.1,1.97,1896.6,2702.2,-2.07,11.0,366,True
2017,충청남도,태안군,44825,129,20.43,-4.96,24.12,830.4,1.99,1769.7,2533.9,-2.13,12.0,365,True
2018,충청남도,태안군,44825,129,20.43,-6.28,25.2,1227.2,1.93,1791.2,2573.6,-1.34,12.0,365,True
2019,충청남도,태안군,44825,129,20.43,-5.18,23.83,915.0,1.83,1747.2,2502.3,-1.74,12.0,365,True
2020,충청남도,태안군,44825,129,20.43,-2.3,23.8,1488.7,1.97,1686.6,2440.0,-1.72,12.0,366,True
2021,충청남도,태안군,44825,129,20.43,-4.54,24.6,1207.3,1.96,1892.2,2695.3,-1.16,12.0,365,True
2022,충청남도,태안군,44825,129,20.43,-5.53,24.48,1570.7,2.1,1778.6,2570.6,-1.51,12.0,365,True
2023,충청남도,태안군,44825,129,20.43,-5.79,24.87,1529.7,2.05,1967.7,2777.1,-2.0,12.0,365,True
2016,충청남도,홍성군,44800,177,11.2,-4.25,25.01,760.4,1.57,1974.6,2790.6,-2.25,11.0,366,True
2017,충청남도,홍성군,44800,177,11.2,-4.79,24.56,1009.5,1.56,1820.1,2592.6,-2.15,12.0,365,True
2018,충청남도,홍성군,44800,177,11.2,-6.71,25.38,1299.0,1.52,1816.0,2596.0,-1.09,12.0,365,True
2019,충청남도,홍성군,44800,177,11.2,-5.31,24.02,922.3,1.4,1764.6,2523.5,-1.73,12.0,365,True
2020,충청남도,홍성군,44800,177,11.2,-2.6,24.13,1609.7,1.55,1706.9,2460.2,-1.87,12.0,366,True
2021,충청남도,홍성군,44800,177,11.2,-4.83,24.61,1242.8,1.45,1861.1,2662.2,-1.02,12.0,365,True
2022,충청남도,홍성군,44800,177,11.2,-5.57,24.98,1389.6,1.56,1860.0,2657.0,-1.39,12.0,365,True
2023,충청남도,홍성군,44800,177,11.2,-5.82,25.15,1584.8,1.56,2019.3,2844.7,-2.04,12.0,365,True
2016,충청북도,괴산군,43760,127,24.83,-5.74,25.28,917.1,1.45,2010.1,2820.5,-2.08,11.0,366,True
2017,충청북도,괴산군,43760,127,24.83,-6.23,24.63,1072.9,1.46,1841.6,2614.4,-2.25,12.0,365,True
2018,충청북도,괴산군,43760,127,24.83,-8.76,25.9,1349.1,1.52,1896.6,2667.2,-0.96,12.0,365,True
2019,충청북도,괴산군,43760,127,24.83,-6.98,24.26,795.5,1.32,1795.0,2546.5,-2.04,12.0,365,True
2020,충청북도,괴산군,43760,127,24.83,-3.99,24.21,1446.5,1.4,1677.0,2413.8,-1.92,12.0,366,True
2021,충청북도,괴산군,43760,127,24.83,-7.5,24.34,1365.5,1.4,1779.9,2559.7,-1.05,12.0,365,True
2022,충청북도,괴산군,43760,127,24.83,-7.76,24.63,1464.2,1.2,1800.4,2571.3,-1.81,12.0,365,True
2023,충청북도,괴산군,43760,127,24.83,-7.88,25.08,1661.6,1.22,1937.4,2755.3,-2.34,12.0,365,True
2016,충청북도,단양군,43800,272,17.84,-5.39,23.9,1263.3,2.45,1749.8,2539.9,-2.31,11.0,366,True
2017,충청북도,단양군,43800,272,17.84,-5.81,23.29,1055.3,2.68,1649.2,2413.6,-1.49,12.0,365,True
2018,충청북도,단양군,43800,272,17.84,-7.79,24.43,1591.5,2.44,1650.8,2400.4,-1.39,12.0,365,True
2019,충청북도,단양군,43800,272,17.84,-5.92,23.04,996.4,2.41,1641.2,2375.8,-1.32,12.0,365,True
2020,충청북도,단양군,43800,272,17.84,-3.6,23.12,1499.9,2.37,1500.9,2228.0,-2.1,12.0,366,True
2021,충청북도,단양군,43800,272,17.84,-6.39,23.06,1346.5,2.27,1572.3,2328.6,-0.96,12.0,365,True
2022,충청북도,단양군,43800,272,17.84,-6.75,23.56,1083.8,2.46,1650.4,2412.6,-1.79,12.0,365,True
2023,충청북도,단양군,43800,272,17.84,-6.58,23.82,2216.1,2.16,1682.0,2480.4,-1.03,12.0,365,True
2016,충청북도,보은군,43720,226,0.52,-5.91,24.39,1291.6,1.36,1834.6,2632.4,-1.28,11.0,366,True
2017,충청북도,보은군,43720,226,0.52,-6.77,23.92,1322.8,1.38,1703.2,2460.8,-1.82,12.0,365,True
2018,충청북도,보은군,43720,226,0.52,-8.87,25.07,1409.5,1.28,1761.4,2522.4,-0.73,12.0,365,True
2019,충청북도,보은군,43720,226,0.52,-7.21,23.71,1046.2,1.26,1738.2,2495.2,-1.33,12.0,365,True
2020,충청북도,보은군,43720,226,0.52,-4.09,23.4,1768.8,1.11,1559.9,2269.8,-1.9,12.0,366,True
2021,충청북도,보은군,43720,226,0.52,-7.2,23.54,1097.7,1.15,1684.4,2441.8,-0.93,12.0,365,True
2022,충청북도,보은군,43720,226,0.52,-7.6,23.93,1043.5,1.13,1679.3,2442.6,-1.7,12.0,365,True
2023,충청북도,보은군,43720,226,0.52,-7.7,24.27,1870.4,1.17,1797.3,2602.9,-1.86,12.0,365,True
2016,충청북도,영동군,43740,135,17.51,-4.25,23.96,1147.1,2.6,1743.6,2530.9,-1.11,11.0,366,True
2017,충청북도,영동군,43740,135,17.51,-4.63,23.58,921.8,2.78,1666.3,2439.3,-1.91,12.0,365,True
2018,충청북도,영동군,43740,135,17.51,-7.0,24.63,1304.2,2.74,1678.7,2446.3,-1.19,12.0,365,True
2019,충청북도,영동군,43740,135,17.51,-4.95,23.11,1164.1,2.58,1622.5,2385.8,-0.99,12.0,365,True
2020,충청북도,영동군,43740,135,17.51,-3.16,23.03,1554.0,2.66,1508.2,2246.8,-1.9,12.0,366,True
2021,충청북도,영동군,43740,135,17.51,-5.53,23.09,1129.1,2.56,1581.7,2339.5,-0.88,12.0,365,True
2022,충청북도,영동군,43740,135,17.51,-5.52,23.67,928.6,2.6,1649.9,2415.3,-1.91,12.0,365,True
2023,충청북도,영동군,43740,135,17.51,-6.28,24.02,1551.5,2.33,1745.6,2555.4,-1.5,12.0,365,True
2016,충청북도,옥천군,43730,226,19.82,-5.91,24.39,1291.6,1.36,1834.6,2632.4,-1.28,11.0,366,True
2017,충청북도,옥천군,43730,226,19.82,-6.77,23.92,1322.8,1.38,1703.2,2460.8,-1.82,12.0,365,True
2018,충청북도,옥천군,43730,226,19.82,-8.87,25.07,1409.5,1.28,1761.4,2522.4,-0.73,12.0,365,True
2019,충청북도,옥천군,43730,226,19.82,-7.21,23.71,1046.2,1.26,1738.2,2495.2,-1.33,12.0,365,True
2020,충청북도,옥천군,43730,226,19.82,-4.09,23.4,1768.8,1.11,1559.9,2269.8,-1.9,12.0,366,True
2021,충청북도,옥천군,43730,226,19.82,-7.2,23.54,1097.7,1.15,1684.4,2441.8,-0.93,12.0,365,True
2022,충청북도,옥천군,43730,226,19.82,-7.6,23.93,1043.5,1.13,1679.3,2442.6,-1.7,12.0,365,True
2023,충청북도,옥천군,43730,226,19.82,-7.7,24.27,1870.4,1.17,1797.3,2602.9,-1.86,12.0,365,True
2016,충청북도,음성군,43770,127,30.1,-5.74,25.28,917.1,1.45,2010.1,2820.5,-2.08,11.0,366,True
2017,충청북도,음성군,43770,127,30.1,-6.23,24.63,1072.9,1.46,1841.6,2614.4,-2.25,12.0,365,True
2018,충청북도,음성군,43770,127,30.1,-8.76,25.9,1349.1,1.52,1896.6,2667.2,-0.96,12.0,365,True
2019,충청북도,음성군,43770,127,30.1,-6.98,24.26,795.5,1.32,1795.0,2546.5,-2.04,12.0,365,True
2020,충청북도,음성군,43770,127,30.1,-3.99,24.21,1446.5,1.4,1677.0,2413.8,-1.92,12.0,366,True
2021,충청북도,음성군,43770,127,30.1,-7.5,24.34,1365.5,1.4,1779.9,2559.7,-1.05,12.0,365,True
2022,충청북도,음성군,43770,127,30.1,-7.76,24.63,1464.2,1.2,1800.4,2571.3,-1.81,12.0,365,True
2023,충청북도,음성군,43770,127,30.1,-7.88,25.08,1661.6,1.22,1937.4,2755.3,-2.34,12.0,365,True
2016,충청북도,제천시,43150,221,12.02,-8.14,23.78,1107.9,1.44,1695.4,2465.8,-1.51,11.0,366,True
2017,충청북도,제천시,43150,221,12.02,-8.37,23.13,1070.7,1.55,1561.1,2297.2,-2.01,12.0,365,True
2018,충청북도,제천시,43150,221,12.02,-10.99,24.43,1409.3,1.65,1622.1,2338.4,-0.68,12.0,365,True
2019,충청북도,제천시,43150,221,12.02,-9.29,23.13,843.0,1.53,1641.8,2351.7,-1.98,12.0,365,True
2020,충청북도,제천시,43150,221,12.02,-5.65,23.1,1551.8,1.35,1465.9,2140.8,-2.21,12.0,366,True
2021,충청북도,제천시,43150,221,12.02,-8.98,23.09,1162.2,1.2,1555.7,2263.8,-1.45,12.0,365,True
2022,충청북도,제천시,43150,221,12.02,-9.63,23.2,1476.6,1.23,1539.1,2256.2,-1.66,12.0,365,True
2023,충청북도,제천시,43150,221,12.02,-9.78,23.74,1765.7,1.23,1654.7,2410.4,-2.06,12.0,365,True
2016,충청북도,증평군,43745,131,21.94,-3.3,25.85,938.0,1.54,2168.2,3001.0,-1.95,11.0,366,True
2017,충청북도,증평군,43745,131,21.94,-3.52,25.57,1301.2,1.59,2125.8,2922.4,-2.24,12.0,365,True
2018,충청북도,증평군,43745,131,21.94,-5.51,26.98,1381.6,1.67,2151.4,2976.4,-1.01,12.0,365,True
2019,충청북도,증평군,43745,131,21.94,-3.59,25.66,856.7,1.32,2140.8,2960.3,-1.6,12.0,365,True
2020,충청북도,증평군,43745,131,21.94,-0.99,25.52,1358.6,1.45,1985.2,2812.1,-1.8,12.0,366,True
2021,충청북도,증평군,43745,131,21.94,-3.74,26.07,1001.6,1.43,2138.6,3006.6,-1.14,12.0,365,True
2022,충청북도,증평군,43745,131,21.94,-4.06,26.11,1236.4,1.39,2190.3,3051.4,-1.85,12.0,365,True
2023,충청북도,증평군,43745,131,21.94,-4.21,26.55,1805.6,1.3,2330.6,3204.7,-1.96,12.0,365,True
2016,충청북도,진천군,43750,232,17.86,-4.43,24.45,1004.8,1.52,1862.6,2670.4,-1.82,11.0,366,True
2017,충청북도,진천군,43750,232,17.86,-5.92,23.83,1305.0,1.45,1690.6,2452.4,-2.51,12.0,365,True
2018,충청북도,진천군,43750,232,17.86,-8.1,25.17,1163.4,1.54,1756.8,2523.4,-1.07,12.0,365,True
2019,충청북도,진천군,43750,232,17.86,-6.73,23.24,845.6,1.34,1614.6,2360.1,-1.61,12.0,365,True
2020,충청북도,진천군,43750,232,17.86,-3.7,23.83,1443.5,1.31,1622.4,2359.0,-1.6,12.0,366,True
2021,충청북도,진천군,43750,232,17.86,-6.47,24.11,1058.9,1.3,1748.4,2526.6,-1.44,12.0,365,True
2022,충청북도,진천군,43750,232,17.86,-7.06,24.36,1080.7,1.23,1770.1,2549.4,-1.81,12.0,365,True
2023,충청북도,진천군,43750,232,17.86,-7.38,24.78,1502.5,1.24,1908.4,2731.6,-1.97,12.0,365,True
2016,충청북도,청주시 상당구,43111,131,5.4,-3.3,25.85,938.0,1.54,2168.2,3001.0,-1.95,11.0,366,True
2017,충청북도,청주시 상당구,43111,131,5.4,-3.52,25.57,1301.2,1.59,2125.8,2922.4,-2.24,12.0,365,True
2018,충청북도,청주시 상당구,43111,131,5.4,-5.51,26.98,1381.6,1.67,2151.4,2976.4,-1.01,12.0,365,True
2019,충청북도,청주시 상당구,43111,131,5.4,-3.59,25.66,856.7,1.32,2140.8,2960.3,-1.6,12.0,365,True
2020,충청북도,청주시 상당구,43111,131,5.4,-0.99,25.52,1358.6,1.45,1985.2,2812.1,-1.8,12.0,366,True
2021,충청북도,청주시 상당구,43111,131,5.4,-3.74,26.07,1001.6,1.43,2138.6,3006.6,-1.14,12.0,365,True
2022,충청북도,청주시 상당구,43111,131,5.4,-4.06,26.11,1236.4,1.39,2190.3,3051.4,-1.85,12.0,365,True
2023,충청북도,청주시 상당구,43111,131,5.4,-4.21,26.55,1805.6,1.3,2330.6,3204.7,-1.96,12.0,365,True
2016,충청북도,청주시 서원구,43112,131,5.4,-3.3,25.85,938.0,1.54,2168.2,3001.0,-1.95,11.0,366,True
2017,충청북도,청주시 서원구,43112,131,5.4,-3.52,25.57,1301.2,1.59,2125.8,2922.4,-2.24,12.0,365,True
2018,충청북도,청주시 서원구,43112,131,5.4,-5.51,26.98,1381.6,1.67,2151.4,2976.4,-1.01,12.0,365,True
2019,충청북도,청주시 서원구,43112,131,5.4,-3.59,25.66,856.7,1.32,2140.8,2960.3,-1.6,12.0,365,True
2020,충청북도,청주시 서원구,43112,131,5.4,-0.99,25.52,1358.6,1.45,1985.2,2812.1,-1.8,12.0,366,True
2021,충청북도,청주시 서원구,43112,131,5.4,-3.74,26.07,1001.6,1.43,2138.6,3006.6,-1.14,12.0,365,True
2022,충청북도,청주시 서원구,43112,131,5.4,-4.06,26.11,1236.4,1.39,2190.3,3051.4,-1.85,12.0,365,True
2023,충청북도,청주시 서원구,43112,131,5.4,-4.21,26.55,1805.6,1.3,2330.6,3204.7,-1.96,12.0,365,True
2016,충청북도,청주시 청원구,43114,131,5.4,-3.3,25.85,938.0,1.54,2168.2,3001.0,-1.95,11.0,366,True
2017,충청북도,청주시 청원구,43114,131,5.4,-3.52,25.57,1301.2,1.59,2125.8,2922.4,-2.24,12.0,365,True
2018,충청북도,청주시 청원구,43114,131,5.4,-5.51,26.98,1381.6,1.67,2151.4,2976.4,-1.01,12.0,365,True
2019,충청북도,청주시 청원구,43114,131,5.4,-3.59,25.66,856.7,1.32,2140.8,2960.3,-1.6,12.0,365,True
2020,충청북도,청주시 청원구,43114,131,5.4,-0.99,25.52,1358.6,1.45,1985.2,2812.1,-1.8,12.0,366,True
2021,충청북도,청주시 청원구,43114,131,5.4,-3.74,26.07,1001.6,1.43,2138.6,3006.6,-1.14,12.0,365,True
2022,충청북도,청주시 청원구,43114,131,5.4,-4.06,26.11,1236.4,1.39,2190.3,3051.4,-1.85,12.0,365,True
2023,충청북도,청주시 청원구,43114,131,5.4,-4.21,26.55,1805.6,1.3,2330.6,3204.7,-1.96,12.0,365,True
2016,충청북도,청주시 흥덕구,43113,131,5.4,-3.3,25.85,938.0,1.54,2168.2,3001.0,-1.95,11.0,366,True
2017,충청북도,청주시 흥덕구,43113,131,5.4,-3.52,25.57,1301.2,1.59,2125.8,2922.4,-2.24,12.0,365,True
2018,충청북도,청주시 흥덕구,43113,131,5.4,-5.51,26.98,1381.6,1.67,2151.4,2976.4,-1.01,12.0,365,True
2019,충청북도,청주시 흥덕구,43113,131,5.4,-3.59,25.66,856.7,1.32,2140.8,2960.3,-1.6,12.0,365,True
2020,충청북도,청주시 흥덕구,43113,131,5.4,-0.99,25.52,1358.6,1.45,1985.2,2812.1,-1.8,12.0,366,True
2021,충청북도,청주시 흥덕구,43113,131,5.4,-3.74,26.07,1001.6,1.43,2138.6,3006.6,-1.14,12.0,365,True
2022,충청북도,청주시 흥덕구,43113,131,5.4,-4.06,26.11,1236.4,1.39,2190.3,3051.4,-1.85,12.0,365,True
2023,충청북도,청주시 흥덕구,43113,131,5.4,-4.21,26.55,1805.6,1.3,2330.6,3204.7,-1.96,12.0,365,True
2016,충청북도,충주시,43130,127,7.08,-5.74,25.28,917.1,1.45,2010.1,2820.5,-2.08,11.0,366,True
2017,충청북도,충주시,43130,127,7.08,-6.23,24.63,1072.9,1.46,1841.6,2614.4,-2.25,12.0,365,True
2018,충청북도,충주시,43130,127,7.08,-8.76,25.9,1349.1,1.52,1896.6,2667.2,-0.96,12.0,365,True
2019,충청북도,충주시,43130,127,7.08,-6.98,24.26,795.5,1.32,1795.0,2546.5,-2.04,12.0,365,True
2020,충청북도,충주시,43130,127,7.08,-3.99,24.21,1446.5,1.4,1677.0,2413.8,-1.92,12.0,366,True
2021,충청북도,충주시,43130,127,7.08,-7.5,24.34,1365.5,1.4,1779.9,2559.7,-1.05,12.0,365,True
2022,충청북도,충주시,43130,127,7.08,-7.76,24.63,1464.2,1.2,1800.4,2571.3,-1.81,12.0,365,True
2023,충청북도,충주시,43130,127,7.08,-7.88,25.08,1661.6,1.22,1937.4,2755.3,-2.34,12.0,365,True
