연도,시도,시군구,log_피해밀도_본per_ha,Y_bin,노출도_점수,기후위험도_점수,지자체대응역량_점수,인위적확산_점수,구조적취약성지수,위험지수
2016,강원특별자치도,강릉시,0.0,0,1.4151538401089208,-0.36050209247445897,0.3848114650468531,-0.7670397999182806,0.16810585319075852,0.09587064923872701
2017,강원특별자치도,강릉시,0.0,0,1.4200019644270976,0.19597057528949768,0.09945029025854607,-0.8246681309524315,0.22268867475567744,0.26376813625472123
2018,강원특별자치도,강릉시,0.0,0,1.4237276364071678,0.43968141445668446,0.6578713880181923,-0.805733248510208,0.4288867975929591,0.3525586007845481
2019,강원특별자치도,강릉시,0.0,0,1.4237276364071678,1.2781242987763013,0.662093116707863,-0.8081983733913114,0.6389366696250052,0.6312178539307192
2020,강원특별자치도,강릉시,0.0,0,1.4680695983605023,0.4904946051675772,0.6912197662605591,-0.7738156754277277,0.4689920735902277,0.3949161760334506
2021,강원특별자치도,강릉시,0.0,0,1.4680695983605023,0.2969966193322181,0.6619774963281565,-0.7816692357790638,0.4113436195604533,0.32779899397121887
2022,강원특별자치도,강릉시,0.0,0,1.4680695983605023,0.7357160698702874,0.7039822447798998,-0.7757953074710331,0.5329931513849141,0.47599678691991887
2023,강원특별자치도,강릉시,0.0,0,1.4680695983605023,0.2645675617955932,0.7311373456691727,-0.7534013408328508,0.42759329124810436,0.3264119397744149
2016,강원특별자치도,고성군,0.0,0,-0.595077134888239,-0.7726609109212937,0.3848114650468531,0.09233296736316138,-0.22264840334987956,-0.42513502614879045
2017,강원특별자치도,고성군,0.0,0,-0.5912869989597959,-0.012916648505437278,0.7093639704500472,0.11049992009932424,0.05391506077103457,-0.16456790912196964
2018,강원특별자치도,고성군,0.0,0,-0.5842503802448508,0.28187081691399907,0.6578713880181923,0.12710493235392312,0.12064918926031594,-0.05842487699230953
2019,강원특별자치도,고성군,0.0,0,-0.5842503802448508,0.07431883035504566,0.662093116707863,0.22243236647492426,0.09364848332324552,-0.09583306113829364
2020,강원특별자치도,고성군,0.0,0,-0.5575564227955527,0.34804962716026105,0.6912197662605591,0.26790255257605566,0.18740388080033077,0.019465252313587995
2021,강원특별자치도,고성군,0.0,0,-0.5575564227955527,-0.6108692631203084,0.6619774963281565,0.2804073836376343,-0.056510201487517564,-0.2960061007594089
2022,강원특별자치도,고성군,0.0,0,-0.5575564227955527,-0.021879036204546565,0.7039822447798998,0.2983940684961743,0.1057352135689937,-0.09368046350130833
2023,강원특별자치도,고성군,0.0,0,-0.5575564227955527,-0.393285588800044,0.7311373456691727,0.31862116152374875,0.024729123899331185,-0.21074028335728265
2016,강원특별자치도,동해시,0.0009995003330835,1,1.3353662730806433,-1.0461637628503035,0.3848114650468531,0.8071355501878605,0.3702873813662633,0.3654460201394001
2017,강원특별자치도,동해시,0.0,0,1.3401724050503732,-0.33137288343036103,0.7093639704500472,0.8184157150508663,0.6341448017802314,0.6090717455569594
2018,강원특별자치도,동해시,0.0,0,1.3440294909763142,-0.6694358942253895,0.6578713880181923,0.5029064561581306,0.45884286023181187,0.39250001763635173
2019,강원특별자치도,동해시,0.0,0,1.3440294909763142,-0.24071717494479383,0.662093116707863,0.3963961692356935,0.5404504004937692,0.4999028284224046
2020,강원특별자치도,동해시,0.0,0,1.1210730455547473,-1.5736173914447493,0.6912197662605591,0.3564405289458449,0.1487789873291005,-0.03203460564805238
2021,강원특별자치도,동해시,0.0,0,1.1210730455547473,-0.7195586802550907,0.6619774963281565,0.3757531297821094,0.35981124785248064,0.2590891650272553
2022,강원특별자치도,동해시,0.0016985566355814,1,1.1210730455547473,-0.6285718979283654,0.7039822447798998,0.395160789825039,0.3979110455578302,0.29588731248380695
2023,강원특별자치도,동해시,0.0007996801705643,1,1.1210730455547473,-1.032891144317857,-0.2296902772255734,0.41644768900891993,0.06873482825505921,0.16820986341527008
2016,강원특별자치도,삼척시,0.0,0,2.253039356222327,-2.1441556770199117,0.3848114650468531,0.2276856802855077,0.180345206133694,0.11218978649597433
2017,강원특별자치도,삼척시,0.0,0,2.2583284612830155,-2.1002477358883,0.7093639704500472,0.24364348329688693,0.2777720447854124,0.13390806956386744
2018,강원특별자치도,삼척시,0.0,0,2.260674095671247,-1.599699207256661,0.6578713880181923,0.27323710268971857,0.39802084478062427,0.3114039970347683
2019,강원특별자치도,삼척시,0.0,0,2.260674095671247,-1.7582233975458756,0.662093116707863,0.16735284794864547,0.33297416569547,0.223267848691339
2020,강원특별자치도,삼척시,0.0,0,2.211301910628708,-2.041302650157963,0.6912197662605591,0.2728543645816272,0.2835183478282329,0.14761787501745746
2021,강원특별자치도,삼척시,0.0,0,2.211301910628708,-2.0170100769856076,0.6619774963281565,0.28873129862655555,0.2862501571494531,0.16100771075655204
2022,강원특별자치도,삼척시,0.0,0,2.211301910628708,-1.894220646648569,0.7039822447798998,0.30743000474711873,0.33212337837678946,0.20817042290908602
2023,강원특별자치도,삼척시,0.0,0,2.211301910628708,-2.213568221480504,0.7311373456691727,0.3281669938621445,0.2642595071698803,0.10863356100344951
2016,강원특별자치도,속초시,0.0,0,0.4731393238630007,-0.7726609109212937,0.3848114650468531,0.33279408798435517,0.10452099149322881,0.011090833642020717
2017,강원특별자치도,속초시,0.0,0,0.4774916641476287,-0.012916648505437278,0.7093639704500472,0.3460277555327261,0.3799916854062412,0.2702009237249725
2018,강원특별자치도,속초시,0.0,0,0.48276887917203676,0.28187081691399907,0.6578713880181923,0.37698280521820215,0.4498734723306076,0.38054083376807935
2019,강원특별자치도,속초시,0.0,0,0.48276887917203676,0.07431883035504566,0.662093116707863,0.26333903575968354,0.37062996549865723,0.27347558176225534
2020,강원특별자치도,속초시,0.0,0,0.569414495519985,0.34804962716026105,0.6912197662605591,0.29366063843694007,0.47558613184443627,0.40370825370572866
2021,강원특별자치도,속초시,0.0,0,0.569414495519985,-0.6108692631203084,0.6619774963281565,0.3122381264440124,0.23319021379296137,0.090261119614563
2022,강원특별자치도,속초시,0.0,0,0.569414495519985,-0.021879036204546565,0.7039822447798998,0.331580212091431,0.39577447904669233,0.29303855713562316
2023,강원특별자치도,속초시,0.0,0,0.569414495519985,-0.393285588800044,0.7311373456691727,0.3527337302424966,0.3149999956579026,0.17628754565414587
2016,강원특별자치도,양구군,0.0,0,0.009502022837270729,-1.0584884045947593,0.3848114650468531,0.8040512802580703,0.03496909088685865,-0.08164503383313948
2017,강원특별자치도,양구군,0.0,0,0.013610349927577415,-0.42435108017695367,0.7093639704500472,0.4840850540064962,0.19567707355179179,0.02444810791903999
2018,강원특별자치도,양구군,0.0,0,0.019651197801687986,-1.6702233286618626,-0.24600101247673856,0.2974898790044793,-0.39977081608310844,-0.45102741728523177
2019,강원특별자치도,양구군,0.0,0,0.019651197801687986,-1.5150584398877553,0.662093116707863,0.24482504452470838,-0.14712227021337398,-0.41686073252045297
2020,강원특별자치도,양구군,0.0,0,0.04724669433812898,-1.1467408128982863,0.6912197662605591,0.09599703772342444,-0.07806932864404346,-0.33449902694557765
2021,강원특별자치도,양구군,0.0,0,0.04724669433812898,-1.4141275651902352,0.6619774963281565,0.11449231446673222,-0.1476027650143044,-0.417462852128458
2022,강원특별자치도,양구군,0.0,0,0.04724669433812898,-0.4453067132398838,0.7039822447798998,0.1341927518262946,0.1100287444261099,-0.08795575569182007
2023,강원특별자치도,양구군,0.0,0,0.04724669433812898,-1.466913119460689,0.7311373456691727,0.15526460272506123,-0.13331611918208155,-0.4214672741324996
2016,강원특별자치도,양양군,0.0,0,1.103209986737984,-0.7726609109212937,0.3848114650468531,1.080265262945161,0.44890645095217613,0.4702714462539504
2017,강원특별자치도,양양군,0.0,0,1.107893934412173,-0.012916648505437278,0.7093639704500472,1.136662906983266,0.7352510408350122,0.7438800642966673
2018,강원특별자치도,양양군,0.0,0,1.1121333928653545,0.28187081691399907,0.6578713880181923,1.1565816635873838,0.8021143153462325,0.8501952911222458
2019,강원특별자치도,양양군,0.0,0,1.1121333928653545,0.07431883035504566,0.662093116707863,1.058996831124848,0.7268855427632779,0.7484830181150827
2020,강원특별자치도,양양군,0.0,0,1.1262661194400834,0.34804962716026105,-0.01107133960725945,1.1001697404002502,0.6408535368483338,0.8581618290001982
2021,강원특별자치도,양양군,0.0,0,1.1262661194400834,-0.6108692631203084,-0.07838677079921177,1.1199543484675378,0.38924110849702526,0.5451170682624377
2022,강원특별자치도,양양군,0.0,0,1.1262661194400834,-0.021879036204546565,-0.011055641632397945,1.1380548348697164,0.5578465691182137,0.7474806393684177
2023,강원특별자치도,양양군,0.0,0,1.1262661194400834,-0.393285588800044,0.01283758035884533,1.1596736679292083,0.4763729447320233,0.6308847328564159
2016,강원특별자치도,영월군,0.0,0,1.022092978629891,-1.046388485394755,0.3848114650468531,0.1624888712677781,0.13075120738744178,0.04606445483430469
2017,강원특별자치도,영월군,0.0,0,1.0267342342682613,-0.6037271242468749,0.7093639704500472,0.06866230920300763,0.3002583474186103,0.16388980640813133
2018,강원특별자치도,영월군,0.0,0,1.0311072963204715,-0.7002787679819381,0.6578713880181923,0.13175699004191227,0.2801142265996595,0.15419517279348188
2019,강원특별자치도,영월군,0.0,0,1.0311072963204715,-1.0251625239447697,-0.18789453949354123,0.11143556653609744,-0.0176285501454355,0.039126779637266414
2020,강원특별자치도,영월군,0.0,0,1.0700500391284957,-0.9869489707849026,-0.2100217814616973,0.14904307800813144,0.005530591222506806,0.0773813821172415
2021,강원특별자치도,영월군,0.0,0,1.0700500391284957,-0.8605899985453116,-0.2464495554842273,0.09515764599633958,0.014542032773824098,0.10153922885984124
2022,강원특별자치도,영월군,0.0,0,1.0700500391284957,-0.4307007078071792,-0.19661908182717164,0.08165623627484088,0.13109662144224646,0.24033518919871913
2023,강원특별자치도,영월군,0.0,0,1.0700500391284957,-0.8654112333940338,-0.12629467415375312,0.07184923306404424,0.037548341161188256,0.09216267959950204
2016,강원특별자치도,원주시,0.0074720148387009,1,-0.11870463240745309,-0.5604620979952404,0.3848114650468531,-0.6731123507736614,-0.24186690403237543,-0.4507596937254516
2017,강원특별자치도,원주시,0.000499875041651,1,-0.11466378072391438,-0.24618004097943058,-0.15534521001491083,-0.7832337527476447,-0.32485569611647513,-0.3813591914836632
2018,강원특별자치도,원주시,0.0002999550089979,1,-0.10841177034566801,-0.6275325137967686,0.6578713880181923,-0.8487495058595007,-0.23170560049593625,-0.5282312633339791
2019,강원특별자치도,원주시,0.001598721363697,1,-0.10841177034566801,-0.7902985536054528,0.02321356272088472,-0.8774728715252421,-0.4382424081888695,-0.5920610651587875
2020,강원특별자치도,원주시,0.0023971245997214,1,-0.0752127430961639,-0.7114168754745795,0.09280341431927547,-0.8432300066135255,-0.3842640527162484,-0.5432865417280897
2021,강원특별자치도,원주시,0.0025966258472659,1,-0.0752127430961639,-0.5103126450854198,0.6619774963281565,-0.822119209271221,-0.18641677528116204,-0.4692148658176016
2022,강원특별자치도,원주시,0.004987541511039,1,-0.0752127430961639,-0.046249946733741026,0.040341062719717574,-0.8132833163599169,-0.22360123586752606,-0.31158200206327397
2023,강원특별자치도,원주시,0.0055843782939006,1,-0.0752127430961639,-0.6588074249384058,-0.12769645421715237,-0.7984779137422797,-0.41504863399850045,-0.5108326939256165
2016,강원특별자치도,인제군,0.0,0,0.3918534978400109,-1.0584884045947593,0.3848114650468531,0.3370598491728964,0.013809101866250256,-0.10985835252728403
2017,강원특별자치도,인제군,0.0,0,0.3961630572396302,-0.42435108017695367,-0.21316314672985295,0.48368239945094205,0.060582807445941404,0.15183145883787286
2018,강원특별자치도,인제군,0.0,0,0.4015741539142615,-1.6702233286618626,-0.24470346258001013,0.5068269190225609,-0.2516314295762626,-0.25394075190834675
2019,강원특별자치도,인제군,0.0,0,0.4015741539142615,-1.5150584398877553,-0.13843816102323903,0.3212831978348675,-0.23265981229046637,-0.26406702937954213
2020,강원특별자치도,인제군,0.0,0,0.5115201657210627,-1.1467408128982863,0.6912197662605591,0.23124068573995615,0.07180995120582293,-0.1346599871457558
2021,강원특별자치도,인제군,0.0,0,0.5115201657210627,-1.4141275651902352,0.6619774963281565,0.2509449812962592,0.00257876953881081,-0.21722080605763774
2022,강원특별자치도,인제군,0.0,0,0.5115201657210627,-0.4453067132398838,0.7039822447798998,0.2706908543069386,0.26022163789200436,0.11230143559603918
2023,강원특별자치도,인제군,0.0,0,0.5115201657210627,-1.466913119460689,0.7311373456691727,0.2919926525299713,0.016934261114879418,-0.22113343373655167
2016,강원특별자치도,정선군,0.0007996801705643,1,0.8283005634476149,-0.8797511052369867,0.3848114650468531,-0.0571066858188754,0.06906355935965147,-0.0361857425360824
2017,강원특별자치도,정선군,0.0003999200213269,1,0.8328398257688833,-0.8263109685781204,-0.10876202444777258,-0.048459386894326946,-0.037673138537834154,-0.013976843234521348
2018,강원특별자치도,정선군,0.0002999550089979,1,0.8375320732143501,-0.8490219719363774,-0.14923454676538317,-0.10503133336012366,-0.06643894471188354,-0.03884041069405033
2019,강원특별자치도,정선군,0.0005998200719676,1,0.8375320732143501,-1.417835737832938,-0.2574813073750634,-0.26724312165026354,-0.27625702341097874,-0.2825155954229505
2020,강원특별자치도,정선군,0.0002999550089979,1,0.8430536021812538,-1.408446476500091,-0.07538956741959407,-0.20341087275734765,-0.21104832862394474,-0.2562679156920616
2021,강원특별자치도,정선군,9.999500033330834e-05,1,0.8430536021812538,-1.0408566694455899,-0.02720664883449561,-0.20437885945215206,-0.10734714388774594,-0.13406064223882938
2022,강원특별자치도,정선군,9.999500033330834e-05,1,0.8430536021812538,-0.5341481754171951,-0.11583973327169977,-0.18288104207724332,0.0025461628537789133,0.04200812822893848
2023,강원특별자치도,정선군,0.0005998200719676,1,0.8430536021812538,-1.418302385830888,-0.15671001475236207,-0.173240870147078,-0.2262999171372686,-0.24949655126557077
2016,강원특별자치도,철원군,0.0,0,-1.2917253629507957,-0.9182875981465799,0.3848114650468531,-0.11360546149446592,-0.48470173938624717,-0.7745394741972805
2017,강원특별자치도,철원군,0.0,0,-1.288301874311239,-0.2509810626561715,0.7093639704500472,-0.09528652323461637,-0.23130137243799495,-0.544856486734009
2018,강원특별자치도,철원군,0.0,0,-1.280117842585178,-0.6881833601988921,0.6578713880181923,0.06064482476007374,-0.31244624750145106,-0.6358854593413322
2019,강원특별자치도,철원군,0.0,0,-1.280117842585178,-1.1513294357608201,0.662093116707863,-0.05896208536896448,-0.45707906175177493,-0.8301364545716542
2020,강원특별자치도,철원군,0.0,0,-1.2544627161963984,-0.5799945167995136,0.6912197662605591,-0.40949578050400315,-0.38818331180983895,-0.7479843378333051
2021,강원특별자치도,철원군,0.0,0,-1.2544627161963984,-0.970160413570729,0.6619774963281565,-0.3904541879515957,-0.48827495534764165,-0.8716924392395744
2022,강원특별자치도,철원군,0.0,0,-1.2544627161963984,-0.23950286253747977,0.7039822447798998,-0.36897924559863493,-0.2897406448881533,-0.6209816081108377
2023,강원특별자치도,철원군,0.0,0,-1.2544627161963984,-1.1999514785343943,0.7311373456691727,-0.34800053434986516,-0.5178193458528713,-0.934138243026886
2016,강원특별자치도,춘천시,0.1418467242282363,1,0.2266862703524868,-0.04696840821866714,0.3848114650468531,-0.7291467316641268,-0.04115435112086349,-0.18314295651010237
2017,강원특별자치도,춘천시,0.0129162252665463,1,0.23090890192579178,0.26493637963815436,-0.2092320589323546,-0.73212557081761,-0.11137808704650462,-0.07876009641788795
2018,강원특별자치도,춘천시,0.0058826631581554,1,0.23659203693798717,-0.3368729231994659,0.6578713880181923,-0.722541334283883,-0.04123770813179234,-0.27427407351512056
2019,강원특별자치도,춘천시,0.0127187724077746,1,0.23659203693798717,-0.4968010032429735,-0.34440600551588985,-0.713230434949399,-0.3294613516925688,-0.32447980041812846
2020,강원특별자치도,춘천시,0.0996643231129453,1,0.2667279511911442,-0.33290599455349823,-0.277957902612556,-0.7246082569102943,-0.2671860507213011,-0.2635954334242161
2021,강원특별자치도,춘천시,0.0535407669280298,1,0.2667279511911442,-0.5649591231519087,-0.3255788805032905,-0.7187750333602279,-0.33564627145607073,-0.33900206844033076
2022,강원특별자치도,춘천시,0.0591176044830888,1,0.2667279511911442,0.35184864109484243,-0.29087791861545975,-0.7378892667417659,-0.10254764826780977,-0.03977089148525977
2023,강원특별자치도,춘천시,0.1089440869891791,1,0.2667279511911442,-0.9745674613256698,-0.31601794548325296,-0.7290204992113193,-0.43821948870727445,-0.47895333644861493
2016,강원특별자치도,태백시,0.0,0,0.16179688431388498,-2.1441556770199117,0.3848114650468531,-0.324195087772174,-0.4804356038578369,-0.7688512934927335
2017,강원특별자치도,태백시,0.0,0,0.16598536447976478,-2.1002477358883,0.7093639704500472,-0.31020579642521534,-0.38377604934592585,-0.7481560559445835
2018,강원특별자치도,태백시,0.0,0,0.17177537541990318,-1.599699207256661,0.6578713880181923,-0.4203364881158501,-0.29759723298360385,-0.6160867733175359
2019,강원특별자치도,태백시,0.0,0,0.17177537541990318,-1.7582233975458756,0.662093116707863,-0.3748059405968598,-0.3247902115037423,-0.6537513209076108
2020,강원특별자치도,태백시,0.0,0,0.22329401005667474,-2.041302650157963,0.6912197662605591,-0.3576925623911936,-0.3711203590579807,-0.7252337341641607
2021,강원특별자치도,태백시,0.0,0,0.22329401005667474,-2.0170100769856076,0.6619774963281565,-0.33225461768237485,-0.3659982970707878,-0.7086568948704359
2022,강원특별자치도,태백시,0.0,0,0.22329401005667474,-1.894220646648569,0.7039822447798998,-0.3363218225978223,-0.3258165536024542,-0.6690828197299056
2023,강원특별자치도,태백시,0.0,0,0.22329401005667474,-2.213568221480504,0.7311373456691727,-0.3631422346936176,-0.4055697751120686,-0.7844721487058157
2016,강원특별자치도,평창군,0.0,0,0.2806130430424534,-2.785719345733602,0.3848114650468531,-0.2915696524544822,-0.6029661225246945,-0.9322253183818768
2017,강원특별자치도,평창군,0.0,0,0.28486405637890466,-2.4746249031557275,0.7093639704500472,-0.45731583734090564,-0.48442817841692026,-0.8823588947059093
2018,강원특별자치도,평창군,0.0,0,0.29045837141260955,-1.8516550358572563,0.6578713880181923,-0.4374512579889815,-0.33519413360385897,-0.6662159741445427
2019,강원특별자치도,평창군,0.0,0,0.29045837141260955,-2.460884142941213,0.662093116707863,-0.44159734233134307,-0.4874824992880209,-0.8706743712866488
2020,강원특별자치도,평창군,0.0,0,0.3125051085909483,-2.333776214921746,0.6912197662605591,-0.42817097666061077,-0.43955557918271226,-0.8164806943304694
2021,강원특별자치도,평창군,0.0,0,0.3125051085909483,-2.8483457785325084,0.6619774963281565,-0.4454146505167139,-0.5798194560325293,-0.9937517734860912
2022,강원특별자치도,평창군,0.0,0,0.3125051085909483,-2.0569035957699464,0.7039822447798998,-0.4495997393331782,-0.3725039954330691,-0.7313327421707254
2023,강원특별자치도,평창군,0.0,0,0.3125051085909483,-3.1198552101114716,0.7311373456691727,-0.45261902381679436,-0.6322079449170361,-1.0866563751124392
2016,강원특별자치도,홍천군,0.0086623730786526,1,0.676364440040157,-0.5782427079910536,0.3848114650468531,-0.7701071706980994,-0.07179349340053574,-0.22399514621633201
2017,강원특별자치도,홍천군,0.0006997551142733,1,0.680823738090381,0.11157843798238076,-0.06327468750076554,-0.7398188476063845,-0.0026728397585970565,0.017527776155459085
2018,강원특별자치도,홍천군,0.0009995003330835,1,0.6857662316110313,-0.5319455757204126,-0.06152530715235932,-0.7019909136582656,-0.15242389123000155,-0.18272341925588229
2019,강원특별자치도,홍천군,0.001998002662673,1,0.6857662316110313,-0.5882973450758591,0.662093116707863,-0.7110152510677618,0.012136688043818372,-0.2045154548441965
2020,강원특별자치도,홍천군,0.0064789660977091,1,0.6880107926249421,-0.7752715906151859,0.6912197662605591,-0.6810931515446317,-0.01928354581857908,-0.2561179831782918
2021,강원특별자치도,홍천군,0.0022973590486834,1,0.6880107926249421,-1.0855210215828288,0.6619774963281565,-0.6812880966179237,-0.10420520731191346,-0.35959944185860343
2022,강원특별자치도,홍천군,0.0025966258472659,1,0.6880107926249421,0.013375883350475792,0.001450687041455151,-0.657567126926595,0.011317559022569507,0.014606516349607634
2023,강원특별자치도,홍천군,0.0064789660977091,1,0.6880107926249421,-1.0139355615976857,-0.052529867528249646,-0.6486568371943287,-0.25677786842383044,-0.3248605353890241
2017,강원특별자치도,화천군,0.0,0,-0.8781117977254141,-0.0553739462117509,0.7093639704500472,0.18594190066850438,-0.009544968204653385,-0.2491812810895536
2018,강원특별자치도,화천군,0.0,0,-0.8706030133255567,-0.8794411034918974,0.6578713880181923,0.21377291816267532,-0.2195999526591466,-0.512090399551593
2019,강원특별자치도,화천군,0.0,0,-0.8706030133255567,-0.7977668639442945,0.662093116707863,0.15573976979753557,-0.21263424769111317,-0.5042100358241052
2020,강원특별자치도,화천군,0.0,0,-0.6135402924862515,-0.6544324722721441,0.6912197662605591,0.09443930719437482,-0.12057842282586541,-0.3911778191880069
2021,강원특별자치도,화천군,0.0,0,-0.6135402924862515,-0.839645362224823,0.6619774963281565,0.11048393640003595,-0.17018105549572055,-0.4475672394370129
2022,강원특별자치도,화천군,0.0,0,-0.6135402924862515,-0.14328844605588903,0.7039822447798998,0.12956730312192521,0.0191802023399211,-0.2090871451400718
2023,강원특별자치도,화천군,0.0,0,-0.6135402924862515,-1.063261835157844,0.7311373456691727,0.15026723589924995,-0.19884938651891826,-0.5088449639149486
2016,강원특별자치도,횡성군,0.0025966258472659,1,0.66833503796286,-0.5604620979952404,0.3848114650468531,-0.5775954303508206,-0.02122775633408698,-0.156574163461067
2017,강원특별자치도,횡성군,9.999500033330834e-05,1,0.6727901101234823,-0.24618004097943058,0.0031064146166744078,-0.6180288081411476,-0.04707808109510536,-0.06380624633236527
2018,강원특별자치도,횡성군,0.0,0,0.6777458284540782,-0.6275325137967686,0.6578713880181923,-0.6092704855164317,0.02470355428976756,-0.18635239028637404
2019,강원특별자치도,횡성군,0.0001999800026662,1,0.6777458284540782,-0.7902985536054528,0.662093116707863,-0.6206098401722109,-0.017767362153930627,-0.2443875217745285
2020,강원특별자치도,횡성군,0.0003999200213269,1,0.6711966326669327,-0.7114168754745795,0.6912197662605591,-0.5583530071628264,0.023161629072521478,-0.1995244166568244
2021,강원특별자치도,횡성군,0.0006997551142733,1,0.6711966326669327,-0.5103126450854198,0.6619774963281565,-0.5417767770091853,0.07027117672512104,-0.12696426314255746
2022,강원특별자치도,횡성군,0.0026963615477426,1,0.6711966326669327,-0.046249946733741026,0.7039822447798998,-0.5393152935253989,0.19740340929692313,0.028543797469264276
2023,강원특별자치도,횡성군,0.001998002662673,1,0.6711966326669327,-0.6588074249384058,0.07933690141874124,-0.5271585079364014,-0.10885809969728331,-0.17158976673595816
2016,경기도,가평군,0.0135083500247922,1,0.42142828630605983,-0.04696840821866714,0.3848114650468531,-0.5241530352400418,0.05877957697355099,-0.04989771905088303
2017,경기도,가평군,0.006379606964039,1,0.4257534109731609,0.26493637963815436,-0.1316947375837658,-0.5296623185218704,0.0073331836264197425,0.05367582402981493
2018,경기도,가평군,0.0009995003330835,1,0.43111579655412974,-0.3368729231994659,-0.10134529834295489,-0.488299378507262,-0.12385045087388827,-0.13135216838419939
2019,경기도,가평군,0.0016985566355814,1,0.43111579655412974,-0.4968010032429735,-0.3541387990270394,-0.48290434339235244,-0.2256820872770589,-0.18286318336039872
2020,경기도,가평군,0.009058844488346,1,0.39030622161699313,-0.33290599455349823,-0.3548098010250875,-0.4143830561032185,-0.1779481575162028,-0.11899427634657454
2021,경기도,가평군,0.0029955089797984,1,0.39030622161699313,-0.5649591231519087,-0.35511201090884315,-0.38943757443069904,-0.22980062171861443,-0.18803015865520487
2022,경기도,가평군,0.0051865266873,1,0.39030622161699313,0.35184864109484243,-0.31526915715860815,-0.3670924292685038,0.014948319071180896,0.12502081114777724
2023,경기도,가평군,0.0102473164515495,1,0.39030622161699313,-0.9745674613256698,-0.38725171138992764,-0.43100091296151494,-0.35062846601502984,-0.3384207175567306
2016,경기도,고양시,0.0,0,-1.2378618969789155,-0.6694733357764164,0.3848114650468531,-0.7156773283224258,-0.5595502740077262,-0.8743375203592526
2017,경기도,고양시,0.0,0,-1.234410059894659,-0.8537747523182402,0.7093639704500472,-0.6933985307732289,-0.5180548431340202,-0.9271944476620426
2018,경기도,고양시,0.0,0,-1.2263147438778903,-1.765392996979788,0.6578713880181923,-0.6562545476224744,-0.7475227251154901,-1.2159874294933841
2019,경기도,고양시,0.0,0,-1.2263147438778903,-0.9233151154267124,0.662093116707863,-0.7981728252105376,-0.5714273919518194,-0.98260089483838
2020,경기도,고양시,0.0,0,-1.1941935050474748,-0.746512339076219,0.6912197662605591,-0.7769331636583283,-0.5066048103803658,-0.9058796692606741
2021,경기도,고양시,0.0,0,-1.1941935050474748,-0.9752397352496417,0.6619774963281565,-0.7576370534278918,-0.5662731993492129,-0.9756900979083362
2022,경기도,고양시,0.0,0,-1.1941935050474748,-0.16752322618297655,0.7039822447798998,-0.733779569062507,-0.34787851387826463,-0.6984987667643194
2023,경기도,고양시,0.0,0,-1.1941935050474748,-1.130074850306561,0.7311373456691727,-0.7128606136023297,-0.5764979058217983,-1.0123763229854552
2016,경기도,과천시,0.0,0,-0.7370635524364446,-0.04763441500308002,0.3848114650468531,-0.578963867043591,-0.24471259235906567,-0.4545539448277052
2017,경기도,과천시,0.0,0,-0.7333481442299072,0.8995080862142515,0.7093639704500472,-0.5199412073196601,0.08889567627868283,-0.11792708844510529
2018,경기도,과천시,0.0,0,-0.7260776670820631,-0.0499253629402715,0.6578713880181923,-0.4880498016079343,-0.15154536090301915,-0.42135094387675637
2019,경기도,과천시,0.0,0,-0.7260776670820631,-0.09403274173501358,0.662093116707863,-0.4005459818572672,-0.13964081849162024,-0.40688546355811467
2020,경기도,과천시,0.0,0,-0.6829923781885138,0.23045539534299256,0.6912197662605591,-0.35363863560803976,-0.028738963048250465,-0.268725206151187
2021,경기도,과천시,0.0,0,-0.6829923781885138,0.13759350763411426,0.6619774963281565,-0.34362414024776305,-0.056761378618501515,-0.29634100360072085
2022,경기도,과천시,0.0,0,-0.6829923781885138,0.8825996888947448,-0.43632395862972906,-0.32520701734362434,-0.14048091631678059,-0.041866568879131094
2023,경기도,과천시,0.0,0,-0.6829923781885138,0.14653577050564837,-0.29231262953002785,-0.30557778350952625,-0.28358675518060483,-0.28067813039746387
2016,경기도,광명시,0.0,0,-1.2783887476739186,-0.04763441500308002,0.3848114650468531,0.141507265304131,-0.19992610808150368,-0.3948386324576226
2017,경기도,광명시,0.0,0,-1.2749582399483483,0.8995080862142515,0.7093639704500472,0.14974299565174426,0.12091420309192365,-0.0752357193607842
2018,경기도,광명시,0.0,0,-1.2667961742666645,-0.0499253629402715,0.6578713880181923,0.17932234125836563,-0.11988195198259452,-0.3791330653161902
2019,경기도,광명시,0.0,0,-1.2667961742666645,-0.09403274173501358,0.662093116707863,0.25378654609157897,-0.11123731330055901,-0.36901412330336636
2020,경기도,광명시,0.0,0,-1.226850762367049,0.23045539534299256,0.6912197662605591,0.2731499515097618,-0.008006412313433894,-0.24108180517143155
2021,경기도,광명시,0.0,0,-1.226850762367049,0.13759350763411426,0.6619774963281565,0.29258090047309837,-0.03367471448291995,-0.26555878475327876
2022,경기도,광명시,0.0,0,-1.226850762367049,0.8825996888947448,0.7039822447798998,0.31217827035911677,0.1679773604166781,-0.01069093437106248
2023,경기도,광명시,0.0,0,-1.226850762367049,0.14653577050564837,0.7311373456691727,0.33345394112584803,-0.00393092626659497,-0.24895368357851752
2016,경기도,광주시,0.8522854018982426,1,-0.9263084350361782,-0.49742185706455255,0.3848114650468531,-0.33560592811386414,-0.34363118879193544,-0.5864454067381982
2017,경기도,광주시,0.5824949104563504,1,-0.922692626771686,0.2945528183855571,-0.5439908765151038,-0.31524036068489425,-0.3718427613965317,-0.31446005635700774
2018,경기도,광주시,0.4929874656361109,1,-0.915110454234641,-0.2637902393059498,-0.641496741325936,-0.31631768281700773,-0.5341787794208837,-0.4984061254525329
2019,경기도,광주시,0.5183174895242862,1,-0.915110454234641,-0.223018926797799,-0.6799370003104807,-0.43408351259497946,-0.5630374734844751,-0.5240709645424731
2020,경기도,광주시,0.4710031295788191,1,-0.9102104707284224,-0.7658825643886026,-0.6461927082238783,-0.47298511460529213,-0.6988177144865488,-0.7163593832407725
2021,경기도,광주시,0.1650906198655926,1,-0.9102104707284224,-0.749599452888756,-0.6678871636025233,-0.4439177764720579,-0.6929037159229399,-0.7012425666964122
2022,경기도,광주시,0.1831545430978465,1,-0.9102104707284224,0.7979022123365622,-0.6447792702102448,-0.3757041068927445,-0.2831979088737124,-0.16267078842820157
2023,경기도,광주시,0.7011649521535286,1,-0.9102104707284224,-0.5401321768299505,-0.6145268814898335,-0.3534763656264425,-0.6045864736686622,-0.6012730043949385
2016,경기도,구리시,0.0,0,-0.8822997148464208,-0.04763441500308002,0.3848114650468531,0.15219999771783627,-0.09823066677120286,-0.2592447107105548
2017,경기도,구리시,0.0,0,-0.8786607447086977,0.8995080862142515,0.7093639704500472,0.4967364628084162,0.3067369436910043,0.17252793477132333
2018,경기도,구리시,0.0,0,-0.8711510566424576,-0.0499253629402715,0.6578713880181923,0.5225970750954264,0.0648480108827224,-0.13282644816243425
2019,경기도,구리시,0.0,0,-0.8711510566424576,-0.09403274173501358,0.662093116707863,0.6073896184662058,0.0760747341991494,-0.11926472663708847
2020,경기도,구리시,0.0,0,-0.8564114918797247,0.23045539534299256,0.6912197662605591,0.6814213962407991,0.18667126649115653,0.018488433234689
2021,경기도,구리시,0.0,0,-0.8564114918797247,0.13759350763411426,0.6619774963281565,0.7010294360489482,0.16104723703287357,-0.0059295160655540675
2022,경기도,구리시,0.0,0,-0.8564114918797247,0.8825996888947448,0.7039822447798998,0.7198884785963863,0.36251473009782653,0.24869222520380216
2023,경기도,구리시,0.0,0,-0.8564114918797247,0.14653577050564837,-0.39238110794948344,0.7413339358600343,-0.09023072336588137,0.010486071495319327
2016,경기도,군포시,0.0,0,-1.2396661384443792,-0.11070054452858025,0.3848114650468531,0.7199828333151913,-0.06139309615272878,-0.21012794988592273
2017,경기도,군포시,0.0,0,-1.236215250935841,0.8016349851320154,0.7093639704500472,0.7254664515433226,0.250062539047386,0.09696206191316563
2018,경기도,군포시,0.0,0,-1.22811696324693,-0.20205835451227577,0.6578713880181923,0.23164511234792412,-0.13516470434827232,-0.3995100684704272
2019,경기도,군포시,0.0,0,-1.22811696324693,-0.29882479570218123,0.662093116707863,0.28200289438469095,-0.14571143696413932,-0.41497962152147344
2020,경기도,군포시,0.0,0,-1.1960828550992535,-0.029309210291469753,0.6912197662605591,0.2750826234663265,-0.06477241891595942,-0.3167698139747989
2021,경기도,군포시,0.0,0,-1.1960828550992535,-0.22293105582800496,0.6619774963281565,0.3030449652223285,-0.11349786234419335,-0.37198964856831
2022,경기도,군포시,0.0,0,-1.1960828550992535,0.7909729356418349,0.7039822447798998,0.32479722626689933,0.15591738789734513,-0.026770897730173087
2023,경기도,군포시,0.0,0,-1.1960828550992535,-0.60591818595085,0.7311373456691727,0.34736642739677887,-0.18087431699603795,-0.4848782045511082
2016,경기도,김포시,0.0,0,-1.3683053895960267,-0.9364221444567771,0.3848114650468531,-0.5170577643025246,-0.6092434583271188,-0.9405950994517761
2017,경기도,김포시,0.0,0,-1.3649222051703063,-1.193370927196168,0.7093639704500472,-0.5562946642762553,-0.6013059565481705,-1.0381959322142431
2018,경기도,김포시,0.0,0,-1.3566120424710728,-1.698317739015963,0.6578713880181923,-0.5180329547702217,-0.7287728370597663,-1.1909875787524191
2019,경기도,김포시,0.0,0,-1.3566120424710728,-0.7813416489682079,0.662093116707863,-0.5829066863071433,-0.5146918152596403,-0.9069534592488079
2020,경기도,김포시,0.0,0,-1.3229120742175489,-1.1627106265822007,0.6912197662605591,-1.2534050547694608,-0.7619519973271628,-1.2463425851897367
2021,경기도,김포시,0.0,0,-1.3229120742175489,-1.0213063647771121,0.6619774963281565,-1.235337774760152,-0.729394679356664,-1.1931854045849375
2022,경기도,김포시,0.0,0,-1.3229120742175489,-0.37355723003279107,0.7039822447798998,-1.2131572439036726,-0.5514110758435282,-0.9698755160513376
2023,경기도,김포시,0.0,0,-1.3229120742175489,-1.3790204351578312,0.7311373456691727,-1.2815381254791374,-0.8130833222963363,-1.327823544951506
2016,경기도,남양주시,0.3285120669400362,1,-0.60599754375815,-0.04763441500308002,-1.1737822211546585,0.0956875108755571,-0.43293166726008286,-0.18598148262855765
2017,경기도,남양주시,0.1369754550270777,1,-0.6022131552616882,0.8995080862142515,-0.4497534781571132,0.023446704137623717,-0.03225296076673154,0.10691387836339568
2018,경기도,남양주시,0.0849843239049972,1,-0.5951585501100892,-0.0499253629402715,-0.5346271882665707,-0.04840704195454683,-0.30702953581786957,-0.23116365166830252
2019,경기도,남양주시,0.095946341047209,1,-0.5951585501100892,-0.09403274173501358,-0.5734288936110153,-0.058401296528734034,-0.330255370496213,-0.24919752945794563
2020,경기도,남양주시,0.2184123769383082,1,-0.5766188037648969,0.23045539534299256,-0.5355459473509115,-0.2002458728691599,-0.27048880716049395,-0.18213642709702146
2021,경기도,남양주시,0.0860859489131288,1,-0.5766188037648969,0.13759350763411426,-0.5788933083268949,-0.18063594843221772,-0.29963863822247383,-0.2065537481876668
2022,경기도,남양주시,0.0983056887841233,1,-0.5766188037648969,0.8825996888947448,-0.5343537208336437,-0.21727529837694082,-0.11141203352018417,0.02956852891763569
2023,경기도,남양주시,0.257583624627748,1,-0.5766188037648969,0.14653577050564837,-0.5348279543725233,-0.04915581578157835,-0.25351670085333755,-0.15974628301360896
2016,경기도,동두천시,0.004987541511039,1,-0.7104536286007773,-0.31494485473270845,0.3848114650468531,-0.38423232935141743,-0.2562048369095125,-0.46987693756163434
2017,경기도,동두천시,0.0081665626663934,1,-0.7067242155406585,-0.20639171185820498,-0.5471843412264226,-0.3593383622366139,-0.454909657715475,-0.42415142987849247
2018,경기도,동두천시,0.0007996801705643,1,-0.6994975662123708,-0.055846031946195585,-0.5521578146464938,-0.32963696728609704,-0.4092845950227893,-0.36166018848155446
2019,경기도,동두천시,0.0013990209137073,1,-0.6994975662123708,-0.6172153376815656,-0.5567115297842276,-0.23437153247116504,-0.5269489915373322,-0.5170281454550338
2020,경기도,동두천시,0.0009995003330835,1,-0.689705376137851,-0.44972652225380505,-0.5531408864349191,-0.18529911110534314,-0.46946797398297957,-0.44157700316566634
2021,경기도,동두천시,0.0,0,-0.689705376137851,-0.850786268109199,-0.44394695422444186,-0.17650820610611206,-0.5402367011444009,-0.572333283451054
2022,경기도,동두천시,0.0023971245997214,1,-0.689705376137851,0.34823580639730806,-0.5426592147484679,-0.158723577994751,-0.2607130906209405,-0.16673104924509796
2023,경기도,동두천시,0.0037927982386962,1,-0.689705376137851,-0.9117826104687113,-0.5204732383155647,-0.4772579765199098,-0.6498048003605091,-0.6929153210421574
2016,경기도,부천시,0.0,0,-1.3257527239222575,-0.7123014849402011,0.3848114650468531,0.5133054478362599,-0.2849843239948364,-0.5082495870087329
2017,경기도,부천시,0.0,0,-1.3223471439475702,-0.14791555704431542,0.7093639704500472,0.5210387930590668,-0.05996498437069292,-0.3164079693109396
2018,경기도,부천시,0.0,0,-1.3141070675275879,-0.9092527865903954,0.6578713880181923,0.5484997085659898,-0.25424718938345026,-0.5582867151839978
2019,경기도,부천시,0.0,0,-1.3141070675275879,-0.4498425189738936,0.662093116707863,0.6214041092851977,-0.12011309012710517,-0.38084849240542784
2020,경기도,부천시,0.0,0,-1.2865922221048611,-0.897046813187772,0.6912197662605591,0.72882736643391,-0.19089797564954097,-0.4849372229529077
2021,경기도,부천시,0.0,0,-1.2865922221048611,-0.4320823768555669,0.6619774963281565,0.7527931824894812,-0.07597598003569753,-0.32196047215698226
2022,경기도,부천시,0.0,0,-1.2865922221048611,0.18970596283705876,0.7039822447798998,0.7726638892769342,0.0949399686972579,-0.10807412333028939
2023,경기도,부천시,0.0,0,-1.2865922221048611,-0.7432114937164522,0.7311373456691727,0.7947863257204119,-0.12597001110793224,-0.4116724633669673
2016,경기도,성남시,0.1373241908632188,1,-1.242546594117312,-0.07735360887051701,0.3848114650468531,0.8381941878996781,-0.024223637510324414,-0.16056867169605024
2017,경기도,성남시,0.1036390347594859,1,-1.2390972225980794,0.8533865041962204,-0.5357765236874259,0.8512849888838107,-0.01755056330136856,0.15519142349398388
2018,경기도,성남시,0.0919408736983572,1,-1.2309941906606594,-0.12161629917147387,-0.6231315643913775,0.8776527764897664,-0.27452231943343613,-0.15831923778078902
2019,경기도,성남시,0.062411260121397,1,-1.2309941906606594,-0.19053866020745897,-0.6330343630395449,0.9489842853301125,-0.2763957321443877,-0.15751618851266866
2020,경기도,성남시,0.0626930693384234,1,-1.215841867931265,0.10804428920991214,-0.632728347874651,0.8280441468933407,-0.22812044492566583,-0.09325114394267076
2021,경기도,성남시,0.00129915573162,1,-1.215841867931265,-0.03229957881526116,-0.7216243609104648,0.853997841936621,-0.27894199143009246,-0.13138120160330172
2022,경기도,성남시,0.029461710149619,1,-1.215841867931265,0.8394216270118475,-0.6342870290605422,0.8741812036617549,-0.03413151657955121,0.16592032091411246
2023,경기도,성남시,0.1054405124579969,1,-1.215841867931265,-0.20804956993779525,-0.5600283202856053,0.8966396240336475,-0.2718200335302545,-0.17575060461180428
2016,경기도,수원시,0.0,0,-1.0274092638202241,-0.11070054452858025,0.3848114650468531,0.27270428340655106,-0.12014851497385007,-0.28846850831408444
2017,경기도,수원시,0.0,0,-1.0238466651144227,0.8016349851320154,0.7093639704500472,0.28773066361143473,0.19372073851976865,0.021839661209675804
2018,경기도,수원시,0.0,0,-1.0160979746681826,-0.20205835451227577,0.6578713880181923,0.3138023419809189,-0.06162064979533681,-0.30145132906651323
2019,경기도,수원시,0.0,0,-1.0160979746681826,-0.29882479570218123,0.662093116707863,0.06207131864521066,-0.14768958375432256,-0.41761715057505105
2020,경기도,수원시,0.0,0,-1.0920524969409715,-0.029309210291469753,0.6912197662605591,0.28001934675506096,-0.037530648554205306,-0.28044745349246014
2021,경기도,수원시,0.0,0,-1.0920524969409715,-0.22293105582800496,-0.4022637596551206,0.30015845116265716,-0.35427221531535996,-0.33827503386877306
2022,경기도,수원시,0.0,0,-1.0920524969409715,0.7909729356418349,-0.3010424396315635,-0.018418537123586376,-0.15513513451357164,-0.10649936614090766
2023,경기도,수원시,0.0,0,-1.0920524969409715,-0.60591818595085,-0.21568105229905266,0.003270063434696713,-0.47759541793904436,-0.5649002064857083
2016,경기도,시흥시,0.0,0,-1.2895518322964945,-0.7123014849402011,0.3848114650468531,1.4319344883862581,-0.046276840950896125,-0.18997294295014586
2017,경기도,시흥시,0.0,0,-1.286127199723616,-0.14791555704431542,0.7093639704500472,1.4289108772378885,0.17605802273000104,-0.0017106265100143385
2018,경기도,시흥시,0.0,0,-1.2779467479066862,-0.9092527865903954,0.6578713880181923,1.4488879308004694,-0.02011005391960502,-0.24610386789887082
2019,경기도,시흥시,0.0,0,-1.2779467479066862,-0.4498425189738936,0.662093116707863,1.1884521414692848,0.030688997824141973,-0.17977904180376503
2020,경기도,시흥시,0.0,0,-1.2467997657070606,-0.897046813187772,0.6912197662605591,1.1309143958050623,-0.08042810420730273,-0.3376440610299234
2021,경기도,시흥시,0.0,0,-1.2467997657070606,-0.4320823768555669,0.6619774963281565,1.1600404850733483,0.035783959709719315,-0.17294721916309305
2022,경기도,시흥시,0.0,0,-1.2467997657070606,0.18970596283705876,0.7039822447798998,1.180445563489588,0.2068335013498715,0.041117253539862064
2023,경기도,시흥시,0.0,0,-1.2467997657070606,-0.7432114937164522,0.7311373456691727,1.2034907761603046,-0.013845784398508865,-0.2621734944210694
2016,경기도,안산시,0.0,0,-0.8253447708079862,-0.4115010147343911,0.3848114650468531,0.0019165901742110858,-0.2125294325803283,-0.4116430651227221
2017,경기도,안산시,0.0,0,-0.8216758251747702,0.32685971404384995,0.7093639704500472,0.022006008189608017,0.05913846687718373,-0.1576033676471041
2018,경기도,안산시,0.0,0,-0.8142599446303246,-0.5556555705513356,0.6578713880181923,0.048838125823389866,-0.1658015003350195,-0.4403591297860901
2019,경기도,안산시,0.0,0,-0.8142599446303246,-0.3743336573380375,0.662093116707863,0.1473982520824914,-0.09477555829450192,-0.34706511662862355
2020,경기도,안산시,0.0,0,-0.8372857807410471,-0.4631780117396209,0.6912197662605591,0.19577732015977062,-0.10336667651508454,-0.3682288241069658
2021,경기도,안산시,0.0,0,-0.8372857807410471,-0.32750671634178646,0.6619774963281565,0.20681698331036624,-0.07399950436107772,-0.3193251712574891
2022,경기도,안산시,0.0,0,-0.8372857807410471,0.49033944923944706,0.7039822447798998,0.22443961843794663,0.14536888292906158,-0.0408355710212178
2023,경기도,안산시,0.0,0,-0.8372857807410471,-0.6745648398336511,0.7311373456691727,0.2444165753154684,-0.13407417489751428,-0.42247801508641
2016,경기도,안성시,0.0060814703158679,1,-0.9538574085234611,-0.7501541306439004,0.3848114650468531,-0.6379728546319082,-0.48929323218810417,-0.7806614645997566
2017,경기도,안성시,0.0028958031120255,1,-0.9502560993361698,-0.3665295631653956,-0.3282630003315997,-0.7305063472615225,-0.593888752523672,-0.6824306699210293
2018,경기도,안성시,0.0050870390485571,1,-0.9426285523197984,-0.3466051902167017,-0.509159005894027,-0.7460337409136308,-0.6361066223360394,-0.6784224944833769
2019,경기도,안성시,0.0058826631581554,1,-0.9426285523197984,-0.4363712986499716,-0.45213599601995835,-0.7606724349314689,-0.6479520704802992,-0.7132240953004129
2020,경기도,안성시,0.000899595242836,1,-0.9301172539555449,-0.17601286085493903,-0.46185600958637774,-0.7834109385079274,-0.5878492657261972,-0.6298470177728038
2021,경기도,안성시,0.0,0,-0.9301172539555449,-0.585487234657679,-0.4522611372456269,-0.8248232880757241,-0.6981722284836437,-0.7801425922296493
2022,경기도,안성시,0.0003999200213269,1,-0.9301172539555449,0.11384861271416397,-0.3645940787714129,-0.8204500249946516,-0.5003281862518614,-0.5455728887453442
2023,경기도,안성시,0.0045894523338072,1,-0.9301172539555449,-0.37435380746722136,-0.35027954738468436,-0.7985673468886224,-0.6133294889240183,-0.701012802770463
2016,경기도,양주시,0.00329456694943,1,-0.6147022174950356,-0.31494485473270845,0.3848114650468531,0.2698407012423582,-0.06874872648463322,-0.21993545699512862
2017,경기도,양주시,0.0007996801705643,1,-0.6109224102849358,-0.20639171185820498,-0.2265494659122513,0.3015726755390145,-0.18557272812909442,-0.17191381553470877
2018,경기도,양주시,0.0020977980821461,1,-0.6038534681186127,-0.055846031946195585,-0.3062696877957587,0.3024609602059259,-0.16587705691366028,-0.11907951328629413
2019,경기도,양주시,0.000899595242836,1,-0.6038534681186127,-0.6172153376815656,-0.31356015259251896,0.190407611405523,-0.33605533674679355,-0.3435537314648851
2020,경기도,양주시,9.999500033330834e-05,1,-0.581104690759344,-0.44972652225380505,-0.3538361712808723,0.08224604426479518,-0.32560533500730654,-0.31619505624945127
2021,경기도,양주시,0.0003999200213269,1,-0.581104690759344,-0.850786268109199,-0.3219106976769636,0.10095962566689251,-0.4132105077196535,-0.44364377773388347
2022,경기도,양주시,0.0024968801985871,1,-0.581104690759344,0.34823580639730806,-0.333992503408608,0.024527042100533886,-0.1355835864175275,-0.06944728075383402
2023,경기도,양주시,0.0024968801985871,1,-0.581104690759344,-0.9117826104687113,-0.33065654910417086,0.04574502462159085,-0.44444970642765885,-0.48238075886882154
2016,경기도,양평군,0.2391743683867374,1,-0.16652230680207794,-0.49742185706455255,-0.7270725668998981,-0.8222265138698535,-0.5533108111590955,-0.49539022591216125
2017,경기도,양평군,0.0175451792157488,1,-0.16250662165162064,0.2945528183855571,-0.2081838186428521,-0.8582048885621544,-0.23358562761776752,-0.24205289727607263
2018,경기도,양평군,0.0148886124937506,1,-0.15617585327249012,-0.2637902393059498,-0.3430581266410831,-0.8335869937238165,-0.3991528032358349,-0.4178510287674188
2019,경기도,양평군,0.0420052941450301,1,-0.15617585327249012,-0.223018926797799,-0.3955631921565218,-0.8296563668777464,-0.40110358477613933,-0.4029503823160118
2020,경기도,양평군,0.0648509723196163,1,-0.15669756097176638,-0.7658825643886026,-0.3953012543361074,-0.7880319955919801,-0.5264783438221141,-0.5702040403174496
2021,경기도,양평군,0.0905716981843869,1,-0.15669756097176638,-0.749599452888756,-0.3092989041203192,-0.8075202615751804,-0.5057790448890055,-0.5712724251452342
2022,경기도,양평군,0.1868114620668066,1,-0.15669756097176638,0.7979022123365622,-0.31035687404077333,-0.8116109865507041,-0.12019080230667038,-0.056802111728636064
2023,경기도,양평군,0.1857323999160363,1,-0.15669756097176638,-0.5401321768299505,-0.3440266578305855,-0.767289676841352,-0.45203651811841356,-0.488039804881023
2016,경기도,여주시,0.0023971245997214,1,-1.0329591527724689,-0.7501541306439004,0.3848114650468531,-0.030895148314979505,-0.3572992416711239,-0.604669477243783
2017,경기도,여주시,9.999500033330834e-05,1,-1.02939947498379,-0.3665295631653956,0.7093639704500472,-0.21131412187916468,-0.22446979739457576,-0.5357477200094501
2018,경기도,여주시,0.0003999200213269,1,-1.021641643604526,-0.3466051902167017,-0.4219561670223832,-0.25060049445748034,-0.5102008738252728,-0.5396157760929027
2019,경기도,여주시,0.0001999800026662,1,-1.021641643604526,-0.4363712986499716,-0.39464949206475364,-0.2580182563463465,-0.5276701726663995,-0.5720103995336147
2020,경기도,여주시,0.00129915573162,1,-1.0077072664171451,-0.17601286085493903,-0.4166164885065491,-0.2836029622691388,-0.470984894511943,-0.4891076965137409
2021,경기도,여주시,0.00129915573162,1,-1.0077072664171451,-0.585487234657679,-0.33987467204008776,-0.3126305724306201,-0.561424936386383,-0.6352750245018148
2022,경기도,여주시,0.000499875041651,1,-1.0077072664171451,0.11384861271416397,-0.42118364624419735,-0.3375572786608735,-0.413149894652013,-0.4104719774546182
2023,경기도,여주시,0.0017983819413793,1,-1.0077072664171451,-0.37435380746722136,-0.41526078931878463,-0.3159073776763785,-0.5283073102198823,-0.5659894838535816
2020,경기도,연천군,0.0034938892542557,1,-1.2428310750955027,-0.44972652225380505,-0.5838493198797697,-0.10553758108366715,-0.5954861245781861,-0.5993650594776583
2021,경기도,연천군,0.0001999800026662,1,-1.2428310750955027,-0.850786268109199,-0.5496838144873832,-0.08541631406980088,-0.6821793679404714,-0.7263445524248341
2022,경기도,연천군,0.0007996801705643,1,-1.2428310750955027,0.34823580639730806,-0.4461451683229548,-0.06478821097556184,-0.35138216199917777,-0.3197944932245855
2023,경기도,연천군,0.0066776547532405,1,-1.2428310750955027,-0.9117826104687113,-0.4965594622748678,-0.043831727361262965,-0.6737512188000863,-0.7328151376418258
2016,경기도,오산시,0.0,0,-0.9336942188129297,-0.11070054452858025,0.3848114650468531,-0.02693620929620799,-0.17162987689771625,-0.35711032421257266
2017,경기도,오산시,0.0,0,-0.9300822977005021,0.8016349851320154,0.7093639704500472,-0.017054413363740403,0.14096556112945502,-0.04850057531074239
2018,경기도,오산시,0.0,0,-0.9224879604236913,-0.20205835451227577,0.6578713880181923,0.014286501699527568,-0.11309710630456181,-0.3700866044121465
2019,경기도,오산시,0.0,0,-0.9224879604236913,-0.29882479570218123,0.662093116707863,0.0839621677049496,-0.118814367928265,-0.3791168628069743
2020,경기도,오산시,0.0,0,-0.9797997717975735,-0.029309210291469753,0.6912197662605591,0.3195265302287054,0.00040932860005531146,-0.22986081728677932
2021,경기도,오산시,0.0,0,-0.9797997717975735,-0.22293105582800496,0.6619774963281565,0.3590302037534338,-0.045430781885997015,-0.2812335412907148
2022,경기도,오산시,0.0,0,-0.9797997717975735,0.7909729356418349,0.7039822447798998,0.37686530356037373,0.22300517804613373,0.06267948913487838
2023,경기도,오산시,0.0,0,-0.9797997717975735,-0.60591818595085,0.7311373456691727,0.39861920195325884,-0.113990352531498,-0.3956995852650549
2016,경기도,용인시,0.0327575642381721,1,-0.9513778953984087,-0.6354335349008379,0.3848114650468531,-0.037505167080775656,-0.30987628308329224,-0.5414388657933407
2017,경기도,용인시,0.0305292050348228,1,-0.9477752812386389,-0.1569560525674953,-0.47240128343974475,-0.015402079742674227,-0.3981336742471383,-0.37337780451626945
2018,경기도,용인시,0.0231304173888543,1,-0.9401518180991885,-0.3206728951059256,-0.5105642702611268,0.014864236579534507,-0.4391311867216766,-0.4153201588751932
2019,경기도,용인시,0.0211742352314064,1,-0.9401518180991885,-0.41169489194404363,-0.5364288293771484,-0.15913183067006997,-0.5118518425226126,-0.5036595135711007
2020,경기도,용인시,0.0025966258472659,1,-0.9647588565808982,-0.14969362431337074,-0.47574671935120205,-0.09879604770876416,-0.4222488119885588,-0.404416176201011
2021,경기도,용인시,0.0054849302305696,1,-0.9647588565808982,-0.5204431693356856,-0.3934684445069586,-0.059779196967752614,-0.48461241684782375,-0.5149937409614455
2022,경기도,용인시,0.0029955089797984,1,-0.9647588565808982,0.23532749312874768,-0.37039531669017955,0.02491058412032461,-0.2687290240055014,-0.2348402597772753
2023,경기도,용인시,0.0247901688072187,1,-0.9647588565808982,-0.41589740661082414,-0.38058594561427483,-0.24051067012315552,-0.5004382197322882,-0.540388977771626
2016,경기도,의왕시,0.000899595242836,1,-1.1206284062025083,-0.11070054452858025,0.3848114650468531,0.27440699669627444,-0.14302762224699025,-0.31897398467827137
2017,경기도,의왕시,0.00129915573162,1,-1.1171148689088368,0.8016349851320154,-0.42822648738898794,0.3940915713487654,-0.087403699954261,0.02620389585731464
2018,경기도,의왕시,0.0,0,-1.109212642068552,-0.20205835451227577,-0.4650825952137256,0.4207606097173998,-0.3388982455192884,-0.2968367956211427
2019,경기도,의왕시,0.000899595242836,1,-1.109212642068552,-0.29882479570218123,-0.4782196521905059,0.5044744043347805,-0.34544567140661464,-0.30118767781198424
2020,경기도,의왕시,0.0,0,-1.082552971540966,-0.029309210291469753,-0.4864473809256564,0.12451910363864804,-0.3684476147798611,-0.32911435939792927
2021,경기도,의왕시,0.0,0,-1.082552971540966,-0.22293105582800496,-0.5375089424318968,0.13981617977470054,-0.4257941975065418,-0.3885559491980901
2022,경기도,의왕시,0.0001999800026662,1,-1.082552971540966,0.7909729356418349,-0.4767311006487016,0.15865270369744813,-0.15241460821259617,-0.04430911073389435
2023,경기도,의왕시,0.0006997551142733,1,-1.082552971540966,-0.60591818595085,-0.47691623294900054,0.17924988064667854,-0.4965343774485345,-0.5030737589483792
2016,경기도,의정부시,0.0,0,-1.0256261245941227,-0.31494485473270845,0.3848114650468531,0.7598643852848338,-0.048973782248786096,-0.1935688646806658
2017,경기도,의정부시,9.999500033330834e-05,1,-1.0220625874187512,-0.20639171185820498,0.7093639704500472,1.3742128675093164,0.21378063467060182,0.048586189410786705
2018,경기도,의정부시,0.0,0,-1.0143168338882547,-0.055846031946195585,0.6578713880181923,1.1719804583281908,0.18992224512798322,0.03393919749791352
2019,경기도,의정부시,0.0,0,-1.0143168338882547,-0.6172153376815656,0.662093116707863,1.261144068913612,0.07292625351291371,-0.12346270088540272
2020,경기도,의정부시,0.0,0,-0.9978172049729173,-0.44972652225380505,0.6912197662605591,0.9709785259334187,0.05366364124181386,-0.1588550670977679
2021,경기도,의정부시,0.0,0,-0.9978172049729173,-0.850786268109199,0.6619774963281565,0.997087448781458,-0.047384631993125426,-0.2838386747668861
2022,경기도,의정부시,0.0,0,-0.9978172049729173,0.34823580639730806,0.7039822447798998,0.862617070540816,0.22925447918627667,0.07101189065506897
2023,경기도,의정부시,0.0,0,-0.9978172049729173,-0.9117826104687113,0.7311373456691727,0.8853954518438415,-0.07326675448215356,-0.3414014545325957
2016,경기도,이천시,0.0043903483012928,1,-1.2444246934205432,-0.7501541306439004,-0.9172655891471688,-0.8850365300492304,-0.9492202358152106,-0.9598717847045579
2017,경기도,이천시,0.0014988761237358,1,-1.2409763103485498,-0.3665295631653956,-0.3332963700364767,-0.8267790871137857,-0.691895332666052,-0.8114283202092437
2018,경기도,이천시,0.0007996801705643,1,-1.2328701850915893,-0.3466051902167017,-0.47082136231364197,-0.7876491438939052,-0.7094864703789596,-0.7890415064007321
2019,경기도,이천시,0.0009995003330835,1,-1.2328701850915893,-0.4363712986499716,-0.4753996194397345,-0.8514290568303793,-0.7490175400029186,-0.8402235135239801
2020,경기도,이천시,0.0006997551142733,1,-1.2287295573906056,-0.17601286085493903,-0.47925234417833873,-0.8055447445844999,-0.6723848767520958,-0.7367623876100149
2021,경기도,이천시,0.0027960873020012,1,-1.2287295573906056,-0.585487234657679,-0.41354835628654363,-0.8038429578230171,-0.7579020265394614,-0.8726865832904339
2022,경기도,이천시,0.00129915573162,1,-1.2287295573906056,0.11384861271416397,-0.5178458797251978,-0.8166725604246562,-0.6123498462065738,-0.6438511683670326
2023,경기도,이천시,0.0033942330680155,1,-1.2287295573906056,-0.37435380746722136,-0.5504496834331883,-0.8312128738071025,-0.7461864805245294,-0.8114320795549764
2020,경기도,파주시,0.0,0,-1.2555709941597324,-0.746512339076219,-0.4379477922611217,-0.4688945280561011,-0.7272314133882937,-0.8236592870973509
2021,경기도,파주시,0.0001999800026662,1,-1.2555709941597324,-0.9752397352496417,-0.6533851035933411,-0.4424507880525592,-0.8316616552638186,-0.8910871724873112
2022,경기도,파주시,0.000499875041651,1,-1.2555709941597324,-0.16752322618297655,-0.5841680205687863,-0.45874195889190433,-0.6165010499508499,-0.6272787264115377
2023,경기도,파주시,0.0003999200213269,1,-1.2555709941597324,-1.130074850306561,-0.5467919486218765,-0.43663765722041303,-0.8422688625771457,-0.9407611672289021
2016,경기도,평택시,0.0059820716775474,1,-1.238663782074677,-0.11070054452858025,0.3848114650468531,-0.3511005347646074,-0.32891334908025294,-0.566821620455955
2017,경기도,평택시,0.0020977980821461,1,-1.2352123670240733,0.8016349851320154,-0.4611021144348265,-0.3341018173487192,-0.3071953284189009,-0.2558930664135924
2018,경기도,평택시,0.0002999550089979,1,-1.2271157302641302,-0.20205835451227577,-0.5334907009868544,-0.29903087086135716,-0.5654239141561543,-0.5760683185459211
2019,경기도,평택시,0.0001999800026662,1,-1.2271157302641302,-0.29882479570218123,-0.5071909471107855,-0.3313013118197939,-0.5911081962242227,-0.6190806125953684
2020,경기도,평택시,0.0,0,-1.1744028271307967,-0.029309210291469753,-0.4520897439072382,-0.5082523448050602,-0.5410135315336413,-0.5706547940757756
2021,경기도,평택시,0.0027960873020012,1,-1.1744028271307967,-0.22293105582800496,-0.44805247418087946,-0.6290411518744761,-0.6186068772535392,-0.6754583449444258
2022,경기도,평택시,0.004987541511039,1,-1.1744028271307967,0.7909729356418349,-0.40683583630026177,-0.6647427869394775,-0.36375212868217527,-0.34939089280947977
2023,경기도,평택시,0.004489905272852,1,-1.1744028271307967,-0.60591818595085,-0.4075695223191985,-0.6434858544006546,-0.707844097450375,-0.8079356224941004
2016,경기도,포천시,0.1929317359059701,1,-0.3555245136491469,-0.31494485473270845,-0.7854122887531807,-0.19100885318680066,-0.41172262758045913,-0.287159407189552
2017,경기도,포천시,0.0615653556581548,1,-0.351608300720024,-0.20639171185820498,-0.30167206562580173,-0.25598823906725365,-0.2789150793178211,-0.27132941721516085
2018,경기도,포천시,0.0613772796749034,1,-0.3449662366502849,-0.055846031946195585,-0.3597966125739124,-0.21215539195215172,-0.24319106828063614,-0.20432255351621076
2019,경기도,포천시,0.059023340449461,1,-0.3449662366502849,-0.6172153376815656,-0.45199411156644786,-0.23426188144190724,-0.4121093918350514,-0.39881448525791924
2020,경기도,포천시,0.0960371881969421,1,-0.23289430970803246,-0.44972652225380505,-0.40615800747357456,-0.23579250619413222,-0.33114283640738607,-0.30613777938532327
2021,경기도,포천시,0.0303351997960729,1,-0.23289430970803246,-0.850786268109199,-0.47398687331931155,-0.2963028017923062,-0.4634925632322123,-0.45999445986984583
2022,경기도,포천시,0.0983056887841233,1,-0.23289430970803246,0.34823580639730806,-0.42756101809869296,-0.3231416292067061,-0.15884028765403085,-0.0692667108391435
2023,경기도,포천시,0.149109422587841,1,-0.23289430970803246,-0.9117826104687113,-0.4300593564513513,-0.30241395752602396,-0.46928755853852977,-0.4823636259009225
2016,경기도,하남시,0.0358496528936972,1,-1.1989177142360734,-0.04763441500308002,0.3848114650468531,0.29065372925893146,-0.14277173373334223,-0.3186327999934073
2017,경기도,하남시,0.0677521020508184,1,-1.1954453807542875,0.8995080862142515,-0.5027945541052198,0.3058291989447781,-0.12322566242511943,0.00329730146824736
2018,경기도,하남시,0.0037927982386962,1,-1.1874142076724843,-0.0499253629402715,-0.5570051424833451,0.3328156694996886,-0.36538226089910303,-0.301507967037689
2019,경기도,하남시,0.009950330853168,1,-1.1874142076724843,-0.09403274173501358,-0.5976735573461539,0.4181619051238329,-0.36523965040745476,-0.2877616814278883
2020,경기도,하남시,0.004987541511039,1,-1.158243078922565,0.23045539534299256,-0.6061610742641756,0.46577928873580343,-0.2670423672769862,-0.15400279828125638
2021,경기도,하남시,0.0077697372643606,1,-1.158243078922565,0.13759350763411426,-0.5974179097558998,0.4830376299513518,-0.28375746277324976,-0.1792039804456997
2022,경기도,하남시,0.0078689583786951,1,-1.158243078922565,0.8825996888947448,-0.5776769783701817,0.5018231770419123,-0.08787429783902242,0.07539326233803068
2023,경기도,하남시,0.0272259862535914,1,-1.158243078922565,0.14653577050564837,-0.6410538885190592,0.5228780911797881,-0.28247077643904694,-0.16294307241237624
2016,경기도,화성시,0.0009995003330835,1,-1.1100034286836673,-0.11070054452858025,0.3848114650468531,-0.5730994971298768,-0.35224800132381784,-0.5979344901140414
2017,경기도,화성시,0.0,0,-1.1064842994440973,0.8016349851320154,0.7093639704500472,-0.49980734169038066,-0.02382317138810386,-0.2682188853341542
2018,경기도,화성시,0.0003999200213269,1,-1.0985995724508755,-0.20205835451227577,-0.4622255500184807,-0.5032565190600184,-0.5665349990104126,-0.6013048153410566
2019,경기도,화성시,9.999500033330834e-05,1,-1.0985995724508755,-0.29882479570218123,-0.3639717121320829,-0.5431578374454663,-0.5761384794326515,-0.6468607351995077
2020,경기도,화성시,0.0013990209137073,1,-1.1099432697776483,-0.029309210291469753,-0.44662461493661465,-0.4947801928281324,-0.5201643219584663,-0.5446775576324169
2021,경기도,화성시,9.999500033330834e-05,1,-1.1099432697776483,-0.22293105582800496,-0.3499208228810115,-0.3363268112098777,-0.5047804899241356,-0.5564003789385102
2022,경기도,화성시,0.0,0,-1.1099432697776483,0.7909729356418349,-0.4402843588700559,-0.3528697705328593,-0.27803111588468216,-0.22394670155622423
2023,경기도,화성시,0.0007996801705643,1,-1.1099432697776483,-0.60591818595085,-0.3139650534097714,-0.3309128419188556,-0.5901848377642813,-0.6822580992157846
2016,경상남도,거제시,0.4421826910433272,1,1.6936611952105363,2.0487312875250554,-0.8496262869780735,0.9845209247364048,0.9693217801234808,1.5756378024906654
2017,경상남도,거제시,0.2824685053988935,1,1.6986558984799967,1.5810126274166723,-0.30367950041480996,0.9620985709803471,0.9845218991155515,1.413922365625672
2018,경상남도,거제시,0.2948314546049925,1,1.7019228555016956,3.1717740800170384,-0.37729346666619207,0.9800682828740876,1.3691179379316576,1.9512550727976075
2019,경상남도,거제시,0.1677154044045924,1,1.7019228555016956,2.5996718637338745,-0.41557134522101413,0.5529641573477228,1.1097468828405697,1.618186292194431
2020,경상남도,거제시,0.1464352782295457,1,1.718170992086202,1.75318663561365,-0.2907475175864432,0.27674794092813143,0.8643395127603851,1.2493685228759945
2021,경상남도,거제시,0.1287449558905622,1,1.718170992086202,2.3000415365861495,-0.3659471100173931,0.14495357389641184,0.9493047481378425,1.3877220341895875
2022,경상남도,거제시,0.1149345380920995,1,1.718170992086202,0.26940946186198217,-0.29163969894740216,0.16476848880515232,0.4651773109514836,0.7174496475844455
2023,경상남도,거제시,0.3507272916688302,1,1.718170992086202,1.5019688817019883,-0.2640649772758075,0.18595354876368728,0.7855071113190175,1.1353644741839592
2016,경상남도,거창군,9.999500033330834e-05,1,1.3124175877743085,-0.6193573872776076,0.3848114650468531,-0.47103471528031876,0.15170923756580884,0.07400849507212738
2017,경상남도,거창군,9.999500033330834e-05,1,1.317211641807266,-1.0255731870191673,-0.013967616151790097,-0.5061191526979779,-0.05711207851541736,-0.07149356596995977
2018,경상남도,거창군,9.999500033330834e-05,1,1.3211065253174794,-1.0479910539270803,-0.12548198322301973,-0.5333382909106885,-0.09642620068582727,-0.08674093984009645
2019,경상남도,거창군,0.0,0,1.3211065253174794,-0.4104659098955169,-0.14185973382488432,-0.5688702284625673,0.04997766328362774,0.1139234623197984
2020,경상남도,거창군,9.999500033330834e-05,1,1.2890457646832885,-0.35254491122115317,-0.09744214514537658,-0.5048387849798927,0.0835549808342165,0.14388735616074755
2021,경상남도,거창군,0.0,0,1.2890457646832885,-0.8327019209204922,-0.10389321153157938,-0.5003647036995134,-0.03697851786707412,-0.014673619978905705
2022,경상남도,거창군,0.0,0,1.2890457646832885,-1.1360290281037755,-0.03465936501788083,-0.45571435868497284,-0.08433924678083518,-0.10089920736848662
2023,경상남도,거창군,9.999500033330834e-05,1,1.2890457646832885,-0.7544460883039042,-0.0003250410920969671,-0.4515745642359397,0.02067501776283688,0.027675037381148165
2016,경상남도,고성군,0.087369646136907,1,2.018857254900901,1.4423175267930661,0.3848114650468531,1.0723247324397547,1.2295777447951437,1.5111665047112404
2017,경상남도,고성군,0.0365247746823722,1,2.024023109475768,0.9360598611819289,-0.15038187278347973,1.0818740298164053,0.9728937819226557,1.3473190001580342
2018,경상남도,고성군,0.0220549907808313,1,2.026754453005576,1.997047050558896,-0.2376903093585091,1.0986996105674778,1.2212027011933602,1.7075003713773167
2019,경상남도,고성군,0.0208804775793552,1,2.026754453005576,1.3018504044337835,-0.28586986652306995,1.2196430332343164,1.0655945060376515,1.5160826302245587
2020,경상남도,고성군,0.009950330853168,1,2.006861568992368,1.3305835691635417,-0.17881769792500524,0.9718114813741662,1.0326097304012676,1.4364188731766918
2021,경상남도,고성군,0.0589290675292874,1,2.006861568992368,1.7627980777849186,-0.1594329832799286,0.7977905889582299,1.102004313113897,1.522483411911839
2022,경상남도,고성군,0.0195084663880429,1,2.006861568992368,0.15554252446530842,-0.18679940698921405,0.6753344814509189,0.6627347919798454,0.9459128583028652
2023,경상남도,고성군,0.0667236320429081,1,2.006861568992368,0.9697903172072739,-0.15237149425660929,0.6965211977554782,0.8802003974246277,1.22439102798504
2016,경상남도,김해시,0.2741408018851136,1,0.33156439998235704,1.2369955482090547,-1.2361474208481114,0.6629208869275585,0.2488333535677147,0.7438269450396566
2017,경상남도,김해시,0.2510699539550488,1,0.33584222911498,-0.10987776905546925,-0.4108248909257256,0.7723148155905581,0.14686359618108583,0.332759758550023
2018,경상남도,김해시,0.2315877980968727,1,0.3413526248225001,0.8421515620689594,-0.4462105076946023,0.9905394160935695,0.43195827382260665,0.7246812009950098
2019,경상남도,김해시,0.0935814136215305,1,0.3413526248225001,1.457030704527681,-0.4479932618003988,0.9365748966185451,0.5717412410420818,0.9116527419895754
2020,경상남도,김해시,0.0729716124558227,1,0.32908705792806897,0.7669997756010546,-0.38149393503174844,0.998866431121781,0.42836483240478906,0.6983177548836349
2021,경상남도,김해시,0.0393168623769503,1,0.32908705792806897,1.225125799173555,-0.39056381793670836,1.022145733752051,0.5464486932292416,0.8587861969512249
2022,경상남도,김해시,0.0563803334361076,1,0.32908705792806897,0.1835158873479038,-0.42477033890030746,1.0412953744122282,0.2822819951969734,0.5179661065627337
2023,경상남도,김해시,0.2137394712389158,1,0.32908705792806897,0.8737596546658442,-0.41404547826874805,0.9545672439809161,0.4358421195765203,0.719137985524943
2016,경상남도,남해군,0.0322735605502957,1,1.6194973749722708,2.179704122516078,0.3848114650468531,0.9479979273642144,1.2830027224748541,1.5823998082841877
2017,경상남도,남해군,0.0344014267173324,1,1.6244530456819277,0.9862996589540661,-0.19815386207531913,0.9588617331341127,0.8428651439236968,1.1898714792567022
2018,경상남도,남해군,0.0272259862535914,1,1.6278421540690757,2.31515477156867,-0.1534147110460649,1.0088375952074515,1.1996049524497832,1.6506115069483993
2019,경상남도,남해군,0.0132123314721348,1,1.6278421540690757,2.3244711482271225,-0.26079031613340603,0.7819631736522353,1.1183715399537568,1.5780921586494776
2020,경상남도,남해군,0.0052860044292373,1,1.6229540824934805,1.4137171318334334,-0.23902543509191093,0.7455104056208806,0.8857890462139708,1.2607272066492647
2021,경상남도,남해군,0.0040916179032535,1,1.6229540824934805,1.8883217582360863,-0.16317926940011462,0.7600559009842699,1.0270381180784305,1.4237772472379457
2022,경상남도,남해군,0.0037927982386962,1,1.6229540824934805,0.4163929321389155,-0.177756993424589,0.7771950396995616,0.6596962652268421,0.9388473514439859
2023,경상남도,남해군,0.0244974716003874,1,1.6229540824934805,1.8435655275491556,-0.19058755956382628,0.7978952517855543,1.018456825566091,1.421471620609397
2016,경상남도,밀양시,0.500957089567385,1,1.2137857209956338,0.8915106657674152,-1.1082323189221759,0.8217721743284641,0.45470906054233434,0.9756895203638377
2017,경상남도,밀양시,0.3421702577358506,1,1.218527864889305,-0.5399000923524083,-0.41868104374272275,0.5028310731986638,0.19069445049820943,0.39381961524518677
2018,경상남도,밀양시,0.2479532302227841,1,1.222585199809992,0.10176653504595201,-0.41553089547130834,0.5267817462241995,0.35890064640220876,0.6170444936933811
2019,경상남도,밀양시,0.1590529298546003,1,1.222585199809992,0.3303518225788956,-0.4383030353688977,0.6327588844001102,0.43684821785502503,0.7285653022629992
2020,경상남도,밀양시,0.0878277103655201,1,1.2004257477294595,-0.09420765950740406,-0.4357913869760275,0.7642867292372598,0.358678357620822,0.6235016058197718
2021,경상남도,밀양시,0.0919408736983572,1,1.2004257477294595,0.3572498460749226,-0.46096886087541966,0.7772899574655143,0.46849917259861923,0.7783218504232989
2022,경상남도,밀양시,0.3323207740701613,1,1.2004257477294595,0.05520528371850164,-0.5381561436565273,0.7943132636389156,0.37794703785758743,0.6833147650289589
2023,경상남도,밀양시,0.3996482227865995,1,1.2004257477294595,0.6899146807128533,-0.5064781028634027,0.8147834872647496,0.549661453210915,0.9017079719023542
2016,경상남도,사천시,0.4942083179425529,1,1.6661122217232531,0.5735585650078171,0.3848114650468531,0.8979877637390322,0.8806175038792389,1.0458861834900341
2017,경상남도,사천시,0.249590721329058,1,1.6710924259155122,-0.5408754596995846,-0.315463070433217,0.9094177283745419,0.43104290603931317,0.6798782315301565
2018,경상남도,사천시,0.3256279348665349,1,1.6744047574165382,0.25651646888344803,-0.3873595498058228,0.8864821421555438,0.6075109546624268,0.9391344561518432
2019,경상남도,사천시,0.2210613851098851,1,1.6744047574165382,0.5576255456247305,-0.37710944628716714,0.6558029650045103,0.627680955439653,0.962611089348593
2020,경상남도,사천시,0.1120779034053505,1,1.6830755232472931,0.37850622903417896,-0.2841831662914172,0.5282889460669541,0.5764218830142522,0.8632902327828087
2021,경상남도,사천시,0.1393270652210992,1,1.6830755232472931,0.38495158246838523,-0.34245487400544516,0.543997990626592,0.5673925555842063,0.87067503211409
2022,경상남도,사천시,0.198276923584082,1,1.6830755232472931,-0.24904413938366915,-0.38723921324280275,0.562164250330118,0.4022391052377349,0.6653985447312474
2023,경상남도,사천시,0.3939321922944401,1,1.6830755232472931,0.9717287729686375,-0.3879616086483705,0.33384348478317305,0.6501715430876832,0.9962159269997012
2016,경상남도,산청군,0.000899595242836,1,1.2001642254873681,0.2840190074514167,0.3848114650468531,1.011564649803638,0.720139836947319,0.831915960914141
2017,경상남도,산청군,0.0002999550089979,1,1.2048992003620174,-0.6048962502431624,-0.08674920850193762,1.022199218020255,0.3838632399092931,0.5407340560463699
2018,경상남도,산청군,0.0002999550089979,1,1.2089789705384724,0.24881256694650028,-0.16989659270393015,1.035746390133917,0.5809103337287398,0.8311793092062966
2019,경상남도,산청군,0.000499875041651,1,1.2089789705384724,1.068902906341483,-0.2314788518302156,1.157837872771013,0.8010602244551881,1.1452399165503226
2020,경상남도,산청군,0.000499875041651,1,1.1865247755607846,0.774799437884654,-0.15422083647624008,1.2133710054893476,0.7551185956146365,1.0582317396449288
2021,경상남도,산청군,0.0001999800026662,1,1.1865247755607846,-0.32285175878374817,-0.12779317601543838,1.2245790952619897,0.49011473400589695,0.696084037346342
2022,경상남도,산청군,9.999500033330834e-05,1,1.1865247755607846,-0.4175818035258217,-0.04718209048577546,1.240093355207148,0.4904635591890839,0.6696787757473702
2023,경상남도,산청군,0.0006997551142733,1,1.1865247755607846,0.2151653111634943,-0.10100693676701478,1.242872828866535,0.6358889947059498,0.8815209718636047
2016,경상남도,양산시,0.2393318115107342,1,0.22879649428870147,1.6618741139566002,0.3848114650468531,0.29346627187914076,0.6422370862928239,0.7280456267081474
2017,경상남도,양산시,0.2117994496135527,1,0.23302023647688203,0.10255916403847154,-0.31428453951408,0.12916230342815546,0.03761429110735726,0.154913901314503
2018,경상남도,양산시,0.1058004188862116,1,0.23869989584914433,1.0793520613954288,-0.36148318340961194,0.20835078420559408,0.29122988951013884,0.5088009138167224
2019,경상남도,양산시,0.0843411484337508,1,0.23869989584914433,1.4240580179735218,-0.3809158689562522,0.00865730992456016,0.32262483869774355,0.5571384079157421
2020,경상남도,양산시,0.0343048036919903,1,0.24076258176446252,1.2315320771629334,-0.30667608933567964,0.06652922148205978,0.30803694776844404,0.5129412934698186
2021,경상남도,양산시,0.076220025911409,1,0.24076258176446252,1.6990614512548645,-0.36303602276790525,0.08525654182653694,0.4155111380194897,0.6750268582819546
2022,경상남도,양산시,0.080750149685109,1,0.24076258176446252,0.45901000582012025,-0.33436515454660837,0.10507221478182954,0.117619911954951,0.2682816007888041
2023,경상남도,양산시,0.1858154460482104,1,0.24076258176446252,1.6073659258048691,-0.3939845282977601,0.12616891161525795,0.3950782227217074,0.6580991397281966
2016,경상남도,의령군,0.1520341558554981,1,2.1344342198873805,-0.13886399146320738,0.3848114650468531,0.751423305718278,0.7829512497973261,0.915664511380817
2017,경상남도,의령군,0.0653194661206425,1,2.139660902838985,-0.07421217591092158,-0.17953432295208768,0.43573517424838504,0.5804123945560902,0.8337279670588161
2018,경상남도,의령군,0.0819485826471674,1,2.1422018855696567,0.3977152414093676,-0.2484583804187367,0.45909244939259564,0.6876377989882207,0.9996698587905399
2019,경상남도,의령군,0.0410459694360009,1,2.1422018855696567,0.3585426416418074,-0.3789294179906715,0.5634668907970046,0.6713205000044492,1.0214038060028228
2020,경상남도,의령군,0.0277124385665357,1,2.0903940623430834,0.5352738192191203,-0.29486651433195044,0.5735830637677215,0.7260961077494937,1.0664169817766418
2021,경상남도,의령군,0.0340148785872776,1,2.0903940623430834,0.26992899977738727,-0.2835813795984127,0.585548384244771,0.6655725166917072,0.9819571487884139
2022,경상남도,의령군,0.0855352881062627,1,2.0903940623430834,-0.2678289321319807,-0.29673421042471504,0.6026805314285166,0.532127862803726,0.8084152205465398
2023,경상남도,의령군,0.1168937514714993,1,2.0903940623430834,0.5801168587642397,-0.32608195750611957,0.6229300473323339,0.7418397527333843,1.0978136561465524
2016,경상남도,진주시,0.2522362255174821,1,1.614337877448226,0.5735585650078171,-0.6369253231145711,0.9650450928220892,0.6290040530408904,1.0509805117593773
2017,경상남도,진주시,0.0422929121902514,1,1.619290832704512,-0.5408754596995846,-0.17841916906312974,0.6441206217326753,0.3860292064186182,0.5741786649125342
2018,경상남도,진주시,0.1166268119317196,1,1.6226884390312966,0.25651646888344803,-0.37754598923328914,0.6427035675359521,0.5360906215543519,0.8406361584835657
2019,경상남도,진주시,0.0989399478549035,1,1.6226884390312966,0.5576255456247305,-0.44052086351921393,0.5476026255687467,0.5718489366763899,0.9093055367415911
2020,경상남도,진주시,0.0717623662268907,1,1.6261100359319265,0.37850622903417896,-0.4126799319010426,0.6364572016270333,0.5570983836730241,0.880357822197713
2021,경상남도,진주시,0.0765906021617125,1,1.6261100359319265,0.38495158246838523,-0.4517472664446055,0.5105847023859476,0.5174747635854133,0.8405487735954198
2022,경상남도,진주시,0.120357496663734,1,1.6261100359319265,-0.24904413938366915,-0.39737796092861766,0.4201323881139551,0.3499550809333987,0.5990660948874041
2023,경상남도,진주시,0.196224461962946,1,1.6261100359319265,0.9717287729686375,-0.35326686941472774,0.4411051773103624,0.6714192791990495,1.0129813287369753
2016,경상남도,창녕군,0.4213384572644545,1,1.7004983207638715,0.8915106657674152,0.3848114650468531,0.6765519920678499,0.9133431109114974,1.0895203261997122
2017,경상남도,창녕군,0.3190353801097767,1,1.7054966224255292,-0.5399000923524083,-0.28077469579476166,0.68826449037683,0.3932715811637973,0.617953673483317
2018,경상남도,창녕군,0.3090276264711589,1,1.708752318373845,0.10176653504595201,-0.3600756125576747,0.7134392432880824,0.5409706210375511,0.8413193655692931
2019,경상남도,창녕군,0.1765549618996175,1,1.708752318373845,0.3303518225788956,-0.3604061802021197,0.616238294451962,0.5737340638006457,0.8851141451349008
2020,경상남도,창녕군,0.1116308161711853,1,1.7280399434739855,-0.09420765950740406,-1.9414708644975307,0.5236508978489988,0.05400307932951234,0.7191610606051934
2021,경상남도,창녕군,0.1080469040831337,1,1.7280399434739855,0.3572498460749226,-0.330165518611939,0.5408764014049325,0.5740001680854754,0.875388730317947
2022,경상남도,창녕군,0.0936724758626351,1,1.7280399434739855,0.05520528371850164,-0.28876735855762026,0.4505139827070789,0.48624796283548644,0.7445864032998553
2023,경상남도,창녕군,0.3335393685365754,1,1.7280399434739855,0.6899146807128533,-0.30782377238904857,0.47266035605944295,0.6456978019643084,0.9635383267487607
2016,경상남도,창원시,0.354733059701391,1,0.8694604813234822,1.3609479879534638,0.3848114650468531,0.5737748716960305,0.7972487015049574,0.9347277803243254
2017,경상남도,창원시,0.2717813229201039,1,0.8740214061878994,0.32958721235207283,-0.37353276316176653,0.6159812222629714,0.36151426941029424,0.6065299469343145
2018,경상남도,창원시,0.3313879047118487,1,0.878645861276471,0.47330015810215886,-0.46488004907426933,0.6212199885637153,0.377071489717019,0.6577220026474484
2019,경상남도,창원시,0.128041349880884,1,0.878645861276471,1.0180704161828336,-0.4420077553904095,0.3719994757351627,0.45667699945101436,0.7562385843981557
2020,경상남도,창원시,0.0687795153948257,1,0.8810622588094978,0.4237349526063691,-2.0232726395268013,0.5079792020363505,-0.052624056518645934,0.6042588044840725
2021,경상남도,창원시,0.0698991273796671,1,0.8810622588094978,1.3872740017796965,-0.3336345655798525,0.534182870976713,0.6172211414965137,0.9341730438553024
2022,경상남도,창원시,0.0828694778222946,1,0.8810622588094978,0.2088066171354506,-0.31044242647292397,0.5876336935783014,0.34176503576258144,0.5591675231744166
2023,경상남도,창원시,0.2789187867816239,1,0.8810622588094978,1.0720578258700275,-0.22451089277205072,0.5572562311844829,0.5714663557729893,0.8367921052880027
2016,경상남도,통영시,0.2335690167977925,1,2.402126677315895,1.4423175267930661,0.3848114650468531,0.7917370267090273,1.2552481739662105,1.5453937436059961
2017,경상남도,통영시,0.1083161434834588,1,2.4074942473175454,0.9360598611819289,-0.2786171542093159,0.8042513438248721,0.9672970745287576,1.382601817441449
2018,경상남도,통영시,0.0966728872602607,1,2.409594327744503,1.997047050558896,-0.3410872303550147,0.8255727668456776,1.2227817286985154,1.744071381716359
2019,경상남도,통영시,0.0789035975954659,1,2.409594327744503,1.3018504044337835,-0.3891609525340425,0.5975988175392322,0.9799706492958691,1.4363478499058395
2020,경상남도,통영시,0.0701788346212465,1,2.4041000561359303,1.3305835691635417,-0.3409982075312954,0.648741233977347,1.010606662936381,1.4611416197589397
2021,경상남도,통영시,0.0906630348972421,1,2.4041000561359303,1.7627980777849186,-0.3784880506650802,0.6628682959094101,1.1128195947912949,1.6099221432767532
2022,경상남도,통영시,0.071948499312584,1,2.4041000561359303,0.15554252446530842,-0.34312852377473724,0.6804032369517669,0.7242293234445671,1.0800152725176686
2023,경상남도,통영시,0.181321056460371,1,2.4041000561359303,0.9697903172072739,-0.33208114315886245,0.7010066600885242,0.9357039725682165,1.3582990111439095
2016,경상남도,하동군,0.3072640871795032,1,1.0305233232550688,1.0551008196886098,-0.5703427430960519,0.7475777063974096,0.565714776561259,0.9444006164470293
2017,경상남도,하동군,0.0716692866903596,1,1.0351690157998674,0.14809774052587815,0.04351549014570062,0.7576861593809038,0.4961171014630875,0.6469843052355498
2018,경상남도,하동군,0.1312036856153444,1,1.0395281926705446,1.17731522560051,-0.331838907102522,0.7766158524055897,0.6654050908935305,0.9978197568922148
2019,경상남도,하동군,0.0948555310126788,1,1.0395281926705446,1.3342824562650895,-0.3695154696682933,0.8988605402581016,0.7257889298813605,1.0908903963979117
2020,경상남도,하동군,0.1310282624064041,1,0.9769863552931085,0.9780950395125898,-1.978288698117221,0.925764008573609,0.22563917631552155,0.9602818011264357
2021,경상남도,하동군,0.107148915517043,1,0.9769863552931085,1.016676730763424,-0.3431706098531714,0.9351512859465504,0.6464109405374778,0.9762714573343608
2022,경상남도,하동군,0.1176052420742634,1,0.9769863552931085,0.4868622379866602,-0.4259075202149938,0.6126152398327913,0.41263907822439155,0.69215461103752
2023,경상남도,하동군,0.240354588044564,1,0.9769863552931085,1.439326367904765,-0.40284890054396294,0.6329005957339814,0.661591104596973,1.0164044396439518
2016,경상남도,함안군,0.3512200932557686,1,0.8741240762225166,-0.13886399146320738,0.3848114650468531,0.15631207895024238,0.3190959071891012,0.2971907212365172
2017,경상남도,함안군,0.151088854362856,1,0.878687455545809,-0.07421217591092158,-0.23455273031059995,0.16855170743957193,0.18461856419096484,0.3243423290248198
2018,경상남도,함안군,0.174793290373163,1,0.8833042294701284,0.3977152414093676,-0.32000191659039245,0.19460438914881106,0.2889054858594786,0.49187462000943566
2019,경상남도,함안군,0.1016536537264998,1,0.8833042294701284,0.3585426416418074,-0.3517140681142061,0.2780960819284148,0.2920572212315361,0.5066476510134502
2020,경상남도,함안군,0.0650383961792222,1,0.9119779364724044,0.5352738192191203,-0.3213812836424365,0.402312735826466,0.38204580196888854,0.6165214971726636
2021,경상남도,함안군,0.1046302490780829,1,0.9119779364724044,0.26992899977738727,-0.31050871506211264,0.420011461976238,0.32285242079097926,0.5339727994086766
2022,경상남도,함안군,0.2035936920694943,1,0.9119779364724044,-0.2678289321319807,-0.39820381315358155,0.4389227914621626,0.17121699566225118,0.36102393193419546
2023,경상남도,함안군,0.2760395606677065,1,0.9119779364724044,0.5801168587642397,-0.36241688412514617,0.4599811850757587,0.39741477404681413,0.6506919934374676
2016,경상남도,함양군,0.0006997551142733,1,0.7827091753056963,-0.4407148988075659,0.3848114650468531,0.04271477434570187,0.19238012897267132,0.12823635028127742
2017,경상남도,함양군,0.0,0,0.787224442792577,-1.262792530058664,0.7093639704500472,-0.04004569884102496,0.0484375460857338,-0.171871262035704
2018,경상남도,함양군,0.0002999550089979,1,0.7919917814387986,0.24007003759075368,0.6578713880181923,-0.12171152692853143,0.3920554200298033,0.30345009736700695
2019,경상남도,함양군,0.0001999800026662,1,0.7919917814387986,0.22726787011378558,-0.08885016682599595,-0.06371768638793257,0.21667294958466393,0.31851398838821726
2020,경상남도,함양군,0.0001999800026662,1,0.7978886364183388,0.28555373943417206,-0.14928698676869417,-0.05620226309406623,0.21948828149743765,0.3424133709194816
2021,경상남도,함양군,0.0003999200213269,1,0.7978886364183388,-0.6881595257992327,-0.16912070912685556,-0.11664827555650428,-0.04400996851606342,-0.0023063883124660365
2022,경상남도,함양군,0.0,0,0.7978886364183388,-0.7109283058643776,0.006014096578529887,-0.09497047092139876,-0.0004990109472269091,-0.0026700467891458413
2023,경상남도,함양군,0.000499875041651,1,0.7978886364183388,-0.173171408927181,0.0350334675759813,-0.09808475389077681,0.14041648529409062,0.1755441578667937
2016,경상남도,합천군,0.0020977980821461,1,2.0871546525964897,0.4856918937853473,0.3848114650468531,0.9788600552679853,0.9841295166741688,1.1839022005499407
2017,경상남도,합천군,0.0003999200213269,1,2.0923564522218063,-0.37583286820548195,-0.06287867769250649,0.9895761404751483,0.6608052616997415,0.9020332414971576
2018,경상남도,합천군,0.00129915573162,1,2.0949753066651793,0.23443774506021886,-0.1618397101144345,0.9927330425174986,0.7900765960321156,1.1073820314142988
2019,경상남도,합천군,0.0006997551142733,1,2.0949753066651793,0.5692617951165398,-0.14372992726192352,0.5735041418787683,0.7735028290996409,1.0792470812201624
2020,경상남도,합천군,0.0018981972830802,1,2.067774636862848,0.19575503437251118,-1.7690213301655868,0.4891981914372263,0.24592663312674962,0.917575954224195
2021,경상남도,합천군,9.999500033330834e-05,1,2.067774636862848,-0.17952580924952713,-0.08033460759996547,0.5041945191196819,0.5780271847832593,0.7974811155776674
2022,경상남도,합천군,0.0001999800026662,1,2.067774636862848,-0.4029050593079374,-0.03288878379898222,0.522255431190175,0.5385590562365259,0.7290416695816951
2023,경상남도,합천군,0.001598721363697,1,2.067774636862848,0.23134217934367335,-0.048984018364148424,0.4341110657881618,0.6710609659076336,0.9110759606648943
2016,경상북도,경산시,0.0014988761237358,1,0.44828088589439186,0.28369795657993846,-0.7438712126694902,-0.17582738027958256,-0.04692993761868561,0.18538382073158258
2017,경상북도,경산시,0.0002999550089979,1,0.4526201431357851,-0.2540380832404078,-0.17167878081529894,-0.15656348062205797,-0.0324150503854949,0.014006193091106447
2018,경상북도,경산시,0.0002999550089979,1,0.4579383011986051,0.17073836868159176,-0.2099561792367357,-0.12587730373027753,0.07321079672829592,0.1675997887166398
2019,경상북도,경산시,0.0003999200213269,1,0.4579383011986051,0.30393296176026,-0.17585267022626516,-0.15480308623193534,0.10780387662516615,0.20235605890897657
2020,경상북도,경산시,0.0003999200213269,1,0.4919828084817183,-0.10446244035115859,-0.06656654803322529,-0.10098174907274102,0.05499301775614835,0.09551287301927291
2021,경상북도,경산시,0.0005998200719676,1,0.4919828084817183,-0.2801690626482248,0.6619774963281565,-0.1744177566535598,0.17484337137702255,0.012465329726644584
2022,경상북도,경산시,0.0006997551142733,1,0.4919828084817183,-0.14221705433926246,0.7039822447798998,-0.15463300395898,0.22477874874084391,0.06504425006115862
2023,경상북도,경산시,0.001199280575482,1,0.4919828084817183,-0.1487134062577553,0.7311373456691727,-0.20911786451711978,0.21632222084400396,0.04471717923561441
2016,경상북도,경주시,0.5586438872214662,1,0.8683631648766509,-0.057461684993513965,-0.8324097608434835,0.5715206964640271,0.13750310387592013,0.46080739211572136
2017,경상북도,경주시,0.3733550541899307,1,0.8729235122213327,-0.9447446466557189,-0.32922857526925975,0.3389138672745103,-0.015533960607283917,0.08903091094670802
2018,경상북도,경주시,0.3003267899848596,1,0.8775497746426696,-0.2890545255380668,-0.37404094196985976,0.39438917155742415,0.15221086967304176,0.3276281402206756
2019,경상북도,경주시,0.265743164933027,1,0.8775497746426696,0.2198798049986172,-0.3822540138649977,0.2760293263145216,0.24780122302270266,0.4578196353186028
2020,경상북도,경주시,0.2228235001032844,1,0.9080725760301801,-0.31279417232808093,-0.11061782151127347,0.26113630286328654,0.18644922126352806,0.2854715688551286
2021,경상북도,경주시,0.1521200480608332,1,0.9080725760301801,-0.34558499585683433,-0.24895638975773782,0.2820067129896306,0.14888447585130965,0.28149809772099216
2022,경상북도,경주시,0.1530643757268367,1,0.9080725760301801,-0.3658193303541587,-0.07404879159779165,0.2554683456742319,0.18091819993811542,0.2659071971167511
2023,경상북도,경주시,0.4480774989120402,1,0.9080725760301801,-0.8186973339321797,-0.007882281385812068,0.15938863730690053,0.06022039950477222,0.08292129313496698
2016,경상북도,고령군,0.4520942087021676,1,1.470420604998384,0.4856918937853473,0.3848114650468531,0.4205264470551432,0.6903626027214319,0.7922129819462915
2017,경상북도,고령군,0.0589290675292874,1,1.4752978163201529,-0.37583286820548195,-0.134567040813968,0.43964570075152315,0.35113590201305656,0.5130368829553981
2018,경상북도,고령군,0.1108255550888846,1,1.4789324612903751,0.23443774506021886,-0.0007115435905097334,0.45407734101020775,0.5416840009425731,0.7224825157869339
2019,경상북도,고령군,0.0869113719892964,1,1.4789324612903751,0.5692617951165398,0.662093116707863,0.402764305661483,0.7782629196940652,0.8169861873561327
2020,경상북도,고령군,0.167377109408132,1,1.5728282534661182,0.19575503437251118,0.6912197662605591,0.4390898723233629,0.7247232316056379,0.7358910533873307
2021,경상북도,고령군,0.2311117209633866,1,1.5728282534661182,-0.17952580924952713,0.6619774963281565,0.4566014983499648,0.6279703597236781,0.6166346475221852
2022,경상북도,고령군,0.2379927541644155,1,1.5728282534661182,-0.4029050593079374,0.7039822447798998,0.4753949432327276,0.5873250955427021,0.5484393791303028
2023,경상북도,고령군,0.3589323939799476,1,1.5728282534661182,0.23134217934367335,0.7311373456691727,0.4964378600452444,0.7579364096310521,0.7668694309516786
2016,경상북도,구미시,0.9472078345088766,1,0.5752319578970677,0.025083944213360757,0.3848114650468531,-0.4948495404647324,0.12256945667313729,0.0351554538818987
2017,경상북도,구미시,0.8027636268832683,1,0.5796380297293778,-0.5425758157643281,-0.4094407149449065,-0.4310021424564515,-0.20084516085907708,-0.13131330949713393
2018,경상북도,구미시,0.5163503344086906,1,0.5847470932938224,0.15256626356560057,-0.43486311726366006,-0.39470295822194806,-0.023063179656546307,0.11420346621249161
2019,경상북도,구미시,0.4347002333764993,1,0.5847470932938224,0.19691924863444493,-0.42510658426675874,-0.372361427248737,-0.0039504173968071266,0.1364349715598434
2020,경상북도,구미시,0.3949432806485822,1,0.6179781803704575,-0.08620697144358963,-0.39383504104342315,-0.2774739387196286,-0.03488444270904599,0.08476575673574639
2021,경상북도,구미시,0.3385415227425896,1,0.6179781803704575,-0.19564836865792645,-0.41640856728080033,-0.2532875243022992,-0.06184156996764213,0.05634742913674393
2022,경상북도,구미시,0.2799018851328186,1,0.6179781803704575,-0.290156377904599,-0.38600191631349745,-0.2308466235272918,-0.0722566843437327,0.03232505964618889
2023,경상북도,구미시,0.785042445264201,1,0.6179781803704575,0.2803222161261141,-0.4598916531269951,-0.2605111032005162,0.04447441004226507,0.21259643109868512
2016,경상북도,김천시,0.033628180979984,1,-0.14358417261542425,-0.9117539653682449,-1.373070342141328,-0.48281391931637896,-0.7278055998603441,-0.5127173524333494
2017,경상북도,김천시,0.004191204618468,1,-0.13955641508126904,-0.8656735184055431,-0.10419554317843432,-0.49749111910086896,-0.4017291489415289,-0.5009070175292271
2018,경상북도,김천시,0.0030952049073024,1,-0.13326342690821136,-0.998516668936835,0.6578713880181923,-0.5453257306357784,-0.2548086096156581,-0.5590352754936082
2019,경상북도,김천시,0.0054849302305696,1,-0.13326342690821136,-0.756965454355195,0.662093116707863,-0.59451785216587,-0.20566340418035337,-0.49491557780975876
2020,경상북도,김천시,0.0071742037480003,1,-0.10404908019929153,-0.9794320790980248,0.6912197662605591,-0.5610092983934927,-0.23831767285756247,-0.5481634858969363
2021,경상북도,김천시,0.0220549907808313,1,-0.10404908019929153,-1.0853130671055835,0.6619774963281565,-0.5586729514247233,-0.2715144006003605,-0.5826783662431995
2022,경상북도,김천시,0.0130149370774946,1,-0.10404908019929153,-1.0882268160460902,0.7039822447798998,-0.5364519181570254,-0.2561863924056268,-0.5762426048008024
2023,경상북도,김천시,0.025472795973031,1,-0.10404908019929153,-1.0472698626378463,0.7311373456691727,-0.5245573359935162,-0.23618473329037032,-0.5586254262768846
2016,경상북도,문경시,9.999500033330834e-05,1,0.38938453583463983,-0.8678276272472554,-2.646277011980543,-0.9820737090936061,-1.0266984531216912,-0.4868389335020739
2017,경상북도,문경시,0.0,0,0.39369279581485467,0.33872896381676304,-0.22773598057603342,-0.9614540056785981,-0.11419205665575344,-0.07634408201566012
2018,경상북도,문경시,0.0,0,0.39910795898820767,-0.496561499755624,0.1146776179718564,-0.9514836437185201,-0.23356489162852,-0.34964572816197886
2019,경상북도,문경시,0.0,0,0.39910795898820767,-0.5221905628948289,0.662093116707863,-0.9467791146242366,-0.10194215045574873,-0.3566205728436193
2020,경상북도,문경시,0.0,0,0.4246839485367908,-0.4778387163721096,0.6912197662605591,-0.9054980260055436,-0.06685825689507582,-0.3195509312802875
2021,경상북도,문경시,0.0,0,0.4246839485367908,-0.3687933358008172,0.6619774963281565,-0.8969322249717373,-0.044766028976901795,-0.2803472040785879
2022,경상북도,문경시,9.999500033330834e-05,1,0.4246839485367908,-0.6671043763858169,0.7039822447798998,-0.8879223945305417,-0.10659014439991699,-0.37678094079318925
2023,경상북도,문경시,9.999500033330834e-05,1,0.4246839485367908,-0.14149175926079244,0.7311373456691727,-0.8665280594377618,0.036950368876852324,-0.19444529005392117
2016,경상북도,봉화군,9.999500033330834e-05,1,2.233488131453298,-1.7145319327155546,-2.4833593343306957,0.11745407165112941,-0.4617372659854557,0.21213675679629093
2017,경상북도,봉화군,0.0,0,2.2387669466671642,-1.7133977875657727,-0.12259448653729546,0.012160113611719134,0.10373369654395383,0.17917642423770355
2018,경상북도,봉화군,0.0,0,2.241144782859376,-1.5853650050135677,-0.17482036218189145,0.018055612886767235,0.12475375713767096,0.22461179691085845
2019,경상북도,봉화군,0.0,0,2.241144782859376,-1.4675762249250548,-2.0649226370251994,-0.005201571806087754,-0.32413891272424156,0.2561223287094111
2020,경상북도,봉화군,0.0,0,2.2673174454040734,-2.0695924671882397,-1.8317633836789373,0.04825136407036422,-0.3964467603481849,0.0819921140953993
2021,경상북도,봉화군,0.0,0,2.2673174454040734,-2.1404621129382284,-1.9546814299308988,0.067120655337608,-0.44017636053186143,0.06465866260115101
2022,경상북도,봉화군,0.0,0,2.2673174454040734,-1.5168302574960837,-1.8462107586077035,0.08700730959526046,-0.25217906527611333,0.2791648325010834
2023,경상북도,봉화군,0.0,0,2.2673174454040734,-1.1861911588278449,-1.8815340449039069,0.06440100796333144,-0.1840016875910867,0.3818424315131867
2016,경상북도,상주시,0.0201947072855192,1,0.13290791862710588,0.009904261635119427,-1.373070342141328,-0.5590329678557027,-0.4473227824337013,-0.13874026253115912
2017,경상북도,상주시,0.0105442138756711,1,0.1370811944753385,0.0452723766666691,-0.19128541598469836,-0.5883444687326279,-0.14931907839382966,-0.13533029919687342
2018,경상북도,상주시,0.0029955089797984,1,0.1429187869261611,-0.04863073077201201,0.6578713880181923,-0.5724929785234334,0.04491661641222702,-0.15940164078976143
2019,경상북도,상주시,0.0030952049073024,1,0.1429187869261611,-0.25344321236987244,0.662093116707863,-0.6252181678677303,-0.01841236915089467,-0.2452475311038139
2020,경상북도,상주시,0.0036931718376175,1,0.17283042012620128,-0.2574428038088438,0.6912197662605591,-0.6066623753682201,-1.3748197575880194e-05,-0.2304249196836209
2021,경상북도,상주시,0.0094551587707551,1,0.17283042012620128,-0.25261044487019935,0.6619774963281565,-0.5997543061217819,-0.004389208634405867,-0.22651144362192666
2022,경상북도,상주시,0.0093560949240249,1,0.17283042012620128,-0.3636358019754205,0.7039822447798998,-0.5933727279710118,-0.020048966260082818,-0.26139270327341035
2023,경상북도,상주시,0.0152826235311569,1,0.17283042012620128,-0.06735662849349788,0.7311373456691727,-0.5717558474301008,0.06621382246794383,-0.1554273519324658
2016,경상북도,성주군,0.1578580846155803,1,0.6783374994205176,0.025083944213360757,-1.373070342141328,0.0295681371239964,-0.1600201903458633,0.24432986025262493
2017,경상북도,성주군,0.062880898039201,1,0.6827978358956504,-0.5425758157643281,-2.143961148641062,-0.03484881707736629,-0.5096469863967766,0.035124401017985314
2018,경상북도,성주군,0.0386436235922044,1,0.6877370796929633,0.15256626356560057,0.6578713880181923,-0.0038355986413245325,0.3735847831588579,0.27882258153907974
2019,경상북도,성주군,0.0591176044830888,1,0.6877370796929633,0.19691924863444493,-1.194739501530758,-0.10821665495417082,-0.10457495703938015,0.25881322445774585
2020,경상북도,성주군,0.0485044090596149,1,0.7156860766236248,-0.08620697144358963,-0.9788107206822421,-0.10827657672926322,-0.11440204805786751,0.17373417615025732
2021,경상북도,성주군,0.0429636994321156,1,0.7156860766236248,-0.19564836865792645,-1.2144108785381271,-0.1300356861468405,-0.2061022141798173,0.1300006739396193
2022,경상북도,성주군,0.0773313429363234,1,0.7156860766236248,-0.290156377904599,-1.1240253952832302,-0.2175251725466909,-0.22900521727772383,0.06933484205744496
2023,경상북도,성주군,0.1215094173971972,1,0.7156860766236248,0.2803222161261141,-1.145251029197111,-0.1960262529129796,-0.08631724734008792,0.26666067994558645
2016,경상북도,안동시,0.4878435473740665,1,2.062591645978951,-0.6514368670052696,0.3848114650468531,-0.0008610766384426378,0.4487762918455229,0.4700979007784129
2017,경상북도,안동시,0.3741120304501421,1,2.0677805180471154,-0.2696092278997623,-0.2730225006116842,-0.08111282668728001,0.3610089907120972,0.5723528211533576
2018,경상북도,안동시,0.1875578235892009,1,2.0704398289393096,-0.8895589614172876,-0.29158076935894295,-0.19442288636677166,0.17371930294907684,0.3288193270517501
2019,경상북도,안동시,0.192601866201511,1,2.0704398289393096,-0.7972890864652362,-0.29683371154282034,-0.1909408254940377,0.19634405135930383,0.36073663899334524
2020,경상북도,안동시,0.1710920748424058,1,2.218912085976935,-1.0861524832950042,-0.17764661549772903,-0.22649862393921522,0.1821535908112466,0.30208699291423846
2021,경상북도,안동시,0.1649210421137872,1,2.218912085976935,-0.9898532209944156,-0.013808278457832696,-0.22957067241868212,0.2464199785265011,0.33316273085461234
2022,경상북도,안동시,0.1516045841318941,1,2.218912085976935,-0.9157471061378084,0.7039822447798998,-0.29366825362628884,0.42836974274818435,0.3364989087376125
2023,경상북도,안동시,0.3886579897917831,1,2.218912085976935,-0.5987318426519657,0.13435052525660846,-0.2722564673906706,0.37056857529772674,0.4493079253114329
2016,경상북도,영덕군,0.047646653467353,1,1.6913399488806997,-0.6413045221086011,0.3848114650468531,0.6047963123255964,0.5099108010361371,0.5516105796992317
2017,경상북도,영덕군,0.0150856374180408,1,1.6963334304737967,-0.3518481579775022,-0.07100956577142614,0.6161251383333539,0.47240021126455556,0.6535368036098829
2018,경상북도,영덕군,0.0134096869099176,1,1.6996042106994225,-0.2756921635157358,-0.2152551431787793,0.3978503947175215,0.4016268246806073,0.6072541473004027
2019,경상북도,영덕군,0.0122249696225689,1,1.6996042106994225,0.5768439765156981,-0.22154106178606675,0.39249883225012094,0.6118514894197937,0.8896490064884138
2020,경상북도,영덕군,0.0056838164682976,1,1.8913367851000795,-0.9412945306506225,-0.13697128008129078,0.44496802343608743,0.3145097494510634,0.4650034259618481
2021,경상북도,영덕군,0.017348638334613,1,1.8913367851000795,-0.4955164678063481,-0.15432025771607705,0.4245924176695737,0.41652311931180697,0.6068042449877683
2022,경상북도,영덕군,0.0281986543586787,1,1.8913367851000795,-0.8227014835149484,0.7039822447798998,0.44401405406015804,0.5541579001062973,0.504216451881763
2023,경상북도,영덕군,0.0362354925820954,1,1.8913367851000795,-1.2915678409733244,0.7311373456691727,0.46538190001006663,0.44907204745149865,0.3550502813789406
2016,경상북도,영양군,0.0,0,1.8817665568847137,-0.6413045221086011,-0.7512362032516773,-0.03432343924673151,0.11372559806942595,0.4020461985097937
2017,경상북도,영양군,0.0,0,1.8868602603641862,-0.3518481579775022,-0.15070355224213614,-0.017057529576284175,0.34181275514206594,0.5059848576034666
2018,경상북도,영양군,0.0,0,1.8898173988422486,-0.2756921635157358,0.6578713880181923,-0.1392217960589902,0.5331937068214287,0.4916344797558409
2019,경상북도,영양군,0.0,0,1.8898173988422486,0.5768439765156981,0.662093116707863,-0.18544750422211093,0.7358267469609246,0.7604046237119452
2020,경상북도,영양군,0.0,0,1.9108002571418685,-0.9412945306506225,0.6912197662605591,-0.13224866108059458,0.38211920791780263,0.27908568847021714
2021,경상북도,영양군,0.0,0,1.9108002571418685,-0.4955164678063481,0.6619774963281565,-0.11520035408198369,0.49051523289542326,0.43336114508451223
2022,경상북도,영양군,0.0,0,1.9108002571418685,-0.8227014835149484,0.7039822447798998,-0.09542821215182223,0.4241632015637494,0.330890187158366
2023,경상북도,영양군,0.0,0,1.9108002571418685,-1.2915678409733244,0.7311373456691727,-0.07465555303139759,0.3189285522015798,0.18152562104571549
2016,경상북도,영주시,0.0106431600984798,1,0.9230074137049301,-0.7136120341448753,0.3848114650468531,-0.9611614530796222,-0.09173865211817855,-0.2505886911731891
2017,경상북도,영주시,0.00129915573162,1,0.927596520421816,-0.5792363723603886,-0.15386448419626983,-0.9560040216036279,-0.1903770894346176,-0.20254795784740018
2018,경상북도,영주시,0.000499875041651,1,0.9321327811470851,-0.3706030777784495,0.6578713880181923,-0.964536987448322,0.06371602598462647,-0.13433576135989544
2019,경상북도,영주시,0.0003999200213269,1,0.9321327811470851,-1.0029738336670957,0.662093116707863,-0.9547952061335429,-0.09088578548642262,-0.3418787528845178
2020,경상북도,영주시,0.0002999550089979,1,0.9732498753024398,-1.0982258595512429,0.6912197662605591,-0.7253313008635719,-0.039771879712953956,-0.283435761704125
2021,경상북도,영주시,0.0030952049073024,1,0.9732498753024398,-0.6487368624416644,0.6619774963281565,-0.7014538119438861,0.07125917431126144,-0.12564693302770358
2022,경상북도,영주시,0.0120273802127184,1,0.9732498753024398,-0.8973252119306683,0.7039822447798998,-0.732118815168382,0.011947023245822336,-0.21873138393220348
2023,경상북도,영주시,0.0080673710777587,1,0.9732498753024398,-0.12984403489000906,0.7311373456691727,-0.7251253006975291,0.21235447134601854,0.03942684657163387
2016,경상북도,영천시,0.0117309228756986,1,1.166390091388252,-0.18918087399352615,-2.4446207800213764,0.11364116315424266,-0.338442599868102,0.3636167935163228
2017,경상북도,영천시,0.000499875041651,1,1.171107290871817,-0.5663951879739831,-2.076545355085633,0.08595039282456989,-0.3464707148408073,0.2302208319074679
2018,경상북도,영천시,0.001199280575482,1,1.1752426886654013,-0.6089424523886539,-2.2058789745661262,0.052019783749974915,-0.39688973863485094,0.20610667334224078
2019,경상북도,영천시,0.0021975835434872,1,1.1752426886654013,-0.04398017011829733,-2.0557775979502715,0.07044816403565267,-0.21351672884187872,0.40057022752758553
2020,경상북도,영천시,0.0028958031120255,1,1.2141261743619118,-0.9836558728312894,-1.9091514156327485,0.12411767017220118,-0.38864086098248124,0.11819599056760788
2021,경상북도,영천시,0.004191204618468,1,1.2141261743619118,-0.6593403273939846,-2.1150382004209223,0.1436398422502676,-0.35415312780068187,0.2328085630727316
2022,경상북도,영천시,0.0084640784121294,1,1.2141261743619118,-0.9021442060356185,-2.0385547749445276,0.11211738168177307,-0.40361385623411533,0.1413664500026888
2023,경상북도,영천시,0.0088606284321965,1,1.2141261743619118,-0.9460393305353252,-2.1042865335867766,-0.030691517491899294,-0.46672280181302234,0.07913177544489579
2016,경상북도,예천군,0.0007996801705643,1,0.3794137277360254,-0.8678276272472554,-0.8589227181834087,-0.77542124558944,-0.5306894658210197,-0.4212783817002233
2017,경상북도,예천군,0.0,0,0.38371674006095297,0.33872896381676304,-0.1950797307316051,-0.800385304674733,-0.06825483288215553,-0.025979866932339002
2018,경상북도,예천군,0.0,0,0.3891483256329899,-0.496561499755624,0.6578713880181923,-0.8371323333944987,-0.0716685298747351,-0.3148485025057109
2019,경상북도,예천군,0.0,0,0.3891483256329899,-0.5221905628948289,-1.9944073164464342,-0.8102585557726198,-0.7344270273702234,-0.31443359767815293
2020,경상북도,예천군,0.0,0,0.415406078729452,-0.4778387163721096,-1.8193580301894312,-0.7716723463704528,-0.6633657535506354,-0.2780349946710368
2021,경상북도,예천군,0.0001999800026662,1,0.415406078729452,-0.3687933358008172,-2.1391902155201303,-0.7480782890875933,-0.7101639404197723,-0.23382184871965284
2022,경상북도,예천군,0.000899595242836,1,0.415406078729452,-0.6671043763858169,-2.0159969270302343,-0.7255288709572963,-0.7483060239109738,-0.3257423895378871
2023,경상북도,예천군,0.0005998200719676,1,0.415406078729452,-0.14149175926079244,-2.036966441717434,-0.7040506818531952,-0.6167757010254924,-0.14337878746151186
2016,경상북도,울릉군,0.0,0,-0.4993890305005836,0.2656969433005306,0.3848114650468531,-0.4760827214479278,-0.08124083590028192,-0.23659160288266023
2017,경상북도,울릉군,0.0,0,-0.49554853374060576,-0.23032043543950598,0.7093639704500472,-0.44988138042553427,-0.1165965947888997,-0.391916783201882
2018,경상북도,울릉군,0.0,0,-0.4886695179184273,-0.2957414269757485,0.6578713880181923,-0.4196190853210611,-0.13653966054926114,-0.401343343405079
2019,경상북도,울릉군,0.0,0,-0.4886695179184273,-0.2724915469176319,0.662093116707863,-0.32407726221363986,-0.10578630258545901,-0.36174610901656634
2020,경상북도,울릉군,0.0,0,-0.455024878644827,-0.8905553518180744,-0.9788107206822421,1.7012873001992759,-0.15577591273646685,0.11856902324545815
2021,경상북도,울릉군,0.0,0,-0.455024878644827,-0.05086110358930551,0.6619774963281565,1.7256209558498083,0.4704281174859581,0.40657832453855863
2022,경상북도,울릉군,0.0,0,-0.455024878644827,-0.4508131450079698,-1.1240253952832302,1.7437193879511677,-0.07153600774621482,0.279293788099457
2023,경상북도,울릉군,0.0,0,-0.455024878644827,-0.547524759603546,0.7311373456691727,1.6600717905786053,0.34716487449985123,0.21917405077674412
2016,경상북도,울진군,0.0,0,2.7370825227112534,-1.0719239497475501,0.3848114650468531,0.5353805137835105,0.6463376379485167,0.733513028915738
2017,경상북도,울진군,0.0,0,2.7426263806121107,-0.9717924694321356,0.7093639704500472,0.5486002647194083,0.7571995365873576,0.7731447252997944
2018,경상북도,울진군,0.0,0,2.7441747727124866,-0.6216815344562753,0.6578713880181923,0.5716400577721673,0.8380011710116427,0.8980444320094595
2019,경상북도,울진군,0.0,0,2.7441747727124866,0.28465907782698296,0.662093116707863,0.6733276570910198,1.091063656084588,1.2340538358768298
2020,경상북도,울진군,0.0,0,2.7970743118777124,-1.1611800151711753,-0.20589326232956595,0.5864273428548641,0.5041070943079589,0.7407738798538004
2021,경상북도,울진군,0.0,0,2.7970743118777124,-0.8429435460692094,-0.19933276517930826,0.49232016151144625,0.5617795405351602,0.8154836424399831
2022,경상북도,울진군,0.0,0,2.7970743118777124,-0.6822486481855721,-0.13168489677378392,0.22378686922256347,0.5517319090352298,0.7795375109715678
2023,경상북도,울진군,0.0,0,2.7970743118777124,-1.2022329897007553,-0.06524743665807914,0.06556014879252475,0.3987885085778507,0.5534671569898273
2016,경상북도,의성군,0.0124225199985571,1,1.733438916408183,-0.6065453991379981,-0.748370595290333,0.1785973598988625,0.13928007046967858,0.4351636257230158
2017,경상북도,의성군,0.0005998200719676,1,1.7384545547680486,-1.082385283191287,-0.21106494566489462,0.19687476123382486,0.16046977178642294,0.2843146776035288
2018,경상북도,의성군,0.0005998200719676,1,1.7416559959770088,-0.8721172843386571,-0.1502251450745214,0.2243871370390737,0.23592517590072604,0.3646419495591418
2019,경상북도,의성군,0.0005998200719676,1,1.7416559959770088,-0.5995599000312438,0.662093116707863,0.2227665936321424,0.5067389515714427,0.4549542298593025
2020,경상북도,의성군,0.0051865266873,1,1.7737643257326783,-1.238685543597406,0.6912197662605591,0.27276949232327546,0.3747670101797767,0.26928275815284924
2021,경상북도,의성군,0.0058826631581554,1,1.7737643257326783,-0.9611469397522523,0.6619774963281565,0.1480506739206617,0.40566138905731103,0.3202226866336959
2022,경상북도,의성군,0.0069756137364252,1,1.7737643257326783,-1.0230751911856424,0.7039822447798998,0.10992263864663189,0.3911485044933919,0.2868705910645559
2023,경상북도,의성군,0.0093560949240249,1,1.7737643257326783,-0.5114850727404374,0.7311373456691727,0.07951398710052929,0.5182326464404857,0.4472644133642567
2016,경상북도,청도군,0.1481613509805205,1,1.2485411092250898,0.8915106657674152,0.3848114650468531,0.03464383952495261,0.6398767698910777,0.7248985381724858
2017,경상북도,청도군,0.0330478540462003,1,1.2533015449457623,-0.5399000923524083,-2.116425164617194,-0.023534913770107437,-0.3566396564484869,0.22995551294108219
2018,경상북도,청도군,0.0595887914116575,1,1.2573016360767508,0.10176653504595201,-2.3303653596353855,-0.05615841193065764,-0.2568639001108351,0.434303253064015
2019,경상북도,청도군,0.0520230280671519,1,1.2573016360767508,0.3303518225788956,-2.1215445922303147,0.01621962227400226,-0.1294178778251665,0.5346243603098829
2020,경상북도,청도군,0.0685927914656117,1,1.2854887201723972,-0.09420765950740406,-1.894820836502415,0.01059020652786892,-0.17323739232738827,0.400623755730954
2021,경상북도,청도군,0.055623903747997,1,1.2854887201723972,0.3572498460749226,-2.0687047997181915,0.02984480493643798,-0.09903035713360846,0.5575277903945859
2022,경상북도,청도군,0.0314017631395316,1,1.2854887201723972,0.05520528371850164,-1.9852096011847846,0.04990118950049463,-0.1486536019483478,0.4635317311304645
2023,경상북도,청도군,0.113864256149047,1,1.2854887201723972,0.6899146807128533,-2.0719590754901693,0.06754564719231365,-0.007252506853151278,0.6809830160258548
2016,경상북도,청송군,0.0,0,1.5232289590021564,-1.3107504755979487,-0.770508711066983,0.27942861275015995,-0.06965040372815384,0.16396903205145588
2017,경상북도,청송군,0.0,0,1.5281339634611877,-1.312077393681688,-0.12464503602418311,0.29409089880349776,0.09637560813970356,0.17004915619433247
2018,경상북도,청송군,0.0,0,1.5316816305420842,-1.5202732137810808,0.6578713880181923,0.21480032537627103,0.22102003253886668,0.07540291404575812
2019,경상북도,청송군,0.0,0,1.5316816305420842,-1.2207057908412573,0.662093116707863,0.2100453380220795,0.29577857360769233,0.17367372590763544
2020,경상북도,청송군,0.0,0,1.5615660383530006,-1.406195854769225,0.6912197662605591,0.2652321410738635,0.27795552272954954,0.14020077488587968
2021,경상북도,청송군,0.0,0,1.5615660383530006,-1.3248515082142154,0.6619774963281565,0.2824975446036603,0.2952973927676505,0.17307069158081514
2022,경상북도,청송군,0.0,0,1.5615660383530006,-1.4184262690775638,0.7039822447798998,0.2263178482035278,0.2683599655647161,0.12315253915965486
2023,경상북도,청송군,0.0,0,1.5615660383530006,-1.100428626318752,0.7311373456691727,0.2370465877870209,0.3573303363726105,0.23272799994042317
2016,경상북도,칠곡군,0.1348804821938181,1,0.7458224609006636,0.025083944213360757,-1.373070342141328,0.6100805187559576,0.001979145432163515,0.4603289746233273
2017,경상북도,칠곡군,0.0251802985302982,1,0.7503183148395185,-0.5425758157643281,-2.0427142614491265,0.5965798111099104,-0.30959798781600645,0.26810743672836695
2018,경상북도,칠곡군,0.0188217542405877,1,0.7551464076717708,0.15256626356560057,-1.88731270065007,0.6199594593364738,-0.08991014251905624,0.509224043524615
2019,경상북도,칠곡군,0.0560021901152847,1,0.7551464076717708,0.19691924863444493,-2.171644359245531,0.567450897673424,-0.16303195131647275,0.5065055179932133
2020,경상북도,칠곡군,0.0448777587780854,1,0.7974453252330052,-0.08620697144358963,-1.98305494044236,0.6309847412386881,-0.1602079613535641,0.4474076983427013
2021,경상북도,칠곡군,0.0542040540135121,1,0.7974453252330052,-0.19564836865792645,-2.1176929300242686,0.6504118676942037,-0.21637102643874656,0.41740294142309414
2022,경상북도,칠곡군,0.0540145883062382,1,0.7974453252330052,-0.290156377904599,-2.0695679836178322,0.7008756814472852,-0.21535083871053523,0.40272154292523044
2023,경상북도,칠곡군,0.1035488756285588,1,0.7974453252330052,0.2803222161261141,-2.0708886022222104,0.7223403278899156,-0.06769518324329388,0.600035956416345
2016,경상북도,포항시,0.7411751495705269,1,0.6192828825655494,0.7154857811355786,-1.373070342141328,0.6518628240422866,0.15339028640052166,0.6622104959144716
2017,경상북도,포항시,0.7971467705784301,1,0.6237121384833881,-0.2610055894920619,-0.41250272367049434,0.5251528679579561,0.11883917331969701,0.2959531389830941
2018,경상북도,포항시,0.5162309884245414,1,0.628748648064229,0.20625258320301126,0.6578713880181923,0.4444950096022471,0.48434190722191994,0.4264987469564958
2019,경상북도,포항시,0.2752804897340374,1,0.628748648064229,1.114926854780491,0.662093116707863,0.4390837040853006,0.7112130809094708,0.7275864023100068
2020,경상북도,포항시,0.229205142692805,1,0.6838943316182734,-0.09062669867810114,0.6912197662605591,0.5066343049909641,0.4477804260479239,0.3666339793103788
2021,경상북도,포항시,0.1663615372152252,1,0.6838943316182734,0.6801802962390169,0.6619774963281565,0.5263006806187335,0.638088201201045,0.6301251028253412
2022,경상북도,포항시,0.1965531390406789,1,0.6838943316182734,0.37442840975109243,0.7039822447798998,0.5499318331733288,0.5780592048306487,0.5360848581808982
2023,경상북도,포항시,0.6042066712632979,1,0.6838943316182734,-0.47631920336859257,0.7311373456691727,0.49635926407761033,0.3587679344991159,0.2346447974424304
2016,광주광역시,광산구,0.0314986670593709,1,-0.22991343384596744,0.9724727406066844,0.3848114650468531,-0.15993015972542743,0.24186015302053565,0.19420971567842985
2017,광주광역시,광산구,0.0007996801705643,1,-0.22593111156637363,0.5176313860888527,-0.23263791021927296,-0.1446174564371004,-0.021388773033473564,0.04902760602845957
2018,광주광역시,광산구,0.0,0,-0.21949593496365263,0.8236254012463917,-0.20829055026730398,-0.2185464477103793,0.04432311707626396,0.12852767285745328
2019,광주광역시,광산구,0.0001999800026662,1,-0.21949593496365263,0.40344661627798994,-0.16905200341624121,-0.2408325169538087,-0.05648345976392815,-0.018960611879823796
2020,광주광역시,광산구,0.001598721363697,1,-0.16490937292865998,1.2333226147249061,-0.1715693549216188,-0.35263755733669966,0.13605158238448192,0.23859189481984885
2021,광주광역시,광산구,0.0121261797978405,1,-0.16490937292865998,0.7194134476124591,-0.2516295583064497,-0.33215120922311925,-0.007319173211442473,0.07411762182022659
2022,광주광역시,광산구,0.0337248694016208,1,-0.16490937292865998,0.14872087742205775,-0.3571665207109713,-0.31108643635690963,-0.1711103631436208,-0.10909164395450395
2023,광주광역시,광산구,0.0239118200463128,1,-0.16490937292865998,1.295129573008317,-0.4121033709824643,-0.28845536378913517,0.1074153663270144,0.2805882787635073
2016,광주광역시,남구,0.001199280575482,1,-0.6516205852591116,0.9724727406066844,0.3848114650468531,0.36663025935646604,0.268073469937723,0.22916080490134627
2017,광주광역시,남구,0.0001999800026662,1,-0.6478602082562607,0.5176313860888527,0.7093639704500472,0.3770626089398204,0.2390494393056149,0.08227792892413749
2018,광주광역시,남구,0.0,0,-0.640730459769308,0.8236254012463917,0.6578713880181923,0.40496752935627395,0.3114334647128875,0.1959541569444526
2019,광주광역시,남구,0.0,0,-0.640730459769308,0.40344661627798994,0.662093116707863,0.2797767311970568,0.17614650110340044,0.014164295901912927
2020,광주광역시,남구,0.00129915573162,1,-0.612315909212473,1.2333226147249061,0.6912197662605591,0.27816641468014525,0.39759822161328434,0.2997243733975261
2021,광주광역시,남구,0.0002999550089979,1,-0.612315909212473,0.7194134476124591,-0.3614203508371894,0.30067270567452664,0.011587473309330826,0.13592341469150424
2022,광주광역시,남구,0.0001999800026662,1,-0.612315909212473,0.14872087742205775,-0.15308403641342072,0.32103857088421694,-0.07391012432990476,-0.04751882030206611
2023,광주광역시,남구,0.000899595242836,1,-0.612315909212473,1.295129573008317,-0.08087716947234078,0.34278203773371063,0.23617963301430345,0.34186523384318485
2016,광주광역시,동구,0.0,0,0.302253389508335,0.9724727406066844,0.3848114650468531,0.6460300379634291,0.5763919082813254,0.6402520560261494
2017,광주광역시,동구,0.0,0,0.30651579220033576,0.5176313860888527,0.7093639704500472,0.3244925983205281,0.464500936764941,0.38287992553657224
2018,광주광역시,동구,0.0,0,0.31207446454652665,0.8236254012463917,0.6578713880181923,0.35202915096347187,0.5364001011936457,0.4959096722521301
2019,광주광역시,동구,0.0,0,0.31207446454652665,0.40344661627798994,0.662093116707863,0.4328470117976061,0.45261530233249647,0.38278936420737425
2020,광주광역시,동구,0.0,0,0.34011706242029754,1.2333226147249061,0.6912197662605591,0.4747531159038725,0.6848531398274088,0.6827309310163588
2021,광주광역시,동구,0.0,0,0.34011706242029754,0.7194134476124591,0.6619774963281565,0.4939659157667806,0.5538684805319234,0.5178321419331791
2022,광주광역시,동구,0.0,0,0.34011706242029754,0.14872087742205775,0.7039822447798998,0.5131213805187085,0.4264853912852409,0.33398644012035456
2023,광주광역시,동구,0.0,0,0.34011706242029754,1.295129573008317,0.7311373456691727,0.5344345810894877,0.7252046405468188,0.7232270721727008
2016,광주광역시,북구,0.0,0,-0.26199938879611184,0.9724727406066844,0.3848114650468531,-0.8660096700853156,0.05731878669302751,-0.05184543942491434
2017,광주광역시,북구,0.0,0,-0.25803395341570173,0.5176313860888527,0.7093639704500472,-0.8408289404112299,0.03203311567799205,-0.19374383591269298
2018,광주광역시,북구,0.0,0,-0.2515459297077979,0.8236254012463917,0.6578713880181923,-0.7963179516843684,0.10840822696810448,-0.07474616004859151
2019,광주광역시,북구,0.0,0,-0.2515459297077979,0.40344661627798994,0.662093116707863,-0.8235615518368589,-0.002391937139700956,-0.22388695508888892
2020,광주광역시,북구,0.0,0,-0.231627706321365,1.2333226147249061,0.6912197662605591,-0.767915444464676,0.23124980754985605,0.07792648797962172
2021,광주광역시,북구,0.0,0,-0.231627706321365,0.7194134476124591,0.6619774963281565,-0.7513903320423981,0.09959322639421311,-0.08786819691710135
2022,광주광역시,북구,0.0,0,-0.231627706321365,0.14872087742205775,0.7039822447798998,-0.7305312500642126,-0.02736395854590501,-0.2711460263211733
2023,광주광역시,북구,0.0,0,-0.231627706321365,1.295129573008317,0.7311373456691727,-0.7852373454627812,0.2523504667233359,0.09275484040805693
2016,광주광역시,서구,0.0036931718376175,1,-1.1230657148488363,0.9724727406066844,0.3848114650468531,-0.5585038572564858,-0.08107134161294614,-0.23636561049954588
2017,광주광역시,서구,0.0010993954433009,1,-1.1195534603153463,0.5176313860888527,-0.5178025695936583,-0.536996730580422,-0.4141803436001435,-0.3796396016023052
2018,광주광역시,서구,0.0003999200213269,1,-1.1116472191109386,0.8236254012463917,-0.48793606304393095,-0.501895468857632,-0.31946333744152744,-0.26330576224072627
2019,광주광역시,서구,0.0,0,-1.1116472191109386,0.40344661627798994,-0.4261853280270075,-0.4354157171112479,-0.392450411992801,-0.38120543998139883
2020,광주광역시,서구,0.0037927982386962,1,-1.0838406849840778,1.2333226147249061,-0.32099377188610034,-0.5840480471148619,-0.1888899723150335,-0.1448553724580112
2021,광주광역시,서구,0.0010993954433009,1,-1.0838406849840778,0.7194134476124591,-0.5026916432504728,-0.5565027028164604,-0.355905395859638,-0.3069766467293597
2022,광주광역시,서구,0.0003999200213269,1,-1.0838406849840778,0.14872087742205775,-0.2734685492077853,-0.5354447077818256,-0.4360082661379078,-0.49018817178128193
2023,광주광역시,서구,0.0027960873020012,1,-1.0838406849840778,1.295129573008317,-0.19751817151884865,-0.5145659896968577,-0.1251988182978668,-0.10109236722420618
2016,대구광역시,남구,0.0003999200213269,1,0.34040623827509664,0.28369795657993846,0.3848114650468531,0.40942416146834154,0.35458495534255746,0.3445094521077922
2017,대구광역시,남구,0.0,0,0.34468872088404845,-0.2540380832404078,0.7093639704500472,0.4219520572211272,0.3054916663287038,0.17086756495492264
2018,대구광역시,남구,0.0,0,0.3501845536602488,0.17073836868159176,0.6578713880181923,0.4475970609968089,0.40659784283921047,0.3228399944462165
2019,대구광역시,남구,0.0,0,0.3501845536602488,0.30393296176026,0.662093116707863,0.5370569921974567,0.46331690608145715,0.3970581692059885
2020,대구광역시,남구,0.0,0,0.3688689592976475,-0.10446244035115859,0.6912197662605591,-0.3238679852242468,0.15793957499570033,-0.01982048875925263
2021,대구광역시,남구,0.0005998200719676,1,0.3688689592976475,-0.2801690626482248,0.6619774963281565,-0.31425258285485036,0.1091062025306822,-0.07518422873514254
2022,대구광역시,남구,0.0,0,0.3688689592976475,-0.14221705433926246,0.7039822447798998,-0.29599354298396546,0.15866015168857983,-0.023113879341860138
2023,대구광역시,남구,0.0002999550089979,1,0.3688689592976475,-0.1487134062577553,0.7311373456691727,-0.27641436426694765,0.1687196336105293,-0.01875293707568515
2016,대구광역시,달서구,0.055150844464848,1,-0.0032120763784229656,0.28369795657993846,0.3848114650468531,0.6179827523893483,0.32082002440942925,0.29948954419695456
2017,대구광역시,달서구,0.0034938892542557,1,0.0008895592572581412,-0.2540380832404078,-0.3851059648280668,0.6204174450602512,-0.004459260937741322,0.1224229736923672
2018,대구광역시,달서구,0.0069756137364252,1,0.006951347861965671,0.17073836868159176,-0.46009181833819807,0.6395261147276328,0.08928100323324803,0.2724052770903967
2019,대구광역시,달서구,0.004489905272852,1,0.006951347861965671,0.30393296176026,-0.4391286157204638,0.7370302903340533,0.1521964960589538,0.349304866652093
2020,대구광역시,달서구,0.0047885167317971,1,0.0013639866561024423,-0.10446244035115859,-0.2907316929207095,-0.04496070116626183,-0.10969771194550687,-0.04935305162043933
2021,대구광역시,달서구,0.0268366539535596,1,0.0013639866561024423,-0.2801690626482248,-0.41590699196290903,-0.0357665201975087,-0.18261964703813502,-0.10485719872987702
2022,대구광역시,달서구,0.0431552703139276,1,0.0013639866561024423,-0.14221705433926246,-0.31806167473269387,-0.006543768121081928,-0.11636462763423396,-0.04913227860141398
2023,대구광역시,달서구,0.0419094030772096,1,0.0013639866561024423,-0.1487134062577553,-0.33714908909803226,0.013087731086435572,-0.11785269440331239,-0.0447538961717391
2016,대구광역시,달성군,0.2107470309776584,1,1.003807888222591,0.28369795657993846,0.3848114650468531,0.6928092503803828,0.5912816400574413,0.6601050317276375
2017,대구광역시,달성군,0.0697126124113003,1,1.008439520383064,-0.2540380832404078,-0.29573261678105267,0.6908659618861107,0.28738369556192855,0.48175579967625565
2018,대구광역시,달성군,0.0684994164246923,1,1.0128426988552945,0.17073836868159176,-0.4769012227436233,0.7159653867127044,0.35566130787649186,0.6331821514165302
2019,대구광역시,달성군,0.0573250666192694,1,1.0128426988552945,0.30393296176026,-0.491668952409421,0.8326076789809679,0.41442859679677535,0.7164611131988408
2020,대구광역시,달성군,0.0465018336514197,1,1.0160294046871312,-0.10446244035115859,-0.43604187684631435,0.5446807618327496,0.25505146233060194,0.48541590872290746
2021,대구광역시,달성군,0.035463664275569,1,1.0160294046871312,-0.2801690626482248,-0.45572502542433,0.5577262172208173,0.20946538345884844,0.4311955197532413
2022,대구광역시,달성군,0.1612681475961222,1,1.0160294046871312,-0.14221705433926246,-0.4586223088949658,0.6111678697650939,0.2565894778044992,0.4949934067043209
2023,대구광역시,달성군,0.1631387373771806,1,1.0160294046871312,-0.1487134062577553,-0.4362522910037432,0.4338942372369172,0.21623948616563748,0.4337367452220977
2016,대구광역시,동구,0.0259601016695316,1,1.5426008147366075,0.28369795657993846,0.3848114650468531,-0.39296452744544724,0.454536427229488,0.47777808129036625
2017,대구광역시,동구,0.00129915573162,1,1.547516014640197,-0.2540380832404078,0.7093639704500472,-0.45969490622088505,0.3857867489072378,0.27792767505963467
2018,대구광역시,동구,0.00329456694943,1,1.5510317753465075,0.17073836868159176,0.6578713880181923,-0.42555685472992166,0.4885211693290925,0.4320710964327259
2019,대구광역시,동구,0.001199280575482,1,1.5510317753465075,0.30393296176026,0.662093116707863,-0.3559606411682113,0.5402743031616047,0.49966803197951876
2020,대구광역시,동구,0.0016985566355814,1,1.5369833776234312,-0.10446244035115859,0.6912197662605591,-0.4004425679705806,0.4308245338905628,0.34402612310056396
2021,대구광역시,동구,0.0014988761237358,1,1.5369833776234312,-0.2801690626482248,0.6619774963281565,-0.38328290046742886,0.38387722770898347,0.2911771381692592
2022,대구광역시,동구,0.0346912397899303,1,1.5369833776234312,-0.14221705433926246,0.7039822447798998,-0.17705197683549107,0.4804241478071443,0.4059047821495592
2023,대구광역시,동구,0.0197045832743354,1,1.5369833776234312,-0.1487134062577553,0.7311373456691727,-0.1560600165299604,0.490836825126222,0.41073665161190515
2016,대구광역시,북구,0.4546361521146138,1,1.225296992567685,0.28369795657993846,-1.080809341984383,-0.30998919736698616,0.029549102449063613,0.39966858392687915
2017,대구광역시,북구,0.2232235481143804,1,1.2300451948655027,-0.2540380832404078,-0.41041625735325993,-0.397617552695768,0.04199332539401675,0.19279651964310895
2018,대구광역시,북구,0.1220406259090246,1,1.2340835701703545,0.17073836868159176,-0.5103879709412094,-0.5872894410787606,0.07678613170799409,0.2725108325910619
2019,대구광역시,북구,0.1135965065825405,1,1.2340835701703545,0.30393296176026,-0.5173743729593298,-0.5304973105167344,0.12253621211363755,0.33583974047129334
2020,대구광역시,북구,0.119115480890162,1,1.2128173508623556,-0.10446244035115859,-0.42592908480547953,-0.470847582245489,0.0528945608650571,0.212502442755236
2021,대구광역시,북구,0.1389790272814509,1,1.2128173508623556,-0.2801690626482248,-0.39118052683862115,-0.5088116192320999,0.00816403553585246,0.141278889660677
2022,대구광역시,북구,0.308219723669329,1,1.2128173508623556,-0.14221705433926246,-0.32950436134534794,-0.24749368104076122,0.12340056353424603,0.274368871827444
2023,대구광역시,북구,0.3610254666759904,1,1.2128173508623556,-0.1487134062577553,-0.44552863805107135,-0.27737729605739453,0.08529950262403362,0.2622422161824019
2016,대구광역시,서구,0.0363319292473902,1,-1.2162215505130338,0.28369795657993846,0.3848114650468531,2.100859666972566,0.3882868845215809,0.3894453576798235
2017,대구광역시,서구,0.0221528046411333,1,-1.2127583240732278,-0.2540380832404078,-0.6419445535283596,2.085948981856933,-0.005697994746265644,0.20638419151443235
2018,대구광역시,서구,0.0199006617063361,1,-1.2046986507439732,0.17073836868159176,-0.6923120968211807,2.1037501110653576,0.09436943304544887,0.3565966096676587
2019,대구광역시,서구,0.0108410231778748,1,-1.2046986507439732,0.30393296176026,-0.5533316991216558,2.1750360559715087,0.1802346669665349,0.42475678899593183
2020,대구광역시,서구,0.0010993954433009,1,-1.1591930314625658,-0.10446244035115859,-0.4815788616938913,1.9217810935406152,0.04413669000824988,0.2193752072422969
2021,대구광역시,서구,0.0114343776256631,1,-1.1591930314625658,-0.2801690626482248,-0.5698307415173717,1.955905978570973,-0.013321714264297346,0.1721812948200608
2022,대구광역시,서구,0.0159717695096986,1,-1.1591930314625658,-0.14221705433926246,-0.5970648291851393,1.9760588258294909,0.01939597771063084,0.2248829133425542
2023,대구광역시,서구,0.0276151670329733,1,-1.1591930314625658,-0.1487134062577553,-0.4607128262124195,2.0001384697683524,0.057879801458902924,0.2307440106826771
2016,대구광역시,수성구,0.0013990209137073,1,0.09984070954662168,0.28369795657993846,0.3848114650468531,0.5594007138541871,0.3319377112569001,0.3143131266602491
2017,대구광역시,수성구,0.001998002662673,1,0.10399658205975343,-0.2540380832404078,-0.4236382802206671,0.5718768169179812,-0.0004507411208350687,0.14061177191244228
2018,대구광역시,수성구,0.001598721363697,1,0.10988863778832778,0.17073836868159176,-0.3964195954738405,0.5950667969237206,0.11981855197994991,0.2918979344645467
2019,대구광역시,수성구,0.000499875041651,1,0.10988863778832778,0.30393296176026,-0.3217281533726108,0.6947385974792184,0.19670801091379886,0.3695200656759354
2020,대구광역시,수성구,0.0,0,0.1370277643964027,-0.10446244035115859,-0.25002362618738455,0.49461573963006356,0.06928935937198077,0.17572702122510256
2021,대구광역시,수성구,9.999500033330834e-05,1,0.1370277643964027,-0.2801690626482248,-0.2411596118227644,0.5066691505809817,0.03059206012659882,0.12117595077638654
2022,대구광역시,수성구,0.0,0,0.1370277643964027,-0.14221705433926246,-0.13325763570668475,0.524179474067732,0.09643313710454687,0.1729967280416241
2023,대구광역시,수성구,0.0009995003330835,1,0.1370277643964027,-0.1487134062577553,-0.2336924385926566,0.5445359187828246,0.07478945958220384,0.177616758973824
2016,대전광역시,대덕구,0.0,0,-1.1995613325366188,0.27692490710557116,0.3848114650468531,0.26369296090060346,-0.06853299987089775,-0.21964782151014806
2017,대전광역시,대덕구,0.0,0,-1.19608933779237,0.5160025785029008,-0.30167653676271833,0.2717602606422026,-0.17750075885249625,-0.13610883288242223
2018,대전광역시,대덕구,0.0,0,-1.1880571046403872,0.6906757325517199,-0.2800636134503946,0.30312410324695105,-0.11858022057302772,-0.06475242294723875
2019,대전광역시,대덕구,0.0,0,-1.1880571046403872,0.06809132992648237,-0.23573086428749174,0.3602626454135769,-0.2488584983969549,-0.2532343764334426
2020,대전광역시,대덕구,0.0,0,-1.1618317885181229,0.28875321286406685,-0.23875529268746148,-0.23175897420712724,-0.3358982106371612,-0.3682791832870611
2021,대전광역시,대덕구,0.0,0,-1.1618317885181229,0.09461351099275939,-0.31725599305587904,-0.35123336636842317,-0.4339269092374165,-0.4728172146312623
2022,대전광역시,대덕구,0.0,0,-1.1618317885181229,0.25350062799478906,-0.18691866245018812,-0.3295742080528613,-0.35620600775659583,-0.41263512285873166
2023,대전광역시,대덕구,0.0,0,-1.1618317885181229,0.680696061949547,-0.13928540409667567,-0.3080335984255954,-0.23211368227271173,-0.26305644166472375
2016,대전광역시,동구,0.0,0,-0.8779737557771806,0.27692490710557116,0.3848114650468531,-0.3247151306855868,-0.13523812857758577,-0.30858799311906543
2017,대전광역시,동구,0.0,0,-0.8743325088789625,0.5160025785029008,-0.1188033778021074,-0.31096590576077904,-0.19702480348473705,-0.22309861204561363
2018,대전광역시,동구,0.0,0,-0.8668299458745853,0.6906757325517199,-0.060386344681714915,-0.32384123379143853,-0.14009544794900472,-0.1666651490381013
2019,대전광역시,동구,0.0,0,-0.8668299458745853,0.06809132992648237,-0.0813448265301582,-0.28203771712944586,-0.29053028990192675,-0.3602587776925163
2020,대전광역시,동구,0.0,0,-0.8543849264610569,0.28875321286406685,-0.037036961053821565,-0.41734634114599695,-0.25500375394920216,-0.32765935158099563
2021,대전광역시,동구,0.0,0,-0.8543849264610569,0.09461351099275939,-0.20104286277817657,-0.3919670355321204,-0.3381953284446486,-0.3839128170001393
2022,대전광역시,동구,0.0,0,-0.8543849264610569,0.25350062799478906,0.7039822447798998,-0.36954013242299977,-0.06661054652734197,-0.32347481029642255
2023,대전광역시,동구,0.0,0,-0.8543849264610569,0.680696061949547,0.7311373456691727,-0.3476048099883493,0.052460917792328365,-0.17376455816661973
2016,대전광역시,서구,0.0,0,-0.8344820404517959,0.27692490710557116,0.3848114650468531,-0.8081759486526453,-0.24523040423800424,-0.45524436066629
2017,대전광역시,서구,0.0,0,-0.8308179037809912,0.5160025785029008,-0.26667024919028737,-0.7873033446018755,-0.3421972297675633,-0.3673728899599886
2018,대전광역시,서구,0.0,0,-0.8233869737156353,0.6906757325517199,-0.31046759881939207,-0.7470297721705113,-0.29755215303845467,-0.2932470044448089
2019,대전광역시,서구,0.0,0,-0.8233869737156353,0.06809132992648237,-0.3142804387649124,-0.7048752310479773,-0.4436128284005107,-0.4867236249457101
2020,대전광역시,서구,0.0,0,-0.7984221668268023,0.28875321286406685,-0.06131520631787643,-0.6476638288728155,-0.30466199728835686,-0.38577759427851693
2021,대전광역시,서구,0.0,0,-0.7984221668268023,0.09461351099275939,-0.18550595305111361,-0.6243588074460649,-0.37841835408280533,-0.4427224877600359
2022,대전광역시,서구,0.0,0,-0.7984221668268023,0.25350062799478906,-0.0329298096663484,-0.6020149477431285,-0.2949665740603725,-0.3823121621917139
2023,대전광역시,서구,0.0,0,-0.7984221668268023,0.680696061949547,-0.031590700133209054,-0.580474606054915,-0.18244785276634484,-0.23273357031072342
2016,대전광역시,유성구,0.0006997551142733,1,-0.44891247394632827,0.27692490710557116,0.3848114650468531,-0.3359730001795974,-0.030787275493375357,-0.16932018900678483
2017,대전광역시,유성구,0.0,0,-0.4450454112785257,0.5160025785029008,0.7093639704500472,-0.3179315364576476,0.11559740030419366,-0.08232478974442418
2018,대전광역시,유성구,9.999500033330834e-05,1,-0.4382495327635471,0.6906757325517199,-0.31823092437376044,-0.30244747465214944,-0.09206304980943428,-0.016673758287992224
2019,대전광역시,유성구,0.0002999550089979,1,-0.4382495327635471,0.06809132992648237,-0.21752925201423806,-0.23765692959170812,-0.20633609611075274,-0.20260504414292427
2020,대전광역시,유성구,0.0,0,-0.7586297104290017,0.28875321286406685,-0.24260163768715293,0.0762128112081846,-0.1590663310109758,-0.13122122878558343
2021,대전광역시,유성구,0.0001999800026662,1,-0.7586297104290017,0.09461351099275939,-0.2895521477282547,0.12892524079516887,-0.20616077659233206,-0.17836365288035783
2022,대전광역시,유성구,0.0005998200719676,1,-0.7586297104290017,0.25350062799478906,-0.32727065616359663,0.1533967990411292,-0.16975073488917003,-0.11724409446436117
2023,대전광역시,유성구,0.0005998200719676,1,-0.7586297104290017,0.680696061949547,-0.375666236839027,0.17515278756694086,-0.06961177443788522,0.03240637969582871
2016,대전광역시,중구,0.0,0,-0.7659419670035427,0.27692490710557116,0.3848114650468531,-1.175535339976274,-0.3199352337068481,-0.5548507999580818
2017,대전광역시,중구,0.0,0,-0.7622417575615781,0.5160025785029008,0.7093639704500472,-1.1501755820863202,-0.17176269767373759,-0.4654715870483325
2018,대전광역시,중구,0.0,0,-0.7549237162812494,0.6906757325517199,0.6578713880181923,-1.1076633077669893,-0.12850997586958163,-0.39063709716550626
2019,대전광역시,중구,0.0,0,-0.7549237162812494,0.06809132992648237,0.662093116707863,-1.123588501553893,-0.2870819428001993,-0.6034736293028867
2020,대전광역시,중구,0.0,0,-0.7337409538809874,0.28875321286406685,0.6912197662605591,-1.0723805483083153,-0.20653713076616917,-0.5057894297750786
2021,대전광역시,중구,0.0,0,-0.7337409538809874,0.09461351099275939,0.6619774963281565,-1.1033737778611612,-0.27013093110530817,-0.5808337402497964
2022,대전광역시,중구,0.0,0,-0.7337409538809874,0.25350062799478906,0.7039822447798998,-1.0806815834198777,-0.21423491613154405,-0.5203073031020253
2023,대전광역시,중구,0.0,0,-0.7337409538809874,0.680696061949547,0.7311373456691727,-1.059647296657407,-0.0953887107299187,-0.3708973961962825
2016,부산광역시,강서구,0.0145930023029001,1,-0.3722902428223727,1.2369955482090547,0.3848114650468531,0.5495392379990262,0.44976400210814027,0.471414847795236
2017,부산광역시,강서구,0.0103462920541443,1,-0.3683828537284366,-0.10987776905546925,-0.21498578232550894,0.562944640706802,-0.03257544110065322,0.028228005974298698
2018,부산광역시,강서구,0.006379606964039,1,-0.361713175699429,0.8421515620689594,-0.23553011595061135,0.559026536326485,0.200983701686351,0.34648830756533844
2019,부산광역시,강서구,0.0028958031120255,1,-0.361713175699429,1.457030704527681,-0.19116051462723638,0.6462950827018092,0.3876130242257062,0.5805375371766871
2020,부산광역시,강서구,0.0039920212695374,1,-0.5013825625968537,0.7669997756010546,-0.1593294852062982,0.9345055620018485,0.2601983224499378,0.4000409250020165
2021,부산광역시,강서구,0.000899595242836,1,-0.5013825625968537,1.225125799173555,-0.2047008889383506,0.9557743468532973,0.36870417362291197,0.5598391944766662
2022,부산광역시,강서구,0.0089597413714719,1,-0.5013825625968537,0.1835158873479038,-0.20433070280423715,0.9745681632869073,0.11309269630843008,0.2189004960126525
2023,부산광역시,강서구,0.0110388471152163,1,-0.5013825625968537,0.8737596546658442,-0.14988671137394133,0.996353924667234,0.3047110763405708,0.4562436722454082
2016,부산광역시,금정구,0.2231435513142097,1,1.5717324561760513,1.6618741139566002,0.3848114650468531,0.6908621702553157,1.0773200513587051,1.308156246795989
2017,부산광역시,금정구,0.1246924439573182,1,1.5766629881179985,0.10255916403847154,-0.20821473962619727,0.8831035191395235,0.5885277329174491,0.8541085570986645
2018,부산광역시,금정구,0.1133286853070031,1,1.5801307676150325,1.0793520613954288,-0.34034202907755134,0.9331227573293386,0.8130658893155622,1.1975351954465998
2019,부산광역시,금정구,0.1015633154094412,1,1.5801307676150325,1.4240580179735218,-0.264515089670584,1.0368619557164083,0.9441339129085946,1.3470169137683208
2020,부산광역시,금정구,0.0607187350347058,1,1.5586845156483322,1.2315320771629334,-0.3067674240278109,1.1040683154053084,0.8968793710471908,1.2980949694055248
2021,부산광역시,금정구,0.097489621277257,1,1.5586845156483322,1.6990614512548645,-0.3300553839672352,1.120610417064824,1.0120752500001964,1.45945212798934
2022,부산광역시,금정구,0.0175451792157488,1,1.5586845156483322,0.45901000582012025,-0.2895027733808909,1.1378830119285563,0.7165186900040295,1.051859177799003
2023,부산광역시,금정구,0.1730285098823619,1,1.5586845156483322,1.6073659258048691,-0.20408051678100347,1.1590118369667615,1.0302454404097399,1.4416874261399875
2016,부산광역시,기장군,0.350093332573178,1,1.0880902322350057,1.6618741139566002,0.3848114650468531,0.9439310846191145,1.0196767239643934,1.2312984769369069
2017,부산광역시,기장군,0.3846499683942443,1,1.092766222353611,0.10255916403847154,-0.3659406067776859,1.1926252240089759,0.5055025009058431,0.7959835368003528
2018,부산광역시,기장군,0.1787317879433972,1,1.0970305837669132,1.0793520613954288,-0.3641031805429598,1.1846015517522943,0.7492202540929191,1.1203280656382122
2019,부산광역시,기장군,0.1217750569259209,1,1.0970305837669132,1.4240580179735218,-0.26498131628400856,1.298210034531,0.8885793299968566,1.2730995454238117
2020,부산광역시,기장군,0.0454512629039173,1,1.058840599156489,1.2315320771629334,-0.2674427982756693,1.4451503668633574,0.8670200612267775,1.2451743477275932
2021,부산광역시,기장군,0.0805656478395671,1,1.058840599156489,1.6990614512548645,-0.3069566513962213,1.467039370599662,0.9794961924036987,1.4083138070036718
2022,부산광역시,기장군,0.1299750764217454,1,1.058840599156489,0.45901000582012025,-0.32283643161849146,1.4862432378000086,0.6703143527895317,1.0013646142588726
2023,부산광역시,기장군,0.2750526560516392,1,1.058840599156489,1.6073659258048691,-0.23130185792576857,1.5083596640718238,0.9858160827768534,1.3915220630110607
2016,부산광역시,남구,0.0246926125903715,1,0.2328270220068715,1.296810489009388,0.3848114650468531,0.14626954465761288,0.5151796301801813,0.558635685224624
2017,부산광역시,남구,0.0834216081390723,1,0.23705288546946449,0.5061061390145736,-0.415466068079376,0.16307296244247302,0.12269147971178376,0.3020773289755037
2018,부산광역시,남구,0.0091579377847656,1,0.24272590636945457,1.3697727208435677,-0.40800033803150676,0.18993343676698868,0.3486079314871261,0.600810687993337
2019,부산광역시,남구,0.0006997551142733,1,0.24272590636945457,1.3964218877143715,-0.285533781438233,0.2822537101661191,0.40896693070292806,0.640467168083315
2020,부산광역시,남구,0.0014988761237358,1,0.20680705597355412,1.7152495613551217,-0.26990285430316396,0.35391383449260694,0.5015168993795297,0.7586568172737609
2021,부산광역시,남구,0.0,0,0.20680705597355412,1.8244530192736579,-0.3173710827185203,0.36827349946984567,0.5205406229996343,0.7998445249056859
2022,부산광역시,남구,0.0,0,0.20680705597355412,0.3317882036558266,-0.3968727106797435,0.3864328228197443,0.13203884294234536,0.30834269414970833
2023,부산광역시,남구,0.0187236139981025,1,0.20680705597355412,1.3884440824284936,-0.23211857121709845,0.40696826600622393,0.44252520829779335,0.6674064681360905
2016,부산광역시,동구,0.0,0,-0.12284067132243381,1.296810489009388,0.3848114650468531,0.9189769836041232,0.6194395665844826,0.6976489337636925
2017,부산광역시,동구,0.0,0,-0.1188019964440513,0.5061061390145736,-0.24577909870576828,0.922951308485463,0.26611908808755425,0.4367518170186617
2018,부산광역시,동구,0.0,0,-0.11254317381153604,1.3697727208435677,-0.2794126468670308,0.946445806446202,0.4810656766528007,0.7345584511594113
2019,부산광역시,동구,0.0,0,-0.11254317381153604,1.3964218877143715,-0.16063044197529147,1.0290028333423846,0.5380627763174821,0.7709605157484066
2020,부산광역시,동구,0.0,0,-0.09672389061306509,1.7152495613551217,-0.14274061125195664,1.0920081692493464,0.6419483071848615,0.9035112799971343
2021,부산광역시,동구,0.0,0,-0.09672389061306509,1.8244530192736579,-0.18779743688387707,1.1157331388996445,0.6639162076690901,0.9478207558534124
2022,부산광역시,동구,0.0,0,-0.09672389061306509,0.3317882036558266,-0.12741436594297656,1.1348462641156463,0.3106240528038578,0.45663685905280255
2023,부산광역시,동구,0.0,0,-0.09672389061306509,1.3884440824284936,-0.2872367360241181,1.1570593647399998,0.5403857051328276,0.8162598521851429
2016,부산광역시,동래구,0.0,0,0.31338482077186747,1.296810489009388,0.3848114650468531,0.23981171227631662,0.5587046217761062,0.616669007352524
2017,부산광역시,동래구,0.0,0,0.31765308195733705,0.5061061390145736,-0.170355393810627,0.25460076996899883,0.22700114928257062,0.3594533303136365
2018,부산광역시,동래구,0.0,0,0.32319342030288084,1.3697727208435677,-0.23225714675693615,0.28139464075346404,0.4355259087857441,0.6581202606333042
2019,부산광역시,동래구,0.0,0,0.32319342030288084,1.3964218877143715,-0.15136121614280174,0.026189163449006833,0.39861081383086433,0.5819348238220864
2020,부산광역시,동래구,0.0,0,0.3522236797911933,1.7152495613551217,-0.13243870339796932,0.0785774180502936,0.5034029889496598,0.7153502197322029
2021,부산광역시,동래구,0.0,0,0.3522236797911933,1.8244530192736579,-0.1773001719122601,0.09736985460780864,0.5241865954400998,0.7580155178908865
2022,부산광역시,동래구,0.0,0,0.3522236797911933,0.3317882036558266,-0.2481934420463564,0.11717889264947762,0.13824933351253527,0.26706359203216584
2023,부산광역시,동래구,0.0,0,0.3522236797911933,0.7406690771806601,-0.24354561877662517,0.13828967616190607,0.2469092035892836,0.4103941443779198
2016,부산광역시,부산진구,0.0231304173888543,1,-0.001924839777332004,1.296810489009388,-1.142563949137988,-0.08515549046830667,0.016791552406440327,0.40324338625458306
2017,부산광역시,부산진구,0.0002999550089979,1,0.0021774733334232275,0.5061061390145736,-0.17941078937410157,-0.06848679605614603,0.06509650672943729,0.14659893876395025
2018,부산광역시,부산진구,0.0036931718376175,1,0.008237141797771562,1.3697727208435677,-0.31504064161062506,-0.03767942754125795,0.25632244837236406,0.4467768117000271
2019,부산광역시,부산진구,0.006379606964039,1,0.008237141797771562,1.3964218877143715,-0.2391596876825436,0.03781737530920362,0.30082917928470077,0.48082546827378225
2020,부산광역시,부산진구,0.0096532570281383,1,0.04503013841146096,1.7152495613551217,-0.30821466908113515,-0.3841571311762853,0.26697697487729055,0.45870752286343247
2021,부산광역시,부산진구,0.0066776547532405,1,0.04503013841146096,1.8244530192736579,-0.2567364643154688,-0.37023065849583037,0.3106290087184549,0.49975083306309614
2022,부산광역시,부산진구,0.0130149370774946,1,0.04503013841146096,0.3317882036558266,-0.22648733552104644,-0.3507651941023887,-0.05010854688903689,0.008684382654966294
2023,부산광역시,부산진구,0.0175451792157488,1,0.04503013841146096,1.3884440824284936,-0.26369620078701195,-0.3305538218751325,0.20980604954445248,0.36764013298827397
2016,부산광역시,북구,0.025472795973031,1,0.8759705221667047,1.296810489009388,0.3848114650468531,0.22381493344487638,0.6953518524169555,0.7988653148736563
2017,부산광역시,북구,0.0541093256470319,1,0.8805348732780132,0.5061061390145736,0.7093639704500472,0.24067722185888704,0.5841705511503802,0.5424394113838246
2018,부산광역시,북구,0.0027960873020012,1,0.8851486060173912,1.3697727208435677,-0.3137838597092785,0.32444120379528263,0.5663946677367409,0.8597875102187472
2019,부산광역시,북구,0.00129915573162,1,0.8851486060173912,1.3964218877143715,-0.2596914325819367,0.42227689626380116,0.6110389893534067,0.9012824633318545
2020,부산광역시,북구,0.0130149370774946,1,0.8790673584754969,1.7152495613551217,-0.19420368873198657,0.4511058850639116,0.712804779040636,1.0151409349648435
2021,부산광역시,북구,0.000499875041651,1,0.8790673584754969,1.8244530192736579,-0.2402364188879374,0.4642960791055723,0.7318950094916974,1.0559388189515757
2022,부산광역시,북구,0.0047885167317971,1,0.8790673584754969,0.3317882036558266,-0.1146568316378555,0.4819730739161908,0.39454295110241466,0.5642762120158381
2023,부산광역시,북구,0.0193123110323728,1,0.8790673584754969,0.7406690771806601,-0.21491418647538402,0.5023653245618347,0.4767968934356519,0.7073672534059972
2016,부산광역시,사상구,0.0022973590486834,1,0.16226113357985225,1.296810489009388,-0.5545018575592335,0.2867885346666649,0.2978395749241679,0.5819533857519684
2017,부산광역시,사상구,0.0,0,0.16644985808100468,0.5061061390145736,0.026295168834742755,0.30198918071733144,0.2502100866619131,0.32484839260430326
2018,부산광역시,사상구,0.0,0,0.1722391043803578,1.3697727208435677,-0.293524809131383,0.3276979422718479,0.3940462395910975,0.6232365891652578
2019,부산광역시,사상구,0.0,0,0.1722391043803578,1.3964218877143715,-0.16986783786491672,0.4218686560272178,0.45516545256425756,0.6635098827073157
2020,부산광역시,사상구,0.0027960873020012,1,0.18787133534287642,1.7152495613551217,-0.09292411820023444,-0.22479547846286774,0.396350325008724,0.5594418060783769
2021,부산광역시,사상구,0.0,0,0.18787133534287642,1.8244530192736579,-0.14590797493336577,-0.2159696054399931,0.41261169356079386,0.5987849163921805
2022,부산광역시,사상구,0.0010993954433009,1,0.18787133534287642,0.3317882036558266,-0.18890239793502095,-0.19810036897722183,0.03316419302161508,0.10718639000716042
2023,부산광역시,사상구,0.0016985566355814,1,0.18787133534287642,0.7406690771806601,-0.2158394325440442,-0.17860614739820746,0.13352370814532122,0.2499780883751097
2016,부산광역시,사하구,0.0040916179032535,1,-0.27058800021650553,1.296810489009388,0.3848114650468531,-0.19581775122463763,0.30380405065377447,0.2768015791894149
2017,부산광역시,사하구,0.0062802379571504,1,-0.26662708503863913,0.5061061390145736,-0.3244115107843112,-0.1739038143634689,-0.06470906779296141,0.021858413204155176
2018,부산광역시,사하구,0.0047885167317971,1,-0.2601249154762076,1.3697727208435677,-0.30905244403445103,-0.14513266185846457,0.16386567486861114,0.3215050478362986
2019,부산광역시,사하구,0.0007996801705643,1,-0.2601249154762076,1.3964218877143715,-0.2846974900061016,-0.05131580058671359,0.20007092041133717,0.36166039055048343
2020,부산광역시,사하구,0.0005998200719676,1,-0.24557089860292852,1.7152495613551217,-0.29056097329182967,0.0020301233671814467,0.29528695320688625,0.49056959537312483
2021,부산광역시,사하구,0.0001999800026662,1,-0.24557089860292852,1.8244530192736579,-0.33842094570630504,0.012895921947041922,0.31333927422786656,0.5305926808725904
2022,부산광역시,사하구,0.0,0,-0.24557089860292852,0.3317882036558266,-0.22868359218807566,0.030846206490031336,-0.027905020161286556,0.03902117051430981
2023,부산광역시,사하구,0.0030952049073024,1,-0.24557089860292852,1.3884440824284936,-0.266594113598449,0.05072897946188415,0.23175201242225005,0.39786738776248304
2016,부산광역시,서구,0.0076705063042197,1,-0.0957348448617561,1.296810489009388,0.3848114650468531,-0.6739269506962092,0.2279900396245689,0.1757162311504742
2017,부산광역시,서구,0.0,0,-0.09168190413529631,0.5061061390145736,-0.2731380713821798,-0.6469494280836126,-0.12641581614662878,-0.07750839773477843
2018,부산광역시,서구,0.0,0,-0.0854677260977218,1.3697727208435677,-0.3274883912905595,-0.613971610881271,0.08571124814350384,0.22344446128819162
2019,부산광역시,서구,0.0,0,-0.0854677260977218,1.3964218877143715,-0.2465359358414545,-0.5283861487561862,0.13400801925475223,0.26085600428682115
2020,부산광역시,서구,0.0027960873020012,1,-0.06953413791260499,1.7152495613551217,-0.3239289029800855,-0.47521186864575343,0.21164366295416948,0.3901678515989211
2021,부산광역시,서구,0.0020977980821461,1,-0.06953413791260499,1.8244530192736579,-0.22020514184000406,-0.465446286419715,0.26731686327533344,0.4298241983137793
2022,부산광역시,서구,0.0070749136719618,1,-0.06953413791260499,0.3317882036558266,-0.11649686098867712,-0.4468589447912368,-0.07527543500917307,-0.06153495968267172
2023,부산광역시,서구,0.0057832447557273,1,-0.06953413791260499,1.3884440824284936,-0.258156337448619,-0.42730999845964845,0.15836090215190535,0.29719998201874676
2016,부산광역시,수영구,0.0122249696225689,1,-0.47160793238031723,1.296810489009388,0.3848114650468531,1.3010421308855833,0.6277640381403767,0.7087482291715513
2017,부산광역시,수영구,0.0009995003330835,1,-0.4677528143755019,0.5061061390145736,-0.2993262012394663,1.2991620783617208,0.25954730044033153,0.44583846766693086
2018,부산광역시,수영구,0.0,0,-0.46091955535304274,1.3697727208435677,-0.33419828165970006,1.3206309515341945,0.47382145884125487,0.7431613723415732
2019,부산광역시,수영구,0.0,0,-0.46091955535304274,1.3964218877143715,-0.23229679448837376,1.4007884629909981,0.5259985002159883,0.7787635984507757
2020,부산광역시,수영구,0.0,0,-0.44829077063904527,1.7152495613551217,0.6912197662605591,2.077083739022589,1.0088155739998061,1.1146808432462219
2021,부산광역시,수영구,0.0038924147153438,1,-0.44829077063904527,1.8244530192736579,0.6619774963281565,2.1098051256191597,1.0369862176454823,1.1619891247512575
2022,부산광역시,수영구,0.0143958802837323,1,-0.44829077063904527,0.3317882036558266,-0.35260926272278836,2.1293049650216984,0.41504828382892284,0.6709341326794932
2023,부산광역시,수영구,0.0092570212626767,1,-0.44829077063904527,1.3884440824284936,-0.3159515125508953,2.1532262986496384,0.6943570244720478,1.031126536813029
2016,부산광역시,연제구,0.0020977980821461,1,-0.6034758261543733,1.296810489009388,0.3848114650468531,-0.926501575902463,0.03791113799985116,-0.07772230434914947
2017,부산광역시,연제구,0.0,0,-0.5996901104731353,0.5061061390145736,-0.27369815260124253,-0.8969842273114912,-0.3160665878428238,-0.33018939959001764
2018,부산광역시,연제구,0.0,0,-0.5926396587112563,1.3697727208435677,-0.3067911935485971,-0.8616842491583536,-0.09783559514365983,-0.02818372900868075
2019,부산광역시,연제구,0.0,0,-0.5926396587112563,1.3964218877143715,-0.23170056961888147,-0.7811183578469673,-0.052259174615683385,0.007554623718715958
2020,부산광역시,연제구,0.0,0,-0.5925568963804617,1.7152495613551217,0.6912197662605591,-0.510160883638462,0.32593788689918934,0.20417726044539933
2021,부산광역시,연제구,0.0,0,-0.5925568963804617,1.8244530192736579,0.6619774963281565,-0.49887190101396667,0.3487504295518465,0.24434140729307652
2022,부산광역시,연제구,0.00329456694943,1,-0.5925568963804617,0.3317882036558266,0.7039822447798998,-0.47983207303171616,-0.009154630244112866,-0.24686692191878376
2023,부산광역시,연제구,0.001598721363697,1,-0.5925568963804617,1.3884440824284936,0.7311373456691727,-0.4600645063325085,0.266740006346174,0.1119408932385078
2016,부산광역시,영도구,0.2957246440949655,1,0.6995452499794753,1.296810489009388,0.3848114650468531,-0.6713315146030256,0.4274589223581727,0.4416747414619459
2017,부산광역시,영도구,0.2949803749328925,1,0.704016748134108,0.5061061390145736,-0.4670343588435386,-0.6435877256264796,0.024875200669665837,0.188845053840734
2018,부산광역시,영도구,0.229841072761931,1,0.7089210617500932,1.3697727208435677,-0.4039224859960934,-0.611219282604726,0.26588800349821035,0.4891581666629783
2019,부산광역시,영도구,0.1653449325868378,1,0.7089210617500932,1.3964218877143715,-0.379178588674552,-0.5216478198852996,0.30112913522615326,0.5278983765263884
2020,부산광역시,영도구,0.0756639039209896,1,0.7767574699174379,1.7152495613551217,-0.38878032129703277,-0.4626864317312069,0.41013506956108003,0.6764401998471176
2021,부산광역시,영도구,0.0088606284321965,1,0.7767574699174379,1.8244530192736579,-0.438502846647694,-0.4542657025009163,0.4271104850106214,0.7156482622300597
2022,부산광역시,영도구,0.0545828777702917,1,0.7767574699174379,0.3317882036558266,-0.5408875076277854,-0.4360426592029045,0.03290387668564368,0.2241676714567867
2023,부산광역시,영도구,0.2311117209633866,1,0.7767574699174379,1.3884440824284936,-0.4417197454732561,-0.4166931273154333,0.3266971698893105,0.5828361416768327
2016,부산광역시,중구,0.0,0,-1.3278946012175155,1.296810489009388,0.3848114650468531,-0.8659567093031081,-0.12805733911609563,-0.29901360717041187
2017,부산광역시,중구,0.0,0,-1.3244901485169271,0.5061061390145736,0.7093639704500472,-0.8433518836017138,-0.23809298066350504,-0.5539119643680225
2018,부산광역시,중구,0.0,0,-1.3162465443224125,1.3697727208435677,0.6578713880181923,-0.8039504863071161,-0.02313823044194213,-0.2501414365953203
2019,부산광역시,중구,0.0,0,-1.3162465443224125,1.3964218877143715,0.662093116707863,-0.7534818067073332,-0.002803336651877819,-0.22443548777179143
2020,부산광역시,중구,0.0,0,-1.291151994296864,1.7152495613551217,0.6912197662605591,-0.6914787828925033,0.10595963760657845,-0.08912707194474849
2021,부산광역시,중구,0.0,0,-1.291151994296864,1.8244530192736579,0.6619774963281565,-0.6713879437297743,0.13097264439379402,-0.046028972917660095
2022,부산광역시,중구,0.0,0,-1.291151994296864,0.3317882036558266,0.7039822447798998,-0.6497732863124887,-0.22628870804340653,-0.5363790256511752
2023,부산광역시,중구,0.0,0,-1.291151994296864,1.3884440824284936,0.7311373456691727,-0.6287353653603656,0.0499235171101092,-0.17714775907624528
2016,부산광역시,해운대구,0.0214679066152409,1,2.3480838423094363,1.296810489009388,0.3848114650468531,0.8849370200430879,1.2286607041021913,1.509943783787304
2017,부산광역시,해운대구,0.0630686914669829,1,2.353422969464123,0.5061061390145736,0.7093639704500472,0.8937221281543505,1.1156538017707736,1.251083745544349
2018,부산광역시,해운대구,0.0014988761237358,1,2.3556120610297673,1.3697727208435677,-0.22792030414920705,0.9142706367855115,1.1029337786274098,1.5465518062196155
2019,부산광역시,해운대구,0.0007996801705643,1,2.3556120610297673,1.3964218877143715,-0.19933387586910095,1.0180476023286178,1.1426869188009139,1.5900271836909188
2020,부산광역시,해운대구,0.0020977980821461,1,1.934126869512993,1.7152495613551217,-0.19624536808421195,1.1773664061830953,1.1576243672417497,1.60891427901707
2021,부산광역시,해운대구,0.0026963615477426,1,1.934126869512993,1.8244530192736579,-0.24231681500981628,1.194804165971028,1.1777668099369656,1.6511280182525596
2022,부산광역시,해운대구,0.00329456694943,1,1.934126869512993,0.3317882036558266,-0.09743090137117244,1.2121627804153063,0.8451617380532384,1.159359284528042
2023,부산광역시,해운대구,0.0162669724638719,1,1.934126869512993,1.3884440824284936,-0.15533732997702132,1.2334529994328005,1.1001716553493164,1.5186746504580955
2016,서울특별시,강남구,0.0,0,-1.3591470177128548,-0.04763441500308002,0.3848114650468531,-0.03352033231124804,-0.2638725749950825,-0.48010058834239433
2017,서울특별시,강남구,0.0,0,-1.3557590132185744,0.8995080862142515,0.7093639704500472,-0.019597224135829122,0.05837895482747379,-0.15861605038005067
2018,서울특별시,강남구,0.0,0,-1.3474639347966506,-0.0499253629402715,0.6578713880181923,0.012380560305221305,-0.18178433735337715,-0.4616695791439003
2019,서울특별시,강남구,0.0,0,-1.3474639347966506,-0.09403274173501358,0.662093116707863,0.07784876655327083,-0.1753886983176326,-0.45454930332613114
2020,서울특별시,강남구,0.0,0,-1.3185950676746574,0.23045539534299256,0.6912197662605591,-0.09380616375211931,-0.12268151745580623,-0.39398194536126135
2021,서울특별시,강남구,0.0,0,-1.3185950676746574,0.13759350763411426,0.6619774963281565,-0.07423572296975194,-0.1483149466705346,-0.4184124276700983
2022,서울특별시,강남구,0.0,0,-1.3185950676746574,0.8825996888947448,0.7039822447798998,-0.05389917437930499,0.053521922905170556,-0.16329818438640584
2023,서울특별시,강남구,0.0,0,-1.3185950676746574,0.14653577050564837,0.7311373456691727,-0.03273084901363924,-0.11841320012836888,-0.4015967153942161
2016,서울특별시,강동구,0.0,0,-1.3167948233130262,-0.04763441500308002,0.3848114650468531,2.300265568041421,0.33016194869304194,0.3119454432417716
2017,서울특별시,강동구,0.0,0,-1.313384528778192,0.8995080862142515,-0.5078345246835493,2.2817853561084385,0.3400185972152372,0.6226363045148327
2018,서울특별시,강동구,0.0,0,-1.3051592064497257,-0.0499253629402715,0.6578713880181923,2.2989091203851286,0.40042398475333096,0.31460818366504384
2019,서울특별시,강동구,0.0,0,-1.3051592064497257,-0.09403274173501358,0.662093116707863,2.366390330946632,0.4073228748674389,0.3223994609206309
2020,서울특별시,강동구,0.0,0,-1.2523833756366194,0.23045539534299256,0.6912197662605591,1.5624886680612282,0.3079451135070401,0.1801868959225338
2021,서울특별시,강동구,0.0,0,-1.2523833756366194,0.13759350763411426,0.6619774963281565,1.5944135416414258,0.28540029249176935,0.15987455787964025
2022,서울특별시,강동구,0.0,0,-1.2523833756366194,0.8825996888947448,0.7039822447798998,1.6146989302339794,0.4872243720680012,0.4149717478307016
2023,서울특별시,강동구,0.0,0,-1.2523833756366194,0.14653577050564837,0.7311373456691727,1.638319382077327,0.31590228065388215,0.17749059231545203
2016,서울특별시,강북구,0.0,0,-0.881181296160227,-0.04763441500308002,0.3848114650468531,-0.9063010503186275,-0.3625763241087704,-0.6117055871606448
2017,서울특별시,강북구,0.0,0,-0.8775417373966198,0.8995080862142515,0.7093639704500472,-0.8767010230842355,-0.03634267595413915,-0.2849115580888679
2018,서울특별시,강북구,0.0,0,-0.8700338914195442,-0.0499253629402715,0.6578713880181923,-0.8417979646608971,-0.27597145775063014,-0.5872524063402377
2019,서울특별시,강북구,0.0,0,-0.8700338914195442,-0.09403274173501358,0.662093116707863,-0.759411451900714,-0.2653462420868522,-0.5744926950184239
2020,서울특별시,강북구,0.0,0,-0.8368952446968245,0.23045539534299256,0.6912197662605591,-0.7008173211242787,-0.1540093510543879,-0.43575239015937023
2021,서울특별시,강북구,0.0,0,-0.8368952446968245,0.13759350763411426,0.6619774963281565,-0.6918668269343351,-0.18229776691722221,-0.4637228546656818
2022,서울특별시,강북구,0.0,0,-0.8368952446968245,0.8825996888947448,0.7039822447798998,-0.67305296755537,0.019158430355612516,-0.20911617445248323
2023,서울특별시,강북구,0.0,0,-0.8368952446968245,0.14653577050564837,0.7311373456691727,-0.6537065325953229,-0.1532321652793316,-0.4480220022621664
2016,서울특별시,강서구,0.0,0,-1.3270610627627106,-0.04763441500308002,0.3848114650468531,0.9629117015117504,-0.00674307780179681,-0.13726125875134676
2017,서울특별시,강서구,0.0,0,-1.3236561713692463,0.8995080862142515,-0.22672812783208227,0.9638767097989093,0.07825012420295804,0.17990954154797148
2018,서울특별시,강서구,0.0,0,-1.3154139400525053,-0.0499253629402715,0.6578713880181923,1.0391589096009157,0.08292274865658283,-0.108726797797287
2019,서울특별시,강서구,0.0,0,-1.3154139400525053,-0.09403274173501358,0.662093116707863,1.1098320240294681,0.09061961473745306,-0.09987155258601692
2020,서울특별시,강서구,0.0,0,-1.2836473692308596,0.23045539534299256,0.6912197662605591,0.9490529387517331,0.14677018278110632,-0.03471301171204463
2021,서울특별시,강서구,0.0,0,-1.2836473692308596,0.13759350763411426,0.6619774963281565,0.9754272785094754,0.12283772831022166,-0.05687552769575662
2022,서울특별시,강서구,0.0,0,-1.2836473692308596,0.8825996888947448,0.7039822447798998,0.9954849554346962,0.3246048799696203,0.19814575836619377
2023,서울특별시,강서구,0.0,0,-1.2836473692308596,0.14653577050564837,0.7311373456691727,1.0180494899861672,0.15301880923253217,-0.03968736957968133
2016,서울특별시,관악구,0.0,0,-0.290624576490864,-0.04763441500308002,0.3848114650468531,1.0816841882128254,0.2820591654414336,0.2478083989062938
2017,서울특별시,관악구,0.0,0,-0.2866742066012416,0.8995080862142515,0.7093639704500472,1.084826564690145,0.6017561036883006,0.5658868147677183
2018,서울특별시,관악구,0.0,0,-0.28013903583764516,-0.0499253629402715,0.6578713880181923,1.106230886869147,0.3585094690273557,0.2587221626970768
2019,서울특별시,관악구,0.0,0,-0.28013903583764516,-0.09403274173501358,0.662093116707863,1.1960146464370924,0.37098399639307417,0.27394762295481123
2020,서울특별시,관악구,0.0,0,-0.2599362920133813,0.23045539534299256,0.6912197662605591,1.2535014393734323,0.47881007724090063,0.4080068475676812
2021,서울특별시,관악구,0.0,0,-0.2599362920133813,0.13759350763411426,0.6619774963281565,1.2760569555461485,0.4539229168737595,0.3845713903889605
2022,서울특별시,관악구,0.0,0,-0.2599362920133813,0.8825996888947448,0.7039822447798998,1.294564415879984,0.6553025143853118,0.6390759375871159
2023,서울특별시,관악구,0.0,0,-0.2599362920133813,0.14653577050564837,0.7311373456691727,1.3166568410649466,0.4835984163065966,0.4010854398524046
2016,서울특별시,광진구,0.0,0,-0.6708447253180275,-0.04763441500308002,0.3848114650468531,-0.5728659900843005,-0.22663341633963874,-0.43044837680180265
2017,서울특별시,광진구,0.0,0,-0.6670944660166933,0.8995080862142515,0.7093639704500472,-0.5479385352503708,0.09845976384930863,-0.10517497168427088
2018,서울특별시,광진구,0.0,0,-0.6599330544499501,-0.0499253629402715,0.6578713880181923,-0.5151259323824461,-0.14177824043861884,-0.40832811659088925
2019,서울특별시,광진구,0.0,0,-0.6599330544499501,-0.09403274173501358,0.662093116707863,-0.43266538742075294,-0.1311345167244634,-0.3955437278685722
2020,서울특별시,광진구,0.0,0,-0.6214037885118117,0.23045539534299256,0.6912197662605591,-0.37961167364769843,-0.019835075138989605,-0.2568533556055059
2021,서울특별시,광진구,0.0,0,-0.6214037885118117,0.13759350763411426,0.6619774963281565,-0.3680486197562384,-0.04747035107644483,-0.2839529668779786
2022,서울특별시,광진구,0.0,0,-0.6214037885118117,0.8825996888947448,0.7039822447798998,-0.34918986249302886,0.15399707066745102,-0.02933132070336523
2023,서울특별시,광진구,0.0,0,-0.6214037885118117,0.14653577050564837,0.7311373456691727,-0.3293350530036569,-0.018266431335161884,-0.26806769033660677
2016,서울특별시,구로구,0.0,0,-1.3104430492650199,-0.04763441500308002,0.3848114650468531,-1.3930158794293426,-0.5915704696626474,-0.9170311145658142
2017,서울특별시,구로구,0.0,0,-1.3070294117794101,0.8995080862142515,0.7093639704500472,-1.359647578515748,-0.26445123340771487,-0.5890563013603022
2018,서울특별시,구로구,0.0,0,-1.2988145511271425,-0.0499253629402715,0.6578713880181923,-1.3194376303988649,-0.5025765391120216,-0.8893925148220929
2019,서울특별시,구로구,0.0,0,-1.2988145511271425,-0.09403274173501358,0.662093116707863,-1.2523149854311197,-0.4957672903963532,-0.8817207594310918
2020,서울특별시,구로구,0.0,0,-1.2973055757504228,0.23045539534299256,0.6912197662605591,-1.2761470279870006,-0.41294436053346795,-0.7809990694648103
2021,서울특별시,구로구,0.0,0,-1.2973055757504228,0.13759350763411426,0.6619774963281565,-1.6054422556511616,-0.5257942068598284,-0.92171810792249
2022,서울특별시,구로구,0.0,0,-1.2973055757504228,0.8825996888947448,0.7039822447798998,-1.5837924604505769,-0.3236290256315888,-0.6661661157687516
2023,서울특별시,구로구,0.0,0,-1.2973055757504228,0.14653577050564837,0.7311373456691727,-1.56412330335309,-0.49593894073217293,-0.9049643695326214
2016,서울특별시,금천구,0.0,0,-1.1872059713900818,-0.04763441500308002,0.3848114650468531,1.454914237295454,0.1512213289872863,0.07335795030076404
2017,서울특별시,금천구,0.0,0,-1.1837274739957362,0.8995080862142515,-0.48485038537005043,1.4488847634447215,0.1699537475732966,0.3882217918877456
2018,서울특별시,금천구,0.0,0,-1.1757155907155616,-0.0499253629402715,-0.15163091935245526,1.470861759635996,0.023397471656926905,0.08174026866005428
2019,서울특별시,금천구,0.0,0,-1.1757155907155616,-0.09403274173501358,0.662093116707863,1.5411566574719584,0.23337536043231155,0.0904694416737944
2020,서울특별시,금천구,0.0,0,-1.165536603424125,0.23045539534299256,0.6912197662605591,1.7866486152829415,0.38569679336559204,0.283855802400603
2021,서울특별시,금천구,0.0,0,-1.165536603424125,0.13759350763411426,0.6619774963281565,1.8205222268469936,0.3636391568462849,0.264193043685661
2022,서울특별시,금천구,0.0,0,-1.165536603424125,0.8825996888947448,0.7039822447798998,1.8408707045790185,0.5654790087073845,0.5193112633498794
2023,서울특별시,금천구,0.0,0,-1.165536603424125,0.14653577050564837,0.7311373456691727,1.864864955814242,0.3942503671412345,0.2819547076319218
2016,서울특별시,노원구,0.0,0,-0.3783993411177142,-0.04763441500308002,0.3848114650468531,0.3615925286337854,0.08009255938996106,-0.02148040916233629
2017,서울특별시,노원구,0.0,0,-0.3744951672538431,0.8995080862142515,-0.24338470588230207,0.3979426219126134,0.16989270874767995,0.30765184695767395
2018,서울특별시,노원구,0.0,0,-0.3678154272472291,-0.0499253629402715,0.6578713880181923,0.4235578399423036,0.16592210944324884,0.0019390165849343388
2019,서울특별시,노원구,0.0,0,-0.3678154272472291,-0.09403274173501358,0.662093116707863,0.514248953030383,0.17862347518900082,0.017466928016046768
2020,서울특별시,노원구,0.0,0,-0.36728092903344306,0.23045539534299256,0.6912197662605591,0.5613638532066741,0.2789395214441957,0.14151277317207456
2021,서울특별시,노원구,0.0,0,-0.36728092903344306,0.13759350763411426,0.6619774963281565,0.5864726403444236,0.2546906788183128,0.1189284063150316
2022,서울특별시,노원구,0.0,0,-0.36728092903344306,0.8825996888947448,0.7039822447798998,0.6048006091487778,0.45602540344749487,0.3733731230033599
2023,서울특별시,노원구,0.0,0,-0.36728092903344306,0.14653577050564837,0.7311373456691727,0.6257606846766701,0.284038217954512,0.13500517538295848
2016,서울특별시,도봉구,0.0,0,-1.0211735520887097,-0.04763441500308002,0.3848114650468531,-1.3543101919822071,-0.5095766735067859,-0.8077060530246657
2017,서울특별시,도봉구,0.0,0,-1.0176076715159508,0.8995080862142515,-0.35976245048940514,-1.322394623388417,-0.4500641647948803,-0.48016473623003875
2018,서울특별시,도봉구,0.0,0,-1.009869251585713,-0.0499253629402715,0.6578713880181923,-1.2817546561458122,-0.4209194706634011,-0.7805164235572656
2019,서울특별시,도봉구,0.0,0,-1.009869251585713,-0.09403274173501358,0.662093116707863,-1.2191435922421057,-0.4152381172137423,-0.7743485285209442
2020,서울특별시,도봉구,0.0,0,-0.9827973998126863,0.23045539534299256,-0.3173820217166319,-1.1612136400245572,-0.5577344165527207,-0.6378518814980837
2021,서울특별시,도봉구,0.0,0,-0.9827973998126863,0.13759350763411426,0.6619774963281565,-1.1466308410025197,-0.3324643092132338,-0.6639449110603639
2022,서울특별시,도봉구,0.0,0,-0.9827973998126863,0.8825996888947448,-0.3704459404824161,-1.126160565480732,-0.3992010542202724,-0.4087860921328912
2023,서울특별시,도봉구,0.0,0,-0.9827973998126863,0.14653577050564837,0.7311373456691727,-1.1065083465311352,-0.3029081575422501,-0.6475899919460577
2016,서울특별시,동대문구,0.0,0,-1.3267339780525973,-0.04763441500308002,0.3848114650468531,-0.07615131888924373,-0.266427061724517,-0.48350657064830704
2017,서울특별시,동대문구,0.0,0,-1.3233289145138274,0.8995080862142515,0.7093639704500472,-0.06221196341546065,0.05583279468375266,-0.16201093057167884
2018,서울특별시,동대문구,0.0,0,-1.315087221921276,-0.0499253629402715,0.6578713880181923,-0.029537463001629932,-0.18416966496124623,-0.4648500159543924
2019,서울특별시,동대문구,0.0,0,-1.315087221921276,-0.09403274173501358,0.662093116707863,0.03303558217908034,-0.17849781619233654,-0.45869479382573636
2020,서울특별시,동대문구,0.0,0,-1.2815046985017473,0.23045539534299256,0.6912197662605591,-0.03611910913685815,-0.09898716150876342,-0.3623894707652043
2021,서울특별시,동대문구,0.0,0,-1.2815046985017473,0.13759350763411426,0.6619774963281565,-0.015128011909820493,-0.12426542661232423,-0.3863464009258178
2022,서울특별시,동대문구,0.0,0,-1.2815046985017473,0.8825996888947448,0.7039822447798998,0.005457335076673404,0.07763364256239268,-0.13114922484344302
2023,서울특별시,동대문구,0.0,0,-1.2815046985017473,0.14653577050564837,0.7311373456691727,0.026861146029495953,-0.09424260907435755,-0.3693692606555343
2016,서울특별시,동작구,0.0,0,-1.267373378726878,-0.04763441500308002,0.3848114650468531,-0.8173458075207551,-0.43688553405096503,-0.7107845337502378
2017,서울특별시,동작구,0.0,0,-1.2639370735916569,0.8995080862142515,0.7093639704500472,-0.791763687433826,-0.11170717609029604,-0.3853975582704104
2018,서울특별시,동작구,0.0,0,-1.2557931507504239,-0.0499253629402715,0.6578713880181923,-0.7553704724234819,-0.3508043995239962,-0.687029662038059
2019,서울특별시,동작구,0.0,0,-1.2557931507504239,-0.09403274173501358,0.662093116707863,-0.6867250418766695,-0.343614454413561,-0.6788503114540356
2020,서울특별시,동작구,0.0,0,-1.2512223225321744,0.23045539534299256,0.6912197662605591,-0.5774374095750663,-0.22674614262592221,-0.532734778921416
2021,서울특별시,동작구,0.0,0,-1.2512223225321744,0.13759350763411426,0.6619774963281565,-0.5622061985885093,-0.2534643792896032,-0.5586116711621898
2022,서울특별시,동작구,0.0,0,-1.2512223225321744,0.8825996888947448,0.7039822447798998,-0.542039866847856,-0.05167006392634643,-0.3035541668284285
2023,서울특별시,동작구,0.0,0,-1.2512223225321744,0.14653577050564837,0.7311373456691727,-0.5216984477481316,-0.2238119135263712,-0.5421283332582192
2016,서울특별시,마포구,0.0,0,-1.359442449063925,-0.04763441500308002,0.3848114650468531,2.270722090516456,0.31211417287407595,0.28788174214981693
2017,서울특별시,마포구,0.0,0,-1.3560546000557272,0.8995080862142515,-0.46469181137732407,2.2513733445178907,0.33253375482477276,0.5982756102254717
2018,서울특별시,마포구,0.0,0,-1.3477590350442126,-0.0499253629402715,-0.49345461765695126,2.2696300524200494,0.09462275919465357,0.2906485514785218
2019,서울특별시,마포구,0.0,0,-1.3477590350442126,-0.09403274173501358,0.662093116707863,2.3307363661044866,0.3877594265082809,0.2963148631084202
2020,서울특별시,마포구,0.0,0,-1.3220465619033261,0.23045539534299256,0.6912197662605591,2.360985844961192,0.4901536111653544,0.42313155946695286
2021,서울특별시,마포구,0.0,0,-1.3220465619033261,0.13759350763411426,0.6619774963281565,2.4025266193588886,0.47001276535445835,0.40602452169655895
2022,서울특별시,마포구,0.0,0,-1.3220465619033261,0.8825996888947448,0.7039822447798998,2.4237133522196572,0.672062180997744,0.6614221597370253
2023,서울특별시,마포구,0.0,0,-1.3220465619033261,0.14653577050564837,0.7311373456691727,2.449070586509675,0.5011742851952925,0.4245199317039991
2016,서울특별시,서대문구,0.0,0,-0.8197315751376552,-0.04763441500308002,0.3848114650468531,0.6896499537530141,0.05177385716478301,-0.05923867879590702
2017,서울특별시,서대문구,0.0,0,-0.81605967526887,0.8995080862142515,-0.1044237178616059,0.6964841640825676,0.1688772142915858,0.25997752500931637
2018,서울특별시,서대문구,0.0,0,-0.8086530399266465,-0.0499253629402715,-0.14578412332112428,0.7216778364497489,-0.07067117243457333,-0.04563352213905636
2019,서울특별시,서대문구,0.0,0,-0.8086530399266465,-0.09403274173501358,0.06291446673930295,0.802427306589142,-0.00933600208330379,-0.033419491690839354
2020,서울특별시,서대문구,0.0,0,-0.7683931115345629,0.23045539534299256,0.6912197662605591,0.8206803261390421,0.2434905940520077,0.09424753664915723
2021,서울특별시,서대문구,0.0,0,-0.7683931115345629,0.13759350763411426,0.6619774963281565,0.842701616094841,0.2184698771306372,0.07063400406479743
2022,서울특별시,서대문구,0.0,0,-0.7683931115345629,0.8825996888947448,0.7039822447798998,0.8619041325076453,0.42002323866193175,0.32537023662260905
2023,서울특별시,서대문구,0.0,0,-0.7683931115345629,0.14653577050564837,0.7311373456691727,0.8837640549187554,0.24826101488975338,0.0873022379632803
2016,서울특별시,서초구,0.0,0,-1.2132988903613766,-0.04763441500308002,0.3848114650468531,0.7245437728377578,-0.03789451686996145,-0.17879651084223294
2017,서울특별시,서초구,0.0,0,-1.2098341257199678,0.8995080862142515,0.7093639704500472,0.7306079824050464,0.2824114783373443,0.14009398096644335
2018,서울특별시,서초구,0.0,0,-1.2017792661520206,-0.0499253629402715,0.6578713880181923,0.7556220122044253,0.040447192782581354,-0.16536087229595564
2019,서울특별시,서초구,0.0,0,-1.2017792661520206,-0.09403274173501358,0.662093116707863,0.8349838860938692,0.05031624872867452,-0.15360937393105498
2020,서울특별시,서초구,0.0,0,-1.1908264510445838,0.23045539534299256,0.6912197662605591,1.0975096977264462,0.20708960207135352,0.04571288067495164
2021,서울특별시,서초구,0.0,0,-1.1908264510445838,0.13759350763411426,0.6619774963281565,1.1225975534333494,0.18283552658775906,0.023121536674293248
2022,서울특별시,서초구,0.0,0,-1.1908264510445838,0.8825996888947448,0.7039822447798998,1.1420449608645378,0.38445011087364966,0.27793939957156627
2023,서울특별시,서초구,0.0,0,-1.1908264510445838,0.14653577050564837,0.7311373456691727,1.1644665205486606,0.21282829641972442,0.04005861333657501
2016,서울특별시,성동구,0.0,0,-1.376092115920659,-0.04763441500308002,0.3848114650468531,-0.6573652955654268,-0.4240700903605782,-0.6936972754963886
2017,서울특별시,성동구,0.0,0,-1.3727130296638297,0.8995080862142515,0.7093639704500472,-0.6370001467234552,-0.10021027993074655,-0.3700683633910111
2018,서울특별시,성동구,0.0,0,-1.364390041853243,-0.0499253629402715,0.6578713880181923,-0.5994115011464302,-0.33896387948043805,-0.6712423019799815
2019,서울특별시,성동구,0.0,0,-1.364390041853243,-0.09403274173501358,0.662093116707863,-0.5455031139915117,-0.3354581952179764,-0.6679752991932562
2020,서울특별시,성동구,0.0,0,-1.3410772777880036,0.23045539534299256,0.6912197662605591,-0.36934073491231006,-0.19718571277419045,-0.49332087245244033
2021,서울특별시,성동구,0.0,0,-1.3410772777880036,0.13759350763411426,0.6619774963281565,-0.3474584777955271,-0.222241187905315,-0.5169807493164722
2022,서울특별시,성동구,0.0,0,-1.3410772777880036,0.8825996888947448,0.7039822447798998,-0.32600847487288204,-0.020125954746560246,-0.2614953545887136
2023,서울특별시,성동구,0.0,0,-1.3410772777880036,0.14653577050564837,0.7311373456691727,-0.3045862893628236,-0.19199761274400157,-0.49970926554839296
2016,서울특별시,성북구,0.0,0,-0.7716712249903654,-0.04763441500308002,0.3848114650468531,0.3940754147280476,-0.010104690054636212,-0.1417434084217993
2017,서울특별시,성북구,0.0,0,-0.7679740308677883,0.8995080862142515,0.7093639704500472,0.40571710348460616,0.3116537823202791,0.17908371961035643
2018,서울특별시,성북구,0.0,0,-0.7606465532250412,-0.0499253629402715,0.6578713880181923,0.4322721288693522,0.06989290018055797,-0.1260999290986535
2019,서울특별시,성북구,0.0,0,-0.7606465532250412,-0.09403274173501358,0.662093116707863,0.5162602662065184,0.08091852198858165,-0.11280634291784546
2020,서울특별시,성북구,0.0,0,-0.7330970971594314,0.23045539534299256,0.6912197662605591,0.4772636465959854,0.16646042776002642,-0.008459351740151147
2021,서울특별시,성북구,0.0,0,-0.7330970971594314,0.13759350763411426,0.6619774963281565,0.4953944235910057,0.14046708259846127,-0.033369721978103804
2022,서울특별시,성북구,0.0,0,-0.7330970971594314,0.8825996888947448,0.7039822447798998,0.5142713011467465,0.3419390344154899,0.22125796429401998
2023,서울특별시,성북구,0.0,0,-0.7330970971594314,0.14653577050564837,0.7311373456691727,0.5354214101844328,0.1699993572999556,-0.017046638823116744
2016,서울특별시,송파구,0.0,0,-1.3059588234005637,-0.04763441500308002,0.3848114650468531,-1.471604730388148,-0.6100966259362347,-0.9417326562639307
2017,서울특별시,송파구,0.0,0,-1.3025428258583434,0.8995080862142515,-0.47993833673073905,-1.4395186326903953,-0.5806229272663066,-0.6141844574448291
2018,서울특별시,송파구,0.0,0,-1.2943353509409334,-0.0499253629402715,-0.8131323011959672,-1.397054705364289,-0.8886119301103653,-0.9137718064151646
2019,서울특별시,송파구,0.0,0,-1.2943353509409334,-0.09403274173501358,0.662093116707863,-1.3417845833976596,-0.517014889841436,-0.9100508920245355
2020,서울특별시,송파구,0.0,0,-1.3128214672370986,0.23045539534299256,0.6912197662605591,-1.3417711783996262,-0.4332293710082933,-0.8080457500979108
2021,서울특별시,송파구,0.0,0,-1.3128214672370986,0.13759350763411426,0.6619774963281565,-1.3268766236631588,-0.4600317717344966,-0.8340348610887144
2022,서울특별시,송파구,0.0,0,-1.3128214672370986,0.8825996888947448,0.7039822447798998,-1.3053293489364022,-0.25789222062471406,-0.578517042426252
2023,서울특별시,송파구,0.0,0,-1.3128214672370986,0.14653577050564837,0.7311373456691727,-1.2853065668162367,-0.43011372946962856,-0.8171974211825622
2016,서울특별시,양천구,0.0,0,-1.3314819819090804,-0.04763441500308002,0.3848114650468531,-0.5832143418301812,-0.39437981842387215,-0.6541102462474472
2017,서울특별시,양천구,0.0,0,-1.3280794172537804,0.8995080862142515,0.7093639704500472,-0.5619272219638952,-0.07028364563834424,-0.3301661843344747
2018,서울특별시,양천구,0.0,0,-1.3198299044713797,-0.0499253629402715,-0.32501708195245277,-0.526252586877254,-0.5552562340603394,-0.6320026180963016
2019,서울특별시,양천구,0.0,0,-1.3198299044713797,-0.09403274173501358,0.662093116707863,-0.4625901628908955,-0.30358992309735644,-0.6254842696990962
2020,서울특별시,양천구,0.0,0,-1.3033958270346486,0.23045539534299256,0.6912197662605591,-0.29455127751526383,-0.16906798573659015,-0.45583056973563996
2021,서울특별시,양천구,0.0,0,-1.3033958270346486,0.13759350763411426,0.6619774963281565,-0.2753347940233348,-0.19478990427392812,-0.4803790378079564
2022,서울특별시,양천구,0.0,0,-1.3033958270346486,0.8825996888947448,0.7039822447798998,-0.25470273956359174,0.007120841769101063,-0.22516629256783185
2023,서울특별시,양천구,0.0,0,-1.3033958270346486,0.14653577050564837,0.7311373456691727,-0.23365834101527905,-0.16484526296877663,-0.46350613251475975
2016,서울특별시,용산구,0.0,0,-0.926445599592032,-0.04763441500308002,0.3848114650468531,-0.8323733216952214,-0.3554104678108701,-0.6021511120967779
2017,서울특별시,용산구,0.0,0,-0.922829863517507,0.8995080862142515,0.7093639704500472,-0.8040803347668724,-0.02950953540502016,-0.2758007040233759
2018,서울특별시,용산구,0.0,0,-0.9152474650638661,-0.0499253629402715,0.6578713880181923,-0.769440466377871,-0.26918547659095404,-0.5782044314606695
2019,서울특별시,용산구,0.0,0,-0.9152474650638661,-0.09403274173501358,0.662093116707863,-0.6883834562568043,-0.25889263658695527,-0.565887887685228
2020,서울특별시,용산구,0.0,0,-0.8857122502246306,0.23045539534299256,0.6912197662605591,-0.6323844867534387,-0.14910539384362942,-0.4292137805450256
2021,서울특별시,용산구,0.0,0,-0.8857122502246306,0.13759350763411426,0.6619774963281565,-0.6223951565719167,-0.17713410070856914,-0.4568379663874777
2022,서울특별시,용산구,0.0,0,-0.8857122502246306,0.8825996888947448,0.7039822447798998,-0.6034497185996541,0.024354991212589966,-0.20218742664317998
2023,서울특별시,용산구,0.0,0,-0.8857122502246306,0.14653577050564837,0.7311373456691727,-0.5839218969370812,-0.1479902577467227,-0.44103279221868785
2016,서울특별시,은평구,0.0,0,-0.5605855246508098,-0.04763441500308002,0.3848114650468531,-0.5050781979750244,-0.18212166814551528,-0.37109937920963815
2017,서울특별시,은평구,0.0,0,-0.5567772357222248,0.8995080862142515,0.7093639704500472,-0.4800065219723242,0.1430220747424374,-0.04575855716009917
2018,서울특별시,은평구,0.0,0,-0.5497974263419863,-0.0499253629402715,0.6578713880181923,-0.448427432970117,-0.0975697085585456,-0.34938340741745827
2019,서울특별시,은평구,0.0,0,-0.5497974263419863,-0.09403274173501358,0.662093116707863,-0.3605188763011059,-0.08556398191756068,-0.33478301479270184
2020,서울특별시,은평구,0.0,0,-0.5108082027993035,0.23045539534299256,0.6912197662605591,-0.48264546440523987,-0.017944626400247923,-0.25433275728718363
2021,서울특별시,은평구,0.0,0,-0.5108082027993035,0.13759350763411426,0.6619774963281565,-0.47381528139101337,-0.046263120057011525,-0.2823433255187342
2022,서울특별시,은평구,0.0,0,-0.5108082027993035,0.8825996888947448,0.7039822447798998,-0.45545035395412,0.15508084423030527,-0.027886289286226218
2023,서울특별시,은평구,0.0,0,-0.5108082027993035,0.14653577050564837,0.7311373456691727,-0.4360457614843099,-0.017295212027198095,-0.2667727312593217
2016,서울특별시,종로구,0.0,0,-0.3547226285533855,-0.04763441500308002,0.3848114650468531,-0.3723834526689911,-0.09748225779465088,-0.2582468320751522
2017,서울특별시,종로구,0.0,0,-0.3508059935906099,0.8995080862142515,0.7093639704500472,-0.34917553095534154,0.22722263302958684,0.06650885388943338
2018,서울특별시,종로구,0.0,0,-0.3441652502640454,-0.0499253629402715,0.6578713880181923,-0.318425229132697,-0.013661113579705383,-0.23750528077900465
2019,서울특별시,종로구,0.0,0,-0.3441652502640454,-0.09403274173501358,0.662093116707863,-0.230508285403362,-0.0016532901736394934,-0.22290209246747364
2020,서울특별시,종로구,0.0,0,-0.34583311168587527,0.23045539534299256,0.6912197662605591,-0.17466095791452646,0.10029527300078749,-0.09667955808580304
2021,서울특별시,종로구,0.0,0,-0.34583311168587527,0.13759350763411426,0.6619774963281565,-0.1631713573433875,0.072641633733252,-0.12380365379838283
2022,서울특별시,종로구,0.0,0,-0.34583311168587527,0.8825996888947448,0.7039822447798998,-0.14472431571367733,0.27400612656877305,0.13068075383173075
2023,서울특별시,종로구,0.0,0,-0.34583311168587527,0.14653577050564837,0.7311373456691727,-0.1248088770209907,0.10175778186698876,-0.10803540606707253
2016,서울특별시,중구,0.0,0,-1.3349110958054293,-0.04763441500308002,0.3848114650468531,-1.6694984062024187,-0.6668081129910188,-1.017347972336976
2017,서울특별시,중구,0.0,0,-1.3315103358993023,0.8995080862142515,0.7093639704500472,-1.6338691883073573,-0.33912686688559024,-0.6886238126641361
2018,서울특별시,중구,0.0,0,-1.3232551752020103,-0.0499253629402715,0.6578713880181923,-1.590733523189791,-0.5765106683284702,-0.9879713537773576
2019,서울특별시,중구,0.0,0,-1.3232551752020103,-0.09403274173501358,0.662093116707863,-1.5316842264408312,-0.5717197566674981,-0.982990714459285
2020,서울특별시,중구,0.0,0,-1.2955639960937553,0.23045539534299256,0.6912197662605591,-1.4645177719330058,-0.45960165160580235,-0.8432087908945896
2021,서울특별시,중구,0.0,0,-1.2955639960937553,0.13759350763411426,0.6619774963281565,-1.453868288840191,-0.4874653202429189,-0.8706129257666108
2022,서울특별시,중구,0.0,0,-1.2955639960937553,0.8825996888947448,0.7039822447798998,-1.4331596458465556,-0.28553542706641655,-0.6153746510151886
2023,서울특별시,중구,0.0,0,-1.2955639960937553,0.14653577050564837,0.7311373456691727,-1.4138231429237829,-0.4579285057106792,-0.8542837895039632
2016,서울특별시,중랑구,0.0,0,-0.9446673832812462,-0.04763441500308002,0.3848114650468531,-0.5480486885244871,-0.2888847554404901,-0.5134501622696045
2017,서울특별시,중랑구,0.0,0,-0.9410612373661716,0.8995080862142515,0.7093639704500472,-0.41742111944246985,0.0625974249639143,-0.15299142353146333
2018,서울특별시,중랑구,0.0,0,-0.9334488267617088,-0.0499253629402715,0.6578713880181923,-0.3849806303516111,-0.17762085800884977,-0.4561182733511971
2019,서울특별시,중랑구,0.0,0,-0.9334488267617088,-0.09403274173501358,0.662093116707863,-0.3055934236134178,-0.16774546885056932,-0.44435833070338004
2020,서울특별시,중랑구,0.0,0,-0.9298850433346558,0.23045539534299256,0.6912197662605591,-0.23605334411721324,-0.06106580646207935,-0.3118276640362922
2021,서울특별시,중랑구,0.0,0,-0.9298850433346558,0.13759350763411426,0.6619774963281565,-0.22206402262010902,-0.08809451549812353,-0.3381185194402168
2022,서울특별시,중랑구,0.0,0,-0.9298850433346558,0.8825996888947448,0.7039822447798998,-0.20286674477498623,0.11345753639125064,-0.0833840330716324
2023,서울특별시,중랑구,0.0,0,-0.9298850433346558,0.14653577050564837,0.7311373456691727,-0.18259399209879174,-0.058701479814656635,-0.3219810883092664
2016,울산광역시,남구,0.1014729689306337,1,-0.7680205375807141,0.6482064819771315,0.3848114650468531,0.44046078716300907,0.1763645491515699,0.10688224385314216
2017,울산광역시,남구,0.0746435429957658,1,-0.764321422094402,-0.5690765036915144,-0.44101164841859997,0.45320013211382965,-0.3303023605226717,-0.29339926455736226
2018,울산광역시,남구,0.0791807978744412,1,-0.7569999573087393,0.12684793886250653,-0.5095400063124691,-0.041335832611620896,-0.2952569643425807,-0.2238292836859512
2019,울산광역시,남구,0.033144598592302,1,-0.7569999573087393,0.7213189362793195,-0.480103900577896,0.025537712177421616,-0.12256180235747352,-0.003381102950666036
2020,울산광역시,남구,0.0506931143155181,1,-0.7525077940601093,0.11208358460712076,-0.4472545705260069,0.6786946895308122,-0.10224602261204582,0.012756826692607914
2021,울산광역시,남구,0.0124225199985571,1,-0.7525077940601093,0.3637767093485017,-0.40661852917711727,0.36558583958668883,-0.107440943575509,-0.007715081708306241
2022,울산광역시,남구,0.0065783153601225,1,-0.7525077940601093,-0.1016587905294506,-0.24846133773551682,0.38596417484458373,-0.17916593687012328,-0.15606746991499204
2023,울산광역시,남구,0.0775164424278283,1,-0.7525077940601093,-0.08368580426582652,-0.38636962104400563,0.40781160885617196,-0.20368790262844236,-0.14279399648992128
2016,울산광역시,동구,1.5050102948248747,1,1.1264646545150696,0.6482064819771315,-1.197944813737095,-0.3912194951491118,0.046376706901498616,0.4611505471143631
2017,울산광역시,동구,1.5899084478255965,1,1.131160841165188,-0.5690765036915144,-0.6232886706033577,-0.365688566003136,-0.10672322478320505,0.06546525715684583
2018,울산광역시,동구,1.2901963710745536,1,1.1353619980663068,0.12684793886250653,-0.6418693132528379,-0.33634169016673976,0.07099973337730892,0.3086227489206912
2019,울산광역시,동구,0.8775499035577246,1,1.1353619980663068,0.7213189362793195,-0.5278925763988173,-0.23820490072685352,0.2726458643049888,0.5394920112062577
2020,울산광역시,동구,0.5497963056640627,1,1.18001232314767,0.11208358460712076,-0.4723631596402105,-0.1835960634751539,0.15903417115985657,0.36949994809321224
2021,울산광역시,동구,0.4015909465595638,1,1.18001232314767,0.3637767093485017,-0.42589540417780836,-0.17579622092636682,0.2355243518479992,0.45599760385660165
2022,울산광역시,동구,0.2684992530350069,1,1.18001232314767,-0.1016587905294506,-0.39402025021214915,-0.15826561647165271,0.1315169164836044,0.30669597204885557
2023,울산광역시,동구,1.2939871678347057,1,1.18001232314767,-0.08368580426582652,-0.32575181283982096,-0.13891245497267934,0.1579155627673358,0.3191380213030547
2016,울산광역시,북구,1.391580365549128,1,0.779237856930623,0.6482064819771315,0.3848114650468531,0.4336944543764684,0.5614875645827689,0.6203795977614076
2017,울산광역시,북구,0.8043307095205604,1,0.7837512974560332,-0.5690765036915144,-0.5733500374993804,0.6971259403423954,0.08461267415188345,0.3039335780356381
2018,울산광역시,북구,1.0169321299920044,1,0.7885243535299448,0.12684793886250653,-0.6459116606486035,0.7030888369768216,0.24313736718016735,0.539487043123091
2019,울산광역시,북구,0.8970671369063957,1,0.7885243535299448,0.7213189362793195,-0.6205675516630119,0.811288177859096,0.42514097900133707,0.7737104892227867
2020,울산광역시,북구,0.6985326528362831,1,0.7652419341269866,0.11208358460712076,-0.542448396646014,0.6041006593413576,0.23474444535736275,0.49380872602515496
2021,울산광역시,북구,0.4358649804992477,1,0.7652419341269866,0.3637767093485017,-0.5272867828090764,0.614987548531716,0.304179852299532,0.5813353973357348
2022,울산광역시,북구,0.5124642804344992,1,0.7652419341269866,-0.1016587905294506,-0.47673280528568673,0.631279044737442,0.20453234576232282,0.4316207294449927
2023,울산광역시,북구,1.188544396168717,1,0.7652419341269866,-0.08368580426582652,-0.5039208324267015,0.6513750073116669,0.20725257618653137,0.444310379057609
2016,울산광역시,울주군,1.0675687180366482,1,0.811555936513751,0.6482064819771315,-1.20525558617168,0.229614453147725,0.12103032136673184,0.5631256238795358
2017,울산광역시,울주군,0.8992666408683598,1,0.8160863861059813,-0.5690765036915144,-0.5375793674258912,0.2537119742850235,-0.009214377681600203,0.1669072855664968
2018,울산광역시,울주군,0.7156911449948399,1,0.8208062127543173,0.12684793886250653,-0.5305323507229001,0.20429123340822253,0.15535325857553658,0.38398179500834884
2019,울산광역시,울주군,0.6239042778177846,1,0.8208062127543173,0.7213189362793195,-0.517317259885531,0.17233221473938967,0.2992850259718739,0.5714857879243422
2020,울산광역시,울주군,0.5379542911542433,1,0.7612099133460954,0.11208358460712076,-0.4446627659272824,0.3900920537739045,0.20468069644995956,0.42112851724237355
2021,울산광역시,울주군,0.2356253288162656,1,0.7612099133460954,0.3637767093485017,-0.434442111463028,0.4085066153894954,0.27476278165526613,0.5111644126946975
2022,울산광역시,울주군,0.2401973058800373,1,0.7612099133460954,-0.1016587905294506,-0.45402278140053476,0.3709866213679683,0.1441287406960196,0.343512581394871
2023,울산광역시,울주군,0.8926535621080008,1,0.7612099133460954,-0.08368580426582652,-0.4736893116250368,0.39270874562665353,0.14913588577047143,0.3567442849023075
2016,울산광역시,중구,1.398741572171646,1,0.8762765046374559,0.6482064819771315,-1.3296653174404416,0.9457404168444354,0.2851395215046453,0.8234078011530075
2017,울산광역시,중구,1.3310987256519409,1,0.8808410167879213,-0.5690765036915144,-0.5972160439814928,1.0981789208027641,0.20318184747941956,0.469981144633057
2018,울산광역시,중구,1.013417442604878,1,0.885454245559509,0.12684793886250653,-0.5970068137825149,1.0846356637393049,0.37498275859470137,0.6989792827204401
2019,울산광역시,중구,0.704383812485933,1,0.885454245559509,0.7213189362793195,-0.5689809784865572,1.1819760018159224,0.5549420512920484,0.9295830612182504
2020,울산광역시,중구,0.5700751829699511,1,0.8038733374203422,0.11208358460712076,-0.47755764352271346,1.1223398256894017,0.3901847760485378,0.679432249238955
2021,울산광역시,중구,0.4850153868661734,1,0.8038733374203422,0.3637767093485017,-0.5710920258521937,1.131095139166281,0.4319132900207328,0.7662483953117083
2022,울산광역시,중구,0.4641113035408978,1,0.8038733374203422,-0.1016587905294506,-0.6222522852477841,1.148964209205219,0.30723161771208163,0.6170595853653702
2023,울산광역시,중구,1.1951943865143535,1,0.8038733374203422,-0.08368580426582652,-0.47225276363104796,1.1704623771662226,0.3545992866724226,0.6302166367735794
2020,인천광역시,강화군,0.0,0,-1.2992160358586462,-1.1627106265822007,-0.3148093123140229,-1.333383118396843,-1.0275297732879283,-1.26510326027923
2021,인천광역시,강화군,0.0,0,-1.2992160358586462,-1.0213063647771121,-0.3907913303166608,-1.3723181562900506,-1.0209079718106175,-1.230946852308603
2022,인천광역시,강화군,0.0,0,-1.2992160358586462,-0.37355723003279107,-0.2812093523804299,-1.4009986717852247,-0.8387453225142729,-1.0245906458922207
2023,인천광역시,강화군,0.0,0,-1.2992160358586462,-1.3790204351578312,-0.23191181840621566,-1.3802851547926356,-1.0726083610538322,-1.352840541936371
2016,인천광역시,계양구,0.0,0,-1.2996387027116005,-0.7123014849402011,0.3848114650468531,-0.7532887900527161,-0.5951043781644162,-0.9217429925681726
2017,인천광역시,계양구,0.0,0,-1.2962193788778278,-0.14791555704431542,-0.4734986343989266,-0.7274612190958831,-0.6612736973542382,-0.7238653850060087
2018,인천광역시,계양구,0.0,0,-1.2880223135020175,-0.9092527865903954,-0.3524679589701592,-0.6923142982787447,-0.8105143393353291,-0.9631964661237191
2019,인천광역시,계양구,0.0,0,-1.2880223135020175,-0.4498425189738936,-0.3146615939270983,-0.6179786338899281,-0.6676262650732343,-0.7852811554552797
2020,인천광역시,계양구,0.0,0,-1.2785598456277454,-0.897046813187772,-0.36350742023829086,-0.5279737439761146,-0.7667719557574808,-0.9011934675972108
2021,인천광역시,계양구,0.0,0,-1.2785598456277454,-0.4320823768555669,-0.46805618727922627,-0.514284869878221,-0.6732458199101898,-0.7416423641205111
2022,인천광역시,계양구,0.0,0,-1.2785598456277454,0.18970596283705876,-0.3806385240986453,-0.4946036573571918,-0.49102401606163093,-0.5278191800492928
2023,인천광역시,계양구,0.0,0,-1.2785598456277454,-0.7432114937164522,-0.3282216562519384,-0.47447864619751634,-0.706117910448413,-0.8320833285139045
2016,인천광역시,남동구,0.0,0,-1.2890770319108462,-0.7123014849402011,0.3848114650468531,0.48837560885506387,-0.28204786073728255,-0.5043343026653277
2017,인천광역시,남동구,0.0,0,-1.2856521494496207,-0.14791555704431542,-0.41529076764609907,0.542420343942138,-0.3266095325494743,-0.29704912085059937
2018,인천광역시,남동구,0.0,0,-1.2774724796516757,-0.9092527865903954,-0.25608487407706776,0.5038506425053939,-0.4847398744534362,-0.5609582079122257
2019,인천광역시,남동구,0.0,0,-1.2774724796516757,-0.4498425189738936,-0.2829787757409082,0.580643552353821,-0.3574125555031641,-0.382223815423916
2020,인천광역시,남동구,0.0,0,-1.2482352495452838,-0.897046813187772,-0.2626428424918939,0.590860928970252,-0.4542659940636745,-0.5181403779209347
2021,인천광역시,남동구,0.0,0,-1.2482352495452838,-0.4320823768555669,-0.3263001181115001,0.6123274934106759,-0.3485725627754187,-0.35599671099672486
2022,인천광역시,남동구,0.0,0,-1.2482352495452838,0.18970596283705876,-0.32649531029009576,0.6318304871200443,-0.18829852746956913,-0.14223293319606023
2023,인천광역시,남동구,0.0,0,-1.2482352495452838,-0.7432114937164522,-0.2757610846881875,0.6535258782535316,-0.40342048742409803,-0.44597362166940147
2018,인천광역시,미추홀구,0.0,0,-1.3035993908554693,-0.9092527865903954,0.6578713880181923,0.5633427336793998,-0.2479095139370682,-0.5498364812554883
2019,인천광역시,미추홀구,0.0,0,-1.3035993908554693,-0.4498425189738936,0.662093116707863,0.6150553974156325,-0.11907334892646687,-0.37946217080457684
2020,인천광역시,미추홀구,0.0,0,-1.2827290817755257,-0.897046813187772,0.6912197662605591,0.7913521077319056,-0.17430100524270817,-0.4628079290771307
2021,인천광역시,미추홀구,0.0,0,-1.2827290817755257,-0.4320823768555669,0.6619774963281565,0.5412364678764923,-0.12789937360661097,-0.39119166358486673
2022,인천광역시,미추홀구,0.0,0,-1.2827290817755257,0.18970596283705876,0.7039822447798998,0.5629773644224384,0.043484122565967814,-0.1766819181720095
2023,인천광역시,미추홀구,0.0,0,-1.2827290817755257,-0.7432114937164522,0.7311373456691727,0.388155211833082,-0.2266620044974308,-0.5459284545529653
2016,인천광역시,부평구,0.0,0,-1.2822504574771916,-0.7123014849402011,0.3848114650468531,-0.20700096512941227,-0.45418536062498793,-0.7338509691822682
2017,인천광역시,부평구,0.0,0,-1.2788219821768436,-0.14791555704431542,0.7093639704500472,-0.1891559692702856,-0.22663238451034934,-0.5386311694971482
2018,인천광역시,부평구,0.0,0,-1.2706535560740821,-0.9092527865903954,0.6578713880181923,-0.157419658181086,-0.4198636532068428,-0.7791086669485212
2019,인천광역시,부평구,0.0,0,-1.2706535560740821,-0.4498425189738936,-0.3315616254910123,-0.08458736278857118,-0.5341612658318898,-0.6016944792788489
2020,인천광역시,부평구,0.0,0,-1.243263831252614,-0.897046813187772,-0.31353456320327605,-0.042371855807784464,-0.6240542658628616,-0.7275608334160567
2021,인천광역시,부평구,0.0,0,-1.243263831252614,-0.4320823768555669,0.6619774963281565,-0.024707019270750946,-0.2595189327626939,-0.5666844091263107
2022,인천광역시,부평구,0.0,0,-1.243263831252614,0.18970596283705876,0.7039822447798998,-0.004951283212502683,-0.08863172671203956,-0.35283638387601934
2023,인천광역시,부평구,0.0,0,-1.243263831252614,-0.7432114937164522,0.7311373456691727,0.01594627435739973,-0.30984792623562346,-0.6568430168705556
2016,인천광역시,서구,0.0,0,-1.3160245915763078,-0.7123014849402011,0.3848114650468531,-0.8915860529895492,-0.6337751661148012,-0.9733040431686861
2017,인천광역시,서구,0.0,0,-1.312613891667044,-0.14791555704431542,-0.3688812413027792,-0.8624269358795302,-0.6729594064734172,-0.7743187948636298
2018,인천광역시,서구,0.0,0,-1.3043898379471532,-0.9092527865903954,-0.38825319320380763,-0.8274427011477024,-0.8573346297222648,-1.0136951085617503
2019,인천광역시,서구,0.0,0,-1.3043898379471532,-0.4498425189738936,0.662093116707863,-0.7462183150287871,-0.45958938881049277,-0.8334835573166114
2020,인천광역시,서구,0.0,0,-1.313074787914432,-0.897046813187772,-0.31673573004094435,-0.7743078009301937,-0.8252912830183354,-0.9948098006774658
2021,인천광역시,서구,0.0,0,-1.313074787914432,-0.4320823768555669,0.6619774963281565,-0.7639970266521375,-0.46179417377349496,-0.8363847304740455
2022,인천광역시,서구,0.0,0,-1.313074787914432,0.18970596283705876,-0.2832322746852147,-0.7446980242048526,-0.5378247809918602,-0.622688949760742
2023,인천광역시,서구,0.0,0,-1.313074787914432,-0.7432114937164522,-0.23382794917071759,-0.7251711829522871,-0.7538213534384722,-0.9271524881943903
2016,인천광역시,연수구,0.0,0,-1.3161828583715238,-0.7123014849402011,0.3848114650468531,-0.7472147223884471,-0.5977219001633298,-0.9252330219000573
2017,인천광역시,연수구,0.0,0,-1.3127722417583758,-0.14791555704431542,-0.3555902425369245,-1.053534924719966,-0.7174532415148954,-0.838074241174219
2018,인천광역시,연수구,0.0,0,-1.30454792736549,-0.9092527865903954,-0.3396885300226435,-1.0140809296808597,-0.8918925434148471,-1.0759605478789152
2019,인천광역시,연수구,0.0,0,-1.30454792736549,-0.4498425189738936,-0.411900553846831,-0.9549580141040692,-0.7803122535725711,-0.9031161534811508
2020,인천광역시,연수구,0.0,0,-1.2933263301106428,-0.897046813187772,-0.41745539372442053,-0.8659785019165915,-0.8684517597348568,-1.0187838817383355
2021,인천광역시,연수구,0.0,0,-1.2933263301106428,-0.4320823768555669,-0.5321697978721248,-0.8462418753242613,-0.7759550950406489,-0.8572168607634904
2022,인천광역시,연수구,0.0,0,-1.2933263301106428,0.18970596283705876,-0.368918013503972,-0.8252781975117587,-0.5744541445723287,-0.6429661882617809
2023,인천광역시,연수구,0.0,0,-1.2933263301106428,-0.7432114937164522,-0.3168653949140351,-0.8048864960834,-0.7895724287061325,-0.947141439970165
2020,인천광역시,옹진군,0.0,0,1.7131151335677546,-1.1627106265822007,0.6912197662605591,0.2792575637951994,0.3802204592603281,0.27655402359358444
2021,인천광역시,옹진군,0.0,0,1.7131151335677546,-1.0213063647771121,0.6619774963281565,0.28602770526740173,0.4099534925965501,0.3259454913526814
2022,인천광역시,옹진군,0.0,0,1.7131151335677546,-0.37355723003279107,0.7039822447798998,0.3024099439354856,0.5864875230625872,0.5473226158234831
2023,인천광역시,옹진군,0.0,0,1.7131151335677546,-1.3790204351578312,0.7311373456691727,0.321769124914314,0.34675029224835247,0.21862127444141244
2016,인천광역시,중구,0.0,0,-0.6929915255286008,-0.7123014849402011,0.3848114650468531,-0.05694719080622557,-0.26935718405704356,-0.4874134004250091
2017,인천광역시,중구,0.0,0,-0.6892529221303861,-0.14791555704431542,-0.08105968336974137,-0.03600300076668822,-0.23855779082778278,-0.2910571599804633
2018,인천광역시,중구,0.0,0,-0.682055033722545,-0.9092527865903954,0.6578713880181923,-0.008854243995574995,-0.23557266907258073,-0.533387354769505
2019,인천광역시,중구,0.0,0,-0.682055033722545,-0.4498425189738936,0.662093116707863,-0.25389206326141445,-0.1809241248124975,-0.46192987198595103
2020,인천광역시,중구,0.0,0,-0.7077122542849724,-0.897046813187772,-0.05355322378038915,-0.18284520771135415,-0.46028937474112186,-0.5958680917280329
2021,인천광역시,중구,0.0,0,-0.7077122542849724,-0.4320823768555669,-0.15220925821464437,-0.16950286954655425,-0.36537668972543447,-0.4364325002290312
2022,인천광역시,중구,0.0,0,-0.7077122542849724,0.18970596283705876,-0.06247008266472184,-0.15057135263848775,-0.18276193168778082,-0.22285921469546713
2023,인천광역시,중구,0.0,0,-0.7077122542849724,-0.7432114937164522,-0.01993878966656218,-0.13037801429091866,-0.40031013798972637,-0.5271005874307811
2016,전라남도,강진군,0.0,0,-0.33947626061423425,0.6260995810721968,0.3848114650468531,-0.22831280525002304,0.11078049506369814,0.019436838402646494
2017,전라남도,강진군,0.0,0,-0.33555160145898233,-0.46719551719049013,0.7093639704500472,-0.27558328272185406,-0.09224160773031984,-0.35944346712377556
2018,전라남도,강진군,0.0,0,-0.3289359696309345,0.6889190727538004,0.6578713880181923,-0.34840645746408355,0.1673620084192437,0.0038588818862607677
2019,전라남도,강진군,0.0,0,-0.3289359696309345,0.6409248366966637,0.662093116707863,-0.3814179092845432,0.14816601862226222,-0.023143014072938024
2020,전라남도,강진군,0.0,0,-0.2961611488720688,0.20519294474404626,0.6912197662605591,-0.37708959989581403,0.055790490559180644,-0.15601926800794552
2021,전라남도,강진군,0.0,0,-0.2961611488720688,0.8875193921634497,0.6619774963281565,-0.3547496142689161,0.22464653133765533,0.07886954300748826
2022,전라남도,강진군,0.0,0,-0.2961611488720688,0.12967779400495494,0.7039822447798998,-0.33460285037655013,0.05072400988405895,-0.16702873508122132
2023,전라남도,강진군,0.0,0,-0.2961611488720688,0.661292707794401,0.7311373456691727,-0.3492560428993516,0.1867532154230383,0.005291838674326865
2016,전라남도,고흥군,9.999500033330834e-05,1,0.4701955614719813,0.41025377469363294,-0.6819317375688163,0.5807171681660199,0.19480869169070447,0.48705550144387805
2017,전라남도,고흥군,0.0001999800026662,1,0.47454635244885784,0.17968205135430101,-0.08838251934651759,0.6644935626323817,0.30758486177225575,0.43957398881184684
2018,전라남도,고흥군,0.0,0,0.4798284159909726,-0.14589390685838077,-0.08683529933597811,0.7114899339665031,0.2396472859407792,0.34847481436636496
2019,전라남도,고흥군,0.0,0,0.4798284159909726,0.6181158968078928,-0.050732451364088244,0.6136945836497383,0.41522661127112886,0.5705462988162012
2020,전라남도,고흥군,0.0,0,0.5162488183646212,-0.42490793730519705,0.3399529049099772,0.6594380830716438,0.2726829672602613,0.250259654710356
2021,전라남도,고흥군,0.0,0,0.5162488183646212,0.1626509083272916,0.6619774963281565,0.674872034179915,0.5039373142999961,0.4512572536239426
2022,전라남도,고흥군,9.999500033330834e-05,1,0.5162488183646212,-0.5528096301699634,-0.09901729723695041,0.6929102741144644,0.13933304126804294,0.21878315410304072
2023,전라남도,고흥군,9.999500033330834e-05,1,0.5162488183646212,-0.22032632430188961,-0.058922686171838684,0.4647082888366145,0.17542702418187686,0.25354359429978207
2016,전라남도,곡성군,0.0,0,1.2467790722383505,-0.07962992484779452,0.3848114650468531,-0.29897101522162783,0.3132473993039453,0.28939271072297607
2017,전라남도,곡성군,0.0,0,1.2515385805956019,-0.2189785994968385,0.7093639704500472,-0.2972572741115106,0.36116666935932495,0.24510090232908424
2018,전라남도,곡성군,0.0,0,1.2555415738859346,0.14987729107816056,0.6578713880181923,-0.3587598956764283,0.4261325893264648,0.34888632309588896
2019,전라남도,곡성군,0.0,0,1.2555415738859346,0.027721562380056936,0.662093116707863,-0.4153768048035329,0.3824948620425804,0.2892954438208195
2020,전라남도,곡성군,0.0,0,1.3116546351353013,0.8296800332921055,0.6912197662605591,-0.3548248842750249,0.6194323876032353,0.5955032613841272
2021,전라남도,곡성군,0.0,0,1.3116546351353013,0.04593691021843801,-0.04023133528355252,-0.33440579670388193,0.24573860334157618,0.34106191621661913
2022,전라남도,곡성군,0.0,0,1.3116546351353013,-0.4500094090217157,0.13482974992690316,-0.3144370182910653,0.17050948943735586,0.1824027359408401
2023,전라남도,곡성군,0.0,0,1.3116546351353013,0.6165725257601823,0.10715783355821765,-0.41579536319892907,0.40489740781369304,0.5041439325655183
2016,전라남도,광양시,0.174793290373163,1,-0.03460165742961646,1.0551008196886098,0.3848114650468531,0.5279780875036789,0.48332217870238137,0.5161590832542241
2017,전라남도,광양시,0.0206845911928326,1,-0.030516542190210126,0.14809774052587815,-0.25055997014473874,0.5971784599039959,0.1160499220237313,0.2382532194132213
2018,전라남도,광양시,0.0382587121170903,1,-0.02440305344149766,1.17731522560051,-0.33179016254049226,0.6182317977887816,0.3598384518518254,0.5903813233159313
2019,전라남도,광양시,0.0439211870579281,1,-0.02440305344149766,1.3342824562650895,-0.41539125575419866,0.6503646222767876,0.38621319233654516,0.6534146750334598
2020,전라남도,광양시,0.0722276339968807,1,0.011454593636552804,0.9780950395125898,-0.3722311312675364,0.651406899229213,0.3171813502777048,0.5469855107927852
2021,전라남도,광양시,0.0825012215117436,1,0.011454593636552804,1.016676730763424,-0.42935980130293094,0.6665638187471286,0.3163338354610436,0.5648983810490351
2022,전라남도,광양시,0.0644760191843648,1,0.011454593636552804,0.4868622379866602,-0.425369136476762,0.4864377975657083,0.13984637317803983,0.32825154306297377
2023,전라남도,광양시,0.134793096341532,1,0.011454593636552804,1.439326367904765,-0.3477689846461877,0.36707749408368273,0.3675223677447032,0.6059528185416668
2016,전라남도,구례군,0.0028958031120255,1,0.6694112521703296,0.12694627600198344,0.3848114650468531,-0.16238792987936118,0.2546952658349512,0.21132319943098396
2017,전라남도,구례군,0.0,0,0.6738668907445385,-0.5401912387452478,0.7093639704500472,-0.13648069268781338,0.17663973244038114,-0.0009350135628408696
2018,전라남도,구례군,0.0,0,0.6788208364987685,0.025224654824877894,0.6578713880181923,-0.10561954868988095,0.31407433266298945,0.1994753142112551
2019,전라남도,구례군,0.0006997551142733,1,0.6788208364987685,0.25736032166333334,0.662093116707863,-0.11813851442666441,0.3700339401108251,0.2726808812451458
2020,전라남도,구례군,0.0010993954433009,1,0.7251328268825192,0.6816259639722596,0.6912197662605591,-0.06612877251155687,0.5079624461509453,0.446876672781074
2021,전라남도,구례군,0.0009995003330835,1,0.7251328268825192,-0.28655130175403,0.6619774963281565,-0.12448696350880477,0.24401801448696028,0.10469818720656149
2022,전라남도,구례군,0.0016985566355814,1,0.7251328268825192,-0.656702531398661,0.7039822447798998,-0.16968494068718362,0.1506818998941436,-0.03375154840110845
2023,전라남도,구례군,0.0021975835434872,1,0.7251328268825192,0.19471904411693472,0.7311373456691727,-0.2551923888136423,0.3489492069637461,0.22155316072860387
2016,전라남도,나주시,0.0420052941450301,1,-0.4106646651024369,0.9724727406066844,0.3848114650468531,-0.37272428387614404,0.14347381416873917,0.06302793054270119
2017,전라남도,나주시,0.1656839156409313,1,-0.40677747254001384,0.5176313860888527,0.7093639704500472,-0.44318907898682486,0.0942572012530153,-0.11077838847932865
2018,전라남도,나주시,0.0,0,-0.4000445899988227,0.8236254012463917,0.6578713880181923,-0.545618880378902,0.13395832972171481,-0.04067935637711101
2019,전라남도,나주시,0.0,0,-0.4000445899988227,0.40344661627798994,0.662093116707863,-0.5293500839515617,0.03403626475886712,-0.1753160192241315
2020,전라남도,나주시,0.0,0,-0.36872696789988835,1.2333226147249061,0.6912197662605591,-0.5915642977729896,0.2410627788281468,0.0910104496840094
2021,전라남도,나주시,0.0,0,-0.36872696789988835,0.7194134476124591,0.6619774963281565,-0.5691290823648665,0.11088372341896519,-0.07281420088409858
2022,전라남도,나주시,9.999500033330834e-05,1,-0.36872696789988835,0.14872087742205775,0.7039822447798998,-0.5750131847909504,-0.022759257622220308,-0.26500642508959366
2023,전라남도,나주시,0.0318861888623217,1,-0.36872696789988835,1.295129573008317,-0.20883972182264826,-0.6038246883034841,0.02843454874557405,0.10752597226831484
2016,전라남도,담양군,0.001199280575482,1,0.1986413942401935,-0.07962992484779452,0.3848114650468531,0.3835489779393923,0.22184297809466108,0.1675201491105971
2017,전라남도,담양군,0.0,0,0.20284926574180154,-0.2189785994968385,0.7093639704500472,0.39810188105031213,0.27283412943633056,0.1273241824317584
2018,전라남도,담양군,0.0,0,0.2085785920087079,0.14987729107816056,0.6578713880181923,0.4476430971692998,0.36599259206859014,0.2686996600853894
2019,전라남도,담양군,0.0014988761237358,1,0.2085785920087079,0.027721562380056936,0.662093116707863,0.09053400567178715,0.24723181919210374,0.108944720020184
2020,전라남도,담양군,0.0002999550089979,1,0.23577005341534857,0.8296800332921055,0.6912197662605591,0.12729357007627976,0.47099085576107325,0.3975812189279113
2021,전라남도,담양군,9.999500033330834e-05,1,0.23577005341534857,0.04593691021843801,0.6619774963281565,0.14524225707496852,0.27223167925922787,0.14231640690291836
2022,전라남도,담양군,0.0002999550089979,1,0.23577005341534857,-0.4500094090217157,0.7039822447798998,0.16474436512277513,0.16362181357407696,-0.01649833016119734
2023,전라남도,담양군,0.000899595242836,1,0.23577005341534857,0.6165725257601823,0.7311373456691727,0.18574434340972928,0.4423060670636082,0.34602897419508666
2016,전라남도,목포시,0.0025966258472659,1,-0.45137088483201826,0.45420926549215024,0.3848114650468531,0.44932575164656813,0.2092438993383883,0.1507213774355667
2017,전라남도,목포시,0.0108410231778748,1,-0.4475051160305458,-0.4345768063861114,0.7093639704500472,0.6933148199009151,0.1301492169835763,-0.06292236750524734
2018,전라남도,목포시,0.0,0,-0.44070518839504513,0.35102567661390127,0.6578713880181923,0.0937889883553571,0.1654952161481014,0.0013698255247377444
2019,전라남도,목포시,0.0,0,-0.44070518839504513,0.342935880781842,0.662093116707863,0.18721838519986927,0.18788554857363227,0.02981635919555538
2020,전라남도,목포시,0.0,0,-0.4070522753747992,-0.2420697036717722,0.6912197662605591,0.19710070171127236,0.05979962223131502,-0.15067375911176636
2021,전라남도,목포시,0.0,0,-0.4070522753747992,0.11921870699741893,0.6619774963281565,0.20965552498131967,0.14594986323302397,-0.026059347798686867
2022,전라남도,목포시,0.0,0,-0.4070522753747992,-0.3485476325040435,0.7039822447798998,0.24436024147609853,0.04818564459428891,-0.17041322213424803
2023,전라남도,목포시,0.001998002662673,1,-0.4070522753747992,0.02236854993554957,0.7311373456691727,-0.07344325843961741,0.0682525904475764,-0.15270899462628904
2016,전라남도,무안군,0.0001999800026662,1,-0.33847390424453216,0.45420926549215024,0.3848114650468531,1.0608830375512315,0.3903574659614257,0.3922061329329498
2017,전라남도,무안군,0.0,0,-0.3345487175472143,-0.4345768063861114,-0.10596563807912374,1.069218179389579,0.04853175434428239,0.10003088515208443
2018,전라남도,무안군,0.0,0,-0.3279347366481348,0.35102567661390127,-0.15074573532182622,1.0317439301527753,0.2260222836991789,0.35161162337284724
2019,전라남도,무안군,9.999500033330834e-05,1,-0.3279347366481348,0.342935880781842,-0.17691833987246486,0.7984873284261238,0.15914253317184154,0.27116282418661036
2020,전라남도,무안군,0.0001999800026662,1,-0.29534841169895726,-0.2420697036717722,-0.1112308257187804,0.8324807517501018,0.04595795266514799,0.09835421212645745
2021,전라남도,무안군,0.0,0,-0.29534841169895726,0.11921870699741893,-0.1430008874608838,0.8499025432387451,0.13269298776908076,0.22459094617906894
2022,전라남도,무안군,0.0,0,-0.29534841169895726,-0.3485476325040435,0.17987195498047062,0.8678721875003634,0.1009620245694583,0.0746587144324542
2023,전라남도,무안군,0.0001999800026662,1,-0.29534841169895726,0.02236854993554957,-0.32008017482792855,0.9049890526121336,0.07798225400519931,0.2106697302829086
2016,전라남도,보성군,0.0003999200213269,1,0.020221960433241315,0.6161203562712205,-0.7569266175568679,-0.3401758025510273,-0.11519002585085833,0.09872217138447818
2017,전라남도,보성군,0.0001999800026662,1,0.02433592944711612,-0.05271406950357477,-0.1545986960993642,-0.4177105498485355,-0.15017184650108958,-0.1486962299683314
2018,전라남도,보성군,9.999500033330834e-05,1,0.03035912107036652,0.054759951527972014,-0.23354234674952795,-0.41716587378934666,-0.141397286985134,-0.11068226706366939
2019,전라남도,보성군,0.0002999550089979,1,0.03035912107036652,0.6356377138999731,-0.22887877042479698,-0.37029505356606646,0.01670575274486906,0.09856726046809107
2020,전라남도,보성군,9.999500033330834e-05,1,0.06939114354836391,0.4654752366902951,-0.33674640051839444,-0.37126398568118035,-0.04328600149022893,0.05453413151915957
2021,전라남도,보성군,0.0,0,0.06939114354836391,1.271413054561769,-0.38902946967092333,-0.39625443458219783,0.1388800734642529,0.3148499211759783
2022,전라남도,보성군,9.999500033330834e-05,1,0.06939114354836391,0.06200344401868463,-0.3397934377662972,-0.39684803338809405,-0.1513117208968357,-0.08848448194034851
2023,전라남도,보성군,0.0002999550089979,1,0.06939114354836391,0.6478353648902718,-0.3446542985530681,-0.4373951225612893,-0.016205728168930414,0.09327712862578215
2016,전라남도,순천시,0.1622889030437185,1,0.4629574933707649,0.5205953907915235,0.3848114650468531,-0.05388893074006401,0.32861885461726936,0.3098879844740748
2017,전라남도,순천시,0.0172503534065275,1,0.4673044749386181,-0.6357820164045556,0.7093639704500472,-0.16740632180455486,0.09337002679488873,-0.11196128775683079
2018,전라남도,순천시,0.0189198848525108,1,0.4725984599257034,-0.3005740264076287,0.6578713880181923,-0.25797275037207407,0.14298076779104824,-0.028649438951333133
2019,전라남도,순천시,0.020390689647734,1,0.4725984599257034,0.19721158814074868,-0.17684397586381195,-0.20528795532395094,0.07191952921967229,0.1548406975808337
2020,전라남도,순천시,0.0453557017207972,1,0.5164493639008435,0.097886946408683,-0.1575097884183092,-0.1714409690943297,0.0713463881992219,0.1476317804050656
2021,전라남도,순천시,0.0896578719305353,1,0.5164493639008435,-0.1021099314160048,0.6619774963281565,-0.14787371261182145,0.23211080405029344,0.08882190662433909
2022,전라남도,순천시,0.0867280035098241,1,0.5164493639008435,-0.569283217758052,-0.2814930678080542,-0.15276932161472367,-0.1217740608199966,-0.0685343918239774
2023,전라남도,순천시,0.1249572394043838,1,0.5164493639008435,0.19710168595134686,-0.19042709671297192,-0.15601379415624334,0.09177753974574378,0.18584575189864902
2016,전라남도,신안군,9.999500033330834e-05,1,0.7032697952268941,0.45420926549215024,0.3848114650468531,0.6618184028561951,0.5510272321555232,0.6064324878584132
2017,전라남도,신안군,0.0,0,0.7077432536167823,-0.4345768063861114,0.7093639704500472,0.6768726395501683,0.4148507643077216,0.31667969559361303
2018,전라남도,신안군,0.0002999550089979,1,0.7126414327282856,0.35102567661390127,0.08323576822471088,0.6961587453154436,0.4607654057205854,0.5866086182192102
2019,전라남도,신안군,0.0,0,0.7126414327282856,0.342935880781842,0.662093116707863,0.8143675277374053,0.6330094894888489,0.6233149470825109
2020,전라남도,신안군,0.0,0,0.745472366266753,-0.2420697036717722,0.6912197662605591,0.8650487213839348,0.5149177875598687,0.4561504613263052
2021,전라남도,신안군,0.0,0,0.745472366266753,0.11921870699741893,0.6619774963281565,0.8876943556231177,0.6035907313038615,0.5841284762957631
2022,전라남도,신안군,0.0,0,0.745472366266753,-0.3485476325040435,0.7039822447798998,0.903558826099195,0.5011164511604511,0.43349451995396815
2023,전라남도,신안군,9.999500033330834e-05,1,0.745472366266753,0.02236854993554957,0.7311373456691727,0.9235060479758317,0.6056210774618267,0.5637823213927114
2016,전라남도,여수시,0.3512200932557686,1,0.8061432121173606,0.8338547893550219,0.3848114650468531,0.8537160057222567,0.7196313680603731,0.8312380023982131
2017,전라남도,여수시,0.0241070753432331,1,0.8106708129824349,0.48988516984180597,-0.13430136572135634,0.9057450099566019,0.5179999067648716,0.7354336642602809
2018,전라남도,여수시,0.0156764793850075,1,0.8153995546471994,0.8011725083421561,0.6578713880181923,0.9054166234875685,0.7949650186237791,0.840662895492308
2019,전라남도,여수시,0.034208171329737,1,0.8153995546471994,1.1196750740369468,0.662093116707863,1.0230984575502406,0.9050665507355624,0.9860576954114624
2020,전라남도,여수시,0.069619341880057,1,0.8494288392274795,0.6472059721879788,0.6912197662605591,1.1393009074607554,0.8317888712841932,0.8786452396254045
2021,전라남도,여수시,0.2225033464267864,1,0.8494288392274795,1.290298691159192,0.6619774963281565,1.1513289273742935,0.9882584885222805,1.0970188192536552
2022,전라남도,여수시,0.2273745878420257,1,0.8494288392274795,0.2382154145683074,-0.41369181723115533,1.1673780307724917,0.46033261683428084,0.7516740948560928
2023,전라남도,여수시,0.2760395606677065,1,0.8494288392274795,0.6847426860687597,-0.2740158309616905,1.1878184038680573,0.6119935245506515,0.9073299763880988
2016,전라남도,영광군,0.0005998200719676,1,0.26985090096775843,-0.1665641199941597,0.3848114650468531,0.8365162700357878,0.33115362901405987,0.31326768366979546
2017,전라남도,영광군,0.0023971245997214,1,0.27409625016834405,-0.49469084314169615,0.7093639704500472,0.954637789425246,0.36085179172548526,0.24468106548396462
2018,전라남도,영광군,0.0,0,0.2797082909657078,-0.04650087255319952,0.6578713880181923,0.9726303000380008,0.46592727661717537,0.40194590615016973
2019,전라남도,영광군,0.0,0,0.2797082909657078,-0.11085203556050996,0.662093116707863,0.7433195461674424,0.3935672295701258,0.30405860052421346
2020,전라남도,영광군,0.0,0,0.3087369635156128,0.21141970385475767,0.6912197662605591,0.7267396506309645,0.4845290210654735,0.41563210600044503
2021,전라남도,영광군,0.0,0,0.3087369635156128,0.0006736649042328596,0.6619774963281565,0.7419388153179992,0.42833173501650035,0.3504498145792816
2022,전라남도,영광군,0.0,0,0.3087369635156128,-0.5293004320741996,0.7039822447798998,0.7595168819612496,0.31073391454564064,0.1796511378008876
2023,전라남도,영광군,0.0003999200213269,1,0.3087369635156128,-0.3674076663448901,0.7311373456691727,0.7811761185289531,0.3634106903422121,0.24083513856655858
2016,전라남도,영암군,0.0,0,-0.7018861194197457,0.6260995810721968,0.3848114650468531,-0.20734727912121861,0.025419411894521397,-0.09437793915625585
2017,전라남도,영암군,0.0,0,-0.6981521972632317,-0.46719551719049013,0.7093639704500472,-0.19040144163158074,-0.16159629640881384,-0.45191638536176754
2018,전라남도,영암군,0.0,0,-0.6909396590330725,0.6889190727538004,0.6578713880181923,-0.18549168468317637,0.11758977926393596,-0.06250409032081618
2019,전라남도,영암군,0.0,0,-0.6909396590330725,0.6409248366966637,0.662093116707863,-0.19424614890212516,0.10445803636733224,-0.08142032374617801
2020,전라남도,영암군,0.0,0,-0.6528155525011631,0.20519294474404626,0.6912197662605591,-0.14103117080584898,0.025641496924398335,-0.19621792618765524
2021,전라남도,영암군,0.0,0,-0.6528155525011631,0.8875193921634497,0.6619774963281565,-0.12038129137891593,0.19407501115288178,0.03810751609445689
2022,전라남도,영암군,0.0,0,-0.6528155525011631,0.12967779400495494,0.7039822447798998,-0.09988418771228744,0.020240074642851054,-0.20767398206949853
2023,전라남도,영암군,0.0,0,-0.6528155525011631,0.661292707794401,0.7311373456691727,-0.07868929626138546,0.16523130117525628,-0.02340404698938252
2016,전라남도,완도군,0.0,0,1.6580195129278699,0.7130295760548233,0.3848114650468531,0.6080537708685831,0.8409785812245324,0.9930342866170921
2017,전라남도,완도군,0.0,0,1.6629954579120811,0.3165709121731035,0.7093639704500472,0.5950555605742563,0.8209964752773721,0.8582073102198137
2018,전라남도,완도군,0.0,0,1.6663211184922504,0.41415588996413827,0.6578713880181923,0.6217515105998442,0.8400249767686063,0.900742839685411
2019,전라남도,완도군,0.0,0,1.6663211184922504,1.1512746042323334,0.662093116707863,0.7400191887561764,1.054927007047156,1.1858716371602533
2020,전라남도,완도군,0.0,0,1.7083020406984184,0.2494137547454501,0.6912197662605591,0.7513407060771979,0.8500690669454064,0.9030188338403554
2021,전라남도,완도군,0.0,0,1.7083020406984184,1.2491068390583018,0.6619774963281565,0.7599054659468683,1.0948229605079363,1.2391047819011962
2022,전라남도,완도군,0.0,0,1.7083020406984184,-0.09618640946319068,0.7039822447798998,0.7758362395001382,0.7729835288788165,0.7959839569117887
2023,전라남도,완도군,0.0,0,1.7083020406984184,0.47681617211031035,0.7311373456691727,0.7956326710208399,0.9279720573746855,0.9935836279431897
2016,전라남도,장성군,0.006379606964039,1,0.27570677239075425,0.08877397905328546,-0.5914795719002282,-0.05942834456229226,-0.07160679125462019,0.10168413562724914
2017,전라남도,장성군,0.0,0,0.2799552035476197,0.2643758918451876,-0.09876790717098882,-0.06952029285903255,0.09401072384069649,0.15827026751125825
2018,전라남도,장성군,0.0,0,0.2855575994441691,-0.41277306094324706,-0.1346150177571912,-0.12066165685376593,-0.09562303402750877,-0.08262570611761463
2019,전라남도,장성군,9.999500033330834e-05,1,0.2855575994441691,-0.26312982085089087,-0.14244512838779966,-0.22709353852535863,-0.08677772207997002,-0.06822191997736014
2020,전라남도,장성군,0.0001999800026662,1,0.3183209291413961,0.0337489494552721,-0.1225326902944604,-0.30650413933785525,-0.019241737758911873,0.015188579752937637
2021,전라남도,장성군,0.0002999550089979,1,0.3183209291413961,-0.0667523541259489,-0.2617674187470282,-0.32809131004490766,-0.08457253844412217,-0.025507578343153498
2022,전라남도,장성군,0.0096532570281383,1,0.3183209291413961,-0.6857935931626401,-0.2766704235642918,-0.3872970852691913,-0.2578600432136818,-0.2515899164301451
2023,전라남도,장성군,0.0047885167317971,1,0.3183209291413961,-0.22620013462497154,-0.24678621722603739,-0.34473017320089255,-0.12484889897762635,-0.084203126228156
2016,전라남도,장흥군,0.0,0,-0.08162799784816094,0.30396952669285543,0.3848114650468531,-1.111786036408348,-0.1261582606292001,-0.29648150252121785
2017,전라남도,장흥군,0.0,0,-0.07756763266125768,-0.07454429934042173,0.7093639704500472,-1.081511564850412,-0.13106488160051108,-0.4112078322840305
2018,전라남도,장흥군,0.0,0,-0.07137668927663597,-0.11393735154185426,0.6578713880181923,-1.060431850180441,-0.14696862574518474,-0.41524863033297715
2019,전라남도,장흥군,0.0,0,-0.07137668927663597,0.6420402248889191,0.662093116707863,-1.0477487644730266,0.04625197196177988,-0.1590284096202478
2020,전라남도,장흥군,0.0,0,-0.026406292596580175,-0.08474501449565829,0.6912197662605591,-0.99883672557673,-0.10469206660210231,-0.3699960108896561
2021,전라남도,장흥군,0.0,0,-0.026406292596580175,0.4562374703616272,0.6619774963281565,-0.9895643446374275,0.025561082363944027,-0.18657772229079347
2022,전라남도,장흥군,0.0,0,-0.026406292596580175,-0.42042598248955637,0.7039822447798998,-1.0159718352849196,-0.1897054663977891,-0.4876013701236854
2023,전라남도,장흥군,0.0,0,-0.026406292596580175,0.36108220283952974,0.7311373456691727,-1.038153636120405,0.006914904947929346,-0.23449257529248513
2016,전라남도,진도군,0.0,0,0.6615295657685677,0.2717397286910629,0.3848114650468531,0.8396860960461907,0.5394417138881686,0.5909851301686071
2017,전라남도,진도군,0.0,0,0.6659810561962162,-0.7956867075805298,0.7093639704500472,0.8764241946618457,0.3640206284318948,0.2489061810925107
2018,전라남도,진도군,0.0,0,0.6709479834655964,0.3211740508929667,0.6578713880181923,0.8953502036380705,0.6363359065037064,0.6291574126655445
2019,전라남도,진도군,0.0,0,0.6709479834655964,0.37497322342830725,0.662093116707863,0.6672240154577507,0.5938095847648793,0.5710484074505514
2020,전라남도,진도군,0.0,0,0.7011940228745054,-0.3641223355975706,0.6912197662605591,0.6957254959833976,0.43100423738022287,0.34426572775344416
2021,전라남도,진도군,0.0,0,0.7011940228745054,0.4304760188105067,0.6619774963281565,0.370576994463029,0.5410561331190494,0.5007490120493471
2022,전라남도,진도군,0.0,0,0.7011940228745054,-0.5297046572089609,0.7039822447798998,0.3894890074660551,0.31624015447787485,0.18699279104386654
2023,전라남도,진도군,0.0,0,0.7011940228745054,-0.47708016346142146,0.7311373456691727,0.4104742614063278,0.3414313666221461,0.2115293736064706
2016,전라남도,함평군,9.999500033330834e-05,1,-0.09836207366234344,-0.1665641199941597,0.3848114650468531,0.43332951846175355,0.13830369746302587,0.05613444160175013
2017,전라남도,함평군,0.0002999550089979,1,-0.0943105156514038,-0.49469084314169615,0.7093639704500472,0.44476374690680964,0.1412815896409392,-0.048079203962096785
2018,전라남도,함평군,0.0,0,-0.08809201044211257,-0.04650087255319952,0.6578713880181923,0.46947428307018263,0.24818819702326572,0.11162713335829018
2019,전라남도,함평군,0.0,0,-0.08809201044211257,-0.11085203556050996,0.662093116707863,0.3631313844129487,0.2065701137795473,0.05472911280344205
2020,전라남도,함평군,0.0,0,-0.04223883492992266,0.21141970385475767,0.6912197662605591,0.25542331901737897,0.27895598855069326,0.14153472931407132
2021,전라남도,함평군,0.0,0,-0.04223883492992266,0.0006736649042328596,0.6619774963281565,0.16418293230295447,0.19614881465135528,0.04087258742575489
2022,전라남도,함평군,9.999500033330834e-05,1,-0.04223883492992266,-0.5293004320741996,0.7039822447798998,0.1839214907328035,0.07909111712714526,-0.12920592542377293
2023,전라남도,함평군,9.999500033330834e-05,1,-0.04223883492992266,-0.3674076663448901,0.0134040426752563,0.205111414239538,-0.04778276109000461,-0.06817836234509157
2016,전라남도,해남군,0.0,0,-0.057814120727978154,0.06267385082214565,0.3848114650468531,0.49319763845678277,0.22071720839945086,0.16601912285031675
2017,전라남도,해남군,0.0,0,-0.053741222252203576,-0.7530206766574234,0.7093639704500472,0.2642780598609372,0.041720032850339345,-0.18082794634956326
2018,전라남도,해남군,0.0,0,-0.047589501464226955,-0.4745549339481406,0.6578713880181923,0.3054526561078326,0.11029490217841435,-0.07223059310151164
2019,전라남도,해남군,0.0,0,-0.047589501464226955,-0.3270078864366323,0.662093116707863,0.3867540940966876,0.16856245572592282,0.004052235398609438
2020,전라남도,해남군,0.0,0,-0.011618698057238294,-0.5410961999186603,0.6912197662605591,0.34487077053916104,0.1208439097059554,-0.06928137581224585
2021,전라남도,해남군,0.0,0,-0.011618698057238294,0.2599088863056612,0.6619774963281565,0.19792353912971955,0.27704780592657474,0.14873790912604748
2022,전라남도,해남군,0.0,0,-0.011618698057238294,-0.603195160013855,0.7039822447798998,0.21765607892625238,0.07670611640876474,-0.13238592638161362
2023,전라남도,해남군,0.0,0,-0.011618698057238294,-0.2072683420796244,0.7311373456691727,0.2388802197966423,0.18778263133223808,0.00666439321992653
2016,전라남도,화순군,0.0,0,0.5222442348587168,0.9724727406066844,0.3848114650468531,-0.24913003383137727,0.40759960167021925,0.41519564721134133
2017,전라남도,화순군,0.0,0,0.5266224191515004,0.5176313860888527,0.7093639704500472,-0.2088449024778083,0.386193218303148,0.27846963425418164
2018,전라남도,화순군,0.0,0,0.5318187560346651,0.8236254012463917,0.0163317027274925,-0.1761240085400555,0.2989129628671235,0.3931067162470005
2019,전라남도,화순군,0.0,0,0.5318187560346651,0.40344661627798994,0.662093116707863,-0.16030569493607058,0.3592631985211119,0.2583198924588615
2020,전라남도,화순군,0.0,0,0.5768663454448781,1.2333226147249061,0.6912197662605591,-0.15592406538607326,0.5863711652610676,0.5514216315945704
2021,전라남도,화순군,0.0,0,0.5768663454448781,0.7194134476124591,0.6619774963281565,-0.13592484443781336,0.45558311123692014,0.38678498287317464
2022,전라남도,화순군,9.999500033330834e-05,1,0.5768663454448781,0.14872087742205775,0.7039822447798998,-0.2332395074905395,0.29908249003907406,0.16411590512546545
2023,전라남도,화순군,0.0,0,0.5768663454448781,1.295129573008317,0.013890596160834795,-0.3066096025892644,0.3948192280061914,0.5217954386213103
2016,전북특별자치도,고창군,9.999500033330834e-05,1,0.3741803723742128,0.08877397905328546,0.3848114650468531,0.1833719257165276,0.25778443554771974,0.21544209238134196
2017,전북특별자치도,고창군,0.0001999800026662,1,0.37848063037424884,0.2643758918451876,0.7093639704500472,0.13206017662988637,0.3710701673248425,0.2583055662831076
2018,전북특별자치도,고창군,0.0,0,0.38392083553331985,-0.41277306094324706,0.6578713880181923,0.11551630843563784,0.18613386776097574,0.028888027675236877
2019,전북특별자치도,고창군,0.0,0,0.38392083553331985,-0.26312982085089087,0.662093116707863,0.10434369779983593,0.22180695729753197,0.07504490416075497
2020,전북특별자치도,고창군,0.0,0,0.3175609671093957,0.0337489494552721,0.6912197662605591,0.09690644665943987,0.2848590323711667,0.1494054544080359
2021,전북특별자치도,고창군,0.0,0,0.3175609671093957,-0.0667523541259489,0.6619774963281565,0.03959592744163948,0.23809550918831068,0.09680151347502876
2022,전북특별자치도,고창군,0.0,0,0.3175609671093957,-0.6857935931626401,0.7039822447798998,-0.005647450642883481,0.08252554202094298,-0.12462669223204263
2023,전북특별자치도,고창군,0.0,0,0.3175609671093957,-0.22620013462497154,-0.022351965336587648,-0.040060284491018436,0.007237145664204515,0.01710018266446857
2016,전북특별자치도,군산시,0.1432341680859078,1,-0.8255241398425646,-0.1966341557212254,-1.1589722930757749,-0.42972435695254474,-0.6527137363980274,-0.4839608841721115
2017,전북특별자치도,군산시,0.0172503534065275,1,-0.8218552886116129,-0.6365919295793441,-0.5361262869118357,-0.41259351136690414,-0.6017917541174242,-0.6236802431859537
2018,전북특별자치도,군산시,0.096582097846244,1,-0.814439112637773,0.45614133986152866,-0.5111720859441149,-0.3383527407070742,-0.3019556498568584,-0.23221683782777283
2019,전북특별자치도,군산시,0.0919408736983572,1,-0.814439112637773,-0.34016400798432883,-0.5072599803889183,-0.37226819598393485,-0.5085328242487388,-0.5089571055353456
2020,전북특별자치도,군산시,0.0452601314048645,1,-0.7816818920663483,0.01726582864616942,-0.3764140328221245,-0.30999459147022135,-0.36270617192813115,-0.35813688496346674
2021,전북특별자치도,군산시,0.0241070753432331,1,-0.7816818920663483,-0.13814992358595876,-0.43794962401393756,-0.4444385873530337,-0.4505550067548196,-0.45475680100178023
2022,전북특별자치도,군산시,0.0363319292473902,1,-0.7816818920663483,-0.33000804719390736,-0.4118605964889964,-0.4730916318876742,-0.49916054190923165,-0.5282605237159766
2023,전북특별자치도,군산시,0.1100196450385494,1,-0.7816818920663483,0.6696820594970366,-0.4256254953352605,-0.45098140707570145,-0.2471516837450684,-0.18766041321500437
2016,전북특별자치도,김제시,0.0007996801705643,1,-0.9370916793502353,-0.23713775938869802,0.3848114650468531,-0.4569200591808313,-0.3115845082182279,-0.5437164993065883
2017,전북특별자치도,김제시,9.999500033330834e-05,1,-0.9334815463277575,-0.24900226780086335,-0.2844805111666897,-0.4369780533630565,-0.4759855946645918,-0.5398206224972258
2018,전북특별자치도,김제시,0.0,0,-0.9258816132706543,0.02311710688831095,-0.270725915435681,-0.43502224618122054,-0.40212816699981124,-0.44592891752118796
2019,전북특별자치도,김제시,0.0,0,-0.9258816132706543,-0.07952605431553472,-0.3216378114027395,-0.3713314234187872,-0.42459422560192894,-0.45891303033499203
2020,전북특별자치도,김제시,9.999500033330834e-05,1,-0.9365874862557709,0.14208321681503325,-0.2751573712630246,-0.3738590781570478,-0.3608801797152025,-0.3894544491992618
2021,전북특별자치도,김제시,0.0001999800026662,1,-0.9365874862557709,0.34903277637178803,-0.2793896335218578,-0.3315489814661047,-0.29962333121798634,-0.3063678971166958
2022,전북특별자치도,김제시,0.0007996801705643,1,-0.9365874862557709,-0.26307586558759166,-0.2166677123589958,-0.30960370695839234,-0.43148369279018767,-0.5030890196005849
2023,전북특별자치도,김제시,0.0005998200719676,1,-0.9365874862557709,0.41132667044282956,-0.19288889911790702,-0.36385488229532015,-0.2705011493065421,-0.2963718993694205
2016,전북특별자치도,남원시,9.999500033330834e-05,1,1.4384823657237742,0.12694627600198344,0.3848114650468531,-0.33231136704067443,0.40448218493298405,0.4110390915616944
2017,전북특별자치도,남원시,9.999500033330834e-05,1,1.4433427678894009,-0.5401912387452478,0.7093639704500472,-0.409711671031255,0.30070095714073636,0.16447995270429935
2018,전북특별자치도,남원시,0.0,0,1.4470300166700107,0.025224654824877894,0.6578713880181923,-0.38494912928528835,0.4362942325569481,0.36243518073653336
2019,전북특별자치도,남원시,0.0,0,1.4470300166700107,0.25736032166333334,0.662093116707863,-0.39985420251984793,0.4916573131303398,0.43484537860449873
2020,전북특별자치도,남원시,0.0,0,1.4002535420326858,0.6816259639722596,0.6912197662605591,-0.3823993339420674,0.5976749845808593,0.566493390687626
2021,전북특별자치도,남원시,0.0,0,1.4002535420326858,-0.28655130175403,-0.09696478349056867,-0.3542292071038787,0.16562706242105213,0.25315767772492576
2022,전북특별자치도,남원시,9.999500033330834e-05,1,1.4002535420326858,-0.656702531398661,-0.013256353040996122,-0.3755639218822914,0.08868268392768433,0.12266236291724449
2023,전북특별자치도,남원시,9.999500033330834e-05,1,1.4002535420326858,0.19471904411693472,0.017412039942158702,-0.36353505641543826,0.3122123924190852,0.4104791765780607
2016,전북특별자치도,무주군,9.999500033330834e-05,1,-0.3079917194859109,-0.21883026772367237,0.3848114650468531,0.006130206782948455,-0.033970078844945434,-0.1735639268088783
2017,전북특별자치도,무주군,0.0,0,-0.30405048995671485,-0.5773110934264475,0.7093639704500472,0.010474765143316161,-0.040380711947449736,-0.2902956060799487
2018,전북특별자치도,무주군,0.0,0,-0.297486714676469,-0.4221044484396346,0.6578713880181923,-0.12674961513173433,-0.0471173475574114,-0.28211359274927933
2019,전북특별자치도,무주군,0.0001999800026662,1,-0.297486714676469,-0.7479897412435396,0.662093116707863,-0.11460516898818507,-0.12449712705008265,-0.38669387496939783
2020,전북특별자치도,무주군,0.0,0,-0.2310260697126979,-0.07986666282111698,0.6912197662605591,-0.13306420997658025,0.061815705937541,-0.14798564750346505
2021,전북특별자치도,무주군,0.0,0,-0.2310260697126979,-0.16475011605209244,0.6619774963281565,-0.14933977694398942,0.029215383404844184,-0.1817053209029266
2022,전북특별자치도,무주군,0.0,0,-0.2310260697126979,-0.7928380055114981,0.7039822447798998,-0.12791476066680552,-0.1119491477777754,-0.38392627863033385
2023,전북특별자치도,무주군,9.999500033330834e-05,1,-0.2310260697126979,-0.2604120180878745,0.7311373456691727,-0.1062126505299889,0.033371651834652835,-0.1992169127768538
2016,전북특별자치도,부안군,0.0,0,0.010335561292075465,-0.23713775938869802,0.3848114650468531,0.4358542564409125,0.14846588084778578,0.06968401944809666
2017,전북특별자치도,부안군,9.999500033330834e-05,1,0.014444327075258018,-0.24900226780086335,0.7093639704500472,0.44425058320636757,0.22976415323270236,0.06989754749358741
2018,전북특별자치도,부안군,0.0,0,0.020483802071595014,0.02311710688831095,0.6578713880181923,0.4670196848852929,0.2921229954658478,0.1702068646150663
2019,전북특별자치도,부안군,0.0,0,0.020483802071595014,-0.07952605431553472,0.662093116707863,0.5651135180939064,0.29204109563945746,0.16869042194998893
2020,전북특별자치도,부안군,0.0,0,0.007549233194328248,0.14208321681503325,0.6912197662605591,0.6072467946069188,0.36202475271920986,0.25229308153876007
2021,전북특별자치도,부안군,0.0,0,0.007549233194328248,0.34903277637178803,-0.17916021536627258,0.6210874399570178,0.19962730853921537,0.32588981650771137
2022,전북특별자치도,부안군,0.0,0,0.007549233194328248,-0.26307586558759166,-0.0053175373005047155,0.6387773785785839,0.09448330222120394,0.12775024872844015
2023,전북특별자치도,부안군,0.0,0,0.007549233194328248,0.41132667044282956,-0.047045700969787024,0.6781535179498763,0.2624959301543118,0.36567647386234475
2016,전북특별자치도,순창군,0.0136070034062169,1,0.5639633620776813,-0.07962992484779452,0.3848114650468531,0.08470149141016442,0.2384615984217261,0.18967830954668372
2017,전북특별자치도,순창군,0.0020977980821461,1,0.5683635032265557,-0.2189785994968385,-1.1957542680098556,0.14256339105729762,-0.1759514933057102,0.16398276492900496
2018,전북특별자치도,순창군,0.0109399400383343,1,0.5734911267082429,0.14987729107816056,0.6578713880181923,0.17230200401968587,0.3883854524560704,0.29855680726869643
2019,전북특별자치도,순창군,0.0037927982386962,1,0.5734911267082429,0.027721562380056936,-0.34082185471355936,0.2441436466279896,0.12613362025068253,0.28178544523876314
2020,전북특별자치도,순창군,0.0022973590486834,1,0.5175154217512883,0.8296800332921055,-0.25040111816177396,0.442898454429051,0.3849231978276677,0.5966979698241482
2021,전북특별자치도,순창군,0.0023971245997214,1,0.5175154217512883,0.04593691021843801,-0.23992847710676812,0.4642483636073059,0.19694305461756603,0.3425668985256774
2022,전북특별자치도,순창군,0.0069756137364252,1,0.5175154217512883,-0.4500094090217157,-0.19178314071386926,0.48400565878891244,0.08993213270115394,0.183837223839495
2023,전북특별자치도,순창군,0.0103462920541443,1,0.5175154217512883,0.6165725257601823,-0.20617478041149628,0.5059184839219654,0.35845791275548494,0.546668810477812
2016,전북특별자치도,완주군,0.0,0,-0.7626394665433667,0.14383160948825047,0.3848114650468531,-0.4206629451690875,-0.16366483429433765,-0.3464902674080679
2017,전북특별자치도,완주군,0.0,0,-0.7589375189891218,0.06746998098883428,0.7093639704500472,-0.4720317837505836,-0.11353383782520597,-0.38783310725029035
2018,전북특별자치도,완주군,0.0,0,-0.7516249170852884,0.29189889716737394,0.6578713880181923,-0.4608700749813459,-0.06568117672026702,-0.30686536496642014
2019,전북특별자치도,완주군,0.0,0,-0.7516249170852884,0.05912509872405375,0.662093116707863,-0.4441993754146244,-0.11865151926699904,-0.3788997312586197
2020,전북특별자치도,완주군,0.0,0,-0.6931885354511862,0.6780021194144986,0.6912197662605591,-0.41760814524753836,0.0646063012440833,-0.14426485376140866
2021,전북특별자치도,완주군,0.0,0,-0.6931885354511862,0.9709485029451388,0.6619774963281565,-0.4174759926802623,0.13056536778546168,-0.04657200839543657
2022,전북특별자치도,완주군,0.0,0,-0.6931885354511862,0.22033624362382903,-0.08210444423702379,-0.4415587973072771,-0.24912888334291453,-0.3048036963782114
2023,전북특별자치도,완주군,0.0,0,-0.6931885354511862,0.9586782588558678,-0.07810643882147364,-0.4620459577651265,-0.06866566829547965,-0.06551874478681498
2016,전북특별자치도,익산시,0.00129915573162,1,-0.92642449735267,-0.1966341557212254,-1.0978781321956845,-0.5038455945645448,-0.6811955949585312,-0.54230141587948
2017,전북특별자치도,익산시,0.0006997551142733,1,-0.922808750171996,-0.6365919295793441,-0.405712393154108,-0.6761885911476531,-0.6603254160132753,-0.7451964236329977
2018,전북특별자치도,익산시,9.999500033330834e-05,1,-0.9152263864747545,0.45614133986152866,-0.26606778789932606,-0.7160594677200931,-0.36030307555816127,-0.39171483811110636
2019,전북특별자치도,익산시,0.0013990209137073,1,-0.9152263864747545,-0.34016400798432883,-0.30336143018854117,-0.7810983404436097,-0.5849625412728086,-0.6788295783008977
2020,전북특별자치도,익산시,0.0,0,-0.9082789005637546,0.01726582864616942,-0.24602232945743352,-0.7654583941695484,-0.4756234488861417,-0.5521571553623779
2021,전북특별자치도,익산시,0.0,0,-0.9082789005637546,-0.13814992358595876,-0.22437260287349825,-0.7470368537867439,-0.5044595702024889,-0.5978218926454857
2022,전북특별자치도,익산시,0.0005998200719676,1,-0.9082789005637546,-0.33000804719390736,-0.19192789656786097,-0.7257026539060546,-0.5389793745578944,-0.6546632005545722
2023,전북특별자치도,익산시,0.0009995003330835,1,-0.9082789005637546,0.6696820594970366,-0.297360511392904,-0.7563262950919338,-0.32307091188788895,-0.33164104538621725
2016,전북특별자치도,임실군,0.0221528046411333,1,0.28726024844152953,-0.32896383769774495,0.3848114650468531,-0.4750889387710965,-0.0329952657451147,-0.17226417600910396
2017,전북특별자치도,임실군,0.0118297517535772,1,0.291514760214839,-0.716622636549985,-0.296457725172528,-0.49720978253500714,-0.3046938460106703,-0.3074392196233844
2018,전북특별자치도,임실군,0.0121261797978405,1,0.2970981269827546,-0.3562555187299448,-0.2915914868770302,-0.4585855056561945,-0.2023335960701037,-0.17258096580112822
2019,전북특별자치도,임실군,0.0076705063042197,1,0.2970981269827546,-0.6873960927972153,-0.23411728423167255,-0.4913595310565805,-0.2789436952756784,-0.29388583229034704
2020,전북특별자치도,임실군,0.0129162252665463,1,0.3098346864507246,-0.2658617954957754,-0.19540431847513773,-0.4540664727091577,-0.15137447505733653,-0.13669786058473615
2021,전북특별자치도,임실군,0.0035935355101301,1,0.3098346864507246,-0.5285292377465793,-0.23494733819454294,-0.45845163999314853,-0.22802338237088654,-0.22571539709633445
2022,전북특별자치도,임실군,0.0021975835434872,1,0.3098346864507246,-0.8857483545684967,-0.18600595875129372,-0.4799997665072274,-0.3104798483440733,-0.3519711448749998
2023,전북특별자치도,임실군,0.0167587838149547,1,0.3098346864507246,-0.04260671370559854,-0.1712121404376531,-0.48489139650349167,-0.09721889104900468,-0.07255447458612187
2016,전북특별자치도,장수군,0.0,0,-0.1526897889001906,-0.6870228077379559,0.3848114650468531,-0.5835431774603873,-0.25961107726292015,-0.474418591366178
2017,전북특별자치도,장수군,9.999500033330834e-05,1,-0.14866682366922368,-0.796844497769194,0.7093639704500472,-0.5710772917552772,-0.20180616068591192,-0.5055295377312317
2018,전북특별자치도,장수군,0.0,0,-0.14235883810985464,-0.43315104590836095,0.6578713880181923,-0.5325695795084102,-0.11255201887710836,-0.36935982117554195
2019,전북특별자치도,장수군,0.0,0,-0.14235883810985464,-0.8823004838300165,0.662093116707863,-0.5350941670753121,-0.22441509307683008,-0.5199178296717277
2020,전북특별자치도,장수군,0.0,0,-0.10644507160573739,-0.15851764916473587,0.6912197662605591,-0.4830157573890549,-0.014189677974742257,-0.2493261593865094
2021,전북특별자치도,장수군,0.0,0,-0.10644507160573739,-0.7382414910166467,0.6619774963281565,-0.4571608320669362,-0.15996747459029093,-0.43394913156310677
2022,전북특별자치도,장수군,0.0,0,-0.10644507160573739,-1.2641724178036267,0.7039822447798998,-0.4346192958150471,-0.27531363511112783,-0.6017455950748037
2023,전북특별자치도,장수군,0.0,0,-0.10644507160573739,-0.2891760194678956,0.7311373456691727,-0.41263510052193264,-0.019279711481598252,-0.2694187305318552
2016,전북특별자치도,전주시,0.0002999550089979,1,-1.12762379855106,0.14383160948825047,-0.9965801318695917,-1.6955571531762084,-0.9189823685271523,-0.8931164474130059
2017,전북특별자치도,전주시,0.0,0,-1.1241139429457012,0.06746998098883428,-0.29518422444750636,-1.519501138976575,-0.717832331345237,-0.8587150336444805
2018,전북특별자치도,전주시,0.0,0,-1.116200194359038,0.29189889716737394,-0.3272287057264442,-1.574509201277303,-0.6815098010488528,-0.7996034994896557
2019,전북특별자치도,전주시,9.999500033330834e-05,1,-1.116200194359038,0.05912509872405375,-0.5631365896189757,-1.6200038850663911,-0.8100538925800878,-0.8923596602337919
2020,전북특별자치도,전주시,0.0,0,-1.11037602593476,0.6780021194144978,-0.4610146825369863,-1.5671874818109537,-0.6151440177170505,-0.6665204627770719
2021,전북특별자치도,전주시,0.0,0,-1.11037602593476,0.9709485029451388,-0.5739365641805829,-1.5438607158029467,-0.5643062007432877,-0.5610960795975226
2022,전북특별자치도,전주시,0.0002999550089979,1,-1.11037602593476,0.22033624362382903,-0.48024402649233966,-1.5634396699738138,-0.7334308696942711,-0.8178264840949149
2023,전북특별자치도,전주시,0.0001999800026662,1,-1.11037602593476,0.9586782588558678,-0.37746213753334135,-1.5598142094853606,-0.5222435285243985,-0.5705039921880842
2016,전북특별자치도,정읍시,0.000899595242836,1,0.1151714864432213,0.4507574923210179,0.3848114650468531,0.303868940558684,0.3136523460924441,0.2899326397743078
2017,전북특별자치도,정읍시,0.0001999800026662,1,0.11933542757342439,-0.22156500370947976,-0.30841636909369363,0.26023658337904887,-0.037602340462675035,0.052669002414331166
2018,전북특별자치도,정읍시,0.0003999200213269,1,0.12520223277788473,-0.23434459248107387,-0.25434385158297707,0.2897640613008481,-0.01843053749632953,0.06020723386588631
2019,전북특별자치도,정읍시,0.0006997551142733,1,0.12520223277788473,-0.026722442465551582,-0.16552835919126513,0.28530036114464113,0.05456294806642729,0.12792671715232476
2020,전북특별자치도,정읍시,0.0001999800026662,1,0.10552100515305135,0.10055519904555493,-0.1063060667004666,0.2927564424304561,0.09813164498214895,0.16627754887635413
2021,전북특별자치도,정읍시,0.0002999550089979,1,0.10552100515305135,0.24808846633813694,-0.11478169439426839,0.31388364943431407,0.1381778566328085,0.22249770697516746
2022,전북특별자치도,정읍시,9.999500033330834e-05,1,0.10552100515305135,-0.33283675403291435,-0.06708769409977877,0.2112005046039025,-0.02080073459393482,-0.005371748091986835
2023,전북특별자치도,정읍시,0.0006997551142733,1,0.10552100515305135,0.5366991549948954,-0.06091765157856327,0.18146733381393246,0.19069246059582898,0.27456249798729304
2016,전북특별자치도,진안군,0.0,0,-0.6449522776206732,-0.6870228077379559,0.3848114650468531,-0.8396737340399238,-0.44670933858792494,-0.7238829397995176
2017,전북특별자치도,진안군,0.0,0,-0.6411883910748153,-0.796844497769194,0.7093639704500472,-0.8277809840748602,-0.3891124756172056,-0.7552712909729564
2018,전북특별자치도,진안군,0.0,0,-0.6340696256100512,-0.43315104590836095,0.6578713880181923,-0.7883494633610981,-0.2994246867153295,-0.6185233782931702
2019,전북특별자치도,진안군,0.0,0,-0.6340696256100512,-0.8823004838300165,0.662093116707863,-0.7869482024918493,-0.4103062988060135,-0.7677727706439722
2020,전북특별자치도,진안군,0.0,0,-0.6053601456140246,-0.15851764916473587,0.6912197662605591,-0.7612378430574137,-0.20847396789390377,-0.5083718792787247
2021,전북특별자치도,진안군,0.0,0,-0.6053601456140246,-0.7382414910166467,0.6619774963281565,-0.7430793532865674,-0.3561758733972705,-0.6955603299724129
2022,전북특별자치도,진안군,0.0,0,-0.6053601456140246,-1.2641724178036267,0.7039822447798998,-0.742477182905793,-0.4770068753858861,-0.8706699154411481
2023,전북특별자치도,진안군,0.0,0,-0.6053601456140246,-0.2891760194678956,0.7311373456691727,-0.7202287147222823,-0.22090688353375748,-0.5382549599347342
2016,충청남도,계룡시,0.0,0,-0.15573906248802086,0.27692490710557116,0.3848114650468531,-0.31088331757326604,0.04877849802278433,-0.06323249098523857
2017,충청남도,계룡시,0.0,0,-0.1517177020955492,0.5160025785029008,-0.2443319352767592,-0.2678370349902105,-0.03697102346490453,0.03214928047238036
2018,충청남도,계룡시,0.0,0,-0.1454046942364768,0.6906757325517199,-0.27736672097564574,-0.5493478905897492,-0.07036089331253798,-0.00135895075816872
2019,충청남도,계룡시,0.0,0,-0.1454046942364768,0.06809132992648237,-0.27107057907884113,-0.47866386611411443,-0.20676195237573752,-0.18532574347470296
2020,충청남도,계룡시,0.0,0,-0.13156603877464068,0.28875321286406685,-0.25474463076619697,-0.5082664251534754,-0.15145597045756154,-0.11702641702134975
2021,충청남도,계룡시,0.0,0,-0.13156603877464068,0.09461351099275939,-0.30190749079690543,-0.4953318897970215,-0.20854797709395206,-0.1774281391929676
2022,충청남도,계룡시,0.0,0,-0.13156603877464068,0.25350062799478906,-0.2751431980266621,-0.48335255239176067,-0.1591402902995686,-0.12047265439053743
2023,충청남도,계룡시,0.0,0,-0.13156603877464068,0.680696061949547,-0.26817134025380823,-0.4630928786221965,-0.0455335489252746,0.02867904818423661
2020,충청남도,공주시,0.0,0,-0.4093427164990229,0.06839509858142112,-0.20180960474716014,-0.9098011545242526,-0.3631395942972536,-0.41691625748061806
2021,충청남도,공주시,9.999500033330834e-05,1,-0.4093427164990229,-0.27822220070405973,-0.2676665039306966,-0.882783711461553,-0.45950378314883306,-0.5234495428882119
2022,충청남도,공주시,0.0001999800026662,1,-0.4093427164990229,0.003079772727679543,-0.06406753376343949,-0.885926644856666,-0.3390642805978622,-0.43072986287600307
2023,충청남도,공주시,0.0002999550089979,1,-0.4093427164990229,0.6384077292687427,0.1257695829123967,-0.8814954711891142,-0.13166521887674942,-0.21747681947313147
2016,충청남도,금산군,0.0001999800026662,1,-0.433940435118885,-0.21883026772367237,0.3848114650468531,-0.43551154807788,-0.17586769646839606,-0.36276075030681243
2017,충청남도,금산군,0.0,0,-0.43006549263854005,-0.5773110934264475,-0.11184909990881445,-0.4722170293211666,-0.3978606788237421,-0.49319787179538466
2018,충청남도,금산군,9.999500033330834e-05,1,-0.4232942737888868,-0.4221044484396346,-0.08683555337103746,-0.39461967947935445,-0.33171348876972834,-0.41333946723595866
2019,충청남도,금산군,0.0001999800026662,1,-0.4232942737888868,-0.7479897412435396,-0.3998867702032264,-0.38220845908246814,-0.48834481107953026,-0.5178308247049649
2020,충청남도,금산군,0.0,0,-0.36420941582077465,-0.07986666282111698,-0.3778839130394105,-0.42402940718033744,-0.3114973497154099,-0.2893684952740763
2021,충청남도,금산군,0.0,0,-0.36420941582077465,-0.16475011605209244,-0.3566669072777816,-0.40291454393107684,-0.3221352457704314,-0.310624691934648
2022,충청남도,금산군,0.0,0,-0.36420941582077465,-0.7928380055114981,-0.2918995353395327,-0.4567981348568657,-0.47643627288216783,-0.5379485187297128
2023,충청남도,금산군,9.999500033330834e-05,1,-0.36420941582077465,-0.2604120180878745,-0.2257104498507032,-0.43544395822249,-0.3214439604954606,-0.3533551307103797
2016,충청남도,논산시,9.999500033330834e-05,1,-0.8131160230976221,-0.20462726148909147,-1.0922357634039892,-0.8819524966948904,-0.7479828861713984,-0.633231927093868
2017,충청남도,논산시,9.999500033330834e-05,1,-0.8094406414512019,0.10289919930249636,-0.3344356936463444,-0.8607092910633192,-0.47542160671459227,-0.5224169110706749
2018,충청남도,논산시,9.999500033330834e-05,1,-0.8020449022401687,0.04126028880173986,-0.3748074988752929,-0.8763629052240698,-0.5029887543844479,-0.5457158395541662
2019,충청남도,논산시,0.0,0,-0.8020449022401687,-0.3684407497694129,-0.3902701010663827,-0.8633523121231439,-0.6060270162997771,-0.6779459880442419
2020,충청남도,논산시,0.0,0,-0.7605612805936695,-0.13931079919071987,-0.3864373257989909,-0.8125086086009071,-0.5247045035460719,-0.5707935627950987
2021,충청남도,논산시,0.0,0,-0.7605612805936695,-0.29605972005679587,-0.3853737992802745,-0.8145425607483967,-0.564134340169784,-0.623721187132954
2022,충청남도,논산시,0.0,0,-0.7605612805936695,-0.020651306509498535,-0.32504178065755507,-0.7918323850331384,-0.47452168819846535,-0.5243483240454355
2023,충청남도,논산시,9.999500033330834e-05,1,-0.7605612805936695,0.7641929059773591,-0.17157422352784862,-0.7941519450018155,-0.2405236357864936,-0.26350677320604193
2016,충청남도,당진시,0.0,0,-0.5092965318811117,-0.8944047256985237,0.3848114650468531,-0.09329298454012534,-0.2780456942682269,-0.49899808070658686
2017,충청남도,당진시,0.0,0,-0.5054612494579749,-0.8496481738215991,0.7093639704500472,-0.20854382077674646,-0.21357231840156832,-0.5212177480187735
2018,충청남도,당진시,0.0,0,-0.49856591550631046,-0.8988081357962057,0.6578713880181923,-0.2793357868895192,-0.25470961254346075,-0.5589032793973451
2019,충청남도,당진시,0.0,0,-0.49856591550631046,-0.8708689199397213,0.662093116707863,-0.38753378525680227,-0.2737188759987428,-0.5856562069009447
2020,충청남도,당진시,0.0,0,-0.5060162199864119,-0.5910729555437346,0.6912197662605591,-0.41340058538870195,-0.2048174986645723,-0.5034965869729494
2021,충청남도,당진시,0.0,0,-0.5060162199864119,-0.18217935289236495,0.0020493493605748814,-0.39052978100354296,-0.26916900113043624,-0.3595751179607733
2022,충청남도,당진시,0.0,0,-0.5060162199864119,-0.008535047388054995,-0.31168614283868284,-0.42984002141070055,-0.3140193579059626,-0.3147970962617225
2023,충청남도,당진시,0.0,0,-0.5060162199864119,-0.5326640097610964,-0.422858580687554,-0.4078789880217233,-0.4673544496141964,-0.4821864059230772
2016,충청남도,보령시,0.0045894523338072,1,0.6289371570737317,-0.9532709801161778,-0.9495368609202162,-0.08979694722507414,-0.3409169077969341,-0.13804359008917344
2017,충청남도,보령시,0.0001999800026662,1,0.6333714940546262,-0.7491671714403347,-0.19226132345790273,-0.18167958231449696,-0.12243414578952705,-0.0991584199000685
2018,충청남도,보령시,0.000499875041651,1,0.6383921025827732,-0.4611862367899498,-0.17646218797880092,-0.20256146980078316,-0.05045444799669016,-0.00845186800265324
2019,충청남도,보령시,0.0038924147153438,1,0.6383921025827732,-0.8516947110807,-0.15288504617524779,-0.21964358579192683,-0.14645781011627534,-0.1443153980966179
2020,충청남도,보령시,0.0005998200719676,1,0.5763702591184334,-0.8901772547172268,-0.1921829856196916,-0.12095658890060298,-0.15673664252977199,-0.14492119483313212
2021,충청남도,보령시,0.000499875041651,1,0.5763702591184334,-0.37132765513476634,-0.15028835353252756,-0.0979026949445593,-0.010787111123354946,0.03571330301303593
2022,충청남도,보령시,0.0029955089797984,1,0.5763702591184334,-0.08645228816985065,-0.11596153002471388,-0.07592002122347924,0.07450910492509742,0.13799931657503453
2023,충청남도,보령시,0.0034938892542557,1,0.5763702591184334,-0.041240961434609855,-0.17958852916389006,-0.05414024957286251,0.07535012973676775,0.1603296827036537
2016,충청남도,부여군,0.0002999550089979,1,-0.45108600460062936,-0.20462726148909147,-0.7375310262484098,-0.8574997905804718,-0.5626860207296507,-0.5044043522233975
2017,충청남도,부여군,9.999500033330834e-05,1,-0.44722008586614875,0.10289919930249636,-0.3086250696104542,-0.8364637235081361,-0.3723524199205607,-0.3935948700239295
2018,충청남도,부여군,0.0,0,-0.440420627442039,0.04126028880173986,-0.3999355841211398,-0.8167817471590926,-0.4039694174801329,-0.4053140285997972
2019,충청남도,부여군,0.0,0,-0.440420627442039,-0.3684407497694129,-0.4303867573629524,-0.7989352373730733,-0.5095458429868694,-0.5359322048615084
2020,충청남도,부여군,0.0,0,-0.4602707276712744,-0.13931079919071987,-0.37685362385612,-0.7636537714682373,-0.4350222305465879,-0.4544117661100772
2021,충청남도,부여군,0.0,0,-0.4602707276712744,-0.29605972005679587,-0.4058188799766582,-0.7830145883187185,-0.48629097900586177,-0.5131150120155963
2022,충청남도,부여군,0.0002999550089979,1,-0.4602707276712744,-0.020651306509498535,-0.4556031177557761,-0.7993533880942555,-0.43396963500770114,-0.4267584740916761
2023,충청남도,부여군,0.0001999800026662,1,-0.4602707276712744,0.7641929059773591,-0.31266259248836753,-0.7777839959053312,-0.19663110252190352,-0.15795393919974884
2016,충청남도,서산시,0.0031948908965191,1,0.22936625475147943,-0.8944047256985237,0.3848114650468531,0.44559103597803273,0.04134100751946039,-0.07314914498967051
2017,충청남도,서산시,0.0,0,0.2335902968056764,-0.8496481738215991,0.7093639704500472,0.44573845138798296,0.13476113620552688,-0.05677314187597989
2018,충청남도,서산시,0.0,0,0.23926901775515677,-0.8988081357962057,-0.18553431456455027,0.35030793081190104,-0.12369137544842454,-0.10307706240971597
2019,충청남도,서산시,0.0,0,0.23926901775515677,-0.8708689199397213,-0.17944186235368786,0.4357114521993033,-0.09383257808473727,-0.06529614999508708
2020,충청남도,서산시,0.0002999550089979,1,0.13880100913773724,-0.5910729555437346,-0.28421091496598616,0.5157668820924535,-0.05517899481988253,0.02116497856215203
2021,충청남도,서산시,9.999500033330834e-05,1,0.13880100913773724,-0.18217935289236495,-0.338244728156061,0.5339597861511031,0.0380841785601036,0.1635271474654918
2022,충청남도,서산시,0.0046889894861315,1,0.13880100913773724,-0.008535047388054995,-0.24331488141517732,0.5527785271848167,0.1099324018798304,0.22768149631149961
2023,충청남도,서산시,0.0023971245997214,1,0.13880100913773724,-0.5326640097610964,-0.27725583400381854,0.5739515324748448,-0.024291825538083234,0.060029510617161864
2016,충청남도,서천군,0.0045894523338072,1,0.1728122532609257,-0.1966341557212254,-0.824520621658912,0.0187556331460218,-0.20739672274329748,-0.0016887564380926312
2017,충청남도,서천군,0.0,0,0.1770065308364562,-0.6365919295793441,-0.25252842383595286,-0.02479651847286507,-0.18422758526292643,-0.16146063907191763
2018,충청남도,서천군,0.0003999200213269,1,0.18277839893614378,0.45614133986152866,-0.13762475095403565,0.007936015514395933,0.12730775083950818,0.21561858477068943
2019,충청남도,서천군,0.0005998200719676,1,0.18277839893614378,-0.34016400798432883,-0.056750001464967115,0.016214696563936926,-0.04948022848730381,-0.04705697082808271
2020,충청남도,서천군,0.0002999550089979,1,0.11397558275905621,0.01726582864616942,-0.39647387833310277,0.022851050403524753,-0.0605953541310881,0.05136415393625013
2021,충청남도,서천군,0.0009995003330835,1,0.11397558275905621,-0.13814992358595876,-0.382563127752491,-0.00036716587464824535,-0.10177615861351046,-0.008180502233850265
2022,충청남도,서천군,0.004987541511039,1,0.11397558275905621,-0.33000804719390736,-0.4169499521168313,0.020925381476609772,-0.15301425876876817,-0.06503569431941379
2023,충청남도,서천군,0.0033942330680155,1,0.11397558275905621,0.6696820594970366,-0.3330537867125313,0.0003364573728802944,0.11273507822911046,0.26133136654299105
2016,충청남도,아산시,0.0,0,-0.8016364048846142,-0.8467410177423625,0.3848114650468531,-0.6909349450633199,-0.48862522566086086,-0.7797707892300988
2017,충청남도,아산시,0.0,0,-0.7979549814932706,0.12629475127742884,0.7093639704500472,-0.7449091877734766,-0.1768013618848178,-0.4721898059964394
2018,충청남도,아산시,0.0,0,-0.7905781497634735,-1.1418397883861395,0.6578713880181923,-0.742786086889051,-0.5043331592551179,-0.8917346750128882
2019,충청남도,아산시,0.0,0,-0.7905781497634735,-1.3368536208590744,0.662093116707863,-0.7891608862224879,-0.5636248850342933,-0.9721975522816786
2020,충청남도,아산시,0.0,0,-0.7615956733594479,-0.8553510744374566,0.6912197662605591,-0.7574578861185755,-0.42079621691373015,-0.79146821130516
2021,충청남도,아산시,0.0,0,-0.7615956733594479,-0.8372561498787949,0.6619774963281565,-0.7339445277865585,-0.4177047136741612,-0.7775987836749337
2022,충청남도,아산시,0.0,0,-0.7615956733594479,-0.6270972471226509,-0.010530728130639239,-0.7363483067057649,-0.5338929888296258,-0.7083470757292879
2023,충청남도,아산시,0.0,0,-0.7615956733594479,-0.7234675417291274,-0.3205514260129344,-0.7154380615833242,-0.6302631756712085,-0.7335004255572999
2016,충청남도,예산군,0.000499875041651,1,-0.2950771489962771,-0.9595995990806838,0.3848114650468531,-0.4188696415769293,-0.3221837311517593,-0.5578487965512967
2017,충청남도,예산군,0.0,0,-0.29112912250404227,-0.2956959895205271,-0.28527551527794504,-0.39396827111119326,-0.3165172246034269,-0.32693112771192084
2018,충청남도,예산군,9.999500033330834e-05,1,-0.284586618140187,-0.6608068385752117,-0.35418162893263067,-0.3813499272090878,-0.42023125321427934,-0.4422477946414955
2019,충청남도,예산군,0.0,0,-0.284586618140187,-0.8128949018220573,-0.2909744723559881,-0.475724794907053,-0.4660451968063214,-0.5244021049564324
2020,충청남도,예산군,0.0,0,-0.29627725418251344,-0.3140946845073374,-0.38519679192379963,-0.4556514464496002,-0.36280504426581267,-0.35534112837981696
2021,충청남도,예산군,0.0,0,-0.29627725418251344,-0.18116533014509315,-0.4114963625358662,-0.4341403956175058,-0.33076983562024465,-0.3038609933150374
2022,충청남도,예산군,0.0005998200719676,1,-0.29627725418251344,-0.04361742701359303,-0.38913055884577996,-0.5216820254028673,-0.31267681636118844,-0.2871922355329913
2023,충청남도,예산군,0.0002999550089979,1,-0.29627725418251344,-0.31579998822193567,-0.35173960729031795,-0.5003605537865731,-0.36604435087033504,-0.3708125987303408
2016,충청남도,천안시,0.0001999800026662,1,-0.9715305339892593,-0.8467410177423625,-1.0170310577690427,-1.0885450267540029,-0.9809619090636669,-0.9689388594952083
2017,충청남도,천안시,0.0,0,-0.9679385262015512,0.1262947512774294,-0.2528793039237861,-1.1346911495504943,-0.5573035570996006,-0.6587783081582054
2018,충청남도,천안시,0.0,0,-0.96028187070074,-1.141839788386139,-0.30562088699815865,-1.1196274767062233,-0.8818425056978153,-1.0739163785977008
2019,충청남도,천안시,0.0,0,-0.96028187070074,-1.336853620859074,-0.12747788900815993,-1.1544587908253556,-0.8947680428483324,-1.150531427461723
2020,충청남도,천안시,0.0,0,-0.899423231885305,-0.8553510744374566,-0.054451422169061514,-1.2330077146971252,-0.760558360797237,-0.9959273403399623
2021,충청남도,천안시,9.999500033330834e-05,1,-0.899423231885305,-0.8372561498787945,-0.1568302102447563,-1.20502969174197,-0.7746348209377065,-0.9805696911686899
2022,충청남도,천안시,0.0,0,-0.899423231885305,-0.6270972471226509,-0.020612508221434872,-1.1991569235708055,-0.686572477700049,-0.9085591341929206
2023,충청남도,천안시,9.999500033330834e-05,1,-0.899423231885305,-0.723467541729127,0.09398529013527926,-1.1797470077419916,-0.6771631228052861,-0.9342125937854746
2016,충청남도,청양군,0.0068763039394321,1,0.3682611942331305,-0.20462726148909147,-0.8234779245215669,-0.8494060435100819,-0.3773125088219024,-0.22859070358868094
2017,충청남도,청양군,0.0,0,0.37255833695844043,0.10289919930249636,-0.2790977893638038,-0.7682721792978321,-0.14297810810017478,-0.09760488101229843
2018,충청남도,청양군,0.0007996801705643,1,0.37800829128752383,0.04126028880173986,-0.40153237716975426,-0.7262084228229929,-0.17711805497587085,-0.10231328091124307
2019,충청남도,청양군,0.0026963615477426,1,0.37800829128752383,-0.3684407497694129,-0.3759694619095951,-0.7037664605774817,-0.2675420952422415,-0.2313996396864569
2020,충청남도,청양군,0.0002999550089979,1,0.35869391209141915,-0.13931079919071987,-0.38745081854587793,-0.579308976362789,-0.18684417050199192,-0.11997528782069657
2021,충청남도,청양군,0.0027960873020012,1,0.35869391209141915,-0.29605972005679587,-0.4574162628271955,-0.5770037183596964,-0.24294644728806716,-0.17145650877502439
2022,충청남도,청양군,0.0046889894861315,1,0.35869391209141915,-0.020651306509498535,-0.41077717313345785,-0.567471964017721,-0.16005163289231455,-0.07647645281193348
2023,충청남도,청양군,0.0051865266873,1,0.35869391209141915,0.7641929059773591,-0.38130209313087704,-0.5452921391769455,0.04907314644023894,0.19253155963061094
2016,충청남도,태안군,0.0069756137364252,1,1.285754908340236,-0.8944047256985237,0.3848114650468531,-0.041100857610857335,0.183765197519427,0.11674977501028498
2017,충청남도,태안군,0.0,0,1.2905349297542401,-0.8496481738215991,0.7093639704500472,-0.09878079910889553,0.26286748181844816,0.1140353189412485
2018,충청남도,태안군,0.0,0,1.2944737279750085,-0.8988081357962057,0.6578713880181923,-0.06750734803704175,0.24650740803998836,0.10938608138058703
2019,충청남도,태안군,0.0003999200213269,1,1.2944737279750085,-0.8708689199397213,-0.3046927903509832,-0.06015092915071406,0.014690272133397495,0.12115129296152438
2020,충청남도,태안군,0.001598721363697,1,1.2371255808581474,-0.5910729555437346,-0.3445099438435918,0.08115522334320144,0.09567447620350561,0.24240261621920475
2021,충청남도,태안군,0.0018981972830802,1,1.2371255808581474,-0.18217935289236495,-0.38606980263723556,0.10077708159824368,0.19241337673169764,0.3852411031880087
2022,충청남도,태안군,0.0069756137364252,1,1.2371255808581474,-0.008535047388054995,-0.3456938659151967,-0.0346532244331499,0.21206086078043646,0.39797910301231415
2023,충청남도,태안군,0.0052860044292373,1,1.2371255808581474,-0.5326640097610964,-0.30421220422095974,-0.013285706512592112,0.09674091509087479,0.2303919548614863
2016,충청남도,홍성군,0.0002999550089979,1,0.06609822880654866,-0.9595995990806838,0.3848114650468531,0.6208824203036956,0.028048128769103398,-0.09087298332347986
2017,충청남도,홍성군,0.0,0,0.07023634258781933,-0.2956959895205271,-0.14746149407451528,0.6259451513233252,0.06325600257902553,0.1334951681302058
2018,충청남도,홍성군,0.0,0,0.07618397379892403,-0.6608068385752117,-0.13534399437833627,0.6158280312306168,-0.0260347069810018,0.010401722151443046
2019,충청남도,홍성군,0.0,0,0.07618397379892403,-0.8128949018220573,-0.12142512023543545,0.2578461891971232,-0.15007246476536137,-0.15962157960867
2020,충청남도,홍성군,0.0,0,-0.020791017582354684,-0.3140946845073374,0.6912197662605591,0.32241813150162824,0.16968804891812383,-0.004155856862687953
2021,충청남도,홍성군,9.999500033330834e-05,1,-0.020791017582354684,-0.18116533014509315,0.6619774963281565,0.25316201863469373,0.17829579180885058,0.017068556969081966
2022,충청남도,홍성군,0.0002999550089979,1,-0.020791017582354684,-0.04361742701359303,0.7039822447798998,0.1979478761556501,0.20938041908490054,0.04451314385323413
2023,충청남도,홍성군,0.0001999800026662,1,-0.020791017582354684,-0.31579998822193567,0.7311373456691727,0.1543678253684446,0.13722854130833173,-0.06074106014528192
2016,충청북도,괴산군,0.0,0,0.44535822574273454,-0.6264413419368551,-1.373070342141328,-0.3564495446618355,-0.477650750749321,-0.17917755361865204
2017,충청북도,괴산군,0.0,0,0.44969594478252506,-0.09113654359550094,-1.1957542680098556,-0.4903274364767365,-0.331880575824892,-0.043922678429904126
2018,충청북도,괴산군,0.0,0,0.45501891660665245,-0.3332188638893008,-1.3730076309822317,-0.5475041930360461,-0.44967794282523155,-0.1419013801062315
2019,충청북도,괴산군,0.0,0,0.45501891660665245,-0.9567083952350026,-1.194739501530758,-0.5395367082669379,-0.5589914221065115,-0.3470753956317627
2020,충청북도,괴산군,0.0,0,0.4476516899483593,-0.6948301474601081,-0.9788107206822421,-0.5469448211286491,-0.44323349983065996,-0.26470775954679926
2021,충청북도,괴산군,0.0,0,0.4476516899483593,-0.11516424721537583,-1.2144108785381271,-0.5357738672831533,-0.3544243257720743,-0.06776214151672329
2022,충청북도,괴산군,0.0,0,0.4476516899483593,-0.08884371528650348,-1.1240253952832302,-0.5384922494892983,-0.3259274175276682,-0.05989475827581416
2023,충청북도,괴산군,0.0,0,0.4476516899483593,-0.3943521964752411,-1.145251029197111,-0.5408048680146784,-0.4081891009346678,-0.1625017915138534
2016,충청북도,단양군,0.0005998200719676,1,0.7317367161264303,-0.7136120341448753,-1.373070342141328,0.43027611255722675,-0.23116738690063654,0.14946693151292725
2017,충청북도,단양군,0.0001999800026662,1,0.7362251567109905,-0.5792363723603886,-1.9735037275212148,0.44355202685726547,-0.34324072907833686,0.20018027040262246
2018,충청북도,단양군,9.999500033330834e-05,1,0.7410764494397962,-0.3706030777784495,-2.1110381805341403,0.36441879816790224,-0.3440365026762229,0.24496405660974965
2019,충청북도,단양군,0.0003999200213269,1,0.7410764494397962,-1.0029738336670957,-1.910399005320364,0.3415260941595404,-0.4576925738470308,0.026542903310746973
2020,충청북도,단양군,0.0001999800026662,1,0.7727148941083245,-1.0982258595512429,-1.8621247294072054,0.3710710400572479,-0.454141163698219,0.015186691538109845
2021,충청북도,단양군,0.0,0,0.7727148941083245,-0.6487368624416644,-1.9396351681671895,0.3888012418301516,-0.35671397366759444,0.17092642449893725
2022,충청북도,단양군,0.0003999200213269,1,0.7727148941083245,-0.8973252119306683,-1.827004344897617,0.40764426877750304,-0.38599259848561446,0.09434465031838642
2023,충청북도,단양군,0.000499875041651,1,0.7727148941083245,-0.12984403489000906,-1.9259536796921728,0.42869627557178186,-0.2135966362255189,0.3571890449300324
2016,충청북도,보은군,0.0,0,0.042474271840625306,-0.46293433449319726,-1.373070342141328,-0.5488710795735722,-0.585600371091868,-0.32311038074204806
2017,충청북도,보은군,0.0,0,0.04659995228836347,0.1989115883081506,-1.1957542680098556,-0.5125916537020091,-0.3657085952788377,-0.08902670436849836
2018,충청북도,보은군,0.0,0,0.052586493288519276,-0.5312475130670207,-1.3730076309822317,-0.5071359626588154,-0.589701153354887,-0.32859899414577226
2019,충청북도,보은군,0.0,0,0.052586493288519276,-0.6637947606038074,-1.194739501530758,-0.5218386731770743,-0.5819466105057801,-0.3776823134974541
2020,충청북도,보은군,0.0,0,0.05661955939946762,-0.4432491065814278,-0.9788107206822421,-0.5635036456004446,-0.4822359783661617,-0.3167110642608016
2021,충청북도,보은군,0.0,0,0.05661955939946762,-0.907479207555336,-1.2144108785381271,-0.5417709355925551,-0.6517603655716376,-0.4642101945828078
2022,충청북도,보은군,0.0,0,0.05661955939946762,-0.8804403383670754,-1.1240253952832302,-0.5199677339458324,-0.6169534770491676,-0.44792950430448003
2023,충청북도,보은군,0.0,0,0.05661955939946762,-0.4035042532561502,-1.145251029197111,-0.4986251638459591,-0.49769022172493815,-0.2818366192342139
2016,충청북도,영동군,9.999500033330834e-05,1,-0.17231487150698727,-0.9117539653682449,-1.373070342141328,-0.9690616480417489,-0.8565502067645774,-0.6843768283056604
2017,충청북도,영동군,0.0,0,-0.16830223499436353,-0.8656735184055431,-1.9663051043754307,-1.0238935794242183,-1.0060436092998888,-0.6859564442747083
2018,충청북도,영동군,9.999500033330834e-05,1,-0.16196192598361664,-0.998516668936835,-2.026691669617891,-1.017172011506936,-1.0510855690113197,-0.7258835354757959
2019,충청북도,영동군,9.999500033330834e-05,1,-0.16196192598361664,-0.756965454355195,-1.9650430711919824,-1.001772924618952,-0.9714358440374364,-0.6402334349859212
2020,충청북도,영동군,9.999500033330834e-05,1,-0.12940225798908386,-0.9794320790980248,-1.59502135444027,-1.0036968871392271,-0.9268881446666514,-0.704177074742112
2021,충청북도,영동군,0.0,0,-0.12940225798908386,-1.0853130671055835,-2.011676802255202,-0.9946125494554311,-1.0552511692013251,-0.7364426248500329
2022,충청북도,영동군,0.0,0,-0.12940225798908386,-1.0882268160460902,-1.7818859858619296,-0.9960756848672047,-0.9988976861910771,-0.7379015863007928
2023,충청북도,영동군,9.999500033330834e-05,1,-0.12940225798908386,-1.0472698626378463,-1.662800745885232,-0.9904448800759535,-0.957479436647029,-0.7223723335676279
2016,충청북도,옥천군,0.0,0,-0.720181760946727,-0.46293433449319726,-1.373070342141328,-1.2666204012226432,-0.9557017097009739,-0.8165788322208559
2017,충청북도,옥천군,0.0,0,-0.7164574678211848,0.1989115883081506,-1.1957542680098556,-1.272864284299535,-0.7465411079556061,-0.5968033879375231
2018,충청북도,옥천군,0.0,0,-0.7092147957928054,-0.5312475130670207,-1.3730076309822317,-1.252831797202075,-0.9665754342610332,-0.8310980353539671
2019,충청북도,옥천군,0.0,0,-0.7092147957928054,-0.6637947606038074,-1.194739501530758,-1.2845970944405818,-0.9630865380919882,-0.8858688836123982
2020,충청북도,옥천군,0.0,0,-0.6987299252678562,-0.4432491065814278,-1.7862904611690062,-1.2675250934143287,-1.0489486466081548,-0.8031680417545376
2021,충청북도,옥천군,0.0,0,-0.6987299252678562,-0.907479207555336,-1.2144108785381271,-1.2647525365447037,-1.0213431369765058,-0.9569872231226318
2022,충청북도,옥천군,0.0,0,-0.6987299252678562,-0.8804403383670754,-1.1240253952832302,-1.2405547093021843,-0.9859375920550866,-0.9399083243123719
2023,충청북도,옥천군,0.0,0,-0.6987299252678562,-0.4035042532561502,-1.145251029197111,-1.2193713468080534,-0.8667141386322927,-0.7738685084440199
2016,충청북도,음성군,0.0,0,-0.8205123579940545,-0.6264413419368551,-1.373070342141328,-0.2642408856424417,-0.7710662319286697,-0.5703981951911171
2017,충청북도,음성군,0.0,0,-0.8168408690527734,-0.09113654359550094,-1.1957542680098556,-0.35220492792491653,-0.6139841521457616,-0.42006078019106363
2018,충청북도,음성군,0.0,0,-0.8094329477237746,-0.3332188638893008,-1.3730076309822317,-0.42858575327531756,-0.7360612989676562,-0.5237458549627977
2019,충청북도,음성군,0.0,0,-0.8094329477237746,-0.9567083952350026,-1.194739501530758,-0.4334370484689265,-0.8485794732396155,-0.7331927971425678
2020,충청북도,음성군,0.0,0,-0.8010187037694706,-0.6948301474601081,-0.9788107206822421,-0.40186495862564087,-0.7191311326343655,-0.6325712699517398
2021,충청북도,음성군,0.0,0,-0.8010187037694706,-0.11516424721537583,-1.2144108785381271,-0.43932994755730015,-0.6424809442700684,-0.45183763284738215
2022,충청북도,음성군,0.0,0,-0.8010187037694706,-0.08884371528650348,-1.1240253952832302,-0.4695307227927469,-0.6208546342829878,-0.45313104728290704
2023,충청북도,음성군,0.0,0,-0.8010187037694706,-0.3943521964752411,-1.145251029197111,-0.4483307819432776,-0.6972381778462751,-0.5479005607293298
2016,충청북도,제천시,0.00129915573162,1,0.33962545541869715,-1.0906551131508802,-2.668918734373229,-0.4901282105450006,-0.9775191506626031,-0.41371928942572783
2017,충청북도,제천시,0.0001999800026662,1,0.343907527100145,-0.7454519148495731,-1.1957542680098556,-0.47324467389744707,-0.5176358324141827,-0.2915963538822917
2018,충청북도,제천시,9.999500033330834e-05,1,0.3494046458631206,-0.8872011946401663,-1.3730076309822317,-0.47888786760039137,-0.5974230118399172,-0.3388948054591457
2019,충청북도,제천시,0.0002999550089979,1,0.3494046458631206,-1.2708362282450807,-1.194739501530758,-0.45385489987165717,-0.6425064959460938,-0.45842882741787244
2020,충청북도,제천시,0.0007996801705643,1,0.3835932236676558,-1.1035666228858136,-0.9788107206822421,-0.4516639952892818,-0.5376120287974204,-0.39054579816914653
2021,충청북도,제천시,0.000499875041651,1,0.3835932236676558,-1.077242632674864,-1.2144108785381271,-0.4456445603540621,-0.5884262119748493,-0.37976465645375673
2022,충청북도,제천시,0.000499875041651,1,0.3835932236676558,-0.6718528044199703,-1.1240253952832302,-0.4908237077953273,-0.475777170957718,-0.25969442951588056
2023,충청북도,제천시,0.0009995003330835,1,0.3835932236676558,-0.9258814407862535,-1.145251029197111,-0.5132924569734383,-0.5502079258222867,-0.3518602246973453
2016,충청북도,증평군,0.0,0,-0.8166823015498249,-0.20928019920700563,-1.373070342141328,-0.3718282607785384,-0.6927152759191743,-0.46593025384512293
2017,충청북도,증평군,0.0,0,-0.8130087968425446,1.1238604691929632,-1.1957542680098556,-0.34762224594577273,-0.3081312104013024,-0.012256857865118024
2018,충청북도,증평군,0.0,0,-0.8056071838000244,0.396066828148009,-1.3730076309822317,-0.31761870658105107,-0.5250416733038246,-0.24238635407768883
2019,충청북도,증평군,0.0,0,-0.8056071838000244,0.04812709924013148,-1.194739501530758,-0.2247070654088168,-0.5442316628748669,-0.32739571665623657
2020,충청북도,증평군,0.0,0,-0.8453498223028295,0.0212430356645672,-0.9788107206822421,-0.19282037369545924,-0.4989344702539909,-0.3389757201112405
2021,충청북도,증평군,0.0,0,-0.8453498223028295,-0.030709141863053457,-1.2144108785381271,-0.182953112247225,-0.5683557387378089,-0.353004025471036
2022,충청북도,증평군,0.0,0,-0.8453498223028295,0.525196343214085,-1.1240253952832302,-0.7011384988671084,-0.5363293433097708,-0.34043065931861766
2023,충청북도,증평군,0.0,0,-0.8453498223028295,0.8120090983766459,-1.145251029197111,-0.6809946959767142,-0.46489661227500223,-0.2381118066342993
2016,충청북도,진천군,9.999500033330834e-05,1,-0.7155076149280115,-0.8467410177423625,-1.373070342141328,-0.8607145284840167,-0.9490083758239297,-0.8076543870514636
2017,충청북도,진천군,0.0,0,-0.7117808617905197,0.12629475127742884,-1.1957542680098556,-0.8408182791224039,-0.6555146644113377,-0.4754347965451649
2018,충청북도,진천군,0.0,0,-0.7045458883045923,-1.1418397883861395,-2.279034587058179,-0.8074959343196307,-1.2332290495171354,-0.8846272036701208
2019,충청북도,진천군,0.0001999800026662,1,-0.7045458883045923,-1.3368536208590744,-2.118078238790451,-0.7955658867160279,-1.2387609086675364,-0.9456551319598984
2020,충청북도,진천군,0.0,0,-0.6997748730618567,-0.8553510744374566,-1.6534056499990606,-0.7543713182869125,-0.9907257289463216,-0.7698324219287419
2021,충청북도,진천군,0.0,0,-0.6997748730618567,-0.8372561498787949,-2.0391309678778935,-0.7294105360133825,-1.076393131707982,-0.7554805196513447
2022,충청북도,진천군,0.0,0,-0.6997748730618567,-0.6270972471226509,-1.7896078368076616,-0.7291504963334162,-0.9614076133313963,-0.6853408721726413
2023,충청북도,진천군,9.999500033330834e-05,1,-0.6997748730618567,-0.7234675417291274,-1.145251029197111,-0.7073762518680817,-0.8189674239640443,-0.7102062222196887
2016,충청북도,청주시,9.999500033330834e-05,1,-0.8624319564869594,-0.20928019920700563,-2.924328121966588,-0.7006578076179278,-1.1741745213196202,-0.590789987770631
2017,충청북도,청주시,9.999500033330834e-05,1,-0.8587825299101824,1.1238604691929632,-2.216920585383656,-0.7124792879475952,-0.6660804835121177,-0.14913378288827148
2018,충청북도,청주시,9.999500033330834e-05,1,-0.8513055649939123,0.396066828148009,-2.284710238554935,-0.7745524270728479,-0.8786253506184216,-0.40993038797291703
2019,충청북도,청주시,9.999500033330834e-05,1,-0.8513055649939123,0.04812709924013148,-2.1123077608614316,-0.78007561473722,-0.9238904603381081,-0.5277513601636669
2020,충청북도,청주시,0.0,0,-0.8387951497768257,0.0212430356645672,-1.8248564049126552,-0.7811020304606032,-0.8558776373713792,-0.5328847148576206
2021,충청북도,청주시,0.0,0,-0.8387951497768257,-0.030709141863053457,-2.1029034325444167,-0.8324307416363215,-0.9512096164551544,-0.5673116777587336
2022,충청북도,청주시,0.0,0,-0.8387951497768257,0.525196343214085,-1.8557822593356563,-0.8264253381264108,-0.748951601006202,-0.3800080482297172
2023,충청북도,청주시,9.999500033330834e-05,1,-0.8387951497768257,0.8120090983766459,-1.8641315455240035,-0.8677250172626022,-0.6896606535466964,-0.2981703562209273
2016,충청북도,충주시,0.0,0,-0.5098135367454842,-0.6264413419368551,-1.373070342141328,-1.0822168794088776,-0.8978855250581362,-0.7394905860304056
2017,충청북도,충주시,0.0,0,-0.5059785264229919,-0.09113654359550094,-1.1957542680098556,-1.1241443310458508,-0.7292534172685499,-0.5737531336881145
2018,충청북도,충주시,0.0,0,-0.4990823409395439,-0.3332188638893008,-1.3730076309822317,-1.1056228660725687,-0.8277329254709113,-0.6459746903004712
2019,충청북도,충주시,0.0,0,-0.4990823409395439,-0.9567083952350026,-1.194739501530758,-1.1473866972093296,-0.9494792337286586,-0.8677258111279587
2020,충청북도,충주시,0.0,0,-0.47529053283150535,-0.6948301474601081,-0.9788107206822421,-1.1100463903377238,-0.8147444478278949,-0.7600556902097791
2021,충청북도,충주시,0.0,0,-0.47529053283150535,-0.11516424721537583,-1.2144108785381271,-1.0946004279252355,-0.7248665216275609,-0.5616850693240388
2022,충청북도,충주시,0.0,0,-0.47529053283150535,-0.08884371528650348,-1.9480504943931929,-1.1140250200237292,-0.9065524406337327,-0.5593864227139127
2023,충청북도,충주시,0.0,0,-0.47529053283150535,-0.3943521964752411,-1.943728013077805,-1.1152584749115595,-0.9821573043240277,-0.6616337347394353
