"연도","시군구코드","시도","시군구","대응자원투입예산_소나무림ha당_log","예찰진단예산_소나무림ha당_log","방제법인수_소나무림1만ha당_log","이동통제예산_소나무림ha당_log","예찰진단예산비중","이동통제예산비중","반출금지구역_지정여부","반출금지구역면적비율","예산자료_사용가능여부","법인자료_연도완전여부","법인자료_최신성주의플래그"
"2016","11110","서울특별시","종로구","13.07112052147904","0.0","0.0","0.0","0.0","0.0","","","1","1","0"
"2016","11140","서울특별시","중구","15.907018831281558","0.0","0.0","0.0","0.0","0.0","","","1","1","0"
"2016","11170","서울특별시","용산구","0.0","0.0","0.0","0.0","","","","","1","1","0"
"2016","11200","서울특별시","성동구","16.409817417292107","0.0","0.0","0.0","0.0","0.0","","","1","1","0"
"2016","11215","서울특별시","광진구","0.0","0.0","0.0","0.0","","","","","1","1","0"
"2016","11230","서울특별시","동대문구","0.0","0.0","0.0","0.0","","","","","1","1","0"
"2016","11260","서울특별시","중랑구","0.0","0.0","4.848204860781462","0.0","","","","","1","1","0"
"2016","11290","서울특별시","성북구","0.0","0.0","0.0","0.0","","","","","1","1","0"
"2016","11305","서울특별시","강북구","0.0","0.0","0.0","0.0","","","","","1","1","0"
"2016","11320","서울특별시","도봉구","0.0","0.0","0.0","0.0","","","","","1","1","0"
"2016","11350","서울특별시","노원구","0.0","0.0","0.0","0.0","","","","","1","1","0"
"2016","11380","서울특별시","은평구","12.09532515246275","0.0","3.7721619326673594","0.0","0.0","0.0","","","1","1","0"
"2016","11410","서울특별시","서대문구","13.13935868139598","0.0","0.0","0.0","0.0","0.0","","","1","1","0"
"2016","11440","서울특별시","마포구","16.61122913959625","0.0","0.0","0.0","0.0","0.0","","","1","1","0"
"2016","11470","서울특별시","양천구","0.0","0.0","0.0","0.0","","","","","1","1","0"
"2016","11500","서울특별시","강서구","0.0","0.0","0.0","0.0","","","","","1","1","0"
"2016","11530","서울특별시","구로구","15.794902545993445","0.0","0.0","0.0","0.0","0.0","","","1","1","0"
"2016","11545","서울특별시","금천구","14.670745644841997","0.0","5.969796480460376","0.0","0.0","0.0","","","1","1","0"
"2016","11560","서울특별시","영등포구","","","","","","","","","0","1","0"
"2016","11590","서울특별시","동작구","0.0","0.0","0.0","0.0","","","","","1","1","0"
"2016","11620","서울특별시","관악구","0.0","0.0","3.50614143500919","0.0","","","","","1","1","0"
"2016","11650","서울특별시","서초구","14.89239803492421","0.0","0.0","0.0","0.0","0.0","","","1","1","0"
"2016","11680","서울특별시","강남구","0.0","0.0","0.0","0.0","","","","","1","1","0"
"2016","11710","서울특별시","송파구","0.0","0.0","0.0","0.0","","","","","1","1","0"
"2016","11740","서울특별시","강동구","15.63340908263499","0.0","0.0","0.0","0.0","0.0","","","1","1","0"
"2016","26110","부산광역시","중구","0.0","0.0","0.0","0.0","","","","","1","1","0"
"2016","26140","부산광역시","서구","12.569725368834265","0.0","0.0","0.0","0.0","0.0","","","1","1","0"
"2016","26170","부산광역시","동구","13.143341071581599","0.0","0.0","0.0","0.0","0.0","","","1","1","0"
"2016","26200","부산광역시","영도구","13.411325334489518","0.0","0.0","0.0","0.0","0.0","","","1","1","0"
"2016","26230","부산광역시","부산진구","11.673033620168843","0.0","0.0","0.0","0.0","0.0","1.0","2.7782241123074805","1","1","0"
"2016","26260","부산광역시","동래구","12.150833989349259","0.0","3.639680185615748","0.0","0.0","0.0","","","1","1","0"
"2016","26290","부산광역시","남구","13.101103115200354","0.0","0.0","0.0","0.0","0.0","","","1","1","0"
"2016","26320","부산광역시","북구","11.690228128505947","0.0","0.0","0.0","0.0","0.0","","","1","1","0"
"2016","26350","부산광역시","해운대구","11.203461198463696","0.0","0.0","0.0","0.0","0.0","","","1","1","0"
"2016","26380","부산광역시","사하구","12.255104833724031","0.0","0.0","0.0","0.0","0.0","","","1","1","0"
"2016","26410","부산광역시","금정구","11.376853796666856","0.0","1.8590600692567483","0.0","0.0","0.0","1.0","3.045290148307508","1","1","0"
"2016","26440","부산광역시","강서구","11.581627752318523","0.0","0.0","0.0","0.0","0.0","","","1","1","0"
"2016","26470","부산광역시","연제구","13.13879746275548","0.0","0.0","0.0","0.0","0.0","","","1","1","0"
"2016","26500","부산광역시","수영구","13.24250229329797","0.0","0.0","0.0","0.0","0.0","","","1","1","0"
"2016","26530","부산광역시","사상구","11.467823849343837","0.0","0.0","0.0","0.0","0.0","","","1","1","0"
"2016","26710","부산광역시","기장군","11.87440905186701","0.0","2.534336654957796","0.0","0.0","0.0","","","1","1","0"
"2016","27110","대구광역시","중구","","","","","","","","","0","1","0"
"2016","27140","대구광역시","동구","0.0","0.0","0.0","0.0","","","","","1","1","0"
"2016","27170","대구광역시","서구","0.0","0.0","0.0","0.0","","","","","1","1","0"
"2016","27200","대구광역시","남구","10.654363286915208","0.0","0.0","0.0","0.0","0.0","","","1","1","0"
"2016","27230","대구광역시","북구","11.20107132536607","0.0","0.0","0.0","0.0","0.0","","","1","1","0"
"2016","27260","대구광역시","수성구","9.817449944433896","0.0","0.0","0.0","0.0","0.0","","","1","1","0"
"2016","27290","대구광역시","달서구","10.927893348117179","0.0","0.0","0.0","0.0","0.0","","","1","1","0"
"2016","27710","대구광역시","달성군","9.835966744297137","0.0","0.7131199582639293","0.0","0.0","0.0","","","1","1","0"
"2016","27720","대구광역시","군위군","","","0.7344012765873833","","","","1.0","0.8953602219354226","0","1","0"
"2016","28110","인천광역시","중구","10.814332053833517","0.0","0.0","0.0","0.0","0.0","","","1","1","0"
"2016","28140","인천광역시","동구","0.0","0.0","0.0","0.0","","","","","1","1","0"
"2016","28177","인천광역시","미추홀구","","","0.0","","","","","","0","1","0"
"2016","28185","인천광역시","연수구","13.751843779822229","0.0","0.0","0.0","0.0","0.0","","","1","1","0"
"2016","28200","인천광역시","남동구","13.746103027749328","0.0","0.0","0.0","0.0","0.0","","","1","1","0"
"2016","28237","인천광역시","부평구","12.838307008759289","0.0","0.0","0.0","0.0","0.0","","","1","1","0"
"2016","28245","인천광역시","계양구","13.841067376052298","0.0","0.0","0.0","0.0","0.0","","","1","1","0"
"2016","28260","인천광역시","서구","13.365369246768221","0.0","4.6239142146816326","0.0","0.0","0.0","","","1","1","0"
"2016","28710","인천광역시","강화군","","","","","0.0","0.0","","","0","1","0"
"2016","28720","인천광역시","옹진군","11.85405878132491","0.0","0.0","0.0","0.0","0.0","","","1","1","0"
"2016","29110","광주광역시","동구","8.339059584769812","0.0","0.0","0.0","0.0","0.0","","","1","1","0"
"2016","29140","광주광역시","서구","12.986109229692937","0.0","5.102671896535852","0.0","0.0","0.0","1.0","25.13208921570337","1","1","0"
"2016","29155","광주광역시","남구","9.234597773935093","0.0","0.0","0.0","0.0","0.0","1.0","9.918609398165675","1","1","0"
"2016","29170","광주광역시","북구","9.291264512263284","0.0","2.174933758285938","0.0","0.0","0.0","","","1","1","0"
"2016","29200","광주광역시","광산구","10.559958840068703","0.0","0.0","0.0","0.0","0.0","1.0","3.61885518504658","1","1","0"
"2016","30110","대전광역시","동구","10.75729995082818","0.0","0.0","0.0","0.0","0.0","","","1","1","0"
"2016","30140","대전광역시","중구","11.355787095723562","0.0","0.0","0.0","0.0","0.0","","","1","1","0"
"2016","30170","대전광역시","서구","11.261935509232869","0.0","0.0","0.0","0.0","0.0","","","1","1","0"
"2016","30200","대전광역시","유성구","9.978460449524402","0.0","0.0","0.0","0.0","0.0","","","1","1","0"
"2016","30230","대전광역시","대덕구","12.59717612627501","0.0","0.0","0.0","0.0","0.0","","","1","1","0"
"2016","31110","울산광역시","중구","14.382807120638784","0.0","0.0","0.0","0.0","0.0","1.0","4.654959422906975","1","1","0"
"2016","31140","울산광역시","남구","13.751637283622694","0.0","0.0","0.0","0.0","0.0","1.0","16.502544563478338","1","1","0"
"2016","31170","울산광역시","동구","13.96448687517757","0.0","0.0","0.0","0.0","0.0","1.0","3.878562776286484","1","1","0"
"2016","31200","울산광역시","북구","13.524028326181972","0.0","1.4043002114220589","0.0","0.0","0.0","1.0","3.14519087914535","1","1","0"
"2016","31710","울산광역시","울주군","13.490745818189568","0.0","2.2204775951579006","0.0","0.0","0.0","1.0","4.601726761372096","1","1","0"
"2016","36110","세종특별자치시","세종시","","","0.0","","","","1.0","7.1781623953973215","0","1","0"
"2016","41111","경기도","수원시 장안구","","","0.0","","","","","","0","1","0"
"2016","41113","경기도","수원시 권선구","","","0.0","","","","","","0","1","0"
"2016","41115","경기도","수원시 팔달구","","","0.0","","","","","","0","1","0"
"2016","41117","경기도","수원시 영통구","","","0.0","","","","","","0","1","0"
"2016","41131","경기도","성남시 수정구","","","0.0","","","","1.0","125.29615269840905","0","1","0"
"2016","41133","경기도","성남시 중원구","","","5.668833403165514","","","","","","0","1","0"
"2016","41135","경기도","성남시 분당구","","","0.0","","","","","","0","1","0"
"2016","41150","경기도","의정부시","13.30300748999024","0.0","0.0","0.0","0.0","0.0","","","1","1","0"
"2016","41171","경기도","안양시 만안구","","","0.0","","","","","","0","1","0"
"2016","41173","경기도","안양시 동안구","","","0.0","","","","","","0","1","0"
"2016","41190","경기도","부천시","0.0","0.0","0.0","0.0","","","","","1","1","0"
"2016","41210","경기도","광명시","0.0","0.0","0.0","0.0","","","","","1","1","0"
"2016","41220","경기도","평택시","12.356417612156674","0.0","0.0","0.0","0.0","0.0","1.0","8.893387359269948","1","1","0"
"2016","41250","경기도","동두천시","13.801228112855368","0.0","0.0","0.0","0.0","0.0","1.0","15.385087619048202","1","1","0"
"2016","41271","경기도","안산시 상록구","","","5.005618997732435","","","","","","0","1","0"
"2016","41273","경기도","안산시 단원구","","","3.574586113436977","","","","","","0","1","0"
"2016","41281","경기도","고양시 덕양구","","","0.0","","","","","","0","1","0"
"2016","41285","경기도","고양시 일산동구","","","0.0","","","","","","0","1","0"
"2016","41287","경기도","고양시 일산서구","","","0.0","","","","","","0","1","0"
"2016","41290","경기도","과천시","13.505031449162722","0.0","3.8237175555317333","0.0","0.0","0.0","1.0","2.256612624942787","1","1","0"
"2016","41310","경기도","구리시","12.907564590254138","0.0","0.0","0.0","0.0","0.0","","","1","1","0"
"2016","41360","경기도","남양주시","12.68103574639855","0.0","1.920364028873773","0.0","0.0","0.0","1.0","9.533556811633055","1","1","0"
"2016","41370","경기도","오산시","12.886785508085724","0.0","0.0","0.0","0.0","0.0","","","1","1","0"
"2016","41390","경기도","시흥시","14.31634368395799","0.0","0.0","0.0","0.0","0.0","","","1","1","0"
"2016","41410","경기도","군포시","14.495417240402322","0.0","0.0","0.0","0.0","0.0","","","1","1","0"
"2016","41430","경기도","의왕시","13.975846548088606","0.0","0.0","0.0","0.0","0.0","1.0","15.65362748477599","1","1","0"
"2016","41450","경기도","하남시","14.193927470144553","0.0","0.0","0.0","0.0","0.0","1.0","41.256301398500156","1","1","0"
"2016","41461","경기도","용인시 처인구","","","3.0090012309611636","","","","1.0","5.4039532269501285","0","1","0"
"2016","41463","경기도","용인시 기흥구","","","3.442809018477251","","","","","","0","1","0"
"2016","41465","경기도","용인시 수지구","","","0.0","","","","","","0","1","0"
"2016","41480","경기도","파주시","12.864981970538249","0.0","0.0","0.0","0.0","0.0","1.0","5.975364805733172","1","1","0"
"2016","41500","경기도","이천시","12.654307761589658","0.0","3.84110346687409","0.0","0.0","0.0","1.0","12.901193615531799","1","1","0"
"2016","41550","경기도","안성시","11.664439545175949","0.0","2.2673242325901652","0.0","0.0","0.0","1.0","6.619920126663517","1","1","0"
"2016","41570","경기도","김포시","14.525107574184782","0.0","0.0","0.0","0.0","0.0","","","1","1","0"
"2016","41590","경기도","화성시","10.383480291772631","0.0","2.7081403049890724","0.0","0.0","0.0","","","1","1","0"
"2016","41610","경기도","광주시","13.360049531975331","0.0","2.8167078386844038","0.0","0.0","0.0","1.0","22.433831185799672","1","1","0"
"2016","41630","경기도","양주시","11.771338845487161","0.0","0.0","0.0","0.0","0.0","1.0","2.839359732614477","1","1","0"
"2016","41650","경기도","포천시","11.336189092828421","0.0","0.8020973174200708","0.0","0.0","0.0","1.0","7.034360749903426","1","1","0"
"2016","41670","경기도","여주시","0.0","0.0","1.758439110009327","0.0","","","1.0","3.898896967995928","1","1","0"
"2016","41800","경기도","연천군","13.612457711944083","0.0","0.0","0.0","0.0","0.0","1.0","24.23761396646297","1","1","0"
"2016","41820","경기도","가평군","9.946282660054166","0.0","1.1231323643669833","0.0","0.0","0.0","1.0","2.761531025552801","1","1","0"
"2016","41830","경기도","양평군","10.698442986350555","0.0","1.371500143409458","0.0","0.0","0.0","1.0","3.95697339287642","1","1","0"
"2016","43111","충청북도","청주시 상당구","","","1.8475873797243378","","","","1.0","2.461674022814428","0","1","0"
"2016","43112","충청북도","청주시 서원구","","","4.815619103817206","","","","","","0","1","0"
"2016","43113","충청북도","청주시 흥덕구","","","5.568352028466287","","","","","","0","1","0"
"2016","43114","충청북도","청주시 청원구","","","4.06658635161927","","","","","","0","1","0"
"2016","43130","충청북도","충주시","10.585207488660595","7.370654179871048","2.57672339293489","0.0","0.03859928","0.0","","","1","1","0"
"2016","43150","충청북도","제천시","10.521638726255885","6.804540427586918","2.2991674262882356","0.0","0.023702642","0.0","1.0","0.8587935272198425","1","1","0"
"2016","43720","충청북도","보은군","9.508664057815288","7.40560159424259","1.7975094560166907","0.0","0.108747773","0.0","","","1","1","0"
"2016","43730","충청북도","옥천군","7.843927309545411","10.157350802920728","0.0","0.0","0.910011627","0.0","","","1","1","0"
"2016","43740","충청북도","영동군","8.671443740572178","9.19510168150784","1.9569110241925562","8.661217288031688","0.459012601","0.2691103777459881","1.0","0.8693319726026306","1","1","0"
"2016","43745","충청북도","증평군","11.80181047773381","10.279529095337756","0.0","0.0","0.179121874","0.0","","","1","1","0"
"2016","43750","충청북도","진천군","10.415891044693147","8.51228894898566","2.7870126005516918","0.0","0.129682024","0.0","","","1","1","0"
"2016","43760","충청북도","괴산군","9.050873519852207","6.792509425608527","1.483223893840756","0.0","0.094544323","0.0","","","1","1","0"
"2016","43770","충청북도","음성군","11.216266844754394","8.438978934024018","2.9282949162595266","0.0","0.058552723","0.0","","","1","1","0"
"2016","43800","충청북도","단양군","9.976528927928058","6.723849512213749","0.8208431204074615","0.0","0.037189306","0.0","1.0","0.5342984890304828","1","1","0"
"2016","44131","충청남도","천안시 동남구","","","2.61139734356423","","","","1.0","3.5461814599572232","0","1","0"
"2016","44133","충청남도","천안시 서북구","","","0.0","","","","","","0","1","0"
"2016","44150","충청남도","공주시","9.952836595048801","9.347346497436117","2.179179206934905","0.0","0.353079606","0.0","","","1","1","0"
"2016","44180","충청남도","보령시","10.612793000645013","0.0","1.5195504097465728","0.0","0.0","0.0","1.0","1.0848854176486256","1","1","0"
"2016","44200","충청남도","아산시","11.368799489316034","0.0","2.02187202205361","0.0","0.0","0.0","","","1","1","0"
"2016","44210","충청남도","서산시","9.219929683644342","0.0","0.6274922460749682","0.0","0.0","0.0","","","1","1","0"
"2016","44230","충청남도","논산시","12.06319705095459","0.0","3.028203052823415","0.0","0.0","0.0","1.0","0.9108053619372088","1","1","0"
"2016","44250","충청남도","계룡시","9.97293513815207","0.0","0.0","0.0","0.0","0.0","","","1","1","0"
"2016","44270","충청남도","당진시","10.380980800901888","0.0","2.2401333481171775","0.0","0.0","0.0","","","1","1","0"
"2016","44710","충청남도","금산군","10.888749833900645","0.0","2.154316496001003","0.0","0.0","0.0","1.0","1.311914928277448","1","1","0"
"2016","44760","충청남도","부여군","10.25628802477453","0.0","2.298218307650813","0.0","0.0","0.0","1.0","0.10819364241225492","1","1","0"
"2016","44770","충청남도","서천군","10.817444166805744","0.0","0.0","0.0","0.0","0.0","1.0","0.29013724686533143","1","1","0"
"2016","44790","충청남도","청양군","10.082737818687496","0.0","1.5571192779403842","0.0","0.0","0.0","1.0","0.2415610224193841","1","1","0"
"2016","44800","충청남도","홍성군","9.780852587982626","0.0","2.0166566713287986","0.0","0.0","0.0","","","1","1","0"
"2016","44810","충청남도","예산군","10.066508688341965","0.0","1.840370301417983","0.0","0.0","0.0","","","1","1","0"
"2016","44825","충청남도","태안군","10.345180760513943","0.0","0.5504352063403257","0.0","0.0","0.0","","","1","1","0"
"2016","45111","전라북도","전주시 완산구","","","0.0","","","","","","0","1","0"
"2016","45113","전라북도","전주시 덕진구","","","0.0","","","","","","0","1","0"
"2016","45130","전라북도","군산시","13.184906125580943","0.0","1.6928165301878575","0.0","0.0","0.0","1.0","15.298613485453936","1","1","0"
"2016","45140","전라북도","익산시","11.331520303489578","0.0","0.0","0.0","0.0","0.0","1.0","2.905402775004961","1","1","0"
"2016","45180","전라북도","정읍시","9.3062320927236","0.0","2.1992462441979583","0.0","0.0","0.0","","","1","1","0"
"2016","45190","전라북도","남원시","8.1134060629379","0.0","1.699371888662432","0.0","0.0","0.0","","","1","1","0"
"2016","45210","전라북도","김제시","11.621522097741508","0.0","0.0","0.0","0.0","0.0","1.0","2.105656764689842","1","1","0"
"2016","45710","전라북도","완주군","10.095660608242667","0.0","1.10901252496341","0.0","0.0","0.0","","","1","1","0"
"2016","45720","전라북도","진안군","9.279211721945625","9.02263213052831","1.5192934275195018","0.0","0.43619799","0.0","","","1","1","0"
"2016","45730","전라북도","무주군","9.114864272963123","0.0","2.467591638486618","0.0","0.0","0.0","","","1","1","0"
"2016","45740","전라북도","장수군","8.801985820050712","0.0","2.6231782554292766","0.0","0.0","0.0","","","1","1","0"
"2016","45750","전라북도","임실군","10.65835882036689","0.0","1.424664447822283","0.0","0.0","0.0","1.0","1.324451832233092","1","1","0"
"2016","45770","전라북도","순창군","10.675200187270429","0.0","1.670400151889266","0.0","0.0","0.0","1.0","1.1333650066142986","1","1","0"
"2016","45790","전라북도","고창군","8.90001138256882","0.0","0.0","0.0","0.0","0.0","","","1","1","0"
"2016","45800","전라북도","부안군","9.533095209172187","0.0","0.0","0.0","0.0","0.0","","","1","1","0"
"2016","46110","전라남도","목포시","11.284981619023581","0.0","3.0766871210233","0.0","0.0","0.0","1.0","0.6516228194166204","1","1","0"
"2016","46130","전라남도","여수시","10.394954357457026","0.0","1.8627259671043552","0.0","0.0","0.0","1.0","3.7249131310527788","1","1","0"
"2016","46150","전라남도","순천시","10.42795863833654","0.0","2.4509374807946314","0.0","0.0","0.0","1.0","2.235811022173991","1","1","0"
"2016","46170","전라남도","나주시","8.719349971263844","0.0","3.1022999846193295","0.0","0.0","0.0","","","1","1","0"
"2016","46230","전라남도","광양시","10.632017164844617","0.0","2.027402744421481","0.0","0.0","0.0","1.0","3.6501299947010497","1","1","0"
"2016","46710","전라남도","담양군","8.311831608972142","0.0","2.7479406671938675","0.0","0.0","0.0","","","1","1","0"
"2016","46720","전라남도","곡성군","8.232017233797821","0.0","2.0229813885835446","0.0","0.0","0.0","","","1","1","0"
"2016","46730","전라남도","구례군","8.21878865014843","0.0","1.5020128749528396","0.0","0.0","0.0","","","1","1","0"
"2016","46770","전라남도","고흥군","8.729455863636899","0.0","2.49393398184685","0.0","0.0","0.0","1.0","0.20481883953948898","1","1","0"
"2016","46780","전라남도","보성군","9.98997336726398","0.0","3.1525340188567186","0.0","0.0","0.0","1.0","0.34399140242425186","1","1","0"
"2016","46790","전라남도","화순군","8.523445439674017","0.0","2.311010673063944","0.0","0.0","0.0","","","1","1","0"
"2016","46800","전라남도","장흥군","9.438352117942923","0.0","2.535695223181636","0.0","0.0","0.0","","","1","1","0"
"2016","46810","전라남도","강진군","8.809135078024106","0.0","1.9431655609687355","0.0","0.0","0.0","","","1","1","0"
"2016","46820","전라남도","해남군","9.586939083553624","0.0","2.569044492138292","0.0","0.0","0.0","","","1","1","0"
"2016","46830","전라남도","영암군","5.521817929623329","0.0","1.25015748824723","0.0","0.0","0.0","","","1","1","0"
"2016","46840","전라남도","무안군","11.839093661095193","0.0","0.0","0.0","0.0","0.0","1.0","0.1465307391548116","1","1","0"
"2016","46860","전라남도","함평군","9.762523212410102","0.0","1.6441761966750719","0.0","0.0","0.0","","","1","1","0"
"2016","46870","전라남도","영광군","8.907268556252102","0.0","0.8416473673196126","0.0","0.0","0.0","","","1","1","0"
"2016","46880","전라남도","장성군","8.302949952160857","0.0","2.255488194054421","0.0","0.0","0.0","","","1","1","0"
"2016","46890","전라남도","완도군","7.6920808384110115","0.0","1.4782205288678318","0.0","0.0","0.0","","","1","1","0"
"2016","46900","전라남도","진도군","9.853285933883202","0.0","2.514445715392703","0.0","0.0","0.0","","","1","1","0"
"2016","46910","전라남도","신안군","9.992788080754922","0.0","0.0","0.0","0.0","0.0","","","1","1","0"
"2016","47111","경상북도","포항시 남구","","","2.4146967785757627","","","","1.0","13.45213064656263","0","1","0"
"2016","47113","경상북도","포항시 북구","","","1.747912526594001","","","","","","0","1","0"
"2016","47130","경상북도","경주시","12.34831037681777","0.0","1.4299072893682019","0.0","0.0","0.0","1.0","3.429716263422106","1","1","0"
"2016","47150","경상북도","김천시","9.523418581880446","7.95381574511485","1.4718806809085143","0.0","0.172233343","0.0","1.0","0.40347823222356827","1","1","0"
"2016","47170","경상북도","안동시","12.123598154397518","0.0","1.4346322028807452","0.0","0.0","0.0","1.0","2.0118052061627725","1","1","0"
"2016","47190","경상북도","구미시","13.07010375912768","0.0","1.6801623033531565","0.0","0.0","0.0","1.0","5.08714931190675","1","1","0"
"2016","47210","경상북도","영주시","10.826006312745523","0.0","1.8585901492460968","0.0","0.0","0.0","1.0","0.7111514069045755","1","1","0"
"2016","47230","경상북도","영천시","9.180325815178854","7.331137034251379","1.1789350432279222","0.0","0.135903336","0.0","1.0","0.883707375863207","1","1","0"
"2016","47250","경상북도","상주시","8.822002618548085","7.534523119190211","1.8745447882010968","0.0","0.216214148","0.0","1.0","0.8329748536904122","1","1","0"
"2016","47280","경상북도","문경시","10.391601815080673","7.6936675881663","1.5855832518626445","0.0","0.063070237","0.0","","","1","1","0"
"2016","47290","경상북도","경산시","10.038582271442708","0.0","1.8830879532423734","0.0","0.0","0.0","1.0","0.45077889592758086","1","1","0"
"2016","47730","경상북도","의성군","10.356836008475769","0.0","1.0045365973636717","0.0","0.0","0.0","1.0","0.5342490597825028","1","1","0"
"2016","47750","경상북도","청송군","9.710709458277071","0.0","1.3835900677563626","0.0","0.0","0.0","","","1","1","0"
"2016","47760","경상북도","영양군","9.577337220188546","0.0","1.0870525070422863","0.0","0.0","0.0","","","1","1","0"
"2016","47770","경상북도","영덕군","9.723973979776558","0.0","1.0426853227356148","0.0","0.0","0.0","1.0","1.247892702396217","1","1","0"
"2016","47820","경상북도","청도군","9.799315367807571","0.0","1.0036015674289929","0.0","0.0","0.0","1.0","1.2966431959121738","1","1","0"
"2016","47830","경상북도","고령군","9.716093863307089","0.0","1.066694752795173","0.0","0.0","0.0","1.0","0.7209487648539746","1","1","0"
"2016","47840","경상북도","성주군","9.58113891121313","7.943660394590159","1.464062294395618","0.0","0.162769482","0.0","1.0","1.5231541749346238","1","1","0"
"2016","47850","경상북도","칠곡군","9.931587813923878","8.478220025923727","1.4552533242713042","0.0","0.189459329","0.0","1.0","3.3354000960689323","1","1","0"
"2016","47900","경상북도","예천군","10.275330438450442","0.0","1.3045216874989363","0.0","0.0","0.0","","","1","1","0"
"2016","47920","경상북도","봉화군","9.281863987157962","6.711541040249695","1.0774146826393853","0.0","0.070998779","0.0","1.0","0.1251351388216229","1","1","0"
"2016","47930","경상북도","울진군","9.651190978784543","0.0","1.0287283034568342","0.0","0.0","0.0","","","1","1","0"
"2016","47940","경상북도","울릉군","7.375191977756379","0.0","0.0","0.0","0.0","0.0","","","1","1","0"
"2016","48121","경상남도","창원시 의창구","","","1.5883425275559249","","","","","","0","1","0"
"2016","48123","경상남도","창원시 성산구","","","0.0","","","","","","0","1","0"
"2016","48125","경상남도","창원시 마산합포구","","","1.588548674076729","","","","","","0","1","0"
"2016","48127","경상남도","창원시 마산회원구","","","1.664538104697602","","","","","","0","1","0"
"2016","48129","경상남도","창원시 진해구","","","0.0","","","","","","0","1","0"
"2016","48170","경상남도","진주시","11.000623207939118","0.0","1.7786234499911846","0.0","0.0","0.0","1.0","3.507990386169501","1","1","0"
"2016","48220","경상남도","통영시","10.64325785124218","0.0","1.4694754361349491","0.0","0.0","0.0","1.0","1.6108890986921724","1","1","0"
"2016","48240","경상남도","사천시","11.336773183091399","0.0","1.8159124349238251","0.0","0.0","0.0","1.0","0.05970151197644436","1","1","0"
"2016","48250","경상남도","김해시","12.421516292320295","0.0","2.0306046997674025","0.0","0.0","0.0","1.0","4.038461103032623","1","1","0"
"2016","48270","경상남도","밀양시","12.620384806299551","0.0","1.3936274810322336","0.0","0.0","0.0","1.0","3.226303420647084","1","1","0"
"2016","48310","경상남도","거제시","12.21771560581372","0.0","1.9223938126245466","0.0","0.0","0.0","1.0","2.758143821886935","1","1","0"
"2016","48330","경상남도","양산시","11.75988196157888","0.0","2.1988511470847856","0.0","0.0","0.0","1.0","5.840009057795902","1","1","0"
"2016","48720","경상남도","의령군","9.83750770980855","0.0","0.48304247513939924","0.0","0.0","0.0","1.0","2.476232538345603","1","1","0"
"2016","48730","경상남도","함안군","10.107895871841173","0.0","1.8863894986763743","0.0","0.0","0.0","1.0","0.5659371578085891","1","1","0"
"2016","48740","경상남도","창녕군","11.141506217854548","0.0","1.074986465245706","0.0","0.0","0.0","1.0","3.427725625014515","1","1","0"
"2016","48820","경상남도","고성군","10.081575583350034","0.0","1.5188182654405695","0.0","0.0","0.0","1.0","0.9430685907873445","1","1","0"
"2016","48840","경상남도","남해군","10.661865562131108","0.0","1.359843992531207","0.0","0.0","0.0","1.0","1.6585141667775574","1","1","0"
"2016","48850","경상남도","하동군","10.403982975328123","0.0","2.005593535352718","0.0","0.0","0.0","1.0","2.43126059542026","1","1","0"
"2016","48860","경상남도","산청군","8.566366341740093","0.0","1.2722397688379665","0.0","0.0","0.0","1.0","0.8140644412615702","1","1","0"
"2016","48870","경상남도","함양군","9.006739041000586","0.0","1.9534375452201667","0.0","0.0","0.0","1.0","0.20398241280273402","1","1","0"
"2016","48880","경상남도","거창군","8.41955670144484","0.0","1.0822526267944181","0.0","0.0","0.0","1.0","0.41446042999328514","1","1","0"
"2016","48890","경상남도","합천군","7.960092659583642","0.0","1.0471025466674213","0.0","0.0","0.0","1.0","0.34417021185596397","1","1","0"
"2016","50110","제주특별자치도","제주시","","","3.0925597495957224","","","","","","0","1","0"
"2016","50130","제주특별자치도","서귀포시","","","2.4147697289219616","","","","","","0","1","0"
"2016","51110","강원특별자치도","춘천시","10.32766135620111","0.0","2.390931943069166","0.0","0.0","0.0","1.0","1.6650749827847109","1","1","0"
"2016","51130","강원특별자치도","원주시","10.643518902524132","0.0","0.6700739166529438","0.0","0.0","0.0","1.0","1.7233271741086884","1","1","0"
"2016","51150","강원특별자치도","강릉시","9.435240755091614","0.0","1.800374004003916","0.0","0.0","0.0","","","1","1","0"
"2016","51170","강원특별자치도","동해시","9.110636167875427","0.0","0.0","0.0","0.0","0.0","","","1","1","0"
"2016","51190","강원특별자치도","태백시","9.522195248630046","0.0","1.6993875424570484","0.0","0.0","0.0","","","1","1","0"
"2016","51210","강원특별자치도","속초시","10.279779111458492","0.0","2.457301945571374","0.0","0.0","0.0","","","1","1","0"
"2016","51230","강원특별자치도","삼척시","6.912269479207712","6.993904593613876","0.6799243013693317","0.0","0.520416948","0.0","","","1","1","0"
"2016","51720","강원특별자치도","홍천군","8.545420392683333","0.0","1.5360660559201387","0.0","0.0","0.0","","","1","1","0"
"2016","51730","강원특별자치도","횡성군","9.229292906377122","0.0","1.1156108655513437","0.0","0.0","0.0","1.0","0.8237523687895162","1","1","0"
"2016","51750","강원특별자치도","영월군","8.974133194986052","0.0","0.32764390646552816","0.0","0.0","0.0","","","1","1","0"
"2016","51760","강원특별자치도","평창군","10.095563326672842","0.0","1.001365285090081","0.0","0.0","0.0","","","1","1","0"
"2016","51770","강원특별자치도","정선군","9.862274305718755","0.0","1.5052280802782798","0.0","0.0","0.0","1.0","0.8137472553936301","1","1","0"
"2016","51780","강원특별자치도","철원군","13.621016581469046","0.0","4.752710761516938","0.0","0.0","0.0","","","1","1","0"
"2016","51790","강원특별자치도","화천군","9.775182548776195","0.0","1.7110125043433964","0.0","0.0","0.0","","","1","1","0"
"2016","51800","강원특별자치도","양구군","11.000059745218833","0.0","3.399940893274757","0.0","0.0","0.0","","","1","1","0"
"2016","51810","강원특별자치도","인제군","8.056111455828864","0.0","1.150772805942683","0.0","0.0","0.0","","","1","1","0"
"2016","51820","강원특별자치도","고성군","10.978780915323904","0.0","2.825922339168735","0.0","0.0","0.0","","","1","1","0"
"2016","51830","강원특별자치도","양양군","9.0526998984957","0.0","1.8494016648242275","0.0","0.0","0.0","","","1","1","0"
"2017","11110","서울특별시","종로구","12.825254604218008","0.0","0.0","0.0","0.0","0.0","","","1","1","0"
"2017","11140","서울특별시","중구","15.759877123457198","0.0","0.0","0.0","0.0","0.0","","","1","1","0"
"2017","11170","서울특별시","용산구","0.0","0.0","0.0","0.0","","","","","1","1","0"
"2017","11200","서울특별시","성동구","16.418943332397482","12.45605821666469","0.0","0.0","0.018653553","0.0","","","1","1","0"
"2017","11215","서울특별시","광진구","0.0","0.0","0.0","0.0","","","","","1","1","0"
"2017","11230","서울특별시","동대문구","0.0","0.0","0.0","0.0","","","","","1","1","0"
"2017","11260","서울특별시","중랑구","0.0","0.0","4.848204860781462","0.0","","","","","1","1","0"
"2017","11290","서울특별시","성북구","0.0","0.0","0.0","0.0","","","","","1","1","0"
"2017","11305","서울특별시","강북구","0.0","0.0","0.0","0.0","","","","","1","1","0"
"2017","11320","서울특별시","도봉구","11.236033755992969","0.0","0.0","0.0","0.0","0.0","","","1","1","0"
"2017","11350","서울특별시","노원구","10.012956446106067","0.0","0.0","0.0","0.0","0.0","","","1","1","0"
"2017","11380","서울특별시","은평구","12.066443137204761","12.177695156522953","3.7721619326673594","0.0","0.527784504","0.0","","","1","1","0"
"2017","11410","서울특별시","서대문구","12.83843406795864","0.0","0.0","0.0","0.0","0.0","","","1","1","0"
"2017","11440","서울특별시","마포구","16.678244571604726","0.0","0.0","0.0","0.0","0.0","","","1","1","0"
"2017","11470","서울특별시","양천구","0.0","0.0","0.0","0.0","","","","","1","1","0"
"2017","11500","서울특별시","강서구","14.363205126951101","0.0","0.0","0.0","0.0","0.0","","","1","1","0"
"2017","11530","서울특별시","구로구","16.255254807442377","0.0","0.0","0.0","0.0","0.0","","","1","1","0"
"2017","11545","서울특별시","금천구","14.67079544437762","14.340076756890106","5.969796480460376","0.0","0.418065725","0.0","","","1","1","0"
"2017","11560","서울특별시","영등포구","","","","","","","","","0","1","0"
"2017","11590","서울특별시","동작구","0.0","0.0","0.0","0.0","","","","","1","1","0"
"2017","11620","서울특별시","관악구","0.0","0.0","3.50614143500919","0.0","","","","","1","1","0"
"2017","11650","서울특별시","서초구","15.065380614460636","11.679179000169434","0.0","0.0","0.032729233","0.0","","","1","1","0"
"2017","11680","서울특별시","강남구","0.0","0.0","0.0","0.0","","","","","1","1","0"
"2017","11710","서울특별시","송파구","14.223028549481114","14.30528501268961","0.0","12.479879064996561","0.480264176","0.0773953872349208","1.0","22.5470989571888","1","1","0"
"2017","11740","서울특별시","강동구","14.984137438916488","9.96132961480892","0.0","0.0","0.006542612","0.0","","","1","1","0"
"2017","26110","부산광역시","중구","0.0","0.0","0.0","0.0","","","","","1","1","0"
"2017","26140","부산광역시","서구","10.84624014850225","13.23130754296595","0.0","0.0","0.915682873","0.0","","","1","1","0"
"2017","26170","부산광역시","동구","10.211564193707282","13.58680605246898","0.0","0.0","0.966922893","0.0","","","1","1","0"
"2017","26200","부산광역시","영도구","12.415422097195341","13.119332192935001","0.0","0.0","0.669054574","0.0","","","1","1","0"
"2017","26230","부산광역시","부산진구","9.340619600517787","12.511934845503896","0.0","0.0","0.959743684","0.0","1.0","2.7782241123074805","1","1","0"
"2017","26260","부산광역시","동래구","10.525738623172579","12.794085792762065","3.639680185615748","0.0","0.906223462","0.0","","","1","1","0"
"2017","26290","부산광역시","남구","11.94087767039304","13.137469818141343","0.0","0.0","0.767918802","0.0","","","1","1","0"
"2017","26320","부산광역시","북구","10.640294168089559","12.230432188649184","0.0","0.0","0.830638201","0.0","","","1","1","0"
"2017","26350","부산광역시","해운대구","10.24277059243414","11.456106132304336","0.0","0.0","0.770893023","0.0","","","1","1","0"
"2017","26380","부산광역시","사하구","12.914925106931678","0.0","0.0","0.0","0.0","0.0","","","1","1","0"
"2017","26410","부산광역시","금정구","11.646111430155443","0.0","1.8590600692567483","10.118074014672645","0.0","0.1782763888022944","1.0","3.045290148307508","1","1","0"
"2017","26440","부산광역시","강서구","9.842555025036004","11.486007154192562","0.0","10.457490331436778","0.644814537","0.2305407076909484","","","1","1","0"
"2017","26470","부산광역시","연제구","10.392980745406279","13.880233439208112","0.0","0.0","0.970323741","0.0","","","1","1","0"
"2017","26500","부산광역시","수영구","13.932073158653315","0.0","0.0","0.0","0.0","0.0","","","1","1","0"
"2017","26530","부산광역시","사상구","9.575035577704384","12.110505168026146","0.0","0.0","0.926595613","0.0","","","1","1","0"
"2017","26710","부산광역시","기장군","11.953252745535815","0.0","2.534336654957796","9.402357887468847","0.0","0.0723612829872124","","","1","1","0"
"2017","27110","대구광역시","중구","","","","","","","","","0","1","0"
"2017","27140","대구광역시","동구","0.0","0.0","0.0","0.0","","","","","1","1","0"
"2017","27170","대구광역시","서구","14.517660565906365","14.770740431777169","0.0","0.0","0.562934442","0.0","","","1","1","0"
"2017","27200","대구광역시","남구","0.0","0.0","0.0","0.0","","","","","1","1","0"
"2017","27230","대구광역시","북구","11.768382290875765","11.375022451549873","0.0","0.0","0.402907852","0.0","","","1","1","0"
"2017","27260","대구광역시","수성구","11.93080106645597","11.092256163365336","0.0","0.0","0.301839511","0.0","","","1","1","0"
"2017","27290","대구광역시","달서구","11.502382596529994","11.208536745210539","0.0","0.0","0.427061756","0.0","","","1","1","0"
"2017","27710","대구광역시","달성군","10.57751081584987","10.187808524261225","1.1251549848069735","0.0","0.403786046","0.0","1.0","0.04806403770000665","1","1","0"
"2017","27720","대구광역시","군위군","","","0.4331560632308906","","","","1.0","1.2405802445368257","0","1","0"
"2017","28110","인천광역시","중구","9.813819477617194","10.233583353105395","0.0","9.577279103933419","0.459572048","0.2384019540595252","","","1","1","0"
"2017","28140","인천광역시","동구","0.0","0.0","0.0","0.0","","","","","1","1","0"
"2017","28177","인천광역시","미추홀구","","","0.0","","","","","","0","1","0"
"2017","28185","인천광역시","연수구","14.321697602906616","0.0","0.0","0.0","0.0","0.0","","","1","1","0"
"2017","28200","인천광역시","남동구","13.443717707153787","13.766643116671451","0.0","12.02508837997953","0.526516856","0.0922704250165161","","","1","1","0"
"2017","28237","인천광역시","부평구","12.917866278773818","13.594405373120471","0.0","0.0","0.662966092","0.0","","","1","1","0"
"2017","28245","인천광역시","계양구","13.742201924144613","13.412880264239945","0.0","12.063399761311487","0.377444043","0.0978991192514324","","","1","1","0"
"2017","28260","인천광역시","서구","12.786246922790763","13.059342504684686","4.6239142146816326","11.875985479633549","0.483730456","0.1481412175648702","","","1","1","0"
"2017","28710","인천광역시","강화군","","","","","0.19917302","0.0609962289348988","","","0","1","0"
"2017","28720","인천광역시","옹진군","11.720148829444016","10.606400934338133","0.0","0.0","0.247169731","0.0","","","1","1","0"
"2017","29110","광주광역시","동구","9.844949448066673","11.053031853234357","0.0","0.0","0.769966062","0.0","","","1","1","0"
"2017","29140","광주광역시","서구","13.565280622236168","0.0","5.102671896535852","11.796696300338612","0.0","0.1457176932664974","1.0","25.13208921570337","1","1","0"
"2017","29155","광주광역시","남구","11.950354223142984","0.0","0.0","9.394179751188279","0.0","0.0720076433478987","1.0","9.918609398165675","1","1","0"
"2017","29170","광주광역시","북구","10.772244875488779","8.05877941905351","0.0","0.0","0.062166227","0.0","","","1","1","0"
"2017","29200","광주광역시","광산구","10.187369694780735","10.732852304745881","0.0","0.0","0.633090565","0.0","1.0","3.61885518504658","1","1","0"
"2017","30110","대전광역시","동구","9.791647280484513","11.286938201575284","0.0","9.739440736247621","0.695921548","0.1480711780750747","","","1","1","0"
"2017","30140","대전광역시","중구","12.247829056785378","0.0","0.0","0.0","0.0","0.0","","","1","1","0"
"2017","30170","대전광역시","서구","10.987267617032439","11.593195312577741","0.0","0.0","0.647013051","0.0","","","1","1","0"
"2017","30200","대전광역시","유성구","9.995288362745317","0.0","0.0","0.0","0.0","0.0","","","1","1","0"
"2017","30230","대전광역시","대덕구","11.896655011925418","12.945441388154002","0.0","0.0","0.740542632","0.0","","","1","1","0"
"2017","31110","울산광역시","중구","13.770673855584052","12.600455499896535","0.0","10.486747250114153","0.230229608","0.0278085721123695","1.0","4.654959422906975","1","1","0"
"2017","31140","울산광역시","남구","12.202268602130154","12.951533744446305","0.0","0.0","0.679019133","0.0","1.0","16.502544563478338","1","1","0"
"2017","31170","울산광역시","동구","14.381912597831594","0.0","0.0","10.389967749335804","0.0","0.0181285024584793","1.0","3.878562776286484","1","1","0"
"2017","31200","울산광역시","북구","13.806245996731555","0.0","1.4043002114220589","9.770827304450817","0.0","0.0173702268825897","1.0","3.14519087914535","1","1","0"
"2017","31710","울산광역시","울주군","13.188270283347778","0.0","2.2868012587571425","8.882121669599933","0.0","0.0133041528757986","1.0","4.601726761372096","1","1","0"
"2017","36110","세종특별자치시","세종시","","","2.18588341511161","","","","1.0","10.33393154532805","0","1","0"
"2017","41111","경기도","수원시 장안구","","","0.0","","","","","","0","1","0"
"2017","41113","경기도","수원시 권선구","","","0.0","","","","","","0","1","0"
"2017","41115","경기도","수원시 팔달구","","","0.0","","","","","","0","1","0"
"2017","41117","경기도","수원시 영통구","","","0.0","","","","","","0","1","0"
"2017","41131","경기도","성남시 수정구","","","0.0","","","","1.0","175.01795668975186","0","1","0"
"2017","41133","경기도","성남시 중원구","","","5.668833403165514","","","","","","0","1","0"
"2017","41135","경기도","성남시 분당구","","","0.0","","","","","","0","1","0"
"2017","41150","경기도","의정부시","13.510562307487358","0.0","0.0","0.0","0.0","0.0","","","1","1","0"
"2017","41171","경기도","안양시 만안구","","","0.0","","","","","","0","1","0"
"2017","41173","경기도","안양시 동안구","","","0.0","","","","","","0","1","0"
"2017","41190","경기도","부천시","0.0","0.0","0.0","0.0","","","","","1","1","0"
"2017","41210","경기도","광명시","0.0","0.0","0.0","0.0","","","","","1","1","0"
"2017","41220","경기도","평택시","13.72172429443529","0.0","0.0","0.0","0.0","0.0","1.0","17.64262123504528","1","1","0"
"2017","41250","경기도","동두천시","14.226278917706612","11.869704039462228","0.0","0.0","0.086544082","0.0","1.0","15.385087619048202","1","1","0"
"2017","41271","경기도","안산시 상록구","","","5.005618997732435","","","","","","0","1","0"
"2017","41273","경기도","안산시 단원구","","","3.574586113436977","","","","","","0","1","0"
"2017","41281","경기도","고양시 덕양구","","","0.0","","","","","","0","1","0"
"2017","41285","경기도","고양시 일산동구","","","0.0","","","","","","0","1","0"
"2017","41287","경기도","고양시 일산서구","","","0.0","","","","","","0","1","0"
"2017","41290","경기도","과천시","13.586514392119861","10.056653847118247","3.8237175555317333","0.0","0.028473293","0.0","1.0","2.256612624942787","1","1","0"
"2017","41310","경기도","구리시","12.523087222510654","13.205760112181801","0.0","0.0","0.664335399","0.0","","","1","1","0"
"2017","41360","경기도","남양주시","12.737377325088701","10.83962823217105","2.2757443742447476","9.717026010776202","0.125056403","0.0406956819739547","1.0","10.218568287872989","1","1","0"
"2017","41370","경기도","오산시","13.367995995072757","0.0","0.0","0.0","0.0","0.0","","","1","1","0"
"2017","41390","경기도","시흥시","13.769228406916517","13.78464159403574","0.0","0.0","0.503853225","0.0","","","1","1","0"
"2017","41410","경기도","군포시","14.489664427004117","14.426220192621056","0.0","0.0","0.484144251","0.0","","","1","1","0"
"2017","41430","경기도","의왕시","13.540322630678823","13.594944457458789","0.0","0.0","0.51365208","0.0","1.0","15.65362748477599","1","1","0"
"2017","41450","경기도","하남시","13.84877389315905","13.210791198166634","0.0","0.0","0.345702501","0.0","1.0","45.968654294207305","1","1","0"
"2017","41461","경기도","용인시 처인구","","","3.0090012309611636","","","","1.0","15.980653909486088","0","1","0"
"2017","41463","경기도","용인시 기흥구","","","3.442809018477251","","","","","","0","1","0"
"2017","41465","경기도","용인시 수지구","","","0.0","","","","","","0","1","0"
"2017","41480","경기도","파주시","12.803911875824436","12.588106026098446","0.0","0.0","0.44625679","0.0","1.0","16.61360162362581","1","1","0"
"2017","41500","경기도","이천시","12.208332635931901","12.04721749792898","3.84110346687409","0.0","0.459807903","0.0","1.0","13.998076281967732","1","1","0"
"2017","41550","경기도","안성시","11.472133588416414","10.473403687442833","2.2673242325901652","0.0","0.269187697","0.0","1.0","7.303393676125394","1","1","0"
"2017","41570","경기도","김포시","14.341790411865825","14.02772226074518","0.0","0.0","0.422122008","0.0","","","1","1","0"
"2017","41590","경기도","화성시","9.586967415929763","11.065985661457702","2.335462113253623","0.0","0.814432255","0.0","1.0","2.5315470493290144","1","1","0"
"2017","41610","경기도","광주시","13.329256338455236","11.733904319047602","2.8167078386844038","9.611571457290474","0.16529361","0.0197930635896198","1.0","22.433831185799672","1","1","0"
"2017","41630","경기도","양주시","11.051007656220074","11.021699661344792","0.0","9.8104509788233","0.42963523","0.1279512496709781","1.0","3.6047750980536883","1","1","0"
"2017","41650","경기도","포천시","11.033391578925249","0.0","0.8020973174200708","0.0","0.0","0.0","1.0","8.126544288512077","1","1","0"
"2017","41670","경기도","여주시","0.0","0.0","1.758439110009327","0.0","","","1.0","4.5982679160558115","1","1","0"
"2017","41800","경기도","연천군","13.422754129857054","12.3662165821526","0.0","11.229968280478001","0.238241553","0.0764798857900372","1.0","48.05747479594534","1","1","0"
"2017","41820","경기도","가평군","9.331028140512949","8.708981124555171","1.1231323643669833","7.586674733807457","0.313647124","0.1020660313503873","1.0","3.564559549979538","1","1","0"
"2017","41830","경기도","양평군","10.060444683651351","9.306740337018464","1.085472722801166","7.935657429791089","0.29596981","0.0751065326871536","1.0","5.980167221801043","1","1","0"
"2017","43111","충청북도","청주시 상당구","","","1.8475873797243378","","","","1.0","2.461674022814428","0","1","0"
"2017","43112","충청북도","청주시 서원구","","","5.101273570961163","","","","","","0","1","0"
"2017","43113","충청북도","청주시 흥덕구","","","5.568352028466287","","","","","","0","1","0"
"2017","43114","충청북도","청주시 청원구","","","3.669652639598743","","","","","","0","1","0"
"2017","43130","충청북도","충주시","10.737540029882167","9.304000662915827","2.57672339293489","0.0","0.192537027","0.0","","","1","1","0"
"2017","43150","충청북도","제천시","9.992604251933312","6.890439228852305","2.2991674262882356","0.0","0.042978031","0.0","1.0","1.2132700042397448","1","1","0"
"2017","43720","충청북도","보은군","8.255128961624445","9.39497397629566","2.1461533573803075","0.0","0.757683646","0.0","","","1","1","0"
"2017","43730","충청북도","옥천군","10.262993189520046","8.322119988661006","0.0","0.0","0.125529101","0.0","","","1","1","0"
"2017","43740","충청북도","영동군","10.003338416267395","9.628288552219463","2.0906703197366467","7.968243265855634","0.378047396","0.0718581317763163","1.0","1.0882471236889222","1","1","0"
"2017","43745","충청북도","증평군","10.61022271409293","12.269396720128418","0.0","0.0","0.840129774","0.0","","","1","1","0"
"2017","43750","충청북도","진천군","10.775674079934143","8.598192315664567","2.7870126005516918","0.0","0.101775986","0.0","","","1","1","0"
"2017","43760","충청북도","괴산군","9.128000506785748","6.878407121033375","1.483223893840756","0.0","0.095305042","0.0","","","1","1","0"
"2017","43770","충청북도","음성군","10.413995895834816","10.118975693612176","2.9282949162595266","0.0","0.426772766","0.0","","","1","1","0"
"2017","43800","충청북도","단양군","9.175238499041768","9.593484242638585","0.8208431204074615","7.503395084343155","0.561232257","0.0693774911083616","1.0","0.5342984890304828","1","1","0"
"2017","44131","충청남도","천안시 동남구","","","2.61139734356423","","","","1.0","4.047160767405161","0","1","0"
"2017","44133","충청남도","천안시 서북구","","","0.0","","","","","","0","1","0"
"2017","44150","충청남도","공주시","10.758403413561904","9.40787283648265","2.546203388933251","0.0","0.205773704","0.0","","","1","1","0"
"2017","44180","충청남도","보령시","10.553108302056295","9.294273293778499","1.5195504097465728","8.247120288480783","0.205236637","0.0720125597181207","1.0","1.1451320368927904","1","1","0"
"2017","44200","충청남도","아산시","11.87985659631204","9.803695127467911","2.855384856138697","0.0","0.111430698","0.0","","","1","1","0"
"2017","44210","충청남도","서산시","9.671797041997557","0.0","0.6274922460749682","0.0","0.0","0.0","","","1","1","0"
"2017","44230","충청남도","논산시","11.197574919425458","11.183085382477012","3.028203052823415","0.0","0.496377629","0.0","1.0","0.9108053619372088","1","1","0"
"2017","44250","충청남도","계룡시","10.418363178679531","10.712236203939845","0.0","0.0","0.57294591","0.0","","","1","1","0"
"2017","44270","충청남도","당진시","9.470954176841076","8.902860493477093","2.404554933837705","0.0","0.361663205","0.0","","","1","1","0"
"2017","44710","충청남도","금산군","10.608424091721526","9.97121469872949","2.154316496001003","7.907039088361171","0.331332126","0.0420401106908739","1.0","1.311914928277448","1","1","0"
"2017","44760","충청남도","부여군","11.320519866433136","0.0","2.0998741030756527","0.0","0.0","0.0","1.0","0.2835604899645688","1","1","0"
"2017","44770","충청남도","서천군","10.894558247779463","9.93111016431739","1.040484536129546","0.0","0.276182349","0.0","1.0","0.7060139363132584","1","1","0"
"2017","44790","충청남도","청양군","10.69624676416527","0.0","1.5571192779403842","0.0","0.0","0.0","1.0","0.3319435445029159","1","1","0"
"2017","44800","충청남도","홍성군","9.004846998293285","0.0","2.0166566713287986","0.0","0.0","0.0","","","1","1","0"
"2017","44810","충청남도","예산군","10.742161906329807","9.648596530470034","1.840370301417983","0.0","0.250939425","0.0","","","1","1","0"
"2017","44825","충청남도","태안군","9.9691633465966","0.0","0.5504352063403257","0.0","0.0","0.0","","","1","1","0"
"2017","45111","전라북도","전주시 완산구","","","0.0","","","","","","0","1","0"
"2017","45113","전라북도","전주시 덕진구","","","0.0","","","","","","0","1","0"
"2017","45130","전라북도","군산시","13.233861623923872","0.0","1.6928165301878575","0.0","0.0","0.0","1.0","15.908393858892182","1","1","0"
"2017","45140","전라북도","익산시","11.77511187091903","11.146402512356493","0.0","9.158517804113782","0.331986147","0.0454729496848747","1.0","3.930133580988212","1","1","0"
"2017","45180","전라북도","정읍시","10.841535296308852","9.637221698201476","2.1992462441979583","0.0","0.230700632","0.0","1.0","0.7816755794439623","1","1","0"
"2017","45190","전라북도","남원시","7.869420745669748","8.696210642064486","1.699371888662432","0.0","0.695721279","0.0","","","1","1","0"
"2017","45210","전라북도","김제시","10.545393699467912","10.885650413062573","0.0","9.107232887222821","0.531781415","0.0898123831333907","1.0","2.105656764689842","1","1","0"
"2017","45710","전라북도","완주군","10.629852598433775","0.0","1.10901252496341","0.0","0.0","0.0","","","1","1","0"
"2017","45720","전라북도","진안군","9.741437833039873","9.397879788809988","1.5192934275195018","0.0","0.414939593","0.0","","","1","1","0"
"2017","45730","전라북도","무주군","9.917048828682317","0.0","2.467591638486618","0.0","0.0","0.0","","","1","1","0"
"2017","45740","전라북도","장수군","5.7698392700597205","9.526846935632914","2.8317010740253656","0.0","0.977247389","0.0","","","1","1","0"
"2017","45750","전라북도","임실군","10.69930648121126","9.706221702917723","1.424664447822283","8.887177431802442","0.241518393","0.1064658321260973","1.0","1.324451832233092","1","1","0"
"2017","45770","전라북도","순창군","10.722508596537034","10.001677043506131","1.670400151889266","7.743511934409688","0.316386441","0.0330628718442037","1.0","1.4189712625635433","1","1","0"
"2017","45790","전라북도","고창군","8.767053738383957","8.778780446810865","0.6803211528310366","0.0","0.502932098","0.0","","","1","1","0"
"2017","45800","전라북도","부안군","10.327748090476877","9.089522622600926","0.0","0.0","0.224731058","0.0","","","1","1","0"
"2017","46110","전라남도","목포시","7.891987432585192","10.582055916936289","3.0766871210233","0.0","0.936458794","0.0","1.0","0.6516228194166204","1","1","0"
"2017","46130","전라남도","여수시","10.248912800067176","0.0","1.8627259671043552","7.857714411014501","0.0","0.0838193384448424","1.0","3.7249131310527788","1","1","0"
"2017","46150","전라남도","순천시","10.051681879367","9.593989221398136","2.4509374807946314","0.0","0.387527392","0.0","1.0","2.8203265919698963","1","1","0"
"2017","46170","전라남도","나주시","7.883135340102114","8.124254751881708","2.8294886949401796","0.0","0.560009404","0.0","","","1","1","0"
"2017","46230","전라남도","광양시","10.782926022538302","10.167327924047243","2.027402744421481","8.455203867664887","0.329897295","0.0595301504546223","1.0","4.831505340982957","1","1","0"
"2017","46710","전라남도","담양군","6.241317492959827","9.514239037380754","2.6496726783976863","0.0","0.963554004","0.0","","","1","1","0"
"2017","46720","전라남도","곡성군","6.358545036711927","8.516301509870505","2.0229813885835446","0.0","0.896533675","0.0","","","1","1","0"
"2017","46730","전라남도","구례군","7.426778227141951","7.704498605822452","1.5020128749528396","0.0","0.569022664","0.0","1.0","0.13997784133399124","1","1","0"
"2017","46770","전라남도","고흥군","8.943827426396153","8.728039837176924","2.4348859895316632","7.590730035577928","0.390404131","0.1251520487609947","1.0","0.20481883953948898","1","1","0"
"2017","46780","전라남도","보성군","9.904040648603214","9.349777912499304","3.1525340188567186","8.06850523633864","0.331307668","0.0919779123918452","1.0","0.34399140242425186","1","1","0"
"2017","46790","전라남도","화순군","7.412544048112249","9.093422430900711","2.239197425434422","0.0","0.843085829","0.0","","","1","1","0"
"2017","46800","전라남도","장흥군","9.192114272878232","7.116168239308317","2.6331035403726175","0.0","0.111386486","0.0","","","1","1","0"
"2017","46810","전라남도","강진군","8.883623748320588","4.350979910133976","1.9431655609687355","0.0","0.010503547","0.0","","","1","1","0"
"2017","46820","전라남도","해남군","8.74417149422106","4.075094807958806","2.5096002206284407","0.0","0.009138723","0.0","","","1","1","0"
"2017","46830","전라남도","영암군","7.139575893039225","8.46540400728926","1.25015748824723","0.0","0.79024633","0.0","","","1","1","0"
"2017","46840","전라남도","무안군","10.909144003725329","9.875321362162921","0.0","8.737777306802613","0.241986761","0.0775738176117063","1.0","0.1465307391548116","1","1","0"
"2017","46860","전라남도","함평군","7.904563010983181","8.586752765639234","1.6441761966750719","0.0","0.664267964","0.0","","","1","1","0"
"2017","46870","전라남도","영광군","7.982475277158482","7.137972352489641","1.6015182518664863","0.0","0.300491989","0.0","","","1","1","0"
"2017","46880","전라남도","장성군","8.633160680710509","7.059109878246225","2.118657054282761","0.0","0.171542769","0.0","","","1","1","0"
"2017","46890","전라남도","완도군","6.760933559987209","3.51146486587251","0.9904952944375216","0.0","0.036312057","0.0","","","1","1","0"
"2017","46900","전라남도","진도군","9.527872269054896","0.0","2.514445715392703","0.0","0.0","0.0","","","1","1","0"
"2017","46910","전라남도","신안군","10.265125560010652","6.666795544543242","0.0","0.0","0.026608168","0.0","1.0","0.18156907817357062","1","1","0"
"2017","47111","경상북도","포항시 남구","","","2.4146967785757627","","","","1.0","14.167941973128926","0","1","0"
"2017","47113","경상북도","포항시 북구","","","1.8594363863749601","","","","","","0","1","0"
"2017","47130","경상북도","경주시","12.246777425112464","0.0","1.5110436439453665","6.9151929541202595","0.0","0.0048083910979977","1.0","4.119056778275013","1","1","0"
"2017","47150","경상북도","김천시","10.819245703279893","0.0","1.6480388087617812","0.0","0.0","0.0","1.0","0.5351731243306577","1","1","0"
"2017","47170","경상북도","안동시","12.241653838901799","8.60872287348735","1.385849107822605","6.346796534615896","0.025684346","0.0026708158229677","1.0","2.2821046776276424","1","1","0"
"2017","47190","경상북도","구미시","12.355826165075017","0.0","1.6801623033531565","0.0","0.0","0.0","1.0","5.3732376017082455","1","1","0"
"2017","47210","경상북도","영주시","10.73813834002555","0.0","1.6215670524820092","7.565266015730452","0.0","0.0401802896646426","1.0","0.9621898163657984","1","1","0"
"2017","47230","경상북도","영천시","10.040128190807788","7.936363751767661","1.1789350432279222","0.0","0.108701055","0.0","1.0","1.675937757953921","1","1","0"
"2017","47250","경상북도","상주시","10.229669903541708","8.965485658285099","1.8745447882010968","0.0","0.220238696","0.0","1.0","1.0414944596851174","1","1","0"
"2017","47280","경상북도","문경시","10.504736570316632","0.0","1.5855832518626445","7.52024300119917","0.0","0.0481077613855035","","","1","1","0"
"2017","47290","경상북도","경산시","11.021973910750896","0.0","1.8830879532423734","8.287103899850885","0.0","0.0609333709623624","1.0","1.001788165839925","1","1","0"
"2017","47730","경상북도","의성군","10.284753517976068","7.8348513603776535","0.8928998160097805","0.0","0.079419261","0.0","1.0","0.7737987002907463","1","1","0"
"2017","47750","경상북도","청송군","10.021479597207362","0.0","1.2703696947139036","7.104990395572963","0.0","0.0513066082911479","","","1","1","0"
"2017","47760","경상북도","영양군","9.950399820682597","8.14433236168818","1.0870525070422863","7.022285551786676","0.134891615","0.0438959926809208","1.0","0.3242715436833925","1","1","0"
"2017","47770","경상북도","영덕군","9.967679285262415","0.0","1.0426853227356148","0.0","0.0","0.0","1.0","1.247892702396217","1","1","0"
"2017","47820","경상북도","청도군","9.847411929821257","9.121914663008573","1.1951699949360692","8.906521112519565","0.258259298","0.2082093991671624","1.0","2.433322902039891","1","1","0"
"2017","47830","경상북도","고령군","10.468912178841355","0.0","1.066694752795173","0.0","0.0","0.0","1.0","2.0098138181734115","1","1","0"
"2017","47840","경상북도","성주군","10.501759191774536","8.261405875707824","1.464062294395618","0.0","0.096164757","0.0","1.0","1.9543766366360582","1","1","0"
"2017","47850","경상북도","칠곡군","10.64471775173297","8.537550859071356","1.4552533242713042","0.0","0.108385548","0.0","1.0","3.7621955048484637","1","1","0"
"2017","47900","경상북도","예천군","10.663114319753292","0.0","1.0262627536184348","0.0","0.0","0.0","1.0","0.5001193555988017","1","1","0"
"2017","47920","경상북도","봉화군","9.660066362582699","0.0","0.991376644129919","6.538260635787484","0.0","0.0421607612014485","1.0","0.18954293086216406","1","1","0"
"2017","47930","경상북도","울진군","9.305135985202938","7.718657398697977","0.9324472781453266","7.9822001755705045","0.13908387","0.1810408898318543","","","1","1","0"
"2017","47940","경상북도","울릉군","0.0","0.0","0.0","0.0","","","","","1","1","0"
"2017","48121","경상남도","창원시 의창구","","","1.5883425275559249","","","","","","0","1","0"
"2017","48123","경상남도","창원시 성산구","","","0.0","","","","","","0","1","0"
"2017","48125","경상남도","창원시 마산합포구","","","1.588548674076729","","","","","","0","1","0"
"2017","48127","경상남도","창원시 마산회원구","","","1.664538104697602","","","","","","0","1","0"
"2017","48129","경상남도","창원시 진해구","","","0.0","","","","","","0","1","0"
"2017","48170","경상남도","진주시","9.44123793204775","10.852776122801325","1.9323962677014748","7.496951399151607","0.78209606","0.0272653665636505","1.0","3.507990386169501","1","1","0"
"2017","48220","경상남도","통영시","10.563641247375893","10.285107192706418","1.4694754361349491","0.0","0.430811174","0.0","1.0","2.0178787400820917","1","1","0"
"2017","48240","경상남도","사천시","11.20440086467791","0.0","1.8159124349238251","7.514483475222949","0.0","0.0243529225443984","1.0","3.35546515157263","1","1","0"
"2017","48250","경상남도","김해시","11.941801421677038","0.0","2.0306046997674025","0.0","0.0","0.0","1.0","4.038461103032623","1","1","0"
"2017","48270","경상남도","밀양시","12.122844938516367","10.392504205274182","1.3936274810322336","5.888314157832496","0.150291172","0.0016580457979984","1.0","3.8056333858813547","1","1","0"
"2017","48310","경상남도","거제시","11.843766001814654","10.125463520839588","1.7923268498455212","7.773784063777182","0.14991576","0.0142679165464364","1.0","2.758143821886935","1","1","0"
"2017","48330","경상남도","양산시","11.503777112789345","10.128228708861226","2.1988511470847856","7.957207384448166","0.197184595","0.0224841078572352","1.0","5.840009057795902","1","1","0"
"2017","48720","경상남도","의령군","9.423028747206514","9.151920989534384","0.8073672146564502","6.0947512688892695","0.424021866","0.019894913758927","1.0","2.476232538345603","1","1","0"
"2017","48730","경상남도","함안군","9.969713730886093","9.740431921815278","1.7004497817449191","7.951774343497301","0.41239715","0.0689261761374285","1.0","0.5659371578085891","1","1","0"
"2017","48740","경상남도","창녕군","10.921005300829757","9.521651438986929","1.074986465245706","7.226955898109427","0.194041738","0.0195450879410081","1.0","3.427725625014515","1","1","0"
"2017","48820","경상남도","고성군","9.63877006347838","9.104052600847323","1.379358956265931","6.051194517404458","0.363086807","0.0171078471385289","1.0","0.9430685907873445","1","1","0"
"2017","48840","경상남도","남해군","10.205153794538685","9.257337089803423","1.359843992531207","6.534948164318326","0.274284487","0.0180008588678101","1.0","1.6585141667775574","1","1","0"
"2017","48850","경상남도","하동군","10.855397876165986","0.0","1.915075697227141","0.0","0.0","0.0","1.0","3.0016307653920205","1","1","0"
"2017","48860","경상남도","산청군","8.534097930785864","8.948062378562032","1.4067351143556297","5.905663294233061","0.585282424","0.0278573746203132","1.0","1.4458442099074225","1","1","0"
"2017","48870","경상남도","함양군","7.975475752498467","9.463290341743072","1.9534375452201667","6.174316017347249","0.791751264","0.0294668590875446","1.0","0.20398241280273402","1","1","0"
"2017","48880","경상남도","거창군","7.788571817235443","8.211362353834756","0.9015791325871964","5.85400461930352","0.571576745","0.0539706349910288","1.0","0.435339557116299","1","1","0"
"2017","48890","경상남도","합천군","8.221168644299668","8.256572173305138","0.932617780933752","5.396555424074705","0.494503625","0.0281981069359587","1.0","0.6519692209544465","1","1","0"
"2017","50110","제주특별자치도","제주시","","","2.880698718045113","","","","","","0","1","0"
"2017","50130","제주특별자치도","서귀포시","","","2.4147697289219616","","","","","","0","1","0"
"2017","51110","강원특별자치도","춘천시","10.160539952505365","9.733009116504181","2.3360125361452164","0.0","0.394711171","0.0","1.0","2.729709589993642","1","1","0"
"2017","51130","강원특별자치도","원주시","10.172855929126024","10.224509023212189","0.6700739166529438","8.31409294804177","0.476725246","0.0705495604473584","1.0","1.7233271741086884","1","1","0"
"2017","51150","강원특별자치도","강릉시","9.070861785428928","8.95519422571218","1.800374004003916","0.0","0.471111794","0.0","","","1","1","0"
"2017","51170","강원특별자치도","동해시","7.792915727884926","9.180725124849197","0.0","0.0","0.800291801","0.0","","","1","1","0"
"2017","51190","강원특별자치도","태백시","7.926553336064503","9.468201185728919","1.6993875424570484","0.0","0.823745358","0.0","","","1","1","0"
"2017","51210","강원특별자치도","속초시","8.907464188611577","10.098112569138786","2.457301945571374","0.0","0.766873853","0.0","","","1","1","0"
"2017","51230","강원특별자치도","삼척시","6.61096527794812","7.38727318614615","0.7962272769370019","0.0","0.685040753","0.0","","","1","1","0"
"2017","51720","강원특별자치도","홍천군","9.663460326723454","0.0","1.5946813390463785","7.090130055227195","0.0","0.0708239936780266","1.0","0.7168578774903214","1","1","0"
"2017","51730","강원특별자치도","횡성군","8.257917271260158","9.603475292303541","1.1156108655513437","7.693238926153832","0.710059681","0.1050802296771148","1.0","0.9555568506590877","1","1","0"
"2017","51750","강원특별자치도","영월군","9.058041284986599","7.687631078883674","0.32764390646552816","0.0","0.202498326","0.0","","","1","1","0"
"2017","51760","강원특별자치도","평창군","9.46493436325727","9.428434148297608","1.148194041316427","0.0","0.490875239","0.0","","","1","1","0"
"2017","51770","강원특별자치도","정선군","9.731709244734004","10.154178612996812","1.5052280802782798","7.572222339626077","0.577699795","0.0436682943229904","1.0","1.2957485970587765","1","1","0"
"2017","51780","강원특별자치도","철원군","12.256121049930842","12.796057745377668","4.752710761516938","0.0","0.631798153","0.0","","","1","1","0"
"2017","51790","강원특별자치도","화천군","9.878045521991348","0.0","1.7110125043433964","0.0","0.0","0.0","","","1","1","0"
"2017","51800","강원특별자치도","양구군","0.0","10.779293673920794","3.123322473156971","0.0","1.0","0.0","","","1","1","0"
"2017","51810","강원특별자치도","인제군","9.735559268218696","7.778632364260087","1.150772805942683","0.0","0.123761018","0.0","1.0","0.2283430585335894","1","1","0"
"2017","51820","강원특별자치도","고성군","10.621532722879433","0.0","2.998319144924825","0.0","0.0","0.0","","","1","1","0"
"2017","51830","강원특별자치도","양양군","8.272581367641662","8.398575188989762","1.738097307680652","0.0","0.531464384","0.0","","","1","1","0"
"2018","11110","서울특별시","종로구","12.823738567044497","0.0","0.0","0.0","0.0","0.0","","","1","1","0"
"2018","11140","서울특별시","중구","15.797468092117407","0.0","0.0","0.0","0.0","0.0","","","1","1","0"
"2018","11170","서울특별시","용산구","0.0","0.0","0.0","0.0","","","","","1","1","0"
"2018","11200","서울특별시","성동구","16.51176161870835","0.0","0.0","0.0","0.0","0.0","","","1","1","0"
"2018","11215","서울특별시","광진구","0.0","0.0","0.0","0.0","","","","","1","1","0"
"2018","11230","서울특별시","동대문구","0.0","0.0","0.0","0.0","","","","","1","1","0"
"2018","11260","서울특별시","중랑구","0.0","0.0","4.848204860781462","0.0","","","","","1","1","0"
"2018","11290","서울특별시","성북구","0.0","0.0","0.0","0.0","","","","","1","1","0"
"2018","11305","서울특별시","강북구","0.0","0.0","0.0","0.0","","","","","1","1","0"
"2018","11320","서울특별시","도봉구","0.0","0.0","0.0","0.0","","","","","1","1","0"
"2018","11350","서울특별시","노원구","0.0","0.0","0.0","0.0","","","","","1","1","0"
"2018","11380","서울특별시","은평구","11.70221759397814","11.372055553228137","3.7721619326673594","10.50585073736973","0.355652174","0.1495652173913043","","","1","1","0"
"2018","11410","서울특별시","서대문구","13.180459730054888","0.0","0.0","0.0","0.0","0.0","","","1","1","0"
"2018","11440","서울특별시","마포구","16.744042313758584","0.0","0.0","0.0","0.0","0.0","","","1","1","0"
"2018","11470","서울특별시","양천구","10.53364385603769","0.0","0.0","0.0","0.0","0.0","","","1","1","0"
"2018","11500","서울특별시","강서구","15.706433493798901","12.917627416200354","0.0","12.168110011123368","0.056388146","0.0266486584764032","","","1","1","0"
"2018","11530","서울특별시","구로구","16.053195099206505","13.442320683929047","0.0","12.596138157805466","0.066489298","0.0285271578542772","","","1","1","0"
"2018","11545","서울특별시","금천구","14.838365189923012","13.071055917360756","5.969796480460376","0.0","0.145877049","0.0","","","1","1","0"
"2018","11560","서울특별시","영등포구","","","","","","","","","0","1","0"
"2018","11590","서울특별시","동작구","14.085842977255904","13.215454968197776","0.0","0.0","0.295173352","0.0","","","1","1","0"
"2018","11620","서울특별시","관악구","0.0","0.0","3.50614143500919","0.0","","","","","1","1","0"
"2018","11650","서울특별시","서초구","15.369612460078972","11.809359052160318","0.0","0.0","0.027645415","0.0","","","1","1","0"
"2018","11680","서울특별시","강남구","0.0","0.0","0.0","0.0","","","","","1","1","0"
"2018","11710","서울특별시","송파구","15.911860587311645","14.191388986379401","0.0","12.716267042555971","0.146715419","0.0335611961916874","1.0","22.5470989571888","1","1","0"
"2018","11740","서울특별시","강동구","14.863667377345182","10.453787748091154","0.0","13.167088079569663","0.010168671","0.1533370995077072","","","1","1","0"
"2018","26110","부산광역시","중구","0.0","0.0","0.0","0.0","","","","","1","1","0"
"2018","26140","부산광역시","서구","11.00885120728317","12.38915105806456","0.0","0.0","0.799041143","0.0","","","1","1","0"
"2018","26170","부산광역시","동구","10.501417062577444","13.145264576890593","0.0","0.0","0.933632354","0.0","","","1","1","0"
"2018","26200","부산광역시","영도구","11.51275117290716","12.960174940869846","0.0","0.0","0.809602812","0.0","","","1","1","0"
"2018","26230","부산광역시","부산진구","10.426726059438844","11.976764945165897","0.0","0.0","0.824922719","0.0","1.0","3.66440375582994","1","1","0"
"2018","26260","부산광역시","동래구","10.740462744686385","11.95190670283858","3.639680185615748","0.0","0.770557029","0.0","","","1","1","0"
"2018","26290","부산광역시","남구","11.657707287246067","12.199253775708826","0.0","0.0","0.632172938","0.0","","","1","1","0"
"2018","26320","부산광역시","북구","10.640350165629469","11.489129146351491","0.0","0.0","0.700313816","0.0","","","1","1","0"
"2018","26350","부산광역시","해운대구","9.79291106371165","10.714809357889807","0.0","0.0","0.715435586","0.0","","","1","1","0"
"2018","26380","부산광역시","사하구","12.261825623115548","0.0","0.0","0.0","0.0","0.0","","","1","1","0"
"2018","26410","부산광역시","금정구","11.676018808315273","0.0","1.8590600692567483","9.905539382987996","0.0","0.1454775707330118","1.0","3.045290148307508","1","1","0"
"2018","26440","부산광역시","강서구","9.831687224623161","10.75068278590392","0.0","10.62411614838697","0.438592734","0.3864497087784365","","","1","1","0"
"2018","26470","부산광역시","연제구","10.754382634911831","13.023556499701677","0.0","0.0","0.906293276","0.0","","","1","1","0"
"2018","26500","부산광역시","수영구","13.169079068651246","0.0","0.0","0.0","0.0","0.0","","","1","1","0"
"2018","26530","부산광역시","사상구","10.440601501274168","11.954249058747305","0.0","0.0","0.819604515","0.0","","","1","1","0"
"2018","26710","부산광역시","기장군","11.598935867706064","0.0","2.534336654957796","10.03727880065708","0.0","0.1734040430127723","","","1","1","0"
"2018","27110","대구광역시","중구","","","","","","","","","0","1","0"
"2018","27140","대구광역시","동구","0.0","0.0","0.0","0.0","","","","","1","1","0"
"2018","27170","대구광역시","서구","14.477386226534845","13.450557272517486","0.0","0.0","0.26369916","0.0","","","1","1","0"
"2018","27200","대구광역시","남구","0.0","0.0","0.0","0.0","","","","","1","1","0"
"2018","27230","대구광역시","북구","12.520268977343312","10.004637521858726","0.0","0.0","0.074766723","0.0","1.0","0.7871023916807406","1","1","0"
"2018","27260","대구광역시","수성구","11.34156473887862","9.149093632988285","0.0","0.0","0.100420094","0.0","","","1","1","0"
"2018","27290","대구광역시","달서구","11.981243670773534","10.566772333362726","0.0","0.0","0.1955267","0.0","","","1","1","0"
"2018","27710","대구광역시","달성군","12.16139053875424","8.955345780595724","0.7131199582639293","0.0","0.038934247","0.0","1.0","0.8040843016955658","1","1","0"
"2018","27720","대구광역시","군위군","","","0.7344012765873833","","","","1.0","1.441814026555734","0","1","0"
"2018","28110","인천광역시","중구","10.091439634298792","0.0","0.0","9.838006719932089","0.0","0.4369757826343768","","","1","1","0"
"2018","28140","인천광역시","동구","0.0","0.0","0.0","0.0","","","","","1","1","0"
"2018","28177","인천광역시","미추홀구","14.396644622726344","0.0","0.0","0.0","0.0","0.0","","","1","1","0"
"2018","28185","인천광역시","연수구","13.427153988256658","0.0","0.0","0.0","0.0","0.0","","","1","1","0"
"2018","28200","인천광역시","남동구","14.129477921100506","13.047279381369586","0.0","12.757105883721994","0.212797737","0.1592010550903341","","","1","1","0"
"2018","28237","인천광역시","부평구","13.71925782228797","0.0","0.0","0.0","0.0","0.0","","","1","1","0"
"2018","28245","인천광역시","계양구","14.205745117670485","0.0","0.0","0.0","0.0","0.0","","","1","1","0"
"2018","28260","인천광역시","서구","13.591173914917121","12.274688663646108","4.6239142146816326","12.136727401777483","0.178525781","0.1555194914399112","","","1","1","0"
"2018","28710","인천광역시","강화군","","","","","0.054713371","0.0451993831671094","","","0","1","0"
"2018","28720","인천광역시","옹진군","11.658839178659646","9.820579686326992","0.0","0.0","0.13725186","0.0","","","1","1","0"
"2018","29110","광주광역시","동구","10.011334032369891","0.0","0.0","0.0","0.0","0.0","","","1","1","0"
"2018","29140","광주광역시","서구","12.344512130695506","0.0","5.102671896535852","0.0","0.0","0.0","1.0","25.13208921570337","1","1","0"
"2018","29155","광주광역시","남구","10.632028197895632","0.0","0.0","9.80732673572768","0.0","0.3047600314712824","1.0","9.918609398165675","1","1","0"
"2018","29170","광주광역시","북구","9.308880418082115","0.0","0.0","0.0","0.0","0.0","","","1","1","0"
"2018","29200","광주광역시","광산구","9.697788642774164","9.760290844833504","0.0","0.0","0.515621395","0.0","1.0","3.61885518504658","1","1","0"
"2018","30110","대전광역시","동구","10.274729139229128","9.946729100900903","0.0","10.000170732817535","0.290435467","0.3063798065972294","","","1","1","0"
"2018","30140","대전광역시","중구","11.058007718533513","0.0","0.0","0.0","0.0","0.0","","","1","1","0"
"2018","30170","대전광역시","서구","10.869248696095037","10.256082269758526","0.0","0.0","0.351333561","0.0","","","1","1","0"
"2018","30200","대전광역시","유성구","10.915615571520142","0.0","0.0","0.0","0.0","0.0","1.0","0.9275735306201827","1","1","0"
"2018","30230","대전광역시","대덕구","11.797267348187557","11.605203669483998","0.0","0.0","0.452130746","0.0","","","1","1","0"
"2018","31110","울산광역시","중구","13.495465786423603","10.88549064496689","0.0","10.747484364138845","0.064641076","0.0563082468397662","1.0","4.654959422906975","1","1","0"
"2018","31140","울산광역시","남구","12.586317235886018","11.471788658884106","0.0","0.0","0.247026284","0.0","1.0","16.502544563478338","1","1","0"
"2018","31170","울산광역시","동구","14.02877527157329","0.0","0.0","10.65070421254472","0.0","0.0329871422379889","1.0","3.878562776286484","1","1","0"
"2018","31200","울산광역시","북구","14.000309742826676","0.0","1.4043002114220589","10.031557718841404","0.0","0.0185457420776114","1.0","3.14519087914535","1","1","0"
"2018","31710","울산광역시","울주군","12.85504286244334","0.0","2.515281196328706","9.142833318772375","0.0","0.0238387839688714","1.0","4.601726761372096","1","1","0"
"2018","36110","세종특별자치시","세종시","","","0.0","","","","1.0","10.945275921872671","0","1","0"
"2018","41111","경기도","수원시 장안구","","","0.0","","","","","","0","1","0"
"2018","41113","경기도","수원시 권선구","","","0.0","","","","","","0","1","0"
"2018","41115","경기도","수원시 팔달구","","","0.0","","","","","","0","1","0"
"2018","41117","경기도","수원시 영통구","","","0.0","","","","","","0","1","0"
"2018","41131","경기도","성남시 수정구","","","0.0","","","","1.0","175.01795668975186","0","1","0"
"2018","41133","경기도","성남시 중원구","","","5.668833403165514","","","","","","0","1","0"
"2018","41135","경기도","성남시 분당구","","","0.0","","","","","","0","1","0"
"2018","41150","경기도","의정부시","13.539866837493594","0.0","0.0","0.0","0.0","0.0","","","1","1","0"
"2018","41171","경기도","안양시 만안구","","","0.0","","","","","","0","1","0"
"2018","41173","경기도","안양시 동안구","","","0.0","","","","","","0","1","0"
"2018","41190","경기도","부천시","0.0","0.0","0.0","0.0","","","","","1","1","0"
"2018","41210","경기도","광명시","0.0","0.0","0.0","0.0","","","","","1","1","0"
"2018","41220","경기도","평택시","13.459407363802551","7.725890157552399","0.0","0.0","0.003223827","0.0","1.0","18.42369776295999","1","1","0"
"2018","41250","경기도","동두천시","13.973463929041335","11.131610137926943","0.0","0.0","0.055103218","0.0","1.0","15.385087619048202","1","1","0"
"2018","41271","경기도","안산시 상록구","","","5.005618997732435","","","","","","0","1","0"
"2018","41273","경기도","안산시 단원구","","","3.18303723554827","","","","","","0","1","0"
"2018","41281","경기도","고양시 덕양구","","","0.0","","","","","","0","1","0"
"2018","41285","경기도","고양시 일산동구","","","0.0","","","","","","0","1","0"
"2018","41287","경기도","고양시 일산서구","","","0.0","","","","","","0","1","0"
"2018","41290","경기도","과천시","13.445796555460989","8.838726574499347","3.8237175555317333","0.0","0.009880979","0.0","1.0","2.256612624942787","1","1","0"
"2018","41310","경기도","구리시","12.523087222510654","12.481866063840204","0.0","0.0","0.489696131","0.0","","","1","1","0"
"2018","41360","경기도","남양주시","12.913874654455029","10.509048394387404","2.2757443742447476","9.977755700829698","0.078960164","0.0464154160918069","1.0","10.218568287872989","1","1","0"
"2018","41370","경기도","오산시","14.148354466228596","0.0","0.0","0.0","0.0","0.0","","","1","1","0"
"2018","41390","경기도","시흥시","13.711683757934345","12.613042289531855","0.0","0.0","0.249994113","0.0","","","1","1","0"
"2018","41410","경기도","군포시","14.477653944948791","13.687710307811308","0.0","0.0","0.312180639","0.0","","","1","1","0"
"2018","41430","경기도","의왕시","13.54778023811517","12.622349165311643","0.0","0.0","0.283852165","0.0","1.0","15.65362748477599","1","1","0"
"2018","41450","경기도","하남시","13.701143289215958","12.414858270328459","0.0","0.0","0.216481776","0.0","1.0","45.968654294207305","1","1","0"
"2018","41461","경기도","용인시 처인구","","","3.2222275821333706","","","","1.0","22.108570208020677","0","1","0"
"2018","41463","경기도","용인시 기흥구","","","3.442809018477251","","","","","","0","1","0"
"2018","41465","경기도","용인시 수지구","","","0.0","","","","","","0","1","0"
"2018","41480","경기도","파주시","13.108846301335594","11.61551429589288","0.0","0.0","0.18342109","0.0","1.0","18.05917022728353","1","1","0"
"2018","41500","경기도","이천시","12.686261793801108","11.074629794963819","3.4463160967512545","0.0","0.166360435","0.0","1.0","15.494850160951124","1","1","0"
"2018","41550","경기도","안성시","12.559135595944914","8.296484266697409","2.6376494399567734","0.0","0.013885912","0.0","1.0","8.397940454384493","1","1","0"
"2018","41570","경기도","김포시","14.569112411681912","13.30382711682631","0.0","0.0","0.220065195","0.0","","","1","1","0"
"2018","41590","경기도","화성시","12.134994291357067","9.89441888142189","2.7081403049890724","0.0","0.096161598","0.0","1.0","3.679191170382372","1","1","0"
"2018","41610","경기도","광주시","14.042005008808243","11.025165762267811","2.8167078386844038","9.872299609385387","0.045992529","0.0145207333618069","1.0","22.433831185799672","1","1","0"
"2018","41630","경기도","양주시","11.205201528998842","10.486040127396924","0.0","9.84692429430557","0.279291683","0.147394972838096","1.0","6.562259867134012","1","1","0"
"2018","41650","경기도","포천시","11.142210944879617","0.0","0.8020973174200708","8.532836043831114","0.0","0.0685258540828964","1.0","8.126544288512077","1","1","0"
"2018","41670","경기도","여주시","11.799812142988891","9.923194019289472","1.758439110009327","9.785192221868174","0.119008783","0.1036674569944004","1.0","4.5982679160558115","1","1","0"
"2018","41800","경기도","연천군","13.840544219363492","11.650841604120897","0.0","11.562670278499489","0.092180948","0.0844011763082182","1.0","49.038401465690924","1","1","0"
"2018","41820","경기도","가평군","8.944797216218344","8.30492186061613","1.3260026299733514","7.8473018404003465","0.283353285","0.1792767861037469","1.0","4.309960003329845","1","1","0"
"2018","41830","경기도","양평군","10.848769402611554","8.334292347869717","1.371500143409458","8.196318832139237","0.070254504","0.0611980523831504","1.0","6.2257623246046965","1","1","0"
"2018","43111","충청북도","청주시 상당구","","","2.458647234119662","","","","1.0","2.8253668522814754","0","1","0"
"2018","43112","충청북도","청주시 서원구","","","4.815619103817206","","","","","","0","1","0"
"2018","43113","충청북도","청주시 흥덕구","","","5.568352028466287","","","","","","0","1","0"
"2018","43114","충청북도","청주시 청원구","","","3.669652639598743","","","","","","0","1","0"
"2018","43130","충청북도","충주시","10.906377307024403","8.721584704046588","2.8213882444788863","0.0","0.101111303","0.0","","","1","1","0"
"2018","43150","충청북도","제천시","9.672845521726774","7.03788602358102","2.2274518145298647","7.844686787335186","0.058153264","0.130369044136565","1.0","1.385925297850583","1","1","0"
"2018","43720","충청북도","보은군","7.90149113242394","8.786606260373008","2.1461533573803075","0.0","0.707926049","0.0","","","1","1","0"
"2018","43730","충청북도","옥천군","9.581300561885556","8.469743280027528","0.0","0.0","0.247554462","0.0","","","1","1","0"
"2018","43740","충청북도","영동군","9.936812936377564","8.539369407745637","2.0906703197366467","8.228907301006856","0.173055357","0.1268592476241756","1.0","1.6547953939437523","1","1","0"
"2018","43745","충청북도","증평군","5.997400827965334","11.660963302157024","0.0","0.0","0.996550403","0.0","","","1","1","0"
"2018","43750","충청북도","진천군","10.671059393803398","8.745823657089792","2.9977586235166904","0.0","0.127263752","0.0","1.0","0.980589256529135","1","1","0"
"2018","43760","충청북도","괴산군","8.104499256642498","7.025852225590414","1.964708864341299","0.0","0.253651038","0.0","","","1","1","0"
"2018","43770","충청북도","음성군","10.641787284655404","9.790292325596617","3.2493668424447164","0.0","0.299112621","0.0","","","1","1","0"
"2018","43800","충청북도","단양군","8.410503888464126","8.559850548875104","0.8208431204074615","8.196091216409977","0.391198977","0.2718832891246684","1.0","0.7492888999357336","1","1","0"
"2018","44131","충청남도","천안시 동남구","","","2.880550851819455","","","","1.0","4.047160767405161","0","1","0"
"2018","44133","충청남도","천안시 서북구","","","0.0","","","","","","0","1","0"
"2018","44150","충청남도","공주시","10.725964503331337","7.92839805296195","2.3170358059575347","0.0","0.057437496","0.0","","","1","1","0"
"2018","44180","충청남도","보령시","11.133652365513091","8.463500310608865","1.5195504097465728","8.507803667859067","0.060641669","0.0633892803568718","1.0","1.8206974606840243","1","1","0"
"2018","44200","충청남도","아산시","11.857085870171781","8.19012563556715","3.028071197189102","0.0","0.024910726","0.0","1.0","0.24375114228166894","1","1","0"
"2018","44210","충청남도","서산시","9.684188621417817","0.0","0.6274922460749682","0.0","0.0","0.0","","","1","1","0"
"2018","44230","충청남도","논산시","11.158229165133974","9.54072912833308","3.175415067576468","0.0","0.165541976","0.0","1.0","0.9108053619372088","1","1","0"
"2018","44250","충청남도","계룡시","10.127041801961658","9.607595906226306","0.0","0.0","0.372975442","0.0","","","1","1","0"
"2018","44270","충청남도","당진시","9.630721511511156","8.17910897271348","2.2401333481171775","0.0","0.189720495","0.0","","","1","1","0"
"2018","44710","충청남도","금산군","9.735661317106379","8.998694207700137","2.353990286948859","8.167698106628453","0.283666339","0.1235495701316659","1.0","1.5202450120166244","1","1","0"
"2018","44760","충청남도","부여군","11.55894529436096","0.0","2.6055742834187936","0.0","0.0","0.0","1.0","0.2835604899645688","1","1","0"
"2018","44770","충청남도","서천군","11.149743540791862","8.958592817906874","1.040484536129546","8.820602800427032","0.092441827","0.0805252259714391","1.0","1.468231838308022","1","1","0"
"2018","44790","충청남도","청양군","11.447441286833717","0.0","1.790677134945139","0.0","0.0","0.0","1.0","0.8140668874402086","1","1","0"
"2018","44800","충청남도","홍성군","8.50091194939491","0.0","2.212819552227344","0.0","0.0","0.0","","","1","1","0"
"2018","44810","충청남도","예산군","11.052811065790785","8.922841522011431","2.2855864834336983","0.0","0.106206731","0.0","1.0","0.5434874647779165","1","1","0"
"2018","44825","충청남도","태안군","11.267509536970067","0.0","0.5504352063403257","0.0","0.0","0.0","","","1","1","0"
"2018","45111","전라북도","전주시 완산구","","","0.0","","","","","","0","1","0"
"2018","45113","전라북도","전주시 덕진구","","","0.0","","","","","","0","1","0"
"2018","45130","전라북도","군산시","12.771515164348868","0.0","1.6928165301878575","0.0","0.0","0.0","1.0","16.31417498012563","1","1","0"
"2018","45140","전라북도","익산시","10.19967783927617","9.793661376848522","0.0","0.0","0.399863213","0.0","1.0","6.172370732528503","1","1","0"
"2018","45180","전라북도","정읍시","10.054903614733133","7.962876117741873","2.1992462441979583","0.0","0.109844276","0.0","1.0","0.7816755794439623","1","1","0"
"2018","45190","전라북도","남원시","9.292491032834787","7.603290618902336","1.8662416595445537","0.0","0.1558275","0.0","","","1","1","0"
"2018","45210","전라북도","김제시","10.55469985826082","0.0","0.0","0.0","0.0","0.0","1.0","2.105656764689842","1","1","0"
"2018","45710","전라북도","완주군","10.348111562082368","9.01134299623448","1.10901252496341","0.0","0.208027146","0.0","1.0","0.11355322077885797","1","1","0"
"2018","45720","전라북도","진안군","10.35933547440618","8.576484199716338","1.5192934275195018","0.0","0.143932094","0.0","","","1","1","0"
"2018","45730","전라북도","무주군","9.812805358396353","0.0","2.798500833487696","0.0","0.0","0.0","","","1","1","0"
"2018","45740","전라북도","장수군","5.705508744555751","8.982209451317434","3.004155349966144","0.0","0.963733075","0.0","","","1","1","0"
"2018","45750","전라북도","임실군","10.34594028485876","8.35358907196103","1.8343034199446953","8.776972182156914","0.101404556","0.1548694422623723","1.0","1.324451832233092","1","1","0"
"2018","45770","전라북도","순창군","9.986089078248398","9.309005262738554","1.670400151889266","0.0","0.336902518","0.0","1.0","2.2138799129962976","1","1","0"
"2018","45790","전라북도","고창군","9.591560615769618","7.9716850829284995","0.6803211528310366","0.0","0.165183856","0.0","","","1","1","0"
"2018","45800","전라북도","부안군","9.941814102772051","8.326232025384863","0.0","0.0","0.165788226","0.0","","","1","1","0"
"2018","46110","전라남도","목포시","7.980705697048862","10.690180782112487","3.0766871210233","0.0","0.93760212","0.0","1.0","0.6516228194166204","1","1","0"
"2018","46130","전라남도","여수시","10.130512866748482","8.649558144527104","1.8627259671043552","0.0","0.185262823","0.0","1.0","3.7249131310527788","1","1","0"
"2018","46150","전라남도","순천시","10.270431586726053","8.27495113231889","2.600440156333606","0.0","0.119655064","0.0","1.0","3.222036865697365","1","1","0"
"2018","46170","전라남도","나주시","8.20563696071549","4.9225190669279755","2.928927407787742","0.0","0.035910578","0.0","","","1","1","0"
"2018","46230","전라남도","광양시","10.948098099834667","9.2471427916813","2.027402744421481","8.715898545118344","0.141493864","0.0831748087586514","1.0","5.122150712947094","1","1","0"
"2018","46710","전라남도","담양군","7.842047076729108","8.040154020563945","2.7479406671938675","0.0","0.549382876","0.0","1.0","0.7845812533611002","1","1","0"
"2018","46720","전라남도","곡성군","8.061587744519032","7.345218565825318","2.1150276053733617","0.0","0.328120171","0.0","","","1","1","0"
"2018","46730","전라남도","구례군","9.392341753196868","7.812579869223628","1.9195464305027325","0.0","0.170783697","0.0","1.0","0.13997784133399124","1","1","0"
"2018","46770","전라남도","고흥군","8.540559612432961","8.302889096300317","2.54968885737868","7.8513576133278935","0.344243552","0.2191324747337117","1.0","0.20481883953948898","1","1","0"
"2018","46780","전라남도","보성군","10.080623153164856","8.179542803897377","3.1525340188567186","8.329176854448136","0.1129156","0.131146320882663","1.0","0.6933576705113828","1","1","0"
"2018","46790","전라남도","화순군","8.005681844347208","7.3029860234885025","2.311010673063944","0.0","0.331139462","0.0","","","1","1","0"
"2018","46800","전라남도","장흥군","9.374655612896962","7.224212494681165","2.8787468367809206","0.0","0.104229667","0.0","","","1","1","0"
"2018","46810","전라남도","강진군","8.786768537876377","4.353547199919267","1.9431655609687355","0.0","0.011589334","0.0","","","1","1","0"
"2018","46820","전라남도","해남군","8.968123346147484","7.43855749870564","2.569044492138292","0.0","0.177989774","0.0","","","1","1","0"
"2018","46830","전라남도","영암군","6.779396600567967","8.958037579219933","1.25015748824723","0.0","0.89840712","0.0","","","1","1","0"
"2018","46840","전라남도","무안군","10.393531659781894","9.127370257351888","0.0","8.998484007144148","0.184279225","0.1619926452974179","1.0","0.4150975267400484","1","1","0"
"2018","46860","전라남도","함평군","7.990335396184023","9.183065048632129","1.983084167095043","0.0","0.767271051","0.0","","","1","1","0"
"2018","46870","전라남도","영광군","7.834230667916463","7.246018402610423","1.8374884631843114","0.0","0.356972326","0.0","","","1","1","0"
"2018","46880","전라남도","장성군","8.74301490731021","7.167149247535901","2.118657054282761","0.0","0.171294877","0.0","","","1","1","0"
"2018","46890","전라남도","완도군","7.33549665816145","6.801650415789949","1.4782205288678318","0.0","0.369513002","0.0","","","1","1","0"
"2018","46900","전라남도","진도군","9.614424043149988","7.095853206272312","2.514445715392703","0.0","0.074513933","0.0","","","1","1","0"
"2018","46910","전라남도","신안군","10.2674036385002","7.342997443155035","0.0","0.0","0.050930563","0.0","1.0","0.18156907817357062","1","1","0"
"2018","47111","경상북도","포항시 남구","","","2.4146967785757627","","","","1.0","14.364830105847812","0","1","0"
"2018","47113","경상북도","포항시 북구","","","1.959761199779948","","","","","","0","1","0"
"2018","47130","경상북도","경주시","11.518556677745291","0.0","1.782389134080998","0.0","0.0","0.0","1.0","4.251980840667756","1","1","0"
"2018","47150","경상북도","김천시","10.270370938370855","0.0","1.6480388087617812","0.0","0.0","0.0","1.0","0.8805679497103088","1","1","0"
"2018","47170","경상북도","안동시","12.190041082648733","7.437531307322963","1.385849107822605","7.299609375994671","0.008487992","0.0073938113910593","1.0","2.454242446484809","1","1","0"
"2018","47190","경상북도","구미시","12.462207051593525","0.0","1.961923764713941","0.0","0.0","0.0","1.0","5.3732376017082455","1","1","0"
"2018","47210","경상북도","영주시","10.789412776426262","0.0","1.6215670524820092","7.825890603073202","0.0","0.0490836133182592","1.0","1.122667591731816","1","1","0"
"2018","47230","경상북도","영천시","9.67260602790712","8.238148183933362","1.3086280019720111","0.0","0.192373755","0.0","1.0","1.8711817156268058","1","1","0"
"2018","47250","경상북도","상주시","9.815859576399333","7.72273308116622","1.7860877986416606","7.6217110749814525","0.099827782","0.0902313963302483","1.0","1.603266914999246","1","1","0"
"2018","47280","경상북도","문경시","10.280925812072168","0.0","1.5855832518626445","0.0","0.0","0.0","","","1","1","0"
"2018","47290","경상북도","경산시","10.783710970360584","0.0","1.331544184949693","0.0","0.0","0.0","1.0","1.3939727725132405","1","1","0"
"2018","47730","경상북도","의성군","9.953251055671245","0.0","0.8928998160097805","0.0","0.0","0.0","1.0","1.029991344119069","1","1","0"
"2018","47750","경상북도","청송군","9.59990116548159","0.0","1.3835900677563626","7.3655454597964765","0.0","0.096658121869194","","","1","1","0"
"2018","47760","경상북도","영양군","9.461447735637456","7.420744822190259","1.0870525070422863","7.282824365595338","0.104480991","0.0910124302459476","1.0","0.3242715436833925","1","1","0"
"2018","47770","경상북도","영덕군","10.402131915102318","0.0","1.0426853227356148","0.0","0.0","0.0","1.0","1.2541838265996497","1","1","0"
"2018","47820","경상북도","청도군","10.366198842009426","8.712108648868668","0.7664253850211038","8.973609040578863","0.132838401","0.1725473392045276","1.0","2.498068657357763","1","1","0"
"2018","47830","경상북도","고령군","10.786123361784549","0.0","1.3503145399322505","0.0","0.0","0.0","1.0","2.305301806517606","1","1","0"
"2018","47840","경상북도","성주군","10.427990900375601","0.0","1.464062294395618","0.0","0.0","0.0","1.0","2.2956987700983884","1","1","0"
"2018","47850","경상북도","칠곡군","10.406358556613268","8.839377385537775","2.0243433776159017","0.0","0.172630795","0.0","1.0","4.0298598566722195","1","1","0"
"2018","47900","경상북도","예천군","10.8866532617778","0.0","1.3045216874989363","8.105532829369665","0.0","0.0583374001813805","1.0","0.6417571680866829","1","1","0"
"2018","47920","경상북도","봉화군","10.16579228518139","0.0","0.991376644129919","7.491261378270479","0.0","0.0644617180781834","1.0","0.18954293086216406","1","1","0"
"2018","47930","경상북도","울진군","9.47814344869367","6.995233498573164","1.0287283034568342","8.24286531240219","0.060714638","0.2115518520795593","","","1","1","0"
"2018","47940","경상북도","울릉군","0.0","0.0","0.0","0.0","","","","","1","1","0"
"2018","48121","경상남도","창원시 의창구","","","1.5883425275559249","","","","","","0","1","0"
"2018","48123","경상남도","창원시 성산구","","","0.0","","","","","","0","1","0"
"2018","48125","경상남도","창원시 마산합포구","","","1.588548674076729","","","","","","0","1","0"
"2018","48127","경상남도","창원시 마산회원구","","","1.664538104697602","","","","","","0","1","0"
"2018","48129","경상남도","창원시 진해구","","","0.0","","","","","","0","1","0"
"2018","48170","경상남도","진주시","11.11354907535534","10.763350673062371","2.0656441700095263","7.734191603105872","0.405236606","0.0195875762178715","1.0","3.507990386169501","1","1","0"
"2018","48220","경상남도","통영시","10.990116098861344","9.547615078201236","1.4694754361349491","6.939876694560693","0.188496772","0.0138799453027785","1.0","2.0178787400820917","1","1","0"
"2018","48240","경상남도","사천시","11.511889620033564","0.0","1.6656106104110564","7.775166646789484","0.0","0.0232680043343923","1.0","3.35546515157263","1","1","0"
"2018","48250","경상남도","김해시","12.07196741675003","9.718625236047156","2.0306046997674025","0.0","0.08679617","0.0","1.0","4.038461103032623","1","1","0"
"2018","48270","경상남도","밀양시","11.760272630642246","10.210444675030578","1.2597481089083975","6.148227326112686","0.174581895","0.0029983850387545","1.0","3.8056333858813547","1","1","0"
"2018","48310","경상남도","거제시","12.011437337884974","9.256559977701714","1.7923268498455212","8.034501191833417","0.058771416","0.0173114507360759","1.0","2.9617824155476806","1","1","0"
"2018","48330","경상남도","양산시","12.152676059326188","9.727676618516307","2.1988511470847856","8.21793532749935","0.079848238","0.0176401281600487","1.0","6.484119846375312","1","1","0"
"2018","48720","경상남도","의령군","9.787387183928454","8.569217614668121","0.8073672146564502","6.354783084863601","0.222692765","0.024283776955859","1.0","2.7350027198449416","1","1","0"
"2018","48730","경상남도","함안군","10.60246128351062","9.170041761605493","1.7004497817449191","8.449443031882344","0.176194025","0.0857020845010275","1.0","0.5659371578085891","1","1","0"
"2018","48740","경상남도","창녕군","11.567579339995756","8.997112491000387","1.074986465245706","7.487597373826647","0.069957757","0.0154551162100175","1.0","3.427725625014515","1","1","0"
"2018","48820","경상남도","고성군","9.907092991808174","8.673780028646867","1.5188182654405695","6.311203297718466","0.220895811","0.0207691340167285","1.0","0.9430685907873445","1","1","0"
"2018","48840","경상남도","남해군","9.457348951349005","8.959856114406108","1.359843992531207","6.795164213473678","0.362404555","0.0415574960339039","1.0","1.8286587715773315","1","1","0"
"2018","48850","경상남도","하동군","10.82924709012779","8.996696700997408","1.915075697227141","7.487181765259786","0.133844144","0.0295689412607327","1.0","3.0016307653920205","1","1","0"
"2018","48860","경상남도","산청군","8.994216431954444","8.366883954558602","1.2722397688379665","6.165587403771388","0.335203278","0.0370241487497767","1.0","1.4458442099074225","1","1","0"
"2018","48870","경상남도","함양군","8.302990580515338","10.091377847196487","2.1279908893394324","6.434387406142293","0.838247667","0.0216013954235134","1.0","0.4785818824610139","1","1","0"
"2018","48880","경상남도","거창군","8.499016279413281","8.315092818155053","1.2352244539133264","6.113895582885739","0.432446254","0.0477649100695269","1.0","0.435339557116299","1","1","0"
"2018","48890","경상남도","합천군","8.80714518131901","8.324246066385202","0.932617780933752","5.656064440333595","0.371737611","0.0257065764022135","1.0","0.8048515647486056","1","1","0"
"2018","50110","제주특별자치도","제주시","","","2.880698718045113","","","","","","0","1","0"
"2018","50130","제주특별자치도","서귀포시","","","2.4147697289219616","","","","","","0","1","0"
"2018","51110","강원특별자치도","춘천시","10.01877171002394","8.221270273656067","2.2162026442435714","0.0","0.142128129","0.0","1.0","3.1548512636586628","1","1","0"
"2018","51130","강원특별자치도","원주시","10.021769995049308","8.712764936229387","1.0677280951209054","8.169463566603627","0.189261625","0.1099153171891249","1.0","2.3618085826919044","1","1","0"
"2018","51150","강원특별자치도","강릉시","8.797100121207368","7.33518839291373","1.6733904461921119","7.1972758495742","0.161617392","0.1407834241695338","","","1","1","0"
"2018","51170","강원특별자치도","동해시","7.799492858510389","8.823438394929974","0.0","0.0","0.735791517","0.0","","","1","1","0"
"2018","51190","강원특별자치도","태백시","7.0750743809815235","8.88468851840114","2.0419854629137326","0.0","0.859400777","0.0","","","1","1","0"
"2018","51210","강원특별자치도","속초시","9.221457581353867","9.740799275494954","2.457301945571374","0.0","0.627003189","0.0","","","1","1","0"
"2018","51230","강원특별자치도","삼척시","6.984930909411232","6.654516483356665","0.9004021652818898","0.0","0.418051508","0.0","","","1","1","0"
"2018","51720","강원특별자치도","홍천군","9.506679695063431","0.0","1.5946813390463785","0.0","0.0","0.0","1.0","0.887279211852603","1","1","0"
"2018","51730","강원특별자치도","횡성군","8.990715704696104","8.09184156642799","1.270964743833219","7.548588325691417","0.247646819","0.1438152446492097","1.0","1.060590149829859","1","1","0"
"2018","51750","강원특별자치도","영월군","8.825937483485644","7.369979939242319","0.5740198187730525","0.0","0.189012309","0.0","","","1","1","0"
"2018","51760","강원특별자치도","평창군","8.76998530014799","7.511563204901472","1.148194041316427","0.0","0.221178186","0.0","","","1","1","0"
"2018","51770","강원특별자치도","정선군","9.76171197278353","7.816712575931546","1.5881418765997495","7.966329581022974","0.109200132","0.1268309743252139","1.0","1.2957485970587765","1","1","0"
"2018","51780","강원특별자치도","철원군","12.127076720515621","12.117048104845663","4.752710761516938","0.0","0.497492854","0.0","","","1","1","0"
"2018","51790","강원특별자치도","화천군","8.525527623989408","8.884864656846","2.054360066691126","0.0","0.588894436","0.0","","","1","1","0"
"2018","51800","강원특별자치도","양구군","9.68682637858239","10.212125327844157","3.123322473156971","0.0","0.628391926","0.0","","","1","1","0"
"2018","51810","강원특별자치도","인제군","9.767018359311644","7.045658804220188","1.150772805942683","0.0","0.061677541","0.0","1.0","0.2283430585335894","1","1","0"
"2018","51820","강원특별자치도","고성군","10.842449763461717","0.0","2.998319144924825","0.0","0.0","0.0","","","1","1","0"
"2018","51830","강원특별자치도","양양군","8.083777964976543","7.665392407772575","1.6128344412538778","0.0","0.396864758","0.0","","","1","1","0"
"2019","11110","서울특별시","종로구","12.8126924365311","0.0","0.0","0.0","0.0","0.0","0.0","0.0","1","1","0"
"2019","11140","서울특별시","중구","15.643734015074946","0.0","0.0","0.0","0.0","0.0","0.0","0.0","1","1","0"
"2019","11170","서울특별시","용산구","0.0","0.0","0.0","0.0","","","0.0","0.0","1","1","0"
"2019","11200","서울특별시","성동구","16.442895695246225","12.206598460349527","0.0","0.0","0.014254829","0.0","0.0","0.0","1","1","0"
"2019","11215","서울특별시","광진구","0.0","0.0","0.0","0.0","","","0.0","0.0","1","1","0"
"2019","11230","서울특별시","동대문구","0.0","0.0","0.0","0.0","","","0.0","0.0","1","1","0"
"2019","11260","서울특별시","중랑구","0.0","0.0","4.848204860781462","0.0","","","0.0","0.0","1","1","0"
"2019","11290","서울특별시","성북구","0.0","0.0","0.0","0.0","","","0.0","0.0","1","1","0"
"2019","11305","서울특별시","강북구","0.0","0.0","0.0","0.0","","","0.0","0.0","1","1","0"
"2019","11320","서울특별시","도봉구","0.0","0.0","0.0","0.0","","","0.0","0.0","1","1","0"
"2019","11350","서울특별시","노원구","0.0","0.0","0.0","0.0","","","0.0","0.0","1","1","0"
"2019","11380","서울특별시","은평구","11.575782348434462","11.462060635685953","3.7721619326673594","10.619695445170763","0.391983743","0.1688213860276084","0.0","0.0","1","1","0"
"2019","11410","서울특별시","서대문구","13.96680750248168","11.849154856423123","0.0","0.0","0.107392277","0.0","0.0","0.0","1","1","0"
"2019","11440","서울특별시","마포구","17.160782826205573","14.175230811611355","0.0","0.0","0.048082839","0.0","0.0","0.0","1","1","0"
"2019","11470","서울특별시","양천구","0.0","0.0","0.0","0.0","","","0.0","0.0","1","1","0"
"2019","11500","서울특별시","강서구","15.769345513759895","12.974304489936015","0.0","12.178774138532416","0.056133493","0.0253353204172876","0.0","0.0","1","1","0"
"2019","11530","서울특별시","구로구","16.460580633287464","13.906174020623045","0.0","12.68376309744765","0.070630479","0.0208019899299913","0.0","0.0","1","1","0"
"2019","11545","서울특별시","금천구","14.566767575286482","13.127309647908945","5.969796480460376","0.0","0.19162907","0.0","0.0","0.0","1","1","0"
"2019","11560","서울특별시","영등포구","","","","","","","0.0","","0","1","0"
"2019","11590","서울특별시","동작구","13.972779780175083","13.27213207676728","0.0","0.0","0.331668447","0.0","0.0","0.0","1","1","0"
"2019","11620","서울특별시","관악구","0.0","0.0","3.50614143500919","0.0","","","0.0","0.0","1","1","0"
"2019","11650","서울특별시","서초구","15.250003184621232","12.526531980517895","0.0","0.0","0.061602303","0.0","0.0","0.0","1","1","0"
"2019","11680","서울특별시","강남구","0.0","0.0","0.0","0.0","","","0.0","0.0","1","1","0"
"2019","11710","서울특별시","송파구","13.585839504548307","13.971250955945045","0.0","12.8043740568944","0.502132148","0.1563324041286823","1.0","39.44865680690109","1","1","0"
"2019","11740","서울특별시","강동구","15.409899109551823","0.0","0.0","14.41230248048166","0.0","0.2694141466919208","0.0","0.0","1","1","0"
"2019","26110","부산광역시","중구","0.0","0.0","0.0","0.0","","","0.0","0.0","1","1","0"
"2019","26140","부산광역시","서구","12.626058432869218","13.139233977898026","0.0","0.0","0.62555091","0.0","0.0","0.0","1","1","0"
"2019","26170","부산광역시","동구","9.999803271445392","12.785286176521112","0.0","0.0","0.94188862","0.0","0.0","0.0","1","1","0"
"2019","26200","부산광역시","영도구","11.482152016151534","12.680448169184105","0.0","0.0","0.768222822","0.0","0.0","0.0","1","1","0"
"2019","26230","부산광역시","부산진구","9.68022339779446","12.312239732546129","0.0","0.0","0.93289752","0.0","1.0","7.290610113232188","1","1","0"
"2019","26260","부산광역시","동래구","10.461208525096943","11.992567785001356","3.639680185615748","0.0","0.822208383","0.0","0.0","0.0","1","1","0"
"2019","26290","부산광역시","남구","10.879373134479893","12.244624862930493","0.0","0.0","0.796614189","0.0","0.0","0.0","1","1","0"
"2019","26320","부산광역시","북구","10.39453105185488","11.534500002621439","0.0","0.0","0.75767776","0.0","0.0","0.0","1","1","0"
"2019","26350","부산광역시","해운대구","9.9908542136991","10.761324006992245","0.0","0.0","0.683627834","0.0","0.0","0.0","1","1","0"
"2019","26380","부산광역시","사하구","12.446485550339297","0.0","0.0","0.0","0.0","0.0","0.0","0.0","1","1","0"
"2019","26410","부산광역시","금정구","11.730552496352349","0.0","1.8590600692567483","9.995201329477824","0.0","0.1498995976496217","1.0","3.045290148307508","1","1","0"
"2019","26440","부산광역시","강서구","11.801326717225834","10.790080391423464","0.0","10.713780288307532","0.2138764","0.198164310832917","0.0","0.0","1","1","0"
"2019","26470","부산광역시","연제구","9.60010611121849","13.078713170441599","4.708279174954607","0.0","0.970074813","0.0","0.0","0.0","1","1","0"
"2019","26500","부산광역시","수영구","13.161473839435278","0.0","0.0","0.0","0.0","0.0","0.0","0.0","1","1","0"
"2019","26530","부산광역시","사상구","9.961008536191406","12.002131557629134","0.0","0.0","0.885051751","0.0","0.0","0.0","1","1","0"
"2019","26710","부산광역시","기장군","11.27130918644228","0.0","2.367753460764135","10.126357587763723","0.0","0.2414074062999895","0.0","0.0","1","1","0"
"2019","27110","대구광역시","중구","","","","","","","0.0","","0","1","0"
"2019","27140","대구광역시","동구","0.0","0.0","0.0","0.0","","","0.0","0.0","1","1","0"
"2019","27170","대구광역시","서구","13.072901176141661","13.513163433016173","0.0","0.0","0.608321698","0.0","0.0","0.0","1","1","0"
"2019","27200","대구광역시","남구","0.0","0.0","0.0","0.0","","","0.0","0.0","1","1","0"
"2019","27230","대구광역시","북구","12.668486283531042","10.110440219404737","0.0","0.0","0.071885298","0.0","1.0","0.7871023916807406","1","1","0"
"2019","27260","대구광역시","수성구","10.57879821340342","9.364622564726588","0.0","0.0","0.228952415","0.0","1.0","0.5763737062948654","1","1","0"
"2019","27290","대구광역시","달서구","11.828060149696011","10.668356027487063","0.0","0.0","0.238718149","0.0","0.0","0.0","1","1","0"
"2019","27710","대구광역시","달성군","12.392388154077254","8.83924044799461","0.7131199582639293","0.0","0.027833453","0.0","1.0","1.1555135643592507","1","1","0"
"2019","27720","대구광역시","군위군","","","0.4331560632308906","","","","1.0","1.441814026555734","0","1","0"
"2019","28110","인천광역시","중구","10.178779705067141","0.0","0.0","0.0","0.0","0.0","0.0","0.0","1","1","0"
"2019","28140","인천광역시","동구","0.0","0.0","0.0","0.0","","","0.0","0.0","1","1","0"
"2019","28177","인천광역시","미추홀구","14.072092368310354","0.0","0.0","0.0","0.0","0.0","0.0","0.0","1","1","0"
"2019","28185","인천광역시","연수구","13.549367297266809","0.0","0.0","0.0","0.0","0.0","0.0","0.0","1","1","0"
"2019","28200","인천광역시","남동구","13.654289513146583","13.312276150968769","0.0","13.105053523933101","0.3104994","0.2523858229199093","0.0","0.0","1","1","0"
"2019","28237","인천광역시","부평구","14.066522242133217","0.0","0.0","0.0","0.0","0.0","0.0","0.0","1","1","0"
"2019","28245","인천광역시","계양구","14.154140535129969","0.0","0.0","0.0","0.0","0.0","0.0","0.0","1","1","0"
"2019","28260","인천광역시","서구","12.759458916128336","12.335094107026944","4.6239142146816326","12.226393168062202","0.291917989","0.2618499055114033","0.0","0.0","1","1","0"
"2019","28710","인천광역시","강화군","","","","","0.052477028","0.0470717990362264","0.0","","0","1","0"
"2019","28720","인천광역시","옹진군","12.178524414501892","9.881021030858697","0.0","0.0","0.091326124","0.0","0.0","0.0","1","1","0"
"2019","29110","광주광역시","동구","9.838635902935199","0.0","0.0","0.0","0.0","0.0","0.0","0.0","1","1","0"
"2019","29140","광주광역시","서구","11.771231867093569","0.0","4.415586782895647","0.0","0.0","0.0","1.0","25.13208921570337","1","1","0"
"2019","29155","광주광역시","남구","10.932313029454608","0.0","0.0","10.074027647730345","0.0","0.2976926246394726","1.0","9.918609398165675","1","1","0"
"2019","29170","광주광역시","북구","10.29365330002979","0.0","0.0","0.0","0.0","0.0","0.0","0.0","1","1","0"
"2019","29200","광주광역시","광산구","8.927207105036384","9.820668251037995","0.0","0.0","0.709620074","0.0","1.0","5.199528031746186","1","1","0"
"2019","30110","대전광역시","동구","9.80602927250664","10.016260460013015","0.0","10.089833065703175","0.346411704","0.3728602695541988","0.0","0.0","1","1","0"
"2019","30140","대전광역시","중구","11.103612370163992","0.0","0.0","0.0","0.0","0.0","0.0","0.0","1","1","0"
"2019","30170","대전광역시","서구","10.931464908400294","10.298536330813242","0.0","0.0","0.34684321","0.0","0.0","0.0","1","1","0"
"2019","30200","대전광역시","유성구","10.495144342283846","0.0","0.0","0.0","0.0","0.0","1.0","0.9275735306201827","1","1","0"
"2019","30230","대전광역시","대덕구","11.693971366047272","11.780715617246257","0.0","0.0","0.521672648","0.0","0.0","0.0","1","1","0"
"2019","31110","울산광역시","중구","13.608615879217995","10.945892503446862","0.0","10.83714874616177","0.06160492","0.0552570507880719","1.0","4.654959422906975","1","1","0"
"2019","31140","울산광역시","남구","12.474579780737157","11.532191004340254","0.0","0.0","0.280416866","0.0","1.0","16.502544563478338","1","1","0"
"2019","31170","울산광역시","동구","13.159168955192909","0.0","0.0","10.740368407196547","0.0","0.081748769020328","1.0","3.878562776286484","1","1","0"
"2019","31200","울산광역시","북구","13.817969994893208","0.0","0.0","10.121220172019427","0.0","0.0242027387334019","1.0","3.14519087914535","1","1","0"
"2019","31710","울산광역시","울주군","12.745208711330822","0.0","2.515281196328706","9.232490369298814","0.0","0.0289498458445751","1.0","4.601726761372096","1","1","0"
"2019","36110","세종특별자치시","세종시","","","0.0","","","","1.0","11.524236423173974","0","1","0"
"2019","41111","경기도","수원시 장안구","","","0.0","","","","0.0","0.0","0","1","0"
"2019","41113","경기도","수원시 권선구","","","0.0","","","","0.0","0.0","0","1","0"
"2019","41115","경기도","수원시 팔달구","","","0.0","","","","0.0","0.0","0","1","0"
"2019","41117","경기도","수원시 영통구","","","0.0","","","","0.0","0.0","0","1","0"
"2019","41131","경기도","성남시 수정구","","","0.0","","","","1.0","175.01795668975186","0","1","0"
"2019","41133","경기도","성남시 중원구","","","5.668833403165514","","","","0.0","0.0","0","1","0"
"2019","41135","경기도","성남시 분당구","","","0.0","","","","0.0","0.0","0","1","0"
"2019","41150","경기도","의정부시","13.006520527000081","12.186355091727876","0.0","0.0","0.305727938","0.0","0.0","0.0","1","1","0"
"2019","41171","경기도","안양시 만안구","","","0.0","","","","0.0","0.0","0","1","0"
"2019","41173","경기도","안양시 동안구","","","0.0","","","","0.0","0.0","0","1","0"
"2019","41190","경기도","부천시","0.0","0.0","0.0","0.0","","","0.0","0.0","1","1","0"
"2019","41210","경기도","광명시","0.0","0.0","0.0","0.0","","","0.0","0.0","1","1","0"
"2019","41220","경기도","평택시","13.389150083017505","11.10271890637809","0.0","0.0","0.092251843","0.0","1.0","18.42369776295999","1","1","0"
"2019","41250","경기도","동두천시","13.81637498374248","11.191990066945596","0.0","0.0","0.067584636","0.0","1.0","15.385087619048202","1","1","0"
"2019","41271","경기도","안산시 상록구","","","5.005618997732435","","","","0.0","0.0","0","1","0"
"2019","41273","경기도","안산시 단원구","","","3.18303723554827","","","","0.0","0.0","0","1","0"
"2019","41281","경기도","고양시 덕양구","","","0.0","","","","0.0","0.0","0","1","0"
"2019","41285","경기도","고양시 일산동구","","","0.0","","","","0.0","0.0","0","1","0"
"2019","41287","경기도","고양시 일산서구","","","0.0","","","","0.0","0.0","0","1","0"
"2019","41290","경기도","과천시","13.17968661924614","12.21584153678743","3.8237175555317333","0.0","0.276108394","0.0","1.0","2.256612624942787","1","1","0"
"2019","41310","경기도","구리시","12.441646514758435","12.542246628442713","0.0","0.0","0.525128934","0.0","0.0","0.0","1","1","0"
"2019","41360","경기도","남양주시","13.29641866286346","10.581604384470126","1.920364028873773","10.06751679946056","0.059879527","0.0358101013265508","1.0","10.218568287872989","1","1","0"
"2019","41370","경기도","오산시","13.529137797715766","0.0","0.0","0.0","0.0","0.0","0.0","0.0","1","1","0"
"2019","41390","경기도","시흥시","13.512440903854692","12.67342288147003","0.0","0.0","0.301741265","0.0","0.0","0.0","1","1","0"
"2019","41410","경기도","군포시","14.34757305210236","13.710856597432922","0.0","0.0","0.345989048","0.0","0.0","0.0","1","1","0"
"2019","41430","경기도","의왕시","13.401763857745241","12.682729759056423","0.0","0.0","0.327605366","0.0","1.0","15.65362748477599","1","1","0"
"2019","41450","경기도","하남시","14.07440991563185","12.63850954526021","0.0","0.0","0.192180619","0.0","1.0","45.968654294207305","1","1","0"
"2019","41461","경기도","용인시 처인구","","","3.2222275821333706","","","","1.0","23.238588415563683","0","1","0"
"2019","41463","경기도","용인시 기흥구","","","3.442809018477251","","","","0.0","0.0","0","1","0"
"2019","41465","경기도","용인시 수지구","","","0.0","","","","0.0","0.0","0","1","0"
"2019","41480","경기도","파주시","13.35913355400582","11.675894554040912","0.0","0.0","0.156666134","0.0","1.0","19.572581400788","1","1","0"
"2019","41500","경기도","이천시","12.632995162405551","11.13500967367718","3.4463160967512545","0.0","0.182724481","0.0","1.0","15.494850160951124","1","1","0"
"2019","41550","경기도","안성시","12.15544849852866","8.304116405323224","2.6376494399567734","0.0","0.020804248","0.0","1.0","8.516537159904422","1","1","0"
"2019","41570","경기도","김포시","14.499686153969044","13.36420780604374","0.0","0.0","0.243151313","0.0","0.0","0.0","1","1","0"
"2019","41590","경기도","화성시","11.272007208376731","9.95479671198563","2.7081403049890724","0.0","0.211276973","0.0","1.0","5.313125568756408","1","1","0"
"2019","41610","경기도","광주시","14.463612592117173","11.02777410565628","2.8167078386844038","9.96193669632942","0.03086195","0.0106297396253699","1.0","22.433831185799672","1","1","0"
"2019","41630","경기도","양주시","11.131421582214966","10.621039700050444","0.0","9.777725970483276","0.322975308","0.1389660750902477","1.0","6.562259867134012","1","1","0"
"2019","41650","경기도","포천시","12.045203128504735","9.314643721033207","0.8020973174200708","8.512847918207115","0.059554891","0.0267087662502698","1.0","8.126544288512077","1","1","0"
"2019","41670","경기도","여주시","11.665416154071405","9.983571933711678","1.758439110009327","9.874828906268231","0.137502058","0.1233333130109801","1.0","5.946574407267413","1","1","0"
"2019","41800","경기도","연천군","14.196006174722662","11.812413239037294","0.0","11.580349386329473","0.079134203","0.0627450311406664","1.0","64.25466287912982","1","1","0"
"2019","41820","경기도","가평군","10.97793271501608","8.045621351871077","1.3260026299733514","7.936909841601317","0.048370821","0.0433865043832605","1.0","4.767870793229548","1","1","0"
"2019","41830","경기도","양평군","11.45176531391226","8.394659064017683","1.371500143409458","8.285936705728203","0.043163974","0.0387161906766888","1.0","7.098629869619036","1","1","0"
"2019","43111","충청북도","청주시 상당구","","","2.19908299179374","","","","1.0","2.8253668522814754","0","1","0"
"2019","43112","충청북도","청주시 서원구","","","4.414196914298405","","","","0.0","0.0","0","1","0"
"2019","43113","충청북도","청주시 흥덕구","","","5.386793533501188","","","","0.0","0.0","0","1","0"
"2019","43114","충청북도","청주시 청원구","","","3.669652639598743","","","","0.0","0.0","0","1","0"
"2019","43130","충청북도","충주시","11.223569217700069","8.792519844920898","2.7462935462330544","0.0","0.080825172","0.0","0.0","0.0","1","1","0"
"2019","43150","충청북도","제천시","9.872327513400801","7.125379187228672","2.1501929794303387","7.711265411613653","0.054336184","0.0976542818783847","1.0","1.385925297850583","1","1","0"
"2019","43720","충청북도","보은군","7.306350854095437","8.855512032372156","2.1461533573803075","0.0","0.824868963","0.0","0.0","0.0","1","1","0"
"2019","43730","충청북도","옥천군","9.453550005132666","9.743599767087247","0.0","0.0","0.572013149","0.0","1.0","1.2883243300836116","1","1","0"
"2019","43740","충청북도","영동군","10.012767595290141","8.610302316912156","2.0906703197366467","8.095468076622527","0.176575668","0.1055086067029127","1.0","1.6547953939437523","1","1","0"
"2019","43745","충청북도","증평군","8.688957129304562","11.729699157640736","0.0","0.0","0.954388129","0.0","0.0","0.0","1","1","0"
"2019","43750","충청북도","진천군","10.711037674675604","8.832821773616686","2.9977586235166904","9.419555544806194","0.107056594","0.1925115459049455","1.0","0.980589256529135","1","1","0"
"2019","43760","충청북도","괴산군","8.298541377278273","7.112789549013086","2.055950506441678","0.0","0.233918129","0.0","0.0","0.0","1","1","0"
"2019","43770","충청북도","음성군","10.671278305401465","9.861050185789322","3.2493668424447164","0.0","0.307835715","0.0","0.0","0.0","1","1","0"
"2019","43800","충청북도","단양군","9.85855948144181","8.145172438628427","0.8208431204074615","7.630595405346278","0.13992518","0.0836244135336791","1.0","0.9306493837256434","1","1","0"
"2019","44131","충청남도","천안시 동남구","","","2.880550851819455","","","","1.0","5.407851018034681","0","1","0"
"2019","44133","충청남도","천안시 서북구","","","0.0","","","","0.0","0.0","0","1","0"
"2019","44150","충청남도","공주시","10.273711864509808","7.98877988631147","2.4381700049824264","0.0","0.09235305","0.0","0.0","0.0","1","1","0"
"2019","44180","충청남도","보령시","11.180510255811091","8.523890897131508","1.5195504097465728","8.597452579046374","0.061248154","0.0659244565688669","1.0","1.8546140759622207","1","1","0"
"2019","44200","충청남도","아산시","12.316517804637055","8.30357713535789","3.1752822937976655","0.0","0.017754821","0.0","1.0","0.47800123197440186","1","1","0"
"2019","44210","충청남도","서산시","9.331376029209254","0.0","0.6274922460749682","0.0","0.0","0.0","1.0","0.07528830577288784","1","1","0"
"2019","44230","충청남도","논산시","11.369906320710522","9.601127872219514","3.175415067576468","0.0","0.145687322","0.0","1.0","0.9108053619372088","1","1","0"
"2019","44250","충청남도","계룡시","10.127041801961658","9.667994922567877","0.0","0.0","0.387206428","0.0","0.0","0.0","1","1","0"
"2019","44270","충청남도","당진시","9.625092924235554","8.239495490154798","2.2401333481171775","0.0","0.20007984","0.0","0.0","0.0","1","1","0"
"2019","44710","충청남도","금산군","11.48605505740253","9.059089920791497","2.662947616510995","8.257340003613136","0.078283144","0.0351083621419745","1.0","1.6806956286868604","1","1","0"
"2019","44760","충청남도","부여군","11.837552615387025","8.26953568041249","2.6055742834187936","8.195546256766741","0.02674961","0.0248413798692727","1.0","0.3815438051955347","1","1","0"
"2019","44770","충청남도","서천군","11.749495299536695","9.01898823463503","1.8705343910076702","0.0","0.061190521","0.0","1.0","1.5332177195635854","1","1","0"
"2019","44790","충청남도","청양군","11.209772857044797","0.0","1.9798817918099505","0.0","0.0","0.0","1.0","0.9915861504274769","1","1","0"
"2019","44800","충청남도","홍성군","8.415653779836653","0.0","2.3767408957160288","0.0","0.0","0.0","0.0","0.0","1","1","0"
"2019","44810","충청남도","예산군","10.56582583795196","7.935873867058608","2.0875536014106872","0.0","0.067214647","0.0","1.0","0.5434874647779165","1","1","0"
"2019","44825","충청남도","태안군","11.480061764556822","0.0","0.5504352063403257","0.0","0.0","0.0","1.0","1.2139016113340273","1","1","0"
"2019","45111","전라북도","전주시 완산구","","","0.0","","","","1.0","6.686781445184682","0","1","0"
"2019","45113","전라북도","전주시 덕진구","","","0.0","","","","0.0","0.0","0","1","0"
"2019","45130","전라북도","군산시","12.87360790387053","0.0","2.289452507294822","0.0","0.0","0.0","1.0","16.508417746355416","1","1","0"
"2019","45140","전라북도","익산시","10.478142018364657","9.771809841892065","1.6941158991817278","0.0","0.330403409","0.0","1.0","6.563696194197877","1","1","0"
"2019","45180","전라북도","정읍시","9.511369826306877","7.828756220583706","2.304632004845499","0.0","0.156706848","0.0","1.0","1.246832184675329","1","1","0"
"2019","45190","전라북도","남원시","9.075949944523565","7.322129437211787","1.9402772134173283","0.0","0.147497227","0.0","0.0","0.0","1","1","0"
"2019","45210","전라북도","김제시","10.652058787438943","9.564471349740385","0.0","0.0","0.25206408","0.0","1.0","3.658525881735657","1","1","0"
"2019","45710","전라북도","완주군","10.73031077539296","8.83543003523768","1.10901252496341","0.0","0.130674927","0.0","1.0","0.11355322077885797","1","1","0"
"2019","45720","전라북도","진안군","9.396976982552253","8.830999296792285","2.0965433996171376","0.0","0.362150879","0.0","0.0","0.0","1","1","0"
"2019","45730","전라북도","무주군","9.558674590836848","0.0","2.970620309682468","0.0","0.0","0.0","0.0","0.0","1","1","0"
"2019","45740","전라북도","장수군","8.629093856443879","8.717560437333509","3.1511978816718753","0.0","0.522106011","0.0","0.0","0.0","1","1","0"
"2019","45750","전라북도","임실군","9.741923557061929","8.465280255462119","1.8343034199446953","9.213768828118377","0.149272243","0.3155671070677663","1.0","1.324451832233092","1","1","0"
"2019","45770","전라북도","순창군","10.772161734263149","9.08097403442793","1.855182895541363","0.0","0.155607511","0.0","1.0","2.381274516181051","1","1","0"
"2019","45790","전라북도","고창군","9.910911449128392","8.101032297670905","1.0814740989130835","0.0","0.140622077","0.0","0.0","0.0","1","1","0"
"2019","45800","전라북도","부안군","10.179588709549881","8.743220637351461","0.0","0.0","0.192089529","0.0","0.0","0.0","1","1","0"
"2019","46110","전라남도","목포시","9.438251495681511","10.082846544337865","3.0766871210233","0.0","0.655799977","0.0","1.0","0.6516228194166204","1","1","0"
"2019","46130","전라남도","여수시","10.289376235847733","9.110241181480964","2.1108225589438794","0.0","0.235193983","0.0","1.0","3.7249131310527788","1","1","0"
"2019","46150","전라남도","순천시","10.257647867774244","8.7314465979789","2.688978285346967","0.0","0.178531634","0.0","1.0","3.222036865697365","1","1","0"
"2019","46170","전라남도","나주시","8.188164695570292","4.729738093074362","3.0193662562529577","0.0","0.030265419","0.0","0.0","0.0","1","1","0"
"2019","46230","전라남도","광양시","11.688395528780157","8.94692494425481","2.027402744421481","8.80555070924304","0.05753802","0.0499514707757475","1.0","5.9296271916086605","1","1","0"
"2019","46710","전라남도","담양군","10.312974043390522","8.764614380656717","2.7479406671938675","0.0","0.175305531","0.0","1.0","0.7845812533611002","1","1","0"
"2019","46720","전라남도","곡성군","8.608508401605986","7.403232425944248","2.1993108514440265","0.0","0.23046226","0.0","0.0","0.0","1","1","0"
"2019","46730","전라남도","구례군","9.188157687009166","7.870607324889946","1.9195464305027325","0.0","0.211179553","0.0","1.0","1.268294655478391","1","1","0"
"2019","46770","전라남도","고흥군","8.561009068760868","8.286706812620073","2.652658827619059","0.0","0.431836377","0.0","1.0","0.20481883953948898","1","1","0"
"2019","46780","전라남도","보성군","10.319948079162907","7.7603277053833954","3.1992866956035844","8.515324838539339","0.062250677","0.1324748156634939","1.0","0.6933576705113828","1","1","0"
"2019","46790","전라남도","화순군","7.817639145304111","8.137710633716171","2.3780105149558866","0.0","0.579368556","0.0","0.0","0.0","1","1","0"
"2019","46800","전라남도","장흥군","9.123886174991986","7.309946498743026","2.948832074796186","0.0","0.140095173","0.0","0.0","0.0","1","1","0"
"2019","46810","전라남도","강진군","8.878995043628553","4.847288889784741","2.3949841036914874","0.0","0.017302549","0.0","0.0","0.0","1","1","0"
"2019","46820","전라남도","해남군","9.058361421876675","7.515410971004565","2.4463977477435748","0.0","0.176044633","0.0","1.0","0.0315119662019014","1","1","0"
"2019","46830","전라남도","영암군","8.502078876876617","0.0","1.25015748824723","0.0","0.0","0.0","0.0","0.0","1","1","0"
"2019","46840","전라남도","무안군","10.218317526954722","9.187184436751759","0.0","9.088139632842095","0.212308877","0.1922865527778349","1.0","0.6731665897291196","1","1","0"
"2019","46860","전라남도","함평군","9.47490841776118","9.00012431042025","1.6441761966750719","0.0","0.383473508","0.0","1.0","0.1662343925469009","1","1","0"
"2019","46870","전라남도","영광군","9.337331705168848","7.331753699074174","1.8374884631843114","0.0","0.11855929","0.0","0.0","0.0","1","1","0"
"2019","46880","전라남도","장성군","8.883249387567218","7.252879733098427","2.118657054282761","0.0","0.163701722","0.0","1.0","0.7210157380560545","1","1","0"
"2019","46890","전라남도","완도군","8.969091509289008","0.0","1.4782205288678318","0.0","0.0","0.0","0.0","0.0","1","1","0"
"2019","46900","전라남도","진도군","9.729359328883213","7.181579003980462","2.514445715392703","0.0","0.072528561","0.0","0.0","0.0","1","1","0"
"2019","46910","전라남도","신안군","9.906865823746164","7.419299574180864","0.0","0.0","0.076695492","0.0","1.0","0.18156907817357062","1","1","0"
"2019","47111","경상북도","포항시 남구","","","2.2753352713429877","","","","1.0","14.364830105847812","0","1","0"
"2019","47113","경상북도","포항시 북구","","","1.959761199779948","","","","0.0","0.0","0","1","0"
"2019","47130","경상북도","경주시","11.959982174537142","0.0","1.7211393498980714","0.0","0.0","0.0","1.0","4.287542618252637","1","1","0"
"2019","47150","경상북도","김천시","10.63514416807161","0.0","1.4718806809085143","0.0","0.0","0.0","1.0","1.1856737067589194","1","1","0"
"2019","47170","경상북도","안동시","12.140398683857027","7.4978997542100805","1.5255916868608501","7.389217640857798","0.009455604","0.0084812835622336","1.0","2.6561625278822882","1","1","0"
"2019","47190","경상북도","구미시","12.479485096406833","0.0","2.0777254479373606","0.0","0.0","0.0","1.0","5.3732376017082455","1","1","0"
"2019","47210","경상북도","영주시","11.030111617899074","0.0","1.6215670524820092","7.915522586116566","0.0","0.0424952683839824","1.0","1.2182368109713004","1","1","0"
"2019","47230","경상북도","영천시","10.165520401778043","8.293703744533776","1.3086280019720111","0.0","0.133307206","0.0","1.0","2.6486911444873993","1","1","0"
"2019","47250","경상북도","상주시","9.952101307317617","7.785312465784916","1.7860877986416606","7.7113353012283685","0.093790297","0.0870996013994163","1.0","1.9232471201231665","1","1","0"
"2019","47280","경상북도","문경시","10.199273256237133","0.0","1.7100360997068254","0.0","0.0","0.0","1.0","0.0718842564921836","1","1","0"
"2019","47290","경상북도","경산시","10.848544298892138","0.0","1.331544184949693","0.0","0.0","0.0","1.0","2.1998010121265947","1","1","0"
"2019","47730","경상북도","의성군","10.22340027822649","0.0","1.1049527648282758","0.0","0.0","0.0","1.0","1.4949570521254367","1","1","0"
"2019","47750","경상북도","청송군","9.6727055467299","0.0","1.2703696947139036","7.455157423212828","0.0","0.0981400448252107","0.0","0.0","1","1","0"
"2019","47760","경상북도","영양군","9.224674223223161","7.481112684887273","1.2115314834135833","7.372431649342278","0.131280288","0.1177529580774149","0.0","0.0","1","1","0"
"2019","47770","경상북도","영덕군","10.409020680349665","0.0","1.0426853227356148","0.0","0.0","0.0","1.0","1.2877517958894982","1","1","0"
"2019","47820","경상북도","청도군","10.598985955917492","8.950857023436612","0.4549089326157469","0.0","0.161347823","0.0","1.0","2.9727172550617302","1","1","0"
"2019","47830","경상북도","고령군","11.455527759210472","0.0","1.3503145399322505","0.0","0.0","0.0","1.0","2.7792641586698226","1","1","0"
"2019","47840","경상북도","성주군","11.017422172645883","8.9064125885047","1.464062294395618","0.0","0.108019867","0.0","1.0","2.668594031777779","1","1","0"
"2019","47850","경상북도","칠곡군","10.9643843182769","9.885437669195445","1.868095049047866","0.0","0.253699043","0.0","1.0","4.109699182564002","1","1","0"
"2019","47900","경상북도","예천군","10.552072182195662","9.391819717626818","1.521968437132505","8.195173165921421","0.222565012","0.0672475161175891","1.0","0.8389936414816275","1","1","0"
"2019","47920","경상북도","봉화군","9.732040506696466","7.673760122076132","0.991376644129919","7.580879752120087","0.102596425","0.0934921479166122","1.0","0.37378311493602795","1","1","0"
"2019","47930","경상북도","울진군","9.354253245420571","7.055582748122449","0.9324472781453266","8.55560440771748","0.064710432","0.2902128325945937","0.0","0.0","1","1","0"
"2019","47940","경상북도","울릉군","10.75254943818637","11.148902502071689","0.0","0.0","0.597812813","0.0","0.0","0.0","1","1","0"
"2019","48121","경상남도","창원시 의창구","","","1.5883425275559249","","","","0.0","0.0","0","1","0"
"2019","48123","경상남도","창원시 성산구","","","0.0","","","","0.0","0.0","0","1","0"
"2019","48125","경상남도","창원시 마산합포구","","","1.2803109019149501","","","","0.0","0.0","0","1","0"
"2019","48127","경상남도","창원시 마산회원구","","","0.0","","","","0.0","0.0","0","1","0"
"2019","48129","경상남도","창원시 진해구","","","0.0","","","","0.0","0.0","0","1","0"
"2019","48170","경상남도","진주시","11.852056565408589","10.816023897741744","2.183206657621918","7.569759002857402","0.259272135","0.0100856886460558","1.0","3.507990386169501","1","1","0"
"2019","48220","경상남도","통영시","11.37288517096184","9.61177273626034","1.4694754361349491","7.02951388662274","0.145037456","0.0109562970155393","1.0","2.1220805835739185","1","1","0"
"2019","48240","경상남도","사천시","11.483126641848171","0.0","1.946547433292856","7.864778832256028","0.0","0.0261165705315232","1.0","3.35546515157263","1","1","0"
"2019","48250","경상남도","김해시","12.061655901416353","9.780985818729695","2.1908074073716435","0.0","0.09273229","0.0","1.0","4.038461103032623","1","1","0"
"2019","48270","경상남도","밀양시","12.051801266655401","9.247375378607837","1.2597481089083975","7.335072825707849","0.056603528","0.0083579456171325","1.0","3.964981945257279","1","1","0"
"2019","48310","경상남도","거제시","12.19549347888832","9.318918424309082","1.7923268498455212","8.12411491375905","0.052472591","0.015883499573353","1.0","2.9617824155476806","1","1","0"
"2019","48330","경상남도","양산시","12.23494202540423","9.790037233968421","2.1988511470847856","8.30756039824051","0.078387888","0.0177965020399031","1.0","6.484119846375312","1","1","0"
"2019","48720","경상남도","의령군","11.201265204916789","8.630796727901336","0.8073672146564502","6.4443541911308815","0.070490745","0.0079060373518253","1.0","2.7350027198449416","1","1","0"
"2019","48730","경상남도","함안군","11.080654517395509","9.207624166117952","1.7004497817449191","8.463758567061282","0.125254252","0.0595233911675693","1.0","0.5659371578085891","1","1","0"
"2019","48740","경상남도","창녕군","11.740005875725114","9.059469227597283","1.2734814205791052","7.577197558521119","0.063204994","0.0143495103109613","1.0","3.427725625014515","1","1","0"
"2019","48820","경상남도","고성군","10.411614956597992","8.575102062835628","1.5188182654405695","6.4007677580590325","0.135333892","0.0153626278826759","1.0","1.0906162611311536","1","1","0"
"2019","48840","경상남도","남해군","10.685163433498094","9.024515242525686","1.359843992531207","6.884788465026154","0.15671979","0.0184272274810717","1.0","2.4777525242880647","1","1","0"
"2019","48850","경상남도","하동군","11.157712871927417","9.059053434482339","2.0885936753154364","7.576781929992741","0.106574657","0.0241957801490962","1.0","3.0016307653920205","1","1","0"
"2019","48860","경상남도","산청군","9.64515719274604","8.42923062147242","1.2722397688379665","6.25512743438817","0.222843547","0.0252964163543545","1.0","1.5490600800553866","1","1","0"
"2019","48870","경상남도","함양군","9.261121300048172","9.923732957060684","2.044518000654666","6.523969928946138","0.6456556","0.0215221641789537","1.0","0.4785818824610139","1","1","0"
"2019","48880","경상남도","거창군","8.734102780813311","8.377438738095638","1.4849649137177128","6.203426049305052","0.39336458","0.0446533648023231","1.0","0.435339557116299","1","1","0"
"2019","48890","경상남도","합천군","8.698625504382184","8.36373232207477","0.932617780933752","5.745484667158158","0.404760276","0.0294318734765222","1.0","0.8828955354112692","1","1","0"
"2019","50110","제주특별자치도","제주시","","","2.819892925211763","","","","0.0","0.0","0","1","0"
"2019","50130","제주특별자치도","서귀포시","","","2.7253707678356043","","","","0.0","0.0","0","1","0"
"2019","51110","강원특별자치도","춘천시","11.71205399685788","8.281642694063002","2.277900819322591","0.0","0.031350997","0.0","1.0","3.2783133863830236","1","1","0"
"2019","51130","강원특별자치도","원주시","9.889100971468267","8.773158251845754","1.0677280951209054","8.259051453294965","0.215019798","0.1285758775637318","1.0","2.549440039982577","1","1","0"
"2019","51150","강원특별자치도","강릉시","7.4591971159677675","7.395553120891022","1.7388964753278449","7.286877868768976","0.337528621","0.302749135750737","0.0","0.0","1","1","0"
"2019","51170","강원특별자치도","동해시","7.535896004177265","8.883832720586827","0.0","0.0","0.793856767","0.0","0.0","0.0","1","1","0"
"2019","51190","강원특별자치도","태백시","7.911756887953185","8.931054475880284","2.4995070142148252","0.0","0.734881397","0.0","0.0","0.0","1","1","0"
"2019","51210","강원특별자치도","속초시","9.852922226600022","10.015835952385006","2.457301945571374","0.0","0.540640553","0.0","0.0","0.0","1","1","0"
"2019","51230","강원특별자치도","삼척시","6.66521508207151","6.714843929573951","0.9947412397140133","0.0","0.512420102","0.0","0.0","0.0","1","1","0"
"2019","51720","강원특별자치도","홍천군","9.469293183117657","0.0","1.8451695378072763","0.0","0.0","0.0","1.0","1.2179964523834887","1","1","0"
"2019","51730","강원특별자치도","횡성군","8.663832037422946","8.1522265848294","1.270964743833219","7.6382093656642365","0.306172594","0.1830827220771698","1.0","1.1486478523084793","1","1","0"
"2019","51750","강원특별자치도","영월군","9.373498334349971","7.432547961011562","0.9363987794648835","0.0","0.125487847","0.0","0.0","0.0","1","1","0"
"2019","51760","강원특별자치도","평창군","7.853954270389477","7.571934114342558","1.3896617568825769","0.0","0.429927564","0.0","0.0","0.0","1","1","0"
"2019","51770","강원특별자치도","정선군","10.172741730362981","7.877091913349571","1.6647042380012176","8.055966050744885","0.08243873","0.0985921499107529","1.0","1.5217548822626261","1","1","0"
"2019","51780","강원특별자치도","철원군","12.071272676448963","12.177450740704037","4.752710761516938","0.0","0.52651975","0.0","0.0","0.0","1","1","0"
"2019","51790","강원특별자치도","화천군","8.554469663049272","8.945259496694158","2.309473793348911","0.0","0.596487826","0.0","0.0","0.0","1","1","0"
"2019","51800","강원특별자치도","양구군","0.0","10.1062901758303","3.123322473156971","0.0","1.0","0.0","1.0","1.7420116847249578","1","1","0"
"2019","51810","강원특별자치도","인제군","8.766703596480387","7.106010694865283","1.150772805942683","0.0","0.159579846","0.0","1.0","0.2283430585335894","1","1","0"
"2019","51820","강원특별자치도","고성군","9.449855638563122","0.0","2.998319144924825","0.0","0.0","0.0","0.0","0.0","1","1","0"
"2019","51830","강원특별자치도","양양군","7.623278811870784","7.725767886555782","1.738097307680652","0.0","0.525611746","0.0","0.0","0.0","1","1","0"
"2020","11110","서울특별시","종로구","13.1499879196461","0.0","0.0","0.0","0.0","0.0","0.0","0.0","1","1","0"
"2020","11140","서울특별시","중구","15.752127818577721","0.0","0.0","0.0","0.0","0.0","0.0","0.0","1","1","0"
"2020","11170","서울특별시","용산구","0.0","0.0","0.0","0.0","","","0.0","0.0","1","1","0"
"2020","11200","서울특별시","성동구","16.470592655681262","15.967241752321591","0.0","0.0","0.376753507","0.0","0.0","0.0","1","1","0"
"2020","11215","서울특별시","광진구","0.0","0.0","0.0","0.0","","","0.0","0.0","1","1","0"
"2020","11230","서울특별시","동대문구","0.0","0.0","0.0","0.0","","","0.0","0.0","1","1","0"
"2020","11260","서울특별시","중랑구","0.0","0.0","4.899325660960531","0.0","","","0.0","0.0","1","1","0"
"2020","11290","서울특별시","성북구","0.0","0.0","0.0","0.0","","","0.0","0.0","1","1","0"
"2020","11305","서울특별시","강북구","0.0","0.0","0.0","0.0","","","0.0","0.0","1","1","0"
"2020","11320","서울특별시","도봉구","10.69833206435187","0.0","0.0","0.0","0.0","0.0","0.0","0.0","1","1","0"
"2020","11350","서울특별시","노원구","0.0","0.0","0.0","0.0","","","0.0","0.0","1","1","0"
"2020","11380","서울특별시","은평구","11.632081339508531","11.463987910031758","3.7579382829165486","10.642209153476383","0.381287608","0.1676304453495583","0.0","0.0","1","1","0"
"2020","11410","서울특별시","서대문구","14.241574406226597","11.834958142786835","0.0","0.0","0.082669063","0.0","0.0","0.0","1","1","0"
"2020","11440","서울특별시","마포구","16.834090176098243","14.187362303378762","0.0","0.0","0.066190932","0.0","0.0","0.0","1","1","0"
"2020","11470","서울특별시","양천구","0.0","0.0","0.0","0.0","","","0.0","0.0","1","1","0"
"2020","11500","서울특별시","강서구","15.772307321745405","12.90382125381234","0.0","12.74880002922884","0.051369577","0.0439927331271746","0.0","0.0","1","1","0"
"2020","11530","서울특별시","구로구","17.035600399994273","14.284810648089874","0.0","13.67672292519814","0.058141596","0.031651739089154","0.0","0.0","1","1","0"
"2020","11545","서울특별시","금천구","14.796849156984264","13.314251632707567","6.047835004771088","0.0","0.185035207","0.0","0.0","0.0","1","1","0"
"2020","11560","서울특별시","영등포구","","","","","","","0.0","","0","1","0"
"2020","11590","서울특별시","동작구","14.553204375559165","13.469518028442517","0.0","0.0","0.252808867","0.0","0.0","0.0","1","1","0"
"2020","11620","서울특별시","관악구","0.0","0.0","3.5122595271482275","0.0","","","0.0","0.0","1","1","0"
"2020","11650","서울특별시","서초구","15.597400772218489","12.672502895678623","0.0","0.0","0.050936263","0.0","0.0","0.0","1","1","0"
"2020","11680","서울특별시","강남구","0.0","0.0","0.0","0.0","","","0.0","0.0","1","1","0"
"2020","11710","서울특별시","송파구","15.08594957221511","14.671355527688258","0.0","13.513422664325097","0.353620432","0.1110844053379035","1.0","78.23904940838767","1","1","0"
"2020","11740","서울특별시","강동구","15.155261960808279","0.0","0.0","12.981333544271031","0.0","0.1021160920975534","0.0","0.0","1","1","0"
"2020","26110","부산광역시","중구","0.0","0.0","0.0","0.0","","","0.0","0.0","1","1","0"
"2020","26140","부산광역시","서구","11.526105692667542","12.712900124003816","0.0","0.0","0.766168489","0.0","0.0","0.0","1","1","0"
"2020","26170","부산광역시","동구","10.893615573927077","12.811407326718884","0.0","0.0","0.871893753","0.0","0.0","0.0","1","1","0"
"2020","26200","부산광역시","영도구","11.703877433628115","12.517331873184867","0.0","0.0","0.692846114","0.0","0.0","0.0","1","1","0"
"2020","26230","부산광역시","부산진구","10.601093110570055","11.72493084767102","0.0","0.0","0.754702993","0.0","1.0","7.24271818701105","1","1","0"
"2020","26260","부산광역시","동래구","10.514361613882896","12.008973594031714","3.6391233973861983","0.0","0.816772648","0.0","1.0","1.1599297965283146","1","1","0"
"2020","26290","부산광역시","남구","10.604632790723281","12.048561399284958","0.0","0.0","0.809065209","0.0","0.0","0.0","1","1","0"
"2020","26320","부산광역시","북구","9.71799846521428","11.581490322838397","0.0","0.0","0.865709346","0.0","0.0","0.0","1","1","0"
"2020","26350","부산광역시","해운대구","10.252313456103982","10.920471867044506","0.0","0.0","0.661094526","0.0","0.0","0.0","1","1","0"
"2020","26380","부산광역시","사하구","12.258409894696483","0.0","0.0","0.0","0.0","0.0","0.0","0.0","1","1","0"
"2020","26410","부산광역시","금정구","11.02675030647269","11.215688670386536","1.8738228842089364","10.037392296286637","0.468246218","0.1441230743568447","1.0","3.0989404216782757","1","1","0"
"2020","26440","부산광역시","강서구","9.282592227620341","10.71948951973977","0.0","10.916351034708327","0.407294251","0.4959134256076051","0.0","0.0","1","1","0"
"2020","26470","부산광역시","연제구","0.0","13.163151648009153","4.742147957536866","0.0","1.0","0.0","0.0","0.0","1","1","0"
"2020","26500","부산광역시","수영구","13.168053754328955","0.0","0.0","0.0","0.0","0.0","0.0","0.0","1","1","0"
"2020","26530","부산광역시","사상구","9.804541613262774","11.5428149670143","0.0","0.0","0.850473402","0.0","1.0","2.328025882688581","1","1","0"
"2020","26710","부산광역시","기장군","11.400266563773231","0.0","2.392713327883951","10.212312169695688","0.0","0.2336204205495084","0.0","0.0","1","1","0"
"2020","27110","대구광역시","중구","","","","","","","0.0","","0","1","0"
"2020","27140","대구광역시","동구","0.0","0.0","0.0","0.0","","","1.0","0.32977705276000957","1","1","0"
"2020","27170","대구광역시","서구","12.470113245742017","13.552361180647381","0.0","0.0","0.746919628","0.0","0.0","0.0","1","1","0"
"2020","27200","대구광역시","남구","0.0","0.0","0.0","0.0","","","1.0","3.2251318161485516","1","1","0"
"2020","27230","대구광역시","북구","11.852981990030498","9.890949194098942","0.0","0.0","0.123242519","0.0","1.0","0.8026163765178406","1","1","0"
"2020","27260","대구광역시","수성구","10.124088973391684","9.944478638471248","0.0","0.0","0.455215784","0.0","1.0","0.5766024603150499","1","1","0"
"2020","27290","대구광역시","달서구","10.415649572132056","10.658022077800895","0.0","0.0","0.560299822","0.0","0.0","0.0","1","1","0"
"2020","27710","대구광역시","달성군","11.95696807711515","8.68812280408813","0.7186664741830996","0.0","0.036649856","0.0","1.0","1.1681180772222493","1","1","0"
"2020","27720","대구광역시","군위군","","","0.9805876663896468","","","","1.0","1.4769844922899935","0","1","0"
"2020","28110","인천광역시","중구","11.045860841702186","0.0","0.0","0.0","0.0","0.0","0.0","0.0","1","1","0"
"2020","28140","인천광역시","동구","","","","","","","0.0","","0","1","0"
"2020","28177","인천광역시","미추홀구","15.600645372740788","0.0","0.0","0.0","0.0","0.0","0.0","0.0","1","1","0"
"2020","28185","인천광역시","연수구","14.186127525718215","0.0","0.0","0.0","0.0","0.0","0.0","0.0","1","1","0"
"2020","28200","인천광역시","남동구","13.545750399192565","12.8586198643441","0.0","12.758176204272862","0.256908182","0.2323569619685798","0.0","0.0","1","1","0"
"2020","28237","인천광역시","부평구","13.831487962256437","0.0","0.0","0.0","0.0","0.0","0.0","0.0","1","1","0"
"2020","28245","인천광역시","계양구","14.19261875276293","0.0","0.0","0.0","0.0","0.0","0.0","0.0","1","1","0"
"2020","28260","인천광역시","서구","14.117291990470425","12.921985704247763","5.190084931668839","12.821542027285433","0.191975014","0.173629078851516","0.0","0.0","1","1","0"
"2020","28710","인천광역시","강화군","14.189552349080223","11.514960382640526","0.0","11.41451750193788","0.060934738","0.0551115599792693","0.0","0.0","1","1","0"
"2020","28720","인천광역시","옹진군","10.211098345085851","8.35590408277163","0.0","0.0","0.135240994","0.0","0.0","0.0","1","1","0"
"2020","29110","광주광역시","동구","9.192948380910769","0.0","0.0","0.0","0.0","0.0","0.0","0.0","1","1","0"
"2020","29140","광주광역시","서구","12.826047369358662","0.0","4.408683443061346","0.0","0.0","0.0","1.0","24.957075869441983","1","1","0"
"2020","29155","광주광역시","남구","10.730742623873065","0.0","0.0","11.482569701152778","0.0","0.67957919575263","1.0","9.894584687655971","1","1","0"
"2020","29170","광주광역시","북구","10.815055607288532","0.0","0.0","0.0","0.0","0.0","0.0","0.0","1","1","0"
"2020","29200","광주광역시","광산구","9.604732953520816","9.813900786621618","0.0","0.0","0.552105282","0.0","1.0","5.080323975574896","1","1","0"
"2020","30110","대전광역시","동구","9.085316841274018","10.059727415557857","0.0","10.141657346688726","0.406046598","0.4407162402699184","0.0","0.0","1","1","0"
"2020","30140","대전광역시","중구","11.343018308443385","0.0","0.0","0.0","0.0","0.0","0.0","0.0","1","1","0"
"2020","30170","대전광역시","서구","10.224724656878974","10.317339626222074","0.0","10.399270321425131","0.333675363","0.3621657024342321","0.0","0.0","1","1","0"
"2020","30200","대전광역시","유성구","10.959374304246822","9.636219301652497","0.0","0.0","0.210285903","0.0","1.0","6.951058470741854","1","1","0"
"2020","30230","대전광역시","대덕구","11.935938326482656","11.688902217957768","0.0","11.770774571495354","0.297128638","0.3224790528587258","0.0","0.0","1","1","0"
"2020","31110","울산광역시","중구","13.16356237347968","10.99573463779641","2.654423728532664","10.911670882207497","0.093819363","0.0862548288904154","1.0","4.892856016082218","1","1","0"
"2020","31140","울산광역시","남구","12.393202985278975","11.56781081233078","0.0","0.0","0.304619125","0.0","1.0","17.100962290619904","1","1","0"
"2020","31170","울산광역시","동구","12.85692680232927","0.0","0.0","10.758964949301935","0.0","0.1092932609824297","1.0","3.8550387218694464","1","1","0"
"2020","31200","울산광역시","북구","13.173263641530085","0.0","0.0","10.170109434861093","0.0","0.0472819402699143","1.0","3.2222671864433656","1","1","0"
"2020","31710","울산광역시","울주군","12.21528313111233","0.0","2.602867204245338","9.29809823063825","0.0","0.0513063430907661","1.0","4.793682109472483","1","1","0"
"2020","36110","세종특별자치시","세종시","","","0.0","","","","1.0","11.707628664411677","0","1","0"
"2020","41111","경기도","수원시 장안구","","","0.0","","","","0.0","0.0","0","1","0"
"2020","41113","경기도","수원시 권선구","","","0.0","","","","0.0","0.0","0","1","0"
"2020","41115","경기도","수원시 팔달구","","","0.0","","","","0.0","0.0","0","1","0"
"2020","41117","경기도","수원시 영통구","","","0.0","","","","0.0","0.0","0","1","0"
"2020","41131","경기도","성남시 수정구","","","0.0","","","","1.0","196.83577860768258","0","1","0"
"2020","41133","경기도","성남시 중원구","","","5.6497029887923595","","","","0.0","0.0","0","1","0"
"2020","41135","경기도","성남시 분당구","","","0.0","","","","0.0","0.0","0","1","0"
"2020","41150","경기도","의정부시","13.492342138478854","12.159072079518515","0.0","0.0","0.208618336","0.0","0.0","0.0","1","1","0"
"2020","41171","경기도","안양시 만안구","","","0.0","","","","0.0","0.0","0","1","0"
"2020","41173","경기도","안양시 동안구","","","0.0","","","","0.0","0.0","0","1","0"
"2020","41190","경기도","부천시","0.0","0.0","0.0","0.0","","","0.0","0.0","1","1","0"
"2020","41210","경기도","광명시","0.0","0.0","0.0","0.0","","","0.0","0.0","1","1","0"
"2020","41220","경기도","평택시","12.89497321531007","10.959919402944845","0.0","0.0","0.126190614","0.0","1.0","15.712125808762016","1","1","0"
"2020","41250","경기도","동두천시","13.829069475382447","0.0","0.0","0.0","0.0","0.0","1.0","15.77048846675116","1","1","0"
"2020","41271","경기도","안산시 상록구","","","5.0311828283386655","","","","0.0","0.0","0","1","0"
"2020","41273","경기도","안산시 단원구","","","3.2751258344723455","","","","0.0","0.0","0","1","0"
"2020","41281","경기도","고양시 덕양구","","","0.0","","","","0.0","0.0","0","1","0"
"2020","41285","경기도","고양시 일산동구","","","0.0","","","","0.0","0.0","0","1","0"
"2020","41287","경기도","고양시 일산서구","","","0.0","","","","0.0","0.0","0","1","0"
"2020","41290","경기도","과천시","12.330494756297854","12.207330335805498","3.7993541065834466","0.0","0.469247616","0.0","1.0","2.2010850093808556","1","1","0"
"2020","41310","경기도","구리시","12.238948843075947","12.58139566813207","0.0","0.0","0.584785104","0.0","0.0","0.0","1","1","0"
"2020","41360","경기도","남양주시","13.026735147056074","0.0","1.9292143903842143","10.102507557704529","0.0","0.0509669439312002","1.0","10.32500662028769","1","1","0"
"2020","41370","경기도","오산시","14.09805990442886","0.0","0.0","0.0","0.0","0.0","0.0","0.0","1","1","0"
"2020","41390","경기도","시흥시","13.362298963704017","12.639056773518101","0.0","0.0","0.326679063","0.0","0.0","0.0","1","1","0"
"2020","41410","경기도","군포시","14.205053411901266","13.586897010841454","0.0","0.0","0.350200733","0.0","0.0","0.0","1","1","0"
"2020","41430","경기도","의왕시","12.666889519594866","12.69643645331749","0.0","0.0","0.507386219","0.0","1.0","15.611475184701947","1","1","0"
"2020","41450","경기도","하남시","14.09638440363149","12.745972918290217","0.0","0.0","0.205802754","0.0","1.0","45.18992294860919","1","1","0"
"2020","41461","경기도","용인시 처인구","","","3.3222001014368248","","","","1.0","25.78335644204332","0","1","0"
"2020","41463","경기도","용인시 기흥구","","","3.6555712906797972","","","","0.0","0.0","0","1","0"
"2020","41465","경기도","용인시 수지구","","","0.0","","","","0.0","0.0","0","1","0"
"2020","41480","경기도","파주시","12.709599719309933","11.149124852837408","0.0","0.0","0.173576887","0.0","1.0","18.528357971230932","1","1","0"
"2020","41500","경기도","이천시","12.763673037695938","11.306174885069874","3.5965013710831366","0.0","0.188848829","0.0","1.0","18.08842165286472","1","1","0"
"2020","41550","경기도","안성시","12.303268931437767","8.334767206575311","2.666843632515394","0.0","0.018546797","0.0","1.0","8.788272502695476","1","1","0"
"2020","41570","경기도","김포시","13.793772214886122","13.11328956712581","0.0","0.0","0.336153367","0.0","0.0","0.0","1","1","0"
"2020","41590","경기도","화성시","12.212007019204352","10.111322894334528","2.839515786728654","0.0","0.109026883","0.0","1.0","6.1123429675434044","1","1","0"
"2020","41610","경기도","광주시","14.221902405795552","11.049868911946334","2.860486456551069","10.033017595525301","0.039654166","0.0143437838241719","1.0","23.5016252149165","1","1","0"
"2020","41630","경기도","양주시","11.602361911376176","10.517023582807033","0.0","9.807510656669871","0.224599771","0.1104738818891345","1.0","7.33398135100118","1","1","0"
"2020","41650","경기도","포천시","11.676847890255873","0.0","0.7595106292766428","8.45902034088465","0.0","0.038492791824934","1.0","7.512314374708926","1","1","0"
"2020","41670","경기도","여주시","11.83512143138084","10.033978083953143","2.3923381603244134","9.933584704268982","0.125608139","0.113609717078302","1.0","6.152266562747622","1","1","0"
"2020","41800","경기도","연천군","13.736822405934523","0.0","0.0","10.9101035474222","0.0","0.0558963936158455","1.0","32.067595490581084","1","1","0"
"2020","41820","경기도","가평군","11.169340766777813","8.100728706930628","1.354587372094965","8.000362725880176","0.04269358","0.0386153760593215","1.0","5.302620336169986","1","1","0"
"2020","41830","경기도","양평군","11.613937681663298","8.61627428755319","1.3886604161436327","8.333606629369188","0.045880326","0.0345811785934057","1.0","7.400500702663631","1","1","0"
"2020","43111","충청북도","청주시 상당구","","","2.4906241946294836","","","","1.0","2.6407406429947846","0","1","0"
"2020","43112","충청북도","청주시 서원구","","","4.476216198020199","","","","0.0","0.0","0","1","0"
"2020","43113","충청북도","청주시 흥덕구","","","5.416303931714247","","","","0.0","0.0","0","1","0"
"2020","43114","충청북도","청주시 청원구","","","4.016479776358873","","","","0.0","0.0","0","1","0"
"2020","43130","충청북도","충주시","11.331850242285027","8.843432675581257","2.8246080777734868","0.0","0.076664782","0.0","0.0","0.0","1","1","0"
"2020","43150","충청북도","제천시","10.46442097160504","7.227395253836712","2.063396268897105","7.550216153057529","0.035897666","0.0495852650268568","1.0","1.7587623489947022","1","1","0"
"2020","43720","충청북도","보은군","8.265576060259432","8.91828948121906","2.001250371183705","0.0","0.657649433","0.0","0.0","0.0","1","1","0"
"2020","43730","충청북도","옥천군","10.069035128109011","9.833641942044872","2.2903546306210556","9.009859391341765","0.369800714","0.1622459039481714","1.0","1.3196321702700569","1","1","0"
"2020","43740","충청북도","영동군","10.139351975493122","8.653536586453923","2.0869267132224465","7.933668202959055","0.169322484","0.0824137828251214","1.0","1.4134372643012771","1","1","0"
"2020","43745","충청북도","증평군","9.622897044570731","11.897468989760345","3.2648526090100853","0.0","0.906754111","0.0","0.0","0.0","1","1","0"
"2020","43750","충청북도","진천군","10.293319502616702","9.589587665923899","3.0286812459340866","9.294469998078148","0.265549367","0.1976819842557968","1.0","0.7801104557236953","1","1","0"
"2020","43760","충청북도","괴산군","8.114722892133292","7.238442168165228","2.156817356773323","0.0","0.293862032","0.0","0.0","0.0","1","1","0"
"2020","43770","충청북도","음성군","10.79276204925447","9.940474783199496","3.27988363244622","0.0","0.298947479","0.0","0.0","0.0","1","1","0"
"2020","43800","충청북도","단양군","11.141569584027469","8.19146347353892","1.066764296960746","7.47166700658644","0.048544378","0.0236269929506993","1.0","0.9091016771131623","1","1","0"
"2020","44131","충청남도","천안시 동남구","","","2.6318447903661304","","","","1.0","5.435200014486956","0","1","0"
"2020","44133","충청남도","천안시 서북구","","","0.0","","","","0.0","0.0","0","1","0"
"2020","44150","충청남도","공주시","10.551097700246176","7.99202185162822","2.8017304577933855","0.0","0.071798325","0.0","1.0","0.39920670689144966","1","1","0"
"2020","44180","충청남도","보령시","11.423767036099742","8.58605747315059","1.5554668464519747","9.020068296880648","0.050960226","0.0786589971906929","1.0","1.919195749824039","1","1","0"
"2020","44200","충청남도","아산시","11.959739606931265","8.268734957537824","3.0239171633191435","0.0","0.024333788","0.0","1.0","0.4759189144131704","1","1","0"
"2020","44210","충청남도","서산시","10.50370305319999","0.0","0.6666988640622963","0.0","0.0","0.0","1.0","0.5989317248052277","1","1","0"
"2020","44230","충청남도","논산시","11.488080253535504","9.59189974457633","3.0038273571990675","0.0","0.13053479","0.0","1.0","0.9334210116797891","1","1","0"
"2020","44250","충청남도","계룡시","10.13777562136293","9.695485268441049","0.0","0.0","0.391190119","0.0","0.0","0.0","1","1","0"
"2020","44270","충청남도","당진시","9.384932264515465","8.295335317591984","2.077678095042514","0.0","0.251662971","0.0","0.0","0.0","1","1","0"
"2020","44710","충청남도","금산군","11.397492185376134","9.042593770718032","3.140953832926523","8.24909768642926","0.083400175","0.0377132339166289","1.0","1.6262989749969459","1","1","0"
"2020","44760","충청남도","부여군","11.465044400493316","8.337285499433738","2.652698832240177","9.039745022738554","0.038689276","0.0781119312159611","1.0","0.40142252683992347","1","1","0"
"2020","44770","충청남도","서천군","11.736433513240385","0.0","2.175111470261937","0.0","0.0","0.0","1.0","2.1397680502631458","1","1","0"
"2020","44790","충청남도","청양군","11.594918539000309","0.0","2.1630131384953986","0.0","0.0","0.0","1.0","1.1878223572264963","1","1","0"
"2020","44800","충청남도","홍성군","0.0","0.0","2.4579391469618788","0.0","","","1.0","0.5333236764845375","1","1","0"
"2020","44810","충청남도","예산군","11.540003970801488","7.682604560392653","2.3179230592037947","0.0","0.020676777","0.0","1.0","1.1846735547807745","1","1","0"
"2020","44825","충청남도","태안군","11.49953553094158","0.0","0.5645040077943477","0.0","0.0","0.0","1.0","1.4077640913249483","1","1","0"
"2020","45111","전라북도","전주시 완산구","","","0.0","","","","1.0","7.210694474841027","0","1","0"
"2020","45113","전라북도","전주시 덕진구","","","0.0","","","","0.0","0.0","0","1","0"
"2020","45130","전라북도","군산시","12.237742316073852","0.0","1.6836998933110874","0.0","0.0","0.0","1.0","16.32481799334399","1","1","0"
"2020","45140","전라북도","익산시","10.127365965916693","9.676032969390988","0.0","0.0","0.389038462","0.0","1.0","6.4862957726524","1","1","0"
"2020","45180","전라북도","정읍시","9.043549710377695","8.268358916810582","2.516277333299767","0.0","0.315327428","0.0","1.0","1.1676288417120255","1","1","0"
"2020","45190","전라북도","남원시","9.002573026796286","7.471174469529393","1.9637540227454493","0.0","0.177723918","0.0","1.0","0.21665719689399704","1","1","0"
"2020","45210","전라북도","김제시","10.44049284882498","9.786784204975806","0.0","0.0","0.342148221","0.0","1.0","1.8458696619407398","1","1","0"
"2020","45710","전라북도","완주군","9.9174885492458","9.090102280022062","0.0","0.0","0.304184578","0.0","1.0","0.061873549490749635","1","1","0"
"2020","45720","전라북도","진안군","9.428510435099641","8.873611545513569","2.2922994168486297","0.0","0.364714758","0.0","0.0","0.0","1","1","0"
"2020","45730","전라북도","무주군","9.706345401976264","0.0","3.0128866384476107","0.0","0.0","0.0","0.0","0.0","1","1","0"
"2020","45740","전라북도","장수군","9.719545594258445","8.26040031653076","3.2107488657172483","0.0","0.188567715","0.0","0.0","0.0","1","1","0"
"2020","45750","전라북도","임실군","9.6030191907376","8.097872669167954","2.1321007862278845","9.285016381903155","0.113839737","0.3732120592443295","1.0","1.3794837353830218","1","1","0"
"2020","45770","전라북도","순창군","9.987859450936162","8.417004702794602","1.7062870646570596","0.0","0.172069622","0.0","1.0","2.5919199001989734","1","1","0"
"2020","45790","전라북도","고창군","10.23422761463426","8.103326480148594","1.1180791445859803","0.0","0.10610418","0.0","1.0","0.005044483144544476","1","1","0"
"2020","45800","전라북도","부안군","10.993257730821266","8.534005588472969","0.0","0.0","0.078751535","0.0","0.0","0.0","1","1","0"
"2020","46110","전라남도","목포시","9.109927076394747","10.06661007211791","3.0698983123817887","0.0","0.722470848","0.0","1.0","0.647000935610385","1","1","0"
"2020","46130","전라남도","여수시","10.993027722306381","10.001709559327841","2.1087327949309143","0.0","0.270646168","0.0","1.0","3.716065252760524","1","1","0"
"2020","46150","전라남도","순천시","10.328559011076651","8.643022167198854","2.7226696409094617","0.0","0.156344738","0.0","1.0","3.273775391891771","1","1","0"
"2020","46170","전라남도","나주시","8.991428992874841","4.179727678218187","3.0980868993255597","0.0","0.007946876","0.0","0.0","0.0","1","1","0"
"2020","46230","전라남도","광양시","11.441936076970862","9.32994540194261","2.0221083797739903","8.824225256505631","0.101333984","0.0611080298028613","1.0","5.893568428689513","1","1","0"
"2020","46710","전라남도","담양군","9.484670097457467","8.920839021085586","2.650071227225629","0.0","0.362648179","0.0","1.0","0.7849177944396919","1","1","0"
"2020","46720","전라남도","곡성군","8.218365774011781","6.719267794712681","2.0142744069461784","0.0","0.182420089","0.0","0.0","0.0","1","1","0"
"2020","46730","전라남도","구례군","8.874802177232334","7.880725765457992","2.06964741730734","7.780360759649837","0.217044874","0.1963108165536816","1.0","1.2575020176407636","1","1","0"
"2020","46770","전라남도","고흥군","8.713697975692943","7.871961465020046","2.6486149173606828","0.0","0.301123506","0.0","1.0","0.10438429490152658","1","1","0"
"2020","46780","전라남도","보성군","11.084944933368705","7.874202263367159","3.2362251157062194","7.742504420812075","0.037476889","0.0328506992358865","1.0","0.6878050126145111","1","1","0"
"2020","46790","전라남도","화순군","7.638516736050281","8.223773178772793","2.303208937102421","0.0","0.642325048","0.0","0.0","0.0","1","1","0"
"2020","46800","전라남도","장흥군","8.86461877770629","7.287595224746729","2.9362832224536","0.0","0.171140409","0.0","0.0","0.0","1","1","0"
"2020","46810","전라남도","강진군","8.617754634735283","4.295600089733252","2.390096994431686","0.0","0.012923556","0.0","0.0","0.0","1","1","0"
"2020","46820","전라남도","해남군","8.785115834570158","7.5815744424759295","2.5632163322255423","0.0","0.230782461","0.0","1.0","0.0313136508961523","1","1","0"
"2020","46830","전라남도","영암군","8.649735456052047","0.0","1.2383582244732803","0.0","0.0","0.0","0.0","0.0","1","1","0"
"2020","46840","전라남도","무안군","11.80320293616561","9.207990533627534","0.0","8.414559829913646","0.067326866","0.0304476025174521","1.0","0.6696767478448764","1","1","0"
"2020","46860","전라남도","함평군","8.433511548314538","7.767000600275238","1.9709347937032773","0.0","0.33923234","0.0","1.0","0.3187529486389977","1","1","0"
"2020","46870","전라남도","영광군","9.503289880196256","7.322015482862717","1.8369624749832076","0.0","0.101391259","0.0","0.0","0.0","1","1","0"
"2020","46880","전라남도","장성군","9.322660914084281","7.9337499865774985","2.116148565766635","0.0","0.199538689","0.0","1.0","0.7189625684911267","1","1","0"
"2020","46890","전라남도","완도군","8.868230773933279","0.0","1.8013719957584375","0.0","0.0","0.0","0.0","0.0","1","1","0"
"2020","46900","전라남도","진도군","9.192863878387168","7.17164899601037","2.601615539125227","0.0","0.116924584","0.0","0.0","0.0","1","1","0"
"2020","46910","전라남도","신안군","9.507637007488496","7.43595639685187","0.0","0.0","0.111828723","0.0","0.0","0.0","1","1","0"
"2020","47111","경상북도","포항시 남구","","","2.246008206817554","","","","1.0","13.902120069229486","0","1","0"
"2020","47113","경상북도","포항시 북구","","","1.9564337194962582","","","","0.0","0.0","0","1","0"
"2020","47130","경상북도","경주시","11.954231595477864","0.0","1.7817857528646623","0.0","0.0","0.0","1.0","4.472311723991565","1","1","0"
"2020","47150","경상북도","김천시","10.678912432682603","0.0","2.041866120868108","0.0","0.0","0.0","1.0","2.6321214361316883","1","1","0"
"2020","47170","경상북도","안동시","11.788277883781655","7.886108271544357","1.6948505533186753","6.687908171475665","0.019673628","0.0059310915681933","1.0","2.6440329644171374","1","1","0"
"2020","47190","경상북도","구미시","12.243194665696489","0.0","2.3592350011614758","0.0","0.0","0.0","1.0","5.3602120959717405","1","1","0"
"2020","47210","경상북도","영주시","11.051170546000549","0.0","1.6173720249999786","0.0","0.0","0.0","1.0","1.4878687832286497","1","1","0"
"2020","47230","경상북도","영천시","10.474966053873924","6.869638140488478","1.3059096891478061","0.0","0.026433369","0.0","1.0","2.904041503942295","1","1","0"
"2020","47250","경상북도","상주시","9.887274613128625","8.49384122211729","1.7849256849720763","0.0","0.198835679","0.0","1.0","2.2177812026653902","1","1","0"
"2020","47280","경상북도","문경시","10.085426461024088","0.0","1.7112240686550244","0.0","0.0","0.0","1.0","0.07198856946908803","1","1","0"
"2020","47290","경상북도","경산시","10.66492450248736","0.0","1.3292372017497682","0.0","0.0","0.0","1.0","2.6623110289351537","1","1","0"
"2020","47730","경상북도","의성군","10.017374167700735","0.0","1.1957656420685163","0.0","0.0","0.0","1.0","1.6432895410176889","1","1","0"
"2020","47750","경상북도","청송군","9.850714010212442","0.0","1.2703614950753825","7.479836583253237","0.0","0.0853805913149459","0.0","0.0","1","1","0"
"2020","47760","경상북도","영양군","9.51604193035335","7.5003768775435615","1.2135493255581404","7.399991358453969","0.106227569","0.09607601837035","0.0","0.0","1","1","0"
"2020","47770","경상북도","영덕군","10.250904779703935","0.0","1.0099442796132319","0.0","0.0","0.0","1.0","1.4800526598609756","1","1","0"
"2020","47820","경상북도","청도군","10.635304716642361","9.084955486734565","0.45508327398986603","0.0","0.175022938","0.0","1.0","3.2614808646896143","1","1","0"
"2020","47830","경상북도","고령군","11.447003379805787","0.0","1.3339706941271694","0.0","0.0","0.0","1.0","2.9773662151803917","1","1","0"
"2020","47840","경상북도","성주군","10.459571451461985","8.871893371957631","1.4643005829927211","0.0","0.169695099","0.0","1.0","2.9141058507343223","1","1","0"
"2020","47850","경상북도","칠곡군","11.164670670858682","9.882119225141288","1.862744564049055","0.0","0.217109949","0.0","1.0","4.083764203974916","1","1","0"
"2020","47900","경상북도","예천군","10.080025256869439","9.877314635273347","1.522797640702741","0.0","0.44949284","0.0","1.0","0.966525314162121","1","1","0"
"2020","47920","경상북도","봉화군","9.45068155928136","7.640248952825798","0.898007529492073","7.606890307281444","0.12372063","0.1196596046134476","1.0","0.4367031325084866","1","1","0"
"2020","47930","경상북도","울진군","9.81345585090181","0.0","1.1131050445897408","8.757480247535613","0.0","0.2580596318382162","1.0","0.1359634527478919","1","1","0"
"2020","47940","경상북도","울릉군","11.182821769630632","11.835141666117996","0.0","11.785172785086928","0.404515806","0.3847991686537944","0.0","0.0","1","1","0"
"2020","48121","경상남도","창원시 의창구","","","1.5963960649702509","","","","0.0","0.0","0","1","0"
"2020","48123","경상남도","창원시 성산구","","","0.0","","","","0.0","0.0","0","1","0"
"2020","48125","경상남도","창원시 마산합포구","","","1.283382264410364","","","","0.0","0.0","0","1","0"
"2020","48127","경상남도","창원시 마산회원구","","","0.0","","","","0.0","0.0","0","1","0"
"2020","48129","경상남도","창원시 진해구","","","0.0","","","","0.0","0.0","0","1","0"
"2020","48170","경상남도","진주시","11.717807243570599","10.82957221824336","2.2451027023177983","7.265795914268316","0.289086168","0.0081847201120825","1.0","3.5392245210542517","1","1","0"
"2020","48220","경상남도","통영시","11.157892191041686","9.696444199836108","1.4769518475728438","7.7566073840092855","0.183281854","0.0263329721015774","1.0","2.1427636463872477","1","1","0"
"2020","48240","경상남도","사천시","10.792257757780288","0.0","1.8217852390986427","7.8965135493111696","0.0","0.0523469015110844","1.0","3.3189477733956196","1","1","0"
"2020","48250","경상남도","김해시","11.550588544424418","9.836039236197212","2.0511720860992173","7.94149549417746","0.14914784","0.0224231081548711","1.0","6.28161158211563","1","1","0"
"2020","48270","경상남도","밀양시","12.176395637222493","8.928624750879909","1.2740790121142096","7.379732388669795","0.037107718","0.0078808928698685","1.0","4.0448827052511955","1","1","0"
"2020","48310","경상남도","거제시","11.765548024639438","9.354831218290078","1.9262351373839879","7.865747523120812","0.080851627","0.0182330307205751","1.0","2.9751342559141203","1","1","0"
"2020","48330","경상남도","양산시","11.846743008775041","9.83749960328932","2.2131306175868555","7.943051831980885","0.116165961","0.0174662477900307","1.0","6.5890093128236575","1","1","0"
"2020","48720","경상남도","의령군","10.521975313886287","8.708186561851683","1.0673314683991117","7.185038540722628","0.136010271","0.0296359899084137","1.0","2.867328724359525","1","1","0"
"2020","48730","경상남도","함안군","10.911471867454804","9.306421649655594","1.7005240652073508","8.040841392083836","0.159732127","0.0450461131486382","1.0","0.5659885908937129","1","1","0"
"2020","48740","경상남도","창녕군","11.789013535779844","9.179572666703189","1.441698557319768","7.200173116678938","0.067884924","0.0093724151958236","1.0","3.439748455400454","1","1","0"
"2020","48820","경상남도","고성군","9.961812774264747","8.621415929820609","1.6532126936549647","7.132650121612211","0.198154031","0.0446859955434684","1.0","1.1069806460200653","1","1","0"
"2020","48840","경상남도","남해군","10.245736958093586","9.125688251893445","1.590451880498823","7.613745844544693","0.233338211","0.051426913318767","1.0","2.506750904523351","1","1","0"
"2020","48850","경상남도","하동군","10.792740283351414","9.228267778294388","2.122412380718413","7.234739264788064","0.169014469","0.0230077861850213","1.0","3.1194742751340225","1","1","0"
"2020","48860","경상남도","산청군","9.08680510797209","8.503749986408707","1.2867939739627072","6.992139450955389","0.331998669","0.0731713281453534","1.0","1.2250770118311567","1","1","0"
"2020","48870","경상남도","함양군","9.101750207219679","9.468443983304166","2.0537047827745774","7.251607734206659","0.554975131","0.0604281481168046","1.0","0.206144907863643","1","1","0"
"2020","48880","경상남도","거창군","8.539089135891624","8.454799195637465","1.8704186036893031","6.943224606221626","0.433208093","0.0954775257618034","1.0","0.4454709086033151","1","1","0"
"2020","48890","경상남도","합천군","9.408836469196574","8.09180224451689","1.161297746619716","6.478429618774595","0.202751681","0.0403413921437784","1.0","0.9620395015575726","1","1","0"
"2020","50110","제주특별자치도","제주시","","","2.814886386743821","","","","0.0","0.0","0","1","0"
"2020","50130","제주특별자치도","서귀포시","","","2.6021308182395244","","","","0.0","0.0","0","1","0"
"2020","51110","강원특별자치도","춘천시","11.535873652965805","8.584191115891517","2.4912223813967302","0.0","0.049648685","0.0","1.0","3.5009577604587196","1","1","0"
"2020","51130","강원특별자치도","원주시","9.42826061535459","8.78502572777279","1.0647554682883607","8.279217433493715","0.285248023","0.1719923525776872","1.0","2.906913457740541","1","1","0"
"2020","51150","강원특별자치도","강릉시","7.4583560127438","7.119312630020816","1.8539023245238584","7.306368976359883","0.277024197","0.3340529045977382","0.0","0.0","1","1","0"
"2020","51170","강원특별자치도","동해시","8.22301906928122","8.997276528544386","0.0","0.0","0.684472396","0.0","0.0","0.0","1","1","0"
"2020","51190","강원특별자치도","태백시","8.345566729248231","8.932393484636428","2.485649091204353","0.0","0.642660936","0.0","0.0","0.0","1","1","0"
"2020","51210","강원특별자치도","속초시","9.03919289128834","9.78689417841412","2.4292218377690054","0.0","0.678691242","0.0","0.0","0.0","1","1","0"
"2020","51230","강원특별자치도","삼척시","6.793018668032334","6.753498833015664","1.0957021151662139","0.0","0.490110015","0.0","0.0","0.0","1","1","0"
"2020","51720","강원특별자치도","홍천군","9.601069979512886","0.0","1.89939948419029","0.0","0.0","0.0","1.0","1.6597909790577634","1","1","0"
"2020","51730","강원특별자치도","횡성군","8.966089393392126","8.185784186833574","1.4183791880597858","7.680058573435322","0.264171144","0.1592838965950851","1.0","1.1685337531662414","1","1","0"
"2020","51750","강원특별자치도","영월군","9.731588422706945","7.445459834040519","0.9339334771855288","0.0","0.092234364","0.0","0.0","0.0","1","1","0"
"2020","51760","강원특별자치도","평창군","7.856811156215711","7.591887203333239","1.6715379551201883","0.0","0.43412482","0.0","0.0","0.0","1","1","0"
"2020","51770","강원특별자치도","정선군","9.347646939635878","7.721792132686356","1.673249168810969","8.091188765451106","0.132773364","0.1921309492500982","1.0","1.5378621291941597","1","1","0"
"2020","51780","강원특별자치도","철원군","10.717829376469405","10.584762832418093","3.1774753233979083","0.0","0.46678158","0.0","0.0","0.0","1","1","0"
"2020","51790","강원특별자치도","화천군","8.34918501484861","8.590491961195886","1.9818849894663946","0.0","0.560048201","0.0","0.0","0.0","1","1","0"
"2020","51800","강원특별자치도","양구군","0.0","8.27163599542286","1.1860075587410859","0.0","1.0","0.0","1.0","0.27354889220141987","1","1","0"
"2020","51810","강원특별자치도","인제군","7.752608610282279","7.077742010959936","1.1204067398161321","0.0","0.337315365","0.0","1.0","0.2183524465046953","1","1","0"
"2020","51820","강원특별자치도","고성군","9.165519608835805","8.833893502241171","2.7058163864646385","0.0","0.417835014","0.0","0.0","0.0","1","1","0"
"2020","51830","강원특별자치도","양양군","8.52443400944903","7.748261520401647","1.7430918246907","0.0","0.3150951","0.0","0.0","0.0","1","1","0"
"2021","11110","서울특별시","종로구","13.490900211407686","0.0","0.0","0.0","0.0","0.0","0.0","0.0","1","1","0"
"2021","11140","서울특별시","중구","15.80858932187173","0.0","0.0","0.0","0.0","0.0","0.0","0.0","1","1","0"
"2021","11170","서울특별시","용산구","0.0","0.0","0.0","0.0","","","0.0","0.0","1","1","0"
"2021","11200","서울특별시","성동구","16.556385317110628","15.976430981456689","0.0","0.0","0.358943089","0.0","0.0","0.0","1","1","0"
"2021","11215","서울특별시","광진구","0.0","0.0","0.0","0.0","","","0.0","0.0","1","1","0"
"2021","11230","서울특별시","동대문구","0.0","0.0","0.0","0.0","","","0.0","0.0","1","1","0"
"2021","11260","서울특별시","중랑구","0.0","0.0","4.899325660960531","0.0","","","0.0","0.0","1","1","0"
"2021","11290","서울특별시","성북구","0.0","0.0","0.0","0.0","","","0.0","0.0","1","1","0"
"2021","11305","서울특별시","강북구","0.0","0.0","0.0","0.0","","","0.0","0.0","1","1","0"
"2021","11320","서울특별시","도봉구","0.0","0.0","0.0","0.0","","","0.0","0.0","1","1","0"
"2021","11350","서울특별시","노원구","0.0","0.0","0.0","0.0","","","0.0","0.0","1","1","0"
"2021","11380","서울특별시","은평구","13.112032577396967","11.870181909366858","3.7579382829165486","10.691374253785828","0.20965801","0.0644992939153926","0.0","0.0","1","1","0"
"2021","11410","서울특별시","서대문구","13.164399742505067","11.79648062653964","0.0","0.0","0.202955345","0.0","0.0","0.0","1","1","0"
"2021","11440","서울특별시","마포구","17.185287950976477","14.199279358273367","0.0","0.0","0.048061946","0.0","0.0","0.0","1","1","0"
"2021","11470","서울특별시","양천구","0.0","0.0","0.0","0.0","","","0.0","0.0","1","1","0"
"2021","11500","서울특별시","강서구","15.773745597414392","12.915738287394598","5.843843739103198","12.797966136119152","0.051771344","0.046019459156361","0.0","0.0","1","1","0"
"2021","11530","서울특별시","구로구","17.165872809503192","14.225899254849862","0.0","13.725889116380726","0.048728474","0.0295550009987649","0.0","0.0","1","1","0"
"2021","11545","서울특별시","금천구","15.269180060875373","13.390641913962693","6.047835004771088","0.0","0.132556726","0.0","0.0","0.0","1","1","0"
"2021","11560","서울특별시","영등포구","","","","","","","0.0","","0","1","0"
"2021","11590","서울특별시","동작구","14.650159345779308","13.481435074761135","0.0","0.0","0.237085482","0.0","0.0","0.0","1","1","0"
"2021","11620","서울특별시","관악구","0.0","0.0","3.5122595271482275","0.0","","","0.0","0.0","1","1","0"
"2021","11650","서울특별시","서초구","15.637449693138072","13.069283280028644","0.0","0.0","0.071215361","0.0","0.0","0.0","1","1","0"
"2021","11680","서울특별시","강남구","0.0","0.0","0.0","0.0","","","0.0","0.0","1","1","0"
"2021","11710","서울특별시","송파구","15.199681138066946","14.679830400474678","0.0","13.501593822363873","0.334493168","0.102963950365593","1.0","78.23904940838767","1","1","0"
"2021","11740","서울특별시","강동구","14.851649346604674","13.08718284458292","0.0","12.96941064488339","0.129410219","0.115032522283787","0.0","0.0","1","1","0"
"2021","26110","부산광역시","중구","0.0","0.0","0.0","0.0","","","0.0","0.0","1","1","0"
"2021","26140","부산광역시","서구","10.968653073323777","12.699091334526381","0.0","0.0","0.849470283","0.0","0.0","0.0","1","1","0"
"2021","26170","부산광역시","동구","10.793210685690216","12.82168958861153","0.0","0.0","0.883756736","0.0","0.0","0.0","1","1","0"
"2021","26200","부산광역시","영도구","11.684761727225455","12.73256953572248","0.0","0.0","0.740354767","0.0","0.0","0.0","1","1","0"
"2021","26230","부산광역시","부산진구","9.638811230538796","11.734260072489768","0.0","0.0","0.890465616","0.0","1.0","7.24271818701105","1","1","0"
"2021","26260","부산광역시","동래구","10.439613291348678","12.01925582155426","3.6391233973861983","0.0","0.829157175","0.0","1.0","1.1599297965283146","1","1","0"
"2021","26290","부산광역시","남구","10.578176062564898","12.21440712806526","0.0","0.0","0.837024243","0.0","0.0","0.0","1","1","0"
"2021","26320","부산광역시","북구","9.693453965153951","11.821310140799232","0.0","0.0","0.893586483","0.0","0.0","0.0","1","1","0"
"2021","26350","부산광역시","해운대구","10.36020372908601","11.16028981988723","0.0","0.0","0.689996627","0.0","0.0","0.0","1","1","0"
"2021","26380","부산광역시","사하구","12.449343770717336","0.0","0.0","0.0","0.0","0.0","0.0","0.0","1","1","0"
"2021","26410","부산광역시","금정구","10.789129152145385","11.22582673757929","1.8738228842089364","10.050518606182985","0.511541208","0.157920252546131","1.0","3.0989404216782757","1","1","0"
"2021","26440","부산광역시","강서구","9.26143171840175","11.023444311964907","0.0","10.929477992578008","0.480307997","0.4372301128973518","0.0","0.0","1","1","0"
"2021","26470","부산광역시","연제구","0.0","13.173098934274279","4.742147957536866","0.0","1.0","0.0","0.0","0.0","1","1","0"
"2021","26500","부산광역시","수영구","13.583035417221048","0.0","0.0","0.0","0.0","0.0","0.0","0.0","1","1","0"
"2021","26530","부산광역시","사상구","9.754467265520134","11.906689862824564","0.0","0.0","0.895881072","0.0","1.0","2.328025882688581","1","1","0"
"2021","26710","부산광역시","기장군","11.819718077536772","0.0","2.392713327883951","10.171349014534313","0.0","0.1613253173209436","0.0","0.0","1","1","0"
"2021","27110","대구광역시","중구","","","","","","","0.0","","0","1","0"
"2021","27140","대구광역시","동구","0.0","0.0","0.0","0.0","","","1.0","0.32977705276000957","1","1","0"
"2021","27170","대구광역시","서구","12.84435812985895","13.872233720336757","0.0","0.0","0.736504157","0.0","0.0","0.0","1","1","0"
"2021","27200","대구광역시","남구","0.0","0.0","0.0","0.0","","","1.0","3.2251318161485516","1","1","0"
"2021","27230","대구광역시","북구","10.970994614263578","10.461538620067373","0.0","0.0","0.375318384","0.0","1.0","0.8026163765178406","1","1","0"
"2021","27260","대구광역시","수성구","9.438440043160659","10.525784305737034","0.0","0.0","0.747891249","0.0","1.0","0.5766024603150499","1","1","0"
"2021","27290","대구광역시","달서구","11.220444537444418","10.834108680204462","0.0","0.0","0.404598157","0.0","0.0","0.0","1","1","0"
"2021","27710","대구광역시","달성군","11.634937964984399","8.209764202127367","0.7186664741830996","0.0","0.031509886","0.0","1.0","1.1681180772222493","1","1","0"
"2021","27720","대구광역시","군위군","","","1.1698046709772003","","","","1.0","1.9779574620955291","0","1","0"
"2021","28110","인천광역시","중구","10.947055200232752","0.0","0.0","10.042760815425547","0.0","0.2881634892333013","0.0","0.0","1","1","0"
"2021","28140","인천광역시","동구","","","","","","","0.0","","0","1","0"
"2021","28177","인천광역시","미추홀구","15.759304307843413","0.0","0.0","0.0","0.0","0.0","0.0","0.0","1","1","0"
"2021","28185","인천광역시","연수구","13.739210930323466","0.0","0.0","0.0","0.0","0.0","0.0","0.0","1","1","0"
"2021","28200","인천광역시","남동구","12.503446564836693","12.868731235515098","0.0","12.77130336141777","0.384443006","0.3487542121076307","0.0","0.0","1","1","0"
"2021","28237","인천광역시","부평구","13.500331221749951","0.0","0.0","0.0","0.0","0.0","0.0","0.0","1","1","0"
"2021","28245","인천광역시","계양구","14.06011224315211","0.0","0.0","0.0","0.0","0.0","0.0","0.0","1","1","0"
"2021","28260","인천광역시","서구","13.822988858110392","12.932097077027029","5.190084931668839","12.834669186735427","0.230177503","0.2088095569381224","0.0","0.0","1","1","0"
"2021","28710","인천광역시","강화군","14.44083321631167","11.935558237090564","0.0","11.449721513698304","0.072138728","0.0443782825548865","0.0","0.0","1","1","0"
"2021","28720","인천광역시","옹진군","9.591501932513886","8.776138265309825","0.0","0.0","0.306730406","0.0","0.0","0.0","1","1","0"
"2021","29110","광주광역시","동구","9.343627123986305","0.0","0.0","0.0","0.0","0.0","0.0","0.0","1","1","0"
"2021","29140","광주광역시","서구","12.442382306165799","0.0","4.408683443061346","0.0","0.0","0.0","1.0","24.957075869441983","1","1","0"
"2021","29155","광주광역시","남구","11.771749072298922","0.0","0.0","10.802559754574245","0.0","0.2750395999424","1.0","9.894584687655971","1","1","0"
"2021","29170","광주광역시","북구","10.432475519620581","0.0","0.0","0.0","0.0","0.0","0.0","0.0","1","1","0"
"2021","29200","광주광역시","광산구","9.630473029067572","10.234411688573434","0.0","0.0","0.646563698","0.0","1.0","5.79252637905816","1","1","0"
"2021","30110","대전광역시","동구","9.956288939838094","10.29591433764981","0.0","10.154771971713604","0.387538542","0.3365234453209466","0.0","0.0","1","1","0"
"2021","30140","대전광역시","중구","11.396191591587185","0.0","0.0","0.0","0.0","0.0","0.0","0.0","1","1","0"
"2021","30170","대전광역시","서구","10.350668527374705","10.553528591643557","0.0","10.412385063047843","0.37247431","0.3234422507023823","0.0","0.0","1","1","0"
"2021","30200","대전광역시","유성구","10.958973520087458","9.872401479368284","0.0","0.0","0.252257888","0.0","1.0","6.951058470741854","1","1","0"
"2021","30230","대전광역시","대덕구","11.899296428533859","11.92509637302705","0.0","11.783949891513622","0.351754593","0.3054500517927563","0.0","0.0","1","1","0"
"2021","31110","울산광역시","중구","12.983421699048778","11.022075694143156","2.654423728532664","10.924798153431093","0.110910343","0.1006292471186948","1.0","4.892856016082218","1","1","0"
"2021","31140","울산광역시","남구","11.659337029038278","11.59415205864595","3.195384426870547","0.0","0.48370938","0.0","1.0","17.100962290619904","1","1","0"
"2021","31170","울산광역시","동구","12.404121559248312","0.0","0.0","10.196461381277192","0.0","0.0990617453716125","1.0","3.8550387218694464","1","1","0"
"2021","31200","울산광역시","북구","12.573709144033348","0.0","0.0","10.183248343403326","0.0","0.0839003672282104","1.0","3.2222671864433656","1","1","0"
"2021","31710","울산광역시","울주군","11.735154453569585","0.0","2.602867204245338","9.41501952075354","0.0","0.0894630801326776","1.0","4.793682109472483","1","1","0"
"2021","36110","세종특별자치시","세종시","","","0.0","","","","1.0","14.616903228121398","0","1","0"
"2021","41111","경기도","수원시 장안구","","","0.0","","","","0.0","0.0","0","1","0"
"2021","41113","경기도","수원시 권선구","","","0.0","","","","0.0","0.0","0","1","0"
"2021","41115","경기도","수원시 팔달구","","","0.0","","","","0.0","0.0","0","1","0"
"2021","41117","경기도","수원시 영통구","","","0.0","","","","0.0","0.0","0","1","0"
"2021","41131","경기도","성남시 수정구","","","0.0","","","","1.0","196.83577860768258","0","1","0"
"2021","41133","경기도","성남시 중원구","","","0.0","","","","0.0","0.0","0","1","0"
"2021","41135","경기도","성남시 분당구","","","0.0","","","","0.0","0.0","0","1","0"
"2021","41150","경기도","의정부시","13.18041686890474","11.985940054016634","0.0","0.0","0.232458442","0.0","0.0","0.0","1","1","0"
"2021","41171","경기도","안양시 만안구","","","0.0","","","","0.0","0.0","0","1","0"
"2021","41173","경기도","안양시 동안구","","","0.0","","","","0.0","0.0","0","1","0"
"2021","41190","경기도","부천시","0.0","0.0","0.0","0.0","","","0.0","0.0","1","1","0"
"2021","41210","경기도","광명시","0.0","0.0","0.0","0.0","","","0.0","0.0","1","1","0"
"2021","41220","경기도","평택시","13.007350142567256","10.9818988799282","0.0","0.0","0.116554974","0.0","1.0","17.431992035014527","1","1","0"
"2021","41250","경기도","동두천시","13.23495298196859","0.0","0.0","0.0","0.0","0.0","1.0","15.77048846675116","1","1","0"
"2021","41271","경기도","안산시 상록구","","","5.0311828283386655","","","","0.0","0.0","0","1","0"
"2021","41273","경기도","안산시 단원구","","","3.2751258344723455","","","","0.0","0.0","0","1","0"
"2021","41281","경기도","고양시 덕양구","","","0.0","","","","0.0","0.0","0","1","0"
"2021","41285","경기도","고양시 일산동구","","","0.0","","","","0.0","0.0","0","1","0"
"2021","41287","경기도","고양시 일산서구","","","0.0","","","","0.0","0.0","0","1","0"
"2021","41290","경기도","과천시","13.066912012538078","12.453101018528432","3.7993541065834466","0.0","0.351189941","0.0","1.0","2.2010850093808556","1","1","0"
"2021","41310","경기도","구리시","12.300965236532864","12.60337544837571","0.0","0.0","0.575031897","0.0","0.0","0.0","1","1","0"
"2021","41360","경기도","남양주시","12.927364652264705","0.0","2.2850471842265367","10.115610106609415","0.0","0.0566902448797322","1.0","10.32500662028769","1","1","0"
"2021","41370","경기도","오산시","13.892654575887759","0.0","0.0","0.0","0.0","0.0","0.0","0.0","1","1","0"
"2021","41390","경기도","시흥시","13.421550742794594","12.661036557946325","0.0","0.0","0.318534275","0.0","0.0","0.0","1","1","0"
"2021","41410","경기도","군포시","14.105343137565471","13.596375104258103","0.0","0.0","0.375435357","0.0","0.0","0.0","1","1","0"
"2021","41430","경기도","의왕시","13.597018065535039","12.718416241677103","0.0","0.0","0.293467236","0.0","1.0","15.611475184701947","1","1","0"
"2021","41450","경기도","하남시","13.738713515085747","12.868063241435253","0.0","0.0","0.2951187","0.0","1.0","45.18992294860919","1","1","0"
"2021","41461","경기도","용인시 처인구","","","3.3222001014368248","","","","1.0","25.78335644204332","0","1","0"
"2021","41463","경기도","용인시 기흥구","","","3.6555712906797972","","","","0.0","0.0","0","1","0"
"2021","41465","경기도","용인시 수지구","","","0.0","","","","0.0","0.0","0","1","0"
"2021","41480","경기도","파주시","13.879902954917657","12.075294160561022","0.0","0.0","0.141290387","0.0","1.0","18.92452598810993","1","1","0"
"2021","41500","경기도","이천시","11.863742649487506","11.328154472665657","3.5965013710831366","0.0","0.369213319","0.0","1.0","18.08842165286472","1","1","0"
"2021","41550","경기도","안성시","11.731765730429652","8.349975833042366","2.666843632515394","0.0","0.032862188","0.0","1.0","8.788272502695476","1","1","0"
"2021","41570","경기도","김포시","14.202918682421835","13.253412448286312","0.0","0.0","0.278983917","0.0","0.0","0.0","1","1","0"
"2021","41590","경기도","화성시","10.917447926881243","10.133301866245407","2.839515786728654","0.0","0.313422357","0.0","1.0","6.508050056165542","1","1","0"
"2021","41610","경기도","광주시","13.91586909470762","11.071826613194458","2.860486456551069","10.046288897483377","0.05392597","0.0193375085539252","1.0","23.5016252149165","1","1","0"
"2021","41630","경기도","양주시","11.06139444509027","10.532965700324167","0.0","9.82061302254695","0.313798459","0.1539103935300495","1.0","9.436789455941486","1","1","0"
"2021","41650","경기도","포천시","11.842729390697242","0.0","0.7595106292766428","8.472120663735891","0.0","0.0332202594601402","1.0","8.134038052182262","1","1","0"
"2021","41670","경기도","여주시","10.710478788621359","10.055956984856559","2.3923381603244134","9.946687155009467","0.261729002","0.2346358732675921","1.0","8.416380170169122","1","1","0"
"2021","41800","경기도","연천군","13.146035959375238","0.0","0.0","10.923206391878976","0.0","0.0977176191960193","1.0","45.40292262529479","1","1","0"
"2021","41820","경기도","가평군","10.756974467618424","8.35128261633662","1.354587372094965","8.013461442855904","0.078114415","0.0557155077390683","1.0","5.360303266309026","1","1","0"
"2021","41830","경기도","양평군","10.297513428797608","8.828022084048804","1.6119615055895167","8.346706583506501","0.167632566","0.1035824950020583","1.0","7.910807418957753","1","1","0"
"2021","43111","충청북도","청주시 상당구","","","2.4906241946294836","","","","1.0","2.6407406429947846","0","1","0"
"2021","43112","충청북도","청주시 서원구","","","4.877881971863335","","","","0.0","0.0","0","1","0"
"2021","43113","충청북도","청주시 흥덕구","","","5.1942706488141175","","","","0.0","0.0","0","1","0"
"2021","43114","충청북도","청주시 청원구","","","4.520072797897165","","","","0.0","0.0","0","1","0"
"2021","43130","충청북도","충주시","11.392435295501265","9.699974258658063","2.9597665432974467","0.0","0.155445899","0.0","1.0","0.32489197463926517","1","1","0"
"2021","43150","충청북도","제천시","10.690209376336034","7.339445339623173","2.224320214934568","7.968628534371905","0.031827822","0.0597295822056448","1.0","2.0056902268449783","1","1","0"
"2021","43720","충청북도","보은군","8.235606204883615","8.964911678164263","2.1607866080329177","0.0","0.674682972","0.0","0.0","0.0","1","1","0"
"2021","43730","충청북도","옥천군","9.592931494140947","8.798993780831553","2.55240331811151","0.0","0.311306065","0.0","1.0","1.3196321702700569","1","1","0"
"2021","43740","충청북도","영동군","10.146690200643581","8.881134042168188","2.3102833054821588","8.35210173212734","0.194759592","0.114736327618361","1.0","1.4134372643012771","1","1","0"
"2021","43745","충청북도","증평군","10.493035558998889","12.098618225483104","3.938713720489518","0.0","0.83280028","0.0","0.0","0.0","1","1","0"
"2021","43750","충청북도","진천군","10.434859736337247","9.768414122077267","3.3512343749252334","0.0","0.339286942","0.0","1.0","1.876513804237028","1","1","0"
"2021","43760","충청북도","괴산군","8.50874439347413","7.352226866683757","2.156817356773323","0.0","0.239220621","0.0","0.0","0.0","1","1","0"
"2021","43770","충청북도","음성군","10.357822935662915","10.320874317995433","3.1319854707858727","0.0","0.490763598","0.0","1.0","0.17718214223200304","1","1","0"
"2021","43800","충청북도","단양군","10.760435039701544","8.41930634563027","1.264488786981442","7.890064683913339","0.083444638","0.0491456240277891","1.0","1.0111080982168696","1","1","0"
"2021","44131","충청남도","천안시 동남구","","","2.9013767375217854","","","","1.0","5.435200014486956","0","1","0"
"2021","44133","충청남도","천안시 서북구","","","0.0","","","","0.0","0.0","0","1","0"
"2021","44150","충청남도","공주시","10.639824195228758","8.228137457110916","2.877092619213002","0.0","0.082267497","0.0","1.0","1.7616156426198273","1","1","0"
"2021","44180","충청남도","보령시","11.330473102838575","8.599037645795274","1.5554668464519747","8.656937400165129","0.057414582","0.0608376252384487","1.0","1.919195749824039","1","1","0"
"2021","44200","충청남도","아산시","11.872608353438286","9.167710512241774","3.1710992718212143","0.0","0.062679242","0.0","1.0","0.4759189144131704","1","1","0"
"2021","44210","충청남도","서산시","10.706989957144453","4.704748744110937","0.6666988640622963","0.0","0.002444878","0.0","1.0","1.2426752801408885","1","1","0"
"2021","44230","충청남도","논산시","11.011766150398717","9.470485089604718","3.2790326980175264","0.0","0.176340323","0.0","1.0","0.04566437749773364","1","1","0"
"2021","44250","충청남도","계룡시","10.389081259228734","10.115905935912707","0.0","0.0","0.432125353","0.0","0.0","0.0","1","1","0"
"2021","44270","충청남도","당진시","9.735776020000886","8.531469535568876","2.275458580875926","0.0","0.230685502","0.0","0.0","0.0","1","1","0"
"2021","44710","충청남도","금산군","10.72979814958391","8.921210189043503","3.2889079920514903","8.262269684880385","0.131236327","0.0678931160064241","1.0","1.7414403907539258","1","1","0"
"2021","44760","충청남도","부여군","11.20413271975137","8.769605559643598","2.7773836094057898","9.11041241352334","0.072368406","0.101760453298584","1.0","0.40142252683992347","1","1","0"
"2021","44770","충청남도","서천군","11.186289655818673","0.0","2.175111470261937","0.0","0.0","0.0","1.0","2.1397680502631458","1","1","0"
"2021","44790","충청남도","청양군","11.759679824200933","0.0","2.4215294569336487","0.0","0.0","0.0","1.0","1.1878223572264963","1","1","0"
"2021","44800","충청남도","홍성군","0.0","0.0","2.599784251178922","0.0","","","1.0","0.8640698016208095","1","1","0"
"2021","44810","충청남도","예산군","11.346967238018285","8.778966775965852","2.3179230592037947","0.0","0.071217064","0.0","1.0","1.3946792062603661","1","1","0"
"2021","44825","충청남도","태안군","11.321128214114545","0.0","0.0","0.0","0.0","0.0","1.0","1.5842087123197661","1","1","0"
"2021","45111","전라북도","전주시 완산구","","","0.0","","","","1.0","18.798169805425196","0","1","0"
"2021","45113","전라북도","전주시 덕진구","","","0.0","","","","0.0","0.0","0","1","0"
"2021","45130","전라북도","군산시","12.185063463047427","0.0","1.6836998933110874","0.0","0.0","0.0","1.0","16.514576186647414","1","1","0"
"2021","45140","전라북도","익산시","9.575259597368191","9.813340103464421","0.0","0.0","0.559244192","0.0","1.0","7.881013802464325","1","1","0"
"2021","45180","전라북도","정읍시","8.891827030097163","8.186276262725602","2.670829020101762","0.0","0.330551507","0.0","1.0","1.111337624954551","1","1","0"
"2021","45190","전라북도","남원시","8.282952441399274","7.635163136570307","2.1584300670795704","0.0","0.343435919","0.0","1.0","0.3137036934292205","1","1","0"
"2021","45210","전라북도","김제시","10.08222924596739","9.738199262647939","0.0","0.0","0.414826711","0.0","1.0","2.684817882236034","1","1","0"
"2021","45710","전라북도","완주군","9.664653548791268","8.778492609184422","0.0","0.0","0.291883998","0.0","1.0","0.3171019411400919","1","1","0"
"2021","45720","전라북도","진안군","9.276692975070084","8.883530141407755","2.4576386068263014","0.0","0.4029453","0.0","0.0","0.0","1","1","0"
"2021","45730","전라북도","무주군","9.763614711762854","0.0","3.0834777482073226","0.0","0.0","0.0","0.0","0.0","1","1","0"
"2021","45740","전라북도","장수군","8.026309337102717","8.705931168776882","3.2107488657172483","0.0","0.663690269","0.0","0.0","0.0","1","1","0"
"2021","45750","전라북도","임실군","9.452267649884282","8.787875228546563","2.1321007862278845","9.35307307488567","0.212613724","0.3741814135665737","1.0","1.3794837353830218","1","1","0"
"2021","45770","전라북도","순창군","9.388562561986864","8.749021883815123","1.4773576147209346","0.0","0.345333432","0.0","1.0","2.5919199001989734","1","1","0"
"2021","45790","전라북도","고창군","9.892197907401979","8.471738962138666","1.1180791445859803","0.0","0.194564766","0.0","1.0","0.005044483144544476","1","1","0"
"2021","45800","전라북도","부안군","10.082853915159642","8.943467332591863","0.0","0.0","0.242416694","0.0","0.0","0.0","1","1","0"
"2021","46110","전라남도","목포시","11.955397602644286","10.069136869070723","0.0","0.0","0.131667297","0.0","1.0","0.647000935610385","1","1","0"
"2021","46130","전라남도","여수시","12.09998458319855","10.773065389551627","2.1087327949309143","0.0","0.209666872","0.0","1.0","3.716065252760524","1","1","0"
"2021","46150","전라남도","순천시","11.132738259329658","8.970166589198614","2.87323140973072","0.0","0.103151867","0.0","1.0","4.336014970963703","1","1","0"
"2021","46170","전라남도","나주시","8.610743612743176","4.179727678218187","3.1746516066428763","0.0","0.011586566","0.0","0.0","0.0","1","1","0"
"2021","46230","전라남도","광양시","11.586646497088788","9.944685849250241","2.0221083797739903","9.060430786983511","0.152010791","0.0627794790571329","1.0","7.663375829664698","1","1","0"
"2021","46710","전라남도","담양군","8.694188797813016","8.988930965399565","2.541080200954493","0.0","0.573167162","0.0","1.0","0.7849177944396919","1","1","0"
"2021","46720","전라남도","곡성군","8.418662581570999","7.829612220267484","2.0142744069461784","0.0","0.356812125","0.0","1.0","0.017465104720568725","1","1","0"
"2021","46730","전라남도","구례군","9.987683254876334","8.990836409540291","2.2056006257316403","8.198858345307286","0.24022195","0.108791670096432","1.0","1.2575020176407636","1","1","0"
"2021","46770","전라남도","고흥군","9.29516940002879","8.26015033281068","2.6486149173606828","0.0","0.262079955","0.0","1.0","0.40025501157605226","1","1","0"
"2021","46780","전라남도","보성군","11.243630485720379","8.260697695919893","3.2362251157062194","7.062479525248342","0.047501337","0.0143240677078217","1.0","0.8111033918138179","1","1","0"
"2021","46790","전라남도","화순군","7.883782529914476","8.381502360144667","2.370152906454934","0.0","0.621958082","0.0","0.0","0.0","1","1","0"
"2021","46800","전라남도","장흥군","9.040038197578907","7.29289942586465","3.063159697089404","0.0","0.148337431","0.0","0.0","0.0","1","1","0"
"2021","46810","전라남도","강진군","9.229452733904106","4.295600089733252","2.390096994431686","0.0","0.007051233","0.0","0.0","0.0","1","1","0"
"2021","46820","전라남도","해남군","8.734009579026601","7.6806057329248505","2.7708285946397697","0.0","0.258514347","0.0","0.0","0.0","1","1","0"
"2021","46830","전라남도","영암군","7.141606532875261","0.0","1.7749336313383284","0.0","0.0","0.0","0.0","0.0","1","1","0"
"2021","46840","전라남도","무안군","10.176762435625383","8.932839020481858","0.0","8.427732350321751","0.197125411","0.1189432764553114","1.0","0.6696767478448764","1","1","0"
"2021","46860","전라남도","함평군","9.044429966216812","8.184086927036214","2.223164141238073","0.0","0.297234039","0.0","1.0","0.5359909078212604","1","1","0"
"2021","46870","전라남도","영광군","8.709056360495095","7.739108031054879","2.027727334187789","0.0","0.274836896","0.0","0.0","0.0","1","1","0"
"2021","46880","전라남도","장성군","9.83898724685571","8.50685628287826","2.116148565766635","0.0","0.208782521","0.0","1.0","1.699841619209224","1","1","0"
"2021","46890","전라남도","완도군","9.263516914825319","0.0","2.243887834243545","0.0","0.0","0.0","0.0","0.0","1","1","0"
"2021","46900","전라남도","진도군","9.242986524647469","7.176952752004484","2.513693368965396","0.0","0.112375658","0.0","0.0","0.0","1","1","0"
"2021","46910","전라남도","신안군","9.304548249257786","6.748656719425811","0.0","0.0","0.071959384","0.0","0.0","0.0","1","1","0"
"2021","47111","경상북도","포항시 남구","","","2.246008206817554","","","","1.0","13.902120069229486","0","1","0"
"2021","47113","경상북도","포항시 북구","","","1.8561665880829172","","","","0.0","0.0","0","1","0"
"2021","47130","경상북도","경주시","12.102477312217937","0.0","1.7205436797009086","0.0","0.0","0.0","1.0","4.504918727897132","1","1","0"
"2021","47150","경상북도","김천시","10.578208181521777","0.0","2.23870957927755","0.0","0.0","0.0","1.0","3.6303244708181523","1","1","0"
"2021","47170","경상북도","안동시","11.286965364936242","8.183606911334149","1.72972963660268","7.393551280345418","0.042136781","0.0191160677065915","1.0","2.6713265072194488","1","1","0"
"2021","47190","경상북도","구미시","11.847918311745813","0.0","2.3592350011614758","0.0","0.0","0.0","1.0","5.3602120959717405","1","1","0"
"2021","47210","경상북도","영주시","11.366308029945731","0.0","1.7427675739036346","7.94811200796863","0.0","0.0317211078985709","1.0","2.0426045468733616","1","1","0"
"2021","47230","경상북도","영천시","10.091106580979597","7.967588703879145","1.3059096891478061","0.0","0.106802823","0.0","1.0","3.2231097715455856","1","1","0"
"2021","47250","경상북도","상주시","9.769866644719787","8.044234447147334","1.7849256849720763","7.747754857316821","0.135852938","0.1009860681523779","1.0","2.8161286418500526","1","1","0"
"2021","47280","경상북도","문경시","10.033164709058466","0.0","1.8219160492877242","0.0","0.0","0.0","1.0","0.32709117792975373","1","1","0"
"2021","47290","경상북도","경산시","10.730502330880654","0.0","1.3292372017497682","0.0","0.0","0.0","1.0","2.7214858436239973","1","1","0"
"2021","47730","경상북도","의성군","10.007959645750352","0.0","1.2793629155501163","0.0","0.0","0.0","1.0","1.9313775946414682","1","1","0"
"2021","47750","경상북도","청송군","9.33015880426936","0.0","1.2703614950753825","7.492956417998908","0.0","0.1373269931532591","0.0","0.0","1","1","0"
"2021","47760","경상북도","영양군","9.454700632660058","7.51031008076813","1.3243240444870525","7.413110581443182","0.112359859","0.1019468230668414","0.0","0.0","1","1","0"
"2021","47770","경상북도","영덕군","10.330554432478333","0.0","1.3998357754966866","0.0","0.0","0.0","1.0","1.5310197424341703","1","1","0"
"2021","47820","경상북도","청도군","10.443121279994605","8.937545064869902","0.45508327398986603","0.0","0.181580132","0.0","1.0","3.7341083022051995","1","1","0"
"2021","47830","경상북도","고령군","11.158252418156756","0.0","1.3339706941271694","0.0","0.0","0.0","1.0","3.1898687968241948","1","1","0"
"2021","47840","경상북도","성주군","10.568121593793109","9.277342811195219","1.4643005829927211","0.0","0.215709552","0.0","1.0","3.2766444886016175","1","1","0"
"2021","47850","경상북도","칠곡군","10.443767852969398","9.624343069367548","1.862744564049055","0.0","0.305877926","0.0","1.0","4.589160632043123","1","1","0"
"2021","47900","경상북도","예천군","10.337546883065352","9.201972237075864","1.522797640702741","8.23405512405335","0.222569139","0.0845341868563623","1.0","1.7501242405085067","1","1","0"
"2021","47920","경상북도","봉화군","9.018775173051042","7.640272262239096","0.898007529492073","7.619998969830959","0.168058631","0.1646842115576806","1.0","0.5479397509822228","1","1","0"
"2021","47930","경상북도","울진군","9.18516704159751","0.0","1.1131050445897408","8.58830684367999","0.0","0.3550431848100324","1.0","0.1359634527478919","1","1","0"
"2021","47940","경상북도","울릉군","10.778287995336822","12.283814715959373","0.0","0.0","0.818399732","0.0","0.0","0.0","1","1","0"
"2021","48121","경상남도","창원시 의창구","","","1.5963960649702509","","","","0.0","0.0","0","1","0"
"2021","48123","경상남도","창원시 성산구","","","0.0","","","","0.0","0.0","0","1","0"
"2021","48125","경상남도","창원시 마산합포구","","","1.5919331259994811","","","","0.0","0.0","0","1","0"
"2021","48127","경상남도","창원시 마산회원구","","","0.0","","","","0.0","0.0","0","1","0"
"2021","48129","경상남도","창원시 진해구","","","0.0","","","","0.0","0.0","0","1","0"
"2021","48170","경상남도","진주시","11.599248813856036","10.96649777392635","2.345116597801898","7.275914927749318","0.34390983","0.0085773214382442","1.0","3.5392245210542517","1","1","0"
"2021","48220","경상남도","통영시","11.005768370198693","9.815200671954962","1.4769518475728438","7.769728998185736","0.226329118","0.0292579326283531","1.0","2.1427636463872477","1","1","0"
"2021","48240","경상남도","사천시","10.796530154767657","0.0","1.8217852390986427","7.909635472965245","0.0","0.0527878786863663","1.0","3.3189477733956196","1","1","0"
"2021","48250","경상남도","김해시","11.165820685994891","9.91469939747752","2.211829987347481","8.104563523718266","0.214685672","0.0351205466362731","1.0","6.28161158211563","1","1","0"
"2021","48270","경상남도","밀양시","11.945004411397573","9.068220980853681","1.2740790121142096","7.392851029500493","0.052781196","0.0098777473620998","1.0","4.0448827052511955","1","1","0"
"2021","48310","경상남도","거제시","11.84662916615102","9.362687878964927","1.9262351373839879","7.8789014327004345","0.075665425","0.017154182610846","1.0","3.0617483139089847","1","1","0"
"2021","48330","경상남도","양산시","12.050805147921166","10.037138481943948","2.2131306175868555","7.956077983217249","0.116066149","0.0144803554886608","1.0","6.5890093128236575","1","1","0"
"2021","48720","경상남도","의령군","9.9156840998866","8.810358870337184","1.5717817716077338","7.19815585206216","0.236976018","0.0472360265131837","1.0","2.867328724359525","1","1","0"
"2021","48730","경상남도","함안군","10.270235667670667","9.442383831890318","1.7005240652073508","8.085736639154137","0.282010787","0.0726075911349159","1.0","0.5659885908937129","1","1","0"
"2021","48740","경상남도","창녕군","11.805635037453444","9.221655190983292","1.7082002002854542","7.213290576473238","0.069516379","0.009323701061109","1.0","3.439748455400454","1","1","0"
"2021","48820","경상남도","고성군","9.530187302023636","8.74867470815265","1.7625238934965402","7.145766901373393","0.295320993","0.0594137242592372","1.0","1.1069806460200653","1","1","0"
"2021","48840","경상남도","남해군","10.180666223841598","9.284768198871861","1.771974476011464","7.626866601719","0.274715286","0.0523231633971953","1.0","2.506750904523351","1","1","0"
"2021","48850","경상남도","하동군","10.663606895882873","9.136828870580388","2.122412380718413","7.247857055332382","0.173766631","0.0262623686881565","1.0","3.1194742751340225","1","1","0"
"2021","48860","경상남도","산청군","8.47674797477189","8.488663978636172","1.541078074079986","7.005254659497276","0.451496609","0.1023559903343986","1.0","1.2250770118311567","1","1","0"
"2021","48870","경상남도","함양군","8.864588832418422","8.748295412660074","2.1372865573766107","7.264725682054738","0.42552308","0.096467692859465","1.0","0.206144907863643","1","1","0"
"2021","48880","경상남도","거창군","8.360149965751523","8.559115616774857","2.013485882383861","6.956339213883213","0.494871405","0.0995599837292165","1.0","0.8499588929615247","1","1","0"
"2021","48890","경상남도","합천군","9.227586528968443","8.22028741529184","1.3405002491899676","6.491536778771679","0.255366005","0.0452724643864514","1.0","1.1719812010145374","1","1","0"
"2021","50110","제주특별자치도","제주시","","","2.58993178354424","","","","0.0","0.0","0","1","0"
"2021","50130","제주특별자치도","서귀포시","","","2.6021308182395244","","","","0.0","0.0","0","1","0"
"2021","51110","강원특별자치도","춘천시","11.112369792942362","8.820363743334646","2.6677714001774504","0.0","0.091776116","0.0","1.0","4.348332244374197","1","1","0"
"2021","51130","강원특별자치도","원주시","9.8033113636834","8.794962885491739","1.5686699679779208","8.292341319104445","0.230085154","0.1391745577514797","1.0","3.201813590852501","1","1","0"
"2021","51150","강원특별자치도","강릉시","8.609893014688016","7.285452885445071","1.8539023245238584","7.31948741696348","0.172514421","0.1784910244756136","0.0","0.0","1","1","0"
"2021","51170","강원특별자치도","동해시","8.553015767575804","9.163521806405099","0.0","0.0","0.64807634","0.0","1.0","1.2115792248879087","1","1","0"
"2021","51190","강원특별자치도","태백시","8.112869694179956","9.09863749182749","2.485649091204353","0.0","0.728288353","0.0","0.0","0.0","1","1","0"
"2021","51210","강원특별자치도","속초시","9.005087886649367","9.953149805589897","2.4292218377690054","0.0","0.720740386","0.0","0.0","0.0","1","1","0"
"2021","51230","강원특별자치도","삼척시","8.482830253798811","7.054629903165257","1.2496446010249294","0.0","0.193276822","0.0","1.0","0.08004954326795695","1","1","0"
"2021","51720","강원특별자치도","홍천군","9.103879230181406","0.0","1.9410375393456452","0.0","0.0","0.0","1.0","2.034397371120198","1","1","0"
"2021","51730","강원특별자치도","횡성군","8.789288586059202","8.409427127468955","1.643625564878293","7.766541250885476","0.334688574","0.17593482396791","1.0","1.515593025660854","1","1","0"
"2021","51750","강원특별자치도","영월군","9.73381447350208","7.455736148851022","0.9339334771855288","0.0","0.092911098","0.0","0.0","0.0","1","1","0"
"2021","51760","강원특별자치도","평창군","7.258028505506142","7.601820884694786","1.8895585409986961","0.0","0.585161225","0.0","0.0","0.0","1","1","0"
"2021","51770","강원특별자치도","정선군","9.092886290024525","7.731734796211012","1.673249168810969","8.104311966518095","0.157390491","0.2284788377049893","1.0","1.5378621291941597","1","1","0"
"2021","51780","강원특별자치도","철원군","10.268939216866906","10.75102319044399","3.1774753233979083","0.0","0.618242986","0.0","0.0","0.0","1","1","0"
"2021","51790","강원특별자치도","화천군","7.888068710704415","8.756727723707575","2.4806237095005588","0.0","0.704511943","0.0","0.0","0.0","1","1","0"
"2021","51800","강원특별자치도","양구군","0.0","8.437861065465315","1.1860075587410859","0.0","1.0","0.0","1.0","0.27354889220141987","1","1","0"
"2021","51810","강원특별자치도","인제군","7.754426616841638","7.243877003587006","1.1204067398161321","0.0","0.374997692","0.0","1.0","0.2183524465046953","1","1","0"
"2021","51820","강원특별자치도","고성군","8.936584493813601","9.000135415725381","2.5627401173732203","0.0","0.515884408","0.0","0.0","0.0","1","1","0"
"2021","51830","강원특별자치도","양양군","8.360775688139977","7.914459656529627","1.7430918246907","0.0","0.390205705","0.0","0.0","0.0","1","1","0"
"2022","11110","서울특별시","종로구","13.922443891740963","0.0","","0.0","0.0","0.0","0.0","0.0","1","0","1"
"2022","11140","서울특별시","중구","15.78191292965125","14.522806093176277","","0.0","0.221127623","0.0","0.0","0.0","1","0","1"
"2022","11170","서울특별시","용산구","0.0","0.0","","0.0","","","0.0","0.0","1","0","1"
"2022","11200","서울특별시","성동구","16.486254227610228","15.98346256481023","","0.0","0.376884832","0.0","0.0","0.0","1","0","1"
"2022","11215","서울특별시","광진구","0.0","0.0","","0.0","","","0.0","0.0","1","0","1"
"2022","11230","서울특별시","동대문구","0.0","0.0","","0.0","","","0.0","0.0","1","0","1"
"2022","11260","서울특별시","중랑구","0.0","0.0","","0.0","","","0.0","0.0","1","0","1"
"2022","11290","서울특별시","성북구","0.0","0.0","","0.0","","","0.0","0.0","1","0","1"
"2022","11305","서울특별시","강북구","0.0","0.0","","0.0","","","0.0","0.0","1","0","1"
"2022","11320","서울특별시","도봉구","11.102354504827543","0.0","","0.0","0.0","0.0","0.0","0.0","1","0","1"
"2022","11350","서울특별시","노원구","0.0","0.0","","0.0","","","0.0","0.0","1","0","1"
"2022","11380","서울특별시","은평구","11.919770482215561","12.430442943175617","","10.696690769672399","0.562838855","0.0994070030120481","0.0","0.0","1","0","1"
"2022","11410","서울특별시","서대문구","12.961422891922737","11.653738983716618","","0.0","0.212873606","0.0","0.0","0.0","1","0","1"
"2022","11440","서울특별시","마포구","17.177378872530742","14.207369739066726","","0.0","0.048799269","0.0","0.0","0.0","1","0","1"
"2022","11470","서울특별시","양천구","0.0","0.0","","0.0","","","0.0","0.0","1","0","1"
"2022","11500","서울특별시","강서구","15.782871105339714","12.923828653863264","","12.803377441177522","0.051729378","0.0458591314466337","0.0","0.0","1","0","1"
"2022","11530","서울특별시","구로구","17.154730855644523","14.180060881158157","","13.731205747048406","0.047121955","0.0300806917904007","0.0","0.0","1","0","1"
"2022","11545","서울특별시","금천구","15.605755126082146","13.445907981922133","","0.0","0.103414505","0.0","0.0","0.0","1","0","1"
"2022","11560","서울특별시","영등포구","","","","","","","0.0","","0","0","1"
"2022","11590","서울특별시","동작구","14.594134124319984","13.489609381018244","","0.0","0.248892881","0.0","0.0","0.0","1","0","1"
"2022","11620","서울특별시","관악구","0.0","0.0","","0.0","","","0.0","0.0","1","0","1"
"2022","11650","서울특별시","서초구","15.717642755103983","13.076965034164228","","0.0","0.066565792","0.0","0.0","0.0","1","0","1"
"2022","11680","서울특별시","강남구","0.0","0.0","","0.0","","","0.0","0.0","1","0","1"
"2022","11710","서울특별시","송파구","15.021150741333308","14.290439785023652","","13.567262032155625","0.280759703","0.1362267450332734","1.0","78.23904940838767","1","0","1"
"2022","11740","서울특별시","강동구","14.764035703996488","13.758256082773897","","13.035078793546791","0.237009093","0.1149986160801238","0.0","0.0","1","0","1"
"2022","26110","부산광역시","중구","0.0","0.0","","0.0","","","0.0","0.0","1","0","1"
"2022","26140","부산광역시","서구","10.159315430161765","12.517626231886176","","0.0","0.913595318","0.0","0.0","0.0","1","0","1"
"2022","26170","부산광역시","동구","10.59020229360127","12.873376888828263","","0.0","0.907475844","0.0","0.0","0.0","1","0","1"
"2022","26200","부산광역시","영도구","12.894858386765883","12.67212914307019","","0.0","0.44454659","0.0","0.0","0.0","1","0","1"
"2022","26230","부산광역시","부산진구","10.29010547423202","11.689160593574005","","0.0","0.80203797","0.0","1.0","7.24271818701105","1","0","1"
"2022","26260","부산광역시","동래구","10.949971834607004","12.070942954251267","","0.0","0.754170999","0.0","1.0","1.1599297965283146","1","0","1"
"2022","26290","부산광역시","남구","12.149769032114415","11.668133863896164","","0.0","0.381865306","0.0","0.0","0.0","1","0","1"
"2022","26320","부산광역시","북구","9.498546488080656","11.626676098852911","","0.0","0.893613594","0.0","0.0","0.0","1","0","1"
"2022","26350","부산광역시","해운대구","8.356027862474775","10.965657256617627","","0.0","0.931492641","0.0","0.0","0.0","1","0","1"
"2022","26380","부산광역시","사하구","12.294830261237284","0.0","","0.0","0.0","0.0","0.0","0.0","1","0","1"
"2022","26410","부산광역시","금정구","10.510181561683916","11.264201441530995","","10.091524470726702","0.56179994","0.1738930109149838","1.0","3.0989404216782757","1","0","1"
"2022","26440","부산광역시","강서구","11.115014004447179","11.450060512263844","","10.970508668770636","0.428383216","0.2651935040312078","0.0","0.0","1","0","1"
"2022","26470","부산광역시","연제구","11.423994550144725","13.191832252788231","","0.0","0.854189691","0.0","0.0","0.0","1","0","1"
"2022","26500","부산광역시","수영구","13.463142661048822","0.0","","0.0","0.0","0.0","0.0","0.0","1","0","1"
"2022","26530","부산광역시","사상구","9.741463654100588","11.395796624337594","","0.0","0.839482212","0.0","1.0","2.328025882688581","1","0","1"
"2022","26710","부산광역시","기장군","11.862160319307174","10.879767129653803","","10.268280149717292","0.237337634","0.1287639496501308","0.0","0.0","1","0","1"
"2022","27110","대구광역시","중구","","","","","","","0.0","","0","0","1"
"2022","27140","대구광역시","동구","0.0","0.0","","0.0","","","1.0","0.32977705276000957","1","0","1"
"2022","27170","대구광역시","서구","13.48405527867761","13.456613781903165","","0.0","0.493140047","0.0","0.0","0.0","1","0","1"
"2022","27200","대구광역시","남구","0.0","0.0","","0.0","","","1.0","3.2251318161485516","1","0","1"
"2022","27230","대구광역시","북구","10.689832237345021","10.147145303875824","","0.0","0.367558939","0.0","1.0","0.8026163765178406","1","0","1"
"2022","27260","대구광역시","수성구","8.728318636648826","9.975033497198602","","0.0","0.776750682","0.0","1.0","0.5766024603150499","1","0","1"
"2022","27290","대구광역시","달서구","10.561053842014061","10.690098581394178","","0.0","0.532217271","0.0","0.0","0.0","1","0","1"
"2022","27710","대구광역시","달성군","12.013504560730151","8.899092426352702","","0.0","0.042511357","0.0","1.0","1.1681180772222493","1","0","1"
"2022","27720","대구광역시","군위군","","","","","","","1.0","2.0488189530025087","0","0","1"
"2022","28110","인천광역시","중구","10.332096446046856","0.0","","10.08379046337774","0.0","0.4382382382382382","0.0","0.0","1","0","1"
"2022","28140","인천광역시","동구","","","","","","","0.0","","0","0","1"
"2022","28177","인천광역시","미추홀구","15.938302294594438","0.0","","0.0","0.0","0.0","0.0","0.0","1","0","1"
"2022","28185","인천광역시","연수구","13.284130500531647","0.0","","0.0","0.0","0.0","0.0","0.0","1","0","1"
"2022","28200","인천광역시","남동구","12.56532547867322","12.87771491749311","","12.812334643878735","0.374755444","0.3510375573302543","0.0","0.0","1","0","1"
"2022","28237","인천광역시","부평구","13.138398338019469","0.0","","0.0","0.0","0.0","0.0","0.0","1","0","1"
"2022","28245","인천광역시","계양구","13.7070837220893","0.0","","0.0","0.0","0.0","0.0","0.0","1","0","1"
"2022","28260","인천광역시","서구","13.642409177427632","12.941080760420363","","12.875700476209305","0.252963272","0.2369534861064504","0.0","0.0","1","0","1"
"2022","28710","인천광역시","강화군","14.900515008493043","11.534055296278686","","11.468675511603932","0.032349114","0.0303017718715393","0.0","0.0","1","0","1"
"2022","28720","인천광역시","옹진군","9.962437456210704","10.320707246026526","","0.0","0.588624972","0.0","0.0","0.0","1","0","1"
"2022","29110","광주광역시","동구","8.798963324108158","9.621322279190153","","0.0","0.694754792","0.0","0.0","0.0","1","0","1"
"2022","29140","광주광역시","서구","11.146031852271385","0.0","","0.0","0.0","0.0","1.0","24.957075869441983","1","0","1"
"2022","29155","광주광역시","남구","10.848920902472596","0.0","","0.0","0.0","0.0","1.0","9.894584687655971","1","0","1"
"2022","29170","광주광역시","북구","9.79090718442134","0.0","","0.0","0.0","0.0","0.0","0.0","1","0","1"
"2022","29200","광주광역시","광산구","10.991554552489339","9.556436609364066","","0.0","0.19229413","0.0","1.0","7.601345025306804","1","0","1"
"2022","30110","대전광역시","동구","12.971231554269954","9.813078182657701","","10.19580180497091","0.038469467","0.0564077125757761","0.0","0.0","1","0","1"
"2022","30140","대전광역시","중구","11.342565795860994","0.0","","0.0","0.0","0.0","0.0","0.0","1","0","1"
"2022","30170","대전광역시","서구","11.736195062245562","10.070687676249404","","10.453415251367218","0.128951801","0.1890818001209294","0.0","0.0","1","0","1"
"2022","30200","대전광역시","유성구","11.925752722165596","10.0609716758404","","0.0","0.134142562","0.0","1.0","6.951058470741854","1","0","1"
"2022","30230","대전광역시","대덕구","12.80171439881688","12.050541325426584","","11.824980981619431","0.255260984","0.203715552039831","0.0","0.0","1","0","1"
"2022","31110","울산광역시","중구","12.946647907232574","11.042359690396815","","10.965829782961048","0.115726783","0.107200499803751","1.0","4.892856016082218","1","0","1"
"2022","31140","울산광역시","남구","11.047980097666837","11.614436197812719","","0.0","0.637946627","0.0","1.0","17.100962290619904","1","0","1"
"2022","31170","울산광역시","동구","12.394860562160869","0.0","","10.233025667755026","0.0","0.1032275183530095","1.0","3.8550387218694464","1","0","1"
"2022","31200","울산광역시","북구","12.598928153781312","0.0","","10.224267278375743","0.0","0.0851228895000714","1.0","3.2222671864433656","1","0","1"
"2022","31710","울산광역시","울주군","12.14084622749518","0.0","","9.45661677109487","0.0","0.0639060210600508","1.0","4.793682109472483","1","0","1"
"2022","36110","세종특별자치시","세종시","","","","","","","1.0","14.616903228121398","0","0","1"
"2022","41111","경기도","수원시 장안구","","","","","","","0.0","0.0","0","0","1"
"2022","41113","경기도","수원시 권선구","","","","","","","0.0","0.0","0","0","1"
"2022","41115","경기도","수원시 팔달구","","","","","","","0.0","0.0","0","0","1"
"2022","41117","경기도","수원시 영통구","","","","","","","0.0","0.0","0","0","1"
"2022","41131","경기도","성남시 수정구","","","","","","","1.0","196.83577860768258","0","0","1"
"2022","41133","경기도","성남시 중원구","","","","","","","0.0","0.0","0","0","1"
"2022","41135","경기도","성남시 분당구","","","","","","","0.0","0.0","0","0","1"
"2022","41150","경기도","의정부시","13.16708608957828","12.010907809204758","","0.0","0.239361647","0.0","0.0","0.0","1","0","1"
"2022","41171","경기도","안양시 만안구","","","","","","","0.0","0.0","0","0","1"
"2022","41173","경기도","안양시 동안구","","","","","","","0.0","0.0","0","0","1"
"2022","41190","경기도","부천시","0.0","0.0","","0.0","","","0.0","0.0","1","0","1"
"2022","41210","경기도","광명시","0.0","0.0","","0.0","","","0.0","0.0","1","0","1"
"2022","41220","경기도","평택시","11.725510310900138","10.993227009083304","","0.0","0.324691958","0.0","1.0","17.431992035014527","1","0","1"
"2022","41250","경기도","동두천시","13.736196779043032","0.0","","0.0","0.0","0.0","1.0","15.77048846675116","1","0","1"
"2022","41271","경기도","안산시 상록구","","","","","","","0.0","0.0","0","0","1"
"2022","41273","경기도","안산시 단원구","","","","","","","0.0","0.0","0","0","1"
"2022","41281","경기도","고양시 덕양구","","","","","","","0.0","0.0","0","0","1"
"2022","41285","경기도","고양시 일산동구","","","","","","","0.0","0.0","0","0","1"
"2022","41287","경기도","고양시 일산서구","","","","","","","0.0","0.0","0","0","1"
"2022","41290","경기도","과천시","12.9567320651837","8.81381580713604","","0.0","0.01562611","0.0","1.0","2.2010850093808556","1","0","1"
"2022","41310","경기도","구리시","12.365521515946314","12.614703731246152","","0.0","0.561975437","0.0","0.0","0.0","1","0","1"
"2022","41360","경기도","남양주시","12.80288390146152","0.0","","10.154810958494105","0.0","0.0661056510498999","1.0","10.810739067162565","1","0","1"
"2022","41370","경기도","오산시","13.53938394048047","0.0","","0.0","0.0","0.0","0.0","0.0","1","0","1"
"2022","41390","경기도","시흥시","13.358386896309346","12.67236484293783","","0.0","0.334918224","0.0","0.0","0.0","1","0","1"
"2022","41410","경기도","군포시","14.695187727362184","13.621342982400133","","0.0","0.254672456","0.0","0.0","0.0","1","0","1"
"2022","41430","경기도","의왕시","13.81955504904272","12.69671992697696","","0.0","0.245485394","0.0","1.0","15.611475184701947","1","0","1"
"2022","41450","경기도","하남시","13.913071657826645","12.528739330931769","","0.0","0.200313676","0.0","1.0","45.18992294860919","1","0","1"
"2022","41461","경기도","용인시 처인구","","","","","","","1.0","25.78335644204332","0","0","1"
"2022","41463","경기도","용인시 기흥구","","","","","","","0.0","0.0","0","0","1"
"2022","41465","경기도","용인시 수지구","","","","","","","0.0","0.0","0","0","1"
"2022","41480","경기도","파주시","13.546023178582523","12.05226698849278","","0.0","0.183357936","0.0","1.0","25.396320709299502","1","0","1"
"2022","41500","경기도","이천시","12.79682307432581","11.690989516663214","","0.0","0.248647412","0.0","1.0","23.546041514101095","1","0","1"
"2022","41550","경기도","안성시","11.636085362808588","8.335945348152434","","0.0","0.035558466","0.0","1.0","9.814712541676187","1","0","1"
"2022","41570","경기도","김포시","14.056453902305615","13.146597676663681","","0.0","0.28702902","0.0","0.0","0.0","1","0","1"
"2022","41590","경기도","화성시","11.927457409897011","10.144629739391275","","0.0","0.143950298","0.0","1.0","6.508050056165542","1","0","1"
"2022","41610","경기도","광주시","14.003155380184864","11.083137883441184","","10.087775257884857","0.050222331","0.0185611545546657","1.0","23.5016252149165","1","0","1"
"2022","41630","경기도","양주시","11.375880041379586","10.587511804265066","","9.862098936973792","0.271448073","0.1314111699494457","1.0","10.072450822664067","1","0","1"
"2022","41650","경기도","포천시","11.82413234721397","0.0","","8.51360028308704","0.0","0.0352050695300123","1.0","8.134038052182262","1","0","1"
"2022","41670","경기도","여주시","11.761705111143385","10.095363110559783","","10.018528419777617","0.138523563","0.1282783426949532","1.0","11.07209200468635","1","0","1"
"2022","41800","경기도","연천군","12.407071453056417","0.0","","10.964693780922468","0.0","0.1911753794045629","1.0","45.40292262529479","1","0","1"
"2022","41820","경기도","가평군","10.749958023629292","8.134026945968447","","8.054936114064445","0.06407134","0.0591976688552684","1.0","5.4777176792462505","1","0","1"
"2022","41830","경기도","양평군","10.54702008219578","8.688889900798316","","8.388185066751845","0.122655727","0.090796208118176","1.0","7.910807418957753","1","0","1"
"2022","43111","충청북도","청주시 상당구","","","","","","","1.0","3.607600939193441","0","0","1"
"2022","43112","충청북도","청주시 서원구","","","","","","","0.0","0.0","0","0","1"
"2022","43113","충청북도","청주시 흥덕구","","","","","","","0.0","0.0","0","0","1"
"2022","43114","충청북도","청주시 청원구","","","","","","","0.0","0.0","0","0","1"
"2022","43130","충청북도","충주시","11.512134078174107","10.216707276656352","","0.0","0.214931205","0.0","1.0","0.9193076970085514","1","0","1"
"2022","43150","충청북도","제천시","10.598293880835659","7.386862558154327","","7.604358429471316","0.036937923","0.0459179339053606","1.0","2.0762449763234203","1","0","1"
"2022","43720","충청북도","보은군","8.290765642119158","9.054557276018027","","0.0","0.682205422","0.0","0.0","0.0","1","0","1"
"2022","43730","충청북도","옥천군","9.628174284493296","8.84643410111873","","0.0","0.313928146","0.0","0.0","0.0","1","0","1"
"2022","43740","충청북도","영동군","9.849704066992546","9.073273768568043","","7.987783157075941","0.284779099","0.0961585345764833","1.0","1.4134372643012771","1","0","1"
"2022","43745","충청북도","증평군","10.61511901988767","12.012409773859078","","0.0","0.801756557","0.0","0.0","0.0","1","0","1"
"2022","43750","충청북도","진천군","11.34194741957193","9.87182625567718","","9.348600903237566","0.168278775","0.0997194898199746","1.0","1.876513804237028","1","0","1"
"2022","43760","충청북도","괴산군","8.867421282707355","7.39786072148852","","0.0","0.18693769","0.0","0.0","0.0","1","0","1"
"2022","43770","충청북도","음성군","10.546431842717833","10.082158791402977","","0.0","0.385968947","0.0","1.0","0.17718214223200304","1","0","1"
"2022","43800","충청북도","단양군","10.569230124604768","8.611165514040877","","7.525772772559183","0.118703421","0.0400800337273222","1.0","1.0111080982168696","1","0","1"
"2022","44131","충청남도","천안시 동남구","","","","","","","1.0","5.435200014486956","0","0","1"
"2022","44133","충청남도","천안시 서북구","","","","","","","0.0","0.0","0","0","1"
"2022","44150","충청남도","공주시","10.767780907437253","8.425677738182983","","0.0","0.087679655","0.0","1.0","2.0960930966496787","1","0","1"
"2022","44180","충청남도","보령시","11.251521744496975","8.391265970043701","","8.667042055840147","0.050537327","0.0665892379513895","1.0","2.0384155432506237","1","0","1"
"2022","44200","충청남도","아산시","12.968181341923085","8.964093394256025","","0.0","0.017911938","0.0","1.0","2.4533147054842046","1","0","1"
"2022","44210","충청남도","서산시","9.995808897659709","8.119863017124795","","0.0","0.132826201","0.0","1.0","1.3373601758682625","1","0","1"
"2022","44230","충청남도","논산시","10.771228547181268","9.33254768518597","","0.0","0.191739246","0.0","1.0","0.04566437749773364","1","0","1"
"2022","44250","충청남도","계룡시","10.232251414032142","9.723690775040303","","0.0","0.375525411","0.0","0.0","0.0","1","0","1"
"2022","44270","충청남도","당진시","10.939052467283249","8.323708788638005","","6.773352772557994","0.067172829","0.0142393752901272","1.0","1.095739177066547","1","0","1"
"2022","44710","충청남도","금산군","10.441686169869069","8.783256512023598","","8.30329070672724","0.145550742","0.0900589559085504","1.0","1.7414403907539258","1","0","1"
"2022","44760","충청남도","부여군","12.032818587013587","8.368557054761206","","9.27305013309483","0.023525453","0.0581318767262563","1.0","0.40142252683992347","1","0","1"
"2022","44770","충청남도","서천군","11.744588945825468","0.0","","0.0","0.0","0.0","1.0","2.1397680502631458","1","0","1"
"2022","44790","충청남도","청양군","11.624260133918312","0.0","","0.0","0.0","0.0","1.0","1.1878223572264963","1","0","1"
"2022","44800","충청남도","홍성군","0.0","0.0","","0.0","","","1.0","1.6745580189219107","1","0","1"
"2022","44810","충청남도","예산군","11.455549481923201","7.7081744533340695","","0.0","0.023026503","0.0","1.0","1.0355823586170159","1","0","1"
"2022","44825","충청남도","태안군","10.999201421036714","0.0","","0.0","0.0","0.0","1.0","2.005293876181432","1","0","1"
"2022","45111","전라북도","전주시 완산구","","","","","","","1.0","18.798169805425196","0","0","1"
"2022","45113","전라북도","전주시 덕진구","","","","","","","0.0","0.0","0","0","1"
"2022","45130","전라북도","군산시","12.03339853122266","0.0","","0.0","0.0","0.0","1.0","16.514576186647414","1","0","1"
"2022","45140","전라북도","익산시","9.61763407149132","9.988879313514166","","0.0","0.591764824","0.0","1.0","8.054716645765378","1","0","1"
"2022","45180","전라북도","정읍시","8.925048369982548","8.17448010631753","","0.0","0.320665083","0.0","1.0","1.283625999772924","1","0","1"
"2022","45190","전라북도","남원시","7.659866223758896","7.783884733721823","","0.0","0.530978648","0.0","1.0","0.5003944024399055","1","0","1"
"2022","45210","전라북도","김제시","9.844500940072644","9.691935979653797","","0.0","0.461930397","0.0","1.0","3.639419795919957","1","0","1"
"2022","45710","전라북도","완주군","9.823079026971923","8.854943596431523","","0.0","0.275234653","0.0","1.0","1.033288276495519","1","0","1"
"2022","45720","전라북도","진안군","9.01343214716928","8.744628773755139","","0.0","0.433191667","0.0","0.0","0.0","1","0","1"
"2022","45730","전라북도","무주군","9.660307606695943","0.0","","0.0","0.0","0.0","0.0","0.0","1","0","1"
"2022","45740","전라북도","장수군","7.675548123701714","8.601744363538328","","0.0","0.716359914","0.0","0.0","0.0","1","0","1"
"2022","45750","전라북도","임실군","9.328734221461628","9.10227775560431","","9.56390613750405","0.260355832","0.4131120475099184","1.0","1.3794837353830218","1","0","1"
"2022","45770","전라북도","순창군","9.256183893274537","8.981054507661506","","0.0","0.431640852","0.0","1.0","2.5919199001989734","1","0","1"
"2022","45790","전라북도","고창군","9.858237242823492","7.792111642314443","","0.0","0.112397097","0.0","0.0","0.0","1","0","1"
"2022","45800","전라북도","부안군","9.21813734461512","8.81406938427628","","0.0","0.400323501","0.0","1.0","0.28163035860429736","1","0","1"
"2022","46110","전라남도","목포시","10.401398712779601","10.782208399179408","","0.0","0.594070696","0.0","1.0","0.647000935610385","1","0","1"
"2022","46130","전라남도","여수시","12.135998741253065","10.744732423221603","","0.0","0.19920309","0.0","1.0","3.716065252760524","1","0","1"
"2022","46150","전라남도","순천시","10.94570041849168","8.665726117348985","","0.0","0.092782088","0.0","1.0","4.572020120749358","1","0","1"
"2022","46170","전라남도","나주시","9.14370430339577","4.734701420183288","","0.0","0.011917952","0.0","1.0","0.869492075926865","1","0","1"
"2022","46230","전라남도","광양시","11.796104914718523","9.640217201253538","","8.878303766398526","0.098982586","0.0461989083128319","1.0","7.663375829664698","1","0","1"
"2022","46710","전라남도","담양군","8.375926461412366","8.819716818965986","","0.0","0.609181484","0.0","1.0","0.7849177944396919","1","0","1"
"2022","46720","전라남도","곡성군","8.612395125952766","7.43427051383833","","0.0","0.235315963","0.0","1.0","0.017465104720568725","1","0","1"
"2022","46730","전라남도","구례군","10.314298817036375","8.59610899095314","","8.527494779171034","0.133174433","0.1243415796680329","1.0","1.2575020176407636","1","0","1"
"2022","46770","전라남도","고흥군","9.574533412543431","7.539424238794332","","0.0","0.115518435","0.0","1.0","0.48777191048024604","1","0","1"
"2022","46780","전라남도","보성군","10.945614385539818","7.865288414402967","","7.796688339768091","0.042181377","0.0393836787126628","1.0","0.9117415283494682","1","0","1"
"2022","46790","전라남도","화순군","8.3556694518077","8.48003253558095","","0.0","0.531057609","0.0","1.0","0.24164435747105104","1","0","1"
"2022","46800","전라남도","장흥군","9.367865604933657","8.002865614926804","","0.0","0.203388507","0.0","0.0","0.0","1","0","1"
"2022","46810","전라남도","강진군","8.791021219570684","4.851297749949054","","0.0","0.018938834","0.0","0.0","0.0","1","0","1"
"2022","46820","전라남도","해남군","8.290596289396406","7.470837399849419","","0.0","0.305747186","0.0","0.0","0.0","1","0","1"
"2022","46830","전라남도","영암군","7.974498267829932","7.963136514992881","","0.0","0.497158609","0.0","0.0","0.0","1","0","1"
"2022","46840","전라남도","무안군","8.853263919456309","8.537368371789505","","8.46875495432169","0.302550405","0.2824836155631567","1.0","0.6696767478448764","1","0","1"
"2022","46860","전라남도","함평군","9.462926704141235","8.482316944195013","","0.0","0.272745135","0.0","1.0","0.5359909078212604","1","0","1"
"2022","46870","전라남도","영광군","9.544506281802784","8.037297705188447","","0.0","0.181315494","0.0","0.0","0.0","1","0","1"
"2022","46880","전라남도","장성군","10.278802978114943","8.649143189862022","","0.0","0.163857662","0.0","1.0","2.8551694555815135","1","0","1"
"2022","46890","전라남도","완도군","9.223578416321512","0.0","","0.0","0.0","0.0","0.0","0.0","1","0","1"
"2022","46900","전라남도","진도군","9.448991480162064","7.886919029906923","","0.0","0.17330692","0.0","0.0","0.0","1","0","1"
"2022","46910","전라남도","신안군","8.961579561170394","7.458372552655157","","0.0","0.181880949","0.0","0.0","0.0","1","0","1"
"2022","47111","경상북도","포항시 남구","","","","","","","1.0","13.902120069229486","0","0","1"
"2022","47113","경상북도","포항시 북구","","","","","","","0.0","0.0","0","0","1"
"2022","47130","경상북도","경주시","12.17888691338501","0.0","","0.0","0.0","0.0","1.0","4.504918727897132","1","0","1"
"2022","47150","경상북도","김천시","10.814920336409745","0.0","","0.0","0.0","0.0","1.0","3.8301327021105562","1","0","1"
"2022","47170","경상북도","안동시","11.752507626335875","8.198312252457622","","7.434557944765845","0.027446294","0.0127835773827875","1.0","2.7178337763287703","1","0","1"
"2022","47190","경상북도","구미시","12.214335471617936","0.0","","0.0","0.0","0.0","1.0","5.3602120959717405","1","0","1"
"2022","47210","경상북도","영주시","11.369832740998062","0.0","","7.989129200380108","0.0","0.0328935752340981","1.0","2.286946831891769","1","0","1"
"2022","47230","경상북도","영천시","10.273697551350573","8.72479686246577","","0.0","0.175226602","0.0","1.0","3.5165682583221294","1","0","1"
"2022","47250","경상북도","상주시","9.889481682258737","7.832131926346509","","7.78876889863984","0.10219244","0.0978540503932713","1.0","2.948702906393592","1","0","1"
"2022","47280","경상북도","문경시","10.960875384781597","0.0","","0.0","0.0","0.0","1.0","1.310179005098974","1","0","1"
"2022","47290","경상북도","경산시","10.841993256731863","0.0","","0.0","0.0","0.0","1.0","2.851503746320611","1","0","1"
"2022","47730","경상북도","의성군","9.74441230426461","0.0","","0.0","0.0","0.0","1.0","2.0608932665377697","1","0","1"
"2022","47750","경상북도","청송군","9.304979727977763","0.0","","7.5339654227148225","0.0","0.1453610951554048","1.0","0.3705281500518308","1","0","1"
"2022","47760","경상북도","영양군","9.53136989016923","6.832398130774161","","7.454117724914918","0.056361959","0.1050055994151941","1.0","0.10671934274036551","1","0","1"
"2022","47770","경상북도","영덕군","10.202970715057921","0.0","","0.0","0.0","0.0","1.0","1.6505392965163452","1","0","1"
"2022","47820","경상북도","청도군","10.460678787172874","9.141446105191562","","0.0","0.210932918","0.0","1.0","3.823089739045105","1","0","1"
"2022","47830","경상북도","고령군","11.638359152060886","0.0","","0.0","0.0","0.0","1.0","3.1748631320677685","1","0","1"
"2022","47840","경상북도","성주군","11.142242804446328","9.341582024554306","","0.0","0.141761739","0.0","1.0","3.99449093868411","1","0","1"
"2022","47850","경상북도","칠곡군","10.642215767475108","9.654234075132747","","0.0","0.271302954","0.0","1.0","4.589160632043123","1","0","1"
"2022","47900","경상북도","예천군","10.40524831778622","9.370727950921909","","8.275075849008708","0.241069829","0.0805811620900566","1.0","2.9429548605181197","1","0","1"
"2022","47920","경상북도","봉화군","8.64239591937439","7.011805950170232","","7.661010646019442","0.12460386","0.2385967589426098","1.0","0.6816515972949201","1","0","1"
"2022","47930","경상북도","울진군","8.996079460133918","0.0","","8.629330752040083","0.0","0.4093136082294496","1.0","0.1359634527478919","1","0","1"
"2022","47940","경상북도","울릉군","10.01036624998069","13.064267583724332","","0.0","0.954952502","0.0","0.0","0.0","1","0","1"
"2022","48121","경상남도","창원시 의창구","","","","","","","0.0","0.0","0","0","1"
"2022","48123","경상남도","창원시 성산구","","","","","","","0.0","0.0","0","0","1"
"2022","48125","경상남도","창원시 마산합포구","","","","","","","0.0","0.0","0","0","1"
"2022","48127","경상남도","창원시 마산회원구","","","","","","","0.0","0.0","0","0","1"
"2022","48129","경상남도","창원시 진해구","","","","","","","0.0","0.0","0","0","1"
"2022","48170","경상남도","진주시","11.386061369721082","10.981834887827874","","7.30773756669801","0.396273852","0.0100478094741214","1.0","3.5392245210542517","1","0","1"
"2022","48220","경상남도","통영시","10.994837029514187","9.959322824330918","","7.8107434167213645","0.254242802","0.0296467397958332","1.0","2.1427636463872477","1","0","1"
"2022","48240","경상남도","사천시","11.420971418443074","0.0","","7.950620388955824","0.0","0.0301577183920292","1.0","3.3189477733956196","1","0","1"
"2022","48250","경상남도","김해시","11.757047165192317","9.983325239950544","","8.130835751475834","0.141848436","0.0222428686221148","1.0","6.28161158211563","1","0","1"
"2022","48270","경상남도","밀양시","12.915775364503043","9.294580505598448","","7.4338259649274026","0.025946375","0.0040340796493305","1.0","4.0448827052511955","1","0","1"
"2022","48310","경상남도","거제시","11.717804104000606","9.375409975054792","","7.919885888313819","0.085909686","0.0200352610832184","1.0","3.0617483139089847","1","0","1"
"2022","48330","경상남도","양산시","12.28390143689015","10.145735597612125","","7.997095288330871","0.104158375","0.0121456977483357","1.0","6.5890093128236575","1","0","1"
"2022","48720","경상남도","의령군","10.37782682170518","9.10669783100589","","7.239157179387709","0.211883759","0.0327168395677655","1.0","2.867328724359525","1","0","1"
"2022","48730","경상남도","함안군","11.425395794421265","9.452871314753414","","8.180360715102637","0.118072701","0.0330687350612585","1.0","0.5659885908937129","1","0","1"
"2022","48740","경상남도","창녕군","11.863104066791578","9.114970005600195","","7.254292355470303","0.059628326","0.0092706705460336","1.0","3.439748455400454","1","0","1"
"2022","48820","경상남도","고성군","9.81358585791201","8.642003356792777","","7.186766611377164","0.224180139","0.0522809942225799","1.0","1.1069806460200653","1","0","1"
"2022","48840","경상남도","남해군","10.077418208438946","9.877010745576678","","7.667878412877876","0.428878611","0.0470694990076485","1.0","2.506750904523351","1","0","1"
"2022","48850","경상남도","하동군","11.735743309557478","9.149550691578552","","7.288859840630689","0.069271761","0.0107700530090545","1.0","3.1194742751340225","1","0","1"
"2022","48860","경상남도","산청군","7.975300486451592","8.514940634607147","","7.04624958906184","0.551588199","0.1269051718640393","1.0","1.3557155463633679","1","0","1"
"2022","48870","경상남도","함양군","8.145420641345469","8.76103079039952","","7.3057289459465595","0.563873053","0.1315006938478821","1.0","0.206144907863643","1","0","1"
"2022","48880","경상남도","거창군","8.082172056585339","8.452447993973038","","6.997332315259721","0.519834963","0.1212305817849527","1.0","0.9675664076039957","1","0","1"
"2022","48890","경상남도","합천군","9.173521687459319","8.210257691984985","","6.532507220139486","0.262656903","0.0490045736109587","1.0","1.1719812010145374","1","0","1"
"2022","50110","제주특별자치도","제주시","","","","","","","0.0","0.0","0","0","1"
"2022","50130","제주특별자치도","서귀포시","","","","","","","0.0","0.0","0","0","1"
"2022","51110","강원특별자치도","춘천시","11.49049145099788","8.832949289177476","","0.0","0.065517367","0.0","1.0","4.911752331540068","1","0","1"
"2022","51130","강원특별자치도","원주시","9.745715343047978","8.810557737748786","","8.333362648296646","0.239905344","0.148852833575868","1.0","3.578324295595638","1","0","1"
"2022","51150","강원특별자치도","강릉시","8.179859853745596","7.1447845110463915","","7.360492180052046","0.197719057","0.2453554515649956","0.0","0.0","1","0","1"
"2022","51170","강원특별자치도","동해시","10.853134763997126","9.31052385701997","","0.0","0.176145724","0.0","1.0","3.334195789325144","1","0","1"
"2022","51190","강원특별자치도","태백시","7.907246339569404","8.957882413079298","","0.0","0.74094298","0.0","0.0","0.0","1","0","1"
"2022","51210","강원특별자치도","속초시","10.862240980899108","9.812385016224745","","0.0","0.259245924","0.0","0.0","0.0","1","0","1"
"2022","51230","강원특별자치도","삼척시","8.034693581646815","7.297456851913207","","0.0","0.323531338","0.0","1.0","0.08004954326795695","1","0","1"
"2022","51720","강원특별자치도","홍천군","9.746238437488417","0.0","","0.0","0.0","0.0","1.0","2.100307186802349","1","0","1"
"2022","51730","강원특별자치도","횡성군","8.413961064327154","8.463459379905652","","8.002043507099355","0.387295318","0.2441170574410639","1.0","1.723087723001665","1","0","1"
"2022","51750","강원특별자치도","영월군","9.697811927367956","7.476786349941941","","0.0","0.097833645","0.0","0.0","0.0","1","0","1"
"2022","51760","강원특별자치도","평창군","7.129005237965591","7.617516585084714","","0.0","0.619828722","0.0","0.0","0.0","1","0","1"
"2022","51770","강원특별자치도","정선군","9.44726651676638","8.2171323205535","","8.14533121304756","0.186809739","0.1738633159522968","1.0","1.7331993120874778","1","0","1"
"2022","51780","강원특별자치도","철원군","11.995481015495601","10.610254447595866","","0.0","0.200167941","0.0","1.0","10.427653269257634","1","0","1"
"2022","51790","강원특별자치도","화천군","8.567585186411616","8.615979534904248","","0.0","0.512098472","0.0","1.0","1.8077891941450435","1","0","1"
"2022","51800","강원특별자치도","양구군","0.0","8.584847841426221","","0.0","1.0","0.0","0.0","0.0","1","0","1"
"2022","51810","강원특별자치도","인제군","7.89186542238262","7.103213027296496","","0.0","0.31236166","0.0","0.0","0.0","1","0","1"
"2022","51820","강원특별자치도","고성군","8.645372066096646","9.147134923318227","","0.0","0.622889828","0.0","0.0","0.0","1","0","1"
"2022","51830","강원특별자치도","양양군","8.232672729196631","8.061426072882886","","0.0","0.457280327","0.0","0.0","0.0","1","0","1"
"2023","11110","서울특별시","종로구","13.782469354025604","0.0","","0.0","0.0","0.0","0.0","0.0","1","0","1"
"2023","11140","서울특별시","중구","15.784101947065235","14.579162450638563","","0.0","0.230597615","0.0","0.0","0.0","1","0","1"
"2023","11170","서울특별시","용산구","10.043341588078086","0.0","","0.0","0.0","0.0","0.0","0.0","1","0","1"
"2023","11200","서울특별시","성동구","16.716940210190664","16.05001300226696","","0.0","0.33918522","0.0","0.0","0.0","1","0","1"
"2023","11215","서울특별시","광진구","0.0","0.0","","0.0","","","0.0","0.0","1","0","1"
"2023","11230","서울특별시","동대문구","0.0","0.0","","0.0","","","0.0","0.0","1","0","1"
"2023","11260","서울특별시","중랑구","0.0","0.0","","0.0","","","0.0","0.0","1","0","1"
"2023","11290","서울특별시","성북구","0.0","0.0","","0.0","","","0.0","0.0","1","0","1"
"2023","11305","서울특별시","강북구","0.0","0.0","","0.0","","","0.0","0.0","1","0","1"
"2023","11320","서울특별시","도봉구","0.0","0.0","","0.0","","","0.0","0.0","1","0","1"
"2023","11350","서울특별시","노원구","0.0","0.0","","0.0","","","0.0","0.0","1","0","1"
"2023","11380","서울특별시","은평구","12.035435653028959","12.493939636730385","","10.773572980728089","0.552112578","0.0988267304426189","0.0","0.0","1","0","1"
"2023","11410","서울특별시","서대문구","12.895977877468052","11.715274022545563","","0.0","0.234924648","0.0","0.0","0.0","1","0","1"
"2023","11440","서울특별시","마포구","17.036639620460292","14.266205404186023","","0.0","0.05894289","0.0","0.0","0.0","1","0","1"
"2023","11470","서울특별시","양천구","0.0","0.0","","0.0","","","0.0","0.0","1","0","1"
"2023","11500","서울특별시","강서구","16.159835035807273","12.982664218223128","","12.880166439254792","0.038637712","0.0348736232486744","0.0","0.0","1","0","1"
"2023","11530","서울특별시","구로구","17.21181964574281","14.370868931187035","","13.80808955150848","0.053471137","0.0304584117827718","0.0","0.0","1","0","1"
"2023","11545","서울특별시","금천구","15.620529272256773","13.421352867600401","","0.0","0.099824354","0.0","0.0","0.0","1","0","1"
"2023","11560","서울특별시","영등포구","","","","","","","0.0","","0","0","1"
"2023","11590","서울특별시","동작구","14.620374124862344","13.548440210097837","","0.0","0.255035318","0.0","0.0","0.0","1","0","1"
"2023","11620","서울특별시","관악구","0.0","0.0","","0.0","","","0.0","0.0","1","0","1"
"2023","11650","서울특별시","서초구","15.787500725762762","13.135291362457266","","0.0","0.065852854","0.0","1.0","27.33488829810599","1","0","1"
"2023","11680","서울특별시","강남구","0.0","0.0","","0.0","","","1.0","43.50967264719323","1","0","1"
"2023","11710","서울특별시","송파구","15.653985545748164","14.356990189804238","","14.017640838323134","0.186201596","0.1326189991786664","1.0","78.23904940838767","1","0","1"
"2023","11740","서울특별시","강동구","15.007911646225711","13.824806459418797","","13.051610982413438","0.211593955","0.0976580896519244","0.0","0.0","1","0","1"
"2023","26110","부산광역시","중구","0.0","0.0","","0.0","","","0.0","0.0","1","0","1"
"2023","26140","부산광역시","서구","11.282052548098246","12.581087527562696","","0.0","0.785674069","0.0","0.0","0.0","1","0","1"
"2023","26170","부산광역시","동구","11.819463662483718","13.124994713887599","","0.0","0.786765278","0.0","0.0","0.0","1","0","1"
"2023","26200","부산광역시","영도구","12.593297582404952","12.735569912895446","","0.0","0.53550832","0.0","0.0","0.0","1","0","1"
"2023","26230","부산광역시","부산진구","10.976942925125774","12.158070813355632","","0.0","0.765152669","0.0","1.0","7.24271818701105","1","0","1"
"2023","26260","부산광역시","동래구","10.98588791360975","12.13440412314296","","0.0","0.759241907","0.0","1.0","1.1599297965283146","1","0","1"
"2023","26290","부산광역시","남구","10.87409723527434","12.137044016989435","","0.0","0.779535298","0.0","0.0","0.0","1","0","1"
"2023","26320","부산광역시","북구","10.390046041619483","11.690126465908907","","0.0","0.785852281","0.0","0.0","0.0","1","0","1"
"2023","26350","부산광역시","해운대구","9.929162837591923","11.029107109674833","","0.0","0.750255755","0.0","0.0","0.0","1","0","1"
"2023","26380","부산광역시","사하구","12.728608718858563","0.0","","0.0","0.0","0.0","0.0","0.0","1","0","1"
"2023","26410","부산광역시","금정구","10.28525120390799","11.327662173817131","","10.132691924514917","0.604119984","0.182869878581135","1.0","3.0989404216782757","1","0","1"
"2023","26440","부산광역시","강서구","9.726696521781001","11.513521378293431","","11.011677099736923","0.564050167","0.3414811238486614","0.0","0.0","1","0","1"
"2023","26470","부산광역시","연제구","11.626649338550827","13.25529365888585","","0.0","0.835984823","0.0","0.0","0.0","1","0","1"
"2023","26500","부산광역시","수영구","13.453495962306802","0.0","","0.0","0.0","0.0","0.0","0.0","1","0","1"
"2023","26530","부산광역시","사상구","10.538423762420614","11.459257453853763","","0.0","0.715215194","0.0","1.0","2.328025882688581","1","0","1"
"2023","26710","부산광역시","기장군","12.359649986931254","10.718697408651082","","10.305681608987099","0.14658847","0.096989431532015","0.0","0.0","1","0","1"
"2023","27110","대구광역시","중구","","","","","","","0.0","","0","0","1"
"2023","27140","대구광역시","동구","0.0","0.0","","0.0","","","1.0","0.32977705276000957","1","0","1"
"2023","27170","대구광역시","서구","12.937295891130661","13.522013062236303","","0.0","0.642152348","0.0","0.0","0.0","1","0","1"
"2023","27200","대구광역시","남구","0.0","0.0","","0.0","","","0.0","0.0","1","0","1"
"2023","27230","대구광역시","북구","12.550443536429825","10.217513430756732","","0.0","0.088429518","0.0","1.0","0.8026163765178406","1","0","1"
"2023","27260","대구광역시","수성구","10.305019937243873","10.042160882588583","","0.0","0.434658547","0.0","1.0","0.5766024603150499","1","0","1"
"2023","27290","대구광역시","달서구","11.39297396388547","10.74838968341","","0.0","0.344208689","0.0","0.0","0.0","1","0","1"
"2023","27710","대구광역시","달성군","12.449881701645948","8.972495110677317","","0.0","0.029958972","0.0","1.0","1.1681180772222493","1","0","1"
"2023","27720","대구광역시","군위군","","","","","","","1.0","2.0488189530025087","0","0","1"
"2023","28110","인천광역시","중구","10.38997344659578","0.0","","10.124957904192518","0.0","0.4341288873662974","0.0","0.0","1","0","1"
"2023","28140","인천광역시","동구","","","","","","","0.0","","0","0","1"
"2023","28177","인천광역시","미추홀구","15.653025528752734","0.0","","0.0","0.0","0.0","0.0","0.0","1","0","1"
"2023","28185","인천광역시","연수구","13.33171223313248","0.0","","0.0","0.0","0.0","0.0","0.0","1","0","1"
"2023","28200","인천광역시","남동구","12.64353527917917","12.94173429581993","","12.853503658654533","0.376264838","0.3444890808590328","0.0","0.0","1","0","1"
"2023","28237","인천광역시","부평구","13.30998921686465","0.0","","0.0","0.0","0.0","0.0","0.0","1","0","1"
"2023","28245","인천광역시","계양구","13.750931567374833","0.0","","0.0","0.0","0.0","0.0","0.0","1","0","1"
"2023","28260","인천광역시","서구","13.663346279038816","13.005100148473149","","12.916869497738222","0.259945953","0.2379933850150767","0.0","0.0","1","0","1"
"2023","28710","인천광역시","강화군","14.973717797945644","11.598074225841321","","11.509844214785318","0.032093552","0.0293832354536238","0.0","0.0","1","0","1"
"2023","28720","인천광역시","옹진군","10.855115207800159","10.384667399820437","","0.0","0.384507514","0.0","0.0","0.0","1","0","1"
"2023","29110","광주광역시","동구","8.957184039358216","9.684692276421906","","0.0","0.674272859","0.0","0.0","0.0","1","0","1"
"2023","29140","광주광역시","서구","11.026213321541537","0.0","","0.0","0.0","0.0","1.0","24.957075869441983","1","0","1"
"2023","29155","광주광역시","남구","10.630621092753536","0.0","","0.0","0.0","0.0","1.0","9.894584687655971","1","0","1"
"2023","29170","광주광역시","북구","10.430391475103951","0.0","","0.0","0.0","0.0","1.0","3.0811125692177397","1","0","1"
"2023","29200","광주광역시","광산구","12.195736541390165","9.61972689504781","","0.0","0.070694418","0.0","1.0","8.429988135294609","1","0","1"
"2023","30110","대전광역시","동구","11.428732434152346","9.875711925802563","","10.236969424226729","0.139643944","0.2004107497830933","0.0","0.0","1","0","1"
"2023","30140","대전광역시","중구","11.231554528035883","0.0","","0.0","0.0","0.0","0.0","0.0","1","0","1"
"2023","30170","대전광역시","서구","11.518524443216501","10.133322174068272","","10.494583212532705","0.155499028","0.2231652582274456","0.0","0.0","1","0","1"
"2023","30200","대전광역시","유성구","12.175725124434608","10.125058208079569","","0.0","0.113981485","0.0","1.0","6.951058470741854","1","0","1"
"2023","30230","대전광역시","대덕구","12.662602007703864","12.085118444056569","","11.866149811165823","0.278947821","0.2240915621814788","0.0","0.0","1","0","1"
"2023","31110","울산광역시","중구","12.96391655342729","11.101273026347132","","10.992515006855475","0.119936167","0.1075762505861748","1.0","4.892856016082218","1","0","1"
"2023","31140","울산광역시","남구","12.244817826930337","11.67334993277868","","0.0","0.36089733","0.0","1.0","17.100962290619904","1","0","1"
"2023","31170","울산광역시","동구","12.438979241549278","0.0","","10.257449680176087","0.0","0.1014186086893315","1.0","3.8550387218694464","1","0","1"
"2023","31200","울산광역시","북구","13.303803627386536","0.0","","10.250918641887946","0.0","0.045091634457043","1.0","3.2222671864433656","1","0","1"
"2023","31710","울산광역시","울주군","12.89354787362778","0.0","","9.509535673417622","0.0","0.0327966042163747","1.0","4.793682109472483","1","0","1"
"2023","36110","세종특별자치시","세종시","","","","","","","1.0","13.837714125457028","0","0","1"
"2023","41111","경기도","수원시 장안구","","","","","","","0.0","0.0","0","0","1"
"2023","41113","경기도","수원시 권선구","","","","","","","0.0","0.0","0","0","1"
"2023","41115","경기도","수원시 팔달구","","","","","","","0.0","0.0","0","0","1"
"2023","41117","경기도","수원시 영통구","","","","","","","0.0","0.0","0","0","1"
"2023","41131","경기도","성남시 수정구","","","","","","","1.0","204.27769403569872","0","0","1"
"2023","41133","경기도","성남시 중원구","","","","","","","0.0","0.0","0","0","1"
"2023","41135","경기도","성남시 분당구","","","","","","","0.0","0.0","0","0","1"
"2023","41150","경기도","의정부시","13.255189889300313","12.063028952332122","","0.0","0.232871959","0.0","0.0","0.0","1","0","1"
"2023","41171","경기도","안양시 만안구","","","","","","","0.0","0.0","0","0","1"
"2023","41173","경기도","안양시 동안구","","","","","","","0.0","0.0","0","0","1"
"2023","41190","경기도","부천시","0.0","0.0","","0.0","","","0.0","0.0","1","0","1"
"2023","41210","경기도","광명시","0.0","0.0","","0.0","","","0.0","0.0","1","0","1"
"2023","41220","경기도","평택시","12.368009794455666","11.043094600425343","","0.0","0.209999747","0.0","1.0","18.962434628762207","1","0","1"
"2023","41250","경기도","동두천시","14.06202709063985","0.0","","0.0","0.0","0.0","1.0","15.77048846675116","1","0","1"
"2023","41271","경기도","안산시 상록구","","","","","","","1.0","69.98765748349823","0","0","1"
"2023","41273","경기도","안산시 단원구","","","","","","","0.0","0.0","0","0","1"
"2023","41281","경기도","고양시 덕양구","","","","","","","0.0","0.0","0","0","1"
"2023","41285","경기도","고양시 일산동구","","","","","","","0.0","0.0","0","0","1"
"2023","41287","경기도","고양시 일산서구","","","","","","","0.0","0.0","0","0","1"
"2023","41290","경기도","과천시","12.929862440216157","8.794145995140171","","0.0","0.015737199","0.0","1.0","12.450978892350832","1","0","1"
"2023","41310","경기도","구리시","12.690482546551308","12.664571978932042","","0.0","0.4935227","0.0","0.0","0.0","1","0","1"
"2023","41360","경기도","남양주시","13.505651391960955","0.0","","10.19798277633111","0.0","0.0353078233510009","1.0","10.810739067162565","1","0","1"
"2023","41370","경기도","오산시","13.8347070252058","0.0","","0.0","0.0","0.0","0.0","0.0","1","0","1"
"2023","41390","경기도","시흥시","13.803243459024856","9.225821022875046","","0.0","0.010175751","0.0","0.0","0.0","1","0","1"
"2023","41410","경기도","군포시","15.085378810991442","13.67346437251497","","0.0","0.195932137","0.0","0.0","0.0","1","0","1"
"2023","41430","경기도","의왕시","13.40489399448593","12.748841223296871","","0.0","0.341626544","0.0","1.0","15.611475184701947","1","0","1"
"2023","41450","경기도","하남시","14.80774881705241","12.628254665808246","","0.0","0.101606829","0.0","1.0","45.18992294860919","1","0","1"
"2023","41461","경기도","용인시 처인구","","","","","","","1.0","25.78335644204332","0","0","1"
"2023","41463","경기도","용인시 기흥구","","","","","","","0.0","0.0","0","0","1"
"2023","41465","경기도","용인시 수지구","","","","","","","0.0","0.0","0","0","1"
"2023","41480","경기도","파주시","13.820891945398602","11.915475864040575","","0.0","0.129496066","0.0","1.0","30.815118849261832","1","0","1"
"2023","41500","경기도","이천시","13.838826868586697","11.389350488627292","","0.0","0.079476093","0.0","1.0","23.546041514101095","1","0","1"
"2023","41550","경기도","안성시","11.653627012924359","8.295423199872928","","0.0","0.033619714","0.0","1.0","9.814712541676187","1","0","1"
"2023","41570","경기도","김포시","13.932277171312577","13.196465991026985","","0.0","0.32392059","0.0","0.0","0.0","1","0","1"
"2023","41590","경기도","화성시","11.327153971106279","10.194496237607074","","0.0","0.24366629","0.0","1.0","7.565237651141106","1","0","1"
"2023","41610","경기도","광주시","14.379747175536982","11.13309466248536","","10.128442158708339","0.036940342","0.0135261712644915","1.0","23.5016252149165","1","0","1"
"2023","41630","경기도","양주시","11.74163136285474","10.578619332146848","","9.90276541822622","0.212389926","0.1080447356080092","1.0","10.072450822664067","1","0","1"
"2023","41650","경기도","포천시","12.395439993054651","0.0","","8.700424505797054","0.0","0.0242408187307946","1.0","9.044163274574638","1","0","1"
"2023","41670","경기도","여주시","12.251477917410316","10.117151166544875","","10.02884005817647","0.096458728","0.0883053229421944","1.0","11.07209200468635","1","0","1"
"2023","41800","경기도","연천군","13.290738963321544","0.0","","11.005361649486618","0.0","0.0923400172461955","1.0","45.40292262529479","1","0","1"
"2023","41820","경기도","가평군","12.34815758086772","9.283757691712275","","8.095592017624657","0.043998174","0.0134069129449978","1.0","5.591645958710898","1","0","1"
"2023","41830","경기도","양평군","11.534214483891368","8.740284604015976","","8.428844556726704","0.055309941","0.0405061627651951","1.0","8.373734960471902","1","0","1"
"2023","43111","충청북도","청주시 상당구","","","","","","","1.0","3.607600939193441","0","0","1"
"2023","43112","충청북도","청주시 서원구","","","","","","","0.0","0.0","0","0","1"
"2023","43113","충청북도","청주시 흥덕구","","","","","","","0.0","0.0","0","0","1"
"2023","43114","충청북도","청주시 청원구","","","","","","","0.0","0.0","0","0","1"
"2023","43130","충청북도","충주시","11.616548211036365","9.284111863877111","","8.218803710905053","0.085848423","0.0295799976851874","1.0","1.1034619318829098","1","0","1"
"2023","43150","충청북도","제천시","10.991242329825791","7.27791805195735","","7.645485086874374","0.023008604","0.0332364714895049","1.0","2.494082216148165","1","0","1"
"2023","43720","충청북도","보은군","9.20809933514338","9.062110236633481","","0.0","0.463563491","0.0","0.0","0.0","1","0","1"
"2023","43730","충청북도","옥천군","9.7117673024806","8.737387345481839","","0.0","0.273988469","0.0","0.0","0.0","1","0","1"
"2023","43740","충청북도","영동군","8.887742665249382","9.111159359178895","","8.028916211609333","0.467612897","0.1584092921506328","0.0","0.0","1","0","1"
"2023","43745","충청북도","증평군","10.44440035339179","12.018608685483859","","0.0","0.828385993","0.0","0.0","0.0","1","0","1"
"2023","43750","충청북도","진천군","10.251192716115364","9.839138307912252","","9.38977839607222","0.317665954","0.2026763163331267","1.0","1.876513804237028","1","0","1"
"2023","43760","충청북도","괴산군","8.544049114588844","7.288867969494478","","0.0","0.22172022","0.0","0.0","0.0","1","0","1"
"2023","43770","충청북도","음성군","11.093545571453864","10.088372665073754","","0.0","0.267920414","0.0","1.0","0.17718214223200304","1","0","1"
"2023","43800","충청북도","단양군","10.602197722191226","8.632066437785536","","7.566932032443166","0.117408331","0.040454761911096","1.0","1.3224850191439925","1","0","1"
"2023","44131","충청남도","천안시 동남구","","","","","","","1.0","5.435200014486956","0","0","1"
"2023","44133","충청남도","천안시 서북구","","","","","","","0.0","0.0","0","0","1"
"2023","44150","충청남도","공주시","10.708089977031742","8.489048520276226","","0.0","0.098037329","0.0","1.0","2.0960930966496787","1","0","1"
"2023","44180","충청남도","보령시","11.456379526971823","8.45464117617406","","8.718383041850647","0.044590282","0.0580501433287582","1.0","2.207995421831541","1","0","1"
"2023","44200","충청남도","아산시","13.591239547644768","9.072686452308748","","0.0","0.010785948","0.0","1.0","5.702545895662128","1","0","1"
"2023","44210","충청남도","서산시","10.818152988406629","7.775997326265402","","0.0","0.045539968","0.0","1.0","3.860489914765586","1","0","1"
"2023","44230","충청남도","논산시","9.928748040756222","9.395926492761275","","0.0","0.369851051","0.0","1.0","0.4024073461994295","1","0","1"
"2023","44250","충청남도","계룡시","10.81878053714214","9.787175712301448","","0.0","0.262766091","0.0","0.0","0.0","1","0","1"
"2023","44270","충청남도","당진시","12.33995925331688","8.387020740886946","","0.0","0.018832447","0.0","1.0","1.338848666144748","1","0","1"
"2023","44710","충청남도","금산군","10.367928563412722","8.846631340860426","","8.344449840893258","0.16171215","0.0978604555380609","1.0","1.7414403907539258","1","0","1"
"2023","44760","충청남도","부여군","11.200687052704058","8.433857034087795","","8.366324207947518","0.056034809","0.0523747746920312","1.0","1.0421908795421488","1","0","1"
"2023","44770","충청남도","서천군","11.520697772954257","0.0","","0.0","0.0","0.0","1.0","2.587478621680016","1","0","1"
"2023","44790","충청남도","청양군","11.955409763669305","0.0","","0.0","0.0","0.0","1.0","2.302135457439192","1","0","1"
"2023","44800","충청남도","홍성군","0.0","0.0","","0.0","","","1.0","2.6352882866078415","1","0","1"
"2023","44810","충청남도","예산군","11.683596653150948","7.769647842055093","","8.33742305740902","0.018910102","0.0333699071026259","1.0","1.0355823586170159","1","0","1"
"2023","44825","충청남도","태안군","11.888934966933784","0.0","","0.0","0.0","0.0","1.0","2.005293876181432","1","0","1"
"2023","45111","전라북도","전주시 완산구","","","","","","","1.0","26.62556841298289","0","0","1"
"2023","45113","전라북도","전주시 덕진구","","","","","","","0.0","0.0","0","0","1"
"2023","45130","전라북도","군산시","12.60089507139203","0.0","","0.0","0.0","0.0","1.0","16.514576186647414","1","0","1"
"2023","45140","전라북도","익산시","11.145091407392231","10.052518783368358","","0.0","0.251128762","0.0","1.0","13.281551002589607","1","0","1"
"2023","45180","전라북도","정읍시","9.199116283003333","8.32305225162923","","0.0","0.293964651","0.0","1.0","1.3401241695331834","1","0","1"
"2023","45190","전라북도","남원시","7.829040878161344","7.847501359433463","","0.0","0.50461681","0.0","1.0","0.521018697337449","1","0","1"
"2023","45210","전라북도","김제시","10.092026191364226","9.755562916426404","","0.0","0.416664819","0.0","1.0","7.31968553910812","1","0","1"
"2023","45710","전라북도","완주군","9.974989457087542","8.891243087128537","","0.0","0.252780508","0.0","1.0","1.3701124115357872","1","0","1"
"2023","45720","전라북도","진안군","8.554546649592499","8.808249697589275","","0.0","0.563098359","0.0","0.0","0.0","1","0","1"
"2023","45730","전라북도","무주군","9.667286244935527","0.0","","0.0","0.0","0.0","0.0","0.0","1","0","1"
"2023","45740","전라북도","장수군","8.121099557961118","8.667118443480751","","0.0","0.633240499","0.0","0.0","0.0","1","0","1"
"2023","45750","전라북도","임실군","9.707041358312026","9.428461504388041","","9.646195982109964","0.280539974","0.3487887483173733","1.0","1.898913725645779","1","0","1"
"2023","45770","전라북도","순창군","9.996169848210382","8.862363583814352","","0.0","0.243441661","0.0","1.0","2.5919199001989734","1","0","1"
"2023","45790","전라북도","고창군","9.95704850008801","8.261067024825246","","0.0","0.154963201","0.0","0.0","0.0","1","0","1"
"2023","45800","전라북도","부안군","9.724016675407096","8.5900270326196","","0.0","0.243402348","0.0","1.0","0.28163035860429736","1","0","1"
"2023","46110","전라남도","목포시","8.99170357856954","10.84606562207688","","0.0","0.864650728","0.0","1.0","0.647000935610385","1","0","1"
"2023","46130","전라남도","여수시","12.516866694860685","10.710441244128297","","0.0","0.141068438","0.0","1.0","3.886243923950146","1","0","1"
"2023","46150","전라남도","순천시","10.693213918888707","8.729340748073572","","0.0","0.123033485","0.0","1.0","4.572020120749358","1","0","1"
"2023","46170","전라남도","나주시","10.364641772468692","4.737794179321084","","0.0","0.003555802","0.0","1.0","1.5112096664324992","1","0","1"
"2023","46230","전라남도","광양시","11.668165941992237","9.703968481573115","","8.919467269489013","0.116470338","0.0531470547316571","1.0","7.663375829664698","1","0","1"
"2023","46710","전라남도","담양군","8.644352114011587","8.847622530379029","","0.0","0.550651364","0.0","1.0","1.2178650024714177","1","0","1"
"2023","46720","전라남도","곡성군","8.307990004779393","7.498092481131889","","0.0","0.30784676","0.0","0.0","0.0","1","0","1"
"2023","46730","전라남도","구례군","10.41826497760193","8.659936060861076","","8.56865591993586","0.129595586","0.1182879619570149","1.0","1.7954590734443308","1","0","1"
"2023","46770","전라남도","고흥군","9.379873117130526","7.894324510815006","","0.0","0.184547375","0.0","1.0","0.5941609368732589","1","0","1"
"2023","46780","전라남도","보성군","11.55008443916613","8.17598323211158","","7.8378408836556","0.032342596","0.0230606927913346","1.0","0.967170259178706","1","0","1"
"2023","46790","전라남도","화순군","9.330886015890561","8.467675701771286","","0.0","0.296643699","0.0","1.0","0.26159664386774334","1","0","1"
"2023","46800","전라남도","장흥군","8.439136157741407","8.066703429127482","","0.0","0.407929746","0.0","0.0","0.0","1","0","1"
"2023","46810","전라남도","강진군","8.993874422648396","4.854393521147998","","0.0","0.015562882","0.0","0.0","0.0","1","0","1"
"2023","46820","전라남도","해남군","8.105338403212894","7.534660679193486","","0.0","0.361026841","0.0","0.0","0.0","1","0","1"
"2023","46830","전라남도","영암군","8.315630806147299","8.719914745107506","","0.0","0.599736021","0.0","0.0","0.0","1","0","1"
"2023","46840","전라남도","무안군","11.283941679031596","8.933786177891394","","9.11432462963615","0.078824942","0.0944234740148861","1.0","1.3521900545340828","1","0","1"
"2023","46860","전라남도","함평군","9.551623745379969","8.546162640052309","","0.0","0.267844894","0.0","1.0","0.922489153683921","1","0","1"
"2023","46870","전라남도","영광군","9.335446255536388","8.538481816411997","","0.0","0.310652194","0.0","0.0","0.0","1","0","1"
"2023","46880","전라남도","장성군","10.606894731968485","8.947087158001167","","0.0","0.159773682","0.0","1.0","2.8551694555815135","1","0","1"
"2023","46890","전라남도","완도군","9.73170882037129","0.0","","0.0","0.0","0.0","0.0","0.0","1","0","1"
"2023","46900","전라남도","진도군","9.431057632473811","7.950711663050209","","0.0","0.185334055","0.0","0.0","0.0","1","0","1"
"2023","46910","전라남도","신안군","8.829725651336947","7.522195390129475","","0.0","0.21283427","0.0","0.0","0.0","1","0","1"
"2023","47111","경상북도","포항시 남구","","","","","","","1.0","13.902120069229486","0","0","1"
"2023","47113","경상북도","포항시 북구","","","","","","","0.0","0.0","0","0","1"
"2023","47130","경상북도","경주시","12.903879423637104","0.0","","0.0","0.0","0.0","1.0","4.504918727897132","1","0","1"
"2023","47150","경상북도","김천시","11.34377179212402","0.0","","0.0","0.0","0.0","1.0","4.8869204489083415","1","0","1"
"2023","47170","경상북도","안동시","12.273946898168065","7.9743211062261725","","7.4757032529021314","0.013279423","0.0080637221413159","1.0","2.763316571097778","1","0","1"
"2023","47190","경상북도","구미시","13.132512225577752","0.0","","0.0","0.0","0.0","1.0","5.3602120959717405","1","0","1"
"2023","47210","경상북도","영주시","11.780929942285209","0.0","","8.030284646883818","0.0","0.0229557575827718","1.0","2.333202866559073","1","0","1"
"2023","47230","경상북도","영천시","10.731561133415932","8.773787511244167","","0.0","0.123693788","0.0","1.0","3.5165682583221294","1","0","1"
"2023","47250","경상북도","상주시","10.970065646189436","8.59042515494632","","0.0","0.084725362","0.0","1.0","3.734560828637966","1","0","1"
"2023","47280","경상북도","문경시","10.939205784353634","0.0","","0.0","0.0","0.0","1.0","1.310179005098974","1","0","1"
"2023","47290","경상북도","경산시","10.915130706178616","0.0","","0.0","0.0","0.0","1.0","3.210580966909016","1","0","1"
"2023","47730","경상북도","의성군","9.814363894832155","0.0","","0.0","0.0","0.0","1.0","2.4076136096423144","1","0","1"
"2023","47750","경상북도","청송군","9.79054668121589","0.0","","7.980407057219862","0.0","0.1405866714877985","1.0","0.9276227963093144","1","0","1"
"2023","47760","경상북도","영양군","9.065263455591992","7.993892313059135","","7.9005433485707925","0.207001915","0.1885467610295033","1.0","0.14929669411073668","1","0","1"
"2023","47770","경상북도","영덕군","11.067697872864272","0.0","","0.0","0.0","0.0","1.0","1.8530549045832947","1","0","1"
"2023","47820","경상북도","청도군","11.316513255005386","9.333360939656504","","0.0","0.120975091","0.0","1.0","3.823089739045105","1","0","1"
"2023","47830","경상북도","고령군","12.052302289010289","0.0","","0.0","0.0","0.0","1.0","3.261914628232379","1","0","1"
"2023","47840","경상북도","성주군","11.449214204420228","8.98515289502336","","0.0","0.078408053","0.0","1.0","4.183489760901035","1","0","1"
"2023","47850","경상북도","칠곡군","10.866299785438459","9.986714436225682","","0.0","0.293258133","0.0","1.0","4.589160632043123","1","0","1"
"2023","47900","경상북도","예천군","11.047394214144695","9.799869601307384","","8.31623469727571","0.212376441","0.0481603648516071","1.0","3.3439409747207653","1","0","1"
"2023","47920","경상북도","봉화군","9.517248480577377","7.7534720162759845","","7.7021607804726235","0.128427952","0.1220016072548434","1.0","0.956106375220529","1","0","1"
"2023","47930","경상북도","울진군","8.916462128491675","0.0","","8.447392007241241","0.0","0.3848173446169224","0.0","0.0","1","0","1"
"2023","47940","경상북도","울릉군","7.238735526956368","0.0","","11.187347496115226","0.0","0.9810963676638208","0.0","0.0","1","0","1"
"2023","48121","경상남도","창원시 의창구","","","","","","","0.0","0.0","0","0","1"
"2023","48123","경상남도","창원시 성산구","","","","","","","0.0","0.0","0","0","1"
"2023","48125","경상남도","창원시 마산합포구","","","","","","","0.0","0.0","0","0","1"
"2023","48127","경상남도","창원시 마산회원구","","","","","","","0.0","0.0","0","0","1"
"2023","48129","경상남도","창원시 진해구","","","","","","","0.0","0.0","0","0","1"
"2023","48170","경상남도","진주시","11.5703313097761","11.01026338003481","","7.277494319688347","0.360397479","0.0086172313860346","1.0","3.5392245210542517","1","0","1"
"2023","48220","경상남도","통영시","11.386421720828318","9.551348007620724","","7.851896192026135","0.134251686","0.024531217679099","1.0","2.1427636463872477","1","0","1"
"2023","48240","경상남도","사천시","12.028139545044697","0.0","","7.991775298448878","0.0","0.0173493851274468","1.0","3.3189477733956196","1","0","1"
"2023","48250","경상남도","김해시","12.267793420534165","10.013669554224016","","8.140364405749018","0.093625053","0.0143786730156824","1.0","6.28161158211563","1","0","1"
"2023","48270","경상남도","밀양시","13.25056736565616","9.557231634920159","","7.47497125562381","0.024209555","0.0030161779326845","1.0","4.0448827052511955","1","0","1"
"2023","48310","경상남도","거제시","11.744465854243064","9.591532158186688","","7.961040354121189","0.101974441","0.0199643832834831","1.0","3.0617483139089847","1","0","1"
"2023","48330","경상남도","양산시","12.840321363106712","10.207737227458392","","8.097798906943698","0.066527592","0.0080640111277358","1.0","6.5890093128236575","1","0","1"
"2023","48720","경상남도","의령군","11.290404544247266","9.297806760026171","","7.280297347866187","0.118090943","0.0156950916404818","1.0","2.867328724359525","1","0","1"
"2023","48730","경상남도","함안군","11.765885959684365","10.17145371546956","","8.221510021313078","0.164800814","0.0234427965429106","1.0","0.5659885908937129","1","0","1"
"2023","48740","경상남도","창녕군","11.870980484893106","9.17694618220686","","7.295432958913537","0.062715877","0.0095498547634977","1.0","3.439748455400454","1","0","1"
"2023","48820","경상남도","고성군","10.034925856923914","8.716234142335528","","7.2279052223533995","0.201426149","0.045446304225251","1.0","1.6263190533183702","1","0","1"
"2023","48840","경상남도","남해군","10.42192546123132","9.81017249743443","","7.709028677306466","0.337157257","0.0412236316049529","1.0","1.8061183720955125","1","0","1"
"2023","48850","경상남도","하동군","12.154746552463191","9.211534194749753","","7.330001413151962","0.049675184","0.007564126022425","1.0","3.1194742751340225","1","0","1"
"2023","48860","경상남도","산청군","8.933379450717393","7.8704126865631405","","7.0873835963830425","0.229753917","0.1049543756749162","1.0","1.3557155463633679","1","0","1"
"2023","48870","경상남도","함양군","7.968453859637184","8.823003732484382","","7.976142470377826","0.539355577","0.2312079413257866","1.0","0.5741200252964697","1","0","1"
"2023","48880","경상남도","거창군","8.196495637520586","8.58014668039168","","7.038464561989193","0.52765368","0.1128509585652442","1.0","1.1259072549919065","1","0","1"
"2023","48890","경상남도","합천군","9.664254090515973","8.272245273095521","","6.573617644178059","0.192070506","0.0350961952708607","1.0","1.2392139488997553","1","0","1"
"2023","50110","제주특별자치도","제주시","","","","","","","0.0","0.0","0","0","1"
"2023","50130","제주특별자치도","서귀포시","","","","","","","0.0","0.0","0","0","1"
"2023","51110","강원특별자치도","춘천시","11.636394811982912","8.896545670372063","","0.0","0.060655204","0.0","1.0","4.930464990410243","1","0","1"
"2023","51130","강원특별자치도","원주시","10.395143427776775","8.874143277677769","","8.374522078428289","0.161707463","0.0981087928016275","1.0","3.676465995822653","1","0","1"
"2023","51150","강원특별자치도","강릉시","7.84173582535465","7.208343916756425","","7.401635657199298","0.244019108","0.2960914885055233","0.0","0.0","1","0","1"
"2023","51170","강원특별자치도","동해시","10.473107519744303","9.374013383833484","","0.0","0.249899051","0.0","1.0","3.334195789325144","1","0","1"
"2023","51190","강원특별자치도","태백시","7.896491394112035","9.021482509317392","","0.0","0.754959839","0.0","0.0","0.0","1","0","1"
"2023","51210","강원특별자치도","속초시","10.660768519163476","9.875989669791773","","0.0","0.313284837","0.0","0.0","0.0","1","0","1"
"2023","51230","강원특별자치도","삼척시","7.972494574706645","7.398649611866027","","0.0","0.360288464","0.0","1.0","0.08004954326795695","1","0","1"
"2023","51720","강원특별자치도","홍천군","10.559583230986373","0.0","","0.0","0.0","0.0","1.0","2.100307186802349","1","0","1"
"2023","51730","강원특별자치도","횡성군","8.790519920901277","8.306302221112004","","8.01971974404366","0.296399717","0.2225261187615791","1.0","1.9220781116508612","1","0","1"
"2023","51750","강원특별자치도","영월군","9.599123528367251","7.542020109706749","","0.0","0.113290099","0.0","0.0","0.0","1","0","1"
"2023","51760","강원특별자치도","평창군","7.722747182141223","7.680981423311462","","0.0","0.489555358","0.0","0.0","0.0","1","0","1"
"2023","51770","강원특별자치도","정선군","9.800339876147111","8.280717062818939","","8.1864886376253","0.154286277","0.1404085451618761","1.0","1.7544136464778664","1","0","1"
"2023","51780","강원특별자치도","철원군","11.307787154427235","10.67386095659471","","0.0","0.346618358","0.0","1.0","10.427653269257634","1","0","1"
"2023","51790","강원특별자치도","화천군","9.48312499625839","8.679576397608685","","0.0","0.309246891","0.0","1.0","2.12905576316857","1","0","1"
"2023","51800","강원특별자치도","양구군","0.0","8.648331434493231","","0.0","1.0","0.0","0.0","0.0","1","0","1"
"2023","51810","강원특별자치도","인제군","8.440943283801518","7.1360859468273325","","0.0","0.213251293","0.0","0.0","0.0","1","0","1"
"2023","51820","강원특별자치도","고성군","10.130553647111498","9.379696209060485","","0.0","0.320624787","0.0","0.0","0.0","1","0","1"
"2023","51830","강원특별자치도","양양군","8.445833388863505","8.124901756655214","","0.0","0.420428908","0.0","0.0","0.0","1","0","1"
