"연도","시군구코드","시도","시군구","방제법인수_소나무림1만ha당_log","이동통제예산_소나무림ha당_log","예찰진단예산비중","이동통제예산비중","반출금지구역_지정여부","반출금지구역면적비율","예산자료_사용가능여부","법인자료_연도완전여부","법인자료_최신성주의플래그","반출금지구역자료_완전성플래그"
"2016","11110","서울특별시","종로구","0.0","0.0","0.0","0.0","","","1","1","0","0"
"2016","11140","서울특별시","중구","0.0","0.0","0.0","0.0","","","1","1","0","0"
"2016","11170","서울특별시","용산구","0.0","0.0","","","","","1","1","0","0"
"2016","11200","서울특별시","성동구","0.0","0.0","0.0","0.0","","","1","1","0","0"
"2016","11215","서울특별시","광진구","0.0","0.0","","","","","1","1","0","0"
"2016","11230","서울특별시","동대문구","0.0","0.0","","","","","1","1","0","0"
"2016","11260","서울특별시","중랑구","4.848204860781462","0.0","","","","","1","1","0","0"
"2016","11290","서울특별시","성북구","0.0","0.0","","","","","1","1","0","0"
"2016","11305","서울특별시","강북구","0.0","0.0","","","","","1","1","0","0"
"2016","11320","서울특별시","도봉구","0.0","0.0","","","","","1","1","0","0"
"2016","11350","서울특별시","노원구","0.0","0.0","","","","","1","1","0","0"
"2016","11380","서울특별시","은평구","3.7721619326673594","0.0","0.0","0.0","","","1","1","0","0"
"2016","11410","서울특별시","서대문구","0.0","0.0","0.0","0.0","","","1","1","0","0"
"2016","11440","서울특별시","마포구","0.0","0.0","0.0","0.0","","","1","1","0","0"
"2016","11470","서울특별시","양천구","0.0","0.0","","","","","1","1","0","0"
"2016","11500","서울특별시","강서구","0.0","0.0","","","","","1","1","0","0"
"2016","11530","서울특별시","구로구","0.0","0.0","0.0","0.0","","","1","1","0","0"
"2016","11545","서울특별시","금천구","5.969796480460376","0.0","0.0","0.0","","","1","1","0","0"
"2016","11560","서울특별시","영등포구","","","","","","","0","1","0","0"
"2016","11590","서울특별시","동작구","0.0","0.0","","","","","1","1","0","0"
"2016","11620","서울특별시","관악구","3.50614143500919","0.0","","","","","1","1","0","0"
"2016","11650","서울특별시","서초구","0.0","0.0","0.0","0.0","","","1","1","0","0"
"2016","11680","서울특별시","강남구","0.0","0.0","","","","","1","1","0","0"
"2016","11710","서울특별시","송파구","0.0","0.0","","","","","1","1","0","0"
"2016","11740","서울특별시","강동구","0.0","0.0","0.0","0.0","","","1","1","0","0"
"2016","26110","부산광역시","중구","0.0","0.0","","","","","1","1","0","0"
"2016","26140","부산광역시","서구","0.0","0.0","0.0","0.0","","","1","1","0","0"
"2016","26170","부산광역시","동구","0.0","0.0","0.0","0.0","","","1","1","0","0"
"2016","26200","부산광역시","영도구","0.0","0.0","0.0","0.0","","","1","1","0","0"
"2016","26230","부산광역시","부산진구","0.0","0.0","0.0","0.0","1.0","2.7782241123074805","1","1","0","0"
"2016","26260","부산광역시","동래구","3.639680185615748","0.0","0.0","0.0","","","1","1","0","0"
"2016","26290","부산광역시","남구","0.0","0.0","0.0","0.0","","","1","1","0","0"
"2016","26320","부산광역시","북구","0.0","0.0","0.0","0.0","","","1","1","0","0"
"2016","26350","부산광역시","해운대구","0.0","0.0","0.0","0.0","","","1","1","0","0"
"2016","26380","부산광역시","사하구","0.0","0.0","0.0","0.0","","","1","1","0","0"
"2016","26410","부산광역시","금정구","1.8590600692567483","0.0","0.0","0.0","1.0","3.045290148307508","1","1","0","0"
"2016","26440","부산광역시","강서구","0.0","0.0","0.0","0.0","","","1","1","0","0"
"2016","26470","부산광역시","연제구","0.0","0.0","0.0","0.0","","","1","1","0","0"
"2016","26500","부산광역시","수영구","0.0","0.0","0.0","0.0","","","1","1","0","0"
"2016","26530","부산광역시","사상구","0.0","0.0","0.0","0.0","","","1","1","0","0"
"2016","26710","부산광역시","기장군","2.534336654957796","0.0","0.0","0.0","","","1","1","0","0"
"2016","27110","대구광역시","중구","","","","","","","0","1","0","0"
"2016","27140","대구광역시","동구","0.0","0.0","","","","","1","1","0","0"
"2016","27170","대구광역시","서구","0.0","0.0","","","","","1","1","0","0"
"2016","27200","대구광역시","남구","0.0","0.0","0.0","0.0","","","1","1","0","0"
"2016","27230","대구광역시","북구","0.0","0.0","0.0","0.0","","","1","1","0","0"
"2016","27260","대구광역시","수성구","0.0","0.0","0.0","0.0","","","1","1","0","0"
"2016","27290","대구광역시","달서구","0.0","0.0","0.0","0.0","","","1","1","0","0"
"2016","27710","대구광역시","달성군","0.7131199582639293","0.0","0.0","0.0","","","1","1","0","0"
"2016","27720","대구광역시","군위군","0.7344012765873833","","","","1.0","0.8953602219354226","0","1","0","0"
"2016","28110","인천광역시","중구","0.0","0.0","0.0","0.0","","","1","1","0","0"
"2016","28140","인천광역시","동구","0.0","0.0","","","","","1","1","0","0"
"2016","28177","인천광역시","미추홀구","0.0","","","","","","0","1","0","0"
"2016","28185","인천광역시","연수구","0.0","0.0","0.0","0.0","","","1","1","0","0"
"2016","28200","인천광역시","남동구","0.0","0.0","0.0","0.0","","","1","1","0","0"
"2016","28237","인천광역시","부평구","0.0","0.0","0.0","0.0","","","1","1","0","0"
"2016","28245","인천광역시","계양구","0.0","0.0","0.0","0.0","","","1","1","0","0"
"2016","28260","인천광역시","서구","4.6239142146816326","0.0","0.0","0.0","","","1","1","0","0"
"2016","28710","인천광역시","강화군","","","0.0","0.0","","","0","1","0","0"
"2016","28720","인천광역시","옹진군","0.0","0.0","0.0","0.0","","","1","1","0","0"
"2016","29110","광주광역시","동구","0.0","0.0","0.0","0.0","","","1","1","0","0"
"2016","29140","광주광역시","서구","5.102671896535852","0.0","0.0","0.0","1.0","25.13208921570337","1","1","0","0"
"2016","29155","광주광역시","남구","0.0","0.0","0.0","0.0","1.0","9.918609398165675","1","1","0","0"
"2016","29170","광주광역시","북구","2.174933758285938","0.0","0.0","0.0","","","1","1","0","0"
"2016","29200","광주광역시","광산구","0.0","0.0","0.0","0.0","1.0","3.61885518504658","1","1","0","0"
"2016","30110","대전광역시","동구","0.0","0.0","0.0","0.0","","","1","1","0","0"
"2016","30140","대전광역시","중구","0.0","0.0","0.0","0.0","","","1","1","0","0"
"2016","30170","대전광역시","서구","0.0","0.0","0.0","0.0","","","1","1","0","0"
"2016","30200","대전광역시","유성구","0.0","0.0","0.0","0.0","","","1","1","0","0"
"2016","30230","대전광역시","대덕구","0.0","0.0","0.0","0.0","","","1","1","0","0"
"2016","31110","울산광역시","중구","0.0","0.0","0.0","0.0","1.0","4.654959422906975","1","1","0","0"
"2016","31140","울산광역시","남구","0.0","0.0","0.0","0.0","1.0","16.502544563478338","1","1","0","0"
"2016","31170","울산광역시","동구","0.0","0.0","0.0","0.0","1.0","3.878562776286484","1","1","0","0"
"2016","31200","울산광역시","북구","1.4043002114220589","0.0","0.0","0.0","1.0","3.14519087914535","1","1","0","0"
"2016","31710","울산광역시","울주군","2.2204775951579006","0.0","0.0","0.0","1.0","4.601726761372096","1","1","0","0"
"2016","36110","세종특별자치시","세종시","0.0","","","","1.0","7.1781623953973215","0","1","0","0"
"2016","41111","경기도","수원시 장안구","0.0","","","","","","0","1","0","0"
"2016","41113","경기도","수원시 권선구","0.0","","","","","","0","1","0","0"
"2016","41115","경기도","수원시 팔달구","0.0","","","","","","0","1","0","0"
"2016","41117","경기도","수원시 영통구","0.0","","","","","","0","1","0","0"
"2016","41131","경기도","성남시 수정구","0.0","","","","1.0","125.29615269840905","0","1","0","0"
"2016","41133","경기도","성남시 중원구","5.668833403165514","","","","","","0","1","0","0"
"2016","41135","경기도","성남시 분당구","0.0","","","","","","0","1","0","0"
"2016","41150","경기도","의정부시","0.0","0.0","0.0","0.0","","","1","1","0","0"
"2016","41171","경기도","안양시 만안구","0.0","","","","","","0","1","0","0"
"2016","41173","경기도","안양시 동안구","0.0","","","","","","0","1","0","0"
"2016","41190","경기도","부천시","0.0","0.0","","","","","1","1","0","0"
"2016","41210","경기도","광명시","0.0","0.0","","","","","1","1","0","0"
"2016","41220","경기도","평택시","0.0","0.0","0.0","0.0","1.0","8.893387359269948","1","1","0","0"
"2016","41250","경기도","동두천시","0.0","0.0","0.0","0.0","1.0","15.385087619048202","1","1","0","0"
"2016","41271","경기도","안산시 상록구","5.005618997732435","","","","","","0","1","0","0"
"2016","41273","경기도","안산시 단원구","3.574586113436977","","","","","","0","1","0","0"
"2016","41281","경기도","고양시 덕양구","0.0","","","","","","0","1","0","0"
"2016","41285","경기도","고양시 일산동구","0.0","","","","","","0","1","0","0"
"2016","41287","경기도","고양시 일산서구","0.0","","","","","","0","1","0","0"
"2016","41290","경기도","과천시","3.8237175555317333","0.0","0.0","0.0","1.0","2.256612624942787","1","1","0","0"
"2016","41310","경기도","구리시","0.0","0.0","0.0","0.0","","","1","1","0","0"
"2016","41360","경기도","남양주시","1.920364028873773","0.0","0.0","0.0","1.0","9.533556811633055","1","1","0","0"
"2016","41370","경기도","오산시","0.0","0.0","0.0","0.0","","","1","1","0","0"
"2016","41390","경기도","시흥시","0.0","0.0","0.0","0.0","","","1","1","0","0"
"2016","41410","경기도","군포시","0.0","0.0","0.0","0.0","","","1","1","0","0"
"2016","41430","경기도","의왕시","0.0","0.0","0.0","0.0","1.0","15.65362748477599","1","1","0","0"
"2016","41450","경기도","하남시","0.0","0.0","0.0","0.0","1.0","41.256301398500156","1","1","0","0"
"2016","41461","경기도","용인시 처인구","3.0090012309611636","","","","1.0","5.4039532269501285","0","1","0","0"
"2016","41463","경기도","용인시 기흥구","3.442809018477251","","","","","","0","1","0","0"
"2016","41465","경기도","용인시 수지구","0.0","","","","","","0","1","0","0"
"2016","41480","경기도","파주시","0.0","0.0","0.0","0.0","1.0","5.975364805733172","1","1","0","0"
"2016","41500","경기도","이천시","3.84110346687409","0.0","0.0","0.0","1.0","12.901193615531799","1","1","0","0"
"2016","41550","경기도","안성시","2.2673242325901652","0.0","0.0","0.0","1.0","6.619920126663517","1","1","0","0"
"2016","41570","경기도","김포시","0.0","0.0","0.0","0.0","","","1","1","0","0"
"2016","41590","경기도","화성시","2.7081403049890724","0.0","0.0","0.0","","","1","1","0","0"
"2016","41610","경기도","광주시","2.8167078386844038","0.0","0.0","0.0","1.0","22.433831185799672","1","1","0","0"
"2016","41630","경기도","양주시","0.0","0.0","0.0","0.0","1.0","2.839359732614477","1","1","0","0"
"2016","41650","경기도","포천시","0.8020973174200708","0.0","0.0","0.0","1.0","7.034360749903426","1","1","0","0"
"2016","41670","경기도","여주시","1.758439110009327","0.0","","","1.0","3.898896967995928","1","1","0","0"
"2016","41800","경기도","연천군","0.0","0.0","0.0","0.0","1.0","24.23761396646297","1","1","0","0"
"2016","41820","경기도","가평군","1.1231323643669833","0.0","0.0","0.0","1.0","2.761531025552801","1","1","0","0"
"2016","41830","경기도","양평군","1.371500143409458","0.0","0.0","0.0","1.0","3.95697339287642","1","1","0","0"
"2016","43111","충청북도","청주시 상당구","1.8475873797243378","","","","1.0","2.461674022814428","0","1","0","0"
"2016","43112","충청북도","청주시 서원구","4.815619103817206","","","","","","0","1","0","0"
"2016","43113","충청북도","청주시 흥덕구","5.568352028466287","","","","","","0","1","0","0"
"2016","43114","충청북도","청주시 청원구","4.06658635161927","","","","","","0","1","0","0"
"2016","43130","충청북도","충주시","2.57672339293489","0.0","0.03859928","0.0","","","1","1","0","0"
"2016","43150","충청북도","제천시","2.2991674262882356","0.0","0.023702642","0.0","1.0","0.8587935272198425","1","1","0","0"
"2016","43720","충청북도","보은군","1.7975094560166907","0.0","0.108747773","0.0","","","1","1","0","0"
"2016","43730","충청북도","옥천군","0.0","0.0","0.910011627","0.0","","","1","1","0","0"
"2016","43740","충청북도","영동군","1.9569110241925562","8.661217288031688","0.459012601","0.2691103777459881","1.0","0.8693319726026306","1","1","0","0"
"2016","43745","충청북도","증평군","0.0","0.0","0.179121874","0.0","","","1","1","0","0"
"2016","43750","충청북도","진천군","2.7870126005516918","0.0","0.129682024","0.0","","","1","1","0","0"
"2016","43760","충청북도","괴산군","1.483223893840756","0.0","0.094544323","0.0","","","1","1","0","0"
"2016","43770","충청북도","음성군","2.9282949162595266","0.0","0.058552723","0.0","","","1","1","0","0"
"2016","43800","충청북도","단양군","0.8208431204074615","0.0","0.037189306","0.0","1.0","0.5342984890304828","1","1","0","0"
"2016","44131","충청남도","천안시 동남구","2.61139734356423","","","","1.0","3.5461814599572232","0","1","0","0"
"2016","44133","충청남도","천안시 서북구","0.0","","","","","","0","1","0","0"
"2016","44150","충청남도","공주시","2.179179206934905","0.0","0.353079606","0.0","","","1","1","0","0"
"2016","44180","충청남도","보령시","1.5195504097465728","0.0","0.0","0.0","1.0","1.0848854176486256","1","1","0","0"
"2016","44200","충청남도","아산시","2.02187202205361","0.0","0.0","0.0","","","1","1","0","0"
"2016","44210","충청남도","서산시","0.6274922460749682","0.0","0.0","0.0","","","1","1","0","0"
"2016","44230","충청남도","논산시","3.028203052823415","0.0","0.0","0.0","1.0","0.9108053619372088","1","1","0","0"
"2016","44250","충청남도","계룡시","0.0","0.0","0.0","0.0","","","1","1","0","0"
"2016","44270","충청남도","당진시","2.2401333481171775","0.0","0.0","0.0","","","1","1","0","0"
"2016","44710","충청남도","금산군","2.154316496001003","0.0","0.0","0.0","1.0","1.311914928277448","1","1","0","0"
"2016","44760","충청남도","부여군","2.298218307650813","0.0","0.0","0.0","1.0","0.10819364241225492","1","1","0","0"
"2016","44770","충청남도","서천군","0.0","0.0","0.0","0.0","1.0","0.29013724686533143","1","1","0","0"
"2016","44790","충청남도","청양군","1.5571192779403842","0.0","0.0","0.0","1.0","0.2415610224193841","1","1","0","0"
"2016","44800","충청남도","홍성군","2.0166566713287986","0.0","0.0","0.0","","","1","1","0","0"
"2016","44810","충청남도","예산군","1.840370301417983","0.0","0.0","0.0","","","1","1","0","0"
"2016","44825","충청남도","태안군","0.5504352063403257","0.0","0.0","0.0","","","1","1","0","0"
"2016","45111","전라북도","전주시 완산구","0.0","","","","","","0","1","0","0"
"2016","45113","전라북도","전주시 덕진구","0.0","","","","","","0","1","0","0"
"2016","45130","전라북도","군산시","1.6928165301878575","0.0","0.0","0.0","1.0","15.298613485453936","1","1","0","0"
"2016","45140","전라북도","익산시","0.0","0.0","0.0","0.0","1.0","2.905402775004961","1","1","0","0"
"2016","45180","전라북도","정읍시","2.1992462441979583","0.0","0.0","0.0","","","1","1","0","0"
"2016","45190","전라북도","남원시","1.699371888662432","0.0","0.0","0.0","","","1","1","0","0"
"2016","45210","전라북도","김제시","0.0","0.0","0.0","0.0","1.0","2.105656764689842","1","1","0","0"
"2016","45710","전라북도","완주군","1.10901252496341","0.0","0.0","0.0","","","1","1","0","0"
"2016","45720","전라북도","진안군","1.5192934275195018","0.0","0.43619799","0.0","","","1","1","0","0"
"2016","45730","전라북도","무주군","2.467591638486618","0.0","0.0","0.0","","","1","1","0","0"
"2016","45740","전라북도","장수군","2.6231782554292766","0.0","0.0","0.0","","","1","1","0","0"
"2016","45750","전라북도","임실군","1.424664447822283","0.0","0.0","0.0","1.0","1.324451832233092","1","1","0","0"
"2016","45770","전라북도","순창군","1.670400151889266","0.0","0.0","0.0","1.0","1.1333650066142986","1","1","0","0"
"2016","45790","전라북도","고창군","0.0","0.0","0.0","0.0","","","1","1","0","0"
"2016","45800","전라북도","부안군","0.0","0.0","0.0","0.0","","","1","1","0","0"
"2016","46110","전라남도","목포시","3.0766871210233","0.0","0.0","0.0","1.0","0.6516228194166204","1","1","0","0"
"2016","46130","전라남도","여수시","1.8627259671043552","0.0","0.0","0.0","1.0","3.7249131310527788","1","1","0","0"
"2016","46150","전라남도","순천시","2.4509374807946314","0.0","0.0","0.0","1.0","2.235811022173991","1","1","0","0"
"2016","46170","전라남도","나주시","3.1022999846193295","0.0","0.0","0.0","","","1","1","0","0"
"2016","46230","전라남도","광양시","2.027402744421481","0.0","0.0","0.0","1.0","3.6501299947010497","1","1","0","0"
"2016","46710","전라남도","담양군","2.7479406671938675","0.0","0.0","0.0","","","1","1","0","0"
"2016","46720","전라남도","곡성군","2.0229813885835446","0.0","0.0","0.0","","","1","1","0","0"
"2016","46730","전라남도","구례군","1.5020128749528396","0.0","0.0","0.0","","","1","1","0","0"
"2016","46770","전라남도","고흥군","2.49393398184685","0.0","0.0","0.0","1.0","0.20481883953948898","1","1","0","0"
"2016","46780","전라남도","보성군","3.1525340188567186","0.0","0.0","0.0","1.0","0.34399140242425186","1","1","0","0"
"2016","46790","전라남도","화순군","2.311010673063944","0.0","0.0","0.0","","","1","1","0","0"
"2016","46800","전라남도","장흥군","2.535695223181636","0.0","0.0","0.0","","","1","1","0","0"
"2016","46810","전라남도","강진군","1.9431655609687355","0.0","0.0","0.0","","","1","1","0","0"
"2016","46820","전라남도","해남군","2.569044492138292","0.0","0.0","0.0","","","1","1","0","0"
"2016","46830","전라남도","영암군","1.25015748824723","0.0","0.0","0.0","","","1","1","0","0"
"2016","46840","전라남도","무안군","0.0","0.0","0.0","0.0","1.0","0.1465307391548116","1","1","0","0"
"2016","46860","전라남도","함평군","1.6441761966750719","0.0","0.0","0.0","","","1","1","0","0"
"2016","46870","전라남도","영광군","0.8416473673196126","0.0","0.0","0.0","","","1","1","0","0"
"2016","46880","전라남도","장성군","2.255488194054421","0.0","0.0","0.0","","","1","1","0","0"
"2016","46890","전라남도","완도군","1.4782205288678318","0.0","0.0","0.0","","","1","1","0","0"
"2016","46900","전라남도","진도군","2.514445715392703","0.0","0.0","0.0","","","1","1","0","0"
"2016","46910","전라남도","신안군","0.0","0.0","0.0","0.0","","","1","1","0","0"
"2016","47111","경상북도","포항시 남구","2.4146967785757627","","","","1.0","13.45213064656263","0","1","0","0"
"2016","47113","경상북도","포항시 북구","1.747912526594001","","","","","","0","1","0","0"
"2016","47130","경상북도","경주시","1.4299072893682019","0.0","0.0","0.0","1.0","3.429716263422106","1","1","0","0"
"2016","47150","경상북도","김천시","1.4718806809085143","0.0","0.172233343","0.0","1.0","0.40347823222356827","1","1","0","0"
"2016","47170","경상북도","안동시","1.4346322028807452","0.0","0.0","0.0","1.0","2.0118052061627725","1","1","0","0"
"2016","47190","경상북도","구미시","1.6801623033531565","0.0","0.0","0.0","1.0","5.08714931190675","1","1","0","0"
"2016","47210","경상북도","영주시","1.8585901492460968","0.0","0.0","0.0","1.0","0.7111514069045755","1","1","0","0"
"2016","47230","경상북도","영천시","1.1789350432279222","0.0","0.135903336","0.0","1.0","0.883707375863207","1","1","0","0"
"2016","47250","경상북도","상주시","1.8745447882010968","0.0","0.216214148","0.0","1.0","0.8329748536904122","1","1","0","0"
"2016","47280","경상북도","문경시","1.5855832518626445","0.0","0.063070237","0.0","","","1","1","0","0"
"2016","47290","경상북도","경산시","1.8830879532423734","0.0","0.0","0.0","1.0","0.45077889592758086","1","1","0","0"
"2016","47730","경상북도","의성군","1.0045365973636717","0.0","0.0","0.0","1.0","0.5342490597825028","1","1","0","0"
"2016","47750","경상북도","청송군","1.3835900677563626","0.0","0.0","0.0","","","1","1","0","0"
"2016","47760","경상북도","영양군","1.0870525070422863","0.0","0.0","0.0","","","1","1","0","0"
"2016","47770","경상북도","영덕군","1.0426853227356148","0.0","0.0","0.0","1.0","1.247892702396217","1","1","0","0"
"2016","47820","경상북도","청도군","1.0036015674289929","0.0","0.0","0.0","1.0","1.2966431959121738","1","1","0","0"
"2016","47830","경상북도","고령군","1.066694752795173","0.0","0.0","0.0","1.0","0.7209487648539746","1","1","0","0"
"2016","47840","경상북도","성주군","1.464062294395618","0.0","0.162769482","0.0","1.0","1.5231541749346238","1","1","0","0"
"2016","47850","경상북도","칠곡군","1.4552533242713042","0.0","0.189459329","0.0","1.0","3.3354000960689323","1","1","0","0"
"2016","47900","경상북도","예천군","1.3045216874989363","0.0","0.0","0.0","","","1","1","0","0"
"2016","47920","경상북도","봉화군","1.0774146826393853","0.0","0.070998779","0.0","1.0","0.1251351388216229","1","1","0","0"
"2016","47930","경상북도","울진군","1.0287283034568342","0.0","0.0","0.0","","","1","1","0","0"
"2016","47940","경상북도","울릉군","0.0","0.0","0.0","0.0","","","1","1","0","0"
"2016","48121","경상남도","창원시 의창구","1.5883425275559249","","","","","","0","1","0","0"
"2016","48123","경상남도","창원시 성산구","0.0","","","","","","0","1","0","0"
"2016","48125","경상남도","창원시 마산합포구","1.588548674076729","","","","","","0","1","0","0"
"2016","48127","경상남도","창원시 마산회원구","1.664538104697602","","","","","","0","1","0","0"
"2016","48129","경상남도","창원시 진해구","0.0","","","","","","0","1","0","0"
"2016","48170","경상남도","진주시","1.7786234499911846","0.0","0.0","0.0","1.0","3.507990386169501","1","1","0","0"
"2016","48220","경상남도","통영시","1.4694754361349491","0.0","0.0","0.0","1.0","1.6108890986921724","1","1","0","0"
"2016","48240","경상남도","사천시","1.8159124349238251","0.0","0.0","0.0","1.0","0.05970151197644436","1","1","0","0"
"2016","48250","경상남도","김해시","2.0306046997674025","0.0","0.0","0.0","1.0","4.038461103032623","1","1","0","0"
"2016","48270","경상남도","밀양시","1.3936274810322336","0.0","0.0","0.0","1.0","3.226303420647084","1","1","0","0"
"2016","48310","경상남도","거제시","1.9223938126245466","0.0","0.0","0.0","1.0","2.758143821886935","1","1","0","0"
"2016","48330","경상남도","양산시","2.1988511470847856","0.0","0.0","0.0","1.0","5.840009057795902","1","1","0","0"
"2016","48720","경상남도","의령군","0.48304247513939924","0.0","0.0","0.0","1.0","2.476232538345603","1","1","0","0"
"2016","48730","경상남도","함안군","1.8863894986763743","0.0","0.0","0.0","1.0","0.5659371578085891","1","1","0","0"
"2016","48740","경상남도","창녕군","1.074986465245706","0.0","0.0","0.0","1.0","3.427725625014515","1","1","0","0"
"2016","48820","경상남도","고성군","1.5188182654405695","0.0","0.0","0.0","1.0","0.9430685907873445","1","1","0","0"
"2016","48840","경상남도","남해군","1.359843992531207","0.0","0.0","0.0","1.0","1.6585141667775574","1","1","0","0"
"2016","48850","경상남도","하동군","2.005593535352718","0.0","0.0","0.0","1.0","2.43126059542026","1","1","0","0"
"2016","48860","경상남도","산청군","1.2722397688379665","0.0","0.0","0.0","1.0","0.8140644412615702","1","1","0","0"
"2016","48870","경상남도","함양군","1.9534375452201667","0.0","0.0","0.0","1.0","0.20398241280273402","1","1","0","0"
"2016","48880","경상남도","거창군","1.0822526267944181","0.0","0.0","0.0","1.0","0.41446042999328514","1","1","0","0"
"2016","48890","경상남도","합천군","1.0471025466674213","0.0","0.0","0.0","1.0","0.34417021185596397","1","1","0","0"
"2016","50110","제주특별자치도","제주시","3.0925597495957224","","","","","","0","1","0","0"
"2016","50130","제주특별자치도","서귀포시","2.4147697289219616","","","","","","0","1","0","0"
"2016","51110","강원특별자치도","춘천시","2.390931943069166","0.0","0.0","0.0","1.0","1.6650749827847109","1","1","0","0"
"2016","51130","강원특별자치도","원주시","0.6700739166529438","0.0","0.0","0.0","1.0","1.7233271741086884","1","1","0","0"
"2016","51150","강원특별자치도","강릉시","1.800374004003916","0.0","0.0","0.0","","","1","1","0","0"
"2016","51170","강원특별자치도","동해시","0.0","0.0","0.0","0.0","","","1","1","0","0"
"2016","51190","강원특별자치도","태백시","1.6993875424570484","0.0","0.0","0.0","","","1","1","0","0"
"2016","51210","강원특별자치도","속초시","2.457301945571374","0.0","0.0","0.0","","","1","1","0","0"
"2016","51230","강원특별자치도","삼척시","0.6799243013693317","0.0","0.520416948","0.0","","","1","1","0","0"
"2016","51720","강원특별자치도","홍천군","1.5360660559201387","0.0","0.0","0.0","","","1","1","0","0"
"2016","51730","강원특별자치도","횡성군","1.1156108655513437","0.0","0.0","0.0","1.0","0.8237523687895162","1","1","0","0"
"2016","51750","강원특별자치도","영월군","0.32764390646552816","0.0","0.0","0.0","","","1","1","0","0"
"2016","51760","강원특별자치도","평창군","1.001365285090081","0.0","0.0","0.0","","","1","1","0","0"
"2016","51770","강원특별자치도","정선군","1.5052280802782798","0.0","0.0","0.0","1.0","0.8137472553936301","1","1","0","0"
"2016","51780","강원특별자치도","철원군","4.752710761516938","0.0","0.0","0.0","","","1","1","0","0"
"2016","51790","강원특별자치도","화천군","1.7110125043433964","0.0","0.0","0.0","","","1","1","0","0"
"2016","51800","강원특별자치도","양구군","3.399940893274757","0.0","0.0","0.0","","","1","1","0","0"
"2016","51810","강원특별자치도","인제군","1.150772805942683","0.0","0.0","0.0","","","1","1","0","0"
"2016","51820","강원특별자치도","고성군","2.825922339168735","0.0","0.0","0.0","","","1","1","0","0"
"2016","51830","강원특별자치도","양양군","1.8494016648242275","0.0","0.0","0.0","","","1","1","0","0"
"2017","11110","서울특별시","종로구","0.0","0.0","0.0","0.0","","","1","1","0","0"
"2017","11140","서울특별시","중구","0.0","0.0","0.0","0.0","","","1","1","0","0"
"2017","11170","서울특별시","용산구","0.0","0.0","","","","","1","1","0","0"
"2017","11200","서울특별시","성동구","0.0","0.0","0.018653553","0.0","","","1","1","0","0"
"2017","11215","서울특별시","광진구","0.0","0.0","","","","","1","1","0","0"
"2017","11230","서울특별시","동대문구","0.0","0.0","","","","","1","1","0","0"
"2017","11260","서울특별시","중랑구","4.848204860781462","0.0","","","","","1","1","0","0"
"2017","11290","서울특별시","성북구","0.0","0.0","","","","","1","1","0","0"
"2017","11305","서울특별시","강북구","0.0","0.0","","","","","1","1","0","0"
"2017","11320","서울특별시","도봉구","0.0","0.0","0.0","0.0","","","1","1","0","0"
"2017","11350","서울특별시","노원구","0.0","0.0","0.0","0.0","","","1","1","0","0"
"2017","11380","서울특별시","은평구","3.7721619326673594","0.0","0.527784504","0.0","","","1","1","0","0"
"2017","11410","서울특별시","서대문구","0.0","0.0","0.0","0.0","","","1","1","0","0"
"2017","11440","서울특별시","마포구","0.0","0.0","0.0","0.0","","","1","1","0","0"
"2017","11470","서울특별시","양천구","0.0","0.0","","","","","1","1","0","0"
"2017","11500","서울특별시","강서구","0.0","0.0","0.0","0.0","","","1","1","0","0"
"2017","11530","서울특별시","구로구","0.0","0.0","0.0","0.0","","","1","1","0","0"
"2017","11545","서울특별시","금천구","5.969796480460376","0.0","0.418065725","0.0","","","1","1","0","0"
"2017","11560","서울특별시","영등포구","","","","","","","0","1","0","0"
"2017","11590","서울특별시","동작구","0.0","0.0","","","","","1","1","0","0"
"2017","11620","서울특별시","관악구","3.50614143500919","0.0","","","","","1","1","0","0"
"2017","11650","서울특별시","서초구","0.0","0.0","0.032729233","0.0","","","1","1","0","0"
"2017","11680","서울특별시","강남구","0.0","0.0","","","","","1","1","0","0"
"2017","11710","서울특별시","송파구","0.0","12.479879064996561","0.480264176","0.0773953872349208","1.0","22.5470989571888","1","1","0","0"
"2017","11740","서울특별시","강동구","0.0","0.0","0.006542612","0.0","","","1","1","0","0"
"2017","26110","부산광역시","중구","0.0","0.0","","","","","1","1","0","0"
"2017","26140","부산광역시","서구","0.0","0.0","0.915682873","0.0","","","1","1","0","0"
"2017","26170","부산광역시","동구","0.0","0.0","0.966922893","0.0","","","1","1","0","0"
"2017","26200","부산광역시","영도구","0.0","0.0","0.669054574","0.0","","","1","1","0","0"
"2017","26230","부산광역시","부산진구","0.0","0.0","0.959743684","0.0","1.0","2.7782241123074805","1","1","0","0"
"2017","26260","부산광역시","동래구","3.639680185615748","0.0","0.906223462","0.0","","","1","1","0","0"
"2017","26290","부산광역시","남구","0.0","0.0","0.767918802","0.0","","","1","1","0","0"
"2017","26320","부산광역시","북구","0.0","0.0","0.830638201","0.0","","","1","1","0","0"
"2017","26350","부산광역시","해운대구","0.0","0.0","0.770893023","0.0","","","1","1","0","0"
"2017","26380","부산광역시","사하구","0.0","0.0","0.0","0.0","","","1","1","0","0"
"2017","26410","부산광역시","금정구","1.8590600692567483","10.118074014672645","0.0","0.1782763888022944","1.0","3.045290148307508","1","1","0","0"
"2017","26440","부산광역시","강서구","0.0","10.457490331436778","0.644814537","0.2305407076909484","","","1","1","0","0"
"2017","26470","부산광역시","연제구","0.0","0.0","0.970323741","0.0","","","1","1","0","0"
"2017","26500","부산광역시","수영구","0.0","0.0","0.0","0.0","","","1","1","0","0"
"2017","26530","부산광역시","사상구","0.0","0.0","0.926595613","0.0","","","1","1","0","0"
"2017","26710","부산광역시","기장군","2.534336654957796","9.402357887468847","0.0","0.0723612829872124","","","1","1","0","0"
"2017","27110","대구광역시","중구","","","","","","","0","1","0","0"
"2017","27140","대구광역시","동구","0.0","0.0","","","","","1","1","0","0"
"2017","27170","대구광역시","서구","0.0","0.0","0.562934442","0.0","","","1","1","0","0"
"2017","27200","대구광역시","남구","0.0","0.0","","","","","1","1","0","0"
"2017","27230","대구광역시","북구","0.0","0.0","0.402907852","0.0","","","1","1","0","0"
"2017","27260","대구광역시","수성구","0.0","0.0","0.301839511","0.0","","","1","1","0","0"
"2017","27290","대구광역시","달서구","0.0","0.0","0.427061756","0.0","","","1","1","0","0"
"2017","27710","대구광역시","달성군","1.1251549848069735","0.0","0.403786046","0.0","1.0","0.04806403770000665","1","1","0","0"
"2017","27720","대구광역시","군위군","0.4331560632308906","","","","1.0","1.2405802445368257","0","1","0","0"
"2017","28110","인천광역시","중구","0.0","9.577279103933419","0.459572048","0.2384019540595252","","","1","1","0","0"
"2017","28140","인천광역시","동구","0.0","0.0","","","","","1","1","0","0"
"2017","28177","인천광역시","미추홀구","0.0","","","","","","0","1","0","0"
"2017","28185","인천광역시","연수구","0.0","0.0","0.0","0.0","","","1","1","0","0"
"2017","28200","인천광역시","남동구","0.0","12.02508837997953","0.526516856","0.0922704250165161","","","1","1","0","0"
"2017","28237","인천광역시","부평구","0.0","0.0","0.662966092","0.0","","","1","1","0","0"
"2017","28245","인천광역시","계양구","0.0","12.063399761311487","0.377444043","0.0978991192514324","","","1","1","0","0"
"2017","28260","인천광역시","서구","4.6239142146816326","11.875985479633549","0.483730456","0.1481412175648702","","","1","1","0","0"
"2017","28710","인천광역시","강화군","","","0.19917302","0.0609962289348988","","","0","1","0","0"
"2017","28720","인천광역시","옹진군","0.0","0.0","0.247169731","0.0","","","1","1","0","0"
"2017","29110","광주광역시","동구","0.0","0.0","0.769966062","0.0","","","1","1","0","0"
"2017","29140","광주광역시","서구","5.102671896535852","11.796696300338612","0.0","0.1457176932664974","1.0","25.13208921570337","1","1","0","0"
"2017","29155","광주광역시","남구","0.0","9.394179751188279","0.0","0.0720076433478987","1.0","9.918609398165675","1","1","0","0"
"2017","29170","광주광역시","북구","0.0","0.0","0.062166227","0.0","","","1","1","0","0"
"2017","29200","광주광역시","광산구","0.0","0.0","0.633090565","0.0","1.0","3.61885518504658","1","1","0","0"
"2017","30110","대전광역시","동구","0.0","9.739440736247621","0.695921548","0.1480711780750747","","","1","1","0","0"
"2017","30140","대전광역시","중구","0.0","0.0","0.0","0.0","","","1","1","0","0"
"2017","30170","대전광역시","서구","0.0","0.0","0.647013051","0.0","","","1","1","0","0"
"2017","30200","대전광역시","유성구","0.0","0.0","0.0","0.0","","","1","1","0","0"
"2017","30230","대전광역시","대덕구","0.0","0.0","0.740542632","0.0","","","1","1","0","0"
"2017","31110","울산광역시","중구","0.0","10.486747250114153","0.230229608","0.0278085721123695","1.0","4.654959422906975","1","1","0","0"
"2017","31140","울산광역시","남구","0.0","0.0","0.679019133","0.0","1.0","16.502544563478338","1","1","0","0"
"2017","31170","울산광역시","동구","0.0","10.389967749335804","0.0","0.0181285024584793","1.0","3.878562776286484","1","1","0","0"
"2017","31200","울산광역시","북구","1.4043002114220589","9.770827304450817","0.0","0.0173702268825897","1.0","3.14519087914535","1","1","0","0"
"2017","31710","울산광역시","울주군","2.2868012587571425","8.882121669599933","0.0","0.0133041528757986","1.0","4.601726761372096","1","1","0","0"
"2017","36110","세종특별자치시","세종시","2.18588341511161","","","","1.0","10.33393154532805","0","1","0","0"
"2017","41111","경기도","수원시 장안구","0.0","","","","","","0","1","0","0"
"2017","41113","경기도","수원시 권선구","0.0","","","","","","0","1","0","0"
"2017","41115","경기도","수원시 팔달구","0.0","","","","","","0","1","0","0"
"2017","41117","경기도","수원시 영통구","0.0","","","","","","0","1","0","0"
"2017","41131","경기도","성남시 수정구","0.0","","","","1.0","175.01795668975186","0","1","0","0"
"2017","41133","경기도","성남시 중원구","5.668833403165514","","","","","","0","1","0","0"
"2017","41135","경기도","성남시 분당구","0.0","","","","","","0","1","0","0"
"2017","41150","경기도","의정부시","0.0","0.0","0.0","0.0","","","1","1","0","0"
"2017","41171","경기도","안양시 만안구","0.0","","","","","","0","1","0","0"
"2017","41173","경기도","안양시 동안구","0.0","","","","","","0","1","0","0"
"2017","41190","경기도","부천시","0.0","0.0","","","","","1","1","0","0"
"2017","41210","경기도","광명시","0.0","0.0","","","","","1","1","0","0"
"2017","41220","경기도","평택시","0.0","0.0","0.0","0.0","1.0","17.64262123504528","1","1","0","0"
"2017","41250","경기도","동두천시","0.0","0.0","0.086544082","0.0","1.0","15.385087619048202","1","1","0","0"
"2017","41271","경기도","안산시 상록구","5.005618997732435","","","","","","0","1","0","0"
"2017","41273","경기도","안산시 단원구","3.574586113436977","","","","","","0","1","0","0"
"2017","41281","경기도","고양시 덕양구","0.0","","","","","","0","1","0","0"
"2017","41285","경기도","고양시 일산동구","0.0","","","","","","0","1","0","0"
"2017","41287","경기도","고양시 일산서구","0.0","","","","","","0","1","0","0"
"2017","41290","경기도","과천시","3.8237175555317333","0.0","0.028473293","0.0","1.0","2.256612624942787","1","1","0","0"
"2017","41310","경기도","구리시","0.0","0.0","0.664335399","0.0","","","1","1","0","0"
"2017","41360","경기도","남양주시","2.2757443742447476","9.717026010776202","0.125056403","0.0406956819739547","1.0","10.218568287872989","1","1","0","0"
"2017","41370","경기도","오산시","0.0","0.0","0.0","0.0","","","1","1","0","0"
"2017","41390","경기도","시흥시","0.0","0.0","0.503853225","0.0","","","1","1","0","0"
"2017","41410","경기도","군포시","0.0","0.0","0.484144251","0.0","","","1","1","0","0"
"2017","41430","경기도","의왕시","0.0","0.0","0.51365208","0.0","1.0","15.65362748477599","1","1","0","0"
"2017","41450","경기도","하남시","0.0","0.0","0.345702501","0.0","1.0","45.968654294207305","1","1","0","0"
"2017","41461","경기도","용인시 처인구","3.0090012309611636","","","","1.0","15.980653909486088","0","1","0","0"
"2017","41463","경기도","용인시 기흥구","3.442809018477251","","","","","","0","1","0","0"
"2017","41465","경기도","용인시 수지구","0.0","","","","","","0","1","0","0"
"2017","41480","경기도","파주시","0.0","0.0","0.44625679","0.0","1.0","16.61360162362581","1","1","0","0"
"2017","41500","경기도","이천시","3.84110346687409","0.0","0.459807903","0.0","1.0","13.998076281967732","1","1","0","0"
"2017","41550","경기도","안성시","2.2673242325901652","0.0","0.269187697","0.0","1.0","7.303393676125394","1","1","0","0"
"2017","41570","경기도","김포시","0.0","0.0","0.422122008","0.0","","","1","1","0","0"
"2017","41590","경기도","화성시","2.335462113253623","0.0","0.814432255","0.0","1.0","2.5315470493290144","1","1","0","0"
"2017","41610","경기도","광주시","2.8167078386844038","9.611571457290474","0.16529361","0.0197930635896198","1.0","22.433831185799672","1","1","0","0"
"2017","41630","경기도","양주시","0.0","9.8104509788233","0.42963523","0.1279512496709781","1.0","3.6047750980536883","1","1","0","0"
"2017","41650","경기도","포천시","0.8020973174200708","0.0","0.0","0.0","1.0","8.126544288512077","1","1","0","0"
"2017","41670","경기도","여주시","1.758439110009327","0.0","","","1.0","4.5982679160558115","1","1","0","0"
"2017","41800","경기도","연천군","0.0","11.229968280478001","0.238241553","0.0764798857900372","1.0","48.05747479594534","1","1","0","0"
"2017","41820","경기도","가평군","1.1231323643669833","7.586674733807457","0.313647124","0.1020660313503873","1.0","3.564559549979538","1","1","0","0"
"2017","41830","경기도","양평군","1.085472722801166","7.935657429791089","0.29596981","0.0751065326871536","1.0","5.980167221801043","1","1","0","0"
"2017","43111","충청북도","청주시 상당구","1.8475873797243378","","","","1.0","2.461674022814428","0","1","0","0"
"2017","43112","충청북도","청주시 서원구","5.101273570961163","","","","","","0","1","0","0"
"2017","43113","충청북도","청주시 흥덕구","5.568352028466287","","","","","","0","1","0","0"
"2017","43114","충청북도","청주시 청원구","3.669652639598743","","","","","","0","1","0","0"
"2017","43130","충청북도","충주시","2.57672339293489","0.0","0.192537027","0.0","","","1","1","0","0"
"2017","43150","충청북도","제천시","2.2991674262882356","0.0","0.042978031","0.0","1.0","1.2132700042397448","1","1","0","0"
"2017","43720","충청북도","보은군","2.1461533573803075","0.0","0.757683646","0.0","","","1","1","0","0"
"2017","43730","충청북도","옥천군","0.0","0.0","0.125529101","0.0","","","1","1","0","0"
"2017","43740","충청북도","영동군","2.0906703197366467","7.968243265855634","0.378047396","0.0718581317763163","1.0","1.0882471236889222","1","1","0","0"
"2017","43745","충청북도","증평군","0.0","0.0","0.840129774","0.0","","","1","1","0","0"
"2017","43750","충청북도","진천군","2.7870126005516918","0.0","0.101775986","0.0","","","1","1","0","0"
"2017","43760","충청북도","괴산군","1.483223893840756","0.0","0.095305042","0.0","","","1","1","0","0"
"2017","43770","충청북도","음성군","2.9282949162595266","0.0","0.426772766","0.0","","","1","1","0","0"
"2017","43800","충청북도","단양군","0.8208431204074615","7.503395084343155","0.561232257","0.0693774911083616","1.0","0.5342984890304828","1","1","0","0"
"2017","44131","충청남도","천안시 동남구","2.61139734356423","","","","1.0","4.047160767405161","0","1","0","0"
"2017","44133","충청남도","천안시 서북구","0.0","","","","","","0","1","0","0"
"2017","44150","충청남도","공주시","2.546203388933251","0.0","0.205773704","0.0","","","1","1","0","0"
"2017","44180","충청남도","보령시","1.5195504097465728","8.247120288480783","0.205236637","0.0720125597181207","1.0","1.1451320368927904","1","1","0","0"
"2017","44200","충청남도","아산시","2.855384856138697","0.0","0.111430698","0.0","","","1","1","0","0"
"2017","44210","충청남도","서산시","0.6274922460749682","0.0","0.0","0.0","","","1","1","0","0"
"2017","44230","충청남도","논산시","3.028203052823415","0.0","0.496377629","0.0","1.0","0.9108053619372088","1","1","0","0"
"2017","44250","충청남도","계룡시","0.0","0.0","0.57294591","0.0","","","1","1","0","0"
"2017","44270","충청남도","당진시","2.404554933837705","0.0","0.361663205","0.0","","","1","1","0","0"
"2017","44710","충청남도","금산군","2.154316496001003","7.907039088361171","0.331332126","0.0420401106908739","1.0","1.311914928277448","1","1","0","0"
"2017","44760","충청남도","부여군","2.0998741030756527","0.0","0.0","0.0","1.0","0.2835604899645688","1","1","0","0"
"2017","44770","충청남도","서천군","1.040484536129546","0.0","0.276182349","0.0","1.0","0.7060139363132584","1","1","0","0"
"2017","44790","충청남도","청양군","1.5571192779403842","0.0","0.0","0.0","1.0","0.3319435445029159","1","1","0","0"
"2017","44800","충청남도","홍성군","2.0166566713287986","0.0","0.0","0.0","","","1","1","0","0"
"2017","44810","충청남도","예산군","1.840370301417983","0.0","0.250939425","0.0","","","1","1","0","0"
"2017","44825","충청남도","태안군","0.5504352063403257","0.0","0.0","0.0","","","1","1","0","0"
"2017","45111","전라북도","전주시 완산구","0.0","","","","","","0","1","0","0"
"2017","45113","전라북도","전주시 덕진구","0.0","","","","","","0","1","0","0"
"2017","45130","전라북도","군산시","1.6928165301878575","0.0","0.0","0.0","1.0","15.908393858892182","1","1","0","0"
"2017","45140","전라북도","익산시","0.0","9.158517804113782","0.331986147","0.0454729496848747","1.0","3.930133580988212","1","1","0","0"
"2017","45180","전라북도","정읍시","2.1992462441979583","0.0","0.230700632","0.0","1.0","0.7816755794439623","1","1","0","0"
"2017","45190","전라북도","남원시","1.699371888662432","0.0","0.695721279","0.0","","","1","1","0","0"
"2017","45210","전라북도","김제시","0.0","9.107232887222821","0.531781415","0.0898123831333907","1.0","2.105656764689842","1","1","0","0"
"2017","45710","전라북도","완주군","1.10901252496341","0.0","0.0","0.0","","","1","1","0","0"
"2017","45720","전라북도","진안군","1.5192934275195018","0.0","0.414939593","0.0","","","1","1","0","0"
"2017","45730","전라북도","무주군","2.467591638486618","0.0","0.0","0.0","","","1","1","0","0"
"2017","45740","전라북도","장수군","2.8317010740253656","0.0","0.977247389","0.0","","","1","1","0","0"
"2017","45750","전라북도","임실군","1.424664447822283","8.887177431802442","0.241518393","0.1064658321260973","1.0","1.324451832233092","1","1","0","0"
"2017","45770","전라북도","순창군","1.670400151889266","7.743511934409688","0.316386441","0.0330628718442037","1.0","1.4189712625635433","1","1","0","0"
"2017","45790","전라북도","고창군","0.6803211528310366","0.0","0.502932098","0.0","","","1","1","0","0"
"2017","45800","전라북도","부안군","0.0","0.0","0.224731058","0.0","","","1","1","0","0"
"2017","46110","전라남도","목포시","3.0766871210233","0.0","0.936458794","0.0","1.0","0.6516228194166204","1","1","0","0"
"2017","46130","전라남도","여수시","1.8627259671043552","7.857714411014501","0.0","0.0838193384448424","1.0","3.7249131310527788","1","1","0","0"
"2017","46150","전라남도","순천시","2.4509374807946314","0.0","0.387527392","0.0","1.0","2.8203265919698963","1","1","0","0"
"2017","46170","전라남도","나주시","2.8294886949401796","0.0","0.560009404","0.0","","","1","1","0","0"
"2017","46230","전라남도","광양시","2.027402744421481","8.455203867664887","0.329897295","0.0595301504546223","1.0","4.831505340982957","1","1","0","0"
"2017","46710","전라남도","담양군","2.6496726783976863","0.0","0.963554004","0.0","","","1","1","0","0"
"2017","46720","전라남도","곡성군","2.0229813885835446","0.0","0.896533675","0.0","","","1","1","0","0"
"2017","46730","전라남도","구례군","1.5020128749528396","0.0","0.569022664","0.0","1.0","0.13997784133399124","1","1","0","0"
"2017","46770","전라남도","고흥군","2.4348859895316632","7.590730035577928","0.390404131","0.1251520487609947","1.0","0.20481883953948898","1","1","0","0"
"2017","46780","전라남도","보성군","3.1525340188567186","8.06850523633864","0.331307668","0.0919779123918452","1.0","0.34399140242425186","1","1","0","0"
"2017","46790","전라남도","화순군","2.239197425434422","0.0","0.843085829","0.0","","","1","1","0","0"
"2017","46800","전라남도","장흥군","2.6331035403726175","0.0","0.111386486","0.0","","","1","1","0","0"
"2017","46810","전라남도","강진군","1.9431655609687355","0.0","0.010503547","0.0","","","1","1","0","0"
"2017","46820","전라남도","해남군","2.5096002206284407","0.0","0.009138723","0.0","","","1","1","0","0"
"2017","46830","전라남도","영암군","1.25015748824723","0.0","0.79024633","0.0","","","1","1","0","0"
"2017","46840","전라남도","무안군","0.0","8.737777306802613","0.241986761","0.0775738176117063","1.0","0.1465307391548116","1","1","0","0"
"2017","46860","전라남도","함평군","1.6441761966750719","0.0","0.664267964","0.0","","","1","1","0","0"
"2017","46870","전라남도","영광군","1.6015182518664863","0.0","0.300491989","0.0","","","1","1","0","0"
"2017","46880","전라남도","장성군","2.118657054282761","0.0","0.171542769","0.0","","","1","1","0","0"
"2017","46890","전라남도","완도군","0.9904952944375216","0.0","0.036312057","0.0","","","1","1","0","0"
"2017","46900","전라남도","진도군","2.514445715392703","0.0","0.0","0.0","","","1","1","0","0"
"2017","46910","전라남도","신안군","0.0","0.0","0.026608168","0.0","1.0","0.18156907817357062","1","1","0","0"
"2017","47111","경상북도","포항시 남구","2.4146967785757627","","","","1.0","14.167941973128926","0","1","0","0"
"2017","47113","경상북도","포항시 북구","1.8594363863749601","","","","","","0","1","0","0"
"2017","47130","경상북도","경주시","1.5110436439453665","6.9151929541202595","0.0","0.0048083910979977","1.0","4.119056778275013","1","1","0","0"
"2017","47150","경상북도","김천시","1.6480388087617812","0.0","0.0","0.0","1.0","0.5351731243306577","1","1","0","0"
"2017","47170","경상북도","안동시","1.385849107822605","6.346796534615896","0.025684346","0.0026708158229677","1.0","2.2821046776276424","1","1","0","0"
"2017","47190","경상북도","구미시","1.6801623033531565","0.0","0.0","0.0","1.0","5.3732376017082455","1","1","0","0"
"2017","47210","경상북도","영주시","1.6215670524820092","7.565266015730452","0.0","0.0401802896646426","1.0","0.9621898163657984","1","1","0","0"
"2017","47230","경상북도","영천시","1.1789350432279222","0.0","0.108701055","0.0","1.0","1.675937757953921","1","1","0","0"
"2017","47250","경상북도","상주시","1.8745447882010968","0.0","0.220238696","0.0","1.0","1.0414944596851174","1","1","0","0"
"2017","47280","경상북도","문경시","1.5855832518626445","7.52024300119917","0.0","0.0481077613855035","","","1","1","0","0"
"2017","47290","경상북도","경산시","1.8830879532423734","8.287103899850885","0.0","0.0609333709623624","1.0","1.001788165839925","1","1","0","0"
"2017","47730","경상북도","의성군","0.8928998160097805","0.0","0.079419261","0.0","1.0","0.7737987002907463","1","1","0","0"
"2017","47750","경상북도","청송군","1.2703696947139036","7.104990395572963","0.0","0.0513066082911479","","","1","1","0","0"
"2017","47760","경상북도","영양군","1.0870525070422863","7.022285551786676","0.134891615","0.0438959926809208","1.0","0.3242715436833925","1","1","0","0"
"2017","47770","경상북도","영덕군","1.0426853227356148","0.0","0.0","0.0","1.0","1.247892702396217","1","1","0","0"
"2017","47820","경상북도","청도군","1.1951699949360692","8.906521112519565","0.258259298","0.2082093991671624","1.0","2.433322902039891","1","1","0","0"
"2017","47830","경상북도","고령군","1.066694752795173","0.0","0.0","0.0","1.0","2.0098138181734115","1","1","0","0"
"2017","47840","경상북도","성주군","1.464062294395618","0.0","0.096164757","0.0","1.0","1.9543766366360582","1","1","0","0"
"2017","47850","경상북도","칠곡군","1.4552533242713042","0.0","0.108385548","0.0","1.0","3.7621955048484637","1","1","0","0"
"2017","47900","경상북도","예천군","1.0262627536184348","0.0","0.0","0.0","1.0","0.5001193555988017","1","1","0","0"
"2017","47920","경상북도","봉화군","0.991376644129919","6.538260635787484","0.0","0.0421607612014485","1.0","0.18954293086216406","1","1","0","0"
"2017","47930","경상북도","울진군","0.9324472781453266","7.9822001755705045","0.13908387","0.1810408898318543","","","1","1","0","0"
"2017","47940","경상북도","울릉군","0.0","0.0","","","","","1","1","0","0"
"2017","48121","경상남도","창원시 의창구","1.5883425275559249","","","","","","0","1","0","0"
"2017","48123","경상남도","창원시 성산구","0.0","","","","","","0","1","0","0"
"2017","48125","경상남도","창원시 마산합포구","1.588548674076729","","","","","","0","1","0","0"
"2017","48127","경상남도","창원시 마산회원구","1.664538104697602","","","","","","0","1","0","0"
"2017","48129","경상남도","창원시 진해구","0.0","","","","","","0","1","0","0"
"2017","48170","경상남도","진주시","1.9323962677014748","7.496951399151607","0.78209606","0.0272653665636505","1.0","3.507990386169501","1","1","0","0"
"2017","48220","경상남도","통영시","1.4694754361349491","0.0","0.430811174","0.0","1.0","2.0178787400820917","1","1","0","0"
"2017","48240","경상남도","사천시","1.8159124349238251","7.514483475222949","0.0","0.0243529225443984","1.0","3.35546515157263","1","1","0","0"
"2017","48250","경상남도","김해시","2.0306046997674025","0.0","0.0","0.0","1.0","4.038461103032623","1","1","0","0"
"2017","48270","경상남도","밀양시","1.3936274810322336","5.888314157832496","0.150291172","0.0016580457979984","1.0","3.8056333858813547","1","1","0","0"
"2017","48310","경상남도","거제시","1.7923268498455212","7.773784063777182","0.14991576","0.0142679165464364","1.0","2.758143821886935","1","1","0","0"
"2017","48330","경상남도","양산시","2.1988511470847856","7.957207384448166","0.197184595","0.0224841078572352","1.0","5.840009057795902","1","1","0","0"
"2017","48720","경상남도","의령군","0.8073672146564502","6.0947512688892695","0.424021866","0.019894913758927","1.0","2.476232538345603","1","1","0","0"
"2017","48730","경상남도","함안군","1.7004497817449191","7.951774343497301","0.41239715","0.0689261761374285","1.0","0.5659371578085891","1","1","0","0"
"2017","48740","경상남도","창녕군","1.074986465245706","7.226955898109427","0.194041738","0.0195450879410081","1.0","3.427725625014515","1","1","0","0"
"2017","48820","경상남도","고성군","1.379358956265931","6.051194517404458","0.363086807","0.0171078471385289","1.0","0.9430685907873445","1","1","0","0"
"2017","48840","경상남도","남해군","1.359843992531207","6.534948164318326","0.274284487","0.0180008588678101","1.0","1.6585141667775574","1","1","0","0"
"2017","48850","경상남도","하동군","1.915075697227141","0.0","0.0","0.0","1.0","3.0016307653920205","1","1","0","0"
"2017","48860","경상남도","산청군","1.4067351143556297","5.905663294233061","0.585282424","0.0278573746203132","1.0","1.4458442099074225","1","1","0","0"
"2017","48870","경상남도","함양군","1.9534375452201667","6.174316017347249","0.791751264","0.0294668590875446","1.0","0.20398241280273402","1","1","0","0"
"2017","48880","경상남도","거창군","0.9015791325871964","5.85400461930352","0.571576745","0.0539706349910288","1.0","0.435339557116299","1","1","0","0"
"2017","48890","경상남도","합천군","0.932617780933752","5.396555424074705","0.494503625","0.0281981069359587","1.0","0.6519692209544465","1","1","0","0"
"2017","50110","제주특별자치도","제주시","2.880698718045113","","","","","","0","1","0","0"
"2017","50130","제주특별자치도","서귀포시","2.4147697289219616","","","","","","0","1","0","0"
"2017","51110","강원특별자치도","춘천시","2.3360125361452164","0.0","0.394711171","0.0","1.0","2.729709589993642","1","1","0","0"
"2017","51130","강원특별자치도","원주시","0.6700739166529438","8.31409294804177","0.476725246","0.0705495604473584","1.0","1.7233271741086884","1","1","0","0"
"2017","51150","강원특별자치도","강릉시","1.800374004003916","0.0","0.471111794","0.0","","","1","1","0","0"
"2017","51170","강원특별자치도","동해시","0.0","0.0","0.800291801","0.0","","","1","1","0","0"
"2017","51190","강원특별자치도","태백시","1.6993875424570484","0.0","0.823745358","0.0","","","1","1","0","0"
"2017","51210","강원특별자치도","속초시","2.457301945571374","0.0","0.766873853","0.0","","","1","1","0","0"
"2017","51230","강원특별자치도","삼척시","0.7962272769370019","0.0","0.685040753","0.0","","","1","1","0","0"
"2017","51720","강원특별자치도","홍천군","1.5946813390463785","7.090130055227195","0.0","0.0708239936780266","1.0","0.7168578774903214","1","1","0","0"
"2017","51730","강원특별자치도","횡성군","1.1156108655513437","7.693238926153832","0.710059681","0.1050802296771148","1.0","0.9555568506590877","1","1","0","0"
"2017","51750","강원특별자치도","영월군","0.32764390646552816","0.0","0.202498326","0.0","","","1","1","0","0"
"2017","51760","강원특별자치도","평창군","1.148194041316427","0.0","0.490875239","0.0","","","1","1","0","0"
"2017","51770","강원특별자치도","정선군","1.5052280802782798","7.572222339626077","0.577699795","0.0436682943229904","1.0","1.2957485970587765","1","1","0","0"
"2017","51780","강원특별자치도","철원군","4.752710761516938","0.0","0.631798153","0.0","","","1","1","0","0"
"2017","51790","강원특별자치도","화천군","1.7110125043433964","0.0","0.0","0.0","","","1","1","0","0"
"2017","51800","강원특별자치도","양구군","3.123322473156971","0.0","1.0","0.0","","","1","1","0","0"
"2017","51810","강원특별자치도","인제군","1.150772805942683","0.0","0.123761018","0.0","1.0","0.2283430585335894","1","1","0","0"
"2017","51820","강원특별자치도","고성군","2.998319144924825","0.0","0.0","0.0","","","1","1","0","0"
"2017","51830","강원특별자치도","양양군","1.738097307680652","0.0","0.531464384","0.0","","","1","1","0","0"
"2018","11110","서울특별시","종로구","0.0","0.0","0.0","0.0","","","1","1","0","0"
"2018","11140","서울특별시","중구","0.0","0.0","0.0","0.0","","","1","1","0","0"
"2018","11170","서울특별시","용산구","0.0","0.0","","","","","1","1","0","0"
"2018","11200","서울특별시","성동구","0.0","0.0","0.0","0.0","","","1","1","0","0"
"2018","11215","서울특별시","광진구","0.0","0.0","","","","","1","1","0","0"
"2018","11230","서울특별시","동대문구","0.0","0.0","","","","","1","1","0","0"
"2018","11260","서울특별시","중랑구","4.848204860781462","0.0","","","","","1","1","0","0"
"2018","11290","서울특별시","성북구","0.0","0.0","","","","","1","1","0","0"
"2018","11305","서울특별시","강북구","0.0","0.0","","","","","1","1","0","0"
"2018","11320","서울특별시","도봉구","0.0","0.0","","","","","1","1","0","0"
"2018","11350","서울특별시","노원구","0.0","0.0","","","","","1","1","0","0"
"2018","11380","서울특별시","은평구","3.7721619326673594","10.50585073736973","0.355652174","0.1495652173913043","","","1","1","0","0"
"2018","11410","서울특별시","서대문구","0.0","0.0","0.0","0.0","","","1","1","0","0"
"2018","11440","서울특별시","마포구","0.0","0.0","0.0","0.0","","","1","1","0","0"
"2018","11470","서울특별시","양천구","0.0","0.0","0.0","0.0","","","1","1","0","0"
"2018","11500","서울특별시","강서구","0.0","12.168110011123368","0.056388146","0.0266486584764032","","","1","1","0","0"
"2018","11530","서울특별시","구로구","0.0","12.596138157805466","0.066489298","0.0285271578542772","","","1","1","0","0"
"2018","11545","서울특별시","금천구","5.969796480460376","0.0","0.145877049","0.0","","","1","1","0","0"
"2018","11560","서울특별시","영등포구","","","","","","","0","1","0","0"
"2018","11590","서울특별시","동작구","0.0","0.0","0.295173352","0.0","","","1","1","0","0"
"2018","11620","서울특별시","관악구","3.50614143500919","0.0","","","","","1","1","0","0"
"2018","11650","서울특별시","서초구","0.0","0.0","0.027645415","0.0","","","1","1","0","0"
"2018","11680","서울특별시","강남구","0.0","0.0","","","","","1","1","0","0"
"2018","11710","서울특별시","송파구","0.0","12.716267042555971","0.146715419","0.0335611961916874","1.0","22.5470989571888","1","1","0","0"
"2018","11740","서울특별시","강동구","0.0","13.167088079569663","0.010168671","0.1533370995077072","","","1","1","0","0"
"2018","26110","부산광역시","중구","0.0","0.0","","","","","1","1","0","0"
"2018","26140","부산광역시","서구","0.0","0.0","0.799041143","0.0","","","1","1","0","0"
"2018","26170","부산광역시","동구","0.0","0.0","0.933632354","0.0","","","1","1","0","0"
"2018","26200","부산광역시","영도구","0.0","0.0","0.809602812","0.0","","","1","1","0","0"
"2018","26230","부산광역시","부산진구","0.0","0.0","0.824922719","0.0","1.0","3.66440375582994","1","1","0","0"
"2018","26260","부산광역시","동래구","3.639680185615748","0.0","0.770557029","0.0","","","1","1","0","0"
"2018","26290","부산광역시","남구","0.0","0.0","0.632172938","0.0","","","1","1","0","0"
"2018","26320","부산광역시","북구","0.0","0.0","0.700313816","0.0","","","1","1","0","0"
"2018","26350","부산광역시","해운대구","0.0","0.0","0.715435586","0.0","","","1","1","0","0"
"2018","26380","부산광역시","사하구","0.0","0.0","0.0","0.0","","","1","1","0","0"
"2018","26410","부산광역시","금정구","1.8590600692567483","9.905539382987996","0.0","0.1454775707330118","1.0","3.045290148307508","1","1","0","0"
"2018","26440","부산광역시","강서구","0.0","10.62411614838697","0.438592734","0.3864497087784365","","","1","1","0","0"
"2018","26470","부산광역시","연제구","0.0","0.0","0.906293276","0.0","","","1","1","0","0"
"2018","26500","부산광역시","수영구","0.0","0.0","0.0","0.0","","","1","1","0","0"
"2018","26530","부산광역시","사상구","0.0","0.0","0.819604515","0.0","","","1","1","0","0"
"2018","26710","부산광역시","기장군","2.534336654957796","10.03727880065708","0.0","0.1734040430127723","","","1","1","0","0"
"2018","27110","대구광역시","중구","","","","","","","0","1","0","0"
"2018","27140","대구광역시","동구","0.0","0.0","","","","","1","1","0","0"
"2018","27170","대구광역시","서구","0.0","0.0","0.26369916","0.0","","","1","1","0","0"
"2018","27200","대구광역시","남구","0.0","0.0","","","","","1","1","0","0"
"2018","27230","대구광역시","북구","0.0","0.0","0.074766723","0.0","1.0","0.7871023916807406","1","1","0","0"
"2018","27260","대구광역시","수성구","0.0","0.0","0.100420094","0.0","","","1","1","0","0"
"2018","27290","대구광역시","달서구","0.0","0.0","0.1955267","0.0","","","1","1","0","0"
"2018","27710","대구광역시","달성군","0.7131199582639293","0.0","0.038934247","0.0","1.0","0.8040843016955658","1","1","0","0"
"2018","27720","대구광역시","군위군","0.7344012765873833","","","","1.0","1.441814026555734","0","1","0","0"
"2018","28110","인천광역시","중구","0.0","9.838006719932089","0.0","0.4369757826343768","","","1","1","0","0"
"2018","28140","인천광역시","동구","0.0","0.0","","","","","1","1","0","0"
"2018","28177","인천광역시","미추홀구","0.0","0.0","0.0","0.0","","","1","1","0","0"
"2018","28185","인천광역시","연수구","0.0","0.0","0.0","0.0","","","1","1","0","0"
"2018","28200","인천광역시","남동구","0.0","12.757105883721994","0.212797737","0.1592010550903341","","","1","1","0","0"
"2018","28237","인천광역시","부평구","0.0","0.0","0.0","0.0","","","1","1","0","0"
"2018","28245","인천광역시","계양구","0.0","0.0","0.0","0.0","","","1","1","0","0"
"2018","28260","인천광역시","서구","4.6239142146816326","12.136727401777483","0.178525781","0.1555194914399112","","","1","1","0","0"
"2018","28710","인천광역시","강화군","","","0.054713371","0.0451993831671094","","","0","1","0","0"
"2018","28720","인천광역시","옹진군","0.0","0.0","0.13725186","0.0","","","1","1","0","0"
"2018","29110","광주광역시","동구","0.0","0.0","0.0","0.0","","","1","1","0","0"
"2018","29140","광주광역시","서구","5.102671896535852","0.0","0.0","0.0","1.0","25.13208921570337","1","1","0","0"
"2018","29155","광주광역시","남구","0.0","9.80732673572768","0.0","0.3047600314712824","1.0","9.918609398165675","1","1","0","0"
"2018","29170","광주광역시","북구","0.0","0.0","0.0","0.0","","","1","1","0","0"
"2018","29200","광주광역시","광산구","0.0","0.0","0.515621395","0.0","1.0","3.61885518504658","1","1","0","0"
"2018","30110","대전광역시","동구","0.0","10.000170732817535","0.290435467","0.3063798065972294","","","1","1","0","0"
"2018","30140","대전광역시","중구","0.0","0.0","0.0","0.0","","","1","1","0","0"
"2018","30170","대전광역시","서구","0.0","0.0","0.351333561","0.0","","","1","1","0","0"
"2018","30200","대전광역시","유성구","0.0","0.0","0.0","0.0","1.0","0.9275735306201827","1","1","0","0"
"2018","30230","대전광역시","대덕구","0.0","0.0","0.452130746","0.0","","","1","1","0","0"
"2018","31110","울산광역시","중구","0.0","10.747484364138845","0.064641076","0.0563082468397662","1.0","4.654959422906975","1","1","0","0"
"2018","31140","울산광역시","남구","0.0","0.0","0.247026284","0.0","1.0","16.502544563478338","1","1","0","0"
"2018","31170","울산광역시","동구","0.0","10.65070421254472","0.0","0.0329871422379889","1.0","3.878562776286484","1","1","0","0"
"2018","31200","울산광역시","북구","1.4043002114220589","10.031557718841404","0.0","0.0185457420776114","1.0","3.14519087914535","1","1","0","0"
"2018","31710","울산광역시","울주군","2.515281196328706","9.142833318772375","0.0","0.0238387839688714","1.0","4.601726761372096","1","1","0","0"
"2018","36110","세종특별자치시","세종시","0.0","","","","1.0","10.945275921872671","0","1","0","0"
"2018","41111","경기도","수원시 장안구","0.0","","","","","","0","1","0","0"
"2018","41113","경기도","수원시 권선구","0.0","","","","","","0","1","0","0"
"2018","41115","경기도","수원시 팔달구","0.0","","","","","","0","1","0","0"
"2018","41117","경기도","수원시 영통구","0.0","","","","","","0","1","0","0"
"2018","41131","경기도","성남시 수정구","0.0","","","","1.0","175.01795668975186","0","1","0","0"
"2018","41133","경기도","성남시 중원구","5.668833403165514","","","","","","0","1","0","0"
"2018","41135","경기도","성남시 분당구","0.0","","","","","","0","1","0","0"
"2018","41150","경기도","의정부시","0.0","0.0","0.0","0.0","","","1","1","0","0"
"2018","41171","경기도","안양시 만안구","0.0","","","","","","0","1","0","0"
"2018","41173","경기도","안양시 동안구","0.0","","","","","","0","1","0","0"
"2018","41190","경기도","부천시","0.0","0.0","","","","","1","1","0","0"
"2018","41210","경기도","광명시","0.0","0.0","","","","","1","1","0","0"
"2018","41220","경기도","평택시","0.0","0.0","0.003223827","0.0","1.0","18.42369776295999","1","1","0","0"
"2018","41250","경기도","동두천시","0.0","0.0","0.055103218","0.0","1.0","15.385087619048202","1","1","0","0"
"2018","41271","경기도","안산시 상록구","5.005618997732435","","","","","","0","1","0","0"
"2018","41273","경기도","안산시 단원구","3.18303723554827","","","","","","0","1","0","0"
"2018","41281","경기도","고양시 덕양구","0.0","","","","","","0","1","0","0"
"2018","41285","경기도","고양시 일산동구","0.0","","","","","","0","1","0","0"
"2018","41287","경기도","고양시 일산서구","0.0","","","","","","0","1","0","0"
"2018","41290","경기도","과천시","3.8237175555317333","0.0","0.009880979","0.0","1.0","2.256612624942787","1","1","0","0"
"2018","41310","경기도","구리시","0.0","0.0","0.489696131","0.0","","","1","1","0","0"
"2018","41360","경기도","남양주시","2.2757443742447476","9.977755700829698","0.078960164","0.0464154160918069","1.0","10.218568287872989","1","1","0","0"
"2018","41370","경기도","오산시","0.0","0.0","0.0","0.0","","","1","1","0","0"
"2018","41390","경기도","시흥시","0.0","0.0","0.249994113","0.0","","","1","1","0","0"
"2018","41410","경기도","군포시","0.0","0.0","0.312180639","0.0","","","1","1","0","0"
"2018","41430","경기도","의왕시","0.0","0.0","0.283852165","0.0","1.0","15.65362748477599","1","1","0","0"
"2018","41450","경기도","하남시","0.0","0.0","0.216481776","0.0","1.0","45.968654294207305","1","1","0","0"
"2018","41461","경기도","용인시 처인구","3.2222275821333706","","","","1.0","22.108570208020677","0","1","0","0"
"2018","41463","경기도","용인시 기흥구","3.442809018477251","","","","","","0","1","0","0"
"2018","41465","경기도","용인시 수지구","0.0","","","","","","0","1","0","0"
"2018","41480","경기도","파주시","0.0","0.0","0.18342109","0.0","1.0","18.05917022728353","1","1","0","0"
"2018","41500","경기도","이천시","3.4463160967512545","0.0","0.166360435","0.0","1.0","15.494850160951124","1","1","0","0"
"2018","41550","경기도","안성시","2.6376494399567734","0.0","0.013885912","0.0","1.0","8.397940454384493","1","1","0","0"
"2018","41570","경기도","김포시","0.0","0.0","0.220065195","0.0","","","1","1","0","0"
"2018","41590","경기도","화성시","2.7081403049890724","0.0","0.096161598","0.0","1.0","3.679191170382372","1","1","0","0"
"2018","41610","경기도","광주시","2.8167078386844038","9.872299609385387","0.045992529","0.0145207333618069","1.0","22.433831185799672","1","1","0","0"
"2018","41630","경기도","양주시","0.0","9.84692429430557","0.279291683","0.147394972838096","1.0","6.562259867134012","1","1","0","0"
"2018","41650","경기도","포천시","0.8020973174200708","8.532836043831114","0.0","0.0685258540828964","1.0","8.126544288512077","1","1","0","0"
"2018","41670","경기도","여주시","1.758439110009327","9.785192221868174","0.119008783","0.1036674569944004","1.0","4.5982679160558115","1","1","0","0"
"2018","41800","경기도","연천군","0.0","11.562670278499489","0.092180948","0.0844011763082182","1.0","49.038401465690924","1","1","0","0"
"2018","41820","경기도","가평군","1.3260026299733514","7.8473018404003465","0.283353285","0.1792767861037469","1.0","4.309960003329845","1","1","0","0"
"2018","41830","경기도","양평군","1.371500143409458","8.196318832139237","0.070254504","0.0611980523831504","1.0","6.2257623246046965","1","1","0","0"
"2018","43111","충청북도","청주시 상당구","2.458647234119662","","","","1.0","2.8253668522814754","0","1","0","0"
"2018","43112","충청북도","청주시 서원구","4.815619103817206","","","","","","0","1","0","0"
"2018","43113","충청북도","청주시 흥덕구","5.568352028466287","","","","","","0","1","0","0"
"2018","43114","충청북도","청주시 청원구","3.669652639598743","","","","","","0","1","0","0"
"2018","43130","충청북도","충주시","2.8213882444788863","0.0","0.101111303","0.0","","","1","1","0","0"
"2018","43150","충청북도","제천시","2.2274518145298647","7.844686787335186","0.058153264","0.130369044136565","1.0","1.385925297850583","1","1","0","0"
"2018","43720","충청북도","보은군","2.1461533573803075","0.0","0.707926049","0.0","","","1","1","0","0"
"2018","43730","충청북도","옥천군","0.0","0.0","0.247554462","0.0","","","1","1","0","0"
"2018","43740","충청북도","영동군","2.0906703197366467","8.228907301006856","0.173055357","0.1268592476241756","1.0","1.6547953939437523","1","1","0","0"
"2018","43745","충청북도","증평군","0.0","0.0","0.996550403","0.0","","","1","1","0","0"
"2018","43750","충청북도","진천군","2.9977586235166904","0.0","0.127263752","0.0","1.0","0.980589256529135","1","1","0","0"
"2018","43760","충청북도","괴산군","1.964708864341299","0.0","0.253651038","0.0","","","1","1","0","0"
"2018","43770","충청북도","음성군","3.2493668424447164","0.0","0.299112621","0.0","","","1","1","0","0"
"2018","43800","충청북도","단양군","0.8208431204074615","8.196091216409977","0.391198977","0.2718832891246684","1.0","0.7492888999357336","1","1","0","0"
"2018","44131","충청남도","천안시 동남구","2.880550851819455","","","","1.0","4.047160767405161","0","1","0","0"
"2018","44133","충청남도","천안시 서북구","0.0","","","","","","0","1","0","0"
"2018","44150","충청남도","공주시","2.3170358059575347","0.0","0.057437496","0.0","","","1","1","0","0"
"2018","44180","충청남도","보령시","1.5195504097465728","8.507803667859067","0.060641669","0.0633892803568718","1.0","1.8206974606840243","1","1","0","0"
"2018","44200","충청남도","아산시","3.028071197189102","0.0","0.024910726","0.0","1.0","0.24375114228166894","1","1","0","0"
"2018","44210","충청남도","서산시","0.6274922460749682","0.0","0.0","0.0","","","1","1","0","0"
"2018","44230","충청남도","논산시","3.175415067576468","0.0","0.165541976","0.0","1.0","0.9108053619372088","1","1","0","0"
"2018","44250","충청남도","계룡시","0.0","0.0","0.372975442","0.0","","","1","1","0","0"
"2018","44270","충청남도","당진시","2.2401333481171775","0.0","0.189720495","0.0","","","1","1","0","0"
"2018","44710","충청남도","금산군","2.353990286948859","8.167698106628453","0.283666339","0.1235495701316659","1.0","1.5202450120166244","1","1","0","0"
"2018","44760","충청남도","부여군","2.6055742834187936","0.0","0.0","0.0","1.0","0.2835604899645688","1","1","0","0"
"2018","44770","충청남도","서천군","1.040484536129546","8.820602800427032","0.092441827","0.0805252259714391","1.0","1.468231838308022","1","1","0","0"
"2018","44790","충청남도","청양군","1.790677134945139","0.0","0.0","0.0","1.0","0.8140668874402086","1","1","0","0"
"2018","44800","충청남도","홍성군","2.212819552227344","0.0","0.0","0.0","","","1","1","0","0"
"2018","44810","충청남도","예산군","2.2855864834336983","0.0","0.106206731","0.0","1.0","0.5434874647779165","1","1","0","0"
"2018","44825","충청남도","태안군","0.5504352063403257","0.0","0.0","0.0","","","1","1","0","0"
"2018","45111","전라북도","전주시 완산구","0.0","","","","","","0","1","0","0"
"2018","45113","전라북도","전주시 덕진구","0.0","","","","","","0","1","0","0"
"2018","45130","전라북도","군산시","1.6928165301878575","0.0","0.0","0.0","1.0","16.31417498012563","1","1","0","0"
"2018","45140","전라북도","익산시","0.0","0.0","0.399863213","0.0","1.0","6.172370732528503","1","1","0","0"
"2018","45180","전라북도","정읍시","2.1992462441979583","0.0","0.109844276","0.0","1.0","0.7816755794439623","1","1","0","0"
"2018","45190","전라북도","남원시","1.8662416595445537","0.0","0.1558275","0.0","","","1","1","0","0"
"2018","45210","전라북도","김제시","0.0","0.0","0.0","0.0","1.0","2.105656764689842","1","1","0","0"
"2018","45710","전라북도","완주군","1.10901252496341","0.0","0.208027146","0.0","1.0","0.11355322077885797","1","1","0","0"
"2018","45720","전라북도","진안군","1.5192934275195018","0.0","0.143932094","0.0","","","1","1","0","0"
"2018","45730","전라북도","무주군","2.798500833487696","0.0","0.0","0.0","","","1","1","0","0"
"2018","45740","전라북도","장수군","3.004155349966144","0.0","0.963733075","0.0","","","1","1","0","0"
"2018","45750","전라북도","임실군","1.8343034199446953","8.776972182156914","0.101404556","0.1548694422623723","1.0","1.324451832233092","1","1","0","0"
"2018","45770","전라북도","순창군","1.670400151889266","0.0","0.336902518","0.0","1.0","2.2138799129962976","1","1","0","0"
"2018","45790","전라북도","고창군","0.6803211528310366","0.0","0.165183856","0.0","","","1","1","0","0"
"2018","45800","전라북도","부안군","0.0","0.0","0.165788226","0.0","","","1","1","0","0"
"2018","46110","전라남도","목포시","3.0766871210233","0.0","0.93760212","0.0","1.0","0.6516228194166204","1","1","0","0"
"2018","46130","전라남도","여수시","1.8627259671043552","0.0","0.185262823","0.0","1.0","3.7249131310527788","1","1","0","0"
"2018","46150","전라남도","순천시","2.600440156333606","0.0","0.119655064","0.0","1.0","3.222036865697365","1","1","0","0"
"2018","46170","전라남도","나주시","2.928927407787742","0.0","0.035910578","0.0","","","1","1","0","0"
"2018","46230","전라남도","광양시","2.027402744421481","8.715898545118344","0.141493864","0.0831748087586514","1.0","5.122150712947094","1","1","0","0"
"2018","46710","전라남도","담양군","2.7479406671938675","0.0","0.549382876","0.0","1.0","0.7845812533611002","1","1","0","0"
"2018","46720","전라남도","곡성군","2.1150276053733617","0.0","0.328120171","0.0","","","1","1","0","0"
"2018","46730","전라남도","구례군","1.9195464305027325","0.0","0.170783697","0.0","1.0","0.13997784133399124","1","1","0","0"
"2018","46770","전라남도","고흥군","2.54968885737868","7.8513576133278935","0.344243552","0.2191324747337117","1.0","0.20481883953948898","1","1","0","0"
"2018","46780","전라남도","보성군","3.1525340188567186","8.329176854448136","0.1129156","0.131146320882663","1.0","0.6933576705113828","1","1","0","0"
"2018","46790","전라남도","화순군","2.311010673063944","0.0","0.331139462","0.0","","","1","1","0","0"
"2018","46800","전라남도","장흥군","2.8787468367809206","0.0","0.104229667","0.0","","","1","1","0","0"
"2018","46810","전라남도","강진군","1.9431655609687355","0.0","0.011589334","0.0","","","1","1","0","0"
"2018","46820","전라남도","해남군","2.569044492138292","0.0","0.177989774","0.0","","","1","1","0","0"
"2018","46830","전라남도","영암군","1.25015748824723","0.0","0.89840712","0.0","","","1","1","0","0"
"2018","46840","전라남도","무안군","0.0","8.998484007144148","0.184279225","0.1619926452974179","1.0","0.4150975267400484","1","1","0","0"
"2018","46860","전라남도","함평군","1.983084167095043","0.0","0.767271051","0.0","","","1","1","0","0"
"2018","46870","전라남도","영광군","1.8374884631843114","0.0","0.356972326","0.0","","","1","1","0","0"
"2018","46880","전라남도","장성군","2.118657054282761","0.0","0.171294877","0.0","","","1","1","0","0"
"2018","46890","전라남도","완도군","1.4782205288678318","0.0","0.369513002","0.0","","","1","1","0","0"
"2018","46900","전라남도","진도군","2.514445715392703","0.0","0.074513933","0.0","","","1","1","0","0"
"2018","46910","전라남도","신안군","0.0","0.0","0.050930563","0.0","1.0","0.18156907817357062","1","1","0","0"
"2018","47111","경상북도","포항시 남구","2.4146967785757627","","","","1.0","14.364830105847812","0","1","0","0"
"2018","47113","경상북도","포항시 북구","1.959761199779948","","","","","","0","1","0","0"
"2018","47130","경상북도","경주시","1.782389134080998","0.0","0.0","0.0","1.0","4.251980840667756","1","1","0","0"
"2018","47150","경상북도","김천시","1.6480388087617812","0.0","0.0","0.0","1.0","0.8805679497103088","1","1","0","0"
"2018","47170","경상북도","안동시","1.385849107822605","7.299609375994671","0.008487992","0.0073938113910593","1.0","2.454242446484809","1","1","0","0"
"2018","47190","경상북도","구미시","1.961923764713941","0.0","0.0","0.0","1.0","5.3732376017082455","1","1","0","0"
"2018","47210","경상북도","영주시","1.6215670524820092","7.825890603073202","0.0","0.0490836133182592","1.0","1.122667591731816","1","1","0","0"
"2018","47230","경상북도","영천시","1.3086280019720111","0.0","0.192373755","0.0","1.0","1.8711817156268058","1","1","0","0"
"2018","47250","경상북도","상주시","1.7860877986416606","7.6217110749814525","0.099827782","0.0902313963302483","1.0","1.603266914999246","1","1","0","0"
"2018","47280","경상북도","문경시","1.5855832518626445","0.0","0.0","0.0","","","1","1","0","0"
"2018","47290","경상북도","경산시","1.331544184949693","0.0","0.0","0.0","1.0","1.3939727725132405","1","1","0","0"
"2018","47730","경상북도","의성군","0.8928998160097805","0.0","0.0","0.0","1.0","1.029991344119069","1","1","0","0"
"2018","47750","경상북도","청송군","1.3835900677563626","7.3655454597964765","0.0","0.096658121869194","","","1","1","0","0"
"2018","47760","경상북도","영양군","1.0870525070422863","7.282824365595338","0.104480991","0.0910124302459476","1.0","0.3242715436833925","1","1","0","0"
"2018","47770","경상북도","영덕군","1.0426853227356148","0.0","0.0","0.0","1.0","1.2541838265996497","1","1","0","0"
"2018","47820","경상북도","청도군","0.7664253850211038","8.973609040578863","0.132838401","0.1725473392045276","1.0","2.498068657357763","1","1","0","0"
"2018","47830","경상북도","고령군","1.3503145399322505","0.0","0.0","0.0","1.0","2.305301806517606","1","1","0","0"
"2018","47840","경상북도","성주군","1.464062294395618","0.0","0.0","0.0","1.0","2.2956987700983884","1","1","0","0"
"2018","47850","경상북도","칠곡군","2.0243433776159017","0.0","0.172630795","0.0","1.0","4.0298598566722195","1","1","0","0"
"2018","47900","경상북도","예천군","1.3045216874989363","8.105532829369665","0.0","0.0583374001813805","1.0","0.6417571680866829","1","1","0","0"
"2018","47920","경상북도","봉화군","0.991376644129919","7.491261378270479","0.0","0.0644617180781834","1.0","0.18954293086216406","1","1","0","0"
"2018","47930","경상북도","울진군","1.0287283034568342","8.24286531240219","0.060714638","0.2115518520795593","","","1","1","0","0"
"2018","47940","경상북도","울릉군","0.0","0.0","","","","","1","1","0","0"
"2018","48121","경상남도","창원시 의창구","1.5883425275559249","","","","","","0","1","0","0"
"2018","48123","경상남도","창원시 성산구","0.0","","","","","","0","1","0","0"
"2018","48125","경상남도","창원시 마산합포구","1.588548674076729","","","","","","0","1","0","0"
"2018","48127","경상남도","창원시 마산회원구","1.664538104697602","","","","","","0","1","0","0"
"2018","48129","경상남도","창원시 진해구","0.0","","","","","","0","1","0","0"
"2018","48170","경상남도","진주시","2.0656441700095263","7.734191603105872","0.405236606","0.0195875762178715","1.0","3.507990386169501","1","1","0","0"
"2018","48220","경상남도","통영시","1.4694754361349491","6.939876694560693","0.188496772","0.0138799453027785","1.0","2.0178787400820917","1","1","0","0"
"2018","48240","경상남도","사천시","1.6656106104110564","7.775166646789484","0.0","0.0232680043343923","1.0","3.35546515157263","1","1","0","0"
"2018","48250","경상남도","김해시","2.0306046997674025","0.0","0.08679617","0.0","1.0","4.038461103032623","1","1","0","0"
"2018","48270","경상남도","밀양시","1.2597481089083975","6.148227326112686","0.174581895","0.0029983850387545","1.0","3.8056333858813547","1","1","0","0"
"2018","48310","경상남도","거제시","1.7923268498455212","8.034501191833417","0.058771416","0.0173114507360759","1.0","2.9617824155476806","1","1","0","0"
"2018","48330","경상남도","양산시","2.1988511470847856","8.21793532749935","0.079848238","0.0176401281600487","1.0","6.484119846375312","1","1","0","0"
"2018","48720","경상남도","의령군","0.8073672146564502","6.354783084863601","0.222692765","0.024283776955859","1.0","2.7350027198449416","1","1","0","0"
"2018","48730","경상남도","함안군","1.7004497817449191","8.449443031882344","0.176194025","0.0857020845010275","1.0","0.5659371578085891","1","1","0","0"
"2018","48740","경상남도","창녕군","1.074986465245706","7.487597373826647","0.069957757","0.0154551162100175","1.0","3.427725625014515","1","1","0","0"
"2018","48820","경상남도","고성군","1.5188182654405695","6.311203297718466","0.220895811","0.0207691340167285","1.0","0.9430685907873445","1","1","0","0"
"2018","48840","경상남도","남해군","1.359843992531207","6.795164213473678","0.362404555","0.0415574960339039","1.0","1.8286587715773315","1","1","0","0"
"2018","48850","경상남도","하동군","1.915075697227141","7.487181765259786","0.133844144","0.0295689412607327","1.0","3.0016307653920205","1","1","0","0"
"2018","48860","경상남도","산청군","1.2722397688379665","6.165587403771388","0.335203278","0.0370241487497767","1.0","1.4458442099074225","1","1","0","0"
"2018","48870","경상남도","함양군","2.1279908893394324","6.434387406142293","0.838247667","0.0216013954235134","1.0","0.4785818824610139","1","1","0","0"
"2018","48880","경상남도","거창군","1.2352244539133264","6.113895582885739","0.432446254","0.0477649100695269","1.0","0.435339557116299","1","1","0","0"
"2018","48890","경상남도","합천군","0.932617780933752","5.656064440333595","0.371737611","0.0257065764022135","1.0","0.8048515647486056","1","1","0","0"
"2018","50110","제주특별자치도","제주시","2.880698718045113","","","","","","0","1","0","0"
"2018","50130","제주특별자치도","서귀포시","2.4147697289219616","","","","","","0","1","0","0"
"2018","51110","강원특별자치도","춘천시","2.2162026442435714","0.0","0.142128129","0.0","1.0","3.1548512636586628","1","1","0","0"
"2018","51130","강원특별자치도","원주시","1.0677280951209054","8.169463566603627","0.189261625","0.1099153171891249","1.0","2.3618085826919044","1","1","0","0"
"2018","51150","강원특별자치도","강릉시","1.6733904461921119","7.1972758495742","0.161617392","0.1407834241695338","","","1","1","0","0"
"2018","51170","강원특별자치도","동해시","0.0","0.0","0.735791517","0.0","","","1","1","0","0"
"2018","51190","강원특별자치도","태백시","2.0419854629137326","0.0","0.859400777","0.0","","","1","1","0","0"
"2018","51210","강원특별자치도","속초시","2.457301945571374","0.0","0.627003189","0.0","","","1","1","0","0"
"2018","51230","강원특별자치도","삼척시","0.9004021652818898","0.0","0.418051508","0.0","","","1","1","0","0"
"2018","51720","강원특별자치도","홍천군","1.5946813390463785","0.0","0.0","0.0","1.0","0.887279211852603","1","1","0","0"
"2018","51730","강원특별자치도","횡성군","1.270964743833219","7.548588325691417","0.247646819","0.1438152446492097","1.0","1.060590149829859","1","1","0","0"
"2018","51750","강원특별자치도","영월군","0.5740198187730525","0.0","0.189012309","0.0","","","1","1","0","0"
"2018","51760","강원특별자치도","평창군","1.148194041316427","0.0","0.221178186","0.0","","","1","1","0","0"
"2018","51770","강원특별자치도","정선군","1.5881418765997495","7.966329581022974","0.109200132","0.1268309743252139","1.0","1.2957485970587765","1","1","0","0"
"2018","51780","강원특별자치도","철원군","4.752710761516938","0.0","0.497492854","0.0","","","1","1","0","0"
"2018","51790","강원특별자치도","화천군","2.054360066691126","0.0","0.588894436","0.0","","","1","1","0","0"
"2018","51800","강원특별자치도","양구군","3.123322473156971","0.0","0.628391926","0.0","","","1","1","0","0"
"2018","51810","강원특별자치도","인제군","1.150772805942683","0.0","0.061677541","0.0","1.0","0.2283430585335894","1","1","0","0"
"2018","51820","강원특별자치도","고성군","2.998319144924825","0.0","0.0","0.0","","","1","1","0","0"
"2018","51830","강원특별자치도","양양군","1.6128344412538778","0.0","0.396864758","0.0","","","1","1","0","0"
"2019","11110","서울특별시","종로구","0.0","0.0","0.0","0.0","0.0","0.0","1","1","0","1"
"2019","11140","서울특별시","중구","0.0","0.0","0.0","0.0","0.0","0.0","1","1","0","1"
"2019","11170","서울특별시","용산구","0.0","0.0","","","0.0","0.0","1","1","0","1"
"2019","11200","서울특별시","성동구","0.0","0.0","0.014254829","0.0","0.0","0.0","1","1","0","1"
"2019","11215","서울특별시","광진구","0.0","0.0","","","0.0","0.0","1","1","0","1"
"2019","11230","서울특별시","동대문구","0.0","0.0","","","0.0","0.0","1","1","0","1"
"2019","11260","서울특별시","중랑구","4.848204860781462","0.0","","","0.0","0.0","1","1","0","1"
"2019","11290","서울특별시","성북구","0.0","0.0","","","0.0","0.0","1","1","0","1"
"2019","11305","서울특별시","강북구","0.0","0.0","","","0.0","0.0","1","1","0","1"
"2019","11320","서울특별시","도봉구","0.0","0.0","","","0.0","0.0","1","1","0","1"
"2019","11350","서울특별시","노원구","0.0","0.0","","","0.0","0.0","1","1","0","1"
"2019","11380","서울특별시","은평구","3.7721619326673594","10.619695445170763","0.391983743","0.1688213860276084","0.0","0.0","1","1","0","1"
"2019","11410","서울특별시","서대문구","0.0","0.0","0.107392277","0.0","0.0","0.0","1","1","0","1"
"2019","11440","서울특별시","마포구","0.0","0.0","0.048082839","0.0","0.0","0.0","1","1","0","1"
"2019","11470","서울특별시","양천구","0.0","0.0","","","0.0","0.0","1","1","0","1"
"2019","11500","서울특별시","강서구","0.0","12.178774138532416","0.056133493","0.0253353204172876","0.0","0.0","1","1","0","1"
"2019","11530","서울특별시","구로구","0.0","12.68376309744765","0.070630479","0.0208019899299913","0.0","0.0","1","1","0","1"
"2019","11545","서울특별시","금천구","5.969796480460376","0.0","0.19162907","0.0","0.0","0.0","1","1","0","1"
"2019","11560","서울특별시","영등포구","","","","","0.0","","0","1","0","1"
"2019","11590","서울특별시","동작구","0.0","0.0","0.331668447","0.0","0.0","0.0","1","1","0","1"
"2019","11620","서울특별시","관악구","3.50614143500919","0.0","","","0.0","0.0","1","1","0","1"
"2019","11650","서울특별시","서초구","0.0","0.0","0.061602303","0.0","0.0","0.0","1","1","0","1"
"2019","11680","서울특별시","강남구","0.0","0.0","","","0.0","0.0","1","1","0","1"
"2019","11710","서울특별시","송파구","0.0","12.8043740568944","0.502132148","0.1563324041286823","1.0","39.44865680690109","1","1","0","1"
"2019","11740","서울특별시","강동구","0.0","14.41230248048166","0.0","0.2694141466919208","0.0","0.0","1","1","0","1"
"2019","26110","부산광역시","중구","0.0","0.0","","","0.0","0.0","1","1","0","1"
"2019","26140","부산광역시","서구","0.0","0.0","0.62555091","0.0","0.0","0.0","1","1","0","1"
"2019","26170","부산광역시","동구","0.0","0.0","0.94188862","0.0","0.0","0.0","1","1","0","1"
"2019","26200","부산광역시","영도구","0.0","0.0","0.768222822","0.0","0.0","0.0","1","1","0","1"
"2019","26230","부산광역시","부산진구","0.0","0.0","0.93289752","0.0","1.0","7.290610113232188","1","1","0","1"
"2019","26260","부산광역시","동래구","3.639680185615748","0.0","0.822208383","0.0","0.0","0.0","1","1","0","1"
"2019","26290","부산광역시","남구","0.0","0.0","0.796614189","0.0","0.0","0.0","1","1","0","1"
"2019","26320","부산광역시","북구","0.0","0.0","0.75767776","0.0","0.0","0.0","1","1","0","1"
"2019","26350","부산광역시","해운대구","0.0","0.0","0.683627834","0.0","0.0","0.0","1","1","0","1"
"2019","26380","부산광역시","사하구","0.0","0.0","0.0","0.0","0.0","0.0","1","1","0","1"
"2019","26410","부산광역시","금정구","1.8590600692567483","9.995201329477824","0.0","0.1498995976496217","1.0","3.045290148307508","1","1","0","1"
"2019","26440","부산광역시","강서구","0.0","10.713780288307532","0.2138764","0.198164310832917","0.0","0.0","1","1","0","1"
"2019","26470","부산광역시","연제구","4.708279174954607","0.0","0.970074813","0.0","0.0","0.0","1","1","0","1"
"2019","26500","부산광역시","수영구","0.0","0.0","0.0","0.0","0.0","0.0","1","1","0","1"
"2019","26530","부산광역시","사상구","0.0","0.0","0.885051751","0.0","0.0","0.0","1","1","0","1"
"2019","26710","부산광역시","기장군","2.367753460764135","10.126357587763723","0.0","0.2414074062999895","0.0","0.0","1","1","0","1"
"2019","27110","대구광역시","중구","","","","","0.0","","0","1","0","1"
"2019","27140","대구광역시","동구","0.0","0.0","","","0.0","0.0","1","1","0","1"
"2019","27170","대구광역시","서구","0.0","0.0","0.608321698","0.0","0.0","0.0","1","1","0","1"
"2019","27200","대구광역시","남구","0.0","0.0","","","0.0","0.0","1","1","0","1"
"2019","27230","대구광역시","북구","0.0","0.0","0.071885298","0.0","1.0","0.7871023916807406","1","1","0","1"
"2019","27260","대구광역시","수성구","0.0","0.0","0.228952415","0.0","1.0","0.5763737062948654","1","1","0","1"
"2019","27290","대구광역시","달서구","0.0","0.0","0.238718149","0.0","0.0","0.0","1","1","0","1"
"2019","27710","대구광역시","달성군","0.7131199582639293","0.0","0.027833453","0.0","1.0","1.1555135643592507","1","1","0","1"
"2019","27720","대구광역시","군위군","0.4331560632308906","","","","1.0","1.441814026555734","0","1","0","1"
"2019","28110","인천광역시","중구","0.0","0.0","0.0","0.0","0.0","0.0","1","1","0","1"
"2019","28140","인천광역시","동구","0.0","0.0","","","0.0","0.0","1","1","0","1"
"2019","28177","인천광역시","미추홀구","0.0","0.0","0.0","0.0","0.0","0.0","1","1","0","1"
"2019","28185","인천광역시","연수구","0.0","0.0","0.0","0.0","0.0","0.0","1","1","0","1"
"2019","28200","인천광역시","남동구","0.0","13.105053523933101","0.3104994","0.2523858229199093","0.0","0.0","1","1","0","1"
"2019","28237","인천광역시","부평구","0.0","0.0","0.0","0.0","0.0","0.0","1","1","0","1"
"2019","28245","인천광역시","계양구","0.0","0.0","0.0","0.0","0.0","0.0","1","1","0","1"
"2019","28260","인천광역시","서구","4.6239142146816326","12.226393168062202","0.291917989","0.2618499055114033","0.0","0.0","1","1","0","1"
"2019","28710","인천광역시","강화군","","","0.052477028","0.0470717990362264","0.0","","0","1","0","1"
"2019","28720","인천광역시","옹진군","0.0","0.0","0.091326124","0.0","0.0","0.0","1","1","0","1"
"2019","29110","광주광역시","동구","0.0","0.0","0.0","0.0","0.0","0.0","1","1","0","1"
"2019","29140","광주광역시","서구","4.415586782895647","0.0","0.0","0.0","1.0","25.13208921570337","1","1","0","1"
"2019","29155","광주광역시","남구","0.0","10.074027647730345","0.0","0.2976926246394726","1.0","9.918609398165675","1","1","0","1"
"2019","29170","광주광역시","북구","0.0","0.0","0.0","0.0","0.0","0.0","1","1","0","1"
"2019","29200","광주광역시","광산구","0.0","0.0","0.709620074","0.0","1.0","5.199528031746186","1","1","0","1"
"2019","30110","대전광역시","동구","0.0","10.089833065703175","0.346411704","0.3728602695541988","0.0","0.0","1","1","0","1"
"2019","30140","대전광역시","중구","0.0","0.0","0.0","0.0","0.0","0.0","1","1","0","1"
"2019","30170","대전광역시","서구","0.0","0.0","0.34684321","0.0","0.0","0.0","1","1","0","1"
"2019","30200","대전광역시","유성구","0.0","0.0","0.0","0.0","1.0","0.9275735306201827","1","1","0","1"
"2019","30230","대전광역시","대덕구","0.0","0.0","0.521672648","0.0","0.0","0.0","1","1","0","1"
"2019","31110","울산광역시","중구","0.0","10.83714874616177","0.06160492","0.0552570507880719","1.0","4.654959422906975","1","1","0","1"
"2019","31140","울산광역시","남구","0.0","0.0","0.280416866","0.0","1.0","16.502544563478338","1","1","0","1"
"2019","31170","울산광역시","동구","0.0","10.740368407196547","0.0","0.081748769020328","1.0","3.878562776286484","1","1","0","1"
"2019","31200","울산광역시","북구","0.0","10.121220172019427","0.0","0.0242027387334019","1.0","3.14519087914535","1","1","0","1"
"2019","31710","울산광역시","울주군","2.515281196328706","9.232490369298814","0.0","0.0289498458445751","1.0","4.601726761372096","1","1","0","1"
"2019","36110","세종특별자치시","세종시","0.0","","","","1.0","11.524236423173974","0","1","0","1"
"2019","41111","경기도","수원시 장안구","0.0","","","","0.0","0.0","0","1","0","1"
"2019","41113","경기도","수원시 권선구","0.0","","","","0.0","0.0","0","1","0","1"
"2019","41115","경기도","수원시 팔달구","0.0","","","","0.0","0.0","0","1","0","1"
"2019","41117","경기도","수원시 영통구","0.0","","","","0.0","0.0","0","1","0","1"
"2019","41131","경기도","성남시 수정구","0.0","","","","1.0","175.01795668975186","0","1","0","1"
"2019","41133","경기도","성남시 중원구","5.668833403165514","","","","0.0","0.0","0","1","0","1"
"2019","41135","경기도","성남시 분당구","0.0","","","","0.0","0.0","0","1","0","1"
"2019","41150","경기도","의정부시","0.0","0.0","0.305727938","0.0","0.0","0.0","1","1","0","1"
"2019","41171","경기도","안양시 만안구","0.0","","","","0.0","0.0","0","1","0","1"
"2019","41173","경기도","안양시 동안구","0.0","","","","0.0","0.0","0","1","0","1"
"2019","41190","경기도","부천시","0.0","0.0","","","0.0","0.0","1","1","0","1"
"2019","41210","경기도","광명시","0.0","0.0","","","0.0","0.0","1","1","0","1"
"2019","41220","경기도","평택시","0.0","0.0","0.092251843","0.0","1.0","18.42369776295999","1","1","0","1"
"2019","41250","경기도","동두천시","0.0","0.0","0.067584636","0.0","1.0","15.385087619048202","1","1","0","1"
"2019","41271","경기도","안산시 상록구","5.005618997732435","","","","0.0","0.0","0","1","0","1"
"2019","41273","경기도","안산시 단원구","3.18303723554827","","","","0.0","0.0","0","1","0","1"
"2019","41281","경기도","고양시 덕양구","0.0","","","","0.0","0.0","0","1","0","1"
"2019","41285","경기도","고양시 일산동구","0.0","","","","0.0","0.0","0","1","0","1"
"2019","41287","경기도","고양시 일산서구","0.0","","","","0.0","0.0","0","1","0","1"
"2019","41290","경기도","과천시","3.8237175555317333","0.0","0.276108394","0.0","1.0","2.256612624942787","1","1","0","1"
"2019","41310","경기도","구리시","0.0","0.0","0.525128934","0.0","0.0","0.0","1","1","0","1"
"2019","41360","경기도","남양주시","1.920364028873773","10.06751679946056","0.059879527","0.0358101013265508","1.0","10.218568287872989","1","1","0","1"
"2019","41370","경기도","오산시","0.0","0.0","0.0","0.0","0.0","0.0","1","1","0","1"
"2019","41390","경기도","시흥시","0.0","0.0","0.301741265","0.0","0.0","0.0","1","1","0","1"
"2019","41410","경기도","군포시","0.0","0.0","0.345989048","0.0","0.0","0.0","1","1","0","1"
"2019","41430","경기도","의왕시","0.0","0.0","0.327605366","0.0","1.0","15.65362748477599","1","1","0","1"
"2019","41450","경기도","하남시","0.0","0.0","0.192180619","0.0","1.0","45.968654294207305","1","1","0","1"
"2019","41461","경기도","용인시 처인구","3.2222275821333706","","","","1.0","23.238588415563683","0","1","0","1"
"2019","41463","경기도","용인시 기흥구","3.442809018477251","","","","0.0","0.0","0","1","0","1"
"2019","41465","경기도","용인시 수지구","0.0","","","","0.0","0.0","0","1","0","1"
"2019","41480","경기도","파주시","0.0","0.0","0.156666134","0.0","1.0","19.572581400788","1","1","0","1"
"2019","41500","경기도","이천시","3.4463160967512545","0.0","0.182724481","0.0","1.0","15.494850160951124","1","1","0","1"
"2019","41550","경기도","안성시","2.6376494399567734","0.0","0.020804248","0.0","1.0","8.516537159904422","1","1","0","1"
"2019","41570","경기도","김포시","0.0","0.0","0.243151313","0.0","0.0","0.0","1","1","0","1"
"2019","41590","경기도","화성시","2.7081403049890724","0.0","0.211276973","0.0","1.0","5.313125568756408","1","1","0","1"
"2019","41610","경기도","광주시","2.8167078386844038","9.96193669632942","0.03086195","0.0106297396253699","1.0","22.433831185799672","1","1","0","1"
"2019","41630","경기도","양주시","0.0","9.777725970483276","0.322975308","0.1389660750902477","1.0","6.562259867134012","1","1","0","1"
"2019","41650","경기도","포천시","0.8020973174200708","8.512847918207115","0.059554891","0.0267087662502698","1.0","8.126544288512077","1","1","0","1"
"2019","41670","경기도","여주시","1.758439110009327","9.874828906268231","0.137502058","0.1233333130109801","1.0","5.946574407267413","1","1","0","1"
"2019","41800","경기도","연천군","0.0","11.580349386329473","0.079134203","0.0627450311406664","1.0","64.25466287912982","1","1","0","1"
"2019","41820","경기도","가평군","1.3260026299733514","7.936909841601317","0.048370821","0.0433865043832605","1.0","4.767870793229548","1","1","0","1"
"2019","41830","경기도","양평군","1.371500143409458","8.285936705728203","0.043163974","0.0387161906766888","1.0","7.098629869619036","1","1","0","1"
"2019","43111","충청북도","청주시 상당구","2.19908299179374","","","","1.0","2.8253668522814754","0","1","0","1"
"2019","43112","충청북도","청주시 서원구","4.414196914298405","","","","0.0","0.0","0","1","0","1"
"2019","43113","충청북도","청주시 흥덕구","5.386793533501188","","","","0.0","0.0","0","1","0","1"
"2019","43114","충청북도","청주시 청원구","3.669652639598743","","","","0.0","0.0","0","1","0","1"
"2019","43130","충청북도","충주시","2.7462935462330544","0.0","0.080825172","0.0","0.0","0.0","1","1","0","1"
"2019","43150","충청북도","제천시","2.1501929794303387","7.711265411613653","0.054336184","0.0976542818783847","1.0","1.385925297850583","1","1","0","1"
"2019","43720","충청북도","보은군","2.1461533573803075","0.0","0.824868963","0.0","0.0","0.0","1","1","0","1"
"2019","43730","충청북도","옥천군","0.0","0.0","0.572013149","0.0","1.0","1.2883243300836116","1","1","0","1"
"2019","43740","충청북도","영동군","2.0906703197366467","8.095468076622527","0.176575668","0.1055086067029127","1.0","1.6547953939437523","1","1","0","1"
"2019","43745","충청북도","증평군","0.0","0.0","0.954388129","0.0","0.0","0.0","1","1","0","1"
"2019","43750","충청북도","진천군","2.9977586235166904","9.419555544806194","0.107056594","0.1925115459049455","1.0","0.980589256529135","1","1","0","1"
"2019","43760","충청북도","괴산군","2.055950506441678","0.0","0.233918129","0.0","0.0","0.0","1","1","0","1"
"2019","43770","충청북도","음성군","3.2493668424447164","0.0","0.307835715","0.0","0.0","0.0","1","1","0","1"
"2019","43800","충청북도","단양군","0.8208431204074615","7.630595405346278","0.13992518","0.0836244135336791","1.0","0.9306493837256434","1","1","0","1"
"2019","44131","충청남도","천안시 동남구","2.880550851819455","","","","1.0","5.407851018034681","0","1","0","1"
"2019","44133","충청남도","천안시 서북구","0.0","","","","0.0","0.0","0","1","0","1"
"2019","44150","충청남도","공주시","2.4381700049824264","0.0","0.09235305","0.0","0.0","0.0","1","1","0","1"
"2019","44180","충청남도","보령시","1.5195504097465728","8.597452579046374","0.061248154","0.0659244565688669","1.0","1.8546140759622207","1","1","0","1"
"2019","44200","충청남도","아산시","3.1752822937976655","0.0","0.017754821","0.0","1.0","0.47800123197440186","1","1","0","1"
"2019","44210","충청남도","서산시","0.6274922460749682","0.0","0.0","0.0","1.0","0.07528830577288784","1","1","0","1"
"2019","44230","충청남도","논산시","3.175415067576468","0.0","0.145687322","0.0","1.0","0.9108053619372088","1","1","0","1"
"2019","44250","충청남도","계룡시","0.0","0.0","0.387206428","0.0","0.0","0.0","1","1","0","1"
"2019","44270","충청남도","당진시","2.2401333481171775","0.0","0.20007984","0.0","0.0","0.0","1","1","0","1"
"2019","44710","충청남도","금산군","2.662947616510995","8.257340003613136","0.078283144","0.0351083621419745","1.0","1.6806956286868604","1","1","0","1"
"2019","44760","충청남도","부여군","2.6055742834187936","8.195546256766741","0.02674961","0.0248413798692727","1.0","0.3815438051955347","1","1","0","1"
"2019","44770","충청남도","서천군","1.8705343910076702","0.0","0.061190521","0.0","1.0","1.5332177195635854","1","1","0","1"
"2019","44790","충청남도","청양군","1.9798817918099505","0.0","0.0","0.0","1.0","0.9915861504274769","1","1","0","1"
"2019","44800","충청남도","홍성군","2.3767408957160288","0.0","0.0","0.0","0.0","0.0","1","1","0","1"
"2019","44810","충청남도","예산군","2.0875536014106872","0.0","0.067214647","0.0","1.0","0.5434874647779165","1","1","0","1"
"2019","44825","충청남도","태안군","0.5504352063403257","0.0","0.0","0.0","1.0","1.2139016113340273","1","1","0","1"
"2019","45111","전라북도","전주시 완산구","0.0","","","","1.0","6.686781445184682","0","1","0","1"
"2019","45113","전라북도","전주시 덕진구","0.0","","","","0.0","0.0","0","1","0","1"
"2019","45130","전라북도","군산시","2.289452507294822","0.0","0.0","0.0","1.0","16.508417746355416","1","1","0","1"
"2019","45140","전라북도","익산시","1.6941158991817278","0.0","0.330403409","0.0","1.0","6.563696194197877","1","1","0","1"
"2019","45180","전라북도","정읍시","2.304632004845499","0.0","0.156706848","0.0","1.0","1.246832184675329","1","1","0","1"
"2019","45190","전라북도","남원시","1.9402772134173283","0.0","0.147497227","0.0","0.0","0.0","1","1","0","1"
"2019","45210","전라북도","김제시","0.0","0.0","0.25206408","0.0","1.0","3.658525881735657","1","1","0","1"
"2019","45710","전라북도","완주군","1.10901252496341","0.0","0.130674927","0.0","1.0","0.11355322077885797","1","1","0","1"
"2019","45720","전라북도","진안군","2.0965433996171376","0.0","0.362150879","0.0","0.0","0.0","1","1","0","1"
"2019","45730","전라북도","무주군","2.970620309682468","0.0","0.0","0.0","0.0","0.0","1","1","0","1"
"2019","45740","전라북도","장수군","3.1511978816718753","0.0","0.522106011","0.0","0.0","0.0","1","1","0","1"
"2019","45750","전라북도","임실군","1.8343034199446953","9.213768828118377","0.149272243","0.3155671070677663","1.0","1.324451832233092","1","1","0","1"
"2019","45770","전라북도","순창군","1.855182895541363","0.0","0.155607511","0.0","1.0","2.381274516181051","1","1","0","1"
"2019","45790","전라북도","고창군","1.0814740989130835","0.0","0.140622077","0.0","0.0","0.0","1","1","0","1"
"2019","45800","전라북도","부안군","0.0","0.0","0.192089529","0.0","0.0","0.0","1","1","0","1"
"2019","46110","전라남도","목포시","3.0766871210233","0.0","0.655799977","0.0","1.0","0.6516228194166204","1","1","0","1"
"2019","46130","전라남도","여수시","2.1108225589438794","0.0","0.235193983","0.0","1.0","3.7249131310527788","1","1","0","1"
"2019","46150","전라남도","순천시","2.688978285346967","0.0","0.178531634","0.0","1.0","3.222036865697365","1","1","0","1"
"2019","46170","전라남도","나주시","3.0193662562529577","0.0","0.030265419","0.0","0.0","0.0","1","1","0","1"
"2019","46230","전라남도","광양시","2.027402744421481","8.80555070924304","0.05753802","0.0499514707757475","1.0","5.9296271916086605","1","1","0","1"
"2019","46710","전라남도","담양군","2.7479406671938675","0.0","0.175305531","0.0","1.0","0.7845812533611002","1","1","0","1"
"2019","46720","전라남도","곡성군","2.1993108514440265","0.0","0.23046226","0.0","0.0","0.0","1","1","0","1"
"2019","46730","전라남도","구례군","1.9195464305027325","0.0","0.211179553","0.0","1.0","1.268294655478391","1","1","0","1"
"2019","46770","전라남도","고흥군","2.652658827619059","0.0","0.431836377","0.0","1.0","0.20481883953948898","1","1","0","1"
"2019","46780","전라남도","보성군","3.1992866956035844","8.515324838539339","0.062250677","0.1324748156634939","1.0","0.6933576705113828","1","1","0","1"
"2019","46790","전라남도","화순군","2.3780105149558866","0.0","0.579368556","0.0","0.0","0.0","1","1","0","1"
"2019","46800","전라남도","장흥군","2.948832074796186","0.0","0.140095173","0.0","0.0","0.0","1","1","0","1"
"2019","46810","전라남도","강진군","2.3949841036914874","0.0","0.017302549","0.0","0.0","0.0","1","1","0","1"
"2019","46820","전라남도","해남군","2.4463977477435748","0.0","0.176044633","0.0","1.0","0.0315119662019014","1","1","0","1"
"2019","46830","전라남도","영암군","1.25015748824723","0.0","0.0","0.0","0.0","0.0","1","1","0","1"
"2019","46840","전라남도","무안군","0.0","9.088139632842095","0.212308877","0.1922865527778349","1.0","0.6731665897291196","1","1","0","1"
"2019","46860","전라남도","함평군","1.6441761966750719","0.0","0.383473508","0.0","1.0","0.1662343925469009","1","1","0","1"
"2019","46870","전라남도","영광군","1.8374884631843114","0.0","0.11855929","0.0","0.0","0.0","1","1","0","1"
"2019","46880","전라남도","장성군","2.118657054282761","0.0","0.163701722","0.0","1.0","0.7210157380560545","1","1","0","1"
"2019","46890","전라남도","완도군","1.4782205288678318","0.0","0.0","0.0","0.0","0.0","1","1","0","1"
"2019","46900","전라남도","진도군","2.514445715392703","0.0","0.072528561","0.0","0.0","0.0","1","1","0","1"
"2019","46910","전라남도","신안군","0.0","0.0","0.076695492","0.0","1.0","0.18156907817357062","1","1","0","1"
"2019","47111","경상북도","포항시 남구","2.2753352713429877","","","","1.0","14.364830105847812","0","1","0","1"
"2019","47113","경상북도","포항시 북구","1.959761199779948","","","","0.0","0.0","0","1","0","1"
"2019","47130","경상북도","경주시","1.7211393498980714","0.0","0.0","0.0","1.0","4.287542618252637","1","1","0","1"
"2019","47150","경상북도","김천시","1.4718806809085143","0.0","0.0","0.0","1.0","1.1856737067589194","1","1","0","1"
"2019","47170","경상북도","안동시","1.5255916868608501","7.389217640857798","0.009455604","0.0084812835622336","1.0","2.6561625278822882","1","1","0","1"
"2019","47190","경상북도","구미시","2.0777254479373606","0.0","0.0","0.0","1.0","5.3732376017082455","1","1","0","1"
"2019","47210","경상북도","영주시","1.6215670524820092","7.915522586116566","0.0","0.0424952683839824","1.0","1.2182368109713004","1","1","0","1"
"2019","47230","경상북도","영천시","1.3086280019720111","0.0","0.133307206","0.0","1.0","2.6486911444873993","1","1","0","1"
"2019","47250","경상북도","상주시","1.7860877986416606","7.7113353012283685","0.093790297","0.0870996013994163","1.0","1.9232471201231665","1","1","0","1"
"2019","47280","경상북도","문경시","1.7100360997068254","0.0","0.0","0.0","1.0","0.0718842564921836","1","1","0","1"
"2019","47290","경상북도","경산시","1.331544184949693","0.0","0.0","0.0","1.0","2.1998010121265947","1","1","0","1"
"2019","47730","경상북도","의성군","1.1049527648282758","0.0","0.0","0.0","1.0","1.4949570521254367","1","1","0","1"
"2019","47750","경상북도","청송군","1.2703696947139036","7.455157423212828","0.0","0.0981400448252107","0.0","0.0","1","1","0","1"
"2019","47760","경상북도","영양군","1.2115314834135833","7.372431649342278","0.131280288","0.1177529580774149","0.0","0.0","1","1","0","1"
"2019","47770","경상북도","영덕군","1.0426853227356148","0.0","0.0","0.0","1.0","1.2877517958894982","1","1","0","1"
"2019","47820","경상북도","청도군","0.4549089326157469","0.0","0.161347823","0.0","1.0","2.9727172550617302","1","1","0","1"
"2019","47830","경상북도","고령군","1.3503145399322505","0.0","0.0","0.0","1.0","2.7792641586698226","1","1","0","1"
"2019","47840","경상북도","성주군","1.464062294395618","0.0","0.108019867","0.0","1.0","2.668594031777779","1","1","0","1"
"2019","47850","경상북도","칠곡군","1.868095049047866","0.0","0.253699043","0.0","1.0","4.109699182564002","1","1","0","1"
"2019","47900","경상북도","예천군","1.521968437132505","8.195173165921421","0.222565012","0.0672475161175891","1.0","0.8389936414816275","1","1","0","1"
"2019","47920","경상북도","봉화군","0.991376644129919","7.580879752120087","0.102596425","0.0934921479166122","1.0","0.37378311493602795","1","1","0","1"
"2019","47930","경상북도","울진군","0.9324472781453266","8.55560440771748","0.064710432","0.2902128325945937","0.0","0.0","1","1","0","1"
"2019","47940","경상북도","울릉군","0.0","0.0","0.597812813","0.0","0.0","0.0","1","1","0","1"
"2019","48121","경상남도","창원시 의창구","1.5883425275559249","","","","0.0","0.0","0","1","0","1"
"2019","48123","경상남도","창원시 성산구","0.0","","","","0.0","0.0","0","1","0","1"
"2019","48125","경상남도","창원시 마산합포구","1.2803109019149501","","","","0.0","0.0","0","1","0","1"
"2019","48127","경상남도","창원시 마산회원구","0.0","","","","0.0","0.0","0","1","0","1"
"2019","48129","경상남도","창원시 진해구","0.0","","","","0.0","0.0","0","1","0","1"
"2019","48170","경상남도","진주시","2.183206657621918","7.569759002857402","0.259272135","0.0100856886460558","1.0","3.507990386169501","1","1","0","1"
"2019","48220","경상남도","통영시","1.4694754361349491","7.02951388662274","0.145037456","0.0109562970155393","1.0","2.1220805835739185","1","1","0","1"
"2019","48240","경상남도","사천시","1.946547433292856","7.864778832256028","0.0","0.0261165705315232","1.0","3.35546515157263","1","1","0","1"
"2019","48250","경상남도","김해시","2.1908074073716435","0.0","0.09273229","0.0","1.0","4.038461103032623","1","1","0","1"
"2019","48270","경상남도","밀양시","1.2597481089083975","7.335072825707849","0.056603528","0.0083579456171325","1.0","3.964981945257279","1","1","0","1"
"2019","48310","경상남도","거제시","1.7923268498455212","8.12411491375905","0.052472591","0.015883499573353","1.0","2.9617824155476806","1","1","0","1"
"2019","48330","경상남도","양산시","2.1988511470847856","8.30756039824051","0.078387888","0.0177965020399031","1.0","6.484119846375312","1","1","0","1"
"2019","48720","경상남도","의령군","0.8073672146564502","6.4443541911308815","0.070490745","0.0079060373518253","1.0","2.7350027198449416","1","1","0","1"
"2019","48730","경상남도","함안군","1.7004497817449191","8.463758567061282","0.125254252","0.0595233911675693","1.0","0.5659371578085891","1","1","0","1"
"2019","48740","경상남도","창녕군","1.2734814205791052","7.577197558521119","0.063204994","0.0143495103109613","1.0","3.427725625014515","1","1","0","1"
"2019","48820","경상남도","고성군","1.5188182654405695","6.4007677580590325","0.135333892","0.0153626278826759","1.0","1.0906162611311536","1","1","0","1"
"2019","48840","경상남도","남해군","1.359843992531207","6.884788465026154","0.15671979","0.0184272274810717","1.0","2.4777525242880647","1","1","0","1"
"2019","48850","경상남도","하동군","2.0885936753154364","7.576781929992741","0.106574657","0.0241957801490962","1.0","3.0016307653920205","1","1","0","1"
"2019","48860","경상남도","산청군","1.2722397688379665","6.25512743438817","0.222843547","0.0252964163543545","1.0","1.5490600800553866","1","1","0","1"
"2019","48870","경상남도","함양군","2.044518000654666","6.523969928946138","0.6456556","0.0215221641789537","1.0","0.4785818824610139","1","1","0","1"
"2019","48880","경상남도","거창군","1.4849649137177128","6.203426049305052","0.39336458","0.0446533648023231","1.0","0.435339557116299","1","1","0","1"
"2019","48890","경상남도","합천군","0.932617780933752","5.745484667158158","0.404760276","0.0294318734765222","1.0","0.8828955354112692","1","1","0","1"
"2019","50110","제주특별자치도","제주시","2.819892925211763","","","","0.0","0.0","0","1","0","1"
"2019","50130","제주특별자치도","서귀포시","2.7253707678356043","","","","0.0","0.0","0","1","0","1"
"2019","51110","강원특별자치도","춘천시","2.277900819322591","0.0","0.031350997","0.0","1.0","3.2783133863830236","1","1","0","1"
"2019","51130","강원특별자치도","원주시","1.0677280951209054","8.259051453294965","0.215019798","0.1285758775637318","1.0","2.549440039982577","1","1","0","1"
"2019","51150","강원특별자치도","강릉시","1.7388964753278449","7.286877868768976","0.337528621","0.302749135750737","0.0","0.0","1","1","0","1"
"2019","51170","강원특별자치도","동해시","0.0","0.0","0.793856767","0.0","0.0","0.0","1","1","0","1"
"2019","51190","강원특별자치도","태백시","2.4995070142148252","0.0","0.734881397","0.0","0.0","0.0","1","1","0","1"
"2019","51210","강원특별자치도","속초시","2.457301945571374","0.0","0.540640553","0.0","0.0","0.0","1","1","0","1"
"2019","51230","강원특별자치도","삼척시","0.9947412397140133","0.0","0.512420102","0.0","0.0","0.0","1","1","0","1"
"2019","51720","강원특별자치도","홍천군","1.8451695378072763","0.0","0.0","0.0","1.0","1.2179964523834887","1","1","0","1"
"2019","51730","강원특별자치도","횡성군","1.270964743833219","7.6382093656642365","0.306172594","0.1830827220771698","1.0","1.1486478523084793","1","1","0","1"
"2019","51750","강원특별자치도","영월군","0.9363987794648835","0.0","0.125487847","0.0","0.0","0.0","1","1","0","1"
"2019","51760","강원특별자치도","평창군","1.3896617568825769","0.0","0.429927564","0.0","0.0","0.0","1","1","0","1"
"2019","51770","강원특별자치도","정선군","1.6647042380012176","8.055966050744885","0.08243873","0.0985921499107529","1.0","1.5217548822626261","1","1","0","1"
"2019","51780","강원특별자치도","철원군","4.752710761516938","0.0","0.52651975","0.0","0.0","0.0","1","1","0","1"
"2019","51790","강원특별자치도","화천군","2.309473793348911","0.0","0.596487826","0.0","0.0","0.0","1","1","0","1"
"2019","51800","강원특별자치도","양구군","3.123322473156971","0.0","1.0","0.0","1.0","1.7420116847249578","1","1","0","1"
"2019","51810","강원특별자치도","인제군","1.150772805942683","0.0","0.159579846","0.0","1.0","0.2283430585335894","1","1","0","1"
"2019","51820","강원특별자치도","고성군","2.998319144924825","0.0","0.0","0.0","0.0","0.0","1","1","0","1"
"2019","51830","강원특별자치도","양양군","1.738097307680652","0.0","0.525611746","0.0","0.0","0.0","1","1","0","1"
"2020","11110","서울특별시","종로구","0.0","0.0","0.0","0.0","0.0","0.0","1","1","0","1"
"2020","11140","서울특별시","중구","0.0","0.0","0.0","0.0","0.0","0.0","1","1","0","1"
"2020","11170","서울특별시","용산구","0.0","0.0","","","0.0","0.0","1","1","0","1"
"2020","11200","서울특별시","성동구","0.0","0.0","0.376753507","0.0","0.0","0.0","1","1","0","1"
"2020","11215","서울특별시","광진구","0.0","0.0","","","0.0","0.0","1","1","0","1"
"2020","11230","서울특별시","동대문구","0.0","0.0","","","0.0","0.0","1","1","0","1"
"2020","11260","서울특별시","중랑구","4.899325660960531","0.0","","","0.0","0.0","1","1","0","1"
"2020","11290","서울특별시","성북구","0.0","0.0","","","0.0","0.0","1","1","0","1"
"2020","11305","서울특별시","강북구","0.0","0.0","","","0.0","0.0","1","1","0","1"
"2020","11320","서울특별시","도봉구","0.0","0.0","0.0","0.0","0.0","0.0","1","1","0","1"
"2020","11350","서울특별시","노원구","0.0","0.0","","","0.0","0.0","1","1","0","1"
"2020","11380","서울특별시","은평구","3.7579382829165486","10.642209153476383","0.381287608","0.1676304453495583","0.0","0.0","1","1","0","1"
"2020","11410","서울특별시","서대문구","0.0","0.0","0.082669063","0.0","0.0","0.0","1","1","0","1"
"2020","11440","서울특별시","마포구","0.0","0.0","0.066190932","0.0","0.0","0.0","1","1","0","1"
"2020","11470","서울특별시","양천구","0.0","0.0","","","0.0","0.0","1","1","0","1"
"2020","11500","서울특별시","강서구","0.0","12.74880002922884","0.051369577","0.0439927331271746","0.0","0.0","1","1","0","1"
"2020","11530","서울특별시","구로구","0.0","13.67672292519814","0.058141596","0.031651739089154","0.0","0.0","1","1","0","1"
"2020","11545","서울특별시","금천구","6.047835004771088","0.0","0.185035207","0.0","0.0","0.0","1","1","0","1"
"2020","11560","서울특별시","영등포구","","","","","0.0","","0","1","0","1"
"2020","11590","서울특별시","동작구","0.0","0.0","0.252808867","0.0","0.0","0.0","1","1","0","1"
"2020","11620","서울특별시","관악구","3.5122595271482275","0.0","","","0.0","0.0","1","1","0","1"
"2020","11650","서울특별시","서초구","0.0","0.0","0.050936263","0.0","0.0","0.0","1","1","0","1"
"2020","11680","서울특별시","강남구","0.0","0.0","","","0.0","0.0","1","1","0","1"
"2020","11710","서울특별시","송파구","0.0","13.513422664325097","0.353620432","0.1110844053379035","1.0","78.23904940838767","1","1","0","1"
"2020","11740","서울특별시","강동구","0.0","12.981333544271031","0.0","0.1021160920975534","0.0","0.0","1","1","0","1"
"2020","26110","부산광역시","중구","0.0","0.0","","","0.0","0.0","1","1","0","1"
"2020","26140","부산광역시","서구","0.0","0.0","0.766168489","0.0","0.0","0.0","1","1","0","1"
"2020","26170","부산광역시","동구","0.0","0.0","0.871893753","0.0","0.0","0.0","1","1","0","1"
"2020","26200","부산광역시","영도구","0.0","0.0","0.692846114","0.0","0.0","0.0","1","1","0","1"
"2020","26230","부산광역시","부산진구","0.0","0.0","0.754702993","0.0","1.0","7.24271818701105","1","1","0","1"
"2020","26260","부산광역시","동래구","3.6391233973861983","0.0","0.816772648","0.0","1.0","1.1599297965283146","1","1","0","1"
"2020","26290","부산광역시","남구","0.0","0.0","0.809065209","0.0","0.0","0.0","1","1","0","1"
"2020","26320","부산광역시","북구","0.0","0.0","0.865709346","0.0","0.0","0.0","1","1","0","1"
"2020","26350","부산광역시","해운대구","0.0","0.0","0.661094526","0.0","0.0","0.0","1","1","0","1"
"2020","26380","부산광역시","사하구","0.0","0.0","0.0","0.0","0.0","0.0","1","1","0","1"
"2020","26410","부산광역시","금정구","1.8738228842089364","10.037392296286637","0.468246218","0.1441230743568447","1.0","3.0989404216782757","1","1","0","1"
"2020","26440","부산광역시","강서구","0.0","10.916351034708327","0.407294251","0.4959134256076051","0.0","0.0","1","1","0","1"
"2020","26470","부산광역시","연제구","4.742147957536866","0.0","1.0","0.0","0.0","0.0","1","1","0","1"
"2020","26500","부산광역시","수영구","0.0","0.0","0.0","0.0","0.0","0.0","1","1","0","1"
"2020","26530","부산광역시","사상구","0.0","0.0","0.850473402","0.0","1.0","2.328025882688581","1","1","0","1"
"2020","26710","부산광역시","기장군","2.392713327883951","10.212312169695688","0.0","0.2336204205495084","0.0","0.0","1","1","0","1"
"2020","27110","대구광역시","중구","","","","","0.0","","0","1","0","1"
"2020","27140","대구광역시","동구","0.0","0.0","","","1.0","0.32977705276000957","1","1","0","1"
"2020","27170","대구광역시","서구","0.0","0.0","0.746919628","0.0","0.0","0.0","1","1","0","1"
"2020","27200","대구광역시","남구","0.0","0.0","","","1.0","3.2251318161485516","1","1","0","1"
"2020","27230","대구광역시","북구","0.0","0.0","0.123242519","0.0","1.0","0.8026163765178406","1","1","0","1"
"2020","27260","대구광역시","수성구","0.0","0.0","0.455215784","0.0","1.0","0.5766024603150499","1","1","0","1"
"2020","27290","대구광역시","달서구","0.0","0.0","0.560299822","0.0","0.0","0.0","1","1","0","1"
"2020","27710","대구광역시","달성군","0.7186664741830996","0.0","0.036649856","0.0","1.0","1.1681180772222493","1","1","0","1"
"2020","27720","대구광역시","군위군","0.9805876663896468","","","","1.0","1.4769844922899935","0","1","0","1"
"2020","28110","인천광역시","중구","0.0","0.0","0.0","0.0","0.0","0.0","1","1","0","1"
"2020","28140","인천광역시","동구","","","","","0.0","","0","1","0","1"
"2020","28177","인천광역시","미추홀구","0.0","0.0","0.0","0.0","0.0","0.0","1","1","0","1"
"2020","28185","인천광역시","연수구","0.0","0.0","0.0","0.0","0.0","0.0","1","1","0","1"
"2020","28200","인천광역시","남동구","0.0","12.758176204272862","0.256908182","0.2323569619685798","0.0","0.0","1","1","0","1"
"2020","28237","인천광역시","부평구","0.0","0.0","0.0","0.0","0.0","0.0","1","1","0","1"
"2020","28245","인천광역시","계양구","0.0","0.0","0.0","0.0","0.0","0.0","1","1","0","1"
"2020","28260","인천광역시","서구","5.190084931668839","12.821542027285433","0.191975014","0.173629078851516","0.0","0.0","1","1","0","1"
"2020","28710","인천광역시","강화군","0.0","11.41451750193788","0.060934738","0.0551115599792693","0.0","0.0","1","1","0","1"
"2020","28720","인천광역시","옹진군","0.0","0.0","0.135240994","0.0","0.0","0.0","1","1","0","1"
"2020","29110","광주광역시","동구","0.0","0.0","0.0","0.0","0.0","0.0","1","1","0","1"
"2020","29140","광주광역시","서구","4.408683443061346","0.0","0.0","0.0","1.0","24.957075869441983","1","1","0","1"
"2020","29155","광주광역시","남구","0.0","11.482569701152778","0.0","0.67957919575263","1.0","9.894584687655971","1","1","0","1"
"2020","29170","광주광역시","북구","0.0","0.0","0.0","0.0","0.0","0.0","1","1","0","1"
"2020","29200","광주광역시","광산구","0.0","0.0","0.552105282","0.0","1.0","5.080323975574896","1","1","0","1"
"2020","30110","대전광역시","동구","0.0","10.141657346688726","0.406046598","0.4407162402699184","0.0","0.0","1","1","0","1"
"2020","30140","대전광역시","중구","0.0","0.0","0.0","0.0","0.0","0.0","1","1","0","1"
"2020","30170","대전광역시","서구","0.0","10.399270321425131","0.333675363","0.3621657024342321","0.0","0.0","1","1","0","1"
"2020","30200","대전광역시","유성구","0.0","0.0","0.210285903","0.0","1.0","6.951058470741854","1","1","0","1"
"2020","30230","대전광역시","대덕구","0.0","11.770774571495354","0.297128638","0.3224790528587258","0.0","0.0","1","1","0","1"
"2020","31110","울산광역시","중구","2.654423728532664","10.911670882207497","0.093819363","0.0862548288904154","1.0","4.892856016082218","1","1","0","1"
"2020","31140","울산광역시","남구","0.0","0.0","0.304619125","0.0","1.0","17.100962290619904","1","1","0","1"
"2020","31170","울산광역시","동구","0.0","10.758964949301935","0.0","0.1092932609824297","1.0","3.8550387218694464","1","1","0","1"
"2020","31200","울산광역시","북구","0.0","10.170109434861093","0.0","0.0472819402699143","1.0","3.2222671864433656","1","1","0","1"
"2020","31710","울산광역시","울주군","2.602867204245338","9.29809823063825","0.0","0.0513063430907661","1.0","4.793682109472483","1","1","0","1"
"2020","36110","세종특별자치시","세종시","0.0","","","","1.0","11.707628664411677","0","1","0","1"
"2020","41111","경기도","수원시 장안구","0.0","","","","0.0","0.0","0","1","0","1"
"2020","41113","경기도","수원시 권선구","0.0","","","","0.0","0.0","0","1","0","1"
"2020","41115","경기도","수원시 팔달구","0.0","","","","0.0","0.0","0","1","0","1"
"2020","41117","경기도","수원시 영통구","0.0","","","","0.0","0.0","0","1","0","1"
"2020","41131","경기도","성남시 수정구","0.0","","","","1.0","196.83577860768258","0","1","0","1"
"2020","41133","경기도","성남시 중원구","5.6497029887923595","","","","0.0","0.0","0","1","0","1"
"2020","41135","경기도","성남시 분당구","0.0","","","","0.0","0.0","0","1","0","1"
"2020","41150","경기도","의정부시","0.0","0.0","0.208618336","0.0","0.0","0.0","1","1","0","1"
"2020","41171","경기도","안양시 만안구","0.0","","","","0.0","0.0","0","1","0","1"
"2020","41173","경기도","안양시 동안구","0.0","","","","0.0","0.0","0","1","0","1"
"2020","41190","경기도","부천시","0.0","0.0","","","0.0","0.0","1","1","0","1"
"2020","41210","경기도","광명시","0.0","0.0","","","0.0","0.0","1","1","0","1"
"2020","41220","경기도","평택시","0.0","0.0","0.126190614","0.0","1.0","15.712125808762016","1","1","0","1"
"2020","41250","경기도","동두천시","0.0","0.0","0.0","0.0","1.0","15.77048846675116","1","1","0","1"
"2020","41271","경기도","안산시 상록구","5.0311828283386655","","","","0.0","0.0","0","1","0","1"
"2020","41273","경기도","안산시 단원구","3.2751258344723455","","","","0.0","0.0","0","1","0","1"
"2020","41281","경기도","고양시 덕양구","0.0","","","","0.0","0.0","0","1","0","1"
"2020","41285","경기도","고양시 일산동구","0.0","","","","0.0","0.0","0","1","0","1"
"2020","41287","경기도","고양시 일산서구","0.0","","","","0.0","0.0","0","1","0","1"
"2020","41290","경기도","과천시","3.7993541065834466","0.0","0.469247616","0.0","1.0","2.2010850093808556","1","1","0","1"
"2020","41310","경기도","구리시","0.0","0.0","0.584785104","0.0","0.0","0.0","1","1","0","1"
"2020","41360","경기도","남양주시","1.9292143903842143","10.102507557704529","0.0","0.0509669439312002","1.0","10.32500662028769","1","1","0","1"
"2020","41370","경기도","오산시","0.0","0.0","0.0","0.0","0.0","0.0","1","1","0","1"
"2020","41390","경기도","시흥시","0.0","0.0","0.326679063","0.0","0.0","0.0","1","1","0","1"
"2020","41410","경기도","군포시","0.0","0.0","0.350200733","0.0","0.0","0.0","1","1","0","1"
"2020","41430","경기도","의왕시","0.0","0.0","0.507386219","0.0","1.0","15.611475184701947","1","1","0","1"
"2020","41450","경기도","하남시","0.0","0.0","0.205802754","0.0","1.0","45.18992294860919","1","1","0","1"
"2020","41461","경기도","용인시 처인구","3.3222001014368248","","","","1.0","25.78335644204332","0","1","0","1"
"2020","41463","경기도","용인시 기흥구","3.6555712906797972","","","","0.0","0.0","0","1","0","1"
"2020","41465","경기도","용인시 수지구","0.0","","","","0.0","0.0","0","1","0","1"
"2020","41480","경기도","파주시","0.0","0.0","0.173576887","0.0","1.0","18.528357971230932","1","1","0","1"
"2020","41500","경기도","이천시","3.5965013710831366","0.0","0.188848829","0.0","1.0","18.08842165286472","1","1","0","1"
"2020","41550","경기도","안성시","2.666843632515394","0.0","0.018546797","0.0","1.0","8.788272502695476","1","1","0","1"
"2020","41570","경기도","김포시","0.0","0.0","0.336153367","0.0","0.0","0.0","1","1","0","1"
"2020","41590","경기도","화성시","2.839515786728654","0.0","0.109026883","0.0","1.0","6.1123429675434044","1","1","0","1"
"2020","41610","경기도","광주시","2.860486456551069","10.033017595525301","0.039654166","0.0143437838241719","1.0","23.5016252149165","1","1","0","1"
"2020","41630","경기도","양주시","0.0","9.807510656669871","0.224599771","0.1104738818891345","1.0","7.33398135100118","1","1","0","1"
"2020","41650","경기도","포천시","0.7595106292766428","8.45902034088465","0.0","0.038492791824934","1.0","7.512314374708926","1","1","0","1"
"2020","41670","경기도","여주시","2.3923381603244134","9.933584704268982","0.125608139","0.113609717078302","1.0","6.152266562747622","1","1","0","1"
"2020","41800","경기도","연천군","0.0","10.9101035474222","0.0","0.0558963936158455","1.0","32.067595490581084","1","1","0","1"
"2020","41820","경기도","가평군","1.354587372094965","8.000362725880176","0.04269358","0.0386153760593215","1.0","5.302620336169986","1","1","0","1"
"2020","41830","경기도","양평군","1.3886604161436327","8.333606629369188","0.045880326","0.0345811785934057","1.0","7.400500702663631","1","1","0","1"
"2020","43111","충청북도","청주시 상당구","2.4906241946294836","","","","1.0","2.6407406429947846","0","1","0","1"
"2020","43112","충청북도","청주시 서원구","4.476216198020199","","","","0.0","0.0","0","1","0","1"
"2020","43113","충청북도","청주시 흥덕구","5.416303931714247","","","","0.0","0.0","0","1","0","1"
"2020","43114","충청북도","청주시 청원구","4.016479776358873","","","","0.0","0.0","0","1","0","1"
"2020","43130","충청북도","충주시","2.8246080777734868","0.0","0.076664782","0.0","0.0","0.0","1","1","0","1"
"2020","43150","충청북도","제천시","2.063396268897105","7.550216153057529","0.035897666","0.0495852650268568","1.0","1.7587623489947022","1","1","0","1"
"2020","43720","충청북도","보은군","2.001250371183705","0.0","0.657649433","0.0","0.0","0.0","1","1","0","1"
"2020","43730","충청북도","옥천군","2.2903546306210556","9.009859391341765","0.369800714","0.1622459039481714","1.0","1.3196321702700569","1","1","0","1"
"2020","43740","충청북도","영동군","2.0869267132224465","7.933668202959055","0.169322484","0.0824137828251214","1.0","1.4134372643012771","1","1","0","1"
"2020","43745","충청북도","증평군","3.2648526090100853","0.0","0.906754111","0.0","0.0","0.0","1","1","0","1"
"2020","43750","충청북도","진천군","3.0286812459340866","9.294469998078148","0.265549367","0.1976819842557968","1.0","0.7801104557236953","1","1","0","1"
"2020","43760","충청북도","괴산군","2.156817356773323","0.0","0.293862032","0.0","0.0","0.0","1","1","0","1"
"2020","43770","충청북도","음성군","3.27988363244622","0.0","0.298947479","0.0","0.0","0.0","1","1","0","1"
"2020","43800","충청북도","단양군","1.066764296960746","7.47166700658644","0.048544378","0.0236269929506993","1.0","0.9091016771131623","1","1","0","1"
"2020","44131","충청남도","천안시 동남구","2.6318447903661304","","","","1.0","5.435200014486956","0","1","0","1"
"2020","44133","충청남도","천안시 서북구","0.0","","","","0.0","0.0","0","1","0","1"
"2020","44150","충청남도","공주시","2.8017304577933855","0.0","0.071798325","0.0","1.0","0.39920670689144966","1","1","0","1"
"2020","44180","충청남도","보령시","1.5554668464519747","9.020068296880648","0.050960226","0.0786589971906929","1.0","1.919195749824039","1","1","0","1"
"2020","44200","충청남도","아산시","3.0239171633191435","0.0","0.024333788","0.0","1.0","0.4759189144131704","1","1","0","1"
"2020","44210","충청남도","서산시","0.6666988640622963","0.0","0.0","0.0","1.0","0.5989317248052277","1","1","0","1"
"2020","44230","충청남도","논산시","3.0038273571990675","0.0","0.13053479","0.0","1.0","0.9334210116797891","1","1","0","1"
"2020","44250","충청남도","계룡시","0.0","0.0","0.391190119","0.0","0.0","0.0","1","1","0","1"
"2020","44270","충청남도","당진시","2.077678095042514","0.0","0.251662971","0.0","0.0","0.0","1","1","0","1"
"2020","44710","충청남도","금산군","3.140953832926523","8.24909768642926","0.083400175","0.0377132339166289","1.0","1.6262989749969459","1","1","0","1"
"2020","44760","충청남도","부여군","2.652698832240177","9.039745022738554","0.038689276","0.0781119312159611","1.0","0.40142252683992347","1","1","0","1"
"2020","44770","충청남도","서천군","2.175111470261937","0.0","0.0","0.0","1.0","2.1397680502631458","1","1","0","1"
"2020","44790","충청남도","청양군","2.1630131384953986","0.0","0.0","0.0","1.0","1.1878223572264963","1","1","0","1"
"2020","44800","충청남도","홍성군","2.4579391469618788","0.0","","","1.0","0.5333236764845375","1","1","0","1"
"2020","44810","충청남도","예산군","2.3179230592037947","0.0","0.020676777","0.0","1.0","1.1846735547807745","1","1","0","1"
"2020","44825","충청남도","태안군","0.5645040077943477","0.0","0.0","0.0","1.0","1.4077640913249483","1","1","0","1"
"2020","45111","전라북도","전주시 완산구","0.0","","","","1.0","7.210694474841027","0","1","0","1"
"2020","45113","전라북도","전주시 덕진구","0.0","","","","0.0","0.0","0","1","0","1"
"2020","45130","전라북도","군산시","1.6836998933110874","0.0","0.0","0.0","1.0","16.32481799334399","1","1","0","1"
"2020","45140","전라북도","익산시","0.0","0.0","0.389038462","0.0","1.0","6.4862957726524","1","1","0","1"
"2020","45180","전라북도","정읍시","2.516277333299767","0.0","0.315327428","0.0","1.0","1.1676288417120255","1","1","0","1"
"2020","45190","전라북도","남원시","1.9637540227454493","0.0","0.177723918","0.0","1.0","0.21665719689399704","1","1","0","1"
"2020","45210","전라북도","김제시","0.0","0.0","0.342148221","0.0","1.0","1.8458696619407398","1","1","0","1"
"2020","45710","전라북도","완주군","0.0","0.0","0.304184578","0.0","1.0","0.061873549490749635","1","1","0","1"
"2020","45720","전라북도","진안군","2.2922994168486297","0.0","0.364714758","0.0","0.0","0.0","1","1","0","1"
"2020","45730","전라북도","무주군","3.0128866384476107","0.0","0.0","0.0","0.0","0.0","1","1","0","1"
"2020","45740","전라북도","장수군","3.2107488657172483","0.0","0.188567715","0.0","0.0","0.0","1","1","0","1"
"2020","45750","전라북도","임실군","2.1321007862278845","9.285016381903155","0.113839737","0.3732120592443295","1.0","1.3794837353830218","1","1","0","1"
"2020","45770","전라북도","순창군","1.7062870646570596","0.0","0.172069622","0.0","1.0","2.5919199001989734","1","1","0","1"
"2020","45790","전라북도","고창군","1.1180791445859803","0.0","0.10610418","0.0","1.0","0.005044483144544476","1","1","0","1"
"2020","45800","전라북도","부안군","0.0","0.0","0.078751535","0.0","0.0","0.0","1","1","0","1"
"2020","46110","전라남도","목포시","3.0698983123817887","0.0","0.722470848","0.0","1.0","0.647000935610385","1","1","0","1"
"2020","46130","전라남도","여수시","2.1087327949309143","0.0","0.270646168","0.0","1.0","3.716065252760524","1","1","0","1"
"2020","46150","전라남도","순천시","2.7226696409094617","0.0","0.156344738","0.0","1.0","3.273775391891771","1","1","0","1"
"2020","46170","전라남도","나주시","3.0980868993255597","0.0","0.007946876","0.0","0.0","0.0","1","1","0","1"
"2020","46230","전라남도","광양시","2.0221083797739903","8.824225256505631","0.101333984","0.0611080298028613","1.0","5.893568428689513","1","1","0","1"
"2020","46710","전라남도","담양군","2.650071227225629","0.0","0.362648179","0.0","1.0","0.7849177944396919","1","1","0","1"
"2020","46720","전라남도","곡성군","2.0142744069461784","0.0","0.182420089","0.0","0.0","0.0","1","1","0","1"
"2020","46730","전라남도","구례군","2.06964741730734","7.780360759649837","0.217044874","0.1963108165536816","1.0","1.2575020176407636","1","1","0","1"
"2020","46770","전라남도","고흥군","2.6486149173606828","0.0","0.301123506","0.0","1.0","0.10438429490152658","1","1","0","1"
"2020","46780","전라남도","보성군","3.2362251157062194","7.742504420812075","0.037476889","0.0328506992358865","1.0","0.6878050126145111","1","1","0","1"
"2020","46790","전라남도","화순군","2.303208937102421","0.0","0.642325048","0.0","0.0","0.0","1","1","0","1"
"2020","46800","전라남도","장흥군","2.9362832224536","0.0","0.171140409","0.0","0.0","0.0","1","1","0","1"
"2020","46810","전라남도","강진군","2.390096994431686","0.0","0.012923556","0.0","0.0","0.0","1","1","0","1"
"2020","46820","전라남도","해남군","2.5632163322255423","0.0","0.230782461","0.0","1.0","0.0313136508961523","1","1","0","1"
"2020","46830","전라남도","영암군","1.2383582244732803","0.0","0.0","0.0","0.0","0.0","1","1","0","1"
"2020","46840","전라남도","무안군","0.0","8.414559829913646","0.067326866","0.0304476025174521","1.0","0.6696767478448764","1","1","0","1"
"2020","46860","전라남도","함평군","1.9709347937032773","0.0","0.33923234","0.0","1.0","0.3187529486389977","1","1","0","1"
"2020","46870","전라남도","영광군","1.8369624749832076","0.0","0.101391259","0.0","0.0","0.0","1","1","0","1"
"2020","46880","전라남도","장성군","2.116148565766635","0.0","0.199538689","0.0","1.0","0.7189625684911267","1","1","0","1"
"2020","46890","전라남도","완도군","1.8013719957584375","0.0","0.0","0.0","0.0","0.0","1","1","0","1"
"2020","46900","전라남도","진도군","2.601615539125227","0.0","0.116924584","0.0","0.0","0.0","1","1","0","1"
"2020","46910","전라남도","신안군","0.0","0.0","0.111828723","0.0","0.0","0.0","1","1","0","1"
"2020","47111","경상북도","포항시 남구","2.246008206817554","","","","1.0","13.902120069229486","0","1","0","1"
"2020","47113","경상북도","포항시 북구","1.9564337194962582","","","","0.0","0.0","0","1","0","1"
"2020","47130","경상북도","경주시","1.7817857528646623","0.0","0.0","0.0","1.0","4.472311723991565","1","1","0","1"
"2020","47150","경상북도","김천시","2.041866120868108","0.0","0.0","0.0","1.0","2.6321214361316883","1","1","0","1"
"2020","47170","경상북도","안동시","1.6948505533186753","6.687908171475665","0.019673628","0.0059310915681933","1.0","2.6440329644171374","1","1","0","1"
"2020","47190","경상북도","구미시","2.3592350011614758","0.0","0.0","0.0","1.0","5.3602120959717405","1","1","0","1"
"2020","47210","경상북도","영주시","1.6173720249999786","0.0","0.0","0.0","1.0","1.4878687832286497","1","1","0","1"
"2020","47230","경상북도","영천시","1.3059096891478061","0.0","0.026433369","0.0","1.0","2.904041503942295","1","1","0","1"
"2020","47250","경상북도","상주시","1.7849256849720763","0.0","0.198835679","0.0","1.0","2.2177812026653902","1","1","0","1"
"2020","47280","경상북도","문경시","1.7112240686550244","0.0","0.0","0.0","1.0","0.07198856946908803","1","1","0","1"
"2020","47290","경상북도","경산시","1.3292372017497682","0.0","0.0","0.0","1.0","2.6623110289351537","1","1","0","1"
"2020","47730","경상북도","의성군","1.1957656420685163","0.0","0.0","0.0","1.0","1.6432895410176889","1","1","0","1"
"2020","47750","경상북도","청송군","1.2703614950753825","7.479836583253237","0.0","0.0853805913149459","0.0","0.0","1","1","0","1"
"2020","47760","경상북도","영양군","1.2135493255581404","7.399991358453969","0.106227569","0.09607601837035","0.0","0.0","1","1","0","1"
"2020","47770","경상북도","영덕군","1.0099442796132319","0.0","0.0","0.0","1.0","1.4800526598609756","1","1","0","1"
"2020","47820","경상북도","청도군","0.45508327398986603","0.0","0.175022938","0.0","1.0","3.2614808646896143","1","1","0","1"
"2020","47830","경상북도","고령군","1.3339706941271694","0.0","0.0","0.0","1.0","2.9773662151803917","1","1","0","1"
"2020","47840","경상북도","성주군","1.4643005829927211","0.0","0.169695099","0.0","1.0","2.9141058507343223","1","1","0","1"
"2020","47850","경상북도","칠곡군","1.862744564049055","0.0","0.217109949","0.0","1.0","4.083764203974916","1","1","0","1"
"2020","47900","경상북도","예천군","1.522797640702741","0.0","0.44949284","0.0","1.0","0.966525314162121","1","1","0","1"
"2020","47920","경상북도","봉화군","0.898007529492073","7.606890307281444","0.12372063","0.1196596046134476","1.0","0.4367031325084866","1","1","0","1"
"2020","47930","경상북도","울진군","1.1131050445897408","8.757480247535613","0.0","0.2580596318382162","1.0","0.1359634527478919","1","1","0","1"
"2020","47940","경상북도","울릉군","0.0","11.785172785086928","0.404515806","0.3847991686537944","0.0","0.0","1","1","0","1"
"2020","48121","경상남도","창원시 의창구","1.5963960649702509","","","","0.0","0.0","0","1","0","1"
"2020","48123","경상남도","창원시 성산구","0.0","","","","0.0","0.0","0","1","0","1"
"2020","48125","경상남도","창원시 마산합포구","1.283382264410364","","","","0.0","0.0","0","1","0","1"
"2020","48127","경상남도","창원시 마산회원구","0.0","","","","0.0","0.0","0","1","0","1"
"2020","48129","경상남도","창원시 진해구","0.0","","","","0.0","0.0","0","1","0","1"
"2020","48170","경상남도","진주시","2.2451027023177983","7.265795914268316","0.289086168","0.0081847201120825","1.0","3.5392245210542517","1","1","0","1"
"2020","48220","경상남도","통영시","1.4769518475728438","7.7566073840092855","0.183281854","0.0263329721015774","1.0","2.1427636463872477","1","1","0","1"
"2020","48240","경상남도","사천시","1.8217852390986427","7.8965135493111696","0.0","0.0523469015110844","1.0","3.3189477733956196","1","1","0","1"
"2020","48250","경상남도","김해시","2.0511720860992173","7.94149549417746","0.14914784","0.0224231081548711","1.0","6.28161158211563","1","1","0","1"
"2020","48270","경상남도","밀양시","1.2740790121142096","7.379732388669795","0.037107718","0.0078808928698685","1.0","4.0448827052511955","1","1","0","1"
"2020","48310","경상남도","거제시","1.9262351373839879","7.865747523120812","0.080851627","0.0182330307205751","1.0","2.9751342559141203","1","1","0","1"
"2020","48330","경상남도","양산시","2.2131306175868555","7.943051831980885","0.116165961","0.0174662477900307","1.0","6.5890093128236575","1","1","0","1"
"2020","48720","경상남도","의령군","1.0673314683991117","7.185038540722628","0.136010271","0.0296359899084137","1.0","2.867328724359525","1","1","0","1"
"2020","48730","경상남도","함안군","1.7005240652073508","8.040841392083836","0.159732127","0.0450461131486382","1.0","0.5659885908937129","1","1","0","1"
"2020","48740","경상남도","창녕군","1.441698557319768","7.200173116678938","0.067884924","0.0093724151958236","1.0","3.439748455400454","1","1","0","1"
"2020","48820","경상남도","고성군","1.6532126936549647","7.132650121612211","0.198154031","0.0446859955434684","1.0","1.1069806460200653","1","1","0","1"
"2020","48840","경상남도","남해군","1.590451880498823","7.613745844544693","0.233338211","0.051426913318767","1.0","2.506750904523351","1","1","0","1"
"2020","48850","경상남도","하동군","2.122412380718413","7.234739264788064","0.169014469","0.0230077861850213","1.0","3.1194742751340225","1","1","0","1"
"2020","48860","경상남도","산청군","1.2867939739627072","6.992139450955389","0.331998669","0.0731713281453534","1.0","1.2250770118311567","1","1","0","1"
"2020","48870","경상남도","함양군","2.0537047827745774","7.251607734206659","0.554975131","0.0604281481168046","1.0","0.206144907863643","1","1","0","1"
"2020","48880","경상남도","거창군","1.8704186036893031","6.943224606221626","0.433208093","0.0954775257618034","1.0","0.4454709086033151","1","1","0","1"
"2020","48890","경상남도","합천군","1.161297746619716","6.478429618774595","0.202751681","0.0403413921437784","1.0","0.9620395015575726","1","1","0","1"
"2020","50110","제주특별자치도","제주시","2.814886386743821","","","","0.0","0.0","0","1","0","1"
"2020","50130","제주특별자치도","서귀포시","2.6021308182395244","","","","0.0","0.0","0","1","0","1"
"2020","51110","강원특별자치도","춘천시","2.4912223813967302","0.0","0.049648685","0.0","1.0","3.5009577604587196","1","1","0","1"
"2020","51130","강원특별자치도","원주시","1.0647554682883607","8.279217433493715","0.285248023","0.1719923525776872","1.0","2.906913457740541","1","1","0","1"
"2020","51150","강원특별자치도","강릉시","1.8539023245238584","7.306368976359883","0.277024197","0.3340529045977382","0.0","0.0","1","1","0","1"
"2020","51170","강원특별자치도","동해시","0.0","0.0","0.684472396","0.0","0.0","0.0","1","1","0","1"
"2020","51190","강원특별자치도","태백시","2.485649091204353","0.0","0.642660936","0.0","0.0","0.0","1","1","0","1"
"2020","51210","강원특별자치도","속초시","2.4292218377690054","0.0","0.678691242","0.0","0.0","0.0","1","1","0","1"
"2020","51230","강원특별자치도","삼척시","1.0957021151662139","0.0","0.490110015","0.0","0.0","0.0","1","1","0","1"
"2020","51720","강원특별자치도","홍천군","1.89939948419029","0.0","0.0","0.0","1.0","1.6597909790577634","1","1","0","1"
"2020","51730","강원특별자치도","횡성군","1.4183791880597858","7.680058573435322","0.264171144","0.1592838965950851","1.0","1.1685337531662414","1","1","0","1"
"2020","51750","강원특별자치도","영월군","0.9339334771855288","0.0","0.092234364","0.0","0.0","0.0","1","1","0","1"
"2020","51760","강원특별자치도","평창군","1.6715379551201883","0.0","0.43412482","0.0","0.0","0.0","1","1","0","1"
"2020","51770","강원특별자치도","정선군","1.673249168810969","8.091188765451106","0.132773364","0.1921309492500982","1.0","1.5378621291941597","1","1","0","1"
"2020","51780","강원특별자치도","철원군","3.1774753233979083","0.0","0.46678158","0.0","0.0","0.0","1","1","0","1"
"2020","51790","강원특별자치도","화천군","1.9818849894663946","0.0","0.560048201","0.0","0.0","0.0","1","1","0","1"
"2020","51800","강원특별자치도","양구군","1.1860075587410859","0.0","1.0","0.0","1.0","0.27354889220141987","1","1","0","1"
"2020","51810","강원특별자치도","인제군","1.1204067398161321","0.0","0.337315365","0.0","1.0","0.2183524465046953","1","1","0","1"
"2020","51820","강원특별자치도","고성군","2.7058163864646385","0.0","0.417835014","0.0","0.0","0.0","1","1","0","1"
"2020","51830","강원특별자치도","양양군","1.7430918246907","0.0","0.3150951","0.0","0.0","0.0","1","1","0","1"
"2021","11110","서울특별시","종로구","0.0","0.0","0.0","0.0","0.0","0.0","1","1","0","1"
"2021","11140","서울특별시","중구","0.0","0.0","0.0","0.0","0.0","0.0","1","1","0","1"
"2021","11170","서울특별시","용산구","0.0","0.0","","","0.0","0.0","1","1","0","1"
"2021","11200","서울특별시","성동구","0.0","0.0","0.358943089","0.0","0.0","0.0","1","1","0","1"
"2021","11215","서울특별시","광진구","0.0","0.0","","","0.0","0.0","1","1","0","1"
"2021","11230","서울특별시","동대문구","0.0","0.0","","","0.0","0.0","1","1","0","1"
"2021","11260","서울특별시","중랑구","4.899325660960531","0.0","","","0.0","0.0","1","1","0","1"
"2021","11290","서울특별시","성북구","0.0","0.0","","","0.0","0.0","1","1","0","1"
"2021","11305","서울특별시","강북구","0.0","0.0","","","0.0","0.0","1","1","0","1"
"2021","11320","서울특별시","도봉구","0.0","0.0","","","0.0","0.0","1","1","0","1"
"2021","11350","서울특별시","노원구","0.0","0.0","","","0.0","0.0","1","1","0","1"
"2021","11380","서울특별시","은평구","3.7579382829165486","10.691374253785828","0.20965801","0.0644992939153926","0.0","0.0","1","1","0","1"
"2021","11410","서울특별시","서대문구","0.0","0.0","0.202955345","0.0","0.0","0.0","1","1","0","1"
"2021","11440","서울특별시","마포구","0.0","0.0","0.048061946","0.0","0.0","0.0","1","1","0","1"
"2021","11470","서울특별시","양천구","0.0","0.0","","","0.0","0.0","1","1","0","1"
"2021","11500","서울특별시","강서구","5.843843739103198","12.797966136119152","0.051771344","0.046019459156361","0.0","0.0","1","1","0","1"
"2021","11530","서울특별시","구로구","0.0","13.725889116380726","0.048728474","0.0295550009987649","0.0","0.0","1","1","0","1"
"2021","11545","서울특별시","금천구","6.047835004771088","0.0","0.132556726","0.0","0.0","0.0","1","1","0","1"
"2021","11560","서울특별시","영등포구","","","","","0.0","","0","1","0","1"
"2021","11590","서울특별시","동작구","0.0","0.0","0.237085482","0.0","0.0","0.0","1","1","0","1"
"2021","11620","서울특별시","관악구","3.5122595271482275","0.0","","","0.0","0.0","1","1","0","1"
"2021","11650","서울특별시","서초구","0.0","0.0","0.071215361","0.0","0.0","0.0","1","1","0","1"
"2021","11680","서울특별시","강남구","0.0","0.0","","","0.0","0.0","1","1","0","1"
"2021","11710","서울특별시","송파구","0.0","13.501593822363873","0.334493168","0.102963950365593","1.0","78.23904940838767","1","1","0","1"
"2021","11740","서울특별시","강동구","0.0","12.96941064488339","0.129410219","0.115032522283787","0.0","0.0","1","1","0","1"
"2021","26110","부산광역시","중구","0.0","0.0","","","0.0","0.0","1","1","0","1"
"2021","26140","부산광역시","서구","0.0","0.0","0.849470283","0.0","0.0","0.0","1","1","0","1"
"2021","26170","부산광역시","동구","0.0","0.0","0.883756736","0.0","0.0","0.0","1","1","0","1"
"2021","26200","부산광역시","영도구","0.0","0.0","0.740354767","0.0","0.0","0.0","1","1","0","1"
"2021","26230","부산광역시","부산진구","0.0","0.0","0.890465616","0.0","1.0","7.24271818701105","1","1","0","1"
"2021","26260","부산광역시","동래구","3.6391233973861983","0.0","0.829157175","0.0","1.0","1.1599297965283146","1","1","0","1"
"2021","26290","부산광역시","남구","0.0","0.0","0.837024243","0.0","0.0","0.0","1","1","0","1"
"2021","26320","부산광역시","북구","0.0","0.0","0.893586483","0.0","0.0","0.0","1","1","0","1"
"2021","26350","부산광역시","해운대구","0.0","0.0","0.689996627","0.0","0.0","0.0","1","1","0","1"
"2021","26380","부산광역시","사하구","0.0","0.0","0.0","0.0","0.0","0.0","1","1","0","1"
"2021","26410","부산광역시","금정구","1.8738228842089364","10.050518606182985","0.511541208","0.157920252546131","1.0","3.0989404216782757","1","1","0","1"
"2021","26440","부산광역시","강서구","0.0","10.929477992578008","0.480307997","0.4372301128973518","0.0","0.0","1","1","0","1"
"2021","26470","부산광역시","연제구","4.742147957536866","0.0","1.0","0.0","0.0","0.0","1","1","0","1"
"2021","26500","부산광역시","수영구","0.0","0.0","0.0","0.0","0.0","0.0","1","1","0","1"
"2021","26530","부산광역시","사상구","0.0","0.0","0.895881072","0.0","1.0","2.328025882688581","1","1","0","1"
"2021","26710","부산광역시","기장군","2.392713327883951","10.171349014534313","0.0","0.1613253173209436","0.0","0.0","1","1","0","1"
"2021","27110","대구광역시","중구","","","","","0.0","","0","1","0","1"
"2021","27140","대구광역시","동구","0.0","0.0","","","1.0","0.32977705276000957","1","1","0","1"
"2021","27170","대구광역시","서구","0.0","0.0","0.736504157","0.0","0.0","0.0","1","1","0","1"
"2021","27200","대구광역시","남구","0.0","0.0","","","1.0","3.2251318161485516","1","1","0","1"
"2021","27230","대구광역시","북구","0.0","0.0","0.375318384","0.0","1.0","0.8026163765178406","1","1","0","1"
"2021","27260","대구광역시","수성구","0.0","0.0","0.747891249","0.0","1.0","0.5766024603150499","1","1","0","1"
"2021","27290","대구광역시","달서구","0.0","0.0","0.404598157","0.0","0.0","0.0","1","1","0","1"
"2021","27710","대구광역시","달성군","0.7186664741830996","0.0","0.031509886","0.0","1.0","1.1681180772222493","1","1","0","1"
"2021","27720","대구광역시","군위군","1.1698046709772003","","","","1.0","1.9779574620955291","0","1","0","1"
"2021","28110","인천광역시","중구","0.0","10.042760815425547","0.0","0.2881634892333013","0.0","0.0","1","1","0","1"
"2021","28140","인천광역시","동구","","","","","0.0","","0","1","0","1"
"2021","28177","인천광역시","미추홀구","0.0","0.0","0.0","0.0","0.0","0.0","1","1","0","1"
"2021","28185","인천광역시","연수구","0.0","0.0","0.0","0.0","0.0","0.0","1","1","0","1"
"2021","28200","인천광역시","남동구","0.0","12.77130336141777","0.384443006","0.3487542121076307","0.0","0.0","1","1","0","1"
"2021","28237","인천광역시","부평구","0.0","0.0","0.0","0.0","0.0","0.0","1","1","0","1"
"2021","28245","인천광역시","계양구","0.0","0.0","0.0","0.0","0.0","0.0","1","1","0","1"
"2021","28260","인천광역시","서구","5.190084931668839","12.834669186735427","0.230177503","0.2088095569381224","0.0","0.0","1","1","0","1"
"2021","28710","인천광역시","강화군","0.0","11.449721513698304","0.072138728","0.0443782825548865","0.0","0.0","1","1","0","1"
"2021","28720","인천광역시","옹진군","0.0","0.0","0.306730406","0.0","0.0","0.0","1","1","0","1"
"2021","29110","광주광역시","동구","0.0","0.0","0.0","0.0","0.0","0.0","1","1","0","1"
"2021","29140","광주광역시","서구","4.408683443061346","0.0","0.0","0.0","1.0","24.957075869441983","1","1","0","1"
"2021","29155","광주광역시","남구","0.0","10.802559754574245","0.0","0.2750395999424","1.0","9.894584687655971","1","1","0","1"
"2021","29170","광주광역시","북구","0.0","0.0","0.0","0.0","0.0","0.0","1","1","0","1"
"2021","29200","광주광역시","광산구","0.0","0.0","0.646563698","0.0","1.0","5.79252637905816","1","1","0","1"
"2021","30110","대전광역시","동구","0.0","10.154771971713604","0.387538542","0.3365234453209466","0.0","0.0","1","1","0","1"
"2021","30140","대전광역시","중구","0.0","0.0","0.0","0.0","0.0","0.0","1","1","0","1"
"2021","30170","대전광역시","서구","0.0","10.412385063047843","0.37247431","0.3234422507023823","0.0","0.0","1","1","0","1"
"2021","30200","대전광역시","유성구","0.0","0.0","0.252257888","0.0","1.0","6.951058470741854","1","1","0","1"
"2021","30230","대전광역시","대덕구","0.0","11.783949891513622","0.351754593","0.3054500517927563","0.0","0.0","1","1","0","1"
"2021","31110","울산광역시","중구","2.654423728532664","10.924798153431093","0.110910343","0.1006292471186948","1.0","4.892856016082218","1","1","0","1"
"2021","31140","울산광역시","남구","3.195384426870547","0.0","0.48370938","0.0","1.0","17.100962290619904","1","1","0","1"
"2021","31170","울산광역시","동구","0.0","10.196461381277192","0.0","0.0990617453716125","1.0","3.8550387218694464","1","1","0","1"
"2021","31200","울산광역시","북구","0.0","10.183248343403326","0.0","0.0839003672282104","1.0","3.2222671864433656","1","1","0","1"
"2021","31710","울산광역시","울주군","2.602867204245338","9.41501952075354","0.0","0.0894630801326776","1.0","4.793682109472483","1","1","0","1"
"2021","36110","세종특별자치시","세종시","0.0","","","","1.0","14.616903228121398","0","1","0","1"
"2021","41111","경기도","수원시 장안구","0.0","","","","0.0","0.0","0","1","0","1"
"2021","41113","경기도","수원시 권선구","0.0","","","","0.0","0.0","0","1","0","1"
"2021","41115","경기도","수원시 팔달구","0.0","","","","0.0","0.0","0","1","0","1"
"2021","41117","경기도","수원시 영통구","0.0","","","","0.0","0.0","0","1","0","1"
"2021","41131","경기도","성남시 수정구","0.0","","","","1.0","196.83577860768258","0","1","0","1"
"2021","41133","경기도","성남시 중원구","0.0","","","","0.0","0.0","0","1","0","1"
"2021","41135","경기도","성남시 분당구","0.0","","","","0.0","0.0","0","1","0","1"
"2021","41150","경기도","의정부시","0.0","0.0","0.232458442","0.0","0.0","0.0","1","1","0","1"
"2021","41171","경기도","안양시 만안구","0.0","","","","0.0","0.0","0","1","0","1"
"2021","41173","경기도","안양시 동안구","0.0","","","","0.0","0.0","0","1","0","1"
"2021","41190","경기도","부천시","0.0","0.0","","","0.0","0.0","1","1","0","1"
"2021","41210","경기도","광명시","0.0","0.0","","","0.0","0.0","1","1","0","1"
"2021","41220","경기도","평택시","0.0","0.0","0.116554974","0.0","1.0","17.431992035014527","1","1","0","1"
"2021","41250","경기도","동두천시","0.0","0.0","0.0","0.0","1.0","15.77048846675116","1","1","0","1"
"2021","41271","경기도","안산시 상록구","5.0311828283386655","","","","0.0","0.0","0","1","0","1"
"2021","41273","경기도","안산시 단원구","3.2751258344723455","","","","0.0","0.0","0","1","0","1"
"2021","41281","경기도","고양시 덕양구","0.0","","","","0.0","0.0","0","1","0","1"
"2021","41285","경기도","고양시 일산동구","0.0","","","","0.0","0.0","0","1","0","1"
"2021","41287","경기도","고양시 일산서구","0.0","","","","0.0","0.0","0","1","0","1"
"2021","41290","경기도","과천시","3.7993541065834466","0.0","0.351189941","0.0","1.0","2.2010850093808556","1","1","0","1"
"2021","41310","경기도","구리시","0.0","0.0","0.575031897","0.0","0.0","0.0","1","1","0","1"
"2021","41360","경기도","남양주시","2.2850471842265367","10.115610106609415","0.0","0.0566902448797322","1.0","10.32500662028769","1","1","0","1"
"2021","41370","경기도","오산시","0.0","0.0","0.0","0.0","0.0","0.0","1","1","0","1"
"2021","41390","경기도","시흥시","0.0","0.0","0.318534275","0.0","0.0","0.0","1","1","0","1"
"2021","41410","경기도","군포시","0.0","0.0","0.375435357","0.0","0.0","0.0","1","1","0","1"
"2021","41430","경기도","의왕시","0.0","0.0","0.293467236","0.0","1.0","15.611475184701947","1","1","0","1"
"2021","41450","경기도","하남시","0.0","0.0","0.2951187","0.0","1.0","45.18992294860919","1","1","0","1"
"2021","41461","경기도","용인시 처인구","3.3222001014368248","","","","1.0","25.78335644204332","0","1","0","1"
"2021","41463","경기도","용인시 기흥구","3.6555712906797972","","","","0.0","0.0","0","1","0","1"
"2021","41465","경기도","용인시 수지구","0.0","","","","0.0","0.0","0","1","0","1"
"2021","41480","경기도","파주시","0.0","0.0","0.141290387","0.0","1.0","18.92452598810993","1","1","0","1"
"2021","41500","경기도","이천시","3.5965013710831366","0.0","0.369213319","0.0","1.0","18.08842165286472","1","1","0","1"
"2021","41550","경기도","안성시","2.666843632515394","0.0","0.032862188","0.0","1.0","8.788272502695476","1","1","0","1"
"2021","41570","경기도","김포시","0.0","0.0","0.278983917","0.0","0.0","0.0","1","1","0","1"
"2021","41590","경기도","화성시","2.839515786728654","0.0","0.313422357","0.0","1.0","6.508050056165542","1","1","0","1"
"2021","41610","경기도","광주시","2.860486456551069","10.046288897483377","0.05392597","0.0193375085539252","1.0","23.5016252149165","1","1","0","1"
"2021","41630","경기도","양주시","0.0","9.82061302254695","0.313798459","0.1539103935300495","1.0","9.436789455941486","1","1","0","1"
"2021","41650","경기도","포천시","0.7595106292766428","8.472120663735891","0.0","0.0332202594601402","1.0","8.134038052182262","1","1","0","1"
"2021","41670","경기도","여주시","2.3923381603244134","9.946687155009467","0.261729002","0.2346358732675921","1.0","8.416380170169122","1","1","0","1"
"2021","41800","경기도","연천군","0.0","10.923206391878976","0.0","0.0977176191960193","1.0","45.40292262529479","1","1","0","1"
"2021","41820","경기도","가평군","1.354587372094965","8.013461442855904","0.078114415","0.0557155077390683","1.0","5.360303266309026","1","1","0","1"
"2021","41830","경기도","양평군","1.6119615055895167","8.346706583506501","0.167632566","0.1035824950020583","1.0","7.910807418957753","1","1","0","1"
"2021","43111","충청북도","청주시 상당구","2.4906241946294836","","","","1.0","2.6407406429947846","0","1","0","1"
"2021","43112","충청북도","청주시 서원구","4.877881971863335","","","","0.0","0.0","0","1","0","1"
"2021","43113","충청북도","청주시 흥덕구","5.1942706488141175","","","","0.0","0.0","0","1","0","1"
"2021","43114","충청북도","청주시 청원구","4.520072797897165","","","","0.0","0.0","0","1","0","1"
"2021","43130","충청북도","충주시","2.9597665432974467","0.0","0.155445899","0.0","1.0","0.32489197463926517","1","1","0","1"
"2021","43150","충청북도","제천시","2.224320214934568","7.968628534371905","0.031827822","0.0597295822056448","1.0","2.0056902268449783","1","1","0","1"
"2021","43720","충청북도","보은군","2.1607866080329177","0.0","0.674682972","0.0","0.0","0.0","1","1","0","1"
"2021","43730","충청북도","옥천군","2.55240331811151","0.0","0.311306065","0.0","1.0","1.3196321702700569","1","1","0","1"
"2021","43740","충청북도","영동군","2.3102833054821588","8.35210173212734","0.194759592","0.114736327618361","1.0","1.4134372643012771","1","1","0","1"
"2021","43745","충청북도","증평군","3.938713720489518","0.0","0.83280028","0.0","0.0","0.0","1","1","0","1"
"2021","43750","충청북도","진천군","3.3512343749252334","0.0","0.339286942","0.0","1.0","1.876513804237028","1","1","0","1"
"2021","43760","충청북도","괴산군","2.156817356773323","0.0","0.239220621","0.0","0.0","0.0","1","1","0","1"
"2021","43770","충청북도","음성군","3.1319854707858727","0.0","0.490763598","0.0","1.0","0.17718214223200304","1","1","0","1"
"2021","43800","충청북도","단양군","1.264488786981442","7.890064683913339","0.083444638","0.0491456240277891","1.0","1.0111080982168696","1","1","0","1"
"2021","44131","충청남도","천안시 동남구","2.9013767375217854","","","","1.0","5.435200014486956","0","1","0","1"
"2021","44133","충청남도","천안시 서북구","0.0","","","","0.0","0.0","0","1","0","1"
"2021","44150","충청남도","공주시","2.877092619213002","0.0","0.082267497","0.0","1.0","1.7616156426198273","1","1","0","1"
"2021","44180","충청남도","보령시","1.5554668464519747","8.656937400165129","0.057414582","0.0608376252384487","1.0","1.919195749824039","1","1","0","1"
"2021","44200","충청남도","아산시","3.1710992718212143","0.0","0.062679242","0.0","1.0","0.4759189144131704","1","1","0","1"
"2021","44210","충청남도","서산시","0.6666988640622963","0.0","0.002444878","0.0","1.0","1.2426752801408885","1","1","0","1"
"2021","44230","충청남도","논산시","3.2790326980175264","0.0","0.176340323","0.0","1.0","0.04566437749773364","1","1","0","1"
"2021","44250","충청남도","계룡시","0.0","0.0","0.432125353","0.0","0.0","0.0","1","1","0","1"
"2021","44270","충청남도","당진시","2.275458580875926","0.0","0.230685502","0.0","0.0","0.0","1","1","0","1"
"2021","44710","충청남도","금산군","3.2889079920514903","8.262269684880385","0.131236327","0.0678931160064241","1.0","1.7414403907539258","1","1","0","1"
"2021","44760","충청남도","부여군","2.7773836094057898","9.11041241352334","0.072368406","0.101760453298584","1.0","0.40142252683992347","1","1","0","1"
"2021","44770","충청남도","서천군","2.175111470261937","0.0","0.0","0.0","1.0","2.1397680502631458","1","1","0","1"
"2021","44790","충청남도","청양군","2.4215294569336487","0.0","0.0","0.0","1.0","1.1878223572264963","1","1","0","1"
"2021","44800","충청남도","홍성군","2.599784251178922","0.0","","","1.0","0.8640698016208095","1","1","0","1"
"2021","44810","충청남도","예산군","2.3179230592037947","0.0","0.071217064","0.0","1.0","1.3946792062603661","1","1","0","1"
"2021","44825","충청남도","태안군","0.0","0.0","0.0","0.0","1.0","1.5842087123197661","1","1","0","1"
"2021","45111","전라북도","전주시 완산구","0.0","","","","1.0","18.798169805425196","0","1","0","1"
"2021","45113","전라북도","전주시 덕진구","0.0","","","","0.0","0.0","0","1","0","1"
"2021","45130","전라북도","군산시","1.6836998933110874","0.0","0.0","0.0","1.0","16.514576186647414","1","1","0","1"
"2021","45140","전라북도","익산시","0.0","0.0","0.559244192","0.0","1.0","7.881013802464325","1","1","0","1"
"2021","45180","전라북도","정읍시","2.670829020101762","0.0","0.330551507","0.0","1.0","1.111337624954551","1","1","0","1"
"2021","45190","전라북도","남원시","2.1584300670795704","0.0","0.343435919","0.0","1.0","0.3137036934292205","1","1","0","1"
"2021","45210","전라북도","김제시","0.0","0.0","0.414826711","0.0","1.0","2.684817882236034","1","1","0","1"
"2021","45710","전라북도","완주군","0.0","0.0","0.291883998","0.0","1.0","0.3171019411400919","1","1","0","1"
"2021","45720","전라북도","진안군","2.4576386068263014","0.0","0.4029453","0.0","0.0","0.0","1","1","0","1"
"2021","45730","전라북도","무주군","3.0834777482073226","0.0","0.0","0.0","0.0","0.0","1","1","0","1"
"2021","45740","전라북도","장수군","3.2107488657172483","0.0","0.663690269","0.0","0.0","0.0","1","1","0","1"
"2021","45750","전라북도","임실군","2.1321007862278845","9.35307307488567","0.212613724","0.3741814135665737","1.0","1.3794837353830218","1","1","0","1"
"2021","45770","전라북도","순창군","1.4773576147209346","0.0","0.345333432","0.0","1.0","2.5919199001989734","1","1","0","1"
"2021","45790","전라북도","고창군","1.1180791445859803","0.0","0.194564766","0.0","1.0","0.005044483144544476","1","1","0","1"
"2021","45800","전라북도","부안군","0.0","0.0","0.242416694","0.0","0.0","0.0","1","1","0","1"
"2021","46110","전라남도","목포시","0.0","0.0","0.131667297","0.0","1.0","0.647000935610385","1","1","0","1"
"2021","46130","전라남도","여수시","2.1087327949309143","0.0","0.209666872","0.0","1.0","3.716065252760524","1","1","0","1"
"2021","46150","전라남도","순천시","2.87323140973072","0.0","0.103151867","0.0","1.0","4.336014970963703","1","1","0","1"
"2021","46170","전라남도","나주시","3.1746516066428763","0.0","0.011586566","0.0","0.0","0.0","1","1","0","1"
"2021","46230","전라남도","광양시","2.0221083797739903","9.060430786983511","0.152010791","0.0627794790571329","1.0","7.663375829664698","1","1","0","1"
"2021","46710","전라남도","담양군","2.541080200954493","0.0","0.573167162","0.0","1.0","0.7849177944396919","1","1","0","1"
"2021","46720","전라남도","곡성군","2.0142744069461784","0.0","0.356812125","0.0","1.0","0.017465104720568725","1","1","0","1"
"2021","46730","전라남도","구례군","2.2056006257316403","8.198858345307286","0.24022195","0.108791670096432","1.0","1.2575020176407636","1","1","0","1"
"2021","46770","전라남도","고흥군","2.6486149173606828","0.0","0.262079955","0.0","1.0","0.40025501157605226","1","1","0","1"
"2021","46780","전라남도","보성군","3.2362251157062194","7.062479525248342","0.047501337","0.0143240677078217","1.0","0.8111033918138179","1","1","0","1"
"2021","46790","전라남도","화순군","2.370152906454934","0.0","0.621958082","0.0","0.0","0.0","1","1","0","1"
"2021","46800","전라남도","장흥군","3.063159697089404","0.0","0.148337431","0.0","0.0","0.0","1","1","0","1"
"2021","46810","전라남도","강진군","2.390096994431686","0.0","0.007051233","0.0","0.0","0.0","1","1","0","1"
"2021","46820","전라남도","해남군","2.7708285946397697","0.0","0.258514347","0.0","0.0","0.0","1","1","0","1"
"2021","46830","전라남도","영암군","1.7749336313383284","0.0","0.0","0.0","0.0","0.0","1","1","0","1"
"2021","46840","전라남도","무안군","0.0","8.427732350321751","0.197125411","0.1189432764553114","1.0","0.6696767478448764","1","1","0","1"
"2021","46860","전라남도","함평군","2.223164141238073","0.0","0.297234039","0.0","1.0","0.5359909078212604","1","1","0","1"
"2021","46870","전라남도","영광군","2.027727334187789","0.0","0.274836896","0.0","0.0","0.0","1","1","0","1"
"2021","46880","전라남도","장성군","2.116148565766635","0.0","0.208782521","0.0","1.0","1.699841619209224","1","1","0","1"
"2021","46890","전라남도","완도군","2.243887834243545","0.0","0.0","0.0","0.0","0.0","1","1","0","1"
"2021","46900","전라남도","진도군","2.513693368965396","0.0","0.112375658","0.0","0.0","0.0","1","1","0","1"
"2021","46910","전라남도","신안군","0.0","0.0","0.071959384","0.0","0.0","0.0","1","1","0","1"
"2021","47111","경상북도","포항시 남구","2.246008206817554","","","","1.0","13.902120069229486","0","1","0","1"
"2021","47113","경상북도","포항시 북구","1.8561665880829172","","","","0.0","0.0","0","1","0","1"
"2021","47130","경상북도","경주시","1.7205436797009086","0.0","0.0","0.0","1.0","4.504918727897132","1","1","0","1"
"2021","47150","경상북도","김천시","2.23870957927755","0.0","0.0","0.0","1.0","3.6303244708181523","1","1","0","1"
"2021","47170","경상북도","안동시","1.72972963660268","7.393551280345418","0.042136781","0.0191160677065915","1.0","2.6713265072194488","1","1","0","1"
"2021","47190","경상북도","구미시","2.3592350011614758","0.0","0.0","0.0","1.0","5.3602120959717405","1","1","0","1"
"2021","47210","경상북도","영주시","1.7427675739036346","7.94811200796863","0.0","0.0317211078985709","1.0","2.0426045468733616","1","1","0","1"
"2021","47230","경상북도","영천시","1.3059096891478061","0.0","0.106802823","0.0","1.0","3.2231097715455856","1","1","0","1"
"2021","47250","경상북도","상주시","1.7849256849720763","7.747754857316821","0.135852938","0.1009860681523779","1.0","2.8161286418500526","1","1","0","1"
"2021","47280","경상북도","문경시","1.8219160492877242","0.0","0.0","0.0","1.0","0.32709117792975373","1","1","0","1"
"2021","47290","경상북도","경산시","1.3292372017497682","0.0","0.0","0.0","1.0","2.7214858436239973","1","1","0","1"
"2021","47730","경상북도","의성군","1.2793629155501163","0.0","0.0","0.0","1.0","1.9313775946414682","1","1","0","1"
"2021","47750","경상북도","청송군","1.2703614950753825","7.492956417998908","0.0","0.1373269931532591","0.0","0.0","1","1","0","1"
"2021","47760","경상북도","영양군","1.3243240444870525","7.413110581443182","0.112359859","0.1019468230668414","0.0","0.0","1","1","0","1"
"2021","47770","경상북도","영덕군","1.3998357754966866","0.0","0.0","0.0","1.0","1.5310197424341703","1","1","0","1"
"2021","47820","경상북도","청도군","0.45508327398986603","0.0","0.181580132","0.0","1.0","3.7341083022051995","1","1","0","1"
"2021","47830","경상북도","고령군","1.3339706941271694","0.0","0.0","0.0","1.0","3.1898687968241948","1","1","0","1"
"2021","47840","경상북도","성주군","1.4643005829927211","0.0","0.215709552","0.0","1.0","3.2766444886016175","1","1","0","1"
"2021","47850","경상북도","칠곡군","1.862744564049055","0.0","0.305877926","0.0","1.0","4.589160632043123","1","1","0","1"
"2021","47900","경상북도","예천군","1.522797640702741","8.23405512405335","0.222569139","0.0845341868563623","1.0","1.7501242405085067","1","1","0","1"
"2021","47920","경상북도","봉화군","0.898007529492073","7.619998969830959","0.168058631","0.1646842115576806","1.0","0.5479397509822228","1","1","0","1"
"2021","47930","경상북도","울진군","1.1131050445897408","8.58830684367999","0.0","0.3550431848100324","1.0","0.1359634527478919","1","1","0","1"
"2021","47940","경상북도","울릉군","0.0","0.0","0.818399732","0.0","0.0","0.0","1","1","0","1"
"2021","48121","경상남도","창원시 의창구","1.5963960649702509","","","","0.0","0.0","0","1","0","1"
"2021","48123","경상남도","창원시 성산구","0.0","","","","0.0","0.0","0","1","0","1"
"2021","48125","경상남도","창원시 마산합포구","1.5919331259994811","","","","0.0","0.0","0","1","0","1"
"2021","48127","경상남도","창원시 마산회원구","0.0","","","","0.0","0.0","0","1","0","1"
"2021","48129","경상남도","창원시 진해구","0.0","","","","0.0","0.0","0","1","0","1"
"2021","48170","경상남도","진주시","2.345116597801898","7.275914927749318","0.34390983","0.0085773214382442","1.0","3.5392245210542517","1","1","0","1"
"2021","48220","경상남도","통영시","1.4769518475728438","7.769728998185736","0.226329118","0.0292579326283531","1.0","2.1427636463872477","1","1","0","1"
"2021","48240","경상남도","사천시","1.8217852390986427","7.909635472965245","0.0","0.0527878786863663","1.0","3.3189477733956196","1","1","0","1"
"2021","48250","경상남도","김해시","2.211829987347481","8.104563523718266","0.214685672","0.0351205466362731","1.0","6.28161158211563","1","1","0","1"
"2021","48270","경상남도","밀양시","1.2740790121142096","7.392851029500493","0.052781196","0.0098777473620998","1.0","4.0448827052511955","1","1","0","1"
"2021","48310","경상남도","거제시","1.9262351373839879","7.8789014327004345","0.075665425","0.017154182610846","1.0","3.0617483139089847","1","1","0","1"
"2021","48330","경상남도","양산시","2.2131306175868555","7.956077983217249","0.116066149","0.0144803554886608","1.0","6.5890093128236575","1","1","0","1"
"2021","48720","경상남도","의령군","1.5717817716077338","7.19815585206216","0.236976018","0.0472360265131837","1.0","2.867328724359525","1","1","0","1"
"2021","48730","경상남도","함안군","1.7005240652073508","8.085736639154137","0.282010787","0.0726075911349159","1.0","0.5659885908937129","1","1","0","1"
"2021","48740","경상남도","창녕군","1.7082002002854542","7.213290576473238","0.069516379","0.009323701061109","1.0","3.439748455400454","1","1","0","1"
"2021","48820","경상남도","고성군","1.7625238934965402","7.145766901373393","0.295320993","0.0594137242592372","1.0","1.1069806460200653","1","1","0","1"
"2021","48840","경상남도","남해군","1.771974476011464","7.626866601719","0.274715286","0.0523231633971953","1.0","2.506750904523351","1","1","0","1"
"2021","48850","경상남도","하동군","2.122412380718413","7.247857055332382","0.173766631","0.0262623686881565","1.0","3.1194742751340225","1","1","0","1"
"2021","48860","경상남도","산청군","1.541078074079986","7.005254659497276","0.451496609","0.1023559903343986","1.0","1.2250770118311567","1","1","0","1"
"2021","48870","경상남도","함양군","2.1372865573766107","7.264725682054738","0.42552308","0.096467692859465","1.0","0.206144907863643","1","1","0","1"
"2021","48880","경상남도","거창군","2.013485882383861","6.956339213883213","0.494871405","0.0995599837292165","1.0","0.8499588929615247","1","1","0","1"
"2021","48890","경상남도","합천군","1.3405002491899676","6.491536778771679","0.255366005","0.0452724643864514","1.0","1.1719812010145374","1","1","0","1"
"2021","50110","제주특별자치도","제주시","2.58993178354424","","","","0.0","0.0","0","1","0","1"
"2021","50130","제주특별자치도","서귀포시","2.6021308182395244","","","","0.0","0.0","0","1","0","1"
"2021","51110","강원특별자치도","춘천시","2.6677714001774504","0.0","0.091776116","0.0","1.0","4.348332244374197","1","1","0","1"
"2021","51130","강원특별자치도","원주시","1.5686699679779208","8.292341319104445","0.230085154","0.1391745577514797","1.0","3.201813590852501","1","1","0","1"
"2021","51150","강원특별자치도","강릉시","1.8539023245238584","7.31948741696348","0.172514421","0.1784910244756136","0.0","0.0","1","1","0","1"
"2021","51170","강원특별자치도","동해시","0.0","0.0","0.64807634","0.0","1.0","1.2115792248879087","1","1","0","1"
"2021","51190","강원특별자치도","태백시","2.485649091204353","0.0","0.728288353","0.0","0.0","0.0","1","1","0","1"
"2021","51210","강원특별자치도","속초시","2.4292218377690054","0.0","0.720740386","0.0","0.0","0.0","1","1","0","1"
"2021","51230","강원특별자치도","삼척시","1.2496446010249294","0.0","0.193276822","0.0","1.0","0.08004954326795695","1","1","0","1"
"2021","51720","강원특별자치도","홍천군","1.9410375393456452","0.0","0.0","0.0","1.0","2.034397371120198","1","1","0","1"
"2021","51730","강원특별자치도","횡성군","1.643625564878293","7.766541250885476","0.334688574","0.17593482396791","1.0","1.515593025660854","1","1","0","1"
"2021","51750","강원특별자치도","영월군","0.9339334771855288","0.0","0.092911098","0.0","0.0","0.0","1","1","0","1"
"2021","51760","강원특별자치도","평창군","1.8895585409986961","0.0","0.585161225","0.0","0.0","0.0","1","1","0","1"
"2021","51770","강원특별자치도","정선군","1.673249168810969","8.104311966518095","0.157390491","0.2284788377049893","1.0","1.5378621291941597","1","1","0","1"
"2021","51780","강원특별자치도","철원군","3.1774753233979083","0.0","0.618242986","0.0","0.0","0.0","1","1","0","1"
"2021","51790","강원특별자치도","화천군","2.4806237095005588","0.0","0.704511943","0.0","0.0","0.0","1","1","0","1"
"2021","51800","강원특별자치도","양구군","1.1860075587410859","0.0","1.0","0.0","1.0","0.27354889220141987","1","1","0","1"
"2021","51810","강원특별자치도","인제군","1.1204067398161321","0.0","0.374997692","0.0","1.0","0.2183524465046953","1","1","0","1"
"2021","51820","강원특별자치도","고성군","2.5627401173732203","0.0","0.515884408","0.0","0.0","0.0","1","1","0","1"
"2021","51830","강원특별자치도","양양군","1.7430918246907","0.0","0.390205705","0.0","0.0","0.0","1","1","0","1"
"2022","11110","서울특별시","종로구","","0.0","0.0","0.0","0.0","0.0","1","0","1","1"
"2022","11140","서울특별시","중구","","0.0","0.221127623","0.0","0.0","0.0","1","0","1","1"
"2022","11170","서울특별시","용산구","","0.0","","","0.0","0.0","1","0","1","1"
"2022","11200","서울특별시","성동구","","0.0","0.376884832","0.0","0.0","0.0","1","0","1","1"
"2022","11215","서울특별시","광진구","","0.0","","","0.0","0.0","1","0","1","1"
"2022","11230","서울특별시","동대문구","","0.0","","","0.0","0.0","1","0","1","1"
"2022","11260","서울특별시","중랑구","","0.0","","","0.0","0.0","1","0","1","1"
"2022","11290","서울특별시","성북구","","0.0","","","0.0","0.0","1","0","1","1"
"2022","11305","서울특별시","강북구","","0.0","","","0.0","0.0","1","0","1","1"
"2022","11320","서울특별시","도봉구","","0.0","0.0","0.0","0.0","0.0","1","0","1","1"
"2022","11350","서울특별시","노원구","","0.0","","","0.0","0.0","1","0","1","1"
"2022","11380","서울특별시","은평구","","10.696690769672399","0.562838855","0.0994070030120481","0.0","0.0","1","0","1","1"
"2022","11410","서울특별시","서대문구","","0.0","0.212873606","0.0","0.0","0.0","1","0","1","1"
"2022","11440","서울특별시","마포구","","0.0","0.048799269","0.0","0.0","0.0","1","0","1","1"
"2022","11470","서울특별시","양천구","","0.0","","","0.0","0.0","1","0","1","1"
"2022","11500","서울특별시","강서구","","12.803377441177522","0.051729378","0.0458591314466337","0.0","0.0","1","0","1","1"
"2022","11530","서울특별시","구로구","","13.731205747048406","0.047121955","0.0300806917904007","0.0","0.0","1","0","1","1"
"2022","11545","서울특별시","금천구","","0.0","0.103414505","0.0","0.0","0.0","1","0","1","1"
"2022","11560","서울특별시","영등포구","","","","","0.0","","0","0","1","1"
"2022","11590","서울특별시","동작구","","0.0","0.248892881","0.0","0.0","0.0","1","0","1","1"
"2022","11620","서울특별시","관악구","","0.0","","","0.0","0.0","1","0","1","1"
"2022","11650","서울특별시","서초구","","0.0","0.066565792","0.0","0.0","0.0","1","0","1","1"
"2022","11680","서울특별시","강남구","","0.0","","","0.0","0.0","1","0","1","1"
"2022","11710","서울특별시","송파구","","13.567262032155625","0.280759703","0.1362267450332734","1.0","78.23904940838767","1","0","1","1"
"2022","11740","서울특별시","강동구","","13.035078793546791","0.237009093","0.1149986160801238","0.0","0.0","1","0","1","1"
"2022","26110","부산광역시","중구","","0.0","","","0.0","0.0","1","0","1","1"
"2022","26140","부산광역시","서구","","0.0","0.913595318","0.0","0.0","0.0","1","0","1","1"
"2022","26170","부산광역시","동구","","0.0","0.907475844","0.0","0.0","0.0","1","0","1","1"
"2022","26200","부산광역시","영도구","","0.0","0.44454659","0.0","0.0","0.0","1","0","1","1"
"2022","26230","부산광역시","부산진구","","0.0","0.80203797","0.0","1.0","7.24271818701105","1","0","1","1"
"2022","26260","부산광역시","동래구","","0.0","0.754170999","0.0","1.0","1.1599297965283146","1","0","1","1"
"2022","26290","부산광역시","남구","","0.0","0.381865306","0.0","0.0","0.0","1","0","1","1"
"2022","26320","부산광역시","북구","","0.0","0.893613594","0.0","0.0","0.0","1","0","1","1"
"2022","26350","부산광역시","해운대구","","0.0","0.931492641","0.0","0.0","0.0","1","0","1","1"
"2022","26380","부산광역시","사하구","","0.0","0.0","0.0","0.0","0.0","1","0","1","1"
"2022","26410","부산광역시","금정구","","10.091524470726702","0.56179994","0.1738930109149838","1.0","3.0989404216782757","1","0","1","1"
"2022","26440","부산광역시","강서구","","10.970508668770636","0.428383216","0.2651935040312078","0.0","0.0","1","0","1","1"
"2022","26470","부산광역시","연제구","","0.0","0.854189691","0.0","0.0","0.0","1","0","1","1"
"2022","26500","부산광역시","수영구","","0.0","0.0","0.0","0.0","0.0","1","0","1","1"
"2022","26530","부산광역시","사상구","","0.0","0.839482212","0.0","1.0","2.328025882688581","1","0","1","1"
"2022","26710","부산광역시","기장군","","10.268280149717292","0.237337634","0.1287639496501308","0.0","0.0","1","0","1","1"
"2022","27110","대구광역시","중구","","","","","0.0","","0","0","1","1"
"2022","27140","대구광역시","동구","","0.0","","","1.0","0.32977705276000957","1","0","1","1"
"2022","27170","대구광역시","서구","","0.0","0.493140047","0.0","0.0","0.0","1","0","1","1"
"2022","27200","대구광역시","남구","","0.0","","","1.0","3.2251318161485516","1","0","1","1"
"2022","27230","대구광역시","북구","","0.0","0.367558939","0.0","1.0","0.8026163765178406","1","0","1","1"
"2022","27260","대구광역시","수성구","","0.0","0.776750682","0.0","1.0","0.5766024603150499","1","0","1","1"
"2022","27290","대구광역시","달서구","","0.0","0.532217271","0.0","0.0","0.0","1","0","1","1"
"2022","27710","대구광역시","달성군","","0.0","0.042511357","0.0","1.0","1.1681180772222493","1","0","1","1"
"2022","27720","대구광역시","군위군","","","","","1.0","2.0488189530025087","0","0","1","1"
"2022","28110","인천광역시","중구","","10.08379046337774","0.0","0.4382382382382382","0.0","0.0","1","0","1","1"
"2022","28140","인천광역시","동구","","","","","0.0","","0","0","1","1"
"2022","28177","인천광역시","미추홀구","","0.0","0.0","0.0","0.0","0.0","1","0","1","1"
"2022","28185","인천광역시","연수구","","0.0","0.0","0.0","0.0","0.0","1","0","1","1"
"2022","28200","인천광역시","남동구","","12.812334643878735","0.374755444","0.3510375573302543","0.0","0.0","1","0","1","1"
"2022","28237","인천광역시","부평구","","0.0","0.0","0.0","0.0","0.0","1","0","1","1"
"2022","28245","인천광역시","계양구","","0.0","0.0","0.0","0.0","0.0","1","0","1","1"
"2022","28260","인천광역시","서구","","12.875700476209305","0.252963272","0.2369534861064504","0.0","0.0","1","0","1","1"
"2022","28710","인천광역시","강화군","","11.468675511603932","0.032349114","0.0303017718715393","0.0","0.0","1","0","1","1"
"2022","28720","인천광역시","옹진군","","0.0","0.588624972","0.0","0.0","0.0","1","0","1","1"
"2022","29110","광주광역시","동구","","0.0","0.694754792","0.0","0.0","0.0","1","0","1","1"
"2022","29140","광주광역시","서구","","0.0","0.0","0.0","1.0","24.957075869441983","1","0","1","1"
"2022","29155","광주광역시","남구","","0.0","0.0","0.0","1.0","9.894584687655971","1","0","1","1"
"2022","29170","광주광역시","북구","","0.0","0.0","0.0","0.0","0.0","1","0","1","1"
"2022","29200","광주광역시","광산구","","0.0","0.19229413","0.0","1.0","7.601345025306804","1","0","1","1"
"2022","30110","대전광역시","동구","","10.19580180497091","0.038469467","0.0564077125757761","0.0","0.0","1","0","1","1"
"2022","30140","대전광역시","중구","","0.0","0.0","0.0","0.0","0.0","1","0","1","1"
"2022","30170","대전광역시","서구","","10.453415251367218","0.128951801","0.1890818001209294","0.0","0.0","1","0","1","1"
"2022","30200","대전광역시","유성구","","0.0","0.134142562","0.0","1.0","6.951058470741854","1","0","1","1"
"2022","30230","대전광역시","대덕구","","11.824980981619431","0.255260984","0.203715552039831","0.0","0.0","1","0","1","1"
"2022","31110","울산광역시","중구","","10.965829782961048","0.115726783","0.107200499803751","1.0","4.892856016082218","1","0","1","1"
"2022","31140","울산광역시","남구","","0.0","0.637946627","0.0","1.0","17.100962290619904","1","0","1","1"
"2022","31170","울산광역시","동구","","10.233025667755026","0.0","0.1032275183530095","1.0","3.8550387218694464","1","0","1","1"
"2022","31200","울산광역시","북구","","10.224267278375743","0.0","0.0851228895000714","1.0","3.2222671864433656","1","0","1","1"
"2022","31710","울산광역시","울주군","","9.45661677109487","0.0","0.0639060210600508","1.0","4.793682109472483","1","0","1","1"
"2022","36110","세종특별자치시","세종시","","","","","1.0","14.616903228121398","0","0","1","1"
"2022","41111","경기도","수원시 장안구","","","","","0.0","0.0","0","0","1","1"
"2022","41113","경기도","수원시 권선구","","","","","0.0","0.0","0","0","1","1"
"2022","41115","경기도","수원시 팔달구","","","","","0.0","0.0","0","0","1","1"
"2022","41117","경기도","수원시 영통구","","","","","0.0","0.0","0","0","1","1"
"2022","41131","경기도","성남시 수정구","","","","","1.0","196.83577860768258","0","0","1","1"
"2022","41133","경기도","성남시 중원구","","","","","0.0","0.0","0","0","1","1"
"2022","41135","경기도","성남시 분당구","","","","","0.0","0.0","0","0","1","1"
"2022","41150","경기도","의정부시","","0.0","0.239361647","0.0","0.0","0.0","1","0","1","1"
"2022","41171","경기도","안양시 만안구","","","","","0.0","0.0","0","0","1","1"
"2022","41173","경기도","안양시 동안구","","","","","0.0","0.0","0","0","1","1"
"2022","41190","경기도","부천시","","0.0","","","0.0","0.0","1","0","1","1"
"2022","41210","경기도","광명시","","0.0","","","0.0","0.0","1","0","1","1"
"2022","41220","경기도","평택시","","0.0","0.324691958","0.0","1.0","17.431992035014527","1","0","1","1"
"2022","41250","경기도","동두천시","","0.0","0.0","0.0","1.0","15.77048846675116","1","0","1","1"
"2022","41271","경기도","안산시 상록구","","","","","0.0","0.0","0","0","1","1"
"2022","41273","경기도","안산시 단원구","","","","","0.0","0.0","0","0","1","1"
"2022","41281","경기도","고양시 덕양구","","","","","0.0","0.0","0","0","1","1"
"2022","41285","경기도","고양시 일산동구","","","","","0.0","0.0","0","0","1","1"
"2022","41287","경기도","고양시 일산서구","","","","","0.0","0.0","0","0","1","1"
"2022","41290","경기도","과천시","","0.0","0.01562611","0.0","1.0","2.2010850093808556","1","0","1","1"
"2022","41310","경기도","구리시","","0.0","0.561975437","0.0","0.0","0.0","1","0","1","1"
"2022","41360","경기도","남양주시","","10.154810958494105","0.0","0.0661056510498999","1.0","10.810739067162565","1","0","1","1"
"2022","41370","경기도","오산시","","0.0","0.0","0.0","0.0","0.0","1","0","1","1"
"2022","41390","경기도","시흥시","","0.0","0.334918224","0.0","0.0","0.0","1","0","1","1"
"2022","41410","경기도","군포시","","0.0","0.254672456","0.0","0.0","0.0","1","0","1","1"
"2022","41430","경기도","의왕시","","0.0","0.245485394","0.0","1.0","15.611475184701947","1","0","1","1"
"2022","41450","경기도","하남시","","0.0","0.200313676","0.0","1.0","45.18992294860919","1","0","1","1"
"2022","41461","경기도","용인시 처인구","","","","","1.0","25.78335644204332","0","0","1","1"
"2022","41463","경기도","용인시 기흥구","","","","","0.0","0.0","0","0","1","1"
"2022","41465","경기도","용인시 수지구","","","","","0.0","0.0","0","0","1","1"
"2022","41480","경기도","파주시","","0.0","0.183357936","0.0","1.0","25.396320709299502","1","0","1","1"
"2022","41500","경기도","이천시","","0.0","0.248647412","0.0","1.0","23.546041514101095","1","0","1","1"
"2022","41550","경기도","안성시","","0.0","0.035558466","0.0","1.0","9.814712541676187","1","0","1","1"
"2022","41570","경기도","김포시","","0.0","0.28702902","0.0","0.0","0.0","1","0","1","1"
"2022","41590","경기도","화성시","","0.0","0.143950298","0.0","1.0","6.508050056165542","1","0","1","1"
"2022","41610","경기도","광주시","","10.087775257884857","0.050222331","0.0185611545546657","1.0","23.5016252149165","1","0","1","1"
"2022","41630","경기도","양주시","","9.862098936973792","0.271448073","0.1314111699494457","1.0","10.072450822664067","1","0","1","1"
"2022","41650","경기도","포천시","","8.51360028308704","0.0","0.0352050695300123","1.0","8.134038052182262","1","0","1","1"
"2022","41670","경기도","여주시","","10.018528419777617","0.138523563","0.1282783426949532","1.0","11.07209200468635","1","0","1","1"
"2022","41800","경기도","연천군","","10.964693780922468","0.0","0.1911753794045629","1.0","45.40292262529479","1","0","1","1"
"2022","41820","경기도","가평군","","8.054936114064445","0.06407134","0.0591976688552684","1.0","5.4777176792462505","1","0","1","1"
"2022","41830","경기도","양평군","","8.388185066751845","0.122655727","0.090796208118176","1.0","7.910807418957753","1","0","1","1"
"2022","43111","충청북도","청주시 상당구","","","","","1.0","3.607600939193441","0","0","1","1"
"2022","43112","충청북도","청주시 서원구","","","","","0.0","0.0","0","0","1","1"
"2022","43113","충청북도","청주시 흥덕구","","","","","0.0","0.0","0","0","1","1"
"2022","43114","충청북도","청주시 청원구","","","","","0.0","0.0","0","0","1","1"
"2022","43130","충청북도","충주시","","0.0","0.214931205","0.0","1.0","0.9193076970085514","1","0","1","1"
"2022","43150","충청북도","제천시","","7.604358429471316","0.036937923","0.0459179339053606","1.0","2.0762449763234203","1","0","1","1"
"2022","43720","충청북도","보은군","","0.0","0.682205422","0.0","0.0","0.0","1","0","1","1"
"2022","43730","충청북도","옥천군","","0.0","0.313928146","0.0","0.0","0.0","1","0","1","1"
"2022","43740","충청북도","영동군","","7.987783157075941","0.284779099","0.0961585345764833","1.0","1.4134372643012771","1","0","1","1"
"2022","43745","충청북도","증평군","","0.0","0.801756557","0.0","0.0","0.0","1","0","1","1"
"2022","43750","충청북도","진천군","","9.348600903237566","0.168278775","0.0997194898199746","1.0","1.876513804237028","1","0","1","1"
"2022","43760","충청북도","괴산군","","0.0","0.18693769","0.0","0.0","0.0","1","0","1","1"
"2022","43770","충청북도","음성군","","0.0","0.385968947","0.0","1.0","0.17718214223200304","1","0","1","1"
"2022","43800","충청북도","단양군","","7.525772772559183","0.118703421","0.0400800337273222","1.0","1.0111080982168696","1","0","1","1"
"2022","44131","충청남도","천안시 동남구","","","","","1.0","5.435200014486956","0","0","1","1"
"2022","44133","충청남도","천안시 서북구","","","","","0.0","0.0","0","0","1","1"
"2022","44150","충청남도","공주시","","0.0","0.087679655","0.0","1.0","2.0960930966496787","1","0","1","1"
"2022","44180","충청남도","보령시","","8.667042055840147","0.050537327","0.0665892379513895","1.0","2.0384155432506237","1","0","1","1"
"2022","44200","충청남도","아산시","","0.0","0.017911938","0.0","1.0","2.4533147054842046","1","0","1","1"
"2022","44210","충청남도","서산시","","0.0","0.132826201","0.0","1.0","1.3373601758682625","1","0","1","1"
"2022","44230","충청남도","논산시","","0.0","0.191739246","0.0","1.0","0.04566437749773364","1","0","1","1"
"2022","44250","충청남도","계룡시","","0.0","0.375525411","0.0","0.0","0.0","1","0","1","1"
"2022","44270","충청남도","당진시","","6.773352772557994","0.067172829","0.0142393752901272","1.0","1.095739177066547","1","0","1","1"
"2022","44710","충청남도","금산군","","8.30329070672724","0.145550742","0.0900589559085504","1.0","1.7414403907539258","1","0","1","1"
"2022","44760","충청남도","부여군","","9.27305013309483","0.023525453","0.0581318767262563","1.0","0.40142252683992347","1","0","1","1"
"2022","44770","충청남도","서천군","","0.0","0.0","0.0","1.0","2.1397680502631458","1","0","1","1"
"2022","44790","충청남도","청양군","","0.0","0.0","0.0","1.0","1.1878223572264963","1","0","1","1"
"2022","44800","충청남도","홍성군","","0.0","","","1.0","1.6745580189219107","1","0","1","1"
"2022","44810","충청남도","예산군","","0.0","0.023026503","0.0","1.0","1.0355823586170159","1","0","1","1"
"2022","44825","충청남도","태안군","","0.0","0.0","0.0","1.0","2.005293876181432","1","0","1","1"
"2022","45111","전라북도","전주시 완산구","","","","","1.0","18.798169805425196","0","0","1","1"
"2022","45113","전라북도","전주시 덕진구","","","","","0.0","0.0","0","0","1","1"
"2022","45130","전라북도","군산시","","0.0","0.0","0.0","1.0","16.514576186647414","1","0","1","1"
"2022","45140","전라북도","익산시","","0.0","0.591764824","0.0","1.0","8.054716645765378","1","0","1","1"
"2022","45180","전라북도","정읍시","","0.0","0.320665083","0.0","1.0","1.283625999772924","1","0","1","1"
"2022","45190","전라북도","남원시","","0.0","0.530978648","0.0","1.0","0.5003944024399055","1","0","1","1"
"2022","45210","전라북도","김제시","","0.0","0.461930397","0.0","1.0","3.639419795919957","1","0","1","1"
"2022","45710","전라북도","완주군","","0.0","0.275234653","0.0","1.0","1.033288276495519","1","0","1","1"
"2022","45720","전라북도","진안군","","0.0","0.433191667","0.0","0.0","0.0","1","0","1","1"
"2022","45730","전라북도","무주군","","0.0","0.0","0.0","0.0","0.0","1","0","1","1"
"2022","45740","전라북도","장수군","","0.0","0.716359914","0.0","0.0","0.0","1","0","1","1"
"2022","45750","전라북도","임실군","","9.56390613750405","0.260355832","0.4131120475099184","1.0","1.3794837353830218","1","0","1","1"
"2022","45770","전라북도","순창군","","0.0","0.431640852","0.0","1.0","2.5919199001989734","1","0","1","1"
"2022","45790","전라북도","고창군","","0.0","0.112397097","0.0","0.0","0.0","1","0","1","1"
"2022","45800","전라북도","부안군","","0.0","0.400323501","0.0","1.0","0.28163035860429736","1","0","1","1"
"2022","46110","전라남도","목포시","","0.0","0.594070696","0.0","1.0","0.647000935610385","1","0","1","1"
"2022","46130","전라남도","여수시","","0.0","0.19920309","0.0","1.0","3.716065252760524","1","0","1","1"
"2022","46150","전라남도","순천시","","0.0","0.092782088","0.0","1.0","4.572020120749358","1","0","1","1"
"2022","46170","전라남도","나주시","","0.0","0.011917952","0.0","1.0","0.869492075926865","1","0","1","1"
"2022","46230","전라남도","광양시","","8.878303766398526","0.098982586","0.0461989083128319","1.0","7.663375829664698","1","0","1","1"
"2022","46710","전라남도","담양군","","0.0","0.609181484","0.0","1.0","0.7849177944396919","1","0","1","1"
"2022","46720","전라남도","곡성군","","0.0","0.235315963","0.0","1.0","0.017465104720568725","1","0","1","1"
"2022","46730","전라남도","구례군","","8.527494779171034","0.133174433","0.1243415796680329","1.0","1.2575020176407636","1","0","1","1"
"2022","46770","전라남도","고흥군","","0.0","0.115518435","0.0","1.0","0.48777191048024604","1","0","1","1"
"2022","46780","전라남도","보성군","","7.796688339768091","0.042181377","0.0393836787126628","1.0","0.9117415283494682","1","0","1","1"
"2022","46790","전라남도","화순군","","0.0","0.531057609","0.0","1.0","0.24164435747105104","1","0","1","1"
"2022","46800","전라남도","장흥군","","0.0","0.203388507","0.0","0.0","0.0","1","0","1","1"
"2022","46810","전라남도","강진군","","0.0","0.018938834","0.0","0.0","0.0","1","0","1","1"
"2022","46820","전라남도","해남군","","0.0","0.305747186","0.0","0.0","0.0","1","0","1","1"
"2022","46830","전라남도","영암군","","0.0","0.497158609","0.0","0.0","0.0","1","0","1","1"
"2022","46840","전라남도","무안군","","8.46875495432169","0.302550405","0.2824836155631567","1.0","0.6696767478448764","1","0","1","1"
"2022","46860","전라남도","함평군","","0.0","0.272745135","0.0","1.0","0.5359909078212604","1","0","1","1"
"2022","46870","전라남도","영광군","","0.0","0.181315494","0.0","0.0","0.0","1","0","1","1"
"2022","46880","전라남도","장성군","","0.0","0.163857662","0.0","1.0","2.8551694555815135","1","0","1","1"
"2022","46890","전라남도","완도군","","0.0","0.0","0.0","0.0","0.0","1","0","1","1"
"2022","46900","전라남도","진도군","","0.0","0.17330692","0.0","0.0","0.0","1","0","1","1"
"2022","46910","전라남도","신안군","","0.0","0.181880949","0.0","0.0","0.0","1","0","1","1"
"2022","47111","경상북도","포항시 남구","","","","","1.0","13.902120069229486","0","0","1","1"
"2022","47113","경상북도","포항시 북구","","","","","0.0","0.0","0","0","1","1"
"2022","47130","경상북도","경주시","","0.0","0.0","0.0","1.0","4.504918727897132","1","0","1","1"
"2022","47150","경상북도","김천시","","0.0","0.0","0.0","1.0","3.8301327021105562","1","0","1","1"
"2022","47170","경상북도","안동시","","7.434557944765845","0.027446294","0.0127835773827875","1.0","2.7178337763287703","1","0","1","1"
"2022","47190","경상북도","구미시","","0.0","0.0","0.0","1.0","5.3602120959717405","1","0","1","1"
"2022","47210","경상북도","영주시","","7.989129200380108","0.0","0.0328935752340981","1.0","2.286946831891769","1","0","1","1"
"2022","47230","경상북도","영천시","","0.0","0.175226602","0.0","1.0","3.5165682583221294","1","0","1","1"
"2022","47250","경상북도","상주시","","7.78876889863984","0.10219244","0.0978540503932713","1.0","2.948702906393592","1","0","1","1"
"2022","47280","경상북도","문경시","","0.0","0.0","0.0","1.0","1.310179005098974","1","0","1","1"
"2022","47290","경상북도","경산시","","0.0","0.0","0.0","1.0","2.851503746320611","1","0","1","1"
"2022","47730","경상북도","의성군","","0.0","0.0","0.0","1.0","2.0608932665377697","1","0","1","1"
"2022","47750","경상북도","청송군","","7.5339654227148225","0.0","0.1453610951554048","1.0","0.3705281500518308","1","0","1","1"
"2022","47760","경상북도","영양군","","7.454117724914918","0.056361959","0.1050055994151941","1.0","0.10671934274036551","1","0","1","1"
"2022","47770","경상북도","영덕군","","0.0","0.0","0.0","1.0","1.6505392965163452","1","0","1","1"
"2022","47820","경상북도","청도군","","0.0","0.210932918","0.0","1.0","3.823089739045105","1","0","1","1"
"2022","47830","경상북도","고령군","","0.0","0.0","0.0","1.0","3.1748631320677685","1","0","1","1"
"2022","47840","경상북도","성주군","","0.0","0.141761739","0.0","1.0","3.99449093868411","1","0","1","1"
"2022","47850","경상북도","칠곡군","","0.0","0.271302954","0.0","1.0","4.589160632043123","1","0","1","1"
"2022","47900","경상북도","예천군","","8.275075849008708","0.241069829","0.0805811620900566","1.0","2.9429548605181197","1","0","1","1"
"2022","47920","경상북도","봉화군","","7.661010646019442","0.12460386","0.2385967589426098","1.0","0.6816515972949201","1","0","1","1"
"2022","47930","경상북도","울진군","","8.629330752040083","0.0","0.4093136082294496","1.0","0.1359634527478919","1","0","1","1"
"2022","47940","경상북도","울릉군","","0.0","0.954952502","0.0","0.0","0.0","1","0","1","1"
"2022","48121","경상남도","창원시 의창구","","","","","0.0","0.0","0","0","1","1"
"2022","48123","경상남도","창원시 성산구","","","","","0.0","0.0","0","0","1","1"
"2022","48125","경상남도","창원시 마산합포구","","","","","0.0","0.0","0","0","1","1"
"2022","48127","경상남도","창원시 마산회원구","","","","","0.0","0.0","0","0","1","1"
"2022","48129","경상남도","창원시 진해구","","","","","0.0","0.0","0","0","1","1"
"2022","48170","경상남도","진주시","","7.30773756669801","0.396273852","0.0100478094741214","1.0","3.5392245210542517","1","0","1","1"
"2022","48220","경상남도","통영시","","7.8107434167213645","0.254242802","0.0296467397958332","1.0","2.1427636463872477","1","0","1","1"
"2022","48240","경상남도","사천시","","7.950620388955824","0.0","0.0301577183920292","1.0","3.3189477733956196","1","0","1","1"
"2022","48250","경상남도","김해시","","8.130835751475834","0.141848436","0.0222428686221148","1.0","6.28161158211563","1","0","1","1"
"2022","48270","경상남도","밀양시","","7.4338259649274026","0.025946375","0.0040340796493305","1.0","4.0448827052511955","1","0","1","1"
"2022","48310","경상남도","거제시","","7.919885888313819","0.085909686","0.0200352610832184","1.0","3.0617483139089847","1","0","1","1"
"2022","48330","경상남도","양산시","","7.997095288330871","0.104158375","0.0121456977483357","1.0","6.5890093128236575","1","0","1","1"
"2022","48720","경상남도","의령군","","7.239157179387709","0.211883759","0.0327168395677655","1.0","2.867328724359525","1","0","1","1"
"2022","48730","경상남도","함안군","","8.180360715102637","0.118072701","0.0330687350612585","1.0","0.5659885908937129","1","0","1","1"
"2022","48740","경상남도","창녕군","","7.254292355470303","0.059628326","0.0092706705460336","1.0","3.439748455400454","1","0","1","1"
"2022","48820","경상남도","고성군","","7.186766611377164","0.224180139","0.0522809942225799","1.0","1.1069806460200653","1","0","1","1"
"2022","48840","경상남도","남해군","","7.667878412877876","0.428878611","0.0470694990076485","1.0","2.506750904523351","1","0","1","1"
"2022","48850","경상남도","하동군","","7.288859840630689","0.069271761","0.0107700530090545","1.0","3.1194742751340225","1","0","1","1"
"2022","48860","경상남도","산청군","","7.04624958906184","0.551588199","0.1269051718640393","1.0","1.3557155463633679","1","0","1","1"
"2022","48870","경상남도","함양군","","7.3057289459465595","0.563873053","0.1315006938478821","1.0","0.206144907863643","1","0","1","1"
"2022","48880","경상남도","거창군","","6.997332315259721","0.519834963","0.1212305817849527","1.0","0.9675664076039957","1","0","1","1"
"2022","48890","경상남도","합천군","","6.532507220139486","0.262656903","0.0490045736109587","1.0","1.1719812010145374","1","0","1","1"
"2022","50110","제주특별자치도","제주시","","","","","0.0","0.0","0","0","1","1"
"2022","50130","제주특별자치도","서귀포시","","","","","0.0","0.0","0","0","1","1"
"2022","51110","강원특별자치도","춘천시","","0.0","0.065517367","0.0","1.0","4.911752331540068","1","0","1","1"
"2022","51130","강원특별자치도","원주시","","8.333362648296646","0.239905344","0.148852833575868","1.0","3.578324295595638","1","0","1","1"
"2022","51150","강원특별자치도","강릉시","","7.360492180052046","0.197719057","0.2453554515649956","0.0","0.0","1","0","1","1"
"2022","51170","강원특별자치도","동해시","","0.0","0.176145724","0.0","1.0","3.334195789325144","1","0","1","1"
"2022","51190","강원특별자치도","태백시","","0.0","0.74094298","0.0","0.0","0.0","1","0","1","1"
"2022","51210","강원특별자치도","속초시","","0.0","0.259245924","0.0","0.0","0.0","1","0","1","1"
"2022","51230","강원특별자치도","삼척시","","0.0","0.323531338","0.0","1.0","0.08004954326795695","1","0","1","1"
"2022","51720","강원특별자치도","홍천군","","0.0","0.0","0.0","1.0","2.100307186802349","1","0","1","1"
"2022","51730","강원특별자치도","횡성군","","8.002043507099355","0.387295318","0.2441170574410639","1.0","1.723087723001665","1","0","1","1"
"2022","51750","강원특별자치도","영월군","","0.0","0.097833645","0.0","0.0","0.0","1","0","1","1"
"2022","51760","강원특별자치도","평창군","","0.0","0.619828722","0.0","0.0","0.0","1","0","1","1"
"2022","51770","강원특별자치도","정선군","","8.14533121304756","0.186809739","0.1738633159522968","1.0","1.7331993120874778","1","0","1","1"
"2022","51780","강원특별자치도","철원군","","0.0","0.200167941","0.0","1.0","10.427653269257634","1","0","1","1"
"2022","51790","강원특별자치도","화천군","","0.0","0.512098472","0.0","1.0","1.8077891941450435","1","0","1","1"
"2022","51800","강원특별자치도","양구군","","0.0","1.0","0.0","0.0","0.0","1","0","1","1"
"2022","51810","강원특별자치도","인제군","","0.0","0.31236166","0.0","0.0","0.0","1","0","1","1"
"2022","51820","강원특별자치도","고성군","","0.0","0.622889828","0.0","0.0","0.0","1","0","1","1"
"2022","51830","강원특별자치도","양양군","","0.0","0.457280327","0.0","0.0","0.0","1","0","1","1"
"2023","11110","서울특별시","종로구","","0.0","0.0","0.0","0.0","0.0","1","0","1","1"
"2023","11140","서울특별시","중구","","0.0","0.230597615","0.0","0.0","0.0","1","0","1","1"
"2023","11170","서울특별시","용산구","","0.0","0.0","0.0","0.0","0.0","1","0","1","1"
"2023","11200","서울특별시","성동구","","0.0","0.33918522","0.0","0.0","0.0","1","0","1","1"
"2023","11215","서울특별시","광진구","","0.0","","","0.0","0.0","1","0","1","1"
"2023","11230","서울특별시","동대문구","","0.0","","","0.0","0.0","1","0","1","1"
"2023","11260","서울특별시","중랑구","","0.0","","","0.0","0.0","1","0","1","1"
"2023","11290","서울특별시","성북구","","0.0","","","0.0","0.0","1","0","1","1"
"2023","11305","서울특별시","강북구","","0.0","","","0.0","0.0","1","0","1","1"
"2023","11320","서울특별시","도봉구","","0.0","","","0.0","0.0","1","0","1","1"
"2023","11350","서울특별시","노원구","","0.0","","","0.0","0.0","1","0","1","1"
"2023","11380","서울특별시","은평구","","10.773572980728089","0.552112578","0.0988267304426189","0.0","0.0","1","0","1","1"
"2023","11410","서울특별시","서대문구","","0.0","0.234924648","0.0","0.0","0.0","1","0","1","1"
"2023","11440","서울특별시","마포구","","0.0","0.05894289","0.0","0.0","0.0","1","0","1","1"
"2023","11470","서울특별시","양천구","","0.0","","","0.0","0.0","1","0","1","1"
"2023","11500","서울특별시","강서구","","12.880166439254792","0.038637712","0.0348736232486744","0.0","0.0","1","0","1","1"
"2023","11530","서울특별시","구로구","","13.80808955150848","0.053471137","0.0304584117827718","0.0","0.0","1","0","1","1"
"2023","11545","서울특별시","금천구","","0.0","0.099824354","0.0","0.0","0.0","1","0","1","1"
"2023","11560","서울특별시","영등포구","","","","","0.0","","0","0","1","1"
"2023","11590","서울특별시","동작구","","0.0","0.255035318","0.0","0.0","0.0","1","0","1","1"
"2023","11620","서울특별시","관악구","","0.0","","","0.0","0.0","1","0","1","1"
"2023","11650","서울특별시","서초구","","0.0","0.065852854","0.0","1.0","27.33488829810599","1","0","1","1"
"2023","11680","서울특별시","강남구","","0.0","","","1.0","43.50967264719323","1","0","1","1"
"2023","11710","서울특별시","송파구","","14.017640838323134","0.186201596","0.1326189991786664","1.0","78.23904940838767","1","0","1","1"
"2023","11740","서울특별시","강동구","","13.051610982413438","0.211593955","0.0976580896519244","0.0","0.0","1","0","1","1"
"2023","26110","부산광역시","중구","","0.0","","","0.0","0.0","1","0","1","1"
"2023","26140","부산광역시","서구","","0.0","0.785674069","0.0","0.0","0.0","1","0","1","1"
"2023","26170","부산광역시","동구","","0.0","0.786765278","0.0","0.0","0.0","1","0","1","1"
"2023","26200","부산광역시","영도구","","0.0","0.53550832","0.0","0.0","0.0","1","0","1","1"
"2023","26230","부산광역시","부산진구","","0.0","0.765152669","0.0","1.0","7.24271818701105","1","0","1","1"
"2023","26260","부산광역시","동래구","","0.0","0.759241907","0.0","1.0","1.1599297965283146","1","0","1","1"
"2023","26290","부산광역시","남구","","0.0","0.779535298","0.0","0.0","0.0","1","0","1","1"
"2023","26320","부산광역시","북구","","0.0","0.785852281","0.0","0.0","0.0","1","0","1","1"
"2023","26350","부산광역시","해운대구","","0.0","0.750255755","0.0","0.0","0.0","1","0","1","1"
"2023","26380","부산광역시","사하구","","0.0","0.0","0.0","0.0","0.0","1","0","1","1"
"2023","26410","부산광역시","금정구","","10.132691924514917","0.604119984","0.182869878581135","1.0","3.0989404216782757","1","0","1","1"
"2023","26440","부산광역시","강서구","","11.011677099736923","0.564050167","0.3414811238486614","0.0","0.0","1","0","1","1"
"2023","26470","부산광역시","연제구","","0.0","0.835984823","0.0","0.0","0.0","1","0","1","1"
"2023","26500","부산광역시","수영구","","0.0","0.0","0.0","0.0","0.0","1","0","1","1"
"2023","26530","부산광역시","사상구","","0.0","0.715215194","0.0","1.0","2.328025882688581","1","0","1","1"
"2023","26710","부산광역시","기장군","","10.305681608987099","0.14658847","0.096989431532015","0.0","0.0","1","0","1","1"
"2023","27110","대구광역시","중구","","","","","0.0","","0","0","1","1"
"2023","27140","대구광역시","동구","","0.0","","","1.0","0.32977705276000957","1","0","1","1"
"2023","27170","대구광역시","서구","","0.0","0.642152348","0.0","0.0","0.0","1","0","1","1"
"2023","27200","대구광역시","남구","","0.0","","","0.0","0.0","1","0","1","1"
"2023","27230","대구광역시","북구","","0.0","0.088429518","0.0","1.0","0.8026163765178406","1","0","1","1"
"2023","27260","대구광역시","수성구","","0.0","0.434658547","0.0","1.0","0.5766024603150499","1","0","1","1"
"2023","27290","대구광역시","달서구","","0.0","0.344208689","0.0","0.0","0.0","1","0","1","1"
"2023","27710","대구광역시","달성군","","0.0","0.029958972","0.0","1.0","1.1681180772222493","1","0","1","1"
"2023","27720","대구광역시","군위군","","","","","1.0","2.0488189530025087","0","0","1","1"
"2023","28110","인천광역시","중구","","10.124957904192518","0.0","0.4341288873662974","0.0","0.0","1","0","1","1"
"2023","28140","인천광역시","동구","","","","","0.0","","0","0","1","1"
"2023","28177","인천광역시","미추홀구","","0.0","0.0","0.0","0.0","0.0","1","0","1","1"
"2023","28185","인천광역시","연수구","","0.0","0.0","0.0","0.0","0.0","1","0","1","1"
"2023","28200","인천광역시","남동구","","12.853503658654533","0.376264838","0.3444890808590328","0.0","0.0","1","0","1","1"
"2023","28237","인천광역시","부평구","","0.0","0.0","0.0","0.0","0.0","1","0","1","1"
"2023","28245","인천광역시","계양구","","0.0","0.0","0.0","0.0","0.0","1","0","1","1"
"2023","28260","인천광역시","서구","","12.916869497738222","0.259945953","0.2379933850150767","0.0","0.0","1","0","1","1"
"2023","28710","인천광역시","강화군","","11.509844214785318","0.032093552","0.0293832354536238","0.0","0.0","1","0","1","1"
"2023","28720","인천광역시","옹진군","","0.0","0.384507514","0.0","0.0","0.0","1","0","1","1"
"2023","29110","광주광역시","동구","","0.0","0.674272859","0.0","0.0","0.0","1","0","1","1"
"2023","29140","광주광역시","서구","","0.0","0.0","0.0","1.0","24.957075869441983","1","0","1","1"
"2023","29155","광주광역시","남구","","0.0","0.0","0.0","1.0","9.894584687655971","1","0","1","1"
"2023","29170","광주광역시","북구","","0.0","0.0","0.0","1.0","3.0811125692177397","1","0","1","1"
"2023","29200","광주광역시","광산구","","0.0","0.070694418","0.0","1.0","8.429988135294609","1","0","1","1"
"2023","30110","대전광역시","동구","","10.236969424226729","0.139643944","0.2004107497830933","0.0","0.0","1","0","1","1"
"2023","30140","대전광역시","중구","","0.0","0.0","0.0","0.0","0.0","1","0","1","1"
"2023","30170","대전광역시","서구","","10.494583212532705","0.155499028","0.2231652582274456","0.0","0.0","1","0","1","1"
"2023","30200","대전광역시","유성구","","0.0","0.113981485","0.0","1.0","6.951058470741854","1","0","1","1"
"2023","30230","대전광역시","대덕구","","11.866149811165823","0.278947821","0.2240915621814788","0.0","0.0","1","0","1","1"
"2023","31110","울산광역시","중구","","10.992515006855475","0.119936167","0.1075762505861748","1.0","4.892856016082218","1","0","1","1"
"2023","31140","울산광역시","남구","","0.0","0.36089733","0.0","1.0","17.100962290619904","1","0","1","1"
"2023","31170","울산광역시","동구","","10.257449680176087","0.0","0.1014186086893315","1.0","3.8550387218694464","1","0","1","1"
"2023","31200","울산광역시","북구","","10.250918641887946","0.0","0.045091634457043","1.0","3.2222671864433656","1","0","1","1"
"2023","31710","울산광역시","울주군","","9.509535673417622","0.0","0.0327966042163747","1.0","4.793682109472483","1","0","1","1"
"2023","36110","세종특별자치시","세종시","","","","","1.0","13.837714125457028","0","0","1","1"
"2023","41111","경기도","수원시 장안구","","","","","0.0","0.0","0","0","1","1"
"2023","41113","경기도","수원시 권선구","","","","","0.0","0.0","0","0","1","1"
"2023","41115","경기도","수원시 팔달구","","","","","0.0","0.0","0","0","1","1"
"2023","41117","경기도","수원시 영통구","","","","","0.0","0.0","0","0","1","1"
"2023","41131","경기도","성남시 수정구","","","","","1.0","204.27769403569872","0","0","1","1"
"2023","41133","경기도","성남시 중원구","","","","","0.0","0.0","0","0","1","1"
"2023","41135","경기도","성남시 분당구","","","","","0.0","0.0","0","0","1","1"
"2023","41150","경기도","의정부시","","0.0","0.232871959","0.0","0.0","0.0","1","0","1","1"
"2023","41171","경기도","안양시 만안구","","","","","0.0","0.0","0","0","1","1"
"2023","41173","경기도","안양시 동안구","","","","","0.0","0.0","0","0","1","1"
"2023","41190","경기도","부천시","","0.0","","","0.0","0.0","1","0","1","1"
"2023","41210","경기도","광명시","","0.0","","","0.0","0.0","1","0","1","1"
"2023","41220","경기도","평택시","","0.0","0.209999747","0.0","1.0","18.962434628762207","1","0","1","1"
"2023","41250","경기도","동두천시","","0.0","0.0","0.0","1.0","15.77048846675116","1","0","1","1"
"2023","41271","경기도","안산시 상록구","","","","","1.0","69.98765748349823","0","0","1","1"
"2023","41273","경기도","안산시 단원구","","","","","0.0","0.0","0","0","1","1"
"2023","41281","경기도","고양시 덕양구","","","","","0.0","0.0","0","0","1","1"
"2023","41285","경기도","고양시 일산동구","","","","","0.0","0.0","0","0","1","1"
"2023","41287","경기도","고양시 일산서구","","","","","0.0","0.0","0","0","1","1"
"2023","41290","경기도","과천시","","0.0","0.015737199","0.0","1.0","12.450978892350832","1","0","1","1"
"2023","41310","경기도","구리시","","0.0","0.4935227","0.0","0.0","0.0","1","0","1","1"
"2023","41360","경기도","남양주시","","10.19798277633111","0.0","0.0353078233510009","1.0","10.810739067162565","1","0","1","1"
"2023","41370","경기도","오산시","","0.0","0.0","0.0","0.0","0.0","1","0","1","1"
"2023","41390","경기도","시흥시","","0.0","0.010175751","0.0","0.0","0.0","1","0","1","1"
"2023","41410","경기도","군포시","","0.0","0.195932137","0.0","0.0","0.0","1","0","1","1"
"2023","41430","경기도","의왕시","","0.0","0.341626544","0.0","1.0","15.611475184701947","1","0","1","1"
"2023","41450","경기도","하남시","","0.0","0.101606829","0.0","1.0","45.18992294860919","1","0","1","1"
"2023","41461","경기도","용인시 처인구","","","","","1.0","25.78335644204332","0","0","1","1"
"2023","41463","경기도","용인시 기흥구","","","","","0.0","0.0","0","0","1","1"
"2023","41465","경기도","용인시 수지구","","","","","0.0","0.0","0","0","1","1"
"2023","41480","경기도","파주시","","0.0","0.129496066","0.0","1.0","30.815118849261832","1","0","1","1"
"2023","41500","경기도","이천시","","0.0","0.079476093","0.0","1.0","23.546041514101095","1","0","1","1"
"2023","41550","경기도","안성시","","0.0","0.033619714","0.0","1.0","9.814712541676187","1","0","1","1"
"2023","41570","경기도","김포시","","0.0","0.32392059","0.0","0.0","0.0","1","0","1","1"
"2023","41590","경기도","화성시","","0.0","0.24366629","0.0","1.0","7.565237651141106","1","0","1","1"
"2023","41610","경기도","광주시","","10.128442158708339","0.036940342","0.0135261712644915","1.0","23.5016252149165","1","0","1","1"
"2023","41630","경기도","양주시","","9.90276541822622","0.212389926","0.1080447356080092","1.0","10.072450822664067","1","0","1","1"
"2023","41650","경기도","포천시","","8.700424505797054","0.0","0.0242408187307946","1.0","9.044163274574638","1","0","1","1"
"2023","41670","경기도","여주시","","10.02884005817647","0.096458728","0.0883053229421944","1.0","11.07209200468635","1","0","1","1"
"2023","41800","경기도","연천군","","11.005361649486618","0.0","0.0923400172461955","1.0","45.40292262529479","1","0","1","1"
"2023","41820","경기도","가평군","","8.095592017624657","0.043998174","0.0134069129449978","1.0","5.591645958710898","1","0","1","1"
"2023","41830","경기도","양평군","","8.428844556726704","0.055309941","0.0405061627651951","1.0","8.373734960471902","1","0","1","1"
"2023","43111","충청북도","청주시 상당구","","","","","1.0","3.607600939193441","0","0","1","1"
"2023","43112","충청북도","청주시 서원구","","","","","0.0","0.0","0","0","1","1"
"2023","43113","충청북도","청주시 흥덕구","","","","","0.0","0.0","0","0","1","1"
"2023","43114","충청북도","청주시 청원구","","","","","0.0","0.0","0","0","1","1"
"2023","43130","충청북도","충주시","","8.218803710905053","0.085848423","0.0295799976851874","1.0","1.1034619318829098","1","0","1","1"
"2023","43150","충청북도","제천시","","7.645485086874374","0.023008604","0.0332364714895049","1.0","2.494082216148165","1","0","1","1"
"2023","43720","충청북도","보은군","","0.0","0.463563491","0.0","0.0","0.0","1","0","1","1"
"2023","43730","충청북도","옥천군","","0.0","0.273988469","0.0","0.0","0.0","1","0","1","1"
"2023","43740","충청북도","영동군","","8.028916211609333","0.467612897","0.1584092921506328","0.0","0.0","1","0","1","1"
"2023","43745","충청북도","증평군","","0.0","0.828385993","0.0","0.0","0.0","1","0","1","1"
"2023","43750","충청북도","진천군","","9.38977839607222","0.317665954","0.2026763163331267","1.0","1.876513804237028","1","0","1","1"
"2023","43760","충청북도","괴산군","","0.0","0.22172022","0.0","0.0","0.0","1","0","1","1"
"2023","43770","충청북도","음성군","","0.0","0.267920414","0.0","1.0","0.17718214223200304","1","0","1","1"
"2023","43800","충청북도","단양군","","7.566932032443166","0.117408331","0.040454761911096","1.0","1.3224850191439925","1","0","1","1"
"2023","44131","충청남도","천안시 동남구","","","","","1.0","5.435200014486956","0","0","1","1"
"2023","44133","충청남도","천안시 서북구","","","","","0.0","0.0","0","0","1","1"
"2023","44150","충청남도","공주시","","0.0","0.098037329","0.0","1.0","2.0960930966496787","1","0","1","1"
"2023","44180","충청남도","보령시","","8.718383041850647","0.044590282","0.0580501433287582","1.0","2.207995421831541","1","0","1","1"
"2023","44200","충청남도","아산시","","0.0","0.010785948","0.0","1.0","5.702545895662128","1","0","1","1"
"2023","44210","충청남도","서산시","","0.0","0.045539968","0.0","1.0","3.860489914765586","1","0","1","1"
"2023","44230","충청남도","논산시","","0.0","0.369851051","0.0","1.0","0.4024073461994295","1","0","1","1"
"2023","44250","충청남도","계룡시","","0.0","0.262766091","0.0","0.0","0.0","1","0","1","1"
"2023","44270","충청남도","당진시","","0.0","0.018832447","0.0","1.0","1.338848666144748","1","0","1","1"
"2023","44710","충청남도","금산군","","8.344449840893258","0.16171215","0.0978604555380609","1.0","1.7414403907539258","1","0","1","1"
"2023","44760","충청남도","부여군","","8.366324207947518","0.056034809","0.0523747746920312","1.0","1.0421908795421488","1","0","1","1"
"2023","44770","충청남도","서천군","","0.0","0.0","0.0","1.0","2.587478621680016","1","0","1","1"
"2023","44790","충청남도","청양군","","0.0","0.0","0.0","1.0","2.302135457439192","1","0","1","1"
"2023","44800","충청남도","홍성군","","0.0","","","1.0","2.6352882866078415","1","0","1","1"
"2023","44810","충청남도","예산군","","8.33742305740902","0.018910102","0.0333699071026259","1.0","1.0355823586170159","1","0","1","1"
"2023","44825","충청남도","태안군","","0.0","0.0","0.0","1.0","2.005293876181432","1","0","1","1"
"2023","45111","전라북도","전주시 완산구","","","","","1.0","26.62556841298289","0","0","1","1"
"2023","45113","전라북도","전주시 덕진구","","","","","0.0","0.0","0","0","1","1"
"2023","45130","전라북도","군산시","","0.0","0.0","0.0","1.0","16.514576186647414","1","0","1","1"
"2023","45140","전라북도","익산시","","0.0","0.251128762","0.0","1.0","13.281551002589607","1","0","1","1"
"2023","45180","전라북도","정읍시","","0.0","0.293964651","0.0","1.0","1.3401241695331834","1","0","1","1"
"2023","45190","전라북도","남원시","","0.0","0.50461681","0.0","1.0","0.521018697337449","1","0","1","1"
"2023","45210","전라북도","김제시","","0.0","0.416664819","0.0","1.0","7.31968553910812","1","0","1","1"
"2023","45710","전라북도","완주군","","0.0","0.252780508","0.0","1.0","1.3701124115357872","1","0","1","1"
"2023","45720","전라북도","진안군","","0.0","0.563098359","0.0","0.0","0.0","1","0","1","1"
"2023","45730","전라북도","무주군","","0.0","0.0","0.0","0.0","0.0","1","0","1","1"
"2023","45740","전라북도","장수군","","0.0","0.633240499","0.0","0.0","0.0","1","0","1","1"
"2023","45750","전라북도","임실군","","9.646195982109964","0.280539974","0.3487887483173733","1.0","1.898913725645779","1","0","1","1"
"2023","45770","전라북도","순창군","","0.0","0.243441661","0.0","1.0","2.5919199001989734","1","0","1","1"
"2023","45790","전라북도","고창군","","0.0","0.154963201","0.0","0.0","0.0","1","0","1","1"
"2023","45800","전라북도","부안군","","0.0","0.243402348","0.0","1.0","0.28163035860429736","1","0","1","1"
"2023","46110","전라남도","목포시","","0.0","0.864650728","0.0","1.0","0.647000935610385","1","0","1","1"
"2023","46130","전라남도","여수시","","0.0","0.141068438","0.0","1.0","3.886243923950146","1","0","1","1"
"2023","46150","전라남도","순천시","","0.0","0.123033485","0.0","1.0","4.572020120749358","1","0","1","1"
"2023","46170","전라남도","나주시","","0.0","0.003555802","0.0","1.0","1.5112096664324992","1","0","1","1"
"2023","46230","전라남도","광양시","","8.919467269489013","0.116470338","0.0531470547316571","1.0","7.663375829664698","1","0","1","1"
"2023","46710","전라남도","담양군","","0.0","0.550651364","0.0","1.0","1.2178650024714177","1","0","1","1"
"2023","46720","전라남도","곡성군","","0.0","0.30784676","0.0","0.0","0.0","1","0","1","1"
"2023","46730","전라남도","구례군","","8.56865591993586","0.129595586","0.1182879619570149","1.0","1.7954590734443308","1","0","1","1"
"2023","46770","전라남도","고흥군","","0.0","0.184547375","0.0","1.0","0.5941609368732589","1","0","1","1"
"2023","46780","전라남도","보성군","","7.8378408836556","0.032342596","0.0230606927913346","1.0","0.967170259178706","1","0","1","1"
"2023","46790","전라남도","화순군","","0.0","0.296643699","0.0","1.0","0.26159664386774334","1","0","1","1"
"2023","46800","전라남도","장흥군","","0.0","0.407929746","0.0","0.0","0.0","1","0","1","1"
"2023","46810","전라남도","강진군","","0.0","0.015562882","0.0","0.0","0.0","1","0","1","1"
"2023","46820","전라남도","해남군","","0.0","0.361026841","0.0","0.0","0.0","1","0","1","1"
"2023","46830","전라남도","영암군","","0.0","0.599736021","0.0","0.0","0.0","1","0","1","1"
"2023","46840","전라남도","무안군","","9.11432462963615","0.078824942","0.0944234740148861","1.0","1.3521900545340828","1","0","1","1"
"2023","46860","전라남도","함평군","","0.0","0.267844894","0.0","1.0","0.922489153683921","1","0","1","1"
"2023","46870","전라남도","영광군","","0.0","0.310652194","0.0","0.0","0.0","1","0","1","1"
"2023","46880","전라남도","장성군","","0.0","0.159773682","0.0","1.0","2.8551694555815135","1","0","1","1"
"2023","46890","전라남도","완도군","","0.0","0.0","0.0","0.0","0.0","1","0","1","1"
"2023","46900","전라남도","진도군","","0.0","0.185334055","0.0","0.0","0.0","1","0","1","1"
"2023","46910","전라남도","신안군","","0.0","0.21283427","0.0","0.0","0.0","1","0","1","1"
"2023","47111","경상북도","포항시 남구","","","","","1.0","13.902120069229486","0","0","1","1"
"2023","47113","경상북도","포항시 북구","","","","","0.0","0.0","0","0","1","1"
"2023","47130","경상북도","경주시","","0.0","0.0","0.0","1.0","4.504918727897132","1","0","1","1"
"2023","47150","경상북도","김천시","","0.0","0.0","0.0","1.0","4.8869204489083415","1","0","1","1"
"2023","47170","경상북도","안동시","","7.4757032529021314","0.013279423","0.0080637221413159","1.0","2.763316571097778","1","0","1","1"
"2023","47190","경상북도","구미시","","0.0","0.0","0.0","1.0","5.3602120959717405","1","0","1","1"
"2023","47210","경상북도","영주시","","8.030284646883818","0.0","0.0229557575827718","1.0","2.333202866559073","1","0","1","1"
"2023","47230","경상북도","영천시","","0.0","0.123693788","0.0","1.0","3.5165682583221294","1","0","1","1"
"2023","47250","경상북도","상주시","","0.0","0.084725362","0.0","1.0","3.734560828637966","1","0","1","1"
"2023","47280","경상북도","문경시","","0.0","0.0","0.0","1.0","1.310179005098974","1","0","1","1"
"2023","47290","경상북도","경산시","","0.0","0.0","0.0","1.0","3.210580966909016","1","0","1","1"
"2023","47730","경상북도","의성군","","0.0","0.0","0.0","1.0","2.4076136096423144","1","0","1","1"
"2023","47750","경상북도","청송군","","7.980407057219862","0.0","0.1405866714877985","1.0","0.9276227963093144","1","0","1","1"
"2023","47760","경상북도","영양군","","7.9005433485707925","0.207001915","0.1885467610295033","1.0","0.14929669411073668","1","0","1","1"
"2023","47770","경상북도","영덕군","","0.0","0.0","0.0","1.0","1.8530549045832947","1","0","1","1"
"2023","47820","경상북도","청도군","","0.0","0.120975091","0.0","1.0","3.823089739045105","1","0","1","1"
"2023","47830","경상북도","고령군","","0.0","0.0","0.0","1.0","3.261914628232379","1","0","1","1"
"2023","47840","경상북도","성주군","","0.0","0.078408053","0.0","1.0","4.183489760901035","1","0","1","1"
"2023","47850","경상북도","칠곡군","","0.0","0.293258133","0.0","1.0","4.589160632043123","1","0","1","1"
"2023","47900","경상북도","예천군","","8.31623469727571","0.212376441","0.0481603648516071","1.0","3.3439409747207653","1","0","1","1"
"2023","47920","경상북도","봉화군","","7.7021607804726235","0.128427952","0.1220016072548434","1.0","0.956106375220529","1","0","1","1"
"2023","47930","경상북도","울진군","","8.447392007241241","0.0","0.3848173446169224","0.0","0.0","1","0","1","1"
"2023","47940","경상북도","울릉군","","11.187347496115226","0.0","0.9810963676638208","0.0","0.0","1","0","1","1"
"2023","48121","경상남도","창원시 의창구","","","","","0.0","0.0","0","0","1","1"
"2023","48123","경상남도","창원시 성산구","","","","","0.0","0.0","0","0","1","1"
"2023","48125","경상남도","창원시 마산합포구","","","","","0.0","0.0","0","0","1","1"
"2023","48127","경상남도","창원시 마산회원구","","","","","0.0","0.0","0","0","1","1"
"2023","48129","경상남도","창원시 진해구","","","","","0.0","0.0","0","0","1","1"
"2023","48170","경상남도","진주시","","7.277494319688347","0.360397479","0.0086172313860346","1.0","3.5392245210542517","1","0","1","1"
"2023","48220","경상남도","통영시","","7.851896192026135","0.134251686","0.024531217679099","1.0","2.1427636463872477","1","0","1","1"
"2023","48240","경상남도","사천시","","7.991775298448878","0.0","0.0173493851274468","1.0","3.3189477733956196","1","0","1","1"
"2023","48250","경상남도","김해시","","8.140364405749018","0.093625053","0.0143786730156824","1.0","6.28161158211563","1","0","1","1"
"2023","48270","경상남도","밀양시","","7.47497125562381","0.024209555","0.0030161779326845","1.0","4.0448827052511955","1","0","1","1"
"2023","48310","경상남도","거제시","","7.961040354121189","0.101974441","0.0199643832834831","1.0","3.0617483139089847","1","0","1","1"
"2023","48330","경상남도","양산시","","8.097798906943698","0.066527592","0.0080640111277358","1.0","6.5890093128236575","1","0","1","1"
"2023","48720","경상남도","의령군","","7.280297347866187","0.118090943","0.0156950916404818","1.0","2.867328724359525","1","0","1","1"
"2023","48730","경상남도","함안군","","8.221510021313078","0.164800814","0.0234427965429106","1.0","0.5659885908937129","1","0","1","1"
"2023","48740","경상남도","창녕군","","7.295432958913537","0.062715877","0.0095498547634977","1.0","3.439748455400454","1","0","1","1"
"2023","48820","경상남도","고성군","","7.2279052223533995","0.201426149","0.045446304225251","1.0","1.6263190533183702","1","0","1","1"
"2023","48840","경상남도","남해군","","7.709028677306466","0.337157257","0.0412236316049529","1.0","1.8061183720955125","1","0","1","1"
"2023","48850","경상남도","하동군","","7.330001413151962","0.049675184","0.007564126022425","1.0","3.1194742751340225","1","0","1","1"
"2023","48860","경상남도","산청군","","7.0873835963830425","0.229753917","0.1049543756749162","1.0","1.3557155463633679","1","0","1","1"
"2023","48870","경상남도","함양군","","7.976142470377826","0.539355577","0.2312079413257866","1.0","0.5741200252964697","1","0","1","1"
"2023","48880","경상남도","거창군","","7.038464561989193","0.52765368","0.1128509585652442","1.0","1.1259072549919065","1","0","1","1"
"2023","48890","경상남도","합천군","","6.573617644178059","0.192070506","0.0350961952708607","1.0","1.2392139488997553","1","0","1","1"
"2023","50110","제주특별자치도","제주시","","","","","0.0","0.0","0","0","1","1"
"2023","50130","제주특별자치도","서귀포시","","","","","0.0","0.0","0","0","1","1"
"2023","51110","강원특별자치도","춘천시","","0.0","0.060655204","0.0","1.0","4.930464990410243","1","0","1","1"
"2023","51130","강원특별자치도","원주시","","8.374522078428289","0.161707463","0.0981087928016275","1.0","3.676465995822653","1","0","1","1"
"2023","51150","강원특별자치도","강릉시","","7.401635657199298","0.244019108","0.2960914885055233","0.0","0.0","1","0","1","1"
"2023","51170","강원특별자치도","동해시","","0.0","0.249899051","0.0","1.0","3.334195789325144","1","0","1","1"
"2023","51190","강원특별자치도","태백시","","0.0","0.754959839","0.0","0.0","0.0","1","0","1","1"
"2023","51210","강원특별자치도","속초시","","0.0","0.313284837","0.0","0.0","0.0","1","0","1","1"
"2023","51230","강원특별자치도","삼척시","","0.0","0.360288464","0.0","1.0","0.08004954326795695","1","0","1","1"
"2023","51720","강원특별자치도","홍천군","","0.0","0.0","0.0","1.0","2.100307186802349","1","0","1","1"
"2023","51730","강원특별자치도","횡성군","","8.01971974404366","0.296399717","0.2225261187615791","1.0","1.9220781116508612","1","0","1","1"
"2023","51750","강원특별자치도","영월군","","0.0","0.113290099","0.0","0.0","0.0","1","0","1","1"
"2023","51760","강원특별자치도","평창군","","0.0","0.489555358","0.0","0.0","0.0","1","0","1","1"
"2023","51770","강원특별자치도","정선군","","8.1864886376253","0.154286277","0.1404085451618761","1.0","1.7544136464778664","1","0","1","1"
"2023","51780","강원특별자치도","철원군","","0.0","0.346618358","0.0","1.0","10.427653269257634","1","0","1","1"
"2023","51790","강원특별자치도","화천군","","0.0","0.309246891","0.0","1.0","2.12905576316857","1","0","1","1"
"2023","51800","강원특별자치도","양구군","","0.0","1.0","0.0","0.0","0.0","1","0","1","1"
"2023","51810","강원특별자치도","인제군","","0.0","0.213251293","0.0","0.0","0.0","1","0","1","1"
"2023","51820","강원특별자치도","고성군","","0.0","0.320624787","0.0","0.0","0.0","1","0","1","1"
"2023","51830","강원특별자치도","양양군","","0.0","0.420428908","0.0","0.0","0.0","1","0","1","1"
