"연도","시군구코드","시도","시군구","시군구_전체명","메인지수A_예산기반_pooled","메인지수A_예산기반_연도별표준화","확장지수B_예산법인_pooled","확장지수B_예산법인_연도별표준화","핵심_소나무림면적당_총대응예산_log","핵심_소나무림면적당_예찰예산_log","확장_소나무림1만ha당_방제법인수_log","보조_소나무림면적당_이동단속예산_log","보조_예찰예산비중","보조_이동단속예산비중","보조_반출금지구역_지정여부","보조_반출금지구역_면적비율","원자료_총대응예산_원","원자료_예찰예산_원","원자료_이동단속예산_원","원자료_포함대응예산_원","원자료_직접대응예산_원","원자료_광의대응예산_원","소나무림면적_ha","활동방제법인수","소나무림1만ha당_방제법인수","반출금지구역_면적_ha","예산관측여부","예산결측사유","소나무림면적_관측여부","소나무림면적_양수여부","예산기반지수_사용가능여부","확장지수_사용가능여부","분석단위_매칭여부","법인자료_관측여부","법인자료_연도완전여부","법인자료_최신성주의플래그","법인자료_기준일","법인자료_지역매칭여부","반출금지구역_이력완전여부","반출금지구역_날짜품질플래그","반출금지구역_지역매칭여부"
"2016","11110","서울특별시","종로구","서울특별시 종로구","-0.2113556534","0.2597225359","-0.4404890539","-0.1484579724","13.07112052147904","0.0","0.0","0.0","0.0","0.0","","","112266000.0","0.0","0.0","112266000.0","0.0","112266000.0","236.3380504095327","0.0","0.0","","1","observed","1","1","1","1","1","1","1","0","2022-05-12","1","0","unknown_pre2019","1"
"2016","11140","서울특별시","중구","서울특별시 중구","0.1770676472","0.63335812","-0.1824159768","0.100632417","15.907018831281558","0.0","0.0","0.0","0.0","0.0","","","45970000.0","0.0","0.0","45970000.0","0.0","45970000.0","5.677328911138141","0.0","0.0","","1","observed","1","1","1","1","1","1","1","0","2022-05-12","1","0","unknown_pre2019","1"
"2016","11170","서울특별시","용산구","서울특별시 용산구","-2.0016623643","-1.4624251639","-1.6299902017","-1.2965564389","0.0","0.0","0.0","0.0","","","","","0.0","0.0","0.0","0.0","0.0","0.0","97.12961906598258","0.0","0.0","","1","observed","1","1","1","1","1","1","1","0","2022-05-12","1","0","unknown_pre2019","1"
"2016","11200","서울특별시","성동구","서울특별시 성동구","0.2459342514","0.6996028942","-0.136660183","0.1447955999","16.409817417292107","0.0","0.0","0.0","0.0","0.0","","","40141000.0","0.0","0.0","40141000.0","0.0","40141000.0","2.9984379544998263","0.0","0.0","","1","observed","1","1","1","1","1","1","1","0","2022-05-12","1","0","unknown_pre2019","1"
"2016","11215","서울특별시","광진구","서울특별시 광진구","-2.0016623643","-1.4624251639","-1.6299902017","-1.2965564389","0.0","0.0","0.0","0.0","","","","","0.0","0.0","0.0","0.0","0.0","0.0","116.90856639083398","0.0","0.0","","1","observed","1","1","1","1","1","1","1","0","2022-05-12","1","0","unknown_pre2019","1"
"2016","11230","서울특별시","동대문구","서울특별시 동대문구","-2.0016623643","-1.4624251639","-1.6299902017","-1.2965564389","0.0","0.0","0.0","0.0","","","","","0.0","0.0","0.0","0.0","0.0","0.0","9.21884241031151","0.0","0.0","","1","observed","1","1","1","1","1","1","1","0","2022-05-12","1","0","unknown_pre2019","1"
"2016","11260","서울특별시","중랑구","서울특별시 중랑구","-2.0016623643","-1.4624251639","-0.3556338264","0.0229206943","0.0","0.0","4.848204860781462","0.0","","","","","0.0","0.0","0.0","0.0","0.0","0.0","79.04433266810034","1.0","126.51128376260765","","1","observed","1","1","1","1","1","1","1","0","2022-05-12","1","0","unknown_pre2019","1"
"2016","11290","서울특별시","성북구","서울특별시 성북구","-2.0016623643","-1.4624251639","-1.6299902017","-1.2965564389","0.0","0.0","0.0","0.0","","","","","0.0","0.0","0.0","0.0","0.0","0.0","145.07422297425637","0.0","0.0","","1","observed","1","1","1","1","1","1","1","0","2022-05-12","1","0","unknown_pre2019","1"
"2016","11305","서울특별시","강북구","서울특별시 강북구","-2.0016623643","-1.4624251639","-1.6299902017","-1.2965564389","0.0","0.0","0.0","0.0","","","","","0.0","0.0","0.0","0.0","0.0","0.0","115.00982494842624","0.0","0.0","","1","observed","1","1","1","1","1","1","1","0","2022-05-12","1","0","unknown_pre2019","1"
"2016","11320","서울특별시","도봉구","서울특별시 도봉구","-2.0016623643","-1.4624251639","-1.6299902017","-1.2965564389","0.0","0.0","0.0","0.0","","","","","0.0","0.0","0.0","0.0","0.0","0.0","73.28591370155792","0.0","0.0","","1","observed","1","1","1","1","1","1","1","0","2022-05-12","1","0","unknown_pre2019","1"
"2016","11350","서울특별시","노원구","서울특별시 노원구","-2.0016623643","-1.4624251639","-1.6299902017","-1.2965564389","0.0","0.0","0.0","0.0","","","","","0.0","0.0","0.0","0.0","0.0","0.0","342.629869805798","0.0","0.0","","1","observed","1","1","1","1","1","1","1","0","2022-05-12","1","0","unknown_pre2019","1"
"2016","11380","서울특별시","은평구","서울특별시 은평구","-0.3450070106","0.1311594377","0.4622286095","0.7924568719","12.09532515246275","0.0","3.7721619326673594","0.0","0.0","0.0","","","42151000.0","0.0","0.0","42151000.0","0.0","42151000.0","235.43842164253857","1.0","42.47395106641854","","1","observed","1","1","1","1","1","1","1","0","2022-05-12","1","0","unknown_pre2019","1"
"2016","11410","서울특별시","서대문구","서울특별시 서대문구","-0.2020093058","0.2687130574","-0.4342792291","-0.1424642914","13.13935868139598","0.0","0.0","0.0","0.0","0.0","","","49002000.0","0.0","0.0","49002000.0","0.0","49002000.0","96.35265559778222","0.0","0.0","","1","observed","1","1","1","1","1","1","1","0","2022-05-12","1","0","unknown_pre2019","1"
"2016","11440","서울특별시","마포구","서울특별시 마포구","0.2735209267","0.7261393135","-0.1183312667","0.1624865461","16.61122913959625","0.0","0.0","0.0","0.0","0.0","","","131276000.0","0.0","0.0","131276000.0","0.0","131276000.0","8.01715368311193","0.0","0.0","","1","observed","1","1","1","1","1","1","1","0","2022-05-12","1","0","unknown_pre2019","1"
"2016","11470","서울특별시","양천구","서울특별시 양천구","-2.0016623643","-1.4624251639","-1.6299902017","-1.2965564389","0.0","0.0","0.0","0.0","","","","","0.0","0.0","0.0","0.0","0.0","0.0","10.490697981839414","0.0","0.0","","1","observed","1","1","1","1","1","1","1","0","2022-05-12","1","0","unknown_pre2019","1"
"2016","11500","서울특별시","강서구","서울특별시 강서구","-2.0016623643","-1.4624251639","-1.6299902017","-1.2965564389","0.0","0.0","0.0","0.0","","","","","0.0","0.0","0.0","0.0","0.0","0.0","26.64259896071815","0.0","0.0","","1","observed","1","1","1","1","1","1","1","0","2022-05-12","1","0","unknown_pre2019","1"
"2016","11530","서울특별시","구로구","서울특별시 구로구","0.1617114628","0.6185865629","-0.1926188091","0.0907847123","15.794902545993445","0.0","0.0","0.0","0.0","0.0","","","116386000.0","0.0","0.0","116386000.0","0.0","116386000.0","16.079101788615233","0.0","0.0","","1","observed","1","1","1","1","1","1","1","0","2022-05-12","1","0","unknown_pre2019","1"
"2016","11545","서울특별시","금천구","서울특별시 금천구","0.0077395335","0.47047652","1.2742484609","1.6167718089","14.670745644841997","0.0","5.969796480460376","0.0","0.0","0.0","","","60240000.0","0.0","0.0","60240000.0","0.0","60240000.0","25.61304832421682","1.0","390.4259998035893","","1","observed","1","1","1","1","1","1","1","0","2022-05-12","1","0","unknown_pre2019","1"
"2016","11560","서울특별시","영등포구","서울특별시 영등포구","","","","","","","","","","","","","0.0","0.0","0.0","0.0","0.0","0.0","0.0","0.0","","","1","observed","1","0","0","0","1","1","1","0","2022-05-12","1","0","unknown_pre2019","1"
"2016","11590","서울특별시","동작구","서울특별시 동작구","-2.0016623643","-1.4624251639","-1.6299902017","-1.2965564389","0.0","0.0","0.0","0.0","","","","","0.0","0.0","0.0","0.0","0.0","0.0","19.78023516826956","0.0","0.0","","1","observed","1","1","1","1","1","1","1","0","2022-05-12","1","0","unknown_pre2019","1"
"2016","11620","서울특별시","관악구","서울특별시 관악구","-2.0016623643","-1.4624251639","-0.7083967833","-0.342332436","0.0","0.0","3.50614143500919","0.0","","","","","0.0","0.0","0.0","0.0","0.0","0.0","309.4111662481816","1.0","32.31945414658664","","1","observed","1","1","1","1","1","1","1","0","2022-05-12","1","0","unknown_pre2019","1"
"2016","11650","서울특별시","서초구","서울특별시 서초구","0.0380985039","0.4996796899","-0.2747487344","0.0115134637","14.89239803492421","0.0","0.0","0.0","0.0","0.0","","","236908000.0","0.0","0.0","236908000.0","0.0","236908000.0","80.70372588686055","0.0","0.0","","1","observed","1","1","1","1","1","1","1","0","2022-05-12","1","0","unknown_pre2019","1"
"2016","11680","서울특별시","강남구","서울특별시 강남구","-2.0016623643","-1.4624251639","-1.6299902017","-1.2965564389","0.0","0.0","0.0","0.0","","","","","0.0","0.0","0.0","0.0","0.0","0.0","13.375270459764742","0.0","0.0","","1","observed","1","1","1","1","1","1","1","0","2022-05-12","1","0","unknown_pre2019","1"
"2016","11710","서울특별시","송파구","서울특별시 송파구","-2.0016623643","-1.4624251639","-1.6299902017","-1.2965564389","0.0","0.0","0.0","0.0","","","","","0.0","0.0","0.0","0.0","0.0","0.0","28.51808124942784","0.0","0.0","","1","observed","1","1","1","1","1","1","1","0","2022-05-12","1","0","unknown_pre2019","1"
"2016","11740","서울특별시","강동구","서울특별시 강동구","0.1395922549","0.5973094585","-0.2073150748","0.076599976","15.63340908263499","0.0","0.0","0.0","0.0","0.0","","","111901000.0","0.0","0.0","111901000.0","0.0","111901000.0","18.168988088480827","0.0","0.0","","1","observed","1","1","1","1","1","1","1","0","2022-05-12","1","0","unknown_pre2019","1"
"2016","26110","부산광역시","중구","부산광역시 중구","-2.0016623643","-1.4624251639","-1.6299902017","-1.2965564389","0.0","0.0","0.0","0.0","","","","","0.0","0.0","0.0","0.0","0.0","0.0","1.9206728470322727","0.0","0.0","","1","observed","1","1","1","1","1","1","1","0","2022-05-12","1","0","unknown_pre2019","1"
"2016","26140","부산광역시","서구","부산광역시 서구","-0.2800300341","0.1936626669","-0.4861171322","-0.192497885","12.569725368834265","0.0","0.0","0.0","0.0","0.0","","","50112000.0","0.0","0.0","50112000.0","0.0","50112000.0","174.17301864018526","0.0","0.0","","1","observed","1","1","1","1","1","1","1","0","2022-05-12","1","0","unknown_pre2019","1"
"2016","26170","부산광역시","동구","부산광역시 동구","-0.2014638514","0.2692377457","-0.4339168227","-0.1421144992","13.143341071581599","0.0","0.0","0.0","0.0","0.0","","","62326000.0","0.0","0.0","62326000.0","0.0","62326000.0","122.06456414754766","0.0","0.0","","1","observed","1","1","1","1","1","1","1","0","2022-05-12","1","0","unknown_pre2019","1"
"2016","26200","부산광역시","영도구","부산광역시 영도구","-0.1647589627","0.3045452376","-0.4095296565","-0.1185761712","13.411325334489518","0.0","0.0","0.0","0.0","0.0","","","193850000.0","0.0","0.0","193850000.0","0.0","193850000.0","290.4035146521948","0.0","0.0","","1","observed","1","1","1","1","1","1","1","0","2022-05-12","1","0","unknown_pre2019","1"
"2016","26230","부산광역시","부산진구","부산광역시 부산진구","-0.4028468387","0.0755216376","-0.5677180831","-0.2712585712","11.673033620168843","0.0","0.0","0.0","0.0","0.0","1.0","2.7782241123074805","46088000.0","0.0","0.0","46088000.0","46088000.0","46088000.0","392.6969012927685","0.0","0.0","1091.0","1","observed","1","1","1","1","1","1","1","0","2022-05-12","1","0","full_date","1"
"2016","26260","부산광역시","동래구","부산광역시 동래구","-0.3374041549","0.1384728441","0.4324570539","0.7612765253","12.150833989349259","0.0","3.639680185615748","0.0","0.0","0.0","","","51039000.0","0.0","0.0","51039000.0","0.0","51039000.0","269.6896622776364","1.0","37.07965635592416","","1","observed","1","1","1","1","1","1","1","0","2022-05-12","1","0","unknown_pre2019","1"
"2016","26290","부산광역시","남구","부산광역시 남구","-0.20724904","0.2636728058","-0.437760571","-0.1458244591","13.101103115200354","0.0","0.0","0.0","0.0","0.0","","","205664000.0","0.0","0.0","205664000.0","0.0","205664000.0","420.1674216945598","0.0","0.0","","1","observed","1","1","1","1","1","1","1","0","2022-05-12","1","0","unknown_pre2019","1"
"2016","26320","부산광역시","북구","부산광역시 북구","-0.4004917656","0.0777870503","-0.5661533444","-0.269748296","11.690228128505947","0.0","0.0","0.0","0.0","0.0","","","102053000.0","0.0","0.0","102053000.0","0.0","102053000.0","854.7278301363647","0.0","0.0","","1","observed","1","1","1","1","1","1","1","0","2022-05-12","1","0","unknown_pre2019","1"
"2016","26350","부산광역시","해운대구","부산광역시 해운대구","-0.4671625686","0.0136544806","-0.6104502217","-0.3125033426","11.203461198463696","0.0","0.0","0.0","0.0","0.0","","","136054000.0","0.0","0.0","136054000.0","0.0","136054000.0","1854.0261530217567","0.0","0.0","","1","observed","1","1","1","1","1","1","1","0","2022-05-12","1","0","unknown_pre2019","1"
"2016","26380","부산광역시","사하구","부산광역시 사하구","-0.3231225336","0.1522107478","-0.5147483032","-0.2201324978","12.255104833724031","0.0","0.0","0.0","0.0","0.0","","","106177000.0","0.0","0.0","106177000.0","0.0","106177000.0","505.4848147004281","0.0","0.0","","1","observed","1","1","1","1","1","1","1","0","2022-05-12","1","0","unknown_pre2019","1"
"2016","26410","부산광역시","금정구","부산광역시 금정구","-0.443413577","0.0364993211","-0.1060149727","0.2086843894","11.376853796666856","0.0","1.8590600692567483","0.0","0.0","0.0","1.0","3.045290148307508","161096000.0","0.0","0.0","161096000.0","0.0","161096000.0","1845.8011310101283","1.0","5.417701740451002","5621.0","1","observed","1","1","1","1","1","1","1","0","2022-05-12","1","0","full_date","1"
"2016","26440","부산광역시","강서구","부산광역시 강서구","-0.415366388","0.0634787217","-0.5760362211","-0.2792871818","11.581627752318523","0.0","0.0","0.0","0.0","0.0","","","192736000.0","0.0","0.0","192736000.0","0.0","192736000.0","1799.408931548245","0.0","0.0","","1","observed","1","1","1","1","1","1","1","0","2022-05-12","1","0","unknown_pre2019","1"
"2016","26470","부산광역시","연제구","부산광역시 연제구","-0.202086174","0.2686391156","-0.4343303012","-0.1425135859","13.13879746275548","0.0","0.0","0.0","0.0","0.0","","","46266000.0","0.0","0.0","46266000.0","0.0","46266000.0","91.02392760698054","0.0","0.0","","1","observed","1","1","1","1","1","1","1","0","2022-05-12","1","0","unknown_pre2019","1"
"2016","26500","부산광역시","수영구","부산광역시 수영구","-0.1878820777","0.2823024458","-0.4248929301","-0.1334046991","13.24250229329797","0.0","0.0","0.0","0.0","0.0","","","50994000.0","0.0","0.0","50994000.0","0.0","50994000.0","90.4428371108635","0.0","0.0","","1","observed","1","1","1","1","1","1","1","0","2022-05-12","1","0","unknown_pre2019","1"
"2016","26530","부산광역시","사상구","부산광역시 사상구","-0.4309537197","0.0484848174","-0.5863926303","-0.289283118","11.467823849343837","0.0","0.0","0.0","0.0","0.0","","","51068000.0","0.0","0.0","51068000.0","700000.0","51068000.0","534.2453807745762","0.0","0.0","","1","observed","1","1","1","1","1","1","1","0","2022-05-12","1","0","unknown_pre2019","1"
"2016","26710","부산광역시","기장군","부산광역시 기장군","-0.3752651339","0.1020532755","0.1167609146","0.4361688663","11.87440905186701","0.0","2.534336654957796","0.0","0.0","0.0","","","741957000.0","0.0","0.0","741957000.0","0.0","741957000.0","5168.820314992766","6.0","11.608064576352753","","1","observed","1","1","1","1","1","1","1","0","2022-05-12","1","0","unknown_pre2019","1"
"2016","27110","대구광역시","중구","대구광역시 중구","","","","","","","","","","","","","0.0","0.0","0.0","0.0","0.0","0.0","0.0","0.0","","","1","observed","1","0","0","0","1","1","1","0","2022-05-12","1","0","unknown_pre2019","1"
"2016","27140","대구광역시","동구","대구광역시 동구","-2.0016623643","-1.4624251639","-1.6299902017","-1.2965564389","0.0","0.0","0.0","0.0","","","","","0.0","0.0","0.0","0.0","0.0","0.0","5054.679670192707","0.0","0.0","","1","observed","1","1","1","1","1","1","1","0","2022-05-12","1","0","unknown_pre2019","1"
"2016","27170","대구광역시","서구","대구광역시 서구","-2.0016623643","-1.4624251639","-1.6299902017","-1.2965564389","0.0","0.0","0.0","0.0","","","","","0.0","0.0","0.0","0.0","0.0","0.0","29.4744631745872","0.0","0.0","","1","observed","1","1","1","1","1","1","1","0","2022-05-12","1","0","unknown_pre2019","1"
"2016","27200","대구광역시","남구","대구광역시 남구","-0.5423706332","-0.0586903275","-0.6604193575","-0.3607332146","10.654363286915208","0.0","0.0","0.0","0.0","0.0","","","12405000.0","0.0","0.0","12405000.0","0.0","12405000.0","292.73579718212096","0.0","0.0","","1","observed","1","1","1","1","1","1","1","0","2022-05-12","1","0","unknown_pre2019","1"
"2016","27230","대구광역시","북구","대구광역시 북구","-0.4674899014","0.0133396097","-0.6106677055","-0.3127132564","11.20107132536607","0.0","0.0","0.0","0.0","0.0","","","170300000.0","0.0","0.0","170300000.0","170300000.0","170300000.0","2326.253889395725","0.0","0.0","","1","observed","1","1","1","1","1","1","1","0","2022-05-12","1","0","unknown_pre2019","1"
"2016","27260","대구광역시","수성구","대구광역시 수성구","-0.6569997938","-0.1689554257","-0.73658034","-0.4342432801","9.817449944433896","0.0","0.0","0.0","0.0","0.0","","","19962000.0","0.0","0.0","19962000.0","0.0","19962000.0","1087.835883476674","0.0","0.0","","1","observed","1","1","1","1","1","1","1","0","2022-05-12","1","0","unknown_pre2019","1"
"2016","27290","대구광역시","달서구","대구광역시 달서구","-0.5049061554","-0.022652165","-0.6355275113","-0.3367077729","10.927893348117179","0.0","0.0","0.0","0.0","0.0","","","45937000.0","0.0","0.0","45937000.0","0.0","45937000.0","824.6062940159311","0.0","0.0","","1","observed","1","1","1","1","1","1","1","0","2022-05-12","1","0","unknown_pre2019","1"
"2016","27710","대구광역시","달성군","대구광역시 달성군","-0.654463611","-0.1665157982","-0.5474508464","-0.2385356492","9.835966744297137","0.0","0.7131199582639293","0.0","0.0","0.0","","","179682000.0","0.0","0.0","179682000.0","0.0","179682000.0","9612.176215481291","1.0","1.0403471363637802","","1","observed","1","1","1","1","1","1","1","0","2022-05-12","1","0","unknown_pre2019","1"
"2016","27720","대구광역시","군위군","대구광역시 군위군","","","","","","","0.7344012765873833","","","","1.0","0.8953602219354226","","","","","","","18446.207007386136","2.0","1.0842337393260144","16516.0","0","administrative_history","1","1","0","0","0","1","1","0","2022-05-12","1","0","full_date","1"
"2016","28110","인천광역시","중구","인천광역시 중구","-0.5204602578","-0.037614105","-0.6458618426","-0.3466823996","10.814332053833517","0.0","0.0","0.0","0.0","0.0","","","49100000.0","0.0","0.0","49100000.0","0.0","49100000.0","987.3826441590792","0.0","0.0","","1","observed","1","1","1","1","1","1","1","0","2022-05-12","1","0","unknown_pre2019","1"
"2016","28140","인천광역시","동구","인천광역시 동구","-2.0016623643","-1.4624251639","-1.6299902017","-1.2965564389","0.0","0.0","0.0","0.0","","","","","0.0","0.0","0.0","0.0","0.0","0.0","3.958094174333669","0.0","0.0","","1","observed","1","1","1","1","1","1","1","0","2022-05-12","1","0","unknown_pre2019","1"
"2016","28177","인천광역시","미추홀구","인천광역시 미추홀구","","","","","","","0.0","","","","","","","","","","","","18.833217834767712","0.0","0.0","","0","administrative_history","1","1","0","0","0","1","1","0","2022-05-12","1","0","unknown_pre2019","1"
"2016","28185","인천광역시","연수구","인천광역시 연수구","-0.1181193149","0.349409261","-0.3785417178","-0.0886668223","13.751843779822229","0.0","0.0","0.0","0.0","0.0","","","44213000.0","0.0","0.0","44213000.0","0.0","44213000.0","47.1194896000123","0.0","0.0","","1","observed","1","1","1","1","1","1","1","0","2022-05-12","1","0","unknown_pre2019","1"
"2016","28200","인천광역시","남동구","인천광역시 남동구","-0.1189056061","0.3486529048","-0.379064139","-0.0891710597","13.746103027749328","0.0","0.0","0.0","0.0","0.0","","","53873000.0","0.0","0.0","53873000.0","0.0","53873000.0","57.74507283302972","0.0","0.0","","1","observed","1","1","1","1","1","1","1","0","2022-05-12","1","0","unknown_pre2019","1"
"2016","28237","인천광역시","부평구","인천광역시 부평구","-0.2432433246","0.2290488645","-0.4616756033","-0.1689070866","12.838307008759289","0.0","0.0","0.0","0.0","0.0","","","12897000.0","0.0","0.0","12897000.0","0.0","12897000.0","34.26762162527105","0.0","0.0","","1","observed","1","1","1","1","1","1","1","0","2022-05-12","1","0","unknown_pre2019","1"
"2016","28245","인천광역시","계양구","인천광역시 계양구","-0.1058986638","0.361164658","-0.3704221713","-0.0808298909","13.841067376052298","0.0","0.0","0.0","0.0","0.0","","","42152000.0","0.0","0.0","42152000.0","0.0","42152000.0","41.088418340379626","0.0","0.0","","1","observed","1","1","1","1","1","1","1","0","2022-05-12","1","0","unknown_pre2019","1"
"2016","28260","인천광역시","서구","인천광역시 서구","-0.171053411","0.2984904261","0.801689551","1.1358219553","13.365369246768221","0.0","4.6239142146816326","0.0","0.0","0.0","","","63190000.0","0.0","0.0","63190000.0","0.0","63190000.0","99.1158076294085","1.0","100.89208007455025","","1","observed","1","1","1","1","1","1","1","0","2022-05-12","1","0","unknown_pre2019","1"
"2016","28710","인천광역시","강화군","인천광역시 강화군","","","","","","","","","0.0","0.0","","","87871000.0","0.0","0.0","87871000.0","0.0","87871000.0","0.0","0.0","","","1","observed","1","0","0","0","1","1","1","0","2022-05-12","1","0","unknown_pre2019","1"
"2016","28720","인천광역시","옹진군","인천광역시 옹진군","-0.378052441","0.0993720844","-0.5512443893","-0.2553582733","11.85405878132491","0.0","0.0","0.0","0.0","0.0","","","162241000.0","0.0","0.0","162241000.0","0.0","162241000.0","1153.4834967443164","0.0","0.0","","1","observed","1","1","1","1","1","1","1","0","2022-05-12","1","0","unknown_pre2019","1"
"2016","29110","광주광역시","동구","광주광역시 동구","-0.8594898694","-0.363736474","-0.8711171632","-0.5640973122","8.339059584769812","0.0","0.0","0.0","0.0","0.0","","","3277000.0","0.0","0.0","3277000.0","0.0","3277000.0","783.380373911657","0.0","0.0","","1","observed","1","1","1","1","1","1","1","0","2022-05-12","1","0","unknown_pre2019","1"
"2016","29140","광주광역시","서구","광주광역시 서구","-0.2229993595","0.2485221188","0.893018065","1.2328074239","12.986109229692937","0.0","5.102671896535852","0.0","0.0","0.0","1.0","25.13208921570337","53384000.0","0.0","0.0","53384000.0","0.0","53384000.0","122.35353669199284","2.0","163.46074286636338","3075.0","1","observed","1","1","1","1","1","1","1","0","2022-05-12","1","0","full_date","1"
"2016","29155","광주광역시","남구","광주광역시 남구","-0.7368310639","-0.2457474286","-0.7896211887","-0.4854379486","9.234597773935093","0.0","0.0","0.0","0.0","0.0","1.0","9.918609398165675","4369000.0","0.0","0.0","4369000.0","0.0","4369000.0","426.4710737356274","0.0","0.0","4230.0","1","observed","1","1","1","1","1","1","1","0","2022-05-12","1","0","full_date","1"
"2016","29170","광주광역시","북구","광주광역시 북구","-0.7290696144","-0.2382814663","-0.2127804812","0.1114647098","9.291264512263284","0.0","2.174933758285938","0.0","0.0","0.0","","","13897000.0","0.0","0.0","13897000.0","0.0","13897000.0","1281.7880110647875","1.0","7.801602069669034","","1","observed","1","1","1","1","1","1","1","0","2022-05-12","1","0","unknown_pre2019","1"
"2016","29200","광주광역시","광산구","광주광역시 광산구","-0.5553008877","-0.0711283125","-0.6690103729","-0.3690252046","10.559958840068703","0.0","0.0","0.0","0.0","0.0","1.0","3.61885518504658","94477000.0","0.0","0.0","94477000.0","0.0","94477000.0","2450.222389842844","0.0","0.0","8867.0","1","observed","1","1","1","1","1","1","1","0","2022-05-12","1","0","full_date","1"
"2016","30110","대전광역시","동구","대전광역시 동구","-0.5282717501","-0.0451282049","-0.6510518913","-0.3516917995","10.75729995082818","0.0","0.0","0.0","0.0","0.0","","","31548000.0","0.0","0.0","31548000.0","0.0","31548000.0","671.6531707444556","0.0","0.0","","1","observed","1","1","1","1","1","1","1","0","2022-05-12","1","0","unknown_pre2019","1"
"2016","30140","대전광역시","중구","대전광역시 중구","-0.446299011","0.0337237388","-0.596588225","-0.299123837","11.355787095723562","0.0","0.0","0.0","0.0","0.0","","","31607000.0","0.0","0.0","31607000.0","0.0","31607000.0","369.8560141423794","0.0","0.0","","1","observed","1","1","1","1","1","1","1","0","2022-05-12","1","0","unknown_pre2019","1"
"2016","30170","대전광역시","서구","대전광역시 서구","-0.4591535421","0.0213585944","-0.6051289289","-0.3073672667","11.261935509232869","0.0","0.0","0.0","0.0","0.0","","","39404000.0","0.0","0.0","39404000.0","0.0","39404000.0","506.46500818257937","0.0","0.0","","1","observed","1","1","1","1","1","1","1","0","2022-05-12","1","0","unknown_pre2019","1"
"2016","30200","대전광역시","유성구","대전광역시 유성구","-0.6349467351","-0.147741952","-0.7219280246","-0.4201009643","9.978460449524402","0.0","0.0","0.0","0.0","0.0","","","33999000.0","0.0","0.0","33999000.0","0.0","33999000.0","1577.23345018462","0.0","0.0","","1","observed","1","1","1","1","1","1","1","0","2022-05-12","1","0","unknown_pre2019","1"
"2016","30230","대전광역시","대덕구","대전광역시 대덕구","-0.2762701976","0.1972793621","-0.483619052","-0.1900867549","12.59717612627501","0.0","0.0","0.0","0.0","0.0","","","37822000.0","0.0","0.0","37822000.0","0.0","37822000.0","127.89744823706026","0.0","0.0","","1","observed","1","1","1","1","1","1","1","0","2022-05-12","1","0","unknown_pre2019","1"
"2016","31110","울산광역시","중구","울산광역시 중구","-0.0316984222","0.4325400121","-0.3211226452","-0.0332463216","14.382807120638784","0.0","0.0","0.0","0.0","0.0","1.0","4.654959422906975","1402471470.0","0.0","0.0","1402471470.0","390000000.0","1402471470.0","795.2808314037114","0.0","0.0","3702.0","1","observed","1","1","1","1","1","1","1","0","2022-05-12","1","0","full_date","1"
"2016","31140","울산광역시","남구","울산광역시 남구","-0.1181475979","0.3493820547","-0.3785605094","-0.0886849598","13.751637283622694","0.0","0.0","0.0","0.0","0.0","1.0","16.502544563478338","415098000.0","0.0","0.0","415098000.0","0.0","415098000.0","442.477217492871","0.0","0.0","7302.0","1","observed","1","1","1","1","1","1","1","0","2022-05-12","1","0","full_date","1"
"2016","31170","울산광역시","동구","울산광역시 동구","-0.0889943167","0.3774254373","-0.3591907214","-0.0699893714","13.96448687517757","0.0","0.0","0.0","0.0","0.0","1.0","3.878562776286484","1016838000.0","0.0","0.0","1016838000.0","157000000.0","1016838000.0","876.0977186640777","0.0","0.0","3398.0","1","observed","1","1","1","1","1","1","1","0","2022-05-12","1","0","full_date","1"
"2016","31200","울산광역시","북구","울산광역시 북구","-0.1493224191","0.3193940944","-0.030151463","0.2735144283","13.524028326181972","0.0","1.4043002114220589","0.0","0.0","0.0","1.0","3.14519087914535","2431608000.0","0.0","0.0","2431608000.0","0.0","2431608000.0","3254.4924595423768","1.0","3.0726757318731437","10236.0","1","observed","1","1","1","1","1","1","1","0","2022-05-12","1","0","full_date","1"
"2016","31710","울산광역시","울주군","울산광역시 울주군","-0.1538810104","0.3150090538","0.181352944","0.4927201704","13.490745818189568","0.0","2.2204775951579006","0.0","0.0","0.0","1.0","4.601726761372096","11441016000.0","0.0","0.0","11441016000.0","3000000000.0","11441016000.0","15831.01382974732","13.0","8.211729292771071","72850.0","1","observed","1","1","1","1","1","1","1","0","2022-05-12","1","0","full_date","1"
"2016","36110","세종특별자치시","세종시","세종특별자치시","","","","","","","0.0","","","","1.0","7.1781623953973215","","","","","","","1266.0621896527832","0.0","0.0","9088.0","0","metropolitan_headquarters","1","1","0","0","1","1","1","0","2022-05-12","1","0","full_date","1"
"2016","41111","경기도","수원시 장안구","경기도 수원시 장안구","","","","","","","0.0","","","","","","","","","","","","115.40834556044857","0.0","0.0","","0","city_district_granularity","1","1","0","0","0","1","1","0","2022-05-12","1","0","unknown_pre2019","1"
"2016","41113","경기도","수원시 권선구","경기도 수원시 권선구","","","","","","","0.0","","","","","","","","","","","","253.7072431722083","0.0","0.0","","0","city_district_granularity","1","1","0","0","0","1","1","0","2022-05-12","1","0","unknown_pre2019","1"
"2016","41115","경기도","수원시 팔달구","경기도 수원시 팔달구","","","","","","","0.0","","","","","","","","","","","","26.09973735007635","0.0","0.0","","0","city_district_granularity","1","1","0","0","0","1","1","0","2022-05-12","1","0","unknown_pre2019","1"
"2016","41117","경기도","수원시 영통구","경기도 수원시 영통구","","","","","","","0.0","","","","","","","","","","","","26.157524481531816","0.0","0.0","","0","city_district_granularity","1","1","0","0","0","1","1","0","2022-05-12","1","0","unknown_pre2019","1"
"2016","41131","경기도","성남시 수정구","경기도 성남시 수정구","","","","","","","0.0","","","","1.0","125.29615269840905","","","","","","","71.5983676018642","0.0","0.0","8971.0","0","city_district_granularity","1","1","0","0","0","1","1","0","2022-05-12","1","0","full_date","1"
"2016","41133","경기도","성남시 중원구","경기도 성남시 중원구","","","","","","","5.668833403165514","","","","","","","","","","","","34.63846709358737","1.0","288.696378306282","","0","city_district_granularity","1","1","0","0","0","1","1","0","2022-05-12","1","0","unknown_pre2019","1"
"2016","41135","경기도","성남시 분당구","경기도 성남시 분당구","","","","","","","0.0","","","","","","","","","","","","97.95033572861928","0.0","0.0","","0","city_district_granularity","1","1","0","0","0","1","1","0","2022-05-12","1","0","unknown_pre2019","1"
"2016","41150","경기도","의정부시","경기도 의정부시","-0.1795948877","0.2902741331","-0.4193868221","-0.1280902409","13.30300748999024","0.0","0.0","0.0","0.0","0.0","","","171404000.0","0.0","0.0","171404000.0","0.0","171404000.0","286.15341427612697","0.0","0.0","","1","observed","1","1","1","1","1","1","1","0","2022-05-12","1","0","unknown_pre2019","1"
"2016","41171","경기도","안양시 만안구","경기도 안양시 만안구","","","","","","","0.0","","","","","","","","","","","","265.8049176907011","0.0","0.0","","0","city_district_granularity","1","1","0","0","0","1","1","0","2022-05-12","1","0","unknown_pre2019","1"
"2016","41173","경기도","안양시 동안구","경기도 안양시 동안구","","","","","","","0.0","","","","","","","","","","","","127.51675699944526","0.0","0.0","","0","city_district_granularity","1","1","0","0","0","1","1","0","2022-05-12","1","0","unknown_pre2019","1"
"2016","41190","경기도","부천시","경기도 부천시","-2.0016623643","-1.4624251639","-1.6299902017","-1.2965564389","0.0","0.0","0.0","0.0","","","","","0.0","0.0","0.0","0.0","0.0","0.0","35.10405032799517","0.0","0.0","","1","observed","1","1","1","1","1","1","1","0","2022-05-12","1","0","unknown_pre2019","1"
"2016","41210","경기도","광명시","경기도 광명시","-2.0016623643","-1.4624251639","-1.6299902017","-1.2965564389","0.0","0.0","0.0","0.0","","","","","0.0","0.0","0.0","0.0","0.0","0.0","42.54530963524327","0.0","0.0","","1","observed","1","1","1","1","1","1","1","0","2022-05-12","1","0","unknown_pre2019","1"
"2016","41220","경기도","평택시","경기도 평택시","-0.3092460686","0.16555892","-0.5055286142","-0.2112337163","12.356417612156674","0.0","0.0","0.0","0.0","0.0","1.0","8.893387359269948","158024000.0","0.0","0.0","158024000.0","0.0","158024000.0","679.8309525670219","0.0","0.0","6046.0","1","observed","1","1","1","1","1","1","1","0","2022-05-12","1","0","full_date","1"
"2016","41250","경기도","동두천시","경기도 동두천시","-0.1113553115","0.355915751","-0.3740476332","-0.0843291622","13.801228112855368","0.0","0.0","0.0","0.0","0.0","1.0","15.385087619048202","612953000.0","0.0","0.0","612953000.0","0.0","612953000.0","621.7709145937123","0.0","0.0","9566.0","1","observed","1","1","1","1","1","1","1","0","2022-05-12","1","0","full_date","1"
"2016","41271","경기도","안산시 상록구","경기도 안산시 상록구","","","","","","","5.005618997732435","","","","","","","","","","","","67.45388059852978","1.0","148.24943963591562","","0","city_district_granularity","1","1","0","0","0","1","1","0","2022-05-12","1","0","unknown_pre2019","1"
"2016","41273","경기도","안산시 단원구","경기도 안산시 단원구","","","","","","","3.574586113436977","","","","","","","","","","","","865.0556360091556","3.0","34.67985034858785","","0","city_district_granularity","1","1","0","0","0","1","1","0","2022-05-12","1","0","unknown_pre2019","1"
"2016","41281","경기도","고양시 덕양구","경기도 고양시 덕양구","","","","","","","0.0","","","","","","","","","","","","355.8002227264187","0.0","0.0","","0","city_district_granularity","1","1","0","0","0","1","1","0","2022-05-12","1","0","unknown_pre2019","1"
"2016","41285","경기도","고양시 일산동구","경기도 고양시 일산동구","","","","","","","0.0","","","","","","","","","","","","37.31277505696144","0.0","0.0","","0","city_district_granularity","1","1","0","0","0","1","1","0","2022-05-12","1","0","unknown_pre2019","1"
"2016","41287","경기도","고양시 일산서구","경기도 고양시 일산서구","","","","","","","0.0","","","","","","","","","","","","3.388930813065514","0.0","0.0","","0","city_district_granularity","1","1","0","0","0","1","1","0","2022-05-12","1","0","unknown_pre2019","1"
"2016","41290","경기도","과천시","경기도 과천시","-0.1519243564","0.3168912158","0.604066486","0.930309326","13.505031449162722","0.0","3.8237175555317333","0.0","0.0","0.0","1.0","2.256612624942787","163732000.0","0.0","0.0","163732000.0","0.0","163732000.0","223.34360555692547","1.0","44.774060018706095","504.0","1","observed","1","1","1","1","1","1","1","0","2022-05-12","1","0","full_date","1"
"2016","41310","경기도","구리시","경기도 구리시","-0.2337573504","0.2381736969","-0.4553730088","-0.162823865","12.907564590254138","0.0","0.0","0.0","0.0","0.0","","","64998000.0","0.0","0.0","64998000.0","0.0","64998000.0","161.14505903434895","0.0","0.0","","1","observed","1","1","1","1","1","1","1","0","2022-05-12","1","0","unknown_pre2019","1"
"2016","41360","경기도","남양주시","경기도 남양주시","-0.264784232","0.2083280439","0.0287823144","0.3399212266","12.68103574639855","0.0","1.920364028873773","0.0","0.0","0.0","1.0","9.533556811633055","1104467000.0","0.0","0.0","1104467000.0","511680000.0","1104467000.0","3434.395016144184","2.0","5.823441947121773","32742.0","1","observed","1","1","1","1","1","1","1","0","2022-05-12","1","0","full_date","1"
"2016","41370","경기도","오산시","경기도 오산시","-0.2366033902","0.235436009","-0.4572639517","-0.1646489903","12.886785508085724","0.0","0.0","0.0","0.0","0.0","","","73619000.0","0.0","0.0","73619000.0","0.0","73619000.0","186.35076400480355","0.0","0.0","","1","observed","1","1","1","1","1","1","1","0","2022-05-12","1","0","unknown_pre2019","1"
"2016","41390","경기도","시흥시","경기도 시흥시","-0.040801692","0.4237833141","-0.3271709663","-0.0390841202","14.31634368395799","0.0","0.0","0.0","0.0","0.0","","","233215000.0","0.0","0.0","233215000.0","0.0","233215000.0","141.33433515643677","0.0","0.0","","1","observed","1","1","1","1","1","1","1","0","2022-05-12","1","0","unknown_pre2019","1"
"2016","41410","경기도","군포시","경기도 군포시","-0.0162745989","0.4473766329","-0.3108748729","-0.023355241","14.495417240402322","0.0","0.0","0.0","0.0","0.0","","","105643000.0","0.0","0.0","105643000.0","0.0","105643000.0","53.525560683214096","0.0","0.0","","1","observed","1","1","1","1","1","1","1","0","2022-05-12","1","0","unknown_pre2019","1"
"2016","41430","경기도","의왕시","경기도 의왕시","-0.0874384212","0.3789220982","-0.3581569658","-0.0689915975","13.975846548088606","0.0","0.0","0.0","0.0","0.0","1.0","15.65362748477599","164376000.0","0.0","0.0","164376000.0","0.0","164376000.0","140.02505183745703","0.0","0.0","2191.9","1","observed","1","1","1","1","1","1","1","0","2022-05-12","1","0","full_date","1"
"2016","41450","경기도","하남시","경기도 하남시","-0.0575686225","0.4076547197","-0.338311115","-0.0498365165","14.193927470144553","0.0","0.0","0.0","0.0","0.0","1.0","41.256301398500156","251572000.0","0.0","0.0","251572000.0","0.0","251572000.0","172.3130711920396","0.0","0.0","7109.0","1","observed","1","1","1","1","1","1","1","0","2022-05-12","1","0","full_date","1"
"2016","41461","경기도","용인시 처인구","경기도 용인시 처인구","","","","","","","3.0090012309611636","","","","1.0","5.4039532269501285","","","","","","","2076.0727432002136","4.0","19.26714761369152","11219.0","0","city_district_granularity","1","1","0","0","0","1","1","0","2022-05-12","1","0","full_date","1"
"2016","41463","경기도","용인시 기흥구","경기도 용인시 기흥구","","","","","","","3.442809018477251","","","","","","","","","","","","330.3089577168603","1.0","30.274686067012347","","0","city_district_granularity","1","1","0","0","0","1","1","0","2022-05-12","1","0","unknown_pre2019","1"
"2016","41465","경기도","용인시 수지구","경기도 용인시 수지구","","","","","","","0.0","","","","","","","","","","","","79.2663751414894","0.0","0.0","","0","city_district_granularity","1","1","0","0","0","1","1","0","2022-05-12","1","0","unknown_pre2019","1"
"2016","41480","경기도","파주시","경기도 파주시","-0.2395897463","0.232563347","-0.4592481223","-0.1665640983","12.864981970538249","0.0","0.0","0.0","0.0","0.0","1.0","5.975364805733172","148136000.0","0.0","0.0","148136000.0","0.0","148136000.0","383.2401994607623","0.0","0.0","2290.0","1","observed","1","1","1","1","1","1","1","0","2022-05-12","1","0","full_date","1"
"2016","41500","경기도","이천시","경기도 이천시","-0.2684450728","0.2048065756","0.5312186385","0.8603179452","12.654307761589658","0.0","3.84110346687409","0.0","0.0","0.0","1.0","12.901193615531799","206097000.0","0.0","0.0","206097000.0","13807000.0","206097000.0","658.2290176450433","3.0","45.57684209567589","8491.94","1","observed","1","1","1","1","1","1","1","0","2022-05-12","1","0","full_date","1"
"2016","41550","경기도","안성시","경기도 안성시","-0.4040239398","0.0743893501","0.0274686901","0.3450567159","11.664439545175949","0.0","2.2673242325901652","0.0","0.0","0.0","1.0","6.619920126663517","268927000.0","0.0","0.0","268927000.0","0.0","268927000.0","2311.1940487582983","2.0","8.65353560889667","15299.92","1","observed","1","1","1","1","1","1","1","0","2022-05-12","1","0","full_date","1"
"2016","41570","경기도","김포시","경기도 김포시","-0.0122080154","0.451288397","-0.3081729862","-0.0207473983","14.525107574184782","0.0","0.0","0.0","0.0","0.0","","","144018000.0","0.0","0.0","144018000.0","0.0","144018000.0","70.8341881331828","0.0","0.0","","1","observed","1","1","1","1","1","1","1","0","2022-05-12","1","0","unknown_pre2019","1"
"2016","41590","경기도","화성시","경기도 화성시","-0.5794725514","-0.0943797335","0.0267675638","0.3525155591","10.383480291772631","0.0","2.7081403049890724","0.0","0.0","0.0","","","69251000.0","0.0","0.0","69251000.0","0.0","69251000.0","2142.6502823392866","3.0","14.001351619195095","","1","observed","1","1","1","1","1","1","1","0","2022-05-12","1","0","unknown_pre2019","1"
"2016","41610","경기도","광주시","경기도 광주시","-0.1717820341","0.2977895424","0.3261791141","0.6435092523","13.360049531975331","0.0","2.8167078386844038","0.0","0.0","0.0","1.0","22.433831185799672","1210087000.0","0.0","0.0","1210087000.0","0.0","1210087000.0","1908.1894503644528","3.0","15.721709390160488","42808.0","1","observed","1","1","1","1","1","1","1","0","2022-05-12","1","0","full_date","1"
"2016","41630","경기도","양주시","경기도 양주시","-0.3893823079","0.0884735584","-0.5587720881","-0.2626239573","11.771338845487161","0.0","0.0","0.0","0.0","0.0","1.0","2.839359732614477","297065000.0","0.0","0.0","297065000.0","0.0","297065000.0","2294.179185953983","0.0","0.0","6514.0","1","observed","1","1","1","1","1","1","1","0","2022-05-12","1","0","full_date","1"
"2016","41650","경기도","포천시","경기도 포천시","-0.4489832825","0.0311416606","-0.3875394596","-0.082548121","11.336189092828421","0.0","0.8020973174200708","0.0","0.0","0.0","1.0","7.034360749903426","681175000.0","0.0","0.0","681175000.0","62240000.0","681175000.0","8128.670398484328","1.0","1.2302134924629986","57180.0","1","observed","1","1","1","1","1","1","1","0","2022-05-12","1","0","full_date","1"
"2016","41670","경기도","여주시","경기도 여주시","-2.0016623643","-1.4624251639","-1.1677824042","-0.8179833871","0.0","0.0","1.758439110009327","0.0","","","1.0","3.898896967995928","0.0","0.0","0.0","0.0","0.0","0.0","2081.870864151668","1.0","4.803371896015681","8117.0","1","observed","1","1","1","1","1","1","1","0","2022-05-12","1","0","full_date","1"
"2016","41800","경기도","연천군","경기도 연천군","-0.1372105483","0.3310448525","-0.3912261611","-0.1009097612","13.612457711944083","0.0","0.0","0.0","0.0","0.0","1.0","24.23761396646297","308711000.0","0.0","0.0","308711000.0","0.0","308711000.0","378.21379665028775","0.0","0.0","9167.0","1","observed","1","1","1","1","1","1","1","0","2022-05-12","1","0","full_date","1"
"2016","41820","경기도","가평군","경기도 가평군","-0.639354017","-0.1519814436","-0.4296396065","-0.1172579742","9.946282660054166","0.0","1.1231323643669833","0.0","0.0","0.0","1.0","2.761531025552801","301862435.0","0.0","0.0","301862435.0","0.0","301862435.0","14461.528634104574","3.0","2.074469494825817","39935.96","1","observed","1","1","1","1","1","1","1","0","2022-05-12","1","0","full_date","1"
"2016","41830","경기도","양평군","경기도 양평군","-0.5363331874","-0.0528827341","-0.2959075735","0.0164030791","10.698442986350555","0.0","1.371500143409458","0.0","0.0","0.0","1.0","3.95697339287642","451703000.0","0.0","0.0","451703000.0","50000000.0","451703000.0","10199.71478015457","3.0","2.941258716211412","40360.0","1","observed","1","1","1","1","1","1","1","0","2022-05-12","1","0","full_date","1"
"2016","43111","충청북도","청주시 상당구","충청북도 청주시 상당구","","","","","","","1.8475873797243378","","","","1.0","2.461674022814428","","","","","","","3742.168912140501","2.0","5.3444941876127405","9212.0","0","city_district_granularity","1","1","0","0","0","1","1","0","2022-05-12","1","0","full_date","1"
"2016","43112","충청북도","청주시 서원구","충청북도 청주시 서원구","","","","","","","4.815619103817206","","","","","","","","","","","","245.0515906553315","3.0","122.42320043617028","","0","city_district_granularity","1","1","0","0","0","1","1","0","2022-05-12","1","0","unknown_pre2019","1"
"2016","43113","충청북도","청주시 흥덕구","충청북도 청주시 흥덕구","","","","","","","5.568352028466287","","","","","","","","","","","","229.8833210329101","6.0","261.00197148017713","","0","city_district_granularity","1","1","0","0","0","1","1","0","2022-05-12","1","0","unknown_pre2019","1"
"2016","43114","충청북도","청주시 청원구","충청북도 청주시 청원구","","","","","","","4.06658635161927","","","","","","","","","","","","523.0361645621886","3.0","57.35741050546998","","0","city_district_granularity","1","1","0","0","0","1","1","0","2022-05-12","1","0","unknown_pre2019","1"
"2016","43130","충청북도","충주시","충청북도 충주시","0.1862673133","1.475605813","0.4984966546","1.3634064425","10.585207488660595","7.370654179871048","2.57672339293489","0.0","0.03859928","0.0","","","325363000.0","13063000.0","0.0","338426000.0","13063000.0","338426000.0","8227.766231707934","10.0","12.153967089466253","","1","observed","1","1","1","1","1","1","1","0","2022-05-12","1","0","unknown_pre2019","1"
"2016","43150","충청북도","제천시","충청북도 제천시","0.1208689128","1.3486868448","0.3822808586","1.203254755","10.521638726255885","6.804540427586918","2.2991674262882356","0.0","0.023702642","0.0","1.0","0.8587935272198425","538057000.0","13063000.0","0.0","551120000.0","303063000.0","551120000.0","14499.410632856823","13.0","8.965881668694148","12452.0","1","observed","1","1","1","1","1","1","1","0","2022-05-12","1","0","full_date","1"
"2016","43720","충청북도","보은군","충청북도 보은군","0.0423165325","1.3410868986","0.1980249062","1.0616579569","9.508664057815288","7.40560159424259","1.7975094560166907","0.0","0.108747773","0.0","","","107059000.0","13063000.0","0.0","120122000.0","13063000.0","120122000.0","7945.021565993795","4.0","5.034599298157682","","1","observed","1","1","1","1","1","1","1","0","2022-05-12","1","0","unknown_pre2019","1"
"2016","43730","충청북도","옥천군","충청북도 옥천군","0.0898681249","1.6979678338","-0.2437900345","0.8103722262","7.843927309545411","10.157350802920728","0.0","0.0","0.910011627","0.0","","","8823000.0","89223000.0","0.0","98046000.0","13063000.0","98046000.0","3461.084989142923","0.0","0.0","","1","observed","1","1","1","1","1","1","1","0","2022-05-12","1","0","unknown_pre2019","1"
"2016","43740","충청북도","영동군","충청북도 영동군","0.1068489415","1.605500872","0.282194261","1.2813163313","8.671443740572178","9.19510168150784","1.9569110241925562","8.661217288031688","0.459012601","0.2691103777459881","1.0","0.8693319726026306","57586000.0","97223000.0","57000000.0","211809000.0","70063000.0","127649000.0","9872.59214026753","6.0","6.077431250833999","8582.56","1","observed","1","1","1","1","1","1","1","0","2022-05-12","1","0","unknown_pre2019","1"
"2016","43745","충청북도","증평군","충청북도 증평군","0.6442010017","2.245011301","0.1244739954","1.175067871","11.80181047773381","10.279529095337756","0.0","0.0","0.179121874","0.0","","","59865000.0","13063000.0","0.0","72928000.0","13063000.0","72928000.0","448.4510789032455","0.0","0.0","","1","observed","1","1","1","1","1","1","1","0","2022-05-12","1","0","unknown_pre2019","1"
"2016","43750","충청북도","진천군","충청북도 진천군","0.2774018868","1.6923551854","0.6139359448","1.565137888","10.415891044693147","8.51228894898566","2.7870126005516918","0.0","0.129682024","0.0","","","87668000.0","13063000.0","0.0","100731000.0","13063000.0","100731000.0","2625.9720702166314","4.0","15.232454470355496","","1","observed","1","1","1","1","1","1","1","0","2022-05-12","1","0","unknown_pre2019","1"
"2016","43760","충청북도","괴산군","충청북도 괴산군","-0.0817815768","1.1523911469","0.0331698047","0.8503254983","9.050873519852207","6.792509425608527","1.483223893840756","0.0","0.094544323","0.0","","","125105000.0","13063000.0","0.0","138168000.0","13063000.0","138168000.0","14675.103804458691","5.0","3.4071309250166024","","1","observed","1","1","1","1","1","1","1","0","2022-05-12","1","0","unknown_pre2019","1"
"2016","43770","충청북도","음성군","충청북도 음성군","0.3796852342","1.7824553419","0.7190552562","1.6636557539","11.216266844754394","8.438978934024018","2.9282949162595266","0.0","0.058552723","0.0","","","210019000.0","13062000.0","0.0","223081000.0","13062000.0","223081000.0","2825.541113033934","5.0","17.695725526468216","","1","observed","1","1","1","1","1","1","1","0","2022-05-12","1","0","unknown_pre2019","1"
"2016","43800","충청북도","단양군","충청북도 단양군","0.0381265595","1.2599708827","-0.0612461298","0.7417731783","9.976528927928058","6.723849512213749","0.8208431204074615","0.0","0.037189306","0.0","1.0","0.5342984890304828","338168000.0","13062000.0","0.0","351230000.0","13062000.0","351230000.0","15718.142896565196","2.0","1.2724149495021129","8398.18","1","observed","1","1","1","1","1","1","1","0","2022-05-12","1","0","full_date","1"
"2016","44131","충청남도","천안시 동남구","충청남도 천안시 동남구","","","","","","","2.61139734356423","","","","1.0","3.5461814599572232","","","","","","","2377.543308260854","3.0","12.618066680747306","8431.2","0","city_district_granularity","1","1","0","0","0","1","1","0","2022-05-12","1","0","full_date","1"
"2016","44133","충청남도","천안시 서북구","충청남도 천안시 서북구","","","","","","","0.0","","","","","","","","","","","","175.33501711721496","0.0","0.0","","0","city_district_granularity","1","1","0","0","0","1","1","0","2022-05-12","1","0","unknown_pre2019","1"
"2016","44150","충청남도","공주시","충청남도 공주시","0.2976029996","1.8062069946","0.4673054627","1.4756124493","9.952836595048801","9.347346497436117","2.179179206934905","0.0","0.353079606","0.0","","","160816000.0","87771000.0","0.0","248587000.0","0.0","160816000.0","7653.9903926024035","6.0","7.839048250960716","","1","observed","1","1","1","1","1","1","1","0","2022-05-12","1","0","unknown_pre2019","1"
"2016","44180","충청남도","보령시","충청남도 보령시","-0.5480643733","-0.0641673004","-0.264786726","0.0491730808","10.612793000645013","0.0","1.5195504097465728","0.0","0.0","0.0","1.0","1.0848854176486256","455447000.0","0.0","0.0","455447000.0","300753000.0","455447000.0","11203.948179471963","4.0","3.5701700292838363","12155.0","1","observed","1","1","1","1","1","1","1","0","2022-05-12","1","0","full_date","1"
"2016","44200","충청남도","아산시","충청남도 아산시","-0.4445167479","0.0354381491","-0.0639526185","0.2522874965","11.368799489316034","0.0","2.02187202205361","0.0","0.0","0.0","","","264258000.0","0.0","0.0","264258000.0","0.0","264258000.0","3052.293388394725","2.0","6.552450061335186","","1","observed","1","1","1","1","1","1","1","0","2022-05-12","1","0","unknown_pre2019","1"
"2016","44210","충청남도","서산시","충청남도 서산시","-0.7388401021","-0.2476799804","-0.6260189395","-0.3159493602","9.219929683644342","0.0","0.6274922460749682","0.0","0.0","0.0","","","115652000.0","0.0","0.0","115652000.0","0.0","115652000.0","11455.962398752716","1.0","0.8729078930189893","","1","observed","1","1","1","1","1","1","1","0","2022-05-12","1","0","unknown_pre2019","1"
"2016","44230","충청남도","논산시","충청남도 논산시","-0.3494074868","0.1269264926","0.2637544101","0.5871606405","12.06319705095459","0.0","3.028203052823415","0.0","0.0","0.0","1.0","0.9108053619372088","529107000.0","0.0","0.0","529107000.0","243809000.0","529107000.0","3051.870483159969","6.0","19.66007415159859","2779.66","1","observed","1","1","1","1","1","1","1","0","2022-05-12","1","0","unknown_pre2019","1"
"2016","44250","충청남도","계룡시","충청남도 계룡시","-0.6357035181","-0.1484699234","-0.7224308403","-0.4205862786","9.97293513815207","0.0","0.0","0.0","0.0","0.0","","","15298000.0","0.0","0.0","15298000.0","0.0","15298000.0","713.6154039255124","0.0","0.0","","1","observed","1","1","1","1","1","1","1","0","2022-05-12","1","0","unknown_pre2019","1"
"2016","44270","충청남도","당진시","충청남도 당진시","-0.5798148981","-0.0947090467","-0.096476077","0.224924238","10.380980800901888","0.0","2.2401333481171775","0.0","0.0","0.0","","","192026000.0","0.0","0.0","192026000.0","0.0","192026000.0","5956.2213296062455","5.0","8.394583954002496","","1","observed","1","1","1","1","1","1","1","0","2022-05-12","1","0","unknown_pre2019","1"
"2016","44710","충청남도","금산군","충청남도 금산군","-0.5102675088","-0.0278094055","-0.0728250224","0.2461682667","10.888749833900645","0.0","2.154316496001003","0.0","0.0","0.0","1.0","1.311914928277448","281130000.0","0.0","0.0","281130000.0","0.0","281130000.0","5247.969858106501","4.0","7.621994996448444","6884.89","1","observed","1","1","1","1","1","1","1","0","2022-05-12","1","0","full_date","1"
"2016","44760","충청남도","부여군","충청남도 부여군","-0.5968936415","-0.1111375829","-0.0925556978","0.2297801597","10.25628802477453","0.0","2.298218307650813","0.0","0.0","0.0","1.0","0.10819364241225492","158880000.0","0.0","0.0","158880000.0","29644000.0","158880000.0","5582.583103160097","5.0","8.956427352007857","604.0","1","observed","1","1","1","1","1","1","1","0","2022-05-12","1","0","full_date","1"
"2016","44770","충청남도","서천군","충청남도 서천군","-0.5200340024","-0.0372040776","-0.6455786334","-0.346409048","10.817444166805744","0.0","0.0","0.0","0.0","0.0","1.0","0.29013724686533143","272494000.0","0.0","0.0","272494000.0","56400000.0","272494000.0","5462.725027978422","0.0","0.0","1584.94","1","observed","1","1","1","1","1","1","1","0","2022-05-12","1","0","full_date","1"
"2016","44790","충청남도","청양군","충청남도 청양군","-0.6206642202","-0.1340031887","-0.3031479095","0.0128404853","10.082737818687496","0.0","1.5571192779403842","0.0","0.0","0.0","1.0","0.2415610224193841","191652000.0","0.0","0.0","191652000.0","82047000.0","191652000.0","8010.39828619605","3.0","3.7451321305330865","1935.0","1","observed","1","1","1","1","1","1","1","0","2022-05-12","1","0","full_date","1"
"2016","44800","충청남도","홍성군","충청남도 홍성군","-0.6620124087","-0.1737772046","-0.2098301926","0.1113911952","9.780852587982626","0.0","2.0166566713287986","0.0","0.0","0.0","","","108646000.0","0.0","0.0","108646000.0","0.0","108646000.0","6141.408460067389","4.0","6.513163919984747","","1","observed","1","1","1","1","1","1","1","0","2022-05-12","1","0","unknown_pre2019","1"
"2016","44810","충청남도","예산군","충청남도 예산군","-0.6228870687","-0.1361414108","-0.2301719304","0.0885040006","10.066508688341965","0.0","1.840370301417983","0.0","0.0","0.0","","","133275000.0","0.0","0.0","133275000.0","0.0","133275000.0","5661.584119989491","3.0","5.29887030982694","","1","observed","1","1","1","1","1","1","1","0","2022-05-12","1","0","unknown_pre2019","1"
"2016","44825","충청남도","태안군","충청남도 태안군","-0.5847183073","-0.0994257775","-0.5438731134","-0.2380849051","10.345180760513943","0.0","0.5504352063403257","0.0","0.0","0.0","","","423780000.0","0.0","0.0","423780000.0","0.0","423780000.0","13623.83890554806","1.0","0.7340075047369858","","1","observed","1","1","1","1","1","1","1","0","2022-05-12","1","0","unknown_pre2019","1"
"2016","45111","전라북도","전주시 완산구","전라북도 전주시 완산구","","","","","","","0.0","","","","","","","","","","","","409.1654591119113","0.0","0.0","","0","city_district_granularity","1","1","0","0","0","1","1","0","2022-05-12","1","0","unknown_pre2019","1"
"2016","45113","전라북도","전주시 덕진구","전라북도 전주시 덕진구","","","","","","","0.0","","","","","","","","","","","","110.8834911803561","0.0","0.0","","0","city_district_granularity","1","1","0","0","0","1","1","0","2022-05-12","1","0","unknown_pre2019","1"
"2016","45130","전라북도","군산시","전라북도 군산시","-0.195770828","0.2747140292","0.0148245149","0.3222497064","13.184906125580943","0.0","1.6928165301878575","0.0","0.0","0.0","1.0","15.298613485453936","1200218772.0","0.0","0.0","1200218772.0","300000000.0","1200218772.0","2254.9102265247807","1.0","4.43476635227815","34497.0","1","observed","1","1","1","1","1","1","1","0","2022-05-12","1","0","full_date","1"
"2016","45140","전라북도","익산시","전라북도 익산시","-0.4496227506","0.0305265378","-0.5987965573","-0.3012553044","11.331520303489578","0.0","0.0","0.0","0.0","0.0","1.0","2.905402775004961","187780000.0","0.0","0.0","187780000.0","187780000.0","187780000.0","2251.3229684613457","0.0","0.0","6541.0","1","observed","1","1","1","1","1","1","1","0","2022-05-12","1","0","full_date","1"
"2016","45180","전라북도","정읍시","전라북도 정읍시","-0.727019556","-0.236309456","-0.2050278323","0.1193962178","9.3062320927236","0.0","2.1992462441979583","0.0","0.0","0.0","","","109804000.0","0.0","0.0","109804000.0","0.0","109804000.0","9977.284956948184","8.0","8.018213406272212","","1","observed","1","1","1","1","1","1","1","0","2022-05-12","1","0","unknown_pre2019","1"
"2016","45190","전라북도","남원시","전라북도 남원시","-0.8903968612","-0.3934668014","-0.4449702288","-0.1214200883","8.1134060629379","0.0","1.699371888662432","0.0","0.0","0.0","","","67199000.0","0.0","0.0","67199000.0","0.0","67199000.0","20131.930252455182","9.0","4.470510222884569","","1","observed","1","1","1","1","1","1","1","0","2022-05-12","1","0","unknown_pre2019","1"
"2016","45210","전라북도","김제시","전라북도 김제시","-0.4099021959","0.0687348859","-0.5724057466","-0.2757830724","11.621522097741508","0.0","0.0","0.0","0.0","0.0","1.0","2.105656764689842","264163000.0","0.0","0.0","264163000.0","0.0","264163000.0","2369.806933246794","0.0","0.0","4990.0","1","observed","1","1","1","1","1","1","1","0","2022-05-12","1","0","unknown_pre2019","1"
"2016","45710","전라북도","완주군","전라북도 완주군","-0.6188942299","-0.1323005839","-0.4197572962","-0.1079802266","10.095660608242667","0.0","1.10901252496341","0.0","0.0","0.0","","","119312000.0","0.0","0.0","119312000.0","0.0","119312000.0","4922.801803117838","1.0","2.031363520194239","","1","observed","1","1","1","1","1","1","1","0","2022-05-12","1","0","unknown_pre2019","1"
"2016","45720","전라북도","진안군","전라북도 진안군","0.1728214477","1.6494606353","0.2110572499","1.1915217649","9.279211721945625","9.02263213052831","1.5192934275195018","0.0","0.43619799","0.0","","","60028000.0","46442000.0","0.0","106470000.0","0.0","106470000.0","5603.817299287868","2.0","3.5689957277053974","","1","observed","1","1","1","1","1","1","1","0","2022-05-12","1","0","unknown_pre2019","1"
"2016","45730","전라북도","무주군","전라북도 무주군","-0.7532305523","-0.2615225699","-0.1519078272","0.1756197875","9.114864272963123","0.0","2.467591638486618","0.0","0.0","0.0","","","58939000.0","0.0","0.0","58939000.0","0.0","58939000.0","6485.079268680864","7.0","10.794008384455534","","1","observed","1","1","1","1","1","1","1","0","2022-05-12","1","0","unknown_pre2019","1"
"2016","45740","전라북도","장수군","전라북도 장수군","-0.7960844449","-0.302744966","-0.1394843388","0.1904823132","8.801985820050712","0.0","2.6231782554292766","0.0","0.0","0.0","","","41607000.0","0.0","0.0","41607000.0","0.0","41607000.0","6260.050966131462","8.0","12.77944867107652","","1","observed","1","1","1","1","1","1","1","0","2022-05-12","1","0","unknown_pre2019","1"
"2016","45750","전라북도","임실군","전라북도 임실군","-0.5418233786","-0.0581639075","-0.2855810218","0.027351381","10.65835882036689","0.0","1.424664447822283","0.0","0.0","0.0","1.0","1.324451832233092","404368000.0","0.0","0.0","404368000.0","0.0","404368000.0","9504.30940080018","3.0","3.1564628985536034","12588.0","1","observed","1","1","1","1","1","1","1","0","2022-05-12","1","0","full_date","1"
"2016","45770","전라북도","순창군","전라북도 순창군","-0.5395166742","-0.0559450219","-0.2194564997","0.0957095451","10.675200187270429","0.0","1.670400151889266","0.0","0.0","0.0","1.0","1.1333650066142986","401162900.0","0.0","0.0","401162900.0","0.0","401162900.0","9271.505594998516","4.0","4.314293896514269","10508.0","1","observed","1","1","1","1","1","1","1","0","2022-05-12","1","0","full_date","1"
"2016","45790","전라북도","고창군","전라북도 고창군","-0.7826582185","-0.2898298914","-0.8200692973","-0.5148262572","8.90001138256882","0.0","0.0","0.0","0.0","0.0","","","75228000.0","0.0","0.0","75228000.0","0.0","75228000.0","10261.548919578408","0.0","0.0","","1","observed","1","1","1","1","1","1","1","0","2022-05-12","1","0","unknown_pre2019","1"
"2016","45800","전라북도","부안군","전라북도 부안군","-0.6959468902","-0.2064197618","-0.7624572557","-0.4592195042","9.533095209172187","0.0","0.0","0.0","0.0","0.0","","","99387000.0","0.0","0.0","99387000.0","0.0","99387000.0","7197.644415441628","0.0","0.0","","1","observed","1","1","1","1","1","1","1","0","2022-05-12","1","0","unknown_pre2019","1"
"2016","46110","전라남도","목포시","전라남도 목포시","-0.4559969952","0.0243949679","0.2056791631","0.5320016117","11.284981619023581","0.0","3.0766871210233","0.0","0.0","0.0","1.0","0.6516228194166204","38487000.0","0.0","0.0","38487000.0","0.0","38487000.0","483.4084851141503","1.0","20.686438711638743","315.0","1","observed","1","1","1","1","1","1","1","0","2022-05-12","1","0","unknown_pre2019","1"
"2016","46130","전라남도","여수시","전라남도 여수시","-0.5779009878","-0.0928680011","-0.1944064281","0.1234372108","10.394954357457026","0.0","1.8627259671043552","0.0","0.0","0.0","1.0","3.7249131310527788","360503000.0","0.0","0.0","360503000.0","0.0","360503000.0","11026.834332748904","6.0","5.441271555318857","41074.0","1","observed","1","1","1","1","1","1","1","0","2022-05-12","1","0","full_date","1"
"2016","46150","전라남도","순천시","전라남도 순천시","-0.5733805042","-0.0885196175","-0.0367908736","0.286422529","10.42795863833654","0.0","2.4509374807946314","0.0","0.0","0.0","1.0","2.235811022173991","541960000.0","0.0","0.0","541960000.0","0.0","541960000.0","16038.922630022427","17.0","10.599215665632418","35860.0","1","observed","1","1","1","1","1","1","1","0","2022-05-12","1","0","full_date","1"
"2016","46170","전라남도","나주시","전라남도 나주시","-0.8074027947","-0.3136324134","-0.021066673","0.3136207667","8.719349971263844","0.0","3.1022999846193295","0.0","0.0","0.0","","","34557000.0","0.0","0.0","34557000.0","0.0","34557000.0","5647.307308823615","12.0","21.249064985804193","","1","observed","1","1","1","1","1","1","1","0","2022-05-12","1","0","unknown_pre2019","1"
"2016","46230","전라남도","광양시","전라남도 광양시","-0.5454313052","-0.0616344762","-0.129547698","0.1890776426","10.632017164844617","0.0","2.027402744421481","0.0","0.0","0.0","1.0","3.6501299947010497","251365000.0","0.0","0.0","251365000.0","0.0","251365000.0","6065.811363469913","4.0","6.5943362896003785","22141.0","1","observed","1","1","1","1","1","1","1","0","2022-05-12","1","0","full_date","1"
"2016","46710","전라남도","담양군","전라남도 담양군","-0.8632191922","-0.3673238172","-0.1512955189","0.1813848186","8.311831608972142","0.0","2.7479406671938675","0.0","0.0","0.0","","","27862000.0","0.0","0.0","27862000.0","0.0","27862000.0","6844.415383359256","10.0","14.610451645458104","","1","observed","1","1","1","1","1","1","1","0","2022-05-12","1","0","unknown_pre2019","1"
"2016","46720","전라남도","곡성군","전라남도 곡성군","-0.8741510944","-0.3778395295","-0.3491152081","-0.0229290331","8.232017233797821","0.0","2.0229813885835446","0.0","0.0","0.0","","","51557000.0","0.0","0.0","51557000.0","0.0","51557000.0","13717.76998448934","9.0","6.560833145749116","","1","observed","1","1","1","1","1","1","1","0","2022-05-12","1","0","unknown_pre2019","1"
"2016","46730","전라남도","구례군","전라남도 구례군","-0.8759629683","-0.3795824233","-0.487256228","-0.165876646","8.21878865014843","0.0","1.5020128749528396","0.0","0.0","0.0","","","31876000.0","0.0","0.0","31876000.0","0.0","31876000.0","8594.217402807397","3.0","3.4907192352616265","","1","observed","1","1","1","1","1","1","1","0","2022-05-12","1","0","unknown_pre2019","1"
"2016","46770","전라남도","고흥군","전라남도 고흥군","-0.8060186251","-0.3123009407","-0.1800567368","0.1489368165","8.729455863636899","0.0","2.49393398184685","0.0","0.0","0.0","1.0","0.20481883953948898","89030000.0","0.0","0.0","89030000.0","50000000.0","89030000.0","14402.971946490505","16.0","11.108818415701098","2950.0","1","observed","1","1","1","1","1","1","1","0","2022-05-12","1","0","full_date","1"
"2016","46780","전라남도","보성군","전라남도 보성군","-0.6333698501","-0.1462251008","0.1077669679","0.4388972298","9.98997336726398","0.0","3.1525340188567186","0.0","0.0","0.0","1.0","0.34399140242425186","194735000.0","0.0","0.0","194735000.0","55000000.0","194735000.0","8930.45575659835","20.0","22.3952735953289","3072.0","1","observed","1","1","1","1","1","1","1","0","2022-05-12","1","0","full_date","1"
"2016","46790","전라남도","화순군","전라남도 화순군","-0.8342351689","-0.3394432486","-0.2468857531","0.0810579255","8.523445439674017","0.0","2.311010673063944","0.0","0.0","0.0","","","71984000.0","0.0","0.0","71984000.0","0.0","71984000.0","14309.912581105747","13.0","9.084611751692107","","1","observed","1","1","1","1","1","1","1","0","2022-05-12","1","0","unknown_pre2019","1"
"2016","46800","전라남도","장흥군","전라남도 장흥군","-0.7089235276","-0.218902364","-0.1045686035","0.2225681851","9.438352117942923","0.0","2.535695223181636","0.0","0.0","0.0","","","97237000.0","0.0","0.0","97237000.0","0.0","97237000.0","7741.79887330564","9.0","11.625205132921678","","1","observed","1","1","1","1","1","1","1","0","2022-05-12","1","0","unknown_pre2019","1"
"2016","46810","전라남도","강진군","전라남도 강진군","-0.7951052354","-0.3018030362","-0.3175758805","0.0060394564","8.809135078024106","0.0","1.9431655609687355","0.0","0.0","0.0","","","33578000.0","0.0","0.0","33578000.0","0.0","33578000.0","5016.039434864496","3.0","5.980814223963617","","1","observed","1","1","1","1","1","1","1","0","2022-05-12","1","0","unknown_pre2019","1"
"2016","46820","전라남도","해남군","전라남도 해남군","-0.6885720787","-0.1993257178","-0.0822809631","0.2446955487","9.586939083553624","0.0","2.569044492138292","0.0","0.0","0.0","","","193436000.0","0.0","0.0","193436000.0","0.0","193436000.0","13274.322437384442","16.0","12.053345905580265","","1","observed","1","1","1","1","1","1","1","0","2022-05-12","1","0","unknown_pre2019","1"
"2016","46830","전라남도","영암군","전라남도 영암군","-1.2453578317","-0.7349140045","-0.7988870703","-0.4713087936","5.521817929623329","0.0","1.25015748824723","0.0","0.0","0.0","","","1000000.0","0.0","0.0","1000000.0","0.0","1000000.0","4014.624975692837","1.0","2.4908926887434153","","1","observed","1","1","1","1","1","1","1","0","2022-05-12","1","0","unknown_pre2019","1"
"2016","46840","전라남도","무안군","전라남도 무안군","-0.3801021623","0.0974003983","-0.5526062486","-0.2566727308","11.839093661095193","0.0","0.0","0.0","0.0","0.0","1.0","0.1465307391548116","633572000.0","0.0","0.0","633572000.0","0.0","633572000.0","4572.4194381640045","0.0","0.0","670.0","1","observed","1","1","1","1","1","1","1","0","2022-05-12","1","0","unknown_pre2019","1"
"2016","46860","전라남도","함평군","전라남도 함평군","-0.6645229206","-0.1761921385","-0.3094051395","0.0084077448","9.762523212410102","0.0","1.6441761966750719","0.0","0.0","0.0","","","83172000.0","0.0","0.0","83172000.0","0.0","83172000.0","4788.419458839836","2.0","4.176743531329168","","1","observed","1","1","1","1","1","1","1","0","2022-05-12","1","0","unknown_pre2019","1"
"2016","46870","전라남도","영광군","전라남도 영광군","-0.7816642283","-0.2888737434","-0.5981808734","-0.2851278661","8.907268556252102","0.0","0.8416473673196126","0.0","0.0","0.0","","","55935000.0","0.0","0.0","55935000.0","0.0","55935000.0","7574.690067421648","1.0","1.3201860288659844","","1","observed","1","1","1","1","1","1","1","0","2022-05-12","1","0","unknown_pre2019","1"
"2016","46880","전라남도","장성군","전라남도 장성군","-0.8644356824","-0.3684939942","-0.2815454839","0.0465798819","8.302949952160857","0.0","2.255488194054421","0.0","0.0","0.0","","","33072000.0","0.0","0.0","33072000.0","14250000.0","33072000.0","8196.769762521515","7.0","8.539949520122471","","1","observed","1","1","1","1","1","1","1","0","2022-05-12","1","0","unknown_pre2019","1"
"2016","46890","전라남도","완도군","전라남도 완도군","-0.9481043374","-0.4489772885","-0.541441661","-0.2186151638","7.6920808384110115","0.0","1.4782205288678318","0.0","0.0","0.0","","","25877000.0","0.0","0.0","25877000.0","0.0","25877000.0","11816.365950168814","4.0","3.385135511940415","","1","observed","1","1","1","1","1","1","1","0","2022-05-12","1","0","unknown_pre2019","1"
"2016","46900","전라남도","진도군","전라남도 진도군","-0.6520914608","-0.1642339585","-0.0723941581","0.2532305678","9.853285933883202","0.0","2.514445715392703","0.0","0.0","0.0","","","167431000.0","0.0","0.0","167431000.0","0.0","167431000.0","8803.005935440742","10.0","11.359756057575948","","1","observed","1","1","1","1","1","1","1","0","2022-05-12","1","0","unknown_pre2019","1"
"2016","46910","전라남도","신안군","전라남도 신안군","-0.6329843284","-0.1458542564","-0.7206241782","-0.4188425005","9.992788080754922","0.0","0.0","0.0","0.0","0.0","","","295185000.0","0.0","0.0","295185000.0","0.0","295185000.0","13498.994568100252","0.0","0.0","","1","observed","1","1","1","1","1","1","1","0","2022-05-12","1","0","unknown_pre2019","1"
"2016","47111","경상북도","포항시 남구","경상북도 포항시 남구","","","","","","","2.4146967785757627","","","","1.0","13.45213064656263","","","","","","","6871.922554782899","7.0","10.186377893807839","92442.0","0","city_district_granularity","1","1","0","0","0","1","1","0","2022-05-12","1","0","full_date","1"
"2016","47113","경상북도","포항시 북구","경상북도 포항시 북구","","","","","","","1.747912526594001","","","","","","","","","","","","14759.8282065478","7.0","4.742602625208495","","0","city_district_granularity","1","1","0","0","0","1","1","0","2022-05-12","1","0","unknown_pre2019","1"
"2016","47130","경상북도","경주시","경상북도 경주시","-0.3103564889","0.1644907747","-0.1304135704","0.1772147164","12.34831037681777","0.0","1.4299072893682019","0.0","0.0","0.0","1.0","3.429716263422106","6529007734.0","0.0","0.0","6529007734.0","310529734.0","6529007734.0","28316.91969267933","9.0","3.1783118000390194","97119.0","1","observed","1","1","1","1","1","1","1","0","2022-05-12","1","0","full_date","1"
"2016","47150","경상북도","김천시","경상북도 김천시","0.0992365167","1.4578263294","0.1500657772","1.0508618086","9.523418581880446","7.95381574511485","1.4718806809085143","0.0","0.172233343","0.0","1.0","0.40347823222356827","162926000.0","33900000.0","0.0","196826000.0","33900000.0","196826000.0","11913.901707927653","4.0","3.3574223609200606","4807.0","1","observed","1","1","1","1","1","1","1","0","2022-05-12","1","0","full_date","1"
"2016","47170","경상북도","안동시","경상북도 안동시","-0.3411345541","0.1348844654","-0.1496209352","0.1587630993","12.123598154397518","0.0","1.4346322028807452","0.0","0.0","0.0","1.0","2.0118052061627725","9213768000.0","0.0","0.0","9213768000.0","0.0","9213768000.0","50029.694570666376","16.0","3.1981006754698815","100650.0","1","observed","1","1","1","1","1","1","1","0","2022-05-12","1","0","full_date","1"
"2016","47190","경상북도","구미시","경상북도 구미시","-0.2114949158","0.2595885753","0.0010510648","0.308722123","13.07010375912768","0.0","1.6801623033531565","0.0","0.0","0.0","1.0","5.08714931190675","5433965000.0","0.0","0.0","5433965000.0","0.0","5433965000.0","11451.010463493902","5.0","4.366426889522214","58253.0","1","observed","1","1","1","1","1","1","1","0","2022-05-12","1","0","full_date","1"
"2016","47210","경상북도","영주시","경상북도 영주시","-0.5188612745","-0.0360759968","-0.1562668425","0.1601729517","10.826006312745523","0.0","1.8585901492460968","0.0","0.0","0.0","1.0","0.7111514069045755","743332000.0","0.0","0.0","743332000.0","0.0","743332000.0","14774.631531327144","8.0","5.414686642463694","10507.0","1","observed","1","1","1","1","1","1","1","0","2022-05-12","1","0","full_date","1"
"2016","47230","경상북도","영천시","경상북도 영천시","-0.0101118436","1.2822348387","0.0006230539","0.8540733525","9.180325815178854","7.331137034251379","1.1789350432279222","0.0","0.135903336","0.0","1.0","0.883707375863207","215542000.0","33900000.0","0.0","249442000.0","113900000.0","249442000.0","22213.23543987101","5.0","2.2509102798349647","19630.0","1","observed","1","1","1","1","1","1","1","0","2022-05-12","1","0","full_date","1"
"2016","47250","경상북도","상주시","경상북도 상주시","-0.0388227152","1.2776138431","0.1643202174","1.0403083589","8.822002618548085","7.534523119190211","1.8745447882010968","0.0","0.216214148","0.0","1.0","0.8329748536904122","122889000.0","33900000.0","0.0","156789000.0","33900000.0","156789000.0","18122.996070191883","10.0","5.5178514420403575","15096.0","1","observed","1","1","1","1","1","1","1","0","2022-05-12","1","0","full_date","1"
"2016","47280","경상북도","문경시","경상북도 문경시","0.1920969237","1.5177365395","0.2417382397","1.1217469988","10.391601815080673","7.6936675881663","1.5855832518626445","0.0","0.063070237","0.0","","","503596000.0","33900000.0","0.0","537496000.0","293900000.0","537496000.0","15455.400865428795","6.0","3.8821380643843533","","1","observed","1","1","1","1","1","1","1","0","2022-05-12","1","0","unknown_pre2019","1"
"2016","47290","경상북도","경산시","경상북도 경산시","-0.6267120546","-0.1398207752","-0.2214849114","0.0976770364","10.038582271442708","0.0","1.8830879532423734","0.0","0.0","0.0","1.0","0.45077889592758086","164283000.0","0.0","0.0","164283000.0","40000000.0","164283000.0","7176.467286347215","4.0","5.5737730562915715","3235.0","1","observed","1","1","1","1","1","1","1","0","2022-05-12","1","0","full_date","1"
"2016","47730","경상북도","의성군","경상북도 의성군","-0.5831219278","-0.097890174","-0.4234513727","-0.1134738998","10.356836008475769","0.0","1.0045365973636717","0.0","0.0","0.0","1.0","0.5342490597825028","1091056000.0","0.0","0.0","1091056000.0","200000000.0","1091056000.0","34669.223390941406","6.0","1.7306415930758108","18522.0","1","observed","1","1","1","1","1","1","1","0","2022-05-12","1","0","full_date","1"
"2016","47750","경상북도","청송군","경상북도 청송군","-0.6716196734","-0.1830187099","-0.3826156787","-0.0670638699","9.710709458277071","0.0","1.3835900677563626","0.0","0.0","0.0","","","386211000.0","0.0","0.0","386211000.0","160000000.0","386211000.0","23417.65688293314","7.0","2.9891974397752925","","1","observed","1","1","1","1","1","1","1","0","2022-05-12","1","0","unknown_pre2019","1"
"2016","47760","경상북도","영양군","경상북도 영양군","-0.6898872131","-0.2005907836","-0.4726980983","-0.1594836182","9.577337220188546","0.0","1.0870525070422863","0.0","0.0","0.0","","","367153000.0","0.0","0.0","367153000.0","150000000.0","367153000.0","25438.55654523308","5.0","1.965520327817872","","1","observed","1","1","1","1","1","1","1","0","2022-05-12","1","0","unknown_pre2019","1"
"2016","47770","경상북도","영덕군","경상북도 영덕군","-0.6698028773","-0.1812710812","-0.4710157926","-0.1586786952","9.723973979776558","0.0","1.0426853227356148","0.0","0.0","0.0","1.0","1.247892702396217","363944000.0","0.0","0.0","363944000.0","0.0","363944000.0","21776.71201043028","4.0","1.8368245849438336","27175.0","1","observed","1","1","1","1","1","1","1","0","2022-05-12","1","0","full_date","1"
"2016","47820","경상북도","청도군","경상북도 청도군","-0.6594836248","-0.1713446944","-0.4744327693","-0.1626980558","9.799315367807571","0.0","1.0036015674289929","0.0","0.0","0.0","1.0","1.2966431959121738","312838000.0","0.0","0.0","312838000.0","0.0","312838000.0","17360.21140662715","3.0","1.728089554747455","22510.0","1","observed","1","1","1","1","1","1","1","0","2022-05-12","1","0","year_only_or_partial","1"
"2016","47830","경상북도","고령군","경상북도 고령군","-0.6708821899","-0.1823093032","-0.4654219937","-0.1528364877","9.716093863307089","0.0","1.066694752795173","0.0","0.0","0.0","1.0","0.7209487648539746","174013000.0","0.0","0.0","174013000.0","0.0","174013000.0","10494.504420896628","2.0","1.9057593572666525","7566.0","1","observed","1","1","1","1","1","1","1","0","2022-05-12","1","0","full_date","1"
"2016","47840","경상북도","성주군","경상북도 성주군","0.1061252987","1.4633045844","0.152591131","1.0523861431","9.58113891121313","7.943660394590159","1.464062294395618","0.0","0.162769482","0.0","1.0","1.5231541749346238","174370000.0","33900000.0","0.0","208270000.0","33900000.0","208270000.0","12035.551161974026","4.0","3.323487180743233","18332.0","1","observed","1","1","1","1","1","1","1","0","2022-05-12","1","0","full_date","1"
"2016","47850","경상북도","칠곡군","경상북도 칠곡군","0.2076568077","1.621413215","0.2175535129","1.1553944662","9.931587813923878","8.478220025923727","1.4552533242713042","0.0","0.189459329","0.0","1.0","3.3354000960689323","187812000.0","43900000.0","0.0","231712000.0","43900000.0","231712000.0","9130.838616900546","3.0","3.285568966740042","30455.0","1","observed","1","1","1","1","1","1","1","0","2022-05-12","1","0","full_date","1"
"2016","47900","경상북도","예천군","경상북도 예천군","-0.5942854672","-0.1086287048","-0.3520171262","-0.0389896156","10.275330438450442","0.0","1.3045216874989363","0.0","0.0","0.0","","","323990000.0","0.0","0.0","323990000.0","150000000.0","323990000.0","11169.33375496292","3.0","2.6859256476842197","","1","observed","1","1","1","1","1","1","1","0","2022-05-12","1","0","unknown_pre2019","1"
"2016","47920","경상북도","봉화군","경상북도 봉화군","-0.0582519151","1.1658699298","-0.0578368348","0.748867181","9.281863987157962","6.711541040249695","1.0774146826393853","0.0","0.070998779","0.0","1.0","0.1251351388216229","443573000.0","33900000.0","0.0","477473000.0","233900000.0","477473000.0","41299.35083515478","8.0","1.9370764523471034","5168.0","1","observed","1","1","1","1","1","1","1","0","2022-05-12","1","0","full_date","1"
"2016","47930","경상북도","울진군","경상북도 울진군","-0.6797717162","-0.1908603951","-0.4813078272","-0.1688700838","9.651190978784543","0.0","1.0287283034568342","0.0","0.0","0.0","","","605144000.0","0.0","0.0","605144000.0","0.0","605144000.0","38942.84651856584","7.0","1.7975059929588812","","1","observed","1","1","1","1","1","1","1","0","2022-05-12","1","0","unknown_pre2019","1"
"2016","47940","경상북도","울릉군","경상북도 울릉군","-0.9915075218","-0.4907280643","-0.9588312672","-0.6487583725","7.375191977756379","0.0","0.0","0.0","0.0","0.0","","","1000000.0","0.0","0.0","1000000.0","0.0","1000000.0","626.9992741646664","0.0","0.0","","1","observed","1","1","1","1","1","1","1","0","2022-05-12","1","0","unknown_pre2019","1"
"2016","48121","경상남도","창원시 의창구","경상남도 창원시 의창구","","","","","","","1.5883425275559249","","","","","","","","","","","","2566.98032563519","1.0","3.895627831711385","","0","city_district_granularity","1","1","0","0","0","1","1","0","2022-05-12","1","0","unknown_pre2019","1"
"2016","48123","경상남도","창원시 성산구","경상남도 창원시 성산구","","","","","","","0.0","","","","","","","","","","","","1352.9747995789487","0.0","0.0","","0","city_district_granularity","1","1","0","0","0","1","1","0","2022-05-12","1","0","unknown_pre2019","1"
"2016","48125","경상남도","창원시 마산합포구","경상남도 창원시 마산합포구","","","","","","","1.588548674076729","","","","","","","","","","","","7698.94625205914","3.0","3.8966371523864423","","0","city_district_granularity","1","1","0","0","0","1","1","0","2022-05-12","1","0","unknown_pre2019","1"
"2016","48127","경상남도","창원시 마산회원구","경상남도 창원시 마산회원구","","","","","","","1.664538104697602","","","","","","","","","","","","2334.6853728937867","1.0","4.283232385871866","","0","city_district_granularity","1","1","0","0","0","1","1","0","2022-05-12","1","0","unknown_pre2019","1"
"2016","48129","경상남도","창원시 진해구","경상남도 창원시 진해구","","","","","","","0.0","","","","","","","","","","","","2231.301133458337","0.0","0.0","","0","city_district_granularity","1","1","0","0","0","1","1","0","2022-05-12","1","0","unknown_pre2019","1"
"2016","48170","경상남도","진주시","경상남도 진주시","-0.4949445951","-0.0130698525","-0.1613956566","0.1537468142","11.000623207939118","0.0","1.7786234499911846","0.0","0.0","0.0","1.0","3.507990386169501","1217272000.0","0.0","0.0","1217272000.0","50000000.0","1217272000.0","20318.18567149176","10.0","4.921699290321428","71276.0","1","observed","1","1","1","1","1","1","1","0","2022-05-12","1","0","full_date","1"
"2016","48220","경상남도","통영시","경상남도 통영시","-0.5438917068","-0.0601534921","-0.2751766225","0.0382206546","10.64325785124218","0.0","1.4694754361349491","0.0","0.0","0.0","1.0","1.6108890986921724","375637780.0","0.0","0.0","375637780.0","0.0","375637780.0","8963.373091122503","3.0","3.3469542877460468","14439.0","1","observed","1","1","1","1","1","1","1","0","2022-05-12","1","0","full_date","1"
"2016","48240","경상남도","사천시","경상남도 사천시","-0.4489032817","0.0312186157","-0.1210038047","0.1934209506","11.336773183091399","0.0","1.8159124349238251","0.0","0.0","0.0","1.0","0.05970151197644436","977500000.0","0.0","0.0","977500000.0","0.0","977500000.0","11657.99620409298","6.0","5.14668206693486","696.0","1","observed","1","1","1","1","1","1","1","0","2022-05-12","1","0","unknown_pre2019","1"
"2016","48250","경상남도","김해시","경상남도 김해시","-0.3003297248","0.1741358084","0.0341423553","0.3471292697","12.421516292320295","0.0","2.0306046997674025","0.0","0.0","0.0","1.0","4.038461103032623","1874097000.0","0.0","0.0","1874097000.0","1812777000.0","1874097000.0","7554.36271927702","5.0","6.618691987401047","30508.0","1","observed","1","1","1","1","1","1","1","0","2022-05-12","1","0","full_date","1"
"2016","48270","경상남도","밀양시","경상남도 밀양시","-0.273091384","0.2003371546","-0.1151903804","0.1912384675","12.620384806299551","0.0","1.3936274810322336","0.0","0.0","0.0","1.0","3.226303420647084","5994471490.0","0.0","0.0","5994471490.0","1788000000.0","5994471490.0","19805.63873536237","6.0","3.0294402923179558","63899.0","1","observed","1","1","1","1","1","1","1","0","2022-05-12","1","0","full_date","1"
"2016","48310","경상남도","거제시","경상남도 거제시","-0.3282436084","0.1472846381","-0.0128473217","0.2997780444","12.21771560581372","0.0","1.9223938126245466","0.0","0.0","0.0","1.0","2.758143821886935","2426441880.0","0.0","0.0","2426441880.0","150000000.0","2426441880.0","11991.832963000526","7.0","5.837306124591399","33075.2","1","observed","1","1","1","1","1","1","1","0","2022-05-12","1","0","full_date","1"
"2016","48330","경상남도","양산시","경상남도 양산시","-0.3909515181","0.0869640898","0.0181559316","0.3348043862","11.75988196157888","0.0","2.1988511470847856","0.0","0.0","0.0","1.0","5.840009057795902","958330000.0","0.0","0.0","958330000.0","0.0","958330000.0","7486.289758684128","6.0","8.014651039976076","43720.0","1","observed","1","1","1","1","1","1","1","0","2022-05-12","1","0","full_date","1"
"2016","48720","경상남도","의령군","경상남도 의령군","-0.6542525502","-0.1663127728","-0.6077867533","-0.3010176978","9.83750770980855","0.0","0.48304247513939924","0.0","0.0","0.0","1.0","2.476232538345603","301482000.0","0.0","0.0","301482000.0","0.0","301482000.0","16103.091847198206","1.0","0.6209987556979569","39875.0","1","observed","1","1","1","1","1","1","1","0","2022-05-12","1","0","full_date","1"
"2016","48730","경상남도","함안군","경상남도 함안군","-0.6172184076","-0.1306885621","-0.2143094039","0.10466372","10.107895871841173","0.0","1.8863894986763743","0.0","0.0","0.0","1.0","0.5659371578085891","219238000.0","0.0","0.0","219238000.0","0.0","219238000.0","8935.731927519762","5.0","5.59551253389919","5057.06273","1","observed","1","1","1","1","1","1","1","0","2022-05-12","1","0","year_only_or_partial","1"
"2016","48740","경상남도","창녕군","경상남도 창녕군","-0.4756483306","0.0054917812","-0.3335268009","-0.0253791099","11.141506217854548","0.0","1.074986465245706","0.0","0.0","0.0","1.0","3.427725625014515","1072168000.0","0.0","0.0","1072168000.0","0.0","1072168000.0","15544.41802785028","3.0","1.9299532440680804","53282.0","1","observed","1","1","1","1","1","1","1","0","2022-05-12","1","0","full_date","1"
"2016","48820","경상남도","고성군","경상남도 고성군","-0.6208234076","-0.1341563156","-0.3133211418","0.0023144785","10.081575583350034","0.0","1.5188182654405695","0.0","0.0","0.0","1.0","0.9430685907873445","401998000.0","0.0","0.0","401998000.0","0.0","401998000.0","16821.68206530507","6.0","3.5668252299067493","15864.0","1","observed","1","1","1","1","1","1","1","0","2022-05-12","1","0","full_date","1"
"2016","48840","경상남도","남해군","경상남도 남해군","-0.5413430722","-0.0577018869","-0.3023000338","0.0100179973","10.661865562131108","0.0","1.359843992531207","0.0","0.0","0.0","1.0","1.6585141667775574","442348000.0","0.0","0.0","442348000.0","0.0","442348000.0","10360.598868676796","3.0","2.895585513951227","17183.2","1","observed","1","1","1","1","1","1","1","0","2022-05-12","1","0","full_date","1"
"2016","48850","경상남도","하동군","경상남도 하동군","-0.5766643689","-0.0916784617","-0.1560318947","0.1631127709","10.403982975328123","0.0","2.005593535352718","0.0","0.0","0.0","1.0","2.43126059542026","513020000.0","0.0","0.0","513020000.0","23000000.0","513020000.0","15550.883385853002","10.0","6.430502854324811","37808.25","1","observed","1","1","1","1","1","1","1","0","2022-05-12","1","0","full_date","1"
"2016","48860","경상남도","산청군","경상남도 산청군","-0.8283564396","-0.3337883293","-0.5160220146","-0.1978818103","8.566366341740093","0.0","1.2722397688379665","0.0","0.0","0.0","1.0","0.8140644412615702","102206000.0","0.0","0.0","102206000.0","0.0","102206000.0","19464.061070453736","5.0","2.568836987256454","15845.0","1","observed","1","1","1","1","1","1","1","0","2022-05-12","1","0","full_date","1"
"2016","48870","경상남도","함양군","경상남도 함양군","-0.7680400959","-0.2757682973","-0.2968934755","0.0261915504","9.006739041000586","0.0","1.9534375452201667","0.0","0.0","0.0","1.0","0.20398241280273402","121284000.0","0.0","0.0","121284000.0","0.0","121284000.0","14868.928935227048","9.0","6.0528905876182195","3033.0","1","observed","1","1","1","1","1","1","1","0","2022-05-12","1","0","full_date","1"
"2016","48880","경상남도","거창군","경상남도 거창군","-0.8484644544","-0.353130809","-0.5793203643","-0.2624832937","8.41955670144484","0.0","1.0822526267944181","0.0","0.0","0.0","1.0","0.41446042999328514","92940000.0","0.0","0.0","92940000.0","0.0","92940000.0","20498.941238220614","4.0","1.9513202918704573","8496.0","1","observed","1","1","1","1","1","1","1","0","2022-05-12","1","0","full_date","1"
"2016","48890","경상남도","합천군","경상남도 합천군","-0.9113956741","-0.4136661657","-0.6303718579","-0.3124065692","7.960092659583642","0.0","1.0471025466674213","0.0","0.0","0.0","1.0","0.34417021185596397","92896000.0","0.0","0.0","92896000.0","0.0","92896000.0","32443.24934394089","6.0","1.849383191058377","11166.0","1","observed","1","1","1","1","1","1","1","0","2022-05-12","1","0","full_date","1"
"2016","50110","제주특별자치도","제주시","제주특별자치도 제주시","","","","","","","3.0925597495957224","","","","","","","","","","","","9508.683538333917","20.0","21.03340585410243","","0","metropolitan_headquarters","1","1","0","0","0","1","1","0","2022-05-12","1","0","unknown_pre2019","1"
"2016","50130","제주특별자치도","서귀포시","제주특별자치도 서귀포시","","","","","","","2.4147697289219616","","","","","","","","","","","","4908.12289714066","5.0","10.187193973714198","","0","metropolitan_headquarters","1","1","0","0","0","1","1","0","2022-05-12","1","0","unknown_pre2019","1"
"2016","51110","강원특별자치도","춘천시","강원특별자치도 춘천시","-0.5871178802","-0.101733996","-0.0616906767","0.2612819637","10.32766135620111","0.0","2.390931943069166","0.0","0.0","0.0","1.0","1.6650749827847109","523611000.0","0.0","0.0","523611000.0","0.0","523611000.0","17130.760052797013","17.0","9.9236694388375","28524.0","1","observed","1","1","1","1","1","1","1","0","2022-05-12","1","0","full_date","1"
"2016","51130","강원특별자치도","원주시","강원특별자치도 원주시","-0.5438559515","-0.060119098","-0.4852765001","-0.1793198349","10.643518902524132","0.0","0.6700739166529438","0.0","0.0","0.0","1.0","1.7233271741086884","439227000.0","0.0","0.0","439227000.0","0.0","439227000.0","10477.987158381084","1.0","0.9543817766565258","18057.0","1","observed","1","1","1","1","1","1","1","0","2022-05-12","1","0","full_date","1"
"2016","51150","강원특별자치도","강릉시","강원특별자치도 강릉시","-0.7093496804","-0.2193122926","-0.2981317956","0.0221714387","9.435240755091614","0.0","1.800374004003916","0.0","0.0","0.0","","","346985000.0","0.0","0.0","346985000.0","0.0","346985000.0","27712.288362127525","14.0","5.051910479948973","","1","observed","1","1","1","1","1","1","1","0","2022-05-12","1","0","unknown_pre2019","1"
"2016","51170","강원특별자치도","동해시","강원특별자치도 동해시","-0.7538096614","-0.2620796316","-0.8009019716","-0.496326084","9.110636167875427","0.0","0.0","0.0","0.0","0.0","","","42445000.0","0.0","0.0","42445000.0","0.0","42445000.0","4690.028793632587","0.0","0.0","","1","observed","1","1","1","1","1","1","1","0","2022-05-12","1","0","unknown_pre2019","1"
"2016","51190","강원특별자치도","태백시","강원특별자치도 태백시","-0.6974398205","-0.2078558546","-0.3167631533","0.0023248032","9.522195248630046","0.0","1.6993875424570484","0.0","0.0","0.0","","","61104000.0","0.0","0.0","61104000.0","0.0","61104000.0","4473.676582756398","2.0","4.4705958577982985","","1","observed","1","1","1","1","1","1","1","0","2022-05-12","1","0","unknown_pre2019","1"
"2016","51210","강원특별자치도","속초시","강원특별자치도 속초시","-0.5936761477","-0.1080425827","-0.0486026343","0.275139358","10.279779111458492","0.0","2.457301945571374","0.0","0.0","0.0","","","54597000.0","0.0","0.0","54597000.0","0.0","54597000.0","1873.839293759796","2.0","10.673273885654659","","1","observed","1","1","1","1","1","1","1","0","2022-05-12","1","0","unknown_pre2019","1"
"2016","51230","강원특별자치도","삼척시","강원특별자치도 삼척시","-0.3545308058","0.9127974989","-0.3592644456","0.4719720895","6.912269479207712","6.993904593613876","0.6799243013693317","0.0","0.520416948","0.0","","","41224000.0","44734000.0","0.0","85958000.0","0.0","41224000.0","41079.22020830035","4.0","0.9737283180443069","","1","observed","1","1","1","1","1","1","1","0","2022-05-12","1","0","unknown_pre2019","1"
"2016","51720","강원특별자치도","홍천군","강원특별자치도 홍천군","-0.8312253347","-0.3365480022","-0.4485810914","-0.1279191906","8.545420392683333","0.0","1.5360660559201387","0.0","0.0","0.0","","","183332000.0","0.0","0.0","183332000.0","0.0","183332000.0","35652.81320403021","13.0","3.646276080825643","","1","observed","1","1","1","1","1","1","1","0","2022-05-12","1","0","unknown_pre2019","1"
"2016","51730","강원특별자치도","횡성군","강원특별자치도 횡성군","-0.7375576534","-0.2464463561","-0.4968643095","-0.1822816176","9.229292906377122","0.0","1.1156108655513437","0.0","0.0","0.0","1.0","0.8237523687895162","198697000.0","0.0","0.0","198697000.0","0.0","198697000.0","19498.57822394212","4.0","2.0514316244291275","16062.0","1","observed","1","1","1","1","1","1","1","0","2022-05-12","1","0","full_date","1"
"2016","51750","강원특별자치도","영월군","강원특별자치도 영월군","-0.7725060072","-0.2800641862","-0.727202459","-0.4191449177","8.974133194986052","0.0","0.32764390646552816","0.0","0.0","0.0","","","203644000.0","0.0","0.0","203644000.0","0.0","203644000.0","25793.489291269954","1.0","0.38769473517429814","","1","observed","1","1","1","1","1","1","1","0","2022-05-12","1","0","unknown_pre2019","1"
"2016","51760","강원특별자치도","평창군","강원특별자치도 평창군","-0.6189075542","-0.1323134009","-0.4480613532","-0.1372858153","10.095563326672842","0.0","1.001365285090081","0.0","0.0","0.0","","","562934000.0","0.0","0.0","562934000.0","0.0","562934000.0","23228.863168648888","4.0","1.7219955927066837","","1","observed","1","1","1","1","1","1","1","0","2022-05-12","1","0","unknown_pre2019","1"
"2016","51770","강원특별자치도","정선군","강원특별자치도 정선군","-0.6508603542","-0.1630497215","-0.3368502439","-0.020646468","9.862274305718755","0.0","1.5052280802782798","0.0","0.0","0.0","1.0","0.8137472553936301","492766000.0","0.0","0.0","492766000.0","0.0","492766000.0","25676.27707683394","9.0","3.5051810560652203","20894.0","1","observed","1","1","1","1","1","1","1","0","2022-05-12","1","0","full_date","1"
"2016","51780","강원특별자치도","철원군","강원특별자치도 철원군","-0.1360382692","0.3321725017","0.8588083536","1.1933296669","13.621016581469046","0.0","4.752710761516938","0.0","0.0","0.0","","","143301000.0","0.0","0.0","143301000.0","0.0","143301000.0","174.06738674227793","2.0","114.8980310114712","","1","observed","1","1","1","1","1","1","1","0","2022-05-12","1","0","unknown_pre2019","1"
"2016","51790","강원특별자치도","화천군","강원특별자치도 화천군","-0.6627890145","-0.1745242442","-0.2906851092","0.0277097018","9.775182548776195","0.0","1.7110125043433964","0.0","0.0","0.0","","","77585000.0","0.0","0.0","77585000.0","0.0","77585000.0","4410.568912950758","2.0","4.534562410140329","","1","observed","1","1","1","1","1","1","1","0","2022-05-12","1","0","unknown_pre2019","1"
"2016","51800","강원특별자치도","양구군","강원특별자치도 양구군","-0.4950217706","-0.0131440899","0.2647182724","0.5949516329","11.000059745218833","0.0","3.399940893274757","0.0","0.0","0.0","","","82696000.0","0.0","0.0","82696000.0","0.0","82696000.0","1381.1043984930916","4.0","28.96232901990869","","1","observed","1","1","1","1","1","1","1","0","2022-05-12","1","0","unknown_pre2019","1"
"2016","51810","강원특별자치도","인제군","강원특별자치도 인제군","-0.8982443077","-0.4010154868","-0.594384083","-0.2757581058","8.056111455828864","0.0","1.150772805942683","0.0","0.0","0.0","","","87530000.0","0.0","0.0","87530000.0","0.0","87530000.0","27769.62015277217","6.0","2.160634523263738","","1","observed","1","1","1","1","1","1","1","0","2022-05-12","1","0","unknown_pre2019","1"
"2016","51820","강원특별자치도","고성군","강원특별자치도 고성군","-0.4979362592","-0.0159476207","0.1119003963","0.4368589425","10.978780915323904","0.0","2.825922339168735","0.0","0.0","0.0","","","184600000.0","0.0","0.0","184600000.0","0.0","184600000.0","3149.3079987109445","5.0","15.87650367016046","","1","observed","1","1","1","1","1","1","1","0","2022-05-12","1","0","unknown_pre2019","1"
"2016","51830","강원특별자치도","양양군","강원특별자치도 양양군","-0.7617449943","-0.2697128573","-0.320056889","0.0019143262","9.0526998984957","0.0","1.8494016648242275","0.0","0.0","0.0","","","127566000.0","0.0","0.0","127566000.0","0.0","127566000.0","14936.47696406484","8.0","5.356015357066414","","1","observed","1","1","1","1","1","1","1","0","2022-05-12","1","0","unknown_pre2019","1"
"2017","11110","서울특별시","종로구","서울특별시 종로구","-0.2450310679","-0.2732689539","-0.4628634013","-0.5052732781","12.825254604218008","0.0","0.0","0.0","0.0","0.0","","","87795000.0","0.0","0.0","87795000.0","0.0","87795000.0","236.3380504095327","0.0","0.0","","1","observed","1","1","1","1","1","1","1","0","2022-05-12","1","0","unknown_pre2019","1"
"2017","11140","서울특별시","중구","서울특별시 중구","0.1569141503","0.1243082385","-0.1958062007","-0.2402218165","15.759877123457198","0.0","0.0","0.0","0.0","0.0","","","39680000.0","0.0","0.0","39680000.0","0.0","39680000.0","5.677328911138141","0.0","0.0","","1","observed","1","1","1","1","1","1","1","0","2022-05-12","1","0","unknown_pre2019","1"
"2017","11170","서울특별시","용산구","서울특별시 용산구","-2.0016623643","-2.0108105573","-1.6299902017","-1.663634347","0.0","0.0","0.0","0.0","","","","","0.0","0.0","0.0","0.0","0.0","0.0","97.12961906598258","0.0","0.0","","1","observed","1","1","1","1","1","1","1","0","2022-05-12","1","0","unknown_pre2019","1"
"2017","11200","서울특별시","성동구","서울특별시 성동구","1.4945552788","1.4333493926","0.6887229022","0.6324722863","16.418943332397482","12.45605821666469","0.0","0.0","0.018653553","0.0","","","40509000.0","770000.0","0.0","41279000.0","0.0","40509000.0","2.9984379544998263","0.0","0.0","","1","observed","1","1","1","1","1","1","1","0","2022-05-12","1","0","unknown_pre2019","1"
"2017","11215","서울특별시","광진구","서울특별시 광진구","-2.0016623643","-2.0108105573","-1.6299902017","-1.663634347","0.0","0.0","0.0","0.0","","","","","0.0","0.0","0.0","0.0","0.0","0.0","116.90856639083398","0.0","0.0","","1","observed","1","1","1","1","1","1","1","0","2022-05-12","1","0","unknown_pre2019","1"
"2017","11230","서울특별시","동대문구","서울특별시 동대문구","-2.0016623643","-2.0108105573","-1.6299902017","-1.663634347","0.0","0.0","0.0","0.0","","","","","0.0","0.0","0.0","0.0","0.0","0.0","9.21884241031151","0.0","0.0","","1","observed","1","1","1","1","1","1","1","0","2022-05-12","1","0","unknown_pre2019","1"
"2017","11260","서울특별시","중랑구","서울특별시 중랑구","-2.0016623643","-2.0108105573","-0.3556338264","-0.3409860455","0.0","0.0","4.848204860781462","0.0","","","","","0.0","0.0","0.0","0.0","0.0","0.0","79.04433266810034","1.0","126.51128376260765","","1","observed","1","1","1","1","1","1","1","0","2022-05-12","1","0","unknown_pre2019","1"
"2017","11290","서울특별시","성북구","서울특별시 성북구","-2.0016623643","-2.0108105573","-1.6299902017","-1.663634347","0.0","0.0","0.0","0.0","","","","","0.0","0.0","0.0","0.0","0.0","0.0","145.07422297425637","0.0","0.0","","1","observed","1","1","1","1","1","1","1","0","2022-05-12","1","0","unknown_pre2019","1"
"2017","11305","서울특별시","강북구","서울특별시 강북구","-2.0016623643","-2.0108105573","-1.6299902017","-1.663634347","0.0","0.0","0.0","0.0","","","","","0.0","0.0","0.0","0.0","0.0","0.0","115.00982494842624","0.0","0.0","","1","observed","1","1","1","1","1","1","1","0","2022-05-12","1","0","unknown_pre2019","1"
"2017","11320","서울특별시","도봉구","서울특별시 도봉구","-0.4627012167","-0.4885736341","-0.6074860463","-0.6488097315","11.236033755992969","0.0","0.0","0.0","0.0","0.0","","","5556000.0","0.0","0.0","5556000.0","5556000.0","5556000.0","73.28591370155792","0.0","0.0","","1","observed","1","1","1","1","1","1","1","0","2022-05-12","1","0","unknown_pre2019","1"
"2017","11350","서울특별시","노원구","서울특별시 노원구","-0.6302219364","-0.6542738698","-0.7187888119","-0.7592765553","10.012956446106067","0.0","0.0","0.0","0.0","0.0","","","7645000.0","0.0","0.0","7645000.0","7645000.0","7645000.0","342.629869805798","0.0","0.0","","1","observed","1","1","1","1","1","1","1","0","2022-05-12","1","0","unknown_pre2019","1"
"2017","11380","서울특별시","은평구","서울특별시 은평구","0.8705324451","0.8164222367","1.2657261129","1.2502784301","12.066443137204761","12.177695156522953","3.7721619326673594","0.0","0.527784504","0.0","","","40951000.0","45770000.0","0.0","86721000.0","0.0","40951000.0","235.43842164253857","1.0","42.47395106641854","","1","observed","1","1","1","1","1","1","1","0","2022-05-12","1","0","unknown_pre2019","1"
"2017","11410","서울특별시","서대문구","서울특별시 서대문구","-0.2432259218","-0.2714834247","-0.4616640407","-0.5040829253","12.83843406795864","0.0","0.0","0.0","0.0","0.0","","","36268000.0","0.0","0.0","36268000.0","499000.0","36268000.0","96.35265559778222","0.0","0.0","","1","observed","1","1","1","1","1","1","1","0","2022-05-12","1","0","unknown_pre2019","1"
"2017","11440","서울특별시","마포구","서울특별시 마포구","0.2826998014","0.2487269496","-0.1122327127","-0.157276009","16.678244571604726","0.0","0.0","0.0","0.0","0.0","","","140375000.0","0.0","0.0","140375000.0","1831000.0","140375000.0","8.01715368311193","0.0","0.0","","1","observed","1","1","1","1","1","1","1","0","2022-05-12","1","0","unknown_pre2019","1"
"2017","11470","서울특별시","양천구","서울특별시 양천구","-2.0016623643","-2.0108105573","-1.6299902017","-1.663634347","0.0","0.0","0.0","0.0","","","","","0.0","0.0","0.0","0.0","0.0","0.0","10.490697981839414","0.0","0.0","","1","observed","1","1","1","1","1","1","1","0","2022-05-12","1","0","unknown_pre2019","1"
"2017","11500","서울특별시","강서구","서울특별시 강서구","-0.0343832403","-0.064910282","-0.3229064704","-0.3663674968","14.363205126951101","0.0","0.0","0.0","0.0","0.0","","","46072000.0","0.0","0.0","46072000.0","499000.0","46072000.0","26.64259896071815","0.0","0.0","","1","observed","1","1","1","1","1","1","1","0","2022-05-12","1","0","unknown_pre2019","1"
"2017","11530","서울특별시","구로구","서울특별시 구로구","0.2247643389","0.1914210843","-0.1507257256","-0.1954799192","16.255254807442377","0.0","0.0","0.0","0.0","0.0","","","184429000.0","0.0","0.0","184429000.0","0.0","184429000.0","16.079101788615233","0.0","0.0","","1","observed","1","1","1","1","1","1","1","0","2022-05-12","1","0","unknown_pre2019","1"
"2017","11545","서울특별시","금천구","서울특별시 금천구","1.4437862916","1.381004968","2.2235218115","2.2262079199","14.67079544437762","14.340076756890106","5.969796480460376","0.0","0.418065725","0.0","","","60243000.0","43279000.0","0.0","103522000.0","7230000.0","60243000.0","25.61304832421682","1.0","390.4259998035893","","1","observed","1","1","1","1","1","1","1","0","2022-05-12","1","0","unknown_pre2019","1"
"2017","11560","서울특별시","영등포구","서울특별시 영등포구","","","","","","","","","","","","","0.0","0.0","0.0","0.0","0.0","0.0","0.0","0.0","","","1","observed","1","0","0","0","1","1","1","0","2022-05-12","1","0","unknown_pre2019","1"
"2017","11590","서울특별시","동작구","서울특별시 동작구","-2.0016623643","-2.0108105573","-1.6299902017","-1.663634347","0.0","0.0","0.0","0.0","","","","","0.0","0.0","0.0","0.0","0.0","0.0","19.78023516826956","0.0","0.0","","1","observed","1","1","1","1","1","1","1","0","2022-05-12","1","0","unknown_pre2019","1"
"2017","11620","서울특별시","관악구","서울특별시 관악구","-2.0016623643","-2.0108105573","-0.7083967833","-0.7071170077","0.0","0.0","3.50614143500919","0.0","","","","","0.0","0.0","0.0","0.0","0.0","0.0","309.4111662481816","1.0","32.31945414658664","","1","observed","1","1","1","1","1","1","1","0","2022-05-12","1","0","unknown_pre2019","1"
"2017","11650","서울특별시","서초구","서울특별시 서초구","1.2313643985","1.1738958017","0.514118667","0.4595032257","15.065380614460636","11.679179000169434","0.0","0.0","0.032729233","0.0","","","281647000.0","9530000.0","0.0","291177000.0","0.0","281647000.0","80.70372588686055","0.0","0.0","","1","observed","1","1","1","1","1","1","1","0","2022-05-12","1","0","unknown_pre2019","1"
"2017","11680","서울특별시","강남구","서울특별시 강남구","-2.0016623643","-2.0108105573","-1.6299902017","-1.663634347","0.0","0.0","0.0","0.0","","","","","0.0","0.0","0.0","0.0","0.0","0.0","13.375270459764742","0.0","0.0","","1","observed","1","1","1","1","1","1","1","0","2022-05-12","1","0","unknown_pre2019","1"
"2017","11710","서울특별시","송파구","서울특별시 송파구","1.3789730851","1.3169353823","0.6113028608","0.5548629461","14.223028549481114","14.30528501268961","0.0","12.479879064996561","0.480264176","0.0773953872349208","1.0","22.5470989571888","42865000.0","46540000.0","7500000.0","96905000.0","15145000.0","50365000.0","28.51808124942784","0.0","0.0","643.0","1","observed","1","1","1","1","1","1","1","0","2022-05-12","1","0","full_date","1"
"2017","11740","서울특별시","강동구","서울특별시 강동구","1.0482084079","0.9946697484","0.3930090297","0.3400191902","14.984137438916488","9.96132961480892","0.0","0.0","0.006542612","0.0","","","58460000.0","385000.0","0.0","58845000.0","6530000.0","58460000.0","18.168988088480827","0.0","0.0","","1","observed","1","1","1","1","1","1","1","0","2022-05-12","1","0","unknown_pre2019","1"
"2017","26110","부산광역시","중구","부산광역시 중구","-2.0016623643","-2.0108105573","-1.6299902017","-1.663634347","0.0","0.0","0.0","0.0","","","","","0.0","0.0","0.0","0.0","0.0","0.0","1.9206728470322727","0.0","0.0","","1","observed","1","1","1","1","1","1","1","0","2022-05-12","1","0","unknown_pre2019","1"
"2017","26140","부산광역시","서구","부산광역시 서구","0.808915967","0.754285775","0.2329135843","0.1797632079","10.84624014850225","13.23130754296595","0.0","0.0","0.915682873","0.0","","","8942000.0","97110000.0","0.0","106052000.0","5313000.0","8942000.0","174.17301864018526","0.0","0.0","","1","observed","1","1","1","1","1","1","1","0","2022-05-12","1","0","unknown_pre2019","1"
"2017","26170","부산광역시","동구","부산광역시 동구","0.7575868022","0.703113039","0.1986895596","0.1456480505","10.211564193707282","13.58680605246898","0.0","0.0","0.966922893","0.0","","","3322000.0","97110000.0","0.0","100432000.0","2793000.0","3322000.0","122.06456414754766","0.0","0.0","","1","observed","1","1","1","1","1","1","1","0","2022-05-12","1","0","unknown_pre2019","1"
"2017","26200","부산광역시","영도구","부산광역시 영도구","1.0126280523","0.9559105028","0.3683002222","0.3141796931","12.415422097195341","13.119332192935001","0.0","0.0","0.669054574","0.0","","","71606000.0","144762000.0","0.0","216368000.0","67977000.0","71606000.0","290.4035146521948","0.0","0.0","","1","observed","1","1","1","1","1","1","1","0","2022-05-12","1","0","unknown_pre2019","1"
"2017","26230","부산광역시","부산진구","부산광역시 부산진구","0.5306570471","0.4798629643","0.0482785011","-0.0031853326","9.340619600517787","12.511934845503896","0.0","0.0","0.959743684","0.0","1.0","2.7782241123074805","4473000.0","106640000.0","0.0","111113000.0","4473000.0","4473000.0","392.6969012927685","0.0","0.0","1091.0","1","observed","1","1","1","1","1","1","1","0","2022-05-12","1","0","full_date","1"
"2017","26260","부산광역시","동래구","부산광역시 동래구","0.7212338307","0.6680501455","1.1314987364","1.1152210967","10.525738623172579","12.794085792762065","3.639680185615748","0.0","0.906223462","0.0","","","10049000.0","97110000.0","0.0","107159000.0","2793000.0","10049000.0","269.6896622776364","1.0","37.07965635592416","","1","observed","1","1","1","1","1","1","1","0","2022-05-12","1","0","unknown_pre2019","1"
"2017","26290","부산광역시","남구","부산광역시 남구","0.9494476567","0.893396224","0.3263162748","0.2725035072","11.94087767039304","13.137469818141343","0.0","0.0","0.767918802","0.0","","","64458000.0","213281000.0","0.0","277739000.0","57202000.0","64458000.0","420.1674216945598","0.0","0.0","","1","observed","1","1","1","1","1","1","1","0","2022-05-12","1","0","unknown_pre2019","1"
"2017","26320","부산광역시","북구","부산광역시 북구","0.6804788714","0.6283744735","0.1479171812","0.0958223402","10.640294168089559","12.230432188649184","0.0","0.0","0.830638201","0.0","","","35714000.0","175160000.0","0.0","210874000.0","0.0","35714000.0","854.7278301363647","0.0","0.0","","1","observed","1","1","1","1","1","1","1","0","2022-05-12","1","0","unknown_pre2019","1"
"2017","26350","부산광역시","해운대구","부산광역시 해운대구","0.5484890833","0.4986933014","0.0604836535","0.0093682255","10.24277059243414","11.456106132304336","0.0","0.0","0.770893023","0.0","","","52057000.0","175160000.0","0.0","227217000.0","0.0","52057000.0","1854.0261530217567","0.0","0.0","","1","observed","1","1","1","1","1","1","1","0","2022-05-12","1","0","unknown_pre2019","1"
"2017","26380","부산광역시","사하구","부산광역시 사하구","-0.2327492056","-0.2611205613","-0.4547031854","-0.4971743496","12.914925106931678","0.0","0.0","0.0","0.0","0.0","","","205394000.0","0.0","0.0","205394000.0","26430000.0","30235000.0","505.4848147004281","0.0","0.0","","1","observed","1","1","1","1","1","1","1","0","2022-05-12","1","0","unknown_pre2019","1"
"2017","26410","부산광역시","금정구","부산광역시 금정구","-0.406534279","-0.4330170747","-0.081511927","-0.1045981921","11.646111430155443","0.0","1.8590600692567483","10.118074014672645","0.0","0.1782763888022944","1.0","3.045290148307508","210874000.0","0.0","45750000.0","256624000.0","74208000.0","256624000.0","1845.8011310101283","1.0","5.417701740451002","5621.0","1","observed","1","1","1","1","1","1","1","0","2022-05-12","1","0","full_date","1"
"2017","26440","부산광역시","강서구","부산광역시 강서구","0.4966672644","0.4474008817","0.0260424988","-0.024826721","9.842555025036004","11.486007154192562","0.0","10.457490331436778","0.644814537","0.2305407076909484","","","33859000.0","175160000.0","62625000.0","271644000.0","92414000.0","96484000.0","1799.408931548245","0.0","0.0","","1","observed","1","1","1","1","1","1","1","0","2022-05-12","1","0","unknown_pre2019","1"
"2017","26470","부산광역시","연제구","부산광역시 연제구","0.8118191302","0.7564247178","0.2346228581","0.1811891697","10.392980745406279","13.880233439208112","0.0","0.0","0.970323741","0.0","","","2970000.0","97110000.0","0.0","100080000.0","2793000.0","2970000.0","91.02392760698054","0.0","0.0","","1","observed","1","1","1","1","1","1","1","0","2022-05-12","1","0","unknown_pre2019","1"
"2017","26500","부산광역시","수영구","부산광역시 수영구","-0.0934339127","-0.1233192379","-0.3621404419","-0.4053068007","13.932073158653315","0.0","0.0","0.0","0.0","0.0","","","101624000.0","0.0","0.0","101624000.0","3633000.0","4514000.0","90.4428371108635","0.0","0.0","","1","observed","1","1","1","1","1","1","1","0","2022-05-12","1","0","unknown_pre2019","1"
"2017","26530","부산광역시","사상구","부산광역시 사상구","0.5225643445","0.4723114418","0.0430374728","-0.0082196809","9.575035577704384","12.110505168026146","0.0","0.0","0.926595613","0.0","","","7693000.0","97110000.0","0.0","104803000.0","700000.0","7693000.0","534.2453807745762","0.0","0.0","","1","observed","1","1","1","1","1","1","1","0","2022-05-12","1","0","unknown_pre2019","1"
"2017","26710","부산광역시","기장군","부산광역시 기장군","-0.3644661826","-0.3914061414","0.1239358667","0.1073659632","11.953252745535815","0.0","2.534336654957796","9.402357887468847","0.0","0.0723612829872124","","","802824000.0","0.0","62625000.0","865449000.0","480775000.0","865449000.0","5168.820314992766","6.0","11.608064576352753","","1","observed","1","1","1","1","1","1","1","0","2022-05-12","1","0","unknown_pre2019","1"
"2017","27110","대구광역시","중구","대구광역시 중구","","","","","","","","","","","","","0.0","0.0","0.0","0.0","0.0","0.0","0.0","0.0","","","1","observed","1","0","0","0","1","1","1","0","2022-05-12","1","0","unknown_pre2019","1"
"2017","27140","대구광역시","동구","대구광역시 동구","-2.0016623643","-2.0108105573","-1.6299902017","-1.663634347","0.0","0.0","0.0","0.0","","","","","0.0","0.0","0.0","0.0","0.0","0.0","5054.679670192707","0.0","0.0","","1","observed","1","1","1","1","1","1","1","0","2022-05-12","1","0","unknown_pre2019","1"
"2017","27170","대구광역시","서구","대구광역시 서구","1.4659393313","1.4024310241","0.6689267441","0.6118600406","14.517660565906365","14.770740431777169","0.0","0.0","0.562934442","0.0","","","59482000.0","76612000.0","0.0","136094000.0","43365000.0","59482000.0","29.4744631745872","0.0","0.0","","1","observed","1","1","1","1","1","1","1","0","2022-05-12","1","0","unknown_pre2019","1"
"2017","27200","대구광역시","남구","대구광역시 남구","-2.0016623643","-2.0108105573","-1.6299902017","-1.663634347","0.0","0.0","0.0","0.0","","","","","0.0","0.0","0.0","0.0","0.0","0.0","292.73579718212096","0.0","0.0","","1","observed","1","1","1","1","1","1","1","0","2022-05-12","1","0","unknown_pre2019","1"
"2017","27230","대구광역시","북구","대구광역시 북구","0.7493270451","0.6974402613","0.1939502345","0.1418661987","11.768382290875765","11.375022451549873","0.0","0.0","0.402907852","0.0","","","300328978.0","202657000.0","0.0","502985978.0","300328978.0","300328978.0","2326.253889395725","0.0","0.0","","1","observed","1","1","1","1","1","1","1","0","2022-05-12","1","0","unknown_pre2019","1"
"2017","27260","대구광역시","수성구","대구광역시 수성구","0.7432562876","0.6917547339","0.1900124502","0.1380758471","11.93080106645597","11.092256163365336","0.0","0.0","0.301839511","0.0","","","165212000.0","71427000.0","0.0","236639000.0","161381000.0","165212000.0","1087.835883476674","0.0","0.0","","1","observed","1","1","1","1","1","1","1","0","2022-05-12","1","0","unknown_pre2019","1"
"2017","27290","대구광역시","달서구","대구광역시 달서구","0.6962218111","0.6451001044","0.1587228286","0.1069727608","11.502382596529994","11.208536745210539","0.0","0.0","0.427061756","0.0","","","81595000.0","60820000.0","0.0","142415000.0","81595000.0","81595000.0","824.6062940159311","0.0","0.0","","1","observed","1","1","1","1","1","1","1","0","2022-05-12","1","0","unknown_pre2019","1"
"2017","27710","대구광역시","달성군","대구광역시 달성군","0.4673278051","0.4198459945","0.3027366913","0.2637590981","10.57751081584987","10.187808524261225","1.1251549848069735","0.0","0.403786046","0.0","1.0","0.04806403770000665","377194400.0","255455000.0","0.0","632649400.0","371801000.0","377194400.0","9612.176215481291","2.0","2.0806942727275604","462.0","1","observed","1","1","1","1","1","1","1","0","2022-05-12","1","0","full_date","1"
"2017","27720","대구광역시","군위군","대구광역시 군위군","","","","","","","0.4331560632308906","","","","1.0","1.2405802445368257","","","","","","","18446.207007386136","1.0","0.5421168696630072","22884.0","0","administrative_history","1","1","0","0","0","1","1","0","2022-05-12","1","0","full_date","1"
"2017","28110","인천광역시","중구","인천광역시 중구","0.3673115822","0.3208649875","-0.05947909","-0.1091839838","9.813819477617194","10.233583353105395","0.0","9.577279103933419","0.459572048","0.2384019540595252","","","18053000.0","27470000.0","14250000.0","59773000.0","18250000.0","32303000.0","987.3826441590792","0.0","0.0","","1","observed","1","1","1","1","1","1","1","0","2022-05-12","1","0","unknown_pre2019","1"
"2017","28140","인천광역시","동구","인천광역시 동구","-2.0016623643","-2.0108105573","-1.6299902017","-1.663634347","0.0","0.0","0.0","0.0","","","","","0.0","0.0","0.0","0.0","0.0","0.0","3.958094174333669","0.0","0.0","","1","observed","1","1","1","1","1","1","1","0","2022-05-12","1","0","unknown_pre2019","1"
"2017","28177","인천광역시","미추홀구","인천광역시 미추홀구","","","","","","","0.0","","","","","","","","","","","","18.833217834767712","0.0","0.0","","0","administrative_history","1","1","0","0","0","1","1","0","2022-05-12","1","0","unknown_pre2019","1"
"2017","28185","인천광역시","연수구","인천광역시 연수구","-0.040068384","-0.070533644","-0.3266837477","-0.3701164048","14.321697602906616","0.0","0.0","0.0","0.0","0.0","","","78169000.0","0.0","0.0","78169000.0","3419000.0","50699000.0","47.1194896000123","0.0","0.0","","1","observed","1","1","1","1","1","1","1","0","2022-05-12","1","0","unknown_pre2019","1"
"2017","28200","인천광역시","남동구","인천광역시 남동구","1.2182930167","1.1586096138","0.5047274034","0.4493124337","13.443717707153787","13.766643116671451","0.0","12.02508837997953","0.526516856","0.0922704250165161","","","39815000.0","54991000.0","9637000.0","104443000.0","17484000.0","49452000.0","57.74507283302972","0.0","0.0","","1","observed","1","1","1","1","1","1","1","0","2022-05-12","1","0","unknown_pre2019","1"
"2017","28237","인천광역시","부평구","인천광역시 부평구","1.1290207598","1.0705019632","0.4454721425","0.390574","12.917866278773818","13.594405373120471","0.0","0.0","0.662966092","0.0","","","13965000.0","27470000.0","0.0","41435000.0","0.0","13965000.0","34.26762162527105","0.0","0.0","","1","observed","1","1","1","1","1","1","1","0","2022-05-12","1","0","unknown_pre2019","1"
"2017","28245","인천광역시","계양구","인천광역시 계양구","1.2237489597","1.1644056826","0.5084721246","0.4531764796","13.742201924144613","13.412880264239945","0.0","12.063399761311487","0.377444043","0.0978991192514324","","","38184000.0","27470000.0","7125000.0","72779000.0","17419000.0","45309000.0","41.088418340379626","0.0","0.0","","1","observed","1","1","1","1","1","1","1","0","2022-05-12","1","0","unknown_pre2019","1"
"2017","28260","인천광역시","서구","인천광역시 서구","1.0574111909","1.0002747049","1.613476291","1.6052149571","12.786246922790763","13.059342504684686","4.6239142146816326","11.875985479633549","0.483730456","0.1481412175648702","","","35411000.0","46531000.0","14250000.0","96192000.0","22520000.0","49661000.0","99.1158076294085","1.0","100.89208007455025","","1","observed","1","1","1","1","1","1","1","0","2022-05-12","1","0","unknown_pre2019","1"
"2017","28710","인천광역시","강화군","인천광역시 강화군","","","","","","","","","0.19917302","0.0609962289348988","","","172840000.0","46531000.0","14250000.0","233621000.0","23492000.0","187090000.0","0.0","0.0","","","1","observed","1","0","0","0","1","1","1","0","2022-05-12","1","0","unknown_pre2019","1"
"2017","28720","인천광역시","옹진군","인천광역시 옹진군","0.6657495927","0.6156388769","0.1386805099","0.0873319425","11.720148829444016","10.606400934338133","0.0","0.0","0.247169731","0.0","","","141907000.0","46591000.0","0.0","188498000.0","0.0","141907000.0","1153.4834967443164","0.0","0.0","","1","observed","1","1","1","1","1","1","1","0","2022-05-12","1","0","unknown_pre2019","1"
"2017","29110","광주광역시","동구","광주광역시 동구","0.4536363294","0.4053264248","-0.0024012318","-0.0528763589","9.844949448066673","11.053031853234357","0.0","0.0","0.769966062","0.0","","","14776000.0","49458000.0","0.0","64234000.0","0.0","14776000.0","783.380373911657","0.0","0.0","","1","observed","1","1","1","1","1","1","1","0","2022-05-12","1","0","unknown_pre2019","1"
"2017","29140","광주광역시","서구","광주광역시 서구","-0.143672233","-0.1730116075","0.9457239547","0.9536349068","13.565280622236168","0.0","5.102671896535852","11.796696300338612","0.0","0.1457176932664974","1.0","25.13208921570337","95267000.0","0.0","16250000.0","111517000.0","65081000.0","111517000.0","122.35353669199284","2.0","163.46074286636338","3075.0","1","observed","1","1","1","1","1","1","1","0","2022-05-12","1","0","full_date","1"
"2017","29155","광주광역시","남구","광주광역시 남구","-0.3648631834","-0.3917988278","-0.5424812891","-0.584293194","11.950354223142984","0.0","0.0","9.394179751188279","0.0","0.0720076433478987","1.0","9.918609398165675","66048000.0","0.0","5125000.0","71173000.0","0.0","71173000.0","426.4710737356274","0.0","0.0","4230.0","1","observed","1","1","1","1","1","1","1","0","2022-05-12","1","0","full_date","1"
"2017","29170","광주광역시","북구","광주광역시 북구","0.2807952294","0.2377442934","-0.1162255468","-0.1645977798","10.772244875488779","8.05877941905351","0.0","0.0","0.062166227","0.0","","","61113000.0","4051000.0","0.0","65164000.0","0.0","61113000.0","1281.7880110647875","0.0","0.0","","1","observed","1","1","1","1","1","1","1","0","2022-05-12","1","0","unknown_pre2019","1"
"2017","29200","광주광역시","광산구","광주광역시 광산구","0.4684731301","0.4203634902","0.0075648772","-0.0428516487","10.187369694780735","10.732852304745881","0.0","0.0","0.633090565","0.0","1.0","3.61885518504658","65089000.0","112309000.0","0.0","177398000.0","48832000.0","65089000.0","2450.222389842844","0.0","0.0","8867.0","1","observed","1","1","1","1","1","1","1","0","2022-05-12","1","0","full_date","1"
"2017","30110","대전광역시","동구","대전광역시 동구","0.4697594974","0.4210102865","0.0082320302","-0.0424204511","9.791647280484513","11.286938201575284","0.0","9.739440736247621","0.695921548","0.1480711780750747","","","12011000.0","53579000.0","11400000.0","76990000.0","15446000.0","23411000.0","671.6531707444556","0.0","0.0","","1","observed","1","1","1","1","1","1","1","0","2022-05-12","1","0","unknown_pre2019","1"
"2017","30140","대전광역시","중구","대전광역시 중구","-0.3241190719","-0.3514974915","-0.5154104152","-0.5574256364","12.247829056785378","0.0","0.0","0.0","0.0","0.0","","","77125000.0","0.0","0.0","77125000.0","0.0","77125000.0","369.8560141423794","0.0","0.0","","1","observed","1","1","1","1","1","1","1","0","2022-05-12","1","0","unknown_pre2019","1"
"2017","30170","대전광역시","서구","대전광역시 서구","0.6641886428","0.612980748","0.1373094254","0.0855598565","10.987267617032439","11.593195312577741","0.0","0.0","0.647013051","0.0","","","29940000.0","54879000.0","0.0","84819000.0","14434000.0","29940000.0","506.46500818257937","0.0","0.0","","1","observed","1","1","1","1","1","1","1","0","2022-05-12","1","0","unknown_pre2019","1"
"2017","30200","대전광역시","유성구","대전광역시 유성구","-0.6326418734","-0.6566675088","-0.720396647","-0.7608723146","9.995288362745317","0.0","0.0","0.0","0.0","0.0","","","34576000.0","0.0","0.0","34576000.0","0.0","34576000.0","1577.23345018462","0.0","0.0","","1","observed","1","1","1","1","1","1","1","0","2022-05-12","1","0","unknown_pre2019","1"
"2017","30230","대전광역시","대덕구","대전광역시 대덕구","0.9241605732","0.8686007509","0.3095802248","0.2559731918","11.896655011925418","12.945441388154002","0.0","0.0","0.740542632","0.0","","","18772000.0","53579000.0","0.0","72351000.0","5266000.0","18772000.0","127.89744823706026","0.0","0.0","","1","observed","1","1","1","1","1","1","1","0","2022-05-12","1","0","unknown_pre2019","1"
"2017","31110","울산광역시","중구","울산광역시 중구","1.1462910504","1.088706795","0.4572831222","0.4027105546","13.770673855584052","12.600455499896535","0.0","10.486747250114153","0.230229608","0.0278085721123695","1.0","4.654959422906975","760409840.0","235954000.0","28500000.0","1024863840.0","759743840.0","788909840.0","795.2808314037114","0.0","0.0","3702.0","1","observed","1","1","1","1","1","1","1","0","2022-05-12","1","0","full_date","1"
"2017","31140","울산광역시","남구","울산광역시 남구","0.9666295214","0.9106013011","0.3377950389","0.2839735586","12.202268602130154","12.951533744446305","0.0","0.0","0.679019133","0.0","1.0","16.502544563478338","88159000.0","186496000.0","0.0","274655000.0","78791000.0","88159000.0","442.477217492871","0.0","0.0","7302.0","1","observed","1","1","1","1","1","1","1","0","2022-05-12","1","0","full_date","1"
"2017","31170","울산광역시","동구","울산광역시 동구","-0.0318209419","-0.0623758287","-0.3212040487","-0.3646778612","14.381912597831594","0.0","0.0","10.389967749335804","0.0","0.0181285024584793","1.0","3.878562776286484","1543610000.0","0.0","28500000.0","1572110000.0","1087988000.0","1163053000.0","876.0977186640777","0.0","0.0","3398.0","1","observed","1","1","1","1","1","1","1","0","2022-05-12","1","0","full_date","1"
"2017","31200","울산광역시","북구","울산광역시 북구","-0.1106680291","-0.1403660674","-0.004469025","-0.0335614517","13.806245996731555","0.0","1.4043002114220589","9.770827304450817","0.0","0.0173702268825897","1.0","3.14519087914535","3224477000.0","0.0","57000000.0","3281477000.0","2385599000.0","2979353000.0","3254.4924595423768","1.0","3.0726757318731437","10236.0","1","observed","1","1","1","1","1","1","1","0","2022-05-12","1","0","full_date","1"
"2017","31710","울산광역시","울주군","울산광역시 울주군","-0.1953100508","-0.2240882659","0.1712602484","0.1513805954","13.188270283347778","0.0","2.2868012587571425","8.882121669599933","0.0","0.0133041528757986","1.0","4.601726761372096","8454753010.0","0.0","114000000.0","8568753010.0","7891751010.0","7936184010.0","15831.01382974732","14.0","8.843400776830384","72850.0","1","observed","1","1","1","1","1","1","1","0","2022-05-12","1","0","full_date","1"
"2017","36110","세종특별자치시","세종시","세종특별자치시","","","","","","","2.18588341511161","","","","1.0","10.33393154532805","","","","","","","1266.0621896527832","1.0","7.898506156907264","13083.4","0","metropolitan_headquarters","1","1","0","0","1","1","1","0","2022-05-12","1","0","full_date","1"
"2017","41111","경기도","수원시 장안구","경기도 수원시 장안구","","","","","","","0.0","","","","","","","","","","","","115.40834556044857","0.0","0.0","","0","city_district_granularity","1","1","0","0","0","1","1","0","2022-05-12","1","0","unknown_pre2019","1"
"2017","41113","경기도","수원시 권선구","경기도 수원시 권선구","","","","","","","0.0","","","","","","","","","","","","253.7072431722083","0.0","0.0","","0","city_district_granularity","1","1","0","0","0","1","1","0","2022-05-12","1","0","unknown_pre2019","1"
"2017","41115","경기도","수원시 팔달구","경기도 수원시 팔달구","","","","","","","0.0","","","","","","","","","","","","26.09973735007635","0.0","0.0","","0","city_district_granularity","1","1","0","0","0","1","1","0","2022-05-12","1","0","unknown_pre2019","1"
"2017","41117","경기도","수원시 영통구","경기도 수원시 영통구","","","","","","","0.0","","","","","","","","","","","","26.157524481531816","0.0","0.0","","0","city_district_granularity","1","1","0","0","0","1","1","0","2022-05-12","1","0","unknown_pre2019","1"
"2017","41131","경기도","성남시 수정구","경기도 성남시 수정구","","","","","","","0.0","","","","1.0","175.01795668975186","","","","","","","71.5983676018642","0.0","0.0","12531.0","0","city_district_granularity","1","1","0","0","0","1","1","0","2022-05-12","1","0","full_date","1"
"2017","41133","경기도","성남시 중원구","경기도 성남시 중원구","","","","","","","5.668833403165514","","","","","","","","","","","","34.63846709358737","1.0","288.696378306282","","0","city_district_granularity","1","1","0","0","0","1","1","0","2022-05-12","1","0","unknown_pre2019","1"
"2017","41135","경기도","성남시 분당구","경기도 성남시 분당구","","","","","","","0.0","","","","","","","","","","","","97.95033572861928","0.0","0.0","","0","city_district_granularity","1","1","0","0","0","1","1","0","2022-05-12","1","0","unknown_pre2019","1"
"2017","41150","경기도","의정부시","경기도 의정부시","-0.1511668136","-0.1804247429","-0.4004988704","-0.4433771374","13.510562307487358","0.0","0.0","0.0","0.0","0.0","","","210941000.0","0.0","0.0","210941000.0","0.0","128567000.0","286.15341427612697","0.0","0.0","","1","observed","1","1","1","1","1","1","1","0","2022-05-12","1","0","unknown_pre2019","1"
"2017","41171","경기도","안양시 만안구","경기도 안양시 만안구","","","","","","","0.0","","","","","","","","","","","","265.8049176907011","0.0","0.0","","0","city_district_granularity","1","1","0","0","0","1","1","0","2022-05-12","1","0","unknown_pre2019","1"
"2017","41173","경기도","안양시 동안구","경기도 안양시 동안구","","","","","","","0.0","","","","","","","","","","","","127.51675699944526","0.0","0.0","","0","city_district_granularity","1","1","0","0","0","1","1","0","2022-05-12","1","0","unknown_pre2019","1"
"2017","41190","경기도","부천시","경기도 부천시","-2.0016623643","-2.0108105573","-1.6299902017","-1.663634347","0.0","0.0","0.0","0.0","","","","","0.0","0.0","0.0","0.0","0.0","0.0","35.10405032799517","0.0","0.0","","1","observed","1","1","1","1","1","1","1","0","2022-05-12","1","0","unknown_pre2019","1"
"2017","41210","경기도","광명시","경기도 광명시","-2.0016623643","-2.0108105573","-1.6299902017","-1.663634347","0.0","0.0","0.0","0.0","","","","","0.0","0.0","0.0","0.0","0.0","0.0","42.54530963524327","0.0","0.0","","1","observed","1","1","1","1","1","1","1","0","2022-05-12","1","0","unknown_pre2019","1"
"2017","41220","경기도","평택시","경기도 평택시","-0.1222446779","-0.1518169102","-0.3812826582","-0.4243052489","13.72172429443529","0.0","0.0","0.0","0.0","0.0","1.0","17.64262123504528","618970000.0","0.0","0.0","618970000.0","149515000.0","618970000.0","679.8309525670219","0.0","0.0","11994.0","1","observed","1","1","1","1","1","1","1","0","2022-05-12","1","0","full_date","1"
"2017","41250","경기도","동두천시","경기도 동두천시","1.1355150115","1.0788729181","0.4503707089","0.3961546366","14.226278917706612","11.869704039462228","0.0","0.0","0.086544082","0.0","1.0","15.385087619048202","937615000.0","88833000.0","0.0","1026448000.0","337921000.0","937615000.0","621.7709145937123","0.0","0.0","9566.0","1","observed","1","1","1","1","1","1","1","0","2022-05-12","1","0","full_date","1"
"2017","41271","경기도","안산시 상록구","경기도 안산시 상록구","","","","","","","5.005618997732435","","","","","","","","","","","","67.45388059852978","1.0","148.24943963591562","","0","city_district_granularity","1","1","0","0","0","1","1","0","2022-05-12","1","0","unknown_pre2019","1"
"2017","41273","경기도","안산시 단원구","경기도 안산시 단원구","","","","","","","3.574586113436977","","","","","","","","","","","","865.0556360091556","3.0","34.67985034858785","","0","city_district_granularity","1","1","0","0","0","1","1","0","2022-05-12","1","0","unknown_pre2019","1"
"2017","41281","경기도","고양시 덕양구","경기도 고양시 덕양구","","","","","","","0.0","","","","","","","","","","","","355.8002227264187","0.0","0.0","","0","city_district_granularity","1","1","0","0","0","1","1","0","2022-05-12","1","0","unknown_pre2019","1"
"2017","41285","경기도","고양시 일산동구","경기도 고양시 일산동구","","","","","","","0.0","","","","","","","","","","","","37.31277505696144","0.0","0.0","","0","city_district_granularity","1","1","0","0","0","1","1","0","2022-05-12","1","0","unknown_pre2019","1"
"2017","41287","경기도","고양시 일산서구","경기도 고양시 일산서구","","","","","","","0.0","","","","","","","","","","","","3.388930813065514","0.0","0.0","","0","city_district_granularity","1","1","0","0","0","1","1","0","2022-05-12","1","0","unknown_pre2019","1"
"2017","41290","경기도","과천시","경기도 과천시","0.8663266877","0.8146569502","1.2772010591","1.2631665632","13.586514392119861","10.056653847118247","3.8237175555317333","0.0","0.028473293","0.0","1.0","2.256612624942787","177632000.0","5206000.0","0.0","182838000.0","0.0","177632000.0","223.34360555692547","1.0","44.774060018706095","504.0","1","observed","1","1","1","1","1","1","1","0","2022-05-12","1","0","full_date","1"
"2017","41310","경기도","구리시","경기도 구리시","1.036029617","0.9789601761","0.3838192504","0.3295461419","12.523087222510654","13.205760112181801","0.0","0.0","0.664335399","0.0","","","44251000.0","87580000.0","0.0","131831000.0","0.0","44251000.0","161.14505903434895","0.0","0.0","","1","observed","1","1","1","1","1","1","1","0","2022-05-12","1","0","unknown_pre2019","1"
"2017","41360","경기도","남양주시","경기도 남양주시","0.8284316862","0.776289743","0.8448715984","0.8152828176","12.737377325088701","10.83962823217105","2.2757443742447476","9.717026010776202","0.125056403","0.0406956819739547","1.0","10.218568287872989","1168481000.0","175159000.0","57000000.0","1400640000.0","727403000.0","1225481000.0","3434.395016144184","3.0","8.73516292068266","35094.6","1","observed","1","1","1","1","1","1","1","0","2022-05-12","1","0","full_date","1"
"2017","41370","경기도","오산시","경기도 오산시","-0.1706936342","-0.1997393613","-0.4134727231","-0.4562535497","13.367995995072757","0.0","0.0","0.0","0.0","0.0","","","119118000.0","0.0","0.0","119118000.0","0.0","119118000.0","186.35076400480355","0.0","0.0","","1","observed","1","1","1","1","1","1","1","0","2022-05-12","1","0","unknown_pre2019","1"
"2017","41390","경기도","시흥시","경기도 시흥시","1.2646795034","1.2044716872","0.5355410474","0.4798871494","13.769228406916517","13.78464159403574","0.0","0.0","0.503853225","0.0","","","134942000.0","137038000.0","0.0","271980000.0","0.0","134942000.0","141.33433515643677","0.0","0.0","","1","observed","1","1","1","1","1","1","1","0","2022-05-12","1","0","unknown_pre2019","1"
"2017","41410","경기도","군포시","경기도 군포시","1.4276039469","1.3649012199","0.6435728565","0.5868401711","14.489664427004117","14.426220192621056","0.0","0.0","0.484144251","0.0","","","105037000.0","98580000.0","0.0","203617000.0","0.0","105037000.0","53.525560683214096","0.0","0.0","","1","observed","1","1","1","1","1","1","1","0","2022-05-12","1","0","unknown_pre2019","1"
"2017","41430","경기도","의왕시","경기도 의왕시","1.2143304641","1.1548839798","0.5021527459","0.4468286778","13.540322630678823","13.594944457458789","0.0","0.0","0.51365208","0.0","1.0","15.65362748477599","106339000.0","112309000.0","0.0","218648000.0","21799000.0","106339000.0","140.02505183745703","0.0","0.0","2191.9","1","observed","1","1","1","1","1","1","1","0","2022-05-12","1","0","full_date","1"
"2017","41450","경기도","하남시","경기도 하남시","1.2181082117","1.1590544029","0.5047927393","0.4496089598","13.84877389315905","13.210791198166634","0.0","0.0","0.345702501","0.0","1.0","45.968654294207305","178141000.0","94122000.0","0.0","272263000.0","58735000.0","178141000.0","172.3130711920396","0.0","0.0","7921.0","1","observed","1","1","1","1","1","1","1","0","2022-05-12","1","0","full_date","1"
"2017","41461","경기도","용인시 처인구","경기도 용인시 처인구","","","","","","","3.0090012309611636","","","","1.0","15.980653909486088","","","","","","","2076.0727432002136","4.0","19.26714761369152","33177.0","0","city_district_granularity","1","1","0","0","0","1","1","0","2022-05-12","1","0","full_date","1"
"2017","41463","경기도","용인시 기흥구","경기도 용인시 기흥구","","","","","","","3.442809018477251","","","","","","","","","","","","330.3089577168603","1.0","30.274686067012347","","0","city_district_granularity","1","1","0","0","0","1","1","0","2022-05-12","1","0","unknown_pre2019","1"
"2017","41465","경기도","용인시 수지구","경기도 용인시 수지구","","","","","","","0.0","","","","","","","","","","","","79.2663751414894","0.0","0.0","","0","city_district_granularity","1","1","0","0","0","1","1","0","2022-05-12","1","0","unknown_pre2019","1"
"2017","41480","경기도","파주시","경기도 파주시","1.0126402682","0.956522368","0.3684881268","0.3145876032","12.803911875824436","12.588106026098446","0.0","0.0","0.44625679","0.0","1.0","16.61360162362581","139360000.0","112309000.0","0.0","251669000.0","9038000.0","139360000.0","383.2401994607623","0.0","0.0","6367.0","1","observed","1","1","1","1","1","1","1","0","2022-05-12","1","0","full_date","1"
"2017","41500","경기도","이천시","경기도 이천시","0.8769003079","0.8228682146","1.2881225195","1.2733838241","12.208332635931901","12.04721749792898","3.84110346687409","0.0","0.459807903","0.0","1.0","13.998076281967732","131943000.0","112309000.0","0.0","244252000.0","37785000.0","131943000.0","658.2290176450433","3.0","45.57684209567589","9213.94","1","observed","1","1","1","1","1","1","1","0","2022-05-12","1","0","full_date","1"
"2017","41550","경기도","안성시","경기도 안성시","0.6184612197","0.5690145577","0.7032754152","0.6748022454","11.472133588416414","10.473403687442833","2.2673242325901652","0.0","0.269187697","0.0","1.0","7.303393676125394","221879000.0","81727000.0","0.0","303606000.0","125836000.0","221879000.0","2311.1940487582983","2.0","8.65353560889667","16879.56","1","observed","1","1","1","1","1","1","1","0","2022-05-12","1","0","full_date","1"
"2017","41570","경기도","김포시","경기도 김포시","1.3674438804","1.3058448508","0.6037366579","0.5474692584","14.341790411865825","14.02772226074518","0.0","0.0","0.422122008","0.0","","","119895560.0","87580000.0","0.0","207475560.0","0.0","119895560.0","70.8341881331828","0.0","0.0","","1","observed","1","1","1","1","1","1","1","0","2022-05-12","1","0","unknown_pre2019","1"
"2017","41590","경기도","화성시","경기도 화성시","0.4195986286","0.3716439936","0.588858305","0.5618106985","9.586967415929763","11.065985661457702","2.335462113253623","0.0","0.814432255","0.0","1.0","2.5315470493290144","31224000.0","137038000.0","0.0","168262000.0","0.0","31224000.0","2142.6502823392866","2.0","9.33423441279673","5424.22","1","observed","1","1","1","1","1","1","1","0","2022-05-12","1","0","full_date","1"
"2017","41610","경기도","광주시","경기도 광주시","0.9990536767","0.9440478631","1.1001251123","1.0747028708","13.329256338455236","11.733904319047602","2.8167078386844038","9.611571457290474","0.16529361","0.0197930635896198","1.0","22.433831185799672","1173392370.0","238006000.0","28500000.0","1439898370.0","1031337370.0","1201892370.0","1908.1894503644528","3.0","15.721709390160488","42808.0","1","observed","1","1","1","1","1","1","1","0","2022-05-12","1","0","full_date","1"
"2017","41630","경기도","양주시","경기도 양주시","0.6156883412","0.565652758","0.1052786632","0.0540078632","11.051007656220074","11.021699661344792","0.0","9.8104509788233","0.42963523","0.1279512496709781","1.0","3.6047750980536883","144548000.0","140373000.0","41805000.0","326726000.0","84693000.0","186353000.0","2294.179185953983","0.0","0.0","8270.0","1","observed","1","1","1","1","1","1","1","0","2022-05-12","1","0","full_date","1"
"2017","41650","경기도","포천시","경기도 포천시","-0.4904564233","-0.5160272188","-0.4150947093","-0.4482903749","11.033391578925249","0.0","0.8020973174200708","0.0","0.0","0.0","1.0","8.126544288512077","503215000.0","0.0","0.0","503215000.0","334671000.0","503215000.0","8128.670398484328","1.0","1.2302134924629986","66058.0","1","observed","1","1","1","1","1","1","1","0","2022-05-12","1","0","full_date","1"
"2017","41670","경기도","여주시","경기도 여주시","-2.0016623643","-2.0108105573","-1.1677824042","-1.1839111156","0.0","0.0","1.758439110009327","0.0","","","1.0","4.5982679160558115","0.0","0.0","0.0","0.0","0.0","0.0","2081.870864151668","1.0","4.803371896015681","9573.0","1","observed","1","1","1","1","1","1","1","0","2022-05-12","1","0","full_date","1"
"2017","41800","경기도","연천군","경기도 연천군","1.0751805866","1.018633572","0.4101157571","0.3559950725","13.422754129857054","12.3662165821526","0.0","11.229968280478001","0.238241553","0.0764798857900372","1.0","48.05747479594534","255367000.0","88780000.0","28500000.0","372647000.0","132278000.0","283867000.0","378.21379665028775","0.0","0.0","18176.0","1","observed","1","1","1","1","1","1","1","0","2022-05-12","1","0","full_date","1"
"2017","41820","경기도","가평군","경기도 가평군","0.1485090146","0.1061615501","0.0908785277","0.0540843401","9.331028140512949","8.708981124555171","1.1231323643669833","7.586674733807457","0.313647124","0.1020660313503873","1.0","3.564559549979538","163151000.0","87580000.0","28500000.0","279231000.0","128257000.0","191651000.0","14461.528634104574","3.0","2.074469494825817","51548.98","1","observed","1","1","1","1","1","1","1","0","2022-05-12","1","0","full_date","1"
"2017","41830","경기도","양평군","경기도 양평군","0.3082753411","0.2635167599","0.186927995","0.1487138125","10.060444683651351","9.306740337018464","1.085472722801166","7.935657429791089","0.29596981","0.0751065326871536","1.0","5.980167221801043","238652000.0","112309000.0","28500000.0","379461000.0","185705000.0","267152000.0","10199.71478015457","2.0","1.9608391441409414","60996.0","1","observed","1","1","1","1","1","1","1","0","2022-05-12","1","0","full_date","1"
"2017","43111","충청북도","청주시 상당구","충청북도 청주시 상당구","","","","","","","1.8475873797243378","","","","1.0","2.461674022814428","","","","","","","3742.168912140501","2.0","5.3444941876127405","9212.0","0","city_district_granularity","1","1","0","0","0","1","1","0","2022-05-12","1","0","full_date","1"
"2017","43112","충청북도","청주시 서원구","충청북도 청주시 서원구","","","","","","","5.101273570961163","","","","","","","","","","","","245.0515906553315","4.0","163.2309339148937","","0","city_district_granularity","1","1","0","0","0","1","1","0","2022-05-12","1","0","unknown_pre2019","1"
"2017","43113","충청북도","청주시 흥덕구","충청북도 청주시 흥덕구","","","","","","","5.568352028466287","","","","","","","","","","","","229.8833210329101","6.0","261.00197148017713","","0","city_district_granularity","1","1","0","0","0","1","1","0","2022-05-12","1","0","unknown_pre2019","1"
"2017","43114","충청북도","청주시 청원구","충청북도 청주시 청원구","","","","","","","3.669652639598743","","","","","","","","","","","","523.0361645621886","2.0","38.23827367031332","","0","city_district_granularity","1","1","0","0","0","1","1","0","2022-05-12","1","0","unknown_pre2019","1"
"2017","43130","충청북도","충주시","충청북도 충주시","0.4007404212","0.3549800952","0.6403408256","0.616520397","10.737540029882167","9.304000662915827","2.57672339293489","0.0","0.192537027","0.0","","","378902000.0","90348000.0","0.0","469250000.0","14236000.0","393138000.0","8227.766231707934","10.0","12.153967089466253","","1","observed","1","1","1","1","1","1","1","0","2022-05-12","1","0","unknown_pre2019","1"
"2017","43150","충청북도","제천시","충청북도 제천시","0.0570109223","0.0177110158","0.3398237759","0.315953755","9.992604251933312","6.890439228852305","2.2991674262882356","0.0","0.042978031","0.0","1.0","1.2132700042397448","317003000.0","14236000.0","0.0","331239000.0","14236000.0","331239000.0","14499.410632856823","13.0","8.965881668694148","17591.7","1","observed","1","1","1","1","1","1","1","0","2022-05-12","1","0","full_date","1"
"2017","43720","충청북도","보은군","충청북도 보은군","0.0698432841","0.0275761754","0.3072821866","0.2807864591","8.255128961624445","9.39497397629566","2.1461533573803075","0.0","0.757683646","0.0","","","30559000.0","95553000.0","0.0","126112000.0","14235000.0","44794000.0","7945.021565993795","6.0","7.551898947236522","","1","observed","1","1","1","1","1","1","1","0","2022-05-12","1","0","unknown_pre2019","1"
"2017","43730","충청북도","옥천군","충청북도 옥천군","0.2374161435","0.1945392923","-0.1451362542","-0.1934011139","10.262993189520046","8.322119988661006","0.0","0.0","0.125529101","0.0","","","99165000.0","14235000.0","0.0","113400000.0","14235000.0","113400000.0","3461.084989142923","0.0","0.0","","1","observed","1","1","1","1","1","1","1","0","2022-05-12","1","0","unknown_pre2019","1"
"2017","43740","충청북도","영동군","충청북도 영동군","0.3326540818","0.2872675269","0.4672340725","0.4387775901","10.003338416267395","9.628288552219463","2.0906703197366467","7.968243265855634","0.378047396","0.0718581317763163","1.0","1.0882471236889222","218175620.0","149939200.0","28500000.0","396614820.0","75190620.0","260911620.0","9872.59214026753","7.0","7.090336459306331","10743.82","1","observed","1","1","1","1","1","1","1","0","2022-05-12","1","0","unknown_pre2019","1"
"2017","43745","충청북도","증평군","충청북도 증평군","0.6802620622","0.6281160275","0.1477599435","0.0956500429","10.61022271409293","12.269396720128418","0.0","0.0","0.840129774","0.0","","","18183000.0","95553000.0","0.0","113736000.0","14235000.0","32418000.0","448.4510789032455","0.0","0.0","","1","observed","1","1","1","1","1","1","1","0","2022-05-12","1","0","unknown_pre2019","1"
"2017","43750","충청북도","진천군","충청북도 진천군","0.3352826505","0.2910305627","0.6523635419","0.6312567876","10.775674079934143","8.598192315664567","2.7870126005516918","0.0","0.101775986","0.0","","","125631000.0","14235000.0","0.0","139866000.0","14235000.0","58548000.0","2625.9720702166314","4.0","15.232454470355496","","1","observed","1","1","1","1","1","1","1","0","2022-05-12","1","0","unknown_pre2019","1"
"2017","43760","충청북도","괴산군","충청북도 괴산군","-0.0626158141","-0.100602126","0.045874695","0.0144791676","9.128000506785748","6.878407121033375","1.483223893840756","0.0","0.095305042","0.0","","","135137000.0","14236000.0","0.0","149373000.0","14236000.0","149373000.0","14675.103804458691","5.0","3.4071309250166024","","1","observed","1","1","1","1","1","1","1","0","2022-05-12","1","0","unknown_pre2019","1"
"2017","43770","충청북도","음성군","충청북도 음성군","0.4380386873","0.3909528837","0.7572574088","0.7364151746","10.413995895834816","10.118975693612176","2.9282949162595266","0.0","0.426772766","0.0","","","94152000.0","70097000.0","0.0","164249000.0","14235000.0","108387000.0","2825.541113033934","5.0","17.695725526468216","","1","observed","1","1","1","1","1","1","1","0","2022-05-12","1","0","unknown_pre2019","1"
"2017","43800","충청북도","단양군","충청북도 단양군","0.2157467025","0.1716699014","0.0557956139","0.0152884512","9.175238499041768","9.593484242638585","0.8208431204074615","7.503395084343155","0.561232257","0.0693774911083616","1.0","0.5342984890304828","151744060.0","230552000.0","28500000.0","410796060.0","98468000.0","194479060.0","15718.142896565196","2.0","1.2724149495021129","8398.18","1","observed","1","1","1","1","1","1","1","0","2022-05-12","1","0","full_date","1"
"2017","44131","충청남도","천안시 동남구","충청남도 천안시 동남구","","","","","","","2.61139734356423","","","","1.0","4.047160767405161","","","","","","","2377.543308260854","3.0","12.618066680747306","9622.300000000001","0","city_district_granularity","1","1","0","0","0","1","1","0","2022-05-12","1","0","full_date","1"
"2017","44133","충청남도","천안시 서북구","충청남도 천안시 서북구","","","","","","","0.0","","","","","","","","","","","","175.33501711721496","0.0","0.0","","0","city_district_granularity","1","1","0","0","0","1","1","0","2022-05-12","1","0","unknown_pre2019","1"
"2017","44150","충청남도","공주시","충청남도 공주시","0.4139999456","0.3679782484","0.6410932382","0.6168596101","10.758403413561904","9.40787283648265","2.546203388933251","0.0","0.205773704","0.0","","","359910000.0","93248000.0","0.0","453158000.0","0.0","359910000.0","7653.9903926024035","9.0","11.758572376441075","","1","observed","1","1","1","1","1","1","1","0","2022-05-12","1","0","unknown_pre2019","1"
"2017","44180","충청남도","보령시","충청남도 보령시","0.3745053222","0.3290410814","0.3450340372","0.3108182808","10.553108302056295","9.294273293778499","1.5195504097465728","8.247120288480783","0.205236637","0.0720125597181207","1.0","1.1451320368927904","429058444.0","121838000.0","42750000.0","593646444.0","188823094.0","471808444.0","11203.948179471963","4.0","3.5701700292838363","12830.0","1","observed","1","1","1","1","1","1","1","0","2022-05-12","1","0","full_date","1"
"2017","44200","충청남도","아산시","충청남도 아산시","0.6072398804","0.558671299","0.8506189092","0.8283367146","11.87985659631204","9.803695127467911","2.855384856138697","0.0","0.111430698","0.0","","","440534000.0","55245000.0","0.0","495779000.0","0.0","440534000.0","3052.293388394725","5.0","16.381125153337965","","1","observed","1","1","1","1","1","1","1","0","2022-05-12","1","0","unknown_pre2019","1"
"2017","44210","충청남도","서산시","충청남도 서산시","-0.6769493741","-0.7004935103","-0.5848980011","-0.6189022555","9.671797041997557","0.0","0.6274922460749682","0.0","0.0","0.0","","","181724000.0","0.0","0.0","181724000.0","0.0","181724000.0","11455.962398752716","1.0","0.8729078930189893","","1","observed","1","1","1","1","1","1","1","0","2022-05-12","1","0","unknown_pre2019","1"
"2017","44230","충청남도","논산시","충청남도 논산시","0.6519246019","0.6013130186","0.9252665979","0.9039113997","11.197574919425458","11.183085382477012","3.028203052823415","0.0","0.496377629","0.0","1.0","0.9108053619372088","222641000.0","219438250.0","0.0","442079250.0","177300000.0","222641000.0","3051.870483159969","6.0","19.66007415159859","2779.66","1","observed","1","1","1","1","1","1","1","0","2022-05-12","1","0","unknown_pre2019","1"
"2017","44250","충청남도","계룡시","충청남도 계룡시","0.4980469864","0.4496392377","0.0272210777","-0.0233344837","10.418363178679531","10.712236203939845","0.0","0.0","0.57294591","0.0","","","23883000.0","32042000.0","0.0","55925000.0","16082000.0","23883000.0","713.6154039255124","0.0","0.0","","1","observed","1","1","1","1","1","1","1","0","2022-05-12","1","0","unknown_pre2019","1"
"2017","44270","충청남도","당진시","충청남도 당진시","0.1870896189","0.1441039907","0.4532697615","0.4289667114","9.470954176841076","8.902860493477093","2.404554933837705","0.0","0.361663205","0.0","","","77289500.0","43790000.0","0.0","121079500.0","0.0","77289500.0","5956.2213296062455","6.0","10.073500744802995","","1","observed","1","1","1","1","1","1","1","0","2022-05-12","1","0","unknown_pre2019","1"
"2017","44710","충청남도","금산군","충청남도 금산군","0.4498718128","0.402824246","0.5617283448","0.5331788414","10.608424091721526","9.97121469872949","2.154316496001003","7.907039088361171","0.331332126","0.0420401106908739","1.0","1.311914928277448","212403000.0","112309000.0","14250000.0","338962000.0","43635000.0","226653000.0","5247.969858106501","4.0","7.621994996448444","6884.89","1","observed","1","1","1","1","1","1","1","0","2022-05-12","1","0","full_date","1"
"2017","44760","충청남도","부여군","충청남도 부여군","-0.4511294429","-0.4771276133","-0.0478432329","-0.0683082677","11.320519866433136","0.0","2.0998741030756527","0.0","0.0","0.0","1.0","0.2835604899645688","460542000.0","0.0","0.0","460542000.0","247269000.0","460542000.0","5582.583103160097","4.0","7.165141881606286","1583.0","1","observed","1","1","1","1","1","1","1","0","2022-05-12","1","0","full_date","1"
"2017","44770","충청남도","서천군","충청남도 서천군","0.4850464934","0.4376619558","0.2923403488","0.252537294","10.894558247779463","9.93111016431739","1.040484536129546","0.0","0.276182349","0.0","1.0","0.7060139363132584","294339000.0","112309000.0","0.0","406648000.0","134183000.0","294339000.0","5462.725027978422","1.0","1.8305882043820676","3856.76","1","observed","1","1","1","1","1","1","1","0","2022-05-12","1","0","full_date","1"
"2017","44790","충청남도","청양군","충청남도 청양군","-0.5366339964","-0.5617029703","-0.2473172258","-0.2727618502","10.69624676416527","0.0","1.5571192779403842","0.0","0.0","0.0","1.0","0.3319435445029159","353969000.0","0.0","0.0","353969000.0","260145000.0","353969000.0","8010.39828619605","3.0","3.7451321305330865","2659.0","1","observed","1","1","1","1","1","1","1","0","2022-05-12","1","0","full_date","1"
"2017","44800","충청남도","홍성군","충청남도 홍성군","-0.7682992425","-0.7908506599","-0.2804484337","-0.3001596767","9.004846998293285","0.0","2.0166566713287986","0.0","0.0","0.0","","","50000000.0","0.0","0.0","50000000.0","50000000.0","50000000.0","6141.408460067389","4.0","6.513163919984747","","1","observed","1","1","1","1","1","1","1","0","2022-05-12","1","0","unknown_pre2019","1"
"2017","44810","충청남도","예산군","충청남도 예산군","0.4358818863","0.3893506038","0.4700213294","0.4385481345","10.742161906329807","9.648596530470034","1.840370301417983","0.0","0.250939425","0.0","","","261933000.0","87749000.0","0.0","349682000.0","196199000.0","261933000.0","5661.584119989491","3.0","5.29887030982694","","1","observed","1","1","1","1","1","1","1","0","2022-05-12","1","0","unknown_pre2019","1"
"2017","44825","충청남도","태안군","충청남도 태안군","-0.6362201275","-0.6602068773","-0.5780915375","-0.6130665826","9.9691633465966","0.0","0.5504352063403257","0.0","0.0","0.0","","","290959000.0","0.0","0.0","290959000.0","0.0","290959000.0","13623.83890554806","1.0","0.7340075047369858","","1","observed","1","1","1","1","1","1","1","0","2022-05-12","1","0","unknown_pre2019","1"
"2017","45111","전라북도","전주시 완산구","전라북도 전주시 완산구","","","","","","","0.0","","","","","","","","","","","","409.1654591119113","0.0","0.0","","0","city_district_granularity","1","1","0","0","0","1","1","0","2022-05-12","1","0","unknown_pre2019","1"
"2017","45113","전라북도","전주시 덕진구","전라북도 전주시 덕진구","","","","","","","0.0","","","","","","","","","","","","110.8834911803561","0.0","0.0","","0","city_district_granularity","1","1","0","0","0","1","1","0","2022-05-12","1","0","unknown_pre2019","1"
"2017","45130","전라북도","군산시","전라북도 군산시","-0.1890655607","-0.2179116361","0.0192795745","-0.0065477932","13.233861623923872","0.0","1.6928165301878575","0.0","0.0","0.0","1.0","15.908393858892182","1260438200.0","0.0","0.0","1260438200.0","1091044200.0","1195036200.0","2254.9102265247807","1.0","4.43476635227815","35872.0","1","observed","1","1","1","1","1","1","1","0","2022-05-12","1","0","full_date","1"
"2017","45140","전라북도","익산시","전라북도 익산시","0.7273543789","0.6759645007","0.179428707","0.127549025","11.77511187091903","11.146402512356493","0.0","9.158517804113782","0.331986147","0.0454729496848747","1.0","3.930133580988212","292617685.0","156046000.0","21374000.0","470037685.0","298009685.0","313991685.0","2251.3229684613457","0.0","0.0","8848.0","1","observed","1","1","1","1","1","1","1","0","2022-05-12","1","0","full_date","1"
"2017","45180","전라북도","정읍시","전라북도 정읍시","0.4483536247","0.4016996519","0.5726425165","0.5446864849","10.841535296308852","9.637221698201476","2.1992462441979583","0.0","0.230700632","0.0","1.0","0.7816755794439623","509827000.0","152889000.0","0.0","662716000.0","440955000.0","509827000.0","9977.284956948184","8.0","8.018213406272212","7799.0","1","observed","1","1","1","1","1","1","1","0","2022-05-12","1","0","full_date","1"
"2017","45190","전라북도","남원시","전라북도 남원시","-0.0529612137","-0.0931048391","0.1084888651","0.0784451184","7.869420745669748","8.696210642064486","1.699371888662432","0.0","0.695721279","0.0","","","52646000.0","120373000.0","0.0","173019000.0","0.0","52646000.0","20131.930252455182","9.0","4.470510222884569","","1","observed","1","1","1","1","1","1","1","0","2022-05-12","1","0","unknown_pre2019","1"
"2017","45210","전라북도","김제시","전라북도 김제시","0.5328119198","0.4838305793","0.050260624","-0.0005402559","10.545393699467912","10.885650413062573","0.0","9.107232887222821","0.531781415","0.0898123831333907","1.0","2.105656764689842","90055000.0","126556000.0","21374000.0","237985000.0","102815000.0","111429000.0","2369.806933246794","0.0","0.0","4990.0","1","observed","1","1","1","1","1","1","1","0","2022-05-12","1","0","unknown_pre2019","1"
"2017","45710","전라북도","완주군","전라북도 완주군","-0.5457277784","-0.5706979282","-0.3711446325","-0.4010073732","10.629852598433775","0.0","1.10901252496341","0.0","0.0","0.0","","","203558000.0","0.0","0.0","203558000.0","0.0","101732000.0","4922.801803117838","1.0","2.031363520194239","","1","observed","1","1","1","1","1","1","1","0","2022-05-12","1","0","unknown_pre2019","1"
"2017","45720","전라북도","진안군","전라북도 진안군","0.2737089242","0.2292230826","0.2779610946","0.2442028404","9.741437833039873","9.397879788809988","1.5192934275195018","0.0","0.414939593","0.0","","","95304000.0","67592000.0","0.0","162896000.0","0.0","95304000.0","5603.817299287868","2.0","3.5689957277053974","","1","observed","1","1","1","1","1","1","1","0","2022-05-12","1","0","unknown_pre2019","1"
"2017","45730","전라북도","무주군","전라북도 무주군","-0.643358075","-0.6672672551","-0.0789072418","-0.0947502851","9.917048828682317","0.0","2.467591638486618","0.0","0.0","0.0","","","131466000.0","0.0","0.0","131466000.0","0.0","131466000.0","6485.079268680864","7.0","10.794008384455534","","1","observed","1","1","1","1","1","1","1","0","2022-05-12","1","0","unknown_pre2019","1"
"2017","45740","전라북도","장수군","전라북도 장수군","-0.2573523673","-0.2962126614","0.2700418865","0.2519528552","5.7698392700597205","9.526846935632914","2.8317010740253656","0.0","0.977247389","0.0","","","2000000.0","85902000.0","0.0","87902000.0","0.0","2000000.0","6260.050966131462","10.0","15.974310838845652","","1","observed","1","1","1","1","1","1","1","0","2022-05-12","1","0","unknown_pre2019","1"
"2017","45750","전라북도","임실군","전라북도 임실군","0.435782809","0.3891875413","0.3606672238","0.3250298949","10.69930648121126","9.706221702917723","1.424664447822283","8.887177431802442","0.241518393","0.1064658321260973","1.0","1.324451832233092","421270000.0","156046000.0","68788000.0","646104000.0","439229000.0","490058000.0","9504.30940080018","3.0","3.1564628985536034","12588.0","1","observed","1","1","1","1","1","1","1","0","2022-05-12","1","0","full_date","1"
"2017","45770","전라북도","순창군","전라북도 순창군","0.4685481292","0.4212632092","0.4469288198","0.4134533141","10.722508596537034","10.001677043506131","1.670400151889266","7.743511934409688","0.316386441","0.0330628718442037","1.0","1.4189712625635433","420597810.0","204552000.0","21376000.0","646525810.0","225928000.0","646525810.0","9271.505594998516","4.0","4.314293896514269","13156.0","1","observed","1","1","1","1","1","1","1","0","2022-05-12","1","0","full_date","1"
"2017","45790","전라북도","고창군","전라북도 고창군","0.0782531921","0.0365904057","-0.0722173523","-0.1131006202","8.767053738383957","8.778780446810865","0.6803211528310366","0.0","0.502932098","0.0","","","65861000.0","66638000.0","0.0","132499000.0","0.0","65861000.0","10261.548919578408","1.0","0.974511750455198","","1","observed","1","1","1","1","1","1","1","0","2022-05-12","1","0","unknown_pre2019","1"
"2017","45800","전라북도","부안군","전라북도 부안군","0.3231344199","0.2784596121","-0.088443728","-0.1374542341","10.327748090476877","9.089522622600926","0.0","0.0","0.224731058","0.0","","","220019000.0","63778000.0","0.0","283797000.0","0.0","220019000.0","7197.644415441628","0.0","0.0","","1","observed","1","1","1","1","1","1","1","0","2022-05-12","1","0","unknown_pre2019","1"
"2017","46110","전라남도","목포시","전라남도 목포시","0.1389814559","0.0946227305","0.5974085562","0.5793449083","7.891987432585192","10.582055916936289","3.0766871210233","0.0","0.936458794","0.0","1.0","0.6516228194166204","1293000.0","19056000.0","0.0","20349000.0","0.0","1293000.0","483.4084851141503","1.0","20.686438711638743","315.0","1","observed","1","1","1","1","1","1","1","0","2022-05-12","1","0","unknown_pre2019","1"
"2017","46130","전라남도","여수시","전라남도 여수시","-0.5979038009","-0.6223069425","-0.2076965359","-0.2297913365","10.248912800067176","0.0","1.8627259671043552","7.857714411014501","0.0","0.0838193384448424","1.0","3.7249131310527788","311517000.0","0.0","28500000.0","340017000.0","106677000.0","190869000.0","11026.834332748904","6.0","5.441271555318857","41074.0","1","observed","1","1","1","1","1","1","1","0","2022-05-12","1","0","full_date","1"
"2017","46150","전라남도","순천시","전라남도 순천시","0.3358407268","0.2904582677","0.5640595746","0.5391899433","10.051681879367","9.593989221398136","2.4509374807946314","0.0","0.387527392","0.0","1.0","2.8203265919698963","372003000.0","235376000.0","0.0","607379000.0","0.0","372003000.0","16038.922630022427","17.0","10.599215665632418","45235.0","1","observed","1","1","1","1","1","1","1","0","2022-05-12","1","0","full_date","1"
"2017","46170","전라남도","나주시","전라남도 나주시","-0.1083594186","-0.1472552517","0.3689277469","0.3506542315","7.883135340102114","8.124254751881708","2.8294886949401796","0.0","0.560009404","0.0","","","14972000.0","19056000.0","0.0","34028000.0","0.0","14972000.0","5647.307308823615","9.0","15.936798739353147","","1","observed","1","1","1","1","1","1","1","0","2022-05-12","1","0","unknown_pre2019","1"
"2017","46230","전라남도","광양시","전라남도 광양시","0.4934118615","0.4456697135","0.5572310707","0.5271188962","10.782926022538302","10.167327924047243","2.027402744421481","8.455203867664887","0.329897295","0.0595301504546223","1.0","4.831505340982957","292311000.0","157938000.0","28500000.0","478749000.0","174446000.0","320811000.0","6065.811363469913","4.0","6.5943362896003785","29307.0","1","observed","1","1","1","1","1","1","1","0","2022-05-12","1","0","full_date","1"
"2017","46710","전라남도","담양군","전라남도 담양군","-0.1940381829","-0.2335722909","0.2642664745","0.2440535776","6.241317492959827","9.514239037380754","2.6496726783976863","0.0","0.963554004","0.0","","","3508000.0","92744000.0","0.0","96252000.0","0.0","3508000.0","6844.415383359256","9.0","13.149406480912292","","1","observed","1","1","1","1","1","1","1","0","2022-05-12","1","0","unknown_pre2019","1"
"2017","46720","전라남도","곡성군","전라남도 곡성군","-0.2779171063","-0.3154129605","0.0441475128","0.0185242481","6.358545036711927","8.516301509870505","2.0229813885835446","0.0","0.896533675","0.0","","","7907000.0","68514000.0","0.0","76421000.0","0.0","7907000.0","13717.76998448934","9.0","6.560833145749116","","1","observed","1","1","1","1","1","1","1","0","2022-05-12","1","0","unknown_pre2019","1"
"2017","46730","전라남도","구례군","전라남도 구례군","-0.2129001949","-0.2501860342","-0.0493169179","-0.080117579","7.426778227141951","7.704498605822452","1.5020128749528396","0.0","0.569022664","0.0","1.0","0.13997784133399124","14433000.0","19056000.0","0.0","33489000.0","0.0","14433000.0","8594.217402807397","3.0","3.4907192352616265","1203.0","1","observed","1","1","1","1","1","1","1","0","2022-05-12","1","0","full_date","1"
"2017","46770","전라남도","고흥군","전라남도 고흥군","0.0973840282","0.0555706317","0.4017000164","0.378219147","8.943827426396153","8.728039837176924","2.4348859895316632","7.590730035577928","0.390404131","0.1251520487609947","1.0","0.20481883953948898","110319000.0","88904000.0","28500000.0","227723000.0","91517000.0","138819000.0","14402.971946490505","15.0","10.414517264719779","2950.0","1","observed","1","1","1","1","1","1","1","0","2022-05-12","1","0","full_date","1"
"2017","46780","전라남도","보성군","전라남도 보성군","0.2911630716","0.2465418616","0.718873337","0.7013162704","9.904040648603214","9.349777912499304","3.1525340188567186","8.06850523633864","0.331307668","0.0919779123918452","1.0","0.34399140242425186","178699000.0","102658000.0","28500000.0","309857000.0","106871000.0","207199000.0","8930.45575659835","20.0","22.3952735953289","3072.0","1","observed","1","1","1","1","1","1","1","0","2022-05-12","1","0","full_date","1"
"2017","46790","전라남도","화순군","전라남도 화순군","-0.0757605824","-0.1161049148","0.2351000401","0.2103826007","7.412544048112249","9.093422430900711","2.239197425434422","0.0","0.843085829","0.0","","","23692000.0","127295000.0","0.0","150987000.0","0.0","23692000.0","14309.912581105747","12.0","8.385795463100406","","1","observed","1","1","1","1","1","1","1","0","2022-05-12","1","0","unknown_pre2019","1"
"2017","46800","전라남도","장흥군","전라남도 장흥군","-0.0300245635","-0.0686334963","0.3696954666","0.3494925149","9.192114272878232","7.116168239308317","2.6331035403726175","0.0","0.111386486","0.0","","","76012000.0","9528000.0","0.0","85540000.0","0.0","76012000.0","7741.79887330564","10.0","12.9168945921352","","1","observed","1","1","1","1","1","1","1","0","2022-05-12","1","0","unknown_pre2019","1"
"2017","46810","전라남도","강진군","전라남도 강진군","-0.3491881692","-0.3812066403","-0.0227758051","-0.047112918","8.883623748320588","4.350979910133976","1.9431655609687355","0.0","0.010503547","0.0","","","36175080.0","384000.0","0.0","36559080.0","0.0","36175080.0","5016.039434864496","3.0","5.980814223963617","","1","observed","1","1","1","1","1","1","1","0","2022-05-12","1","0","unknown_pre2019","1"
"2017","46820","전라남도","해남군","전라남도 해남군","-0.3959160763","-0.4271152564","0.0951590058","0.0768114913","8.74417149422106","4.075094807958806","2.5096002206284407","0.0","0.009138723","0.0","","","83270000.0","768000.0","0.0","84038000.0","0.0","83270000.0","13274.322437384442","15.0","11.300011786481496","","1","observed","1","1","1","1","1","1","1","0","2022-05-12","1","0","unknown_pre2019","1"
"2017","46830","전라남도","영암군","전라남도 영암군","-0.1760389423","-0.2145844626","-0.0912838685","-0.1250923612","7.139575893039225","8.46540400728926","1.25015748824723","0.0","0.79024633","0.0","","","5058000.0","19056000.0","0.0","24114000.0","0.0","5058000.0","4014.624975692837","1.0","2.4908926887434153","","1","observed","1","1","1","1","1","1","1","0","2022-05-12","1","0","unknown_pre2019","1"
"2017","46840","전라남도","무안군","전라남도 무안군","0.481457468","0.4341749216","0.0164820491","-0.0336440277","10.909144003725329","9.875321362162921","0.0","8.737777306802613","0.241986761","0.0775738176117063","1.0","0.1465307391548116","249988000.0","88904000.0","28500000.0","367392000.0","52567000.0","278488000.0","4572.4194381640045","0.0","0.0","670.0","1","observed","1","1","1","1","1","1","1","0","2022-05-12","1","0","unknown_pre2019","1"
"2017","46860","전라남도","함평군","전라남도 함평군","-0.0591091976","-0.0990624279","0.0899328633","0.0594153473","7.904563010983181","8.586752765639234","1.6441761966750719","0.0","0.664267964","0.0","","","12970000.0","25662000.0","0.0","38632000.0","0.0","12970000.0","4788.419458839836","2.0","4.176743531329168","","1","observed","1","1","1","1","1","1","1","0","2022-05-12","1","0","unknown_pre2019","1"
"2017","46870","전라남도","영광군","전라남도 영광군","-0.1935211818","-0.2303779794","-0.0100944293","-0.0397659515","7.982475277158482","7.137972352489641","1.6015182518664863","0.0","0.300491989","0.0","","","22180000.0","9528000.0","0.0","31708000.0","0.0","22180000.0","7574.690067421648","3.0","3.960558086597953","","1","observed","1","1","1","1","1","1","1","0","2022-05-12","1","0","unknown_pre2019","1"
"2017","46880","전라남도","장성군","전라남도 장성군","-0.1122964493","-0.1499468939","0.1798294879","0.1549364257","8.633160680710509","7.059109878246225","2.118657054282761","0.0","0.171542769","0.0","","","46015000.0","9528000.0","0.0","55543000.0","40000000.0","46015000.0","8196.769762521515","6.0","7.319956731533547","","1","observed","1","1","1","1","1","1","1","0","2022-05-12","1","0","unknown_pre2019","1"
"2017","46890","전라남도","완도군","전라남도 완도군","-0.7239962703","-0.7509937643","-0.5219291606","-0.553537516","6.760933559987209","3.51146486587251","0.9904952944375216","0.0","0.036312057","0.0","","","10191000.0","384000.0","0.0","10575000.0","0.0","10191000.0","11816.365950168814","2.0","1.6925677559702075","","1","observed","1","1","1","1","1","1","1","0","2022-05-12","1","0","unknown_pre2019","1"
"2017","46900","전라남도","진도군","전라남도 진도군","-0.6966622584","-0.7199921705","-0.1020075281","-0.1171178758","9.527872269054896","0.0","2.514445715392703","0.0","0.0","0.0","","","120921000.0","0.0","0.0","120921000.0","0.0","120921000.0","8803.005935440742","10.0","11.359756057575948","","1","observed","1","1","1","1","1","1","1","0","2022-05-12","1","0","unknown_pre2019","1"
"2017","46910","전라남도","신안군","전라남도 신안군","0.0719411716","0.0327315203","-0.2545195725","-0.3012729619","10.265125560010652","6.666795544543242","0.0","0.0","0.026608168","0.0","1.0","0.18156907817357062","387591000.0","10595000.0","0.0","398186000.0","0.0","387591000.0","13498.994568100252","0.0","0.0","2451.0","1","observed","1","1","1","1","1","1","1","0","2022-05-12","1","0","unknown_pre2019","1"
"2017","47111","경상북도","포항시 남구","경상북도 포항시 남구","","","","","","","2.4146967785757627","","","","1.0","14.167941973128926","","","","","","","6871.922554782899","7.0","10.186377893807839","97361.0","0","city_district_granularity","1","1","0","0","0","1","1","0","2022-05-12","1","0","full_date","1"
"2017","47113","경상북도","포항시 북구","경상북도 포항시 북구","","","","","","","1.8594363863749601","","","","","","","","","","","","14759.8282065478","8.0","5.420117285952566","","0","city_district_granularity","1","1","0","0","0","1","1","0","2022-05-12","1","0","unknown_pre2019","1"
"2017","47130","경상북도","경주시","경상북도 경주시","-0.3242631103","-0.3516399646","-0.118326509","-0.1452898307","12.246777425112464","0.0","1.5110436439453665","6.9151929541202595","0.0","0.0048083910979977","1.0","4.119056778275013","5898638500.0","0.0","28500000.0","5927138500.0","1585977200.0","5927138500.0","28316.91969267933","10.0","3.5314575555989105","116639.0","1","observed","1","1","1","1","1","1","1","0","2022-05-12","1","0","full_date","1"
"2017","47150","경상북도","김천시","경상북도 김천시","-0.5197872521","-0.5450393031","-0.2122257417","-0.2368488028","10.819245703279893","0.0","1.6480388087617812","0.0","0.0","0.0","1.0","0.5351731243306577","595366000.0","0.0","0.0","595366000.0","61553000.0","595366000.0","11913.901707927653","5.0","4.196777951150075","6376.0","1","observed","1","1","1","1","1","1","1","0","2022-05-12","1","0","full_date","1"
"2017","47170","경상북도","안동시","경상북도 안동시","0.5371274367","0.4906699683","0.4181705837","0.3820955569","12.241653838901799","8.60872287348735","1.385849107822605","6.346796534615896","0.025684346","0.0026708158229677","1.0","2.2821046776276424","10368321793.0","274075000.0","28500000.0","10670896793.0","1552760793.0","10396821793.0","50029.694570666376","15.0","2.998219383253014","114173.0","1","observed","1","1","1","1","1","1","1","0","2022-05-12","1","0","full_date","1"
"2017","47190","경상북도","구미시","경상북도 구미시","-0.3093270771","-0.3368662444","-0.0639497908","-0.0893030899","12.355826165075017","0.0","1.6801623033531565","0.0","0.0","0.0","1.0","5.3732376017082455","2660168000.0","0.0","0.0","2660168000.0","1463293000.0","2660168000.0","11451.010463493902","5.0","4.366426889522214","61529.0","1","observed","1","1","1","1","1","1","1","0","2022-05-12","1","0","full_date","1"
"2017","47210","경상북도","영주시","경상북도 영주시","-0.5308962505","-0.5560275776","-0.2265648252","-0.251396131","10.73813834002555","0.0","1.6215670524820092","7.565266015730452","0.0","0.0401802896646426","1.0","0.9621898163657984","680803000.0","0.0","28500000.0","709303000.0","157161000.0","709303000.0","14774.631531327144","6.0","4.06101498184777","14216.0","1","observed","1","1","1","1","1","1","1","0","2022-05-12","1","0","full_date","1"
"2017","47230","경상북도","영천시","경상북도 영천시","0.1682607935","0.1265710073","0.1189311301","0.0829142835","10.040128190807788","7.936363751767661","1.1789350432279222","0.0","0.108701055","0.0","1.0","1.675937757953921","509290000.0","62112000.0","0.0","571402000.0","294766000.0","434365000.0","22213.23543987101","5.0","2.2509102798349647","37228.0","1","observed","1","1","1","1","1","1","1","0","2022-05-12","1","0","full_date","1"
"2017","47250","경상북도","상주시","경상북도 상주시","0.297279711","0.2530259161","0.387146386","0.3569882183","10.229669903541708","8.965485658285099","1.8745447882010968","0.0","0.220238696","0.0","1.0","1.0414944596851174","502231000.0","141852000.0","0.0","644083000.0","233870000.0","502231000.0","18122.996070191883","10.0","5.5178514420403575","18875.0","1","observed","1","1","1","1","1","1","1","0","2022-05-12","1","0","full_date","1"
"2017","47280","경상북도","문경시","경상북도 문경시","-0.5628644933","-0.5876484146","-0.2572632918","-0.2822935004","10.504736570316632","0.0","1.5855832518626445","7.52024300119917","0.0","0.0481077613855035","","","563920000.0","0.0","28500000.0","592420000.0","321053000.0","592420000.0","15455.400865428795","6.0","3.8821380643843533","","1","observed","1","1","1","1","1","1","1","0","2022-05-12","1","0","unknown_pre2019","1"
"2017","47290","경상북도","경산시","경상북도 경산시","-0.4920202623","-0.5175740632","-0.1319940769","-0.1544144235","11.021973910750896","0.0","1.8830879532423734","8.287103899850885","0.0","0.0609333709623624","1.0","1.001788165839925","439224000.0","0.0","28500000.0","467724000.0","103863000.0","467724000.0","7176.467286347215","4.0","5.5737730562915715","7189.3","1","observed","1","1","1","1","1","1","1","0","2022-05-12","1","0","full_date","1"
"2017","47730","경상북도","의성군","경상북도 의성군","0.1916006633","0.1497718504","0.0592880766","0.0203476794","10.284753517976068","7.8348513603776535","0.8928998160097805","0.0","0.079419261","0.0","1.0","0.7737987002907463","1015175160.0","87580000.0","0.0","1102755160.0","550774000.0","1015175160.0","34669.223390941406","5.0","1.4422013275631758","26827.0","1","observed","1","1","1","1","1","1","1","0","2022-05-12","1","0","full_date","1"
"2017","47750","경상북도","청송군","경상북도 청송군","-0.6290545495","-0.6531191691","-0.3840950111","-0.4119347004","10.021479597207362","0.0","1.2703696947139036","7.104990395572963","0.0","0.0513066082911479","","","526984000.0","0.0","28500000.0","555484000.0","178500000.0","555484000.0","23417.65688293314","6.0","2.562169234093108","","1","observed","1","1","1","1","1","1","1","0","2022-05-12","1","0","unknown_pre2019","1"
"2017","47760","경상북도","영양군","경상북도 영양군","0.1767973394","0.1347799773","0.100381095","0.0633202748","9.950399820682597","8.14433236168818","1.0870525070422863","7.022285551786676","0.134891615","0.0438959926809208","1.0","0.3242715436833925","533182000.0","87580000.0","28500000.0","649262000.0","242786000.0","561682000.0","25438.55654523308","5.0","1.965520327817872","8249.0","1","observed","1","1","1","1","1","1","1","0","2022-05-12","1","0","unknown_pre2019","1"
"2017","47770","경상북도","영덕군","경상북도 영덕군","-0.6364233944","-0.6604079352","-0.4488380657","-0.478908899","9.967679285262415","0.0","1.0426853227356148","0.0","0.0","0.0","1.0","1.247892702396217","464387000.0","0.0","0.0","464387000.0","79375000.0","464387000.0","21776.71201043028","4.0","1.8368245849438336","27175.0","1","observed","1","1","1","1","1","1","1","0","2022-05-12","1","0","full_date","1"
"2017","47820","경상북도","청도군","경상북도 청도군","0.260588212","0.2165565351","0.1841407073","0.1473337244","9.847411929821257","9.121914663008573","1.1951699949360692","8.906521112519565","0.258259298","0.2082093991671624","1.0","2.433322902039891","328253000.0","158893000.0","128100000.0","615246000.0","451180000.0","502937000.0","17360.21140662715","4.0","2.30411940632994","42243.0","1","observed","1","1","1","1","1","1","1","0","2022-05-12","1","0","year_only_or_partial","1"
"2017","47830","경상북도","고령군","경상북도 고령군","-0.5677712377","-0.5925018364","-0.3969138464","-0.4270881067","10.468912178841355","0.0","1.066694752795173","0.0","0.0","0.0","1.0","2.0098138181734115","369437000.0","0.0","0.0","369437000.0","74611000.0","369437000.0","10494.504420896628","2.0","1.9057593572666525","21092.0","1","observed","1","1","1","1","1","1","1","0","2022-05-12","1","0","full_date","1"
"2017","47840","경상북도","성주군","경상북도 성주군","0.2640390913","0.2209414721","0.2574034019","0.2236140527","10.501759191774536","8.261405875707824","1.464062294395618","0.0","0.096164757","0.0","1.0","1.9543766366360582","437834634.0","46584000.0","0.0","484418634.0","302612000.0","484418634.0","12035.551161974026","4.0","3.323487180743233","23522.0","1","observed","1","1","1","1","1","1","1","0","2022-05-12","1","0","full_date","1"
"2017","47850","경상북도","칠곡군","경상북도 칠곡군","0.31127327","0.2673505647","0.2863774473","0.2521502553","10.64471775173297","8.537550859071356","1.4552533242713042","0.0","0.108385548","0.0","1.0","3.7621955048484637","383215000.0","46584000.0","0.0","429799000.0","113600000.0","429799000.0","9130.838616900546","3.0","3.285568966740042","34352.0","1","observed","1","1","1","1","1","1","1","0","2022-05-12","1","0","full_date","1"
"2017","47900","경상북도","예천군","경상북도 예천군","-0.5411720341","-0.5661916921","-0.3898686168","-0.4205783437","10.663114319753292","0.0","1.0262627536184348","0.0","0.0","0.0","1.0","0.5001193555988017","477473000.0","0.0","0.0","477473000.0","150000000.0","477473000.0","11169.33375496292","2.0","1.7906170984561467","5586.0","1","observed","1","1","1","1","1","1","1","0","2022-05-12","1","0","full_date","1"
"2017","47920","경상북도","봉화군","경상북도 봉화군","-0.6785560852","-0.7020827609","-0.4903180752","-0.5206897377","9.660066362582699","0.0","0.991376644129919","6.538260635787484","0.0","0.0421607612014485","1.0","0.18954293086216406","647484000.0","0.0","28500000.0","675984000.0","287399000.0","675984000.0","41299.35083515478","7.0","1.6949418958037155","7828.0","1","observed","1","1","1","1","1","1","1","0","2022-05-12","1","0","full_date","1"
"2017","47930","경상북도","울진군","경상북도 울진군","0.0457899343","0.0056768673","-0.0271558903","-0.0649266218","9.305135985202938","7.718657398697977","0.9324472781453266","7.9822001755705045","0.13908387","0.1810408898318543","","","428112000.0","87580000.0","114000000.0","629692000.0","114000000.0","542112000.0","38942.84651856584","6.0","1.5407194225361838","","1","observed","1","1","1","1","1","1","1","0","2022-05-12","1","0","unknown_pre2019","1"
"2017","47940","경상북도","울릉군","경상북도 울릉군","-2.0016623643","-2.0108105573","-1.6299902017","-1.663634347","0.0","0.0","0.0","0.0","","","","","0.0","0.0","0.0","0.0","0.0","0.0","626.9992741646664","0.0","0.0","","1","observed","1","1","1","1","1","1","1","0","2022-05-12","1","0","unknown_pre2019","1"
"2017","48121","경상남도","창원시 의창구","경상남도 창원시 의창구","","","","","","","1.5883425275559249","","","","","","","","","","","","2566.98032563519","1.0","3.895627831711385","","0","city_district_granularity","1","1","0","0","0","1","1","0","2022-05-12","1","0","unknown_pre2019","1"
"2017","48123","경상남도","창원시 성산구","경상남도 창원시 성산구","","","","","","","0.0","","","","","","","","","","","","1352.9747995789487","0.0","0.0","","0","city_district_granularity","1","1","0","0","0","1","1","0","2022-05-12","1","0","unknown_pre2019","1"
"2017","48125","경상남도","창원시 마산합포구","경상남도 창원시 마산합포구","","","","","","","1.588548674076729","","","","","","","","","","","","7698.94625205914","3.0","3.8966371523864423","","0","city_district_granularity","1","1","0","0","0","1","1","0","2022-05-12","1","0","unknown_pre2019","1"
"2017","48127","경상남도","창원시 마산회원구","경상남도 창원시 마산회원구","","","","","","","1.664538104697602","","","","","","","","","","","","2334.6853728937867","1.0","4.283232385871866","","0","city_district_granularity","1","1","0","0","0","1","1","0","2022-05-12","1","0","unknown_pre2019","1"
"2017","48129","경상남도","창원시 진해구","경상남도 창원시 진해구","","","","","","","0.0","","","","","","","","","","","","2231.301133458337","0.0","0.0","","0","city_district_granularity","1","1","0","0","0","1","1","0","2022-05-12","1","0","unknown_pre2019","1"
"2017","48170","경상남도","진주시","경상남도 진주시","0.3782873895","0.3310224174","0.4555364496","0.4247684617","9.44123793204775","10.852776122801325","1.9323962677014748","7.496951399151607","0.78209606","0.0272653665636505","1.0","3.507990386169501","255934000.0","1049971000.0","36604000.0","1342509000.0","265638000.0","292538000.0","20318.18567149176","12.0","5.906039148385714","71276.0","1","observed","1","1","1","1","1","1","1","0","2022-05-12","1","0","full_date","1"
"2017","48220","경상남도","통영시","경상남도 통영시","0.4751717936","0.4274948854","0.3984204385","0.3627930981","10.563641247375893","10.285107192706418","1.4694754361349491","0.0","0.430811174","0.0","1.0","2.0178787400820917","346889660.0","262556000.0","0.0","609445660.0","289627000.0","346889660.0","8963.373091122503","3.0","3.3469542877460468","18087.0","1","observed","1","1","1","1","1","1","1","0","2022-05-12","1","0","full_date","1"
"2017","48240","경상남도","사천시","경상남도 사천시","-0.4670338658","-0.4928591993","-0.1330499812","-0.1562641328","11.20440086467791","0.0","1.8159124349238251","7.514483475222949","0.0","0.0243529225443984","1.0","3.35546515157263","856303000.0","0.0","21374000.0","877677000.0","576216000.0","877677000.0","11657.99620409298","6.0","5.14668206693486","39118.0","1","observed","1","1","1","1","1","1","1","0","2022-05-12","1","0","full_date","1"
"2017","48250","경상남도","김해시","경상남도 김해시","-0.3660346313","-0.3929575455","-0.0095127689","-0.0310924113","11.941801421677038","0.0","2.0306046997674025","0.0","0.0","0.0","1.0","4.038461103032623","1159987920.0","0.0","0.0","1159987920.0","979496920.0","1159987920.0","7554.36271927702","5.0","6.618691987401047","30508.0","1","observed","1","1","1","1","1","1","1","0","2022-05-12","1","0","full_date","1"
"2017","48270","경상남도","밀양시","경상남도 밀양시","0.6994855165","0.6492496857","0.5274840814","0.4899374018","12.122844938516367","10.392504205274182","1.3936274810322336","5.888314157832496","0.150291172","0.0016580457979984","1.0","3.8056333858813547","3644778620.0","645926000.0","7126000.0","4297830620.0","2796146530.0","3651904620.0","19805.63873536237","6.0","3.0294402923179558","75373.0","1","observed","1","1","1","1","1","1","1","0","2022-05-12","1","0","full_date","1"
"2017","48310","경상남도","거제시","경상남도 거제시","0.634519115","0.585290791","0.5892086062","0.5560680975","11.843766001814654","10.125463520839588","1.7923268498455212","7.773784063777182","0.14991576","0.0142679165464364","1.0","2.758143821886935","1669416380.0","299434000.0","28498000.0","1997348380.0","532749000.0","1697914380.0","11991.832963000526","6.0","5.00340524964977","33075.2","1","observed","1","1","1","1","1","1","1","0","2022-05-12","1","0","full_date","1"
"2017","48330","경상남도","양산시","경상남도 양산시","0.5882289094","0.539500509","0.665307297","0.6364459358","11.503777112789345","10.128228708861226","2.1988511470847856","7.957207384448166","0.197184595","0.0224841078572352","1.0","5.840009057795902","741804000.0","187449000.0","21374000.0","950627000.0","373285000.0","763178000.0","7486.289758684128","6.0","8.014651039976076","43720.0","1","observed","1","1","1","1","1","1","1","0","2022-05-12","1","0","full_date","1"
"2017","48720","경상남도","의령군","경상남도 의령군","0.2054667828","0.1620002437","0.0455727975","0.0051656244","9.423028747206514","9.151920989534384","0.8073672146564502","6.0947512688892695","0.424021866","0.019894913758927","1.0","2.476232538345603","199179000.0","151877000.0","7126000.0","358182000.0","190786000.0","206305000.0","16103.091847198206","2.0","1.2419975113959139","39875.0","1","observed","1","1","1","1","1","1","1","0","2022-05-12","1","0","full_date","1"
"2017","48730","경상남도","함안군","경상남도 함안군","0.3392788533","0.2936936899","0.3690277665","0.3366048665","9.969713730886093","9.740431921815278","1.7004497817449191","7.951774343497301","0.41239715","0.0689261761374285","1.0","0.5659371578085891","190942000.0","151817000.0","25374000.0","368133000.0","207080000.0","216316000.0","8935.731927519762","4.0","4.476410027119352","5057.06273","1","observed","1","1","1","1","1","1","1","0","2022-05-12","1","0","year_only_or_partial","1"
"2017","48740","경상남도","창녕군","경상남도 창녕군","0.4476649552","0.4011489511","0.2767110588","0.2376078301","10.921005300829757","9.521651438986929","1.074986465245706","7.226955898109427","0.194041738","0.0195450879410081","1.0","3.427725625014515","860001000.0","212199000.0","21374000.0","1093574000.0","535169000.0","881375000.0","15544.41802785028","3.0","1.9299532440680804","53282.0","1","observed","1","1","1","1","1","1","1","0","2022-05-12","1","0","full_date","1"
"2017","48820","경상남도","고성군","경상남도 고성군","0.230222511","0.1865409919","0.2123857044","0.177572315","9.63877006347838","9.104052600847323","1.379358956265931","6.051194517404458","0.363086807","0.0171078471385289","1.0","0.9430685907873445","258170000.0","151238000.0","7126000.0","416534000.0","148348000.0","265296000.0","16821.68206530507","5.0","2.9723543582556244","15864.0","1","observed","1","1","1","1","1","1","1","0","2022-05-12","1","0","full_date","1"
"2017","48840","경상남도","남해군","경상남도 남해군","0.3231483274","0.2782838971","0.2689453171","0.2334103362","10.205153794538685","9.257337089803423","1.359843992531207","6.534948164318326","0.274284487","0.0180008588678101","1.0","1.6585141667775574","280163000.0","108581000.0","7126000.0","395870000.0","150834000.0","287289000.0","10360.598868676796","3.0","2.895585513951227","17183.2","1","observed","1","1","1","1","1","1","1","0","2022-05-12","1","0","full_date","1"
"2017","48850","경상남도","하동군","경상남도 하동군","-0.5148356125","-0.5401414741","-0.1387448516","-0.1607327248","10.855397876165986","0.0","1.915075697227141","0.0","0.0","0.0","1.0","3.0016307653920205","805723590.0","0.0","0.0","805723590.0","17000000.0","805723590.0","15550.883385853002","9.0","5.78745256889233","46678.01","1","observed","1","1","1","1","1","1","1","0","2022-05-12","1","0","full_date","1"
"2017","48860","경상남도","산청군","경상남도 산청군","0.0632982148","0.0216068193","0.1087278585","0.0750847435","8.534097930785864","8.948062378562032","1.4067351143556297","5.905663294233061","0.585282424","0.0278573746203132","1.0","1.4458442099074225","98960000.0","149717000.0","7126000.0","255803000.0","90837000.0","106086000.0","19464.061070453736","6.0","3.0826043847077442","28142.0","1","observed","1","1","1","1","1","1","1","0","2022-05-12","1","0","full_date","1"
"2017","48870","경상남도","함양군","경상남도 함양군","0.0383814579","-0.003620881","0.2356998739","0.2074132418","7.975475752498467","9.463290341743072","1.9534375452201667","6.174316017347249","0.791751264","0.0294668590875446","1.0","0.20398241280273402","43235000.0","191470000.0","7126000.0","241831000.0","7126000.0","50361000.0","14868.928935227048","9.0","6.0528905876182195","3033.0","1","observed","1","1","1","1","1","1","1","0","2022-05-12","1","0","full_date","1"
"2017","48880","경상남도","거창군","경상남도 거창군","-0.1125883562","-0.1515365815","-0.1406647965","-0.1781567871","7.788571817235443","8.211362353834756","0.9015791325871964","5.85400461930352","0.571576745","0.0539706349910288","1.0","0.435339557116299","49440763.0","75468000.0","7126000.0","132034763.0","48143763.0","56566763.0","20498.941238220614","3.0","1.4634902189028427","8924.0","1","observed","1","1","1","1","1","1","1","0","2022-05-12","1","0","full_date","1"
"2017","48890","경상남도","합천군","경상남도 합천군","-0.048809658","-0.0885020245","-0.0901462236","-0.1276660344","8.221168644299668","8.256572173305138","0.932617780933752","5.396555424074705","0.494503625","0.0281981069359587","1.0","0.6519692209544465","120619000.0","124967000.0","7126000.0","252712000.0","115692000.0","127745000.0","32443.24934394089","5.0","1.5411526592153142","21152.0","1","observed","1","1","1","1","1","1","1","0","2022-05-12","1","0","full_date","1"
"2017","50110","제주특별자치도","제주시","제주특별자치도 제주시","","","","","","","2.880698718045113","","","","","","","","","","","","9508.683538333917","16.0","16.82672468328194","","0","metropolitan_headquarters","1","1","0","0","0","1","1","0","2022-05-12","1","0","unknown_pre2019","1"
"2017","50130","제주특별자치도","서귀포시","제주특별자치도 서귀포시","","","","","","","2.4147697289219616","","","","","","","","","","","","4908.12289714066","5.0","10.187193973714198","","0","metropolitan_headquarters","1","1","0","0","0","1","1","0","2022-05-12","1","0","unknown_pre2019","1"
"2017","51110","강원특별자치도","춘천시","강원특별자치도 춘천시","0.3646723363","0.3188195972","0.5529604328","0.5267445961","10.160539952505365","9.733009116504181","2.3360125361452164","0.0","0.394711171","0.0","1.0","2.729709589993642","443023000.0","288897000.0","0.0","731920000.0","266956000.0","443023000.0","17130.760052797013","16.0","9.339924177729412","46762.0","1","observed","1","1","1","1","1","1","1","0","2022-05-12","1","0","full_date","1"
"2017","51130","강원특별자치도","원주시","강원특별자치도 원주시","0.4155788591","0.3686179788","0.1487230566","0.1054555265","10.172855929126024","10.224509023212189","0.6700739166529438","8.31409294804177","0.476725246","0.0705495604473584","1.0","1.7233271741086884","274332000.0","288875000.0","42750000.0","605957000.0","92676000.0","317082000.0","10477.987158381084","1.0","0.9543817766565258","18057.0","1","observed","1","1","1","1","1","1","1","0","2022-05-12","1","0","full_date","1"
"2017","51150","강원특별자치도","강릉시","강원특별자치도 강릉시","0.1375311212","0.0950249684","0.261515121","0.2314195757","9.070861785428928","8.95519422571218","1.800374004003916","0.0","0.471111794","0.0","","","241017000.0","214688000.0","0.0","455705000.0","16817000.0","241017000.0","27712.288362127525","14.0","5.051910479948973","","1","observed","1","1","1","1","1","1","1","0","2022-05-12","1","0","unknown_pre2019","1"
"2017","51170","강원특별자치도","동해시","강원특별자치도 동해시","-0.0149197313","-0.0560238038","-0.3130818077","-0.360443178","7.792915727884926","9.180725124849197","0.0","0.0","0.800291801","0.0","","","11361000.0","45527000.0","0.0","56888000.0","0.0","11361000.0","4690.028793632587","0.0","0.0","","1","observed","1","1","1","1","1","1","1","0","2022-05-12","1","0","unknown_pre2019","1"
"2017","51190","강원특별자치도","태백시","강원특별자치도 태백시","0.0321725021","-0.0097679073","0.1647955641","0.1340073434","7.926553336064503","9.468201185728919","1.6993875424570484","0.0","0.823745358","0.0","","","12387000.0","57892000.0","0.0","70279000.0","0.0","12387000.0","4473.676582756398","2.0","4.4705958577982985","","1","observed","1","1","1","1","1","1","1","0","2022-05-12","1","0","unknown_pre2019","1"
"2017","51210","강원특별자치도","속초시","강원특별자치도 속초시","0.2296049183","0.1848077653","0.494977527","0.4704925772","8.907464188611577","10.098112569138786","2.457301945571374","0.0","0.766873853","0.0","","","13840000.0","45527000.0","0.0","59367000.0","0.0","13840000.0","1873.839293759796","2.0","10.673273885654659","","1","observed","1","1","1","1","1","1","1","0","2022-05-12","1","0","unknown_pre2019","1"
"2017","51230","강원특별자치도","삼척시","강원특별자치도 삼척시","-0.3564068056","-0.3917749634","-0.3300736394","-0.3670569553","6.61096527794812","7.38727318614615","0.7962272769370019","0.0","0.685040753","0.0","","","30489000.0","66314000.0","0.0","96803000.0","0.0","30489000.0","41079.22020830035","5.0","1.2171603975553835","","1","observed","1","1","1","1","1","1","1","0","2022-05-12","1","0","unknown_pre2019","1"
"2017","51720","강원특별자치도","홍천군","강원특별자치도 홍천군","-0.6780912255","-0.701622953","-0.3314298651","-0.3557944589","9.663460326723454","0.0","1.5946813390463785","7.090130055227195","0.0","0.0708239936780266","1.0","0.7168578774903214","560859000.0","0.0","42750000.0","603609000.0","162554000.0","603609000.0","35652.81320403021","14.0","3.926758856273769","25558.0","1","observed","1","1","1","1","1","1","1","0","2022-05-12","1","0","full_date","1"
"2017","51730","강원특별자치도","횡성군","강원특별자치도 횡성군","0.0911048695","0.0483712978","0.0504587611","0.0135055503","8.257917271260158","9.603475292303541","1.1156108655513437","7.693238926153832","0.710059681","0.1050802296771148","1.0","0.9555568506590877","75207000.0","288875000.0","42750000.0","406832000.0","32604000.0","117957000.0","19498.57822394212","4.0","2.0514316244291275","18632.0","1","observed","1","1","1","1","1","1","1","0","2022-05-12","1","0","full_date","1"
"2017","51750","강원특별자치도","영월군","강원특별자치도 영월군","0.0088391886","-0.0308372963","-0.210669187","-0.2542669946","9.058041284986599","7.687631078883674","0.32764390646552816","0.0","0.202498326","0.0","","","221471000.0","56235000.0","0.0","277706000.0","0.0","221471000.0","25793.489291269954","1.0","0.38769473517429814","","1","observed","1","1","1","1","1","1","1","0","2022-05-12","1","0","unknown_pre2019","1"
"2017","51760","강원특별자치도","평창군","강원특별자치도 평창군","0.2388969549","0.1947549251","0.1572773538","0.1199837155","9.46493436325727","9.428434148297608","1.148194041316427","0.0","0.490875239","0.0","","","299614655.0","288875000.0","0.0","588489655.0","0.0","299614655.0","23228.863168648888","5.0","2.1524944908833548","","1","observed","1","1","1","1","1","1","1","0","2022-05-12","1","0","unknown_pre2019","1"
"2017","51770","강원특별자치도","정선군","강원특별자치도 정선군","0.3481134971","0.3019651841","0.323443326","0.2888603797","9.731709244734004","10.154178612996812","1.5052280802782798","7.572222339626077","0.577699795","0.0436682943229904","1.0","1.2957485970587765","432448000.0","659810000.0","49875000.0","1142133000.0","139179000.0","482323000.0","25676.27707683394","9.0","3.5051810560652203","33270.0","1","observed","1","1","1","1","1","1","1","0","2022-05-12","1","0","full_date","1"
"2017","51780","강원특별자치도","철원군","강원특별자치도 철원군","0.9584358733","0.9026722357","1.5816593392","1.5752838835","12.256121049930842","12.796057745377668","4.752710761516938","0.0","0.631798153","0.0","","","36600000.0","62802000.0","0.0","99402000.0","0.0","36600000.0","174.06738674227793","2.0","114.8980310114712","","1","observed","1","1","1","1","1","1","1","0","2022-05-12","1","0","unknown_pre2019","1"
"2017","51790","강원특별자치도","화천군","강원특별자치도 화천군","-0.6487002246","-0.6725513505","-0.281324349","-0.3046768566","9.878045521991348","0.0","1.7110125043433964","0.0","0.0","0.0","","","85991000.0","0.0","0.0","85991000.0","0.0","85991000.0","4410.568912950758","2.0","4.534562410140329","","1","observed","1","1","1","1","1","1","1","0","2022-05-12","1","0","unknown_pre2019","1"
"2017","51800","강원특별자치도","양구군","강원특별자치도 양구군","-0.922205366","-0.955254636","-0.0954652303","-0.1078506539","0.0","10.779293673920794","3.123322473156971","0.0","1.0","0.0","","","0.0","66314000.0","0.0","66314000.0","0.0","0.0","1381.1043984930916","3.0","21.721746764931517","","1","observed","1","1","1","1","1","1","1","0","2022-05-12","1","0","unknown_pre2019","1"
"2017","51810","강원특별자치도","인제군","강원특별자치도 인제군","0.1107495367","0.0698628247","0.0733708699","0.0374258331","9.735559268218696","7.778632364260087","1.150772805942683","0.0","0.123761018","0.0","1.0","0.2283430585335894","469509000.0","66314000.0","0.0","535823000.0","451000000.0","469509000.0","27769.62015277217","6.0","2.160634523263738","6341.0","1","observed","1","1","1","1","1","1","1","0","2022-05-12","1","0","unknown_pre2019","1"
"2017","51820","강원특별자치도","고성군","강원특별자치도 고성군","-0.5468673234","-0.5718250894","0.1247047173","0.11366664","10.621532722879433","0.0","2.998319144924825","0.0","0.0","0.0","","","129145000.0","0.0","0.0","129145000.0","0.0","129145000.0","3149.3079987109445","6.0","19.051804404192552","","1","observed","1","1","1","1","1","1","1","0","2022-05-12","1","0","unknown_pre2019","1"
"2017","51830","강원특별자치도","양양군","강원특별자치도 양양군","-0.0275474069","-0.0676311637","0.1356538555","0.1059923264","8.272581367641662","8.398575188989762","1.738097307680652","0.0","0.531464384","0.0","","","58462000.0","66314000.0","0.0","124776000.0","0.0","58462000.0","14936.47696406484","7.0","4.686513437433112","","1","observed","1","1","1","1","1","1","1","0","2022-05-12","1","0","unknown_pre2019","1"
"2018","11110","서울특별시","종로구","서울특별시 종로구","-0.2452387143","-0.2996174567","-0.4630013641","-0.5265935407","12.823738567044497","0.0","0.0","0.0","0.0","0.0","","","87662000.0","0.0","0.0","87662000.0","0.0","87662000.0","236.3380504095327","0.0","0.0","","1","observed","1","1","1","1","1","1","1","0","2022-05-12","1","0","unknown_pre2019","1"
"2018","11140","서울특별시","중구","서울특별시 중구","0.1620628568","0.1134759597","-0.1923853386","-0.2511979298","15.797468092117407","0.0","0.0","0.0","0.0","0.0","","","41200000.0","0.0","0.0","41200000.0","0.0","41200000.0","5.677328911138141","0.0","0.0","","1","observed","1","1","1","1","1","1","1","0","2022-05-12","1","0","unknown_pre2019","1"
"2018","11170","서울특별시","용산구","서울특별시 용산구","-2.0016623643","-2.0810175237","-1.6299902017","-1.7141935854","0.0","0.0","0.0","0.0","","","","","0.0","0.0","0.0","0.0","0.0","0.0","97.12961906598258","0.0","0.0","","1","observed","1","1","1","1","1","1","1","0","2022-05-12","1","0","unknown_pre2019","1"
"2018","11200","서울특별시","성동구","서울특별시 성동구","0.2598972003","0.2127015116","-0.1273830331","-0.1850475619","16.51176161870835","0.0","0.0","0.0","0.0","0.0","","","44449000.0","0.0","0.0","44449000.0","0.0","44449000.0","2.9984379544998263","0.0","0.0","","1","observed","1","1","1","1","1","1","1","0","2022-05-12","1","0","unknown_pre2019","1"
"2018","11215","서울특별시","광진구","서울특별시 광진구","-2.0016623643","-2.0810175237","-1.6299902017","-1.7141935854","0.0","0.0","0.0","0.0","","","","","0.0","0.0","0.0","0.0","0.0","0.0","116.90856639083398","0.0","0.0","","1","observed","1","1","1","1","1","1","1","0","2022-05-12","1","0","unknown_pre2019","1"
"2018","11230","서울특별시","동대문구","서울특별시 동대문구","-2.0016623643","-2.0810175237","-1.6299902017","-1.7141935854","0.0","0.0","0.0","0.0","","","","","0.0","0.0","0.0","0.0","0.0","0.0","9.21884241031151","0.0","0.0","","1","observed","1","1","1","1","1","1","1","0","2022-05-12","1","0","unknown_pre2019","1"
"2018","11260","서울특별시","중랑구","서울특별시 중랑구","-2.0016623643","-2.0810175237","-0.3556338264","-0.4190388567","0.0","0.0","4.848204860781462","0.0","","","","","0.0","0.0","0.0","0.0","0.0","0.0","79.04433266810034","1.0","126.51128376260765","","1","observed","1","1","1","1","1","1","1","0","2022-05-12","1","0","unknown_pre2019","1"
"2018","11290","서울특별시","성북구","서울특별시 성북구","-2.0016623643","-2.0810175237","-1.6299902017","-1.7141935854","0.0","0.0","0.0","0.0","","","","","0.0","0.0","0.0","0.0","0.0","0.0","145.07422297425637","0.0","0.0","","1","observed","1","1","1","1","1","1","1","0","2022-05-12","1","0","unknown_pre2019","1"
"2018","11305","서울특별시","강북구","서울특별시 강북구","-2.0016623643","-2.0810175237","-1.6299902017","-1.7141935854","0.0","0.0","0.0","0.0","","","","","0.0","0.0","0.0","0.0","0.0","0.0","115.00982494842624","0.0","0.0","","1","observed","1","1","1","1","1","1","1","0","2022-05-12","1","0","unknown_pre2019","1"
"2018","11320","서울특별시","도봉구","서울특별시 도봉구","-2.0016623643","-2.0810175237","-1.6299902017","-1.7141935854","0.0","0.0","0.0","0.0","","","","","0.0","0.0","0.0","0.0","0.0","0.0","73.28591370155792","0.0","0.0","","1","observed","1","1","1","1","1","1","1","0","2022-05-12","1","0","unknown_pre2019","1"
"2018","11350","서울특별시","노원구","서울특별시 노원구","-2.0016623643","-2.0810175237","-1.6299902017","-1.7141935854","0.0","0.0","0.0","0.0","","","","","0.0","0.0","0.0","0.0","0.0","0.0","342.629869805798","0.0","0.0","","1","observed","1","1","1","1","1","1","1","0","2022-05-12","1","0","unknown_pre2019","1"
"2018","11380","서울특별시","은평구","서울특별시 은평구","0.7399675823","0.7454636577","1.1792499203","1.1778266508","11.70221759397814","11.372055553228137","3.7721619326673594","10.50585073736973","0.355652174","0.1495652173913043","","","28450000.0","20450000.0","8600000.0","57500000.0","0.0","37050000.0","235.43842164253857","1.0","42.47395106641854","","1","observed","1","1","1","1","1","1","1","0","2022-05-12","1","0","unknown_pre2019","1"
"2018","11410","서울특별시","서대문구","서울특별시 서대문구","-0.1963798356","-0.2500638027","-0.4305389419","-0.4935577714","13.180459730054888","0.0","0.0","0.0","0.0","0.0","","","51058000.0","0.0","0.0","51058000.0","530000.0","51058000.0","96.35265559778222","0.0","0.0","","1","observed","1","1","1","1","1","1","1","0","2022-05-12","1","0","unknown_pre2019","1"
"2018","11440","서울특별시","마포구","서울특별시 마포구","0.2917118933","0.2449686109","-0.1062449713","-0.1635361624","16.744042313758584","0.0","0.0","0.0","0.0","0.0","","","149922000.0","0.0","0.0","149922000.0","1831000.0","149922000.0","8.01715368311193","0.0","0.0","","1","observed","1","1","1","1","1","1","1","0","2022-05-12","1","0","unknown_pre2019","1"
"2018","11470","서울특별시","양천구","서울특별시 양천구","-0.5589051611","-0.6177442533","-0.6714050952","-0.7386780718","10.53364385603769","0.0","0.0","0.0","0.0","0.0","","","394000.0","0.0","0.0","394000.0","394000.0","394000.0","10.490697981839414","0.0","0.0","","1","observed","1","1","1","1","1","1","1","0","2022-05-12","1","0","unknown_pre2019","1"
"2018","11500","서울특별시","강서구","서울특별시 강서구","1.4431875741","1.4649169815","0.6544373726","0.6497627514","15.706433493798901","12.917627416200354","0.0","12.168110011123368","0.056388146","0.0266486584764032","","","176520000.0","10855000.0","5130000.0","192505000.0","0.0","181650000.0","26.64259896071815","0.0","0.0","","1","observed","1","1","1","1","1","1","1","0","2022-05-12","1","0","unknown_pre2019","1"
"2018","11530","서울특별시","구로구","서울특별시 구로구","1.543226012","1.568494134","0.7207265276","0.7188141864","16.053195099206505","13.442320683929047","0.0","12.596138157805466","0.066489298","0.0285271578542772","","","150687000.0","11071000.0","4750000.0","166508000.0","0.0","155437000.0","16.079101788615233","0.0","0.0","","1","observed","1","1","1","1","1","1","1","0","2022-05-12","1","0","unknown_pre2019","1"
"2018","11545","서울특별시","금천구","서울특별시 금천구","1.3396558187","1.3605317997","2.1547657698","2.1749505662","14.838365189923012","13.071055917360756","5.969796480460376","0.0","0.145877049","0.0","","","71233000.0","12166000.0","0.0","83399000.0","150000.0","71233000.0","25.61304832421682","1.0","390.4259998035893","","1","observed","1","1","1","1","1","1","1","0","2022-05-12","1","0","unknown_pre2019","1"
"2018","11560","서울특별시","영등포구","서울특별시 영등포구","","","","","","","","","","","","","0.0","0.0","0.0","0.0","0.0","0.0","0.0","0.0","","","1","observed","1","0","0","0","1","1","1","0","2022-05-12","1","0","unknown_pre2019","1"
"2018","11590","서울특별시","동작구","서울특별시 동작구","1.251045792","1.2712441169","0.5266752824","0.5206475083","14.085842977255904","13.215454968197776","0.0","0.0","0.295173352","0.0","","","25920000.0","10855000.0","0.0","36775000.0","0.0","25920000.0","19.78023516826956","0.0","0.0","","1","observed","1","1","1","1","1","1","1","0","2022-05-12","1","0","unknown_pre2019","1"
"2018","11620","서울특별시","관악구","서울특별시 관악구","-2.0016623643","-2.0810175237","-0.7083967833","-0.7775591424","0.0","0.0","3.50614143500919","0.0","","","","","0.0","0.0","0.0","0.0","0.0","0.0","309.4111662481816","1.0","32.31945414658664","","1","observed","1","1","1","1","1","1","1","0","2022-05-12","1","0","unknown_pre2019","1"
"2018","11650","서울특별시","서초구","서울특별시 서초구","1.286070449","1.3010958379","0.5504219617","0.5405486557","15.369612460078972","11.809359052160318","0.0","0.0","0.027645415","0.0","","","381796000.0","10855000.0","0.0","392651000.0","0.0","381796000.0","80.70372588686055","0.0","0.0","","1","observed","1","1","1","1","1","1","1","0","2022-05-12","1","0","unknown_pre2019","1"
"2018","11680","서울특별시","강남구","서울특별시 강남구","-2.0016623643","-2.0810175237","-1.6299902017","-1.7141935854","0.0","0.0","0.0","0.0","","","","","0.0","0.0","0.0","0.0","0.0","0.0","13.375270459764742","0.0","0.0","","1","observed","1","1","1","1","1","1","1","0","2022-05-12","1","0","unknown_pre2019","1"
"2018","11710","서울특별시","송파구","서울특별시 송파구","1.5988808943","1.6279615317","0.757450781","0.7584591182","15.911860587311645","14.191388986379401","0.0","12.716267042555971","0.146715419","0.0335611961916874","1.0","22.5470989571888","232035000.0","41530000.0","9500000.0","283065000.0","209800000.0","241535000.0","28.51808124942784","0.0","0.0","643.0","1","observed","1","1","1","1","1","1","1","0","2022-05-12","1","0","full_date","1"
"2018","11740","서울특별시","강동구","서울특별시 강동구","1.0810236393","1.0876660392","0.4146451935","0.3982621232","14.863667377345182","10.453787748091154","0.0","13.167088079569663","0.010168671","0.1533370995077072","","","51825000.0","630000.0","9500000.0","61955000.0","0.0","61325000.0","18.168988088480827","0.0","0.0","","1","observed","1","1","1","1","1","1","1","0","2022-05-12","1","0","unknown_pre2019","1"
"2018","26110","부산광역시","중구","부산광역시 중구","-2.0016623643","-2.0810175237","-1.6299902017","-1.7141935854","0.0","0.0","0.0","0.0","","","","","0.0","0.0","0.0","0.0","0.0","0.0","1.9206728470322727","0.0","0.0","","1","observed","1","1","1","1","1","1","1","0","2022-05-12","1","0","unknown_pre2019","1"
"2018","26140","부산광역시","서구","부산광역시 서구","0.74685325","0.756549333","0.1919633938","0.1775176524","11.00885120728317","12.38915105806456","0.0","0.0","0.799041143","0.0","","","10521000.0","41833000.0","0.0","52354000.0","6717000.0","10521000.0","174.17301864018526","0.0","0.0","","1","observed","1","1","1","1","1","1","1","0","2022-05-12","1","0","unknown_pre2019","1"
"2018","26170","부산광역시","동구","부산광역시 동구","0.7530702368","0.7659042407","0.1958381349","0.1837542575","10.501417062577444","13.145264576890593","0.0","0.0","0.933632354","0.0","","","4439000.0","62446000.0","0.0","66885000.0","2812000.0","4439000.0","122.06456414754766","0.0","0.0","","1","observed","1","1","1","1","1","1","1","0","2022-05-12","1","0","unknown_pre2019","1"
"2018","26200","부산광역시","영도구","부산광역시 영도구","0.8730540196","0.8868477046","0.2756194341","0.2643832335","11.51275117290716","12.960174940869846","0.0","0.0","0.809602812","0.0","","","29035000.0","123462000.0","0.0","152497000.0","25407000.0","29035000.0","290.4035146521948","0.0","0.0","","1","observed","1","1","1","1","1","1","1","0","2022-05-12","1","0","unknown_pre2019","1"
"2018","26230","부산광역시","부산진구","부산광역시 부산진구","0.6258245035","0.63213634","0.111690018","0.094575657","10.426726059438844","11.976764945165897","0.0","0.0","0.824922719","0.0","1.0","3.66440375582994","13253000.0","62445000.0","0.0","75698000.0","13253000.0","13253000.0","392.6969012927685","0.0","0.0","1439.0","1","observed","1","1","1","1","1","1","1","0","2022-05-12","1","0","full_date","1"
"2018","26260","부산광역시","동래구","부산광역시 동래구","0.6663065981","0.6730938347","1.0952894546","1.0941887838","10.740462744686385","11.95190670283858","3.639680185615748","0.0","0.770557029","0.0","","","12456000.0","41832000.0","0.0","54288000.0","3748000.0","12456000.0","269.6896622776364","1.0","37.07965635592416","","1","observed","1","1","1","1","1","1","1","0","2022-05-12","1","0","unknown_pre2019","1"
"2018","26290","부산광역시","남구","부산광역시 남구","0.8167082097","0.82663175","0.2384401317","0.2242392637","11.657707287246067","12.199253775708826","0.0","0.0","0.632172938","0.0","","","48562000.0","83462000.0","0.0","132024000.0","38402000.0","48562000.0","420.1674216945598","0.0","0.0","","1","observed","1","1","1","1","1","1","1","0","2022-05-12","1","0","unknown_pre2019","1"
"2018","26320","부산광역시","북구","부산광역시 북구","0.6062511802","0.6103179775","0.0988503039","0.0800300821","10.640350165629469","11.489129146351491","0.0","0.0","0.700313816","0.0","","","35716000.0","83462000.0","0.0","119178000.0","28460000.0","35716000.0","854.7278301363647","0.0","0.0","","1","observed","1","1","1","1","1","1","1","0","2022-05-12","1","0","unknown_pre2019","1"
"2018","26350","부산광역시","해운대구","부산광역시 해운대구","0.4126386276","0.4108293028","-0.0295261262","-0.0529623677","9.79291106371165","10.714809357889807","0.0","0.0","0.715435586","0.0","","","33197000.0","83462000.0","0.0","116659000.0","24596000.0","33197000.0","1854.0261530217567","0.0","0.0","","1","observed","1","1","1","1","1","1","1","0","2022-05-12","1","0","unknown_pre2019","1"
"2018","26380","부산광역시","사하구","부산광역시 사하구","-0.3222020101","-0.3776751737","-0.5141366964","-0.5786320187","12.261825623115548","0.0","0.0","0.0","0.0","0.0","","","106893000.0","0.0","0.0","106893000.0","15999000.0","23431000.0","505.4848147004281","0.0","0.0","","1","observed","1","1","1","1","1","1","1","0","2022-05-12","1","0","unknown_pre2019","1"
"2018","26410","부산광역시","금정구","부산광역시 금정구","-0.4024379677","-0.4590520899","-0.0787902888","-0.1362519638","11.676018808315273","0.0","1.8590600692567483","9.905539382987996","0.0","0.1454775707330118","1.0","3.045290148307508","217276000.0","0.0","36990000.0","254266000.0","118687000.0","254266000.0","1845.8011310101283","1.0","5.417701740451002","5621.0","1","observed","1","1","1","1","1","1","1","0","2022-05-12","1","0","full_date","1"
"2018","26440","부산광역시","강서구","부산광역시 강서구","0.4215420926","0.4200040582","-0.0236226988","-0.0468458641","9.831687224623161","10.75068278590392","0.0","10.62411614838697","0.438592734","0.3864497087784365","","","33493000.0","83962000.0","73980000.0","191435000.0","99880000.0","107473000.0","1799.408931548245","0.0","0.0","","1","observed","1","1","1","1","1","1","1","0","2022-05-12","1","0","unknown_pre2019","1"
"2018","26470","부산광역시","연제구","부산광역시 연제구","0.7755300107","0.7881925273","0.2108018677","0.1986131153","10.754382634911831","13.023556499701677","0.0","0.0","0.906293276","0.0","","","4263000.0","41230000.0","0.0","45493000.0","2812000.0","4263000.0","91.02392760698054","0.0","0.0","","1","observed","1","1","1","1","1","1","1","0","2022-05-12","1","0","unknown_pre2019","1"
"2018","26500","부산광역시","수영구","부산광역시 수영구","-0.1979386059","-0.2516447388","-0.4315746075","-0.4946117288","13.169079068651246","0.0","0.0","0.0","0.0","0.0","","","47384000.0","0.0","0.0","47384000.0","3748000.0","5553000.0","90.4428371108635","0.0","0.0","","1","observed","1","1","1","1","1","1","1","0","2022-05-12","1","0","unknown_pre2019","1"
"2018","26530","부산광역시","사상구","부산광역시 사상구","0.6254701958","0.6316861841","0.111462232","0.0942755532","10.440601501274168","11.954249058747305","0.0","0.0","0.819604515","0.0","","","18282000.0","83062000.0","0.0","101344000.0","14317000.0","18282000.0","534.2453807745762","0.0","0.0","","1","observed","1","1","1","1","1","1","1","0","2022-05-12","1","0","unknown_pre2019","1"
"2018","26710","부산광역시","기장군","부산광역시 기장군","-0.4129957546","-0.469760009","0.0916922398","0.0370035463","11.598935867706064","0.0","2.534336654957796","10.03727880065708","0.0","0.1734040430127723","","","563302000.0","0.0","118170000.0","681472000.0","413296000.0","681472000.0","5168.820314992766","6.0","11.608064576352753","","1","observed","1","1","1","1","1","1","1","0","2022-05-12","1","0","unknown_pre2019","1"
"2018","27110","대구광역시","중구","대구광역시 중구","","","","","","","","","","","","","0.0","0.0","0.0","0.0","0.0","0.0","0.0","0.0","","","1","observed","1","0","0","0","1","1","1","0","2022-05-12","1","0","unknown_pre2019","1"
"2018","27140","대구광역시","동구","대구광역시 동구","-2.0016623643","-2.0810175237","-1.6299902017","-1.7141935854","0.0","0.0","0.0","0.0","","","","","0.0","0.0","0.0","0.0","0.0","0.0","5054.679670192707","0.0","0.0","","1","observed","1","1","1","1","1","1","1","0","2022-05-12","1","0","unknown_pre2019","1"
"2018","27170","대구광역시","서구","대구광역시 서구","1.3282176817","1.3504615957","0.577869639","0.5734591609","14.477386226534845","13.450557272517486","0.0","0.0","0.26369916","0.0","","","57134000.0","20462000.0","0.0","77596000.0","56711000.0","57134000.0","29.4744631745872","0.0","0.0","","1","observed","1","1","1","1","1","1","1","0","2022-05-12","1","0","unknown_pre2019","1"
"2018","27200","대구광역시","남구","대구광역시 남구","-2.0016623643","-2.0810175237","-1.6299902017","-1.7141935854","0.0","0.0","0.0","0.0","","","","","0.0","0.0","0.0","0.0","0.0","0.0","292.73579718212096","0.0","0.0","","1","observed","1","1","1","1","1","1","1","0","2022-05-12","1","0","unknown_pre2019","1"
"2018","27230","대구광역시","북구","대구광역시 북구","0.7150776926","0.7147048382","0.1716583491","0.1496213225","12.520268977343312","10.004637521858726","0.0","0.0","0.074766723","0.0","1.0","0.7871023916807406","636999740.0","51475000.0","0.0","688474740.0","636999740.0","636999740.0","2326.253889395725","0.0","0.0","1831.0","1","observed","1","1","1","1","1","1","1","0","2022-05-12","1","0","full_date","1"
"2018","27260","대구광역시","수성구","대구광역시 수성구","0.4679589652","0.4606215401","0.0077592673","-0.0197675428","11.34156473887862","9.149093632988285","0.0","0.0","0.100420094","0.0","","","91651000.0","10231000.0","0.0","101882000.0","87820000.0","91651000.0","1087.835883476674","0.0","0.0","","1","observed","1","1","1","1","1","1","1","0","2022-05-12","1","0","unknown_pre2019","1"
"2018","27290","대구광역시","달서구","대구광역시 달서구","0.6975423847","0.6991873484","0.1598174322","0.1392763293","11.981243670773534","10.566772333362726","0.0","0.0","0.1955267","0.0","","","131714000.0","32013000.0","0.0","163727000.0","131714000.0","131714000.0","824.6062940159311","0.0","0.0","","1","observed","1","1","1","1","1","1","1","0","2022-05-12","1","0","unknown_pre2019","1"
"2018","27710","대구광역시","달성군","대구광역시 달성군","0.5608454605","0.5540474721","0.256984159","0.2330200545","12.16139053875424","8.955345780595724","0.7131199582639293","0.0","0.038934247","0.0","1.0","0.8040843016955658","1838417970.0","74477130.0","0.0","1912895100.0","1838417970.0","1838417970.0","9612.176215481291","1.0","1.0403471363637802","7729.0","1","observed","1","1","1","1","1","1","1","0","2022-05-12","1","0","full_date","1"
"2018","27720","대구광역시","군위군","대구광역시 군위군","","","","","","","0.7344012765873833","","","","1.0","1.441814026555734","","","","","","","18446.207007386136","2.0","1.0842337393260144","26596.0","0","administrative_history","1","1","0","0","0","1","1","0","2022-05-12","1","0","full_date","1"
"2018","28110","인천광역시","중구","인천광역시 중구","-0.6194723623","-0.6791727226","-0.7116466666","-0.7796303846","10.091439634298792","0.0","0.0","9.838006719932089","0.0","0.4369757826343768","","","23830000.0","0.0","18495000.0","42325000.0","18495000.0","42325000.0","987.3826441590792","0.0","0.0","","1","observed","1","1","1","1","1","1","1","0","2022-05-12","1","0","unknown_pre2019","1"
"2018","28140","인천광역시","동구","인천광역시 동구","-2.0016623643","-2.0810175237","-1.6299902017","-1.7141935854","0.0","0.0","0.0","0.0","","","","","0.0","0.0","0.0","0.0","0.0","0.0","3.958094174333669","0.0","0.0","","1","observed","1","1","1","1","1","1","1","0","2022-05-12","1","0","unknown_pre2019","1"
"2018","28177","인천광역시","미추홀구","인천광역시 미추홀구","-0.0298031468","-0.0811183865","-0.3198634016","-0.3809274939","14.396644622726344","0.0","0.0","0.0","0.0","0.0","","","33675000.0","0.0","0.0","33675000.0","0.0","33675000.0","18.833217834767712","0.0","0.0","","1","observed","1","1","1","1","1","1","1","0","2022-05-12","1","0","unknown_pre2019","1"
"2018","28185","인천광역시","연수구","인천광역시 연수구","-0.1625909661","-0.215794454","-0.4080892136","-0.4707115389","13.427153988256658","0.0","0.0","0.0","0.0","0.0","","","31955000.0","0.0","0.0","31955000.0","2071000.0","31955000.0","47.1194896000123","0.0","0.0","","1","observed","1","1","1","1","1","1","1","0","2022-05-12","1","0","unknown_pre2019","1"
"2018","28200","인천광역시","남동구","인천광역시 남동구","1.2401809287","1.2595464784","0.5195134549","0.5128490827","14.129477921100506","13.047279381369586","0.0","12.757105883721994","0.212797737","0.1592010550903341","","","79044000.0","26784000.0","20038000.0","125866000.0","21074000.0","99082000.0","57.74507283302972","0.0","0.0","","1","observed","1","1","1","1","1","1","1","0","2022-05-12","1","0","unknown_pre2019","1"
"2018","28237","인천광역시","부평구","인천광역시 부평구","-0.1225825021","-0.175217068","-0.3815071127","-0.4436599483","13.71925782228797","0.0","0.0","0.0","0.0","0.0","","","31123000.0","0.0","0.0","31123000.0","0.0","31123000.0","34.26762162527105","0.0","0.0","","1","observed","1","1","1","1","1","1","1","0","2022-05-12","1","0","unknown_pre2019","1"
"2018","28245","인천광역시","계양구","인천광역시 계양구","-0.0559499997","-0.1076370487","-0.3372356827","-0.398606602","14.205745117670485","0.0","0.0","0.0","0.0","0.0","","","60701000.0","0.0","0.0","60701000.0","2071000.0","60701000.0","41.088418340379626","0.0","0.0","","1","observed","1","1","1","1","1","1","1","0","2022-05-12","1","0","unknown_pre2019","1"
"2018","28260","인천광역시","서구","인천광역시 서구","1.089082706","1.1031836626","1.6347847819","1.6438446867","13.591173914917121","12.274688663646108","4.6239142146816326","12.136727401777483","0.178525781","0.1555194914399112","","","79198000.0","21231000.0","18495000.0","118924000.0","25826000.0","97693000.0","99.1158076294085","1.0","100.89208007455025","","1","observed","1","1","1","1","1","1","1","0","2022-05-12","1","0","unknown_pre2019","1"
"2018","28710","인천광역시","강화군","인천광역시 강화군","","","","","","","","","0.054713371","0.0451993831671094","","","368304000.0","22388000.0","18495000.0","409187000.0","22641000.0","386799000.0","0.0","0.0","","","1","observed","1","0","0","0","1","1","1","0","2022-05-12","1","0","unknown_pre2019","1"
"2018","28720","인천광역시","옹진군","인천광역시 옹진군","0.5786587287","0.5756036591","0.0810822537","0.0568872032","11.658839178659646","9.820579686326992","0.0","0.0","0.13725186","0.0","","","133468000.0","21233000.0","0.0","154701000.0","0.0","133468000.0","1153.4834967443164","0.0","0.0","","1","observed","1","1","1","1","1","1","1","0","2022-05-12","1","0","unknown_pre2019","1"
"2018","29110","광주광역시","동구","광주광역시 동구","-0.6304441528","-0.6903005325","-0.7189364552","-0.7870489246","10.011334032369891","0.0","0.0","0.0","0.0","0.0","","","17451000.0","0.0","0.0","17451000.0","0.0","17451000.0","783.380373911657","0.0","0.0","","1","observed","1","1","1","1","1","1","1","0","2022-05-12","1","0","unknown_pre2019","1"
"2018","29140","광주광역시","서구","광주광역시 서구","-0.3108767217","-0.3661888392","0.8346312967","0.7921588675","12.344512130695506","0.0","5.102671896535852","0.0","0.0","0.0","1.0","25.13208921570337","28104000.0","0.0","0.0","28104000.0","26339000.0","28104000.0","122.35353669199284","2.0","163.46074286636338","3075.0","1","observed","1","1","1","1","1","1","1","0","2022-05-12","1","0","full_date","1"
"2018","29155","광주광역시","남구","광주광역시 남구","-0.545429794","-0.604077266","-0.6624519005","-0.7295667469","10.632028197895632","0.0","0.0","9.80732673572768","0.0","0.3047600314712824","1.0","9.918609398165675","17673000.0","0.0","7747000.0","25420000.0","0.0","25420000.0","426.4710737356274","0.0","0.0","4230.0","1","observed","1","1","1","1","1","1","1","0","2022-05-12","1","0","full_date","1"
"2018","29170","광주광역시","북구","광주광역시 북구","-0.7266568239","-0.7878813517","-0.7828613023","-0.8521028041","9.308880418082115","0.0","0.0","0.0","0.0","0.0","","","14144000.0","0.0","0.0","14144000.0","0.0","14144000.0","1281.7880110647875","0.0","0.0","","1","observed","1","1","1","1","1","1","1","0","2022-05-12","1","0","unknown_pre2019","1"
"2018","29200","광주광역시","광산구","광주광역시 광산구","0.3040229099","0.296819354","-0.1013686582","-0.1289690002","9.697788642774164","9.760290844833504","0.0","0.0","0.515621395","0.0","1.0","3.61885518504658","39891000.0","42464000.0","0.0","82355000.0","26338000.0","39891000.0","2450.222389842844","0.0","0.0","8867.0","1","observed","1","1","1","1","1","1","1","0","2022-05-12","1","0","full_date","1"
"2018","30110","대전광역시","동구","대전광역시 동구","0.4017147256","0.3966522838","-0.0365241479","-0.0624137137","10.274729139229128","9.946729100900903","0.0","10.000170732817535","0.290435467","0.3063798065972294","","","19471000.0","14026000.0","14796000.0","48293000.0","16275000.0","34267000.0","671.6531707444556","0.0","0.0","","1","observed","1","1","1","1","1","1","1","0","2022-05-12","1","0","unknown_pre2019","1"
"2018","30140","대전광역시","중구","대전광역시 중구","-0.4870848347","-0.5449026389","-0.6236868131","-0.6901169955","11.058007718533513","0.0","0.0","0.0","0.0","0.0","","","23467000.0","0.0","0.0","23467000.0","0.0","23467000.0","369.8560141423794","0.0","0.0","","1","observed","1","1","1","1","1","1","1","0","2022-05-12","1","0","unknown_pre2019","1"
"2018","30170","대전광역시","서구","대전광역시 서구","0.5141231959","0.5119068732","0.0380566839","0.0144226792","10.869248696095037","10.256082269758526","0.0","0.0","0.351333561","0.0","","","26607000.0","14411000.0","0.0","41018000.0","16275000.0","26607000.0","506.46500818257937","0.0","0.0","","1","observed","1","1","1","1","1","1","1","0","2022-05-12","1","0","unknown_pre2019","1"
"2018","30200","대전광역시","유성구","대전광역시 유성구","-0.5065878005","-0.5646829377","-0.6366448164","-0.7033038614","10.915615571520142","0.0","0.0","0.0","0.0","0.0","1.0","0.9275735306201827","86792000.0","0.0","0.0","86792000.0","55081000.0","86792000.0","1577.23345018462","0.0","0.0","1463.0","1","observed","1","1","1","1","1","1","1","0","2022-05-12","1","0","unknown_pre2019","1"
"2018","30230","대전광역시","대덕구","대전광역시 대덕구","0.7763340755","0.783287604","0.2118161254","0.1953431664","11.797267348187557","11.605203669483998","0.0","0.0","0.452130746","0.0","","","16996000.0","14026000.0","0.0","31022000.0","2967000.0","16996000.0","127.89744823706026","0.0","0.0","","1","observed","1","1","1","1","1","1","1","0","2022-05-12","1","0","unknown_pre2019","1"
"2018","31110","울산광역시","중구","울산광역시 중구","0.936857213","0.9431906805","0.3187131936","0.3019452174","13.495465786423603","10.88549064496689","0.0","10.747484364138845","0.064641076","0.0563082468397662","1.0","4.654959422906975","577465760.0","42464000.0","36990000.0","656919760.0","587997760.0","614455760.0","795.2808314037114","0.0","0.0","3702.0","1","observed","1","1","1","1","1","1","1","0","2022-05-12","1","0","full_date","1"
"2018","31140","울산광역시","남구","울산광역시 남구","0.8710471338","0.8788094038","0.2747897647","0.2590243663","12.586317235886018","11.471788658884106","0.0","0.0","0.247026284","0.0","1.0","16.502544563478338","129436736.0","42464000.0","0.0","171900736.0","120067736.0","129436736.0","442.477217492871","0.0","0.0","7302.0","1","observed","1","1","1","1","1","1","1","0","2022-05-12","1","0","full_date","1"
"2018","31170","울산광역시","동구","울산광역시 동구","-0.0801889548","-0.1322206827","-0.3533403338","-0.4149956914","14.02877527157329","0.0","0.0","10.65070421254472","0.0","0.0329871422379889","1.0","3.878562776286484","1084356000.0","0.0","36990000.0","1121346000.0","1018728000.0","1078882000.0","876.0977186640777","0.0","0.0","3398.0","1","observed","1","1","1","1","1","1","1","0","2022-05-12","1","0","full_date","1"
"2018","31200","울산광역시","북구","울산광역시 북구","-0.084087781","-0.1361749504","0.0131912092","-0.0424855813","14.000309742826676","0.0","1.4043002114220589","10.031557718841404","0.0","0.0185457420776114","1.0","3.14519087914535","3915075800.0","0.0","73980000.0","3989055800.0","3882364800.0","3904127800.0","3254.4924595423768","1.0","3.0726757318731437","10236.0","1","observed","1","1","1","1","1","1","1","0","2022-05-12","1","0","full_date","1"
"2018","31710","울산광역시","울주군","울산광역시 울주군","-0.2409510719","-0.2952688438","0.2009920307","0.1482404937","12.85504286244334","0.0","2.515281196328706","9.142833318772375","0.0","0.0238387839688714","1.0","4.601726761372096","6058732430.0","0.0","147960000.0","6206692430.0","5527561430.0","5706201430.0","15831.01382974732","18.0","11.370086713067636","72850.0","1","observed","1","1","1","1","1","1","1","0","2022-05-12","1","0","full_date","1"
"2018","36110","세종특별자치시","세종시","세종특별자치시","","","","","","","0.0","","","","1.0","10.945275921872671","","","","","","","1266.0621896527832","0.0","0.0","13857.4","0","metropolitan_headquarters","1","1","0","0","1","1","1","0","2022-05-12","1","0","full_date","1"
"2018","41111","경기도","수원시 장안구","경기도 수원시 장안구","","","","","","","0.0","","","","","","","","","","","","115.40834556044857","0.0","0.0","","0","city_district_granularity","1","1","0","0","0","1","1","0","2022-05-12","1","0","unknown_pre2019","1"
"2018","41113","경기도","수원시 권선구","경기도 수원시 권선구","","","","","","","0.0","","","","","","","","","","","","253.7072431722083","0.0","0.0","","0","city_district_granularity","1","1","0","0","0","1","1","0","2022-05-12","1","0","unknown_pre2019","1"
"2018","41115","경기도","수원시 팔달구","경기도 수원시 팔달구","","","","","","","0.0","","","","","","","","","","","","26.09973735007635","0.0","0.0","","0","city_district_granularity","1","1","0","0","0","1","1","0","2022-05-12","1","0","unknown_pre2019","1"
"2018","41117","경기도","수원시 영통구","경기도 수원시 영통구","","","","","","","0.0","","","","","","","","","","","","26.157524481531816","0.0","0.0","","0","city_district_granularity","1","1","0","0","0","1","1","0","2022-05-12","1","0","unknown_pre2019","1"
"2018","41131","경기도","성남시 수정구","경기도 성남시 수정구","","","","","","","0.0","","","","1.0","175.01795668975186","","","","","","","71.5983676018642","0.0","0.0","12531.0","0","city_district_granularity","1","1","0","0","0","1","1","0","2022-05-12","1","0","full_date","1"
"2018","41133","경기도","성남시 중원구","경기도 성남시 중원구","","","","","","","5.668833403165514","","","","","","","","","","","","34.63846709358737","1.0","288.696378306282","","0","city_district_granularity","1","1","0","0","0","1","1","0","2022-05-12","1","0","unknown_pre2019","1"
"2018","41135","경기도","성남시 분당구","경기도 성남시 분당구","","","","","","","0.0","","","","","","","","","","","","97.95033572861928","0.0","0.0","","0","city_district_granularity","1","1","0","0","0","1","1","0","2022-05-12","1","0","unknown_pre2019","1"
"2018","41150","경기도","의정부시","경기도 의정부시","-0.1471530723","-0.2001370327","-0.3978320927","-0.4602732581","13.539866837493594","0.0","0.0","0.0","0.0","0.0","","","217214000.0","0.0","0.0","217214000.0","0.0","150527000.0","286.15341427612697","0.0","0.0","","1","observed","1","1","1","1","1","1","1","0","2022-05-12","1","0","unknown_pre2019","1"
"2018","41171","경기도","안양시 만안구","경기도 안양시 만안구","","","","","","","0.0","","","","","","","","","","","","265.8049176907011","0.0","0.0","","0","city_district_granularity","1","1","0","0","0","1","1","0","2022-05-12","1","0","unknown_pre2019","1"
"2018","41173","경기도","안양시 동안구","경기도 안양시 동안구","","","","","","","0.0","","","","","","","","","","","","127.51675699944526","0.0","0.0","","0","city_district_granularity","1","1","0","0","0","1","1","0","2022-05-12","1","0","unknown_pre2019","1"
"2018","41190","경기도","부천시","경기도 부천시","-2.0016623643","-2.0810175237","-1.6299902017","-1.7141935854","0.0","0.0","0.0","0.0","","","","","0.0","0.0","0.0","0.0","0.0","0.0","35.10405032799517","0.0","0.0","","1","observed","1","1","1","1","1","1","1","0","2022-05-12","1","0","unknown_pre2019","1"
"2018","41210","경기도","광명시","경기도 광명시","-2.0016623643","-2.0810175237","-1.6299902017","-1.7141935854","0.0","0.0","0.0","0.0","","","","","0.0","0.0","0.0","0.0","0.0","0.0","42.54530963524327","0.0","0.0","","1","observed","1","1","1","1","1","1","1","0","2022-05-12","1","0","unknown_pre2019","1"
"2018","41220","경기도","평택시","경기도 평택시","0.6155105899","0.6045313697","0.1062759969","0.0761723436","13.459407363802551","7.725890157552399","0.0","0.0","0.003223827","0.0","1.0","18.42369776295999","476153150.0","1540000.0","0.0","477693150.0","238457800.0","476153150.0","679.8309525670219","0.0","0.0","12525.0","1","observed","1","1","1","1","1","1","1","0","2022-05-12","1","0","full_date","1"
"2018","41250","경기도","동두천시","경기도 동두천시","1.0269738143","1.0355813791","0.3785044424","0.3635390165","13.973463929041335","11.131610137926943","0.0","0.0","0.055103218","0.0","1.0","15.385087619048202","728162500.0","42464000.0","0.0","770626500.0","266394000.0","728162500.0","621.7709145937123","0.0","0.0","9566.0","1","observed","1","1","1","1","1","1","1","0","2022-05-12","1","0","full_date","1"
"2018","41271","경기도","안산시 상록구","경기도 안산시 상록구","","","","","","","5.005618997732435","","","","","","","","","","","","67.45388059852978","1.0","148.24943963591562","","0","city_district_granularity","1","1","0","0","0","1","1","0","2022-05-12","1","0","unknown_pre2019","1"
"2018","41273","경기도","안산시 단원구","경기도 안산시 단원구","","","","","","","3.18303723554827","","","","","","","","","","","","865.0556360091556","2.0","23.1199002323919","","0","city_district_granularity","1","1","0","0","0","1","1","0","2022-05-12","1","0","unknown_pre2019","1"
"2018","41281","경기도","고양시 덕양구","경기도 고양시 덕양구","","","","","","","0.0","","","","","","","","","","","","355.8002227264187","0.0","0.0","","0","city_district_granularity","1","1","0","0","0","1","1","0","2022-05-12","1","0","unknown_pre2019","1"
"2018","41285","경기도","고양시 일산동구","경기도 고양시 일산동구","","","","","","","0.0","","","","","","","","","","","","37.31277505696144","0.0","0.0","","0","city_district_granularity","1","1","0","0","0","1","1","0","2022-05-12","1","0","unknown_pre2019","1"
"2018","41287","경기도","고양시 일산서구","경기도 고양시 일산서구","","","","","","","0.0","","","","","","","","","","","","3.388930813065514","0.0","0.0","","0","city_district_granularity","1","1","0","0","0","1","1","0","2022-05-12","1","0","unknown_pre2019","1"
"2018","41290","경기도","과천시","경기도 과천시","0.7250877157","0.7201549169","1.1837723957","1.1747267822","13.445796555460989","8.838726574499347","3.8237175555317333","0.0","0.009880979","0.0","1.0","2.256612624942787","154315000.0","1540000.0","0.0","155855000.0","0.0","154315000.0","223.34360555692547","1.0","44.774060018706095","504.0","1","observed","1","1","1","1","1","1","1","0","2022-05-12","1","0","full_date","1"
"2018","41310","경기도","구리시","경기도 구리시","0.9635376226","0.9766888994","0.3358996988","0.3242773633","12.523087222510654","12.481866063840204","0.0","0.0","0.489696131","0.0","","","44251000.0","42464000.0","0.0","86715000.0","0.0","44251000.0","161.14505903434895","0.0","0.0","","1","observed","1","1","1","1","1","1","1","0","2022-05-12","1","0","unknown_pre2019","1"
"2018","41360","경기도","남양주시","경기도 남양주시","0.819501089","0.8226475016","0.8390498845","0.8295279297","12.913874654455029","10.509048394387404","2.2757443742447476","9.977755700829698","0.078960164","0.0464154160918069","1.0","10.218568287872989","1394035000.0","125852000.0","73980000.0","1593867000.0","1293392000.0","1468015000.0","3434.395016144184","3.0","8.73516292068266","35094.6","1","observed","1","1","1","1","1","1","1","0","2022-05-12","1","0","full_date","1"
"2018","41370","경기도","오산시","경기도 오산시","-0.0638106011","-0.1156094282","-0.3424583601","-0.4039215217","14.148354466228596","0.0","0.0","0.0","0.0","0.0","","","259946000.0","0.0","0.0","259946000.0","0.0","259946000.0","186.35076400480355","0.0","0.0","","1","observed","1","1","1","1","1","1","1","0","2022-05-12","1","0","unknown_pre2019","1"
"2018","41390","경기도","시흥시","경기도 시흥시","1.1394718411","1.1556539624","0.4527480983","0.4435874054","13.711683757934345","12.613042289531855","0.0","0.0","0.249994113","0.0","","","127396000.0","42464000.0","0.0","169860000.0","0.0","127396000.0","141.33433515643677","0.0","0.0","","1","observed","1","1","1","1","1","1","1","0","2022-05-12","1","0","unknown_pre2019","1"
"2018","41410","경기도","군포시","경기도 군포시","1.3520032628","1.3755418812","0.5935928009","0.5901793512","14.477653944948791","13.687710307811308","0.0","0.0","0.312180639","0.0","","","103783000.0","47104000.0","0.0","150887000.0","0.0","103783000.0","53.525560683214096","0.0","0.0","","1","observed","1","1","1","1","1","1","1","0","2022-05-12","1","0","unknown_pre2019","1"
"2018","41430","경기도","의왕시","경기도 의왕시","1.1179545426","1.133868223","0.4384485985","0.4290635791","13.54778023811517","12.622349165311643","0.0","0.0","0.283852165","0.0","1.0","15.65362748477599","107135000.0","42464000.0","0.0","149599000.0","23595000.0","107135000.0","140.02505183745703","0.0","0.0","2191.9","1","observed","1","1","1","1","1","1","1","0","2022-05-12","1","0","full_date","1"
"2018","41450","경기도","하남시","경기도 하남시","1.1181816607","1.13326173","0.4386697217","0.4286592504","13.701143289215958","12.414858270328459","0.0","0.0","0.216481776","0.0","1.0","45.968654294207305","153691080.0","42464000.0","0.0","196155080.0","77763080.0","153691080.0","172.3130711920396","0.0","0.0","7921.0","1","observed","1","1","1","1","1","1","1","0","2022-05-12","1","0","full_date","1"
"2018","41461","경기도","용인시 처인구","경기도 용인시 처인구","","","","","","","3.2222275821333706","","","","1.0","22.108570208020677","","","","","","","2076.0727432002136","5.0","24.0839345171144","45899.0","0","city_district_granularity","1","1","0","0","0","1","1","0","2022-05-12","1","0","full_date","1"
"2018","41463","경기도","용인시 기흥구","경기도 용인시 기흥구","","","","","","","3.442809018477251","","","","","","","","","","","","330.3089577168603","1.0","30.274686067012347","","0","city_district_granularity","1","1","0","0","0","1","1","0","2022-05-12","1","0","unknown_pre2019","1"
"2018","41465","경기도","용인시 수지구","경기도 용인시 수지구","","","","","","","0.0","","","","","","","","","","","","79.2663751414894","0.0","0.0","","0","city_district_granularity","1","1","0","0","0","1","1","0","2022-05-12","1","0","unknown_pre2019","1"
"2018","41480","경기도","파주시","경기도 파주시","0.9570090866","0.9665734055","0.3318552697","0.3175337007","13.108846301335594","11.61551429589288","0.0","0.0","0.18342109","0.0","1.0","18.05917022728353","189047000.0","42464000.0","0.0","231511000.0","93880000.0","189047000.0","383.2401994607623","0.0","0.0","6921.0","1","observed","1","1","1","1","1","1","1","0","2022-05-12","1","0","full_date","1"
"2018","41500","경기도","이천시","경기도 이천시","0.844964027","0.8507535951","1.1634625092","1.1609731307","12.686261793801108","11.074629794963819","3.4463160967512545","0.0","0.166360435","0.0","1.0","15.494850160951124","212789000.0","42464000.0","0.0","255253000.0","117951000.0","212789000.0","658.2290176450433","2.0","30.384561397117263","10199.16","1","observed","1","1","1","1","1","1","1","0","2022-05-12","1","0","full_date","1"
"2018","41550","경기도","안성시","경기도 안성시","0.5493437172","0.5397248899","0.7554300965","0.7375925688","12.559135595944914","8.296484266697409","2.6376494399567734","0.0","0.013885912","0.0","1.0","8.397940454384493","657958000.0","9265000.0","0.0","667223000.0","624595000.0","657958000.0","2311.1940487582983","3.0","12.980303413345005","19409.27","1","observed","1","1","1","1","1","1","1","0","2022-05-12","1","0","full_date","1"
"2018","41570","경기도","김포시","경기도 김포시","1.3260872938","1.3477091297","0.5765038433","0.5716241835","14.569112411681912","13.30382711682631","0.0","0.0","0.220065195","0.0","","","150497000.0","42464000.0","0.0","192961000.0","0.0","150497000.0","70.8341881331828","0.0","0.0","","1","observed","1","1","1","1","1","1","1","0","2022-05-12","1","0","unknown_pre2019","1"
"2018","41590","경기도","화성시","경기도 화성시","0.6512704513","0.6495457276","0.8411392373","0.8296374671","12.134994291357067","9.89441888142189","2.7081403049890724","0.0","0.096161598","0.0","1.0","3.679191170382372","399126000.0","42464000.0","0.0","441590000.0","350161000.0","399126000.0","2142.6502823392866","3.0","14.001351619195095","7883.22","1","observed","1","1","1","1","1","1","1","0","2022-05-12","1","0","full_date","1"
"2018","41610","경기도","광주시","경기도 광주시","1.025702129","1.0338623048","1.1180705277","1.1148513678","14.042005008808243","11.025165762267811","2.8167078386844038","9.872299609385387","0.045992529","0.0145207333618069","1.0","22.433831185799672","2393241000.0","117161000.0","36990000.0","2547392000.0","2166749000.0","2430231000.0","1908.1894503644528","3.0","15.721709390160488","42808.0","1","observed","1","1","1","1","1","1","1","0","2022-05-12","1","0","full_date","1"
"2018","41630","경기도","양주시","경기도 양주시","0.5831658825","0.582858803","0.083851642","0.0617239657","11.205201528998842","10.486040127396924","0.0","9.84692429430557","0.279291683","0.147394972838096","1.0","6.562259867134012","168647000.0","82157000.0","43358000.0","294162000.0","113837000.0","212005000.0","2294.179185953983","0.0","0.0","15055.0","1","observed","1","1","1","1","1","1","1","0","2022-05-12","1","0","full_date","1"
"2018","41650","경기도","포천시","경기도 포천시","-0.4755518066","-0.5332056106","-0.4051919041","-0.4680458254","11.142210944879617","0.0","0.8020973174200708","8.532836043831114","0.0","0.0685258540828964","1.0","8.126544288512077","561066000.0","0.0","41276000.0","602342000.0","484467000.0","602342000.0","8128.670398484328","1.0","1.2302134924629986","66058.0","1","observed","1","1","1","1","1","1","1","0","2022-05-12","1","0","full_date","1"
"2018","41670","경기도","여주시","경기도 여주시","0.6082432896","0.6060227721","0.5629116578","0.5469179515","11.799812142988891","9.923194019289472","1.758439110009327","9.785192221868174","0.119008783","0.1036674569944004","1.0","4.5982679160558115","277360000.0","42464000.0","36990000.0","356814000.0","257964000.0","314350000.0","2081.870864151668","1.0","4.803371896015681","9573.0","1","observed","1","1","1","1","1","1","1","0","2022-05-12","1","0","full_date","1"
"2018","41800","경기도","연천군","경기도 연천군","1.0607649875","1.0719471997","0.4007799725","0.3877828969","13.840544219363492","11.650841604120897","0.0","11.562670278499489","0.092180948","0.0844011763082182","1.0","49.038401465690924","387801000.0","43414000.0","39750000.0","470965000.0","227924000.0","427551000.0","378.21379665028775","0.0","0.0","18547.0","1","observed","1","1","1","1","1","1","1","0","2022-05-12","1","0","full_date","1"
"2018","41820","경기도","가평군","경기도 가평군","0.0551450955","0.0385327733","0.0823078643","0.0530697333","8.944797216218344","8.30492186061613","1.3260026299733514","7.8473018404003465","0.283353285","0.1792767861037469","1.0","4.309960003329845","110875000.0","58464000.0","36990000.0","206329000.0","86392000.0","147865000.0","14461.528634104574","4.0","2.765959326434422","62328.61","1","observed","1","1","1","1","1","1","1","0","2022-05-12","1","0","full_date","1"
"2018","41830","경기도","양평군","경기도 양평군","0.3188668706","0.3061231385","0.2694768945","0.2436175653","10.848769402611554","8.334292347869717","1.371500143409458","8.196318832139237","0.070254504","0.0611980523831504","1.0","6.2257623246046965","524977000.0","42464000.0","36990000.0","604431000.0","501774000.0","561967000.0","10199.71478015457","3.0","2.941258716211412","63501.0","1","observed","1","1","1","1","1","1","1","0","2022-05-12","1","0","full_date","1"
"2018","43111","충청북도","청주시 상당구","충청북도 청주시 상당구","","","","","","","2.458647234119662","","","","1.0","2.8253668522814754","","","","","","","3742.168912140501","4.0","10.688988375225481","10573.0","0","city_district_granularity","1","1","0","0","0","1","1","0","2022-05-12","1","0","full_date","1"
"2018","43112","충청북도","청주시 서원구","충청북도 청주시 서원구","","","","","","","4.815619103817206","","","","","","","","","","","","245.0515906553315","3.0","122.42320043617028","","0","city_district_granularity","1","1","0","0","0","1","1","0","2022-05-12","1","0","unknown_pre2019","1"
"2018","43113","충청북도","청주시 흥덕구","충청북도 청주시 흥덕구","","","","","","","5.568352028466287","","","","","","","","","","","","229.8833210329101","6.0","261.00197148017713","","0","city_district_granularity","1","1","0","0","0","1","1","0","2022-05-12","1","0","unknown_pre2019","1"
"2018","43114","충청북도","청주시 청원구","충청북도 청주시 청원구","","","","","","","3.669652639598743","","","","","","","","","","","","523.0361645621886","2.0","38.23827367031332","","0","city_district_granularity","1","1","0","0","0","1","1","0","2022-05-12","1","0","unknown_pre2019","1"
"2018","43130","충청북도","충주시","충청북도 충주시","0.3655413508","0.3550233377","0.6814617012","0.6635423851","10.906377307024403","8.721584704046588","2.8213882444788863","0.0","0.101111303","0.0","","","448594000.0","50460000.0","0.0","499054000.0","16500000.0","465094000.0","8227.766231707934","13.0","15.800157216306129","","1","observed","1","1","1","1","1","1","1","0","2022-05-12","1","0","unknown_pre2019","1"
"2018","43150","충청북도","제천시","충청북도 제천시","0.0279802372","0.005871491","0.301635007","0.2721096624","9.672845521726774","7.03788602358102","2.2274518145298647","7.844686787335186","0.058153264","0.130369044136565","1.0","1.385925297850583","230243000.0","16500000.0","36990000.0","283733000.0","53490000.0","283733000.0","14499.410632856823","12.0","8.276198463409981","20095.100000000002","1","observed","1","1","1","1","1","1","1","0","2022-05-12","1","0","full_date","1"
"2018","43720","충청북도","보은군","충청북도 보은군","-0.0395162698","-0.0555319777","0.2348282897","0.2094558581","7.90149113242394","8.786606260373008","2.1461533573803075","0.0","0.707926049","0.0","","","21454000.0","52000000.0","0.0","73454000.0","16500000.0","37954000.0","7945.021565993795","6.0","7.551898947236522","","1","observed","1","1","1","1","1","1","1","0","2022-05-12","1","0","unknown_pre2019","1"
"2018","43730","충청북도","옥천군","충청북도 옥천군","0.1588302839","0.1443571181","-0.1973995989","-0.2306104909","9.581300561885556","8.469743280027528","0.0","0.0","0.247554462","0.0","","","50152000.0","16500000.0","0.0","66652000.0","16500000.0","66652000.0","3461.084989142923","0.0","0.0","","1","observed","1","1","1","1","1","1","1","0","2022-05-12","1","0","unknown_pre2019","1"
"2018","43740","충청북도","영동군","충청북도 영동군","0.2144960791","0.2010952954","0.389097019","0.3657189077","9.936812936377564","8.539369407745637","2.0906703197366467","8.228907301006856","0.173055357","0.1268592476241756","1.0","1.6547953939437523","204133000.0","50460000.0","36990000.0","291583000.0","64367000.0","257623000.0","9872.59214026753","7.0","7.090336459306331","16337.12","1","observed","1","1","1","1","1","1","1","0","2022-05-12","1","0","unknown_pre2019","1"
"2018","43745","충청북도","증평군","충청북도 증평군","-0.0124699569","-0.0165083677","-0.3122935602","-0.3378541481","5.997400827965334","11.660963302157024","0.0","0.0","0.996550403","0.0","","","180000.0","52000000.0","0.0","52180000.0","16500000.0","16680000.0","448.4510789032455","0.0","0.0","","1","observed","1","1","1","1","1","1","1","0","2022-05-12","1","0","unknown_pre2019","1"
"2018","43750","충청북도","진천군","충청북도 진천군","0.3357379907","0.3248939319","0.7080109521","0.6905718898","10.671059393803398","8.745823657089792","2.9977586235166904","0.0","0.127263752","0.0","1.0","0.980589256529135","113152000.0","16500000.0","0.0","129652000.0","59774000.0","94152000.0","2625.9720702166314","5.0","19.04056808794437","2575.0","1","observed","1","1","1","1","1","1","1","0","2022-05-12","1","0","full_date","1"
"2018","43760","충청북도","괴산군","충청북도 괴산군","-0.1880358766","-0.2132649149","0.0890531005","0.0558292871","8.104499256642498","7.025852225590414","1.964708864341299","0.0","0.253651038","0.0","","","48550000.0","16500000.0","0.0","65050000.0","16500000.0","65050000.0","14675.103804458691","9.0","6.1328356650298845","","1","observed","1","1","1","1","1","1","1","0","2022-05-12","1","0","unknown_pre2019","1"
"2018","43770","충청북도","음성군","충청북도 음성군","0.4363235779","0.4311223433","0.8406232444","0.8286057245","10.641787284655404","9.790292325596617","3.2493668424447164","0.0","0.299112621","0.0","","","118239000.0","50460000.0","0.0","168699000.0","16500000.0","134739000.0","2825.541113033934","7.0","24.774015737055503","","1","observed","1","1","1","1","1","1","1","0","2022-05-12","1","0","unknown_pre2019","1"
"2018","43800","충청북도","단양군","충청북도 단양군","0.0074937612","-0.0087680006","-0.0822203029","-0.1134129778","8.410503888464126","8.559850548875104","0.8208431204074615","8.196091216409977","0.391198977","0.2718832891246684","1.0","0.7492888999357336","70622000.0","82000000.0","56990000.0","209612000.0","116275000.0","144112000.0","15718.142896565196","2.0","1.2724149495021129","11777.43","1","observed","1","1","1","1","1","1","1","0","2022-05-12","1","0","full_date","1"
"2018","44131","충청남도","천안시 동남구","충청남도 천안시 동남구","","","","","","","2.880550851819455","","","","1.0","4.047160767405161","","","","","","","2377.543308260854","4.0","16.824088907663075","9622.300000000001","0","city_district_granularity","1","1","0","0","0","1","1","0","2022-05-12","1","0","full_date","1"
"2018","44133","충청남도","천안시 서북구","충청남도 천안시 서북구","","","","","","","0.0","","","","","","","","","","","","175.33501711721496","0.0","0.0","","0","city_district_granularity","1","1","0","0","0","1","1","0","2022-05-12","1","0","unknown_pre2019","1"
"2018","44150","충청남도","공주시","충청남도 공주시","0.2613997508","0.2462018035","0.479967591","0.4562614357","10.725964503331337","7.92839805296195","2.3170358059575347","0.0","0.057437496","0.0","","","348422000.0","21232000.0","0.0","369654000.0","0.0","348422000.0","7653.9903926024035","7.0","9.145556292787502","","1","observed","1","1","1","1","1","1","1","0","2022-05-12","1","0","unknown_pre2019","1"
"2018","44180","충청남도","보령시","충청남도 보령시","0.3708254241","0.3593416591","0.3428702358","0.3186468885","11.133652365513091","8.463500310608865","1.5195504097465728","8.507803667859067","0.060641669","0.0633892803568718","1.0","1.8206974606840243","766740725.0","53080000.0","55485000.0","875305725.0","141108255.0","822225725.0","11203.948179471963","4.0","3.5701700292838363","20399.0","1","observed","1","1","1","1","1","1","1","0","2022-05-12","1","0","full_date","1"
"2018","44200","충청남도","아산시","충청남도 아산시","0.4425354292","0.4309688238","0.7871242112","0.7693862184","11.857085870171781","8.19012563556715","3.028071197189102","0.0","0.024910726","0.0","1.0","0.24375114228166894","430616000.0","11001000.0","0.0","441617000.0","0.0","430616000.0","3052.293388394725","6.0","19.65735018400556","744.0","1","observed","1","1","1","1","1","1","1","0","2022-05-12","1","0","full_date","1"
"2018","44210","충청남도","서산시","충청남도 서산시","-0.6752521418","-0.7357456929","-0.5837703397","-0.6497167359","9.684188621417817","0.0","0.6274922460749682","0.0","0.0","0.0","","","183990000.0","0.0","0.0","183990000.0","96490000.0","183990000.0","11455.962398752716","1.0","0.8729078930189893","","1","observed","1","1","1","1","1","1","1","0","2022-05-12","1","0","unknown_pre2019","1"
"2018","44230","충청남도","논산시","충청남도 논산시","0.4820671699","0.4765098866","0.8516619837","0.839108529","11.158229165133974","9.54072912833308","3.175415067576468","0.0","0.165541976","0.0","1.0","0.9108053619372088","214051000.0","42464000.0","0.0","256515000.0","195436000.0","214051000.0","3051.870483159969","7.0","22.936753176865018","2779.66","1","observed","1","1","1","1","1","1","1","0","2022-05-12","1","0","unknown_pre2019","1"
"2018","44250","충청남도","계룡시","충청남도 계룡시","0.3475251146","0.3403243212","-0.072413596","-0.0999656888","10.127041801961658","9.607595906226306","0.0","0.0","0.372975442","0.0","","","17847000.0","10616000.0","0.0","28463000.0","16083000.0","17847000.0","713.6154039255124","0.0","0.0","","1","observed","1","1","1","1","1","1","1","0","2022-05-12","1","0","unknown_pre2019","1"
"2018","44270","충청남도","당진시","충청남도 당진시","0.1364946834","0.1205317342","0.3766804208","0.3519375832","9.630721511511156","8.17910897271348","2.2401333481171775","0.0","0.189720495","0.0","","","90680000.0","21232000.0","0.0","111912000.0","0.0","90680000.0","5956.2213296062455","5.0","8.394583954002496","","1","observed","1","1","1","1","1","1","1","0","2022-05-12","1","0","unknown_pre2019","1"
"2018","44710","충청남도","금산군","충청남도 금산군","0.2329426043","0.2216566542","0.4704116211","0.4497700632","9.735661317106379","8.998694207700137","2.353990286948859","8.167698106628453","0.283666339","0.1235495701316659","1.0","1.5202450120166244","88738000.0","42464000.0","18495000.0","149697000.0","33840000.0","107233000.0","5247.969858106501","5.0","9.527493745560555","7978.200000000001","1","observed","1","1","1","1","1","1","1","0","2022-05-12","1","0","full_date","1"
"2018","44760","충청남도","부여군","충청남도 부여군","-0.4184731268","-0.4753152697","0.1067779032","0.0523305369","11.55894529436096","0.0","2.6055742834187936","0.0","0.0","0.0","1.0","0.2835604899645688","584544000.0","0.0","0.0","584544000.0","467983000.0","584544000.0","5582.583103160097","7.0","12.538998292811002","1583.0","1","observed","1","1","1","1","1","1","1","0","2022-05-12","1","0","full_date","1"
"2018","44770","충청남도","서천군","충청남도 서천군","0.4226087921","0.4138581684","0.2511851336","0.2270130486","11.149743540791862","8.958592817906874","1.040484536129546","8.820602800427032","0.092441827","0.0805252259714391","1.0","1.468231838308022","379905158.0","42464000.0","36990000.0","459359158.0","64522000.0","416895158.0","5462.725027978422","1.0","1.8305882043820676","8020.54681","1","observed","1","1","1","1","1","1","1","0","2022-05-12","1","0","full_date","1"
"2018","44790","충청남도","청양군","충청남도 청양군","-0.4337454497","-0.4908047656","-0.1175658886","-0.1756883059","11.447441286833717","0.0","1.790677134945139","0.0","0.0","0.0","1.0","0.8140668874402086","750257000.0","0.0","0.0","750257000.0","683095000.0","750257000.0","8010.39828619605","4.0","4.993509507377449","6521.0","1","observed","1","1","1","1","1","1","1","0","2022-05-12","1","0","full_date","1"
"2018","44800","충청남도","홍성군","충청남도 홍성군","-0.8373215041","-0.9001196882","-0.2747460031","-0.3357933356","8.50091194939491","0.0","2.212819552227344","0.0","0.0","0.0","","","30205000.0","0.0","0.0","30205000.0","30205000.0","30205000.0","6141.408460067389","5.0","8.141454899980934","","1","observed","1","1","1","1","1","1","1","0","2022-05-12","1","0","unknown_pre2019","1"
"2018","44810","충청남도","예산군","충청남도 예산군","0.405752086","0.3966175691","0.5672739544","0.5481372065","11.052811065790785","8.922841522011431","2.2855864834336983","0.0","0.106206731","0.0","1.0","0.5434874647779165","357360000.0","42464000.0","0.0","399824000.0","290653000.0","357360000.0","5661.584119989491","5.0","8.831450516378233","3077.0","1","observed","1","1","1","1","1","1","1","0","2022-05-12","1","0","full_date","1"
"2018","44825","충청남도","태안군","충청남도 태안군","-0.4583900866","-0.5157998503","-0.4599391357","-0.5236712757","11.267509536970067","0.0","0.5504352063403257","0.0","0.0","0.0","","","1065887000.0","0.0","0.0","1065887000.0","0.0","1065887000.0","13623.83890554806","1.0","0.7340075047369858","","1","observed","1","1","1","1","1","1","1","0","2022-05-12","1","0","unknown_pre2019","1"
"2018","45111","전라북도","전주시 완산구","전라북도 전주시 완산구","","","","","","","0.0","","","","","","","","","","","","409.1654591119113","0.0","0.0","","0","city_district_granularity","1","1","0","0","0","1","1","0","2022-05-12","1","0","unknown_pre2019","1"
"2018","45113","전라북도","전주시 덕진구","전라북도 전주시 덕진구","","","","","","","0.0","","","","","","","","","","","","110.8834911803561","0.0","0.0","","0","city_district_granularity","1","1","0","0","0","1","1","0","2022-05-12","1","0","unknown_pre2019","1"
"2018","45130","전라북도","군산시","전라북도 군산시","-0.2523915753","-0.3068720317","-0.0227949854","-0.0792090718","12.771515164348868","0.0","1.6928165301878575","0.0","0.0","0.0","1.0","16.31417498012563","793828312.0","0.0","0.0","793828312.0","622674320.0","753487312.0","2254.9102265247807","1.0","4.43476635227815","36787.0","1","observed","1","1","1","1","1","1","1","0","2022-05-12","1","0","full_date","1"
"2018","45140","전라북도","익산시","전라북도 익산시","0.3761067405","0.3700628079","-0.0534865946","-0.080140031","10.19967783927617","9.793661376848522","0.0","0.0","0.399863213","0.0","1.0","6.172370732528503","60546000.0","40341000.0","0.0","100887000.0","44952000.0","60546000.0","2251.3229684613457","0.0","0.0","13896.0","1","observed","1","1","1","1","1","1","1","0","2022-05-12","1","0","full_date","1"
"2018","45180","전라북도","정읍시","전라북도 정읍시","0.1729395267","0.1566227264","0.390220768","0.3650756191","10.054903614733133","7.962876117741873","2.1992462441979583","0.0","0.109844276","0.0","1.0","0.7816755794439623","232157580.0","28648000.0","0.0","260805580.0","175692580.0","232157580.0","9977.284956948184","8.0","8.018213406272212","7799.0","1","observed","1","1","1","1","1","1","1","0","2022-05-12","1","0","full_date","1"
"2018","45190","전라북도","남원시","전라북도 남원시","0.0325049707","0.0127409249","0.2095054224","0.1801952106","9.292491032834787","7.603290618902336","1.8662416595445537","0.0","0.1558275","0.0","","","218536000.0","40340000.0","0.0","258876000.0","0.0","218536000.0","20131.930252455182","11.0","5.463956939081139","","1","observed","1","1","1","1","1","1","1","0","2022-05-12","1","0","unknown_pre2019","1"
"2018","45210","전라북도","김제시","전라북도 김제시","-0.5560211925","-0.6148192745","-0.669488952","-0.7367280859","10.55469985826082","0.0","0.0","0.0","0.0","0.0","1.0","2.105656764689842","90897000.0","0.0","0.0","90897000.0","49740000.0","57987000.0","2369.806933246794","0.0","0.0","4990.0","1","observed","1","1","1","1","1","1","1","0","2022-05-12","1","0","unknown_pre2019","1"
"2018","45710","전라북도","완주군","전라북도 완주군","0.3180944929","0.3080704206","0.1997393958","0.174794525","10.348111562082368","9.01134299623448","1.10901252496341","0.0","0.208027146","0.0","1.0","0.11355322077885797","153577000.0","40340000.0","0.0","193917000.0","0.0","153577000.0","4922.801803117838","1.0","2.031363520194239","559.0","1","observed","1","1","1","1","1","1","1","0","2022-05-12","1","0","unknown_pre2019","1"
"2018","45720","전라북도","진안군","전라북도 진안군","0.2760842864","0.2637089788","0.2798173068","0.2548231178","10.35933547440618","8.576484199716338","1.5192934275195018","0.0","0.143932094","0.0","","","176796000.0","29725000.0","0.0","206521000.0","0.0","176796000.0","5603.817299287868","2.0","3.5689957277053974","","1","observed","1","1","1","1","1","1","1","0","2022-05-12","1","0","unknown_pre2019","1"
"2018","45730","전라북도","무주군","전라북도 무주군","-0.6576359469","-0.717878995","-0.0014137575","-0.0578400045","9.812805358396353","0.0","2.798500833487696","0.0","0.0","0.0","","","118451000.0","0.0","0.0","118451000.0","0.0","118451000.0","6485.079268680864","10.0","15.420011977793619","","1","observed","1","1","1","1","1","1","1","0","2022-05-12","1","0","unknown_pre2019","1"
"2018","45740","전라북도","장수군","전라북도 장수군","-0.3207044335","-0.3399297528","0.2734641549","0.2490649285","5.705508744555751","8.982209451317434","3.004155349966144","0.0","0.963733075","0.0","","","1875000.0","49825000.0","0.0","51700000.0","0.0","1875000.0","6260.050966131462","12.0","19.16917300661478","","1","observed","1","1","1","1","1","1","1","0","2022-05-12","1","0","unknown_pre2019","1"
"2018","45750","전라북도","임실군","전라북도 임실군","0.2519284918","0.2383107196","0.3466440938","0.3220430576","10.34594028485876","8.35358907196103","1.8343034199446953","8.776972182156914","0.101404556","0.1548694422623723","1.0","1.324451832233092","295863500.0","40340000.0","61609000.0","397812500.0","311087500.0","357472500.0","9504.30940080018","5.0","5.260771497589339","12588.0","1","observed","1","1","1","1","1","1","1","0","2022-05-12","1","0","full_date","1"
"2018","45770","전라북도","순창군","전라북도 순창군","0.2983179214","0.2892131404","0.3340602658","0.3121927072","9.986089078248398","9.309005262738554","1.670400151889266","0.0","0.336902518","0.0","1.0","2.2138799129962976","201388030.0","102320000.0","0.0","303708030.0","0.0","201388030.0","9271.505594998516","4.0","4.314293896514269","20526.0","1","observed","1","1","1","1","1","1","1","0","2022-05-12","1","0","full_date","1"
"2018","45790","전라북도","고창군","전라북도 고창군","0.1103591644","0.0931879966","-0.0506126077","-0.0829815046","9.591560615769618","7.9716850829284995","0.6803211528310366","0.0","0.165183856","0.0","","","150226000.0","29725000.0","0.0","179951000.0","0.0","150226000.0","10261.548919578408","1.0","0.974511750455198","","1","observed","1","1","1","1","1","1","1","0","2022-05-12","1","0","unknown_pre2019","1"
"2018","45800","전라북도","부안군","전라북도 부안군","0.1938371279","0.1792829592","-0.174092064","-0.2073265968","9.941814102772051","8.326232025384863","0.0","0.0","0.165788226","0.0","","","149570000.0","29725000.0","0.0","179295000.0","0.0","149570000.0","7197.644415441628","0.0","0.0","","1","observed","1","1","1","1","1","1","1","0","2022-05-12","1","0","unknown_pre2019","1"
"2018","46110","전라남도","목포시","전라남도 목포시","0.1619607033","0.1564873975","0.6126396487","0.5993859117","7.980705697048862","10.690180782112487","3.0766871210233","0.0","0.93760212","0.0","1.0","0.6516228194166204","1413000.0","21232000.0","0.0","22645000.0","0.0","1413000.0","483.4084851141503","1.0","20.686438711638743","315.0","1","observed","1","1","1","1","1","1","1","0","2022-05-12","1","0","unknown_pre2019","1"
"2018","46130","전라남도","여수시","전라남도 여수시","0.2520609862","0.2396387841","0.354102857","0.3305212641","10.130512866748482","8.649558144527104","1.8627259671043552","0.0","0.185262823","0.0","1.0","3.7249131310527788","276732000.0","62926000.0","0.0","339658000.0","0.0","276732000.0","11026.834332748904","6.0","5.441271555318857","41074.0","1","observed","1","1","1","1","1","1","1","0","2022-05-12","1","0","full_date","1"
"2018","46150","전라남도","순천시","전라남도 순천시","0.233711385","0.2195174066","0.5359469911","0.5141807847","10.270431586726053","8.27495113231889","2.600440156333606","0.0","0.119655064","0.0","1.0","3.222036865697365","462969000.0","62926000.0","0.0","525895000.0","0.0","462969000.0","16038.922630022427","20.0","12.469665488979315","51678.0","1","observed","1","1","1","1","1","1","1","0","2022-05-12","1","0","full_date","1"
"2018","46170","전라남도","나주시","전라남도 나주시","-0.384814789","-0.4213250782","0.2124686778","0.1747049038","8.20563696071549","4.9225190669279755","2.928927407787742","0.0","0.035910578","0.0","","","20672150.0","770000.0","0.0","21442150.0","0.0","20672150.0","5647.307308823615","10.0","17.70755415483683","","1","observed","1","1","1","1","1","1","1","0","2022-05-12","1","0","unknown_pre2019","1"
"2018","46230","전라남도","광양시","전라남도 광양시","0.4238859955","0.4163172974","0.511348683","0.4922988734","10.948098099834667","9.2471427916813","2.027402744421481","8.715898545118344","0.141493864","0.0831748087586514","1.0","5.122150712947094","344810000.0","62926000.0","36990000.0","444726000.0","281956000.0","381800000.0","6065.811363469913","4.0","6.5943362896003785","31070.0","1","observed","1","1","1","1","1","1","1","0","2022-05-12","1","0","full_date","1"
"2018","46710","전라남도","담양군","전라남도 담양군","-0.1224091294","-0.142614127","0.338186419","0.3121632095","7.842047076729108","8.040154020563945","2.7479406671938675","0.0","0.549382876","0.0","1.0","0.7845812533611002","17415000.0","21232000.0","0.0","38647000.0","0.0","17415000.0","6844.415383359256","10.0","14.610451645458104","5370.0","1","observed","1","1","1","1","1","1","1","0","2022-05-12","1","0","full_date","1"
"2018","46720","전라남도","곡성군","전라남도 곡성군","-0.1619314254","-0.1855012068","0.1458005817","0.1144947381","8.061587744519032","7.345218565825318","2.1150276053733617","0.0","0.328120171","0.0","","","43476000.0","21232000.0","0.0","64708000.0","0.0","43476000.0","13717.76998448934","10.0","7.289814606387908","","1","observed","1","1","1","1","1","1","1","0","2022-05-12","1","0","unknown_pre2019","1"
"2018","46730","전라남도","구례군","전라남도 구례군","0.067139768","0.0487123242","0.2464575853","0.218416038","9.392341753196868","7.812579869223628","1.9195464305027325","0.0","0.170783697","0.0","1.0","0.13997784133399124","103089000.0","21232000.0","0.0","124321000.0","0.0","103089000.0","8594.217402807397","5.0","5.817865392102711","1203.0","1","observed","1","1","1","1","1","1","1","0","2022-05-12","1","0","full_date","1"
"2018","46770","전라남도","고흥군","전라남도 고흥군","-0.0004255123","-0.0178362492","0.3670341477","0.3423872569","8.540559612432961","8.302889096300317","2.54968885737868","7.8513576133278935","0.344243552","0.2191324747337117","1.0","0.20481883953948898","73703000.0","58109000.0","36990000.0","168802000.0","79104000.0","110693000.0","14402.971946490505","17.0","11.803119566682417","2950.0","1","observed","1","1","1","1","1","1","1","0","2022-05-12","1","0","full_date","1"
"2018","46780","전라남도","보성군","전라남도 보성군","0.1981596184","0.1830752969","0.6574767871","0.6373730009","10.080623153164856","8.179542803897377","3.1525340188567186","8.329176854448136","0.1129156","0.131146320882663","1.0","0.6933576705113828","213213374.0","31848000.0","36990000.0","282051374.0","162822000.0","250203374.0","8930.45575659835","20.0","22.3952735953289","6192.0","1","observed","1","1","1","1","1","1","1","0","2022-05-12","1","0","full_date","1"
"2018","46790","전라남도","화순군","전라남도 화순군","-0.1738179049","-0.1977270424","0.189431737","0.1586993112","8.005681844347208","7.3029860234885025","2.311010673063944","0.0","0.331139462","0.0","","","42886000.0","21232000.0","0.0","64118000.0","13840000.0","42886000.0","14309.912581105747","13.0","9.084611751692107","","1","observed","1","1","1","1","1","1","1","0","2022-05-12","1","0","unknown_pre2019","1"
"2018","46800","전라남도","장흥군","전라남도 장흥군","0.0057972375","-0.0158754703","0.4580269629","0.43159935","9.374655612896962","7.224212494681165","2.8787468367809206","0.0","0.104229667","0.0","","","91236000.0","10616000.0","0.0","101852000.0","0.0","91236000.0","7741.79887330564","13.0","16.79196296977576","","1","observed","1","1","1","1","1","1","1","0","2022-05-12","1","0","unknown_pre2019","1"
"2018","46810","전라남도","강진군","전라남도 강진군","-0.3621970036","-0.4006804127","-0.0314198988","-0.0748694796","8.786768537876377","4.353547199919267","1.9431655609687355","0.0","0.011589334","0.0","","","32835202.0","385000.0","0.0","33220202.0","0.0","32835202.0","5016.039434864496","3.0","5.980814223963617","","1","observed","1","1","1","1","1","1","1","0","2022-05-12","1","0","unknown_pre2019","1"
"2018","46820","전라남도","해남군","전라남도 해남군","-0.0284192207","-0.0497140036","0.3538149696","0.326306106","8.968123346147484","7.43855749870564","2.569044492138292","0.0","0.177989774","0.0","","","104175000.0","22557000.0","0.0","126732000.0","0.0","104175000.0","13274.322437384442","16.0","12.053345905580265","","1","observed","1","1","1","1","1","1","1","0","2022-05-12","1","0","unknown_pre2019","1"
"2018","46830","전라남도","영암군","전라남도 영암군","-0.1760382964","-0.1933039459","-0.0914501663","-0.1217494334","6.779396600567967","8.958037579219933","1.25015748824723","0.0","0.89840712","0.0","","","3527000.0","31190000.0","0.0","34717000.0","0.0","3527000.0","4014.624975692837","1.0","2.4908926887434153","","1","observed","1","1","1","1","1","1","1","0","2022-05-12","1","0","unknown_pre2019","1"
"2018","46840","전라남도","무안군","전라남도 무안군","0.3359346978","0.3266322687","-0.0799518797","-0.1090937238","10.393531659781894","9.127370257351888","0.0","8.998484007144148","0.184279225","0.1619926452974179","1.0","0.4150975267400484","149274700.0","42079000.0","36990000.0","228343700.0","63515000.0","186264700.0","4572.4194381640045","0.0","0.0","1898.0","1","observed","1","1","1","1","1","1","1","0","2022-05-12","1","0","unknown_pre2019","1"
"2018","46860","전라남도","함평군","전라남도 함평군","0.01235449","-0.001324638","0.2262947347","0.2020316034","7.990335396184023","9.183065048632129","1.983084167095043","0.0","0.767271051","0.0","","","14132000.0","46591000.0","0.0","60723000.0","0.0","14132000.0","4788.419458839836","3.0","6.265115296993752","","1","observed","1","1","1","1","1","1","1","0","2022-05-12","1","0","unknown_pre2019","1"
"2018","46870","전라남도","영광군","전라남도 영광군","-0.2030058221","-0.2275597717","0.0455923442","0.012313586","7.834230667916463","7.246018402610423","1.8374884631843114","0.0","0.356972326","0.0","","","19123000.0","10616000.0","0.0","29739000.0","0.0","19123000.0","7574.690067421648","4.0","5.280744115463937","","1","observed","1","1","1","1","1","1","1","0","2022-05-12","1","0","unknown_pre2019","1"
"2018","46880","전라남도","장성군","전라남도 장성군","-0.0864308432","-0.1096451824","0.1969783405","0.166034996","8.74301490731021","7.167149247535901","2.118657054282761","0.0","0.171294877","0.0","","","51359000.0","10616000.0","0.0","61975000.0","40000000.0","51359000.0","8196.769762521515","6.0","7.319956731533547","","1","observed","1","1","1","1","1","1","1","0","2022-05-12","1","0","unknown_pre2019","1"
"2018","46890","전라남도","완도군","전라남도 완도군","-0.3158154893","-0.3437657972","-0.1236433542","-0.1611323251","7.33549665816145","6.801650415789949","1.4782205288678318","0.0","0.369513002","0.0","","","18112000.0","10615000.0","0.0","28727000.0","0.0","18112000.0","11816.365950168814","4.0","3.385135511940415","","1","observed","1","1","1","1","1","1","1","0","2022-05-12","1","0","unknown_pre2019","1"
"2018","46900","전라남도","진도군","전라남도 진도군","0.0257833802","0.0038771847","0.3755924565","0.3474479882","9.614424043149988","7.095853206272312","2.514445715392703","0.0","0.074513933","0.0","","","131854000.0","10616000.0","0.0","142470000.0","0.0","131854000.0","8803.005935440742","10.0","11.359756057575948","","1","observed","1","1","1","1","1","1","1","0","2022-05-12","1","0","unknown_pre2019","1"
"2018","46910","전라남도","신안군","전라남도 신안군","0.1399692128","0.1206835129","-0.2095497838","-0.2463928943","10.2674036385002","7.342997443155035","0.0","0.0","0.050930563","0.0","1.0","0.18156907817357062","388475000.0","20847000.0","0.0","409322000.0","6367000.0","388475000.0","13498.994568100252","0.0","0.0","2451.0","1","observed","1","1","1","1","1","1","1","0","2022-05-12","1","0","unknown_pre2019","1"
"2018","47111","경상북도","포항시 남구","경상북도 포항시 남구","","","","","","","2.4146967785757627","","","","1.0","14.364830105847812","","","","","","","6871.922554782899","7.0","10.186377893807839","98714.0","0","city_district_granularity","1","1","0","0","0","1","1","0","2022-05-12","1","0","full_date","1"
"2018","47113","경상북도","포항시 북구","경상북도 포항시 북구","","","","","","","1.959761199779948","","","","","","","","","","","","14759.8282065478","9.0","6.097631946696638","","0","city_district_granularity","1","1","0","0","0","1","1","0","2022-05-12","1","0","unknown_pre2019","1"
"2018","47130","경상북도","경주시","경상북도 경주시","-0.4240050176","-0.4809258242","-0.1132727401","-0.1713164105","11.518556677745291","0.0","1.782389134080998","0.0","0.0","0.0","1.0","4.251980840667756","2847654494.0","0.0","0.0","2847654494.0","1798525494.0","2847654494.0","28316.91969267933","14.0","4.944040577838475","120403.0","1","observed","1","1","1","1","1","1","1","0","2022-05-12","1","0","full_date","1"
"2018","47150","경상북도","김천시","경상북도 김천시","-0.594964753","-0.6543166141","-0.2621745706","-0.3228007627","10.270370938370855","0.0","1.6480388087617812","0.0","0.0","0.0","1.0","0.8805679497103088","343878000.0","0.0","0.0","343878000.0","0.0","343878000.0","11913.901707927653","5.0","4.196777951150075","10491.0","1","observed","1","1","1","1","1","1","1","0","2022-05-12","1","0","full_date","1"
"2018","47170","경상북도","안동시","경상북도 안동시","0.4127730771","0.3977479282","0.335944441","0.3085339565","12.190041082648733","7.437531307322963","1.385849107822605","7.299609375994671","0.008487992","0.0073938113910593","1.0","2.454242446484809","9846757020.0","84928000.0","73980000.0","10005665020.0","1387058000.0","9920737020.0","50029.694570666376","15.0","2.998219383253014","122785.0","1","observed","1","1","1","1","1","1","1","0","2022-05-12","1","0","full_date","1"
"2018","47190","경상북도","구미시","경상북도 구미시","-0.2947564506","-0.3498393372","0.0197924403","-0.0359643423","12.462207051593525","0.0","1.961923764713941","0.0","0.0","0.0","1.0","5.3732376017082455","2958761000.0","0.0","0.0","2958761000.0","1395742000.0","2958761000.0","11451.010463493902","7.0","6.1129976453311","61529.0","1","observed","1","1","1","1","1","1","1","0","2022-05-12","1","0","full_date","1"
"2018","47210","경상북도","영주시","경상북도 영주시","-0.5238733661","-0.5822143048","-0.221898737","-0.2818042503","10.789412776426262","0.0","1.6215670524820092","7.825890603073202","0.0","0.0490836133182592","1.0","1.122667591731816","716622000.0","0.0","36990000.0","753612000.0","36990000.0","753612000.0","14774.631531327144","6.0","4.06101498184777","16587.0","1","observed","1","1","1","1","1","1","1","0","2022-05-12","1","0","full_date","1"
"2018","47230","경상북도","영천시","경상북도 영천시","0.1481437506","0.1325845653","0.1395529381","0.1111294508","9.67260602790712","8.238148183933362","1.3086280019720111","0.0","0.192373755","0.0","1.0","1.8711817156268058","352650000.0","84000000.0","0.0","436650000.0","251119000.0","394186000.0","22213.23543987101","6.0","2.7010923358019574","41565.0","1","observed","1","1","1","1","1","1","1","0","2022-05-12","1","0","full_date","1"
"2018","47250","경상북도","상주시","경상북도 상주시","0.1161501452","0.0980572659","0.2439713136","0.2156603815","9.815859576399333","7.72273308116622","1.7860877986416606","7.6217110749814525","0.099827782","0.0902313963302483","1.0","1.603266914999246","332032000.0","40924000.0","36990000.0","409946000.0","36990000.0","369022000.0","18122.996070191883","9.0","4.9660662978363215","29056.0","1","observed","1","1","1","1","1","1","1","0","2022-05-12","1","0","full_date","1"
"2018","47280","경상북도","문경시","경상북도 문경시","-0.593519088","-0.6528503917","-0.2776305704","-0.3385077266","10.280925812072168","0.0","1.5855832518626445","0.0","0.0","0.0","","","450832000.0","0.0","0.0","450832000.0","5200000.0","450832000.0","15455.400865428795","6.0","3.8821380643843533","","1","observed","1","1","1","1","1","1","1","0","2022-05-12","1","0","unknown_pre2019","1"
"2018","47290","경상북도","경산시","경상북도 경산시","-0.524654323","-0.5830063669","-0.2986504675","-0.3598093165","10.783710970360584","0.0","1.331544184949693","0.0","0.0","0.0","1.0","1.3939727725132405","346105000.0","0.0","0.0","346105000.0","78531000.0","346105000.0","7176.467286347215","2.0","2.7868865281457857","10003.8","1","observed","1","1","1","1","1","1","1","0","2022-05-12","1","0","full_date","1"
"2018","47730","경상북도","의성군","경상북도 의성군","-0.6383995797","-0.6983690858","-0.4895223642","-0.5538977304","9.953251055671245","0.0","0.8928998160097805","0.0","0.0","0.0","1.0","1.029991344119069","728728010.0","0.0","0.0","728728010.0","200000010.0","728728010.0","34669.223390941406","5.0","1.4422013275631758","35709.0","1","observed","1","1","1","1","1","1","1","0","2022-05-12","1","0","full_date","1"
"2018","47750","경상북도","청송군","경상북도 청송군","-0.6867967066","-0.7474544219","-0.3926994807","-0.4555377594","9.59990116548159","0.0","1.3835900677563626","7.3655454597964765","0.0","0.096658121869194","","","345699000.0","0.0","36990000.0","382689000.0","36990000.0","382689000.0","23417.65688293314","7.0","2.9891974397752925","","1","observed","1","1","1","1","1","1","1","0","2022-05-12","1","0","unknown_pre2019","1"
"2018","47760","경상북도","영양군","경상북도 영양군","0.0373659431","0.0169347869","0.007986102","-0.0251623206","9.461447735637456","7.420744822190259","1.0870525070422863","7.282824365595338","0.104480991","0.0910124302459476","1.0","0.3242715436833925","326974000.0","42464000.0","36990000.0","406428000.0","36990000.0","363964000.0","25438.55654523308","5.0","1.965520327817872","8249.0","1","observed","1","1","1","1","1","1","1","0","2022-05-12","1","0","unknown_pre2019","1"
"2018","47770","경상북도","영덕군","경상북도 영덕군","-0.5769179023","-0.6360131364","-0.4093019065","-0.472313234","10.402131915102318","0.0","1.0426853227356148","0.0","0.0","0.0","1.0","1.2541838265996497","717080000.0","0.0","0.0","717080000.0","252225000.0","717080000.0","21776.71201043028","4.0","1.8368245849438336","27312.0","1","observed","1","1","1","1","1","1","1","0","2022-05-12","1","0","full_date","1"
"2018","47820","경상북도","청도군","경상북도 청도군","0.2906060039","0.2789841887","0.091527554","0.063884602","10.366198842009426","8.712108648868668","0.7664253850211038","8.973609040578863","0.132838401","0.1725473392045276","1.0","2.498068657357763","551473050.0","105464000.0","136990000.0","793927050.0","695913050.0","751463050.0","17360.21140662715","2.0","1.15205970316497","43367.0","1","observed","1","1","1","1","1","1","1","0","2022-05-12","1","0","year_only_or_partial","1"
"2018","47830","경상북도","고령군","경상북도 고령군","-0.524323906","-0.5826712513","-0.2934971245","-0.3545715731","10.786123361784549","0.0","1.3503145399322505","0.0","0.0","0.0","1.0","2.305301806517606","507349000.0","0.0","0.0","507349000.0","12186000.0","507349000.0","10494.504420896628","3.0","2.8586390358999787","24193.0","1","observed","1","1","1","1","1","1","1","0","2022-05-12","1","0","full_date","1"
"2018","47840","경상북도","성주군","경상북도 성주군","-0.5733760854","-0.6324209548","-0.2961892463","-0.357351343","10.427990900375601","0.0","1.464062294395618","0.0","0.0","0.0","1.0","2.2956987700983884","406698000.0","0.0","0.0","406698000.0","0.0","406698000.0","12035.551161974026","4.0","3.323487180743233","27630.0","1","observed","1","1","1","1","1","1","1","0","2022-05-12","1","0","full_date","1"
"2018","47850","경상북도","칠곡군","경상북도 칠곡군","0.3088514528","0.2980023819","0.4342522057","0.4126049805","10.406358556613268","8.839377385537775","2.0243433776159017","0.0","0.172630795","0.0","1.0","4.0298598566722195","301940682.0","63000000.0","0.0","364940682.0","65251682.0","364940682.0","9130.838616900546","6.0","6.571137933480084","36796.0","1","observed","1","1","1","1","1","1","1","0","2022-05-12","1","0","full_date","1"
"2018","47900","경상북도","예천군","경상북도 예천군","-0.5105546691","-0.5687062153","-0.2963853845","-0.3574947016","10.8866532617778","0.0","1.3045216874989363","8.105532829369665","0.0","0.0583374001813805","1.0","0.6417571680866829","597080080.0","0.0","36990000.0","634070080.0","36990000.0","634070080.0","11169.33375496292","3.0","2.6859256476842197","7168.0","1","observed","1","1","1","1","1","1","1","0","2022-05-12","1","0","full_date","1"
"2018","47920","경상북도","봉화군","경상북도 봉화군","-0.6092885338","-0.6688440796","-0.4442958873","-0.5079071858","10.16579228518139","0.0","0.991376644129919","7.491261378270479","0.0","0.0644617180781834","1.0","0.18954293086216406","1073677900.0","0.0","73980000.0","1147657900.0","384093900.0","1147657900.0","41299.35083515478","7.0","1.6949418958037155","7828.0","1","observed","1","1","1","1","1","1","1","0","2022-05-12","1","0","full_date","1"
"2018","47930","경상북도","울진군","경상북도 울진군","-0.0029587376","-0.025679461","-0.0339926729","-0.0691526105","9.47814344869367","6.995233498573164","1.0287283034568342","8.24286531240219","0.060714638","0.2115518520795593","","","508979000.0","42464000.0","147960000.0","699403000.0","147960000.0","656939000.0","38942.84651856584","7.0","1.7975059929588812","","1","observed","1","1","1","1","1","1","1","0","2022-05-12","1","0","unknown_pre2019","1"
"2018","47940","경상북도","울릉군","경상북도 울릉군","-2.0016623643","-2.0810175237","-1.6299902017","-1.7141935854","0.0","0.0","0.0","0.0","","","","","0.0","0.0","0.0","0.0","0.0","0.0","626.9992741646664","0.0","0.0","","1","observed","1","1","1","1","1","1","1","0","2022-05-12","1","0","unknown_pre2019","1"
"2018","48121","경상남도","창원시 의창구","경상남도 창원시 의창구","","","","","","","1.5883425275559249","","","","","","","","","","","","2566.98032563519","1.0","3.895627831711385","","0","city_district_granularity","1","1","0","0","0","1","1","0","2022-05-12","1","0","unknown_pre2019","1"
"2018","48123","경상남도","창원시 성산구","경상남도 창원시 성산구","","","","","","","0.0","","","","","","","","","","","","1352.9747995789487","0.0","0.0","","0","city_district_granularity","1","1","0","0","0","1","1","0","2022-05-12","1","0","unknown_pre2019","1"
"2018","48125","경상남도","창원시 마산합포구","경상남도 창원시 마산합포구","","","","","","","1.588548674076729","","","","","","","","","","","","7698.94625205914","3.0","3.8966371523864423","","0","city_district_granularity","1","1","0","0","0","1","1","0","2022-05-12","1","0","unknown_pre2019","1"
"2018","48127","경상남도","창원시 마산회원구","경상남도 창원시 마산회원구","","","","","","","1.664538104697602","","","","","","","","","","","","2334.6853728937867","1.0","4.283232385871866","","0","city_district_granularity","1","1","0","0","0","1","1","0","2022-05-12","1","0","unknown_pre2019","1"
"2018","48129","경상남도","창원시 진해구","경상남도 창원시 진해구","","","","","","","0.0","","","","","","","","","","","","2231.301133458337","0.0","0.0","","0","city_district_granularity","1","1","0","0","0","1","1","0","2022-05-12","1","0","unknown_pre2019","1"
"2018","48170","경상남도","진주시","경상남도 진주시","0.5983829139","0.5994106547","0.6368251768","0.6245769677","11.11354907535534","10.763350673062371","2.0656441700095263","7.734191603105872","0.405236606","0.0195875762178715","1.0","3.507990386169501","1362798000.0","960151000.0","46410000.0","2369359000.0","1386301000.0","1409208000.0","20318.18567149176","14.0","6.89037900645","71276.0","1","observed","1","1","1","1","1","1","1","0","2022-05-12","1","0","full_date","1"
"2018","48220","경상남도","통영시","경상남도 통영시","0.4597308685","0.4538837342","0.3884109005","0.3682978556","10.990116098861344","9.547615078201236","1.4694754361349491","6.939876694560693","0.188496772","0.0138799453027785","1.0","2.0178787400820917","531387000.0","125579000.0","9247000.0","666213000.0","409156000.0","540634000.0","8963.373091122503","3.0","3.3469542877460468","18087.0","1","observed","1","1","1","1","1","1","1","0","2022-05-12","1","0","full_date","1"
"2018","48240","경상남도","사천시","경상남도 사천시","-0.4249181817","-0.4818519735","-0.1445748301","-0.2031301854","11.511889620033564","0.0","1.6656106104110564","7.775166646789484","0.0","0.0232680043343923","1.0","3.35546515157263","1164581000.0","0.0","27743000.0","1192324000.0","881796000.0","1192324000.0","11657.99620409298","5.0","4.288901722445716","39118.0","1","observed","1","1","1","1","1","1","1","0","2022-05-12","1","0","full_date","1"
"2018","48250","경상남도","김해시","경상남도 김해시","0.6250335978","0.6222267838","0.64567562","0.6304272381","12.07196741675003","9.718625236047156","2.0306046997674025","0.0","0.08679617","0.0","1.0","4.038461103032623","1321247520.0","125579000.0","0.0","1446826520.0","1039858540.0","1321247520.0","7554.36271927702","5.0","6.618691987401047","30508.0","1","observed","1","1","1","1","1","1","1","0","2022-05-12","1","0","full_date","1"
"2018","48270","경상남도","밀양시","경상남도 밀양시","0.6315934722","0.6308635187","0.4472470619","0.4302575919","11.760272630642246","10.210444675030578","1.2597481089083975","6.148227326112686","0.174581895","0.0029983850387545","1.0","3.8056333858813547","2536337080.0","538409430.0","9247000.0","3083993510.0","1971570080.0","2545584080.0","19805.63873536237","5.0","2.52453357693163","75373.0","1","observed","1","1","1","1","1","1","1","0","2022-05-12","1","0","full_date","1"
"2018","48310","경상남도","거제시","경상남도 거제시","0.5704709905","0.565024718","0.5469483395","0.5286387232","12.011437337884974","9.256559977701714","1.7923268498455212","8.034501191833417","0.058771416","0.0173114507360759","1.0","2.9617824155476806","1974167000.0","125579000.0","36990000.0","2136736000.0","825659000.0","2011157000.0","11991.832963000526","6.0","5.00340524964977","35517.2","1","observed","1","1","1","1","1","1","1","0","2022-05-12","1","0","full_date","1"
"2018","48330","경상남도","양산시","경상남도 양산시","0.6369944058","0.6343941805","0.6978432377","0.6834843752","12.152676059326188","9.727676618516307","2.1988511470847856","8.21793532749935","0.079848238","0.0176401281600487","1.0","6.484119846375312","1419399000.0","125579000.0","27743000.0","1572721000.0","443355000.0","1447142000.0","7486.289758684128","6.0","8.014651039976076","48542.0","1","observed","1","1","1","1","1","1","1","0","2022-05-12","1","0","full_date","1"
"2018","48720","경상남도","의령군","경상남도 의령군","0.1970187952","0.1834898659","0.0401570639","0.011158965","9.787387183928454","8.569217614668121","0.8073672146564502","6.354783084863601","0.222692765","0.024283776955859","1.0","2.7350027198449416","286743200.0","84799000.0","9247000.0","380789200.0","275476200.0","295990200.0","16103.091847198206","2.0","1.2419975113959139","44042.0","1","observed","1","1","1","1","1","1","1","0","2022-05-12","1","0","full_date","1"
"2018","48730","경상남도","함안군","경상남도 함안군","0.3688242722","0.3601616345","0.3888511384","0.3675191941","10.60246128351062","9.170041761605493","1.7004497817449191","8.449443031882344","0.176194025","0.0857020845010275","1.0","0.5659371578085891","359509000.0","85819000.0","41743000.0","487071000.0","359781000.0","401252000.0","8935.731927519762","4.0","4.476410027119352","5057.06273","1","observed","1","1","1","1","1","1","1","0","2022-05-12","1","0","year_only_or_partial","1"
"2018","48740","경상남도","창녕군","경상남도 창녕군","0.48369576","0.4759691509","0.3008278805","0.2776372532","11.567579339995756","8.997112491000387","1.074986465245706","7.487597373826647","0.069957757","0.0154551162100175","1.0","3.427725625014515","1641747000.0","125579000.0","27743000.0","1795069000.0","877793000.0","1669490000.0","15544.41802785028","3.0","1.9299532440680804","53282.0","1","observed","1","1","1","1","1","1","1","0","2022-05-12","1","0","full_date","1"
"2018","48820","경상남도","고성군","경상남도 고성군","0.2238855505","0.2111603829","0.2449780179","0.2196637852","9.907092991808174","8.673780028646867","1.5188182654405695","6.311203297718466","0.220895811","0.0207691340167285","1.0","0.9430685907873445","337632000.0","98349000.0","9247000.0","445228000.0","257043000.0","346879000.0","16821.68206530507","6.0","3.5668252299067493","15864.0","1","observed","1","1","1","1","1","1","1","0","2022-05-12","1","0","full_date","1"
"2018","48840","경상남도","남해군","경상남도 남해군","0.1909337972","0.1788938405","0.1812010846","0.1556841965","9.457348951349005","8.959856114406108","1.359843992531207","6.795164213473678","0.362404555","0.0415574960339039","1.0","1.8286587715773315","132625000.0","80639000.0","9247000.0","222511000.0","71094000.0","141872000.0","10360.598868676796","3.0","2.895585513951227","18946.0","1","observed","1","1","1","1","1","1","1","0","2022-05-12","1","0","full_date","1"
"2018","48850","경상남도","하동군","경상남도 하동군","0.3825272768","0.3733603708","0.4544289205","0.4336537525","10.82924709012779","8.996696700997408","1.915075697227141","7.487181765259786","0.133844144","0.0295689412607327","1.0","3.0016307653920205","784926000.0","125579000.0","27743000.0","938248000.0","656089000.0","812669000.0","15550.883385853002","9.0","5.78745256889233","46678.01","1","observed","1","1","1","1","1","1","1","0","2022-05-12","1","0","full_date","1"
"2018","48860","경상남도","산청군","경상남도 산청군","0.0681188672","0.0519409347","0.076775191","0.0476462382","8.994216431954444","8.366883954558602","1.2722397688379665","6.165587403771388","0.335203278","0.0370241487497767","1.0","1.4458442099074225","156789911.0","83719000.0","9247000.0","249755911.0","147887911.0","166036911.0","19464.061070453736","5.0","2.568836987256454","28142.0","1","observed","1","1","1","1","1","1","1","0","2022-05-12","1","0","full_date","1"
"2018","48870","경상남도","함양군","경상남도 함양군","0.1461378072","0.1380244404","0.3529634613","0.3336415287","8.302990580515338","10.091377847196487","2.1279908893394324","6.434387406142293","0.838247667","0.0216013954235134","1.0","0.4785818824610139","59995000.0","358832197.0","9247000.0","428074197.0","9247000.0","69242000.0","14868.928935227048","11.0","7.397977384866713","7116.0","1","observed","1","1","1","1","1","1","1","0","2022-05-12","1","0","full_date","1"
"2018","48880","경상남도","거창군","경상남도 거창군","-0.0048934589","-0.0223185109","0.018552939","-0.0117483704","8.499016279413281","8.315092818155053","1.2352244539133264","6.113895582885739","0.432446254","0.0477649100695269","1.0","0.435339557116299","100628000.0","83719000.0","9247000.0","193594000.0","99952000.0","109875000.0","20498.941238220614","5.0","2.4391503648380715","8924.0","1","observed","1","1","1","1","1","1","1","0","2022-05-12","1","0","full_date","1"
"2018","48890","경상남도","합천군","경상남도 합천군","0.0382265258","0.0214515582","-0.0323412477","-0.0634070007","8.80714518131901","8.324246066385202","0.932617780933752","5.656064440333595","0.371737611","0.0257065764022135","1.0","0.8048515647486056","216747400.0","133719000.0","9247000.0","359713400.0","221218400.0","225994400.0","32443.24934394089","5.0","1.5411526592153142","26112.0","1","observed","1","1","1","1","1","1","1","0","2022-05-12","1","0","full_date","1"
"2018","50110","제주특별자치도","제주시","제주특별자치도 제주시","","","","","","","2.880698718045113","","","","","","","","","","","","9508.683538333917","16.0","16.82672468328194","","0","metropolitan_headquarters","1","1","0","0","0","1","1","0","2022-05-12","1","0","unknown_pre2019","1"
"2018","50130","제주특별자치도","서귀포시","제주특별자치도 서귀포시","","","","","","","2.4147697289219616","","","","","","","","","","","","4908.12289714066","5.0","10.187193973714198","","0","metropolitan_headquarters","1","1","0","0","0","1","1","0","2022-05-12","1","0","unknown_pre2019","1"
"2018","51110","강원특별자치도","춘천시","강원특별자치도 춘천시","0.1938666982","0.178889624","0.4084945894","0.3844499687","10.01877171002394","8.221270273656067","2.2162026442435714","0.0","0.142128129","0.0","1.0","3.1548512636586628","384463000.0","63696000.0","0.0","448159000.0","0.0","384463000.0","17130.760052797013","14.0","8.172433655513235","54045.0","1","observed","1","1","1","1","1","1","1","0","2022-05-12","1","0","full_date","1"
"2018","51130","강원특별자치도","원주시","강원특별자치도 원주시","0.2434964834","0.2312074159","0.1394249776","0.1125237543","10.021769995049308","8.712764936229387","1.0677280951209054","8.169463566603627","0.189261625","0.1099153171891249","1.0","2.3618085826919044","235862000.0","63696000.0","36992000.0","336550000.0","0.0","272854000.0","10477.987158381084","2.0","1.9087635533130516","24747.0","1","observed","1","1","1","1","1","1","1","0","2022-05-12","1","0","full_date","1"
"2018","51150","강원특별자치도","강릉시","강원특별자치도 강릉시","-0.0621952474","-0.0843872292","0.0959850345","0.0639246246","8.797100121207368","7.33518839291373","1.6733904461921119","7.1972758495742","0.161617392","0.1407834241695338","","","183290000.0","42464000.0","36990000.0","262744000.0","36990000.0","220280000.0","27712.288362127525","12.0","4.330208982813406","","1","observed","1","1","1","1","1","1","1","0","2022-05-12","1","0","unknown_pre2019","1"
"2018","51170","강원특별자치도","동해시","강원특별자치도 동해시","-0.0497981916","-0.0658115595","-0.3361345528","-0.3707229426","7.799492858510389","8.823438394929974","0.0","0.0","0.735791517","0.0","","","11436000.0","31848000.0","0.0","43284000.0","0.0","11436000.0","4690.028793632587","0.0","0.0","","1","observed","1","1","1","1","1","1","1","0","2022-05-12","1","0","unknown_pre2019","1"
"2018","51190","강원특별자치도","태백시","강원특별자치도 태백시","-0.1428856223","-0.1599756667","0.138734609","0.1119992073","7.0750743809815235","8.88468851840114","2.0419854629137326","0.0","0.859400777","0.0","","","5284000.0","32298000.0","0.0","37582000.0","0.0","5284000.0","4473.676582756398","3.0","6.705893786697448","","1","observed","1","1","1","1","1","1","1","0","2022-05-12","1","0","unknown_pre2019","1"
"2018","51210","강원특별자치도","속초시","강원특별자치도 속초시","0.2368295529","0.2285918924","0.4998985896","0.4819923444","9.221457581353867","9.740799275494954","2.457301945571374","0.0","0.627003189","0.0","","","18946000.0","31848000.0","0.0","50794000.0","0.0","18946000.0","1873.839293759796","2.0","10.673273885654659","","1","observed","1","1","1","1","1","1","1","0","2022-05-12","1","0","unknown_pre2019","1"
"2018","51230","강원특별자치도","삼척시","강원특별자치도 삼척시","-0.3785655268","-0.4080015554","-0.3171656716","-0.358315191","6.984930909411232","6.654516483356665","0.9004021652818898","0.0","0.418051508","0.0","","","44334000.0","31848000.0","0.0","76182000.0","0.0","44334000.0","41079.22020830035","6.0","1.4605924770664602","","1","observed","1","1","1","1","1","1","1","0","2022-05-12","1","0","unknown_pre2019","1"
"2018","51720","강원특별자치도","홍천군","강원특별자치도 홍천군","-0.6995649329","-0.7604042129","-0.3456972526","-0.4077798012","9.506679695063431","0.0","1.5946813390463785","0.0","0.0","0.0","1.0","0.887279211852603","479468460.0","0.0","0.0","479468460.0","79473150.0","479468460.0","35652.81320403021","14.0","3.926758856273769","31634.0","1","observed","1","1","1","1","1","1","1","0","2022-05-12","1","0","full_date","1"
"2018","51730","강원특별자치도","횡성군","강원특별자치도 횡성군","0.040096167","0.0224104648","0.0579145181","0.0276186467","8.990715704696104","8.09184156642799","1.270964743833219","7.548588325691417","0.247646819","0.1438152446492097","1.0","1.060590149829859","156519000.0","63696000.0","36990000.0","257205000.0","0.0","193509000.0","19498.57822394212","5.0","2.5642895305364095","20680.0","1","observed","1","1","1","1","1","1","1","0","2022-05-12","1","0","full_date","1"
"2018","51750","강원특별자치도","영월군","강원특별자치도 영월군","-0.0547614071","-0.0767073602","-0.1880584764","-0.2246425299","8.825937483485644","7.369979939242319","0.5740198187730525","0.0","0.189012309","0.0","","","175591000.0","40924000.0","0.0","216515000.0","0.0","175591000.0","25793.489291269954","2.0","0.7753894703485963","","1","observed","1","1","1","1","1","1","1","0","2022-05-12","1","0","unknown_pre2019","1"
"2018","51760","강원특별자치도","평창군","강원특별자치도 평창군","-0.0482465949","-0.0695288812","-0.0328555021","-0.0664713499","8.76998530014799","7.511563204901472","1.148194041316427","0.0","0.221178186","0.0","","","149526000.0","42464000.0","0.0","191990000.0","0.0","149526000.0","23228.863168648888","5.0","2.1524944908833548","","1","observed","1","1","1","1","1","1","1","0","2022-05-12","1","0","unknown_pre2019","1"
"2018","51770","강원특별자치도","정선군","강원특별자치도 정선군","0.1181450011","0.1004595216","0.1932345938","0.1643823961","9.76171197278353","7.816712575931546","1.5881418765997495","7.966329581022974","0.109200132","0.1268309743252139","1.0","1.2957485970587765","445620000.0","63696000.0","73980000.0","583296000.0","146557000.0","519600000.0","25676.27707683394","10.0","3.894645617850245","33270.0","1","observed","1","1","1","1","1","1","1","0","2022-05-12","1","0","full_date","1"
"2018","51780","강원특별자치도","철원군","강원특별자치도 철원군","0.8727639198","0.8831530273","1.5249676748","1.5315644463","12.127076720515621","12.117048104845663","4.752710761516938","0.0","0.497492854","0.0","","","32169000.0","31848000.0","0.0","64017000.0","0.0","32169000.0","174.06738674227793","2.0","114.8980310114712","","1","observed","1","1","1","1","1","1","1","0","2022-05-12","1","0","unknown_pre2019","1"
"2018","51790","강원특별자치도","화천군","강원특별자치도 화천군","0.0557956407","0.0415315625","0.2739934312","0.2496431252","8.525527623989408","8.884864656846","2.054360066691126","0.0","0.588894436","0.0","","","22233000.0","31848000.0","0.0","54081000.0","0.0","22233000.0","4410.568912950758","3.0","6.801843615210493","","1","observed","1","1","1","1","1","1","1","0","2022-05-12","1","0","unknown_pre2019","1"
"2018","51800","강원특별자치도","양구군","강원특별자치도 양구군","0.3477689279","0.343009756","0.7485128014","0.7361923695","9.68682637858239","10.212125327844157","3.123322473156971","0.0","0.628391926","0.0","","","22240000.0","37608000.0","0.0","59848000.0","22240000.0","22240000.0","1381.1043984930916","3.0","21.721746764931517","","1","observed","1","1","1","1","1","1","1","0","2022-05-12","1","0","unknown_pre2019","1"
"2018","51810","강원특별자치도","인제군","강원특별자치도 인제군","0.0416571486","0.0197742374","0.0277131301","-0.0062470435","9.767018359311644","7.045658804220188","1.150772805942683","0.0","0.061677541","0.0","1.0","0.2283430585335894","484515000.0","31848000.0","0.0","516363000.0","441000000.0","484515000.0","27769.62015277217","6.0","2.160634523263738","6341.0","1","observed","1","1","1","1","1","1","1","0","2022-05-12","1","0","unknown_pre2019","1"
"2018","51820","강원특별자치도","고성군","강원특별자치도 고성군","-0.5166090712","-0.5748467113","0.1448086612","0.0908945326","10.842449763461717","0.0","2.998319144924825","0.0","0.0","0.0","","","161073000.0","0.0","0.0","161073000.0","0.0","161073000.0","3149.3079987109445","6.0","19.051804404192552","","1","observed","1","1","1","1","1","1","1","0","2022-05-12","1","0","unknown_pre2019","1"
"2018","51830","강원특별자치도","양양군","강원특별자치도 양양군","-0.1268293478","-0.1486086688","0.0370123949","0.0049333344","8.083777964976543","7.665392407772575","1.6128344412538778","0.0","0.396864758","0.0","","","48401000.0","31848000.0","0.0","80249000.0","0.0","48401000.0","14936.47696406484","6.0","4.01701151779981","","1","observed","1","1","1","1","1","1","1","0","2022-05-12","1","0","unknown_pre2019","1"
"2019","11110","서울특별시","종로구","서울특별시 종로구","-0.2467516651","-0.3715636644","-0.4640065866","-0.5817822991","12.8126924365311","0.0","0.0","0.0","0.0","0.0","0.0","0.0","86699000.0","0.0","0.0","86699000.0","0.0","86699000.0","236.3380504095327","0.0","0.0","0.0","1","observed","1","1","1","1","1","1","1","0","2022-05-12","1","1","no_designation","1"
"2019","11140","서울특별시","중구","서울특별시 중구","0.1410064257","0.0191637689","-0.2063754829","-0.3212973435","15.643734015074946","0.0","0.0","0.0","0.0","0.0","0.0","0.0","35329000.0","0.0","0.0","35329000.0","0.0","35329000.0","5.677328911138141","0.0","0.0","0.0","1","observed","1","1","1","1","1","1","1","0","2022-05-12","1","1","no_designation","1"
"2019","11170","서울특별시","용산구","서울특별시 용산구","-2.0016623643","-2.1399129771","-1.6299902017","-1.7606818408","0.0","0.0","0.0","0.0","","","0.0","0.0","0.0","0.0","0.0","0.0","0.0","0.0","97.12961906598258","0.0","0.0","0.0","1","observed","1","1","1","1","1","1","1","0","2022-05-12","1","1","no_designation","1"
"2019","11200","서울특별시","성동구","서울특별시 성동구","1.4728546232","1.4300822563","0.6743891548","0.6193149814","16.442895695246225","12.206598460349527","0.0","0.0","0.014254829","0.0","0.0","0.0","41491000.0","600000.0","0.0","42091000.0","0.0","41491000.0","2.9984379544998263","0.0","0.0","0.0","1","observed","1","1","1","1","1","1","1","0","2022-05-12","1","1","no_designation","1"
"2019","11215","서울특별시","광진구","서울특별시 광진구","-2.0016623643","-2.1399129771","-1.6299902017","-1.7606818408","0.0","0.0","0.0","0.0","","","0.0","0.0","0.0","0.0","0.0","0.0","0.0","0.0","116.90856639083398","0.0","0.0","0.0","1","observed","1","1","1","1","1","1","1","0","2022-05-12","1","1","no_designation","1"
"2019","11230","서울특별시","동대문구","서울특별시 동대문구","-2.0016623643","-2.1399129771","-1.6299902017","-1.7606818408","0.0","0.0","0.0","0.0","","","0.0","0.0","0.0","0.0","0.0","0.0","0.0","0.0","9.21884241031151","0.0","0.0","0.0","1","observed","1","1","1","1","1","1","1","0","2022-05-12","1","1","no_designation","1"
"2019","11260","서울특별시","중랑구","서울특별시 중랑구","-2.0016623643","-2.1399129771","-0.3556338264","-0.4930896654","0.0","0.0","4.848204860781462","0.0","","","0.0","0.0","0.0","0.0","0.0","0.0","0.0","0.0","79.04433266810034","1.0","126.51128376260765","0.0","1","observed","1","1","1","1","1","1","1","0","2022-05-12","1","1","no_designation","1"
"2019","11290","서울특별시","성북구","서울특별시 성북구","-2.0016623643","-2.1399129771","-1.6299902017","-1.7606818408","0.0","0.0","0.0","0.0","","","0.0","0.0","0.0","0.0","0.0","0.0","0.0","0.0","145.07422297425637","0.0","0.0","0.0","1","observed","1","1","1","1","1","1","1","0","2022-05-12","1","1","no_designation","1"
"2019","11305","서울특별시","강북구","서울특별시 강북구","-2.0016623643","-2.1399129771","-1.6299902017","-1.7606818408","0.0","0.0","0.0","0.0","","","0.0","0.0","0.0","0.0","0.0","0.0","0.0","0.0","115.00982494842624","0.0","0.0","0.0","1","observed","1","1","1","1","1","1","1","0","2022-05-12","1","1","no_designation","1"
"2019","11320","서울특별시","도봉구","서울특별시 도봉구","-2.0016623643","-2.1399129771","-1.6299902017","-1.7606818408","0.0","0.0","0.0","0.0","","","0.0","0.0","0.0","0.0","0.0","0.0","0.0","0.0","73.28591370155792","0.0","0.0","0.0","1","observed","1","1","1","1","1","1","1","0","2022-05-12","1","1","no_designation","1"
"2019","11350","서울특별시","노원구","서울특별시 노원구","-2.0016623643","-2.1399129771","-1.6299902017","-1.7606818408","0.0","0.0","0.0","0.0","","","0.0","0.0","0.0","0.0","0.0","0.0","0.0","0.0","342.629869805798","0.0","0.0","0.0","1","observed","1","1","1","1","1","1","1","0","2022-05-12","1","1","no_designation","1"
"2019","11380","서울특별시","은평구","서울특별시 은평구","0.7316634425","0.679014453","1.1737020894","1.1048574248","11.575782348434462","11.462060635685953","3.7721619326673594","10.619695445170763","0.391983743","0.1688213860276084","0.0","0.0","25071000.0","22376000.0","9637000.0","57084000.0","0.0","34708000.0","235.43842164253857","1.0","42.47395106641854","0.0","1","observed","1","1","1","1","1","1","1","0","2022-05-12","1","1","no_designation","1"
"2019","11410","서울특별시","서대문구","서울특별시 서대문구","1.0979182679","1.0502579958","0.4253979383","0.3660988078","13.96680750248168","11.849154856423123","0.0","0.0","0.107392277","0.0","0.0","0.0","112091000.0","13486000.0","0.0","125577000.0","60000.0","112091000.0","96.35265559778222","0.0","0.0","0.0","1","observed","1","1","1","1","1","1","1","0","2022-05-12","1","1","no_designation","1"
"2019","11440","서울특별시","마포구","서울특별시 마포구","1.7683233982","1.7389209528","0.8700358716","0.8252074458","17.160782826205573","14.175230811611355","0.0","0.0","0.048082839","0.0","0.0","0.0","227433000.0","11488000.0","0.0","238921000.0","0.0","227433000.0","8.01715368311193","0.0","0.0","0.0","1","observed","1","1","1","1","1","1","1","0","2022-05-12","1","1","no_designation","1"
"2019","11470","서울특별시","양천구","서울특별시 양천구","-2.0016623643","-2.1399129771","-1.6299902017","-1.7606818408","0.0","0.0","0.0","0.0","","","0.0","0.0","0.0","0.0","0.0","0.0","0.0","0.0","10.490697981839414","0.0","0.0","0.0","1","observed","1","1","1","1","1","1","1","0","2022-05-12","1","1","no_designation","1"
"2019","11500","서울특별시","강서구","서울특별시 강서구","1.4574801581","1.4189215648","0.6639143542","0.6118745204","15.769345513759895","12.974304489936015","0.0","12.178774138532416","0.056133493","0.0253353204172876","0.0","0.0","187982000.0","11488000.0","5185000.0","204655000.0","0.0","193167000.0","26.64259896071815","0.0","0.0","0.0","1","observed","1","1","1","1","1","1","1","0","2022-05-12","1","1","no_designation","1"
"2019","11530","서울특별시","구로구","서울특별시 구로구","1.645475287","1.6136140485","0.7885051798","0.7416695095","16.460580633287464","13.906174020623045","0.0","12.68376309744765","0.070630479","0.0208019899299913","0.0","0.0","226465000.0","17605000.0","5185000.0","249255000.0","0.0","231650000.0","16.079101788615233","0.0","0.0","0.0","1","observed","1","1","1","1","1","1","1","0","2022-05-12","1","1","no_designation","1"
"2019","11545","서울특별시","금천구","서울특별시 금천구","1.3080893668","1.2692500578","2.1337736039","2.0729325325","14.566767575286482","13.127309647908945","5.969796480460376","0.0","0.19162907","0.0","0.0","0.0","54291000.0","12870000.0","0.0","67161000.0","0.0","54291000.0","25.61304832421682","1.0","390.4259998035893","0.0","1","observed","1","1","1","1","1","1","1","0","2022-05-12","1","1","no_designation","1"
"2019","11560","서울특별시","영등포구","서울특별시 영등포구","","","","","","","","","","","0.0","","0.0","0.0","0.0","0.0","0.0","0.0","0.0","0.0","","0.0","1","observed","1","0","0","0","1","1","1","0","2022-05-12","1","1","no_designation","1"
"2019","11590","서울특별시","동작구","서울특별시 동작구","1.2412356553","1.2027015081","0.5201381287","0.4677278159","13.972779780175083","13.27213207676728","0.0","0.0","0.331668447","0.0","0.0","0.0","23149000.0","11488000.0","0.0","34637000.0","0.0","23149000.0","19.78023516826956","0.0","0.0","0.0","1","observed","1","1","1","1","1","1","1","0","2022-05-12","1","1","no_designation","1"
"2019","11620","서울특별시","관악구","서울특별시 관악구","-2.0016623643","-2.1399129771","-0.7083967833","-0.8439801798","0.0","0.0","3.50614143500919","0.0","","","0.0","0.0","0.0","0.0","0.0","0.0","0.0","0.0","309.4111662481816","1.0","32.31945414658664","0.0","1","observed","1","1","1","1","1","1","1","0","2022-05-12","1","1","no_designation","1"
"2019","11650","서울특별시","서초구","서울특별시 서초구","1.3415069051","1.2995338248","0.5870118848","0.5322826938","15.250003184621232","12.526531980517895","0.0","0.0","0.061602303","0.0","0.0","0.0","338755000.0","22238000.0","0.0","360993000.0","0.0","338755000.0","80.70372588686055","0.0","0.0","0.0","1","observed","1","1","1","1","1","1","1","0","2022-05-12","1","1","no_designation","1"
"2019","11680","서울특별시","강남구","서울특별시 강남구","-2.0016623643","-2.1399129771","-1.6299902017","-1.7606818408","0.0","0.0","0.0","0.0","","","0.0","0.0","0.0","0.0","0.0","0.0","0.0","0.0","13.375270459764742","0.0","0.0","0.0","1","observed","1","1","1","1","1","1","1","0","2022-05-12","1","1","no_designation","1"
"2019","11710","서울특별시","송파구","서울특별시 송파구","1.2582487344","1.223789397","0.5312052117","0.4817864086","13.585839504548307","13.971250955945045","0.0","12.8043740568944","0.502132148","0.1563324041286823","1.0","39.44865680690109","22666000.0","33324000.0","10375000.0","66365000.0","10375000.0","33041000.0","28.51808124942784","0.0","0.0","1125.0","1","observed","1","1","1","1","1","1","1","0","2022-05-12","1","1","full_date","1"
"2019","11740","서울특별시","강동구","서울특별시 강동구","0.1089788577","-0.0131090572","-0.2276549813","-0.3428125609","15.409899109551823","0.0","0.0","14.41230248048166","0.0","0.2694141466919208","0.0","0.0","89488000.0","0.0","33000000.0","122488000.0","0.0","122488000.0","18.168988088480827","0.0","0.0","0.0","1","observed","1","1","1","1","1","1","1","0","2022-05-12","1","1","no_designation","1"
"2019","26110","부산광역시","중구","부산광역시 중구","-2.0016623643","-2.1399129771","-1.6299902017","-1.7606818408","0.0","0.0","0.0","0.0","","","0.0","0.0","0.0","0.0","0.0","0.0","0.0","0.0","1.9206728470322727","0.0","0.0","0.0","1","observed","1","1","1","1","1","1","1","0","2022-05-12","1","1","no_designation","1"
"2019","26140","부산광역시","서구","부산광역시 서구","1.0434711903","1.0026727883","0.3887860357","0.3343753361","12.626058432869218","13.139233977898026","0.0","0.0","0.62555091","0.0","0.0","0.0","53016000.0","88568000.0","0.0","141584000.0","3016000.0","53016000.0","174.17301864018526","0.0","0.0","0.0","1","observed","1","1","1","1","1","1","1","0","2022-05-12","1","1","no_designation","1"
"2019","26170","부산광역시","동구","부산광역시 동구","0.6483170541","0.6024956487","0.1263607012","0.0675905763","9.999803271445392","12.785286176521112","0.0","0.0","0.94188862","0.0","0.0","0.0","2688000.0","43568000.0","0.0","46256000.0","840000.0","2688000.0","122.06456414754766","0.0","0.0","0.0","1","observed","1","1","1","1","1","1","1","0","2022-05-12","1","1","no_designation","1"
"2019","26200","부산광역시","영도구","부산광역시 영도구","0.8408506379","0.7959120896","0.2543177937","0.1965348703","11.482152016151534","12.680448169184105","0.0","0.0","0.768222822","0.0","0.0","0.0","28160000.0","93336000.0","0.0","121496000.0","20903000.0","28160000.0","290.4035146521948","0.0","0.0","0.0","1","observed","1","1","1","1","1","1","1","0","2022-05-12","1","1","no_designation","1"
"2019","26230","부산광역시","부산진구","부산광역시 부산진구","0.5571736068","0.5079852549","0.0659640048","0.0045836472","9.68022339779446","12.312239732546129","0.0","0.0","0.93289752","0.0","1.0","7.290610113232188","6282000.0","87336000.0","0.0","93618000.0","6282000.0","6282000.0","392.6969012927685","0.0","0.0","2863.0","1","observed","1","1","1","1","1","1","1","0","2022-05-12","1","1","full_date","1"
"2019","26260","부산광역시","동래구","부산광역시 동래구","0.6321299725","0.5817119807","1.0725683353","1.0053509643","10.461208525096943","11.992567785001356","3.639680185615748","0.0","0.822208383","0.0","0.0","0.0","9421000.0","43568000.0","0.0","52989000.0","1680000.0","9421000.0","269.6896622776364","1.0","37.07965635592416","0.0","1","observed","1","1","1","1","1","1","1","0","2022-05-12","1","1","no_designation","1"
"2019","26290","부산광역시","남구","부산광역시 남구","0.7146459792","0.6662820138","0.1706134121","0.1101148197","10.879373134479893","12.244624862930493","0.0","0.0","0.796614189","0.0","0.0","0.0","22298000.0","87336000.0","0.0","109634000.0","11061000.0","22298000.0","420.1674216945598","0.0","0.0","0.0","1","observed","1","1","1","1","1","1","1","0","2022-05-12","1","1","no_designation","1"
"2019","26320","부산광역시","북구","부산광역시 북구","0.5771256917","0.5237020088","0.0794836264","0.0150614831","10.39453105185488","11.534500002621439","0.0","0.0","0.75767776","0.0","0.0","0.0","27932000.0","87336000.0","0.0","115268000.0","17047000.0","27932000.0","854.7278301363647","0.0","0.0","0.0","1","observed","1","1","1","1","1","1","1","0","2022-05-12","1","1","no_designation","1"
"2019","26350","부산광역시","해운대구","부산광역시 해운대구","0.4444082814","0.3856059164","-0.0084337315","-0.0770025785","9.9908542136991","10.761324006992245","0.0","0.0","0.683627834","0.0","0.0","0.0","40464000.0","87436000.0","0.0","127900000.0","19336000.0","40464000.0","1854.0261530217567","0.0","0.0","0.0","1","observed","1","1","1","1","1","1","1","0","2022-05-12","1","1","no_designation","1"
"2019","26380","부산광역시","사하구","부산광역시 사하구","-0.2969097709","-0.4221058669","-0.4973322308","-0.6154771007","12.446485550339297","0.0","0.0","0.0","0.0","0.0","0.0","0.0","128572000.0","0.0","0.0","128572000.0","13188000.0","41236000.0","505.4848147004281","0.0","0.0","0.0","1","observed","1","1","1","1","1","1","1","0","2022-05-12","1","1","no_designation","1"
"2019","26410","부산광역시","금정구","부산광역시 금정구","-0.3949686748","-0.5209156784","-0.0738276015","-0.1952879275","11.730552496352349","0.0","1.8590600692567483","9.995201329477824","0.0","0.1498995976496217","1.0","3.045290148307508","229454000.0","0.0","40460000.0","269914000.0","79231000.0","269914000.0","1845.8011310101283","1.0","5.417701740451002","5621.0","1","observed","1","1","1","1","1","1","1","0","2022-05-12","1","1","full_date","1"
"2019","26440","부산광역시","강서구","부산광역시 강서구","0.6952622271","0.6385430789","0.158226892","0.0916221965","11.801326717225834","10.790080391423464","0.0","10.713780288307532","0.2138764","0.198164310832917","0.0","0.0","240092000.0","87336000.0","80920000.0","408348000.0","98109000.0","321012000.0","1799.408931548245","0.0","0.0","0.0","1","observed","1","1","1","1","1","1","1","0","2022-05-12","1","1","no_designation","1"
"2019","26470","부산광역시","연제구","부산광역시 연제구","0.6229561835","0.5785961286","1.3469880721","1.2826653305","9.60010611121849","13.078713170441599","4.708279174954607","0.0","0.970074813","0.0","0.0","0.0","1344000.0","43568000.0","0.0","44912000.0","1344000.0","1344000.0","91.02392760698054","1.0","109.8612228992974","0.0","1","observed","1","1","1","1","1","1","1","0","2022-05-12","1","1","no_designation","1"
"2019","26500","부산광역시","수영구","부산광역시 수영구","-0.1989802682","-0.3234264476","-0.4322667003","-0.5496908212","13.161473839435278","0.0","0.0","0.0","0.0","0.0","0.0","0.0","47025000.0","0.0","0.0","47025000.0","1344000.0","3457000.0","90.4428371108635","0.0","0.0","0.0","1","observed","1","1","1","1","1","1","1","0","2022-05-12","1","1","no_designation","1"
"2019","26530","부산광역시","사상구","부산광역시 사상구","0.564577022","0.5136956888","0.0709878752","0.0083906031","9.961008536191406","12.002131557629134","0.0","0.0","0.885051751","0.0","0.0","0.0","11317000.0","87136000.0","0.0","98453000.0","4060000.0","11317000.0","534.2453807745762","0.0","0.0","0.0","1","observed","1","1","1","1","1","1","1","0","2022-05-12","1","1","no_designation","1"
"2019","26710","부산광역시","기장군","부산광역시 기장군","-0.4578696616","-0.5842983433","0.018090891","-0.1045421059","11.27130918644228","0.0","2.367753460764135","10.126357587763723","0.0","0.2414074062999895","0.0","0.0","405932000.0","0.0","129180000.0","535112000.0","238296000.0","535112000.0","5168.820314992766","5.0","9.673387146960627","0.0","1","observed","1","1","1","1","1","1","1","0","2022-05-12","1","1","no_designation","1"
"2019","27110","대구광역시","중구","대구광역시 중구","","","","","","","","","","","0.0","","0.0","0.0","0.0","0.0","0.0","0.0","0.0","0.0","","0.0","1","observed","1","0","0","0","1","1","1","0","2022-05-12","1","1","no_designation","1"
"2019","27140","대구광역시","동구","대구광역시 동구","-2.0016623643","-2.1399129771","-1.6299902017","-1.7606818408","0.0","0.0","0.0","0.0","","","0.0","0.0","0.0","0.0","0.0","0.0","0.0","0.0","5054.679670192707","0.0","0.0","0.0","1","observed","1","1","1","1","1","1","1","0","2022-05-12","1","1","no_designation","1"
"2019","27170","대구광역시","서구","대구광역시 서구","1.1421196523","1.1041864359","0.4542026986","0.4020511012","13.072901176141661","13.513163433016173","0.0","0.0","0.608321698","0.0","0.0","0.0","14026000.0","21784000.0","0.0","35810000.0","13773000.0","14026000.0","29.4744631745872","0.0","0.0","0.0","1","observed","1","1","1","1","1","1","1","0","2022-05-12","1","1","no_designation","1"
"2019","27200","대구광역시","남구","대구광역시 남구","-2.0016623643","-2.1399129771","-1.6299902017","-1.7606818408","0.0","0.0","0.0","0.0","","","0.0","0.0","0.0","0.0","0.0","0.0","0.0","0.0","292.73579718212096","0.0","0.0","0.0","1","observed","1","1","1","1","1","1","1","0","2022-05-12","1","1","no_designation","1"
"2019","27230","대구광역시","북구","대구광역시 북구","0.7459737745","0.6858083343","0.1921502668","0.1231323667","12.668486283531042","10.110440219404737","0.0","0.0","0.071885298","0.0","1.0","0.7871023916807406","738770307.0","57220000.0","0.0","795990307.0","738770307.0","738770307.0","2326.253889395725","0.0","0.0","1831.0","1","observed","1","1","1","1","1","1","1","0","2022-05-12","1","1","full_date","1"
"2019","27260","대구광역시","수성구","대구광역시 수성구","0.3850688785","0.3179317202","-0.0473868393","-0.1221187093","10.57879821340342","9.364622564726588","0.0","0.0","0.228952415","0.0","1.0","0.5763737062948654","42743100.0","12692000.0","0.0","55435100.0","42245100.0","42743100.0","1087.835883476674","0.0","0.0","627.0","1","observed","1","1","1","1","1","1","1","0","2022-05-12","1","1","full_date","1"
"2019","27290","대구광역시","달서구","대구광역시 달서구","0.686734127","0.6292628867","0.1526019169","0.0854354017","11.828060149696011","10.668356027487063","0.0","0.0","0.238718149","0.0","0.0","0.0","113006840.0","35436000.0","0.0","148442840.0","113006840.0","113006840.0","824.6062940159311","0.0","0.0","0.0","1","observed","1","1","1","1","1","1","1","0","2022-05-12","1","1","no_designation","1"
"2019","27710","대구광역시","달성군","대구광역시 달성군","0.5808574269","0.5122552815","0.270319643","0.1938798124","12.392388154077254","8.83924044799461","0.7131199582639293","0.0","0.027833453","0.0","1.0","1.1555135643592507","2316144840.0","66312000.0","0.0","2382456840.0","2316144840.0","2316144840.0","9612.176215481291","1.0","1.0403471363637802","11107.0","1","observed","1","1","1","1","1","1","1","0","2022-05-12","1","1","full_date","1"
"2019","27720","대구광역시","군위군","대구광역시 군위군","","","","","","","0.4331560632308906","","","","1.0","1.441814026555734","","","","","","","18446.207007386136","1.0","0.5421168696630072","26596.0","0","administrative_history","1","1","0","0","0","1","1","0","2022-05-12","1","1","full_date","1"
"2019","28110","인천광역시","중구","인천광역시 중구","-0.6075096912","-0.7350842743","-0.7036985252","-0.8241293723","10.178779705067141","0.0","0.0","0.0","0.0","0.0","0.0","0.0","26005000.0","0.0","0.0","26005000.0","0.0","26005000.0","987.3826441590792","0.0","0.0","0.0","1","observed","1","1","1","1","1","1","1","0","2022-05-12","1","1","no_designation","1"
"2019","28140","인천광역시","동구","인천광역시 동구","-2.0016623643","-2.1399129771","-1.6299902017","-1.7606818408","0.0","0.0","0.0","0.0","","","0.0","0.0","0.0","0.0","0.0","0.0","0.0","0.0","3.958094174333669","0.0","0.0","0.0","1","observed","1","1","1","1","1","1","1","0","2022-05-12","1","1","no_designation","1"
"2019","28177","인천광역시","미추홀구","인천광역시 미추홀구","-0.0742559601","-0.1977470358","-0.3493983813","-0.4659045466","14.072092368310354","0.0","0.0","0.0","0.0","0.0","0.0","0.0","24342000.0","0.0","0.0","24342000.0","0.0","24342000.0","18.833217834767712","0.0","0.0","0.0","1","observed","1","1","1","1","1","1","1","0","2022-05-12","1","1","no_designation","1"
"2019","28185","인천광역시","연수구","인천광역시 연수구","-0.1458518268","-0.2698911635","-0.3969675297","-0.5140006318","13.549367297266809","0.0","0.0","0.0","0.0","0.0","0.0","0.0","36109000.0","0.0","0.0","36109000.0","4820000.0","36109000.0","47.1194896000123","0.0","0.0","0.0","1","observed","1","1","1","1","1","1","1","0","2022-05-12","1","1","no_designation","1"
"2019","28200","인천광역시","남동구","인천광역시 남동구","1.2016332284","1.1630223155","0.4938122172","0.4412750209","13.654289513146583","13.312276150968769","0.0","13.105053523933101","0.3104994","0.2523858229199093","0.0","0.0","49147000.0","34911000.0","28377000.0","112435000.0","29856000.0","77524000.0","57.74507283302972","0.0","0.0","0.0","1","observed","1","1","1","1","1","1","1","0","2022-05-12","1","1","no_designation","1"
"2019","28237","인천광역시","부평구","인천광역시 부평구","-0.0750188812","-0.1985157991","-0.3499052752","-0.4664170555","14.066522242133217","0.0","0.0","0.0","0.0","0.0","0.0","0.0","44045000.0","0.0","0.0","44045000.0","1479000.0","44045000.0","34.26762162527105","0.0","0.0","0.0","1","observed","1","1","1","1","1","1","1","0","2022-05-12","1","1","no_designation","1"
"2019","28245","인천광역시","계양구","인천광역시 계양구","-0.063018103","-0.1864231224","-0.3419318149","-0.458355271","14.154140535129969","0.0","0.0","0.0","0.0","0.0","0.0","0.0","57648000.0","0.0","0.0","57648000.0","1479000.0","57648000.0","41.088418340379626","0.0","0.0","0.0","1","observed","1","1","1","1","1","1","1","0","2022-05-12","1","1","no_designation","1"
"2019","28260","인천광역시","서구","인천광역시 서구","0.9812146497","0.9354024327","1.5630955141","1.4984784761","12.759458916128336","12.335094107026944","4.6239142146816326","12.226393168062202","0.291917989","0.2618499055114033","0.0","0.0","34475000.0","22553000.0","20230000.0","77258000.0","20230000.0","54705000.0","99.1158076294085","1.0","100.89208007455025","0.0","1","observed","1","1","1","1","1","1","1","0","2022-05-12","1","1","no_designation","1"
"2019","28710","인천광역시","강화군","인천광역시 강화군","","","","","","","","","0.052477028","0.0470717990362264","0.0","","386986000.0","22553000.0","20230000.0","429769000.0","21708000.0","407216000.0","0.0","0.0","","0.0","1","observed","1","0","0","0","1","1","1","0","2022-05-12","1","1","no_designation","1"
"2019","28720","인천광역시","옹진군","인천광역시 옹진군","0.6558909397","0.5937412546","0.1323758008","0.0617543136","12.178524414501892","9.881021030858697","0.0","0.0","0.091326124","0.0","0.0","0.0","224427000.0","22556000.0","0.0","246983000.0","0.0","224427000.0","1153.4834967443164","0.0","0.0","0.0","1","observed","1","1","1","1","1","1","1","0","2022-05-12","1","1","no_designation","1"
"2019","29110","광주광역시","동구","광주광역시 동구","-0.6540980255","-0.7820293689","-0.7346523705","-0.8554261021","9.838635902935199","0.0","0.0","0.0","0.0","0.0","0.0","0.0","14683000.0","0.0","0.0","14683000.0","0.0","14683000.0","783.380373911657","0.0","0.0","0.0","1","observed","1","1","1","1","1","1","1","0","2022-05-12","1","1","no_designation","1"
"2019","29140","광주광역시","서구","광주광역시 서구","-0.3893969604","-0.5153012974","0.6018603791","0.4768742023","11.771231867093569","0.0","4.415586782895647","0.0","0.0","0.0","1.0","25.13208921570337","15841424.0","0.0","0.0","15841424.0","14591424.0","15841424.0","122.35353669199284","1.0","81.73037143318169","3075.0","1","observed","1","1","1","1","1","1","1","0","2022-05-12","1","1","full_date","1"
"2019","29155","광주광역시","남구","광주광역시 남구","-0.5043008068","-0.6310850452","-0.6351253104","-0.7547965529","10.932313029454608","0.0","0.0","10.074027647730345","0.0","0.2976926246394726","1.0","9.918609398165675","23863000.0","0.0","10115000.0","33978000.0","0.0","33978000.0","426.4710737356274","0.0","0.0","4230.0","1","observed","1","1","1","1","1","1","1","0","2022-05-12","1","1","full_date","1"
"2019","29170","광주광역시","북구","광주광역시 북구","-0.5917758475","-0.7192299452","-0.6932447716","-0.8135598196","10.29365330002979","0.0","0.0","0.0","0.0","0.0","0.0","0.0","37868520.0","0.0","0.0","37868520.0","0.0","37868520.0","1281.7880110647875","0.0","0.0","0.0","1","observed","1","1","1","1","1","1","1","0","2022-05-12","1","1","no_designation","1"
"2019","29200","광주광역시","광산구","광주광역시 광산구","0.2045252872","0.1385786516","-0.1674965004","-0.2416874217","8.927207105036384","9.820668251037995","0.0","0.0","0.709620074","0.0","1.0","5.199528031746186","18458000.0","45107000.0","0.0","63565000.0","18458000.0","18458000.0","2450.222389842844","0.0","0.0","12740.0","1","observed","1","1","1","1","1","1","1","0","2022-05-12","1","1","full_date","1"
"2019","30110","대전광역시","동구","대전광역시 동구","0.3444814964","0.2807101653","-0.0745741208","-0.1469330792","9.80602927250664","10.016260460013015","0.0","10.089833065703175","0.346411704","0.3728602695541988","0.0","0.0","12185000.0","15036000.0","16184000.0","43405000.0","18156000.0","28369000.0","671.6531707444556","0.0","0.0","0.0","1","observed","1","1","1","1","1","1","1","0","2022-05-12","1","1","no_designation","1"
"2019","30140","대전광역시","중구","대전광역시 중구","-0.4808385215","-0.6074430923","-0.619536688","-0.739035251","11.103612370163992","0.0","0.0","0.0","0.0","0.0","0.0","0.0","24562000.0","0.0","0.0","24562000.0","0.0","24562000.0","369.8560141423794","0.0","0.0","0.0","1","observed","1","1","1","1","1","1","1","0","2022-05-12","1","1","no_designation","1"
"2019","30170","대전광역시","서구","대전광역시 서구","0.5268961605","0.4661143505","0.0465288259","-0.0233302891","10.931464908400294","10.298536330813242","0.0","0.0","0.34684321","0.0","0.0","0.0","28315000.0","15036000.0","0.0","43351000.0","18156000.0","28315000.0","506.46500818257937","0.0","0.0","0.0","1","observed","1","1","1","1","1","1","1","0","2022-05-12","1","1","no_designation","1"
"2019","30200","대전광역시","유성구","대전광역시 유성구","-0.564178308","-0.6914210715","-0.6749086369","-0.7950205704","10.495144342283846","0.0","0.0","0.0","0.0","0.0","1.0","0.9275735306201827","56999000.0","0.0","0.0","56999000.0","20000000.0","56999000.0","1577.23345018462","0.0","0.0","1463.0","1","observed","1","1","1","1","1","1","1","0","2022-05-12","1","1","no_designation","1"
"2019","30230","대전광역시","대덕구","대전광역시 대덕구","0.779762046","0.729279279","0.2140343096","0.1521129965","11.693971366047272","11.780715617246257","0.0","0.0","0.521672648","0.0","0.0","0.0","15328000.0","16717000.0","0.0","32045000.0","1972000.0","15328000.0","127.89744823706026","0.0","0.0","0.0","1","observed","1","1","1","1","1","1","1","0","2022-05-12","1","1","no_designation","1"
"2019","31110","울산광역시","중구","울산광역시 중구","0.9584037405","0.9045787703","0.3330085213","0.2689793241","13.608615879217995","10.945892503446862","0.0","10.83714874616177","0.06160492","0.0552570507880719","1.0","4.654959422906975","646646250.0","45108000.0","40460000.0","732214250.0","480105250.0","687106250.0","795.2808314037114","0.0","0.0","3702.0","1","observed","1","1","1","1","1","1","1","0","2022-05-12","1","1","full_date","1"
"2019","31140","울산광역시","남구","울산광역시 남구","0.8617916311","0.8105348123","0.2686198557","0.2062833521","12.474579780737157","11.532191004340254","0.0","0.0","0.280416866","0.0","1.0","16.502544563478338","115752510.0","45108000.0","0.0","160860510.0","94164510.0","115752510.0","442.477217492871","0.0","0.0","7302.0","1","observed","1","1","1","1","1","1","1","0","2022-05-12","1","1","full_date","1"
"2019","31170","울산광역시","동구","울산광역시 동구","-0.1992959603","-0.3237445572","-0.4324764499","-0.5499028943","13.159168955192909","0.0","0.0","10.740368407196547","0.0","0.081748769020328","1.0","3.878562776286484","454471000.0","0.0","40460000.0","494931000.0","351968000.0","449823000.0","876.0977186640777","0.0","0.0","3398.0","1","observed","1","1","1","1","1","1","1","0","2022-05-12","1","1","full_date","1"
"2019","31200","울산광역시","북구","울산광역시 북구","-0.1090622332","-0.2328198455","-0.3725240846","-0.4892864198","13.817969994893208","0.0","0.0","10.121220172019427","0.0","0.0242027387334019","1.0","3.14519087914535","3262503275.0","0.0","80920000.0","3343423275.0","3212049275.0","3245207275.0","3254.4924595423768","0.0","0.0","10236.0","1","observed","1","1","1","1","1","1","1","0","2022-05-12","1","1","full_date","1"
"2019","31710","울산광역시","울주군","울산광역시 울주군","-0.2559946803","-0.3808774601","0.1909968778","0.0696438256","12.745208711330822","0.0","2.515281196328706","9.232490369298814","0.0","0.0289498458445751","1.0","4.601726761372096","5428517920.0","0.0","161840000.0","5590357920.0","5186360610.0","5290113920.0","15831.01382974732","18.0","11.370086713067636","72850.0","1","observed","1","1","1","1","1","1","1","0","2022-05-12","1","1","full_date","1"
"2019","36110","세종특별자치시","세종시","세종특별자치시","","","","","","","0.0","","","","1.0","11.524236423173974","","","","","","","1266.0621896527832","0.0","0.0","14590.4","0","metropolitan_headquarters","1","1","0","0","1","1","1","0","2022-05-12","1","1","full_date","1"
"2019","41111","경기도","수원시 장안구","경기도 수원시 장안구","","","","","","","0.0","","","","0.0","0.0","","","","","","","115.40834556044857","0.0","0.0","0.0","0","city_district_granularity","1","1","0","0","0","1","1","0","2022-05-12","1","1","no_designation","1"
"2019","41113","경기도","수원시 권선구","경기도 수원시 권선구","","","","","","","0.0","","","","0.0","0.0","","","","","","","253.7072431722083","0.0","0.0","0.0","0","city_district_granularity","1","1","0","0","0","1","1","0","2022-05-12","1","1","no_designation","1"
"2019","41115","경기도","수원시 팔달구","경기도 수원시 팔달구","","","","","","","0.0","","","","0.0","0.0","","","","","","","26.09973735007635","0.0","0.0","0.0","0","city_district_granularity","1","1","0","0","0","1","1","0","2022-05-12","1","1","no_designation","1"
"2019","41117","경기도","수원시 영통구","경기도 수원시 영통구","","","","","","","0.0","","","","0.0","0.0","","","","","","","26.157524481531816","0.0","0.0","0.0","0","city_district_granularity","1","1","0","0","0","1","1","0","2022-05-12","1","1","no_designation","1"
"2019","41131","경기도","성남시 수정구","경기도 성남시 수정구","","","","","","","0.0","","","","1.0","175.01795668975186","","","","","","","71.5983676018642","0.0","0.0","12531.0","0","city_district_granularity","1","1","0","0","0","1","1","0","2022-05-12","1","1","full_date","1"
"2019","41133","경기도","성남시 중원구","경기도 성남시 중원구","","","","","","","5.668833403165514","","","","0.0","0.0","","","","","","","34.63846709358737","1.0","288.696378306282","0.0","0","city_district_granularity","1","1","0","0","0","1","1","0","2022-05-12","1","1","no_designation","1"
"2019","41135","경기도","성남시 분당구","경기도 성남시 분당구","","","","","","","0.0","","","","0.0","0.0","","","","","","","97.95033572861928","0.0","0.0","0.0","0","city_district_granularity","1","1","0","0","0","1","1","0","2022-05-12","1","1","no_designation","1"
"2019","41150","경기도","의정부시","경기도 의정부시","1.0001588536","0.9536524992","0.3603312946","0.3016951434","13.006520527000081","12.186355091727876","0.0","0.0","0.305727938","0.0","0.0","0.0","127426000.0","56113000.0","0.0","183539000.0","0.0","127426000.0","286.15341427612697","0.0","0.0","0.0","1","observed","1","1","1","1","1","1","1","0","2022-05-12","1","1","no_designation","1"
"2019","41171","경기도","안양시 만안구","경기도 안양시 만안구","","","","","","","0.0","","","","0.0","0.0","","","","","","","265.8049176907011","0.0","0.0","0.0","0","city_district_granularity","1","1","0","0","0","1","1","0","2022-05-12","1","1","no_designation","1"
"2019","41173","경기도","안양시 동안구","경기도 안양시 동안구","","","","","","","0.0","","","","0.0","0.0","","","","","","","127.51675699944526","0.0","0.0","0.0","0","city_district_granularity","1","1","0","0","0","1","1","0","2022-05-12","1","1","no_designation","1"
"2019","41190","경기도","부천시","경기도 부천시","-2.0016623643","-2.1399129771","-1.6299902017","-1.7606818408","0.0","0.0","0.0","0.0","","","0.0","0.0","0.0","0.0","0.0","0.0","0.0","0.0","35.10405032799517","0.0","0.0","0.0","1","observed","1","1","1","1","1","1","1","0","2022-05-12","1","1","no_designation","1"
"2019","41210","경기도","광명시","경기도 광명시","-2.0016623643","-2.1399129771","-1.6299902017","-1.7606818408","0.0","0.0","0.0","0.0","","","0.0","0.0","0.0","0.0","0.0","0.0","0.0","0.0","42.54530963524327","0.0","0.0","0.0","1","observed","1","1","1","1","1","1","1","0","2022-05-12","1","1","no_designation","1"
"2019","41220","경기도","평택시","경기도 평택시","0.9440491259","0.890999069","0.3234180677","0.2599261899","13.389150083017505","11.10271890637809","0.0","0.0","0.092251843","0.0","1.0","18.42369776295999","443848000.0","45107000.0","0.0","488955000.0","193531000.0","443848000.0","679.8309525670219","0.0","0.0","12525.0","1","observed","1","1","1","1","1","1","1","0","2022-05-12","1","1","full_date","1"
"2019","41250","경기도","동두천시","경기도 동두천시","1.0115044281","0.9594746056","0.3682059627","0.3055765477","13.81637498374248","11.191990066945596","0.0","0.0","0.067584636","0.0","1.0","15.385087619048202","622308000.0","45107000.0","0.0","667415000.0","301286000.0","622308000.0","621.7709145937123","0.0","0.0","9566.0","1","observed","1","1","1","1","1","1","1","0","2022-05-12","1","1","full_date","1"
"2019","41271","경기도","안산시 상록구","경기도 안산시 상록구","","","","","","","5.005618997732435","","","","0.0","0.0","","","","","","","67.45388059852978","1.0","148.24943963591562","0.0","0","city_district_granularity","1","1","0","0","0","1","1","0","2022-05-12","1","1","no_designation","1"
"2019","41273","경기도","안산시 단원구","경기도 안산시 단원구","","","","","","","3.18303723554827","","","","0.0","0.0","","","","","","","865.0556360091556","2.0","23.1199002323919","0.0","0","city_district_granularity","1","1","0","0","0","1","1","0","2022-05-12","1","1","no_designation","1"
"2019","41281","경기도","고양시 덕양구","경기도 고양시 덕양구","","","","","","","0.0","","","","0.0","0.0","","","","","","","355.8002227264187","0.0","0.0","0.0","0","city_district_granularity","1","1","0","0","0","1","1","0","2022-05-12","1","1","no_designation","1"
"2019","41285","경기도","고양시 일산동구","경기도 고양시 일산동구","","","","","","","0.0","","","","0.0","0.0","","","","","","","37.31277505696144","0.0","0.0","0.0","0","city_district_granularity","1","1","0","0","0","1","1","0","2022-05-12","1","1","no_designation","1"
"2019","41287","경기도","고양시 일산서구","경기도 고양시 일산서구","","","","","","","0.0","","","","0.0","0.0","","","","","","","3.388930813065514","0.0","0.0","0.0","0","city_district_granularity","1","1","0","0","0","1","1","0","2022-05-12","1","1","no_designation","1"
"2019","41290","경기도","과천시","경기도 과천시","1.0268296448","0.9806938946","1.383110384","1.3194565786","13.17968661924614","12.21584153678743","3.8237175555317333","0.0","0.276108394","0.0","1.0","2.256612624942787","118260000.0","45107000.0","0.0","163367000.0","0.0","118260000.0","223.34360555692547","1.0","44.774060018706095","504.0","1","observed","1","1","1","1","1","1","1","0","2022-05-12","1","1","full_date","1"
"2019","41310","경기도","구리시","경기도 구리시","0.9584295807","0.9136116661","0.3324854196","0.2750012546","12.441646514758435","12.542246628442713","0.0","0.0","0.525128934","0.0","0.0","0.0","40790000.0","45107000.0","0.0","85897000.0","0.0","40790000.0","161.14505903434895","0.0","0.0","0.0","1","observed","1","1","1","1","1","1","1","0","2022-05-12","1","1","no_designation","1"
"2019","41360","경기도","남양주시","경기도 남양주시","0.8791627162","0.8226755749","0.7852530823","0.7164678618","13.29641866286346","10.581604384470126","1.920364028873773","10.06751679946056","0.059879527","0.0358101013265508","1.0","10.218568287872989","2043670000.0","135323000.0","80928000.0","2259921000.0","2072428000.0","2124598000.0","3434.395016144184","2.0","5.823441947121773","35094.6","1","observed","1","1","1","1","1","1","1","0","2022-05-12","1","1","full_date","1"
"2019","41370","경기도","오산시","경기도 오산시","-0.1486225922","-0.2726831467","-0.3988084593","-0.5158619539","13.529137797715766","0.0","0.0","0.0","0.0","0.0","0.0","0.0","139946000.0","0.0","0.0","139946000.0","0.0","139946000.0","186.35076400480355","0.0","0.0","0.0","1","observed","1","1","1","1","1","1","1","0","2022-05-12","1","1","no_designation","1"
"2019","41390","경기도","시흥시","경기도 시흥시","1.1182288445","1.0753747429","0.4386135626","0.3828433058","13.512440903854692","12.67342288147003","0.0","0.0","0.301741265","0.0","0.0","0.0","104382000.0","45107000.0","0.0","149489000.0","0.0","104382000.0","141.33433515643677","0.0","0.0","0.0","1","observed","1","1","1","1","1","1","1","0","2022-05-12","1","1","no_designation","1"
"2019","41410","경기도","군포시","경기도 군포시","1.3365044367","1.3011751774","0.5832873622","0.5333769288","14.34757305210236","13.710856597432922","0.0","0.0","0.345989048","0.0","0.0","0.0","91124000.0","48207000.0","0.0","139331000.0","0.0","91124000.0","53.525560683214096","0.0","0.0","0.0","1","observed","1","1","1","1","1","1","1","0","2022-05-12","1","1","no_designation","1"
"2019","41430","경기도","의왕시","경기도 의왕시","1.1040017944","1.0610912568","0.4291577909","0.3733209818","13.401763857745241","12.682729759056423","0.0","0.0","0.327605366","0.0","1.0","15.65362748477599","92580000.0","45107000.0","0.0","137687000.0","29202000.0","92580000.0","140.02505183745703","0.0","0.0","2191.9","1","observed","1","1","1","1","1","1","1","0","2022-05-12","1","1","full_date","1"
"2019","41450","경기도","하남시","경기도 하남시","1.1917035381","1.1492150992","0.4874428421","0.43207021","14.07440991563185","12.63850954526021","0.0","0.0","0.192180619","0.0","1.0","45.968654294207305","223232000.0","53107000.0","0.0","276339000.0","129641000.0","223232000.0","172.3130711920396","0.0","0.0","7921.0","1","observed","1","1","1","1","1","1","1","0","2022-05-12","1","1","full_date","1"
"2019","41461","경기도","용인시 처인구","경기도 용인시 처인구","","","","","","","3.2222275821333706","","","","1.0","23.238588415563683","","","","","","","2076.0727432002136","5.0","24.0839345171144","48245.0","0","city_district_granularity","1","1","0","0","0","1","1","0","2022-05-12","1","1","full_date","1"
"2019","41463","경기도","용인시 기흥구","경기도 용인시 기흥구","","","","","","","3.442809018477251","","","","0.0","0.0","","","","","","","330.3089577168603","1.0","30.274686067012347","0.0","0","city_district_granularity","1","1","0","0","0","1","1","0","2022-05-12","1","1","no_designation","1"
"2019","41465","경기도","용인시 수지구","경기도 용인시 수지구","","","","","","","0.0","","","","0.0","0.0","","","","","","","79.2663751414894","0.0","0.0","0.0","0","city_district_granularity","1","1","0","0","0","1","1","0","2022-05-12","1","1","no_designation","1"
"2019","41480","경기도","파주시","경기도 파주시","0.9973366592","0.9479286021","0.3586289552","0.2978792119","13.35913355400582","11.675894554040912","0.0","0.0","0.156666134","0.0","1.0","19.572581400788","242811000.0","45107000.0","0.0","287918000.0","157682000.0","242811000.0","383.2401994607623","0.0","0.0","7501.0","1","observed","1","1","1","1","1","1","1","0","2022-05-12","1","1","full_date","1"
"2019","41500","경기도","이천시","경기도 이천시","0.8437148234","0.7900786237","1.1626120885","1.0937058614","12.632995162405551","11.13500967367718","3.4463160967512545","0.0","0.182724481","0.0","1.0","15.494850160951124","201751000.0","45107000.0","0.0","246858000.0","133177000.0","201751000.0","658.2290176450433","2.0","30.384561397117263","10199.16","1","observed","1","1","1","1","1","1","1","0","2022-05-12","1","1","full_date","1"
"2019","41550","경기도","안성시","경기도 안성시","0.4948163704","0.4225361006","0.7191988934","0.6372467757","12.15544849852866","8.304116405323224","2.6376494399567734","0.0","0.020804248","0.0","1.0","8.516537159904422","439418497.0","9336000.0","0.0","448754497.0","364225497.0","439418497.0","2311.1940487582983","3.0","12.980303413345005","19683.37","1","observed","1","1","1","1","1","1","1","0","2022-05-12","1","1","full_date","1"
"2019","41570","경기도","김포시","경기도 김포시","1.3226248426","1.2852334553","0.5741829141","0.5227491141","14.499686153969044","13.36420780604374","0.0","0.0","0.243151313","0.0","0.0","0.0","140403000.0","45107000.0","0.0","185510000.0","0.0","140403000.0","70.8341881331828","0.0","0.0","0.0","1","observed","1","1","1","1","1","1","1","0","2022-05-12","1","1","no_designation","1"
"2019","41590","경기도","화성시","경기도 화성시","0.5391163993","0.4764887405","0.7666023122","0.6916454608","11.272007208376731","9.95479671198563","2.7081403049890724","0.0","0.211276973","0.0","1.0","5.313125568756408","168390000.0","45107000.0","0.0","213497000.0","130985000.0","168390000.0","2142.6502823392866","3.0","14.001351619195095","11384.17","1","observed","1","1","1","1","1","1","1","0","2022-05-12","1","1","full_date","1"
"2019","41610","경기도","광주시","경기도 광주시","1.083709483","1.0313060566","1.1566104232","1.089909303","14.463612592117173","11.02777410565628","2.8167078386844038","9.96193669632942","0.03086195","0.0106297396253699","1.0","22.433831185799672","3648282000.0","117467000.0","40459000.0","3806208000.0","3514058000.0","3688741000.0","1908.1894503644528","3.0","15.721709390160488","42808.0","1","observed","1","1","1","1","1","1","1","0","2022-05-12","1","1","full_date","1"
"2019","41630","경기도","양주시","경기도 양주시","0.5865795846","0.5280744235","0.0860740572","0.0179764262","11.131421582214966","10.621039700050444","0.0","9.777725970483276","0.322975308","0.1389660750902477","1.0","6.562259867134012","156652000.0","94032000.0","40459000.0","291143000.0","122068000.0","197111000.0","2294.179185953983","0.0","0.0","15055.0","1","observed","1","1","1","1","1","1","1","0","2022-05-12","1","1","full_date","1"
"2019","41650","경기도","포천시","경기도 포천시","0.5809123813","0.5149929499","0.2935830639","0.2189685877","12.045203128504735","9.314643721033207","0.8020973174200708","8.512847918207115","0.059554891","0.0267087662502698","1.0","8.126544288512077","1384147000.0","90215000.0","40459000.0","1514821000.0","1319521000.0","1424606000.0","8128.670398484328","1.0","1.2302134924629986","66058.0","1","observed","1","1","1","1","1","1","1","0","2022-05-12","1","1","full_date","1"
"2019","41670","경기도","여주시","경기도 여주시","0.5958818784","0.5338512676","0.5546781543","0.4815820845","11.665416154071405","9.983571933711678","1.758439110009327","9.874828906268231","0.137502058","0.1233333130109801","1.0","5.946574407267413","242480000.0","45107000.0","40459000.0","328046000.0","217400000.0","282939000.0","2081.870864151668","1.0","4.803371896015681","12380.0","1","observed","1","1","1","1","1","1","1","0","2022-05-12","1","1","full_date","1"
"2019","41800","경기도","연천군","경기도 연천군","1.1256314581","1.0779761044","0.4438233475","0.3845775468","14.196006174722662","11.812413239037294","0.0","11.580349386329473","0.079134203","0.0627450311406664","1.0","64.25466287912982","553330000.0","51027000.0","40459000.0","644816000.0","412547000.0","593789000.0","378.21379665028775","0.0","0.0","24302.0","1","observed","1","1","1","1","1","1","1","0","2022-05-12","1","1","full_date","1"
"2019","41820","경기도","가평군","경기도 가평군","0.3076499184","0.2324779144","0.2501628402","0.16760341","10.97793271501608","8.045621351871077","1.3260026299733514","7.936909841601317","0.048370821","0.0433865043832605","1.0","4.767870793229548","846959000.0","45107000.0","40459000.0","932525000.0","835915000.0","887418000.0","14461.528634104574","4.0","2.765959326434422","68950.7","1","observed","1","1","1","1","1","1","1","0","2022-05-12","1","1","full_date","1"
"2019","41830","경기도","양평군","경기도 양평군","0.4075023868","0.3350643455","0.3283469588","0.2478899613","11.45176531391226","8.394659064017683","1.371500143409458","8.285936705728203","0.043163974","0.0387161906766888","1.0","7.098629869619036","959449000.0","45107000.0","40459000.0","1045015000.0","915896000.0","999908000.0","10199.71478015457","3.0","2.941258716211412","72404.0","1","observed","1","1","1","1","1","1","1","0","2022-05-12","1","1","full_date","1"
"2019","43111","충청북도","청주시 상당구","충청북도 청주시 상당구","","","","","","","2.19908299179374","","","","1.0","2.8253668522814754","","","","","","","3742.168912140501","3.0","8.016741281419112","10573.0","0","city_district_granularity","1","1","0","0","0","1","1","0","2022-05-12","1","1","full_date","1"
"2019","43112","충청북도","청주시 서원구","충청북도 청주시 서원구","","","","","","","4.414196914298405","","","","0.0","0.0","","","","","","","245.0515906553315","2.0","81.61546695744686","0.0","0","city_district_granularity","1","1","0","0","0","1","1","0","2022-05-12","1","1","no_designation","1"
"2019","43113","충청북도","청주시 흥덕구","충청북도 청주시 흥덕구","","","","","","","5.386793533501188","","","","0.0","0.0","","","","","","","229.8833210329101","5.0","217.5016429001476","0.0","0","city_district_granularity","1","1","0","0","0","1","1","0","2022-05-12","1","1","no_designation","1"
"2019","43114","충청북도","청주시 청원구","충청북도 청주시 청원구","","","","","","","3.669652639598743","","","","0.0","0.0","","","","","","","523.0361645621886","2.0","38.23827367031332","0.0","0","city_district_granularity","1","1","0","0","0","1","1","0","2022-05-12","1","1","no_designation","1"
"2019","43130","충청북도","충주시","충청북도 충주시","0.4160896098","0.3459621144","0.6952838304","0.6146031033","11.223569217700069","8.792519844920898","2.7462935462330544","0.0","0.080825172","0.0","0.0","0.0","616042000.0","54170000.0","0.0","670212000.0","18010000.0","634052000.0","8227.766231707934","12.0","14.584760507359503","0.0","1","observed","1","1","1","1","1","1","1","0","2022-05-12","1","1","no_designation","1"
"2019","43150","충청북도","제천시","충청북도 제천시","0.0640643197","-0.018165132","0.3052725149","0.2159975451","9.872327513400801","7.125379187228672","2.1501929794303387","7.711265411613653","0.054336184","0.0976542818783847","1.0","1.385925297850583","281077000.0","18010000.0","32368000.0","331455000.0","50378000.0","331455000.0","14499.410632856823","11.0","7.586515258125817","20095.100000000002","1","observed","1","1","1","1","1","1","1","0","2022-05-12","1","1","full_date","1"
"2019","43720","충청북도","보은군","충청북도 보은군","-0.1141302575","-0.1879626169","0.1852305451","0.1017430385","7.306350854095437","8.855512032372156","2.1461533573803075","0.0","0.824868963","0.0","0.0","0.0","11828000.0","55710000.0","0.0","67538000.0","18010000.0","29838000.0","7945.021565993795","6.0","7.551898947236522","0.0","1","observed","1","1","1","1","1","1","1","0","2022-05-12","1","1","no_designation","1"
"2019","43730","충청북도","옥천군","충청북도 옥천군","0.2688989051","0.2030103933","-0.1246998173","-0.1987329273","9.453550005132666","9.743599767087247","0.0","0.0","0.572013149","0.0","1.0","1.2883243300836116","44137000.0","58990000.0","0.0","103127000.0","58990000.0","103127000.0","3461.084989142923","0.0","0.0","4459.0","1","observed","1","1","1","1","1","1","1","0","2022-05-12","1","1","no_designation","1"
"2019","43740","충청북도","영동군","충청북도 영동군","0.2320026727","0.1594373939","0.4007046022","0.3188366734","10.012767595290141","8.610302316912156","2.0906703197366467","8.095468076622527","0.176575668","0.1055086067029127","1.0","1.6547953939437523","220242660.0","54170000.0","32368000.0","306780660.0","89063660.0","270620660.0","9872.59214026753","7.0","7.090336459306331","16337.12","1","observed","1","1","1","1","1","1","1","0","2022-05-12","1","1","no_designation","1"
"2019","43745","충청북도","증평군","충청북도 증평군","0.3630666388","0.3091050932","-0.0628058266","-0.1280031273","8.688957129304562","11.729699157640736","0.0","0.0","0.954388129","0.0","0.0","0.0","2662000.0","55700000.0","0.0","58362000.0","18000000.0","20662000.0","448.4510789032455","0.0","0.0","0.0","1","observed","1","1","1","1","1","1","1","0","2022-05-12","1","1","no_designation","1"
"2019","43750","충청북도","진천군","충청북도 진천군","0.3499258202","0.2795190503","0.7174080717","0.6360547766","10.711037674675604","8.832821773616686","2.9977586235166904","9.419555544806194","0.107056594","0.1925115459049455","1.0","0.980589256529135","117767370.0","18000000.0","32368000.0","168135370.0","103623000.0","130435370.0","2625.9720702166314","5.0","19.04056808794437","2575.0","1","observed","1","1","1","1","1","1","1","0","2022-05-12","1","1","full_date","1"
"2019","43760","충청북도","괴산군","충청북도 괴산군","-0.1527525374","-0.2367133442","0.1364493226","0.0456584784","8.298541377278273","7.112789549013086","2.055950506441678","0.0","0.233918129","0.0","0.0","0.0","58950000.0","18000000.0","0.0","76950000.0","18000000.0","76950000.0","14675.103804458691","10.0","6.814261850033205","0.0","1","observed","1","1","1","1","1","1","1","0","2022-05-12","1","1","no_designation","1"
"2019","43770","충청북도","음성군","충청북도 음성군","0.447448676","0.3835901202","0.8479909451","0.7712199645","10.671278305401465","9.861050185789322","3.2493668424447164","0.0","0.307835715","0.0","0.0","0.0","121778000.0","54160000.0","0.0","175938000.0","18000000.0","139778000.0","2825.541113033934","7.0","24.774015737055503","0.0","1","observed","1","1","1","1","1","1","1","0","2022-05-12","1","1","no_designation","1"
"2019","43800","충청북도","단양군","충청북도 단양군","0.1643024087","0.0885943712","0.0221055778","-0.0603959291","9.85855948144181","8.145172438628427","0.8208431204074615","7.630595405346278","0.13992518","0.0836244135336791","1.0","0.9306493837256434","300536000.0","54160000.0","32368000.0","387064000.0","84608000.0","350904000.0","15718.142896565196","2.0","1.2724149495021129","14628.08","1","observed","1","1","1","1","1","1","1","0","2022-05-12","1","1","full_date","1"
"2019","44131","충청남도","천안시 동남구","충청남도 천안시 동남구","","","","","","","2.880550851819455","","","","1.0","5.407851018034681","","","","","","","2377.543308260854","4.0","16.824088907663075","12857.400000000001","0","city_district_granularity","1","1","0","0","0","1","1","0","2022-05-12","1","1","full_date","1"
"2019","44133","충청남도","천안시 서북구","충청남도 천안시 서북구","","","","","","","0.0","","","","0.0","0.0","","","","","","","175.33501711721496","0.0","0.0","0.0","0","city_district_granularity","1","1","0","0","0","1","1","0","2022-05-12","1","1","no_designation","1"
"2019","44150","충청남도","공주시","충청남도 공주시","0.2055029929","0.1292280688","0.4746489495","0.3895529957","10.273711864509808","7.98877988631147","2.4381700049824264","0.0","0.09235305","0.0","0.0","0.0","221661000.0","22554000.0","0.0","244215000.0","0.0","221661000.0","7653.9903926024035","8.0","10.45206433461429","0.0","1","observed","1","1","1","1","1","1","1","0","2022-05-12","1","1","no_designation","1"
"2019","44180","충청남도","보령시","충청남도 보령시","0.3832910063","0.3113967056","0.3511320789","0.2708201628","11.180510255811091","8.523890897131508","1.5195504097465728","8.597452579046374","0.061248154","0.0659244565688669","1.0","1.8546140759622207","803524170.0","56385000.0","60690000.0","920599170.0","131635590.0","864214170.0","11203.948179471963","4.0","3.5701700292838363","20779.0","1","observed","1","1","1","1","1","1","1","0","2022-05-12","1","1","full_date","1"
"2019","44200","충청남도","아산시","충청남도 아산시","0.5168234795","0.4447086912","0.8751382927","0.7925958299","12.316517804637055","8.30357713535789","3.1752822937976655","0.0","0.017754821","0.0","1.0","0.47800123197440186","681742000.0","12323000.0","0.0","694065000.0","0.0","681742000.0","3052.293388394725","7.0","22.93357521467315","1459.0","1","observed","1","1","1","1","1","1","1","0","2022-05-12","1","1","full_date","1"
"2019","44210","충청남도","서산시","충청남도 서산시","-0.7235756769","-0.8520390607","-0.6158770732","-0.7380376269","9.331376029209254","0.0","0.6274922460749682","0.0","0.0","0.0","1.0","0.07528830577288784","129288000.0","0.0","0.0","129288000.0","96490000.0","129288000.0","11455.962398752716","1.0","0.8729078930189893","862.5","1","observed","1","1","1","1","1","1","1","0","2022-05-12","1","1","full_date","1"
"2019","44230","충청남도","논산시","충청남도 논산시","0.5171083006","0.4523166599","0.8749232878","0.7977025235","11.369906320710522","9.601127872219514","3.175415067576468","0.0","0.145687322","0.0","1.0","0.9108053619372088","264514000.0","45108000.0","0.0","309622000.0","247464000.0","264514000.0","3051.870483159969","7.0","22.936753176865018","2779.66","1","observed","1","1","1","1","1","1","1","0","2022-05-12","1","1","no_designation","1"
"2019","44250","충청남도","계룡시","충청남도 계룡시","0.353573576","0.2879069057","-0.0684153676","-0.1421352523","10.127041801961658","9.667994922567877","0.0","0.0","0.387206428","0.0","0.0","0.0","17847000.0","11277000.0","0.0","29124000.0","16083000.0","17847000.0","713.6154039255124","0.0","0.0","0.0","1","observed","1","1","1","1","1","1","1","0","2022-05-12","1","1","no_designation","1"
"2019","44270","충청남도","당진시","충청남도 당진시","0.1417709647","0.0664225718","0.3801656079","0.2959047953","9.625092924235554","8.239495490154798","2.2401333481171775","0.0","0.20007984","0.0","0.0","0.0","90171000.0","22554000.0","0.0","112725000.0","0.0","90171000.0","5956.2213296062455","5.0","8.394583954002496","0.0","1","observed","1","1","1","1","1","1","1","0","2022-05-12","1","1","no_designation","1"
"2019","44710","충청남도","금산군","충청남도 금산군","0.4787361839","0.4105924448","0.7149091679","0.6358986981","11.48605505740253","9.059089920791497","2.662947616510995","8.257340003613136","0.078283144","0.0351083621419745","1.0","1.6806956286868604","510878000.0","45108000.0","20230000.0","576216000.0","492072000.0","531108000.0","5247.969858106501","7.0","13.338491243784777","8820.24","1","observed","1","1","1","1","1","1","1","0","2022-05-12","1","1","full_date","1"
"2019","44760","충청남도","부여군","충청남도 부여군","0.4478122844","0.3749769611","0.6795495284","0.597154441","11.837552615387025","8.26953568041249","2.6055742834187936","8.195546256766741","0.02674961","0.0248413798692727","1.0","0.3815438051955347","772353000.0","21784000.0","20230000.0","814367000.0","716720000.0","792583000.0","5582.583103160097","7.0","12.538998292811002","2130.0","1","observed","1","1","1","1","1","1","1","0","2022-05-12","1","1","full_date","1"
"2019","44770","충청남도","서천군","충청남도 서천군","0.5108028419","0.4426784008","0.5279414577","0.4501081554","11.749495299536695","9.01898823463503","1.8705343910076702","0.0","0.061190521","0.0","1.0","1.5332177195635854","692065000.0","45108000.0","0.0","737173000.0","12314000.0","692065000.0","5462.725027978422","3.0","5.491764613146202","8375.54681","1","observed","1","1","1","1","1","1","1","0","2022-05-12","1","1","full_date","1"
"2019","44790","충청남도","청양군","충청남도 청양군","-0.4662980823","-0.5927913065","-0.0894615787","-0.2116154505","11.209772857044797","0.0","1.9798817918099505","0.0","0.0","0.0","1.0","0.9915861504274769","591549000.0","0.0","0.0","591549000.0","557046000.0","591549000.0","8010.39828619605","5.0","6.241886884221811","7943.0","1","observed","1","1","1","1","1","1","1","0","2022-05-12","1","1","full_date","1"
"2019","44800","충청남도","홍성군","충청남도 홍성군","-0.8489990242","-0.9784228648","-0.2394177681","-0.3649419683","8.415653779836653","0.0","2.3767408957160288","0.0","0.0","0.0","0.0","0.0","27736000.0","0.0","0.0","27736000.0","27736000.0","27736000.0","6141.408460067389","6.0","9.769745879977119","0.0","1","observed","1","1","1","1","1","1","1","0","2022-05-12","1","1","no_designation","1"
"2019","44810","충청남도","예산군","충청남도 예산군","0.2402147459","0.1639071314","0.4055698222","0.3210016137","10.56582583795196","7.935873867058608","2.0875536014106872","0.0","0.067214647","0.0","1.0","0.5434874647779165","219587000.0","15823000.0","0.0","235410000.0","158012000.0","219587000.0","5661.584119989491","4.0","7.065160413102587","3077.0","1","observed","1","1","1","1","1","1","1","0","2022-05-12","1","1","full_date","1"
"2019","44825","충청남도","태안군","충청남도 태안군","-0.4292775343","-0.5554872656","-0.4405964085","-0.5604834543","11.480061764556822","0.0","0.5504352063403257","0.0","0.0","0.0","1.0","1.2139016113340273","1318325000.0","0.0","0.0","1318325000.0","440601000.0","1318325000.0","13623.83890554806","1.0","0.7340075047369858","16538.0","1","observed","1","1","1","1","1","1","1","0","2022-05-12","1","1","full_date","1"
"2019","45111","전라북도","전주시 완산구","전라북도 전주시 완산구","","","","","","","0.0","","","","1.0","6.686781445184682","","","","","","","409.1654591119113","0.0","0.0","2736.0","0","city_district_granularity","1","1","0","0","0","1","1","0","2022-05-12","1","1","full_date","1"
"2019","45113","전라북도","전주시 덕진구","전라북도 전주시 덕진구","","","","","","","0.0","","","","0.0","0.0","","","","","","","110.8834911803561","0.0","0.0","0.0","0","city_district_granularity","1","1","0","0","0","1","1","0","2022-05-12","1","1","no_designation","1"
"2019","45130","전라북도","군산시","전라북도 군산시","-0.2384082817","-0.3631563898","0.1433221532","0.0224136102","12.87360790387053","0.0","2.289452507294822","0.0","0.0","0.0","1.0","16.508417746355416","879154123.0","0.0","0.0","879154123.0","642393123.0","834046123.0","2254.9102265247807","2.0","8.8695327045563","37225.0","1","observed","1","1","1","1","1","1","1","0","2022-05-12","1","1","full_date","1"
"2019","45140","전라북도","익산시","전라북도 익산시","0.4120587773","0.3474257088","0.4157081287","0.3404806902","10.478142018364657","9.771809841892065","1.6941158991817278","0.0","0.330403409","0.0","1.0","6.563696194197877","79988000.0","39469000.0","0.0","119457000.0","71775000.0","79988000.0","2251.3229684613457","1.0","4.441832709073477","14777.0","1","observed","1","1","1","1","1","1","1","0","2022-05-12","1","1","full_date","1"
"2019","45180","전라북도","정읍시","전라북도 정읍시","0.0850625641","0.0069624646","0.3595804284","0.2731282836","9.511369826306877","7.828756220583706","2.304632004845499","0.0","0.156706848","0.0","1.0","1.246832184675329","134808000.0","25051000.0","0.0","159859000.0","72369000.0","134808000.0","9977.284956948184","9.0","9.020490082056238","12440.0","1","observed","1","1","1","1","1","1","1","0","2022-05-12","1","1","full_date","1"
"2019","45190","전라북도","남원시","전라북도 남원시","-0.0253098862","-0.1071136475","0.1906480304","0.1018148015","9.075949944523565","7.322129437211787","1.9402772134173283","0.0","0.147497227","0.0","0.0","0.0","175983000.0","30448000.0","0.0","206431000.0","0.0","175983000.0","20131.930252455182","12.0","5.960680297179425","0.0","1","observed","1","1","1","1","1","1","1","0","2022-05-12","1","1","no_designation","1"
"2019","45210","전라북도","김제시","전라북도 김제시","0.4151163298","0.3493368419","-0.0274905908","-0.1011819615","10.652058787438943","9.564471349740385","0.0","0.0","0.25206408","0.0","1.0","3.658525881735657","100192000.0","33766000.0","0.0","133958000.0","91940000.0","98999000.0","2369.806933246794","0.0","0.0","8670.0","1","observed","1","1","1","1","1","1","1","0","2022-05-12","1","1","full_date","1"
"2019","45710","전라북도","완주군","전라북도 완주군","0.3528267867","0.2824569478","0.2228754824","0.1441894041","10.73031077539296","8.83543003523768","1.10901252496341","0.0","0.130674927","0.0","1.0","0.11355322077885797","225070000.0","33832000.0","0.0","258902000.0","0.0","225070000.0","4922.801803117838","1.0","2.031363520194239","559.0","1","observed","1","1","1","1","1","1","1","0","2022-05-12","1","1","no_designation","1"
"2019","45720","전라북도","진안군","전라북도 진안군","0.1697609117","0.0979642068","0.3608194866","0.2793901006","9.396976982552253","8.830999296792285","2.0965433996171376","0.0","0.362150879","0.0","0.0","0.0","67531000.0","38342000.0","0.0","105873000.0","0.0","67531000.0","5603.817299287868","4.0","7.137991455410795","0.0","1","observed","1","1","1","1","1","1","1","0","2022-05-12","1","1","no_designation","1"
"2019","45730","전라북도","무주군","전라북도 무주군","-0.6924433697","-0.820668351","0.020701583","-0.1044989655","9.558674590836848","0.0","2.970620309682468","0.0","0.0","0.0","0.0","0.0","91868000.0","0.0","0.0","91868000.0","0.0","91868000.0","6485.079268680864","12.0","18.50401437335234","0.0","1","observed","1","1","1","1","1","1","1","0","2022-05-12","1","1","no_designation","1"
"2019","45740","전라북도","장수군","전라북도 장수군","0.0532266215","-0.0201025084","0.5606482821","0.4764246831","8.629093856443879","8.717560437333509","3.1511978816718753","0.0","0.522106011","0.0","0.0","0.0","35000000.0","38238000.0","0.0","73238000.0","0.0","35000000.0","6260.050966131462","14.0","22.36403517438391","0.0","1","observed","1","1","1","1","1","1","1","0","2022-05-12","1","1","no_designation","1"
"2019","45750","전라북도","임실군","전라북도 임실군","0.1803833317","0.1066045314","0.2990708347","0.2165861049","9.741923557061929","8.465280255462119","1.8343034199446953","9.213768828118377","0.149272243","0.3155671070677663","1.0","1.324451832233092","161718121.0","45108000.0","95360000.0","302186121.0","239385121.0","257078121.0","9504.30940080018","5.0","5.260771497589339","12588.0","1","observed","1","1","1","1","1","1","1","0","2022-05-12","1","1","full_date","1"
"2019","45770","전라북도","순창군","전라북도 순창군","0.3831481677","0.3143959157","0.4390700314","0.3605727583","10.772161734263149","9.08097403442793","1.855182895541363","0.0","0.155607511","0.0","1.0","2.381274516181051","442009450.0","81455000.0","0.0","523464450.0","442009450.0","442009450.0","9271.505594998516","5.0","5.392867370642836","22078.0","1","observed","1","1","1","1","1","1","1","0","2022-05-12","1","1","full_date","1"
"2019","45790","전라북도","고창군","전라북도 고창군","0.1670526092","0.091116587","0.0924549433","0.0094290772","9.910911449128392","8.101032297670905","1.0814740989130835","0.0","0.140622077","0.0","0.0","0.0","206750000.0","33831000.0","0.0","240581000.0","0.0","206750000.0","10261.548919578408","2.0","1.949023500910396","0.0","1","observed","1","1","1","1","1","1","1","0","2022-05-12","1","1","no_designation","1"
"2019","45800","전라북도","부안군","전라북도 부안군","0.2681622597","0.196623825","-0.1248506849","-0.2029906394","10.179588709549881","8.743220637351461","0.0","0.0","0.192089529","0.0","0.0","0.0","189720000.0","45108000.0","0.0","234828000.0","0.0","189720000.0","7197.644415441628","0.0","0.0","0.0","1","observed","1","1","1","1","1","1","1","0","2022-05-12","1","1","no_designation","1"
"2019","46110","전라남도","목포시","전라남도 목포시","0.300776276","0.2370459508","0.7050759183","0.628375705","9.438251495681511","10.082846544337865","3.0766871210233","0.0","0.655799977","0.0","1.0","0.6516228194166204","6071000.0","11567000.0","0.0","17638000.0","0.0","6071000.0","483.4084851141503","1.0","20.686438711638743","315.0","1","observed","1","1","1","1","1","1","1","0","2022-05-12","1","1","no_designation","1"
"2019","46130","전라남도","여수시","전라남도 여수시","0.3199535502","0.250882501","0.4642680556","0.3850690017","10.289376235847733","9.110241181480964","2.1108225589438794","0.0","0.235193983","0.0","1.0","3.7249131310527788","324381000.0","99754000.0","0.0","424135000.0","0.0","324381000.0","11026.834332748904","8.0","7.255028740425143","41074.0","1","observed","1","1","1","1","1","1","1","0","2022-05-12","1","1","full_date","1"
"2019","46150","전라남도","순천시","전라남도 순천시","0.2776746833","0.2061426613","0.5882745867","0.5064047166","10.257647867774244","8.7314465979789","2.688978285346967","0.0","0.178531634","0.0","1.0","3.222036865697365","457088000.0","99340000.0","0.0","556428000.0","131373000.0","457088000.0","16038.922630022427","22.0","13.716632037877245","51678.0","1","observed","1","1","1","1","1","1","1","0","2022-05-12","1","1","full_date","1"
"2019","46170","전라남도","나주시","전라남도 나주시","-0.4065133236","-0.5058628757","0.2218891154","0.1181162709","8.188164695570292","4.729738093074362","3.0193662562529577","0.0","0.030265419","0.0","0.0","0.0","20314000.0","634000.0","0.0","20948000.0","0.0","20314000.0","5647.307308823615","11.0","19.478309570320512","0.0","1","observed","1","1","1","1","1","1","1","0","2022-05-12","1","1","no_designation","1"
"2019","46230","전라남도","광양시","전라남도 광양시","0.4952176733","0.426567294","0.5588439068","0.4803815873","11.688395528780157","8.94692494425481","2.027402744421481","8.80555070924304","0.05753802","0.0499514707757475","1.0","5.9296271916086605","722921160.0","46605000.0","40460000.0","809986160.0","684656810.0","763381160.0","6065.811363469913","4.0","6.5943362896003785","35968.0","1","observed","1","1","1","1","1","1","1","0","2022-05-12","1","1","full_date","1"
"2019","46710","전라남도","담양군","전라남도 담양군","0.2885739993","0.2173125786","0.6110033288","0.5292673957","10.312974043390522","8.764614380656717","2.7479406671938675","0.0","0.175305531","0.0","1.0","0.7845812533611002","206153000.0","43822000.0","0.0","249975000.0","0.0","206153000.0","6844.415383359256","10.0","14.610451645458104","5370.0","1","observed","1","1","1","1","1","1","1","0","2022-05-12","1","1","full_date","1"
"2019","46720","전라남도","곡성군","전라남도 곡성군","-0.0812119643","-0.1629862134","0.2215658718","0.1322923191","8.608508401605986","7.403232425944248","2.1993108514440265","0.0","0.23046226","0.0","0.0","0.0","75133207.0","22501000.0","0.0","97634207.0","0.0","75133207.0","13717.76998448934","11.0","8.018796067026697","0.0","1","observed","1","1","1","1","1","1","1","0","2022-05-12","1","1","no_designation","1"
"2019","46730","전라남도","구례군","전라남도 구례군","0.0449843433","-0.033186534","0.2317176179","0.1456793566","9.188157687009166","7.870607324889946","1.9195464305027325","0.0","0.211179553","0.0","1.0","1.268294655478391","84048141.0","22501000.0","0.0","106549141.0","0.0","84048141.0","8594.217402807397","5.0","5.817865392102711","10900.0","1","observed","1","1","1","1","1","1","1","0","2022-05-12","1","1","full_date","1"
"2019","46770","전라남도","고흥군","전라남도 고흥군","0.0007548582","-0.0754070234","0.394889655","0.3092089872","8.561009068760868","8.286706812620073","2.652658827619059","0.0","0.431836377","0.0","1.0","0.20481883953948898","75226000.0","57176000.0","0.0","132402000.0","30434000.0","75226000.0","14402.971946490505","19.0","13.191721868645054","2950.0","1","observed","1","1","1","1","1","1","1","0","2022-05-12","1","1","full_date","1"
"2019","46780","전라남도","보성군","전라남도 보성군","0.1889582151","0.1112676359","0.6637941404","0.5765778876","10.319948079162907","7.7603277053833954","3.1992866956035844","8.515324838539339","0.062250677","0.1324748156634939","1.0","0.6933576705113828","270866820.0","20939000.0","44560000.0","336365820.0","172484459.0","315426820.0","8930.45575659835","21.0","23.515037275095345","6192.0","1","observed","1","1","1","1","1","1","1","0","2022-05-12","1","1","full_date","1"
"2019","46790","전라남도","화순군","전라남도 화순군","-0.1159827134","-0.1938791963","0.2451866118","0.1584190936","7.817639145304111","8.137710633716171","2.3780105149558866","0.0","0.579368556","0.0","0.0","0.0","35532000.0","48941000.0","0.0","84473000.0","0.0","35532000.0","14309.912581105747","14.0","9.783428040283807","0.0","1","observed","1","1","1","1","1","1","1","0","2022-05-12","1","1","no_designation","1"
"2019","46800","전라남도","장흥군","전라남도 장흥군","-0.0199642449","-0.1017958087","0.4593036983","0.3690527317","9.123886174991986","7.309946498743026","2.948832074796186","0.0","0.140095173","0.0","0.0","0.0","70998300.0","11567000.0","0.0","82565300.0","0.0","70998300.0","7741.79887330564","14.0","18.08365242898928","0.0","1","observed","1","1","1","1","1","1","1","0","2022-05-12","1","1","no_designation","1"
"2019","46810","전라남도","강진군","전라남도 강진군","-0.3001209127","-0.3979925032","0.1284181327","0.0267814021","8.878995043628553","4.847288889784741","2.3949841036914874","0.0","0.017302549","0.0","0.0","0.0","36008000.0","634000.0","0.0","36642000.0","0.0","36008000.0","5016.039434864496","5.0","9.96802370660603","0.0","1","observed","1","1","1","1","1","1","1","0","2022-05-12","1","1","no_designation","1"
"2019","46820","전라남도","해남군","전라남도 해남군","-0.008363381","-0.0889468487","0.3348764569","0.2462542433","9.058361421876675","7.515410971004565","2.4463977477435748","0.0","0.176044633","0.0","1.0","0.0315119662019014","114014000.0","24360000.0","0.0","138374000.0","0.0","114014000.0","13274.322437384442","14.0","10.546677667382731","418.3","1","observed","1","1","1","1","1","1","1","0","2022-05-12","1","1","no_designation","1"
"2019","46830","전라남도","영암군","전라남도 영암군","-0.837161674","-0.9664948675","-0.5276766709","-0.6515419441","8.502078876876617","0.0","1.25015748824723","0.0","0.0","0.0","0.0","0.0","19768000.0","0.0","0.0","19768000.0","0.0","19768000.0","4014.624975692837","1.0","2.4908926887434153","0.0","1","observed","1","1","1","1","1","1","1","0","2022-05-12","1","1","no_designation","1"
"2019","46840","전라남도","무안군","전라남도 무안군","0.3179261115","0.2492736616","-0.0919372429","-0.1678907484","10.218317526954722","9.187184436751759","0.0","9.088139632842095","0.212308877","0.1922865527778349","1.0","0.6731665897291196","125282130.0","44673000.0","40460000.0","210415130.0","77942100.0","165742130.0","4572.4194381640045","0.0","0.0","3078.0","1","observed","1","1","1","1","1","1","1","0","2022-05-12","1","1","no_designation","1"
"2019","46860","전라남도","함평군","전라남도 함평군","0.1973713836","0.1267403395","0.2602017213","0.1803000766","9.47490841776118","9.00012431042025","1.6441761966750719","0.0","0.383473508","0.0","1.0","0.1662343925469009","62382000.0","38801000.0","0.0","101183000.0","0.0","62382000.0","4788.419458839836","2.0","4.176743531329168","796.0","1","observed","1","1","1","1","1","1","1","0","2022-05-12","1","1","full_date","1"
"2019","46870","전라남도","영광군","전라남도 영광군","0.0114544705","-0.0700134583","0.1880533061","0.0996735271","9.337331705168848","7.331753699074174","1.8374884631843114","0.0","0.11855929","0.0","0.0","0.0","85996000.0","11567000.0","0.0","97563000.0","0.0","85996000.0","7574.690067421648","4.0","5.280744115463937","0.0","1","observed","1","1","1","1","1","1","1","0","2022-05-12","1","1","no_designation","1"
"2019","46880","전라남도","장성군","전라남도 장성군","-0.0586382074","-0.1410879044","0.2154150848","0.1258037738","8.883249387567218","7.252879733098427","2.118657054282761","0.0","0.163701722","0.0","1.0","0.7210157380560545","59092000.0","11567000.0","0.0","70659000.0","46397000.0","59092000.0","8196.769762521515","6.0","7.319956731533547","5910.0","1","observed","1","1","1","1","1","1","1","0","2022-05-12","1","1","full_date","1"
"2019","46890","전라남도","완도군","전라남도 완도군","-0.7731965496","-0.9020399161","-0.4252308391","-0.5489435297","8.969091509289008","0.0","1.4782205288678318","0.0","0.0","0.0","0.0","0.0","92823000.0","0.0","0.0","92823000.0","0.0","81256000.0","11816.365950168814","4.0","3.385135511940415","0.0","1","observed","1","1","1","1","1","1","1","0","2022-05-12","1","1","no_designation","1"
"2019","46900","전라남도","진도군","전라남도 진도군","0.0501104023","-0.0319088172","0.3917266073","0.302071146","9.729359328883213","7.181579003980462","2.514445715392703","0.0","0.072528561","0.0","0.0","0.0","147915000.0","11567000.0","0.0","159482000.0","0.0","147915000.0","8803.005935440742","10.0","11.359756057575948","0.0","1","observed","1","1","1","1","1","1","1","0","2022-05-12","1","1","no_designation","1"
"2019","46910","전라남도","신안군","전라남도 신안군","0.0982286069","0.0179191165","-0.2373085643","-0.3221271118","9.906865823746164","7.419299574180864","0.0","0.0","0.076695492","0.0","1.0","0.18156907817357062","270880000.0","22501000.0","0.0","293381000.0","0.0","270880000.0","13498.994568100252","0.0","0.0","2451.0","1","observed","1","1","1","1","1","1","1","0","2022-05-12","1","1","no_designation","1"
"2019","47111","경상북도","포항시 남구","경상북도 포항시 남구","","","","","","","2.2753352713429877","","","","1.0","14.364830105847812","","","","","","","6871.922554782899","6.0","8.73118105183529","98714.0","0","city_district_granularity","1","1","0","0","0","1","1","0","2022-05-12","1","1","full_date","1"
"2019","47113","경상북도","포항시 북구","경상북도 포항시 북구","","","","","","","1.959761199779948","","","","0.0","0.0","","","","","","","14759.8282065478","9.0","6.097631946696638","0.0","0","city_district_granularity","1","1","0","0","0","1","1","0","2022-05-12","1","1","no_designation","1"
"2019","47130","경상북도","경주시","경상북도 경주시","-0.3635444758","-0.4892508417","-0.0892016126","-0.2102382339","11.959982174537142","0.0","1.7211393498980714","0.0","0.0","0.0","1.0","4.287542618252637","4427896836.0","0.0","0.0","4427896836.0","2106681453.0","4427896836.0","28316.91969267933","13.0","4.5908948222785835","121410.0","1","observed","1","1","1","1","1","1","1","0","2022-05-12","1","1","full_date","1"
"2019","47150","경상북도","김천시","경상북도 김천시","-0.5450030102","-0.6720989347","-0.2752827644","-0.3973071332","10.63514416807161","0.0","1.4718806809085143","0.0","0.0","0.0","1.0","1.1856737067589194","495254000.0","0.0","0.0","495254000.0","0.0","495254000.0","11913.901707927653","4.0","3.3574223609200606","14126.0","1","observed","1","1","1","1","1","1","1","0","2022-05-12","1","1","full_date","1"
"2019","47170","경상북도","안동시","경상북도 안동시","0.4120191274","0.3345560301","0.3721545787","0.2878392406","12.140398683857027","7.4978997542100805","1.5255916868608501","7.389217640857798","0.009455604","0.0084812835622336","1.0","2.6561625278822882","9369872670.0","90216000.0","80920000.0","9541008670.0","1567925100.0","9450792670.0","50029.694570666376","18.0","3.5978632599036167","132887.0","1","observed","1","1","1","1","1","1","1","0","2022-05-12","1","1","full_date","1"
"2019","47190","경상북도","구미시","경상북도 구미시","-0.2923899358","-0.4175514202","0.0518033902","-0.0692070502","12.479485096406833","0.0","2.0777254479373606","0.0","0.0","0.0","1.0","5.3732376017082455","3010327000.0","0.0","0.0","3010327000.0","1349873000.0","3010327000.0","11451.010463493902","8.0","6.986283023235542","61529.0","1","observed","1","1","1","1","1","1","1","0","2022-05-12","1","1","full_date","1"
"2019","47210","경상북도","영주시","경상북도 영주시","-0.4909056683","-0.6175873305","-0.1999946051","-0.3218296661","11.030111617899074","0.0","1.6215670524820092","7.915522586116566","0.0","0.0424952683839824","1.0","1.2182368109713004","911646000.0","0.0","40460000.0","952106000.0","40460000.0","952106000.0","14774.631531327144","6.0","4.06101498184777","17999.0","1","observed","1","1","1","1","1","1","1","0","2022-05-12","1","1","full_date","1"
"2019","47230","경상북도","영천시","경상북도 영천시","0.2212199773","0.1467858334","0.1880868532","0.1059326555","10.165520401778043","8.293703744533776","1.3086280019720111","0.0","0.133307206","0.0","1.0","2.6486911444873993","577330533.0","88800000.0","0.0","666130533.0","319500399.0","621022533.0","22213.23543987101","6.0","2.7010923358019574","58836.0","1","observed","1","1","1","1","1","1","1","0","2022-05-12","1","1","full_date","1"
"2019","47250","경상북도","상주시","경상북도 상주시","0.1410775166","0.0631612481","0.2605121773","0.1750176533","9.952101307317617","7.785312465784916","1.7860877986416606","7.7113353012283685","0.093790297","0.0870996013994163","1.0","1.9232471201231665","380497662.0","43568000.0","40460000.0","464525662.0","40460000.0","420957662.0","18122.996070191883","9.0","4.9660662978363215","34855.0","1","observed","1","1","1","1","1","1","1","0","2022-05-12","1","1","full_date","1"
"2019","47280","경상북도","문경시","경상북도 문경시","-0.6047027596","-0.7322558479","-0.2523485572","-0.3751445826","10.199273256237133","0.0","1.7100360997068254","0.0","0.0","0.0","1.0","0.0718842564921836","415482000.0","0.0","0.0","415482000.0","0.0","415482000.0","15455.400865428795","7.0","4.529161075115079","1111.0","1","observed","1","1","1","1","1","1","1","0","2022-05-12","1","1","full_date","1"
"2019","47290","경상북도","경산시","경상북도 경산시","-0.5157743235","-0.6426464229","-0.2927504898","-0.4143639421","10.848544298892138","0.0","1.331544184949693","0.0","0.0","0.0","1.0","2.1998010121265947","369288000.0","0.0","0.0","369288000.0","58159000.0","369288000.0","7176.467286347215","2.0","2.7868865281457857","15786.8","1","observed","1","1","1","1","1","1","1","0","2022-05-12","1","1","full_date","1"
"2019","47730","경상북도","의성군","경상북도 의성군","-0.6013981638","-0.7289259465","-0.4091998138","-0.5311273074","10.22340027822649","0.0","1.1049527648282758","0.0","0.0","0.0","1.0","1.4949570521254367","954761000.0","0.0","0.0","954761000.0","0.0","954761000.0","34669.223390941406","7.0","2.019081858588446","51829.0","1","observed","1","1","1","1","1","1","1","0","2022-05-12","1","1","full_date","1"
"2019","47750","경상북도","청송군","경상북도 청송군","-0.6768249393","-0.8049303191","-0.4158342283","-0.5385476428","9.6727055467299","0.0","1.2703696947139036","7.455157423212828","0.0","0.0981400448252107","0.0","0.0","371808000.0","0.0","40460000.0","412268000.0","40460000.0","412268000.0","23417.65688293314","6.0","2.562169234093108","0.0","1","observed","1","1","1","1","1","1","1","0","2022-05-12","1","1","no_designation","1"
"2019","47760","경상북도","영양군","경상북도 영양군","0.0109812257","-0.0696476223","0.023154796","-0.0637427807","9.224674223223161","7.481112684887273","1.2115314834135833","7.372431649342278","0.131280288","0.1177529580774149","0.0","0.0","258032710.0","45108000.0","40460000.0","343600710.0","40460000.0","298492710.0","25438.55654523308","6.0","2.3586243933814464","0.0","1","observed","1","1","1","1","1","1","1","0","2022-05-12","1","1","no_designation","1"
"2019","47770","경상북도","영덕군","경상북도 영덕군","-0.5759743716","-0.7033074661","-0.4086750135","-0.5303285158","10.409020680349665","0.0","1.0426853227356148","0.0","0.0","0.0","1.0","1.2877517958894982","722037000.0","0.0","0.0","722037000.0","288298000.0","722037000.0","21776.71201043028","4.0","1.8368245849438336","28043.0","1","observed","1","1","1","1","1","1","1","0","2022-05-12","1","1","full_date","1"
"2019","47820","경상북도","청도군","경상북도 청도군","0.346398732","0.2766309244","0.046633639","-0.0307139103","10.598985955917492","8.950857023436612","0.4549089326157469","0.0","0.161347823","0.0","1.0","2.9727172550617302","696025726.0","133908000.0","0.0","829933726.0","454222726.0","784825726.0","17360.21140662715","1.0","0.576029851582485","51607.0","1","observed","1","1","1","1","1","1","1","0","2022-05-12","1","1","year_only_or_partial","1"
"2019","47830","경상북도","고령군","경상북도 고령군","-0.4326378732","-0.558873337","-0.2325798299","-0.3536075965","11.455527759210472","0.0","1.3503145399322505","0.0","0.0","0.0","1.0","2.7792641586698226","990900000.0","0.0","0.0","990900000.0","0.0","990900000.0","10494.504420896628","3.0","2.8586390358999787","29167.0","1","observed","1","1","1","1","1","1","1","0","2022-05-12","1","1","full_date","1"
"2019","47840","경상북도","성주군","경상북도 성주군","0.3992597686","0.3296459941","0.3470273378","0.2684786554","11.017422172645883","8.9064125885047","1.464062294395618","0.0","0.108019867","0.0","1.0","2.668594031777779","733271000.0","88800000.0","0.0","822071000.0","88800000.0","822071000.0","12035.551161974026","4.0","3.323487180743233","32118.0","1","observed","1","1","1","1","1","1","1","0","2022-05-12","1","1","full_date","1"
"2019","47850","경상북도","칠곡군","경상북도 칠곡군","0.4900366095","0.4266417778","0.5132097","0.4387792928","10.9643843182769","9.885437669195445","1.868095049047866","0.0","0.253699043","0.0","1.0","4.109699182564002","527563520.0","179341000.0","0.0","706904520.0","418000000.0","616363520.0","9130.838616900546","5.0","5.47594827790007","37525.0","1","observed","1","1","1","1","1","1","1","0","2022-05-12","1","1","full_date","1"
"2019","47900","경상북도","예천군","경상북도 예천군","0.384131875","0.3171409916","0.3520326015","0.2752818946","10.552072182195662","9.391819717626818","1.521968437132505","8.195173165921421","0.222565012","0.0672475161175891","1.0","0.8389936414816275","427289910.0","133908000.0","40460000.0","601657910.0","189260000.0","556549910.0","11169.33375496292","4.0","3.5812341969122934","9371.0","1","observed","1","1","1","1","1","1","1","0","2022-05-12","1","1","full_date","1"
"2019","47920","경상북도","봉화군","경상북도 봉화군","0.0997654973","0.0209034787","0.0242109666","-0.0609361804","9.732040506696466","7.673760122076132","0.991376644129919","7.580879752120087","0.102596425","0.0934921479166122","1.0","0.37378311493602795","695807232.0","88800000.0","80920000.0","865527232.0","642917523.0","865527232.0","41299.35083515478","7.0","1.6949418958037155","15437.0","1","observed","1","1","1","1","1","1","1","0","2022-05-12","1","1","full_date","1"
"2019","47930","경상북도","울진군","경상북도 울진군","-0.0138840778","-0.0971042379","-0.0665796051","-0.1550154268","9.354253245420571","7.055582748122449","0.9324472781453266","8.55560440771748","0.064710432","0.2902128325945937","0.0","0.0","449666620.0","45108000.0","202300000.0","697074620.0","202300000.0","651966620.0","38942.84651856584","6.0","1.5407194225361838","0.0","1","observed","1","1","1","1","1","1","1","0","2022-05-12","1","1","no_designation","1"
"2019","47940","경상북도","울릉군","경상북도 울릉군","0.5875478501","0.532028381","0.0865387345","0.0206123979","10.75254943818637","11.148902502071689","0.0","0.0","0.597812813","0.0","0.0","0.0","29311000.0","43568000.0","0.0","72879000.0","0.0","29311000.0","626.9992741646664","0.0","0.0","0.0","1","observed","1","1","1","1","1","1","1","0","2022-05-12","1","1","no_designation","1"
"2019","48121","경상남도","창원시 의창구","경상남도 창원시 의창구","","","","","","","1.5883425275559249","","","","0.0","0.0","","","","","","","2566.98032563519","1.0","3.895627831711385","0.0","0","city_district_granularity","1","1","0","0","0","1","1","0","2022-05-12","1","1","no_designation","1"
"2019","48123","경상남도","창원시 성산구","경상남도 창원시 성산구","","","","","","","0.0","","","","0.0","0.0","","","","","","","1352.9747995789487","0.0","0.0","0.0","0","city_district_granularity","1","1","0","0","0","1","1","0","2022-05-12","1","1","no_designation","1"
"2019","48125","경상남도","창원시 마산합포구","경상남도 창원시 마산합포구","","","","","","","1.2803109019149501","","","","0.0","0.0","","","","","","","7698.94625205914","2.0","2.5977581015909617","0.0","0","city_district_granularity","1","1","0","0","0","1","1","0","2022-05-12","1","1","no_designation","1"
"2019","48127","경상남도","창원시 마산회원구","경상남도 창원시 마산회원구","","","","","","","0.0","","","","0.0","0.0","","","","","","","2334.6853728937867","0.0","0.0","0.0","0","city_district_granularity","1","1","0","0","0","1","1","0","2022-05-12","1","1","no_designation","1"
"2019","48129","경상남도","창원시 진해구","경상남도 창원시 진해구","","","","","","","0.0","","","","0.0","0.0","","","","","","","2231.301133458337","0.0","0.0","0.0","0","city_district_granularity","1","1","0","0","0","1","1","0","2022-05-12","1","1","no_designation","1"
"2019","48170","경상남도","진주시","경상남도 진주시","0.7048085484","0.6483088802","0.7384192507","0.668945177","11.852056565408589","10.816023897741744","2.183206657621918","7.569759002857402","0.259272135","0.0100856886460558","1.0","3.507990386169501","2852099000.0","1012082000.0","39370000.0","3903551000.0","2865795000.0","2891469000.0","20318.18567149176","16.0","7.874718864514286","71276.0","1","observed","1","1","1","1","1","1","1","0","2022-05-12","1","1","full_date","1"
"2019","48220","경상남도","통영시","경상남도 통영시","0.5185822985","0.4538620051","0.4274907795","0.3527046276","11.37288517096184","9.61177273626034","1.4694754361349491","7.02951388662274","0.145037456","0.0109562970155393","1.0","2.1220805835739185","779197860.0","133900520.0","10115000.0","923213380.0","728311860.0","789312860.0","8963.373091122503","3.0","3.3469542877460468","19021.0","1","observed","1","1","1","1","1","1","1","0","2022-05-12","1","1","full_date","1"
"2019","48240","경상남도","사천시","경상남도 사천시","-0.4288577485","-0.5550642652","-0.0733477496","-0.1951795571","11.483126641848171","0.0","1.946547433292856","7.864778832256028","0.0","0.0261165705315232","1.0","3.35546515157263","1131561000.0","0.0","30345000.0","1161906000.0","851034000.0","1161906000.0","11657.99620409298","7.0","6.004462411424003","39118.0","1","observed","1","1","1","1","1","1","1","0","2022-05-12","1","1","full_date","1"
"2019","48250","경상남도","김해시","경상남도 김해시","0.6298661607","0.5669527722","0.6909747982","0.6166950332","12.061655901416353","9.780985818729695","2.1908074073716435","0.0","0.09273229","0.0","1.0","4.038461103032623","1307693380.0","133660000.0","0.0","1441353380.0","1138694070.0","1307693380.0","7554.36271927702","6.0","7.9424303848812565","30508.0","1","observed","1","1","1","1","1","1","1","0","2022-05-12","1","1","full_date","1"
"2019","48270","경상남도","밀양시","경상남도 밀양시","0.5750797383","0.5087361045","0.4100246038","0.3344528958","12.051801266655401","9.247375378607837","1.2597481089083975","7.335072825707849","0.056603528","0.0083579456171325","1.0","3.964981945257279","3394822770.0","205509120.0","30345000.0","3630676890.0","2720614770.0","3425167770.0","19805.63873536237","5.0","2.52453357693163","78529.0","1","observed","1","1","1","1","1","1","1","0","2022-05-12","1","1","full_date","1"
"2019","48310","경상남도","거제시","경상남도 거제시","0.6019252132","0.5361908106","0.5678257959","0.4920019322","12.19549347888832","9.318918424309082","1.7923268498455212","8.12411491375905","0.052472591","0.015883499573353","1.0","2.9617824155476806","2373115620.0","133660000.0","40459000.0","2547234620.0","1316472620.0","2413574620.0","11991.832963000526","6.0","5.00340524964977","35517.2","1","observed","1","1","1","1","1","1","1","0","2022-05-12","1","1","full_date","1"
"2019","48330","경상남도","양산시","경상남도 양산시","0.6545069933","0.5918333667","0.7094577045","0.63538518","12.23494202540423","9.790037233968421","2.1988511470847856","8.30756039824051","0.078387888","0.0177965020399031","1.0","6.484119846375312","1541105360.0","133660000.0","30345000.0","1705110360.0","579351360.0","1571450360.0","7486.289758684128","6.0","8.014651039976076","48542.0","1","observed","1","1","1","1","1","1","1","0","2022-05-12","1","1","full_date","1"
"2019","48720","경상남도","의령군","경상남도 의령군","0.3968394744","0.325652102","0.1728994674","0.0941192019","11.201265204916789","8.630796727901336","0.8073672146564502","6.4443541911308815","0.070490745","0.0079060373518253","1.0","2.7350027198449416","1179101000.0","90186000.0","10115000.0","1279402000.0","1166104000.0","1189216000.0","16103.091847198206","2.0","1.2419975113959139","44042.0","1","observed","1","1","1","1","1","1","1","0","2022-05-12","1","1","full_date","1"
"2019","48730","경상남도","함안군","경상남도 함안군","0.438084332","0.3704673438","0.4348556294","0.3574978117","11.080654517395509","9.207624166117952","1.7004497817449191","8.463758567061282","0.125254252","0.0595233911675693","1.0","0.5659371578085891","579950000.0","89106000.0","42345000.0","711401000.0","521219000.0","622295000.0","8935.731927519762","4.0","4.476410027119352","5057.06273","1","observed","1","1","1","1","1","1","1","0","2022-05-12","1","1","year_only_or_partial","1"
"2019","48740","경상남도","창녕군","경상남도 창녕군","0.5135569441","0.4456819927","0.3728215371","0.2960074777","11.740005875725114","9.059469227597283","1.2734814205791052","7.577197558521119","0.063204994","0.0143495103109613","1.0","3.427725625014515","1950701310.0","133660000.0","30345000.0","2114706310.0","944905310.0","1981046310.0","15544.41802785028","4.0","2.573270992090774","53282.0","1","observed","1","1","1","1","1","1","1","0","2022-05-12","1","1","full_date","1"
"2019","48820","경상남도","고성군","경상남도 고성군","0.2831064188","0.2107338734","0.2843584662","0.2035201845","10.411614956597992","8.575102062835628","1.5188182654405695","6.4007677580590325","0.135333892","0.0153626278826759","1.0","1.0906162611311536","559195000.0","89106000.0","10115000.0","658416000.0","454551000.0","569310000.0","16821.68206530507","6.0","3.5668252299067493","18346.0","1","observed","1","1","1","1","1","1","1","0","2022-05-12","1","1","full_date","1"
"2019","48840","경상남도","남해군","경상남도 남해군","0.3655784273","0.2963730826","0.2972151782","0.2190482156","10.685163433498094","9.024515242525686","1.359843992531207","6.884788465026154","0.15671979","0.0184272274810717","1.0","2.4777525242880647","452775000.0","86026000.0","10115000.0","548916000.0","219204000.0","462890000.0","10360.598868676796","3.0","2.895585513951227","25671.0","1","observed","1","1","1","1","1","1","1","0","2022-05-12","1","1","full_date","1"
"2019","48850","경상남도","하동군","경상남도 하동군","0.433760623","0.3652722678","0.5340572688","0.4555169716","11.157712871927417","9.059053434482339","2.0885936753154364","7.576781929992741","0.106574657","0.0241957801490962","1.0","3.0016307653920205","1090139310.0","133660000.0","30345000.0","1254144310.0","1039332240.0","1120484310.0","15550.883385853002","11.0","7.073553139757291","46678.01","1","observed","1","1","1","1","1","1","1","0","2022-05-12","1","1","full_date","1"
"2019","48860","경상남도","산청군","경상남도 산청군","0.1635195012","0.0894081652","0.1401394104","0.0581669554","9.64515719274604","8.42923062147242","1.2722397688379665","6.25512743438817","0.222843547","0.0252964163543545","1.0","1.5490600800553866","300638010.0","89106000.0","10115000.0","399859010.0","296825000.0","310753010.0","19464.061070453736","5.0","2.568836987256454","30151.0","1","observed","1","1","1","1","1","1","1","0","2022-05-12","1","1","full_date","1"
"2019","48870","경상남도","함양군","경상남도 함양군","0.2605814503","0.1956455828","0.407116974","0.330908666","9.261121300048172","9.923732957060684","2.044518000654666","6.523969928946138","0.6456556","0.0215221641789537","1.0","0.4785818824610139","156420000.0","303445617.0","10115000.0","469980617.0","57437000.0","166535000.0","14868.928935227048","10.0","6.725433986242466","7116.0","1","observed","1","1","1","1","1","1","1","0","2022-05-12","1","1","full_date","1"
"2019","48880","경상남도","거창군","경상남도 거창군","0.0335489634","-0.0418498677","0.1097180178","0.0262798624","8.734102780813311","8.377438738095638","1.4849649137177128","6.203426049305052","0.39336458","0.0446533648023231","1.0","0.435339557116299","127301683.0","89106000.0","10115000.0","226522683.0","125419810.0","137416683.0","20498.941238220614","7.0","3.4148105107733002","8924.0","1","observed","1","1","1","1","1","1","1","0","2022-05-12","1","1","full_date","1"
"2019","48890","경상남도","합천군","경상남도 합천군","0.027317178","-0.0482067079","-0.0396029123","-0.1223724945","8.698625504382184","8.36373232207477","0.932617780933752","5.745484667158158","0.404760276","0.0294318734765222","1.0","0.8828955354112692","194454030.0","139106000.0","10115000.0","343675030.0","196309030.0","204569030.0","32443.24934394089","5.0","1.5411526592153142","28644.0","1","observed","1","1","1","1","1","1","1","0","2022-05-12","1","1","full_date","1"
"2019","50110","제주특별자치도","제주시","제주특별자치도 제주시","","","","","","","2.819892925211763","","","","0.0","0.0","","","","","","","9508.683538333917","15.0","15.775054390576821","0.0","0","metropolitan_headquarters","1","1","0","0","0","1","1","0","2022-05-12","1","1","no_designation","1"
"2019","50130","제주특별자치도","서귀포시","제주특별자치도 서귀포시","","","","","","","2.7253707678356043","","","","0.0","0.0","","","","","","","4908.12289714066","7.0","14.262071563199877","0.0","0","metropolitan_headquarters","1","1","0","0","0","1","1","0","2022-05-12","1","1","no_designation","1"
"2019","51110","강원특별자치도","춘천시","강원특별자치도 춘천시","0.4318355846","0.3589462257","0.5828009637","0.5007950959","11.71205399685788","8.281642694063002","2.277900819322591","0.0","0.031350997","0.0","1.0","3.2783133863830236","2090516000.0","67661000.0","0.0","2158177000.0","848745000.0","2090516000.0","17130.760052797013","15.0","8.756178916621323","56160.0","1","observed","1","1","1","1","1","1","1","0","2022-05-12","1","1","full_date","1"
"2019","51130","강원특별자치도","원주시","강원특별자치도 원주시","0.2313731511","0.159721908","0.1313496513","0.051571983","9.889100971468267","8.773158251845754","1.0677280951209054","8.259051453294965","0.215019798","0.1285758775637318","1.0","2.549440039982577","206556000.0","67662000.0","40460000.0","314678000.0","10000000.0","247016000.0","10477.987158381084","2.0","1.9087635533130516","26713.0","1","observed","1","1","1","1","1","1","1","0","2022-05-12","1","1","full_date","1"
"2019","51150","강원특별자치도","강릉시","강원특별자치도 강릉시","-0.2393982224","-0.3224271452","-0.00455283","-0.0943797295","7.4591971159677675","7.395553120891022","1.7388964753278449","7.286877868768976","0.337528621","0.302749135750737","0.0","0.0","48074000.0","45108000.0","40460000.0","133642000.0","40460000.0","88534000.0","27712.288362127525","13.0","4.6910597313811895","0.0","1","observed","1","1","1","1","1","1","1","0","2022-05-12","1","1","no_designation","1"
"2019","51170","강원특별자치도","동해시","강원특별자치도 동해시","-0.0798541603","-0.1532642536","-0.3561245371","-0.4362493585","7.535896004177265","8.883832720586827","0.0","0.0","0.793856767","0.0","0.0","0.0","8785000.0","33831000.0","0.0","42616000.0","0.0","8785000.0","4690.028793632587","0.0","0.0","0.0","1","observed","1","1","1","1","1","1","1","0","2022-05-12","1","1","no_designation","1"
"2019","51190","강원특별자치도","태백시","강원특별자치도 태백시","-0.0236449117","-0.0963581385","0.3382039485","0.255199119","7.911756887953185","8.931054475880284","2.4995070142148252","0.0","0.734881397","0.0","0.0","0.0","12205000.0","33831000.0","0.0","46036000.0","0.0","12205000.0","4473.676582756398","5.0","11.176489644495746","0.0","1","observed","1","1","1","1","1","1","1","0","2022-05-12","1","1","no_designation","1"
"2019","51210","강원특별자치도","속초시","강원특별자치도 속초시","0.3508617531","0.2871368852","0.5755698611","0.4998277003","9.852922226600022","10.015835952385006","2.457301945571374","0.0","0.540640553","0.0","0.0","0.0","35627000.0","41931000.0","0.0","77558000.0","0.0","35627000.0","1873.839293759796","2.0","10.673273885654659","0.0","1","observed","1","1","1","1","1","1","1","0","2022-05-12","1","1","no_designation","1"
"2019","51230","강원특별자치도","삼척시","강원특별자치도 삼척시","-0.416314617","-0.5045389742","-0.3174698977","-0.4103514553","6.66521508207151","6.714843929573951","0.9947412397140133","0.0","0.512420102","0.0","0.0","0.0","32191000.0","33831000.0","0.0","66022000.0","0.0","32191000.0","41079.22020830035","7.0","1.704024556577537","0.0","1","observed","1","1","1","1","1","1","1","0","2022-05-12","1","1","no_designation","1"
"2019","51720","강원특별자치도","홍천군","강원특별자치도 홍천군","-0.7046856357","-0.8330043648","-0.2832583896","-0.4069788144","9.469293183117657","0.0","1.8451695378072763","0.0","0.0","0.0","1.0","1.2179964523834887","461872450.0","0.0","0.0","461872450.0","0.0","461872450.0","35652.81320403021","19.0","5.329172733514402","43425.0","1","observed","1","1","1","1","1","1","1","0","2022-05-12","1","1","full_date","1"
"2019","51730","강원특별자치도","횡성군","강원특별자치도 횡성군","0.0013710877","-0.0755448317","0.0321646764","-0.0521350721","8.663832037422946","8.1522265848294","1.270964743833219","7.6382093656642365","0.306172594","0.1830827220771698","1.0","1.1486478523084793","112871000.0","67662000.0","40460000.0","220993000.0","0.0","153331000.0","19498.57822394212","5.0","2.5642895305364095","22397.0","1","observed","1","1","1","1","1","1","1","0","2022-05-12","1","1","full_date","1"
"2019","51750","강원특별자치도","영월군","강원특별자치도 영월군","0.0265018007","-0.0542822041","-0.0388356688","-0.1254342607","9.373498334349971","7.432547961011562","0.9363987794648835","0.0","0.125487847","0.0","0.0","0.0","303621000.0","43568000.0","0.0","347189000.0","237900000.0","303621000.0","25793.489291269954","4.0","1.5507789406971926","0.0","1","observed","1","1","1","1","1","1","1","0","2022-05-12","1","1","no_designation","1"
"2019","51760","강원특별자치도","평창군","강원특별자치도 평창군","-0.1676665881","-0.2491510434","-0.0487499286","-0.1368385021","7.853954270389477","7.571934114342558","1.3896617568825769","0.0","0.429927564","0.0","0.0","0.0","59812000.0","45108000.0","0.0","104920000.0","0.0","59812000.0","23228.863168648888","7.0","3.013492287236697","0.0","1","observed","1","1","1","1","1","1","1","0","2022-05-12","1","1","no_designation","1"
"2019","51770","강원특별자치도","정선군","강원특별자치도 정선군","0.1804888331","0.1033921981","0.2547606522","0.1701018282","10.172741730362981","7.877091913349571","1.6647042380012176","8.055966050744885","0.08243873","0.0985921499107529","1.0","1.5217548822626261","672173000.0","67662000.0","80920000.0","820755000.0","500083000.0","753093000.0","25676.27707683394","11.0","4.284110179635269","39073.0","1","observed","1","1","1","1","1","1","1","0","2022-05-12","1","1","full_date","1"
"2019","51780","강원특별자치도","철원군","강원특별자치도 철원군","0.8711694544","0.8236250958","1.5238878502","1.4576348795","12.071272676448963","12.177450740704037","4.752710761516938","0.0","0.52651975","0.0","0.0","0.0","30423000.0","33831000.0","0.0","64254000.0","0.0","30423000.0","174.06738674227793","2.0","114.8980310114712","0.0","1","observed","1","1","1","1","1","1","1","0","2022-05-12","1","1","no_designation","1"
"2019","51790","강원특별자치도","화천군","강원특별자치도 화천군","0.065807776","-0.0061403004","0.3476821178","0.2656590215","8.554469663049272","8.945259496694158","2.309473793348911","0.0","0.596487826","0.0","0.0","0.0","22886000.0","33831000.0","0.0","56717000.0","0.0","22886000.0","4410.568912950758","4.0","9.069124820280658","0.0","1","observed","1","1","1","1","1","1","1","0","2022-05-12","1","1","no_designation","1"
"2019","51800","강원특별자치도","양구군","강원특별자치도 양구군","-0.9896010932","-1.0630804937","-0.1400159845","-0.2261821661","0.0","10.1062901758303","3.123322473156971","0.0","1.0","0.0","1.0","1.7420116847249578","0.0","33831000.0","0.0","33831000.0","0.0","0.0","1381.1043984930916","3.0","21.721746764931517","2405.9","1","observed","1","1","1","1","1","1","1","0","2022-05-12","1","1","no_designation","1"
"2019","51810","강원특별자치도","인제군","강원특별자치도 인제군","-0.0893088041","-0.1728220239","-0.0593226375","-0.148411435","8.766703596480387","7.106010694865283","1.150772805942683","0.0","0.159579846","0.0","1.0","0.2283430585335894","178169455.0","33831000.0","0.0","212000455.0","150564455.0","178169455.0","27769.62015277217","6.0","2.160634523263738","6341.0","1","observed","1","1","1","1","1","1","1","0","2022-05-12","1","1","no_designation","1"
"2019","51820","강원특별자치도","고성군","강원특별자치도 고성군","-0.7073479297","-0.835687046","0.018079487","-0.1072694026","9.449855638563122","0.0","2.998319144924825","0.0","0.0","0.0","0.0","0.0","40013000.0","0.0","0.0","40013000.0","0.0","40013000.0","3149.3079987109445","6.0","19.051804404192552","0.0","1","observed","1","1","1","1","1","1","1","0","2022-05-12","1","1","no_designation","1"
"2019","51830","강원특별자치도","양양군","강원특별자치도 양양군","-0.183856239","-0.264596718","0.0320281067","-0.0560350585","7.623278811870784","7.725767886555782","1.738097307680652","0.0","0.525611746","0.0","0.0","0.0","30534000.0","33831000.0","0.0","64365000.0","0.0","30534000.0","14936.47696406484","7.0","4.686513437433112","0.0","1","observed","1","1","1","1","1","1","1","0","2022-05-12","1","1","no_designation","1"
"2020","11110","서울특별시","종로구","서울특별시 종로구","-0.2005534554","-0.3059905561","-0.4333119446","-0.5464468553","13.1499879196461","0.0","0.0","0.0","0.0","0.0","0.0","0.0","118125000.0","0.0","0.0","118125000.0","0.0","95378000.0","229.8134676458469","0.0","0.0","0.0","1","observed","1","1","1","1","1","1","1","0","2022-05-12","1","1","no_designation","1"
"2020","11140","서울특별시","중구","서울특별시 중구","0.1558527545","0.0528799559","-0.1965114048","-0.3071998473","15.752127818577721","0.0","0.0","0.0","0.0","0.0","0.0","0.0","40750000.0","0.0","0.0","40750000.0","0.0","40750000.0","5.8757794482012455","0.0","0.0","0.0","1","observed","1","1","1","1","1","1","1","0","2022-05-12","1","1","no_designation","1"
"2020","11170","서울특별시","용산구","서울특별시 용산구","-2.0016623643","-2.1195528859","-1.6299902017","-1.7554884085","0.0","0.0","0.0","0.0","","","0.0","0.0","0.0","0.0","0.0","0.0","0.0","0.0","97.8213309668874","0.0","0.0","0.0","1","observed","1","1","1","1","1","1","1","0","2022-05-12","1","1","no_designation","1"
"2020","11200","서울특별시","성동구","서울특별시 성동구","1.8532454651","1.8304475756","0.9258526183","0.8778452324","16.470592655681262","15.967241752321591","0.0","0.0","0.376753507","0.0","0.0","0.0","37631000.0","22748000.0","0.0","60379000.0","0.0","37631000.0","2.645198610084122","0.0","0.0","0.0","1","observed","1","1","1","1","1","1","1","0","2022-05-12","1","1","no_designation","1"
"2020","11215","서울특별시","광진구","서울특별시 광진구","-2.0016623643","-2.1195528859","-1.6299902017","-1.7554884085","0.0","0.0","0.0","0.0","","","0.0","0.0","0.0","0.0","0.0","0.0","0.0","0.0","118.83692312121298","0.0","0.0","0.0","1","observed","1","1","1","1","1","1","1","0","2022-05-12","1","1","no_designation","1"
"2020","11230","서울특별시","동대문구","서울특별시 동대문구","-2.0016623643","-2.1195528859","-1.6299902017","-1.7554884085","0.0","0.0","0.0","0.0","","","0.0","0.0","0.0","0.0","0.0","0.0","0.0","0.0","10.298102799391469","0.0","0.0","0.0","1","observed","1","1","1","1","1","1","1","0","2022-05-12","1","1","no_designation","1"
"2020","11260","서울특별시","중랑구","서울특별시 중랑구","-2.0016623643","-2.1195528859","-0.3421966637","-0.4847119465","0.0","0.0","4.899325660960531","0.0","","","0.0","0.0","0.0","0.0","0.0","0.0","0.0","0.0","75.07549589800855","1.0","133.19925337003679","0.0","1","observed","1","1","1","1","1","1","1","0","2022-05-12","1","1","no_designation","1"
"2020","11290","서울특별시","성북구","서울특별시 성북구","-2.0016623643","-2.1195528859","-1.6299902017","-1.7554884085","0.0","0.0","0.0","0.0","","","0.0","0.0","0.0","0.0","0.0","0.0","0.0","0.0","145.335774548254","0.0","0.0","0.0","1","observed","1","1","1","1","1","1","1","0","2022-05-12","1","1","no_designation","1"
"2020","11305","서울특별시","강북구","서울특별시 강북구","-2.0016623643","-2.1195528859","-1.6299902017","-1.7554884085","0.0","0.0","0.0","0.0","","","0.0","0.0","0.0","0.0","0.0","0.0","0.0","0.0","116.54644819477348","0.0","0.0","0.0","1","observed","1","1","1","1","1","1","1","0","2022-05-12","1","1","no_designation","1"
"2020","11320","서울특별시","도봉구","서울특별시 도봉구","-0.53634838","-0.6441072701","-0.6564181006","-0.771857998","10.69833206435187","0.0","0.0","0.0","0.0","0.0","0.0","0.0","3254000.0","0.0","0.0","3254000.0","3254000.0","3254000.0","73.48535136777946","0.0","0.0","0.0","1","observed","1","1","1","1","1","1","1","0","2022-05-12","1","1","no_designation","1"
"2020","11350","서울특별시","노원구","서울특별시 노원구","-2.0016623643","-2.1195528859","-1.6299902017","-1.7554884085","0.0","0.0","0.0","0.0","","","0.0","0.0","0.0","0.0","0.0","0.0","0.0","0.0","333.7072077334258","0.0","0.0","0.0","1","observed","1","1","1","1","1","1","1","0","2022-05-12","1","1","no_designation","1"
"2020","11380","서울특별시","은평구","서울특별시 은평구","0.7395675235","0.6897675257","1.1752142997","1.0921177457","11.632081339508531","11.463987910031758","3.7579382829165486","10.642209153476383","0.381287608","0.1676304453495583","0.0","0.0","26912000.0","22748000.0","10001000.0","59661000.0","0.0","36913000.0","238.89171620206912","1.0","41.85996969246683","0.0","1","observed","1","1","1","1","1","1","1","0","2022-05-12","1","1","no_designation","1"
"2020","11410","서울특별시","서대문구","서울특별시 서대문구","1.1341304684","1.0886486486","0.4494625613","0.3833126145","14.241574406226597","11.834958142786835","0.0","0.0","0.082669063","0.0","0.0","0.0","151100000.0","13617000.0","0.0","164717000.0","0.0","151100000.0","98.67964301884513","0.0","0.0","0.0","1","observed","1","1","1","1","1","1","1","0","2022-05-12","1","1","no_designation","1"
"2020","11440","서울특별시","마포구","서울특별시 마포구","1.7247922907","1.6934773369","0.8411091784","0.78653174","16.834090176098243","14.187362303378762","0.0","0.0","0.066190932","0.0","0.0","0.0","164751000.0","11678000.0","0.0","176429000.0","0.0","164751000.0","8.051477974569195","0.0","0.0","0.0","1","observed","1","1","1","1","1","1","1","0","2022-05-12","1","1","no_designation","1"
"2020","11470","서울특별시","양천구","서울특별시 양천구","-2.0016623643","-2.1195528859","-1.6299902017","-1.7554884085","0.0","0.0","0.0","0.0","","","0.0","0.0","0.0","0.0","0.0","0.0","0.0","0.0","8.976266248884023","0.0","0.0","0.0","1","observed","1","1","1","1","1","1","1","0","2022-05-12","1","1","no_designation","1"
"2020","11500","서울특별시","강서구","서울특별시 강서구","1.4508275143","1.4121167845","0.6595181127","0.5989580384","15.772307321745405","12.90382125381234","0.0","12.74880002922884","0.051369577","0.0439927331271746","0.0","0.0","205654000.0","11678000.0","10001000.0","227333000.0","0.0","215655000.0","29.06104223806912","0.0","0.0","0.0","1","observed","1","1","1","1","1","1","1","0","2022-05-12","1","1","no_designation","1"
"2020","11530","서울특별시","구로구","서울특별시 구로구","1.7621511022","1.7315121407","0.8658978383","0.8118882759","17.035600399994273","14.284810648089874","0.0","13.67672292519814","0.058141596","0.031651739089154","0.0","0.0","287598000.0","18371000.0","10001000.0","315970000.0","0.0","297599000.0","11.48996297675872","0.0","0.0","0.0","1","observed","1","1","1","1","1","1","1","0","2022-05-12","1","1","no_designation","1"
"2020","11545","서울특별시","금천구","서울특별시 금천구","1.3583235466","1.3207323979","2.1875990422","2.1067094383","14.796849156984264","13.314251632707567","6.047835004771088","0.0","0.185035207","0.0","0.0","0.0","63194000.0","14348000.0","0.0","77542000.0","0.0","63194000.0","23.685691596715643","1.0","422.195820593503","0.0","1","observed","1","1","1","1","1","1","1","0","2022-05-12","1","1","no_designation","1"
"2020","11560","서울특별시","영등포구","서울특별시 영등포구","","","","","","","","","","","0.0","","0.0","0.0","0.0","0.0","0.0","0.0","0.0","0.0","","0.0","1","observed","1","0","0","0","1","1","1","0","2022-05-12","1","1","no_designation","1"
"2020","11590","서울특별시","동작구","서울특별시 동작구","1.3405009972","1.3034521191","0.5860244034","0.5265149281","14.553204375559165","13.469518028442517","0.0","0.0","0.252808867","0.0","0.0","0.0","34515000.0","11678000.0","0.0","46193000.0","0.0","34515000.0","16.505615771295272","0.0","0.0","0.0","1","observed","1","1","1","1","1","1","1","0","2022-05-12","1","1","no_designation","1"
"2020","11620","서울특별시","관악구","서울특별시 관악구","-2.0016623643","-2.1195528859","-0.7067886356","-0.8444861514","0.0","0.0","3.5122595271482275","0.0","","","0.0","0.0","0.0","0.0","0.0","0.0","0.0","0.0","307.4659134273305","1.0","32.52393050185544","0.0","1","observed","1","1","1","1","1","1","1","0","2022-05-12","1","1","no_designation","1"
"2020","11650","서울특별시","서초구","서울특별시 서초구","1.4037065439","1.363678531","0.6282886649","0.5666658694","15.597400772218489","12.672502895678623","0.0","0.0","0.050936263","0.0","0.0","0.0","440339000.0","23633000.0","0.0","463972000.0","0.0","440339000.0","74.11773473902872","0.0","0.0","0.0","1","observed","1","1","1","1","1","1","1","0","2022-05-12","1","1","no_designation","1"
"2020","11680","서울특별시","강남구","서울특별시 강남구","-2.0016623643","-2.1195528859","-1.6299902017","-1.7554884085","0.0","0.0","0.0","0.0","","","0.0","0.0","0.0","0.0","0.0","0.0","0.0","0.0","14.617439325667457","0.0","0.0","0.0","1","observed","1","1","1","1","1","1","1","0","2022-05-12","1","1","no_designation","1"
"2020","11710","서울특별시","송파구","서울특별시 송파구","1.5338233594","1.5032624741","0.7140633384","0.6597218314","15.08594957221511","14.671355527688258","0.0","13.513422664325097","0.353620432","0.1110844053379035","1.0","78.23904940838767","51224000.0","33839000.0","10630000.0","95693000.0","10630000.0","61854000.0","14.37900905630627","0.0","0.0","1125.0","1","observed","1","1","1","1","1","1","1","0","2022-05-12","1","1","full_date","1"
"2020","11740","서울특별시","강동구","서울특별시 강동구","0.0741020776","-0.0294359703","-0.2508275303","-0.3620771315","15.155261960808279","0.0","0.0","12.981333544271031","0.0","0.1021160920975534","0.0","0.0","93476000.0","0.0","10631000.0","104107000.0","0.0","104107000.0","24.482377619817925","0.0","0.0","0.0","1","observed","1","1","1","1","1","1","1","0","2022-05-12","1","1","no_designation","1"
"2020","26110","부산광역시","중구","부산광역시 중구","-2.0016623643","-2.1195528859","-1.6299902017","-1.7554884085","0.0","0.0","0.0","0.0","","","0.0","0.0","0.0","0.0","0.0","0.0","0.0","0.0","1.906190096631038","0.0","0.0","0.0","1","observed","1","1","1","1","1","1","1","0","2022-05-12","1","1","no_designation","1"
"2020","26140","부산광역시","서구","부산광역시 서구","0.8501206173","0.8064380912","0.2604658956","0.1951722428","11.526105692667542","12.712900124003816","0.0","0.0","0.766168489","0.0","0.0","0.0","17492000.0","57314000.0","0.0","74806000.0","8194000.0","17492000.0","172.63134516067018","0.0","0.0","0.0","1","observed","1","1","1","1","1","1","1","0","2022-05-12","1","1","no_designation","1"
"2020","26170","부산광역시","동구","부산광역시 동구","0.7733552877","0.729564203","0.2094287556","0.143922984","10.893615573927077","12.811407326718884","0.0","0.0","0.871893753","0.0","0.0","0.0","6511000.0","44314000.0","0.0","50825000.0","840000.0","6511000.0","120.95355330492292","0.0","0.0","0.0","1","observed","1","1","1","1","1","1","1","0","2022-05-12","1","1","no_designation","1"
"2020","26200","부산광역시","영도구","부산광역시 영도구","0.8548848643","0.8103970373","0.2636975063","0.1978115402","11.703877433628115","12.517331873184867","0.0","0.0","0.692846114","0.0","0.0","0.0","35808000.0","80772000.0","0.0","116580000.0","27937000.0","35808000.0","295.8382103460892","0.0","0.0","0.0","1","observed","1","1","1","1","1","1","1","0","2022-05-12","1","1","no_designation","1"
"2020","26230","부산광역시","부산진구","부산광역시 부산진구","0.6244878632","0.57501062","0.110887169","0.040887262","10.601093110570055","11.72493084767102","0.0","0.0","0.754702993","0.0","1.0","7.24271818701105","15882000.0","48864000.0","0.0","64746000.0","15882000.0","15882000.0","395.29357985161545","0.0","0.0","2863.0","1","observed","1","1","1","1","1","1","1","0","2022-05-12","1","1","full_date","1"
"2020","26260","부산광역시","동래구","부산광역시 동래구","0.6410530754","0.59290783","1.0783450465","0.996726668","10.514361613882896","12.008973594031714","3.6391233973861983","0.0","0.816772648","0.0","1.0","1.1599297965283146","9941000.0","44314000.0","0.0","54255000.0","1680000.0","9941000.0","269.8439172239675","1.0","37.0584599529813","313.0","1","observed","1","1","1","1","1","1","1","0","2022-05-12","1","1","full_date","1"
"2020","26290","부산광역시","남구","부산광역시 남구","0.6573816009","0.6095189367","0.1326326314","0.0638928065","10.604632790723281","12.048561399284958","0.0","0.0","0.809065209","0.0","0.0","0.0","16277000.0","68972000.0","0.0","85249000.0","10803000.0","16277000.0","403.6933829853463","0.0","0.0","0.0","1","observed","1","1","1","1","1","1","1","0","2022-05-12","1","1","no_designation","1"
"2020","26320","부산광역시","북구","부산광역시 북구","0.4891690266","0.4381413342","0.0210282649","-0.0503589285","9.71799846521428","11.581490322838397","0.0","0.0","0.865709346","0.0","0.0","0.0","13981000.0","90129000.0","0.0","104110000.0","10089000.0","13981000.0","841.5719818660857","0.0","0.0","0.0","1","observed","1","1","1","1","1","1","1","0","2022-05-12","1","1","no_designation","1"
"2020","26350","부산광역시","해운대구","부산광역시 해운대구","0.4961568006","0.4423441738","0.0258947404","-0.0475570354","10.252313456103982","10.920471867044506","0.0","0.0","0.661094526","0.0","0.0","0.0","46204000.0","90129000.0","0.0","136333000.0","19968000.0","46204000.0","1629.9404391041692","0.0","0.0","0.0","1","observed","1","1","1","1","1","1","1","0","2022-05-12","1","1","no_designation","1"
"2020","26380","부산광역시","사하구","부산광역시 사하구","-0.3226698507","-0.4289513017","-0.5144475353","-0.6284206858","12.258409894696483","0.0","0.0","0.0","0.0","0.0","0.0","0.0","105333000.0","0.0","0.0","105333000.0","16652000.0","38861000.0","499.8120704551127","0.0","0.0","0.0","1","observed","1","1","1","1","1","1","1","0","2022-05-12","1","1","no_designation","1"
"2020","26410","부산광역시","금정구","부산광역시 금정구","0.6317922877","0.5801828414","0.6084492226","0.5303635245","11.02675030647269","11.215688670386536","1.8738228842089364","10.037392296286637","0.468246218","0.1441230743568447","1.0","3.0989404216782757","111545000.0","134743000.0","41473000.0","287761000.0","113239000.0","153018000.0","1813.84577795654","1.0","5.513147877029489","5621.0","1","observed","1","1","1","1","1","1","1","0","2022-05-12","1","1","full_date","1"
"2020","26440","부산광역시","강서구","부산광역시 강서구","0.3432106799","0.2874790883","-0.0756564673","-0.1508004258","9.282592227620341","10.71948951973977","0.0","10.916351034708327","0.407294251","0.4959134256076051","0.0","0.0","16189000.0","68122000.0","82944000.0","167255000.0","95417000.0","99133000.0","1506.1972314866955","0.0","0.0","0.0","1","observed","1","1","1","1","1","1","1","0","2022-05-12","1","1","no_designation","1"
"2020","26470","부산광역시","연제구","부산광역시 연제구","-0.6834817306","-0.7358381919","0.4878490005","0.3969961044","0.0","13.163151648009153","4.742147957536866","0.0","1.0","0.0","0.0","0.0","0.0","45814000.0","0.0","45814000.0","0.0","0.0","87.96601540319242","1.0","113.68026565901592","0.0","1","observed","1","1","1","1","1","1","1","0","2022-05-12","1","1","no_designation","1"
"2020","26500","부산광역시","수영구","부산광역시 수영구","-0.1980790397","-0.3034990315","-0.4316679134","-0.544785839","13.168053754328955","0.0","0.0","0.0","0.0","0.0","0.0","0.0","46605000.0","0.0","0.0","46605000.0","0.0","791000.0","89.04719818289425","0.0","0.0","0.0","1","observed","1","1","1","1","1","1","1","0","2022-05-12","1","1","no_designation","1"
"2020","26530","부산광역시","사상구","부산광역시 사상구","0.4971495293","0.4460112466","0.0263436953","-0.0451123203","9.804541613262774","11.5428149670143","0.0","0.0","0.850473402","0.0","1.0","2.328025882688581","9602000.0","54614000.0","0.0","64216000.0","2170000.0","9602000.0","530.0628352872448","0.0","0.0","1234.0","1","observed","1","1","1","1","1","1","1","0","2022-05-12","1","1","full_date","1"
"2020","26710","부산광역시","기장군","부산광역시 기장군","-0.4402068103","-0.547300948","0.0363870308","-0.0867036574","11.400266563773231","0.0","2.392713327883951","10.212312169695688","0.0","0.2336204205495084","0.0","0.0","449277000.0","0.0","136956000.0","586233000.0","268057000.0","586233000.0","5028.5895226531065","5.0","9.943146040208065","0.0","1","observed","1","1","1","1","1","1","1","0","2022-05-12","1","1","no_designation","1"
"2020","27110","대구광역시","중구","대구광역시 중구","","","","","","","","","","","0.0","","0.0","0.0","0.0","0.0","0.0","0.0","0.0","0.0","","0.0","1","observed","1","0","0","0","1","1","1","0","2022-05-12","1","1","no_designation","1"
"2020","27140","대구광역시","동구","대구광역시 동구","-2.0016623643","-2.1195528859","-1.6299902017","-1.7554884085","0.0","0.0","0.0","0.0","","","1.0","0.32977705276000957","0.0","0.0","0.0","0.0","0.0","0.0","4979.1214587478935","0.0","0.0","1642.0","1","observed","1","1","1","1","1","1","1","0","2022-05-12","1","1","full_date","1"
"2020","27170","대구광역시","서구","대구광역시 서구","1.0634831792","1.0248739961","0.4019424212","0.3407961794","12.470113245742017","13.552361180647381","0.0","0.0","0.746919628","0.0","0.0","0.0","8524000.0","25157000.0","0.0","33681000.0","8271000.0","8524000.0","32.729829073412375","0.0","0.0","0.0","1","observed","1","1","1","1","1","1","1","0","2022-05-12","1","1","no_designation","1"
"2020","27200","대구광역시","남구","대구광역시 남구","-2.0016623643","-2.1195528859","-1.6299902017","-1.7554884085","0.0","0.0","0.0","0.0","","","1.0","3.2251318161485516","0.0","0.0","0.0","0.0","0.0","0.0","291.15089042200844","0.0","0.0","939.0","1","observed","1","1","1","1","1","1","1","0","2022-05-12","1","1","no_designation","1"
"2020","27230","대구광역시","북구","대구광역시 북구","0.6122967296","0.5548744014","0.1034079272","0.0274631163","11.852981990030498","9.890949194098942","0.0","0.0","0.123242519","0.0","1.0","0.8026163765178406","320525000.0","45055000.0","0.0","365580000.0","319475000.0","320525000.0","2281.289110924714","0.0","0.0","1831.0","1","observed","1","1","1","1","1","1","1","0","2022-05-12","1","1","full_date","1"
"2020","27260","대구광역시","수성구","대구광역시 수성구","0.3808566917","0.3220635532","-0.050381713","-0.1277441158","10.124088973391684","9.944478638471248","0.0","0.0","0.455215784","0.0","1.0","0.5766024603150499","27115000.0","22657000.0","0.0","49772000.0","23567000.0","27115000.0","1087.4043091273204","0.0","0.0","627.0","1","observed","1","1","1","1","1","1","1","0","2022-05-12","1","1","full_date","1"
"2020","27290","대구광역시","달서구","대구광역시 달서구","0.4922462172","0.4372816421","0.0233853256","-0.0509320566","10.415649572132056","10.658022077800895","0.0","0.0","0.560299822","0.0","0.0","0.0","26867000.0","34236000.0","0.0","61103000.0","26867000.0","26867000.0","804.9576875048305","0.0","0.0","0.0","1","observed","1","1","1","1","1","1","1","0","2022-05-12","1","1","no_designation","1"
"2020","27710","대구광역시","달성군","대구광역시 달성군","0.5060862463","0.442774005","0.2221498307","0.1391356698","11.95696807711515","8.68812280408813","0.7186664741830996","0.0","0.036649856","0.0","1.0","1.1681180772222493","1482355938.0","56395000.0","0.0","1538750938.0","1482355938.0","1482355938.0","9508.456564949429","1.0","1.0516953967968392","11107.0","1","observed","1","1","1","1","1","1","1","0","2022-05-12","1","1","full_date","1"
"2020","27720","대구광역시","군위군","대구광역시 군위군","","","","","","","0.9805876663896468","","","","1.0","1.4769844922899935","","","","","","","18006.959544148078","3.0","1.666022513486983","26596.0","0","administrative_history","1","1","0","0","0","1","1","0","2022-05-12","1","1","full_date","1"
"2020","28110","인천광역시","중구","인천광역시 중구","-0.488748551","-0.5961783212","-0.624792206","-0.7399053654","11.045860841702186","0.0","0.0","0.0","0.0","0.0","0.0","0.0","57290000.0","0.0","0.0","57290000.0","2464000.0","57290000.0","913.9645250586208","0.0","0.0","0.0","1","observed","1","1","1","1","1","1","1","0","2022-05-12","1","1","no_designation","1"
"2020","28140","인천광역시","동구","인천광역시 동구","","","","","","","","","","","0.0","","0.0","0.0","0.0","0.0","0.0","0.0","0.0","0.0","","0.0","1","observed","1","0","0","0","1","1","1","0","2022-05-12","1","1","no_designation","1"
"2020","28177","인천광역시","미추홀구","인천광역시 미추홀구","0.1351047216","0.0319884647","-0.2102966455","-0.3211275082","15.600645372740788","0.0","0.0","0.0","0.0","0.0","0.0","0.0","105567000.0","0.0","0.0","105567000.0","0.0","105567000.0","17.711447384754308","0.0","0.0","0.0","1","observed","1","1","1","1","1","1","1","0","2022-05-12","1","1","no_designation","1"
"2020","28185","인천광역시","연수구","인천광역시 연수구","-0.0586369542","-0.1630928006","-0.3390209274","-0.451181685","14.186127525718215","0.0","0.0","0.0","0.0","0.0","0.0","0.0","55782000.0","0.0","0.0","55782000.0","4929000.0","55782000.0","38.50680424275977","0.0","0.0","0.0","1","observed","1","1","1","1","1","1","1","0","2022-05-12","1","1","no_designation","1"
"2020","28200","인천광역시","남동구","인천광역시 남동구","1.1413370765","1.1002926928","0.4539042696","0.3910753106","13.545750399192565","12.8586198643441","0.0","12.758176204272862","0.256908182","0.2323569619685798","0.0","0.0","45579000.0","22927000.0","20736000.0","89242000.0","22215000.0","66315000.0","59.69262942462092","0.0","0.0","0.0","1","observed","1","1","1","1","1","1","1","0","2022-05-12","1","1","no_designation","1"
"2020","28237","인천광역시","부평구","인천광역시 부평구","-0.1072107234","-0.2120024237","-0.3712939194","-0.4837881004","13.831487962256437","0.0","0.0","0.0","0.0","0.0","0.0","0.0","35352000.0","0.0","0.0","35352000.0","1479000.0","35352000.0","34.791689392013495","0.0","0.0","0.0","1","observed","1","1","1","1","1","1","1","0","2022-05-12","1","1","no_designation","1"
"2020","28245","인천광역시","계양구","인천광역시 계양구","-0.057747873","-0.162197572","-0.3384302112","-0.450584866","14.19261875276293","0.0","0.0","0.0","0.0","0.0","0.0","0.0","49741000.0","0.0","0.0","49741000.0","2464000.0","49741000.0","34.114483621966656","0.0","0.0","0.0","1","observed","1","1","1","1","1","1","1","0","2022-05-12","1","1","no_designation","1"
"2020","28260","인천광역시","서구","인천광역시 서구","1.2259647393","1.1857770953","1.8743304092","1.7942578832","14.117291990470425","12.921985704247763","5.190084931668839","12.821542027285433","0.191975014","0.173629078851516","0.0","0.0","75764000.0","22927000.0","20736000.0","119427000.0","23200000.0","96500000.0","56.02749502255566","1.0","178.48379614284343","0.0","1","observed","1","1","1","1","1","1","1","0","2022-05-12","1","1","no_designation","1"
"2020","28710","인천광역시","강화군","인천광역시 강화군","1.0949600592","1.0478358324","0.423545574","0.3561040703","14.189552349080223","11.514960382640526","0.0","11.41451750193788","0.060934738","0.0551115599792693","0.0","0.0","332592000.0","22927000.0","20736000.0","376255000.0","30595000.0","353328000.0","228.8062122056636","0.0","0.0","0.0","1","observed","1","1","1","1","1","1","1","0","2022-05-12","1","1","no_designation","1"
"2020","28720","인천광역시","옹진군","인천광역시 옹진군","0.2336914812","0.1670718666","-0.1476223981","-0.2310719069","10.211098345085851","8.35590408277163","0.0","0.0","0.135240994","0.0","0.0","0.0","146600000.0","22927000.0","0.0","169527000.0","0.0","146600000.0","5389.2244303518055","0.0","0.0","0.0","1","observed","1","1","1","1","1","1","1","0","2022-05-12","1","1","no_designation","1"
"2020","29110","광주광역시","동구","광주광역시 동구","-0.7425356389","-0.8517201711","-0.7934113765","-0.9102665987","9.192948380910769","0.0","0.0","0.0","0.0","0.0","0.0","0.0","7698000.0","0.0","0.0","7698000.0","0.0","7698000.0","783.3851705913617","0.0","0.0","0.0","1","observed","1","1","1","1","1","1","1","0","2022-05-12","1","1","no_designation","1"
"2020","29140","광주광역시","서구","광주광역시 서구","-0.2449224856","-0.3506663674","0.6960363935","0.5672840184","12.826047369358662","0.0","4.408683443061346","0.0","0.0","0.0","1.0","24.957075869441983","45807000.0","0.0","0.0","45807000.0","5669000.0","45807000.0","123.21154994624592","1.0","81.16122233964873","3075.0","1","observed","1","1","1","1","1","1","1","0","2022-05-12","1","1","full_date","1"
"2020","29155","광주광역시","남구","광주광역시 남구","-0.5319092164","-0.6396374128","-0.6534686673","-0.7688780931","10.730742623873065","0.0","0.0","11.482569701152778","0.0","0.67957919575263","1.0","9.894584687655971","19554000.0","0.0","41472000.0","61026000.0","0.0","61026000.0","427.50657390169727","0.0","0.0","4230.0","1","observed","1","1","1","1","1","1","1","0","2022-05-12","1","1","full_date","1"
"2020","29170","광주광역시","북구","광주광역시 북구","-0.5203611552","-0.6280095047","-0.6457959976","-0.7611261544","10.815055607288532","0.0","0.0","0.0","0.0","0.0","0.0","0.0","63377000.0","0.0","0.0","63377000.0","0.0","63377000.0","1273.56593173623","0.0","0.0","0.0","1","observed","1","1","1","1","1","1","1","0","2022-05-12","1","1","no_designation","1"
"2020","29200","광주광역시","광산구","광주광역시 광산구","0.2966459819","0.2367109033","-0.106288121","-0.1846458825","9.604732953520816","9.813900786621618","0.0","0.0","0.552105282","0.0","1.0","5.080323975574896","37199000.0","45854000.0","0.0","83053000.0","23646000.0","37199000.0","2507.7140869856285","0.0","0.0","12740.0","1","observed","1","1","1","1","1","1","1","0","2022-05-12","1","1","full_date","1"
"2020","30110","대전광역시","동구","대전광역시 동구","0.2501208332","0.1909177247","-0.1372831827","-0.2151746682","9.085316841274018","10.059727415557857","0.0","10.141657346688726","0.406046598","0.4407162402699184","0.0","0.0","5768000.0","15284000.0","16589000.0","37641000.0","18068000.0","22357000.0","653.689482043021","0.0","0.0","0.0","1","observed","1","1","1","1","1","1","1","0","2022-05-12","1","1","no_designation","1"
"2020","30140","대전광역시","중구","대전광역시 중구","-0.4480479082","-0.5551962617","-0.5977502132","-0.7125839924","11.343018308443385","0.0","0.0","0.0","0.0","0.0","0.0","0.0","30945000.0","0.0","0.0","30945000.0","0.0","30945000.0","366.7628803788808","0.0","0.0","0.0","1","observed","1","1","1","1","1","1","1","0","2022-05-12","1","1","no_designation","1"
"2020","30170","대전광역시","서구","대전광역시 서구","0.4319793577","0.3751378496","-0.0165413946","-0.0923612516","10.224724656878974","10.317339626222074","0.0","10.399270321425131","0.333675363","0.3621657024342321","0.0","0.0","13932000.0","15284000.0","16589000.0","45805000.0","18068000.0","30521000.0","505.2283558195524","0.0","0.0","0.0","1","observed","1","1","1","1","1","1","1","0","2022-05-12","1","1","no_designation","1"
"2020","30200","대전광역시","유성구","대전광역시 유성구","0.4643932492","0.4048564504","0.0052253002","-0.072548851","10.959374304246822","9.636219301652497","0.0","0.0","0.210285903","0.0","1.0","6.951058470741854","57398000.0","15284000.0","0.0","72682000.0","20000000.0","57398000.0","998.4090954221718","0.0","0.0","6940.0","1","observed","1","1","1","1","1","1","1","0","2022-05-12","1","1","full_date","1"
"2020","30230","대전광역시","대덕구","대전광역시 대덕구","0.8037090821","0.7553166039","0.2299760795","0.1610912513","11.935938326482656","11.688902217957768","0.0","11.770774571495354","0.297128638","0.3224790528587258","0.0","0.0","19567000.0","15284000.0","16588000.0","51439000.0","19053000.0","36155000.0","128.17842723143983","0.0","0.0","0.0","1","observed","1","1","1","1","1","1","1","0","2022-05-12","1","1","no_designation","1"
"2020","31110","울산광역시","중구","울산광역시 중구","0.9024375597","0.8517566734","0.9935254671","0.9138832996","13.16356237347968","10.99573463779641","2.654423728532664","10.911670882207497","0.093819363","0.0862548288904154","1.0","4.892856016082218","394217270.0","45108000.0","41471000.0","480796270.0","224687270.0","435688270.0","756.6133129264339","1.0","13.216790967266931","3702.0","1","observed","1","1","1","1","1","1","1","0","2022-05-12","1","1","full_date","1"
"2020","31140","울산광역시","남구","울산광역시 남구","0.8542127583","0.8056504575","0.263572307","0.1946471537","12.393202985278975","11.56781081233078","0.0","0.0","0.304619125","0.0","1.0","17.100962290619904","102972000.0","45108000.0","0.0","148080000.0","74975000.0","102972000.0","426.9935150962376","0.0","0.0","7302.0","1","observed","1","1","1","1","1","1","1","0","2022-05-12","1","1","full_date","1"
"2020","31170","울산광역시","동구","울산광역시 동구","-0.2406930351","-0.3464076732","-0.4599811606","-0.5733916001","12.85692680232927","0.0","0.0","10.758964949301935","0.0","0.1092932609824297","1.0","3.8550387218694464","337976000.0","0.0","41471000.0","379447000.0","243473000.0","334339000.0","881.4438051486518","0.0","0.0","3398.0","1","observed","1","1","1","1","1","1","1","0","2022-05-12","1","1","full_date","1"
"2020","31200","울산광역시","북구","울산광역시 북구","-0.1973654593","-0.3027805172","-0.431193802","-0.5443068294","13.173263641530085","0.0","0.0","10.170109434861093","0.0","0.0472819402699143","1.0","3.2222671864433656","1671258431.0","0.0","82942000.0","1754200431.0","1613978431.0","1663984431.0","3176.645326950111","0.0","0.0","10236.0","1","observed","1","1","1","1","1","1","1","0","2022-05-12","1","1","full_date","1"
"2020","31710","울산광역시","울주군","울산광역시 울주군","-0.3285767761","-0.4348990695","0.1657945526","0.0427401849","12.21528313111233","0.0","2.602867204245338","9.29809823063825","0.0","0.0513063430907661","1.0","4.793682109472483","3067525860.0","0.0","165895000.0","3233420860.0","2761962860.0","2857162860.0","15197.086151383684","19.0","12.502396716537707","72850.0","1","observed","1","1","1","1","1","1","1","0","2022-05-12","1","1","full_date","1"
"2020","36110","세종특별자치시","세종시","세종특별자치시","","","","","","","0.0","","","","1.0","11.707628664411677","","","","","","","1192.393472679509","0.0","0.0","13960.1","0","metropolitan_headquarters","1","1","0","0","1","1","1","0","2022-05-12","1","1","full_date","1"
"2020","41111","경기도","수원시 장안구","경기도 수원시 장안구","","","","","","","0.0","","","","0.0","0.0","","","","","","","85.05865042808178","0.0","0.0","0.0","0","city_district_granularity","1","1","0","0","0","1","1","0","2022-05-12","1","1","no_designation","1"
"2020","41113","경기도","수원시 권선구","경기도 수원시 권선구","","","","","","","0.0","","","","0.0","0.0","","","","","","","170.43992340554186","0.0","0.0","0.0","0","city_district_granularity","1","1","0","0","0","1","1","0","2022-05-12","1","1","no_designation","1"
"2020","41115","경기도","수원시 팔달구","경기도 수원시 팔달구","","","","","","","0.0","","","","0.0","0.0","","","","","","","25.619779523619485","0.0","0.0","0.0","0","city_district_granularity","1","1","0","0","0","1","1","0","2022-05-12","1","1","no_designation","1"
"2020","41117","경기도","수원시 영통구","경기도 수원시 영통구","","","","","","","0.0","","","","0.0","0.0","","","","","","","23.33984101400128","0.0","0.0","0.0","0","city_district_granularity","1","1","0","0","0","1","1","0","2022-05-12","1","1","no_designation","1"
"2020","41131","경기도","성남시 수정구","경기도 성남시 수정구","","","","","","","0.0","","","","1.0","196.83577860768258","","","","","","","69.33698790199168","0.0","0.0","13648.0","0","city_district_granularity","1","1","0","0","0","1","1","0","2022-05-12","1","1","full_date","1"
"2020","41133","경기도","성남시 중원구","경기도 성남시 중원구","","","","","","","5.6497029887923595","","","","0.0","0.0","","","","","","","35.30985662800179","1.0","283.2070406105726","0.0","0","city_district_granularity","1","1","0","0","0","1","1","0","2022-05-12","1","1","no_designation","1"
"2020","41135","경기도","성남시 분당구","경기도 성남시 분당구","","","","","","","0.0","","","","0.0","0.0","","","","","","","85.3753791350048","0.0","0.0","0.0","0","city_district_granularity","1","1","0","0","0","1","1","0","2022-05-12","1","1","no_designation","1"
"2020","41150","경기도","의정부시","경기도 의정부시","1.0639680118","1.0193902807","0.4027360946","0.3371403692","13.492342138478854","12.159072079518515","0.0","0.0","0.208618336","0.0","0.0","0.0","201777000.0","53191000.0","0.0","254968000.0","0.0","201777000.0","278.75490754903177","0.0","0.0","0.0","1","observed","1","1","1","1","1","1","1","0","2022-05-12","1","1","no_designation","1"
"2020","41171","경기도","안양시 만안구","경기도 안양시 만안구","","","","","","","0.0","","","","0.0","0.0","","","","","","","290.4824929770212","0.0","0.0","0.0","0","city_district_granularity","1","1","0","0","0","1","1","0","2022-05-12","1","1","no_designation","1"
"2020","41173","경기도","안양시 동안구","경기도 안양시 동안구","","","","","","","0.0","","","","0.0","0.0","","","","","","","126.58462253451908","0.0","0.0","0.0","0","city_district_granularity","1","1","0","0","0","1","1","0","2022-05-12","1","1","no_designation","1"
"2020","41190","경기도","부천시","경기도 부천시","-2.0016623643","-2.1195528859","-1.6299902017","-1.7554884085","0.0","0.0","0.0","0.0","","","0.0","0.0","0.0","0.0","0.0","0.0","0.0","0.0","36.07376757388423","0.0","0.0","0.0","1","observed","1","1","1","1","1","1","1","0","2022-05-12","1","1","no_designation","1"
"2020","41210","경기도","광명시","경기도 광명시","-2.0016623643","-2.1195528859","-1.6299902017","-1.7554884085","0.0","0.0","0.0","0.0","","","0.0","0.0","0.0","0.0","0.0","0.0","0.0","0.0","47.751851686935886","0.0","0.0","0.0","1","observed","1","1","1","1","1","1","1","0","2022-05-12","1","1","no_designation","1"
"2020","41220","경기도","평택시","경기도 평택시","0.8620632213","0.8109496636","0.2689939831","0.1981799578","12.89497321531007","10.959919402944845","0.0","0.0","0.126190614","0.0","1.0","15.712125808762016","317510000.0","45853000.0","0.0","363363000.0","147337000.0","317510000.0","797.155022334108","0.0","0.0","12525.0","1","observed","1","1","1","1","1","1","1","0","2022-05-12","1","1","full_date","1"
"2020","41250","경기도","동두천시","경기도 동두천시","-0.1075419752","-0.212335966","-0.3715140071","-0.4840104619","13.829069475382447","0.0","0.0","0.0","0.0","0.0","1.0","15.77048846675116","614855930.0","0.0","0.0","614855930.0","327459930.0","614855930.0","606.5760119078079","0.0","0.0","9566.0","1","observed","1","1","1","1","1","1","1","0","2022-05-12","1","1","full_date","1"
"2020","41271","경기도","안산시 상록구","경기도 안산시 상록구","","","","","","","5.0311828283386655","","","","0.0","0.0","","","","","","","65.74016284349608","1.0","152.11401322212174","0.0","0","city_district_granularity","1","1","0","0","0","1","1","0","2022-05-12","1","1","no_designation","1"
"2020","41273","경기도","안산시 단원구","경기도 안산시 단원구","","","","","","","3.2751258344723455","","","","0.0","0.0","","","","","","","785.9610641501805","2.0","25.446553159252204","0.0","0","city_district_granularity","1","1","0","0","0","1","1","0","2022-05-12","1","1","no_designation","1"
"2020","41281","경기도","고양시 덕양구","경기도 고양시 덕양구","","","","","","","0.0","","","","0.0","0.0","","","","","","","370.53883386907233","0.0","0.0","0.0","0","city_district_granularity","1","1","0","0","0","1","1","0","2022-05-12","1","1","no_designation","1"
"2020","41285","경기도","고양시 일산동구","경기도 고양시 일산동구","","","","","","","0.0","","","","0.0","0.0","","","","","","","41.36806591457648","0.0","0.0","0.0","0","city_district_granularity","1","1","0","0","0","1","1","0","2022-05-12","1","1","no_designation","1"
"2020","41287","경기도","고양시 일산서구","경기도 고양시 일산서구","","","","","","","0.0","","","","0.0","0.0","","","","","","","0.7017427118900311","0.0","0.0","0.0","0","city_district_granularity","1","1","0","0","0","1","1","0","2022-05-12","1","1","no_designation","1"
"2020","41290","경기도","과천시","경기도 과천시","0.9096664109","0.8642286351","1.2988646521","1.2191674985","12.330494756297854","12.207330335805498","3.7993541065834466","0.0","0.469247616","0.0","1.0","2.2010850093808556","51863000.0","45853000.0","0.0","97716000.0","0.0","51863000.0","228.97798033787456","1.0","43.67232161469951","504.0","1","observed","1","1","1","1","1","1","1","0","2022-05-12","1","1","full_date","1"
"2020","41310","경기도","구리시","경기도 구리시","0.9345872254","0.8909250745","0.3166310246","0.2514968983","12.238948843075947","12.58139566813207","0.0","0.0","0.584785104","0.0","0.0","0.0","32557000.0","45853000.0","0.0","78410000.0","0.0","32557000.0","157.52102674362388","0.0","0.0","0.0","1","observed","1","1","1","1","1","1","1","0","2022-05-12","1","1","no_designation","1"
"2020","41360","경기도","남양주시","경기도 남양주시","-0.2174349664","-0.3229887911","0.0625680596","-0.0573835684","13.026735147056074","0.0","1.9292143903842143","10.102507557704529","0.0","0.0509669439312002","1.0","10.32500662028769","1544501000.0","0.0","82946000.0","1627447000.0","1605490000.0","1627447000.0","3398.9905566784173","2.0","5.884099901573284","35094.6","1","observed","1","1","1","1","1","1","1","0","2022-05-12","1","1","full_date","1"
"2020","41370","경기도","오산시","경기도 오산시","-0.0706992754","-0.1752385243","-0.3470352775","-0.4592788342","14.09805990442886","0.0","0.0","0.0","0.0","0.0","0.0","0.0","202458000.0","0.0","0.0","202458000.0","0.0","202458000.0","152.6249897117882","0.0","0.0","0.0","1","observed","1","1","1","1","1","1","1","0","2022-05-12","1","1","no_designation","1"
"2020","41390","경기도","시흥시","경기도 시흥시","1.0942229349","1.0519117007","0.4226753806","0.3588213159","13.362298963704017","12.639056773518101","0.0","0.0","0.326679063","0.0","0.0","0.0","94508000.0","45853000.0","0.0","140361000.0","0.0","94508000.0","148.69506341349708","0.0","0.0","0.0","1","observed","1","1","1","1","1","1","1","0","2022-05-12","1","1","no_designation","1"
"2020","41410","경기도","군포시","경기도 군포시","1.3045704825","1.2677762782","0.5621120148","0.5027310342","14.205053411901266","13.586897010841454","0.0","0.0","0.350200733","0.0","0.0","0.0","82223000.0","44313000.0","0.0","126536000.0","0.0","82223000.0","55.69514009589484","0.0","0.0","0.0","1","observed","1","1","1","1","1","1","1","0","2022-05-12","1","1","no_designation","1"
"2020","41430","경기도","의왕시","경기도 의왕시","1.0047211795","0.9620370428","0.3631899264","0.2989048772","12.666889519594866","12.69643645331749","0.0","0.0","0.507386219","0.0","1.0","15.611475184701947","44518000.0","45853000.0","0.0","90371000.0","37361000.0","44518000.0","140.40313129075045","0.0","0.0","2191.9","1","observed","1","1","1","1","1","1","1","0","2022-05-12","1","1","full_date","1"
"2020","41450","경기도","하남시","경기도 하남시","1.2054748756","1.1643911344","0.4965563131","0.4338076049","14.09638440363149","12.745972918290217","0.0","0.0","0.205802754","0.0","1.0","45.18992294860919","232124000.0","60151000.0","0.0","292275000.0","166056000.0","232124000.0","175.28244093285812","0.0","0.0","7921.0","1","observed","1","1","1","1","1","1","1","0","2022-05-12","1","1","full_date","1"
"2020","41461","경기도","용인시 처인구","경기도 용인시 처인구","","","","","","","3.3222001014368248","","","","1.0","25.78335644204332","","","","","","","1871.168329400662","5.0","26.721273128866535","48245.0","0","city_district_granularity","1","1","0","0","0","1","1","0","2022-05-12","1","1","full_date","1"
"2020","41463","경기도","용인시 기흥구","경기도 용인시 기흥구","","","","","","","3.6555712906797972","","","","0.0","0.0","","","","","","","265.3250570898551","1.0","37.68961782080535","0.0","0","city_district_granularity","1","1","0","0","0","1","1","0","2022-05-12","1","1","no_designation","1"
"2020","41465","경기도","용인시 수지구","경기도 용인시 수지구","","","","","","","0.0","","","","0.0","0.0","","","","","","","64.75556915074613","0.0","0.0","0.0","0","city_district_granularity","1","1","0","0","0","1","1","0","2022-05-12","1","1","no_designation","1"
"2020","41480","경기도","파주시","경기도 파주시","0.855620606","0.8052734724","0.2646493979","0.1943958303","12.709599719309933","11.149124852837408","0.0","0.0","0.173576887","0.0","1.0","18.528357971230932","220512000.0","46315000.0","0.0","266827000.0","106010000.0","220512000.0","666.3839299289901","0.0","0.0","12347.0","1","observed","1","1","1","1","1","1","1","0","2022-05-12","1","1","full_date","1"
"2020","41500","경기도","이천시","경기도 이천시","0.8787541039","0.8292400685","1.2253110523","1.1432262849","12.763673037695938","11.306174885069874","3.5965013710831366","0.0","0.188848829","0.0","1.0","18.08842165286472","196949670.0","45853000.0","0.0","242802670.0","139014670.0","196949670.0","563.8501907868078","2.0","35.47041452995094","10199.16","1","observed","1","1","1","1","1","1","1","0","2022-05-12","1","1","full_date","1"
"2020","41550","경기도","안성시","경기도 안성시","0.5181322539","0.4533887536","0.7423535993","0.6515261341","12.303268931437767","8.334767206575311","2.666843632515394","0.0","0.018546797","0.0","1.0","8.788272502695476","493668910.0","9329000.0","0.0","502997910.0","459149910.0","493668910.0","2239.731414104747","3.0","13.394463198164962","19683.37","1","observed","1","1","1","1","1","1","1","0","2022-05-12","1","1","full_date","1"
"2020","41570","경기도","김포시","경기도 김포시","1.2008108388","1.1612692375","0.4933331568","0.4317263404","13.793772214886122","13.11328956712581","0.0","0.0","0.336153367","0.0","0.0","0.0","90552000.0","45853000.0","0.0","136405000.0","0.0","90552000.0","92.54209632369115","0.0","0.0","0.0","1","observed","1","1","1","1","1","1","1","0","2022-05-12","1","1","no_designation","1"
"2020","41590","경기도","화성시","경기도 화성시","0.6835397622","0.6275545935","0.8970381442","0.8124240228","12.212007019204352","10.111322894334528","2.839515786728654","0.0","0.109026883","0.0","1.0","6.1123429675434044","374713000.0","45853000.0","0.0","420566000.0","324853000.0","374713000.0","1862.488747841874","3.0","16.10747986250224","11384.17","1","observed","1","1","1","1","1","1","1","0","2022-05-12","1","1","full_date","1"
"2020","41610","경기도","광주시","경기도 광주시","1.0528158766","1.003406782","1.1475841261","1.0684314753","14.221902405795552","11.049868911946334","2.860486456551069","10.033017595525301","0.039654166","0.0143437838241719","1.0","23.5016252149165","2734768000.0","114635000.0","41466000.0","2890869000.0","2679942000.0","2776234000.0","1821.49105044998","3.0","16.470023277132665","42808.0","1","observed","1","1","1","1","1","1","1","0","2022-05-12","1","1","full_date","1"
"2020","41630","경기도","양주시","경기도 양주시","0.6406663194","0.5861236203","0.1220451326","0.0482959289","11.602361911376176","10.517023582807033","0.0","9.807510656669871","0.224599771","0.1104738818891345","1.0","7.33398135100118","249620000.0","84317000.0","41473000.0","375410000.0","190269000.0","291093000.0","2282.6619265557097","0.0","0.0","16741.0","1","observed","1","1","1","1","1","1","1","0","2022-05-12","1","1","full_date","1"
"2020","41650","경기도","포천시","경기도 포천시","-0.4023244111","-0.5091566183","-0.3677327098","-0.4848906774","11.676847890255873","0.0","0.7595106292766428","8.45902034088465","0.0","0.038492791824934","1.0","7.512314374708926","1035949500.0","0.0","41473000.0","1077422500.0","1039931500.0","1077422500.0","8793.295475278816","1.0","1.137230066715451","66058.0","1","observed","1","1","1","1","1","1","1","0","2022-05-12","1","1","full_date","1"
"2020","41670","경기도","여주시","경기도 여주시","0.6241735888","0.5674464297","0.7400795592","0.6563639509","11.83512143138084","10.033978083953143","2.3923381603244134","9.933584704268982","0.125608139","0.113609717078302","1.0","6.152266562747622","277722000.0","45853000.0","41473000.0","365048000.0","296768000.0","319195000.0","2012.2665157198671","2.0","9.939041296845915","12380.0","1","observed","1","1","1","1","1","1","1","0","2022-05-12","1","1","full_date","1"
"2020","41800","경기도","연천군","경기도 연천군","-0.1201767411","-0.2250580925","-0.3799086963","-0.4924918796","13.736822405934523","0.0","0.0","10.9101035474222","0.0","0.0558963936158455","1.0","32.067595490581084","700489000.0","0.0","41473000.0","741962000.0","608117000.0","741962000.0","757.8366768140754","0.0","0.0","24302.0","1","observed","1","1","1","1","1","1","1","0","2022-05-12","1","1","full_date","1"
"2020","41820","경기도","가평군","경기도 가평군","0.3393849704","0.2724024232","0.2787428702","0.1904983983","11.169340766777813","8.100728706930628","1.354587372094965","8.000362725880176","0.04269358","0.0386153760593215","1.0","5.302620336169986","986676230.0","45853000.0","41473000.0","1074002230.0","957762230.0","1028149230.0","13912.26135818054","4.0","2.8751616268680595","73771.44","1","observed","1","1","1","1","1","1","1","0","2022-05-12","1","1","full_date","1"
"2020","41830","경기도","양평군","경기도 양평군","0.4519075112","0.3879127052","0.362285848","0.2763430452","11.613937681663298","8.61627428755319","1.3886604161436327","8.333606629369188","0.045880326","0.0345811785934057","1.0","7.400500702663631","1102797000.0","55024000.0","41473000.0","1199294000.0","1050251000.0","1144270000.0","9968.514694343256","3.0","3.009475425363403","73772.0","1","observed","1","1","1","1","1","1","1","0","2022-05-12","1","1","full_date","1"
"2020","43111","충청북도","청주시 상당구","충청북도 청주시 상당구","","","","","","","2.4906241946294836","","","","1.0","2.6407406429947846","","","","","","","3613.758899540233","4.0","11.068807054363553","9543.0","0","city_district_granularity","1","1","0","0","0","1","1","0","2022-05-12","1","1","full_date","1"
"2020","43112","충청북도","청주시 서원구","충청북도 청주시 서원구","","","","","","","4.476216198020199","","","","0.0","0.0","","","","","","","230.14578093534456","2.0","86.90144098543632","0.0","0","city_district_granularity","1","1","0","0","0","1","1","0","2022-05-12","1","1","no_designation","1"
"2020","43113","충청북도","청주시 흥덕구","충청북도 청주시 흥덕구","","","","","","","5.416303931714247","","","","0.0","0.0","","","","","","","223.1686568895516","5.0","224.04579880025668","0.0","0","city_district_granularity","1","1","0","0","0","1","1","0","2022-05-12","1","1","no_designation","1"
"2020","43114","충청북도","청주시 청원구","충청북도 청주시 청원구","","","","","","","4.016479776358873","","","","0.0","0.0","","","","","","","550.4044811024319","3.0","54.505370195953965","0.0","0","city_district_granularity","1","1","0","0","0","1","1","0","2022-05-12","1","1","no_designation","1"
"2020","43130","충청북도","충주시","충청북도 충주시","0.4360189901","0.3728879697","0.7290929847","0.6387795444","11.331850242285027","8.843432675581257","2.8246080777734868","0.0","0.076664782","0.0","0.0","0.0","684148000.0","56805000.0","0.0","740953000.0","20016000.0","704164000.0","8199.648523044925","13.0","15.854338101765942","0.0","1","observed","1","1","1","1","1","1","1","0","2022-05-12","1","1","no_designation","1"
"2020","43150","충청북도","제천시","충청북도 제천시","0.1553774017","0.0833792974","0.3430928722","0.2483322952","10.46442097160504","7.227395253836712","2.063396268897105","7.550216153057529","0.035897666","0.0495852650268568","1.0","1.7587623489947022","509921000.0","20016000.0","27648000.0","557585000.0","47664000.0","557585000.0","14550.40245467359","10.0","6.8726621350518045","25590.7","1","observed","1","1","1","1","1","1","1","0","2022-05-12","1","1","full_date","1"
"2020","43720","충청북도","보은군","충청북도 보은군","0.0235381827","-0.0421240064","0.2385899325","0.1485441578","8.265576060259432","8.91828948121906","2.001250371183705","0.0","0.657649433","0.0","0.0","0.0","30373000.0","58346000.0","0.0","88719000.0","20017000.0","50390000.0","7814.574598259538","5.0","6.398300940288676","0.0","1","observed","1","1","1","1","1","1","1","0","2022-05-12","1","1","no_designation","1"
"2020","43730","충청북도","옥천군","충청북도 옥천군","0.3622167774","0.3028196897","0.5392936375","0.4534938576","10.069035128109011","9.833641942044872","2.2903546306210556","9.009859391341765","0.369800714","0.1622459039481714","1.0","1.3196321702700569","79743000.0","63017000.0","27648000.0","170408000.0","80736000.0","170408000.0","3378.971883572288","3.0","8.878440257479639","4459.0","1","observed","1","1","1","1","1","1","1","0","2022-05-12","1","1","no_designation","1"
"2020","43740","충청북도","영동군","충청북도 영동군","0.2536700567","0.1884642892","0.4141020272","0.324492232","10.139351975493122","8.653536586453923","2.0869267132224465","7.933668202959055","0.169322484","0.0824137828251214","1.0","1.4134372643012771","251035000.0","56806000.0","27649000.0","335490000.0","54494000.0","298701000.0","9914.865239475444","7.0","7.060106043731102","14014.039999999999","1","observed","1","1","1","1","1","1","1","0","2022-05-12","1","1","no_designation","1"
"2020","43745","충청북도","증평군","충청북도 증평군","0.5077859569","0.4582413319","0.8914610011","0.8098714574","9.622897044570731","11.897468989760345","3.2648526090100853","0.0","0.906754111","0.0","0.0","0.0","6000000.0","58346000.0","0.0","64346000.0","20017000.0","26017000.0","397.19970138900186","1.0","25.176252562703695","0.0","1","observed","1","1","1","1","1","1","1","0","2022-05-12","1","1","no_designation","1"
"2020","43750","충청북도","진천군","충청북도 진천군","0.368496227","0.3080964946","0.7376183996","0.6485172834","10.293319502616702","9.589587665923899","3.0286812459340866","9.294469998078148","0.265549367","0.1976819842557968","1.0","0.7801104557236953","75073000.0","37140000.0","27648000.0","139861000.0","68042000.0","101532000.0","2541.9477273386938","5.0","19.66995601925606","1983.0","1","observed","1","1","1","1","1","1","1","0","2022-05-12","1","1","full_date","1"
"2020","43760","충청북도","괴산군","충청북도 괴산군","-0.1653464578","-0.2395147963","0.1545522164","0.0573009252","8.114722892133292","7.238442168165228","2.156817356773323","0.0","0.293862032","0.0","0.0","0.0","48100000.0","20017000.0","0.0","68117000.0","20017000.0","68117000.0","14391.153990482631","11.0","7.643584390296067","0.0","1","observed","1","1","1","1","1","1","1","0","2022-05-12","1","1","no_designation","1"
"2020","43770","충청북도","음성군","충청북도 음성군","0.472041605","0.4138617857","0.8723252745","0.7841838075","10.79276204925447","9.940474783199496","3.27988363244622","0.0","0.298947479","0.0","0.0","0.0","133214000.0","56806000.0","0.0","190020000.0","20017000.0","153231000.0","2737.29617381496","7.0","25.57268032214477","0.0","1","observed","1","1","1","1","1","1","1","0","2022-05-12","1","1","no_designation","1"
"2020","43800","충청북도","단양군","충청북도 단양군","0.3446675819","0.2781104667","0.2065673568","0.1196488358","11.141569584027469","8.19146347353892","1.066764296960746","7.47166700658644","0.048544378","0.0236269929506993","1.0","0.9091016771131623","1085733000.0","56806000.0","27648000.0","1170187000.0","232186000.0","1133398000.0","15740.087561425558","3.0","1.905961442903367","14309.34","1","observed","1","1","1","1","1","1","1","0","2022-05-12","1","1","full_date","1"
"2020","44131","충청남도","천안시 동남구","충청남도 천안시 동남구","","","","","","","2.6318447903661304","","","","1.0","5.435200014486956","","","","","","","2325.6917806718807","3.0","12.89938772167529","12640.6","0","city_district_granularity","1","1","0","0","0","1","1","0","2022-05-12","1","1","full_date","1"
"2020","44133","충청남도","천안시 서북구","충청남도 천안시 서북구","","","","","","","0.0","","","","0.0","0.0","","","","","","","436.4870181585085","0.0","0.0","0.0","0","city_district_granularity","1","1","0","0","0","1","1","0","2022-05-12","1","1","no_designation","1"
"2020","44150","충청남도","공주시","충청남도 공주시","0.2438202389","0.1757109897","0.5956685825","0.501394277","10.551097700246176","7.99202185162822","2.8017304577933855","0.0","0.071798325","0.0","1.0","0.39920670689144966","296398000.0","22927000.0","0.0","319325000.0","100786000.0","296398000.0","7755.380725208731","12.0","15.473128174087195","3096.0","1","observed","1","1","1","1","1","1","1","0","2022-05-12","1","1","full_date","1"
"2020","44180","충청남도","보령시","충청남도 보령시","0.422834524","0.3585091835","0.3868249022","0.3000065875","11.423767036099742","8.58605747315059","1.5554668464519747","9.020068296880648","0.050960226","0.0786589971906929","1.0","1.919195749824039","978986150.0","57319000.0","88474000.0","1124779150.0","214062480.0","1067460150.0","10702.92074265134","4.0","3.7372975995794535","20541.0","1","observed","1","1","1","1","1","1","1","0","2022-05-12","1","1","full_date","1"
"2020","44200","충청남도","아산시","충청남도 아산시","0.4644676333","0.3990700527","0.8005777322","0.7079306247","11.959739606931265","8.268734957537824","3.0239171633191435","0.0","0.024333788","0.0","1.0","0.4759189144131704","479257000.0","11953000.0","0.0","491210000.0","0.0","479257000.0","3065.6482770789075","6.0","19.571716836730793","1459.0","1","observed","1","1","1","1","1","1","1","0","2022-05-12","1","1","full_date","1"
"2020","44210","충청남도","서산시","충청남도 서산시","-0.5630060506","-0.67094926","-0.4988871911","-0.6168257528","10.50370305319999","0.0","0.6666988640622963","0.0","0.0","0.0","1.0","0.5989317248052277","384568000.0","0.0","0.0","384568000.0","328618000.0","384568000.0","10550.785236923291","1.0","0.9477967540277689","6319.2","1","observed","1","1","1","1","1","1","1","0","2022-05-12","1","1","full_date","1"
"2020","44230","충청남도","논산시","충청남도 논산시","0.5323700598","0.4731133115","0.8399644736","0.7520819469","11.488080253535504","9.59189974457633","3.0038273571990675","0.0","0.13053479","0.0","1.0","0.9334210116797891","305424000.0","45854000.0","0.0","351278000.0","288423000.0","305424000.0","3131.105860516684","6.0","19.162558748524397","2922.64","1","observed","1","1","1","1","1","1","1","0","2022-05-12","1","1","full_date","1"
"2020","44250","충청남도","계룡시","충청남도 계룡시","0.357796681","0.2977768659","-0.06561879","-0.1439352407","10.13777562136293","9.695485268441049","0.0","0.0","0.391190119","0.0","0.0","0.0","17843000.0","11465000.0","0.0","29308000.0","16083000.0","17843000.0","705.8380134960702","0.0","0.0","0.0","1","observed","1","1","1","1","1","1","1","0","2022-05-12","1","1","no_designation","1"
"2020","44270","충청남도","당진시","충청남도 당진시","0.1144688761","0.0467653106","0.3193053207","0.2276273597","9.384932264515465","8.295335317591984","2.077678095042514","0.0","0.251662971","0.0","0.0","0.0","68175000.0","22927000.0","0.0","91102000.0","0.0","68175000.0","5725.815167799704","4.0","6.985904858568995","0.0","1","observed","1","1","1","1","1","1","1","0","2022-05-12","1","1","no_designation","1"
"2020","44710","충청남도","금산군","충청남도 금산군","0.4649540772","0.4028767649","0.8314022533","0.7408251503","11.397492185376134","9.042593770718032","3.140953832926523","8.24909768642926","0.083400175","0.0377132339166289","1.0","1.6262989749969459","483218000.0","45854000.0","20735000.0","549807000.0","476992000.0","503953000.0","5423.504617296192","12.0","22.125914600921686","8820.24","1","observed","1","1","1","1","1","1","1","0","2022-05-12","1","1","full_date","1"
"2020","44760","충청남도","부여군","충청남도 부여군","0.4035756905","0.3380509048","0.6625220214","0.5709653873","11.465044400493316","8.337285499433738","2.652698832240177","9.039745022738554","0.038689276","0.0781119312159611","1.0","0.40142252683992347","505800000.0","22157000.0","44734000.0","572691000.0","486265000.0","550534000.0","5306.129720142454","7.0","13.19228961445758","2130.0","1","observed","1","1","1","1","1","1","1","0","2022-05-12","1","1","full_date","1"
"2020","44770","충청남도","서천군","충청남도 서천군","-0.394163172","-0.5009389498","0.0097820684","-0.1122367564","11.736433513240385","0.0","2.175111470261937","0.0","0.0","0.0","1.0","2.1397680502631458","640994000.0","0.0","0.0","640994000.0","525238000.0","640994000.0","5126.124211757943","4.0","7.803166358757132","10968.71681","1","observed","1","1","1","1","1","1","1","0","2022-05-12","1","1","full_date","1"
"2020","44790","충청남도","청양군","충청남도 청양군","-0.4135459944","-0.520455791","-0.006276171","-0.1283860229","11.594918539000309","0.0","2.1630131384953986","0.0","0.0","0.0","1.0","1.1878223572264963","846092270.0","0.0","0.0","846092270.0","725794270.0","846092270.0","7794.936628082405","6.0","7.6973043993508785","9259.0","1","observed","1","1","1","1","1","1","1","0","2022-05-12","1","1","full_date","1"
"2020","44800","충청남도","홍성군","충청남도 홍성군","-2.0016623643","-2.1195528859","-0.9839179931","-1.1179534845","0.0","0.0","2.4579391469618788","0.0","","","1.0","0.5333236764845375","0.0","0.0","0.0","0.0","0.0","0.0","5617.60171561943","6.0","10.680714482333862","2996.0","1","observed","1","1","1","1","1","1","1","0","2022-05-12","1","1","full_date","1"
"2020","44810","충청남도","예산군","충청남도 예산군","0.348281772","0.279568581","0.5380094448","0.4451437576","11.540003970801488","7.682604560392653","2.3179230592037947","0.0","0.020676777","0.0","1.0","1.1846735547807745","561162000.0","11848000.0","0.0","573010000.0","496535000.0","561162000.0","5461.757776130451","5.0","9.154561965108607","6470.4","1","observed","1","1","1","1","1","1","1","0","2022-05-12","1","1","full_date","1"
"2020","44825","충청남도","태안군","충청남도 태안군","-0.4266102791","-0.5336104062","-0.4351262512","-0.5517735971","11.49953553094158","0.0","0.5645040077943477","0.0","0.0","0.0","1.0","1.4077640913249483","1300713690.0","0.0","0.0","1300713690.0","778373500.0","1300713690.0","13182.606456834488","1.0","0.7585753267189075","18558.0","1","observed","1","1","1","1","1","1","1","0","2022-05-12","1","1","full_date","1"
"2020","45111","전라북도","전주시 완산구","전라북도 전주시 완산구","","","","","","","0.0","","","","1.0","7.210694474841027","","","","","","","379.4364065134406","0.0","0.0","2736.0","0","city_district_granularity","1","1","0","0","0","1","1","0","2022-05-12","1","1","full_date","1"
"2020","45113","전라북도","전주시 덕진구","전라북도 전주시 덕진구","","","","","","","0.0","","","","0.0","0.0","","","","","","","101.55860282424392","0.0","0.0","0.0","0","city_district_granularity","1","1","0","0","0","1","1","0","2022-05-12","1","1","no_designation","1"
"2020","45130","전라북도","군산시","전라북도 군산시","-0.3255006183","-0.4318016421","-0.073765825","-0.1936064868","12.237742316073852","0.0","1.6836998933110874","0.0","0.0","0.0","1.0","16.32481799334399","470726029.0","0.0","0.0","470726029.0","188862029.0","437480029.0","2280.270445598689","1.0","4.385444726217324","37225.0","1","observed","1","1","1","1","1","1","1","0","2022-05-12","1","1","full_date","1"
"2020","45140","전라북도","익산시","전라북도 익산시","0.3544229194","0.2942964008","-0.067853774","-0.1462555507","10.127365965916693","9.676032969390988","0.0","0.0","0.389038462","0.0","1.0","6.4862957726524","54009000.0","34391000.0","0.0","88400000.0","44844000.0","54009000.0","2158.859307501767","0.0","0.0","14003.0","1","observed","1","1","1","1","1","1","1","0","2022-05-12","1","1","full_date","1"
"2020","45180","전라북도","정읍시","전라북도 정읍시","0.0650094111","-0.0031517583","0.4017393196","0.3081122327","9.043549710377695","8.268358916810582","2.516277333299767","0.0","0.315327428","0.0","1.0","1.1676288417120255","81784440.0","37666000.0","0.0","119450440.0","45598440.0","81784440.0","9664.029867106516","11.0","11.382415153165793","11284.0","1","observed","1","1","1","1","1","1","1","0","2022-05-12","1","1","full_date","1"
"2020","45190","전라북도","남원시","전라북도 남원시","-0.0204344461","-0.0926032838","0.2000077952","0.1051655847","9.002573026796286","7.471174469529393","1.9637540227454493","0.0","0.177723918","0.0","1.0","0.21665719689399704","159117000.0","34391000.0","0.0","193508000.0","0.0","159117000.0","19588.5484573884","12.0","6.1260281873891715","4244.0","1","observed","1","1","1","1","1","1","1","0","2022-05-12","1","1","full_date","1"
"2020","45210","전라북도","김제시","전라북도 김제시","0.4084016577","0.3491230654","-0.0320271387","-0.109704441","10.44049284882498","9.786784204975806","0.0","0.0","0.342148221","0.0","1.0","1.8458696619407398","74555000.0","38776000.0","0.0","113331000.0","61651000.0","73208000.0","2178.918741083423","0.0","0.0","4022.0","1","observed","1","1","1","1","1","1","1","0","2022-05-12","1","1","full_date","1"
"2020","45710","전라북도","완주군","전라북도 완주군","0.2670006204","0.2037582275","-0.1257398906","-0.2066143329","9.9174885492458","9.090102280022062","0.0","0.0","0.304184578","0.0","1.0","0.061873549490749635","104890000.0","45854000.0","0.0","150744000.0","0.0","104890000.0","5171.838412920555","0.0","0.0","320.0","1","observed","1","1","1","1","1","1","1","0","2022-05-12","1","1","full_date","1"
"2020","45720","전라북도","진안군","전라북도 진안군","0.1783472047","0.1135639147","0.4179646009","0.3278277754","9.428510435099641","8.873611545513569","2.2922994168486297","0.0","0.364714758","0.0","0.0","0.0","69889000.0","40123000.0","0.0","110012000.0","0.0","69889000.0","5619.448431190315","5.0","8.897670405244552","0.0","1","observed","1","1","1","1","1","1","1","0","2022-05-12","1","1","no_designation","1"
"2020","45730","전라북도","무주군","전라북도 무주군","-0.6722174033","-0.7809157336","0.0452497109","-0.0815876398","9.706345401976264","0.0","3.0128866384476107","0.0","0.0","0.0","0.0","0.0","110341000.0","0.0","0.0","110341000.0","0.0","110341000.0","6719.719048604017","13.0","19.346046919477498","0.0","1","observed","1","1","1","1","1","1","1","0","2022-05-12","1","1","no_designation","1"
"2020","45740","전라북도","장수군","전라북도 장수군","0.1568012694","0.089240665","0.6452722822","0.5498377012","9.719545594258445","8.26040031653076","3.2107488657172483","0.0","0.188567715","0.0","0.0","0.0","104876000.0","24372000.0","0.0","129248000.0","0.0","104876000.0","6303.143541141484","15.0","23.797649382554816","0.0","1","observed","1","1","1","1","1","1","1","0","2022-05-12","1","1","no_designation","1"
"2020","45750","전라북도","임실군","전라북도 임실군","0.1245652481","0.0560851298","0.3403853687","0.2479566121","9.6030191907376","8.097872669167954","2.1321007862278845","9.285016381903155","0.113839737","0.3732120592443295","1.0","1.3794837353830218","139466000.0","30952000.0","101473000.0","271891000.0","215826000.0","240939000.0","9418.016078596747","7.0","7.432563229434384","12992.0","1","observed","1","1","1","1","1","1","1","0","2022-05-12","1","1","full_date","1"
"2020","45770","전라북도","순창군","전라북도 순창군","0.2092339339","0.1427071011","0.2846066073","0.1952579535","9.987859450936162","8.417004702794602","1.7062870646570596","0.0","0.172069622","0.0","1.0","2.5919199001989734","193055870.0","40123000.0","0.0","233178870.0","193055870.0","193055870.0","8872.187754812434","4.0","4.508470864844275","22996.0","1","observed","1","1","1","1","1","1","1","0","2022-05-12","1","1","full_date","1"
"2020","45790","전라북도","고창군","전라북도 고창군","0.2115658629","0.1437106697","0.1316509834","0.0433589049","10.23422761463426","8.103326480148594","1.1180791445859803","0.0","0.10610418","0.0","1.0","0.005044483144544476","270416000.0","32098000.0","0.0","302514000.0","0.0","270416000.0","9713.581866755305","2.0","2.05897271205897","49.0","1","observed","1","1","1","1","1","1","1","0","2022-05-12","1","1","no_designation","1"
"2020","45800","전라북도","부안군","전라북도 부안군","0.3586565704","0.2936643796","-0.064654378","-0.1466768983","10.993257730821266","8.534005588472969","0.0","0.0","0.078751535","0.0","0.0","0.0","415706000.0","35536000.0","0.0","451242000.0","0.0","415706000.0","6990.084484343518","0.0","0.0","0.0","1","observed","1","1","1","1","1","1","1","0","2022-05-12","1","1","no_designation","1"
"2020","46110","전라남도","목포시","전라남도 목포시","0.254180854","0.1950353182","0.6723384125","0.583833959","9.109927076394747","10.06661007211791","3.0698983123817887","0.0","0.722470848","0.0","1.0","0.647000935610385","4403000.0","11462000.0","0.0","15865000.0","0.0","4403000.0","486.86173800170303","1.0","20.539712241599524","315.0","1","observed","1","1","1","1","1","1","1","0","2022-05-12","1","1","no_designation","1"
"2020","46130","전라남도","여수시","전라남도 여수시","0.5056034656","0.4479181672","0.5867650697","0.5031174981","10.993027722306381","10.001709559327841","2.1087327949309143","0.0","0.270646168","0.0","1.0","3.716065252760524","657185000.0","243866000.0","0.0","901051000.0","0.0","657185000.0","11053.089008457988","8.0","7.237795691212005","41074.0","1","observed","1","1","1","1","1","1","1","0","2022-05-12","1","1","full_date","1"
"2020","46150","전라남도","순천시","전라남도 순천시","0.2785321658","0.2134532358","0.5977300473","0.5060491512","10.328559011076651","8.643022167198854","2.7226696409094617","0.0","0.156344738","0.0","1.0","3.273775391891771","494792000.0","91694000.0","0.0","586486000.0","131373000.0","494792000.0","16173.375892291644","23.0","14.220902397354147","52948.0","1","observed","1","1","1","1","1","1","1","0","2022-05-12","1","1","full_date","1"
"2020","46170","전라남도","나주시","전라남도 나주시","-0.3515719461","-0.4401381329","0.2792707819","0.1676964862","8.991428992874841","4.179727678218187","3.0980868993255597","0.0","0.007946876","0.0","0.0","0.0","45565000.0","365000.0","0.0","45930000.0","0.0","45565000.0","5672.277110452749","12.0","21.15552496172421","0.0","1","observed","1","1","1","1","1","1","1","0","2022-05-12","1","1","no_designation","1"
"2020","46230","전라남도","광양시","전라남도 광양시","0.4998172914","0.4392126775","0.5603786886","0.4748453855","11.441936076970862","9.32994540194261","2.0221083797739903","8.824225256505631","0.101333984","0.0611080298028613","1.0","5.893568428689513","568464040.0","68777000.0","41475000.0","678716040.0","525009040.0","609939040.0","6102.923964522085","4.0","6.554235352190295","35968.0","1","observed","1","1","1","1","1","1","1","0","2022-05-12","1","1","full_date","1"
"2020","46710","전라남도","담양군","전라남도 담양군","0.1907686424","0.1262736639","0.5202423117","0.4290990175","9.484670097457467","8.920839021085586","2.650071227225629","0.0","0.362648179","0.0","1.0","0.7849177944396919","90003000.0","51211000.0","0.0","141214000.0","0.0","90003000.0","6841.480774217047","9.0","13.15504683418478","5370.0","1","observed","1","1","1","1","1","1","1","0","2022-05-12","1","1","full_date","1"
"2020","46720","전라남도","곡성군","전라남도 곡성군","-0.2031418607","-0.2797968076","0.0921486262","-0.0065262302","8.218365774011781","6.719267794712681","2.0142744069461784","0.0","0.182420089","0.0","0.0","0.0","51370992.0","11462000.0","0.0","62832992.0","0.0","51370992.0","13856.200914443738","9.0","6.495286879550352","0.0","1","observed","1","1","1","1","1","1","1","0","2022-05-12","1","1","no_designation","1"
"2020","46730","전라남도","구례군","전라남도 구례군","0.003078388","-0.0671724605","0.2433255982","0.1495858659","8.874802177232334","7.880725765457992","2.06964741730734","7.780360759649837","0.217044874","0.1963108165536816","1.0","1.2575020176407636","61963319.0","22925000.0","20735000.0","105623319.0","20735000.0","82698319.0","8667.978140066773","6.0","6.922029454903286","10900.0","1","observed","1","1","1","1","1","1","1","0","2022-05-12","1","1","full_date","1"
"2020","46770","전라남도","고흥군","전라남도 고흥군","-0.0198651761","-0.0903122288","0.380266878","0.2843306879","8.713697975692943","7.871961465020046","2.6486149173606828","0.0","0.301123506","0.0","1.0","0.10438429490152658","88020000.0","37925000.0","0.0","125945000.0","586000.0","88020000.0","14465.777648107836","19.0","13.134447702841094","1510.0","1","observed","1","1","1","1","1","1","1","0","2022-05-12","1","1","full_date","1"
"2020","46780","전라남도","보성군","전라남도 보성군","0.3051408141","0.2369505571","0.7506580135","0.6549189371","11.084944933368705","7.874202263367159","3.2362251157062194","7.742504420812075","0.037476889","0.0328506992358865","1.0","0.6878050126145111","586799000.0","23655000.0","20735000.0","631189000.0","510275000.0","607534000.0","9002.551430183286","22.0","24.437516598060792","6192.0","1","observed","1","1","1","1","1","1","1","0","2022-05-12","1","1","full_date","1"
"2020","46790","전라남도","화순군","전라남도 화순군","-0.1318980465","-0.2016117976","0.2149214645","0.1205403215","7.638516736050281","8.223773178772793","2.303208937102421","0.0","0.642325048","0.0","0.0","0.0","29961000.0","53805000.0","0.0","83766000.0","0.0","29961000.0","14434.435947538572","13.0","9.006240387395824","0.0","1","observed","1","1","1","1","1","1","1","0","2022-05-12","1","1","no_designation","1"
"2020","46800","전라남도","장흥군","전라남도 장흥군","-0.0577135094","-0.1309269612","0.4309317203","0.3318689806","8.86461877770629","7.287595224746729","2.9362832224536","0.0","0.171140409","0.0","0.0","0.0","55512247.0","11462000.0","0.0","66974247.0","0.0","55512247.0","7845.039923837177","14.0","17.845670813555657","0.0","1","observed","1","1","1","1","1","1","1","0","2022-05-12","1","1","no_designation","1"
"2020","46810","전라남도","강진군","전라남도 강진군","-0.3911491836","-0.4794923685","0.0668399942","-0.0421765566","8.617754634735283","4.295600089733252","2.390096994431686","0.0","0.012923556","0.0","0.0","0.0","27878000.0","365000.0","0.0","28243000.0","0.0","27878000.0","5043.091938395875","5.0","9.914552542522987","0.0","1","observed","1","1","1","1","1","1","1","0","2022-05-12","1","1","no_designation","1"
"2020","46820","전라남도","해남군","전라남도 해남군","-0.0391631716","-0.1109883103","0.345096219","0.2483961338","8.785115834570158","7.5815744424759295","2.5632163322255423","0.0","0.230782461","0.0","1.0","0.0313136508961523","87300160.0","26192000.0","0.0","113492160.0","0.0","87300160.0","13358.391245633997","16.0","11.977490182606664","418.3","1","observed","1","1","1","1","1","1","1","0","2022-05-12","1","1","no_designation","1"
"2020","46830","전라남도","영암군","전라남도 영암군","-0.8169376569","-0.9266366276","-0.517341043","-0.6390082331","8.649735456052047","0.0","1.2383582244732803","0.0","0.0","0.0","0.0","0.0","23297000.0","0.0","0.0","23297000.0","0.0","23297000.0","4081.724653842929","1.0","2.4499447777755012","0.0","1","observed","1","1","1","1","1","1","1","0","2022-05-12","1","1","no_designation","1"
"2020","46840","전라남도","무안군","전라남도 무안군","0.5370860084","0.4762163603","0.0536681669","-0.0249755777","11.80320293616561","9.207990533627534","0.0","8.414559829913646","0.067326866","0.0304476025174521","1.0","0.6696767478448764","614421000.0","45850000.0","20735000.0","681006000.0","43585000.0","635156000.0","4596.247383391287","0.0","0.0","3078.0","1","observed","1","1","1","1","1","1","1","0","2022-05-12","1","1","no_designation","1"
"2020","46860","전라남도","함평군","전라남도 함평군","-0.068752315","-0.1399872706","0.1696921812","0.075438793","8.433511548314538","7.767000600275238","1.9709347937032773","0.0","0.33923234","0.0","1.0","0.3187529486389977","22328000.0","11463000.0","0.0","33791000.0","0.0","22328000.0","4856.425663227921","3.0","6.177382725561972","1548.0","1","observed","1","1","1","1","1","1","1","0","2022-05-12","1","1","full_date","1"
"2020","46870","전라남도","영광군","전라남도 영광군","0.0332099929","-0.0392272542","0.2023729741","0.1078626878","9.503289880196256","7.322015482862717","1.8369624749832076","0.0","0.101391259","0.0","0.0","0.0","101585220.0","11462000.0","0.0","113047220.0","0.0","101585220.0","7579.430460326911","4.0","5.2774413868393415","0.0","1","observed","1","1","1","1","1","1","1","0","2022-05-12","1","1","no_designation","1"
"2020","46880","전라남도","장성군","전라남도 장성군","0.0697300054","0.0001672785","0.2998146647","0.2065403923","9.322660914084281","7.9337499865774985","2.116148565766635","0.0","0.199538689","0.0","1.0","0.7189625684911267","91965000.0","22925000.0","0.0","114890000.0","46072000.0","91965000.0","8220.177598957907","6.0","7.299112370468292","5910.0","1","observed","1","1","1","1","1","1","1","0","2022-05-12","1","1","full_date","1"
"2020","46890","전라남도","완도군","전라남도 완도군","-0.7870110999","-0.8965031491","-0.3494686464","-0.4728859567","8.868230773933279","0.0","1.8013719957584375","0.0","0.0","0.0","0.0","0.0","84244000.0","0.0","0.0","84244000.0","0.0","72782000.0","11862.50584303562","6.0","5.057953251523624","0.0","1","observed","1","1","1","1","1","1","1","0","2022-05-12","1","1","no_designation","1"
"2020","46900","전라남도","진도군","전라남도 진도군","-0.0243659543","-0.0978457983","0.3651596789","0.2671177115","9.192863878387168","7.17164899601037","2.601615539125227","0.0","0.116924584","0.0","0.0","0.0","86567000.0","11462000.0","0.0","98029000.0","0.0","86567000.0","8810.215049660734","11.0","12.485506809988243","0.0","1","observed","1","1","1","1","1","1","1","0","2022-05-12","1","1","no_designation","1"
"2020","46910","전라남도","신안군","전라남도 신안군","0.045215643","-0.026650221","-0.2725366476","-0.3602199653","9.507637007488496","7.43595639685187","0.0","0.0","0.111828723","0.0","0.0","0.0","182076000.0","22925000.0","0.0","205001000.0","0.0","182076000.0","13526.04030475707","0.0","0.0","0.0","1","observed","1","1","1","1","1","1","1","0","2022-05-12","1","1","no_designation","1"
"2020","47111","경상북도","포항시 남구","경상북도 포항시 남구","","","","","","","2.246008206817554","","","","1.0","13.902120069229486","","","","","","","7100.643607480449","6.0","8.449938247399245","98714.0","0","city_district_granularity","1","1","0","0","0","1","1","0","2022-05-12","1","1","full_date","1"
"2020","47113","경상북도","포항시 북구","경상북도 포항시 북구","","","","","","","1.9564337194962582","","","","0.0","0.0","","","","","","","14817.122223133076","9.0","6.07405396572139","0.0","0","city_district_granularity","1","1","0","0","0","1","1","0","2022-05-12","1","1","no_designation","1"
"2020","47130","경상북도","경주시","경상북도 경주시","-0.3643321129","-0.4709016296","-0.0737839494","-0.1942318476","11.954231595477864","0.0","1.7817857528646623","0.0","0.0","0.0","1.0","4.472311723991565","4405701811.0","0.0","0.0","4405701811.0","139965000.0","4405701811.0","28337.47015444826","14.0","4.940455137207214","126734.0","1","observed","1","1","1","1","1","1","1","0","2022-05-12","1","1","full_date","1"
"2020","47150","경상북도","김천시","경상북도 김천시","-0.5390082206","-0.6467855016","-0.1214784083","-0.2440286806","10.678912432682603","0.0","2.041866120868108","0.0","0.0","0.0","1.0","2.6321214361316883","518174000.0","0.0","0.0","518174000.0","0.0","518174000.0","11931.440384511488","8.0","6.704974204443085","31405.0","1","observed","1","1","1","1","1","1","1","0","2022-05-12","1","1","full_date","1"
"2020","47170","경상북도","안동시","경상북도 안동시","0.402666213","0.335201308","0.4102988984","0.3206210473","11.788277883781655","7.886108271544357","1.6948505533186753","6.687908171475665","0.019673628","0.0059310915681933","1.0","2.6440329644171374","6813268793.0","137564000.0","41472000.0","6992304793.0","561770823.0","6854740793.0","51733.848193588514","23.0","4.4458320428694575","136786.0","1","observed","1","1","1","1","1","1","1","0","2022-05-12","1","1","full_date","1"
"2020","47190","경상북도","구미시","경상북도 구미시","-0.3247538286","-0.4310496889","0.1042955522","-0.0178863537","12.243194665696489","0.0","2.3592350011614758","0.0","0.0","0.0","1.0","5.3602120959717405","2382581000.0","0.0","0.0","2382581000.0","1143691000.0","2382581000.0","11478.836825550194","11.0","9.582852485119073","61529.0","1","observed","1","1","1","1","1","1","1","0","2022-05-12","1","1","full_date","1"
"2020","47210","경상북도","영주시","경상북도 영주시","-0.4880212989","-0.5954460407","-0.1991808636","-0.3199067311","11.051170546000549","0.0","1.6173720249999786","0.0","0.0","0.0","1.0","1.4878687832286497","935931000.0","0.0","0.0","935931000.0","0.0","935931000.0","14852.116160437025","6.0","4.039828355223051","22098.0","1","observed","1","1","1","1","1","1","1","0","2022-05-12","1","1","full_date","1"
"2020","47230","경상북도","영천시","경상북도 영천시","0.1209953132","0.0472260661","0.1212638392","0.0277549151","10.474966053873924","6.869638140488478","1.3059096891478061","0.0","0.026433369","0.0","1.0","2.904041503942295","789656000.0","21440000.0","0.0","811096000.0","451884000.0","719387000.0","22296.16894665656","6.0","2.6910452707615202","64749.0","1","observed","1","1","1","1","1","1","1","0","2022-05-12","1","1","full_date","1"
"2020","47250","경상북도","상주시","경상북도 상주시","0.2031517135","0.1369121622","0.3012097572","0.2117917757","9.887274613128625","8.49384122211729","1.7849256849720763","0.0","0.198835679","0.0","1.0","2.2177812026653902","357110921.0","88629000.0","0.0","445739921.0","0.0","357110921.0","18148.318667156007","9.0","4.959137077688517","40249.0","1","observed","1","1","1","1","1","1","1","0","2022-05-12","1","1","full_date","1"
"2020","47280","경상북도","문경시","경상북도 문경시","-0.6202959661","-0.7286352956","-0.2623966107","-0.3843564282","10.085426461024088","0.0","1.7112240686550244","0.0","0.0","0.0","1.0","0.07198856946908803","370235000.0","0.0","0.0","370235000.0","0.0","370235000.0","15433.00565900347","7.0","4.535733449897536","1111.0","1","observed","1","1","1","1","1","1","1","0","2022-05-12","1","1","full_date","1"
"2020","47290","경상북도","경산시","경상북도 경산시","-0.5409240996","-0.6487146276","-0.3100666945","-0.4301549078","10.66492450248736","0.0","1.3292372017497682","0.0","0.0","0.0","1.0","2.6623110289351537","308304890.0","0.0","0.0","308304890.0","22281890.0","308304890.0","7199.008602562052","2.0","2.7781603140302136","19166.0","1","observed","1","1","1","1","1","1","1","0","2022-05-12","1","1","full_date","1"
"2020","47730","경상북도","의성군","경상북도 의성군","-0.6296168561","-0.7380206331","-0.4040783777","-0.5243118084","10.017374167700735","0.0","1.1957656420685163","0.0","0.0","0.0","1.0","1.6432895410176889","777472510.0","0.0","0.0","777472510.0","0.0","777472510.0","34690.78246837473","8.0","2.3060880818393374","57007.0","1","observed","1","1","1","1","1","1","1","0","2022-05-12","1","1","full_date","1"
"2020","47750","경상북도","청송군","경상북도 청송군","-0.6524437284","-0.7610053374","-0.399637216","-0.520286434","9.850714010212442","0.0","1.2703614950753825","7.479836583253237","0.0","0.0853805913149459","0.0","0.0","444259000.0","0.0","41472000.0","485731000.0","41472000.0","485731000.0","23417.923844075623","6.0","2.562140025712787","0.0","1","observed","1","1","1","1","1","1","1","0","2022-05-12","1","1","no_designation","1"
"2020","47760","경상북도","영양군","경상북도 영양군","0.0528180143","-0.0187191663","0.0514755301","-0.0401648039","9.51604193035335","7.5003768775435615","1.2135493255581404","7.399991358453969","0.106227569","0.09607601837035","0.0","0.0","344332188.0","45854000.0","41472000.0","431658188.0","41472000.0","385804188.0","25365.598498725616","6.0","2.365408409465065","0.0","1","observed","1","1","1","1","1","1","1","0","2022-05-12","1","1","no_designation","1"
"2020","47770","경상북도","영덕군","경상북도 영덕군","-0.5976309662","-0.705813583","-0.4316699353","-0.5510383835","10.250904779703935","0.0","1.0099442796132319","0.0","0.0","0.0","1.0","1.4800526598609756","648707780.0","0.0","0.0","648707780.0","149703780.0","648707780.0","22916.752166903298","4.0","1.7454480333285873","33918.0","1","observed","1","1","1","1","1","1","1","0","2022-05-12","1","1","full_date","1"
"2020","47820","경상북도","청도군","경상북도 청도군","0.3648020392","0.3022138153","0.0588614575","-0.022938762","10.635304716642361","9.084955486734565","0.45508327398986603","0.0","0.175022938","0.0","1.0","3.2614808646896143","721425664.0","153054000.0","0.0","874479664.0","394950000.0","828625664.0","17351.933783424418","1.0","0.5763046427455011","56593.0","1","observed","1","1","1","1","1","1","1","0","2022-05-12","1","1","year_only_or_partial","1"
"2020","47830","경상북도","고령군","경상북도 고령군","-0.4338054283","-0.5408553049","-0.2376515667","-0.3570209296","11.447003379805787","0.0","1.3339706941271694","0.0","0.0","0.0","1.0","2.9773662151803917","1004468680.0","0.0","0.0","1004468680.0","0.0","1004468680.0","10729.28141560998","3.0","2.7960866005763583","31945.0","1","observed","1","1","1","1","1","1","1","0","2022-05-12","1","1","full_date","1"
"2020","47840","경상북도","성주군","경상북도 성주군","0.3193960479","0.2555806486","0.2940392457","0.2077410565","10.459571451461985","8.871893371957631","1.4643005829927211","0.0","0.169695099","0.0","1.0","2.9141058507343223","419617000.0","85760000.0","0.0","505377000.0","85760000.0","505377000.0","12031.821009921368","4.0","3.324517541194823","35062.0","1","observed","1","1","1","1","1","1","1","0","2022-05-12","1","1","full_date","1"
"2020","47850","경상북도","칠곡군","경상북도 칠곡군","0.5171368321","0.4590186921","0.5298101531","0.4467139544","11.164670670858682","9.882119225141288","1.862744564049055","0.0","0.217109949","0.0","1.0","4.083764203974916","648647510.0","179882000.0","0.0","828529510.0","476683510.0","736820510.0","9188.82631947143","5.0","5.441391344403619","37525.0","1","observed","1","1","1","1","1","1","1","0","2022-05-12","1","1","full_date","1"
"2020","47900","경상북도","예천군","경상북도 예천군","0.3680955163","0.3089262655","0.3414314996","0.2584776411","10.080025256869439","9.877314635273347","1.522797640702741","0.0","0.44949284","0.0","1.0","0.966525314162121","266224360.0","217374000.0","0.0","483598360.0","254615000.0","437744360.0","11157.493592755643","4.0","3.5850345480790837","10784.0","1","observed","1","1","1","1","1","1","1","0","2022-05-12","1","1","full_date","1"
"2020","47920","경상북도","봉화군","경상북도 봉화군","0.0578728577","-0.013029854","-0.0281538438","-0.1182164757","9.45068155928136","7.640248952825798","0.898007529492073","7.606890307281444","0.12372063","0.1196596046134476","1.0","0.4367031325084866","524469612.0","85760000.0","82945000.0","693174612.0","519083612.0","693174612.0","41245.41057568431","6.0","1.4547073034926268","18012.0","1","observed","1","1","1","1","1","1","1","0","2022-05-12","1","1","full_date","1"
"2020","47930","경상북도","울진군","경상북도 울진군","-0.6575468511","-0.7661437447","-0.4443628355","-0.5645008759","9.81345585090181","0.0","1.1131050445897408","8.757480247535613","0.0","0.2580596318382162","1.0","0.1359634527478919","715416000.0","0.0","248834000.0","964250000.0","780040000.0","964250000.0","39142.87179708679","8.0","2.043794855285861","5322.0","1","observed","1","1","1","1","1","1","1","0","2022-05-12","1","1","no_designation","1"
"2020","47940","경상북도","울릉군","경상북도 울릉군","0.7152019506","0.6668243168","0.1711213917","0.1020963932","11.182821769630632","11.835141666117996","0.0","11.785172785086928","0.404515806","0.3847991686537944","0.0","0.0","45414000.0","87195000.0","82945000.0","215554000.0","125825000.0","171239000.0","631.7685616189237","0.0","0.0","0.0","1","observed","1","1","1","1","1","1","1","0","2022-05-12","1","1","no_designation","1"
"2020","48121","경상남도","창원시 의창구","경상남도 창원시 의창구","","","","","","","1.5963960649702509","","","","0.0","0.0","","","","","","","2541.157769968237","1.0","3.9352141445845743","0.0","0","city_district_granularity","1","1","0","0","0","1","1","0","2022-05-12","1","1","no_designation","1"
"2020","48123","경상남도","창원시 성산구","경상남도 창원시 성산구","","","","","","","0.0","","","","0.0","0.0","","","","","","","1329.8962312098035","0.0","0.0","0.0","0","city_district_granularity","1","1","0","0","0","1","1","0","2022-05-12","1","1","no_designation","1"
"2020","48125","경상남도","창원시 마산합포구","경상남도 창원시 마산합포구","","","","","","","1.283382264410364","","","","0.0","0.0","","","","","","","7666.286230474932","2.0","2.6088251075854996","0.0","0","city_district_granularity","1","1","0","0","0","1","1","0","2022-05-12","1","1","no_designation","1"
"2020","48127","경상남도","창원시 마산회원구","경상남도 창원시 마산회원구","","","","","","","0.0","","","","0.0","0.0","","","","","","","2409.5996877085054","0.0","0.0","0.0","0","city_district_granularity","1","1","0","0","0","1","1","0","2022-05-12","1","1","no_designation","1"
"2020","48129","경상남도","창원시 진해구","경상남도 창원시 진해구","","","","","","","0.0","","","","0.0","0.0","","","","","","","2048.8671507068098","0.0","0.0","0.0","0","city_district_granularity","1","1","0","0","0","1","1","0","2022-05-12","1","1","no_designation","1"
"2020","48170","경상남도","진주시","경상남도 진주시","0.6877776297","0.6349003151","0.7433685681","0.6631435942","11.717807243570599","10.82957221824336","2.2451027023177983","7.265795914268316","0.289086168","0.0081847201120825","1.0","3.5392245210542517","2471785000.0","1016834000.0","28789000.0","3517408000.0","2479306000.0","2500574000.0","20138.874936018063","17.0","8.441385158808332","71276.0","1","observed","1","1","1","1","1","1","1","0","2022-05-12","1","1","full_date","1"
"2020","48220","경상남도","통영시","경상남도 통영시","0.4976145906","0.4385656297","0.4154961115","0.3330125015","11.157892191041686","9.696444199836108","1.4769518475728438","7.7566073840092855","0.183281854","0.0263329721015774","1.0","2.1427636463872477","622391840.0","144326000.0","20736000.0","787453840.0","525709260.0","643127840.0","8876.853978771702","3.0","3.3795757001008058","19021.0","1","observed","1","1","1","1","1","1","1","0","2022-05-12","1","1","full_date","1"
"2020","48240","경상남도","사천시","경상남도 사천시","-0.5234836987","-0.6311536385","-0.1690122505","-0.2906915402","10.792257757780288","0.0","1.8217852390986427","7.8965135493111696","0.0","0.0523469015110844","1.0","3.3189477733956196","563104000.0","0.0","31105000.0","594209000.0","391566000.0","594209000.0","11576.56059188012","6.0","5.182886533853969","38422.0","1","observed","1","1","1","1","1","1","1","0","2022-05-12","1","1","full_date","1"
"2020","48250","경상남도","김해시","경상남도 김해시","0.5653801551","0.5073980768","0.6114075849","0.5278407994","11.550588544424418","9.836039236197212","2.0511720860992173","7.94149549417746","0.14914784","0.0224231081548711","1.0","6.28161158211563","766098290.0","137926000.0","20736000.0","924760290.0","665634640.0","786834290.0","7377.883747532051","5.0","6.777011093015029","46345.0","1","observed","1","1","1","1","1","1","1","0","2022-05-12","1","1","full_date","1"
"2020","48270","경상남도","밀양시","경상남도 밀양시","0.5602247677","0.4983176936","0.4040295568","0.3202264948","12.176395637222493","8.928624750879909","1.2740790121142096","7.379732388669795","0.037107718","0.0078808928698685","1.0","4.0448827052511955","3769322810.0","146460000.0","31105000.0","3946887810.0","3049754510.0","3800427810.0","19414.407220770867","5.0","2.575406986750879","78529.0","1","observed","1","1","1","1","1","1","1","0","2022-05-12","1","1","full_date","1"
"2020","48310","경상남도","거제시","경상남도 거제시","0.5466334225","0.486459175","0.5662750674","0.4814756568","11.765548024639438","9.354831218290078","1.9262351373839879","7.865747523120812","0.080851627","0.0182330307205751","1.0","2.9751342559141203","1536884967.0","137926000.0","31104000.0","1705914967.0","429624967.0","1567988967.0","11938.015882610049","7.0","5.863620947427963","35517.2","1","observed","1","1","1","1","1","1","1","0","2022-05-12","1","1","full_date","1"
"2020","48330","경상남도","양산시","경상남도 양산시","0.6060896638","0.5483953229","0.6810259654","0.5971807494","11.846743008775041","9.83749960328932","2.2131306175868555","7.943051831980885","0.116165961","0.0174662477900307","1.0","6.5890093128236575","1028654550.0","137926000.0","20738000.0","1187318550.0","311940550.0","1049392550.0","7367.116617292772","6.0","8.144298932252884","48542.0","1","observed","1","1","1","1","1","1","1","0","2022-05-12","1","1","full_date","1"
"2020","48720","경상남도","의령군","경상남도 의령군","0.3115494104","0.2469780786","0.1845374502","0.0990410221","10.521975313886287","8.708186561851683","1.0673314683991117","7.185038540722628","0.136010271","0.0296359899084137","1.0","2.867328724359525","583788805.0","95165000.0","20736000.0","699689805.0","569171805.0","604524805.0","15726.48424190443","3.0","1.907610088722989","45093.0","1","observed","1","1","1","1","1","1","1","0","2022-05-12","1","1","full_date","1"
"2020","48730","경상남도","함안군","경상남도 함안군","0.4248057124","0.3635816181","0.4260192445","0.3410128373","10.911471867454804","9.306421649655594","1.7005240652073508","8.040841392083836","0.159732127","0.0450461131486382","1.0","0.5659885908937129","489637600.0","98351000.0","27736000.0","615724600.0","440527600.0","517373600.0","8934.919910690685","4.0","4.47681684892774","5057.06273","1","observed","1","1","1","1","1","1","1","0","2022-05-12","1","1","year_only_or_partial","1"
"2020","48740","경상남도","창녕군","경상남도 창녕군","0.5322967207","0.4712721537","0.4294478937","0.3456729289","11.789013535779844","9.179572666703189","1.441698557319768","7.200173116678938","0.067884924","0.0093724151958236","1.0","3.439748455400454","2041522000.0","150192000.0","20736000.0","2212450000.0","450073000.0","2070258000.0","15490.08617660588","5.0","3.2278710027780995","53282.0","1","observed","1","1","1","1","1","1","1","0","2022-05-12","1","1","full_date","1"
"2020","48820","경상남도","고성군","경상남도 고성군","0.2261365012","0.1606026831","0.2818170328","0.1934220263","9.961812774264747","8.621415929820609","1.6532126936549647","7.132650121612211","0.198154031","0.0446859955434684","1.0","1.1069806460200653","351351000.0","91951000.0","20736000.0","464038000.0","189498000.0","372087000.0","16573.00881091236","7.0","4.223735158694242","18346.0","1","observed","1","1","1","1","1","1","1","0","2022-05-12","1","1","full_date","1"
"2020","48840","경상남도","남해군","경상남도 남해군","0.3155233237","0.2527689599","0.3245392847","0.2385874473","10.245736958093586","9.125688251893445","1.590451880498823","7.613745844544693","0.233338211","0.051426913318767","1.0","2.506750904523351","288392000.0","94085000.0","20736000.0","403213000.0","218241000.0","309128000.0","10240.746279846757","4.0","3.9059653375768004","25671.0","1","observed","1","1","1","1","1","1","1","0","2022-05-12","1","1","full_date","1"
"2020","48850","경상남도","하동군","경상남도 하동군","0.40071699","0.3389913567","0.5209347024","0.4340478057","10.792740283351414","9.228267778294388","2.122412380718413","7.234739264788064","0.169014469","0.0230077861850213","1.0","3.1194742751340225","728198114.0","152326000.0","20736000.0","901260114.0","630210114.0","756934114.0","14963.42200096988","11.0","7.351259624494327","46678.01","1","observed","1","1","1","1","1","1","1","0","2022-05-12","1","1","full_date","1"
"2020","48860","경상남도","산청군","경상남도 산청군","0.0945064214","0.027558134","0.0980866661","0.0096847676","9.08680510797209","8.503749986408707","1.2867939739627072","6.992139450955389","0.331998669","0.0731713281453534","1.0","1.2250770118311567","168568690.0","94085000.0","20736000.0","283389690.0","170369690.0","189304690.0","19075.53547598588","5.0","2.621158397516275","23369.0","1","observed","1","1","1","1","1","1","1","0","2022-05-12","1","1","full_date","1"
"2020","48870","경상남도","함양군","경상남도 함양군","0.1931595158","0.1310282068","0.3648898806","0.2775844781","9.101750207219679","9.468443983304166","2.0537047827745774","7.251607734206659","0.554975131","0.0604281481168046","1.0","0.206144907863643","131974880.0","190440460.0","20736000.0","343151340.0","130263000.0","152710880.0","14712.951347826713","10.0","6.796732867248368","3033.0","1","observed","1","1","1","1","1","1","1","0","2022-05-12","1","1","full_date","1"
"2020","48880","경상남도","거창군","경상남도 거창군","0.0145856201","-0.0531250767","0.1984093221","0.1072752509","8.539089135891624","8.454799195637465","1.8704186036893031","6.943224606221626","0.433208093","0.0954775257618034","1.0","0.4454709086033151","102361000.0","94085000.0","20736000.0","217182000.0","106774000.0","123097000.0","20032.73351334976","11.0","5.491012992645077","8924.0","1","observed","1","1","1","1","1","1","1","0","2022-05-12","1","1","full_date","1"
"2020","48890","경상남도","합천군","경상남도 합천군","0.0973608015","0.0286665643","0.0671357383","-0.0221272181","9.408836469196574","8.09180224451689","1.161297746619716","6.478429618774595","0.202751681","0.0403413921437784","1.0","0.9620395015575726","389060000.0","104217000.0","20736000.0","514013000.0","168030000.0","417796000.0","31904.095362307948","7.0","2.1940756885618895","30693.0","1","observed","1","1","1","1","1","1","1","0","2022-05-12","1","1","full_date","1"
"2020","50110","제주특별자치도","제주시","제주특별자치도 제주시","","","","","","","2.814886386743821","","","","0.0","0.0","","","","","","","8922.153326506517","14.0","15.69127932200838","0.0","0","metropolitan_headquarters","1","1","0","0","0","1","1","0","2022-05-12","1","1","no_designation","1"
"2020","50130","제주특별자치도","서귀포시","제주특별자치도 서귀포시","","","","","","","2.6021308182395244","","","","0.0","0.0","","","","","","","5603.38112473483","7.0","12.492457400586439","0.0","0","metropolitan_headquarters","1","1","0","0","0","1","1","0","2022-05-12","1","1","no_designation","1"
"2020","51110","강원특별자치도","춘천시","강원특별자치도 춘천시","0.438002484","0.3737740198","0.6428677554","0.5528973858","11.535873652965805","8.584191115891517","2.4912223813967302","0.0","0.049648685","0.0","1.0","3.5009577604587196","1755220000.0","91697000.0","0.0","1846917000.0","500000000.0","1755220000.0","17154.16297742794","19.0","11.076028614745518","60056.0","1","observed","1","1","1","1","1","1","1","0","2022-05-12","1","1","full_date","1"
"2020","51130","강원특별자치도","원주시","강원특별자치도 원주시","0.1694418517","0.1042172918","0.0894163819","0.0031990069","9.42826061535459","8.78502572777279","1.0647554682883607","8.279217433493715","0.285248023","0.1719923525776872","1.0","2.906913457740541","130874000.0","68781000.0","41472000.0","241127000.0","6000000.0","172346000.0","10525.597147904828","2.0","1.900129723659536","30597.0","1","observed","1","1","1","1","1","1","1","0","2022-05-12","1","1","full_date","1"
"2020","51150","강원특별자치도","강릉시","강원특별자치도 강릉시","-0.2671766231","-0.3425596583","0.0073137833","-0.0899650935","7.4583560127438","7.119312630020816","1.8539023245238584","7.306368976359883","0.277024197","0.3340529045977382","0.0","0.0","48284000.0","34392000.0","41472000.0","124148000.0","41472000.0","89756000.0","27856.777072684443","15.0","5.38468608944305","0.0","1","observed","1","1","1","1","1","1","1","0","2022-05-12","1","1","no_designation","1"
"2020","51170","강원특별자치도","동해시","강원특별자치도 동해시","0.0256191958","-0.0396900512","-0.2860851743","-0.3689131854","8.22301906928122","8.997276528544386","0.0","0.0","0.684472396","0.0","0.0","0.0","15854000.0","34392000.0","0.0","50246000.0","0.0","15854000.0","4256.411709665215","0.0","0.0","0.0","1","observed","1","1","1","1","1","1","1","0","2022-05-12","1","1","no_designation","1"
"2020","51190","강원특별자치도","태백시","강원특별자치도 태백시","0.0359066304","-0.029609587","0.3741276793","0.2825293933","8.345566729248231","8.932393484636428","2.485649091204353","0.0","0.642660936","0.0","0.0","0.0","19123000.0","34392000.0","0.0","53515000.0","0.0","19123000.0","4541.774632373664","5.0","11.008912605130417","0.0","1","observed","1","1","1","1","1","1","1","0","2022-05-12","1","1","no_designation","1"
"2020","51210","강원특별자치도","속초시","강원특별자치도 속초시","0.216481404","0.1558762874","0.4789825467","0.3915506643","9.03919289128834","9.78689417841412","2.4292218377690054","0.0","0.678691242","0.0","0.0","0.0","16282000.0","34392000.0","0.0","50674000.0","0.0","16282000.0","1932.358474645644","2.0","10.350046465197199","0.0","1","observed","1","1","1","1","1","1","1","0","2022-05-12","1","1","no_designation","1"
"2020","51230","강원특별자치도","삼척시","강원특별자치도 삼척시","-0.3949388281","-0.4727731975","-0.2767429654","-0.3734344452","6.793018668032334","6.753498833015664","1.0957021151662139","0.0","0.490110015","0.0","0.0","0.0","35780000.0","34392000.0","0.0","70172000.0","0.0","35780000.0","40175.11991586007","8.0","1.9912821708447002","0.0","1","observed","1","1","1","1","1","1","1","0","2022-05-12","1","1","no_designation","1"
"2020","51720","강원특별자치도","홍천군","강원특별자치도 홍천군","-0.6866366182","-0.7954346474","-0.2570120015","-0.3800807983","9.601069979512886","0.0","1.89939948419029","0.0","0.0","0.0","1.0","1.6597909790577634","520235778.0","0.0","0.0","520235778.0","0.0","520235778.0","35199.612925457855","20.0","5.681880662254429","58424.0","1","observed","1","1","1","1","1","1","1","0","2022-05-12","1","1","full_date","1"
"2020","51730","강원특별자치도","횡성군","강원특별자치도 횡성군","0.0461307608","-0.0225148724","0.1006402411","0.0104330508","8.966089393392126","8.185784186833574","1.4183791880597858","7.680058573435322","0.264171144","0.1592838965950851","1.0","1.1685337531662414","150112303.0","68781000.0","41472000.0","260365303.0","0.0","191584303.0","19166.754866355743","6.0","3.1304203772815327","22397.0","1","observed","1","1","1","1","1","1","1","0","2022-05-12","1","1","full_date","1"
"2020","51750","강원특별자치도","영월군","강원특별자치도 영월군","0.0768411936","0.0052347319","-0.0060419528","-0.0967216907","9.731588422706945","7.445459834040519","0.9339334771855288","0.0","0.092234364","0.0","0.0","0.0","436136000.0","44314000.0","0.0","480450000.0","367200000.0","436136000.0","25898.378414212697","4.0","1.5444982446487272","0.0","1","observed","1","1","1","1","1","1","1","0","2022-05-12","1","1","no_designation","1"
"2020","51760","강원특별자치도","평창군","강원특별자치도 평창군","-0.1652771536","-0.2379300807","0.026922379","-0.0675133163","7.856811156215711","7.591887203333239","1.6715379551201883","0.0","0.43412482","0.0","0.0","0.0","59770000.0","45854000.0","0.0","105624000.0","0.0","59770000.0","23146.3052386974","10.0","4.320343958517142","0.0","1","observed","1","1","1","1","1","1","1","0","2022-05-12","1","1","no_designation","1"
"2020","51770","강원특별자치도","정선군","강원특별자치도 정선군","0.0519264321","-0.0186678855","0.1716408633","0.0791053314","9.347646939635878","7.721792132686356","1.673249168810969","8.091188765451106","0.132773364","0.1921309492500982","1.0","1.5378621291941597","291442565.0","57319000.0","82944000.0","431705565.0","86356565.0","374386565.0","25407.34911033557","11.0","4.329455998038481","39073.0","1","observed","1","1","1","1","1","1","1","0","2022-05-12","1","1","full_date","1"
"2020","51780","강원특별자치도","철원군","강원특별자치도 철원군","0.5262984456","0.4712553151","0.8812379691","0.7958837154","10.717829376469405","10.584762832418093","3.1774753233979083","0.0","0.46678158","0.0","0.0","0.0","39287000.0","34392000.0","0.0","73679000.0","0.0","39287000.0","870.090303707032","2.0","22.986119848468277","0.0","1","observed","1","1","1","1","1","1","1","0","2022-05-12","1","1","no_designation","1"
"2020","51790","강원특별자치도","화천군","강원특별자치도 화천군","0.0021636084","-0.0650513732","0.2194091366","0.1282362959","8.34918501484861","8.590491961195886","1.9818849894663946","0.0","0.560048201","0.0","0.0","0.0","27017000.0","34392000.0","0.0","61409000.0","0.0","27017000.0","6393.444566121614","4.0","6.25640835488854","0.0","1","observed","1","1","1","1","1","1","1","0","2022-05-12","1","1","no_designation","1"
"2020","51800","강원특별자치도","양구군","강원특별자치도 양구군","-1.1733265166","-1.2500358753","-0.7706899424","-0.8681863337","0.0","8.27163599542286","1.1860075587410859","0.0","1.0","0.0","1.0","0.27354889220141987","0.0","34392000.0","0.0","34392000.0","0.0","0.0","8795.137061745016","2.0","2.2739838912791046","2405.9","1","observed","1","1","1","1","1","1","1","0","2022-05-12","1","1","no_designation","1"
"2020","51810","강원특별자치도","인제군","강원특별자치도 인제군","-0.2310368036","-0.3063481365","-0.1614606011","-0.2560765726","7.752608610282279","7.077742010959936","1.1204067398161321","0.0","0.337315365","0.0","1.0","0.2183524465046953","67566000.0","34392000.0","0.0","101958000.0","0.0","67566000.0","29040.20587588721","6.0","2.0661010550830654","6341.0","1","observed","1","1","1","1","1","1","1","0","2022-05-12","1","1","no_designation","1"
"2020","51820","강원특별자치도","고성군","강원특별자치도 고성군","0.1383488168","0.0731187266","0.5000960607","0.4081214512","9.165519608835805","8.833893502241171","2.7058163864646385","0.0","0.417835014","0.0","0.0","0.0","47918000.0","34392000.0","0.0","82310000.0","0.0","47918000.0","5011.982153953566","7.0","13.966530177044307","0.0","1","observed","1","1","1","1","1","1","1","0","2022-05-12","1","1","no_designation","1"
"2020","51830","강원특별자치도","양양군","강원특별자치도 양양군","-0.0581755399","-0.1294176836","0.1168370653","0.0233877693","8.52443400944903","7.748261520401647","1.7430918246907","0.0","0.3150951","0.0","0.0","0.0","74756000.0","34392000.0","0.0","109148000.0","25500000.0","74756000.0","14846.2799125014","7.0","4.714985869359507","0.0","1","observed","1","1","1","1","1","1","1","0","2022-05-12","1","1","no_designation","1"
"2021","11110","서울특별시","종로구","서울특별시 종로구","-0.1538598637","-0.2619614534","-0.402288165","-0.5196689958","13.490900211407686","0.0","0.0","0.0","0.0","0.0","0.0","0.0","166111000.0","0.0","0.0","166111000.0","0.0","143153000.0","229.8134676458469","0.0","0.0","0.0","1","observed","1","1","1","1","1","1","1","0","2022-05-12","1","1","no_designation","1"
"2021","11140","서울특별시","중구","서울특별시 중구","0.1635860937","0.0533105798","-0.1913732819","-0.3094876404","15.80858932187173","0.0","0.0","0.0","0.0","0.0","0.0","0.0","43117000.0","0.0","0.0","43117000.0","0.0","43117000.0","5.8757794482012455","0.0","0.0","0.0","1","observed","1","1","1","1","1","1","1","0","2022-05-12","1","1","no_designation","1"
"2021","11170","서울특별시","용산구","서울특별시 용산구","-2.0016623643","-2.0971098865","-1.6299902017","-1.7431012846","0.0","0.0","0.0","0.0","","","0.0","0.0","0.0","0.0","0.0","0.0","0.0","0.0","97.8213309668874","0.0","0.0","0.0","1","observed","1","1","1","1","1","1","1","0","2022-05-12","1","1","no_designation","1"
"2021","11200","서울특별시","성동구","서울특별시 성동구","1.865916418","1.8231093498","0.9342682406","0.8703782063","16.556385317110628","15.976430981456689","0.0","0.0","0.358943089","0.0","0.0","0.0","41002000.0","22958000.0","0.0","63960000.0","0.0","41002000.0","2.645198610084122","0.0","0.0","0.0","1","observed","1","1","1","1","1","1","1","0","2022-05-12","1","1","no_designation","1"
"2021","11215","서울특별시","광진구","서울특별시 광진구","-2.0016623643","-2.0971098865","-1.6299902017","-1.7431012846","0.0","0.0","0.0","0.0","","","0.0","0.0","0.0","0.0","0.0","0.0","0.0","0.0","118.83692312121298","0.0","0.0","0.0","1","observed","1","1","1","1","1","1","1","0","2022-05-12","1","1","no_designation","1"
"2021","11230","서울특별시","동대문구","서울특별시 동대문구","-2.0016623643","-2.0971098865","-1.6299902017","-1.7431012846","0.0","0.0","0.0","0.0","","","0.0","0.0","0.0","0.0","0.0","0.0","0.0","0.0","10.298102799391469","0.0","0.0","0.0","1","observed","1","1","1","1","1","1","1","0","2022-05-12","1","1","no_designation","1"
"2021","11260","서울특별시","중랑구","서울특별시 중랑구","-2.0016623643","-2.0971098865","-0.3421966637","-0.5336820733","0.0","0.0","4.899325660960531","0.0","","","0.0","0.0","0.0","0.0","0.0","0.0","0.0","0.0","75.07549589800855","1.0","133.19925337003679","0.0","1","observed","1","1","1","1","1","1","1","0","2022-05-12","1","1","no_designation","1"
"2021","11290","서울특별시","성북구","서울특별시 성북구","-2.0016623643","-2.0971098865","-1.6299902017","-1.7431012846","0.0","0.0","0.0","0.0","","","0.0","0.0","0.0","0.0","0.0","0.0","0.0","0.0","145.335774548254","0.0","0.0","0.0","1","observed","1","1","1","1","1","1","1","0","2022-05-12","1","1","no_designation","1"
"2021","11305","서울특별시","강북구","서울특별시 강북구","-2.0016623643","-2.0971098865","-1.6299902017","-1.7431012846","0.0","0.0","0.0","0.0","","","0.0","0.0","0.0","0.0","0.0","0.0","0.0","0.0","116.54644819477348","0.0","0.0","0.0","1","observed","1","1","1","1","1","1","1","0","2022-05-12","1","1","no_designation","1"
"2021","11320","서울특별시","도봉구","서울특별시 도봉구","-2.0016623643","-2.0971098865","-1.6299902017","-1.7431012846","0.0","0.0","0.0","0.0","","","0.0","0.0","0.0","0.0","0.0","0.0","0.0","0.0","73.48535136777946","0.0","0.0","0.0","1","observed","1","1","1","1","1","1","1","0","2022-05-12","1","1","no_designation","1"
"2021","11350","서울특별시","노원구","서울특별시 노원구","-2.0016623643","-2.0971098865","-1.6299902017","-1.7431012846","0.0","0.0","0.0","0.0","","","0.0","0.0","0.0","0.0","0.0","0.0","0.0","0.0","333.7072077334258","0.0","0.0","0.0","1","observed","1","1","1","1","1","1","1","0","2022-05-12","1","1","no_designation","1"
"2021","11380","서울특별시","은평구","서울특별시 은평구","0.9829483526","0.9258510258","1.3367819552","1.1998689114","13.112032577396967","11.870181909366858","3.7579382829165486","10.691374253785828","0.20965801","0.0644992939153926","0.0","0.0","118218000.0","34147000.0","10505000.0","162870000.0","0.0","128723000.0","238.89171620206912","1.0","41.85996969246683","0.0","1","observed","1","1","1","1","1","1","1","0","2022-05-12","1","1","no_designation","1"
"2021","11410","서울특별시","서대문구","서울특별시 서대문구","0.9827403311","0.9252794093","0.3488901694","0.2718249127","13.164399742505067","11.79648062653964","0.0","0.0","0.202955345","0.0","0.0","0.0","51458000.0","13103000.0","0.0","64561000.0","0.0","51458000.0","98.67964301884513","0.0","0.0","0.0","1","observed","1","1","1","1","1","1","1","0","2022-05-12","1","1","no_designation","1"
"2021","11440","서울특별시","마포구","서울특별시 마포구","1.7740880442","1.723108153","0.8738578322","0.8037107417","17.185287950976477","14.199279358273367","0.0","0.0","0.048061946","0.0","0.0","0.0","234073000.0","11818000.0","0.0","245891000.0","0.0","234073000.0","8.051477974569195","0.0","0.0","0.0","1","observed","1","1","1","1","1","1","1","0","2022-05-12","1","1","no_designation","1"
"2021","11470","서울특별시","양천구","서울특별시 양천구","-2.0016623643","-2.0971098865","-1.6299902017","-1.7431012846","0.0","0.0","0.0","0.0","","","0.0","0.0","0.0","0.0","0.0","0.0","0.0","0.0","8.976266248884023","0.0","0.0","0.0","1","observed","1","1","1","1","1","1","1","0","2022-05-12","1","1","no_designation","1"
"2021","11500","서울특별시","강서구","서울특별시 강서구","1.4522179023","1.397085253","2.1964991005","2.0289396259","15.773745597414392","12.915738287394598","5.843843739103198","12.797966136119152","0.051771344","0.046019459156361","0.0","0.0","205950000.0","11818000.0","10505000.0","228273000.0","0.0","216455000.0","29.06104223806912","1.0","344.10328157124013","0.0","1","observed","1","1","1","1","1","1","1","0","2022-05-12","1","1","no_designation","1"
"2021","11530","서울특별시","구로구","서울특별시 구로구","1.7740945808","1.7232464849","0.873853166","0.803802963","17.165872809503192","14.225899254849862","0.0","13.725889116380726","0.048728474","0.0295550009987649","0.0","0.0","327614000.0","17320000.0","10505000.0","355439000.0","0.0","338119000.0","11.48996297675872","0.0","0.0","0.0","1","observed","1","1","1","1","1","1","1","0","2022-05-12","1","1","no_designation","1"
"2021","11545","서울특별시","금천구","서울특별시 금천구","1.4306669505","1.3780339358","2.2356390097","2.0665948524","15.269180060875373","13.390641913962693","6.047835004771088","0.0","0.132556726","0.0","0.0","0.0","101346000.0","15487000.0","0.0","116833000.0","0.0","101346000.0","23.685691596715643","1.0","422.195820593503","0.0","1","observed","1","1","1","1","1","1","1","0","2022-05-12","1","1","no_designation","1"
"2021","11560","서울특별시","영등포구","서울특별시 영등포구","","","","","","","","","","","0.0","","0.0","0.0","0.0","0.0","0.0","0.0","0.0","0.0","","0.0","1","observed","1","0","0","0","1","1","1","0","2022-05-12","1","1","no_designation","1"
"2021","11590","서울특별시","동작구","서울특별시 동작구","1.3549739817","1.3033089957","0.5956363938","0.5238446369","14.650159345779308","13.481435074761135","0.0","0.0","0.237085482","0.0","0.0","0.0","38029000.0","11818000.0","0.0","49847000.0","0.0","38029000.0","16.505615771295272","0.0","0.0","0.0","1","observed","1","1","1","1","1","1","1","0","2022-05-12","1","1","no_designation","1"
"2021","11620","서울특별시","관악구","서울특별시 관악구","-2.0016623643","-2.0971098865","-0.7067886356","-0.8760852009","0.0","0.0","3.5122595271482275","0.0","","","0.0","0.0","0.0","0.0","0.0","0.0","0.0","0.0","307.4659134273305","1.0","32.52393050185544","0.0","1","observed","1","1","1","1","1","1","1","0","2022-05-12","1","1","no_designation","1"
"2021","11650","서울특별시","서초구","서울특별시 서초구","1.4489261775","1.3945765312","0.6581988428","0.5846896606","15.637449693138072","13.069283280028644","0.0","0.0","0.071215361","0.0","0.0","0.0","458332000.0","35143000.0","0.0","493475000.0","0.0","458332000.0","74.11773473902872","0.0","0.0","0.0","1","observed","1","1","1","1","1","1","1","0","2022-05-12","1","1","no_designation","1"
"2021","11680","서울특별시","강남구","서울특별시 강남구","-2.0016623643","-2.0971098865","-1.6299902017","-1.7431012846","0.0","0.0","0.0","0.0","","","0.0","0.0","0.0","0.0","0.0","0.0","0.0","0.0","14.617439325667457","0.0","0.0","0.0","1","observed","1","1","1","1","1","1","1","0","2022-05-12","1","1","no_designation","1"
"2021","11710","서울특별시","송파구","서울특별시 송파구","1.5502494717","1.5031824852","0.7249741752","0.6570936299","15.199681138066946","14.679830400474678","0.0","13.501593822363873","0.334493168","0.102963950365593","1.0","78.23904940838767","57394000.0","34127000.0","10505000.0","102026000.0","10505000.0","67899000.0","14.37900905630627","0.0","0.0","1125.0","1","observed","1","1","1","1","1","1","1","0","2022-05-12","1","1","full_date","1"
"2021","11740","서울특별시","강동구","서울특별시 강동구","1.3430902825","1.2895540694","0.587874153","0.514674686","14.851649346604674","13.08718284458292","0.0","12.96941064488339","0.129410219","0.115032522283787","0.0","0.0","68999000.0","11818000.0","10505000.0","91322000.0","0.0","79504000.0","24.482377619817925","0.0","0.0","0.0","1","observed","1","1","1","1","1","1","1","0","2022-05-12","1","1","no_designation","1"
"2021","26110","부산광역시","중구","부산광역시 중구","-2.0016623643","-2.0971098865","-1.6299902017","-1.7431012846","0.0","0.0","0.0","0.0","","","0.0","0.0","0.0","0.0","0.0","0.0","0.0","0.0","1.906190096631038","0.0","0.0","0.0","1","observed","1","1","1","1","1","1","1","0","2022-05-12","1","1","no_designation","1"
"2021","26140","부산광역시","서구","부산광역시 서구","0.772385401","0.720835376","0.2088223635","0.1355288904","10.968653073323777","12.699091334526381","0.0","0.0","0.849470283","0.0","0.0","0.0","10017000.0","56528000.0","0.0","66545000.0","1680000.0","10017000.0","172.63134516067018","0.0","0.0","0.0","1","observed","1","1","1","1","1","1","1","0","2022-05-12","1","1","no_designation","1"
"2021","26170","부산광역시","동구","부산광역시 동구","0.7606328566","0.7097705061","0.2009723406","0.1281523105","10.793210685690216","12.82168958861153","0.0","0.0","0.883756736","0.0","0.0","0.0","5889000.0","44772000.0","0.0","50661000.0","840000.0","5889000.0","120.95355330492292","0.0","0.0","0.0","1","observed","1","1","1","1","1","1","1","0","2022-05-12","1","1","no_designation","1"
"2021","26200","부산광역시","영도구","부산광역시 영도구","0.8738209209","0.8217420552","0.2762060033","0.2028000099","11.684761727225455","12.73256953572248","0.0","0.0","0.740354767","0.0","0.0","0.0","35130000.0","100170000.0","0.0","135300000.0","27937000.0","35130000.0","295.8382103460892","0.0","0.0","0.0","1","observed","1","1","1","1","1","1","1","0","2022-05-12","1","1","no_designation","1"
"2021","26230","부산광역시","부산진구","부산광역시 부산진구","0.493621647","0.4392021346","0.0239349356","-0.0522266038","9.638811230538796","11.734260072489768","0.0","0.0","0.890465616","0.0","1.0","7.24271818701105","6067000.0","49322000.0","0.0","55389000.0","5627000.0","6067000.0","395.29357985161545","0.0","0.0","2863.0","1","observed","1","1","1","1","1","1","1","0","2022-05-12","1","1","full_date","1"
"2021","26260","부산광역시","동래구","부산광역시 동래구","0.631844733","0.5778901406","1.072223434","0.9385650321","10.439613291348678","12.01925582155426","3.6391233973861983","0.0","0.829157175","0.0","1.0","1.1599297965283146","9225000.0","44772000.0","0.0","53997000.0","1680000.0","9225000.0","269.8439172239675","1.0","37.0584599529813","313.0","1","observed","1","1","1","1","1","1","1","0","2022-05-12","1","1","full_date","1"
"2021","26290","부산광역시","남구","부산광역시 남구","0.6703659896","0.6171141208","0.1412034854","0.066381387","10.578176062564898","12.21440712806526","0.0","0.0","0.837024243","0.0","0.0","0.0","15852000.0","81414000.0","0.0","97266000.0","10803000.0","15852000.0","403.6933829853463","0.0","0.0","0.0","1","observed","1","1","1","1","1","1","1","0","2022-05-12","1","1","no_designation","1"
"2021","26320","부산광역시","북구","부산광역시 북구","0.5098232192","0.4557238875","0.0346699923","-0.0412121019","9.693453965153951","11.821310140799232","0.0","0.0","0.893586483","0.0","0.0","0.0","13642000.0","114556000.0","0.0","128198000.0","10089000.0","13642000.0","841.5719818660857","0.0","0.0","0.0","1","observed","1","1","1","1","1","1","1","0","2022-05-12","1","1","no_designation","1"
"2021","26350","부산광역시","해운대구","부산광역시 해운대구","0.5349499447","0.4774047128","0.0515882043","-0.0267582184","10.36020372908601","11.16028981988723","0.0","0.0","0.689996627","0.0","0.0","0.0","51468000.0","114556000.0","0.0","166024000.0","19968000.0","51468000.0","1629.9404391041692","0.0","0.0","0.0","1","observed","1","1","1","1","1","1","1","0","2022-05-12","1","1","no_designation","1"
"2021","26380","부산광역시","사하구","부산광역시 사하구","-0.2965182902","-0.4036429306","-0.4970721263","-0.6141233139","12.449343770717336","0.0","0.0","0.0","0.0","0.0","0.0","0.0","127493000.0","0.0","0.0","127493000.0","16652000.0","36823000.0","499.8120704551127","0.0","0.0","0.0","1","observed","1","1","1","1","1","1","1","0","2022-05-12","1","1","no_designation","1"
"2021","26410","부산광역시","금정구","부산광역시 금정구","0.6002613737","0.542593462","0.5874962759","0.479262033","10.789129152145385","11.22582673757929","1.8738228842089364","10.050518606182985","0.511541208","0.157920252546131","1.0","3.0989404216782757","87953000.0","136116000.0","42021000.0","266090000.0","97412000.0","129974000.0","1813.84577795654","1.0","5.513147877029489","5621.0","1","observed","1","1","1","1","1","1","1","0","2022-05-12","1","1","full_date","1"
"2021","26440","부산광역시","강서구","부산광역시 강서구","0.3707509527","0.3136524304","-0.0574612518","-0.1359264066","9.26143171840175","11.023444311964907","0.0","10.929477992578008","0.480307997","0.4372301128973518","0.0","0.0","15850000.0","92320000.0","84040000.0","192210000.0","96513000.0","99890000.0","1506.1972314866955","0.0","0.0","0.0","1","observed","1","1","1","1","1","1","1","0","2022-05-12","1","1","no_designation","1"
"2021","26470","부산광역시","연제구","부산광역시 연제구","-0.6824855922","-0.7217247997","0.4885074802","0.3444413386","0.0","13.173098934274279","4.742147957536866","0.0","1.0","0.0","0.0","0.0","0.0","46272000.0","0.0","46272000.0","0.0","0.0","87.96601540319242","1.0","113.68026565901592","0.0","1","observed","1","1","1","1","1","1","1","0","2022-05-12","1","1","no_designation","1"
"2021","26500","부산광역시","수영구","부산광역시 수영구","-0.1412404194","-0.2494284292","-0.3939036556","-0.5113136464","13.583035417221048","0.0","0.0","0.0","0.0","0.0","0.0","0.0","70576000.0","0.0","0.0","70576000.0","0.0","792000.0","89.04719818289425","0.0","0.0","0.0","1","observed","1","1","1","1","1","1","1","0","2022-05-12","1","1","no_designation","1"
"2021","26530","부산광역시","사상구","부산광역시 사상구","0.5267300746","0.4729378211","0.0458742129","-0.0297361462","9.754467265520134","11.906689862824564","0.0","0.0","0.895881072","0.0","1.0","2.328025882688581","9133000.0","78584000.0","0.0","87717000.0","2380000.0","9133000.0","530.0628352872448","0.0","0.0","1234.0","1","observed","1","1","1","1","1","1","1","0","2022-05-12","1","1","full_date","1"
"2021","26710","부산광역시","기장군","부산광역시 기장군","-0.3827559698","-0.4892900398","0.074558055","-0.0805700062","11.819718077536772","0.0","2.392713327883951","10.171349014534313","0.0","0.1613253173209436","0.0","0.0","683410000.0","0.0","131459000.0","814869000.0","252200000.0","814869000.0","5028.5895226531065","5.0","9.943146040208065","0.0","1","observed","1","1","1","1","1","1","1","0","2022-05-12","1","1","no_designation","1"
"2021","27110","대구광역시","중구","대구광역시 중구","","","","","","","","","","","0.0","","0.0","0.0","0.0","0.0","0.0","0.0","0.0","0.0","","0.0","1","observed","1","0","0","0","1","1","1","0","2022-05-12","1","1","no_designation","1"
"2021","27140","대구광역시","동구","대구광역시 동구","-2.0016623643","-2.0971098865","-1.6299902017","-1.7431012846","0.0","0.0","0.0","0.0","","","1.0","0.32977705276000957","0.0","0.0","0.0","0.0","0.0","0.0","4979.1214587478935","0.0","0.0","1642.0","1","observed","1","1","1","1","1","1","1","0","2022-05-12","1","1","full_date","1"
"2021","27170","대구광역시","서구","대구광역시 서구","1.1467748081","1.0984711098","0.4571741159","0.3872860463","12.84435812985895","13.872233720336757","0.0","0.0","0.736504157","0.0","0.0","0.0","12393000.0","34640000.0","0.0","47033000.0","12128000.0","12393000.0","32.729829073412375","0.0","0.0","0.0","1","observed","1","1","1","1","1","1","1","0","2022-05-12","1","1","no_designation","1"
"2021","27200","대구광역시","남구","대구광역시 남구","-2.0016623643","-2.0971098865","-1.6299902017","-1.7431012846","0.0","0.0","0.0","0.0","","","1.0","3.2251318161485516","0.0","0.0","0.0","0.0","0.0","0.0","291.15089042200844","0.0","0.0","939.0","1","observed","1","1","1","1","1","1","1","0","2022-05-12","1","1","no_designation","1"
"2021","27230","대구광역시","북구","대구광역시 북구","0.5486337387","0.4875341005","0.0609163658","-0.0200052933","10.970994614263578","10.461538620067373","0.0","0.0","0.375318384","0.0","1.0","0.8026163765178406","132683000.0","79718000.0","0.0","212401000.0","131633000.0","132683000.0","2281.289110924714","0.0","0.0","1831.0","1","observed","1","1","1","1","1","1","1","0","2022-05-12","1","1","full_date","1"
"2021","27260","대구광역시","수성구","대구광역시 수성구","0.3451586496","0.2857706324","-0.0742966554","-0.1545142719","9.438440043160659","10.525784305737034","0.0","0.0","0.747891249","0.0","1.0","0.5766024603150499","13659000.0","40520000.0","0.0","54179000.0","13162000.0","13659000.0","1087.4043091273204","0.0","0.0","627.0","1","observed","1","1","1","1","1","1","1","0","2022-05-12","1","1","full_date","1"
"2021","27290","대구광역시","달서구","대구광역시 달서구","0.6201098485","0.5603659533","0.1082798537","0.0285492753","11.220444537444418","10.834108680204462","0.0","0.0","0.404598157","0.0","0.0","0.0","60082000.0","40828000.0","0.0","100910000.0","60082000.0","60082000.0","804.9576875048305","0.0","0.0","0.0","1","observed","1","1","1","1","1","1","1","0","2022-05-12","1","1","no_designation","1"
"2021","27710","대구광역시","달성군","대구광역시 달성군","0.4140752295","0.3427447325","0.1611785086","0.0608743129","11.634937964984399","8.209764202127367","0.7186664741830996","0.0","0.031509886","0.0","1.0","1.1681180772222493","1074225700.0","34950000.0","0.0","1109175700.0","1074225700.0","1074225700.0","9508.456564949429","1.0","1.0516953967968392","11107.0","1","observed","1","1","1","1","1","1","1","0","2022-05-12","1","1","full_date","1"
"2021","27720","대구광역시","군위군","대구광역시 군위군","","","","","","","1.1698046709772003","","","","1.0","1.9779574620955291","","","","","","","18006.959544148078","4.0","2.2213633513159774","35617.0","0","administrative_history","1","1","0","0","0","1","1","0","2022-05-12","1","1","full_date","1"
"2021","28110","인천광역시","중구","인천광역시 중구","-0.502281622","-0.6079971599","-0.63378374","-0.7503594669","10.947055200232752","0.0","0.0","10.042760815425547","0.0","0.2881634892333013","0.0","0.0","51900000.0","0.0","21010000.0","72910000.0","25392000.0","72910000.0","913.9645250586208","0.0","0.0","0.0","1","observed","1","1","1","1","1","1","1","0","2022-05-12","1","1","no_designation","1"
"2021","28140","인천광역시","동구","인천광역시 동구","","","","","","","","","","","0.0","","0.0","0.0","0.0","0.0","0.0","0.0","0.0","0.0","","0.0","1","observed","1","0","0","0","1","1","1","0","2022-05-12","1","1","no_designation","1"
"2021","28177","인천광역시","미추홀구","인천광역시 미추홀구","0.1568356937","0.0466064077","-0.1958583282","-0.3139570884","15.759304307843413","0.0","0.0","0.0","0.0","0.0","0.0","0.0","123718000.0","0.0","0.0","123718000.0","0.0","123718000.0","17.711447384754308","0.0","0.0","0.0","1","observed","1","1","1","1","1","1","1","0","2022-05-12","1","1","no_designation","1"
"2021","28185","인천광역시","연수구","인천광역시 연수구","-0.1198495931","-0.2281840909","-0.3796913353","-0.4971507542","13.739210930323466","0.0","0.0","0.0","0.0","0.0","0.0","0.0","35678000.0","0.0","0.0","35678000.0","9641000.0","35678000.0","38.50680424275977","0.0","0.0","0.0","1","observed","1","1","1","1","1","1","1","0","2022-05-12","1","1","no_designation","1"
"2021","28200","인천광역시","남동구","인천광역시 남동구","0.9995888521","0.9473230727","0.3597216354","0.2865206882","12.503446564836693","12.868731235515098","0.0","12.77130336141777","0.384443006","0.3487542121076307","0.0","0.0","16073000.0","23160000.0","21010000.0","60243000.0","22763000.0","37083000.0","59.69262942462092","0.0","0.0","0.0","1","observed","1","1","1","1","1","1","1","0","2022-05-12","1","1","no_designation","1"
"2021","28237","인천광역시","부평구","인천광역시 부평구","-0.1525681305","-0.2606785662","-0.401429922","-0.5188137377","13.500331221749951","0.0","0.0","0.0","0.0","0.0","0.0","0.0","25386000.0","0.0","0.0","25386000.0","0.0","25386000.0","34.791689392013495","0.0","0.0","0.0","1","observed","1","1","1","1","1","1","1","0","2022-05-12","1","1","no_designation","1"
"2021","28245","인천광역시","계양구","인천광역시 계양구","-0.0758968369","-0.1845323307","-0.3504885994","-0.4680495807","14.06011224315211","0.0","0.0","0.0","0.0","0.0","0.0","0.0","43568000.0","0.0","0.0","43568000.0","4382000.0","43568000.0","34.114483621966656","0.0","0.0","0.0","1","observed","1","1","1","1","1","1","1","0","2022-05-12","1","1","no_designation","1"
"2021","28260","인천광역시","서구","인천광역시 서구","1.1866676152","1.1334345197","1.8482175088","1.6917893503","13.822988858110392","12.932097077027029","5.190084931668839","12.834669186735427","0.230177503","0.2088095569381224","0.0","0.0","56448000.0","23160000.0","21010000.0","100618000.0","21010000.0","77458000.0","56.02749502255566","1.0","178.48379614284343","0.0","1","observed","1","1","1","1","1","1","1","0","2022-05-12","1","1","no_designation","1"
"2021","28710","인천광역시","강화군","인천광역시 강화군","1.1714965331","1.1134317848","0.4742549736","0.3972598296","14.44083321631167","11.935558237090564","0.0","11.449721513698304","0.072138728","0.0443782825548865","0.0","0.0","427604000.0","34915000.0","21479000.0","483998000.0","34628000.0","449083000.0","228.8062122056636","0.0","0.0","0.0","1","observed","1","1","1","1","1","1","1","0","2022-05-12","1","1","no_designation","1"
"2021","28720","인천광역시","옹진군","인천광역시 옹진군","0.1909104513","0.1239132995","-0.1761888491","-0.2624191606","9.591501932513886","8.776138265309825","0.0","0.0","0.306730406","0.0","0.0","0.0","78892000.0","34905000.0","0.0","113797000.0","0.0","78892000.0","5389.2244303518055","0.0","0.0","0.0","1","observed","1","1","1","1","1","1","1","0","2022-05-12","1","1","no_designation","1"
"2021","29110","광주광역시","동구","광주광역시 동구","-0.7218976864","-0.8261092559","-0.7796992745","-0.8957675308","9.343627123986305","0.0","0.0","0.0","0.0","0.0","0.0","0.0","8950000.0","0.0","0.0","8950000.0","0.0","8950000.0","783.3851705913617","0.0","0.0","0.0","1","observed","1","1","1","1","1","1","1","0","2022-05-12","1","1","no_designation","1"
"2021","29140","광주광역시","서구","광주광역시 서구","-0.2974717782","-0.4045898889","0.6611220163","0.4735474901","12.442382306165799","0.0","4.408683443061346","0.0","0.0","0.0","1.0","24.957075869441983","31211000.0","0.0","0.0","31211000.0","22697000.0","31211000.0","123.21154994624592","1.0","81.16122233964873","3075.0","1","observed","1","1","1","1","1","1","1","0","2022-05-12","1","1","full_date","1"
"2021","29155","광주광역시","남구","광주광역시 남구","-0.3893261205","-0.495815197","-0.5587347566","-0.6755714916","11.771749072298922","0.0","0.0","10.802559754574245","0.0","0.2750395999424","1.0","9.894584687655971","55379000.0","0.0","21010000.0","76389000.0","18096000.0","76389000.0","427.50657390169727","0.0","0.0","4230.0","1","observed","1","1","1","1","1","1","1","0","2022-05-12","1","1","full_date","1"
"2021","29170","광주광역시","북구","광주광역시 북구","-0.5727618424","-0.6779947198","-0.6806116397","-0.7970245067","10.432475519620581","0.0","0.0","0.0","0.0","0.0","0.0","0.0","43229000.0","0.0","0.0","43229000.0","0.0","43229000.0","1273.56593173623","0.0","0.0","0.0","1","observed","1","1","1","1","1","1","1","0","2022-05-12","1","1","no_designation","1"
"2021","29200","광주광역시","광산구","광주광역시 광산구","0.3422821967","0.2814708","-0.0761091929","-0.1573808269","9.630473029067572","10.234411688573434","0.0","0.0","0.646563698","0.0","1.0","5.79252637905816","38169000.0","69825000.0","0.0","107994000.0","33849000.0","38169000.0","2507.7140869856285","0.0","0.0","14526.0","1","observed","1","1","1","1","1","1","1","0","2022-05-12","1","1","full_date","1"
"2021","30110","대전광역시","동구","대전광역시 동구","0.3930670696","0.3322124929","-0.0423879321","-0.1235530316","9.956288939838094","10.29591433764981","0.0","10.154771971713604","0.387538542","0.3365234453209466","0.0","0.0","13782000.0","19356000.0","16808000.0","49946000.0","22019000.0","30590000.0","653.689482043021","0.0","0.0","0.0","1","observed","1","1","1","1","1","1","1","0","2022-05-12","1","1","no_designation","1"
"2021","30140","대전광역시","중구","대전광역시 중구","-0.4407649453","-0.5469017599","-0.5929113257","-0.7096292002","11.396191591587185","0.0","0.0","0.0","0.0","0.0","0.0","0.0","32635000.0","0.0","0.0","32635000.0","0.0","32635000.0","366.7628803788808","0.0","0.0","0.0","1","observed","1","1","1","1","1","1","1","0","2022-05-12","1","1","no_designation","1"
"2021","30170","대전광역시","서구","대전광역시 서구","0.4728818282","0.4127565498","0.0105547592","-0.0698569937","10.350668527374705","10.553528591643557","0.0","10.412385063047843","0.37247431","0.3234422507023823","0.0","0.0","15802000.0","19356000.0","16808000.0","51966000.0","20234000.0","32610000.0","505.2283558195524","0.0","0.0","0.0","1","observed","1","1","1","1","1","1","1","0","2022-05-12","1","1","no_designation","1"
"2021","30200","대전광역시","유성구","대전광역시 유성구","0.4879900445","0.4243878916","0.0208233591","-0.0621027658","10.958973520087458","9.872401479368284","0.0","0.0","0.252257888","0.0","1.0","6.951058470741854","57375000.0","19356000.0","0.0","76731000.0","20000000.0","57375000.0","998.4090954221718","0.0","0.0","6940.0","1","observed","1","1","1","1","1","1","1","0","2022-05-12","1","1","full_date","1"
"2021","30230","대전광역시","대덕구","대전광역시 대덕구","0.8223432552","0.7666177539","0.242276909","0.1660504757","11.899296428533859","11.92509637302705","0.0","11.783949891513622","0.351754593","0.3054500517927563","0.0","0.0","18863000.0","19356000.0","16808000.0","55027000.0","20234000.0","35671000.0","128.17842723143983","0.0","0.0","0.0","1","observed","1","1","1","1","1","1","1","0","2022-05-12","1","1","no_designation","1"
"2021","31110","울산광역시","중구","울산광역시 중구","0.8804021457","0.8198066666","0.9788759602","0.8567654481","12.983421699048778","11.022075694143156","2.654423728532664","10.924798153431093","0.110910343","0.1006292471186948","1.0","4.892856016082218","329231500.0","46312000.0","42019000.0","417562500.0","326086500.0","371250500.0","756.6133129264339","1.0","13.216790967266931","3702.0","1","observed","1","1","1","1","1","1","1","0","2022-05-12","1","1","full_date","1"
"2021","31140","울산광역시","남구","울산광역시 남구","0.7563355037","0.6994229705","1.0384431475","0.9100480816","11.659337029038278","11.59415205864595","3.195384426870547","0.0","0.48370938","0.0","1.0","17.100962290619904","49431440.0","46312000.0","0.0","95743440.0","28933440.0","49431440.0","426.9935150962376","1.0","23.419559422925094","7302.0","1","observed","1","1","1","1","1","1","1","0","2022-05-12","1","1","full_date","1"
"2021","31170","울산광역시","동구","울산광역시 동구","-0.3027122219","-0.4097944452","-0.5011874485","-0.6182243237","12.404121559248312","0.0","0.0","10.196461381277192","0.0","0.0990617453716125","1.0","3.8550387218694464","214899000.0","0.0","23629000.0","238528000.0","96629000.0","192216000.0","881.4438051486518","0.0","0.0","3398.0","1","observed","1","1","1","1","1","1","1","0","2022-05-12","1","1","full_date","1"
"2021","31200","울산광역시","북구","울산광역시 북구","-0.27948439","-0.3867256814","-0.4857545997","-0.6028451479","12.573709144033348","0.0","0.0","10.183248343403326","0.0","0.0839003672282104","1.0","3.2222671864433656","917613350.0","0.0","84039000.0","1001652350.0","839962350.0","885517350.0","3176.645326950111","0.0","0.0","10236.0","1","observed","1","1","1","1","1","1","1","0","2022-05-12","1","1","full_date","1"
"2021","31710","울산광역시","울주군","울산광역시 울주군","-0.3943383604","-0.5007931122","0.1221017711","-0.03636135","11.735154453569585","0.0","2.602867204245338","9.41501952075354","0.0","0.0894630801326776","1.0","4.793682109472483","1897884030.0","0.0","186473000.0","2084357030.0","1562185130.0","1632079030.0","15197.086151383684","19.0","12.502396716537707","72850.0","1","observed","1","1","1","1","1","1","1","0","2022-05-12","1","1","full_date","1"
"2021","36110","세종특별자치시","세종시","세종특별자치시","","","","","","","0.0","","","","1.0","14.616903228121398","","","","","","","1192.393472679509","0.0","0.0","17429.1","0","metropolitan_headquarters","1","1","0","0","1","1","1","0","2022-05-12","1","1","full_date","1"
"2021","41111","경기도","수원시 장안구","경기도 수원시 장안구","","","","","","","0.0","","","","0.0","0.0","","","","","","","85.05865042808178","0.0","0.0","0.0","0","city_district_granularity","1","1","0","0","0","1","1","0","2022-05-12","1","1","no_designation","1"
"2021","41113","경기도","수원시 권선구","경기도 수원시 권선구","","","","","","","0.0","","","","0.0","0.0","","","","","","","170.43992340554186","0.0","0.0","0.0","0","city_district_granularity","1","1","0","0","0","1","1","0","2022-05-12","1","1","no_designation","1"
"2021","41115","경기도","수원시 팔달구","경기도 수원시 팔달구","","","","","","","0.0","","","","0.0","0.0","","","","","","","25.619779523619485","0.0","0.0","0.0","0","city_district_granularity","1","1","0","0","0","1","1","0","2022-05-12","1","1","no_designation","1"
"2021","41117","경기도","수원시 영통구","경기도 수원시 영통구","","","","","","","0.0","","","","0.0","0.0","","","","","","","23.33984101400128","0.0","0.0","0.0","0","city_district_granularity","1","1","0","0","0","1","1","0","2022-05-12","1","1","no_designation","1"
"2021","41131","경기도","성남시 수정구","경기도 성남시 수정구","","","","","","","0.0","","","","1.0","196.83577860768258","","","","","","","69.33698790199168","0.0","0.0","13648.0","0","city_district_granularity","1","1","0","0","0","1","1","0","2022-05-12","1","1","full_date","1"
"2021","41133","경기도","성남시 중원구","경기도 성남시 중원구","","","","","","","0.0","","","","0.0","0.0","","","","","","","35.30985662800179","0.0","0.0","0.0","0","city_district_granularity","1","1","0","0","0","1","1","0","2022-05-12","1","1","no_designation","1"
"2021","41135","경기도","성남시 분당구","경기도 성남시 분당구","","","","","","","0.0","","","","0.0","0.0","","","","","","","85.3753791350048","0.0","0.0","0.0","0","city_district_granularity","1","1","0","0","0","1","1","0","2022-05-12","1","1","no_designation","1"
"2021","41150","경기도","의정부시","경기도 의정부시","1.0039069349","0.9472393943","0.362889393","0.2864649026","13.18041686890474","11.985940054016634","0.0","0.0","0.232458442","0.0","0.0","0.0","147708000.0","44735000.0","0.0","192443000.0","0.0","147708000.0","278.75490754903177","0.0","0.0","0.0","1","observed","1","1","1","1","1","1","1","0","2022-05-12","1","1","no_designation","1"
"2021","41171","경기도","안양시 만안구","경기도 안양시 만안구","","","","","","","0.0","","","","0.0","0.0","","","","","","","290.4824929770212","0.0","0.0","0.0","0","city_district_granularity","1","1","0","0","0","1","1","0","2022-05-12","1","1","no_designation","1"
"2021","41173","경기도","안양시 동안구","경기도 안양시 동안구","","","","","","","0.0","","","","0.0","0.0","","","","","","","126.58462253451908","0.0","0.0","0.0","0","city_district_granularity","1","1","0","0","0","1","1","0","2022-05-12","1","1","no_designation","1"
"2021","41190","경기도","부천시","경기도 부천시","-2.0016623643","-2.0971098865","-1.6299902017","-1.7431012846","0.0","0.0","0.0","0.0","","","0.0","0.0","0.0","0.0","0.0","0.0","0.0","0.0","36.07376757388423","0.0","0.0","0.0","1","observed","1","1","1","1","1","1","1","0","2022-05-12","1","1","no_designation","1"
"2021","41210","경기도","광명시","경기도 광명시","-2.0016623643","-2.0971098865","-1.6299902017","-1.7431012846","0.0","0.0","0.0","0.0","","","0.0","0.0","0.0","0.0","0.0","0.0","0.0","0.0","47.751851686935886","0.0","0.0","0.0","1","observed","1","1","1","1","1","1","1","0","2022-05-12","1","1","no_designation","1"
"2021","41220","경기도","평택시","경기도 평택시","0.8796561676","0.8188668138","0.2806755079","0.2008831823","13.007350142567256","10.9818988799282","0.0","0.0","0.116554974","0.0","1.0","17.431992035014527","355273000.0","46872000.0","0.0","402145000.0","83146000.0","355273000.0","797.155022334108","0.0","0.0","13896.0","1","observed","1","1","1","1","1","1","1","0","2022-05-12","1","1","full_date","1"
"2021","41250","경기도","동두천시","경기도 동두천시","-0.1889160811","-0.2967775998","-0.4255799343","-0.5428797601","13.23495298196859","0.0","0.0","0.0","0.0","0.0","1.0","15.77048846675116","339431000.0","0.0","0.0","339431000.0","60621000.0","339431000.0","606.5760119078079","0.0","0.0","9566.0","1","observed","1","1","1","1","1","1","1","0","2022-05-12","1","1","full_date","1"
"2021","41271","경기도","안산시 상록구","경기도 안산시 상록구","","","","","","","5.0311828283386655","","","","0.0","0.0","","","","","","","65.74016284349608","1.0","152.11401322212174","0.0","0","city_district_granularity","1","1","0","0","0","1","1","0","2022-05-12","1","1","no_designation","1"
"2021","41273","경기도","안산시 단원구","경기도 안산시 단원구","","","","","","","3.2751258344723455","","","","0.0","0.0","","","","","","","785.9610641501805","2.0","25.446553159252204","0.0","0","city_district_granularity","1","1","0","0","0","1","1","0","2022-05-12","1","1","no_designation","1"
"2021","41281","경기도","고양시 덕양구","경기도 고양시 덕양구","","","","","","","0.0","","","","0.0","0.0","","","","","","","370.53883386907233","0.0","0.0","0.0","0","city_district_granularity","1","1","0","0","0","1","1","0","2022-05-12","1","1","no_designation","1"
"2021","41285","경기도","고양시 일산동구","경기도 고양시 일산동구","","","","","","","0.0","","","","0.0","0.0","","","","","","","41.36806591457648","0.0","0.0","0.0","0","city_district_granularity","1","1","0","0","0","1","1","0","2022-05-12","1","1","no_designation","1"
"2021","41287","경기도","고양시 일산서구","경기도 고양시 일산서구","","","","","","","0.0","","","","0.0","0.0","","","","","","","0.7017427118900311","0.0","0.0","0.0","0","city_district_granularity","1","1","0","0","0","1","1","0","2022-05-12","1","1","no_designation","1"
"2021","41290","경기도","과천시","경기도 과천시","1.0351428646","0.980575118","1.382149527","1.2465753104","13.066912012538078","12.453101018528432","3.7993541065834466","0.0","0.351189941","0.0","1.0","2.2010850093808556","108313000.0","58628000.0","0.0","166941000.0","0.0","108313000.0","228.97798033787456","1.0","43.67232161469951","504.0","1","observed","1","1","1","1","1","1","1","0","2022-05-12","1","1","full_date","1"
"2021","41310","경기도","구리시","경기도 구리시","0.9452824918","0.892074387","0.3237296484","0.2496882311","12.300965236532864","12.60337544837571","0.0","0.0","0.575031897","0.0","0.0","0.0","34640000.0","46872000.0","0.0","81512000.0","0.0","34640000.0","157.52102674362388","0.0","0.0","0.0","1","observed","1","1","1","1","1","1","1","0","2022-05-12","1","1","no_designation","1"
"2021","41360","경기도","남양주시","경기도 남양주시","-0.2310454035","-0.3386184134","0.147056193","-0.0067000971","12.927364652264705","0.0","2.2850471842265367","10.115610106609415","0.0","0.0566902448797322","1.0","10.32500662028769","1398402000.0","0.0","84040000.0","1482442000.0","1468136000.0","1482442000.0","3398.9905566784173","3.0","8.826149852359928","35094.6","1","observed","1","1","1","1","1","1","1","0","2022-05-12","1","1","full_date","1"
"2021","41370","경기도","오산시","경기도 오산시","-0.0988329413","-0.2073113648","-0.365727621","-0.4832356034","13.892654575887759","0.0","0.0","0.0","0.0","0.0","0.0","0.0","164865000.0","0.0","0.0","164865000.0","0.0","164865000.0","152.6249897117882","0.0","0.0","0.0","1","observed","1","1","1","1","1","1","1","0","2022-05-12","1","1","no_designation","1"
"2021","41390","경기도","시흥시","경기도 시흥시","1.104539542","1.0505263951","0.4295224186","0.3553229032","13.421550742794594","12.661036557946325","0.0","0.0","0.318534275","0.0","0.0","0.0","100277000.0","46872000.0","0.0","147149000.0","0.0","100277000.0","148.69506341349708","0.0","0.0","0.0","1","observed","1","1","1","1","1","1","1","0","2022-05-12","1","1","no_designation","1"
"2021","41410","경기도","군포시","경기도 군포시","1.2918626595","1.2411991329","0.5536655778","0.4824380617","14.105343137565471","13.596375104258103","0.0","0.0","0.375435357","0.0","0.0","0.0","74420000.0","44735000.0","0.0","119155000.0","0.0","74420000.0","55.69514009589484","0.0","0.0","0.0","1","observed","1","1","1","1","1","1","1","0","2022-05-12","1","1","no_designation","1"
"2021","41430","경기도","의왕시","경기도 의왕시","1.1343188017","1.0803859051","0.4492886946","0.3752292432","13.597018065535039","12.718416241677103","0.0","0.0","0.293467236","0.0","1.0","15.611475184701947","112846000.0","46872000.0","0.0","159718000.0","37162000.0","112846000.0","140.40313129075045","0.0","0.0","2191.9","1","observed","1","1","1","1","1","1","1","0","2022-05-12","1","1","full_date","1"
"2021","41450","경기도","하남시","경기도 하남시","1.1687122511","1.1152849773","0.4720894664","0.3984952913","13.738713515085747","12.868063241435253","0.0","0.0","0.2951187","0.0","1.0","45.18992294860919","162325000.0","67962000.0","0.0","230287000.0","86557000.0","162325000.0","175.28244093285812","0.0","0.0","7921.0","1","observed","1","1","1","1","1","1","1","0","2022-05-12","1","1","full_date","1"
"2021","41461","경기도","용인시 처인구","경기도 용인시 처인구","","","","","","","3.3222001014368248","","","","1.0","25.78335644204332","","","","","","","1871.168329400662","5.0","26.721273128866535","48245.0","0","city_district_granularity","1","1","0","0","0","1","1","0","2022-05-12","1","1","full_date","1"
"2021","41463","경기도","용인시 기흥구","경기도 용인시 기흥구","","","","","","","3.6555712906797972","","","","0.0","0.0","","","","","","","265.3250570898551","1.0","37.68961782080535","0.0","0","city_district_granularity","1","1","0","0","0","1","1","0","2022-05-12","1","1","no_designation","1"
"2021","41465","경기도","용인시 수지구","경기도 용인시 수지구","","","","","","","0.0","","","","0.0","0.0","","","","","","","64.75556915074613","0.0","0.0","0.0","0","city_district_granularity","1","1","0","0","0","1","1","0","2022-05-12","1","1","no_designation","1"
"2021","41480","경기도","파주시","경기도 파주시","1.1086612276","1.0517188548","0.4324591544","0.3561178763","13.879902954917657","12.075294160561022","0.0","0.0","0.141290387","0.0","1.0","18.92452598810993","710705000.0","116938000.0","0.0","827643000.0","589263000.0","710705000.0","666.3839299289901","0.0","0.0","12611.0","1","observed","1","1","1","1","1","1","1","0","2022-05-12","1","1","full_date","1"
"2021","41500","경기도","이천시","경기도 이천시","0.7576947876","0.6994555424","1.1448703588","1.0090872063","11.863742649487506","11.328154472665657","3.5965013710831366","0.0","0.369213319","0.0","1.0","18.08842165286472","80079000.0","46872000.0","0.0","126951000.0","41065000.0","80079000.0","563.8501907868078","2.0","35.47041452995094","10199.16","1","observed","1","1","1","1","1","1","1","0","2022-05-12","1","1","full_date","1"
"2021","41550","경기도","안성시","경기도 안성시","0.4413784314","0.370555382","0.6913522963","0.5603304974","11.731765730429652","8.349975833042366","2.666843632515394","0.0","0.032862188","0.0","1.0","8.788272502695476","278762000.0","9472000.0","0.0","288234000.0","244074000.0","278762000.0","2239.731414104747","3.0","13.394463198164962","19683.37","1","observed","1","1","1","1","1","1","1","0","2022-05-12","1","1","full_date","1"
"2021","41570","경기도","김포시","경기도 김포시","1.2708823785","1.2186639411","0.539842101","0.4674146005","14.202918682421835","13.253412448286312","0.0","0.0","0.278983917","0.0","0.0","0.0","136329000.0","52750000.0","0.0","189079000.0","0.0","136329000.0","92.54209632369115","0.0","0.0","0.0","1","observed","1","1","1","1","1","1","1","0","2022-05-12","1","1","no_designation","1"
"2021","41590","경기도","화성시","경기도 화성시","0.5084294391","0.4459794722","0.7806853169","0.653238074","10.917447926881243","10.133301866245407","2.839515786728654","0.0","0.313422357","0.0","1.0","6.508050056165542","102677000.0","46872000.0","0.0","149549000.0","69943000.0","102677000.0","1862.488747841874","3.0","16.10747986250224","12121.17","1","observed","1","1","1","1","1","1","1","0","2022-05-12","1","1","full_date","1"
"2021","41610","경기도","광주시","경기도 광주시","1.0130984217","0.9518406166","1.1211879436","0.9956555353","13.91586909470762","11.071826613194458","2.860486456551069","10.046288897483377","0.05392597","0.0193375085539252","1.0","23.5016252149165","2013779000.0","117180000.0","42020000.0","2172979000.0","1915175000.0","2055799000.0","1821.49105044998","3.0","16.470023277132665","42808.0","1","observed","1","1","1","1","1","1","1","0","2022-05-12","1","1","full_date","1"
"2021","41630","경기도","양주시","경기도 양주시","0.5681683252","0.5072886669","0.0738712045","-0.0068355823","11.06139444509027","10.532965700324167","0.0","9.82061302254695","0.313798459","0.1539103935300495","1.0","9.436789455941486","145324000.0","85672000.0","42020000.0","273016000.0","106061000.0","187344000.0","2282.6619265557097","0.0","0.0","21541.0","1","observed","1","1","1","1","1","1","1","0","2022-05-12","1","1","full_date","1"
"2021","41650","경기도","포천시","경기도 포천시","-0.3796041889","-0.4861598428","-0.3526371229","-0.4816461853","11.842729390697242","0.0","0.7595106292766428","8.472120663735891","0.0","0.0332202594601402","1.0","8.134038052182262","1222870783.0","0.0","42020000.0","1264890783.0","1243446783.0","1264890783.0","8793.295475278816","1.0","1.137230066715451","71525.0","1","observed","1","1","1","1","1","1","1","0","2022-05-12","1","1","full_date","1"
"2021","41670","경기도","여주시","경기도 여주시","0.4723361341","0.4097502752","0.6391895035","0.5186975922","10.710478788621359","10.055956984856559","2.3923381603244134","9.946687155009467","0.261729002","0.2346358732675921","1.0","8.416380170169122","90194000.0","46872000.0","42020000.0","179086000.0","110084000.0","132214000.0","2012.2665157198671","2.0","9.939041296845915","16936.0","1","observed","1","1","1","1","1","1","1","0","2022-05-12","1","1","full_date","1"
"2021","41800","경기도","연천군","경기도 연천군","-0.2010947418","-0.308872859","-0.4336715819","-0.5509432662","13.146035959375238","0.0","0.0","10.923206391878976","0.0","0.0977176191960193","1.0","45.40292262529479","387994570.0","0.0","42020000.0","430014570.0","269707470.0","430014570.0","757.8366768140754","0.0","0.0","34408.0","1","observed","1","1","1","1","1","1","1","0","2022-05-12","1","1","full_date","1"
"2021","41820","경기도","가평군","경기도 가평군","0.3079954668","0.2380923188","0.2578025119","0.1480857939","10.756974467618424","8.35128261633662","1.354587372094965","8.013461442855904","0.078114415","0.0557155077390683","1.0","5.360303266309026","653255586.0","58913000.0","42020000.0","754188586.0","593484586.0","695275586.0","13912.26135818054","4.0","2.8751616268680595","74573.94","1","observed","1","1","1","1","1","1","1","0","2022-05-12","1","1","full_date","1"
"2021","41830","경기도","양평군","경기도 양평군","0.2928061682","0.2253681814","0.3152003079","0.2031369264","10.297513428797608","8.828022084048804","1.6119615055895167","8.346706583506501","0.167632566","0.1035824950020583","1.0","7.910807418957753","295644000.0","68003000.0","42020000.0","405667000.0","287281000.0","337664000.0","9968.514694343256","4.0","4.012633900484537","78859.0","1","observed","1","1","1","1","1","1","1","0","2022-05-12","1","1","full_date","1"
"2021","43111","충청북도","청주시 상당구","충청북도 청주시 상당구","","","","","","","2.4906241946294836","","","","1.0","2.6407406429947846","","","","","","","3613.758899540233","4.0","11.068807054363553","9543.0","0","city_district_granularity","1","1","0","0","0","1","1","0","2022-05-12","1","1","full_date","1"
"2021","43112","충청북도","청주시 서원구","충청북도 청주시 서원구","","","","","","","4.877881971863335","","","","0.0","0.0","","","","","","","230.14578093534456","3.0","130.35216147815447","0.0","0","city_district_granularity","1","1","0","0","0","1","1","0","2022-05-12","1","1","no_designation","1"
"2021","43113","충청북도","청주시 흥덕구","충청북도 청주시 흥덕구","","","","","","","5.1942706488141175","","","","0.0","0.0","","","","","","","223.1686568895516","4.0","179.23663904020535","0.0","0","city_district_granularity","1","1","0","0","0","1","1","0","2022-05-12","1","1","no_designation","1"
"2021","43114","충청북도","청주시 청원구","충청북도 청주시 청원구","","","","","","","4.520072797897165","","","","0.0","0.0","","","","","","","550.4044811024319","5.0","90.84228365992328","0.0","0","city_district_granularity","1","1","0","0","0","1","1","0","2022-05-12","1","1","no_designation","1"
"2021","43130","충청북도","충주시","충청북도 충주시","0.5300926643","0.4653482071","0.8268333311","0.6958349706","11.392435295501265","9.699974258658063","2.9597665432974467","0.0","0.155445899","0.0","1.0","0.32489197463926517","726879000.0","133787000.0","0.0","860666000.0","61312000.0","788191000.0","8199.648523044925","15.0","18.293467040499166","2664.0","1","observed","1","1","1","1","1","1","1","0","2022-05-12","1","1","no_designation","1"
"2021","43150","충청북도","제천시","충청북도 제천시","0.1975237561","0.1233658219","0.4133565402","0.2862986845","10.690209376336034","7.339445339623173","2.224320214934568","7.968628534371905","0.031827822","0.0597295822056448","1.0","2.0056902268449783","639093000.0","22391000.0","42020000.0","703504000.0","64411000.0","703504000.0","14550.40245467359","12.0","8.247194562062164","29183.600000000002","1","observed","1","1","1","1","1","1","1","0","2022-05-12","1","1","full_date","1"
"2021","43720","충청북도","보은군","충청북도 보은군","0.024102141","-0.040817743","0.2808831427","0.1611594357","8.235606204883615","8.964911678164263","2.1607866080329177","0.0","0.674682972","0.0","0.0","0.0","29476000.0","61131000.0","0.0","90607000.0","22391000.0","51867000.0","7814.574598259538","6.0","7.67796112834641","0.0","1","observed","1","1","1","1","1","1","1","0","2022-05-12","1","1","no_designation","1"
"2021","43730","충청북도","옥천군","충청북도 옥천군","0.1933950441","0.1264940736","0.4963564363","0.369372884","9.592931494140947","8.798993780831553","2.55240331811151","0.0","0.311306065","0.0","1.0","1.3196321702700569","49535000.0","22391000.0","0.0","71926000.0","22391000.0","71926000.0","3378.971883572288","4.0","11.837920343306184","4459.0","1","observed","1","1","1","1","1","1","1","0","2022-05-12","1","1","no_designation","1"
"2021","43740","충청북도","영동군","충청북도 영동군","0.2774671488","0.2103972533","0.4885456153","0.3655399904","10.146690200643581","8.881134042168188","2.3102833054821588","8.35210173212734","0.194759592","0.114736327618361","1.0","1.4134372643012771","252884000.0","71327000.0","42020000.0","366231000.0","104250000.0","317276000.0","9914.865239475444","9.0","9.077279199082845","14014.039999999999","1","observed","1","1","1","1","1","1","1","0","2022-05-12","1","1","no_designation","1"
"2021","43745","충청북도","증평군","충청북도 증평군","0.647109286","0.5934432167","1.1610861962","1.0228888848","10.493035558998889","12.098618225483104","3.938713720489518","0.0","0.83280028","0.0","0.0","0.0","14324000.0","71346000.0","0.0","85670000.0","22391000.0","36715000.0","397.19970138900186","2.0","50.35250512540739","0.0","1","observed","1","1","1","1","1","1","1","0","2022-05-12","1","1","no_designation","1"
"2021","43750","충청북도","진천군","충청북도 진천군","0.4057904978","0.3422362444","0.8471201073","0.7103958148","10.434859736337247","9.768414122077267","3.3512343749252334","0.0","0.339286942","0.0","1.0","1.876513804237028","86488000.0","44413000.0","0.0","130901000.0","58013000.0","92161000.0","2541.9477273386938","7.0","27.537938426958483","4770.0","1","observed","1","1","1","1","1","1","1","0","2022-05-12","1","1","full_date","1"
"2021","43760","충청북도","괴산군","충청북도 괴산군","-0.099984084","-0.1720413307","0.1979412485","0.0726972175","8.50874439347413","7.352226866683757","2.156817356773323","0.0","0.239220621","0.0","0.0","0.0","71336000.0","22431000.0","0.0","93767000.0","22431000.0","93767000.0","14391.153990482631","11.0","7.643584390296067","0.0","1","observed","1","1","1","1","1","1","1","0","2022-05-12","1","1","no_designation","1"
"2021","43770","충청북도","음성군","충청북도 음성군","0.4505633442","0.3894386423","0.8190509127","0.6877415629","10.357822935662915","10.320874317995433","3.1319854707858727","0.0","0.490763598","0.0","1.0","0.17718214223200304","86229000.0","83101000.0","0.0","169330000.0","22391000.0","108620000.0","2737.29617381496","6.0","21.91944027612409","485.0","1","observed","1","1","1","1","1","1","1","0","2022-05-12","1","1","full_date","1"
"2021","43800","충청북도","단양군","충청북도 단양군","0.3152814627","0.2456653193","0.238937873","0.130893245","10.760435039701544","8.41930634563027","1.264488786981442","7.890064683913339","0.083444638","0.0491456240277891","1.0","1.0111080982168696","741644000.0","71346000.0","42020000.0","855010000.0","94294000.0","806055000.0","15740.087561425558","4.0","2.541281923871156","15914.93","1","observed","1","1","1","1","1","1","1","0","2022-05-12","1","1","full_date","1"
"2021","44131","충청남도","천안시 동남구","충청남도 천안시 동남구","","","","","","","2.9013767375217854","","","","1.0","5.435200014486956","","","","","","","2325.6917806718807","4.0","17.199183628900386","12640.6","0","city_district_granularity","1","1","0","0","0","1","1","0","2022-05-12","1","1","full_date","1"
"2021","44133","충청남도","천안시 서북구","충청남도 천안시 서북구","","","","","","","0.0","","","","0.0","0.0","","","","","","","436.4870181585085","0.0","0.0","0.0","0","city_district_granularity","1","1","0","0","0","1","1","0","2022-05-12","1","1","no_designation","1"
"2021","44150","충청남도","공주시","충청남도 공주시","0.2796178264","0.2092991136","0.639182049","0.5047271679","10.639824195228758","8.228137457110916","2.877092619213002","0.0","0.082267497","0.0","1.0","1.7616156426198273","323899040.0","29035000.0","0.0","352934040.0","123702040.0","323899040.0","7755.380725208731","13.0","16.762555521927794","13662.0","1","observed","1","1","1","1","1","1","1","0","2022-05-12","1","1","full_date","1"
"2021","44180","충청남도","보령시","충청남도 보령시","0.4113562296","0.3419723031","0.3791941934","0.2669270625","11.330473102838575","8.599037645795274","1.5554668464519747","8.656937400165129","0.057414582","0.0608376252384487","1.0","1.919195749824039","891782700.0","58068000.0","61530000.0","1011380700.0","111829000.0","953312700.0","10702.92074265134","4.0","3.7372975995794535","20541.0","1","observed","1","1","1","1","1","1","1","0","2022-05-12","1","1","full_date","1"
"2021","44200","충청남도","아산시","충청남도 아산시","0.5425585207","0.4750925583","0.8908449916","0.7544995804","11.872608353438286","9.167710512241774","3.1710992718212143","0.0","0.062679242","0.0","1.0","0.4759189144131704","439266000.0","29374000.0","0.0","468640000.0","0.0","439266000.0","3065.6482770789075","7.0","22.83366964285259","1459.0","1","observed","1","1","1","1","1","1","1","0","2022-05-12","1","1","full_date","1"
"2021","44210","충청남도","서산시","충청남도 서산시","-0.0640209112","-0.1494365758","-0.168947784","-0.2800749832","10.706989957144453","4.704748744110937","0.6666988640622963","0.0","0.002444878","0.0","1.0","1.2426752801408885","471261234.0","1155000.0","0.0","472416234.0","350871234.0","471261234.0","10550.785236923291","1.0","0.9477967540277689","13111.2","1","observed","1","1","1","1","1","1","1","0","2022-05-12","1","1","full_date","1"
"2021","44230","충청남도","논산시","충청남도 논산시","0.4549722725","0.389605664","0.8609196004","0.7241521393","11.011766150398717","9.470485089604718","3.2790326980175264","0.0","0.176340323","0.0","1.0","0.04566437749773364","189688000.0","40611000.0","0.0","230299000.0","170071000.0","189688000.0","3131.105860516684","8.0","25.550078331365864","142.98","1","observed","1","1","1","1","1","1","1","0","2022-05-12","1","1","full_date","1"
"2021","44250","충청남도","계룡시","충청남도 계룡시","0.4343188038","0.3722902026","-0.0149188654","-0.0968345585","10.389081259228734","10.115905935912707","0.0","0.0","0.432125353","0.0","0.0","0.0","22941000.0","17457000.0","0.0","40398000.0","16080000.0","22941000.0","705.8380134960702","0.0","0.0","0.0","1","observed","1","1","1","1","1","1","1","0","2022-05-12","1","1","no_designation","1"
"2021","44270","충청남도","당진시","충청남도 당진시","0.1861696329","0.1179931788","0.4188510764","0.2953406439","9.735776020000886","8.531469535568876","2.275458580875926","0.0","0.230685502","0.0","0.0","0.0","96829000.0","29035000.0","0.0","125864000.0","5506000.0","96829000.0","5725.815167799704","5.0","8.732381073211245","0.0","1","observed","1","1","1","1","1","1","1","0","2022-05-12","1","1","no_designation","1"
"2021","44710","충청남도","금산군","충청남도 금산군","0.3613467462","0.2939009136","0.8014953126","0.6627867303","10.72979814958391","8.921210189043503","3.2889079920514903","8.262269684880385","0.131236327","0.0678931160064241","1.0","1.7414403907539258","247835000.0","40612000.0","21010000.0","309457000.0","239499000.0","268845000.0","5423.504617296192","14.0","25.813567034408635","9444.710000000001","1","observed","1","1","1","1","1","1","1","0","2022-05-12","1","1","full_date","1"
"2021","44760","충청남도","부여군","충청남도 부여군","0.4111327832","0.3425951567","0.7001702706","0.5689776069","11.20413271975137","8.769605559643598","2.7773836094057898","9.11041241352334","0.072368406","0.101760453298584","1.0","0.40142252683992347","389641282.0","34143000.0","48010000.0","471794282.0","404577282.0","437651282.0","5306.129720142454","8.0","15.076902416522948","2130.0","1","observed","1","1","1","1","1","1","1","0","2022-05-12","1","1","full_date","1"
"2021","44770","충청남도","서천군","충청남도 서천군","-0.4695144962","-0.575454429","-0.0402822508","-0.1917288689","11.186289655818673","0.0","2.175111470261937","0.0","0.0","0.0","1.0","2.1397680502631458","369766000.0","0.0","0.0","369766000.0","270405000.0","369766000.0","5126.124211757943","4.0","7.803166358757132","10968.71681","1","observed","1","1","1","1","1","1","1","0","2022-05-12","1","1","full_date","1"
"2021","44790","충청남도","청양군","충청남도 청양군","-0.3909792042","-0.4974569601","0.0766687935","-0.0789012366","11.759679824200933","0.0","2.4215294569336487","0.0","0.0","0.0","1.0","1.1878223572264963","997638618.0","0.0","0.0","997638618.0","896280678.0","997638618.0","7794.936628082405","8.0","10.263072532467838","9259.0","1","observed","1","1","1","1","1","1","1","0","2022-05-12","1","1","full_date","1"
"2021","44800","충청남도","홍성군","충청남도 홍성군","-2.0016623643","-2.0971098865","-0.9466338399","-1.1013335728","0.0","0.0","2.599784251178922","0.0","","","1.0","0.8640698016208095","0.0","0.0","0.0","0.0","0.0","0.0","5617.60171561943","7.0","12.460833562722838","4854.0","1","observed","1","1","1","1","1","1","1","0","2022-05-12","1","1","full_date","1"
"2021","44810","충청남도","예산군","충청남도 예산군","0.4316337873","0.3630021296","0.5930184658","0.4691624801","11.346967238018285","8.778966775965852","2.3179230592037947","0.0","0.071217064","0.0","1.0","1.3946792062603661","462650000.0","35475000.0","0.0","498125000.0","389371000.0","462650000.0","5461.757776130451","5.0","9.154561965108607","7617.4","1","observed","1","1","1","1","1","1","1","0","2022-05-12","1","1","full_date","1"
"2021","44825","충청남도","태안군","충청남도 태안군","-0.4510461196","-0.557112527","-0.5997422606","-0.7164363782","11.321128214114545","0.0","0.0","0.0","0.0","0.0","1.0","1.5842087123197661","1088176990.0","0.0","0.0","1088176990.0","721240990.0","1088176990.0","13182.606456834488","0.0","0.0","20884.0","1","observed","1","1","1","1","1","1","1","0","2022-05-12","1","1","full_date","1"
"2021","45111","전라북도","전주시 완산구","전라북도 전주시 완산구","","","","","","","0.0","","","","1.0","18.798169805425196","","","","","","","379.4364065134406","0.0","0.0","7132.71","0","city_district_granularity","1","1","0","0","0","1","1","0","2022-05-12","1","1","full_date","1"
"2021","45113","전라북도","전주시 덕진구","전라북도 전주시 덕진구","","","","","","","0.0","","","","0.0","0.0","","","","","","","101.55860282424392","0.0","0.0","0.0","0","city_district_granularity","1","1","0","0","0","1","1","0","2022-05-12","1","1","no_designation","1"
"2021","45130","전라북도","군산시","전라북도 군산시","-0.3327158608","-0.4395926141","-0.0785597182","-0.2224613469","12.185063463047427","0.0","1.6836998933110874","0.0","0.0","0.0","1.0","16.514576186647414","446570432.0","0.0","0.0","446570432.0","214097100.0","370873432.0","2280.270445598689","1.0","4.385444726217324","37657.7","1","observed","1","1","1","1","1","1","1","0","2022-05-12","1","1","full_date","1"
"2021","45140","전라북도","익산시","전라북도 익산시","0.2925529692","0.2299966902","-0.1090073777","-0.1916969001","9.575259597368191","9.813340103464421","0.0","0.0","0.559244192","0.0","1.0","7.881013802464325","31094000.0","39453000.0","0.0","70547000.0","21941000.0","31094000.0","2158.859307501767","0.0","0.0","17014.0","1","observed","1","1","1","1","1","1","1","0","2022-05-12","1","1","full_date","1"
"2021","45180","전라북도","정읍시","전라북도 정읍시","0.036008576","-0.0328491844","0.4231226922","0.2923779295","8.891827030097163","8.186276262725602","2.670829020101762","0.0","0.330551507","0.0","1.0","1.111337624954551","70270000.0","34697000.0","0.0","104967000.0","31380000.0","70270000.0","9664.029867106516","13.0","13.45194518101412","10740.0","1","observed","1","1","1","1","1","1","1","0","2022-05-12","1","1","full_date","1"
"2021","45190","전라북도","남원시","전라북도 남원시","-0.1025763116","-0.173214511","0.1965470873","0.0723132016","8.282952441399274","7.635163136570307","2.1584300670795704","0.0","0.343435919","0.0","1.0","0.3137036934292205","77469900.0","40523000.0","0.0","117992900.0","52835000.0","77469900.0","19588.5484573884","15.0","7.657535234236464","6145.0","1","observed","1","1","1","1","1","1","1","0","2022-05-12","1","1","full_date","1"
"2021","45210","전라북도","김제시","전라북도 김제시","0.3544661366","0.2911137164","-0.0678460996","-0.150952216","10.08222924596739","9.738199262647939","0.0","0.0","0.414826711","0.0","1.0","2.684817882236034","52105000.0","36937000.0","0.0","89042000.0","39266000.0","50835000.0","2178.918741083423","0.0","0.0","5850.0","1","observed","1","1","1","1","1","1","1","0","2022-05-12","1","1","full_date","1"
"2021","45710","전라북도","완주군","전라북도 완주군","0.2011655463","0.1341098261","-0.1693760384","-0.2556214762","9.664653548791268","8.778492609184422","0.0","0.0","0.291883998","0.0","1.0","0.3171019411400919","81456000.0","33576000.0","0.0","115032000.0","0.0","81456000.0","5171.838412920555","0.0","0.0","1640.0","1","observed","1","1","1","1","1","1","1","0","2022-05-12","1","1","full_date","1"
"2021","45720","전라북도","진안군","전라북도 진안군","0.1585465513","0.0923029115","0.4482650549","0.3231857071","9.276692975070084","8.883530141407755","2.4576386068263014","0.0","0.4029453","0.0","0.0","0.0","60044000.0","40523000.0","0.0","100567000.0","0.0","60044000.0","5619.448431190315","6.0","10.677204486293464","0.0","1","observed","1","1","1","1","1","1","1","0","2022-05-12","1","1","no_designation","1"
"2021","45730","전라북도","무주군","전라북도 무주군","-0.6643734217","-0.7689789272","0.0690163025","-0.0965111527","9.763614711762854","0.0","3.0834777482073226","0.0","0.0","0.0","0.0","0.0","116845000.0","0.0","0.0","116845000.0","0.0","116845000.0","6719.719048604017","14.0","20.83420437482192","0.0","1","observed","1","1","1","1","1","1","1","0","2022-05-12","1","1","no_designation","1"
"2021","45740","전라북도","장수군","전라북도 장수군","-0.0304992892","-0.0963279032","0.52067677","0.3833402757","8.026309337102717","8.705931168776882","3.2107488657172483","0.0","0.663690269","0.0","0.0","0.0","19284000.0","38056000.0","0.0","57340000.0","0.0","19284000.0","6303.143541141484","15.0","23.797649382554816","0.0","1","observed","1","1","1","1","1","1","1","0","2022-05-12","1","1","no_designation","1"
"2021","45750","전라북도","임실군","전라북도 임실군","0.1730153671","0.1061988934","0.3723426816","0.2520893105","9.452267649884282","8.787875228546563","2.1321007862278845","9.35307307488567","0.212613724","0.3741814135665737","1.0","1.3794837353830218","119948000.0","61719000.0","108620000.0","290287000.0","215477000.0","228568000.0","9418.016078596747","7.0","7.432563229434384","12992.0","1","observed","1","1","1","1","1","1","1","0","2022-05-12","1","1","full_date","1"
"2021","45770","전라북도","순창군","전라북도 순창군","0.1603990582","0.0934765546","0.1918733887","0.0819816368","9.388562561986864","8.749021883815123","1.4773576147209346","0.0","0.345333432","0.0","1.0","2.5919199001989734","106021830.0","55926000.0","0.0","161947830.0","106021830.0","106021830.0","8872.187754812434","3.0","3.3813531486332065","22996.0","1","observed","1","1","1","1","1","1","1","0","2022-05-12","1","1","full_date","1"
"2021","45790","전라북도","고창군","전라북도 고창군","0.201612682","0.1330346443","0.1249132856","0.0196642904","9.892197907401979","8.471738962138666","1.1180791445859803","0.0","0.194564766","0.0","1.0","0.005044483144544476","192081000.0","46400000.0","0.0","238481000.0","0.0","192081000.0","9713.581866755305","2.0","2.05897271205897","49.0","1","observed","1","1","1","1","1","1","1","0","2022-05-12","1","1","no_designation","1"
"2021","45800","전라북도","부안군","전라북도 부안군","0.2749658738","0.2082218248","-0.120398054","-0.206213477","10.082853915159642","8.943467332591863","0.0","0.0","0.242416694","0.0","0.0","0.0","167260000.0","53521000.0","0.0","220781000.0","44370000.0","167260000.0","6990.084484343518","0.0","0.0","0.0","1","observed","1","1","1","1","1","1","1","0","2022-05-12","1","1","no_designation","1"
"2021","46110","전라남도","목포시","전라남도 목포시","0.6441682662","0.5804709473","0.1245234506","0.0419526047","11.955397602644286","10.069136869070723","0.0","0.0","0.131667297","0.0","1.0","0.647000935610385","75782000.0","11491000.0","0.0","87273000.0","0.0","75782000.0","486.86173800170303","0.0","0.0","315.0","1","observed","1","1","1","1","1","1","1","0","2022-05-12","1","1","no_designation","1"
"2021","46130","전라남도","여수시","전라남도 여수시","0.7344644629","0.6736351194","0.7385619903","0.6246116405","12.09998458319855","10.773065389551627","2.1087327949309143","0.0","0.209666872","0.0","1.0","3.716065252760524","1988098000.0","527421000.0","0.0","2515519000.0","0.0","1988098000.0","11053.089008457988","8.0","7.237795691212005","41074.0","1","observed","1","1","1","1","1","1","1","0","2022-05-12","1","1","full_date","1"
"2021","46150","전라남도","순천시","전라남도 순천시","0.4214386542","0.3538237677","0.7321434439","0.6001237815","11.132738259329658","8.970166589198614","2.87323140973072","0.0","0.103151867","0.0","1.0","4.336014970963703","1105811553.0","127186000.0","0.0","1232997553.0","0.0","1105811553.0","16173.375892291644","27.0","16.6941028142853","70128.0","1","observed","1","1","1","1","1","1","1","0","2022-05-12","1","1","full_date","1"
"2021","46170","전라남도","나주시","전라남도 나주시","-0.4037131218","-0.4894027821","0.2647526862","0.1123795957","8.610743612743176","4.179727678218187","3.1746516066428763","0.0","0.011586566","0.0","0.0","0.0","31137000.0","365000.0","0.0","31502000.0","0.0","31137000.0","5672.277110452749","13.0","22.918485375201225","0.0","1","observed","1","1","1","1","1","1","1","0","2022-05-12","1","1","no_designation","1"
"2021","46230","전라남도","광양시","전라남도 광양시","0.5811989483","0.5173164869","0.61424158","0.4990156165","11.586646497088788","9.944685849250241","2.0221083797739903","9.060430786983511","0.152010791","0.0627794790571329","1.0","7.663375829664698","656977600.0","127186000.0","52527000.0","836690600.0","576523600.0","709504600.0","6102.923964522085","4.0","6.554235352190295","46769.0","1","observed","1","1","1","1","1","1","1","0","2022-05-12","1","1","full_date","1"
"2021","46710","전라남도","담양군","전라남도 담양군","0.0893179644","0.0240704313","0.4241658052","0.2982952965","8.694188797813016","8.988930965399565","2.541080200954493","0.0","0.573167162","0.0","1.0","0.7849177944396919","40824000.0","54820000.0","0.0","95644000.0","0.0","40824000.0","6841.480774217047","8.0","11.693374963719805","5370.0","1","observed","1","1","1","1","1","1","1","0","2022-05-12","1","1","full_date","1"
"2021","46720","전라남도","곡성군","전라남도 곡성군","-0.064516092","-0.1344518884","0.1838774566","0.0625695171","8.418662581570999","7.829612220267484","2.0142744069461784","0.0","0.356812125","0.0","1.0","0.017465104720568725","62766370.0","34820000.0","0.0","97586370.0","20699000.0","62766370.0","13856.200914443738","9.0","6.495286879550352","242.0","1","observed","1","1","1","1","1","1","1","0","2022-05-12","1","1","no_designation","1"
"2021","46730","전라남도","구례군","전라남도 구례군","0.2666742945","0.200221632","0.4538216203","0.3329148817","9.987683254876334","8.990836409540291","2.2056006257316403","8.198858345307286","0.24022195","0.108791670096432","1.0","1.2575020176407636","188579105.0","69588000.0","31515000.0","289682105.0","31515000.0","220094105.0","8667.978140066773","7.0","8.0757010307205","10900.0","1","observed","1","1","1","1","1","1","1","0","2022-05-12","1","1","full_date","1"
"2021","46770","전라남도","고흥군","전라남도 고흥군","0.0986508784","0.0297300081","0.4588789805","0.3286137462","9.29516940002879","8.26015033281068","2.6486149173606828","0.0","0.262079955","0.0","1.0","0.40025501157605226","157450000.0","55920000.0","0.0","213370000.0","0.0","157450000.0","14465.777648107836","19.0","13.134447702841094","5790.0","1","observed","1","1","1","1","1","1","1","0","2022-05-12","1","1","full_date","1"
"2021","46780","전라남도","보성군","전라남도 보성군","0.3655797489","0.294833615","0.7906835577","0.6504035409","11.243630485720379","8.260697695919893","3.2362251157062194","7.062479525248342","0.047501337","0.0143240677078217","1.0","0.8111033918138179","687712000.0","34820000.0","10500000.0","733032000.0","518455000.0","698212000.0","9002.551430183286","22.0","24.437516598060792","7302.0","1","observed","1","1","1","1","1","1","1","0","2022-05-12","1","1","full_date","1"
"2021","46790","전라남도","화순군","전라남도 화순군","-0.0825095575","-0.1495887913","0.2652786856","0.1403283576","7.883782529914476","8.381502360144667","2.370152906454934","0.0","0.621958082","0.0","0.0","0.0","38293000.0","63000000.0","0.0","101293000.0","0.0","38293000.0","14434.435947538572","14.0","9.699028109503194","0.0","1","observed","1","1","1","1","1","1","1","0","2022-05-12","1","1","no_designation","1"
"2021","46800","전라남도","장흥군","전라남도 장흥군","-0.0331557391","-0.1059644681","0.4805960321","0.3404828901","9.040038197578907","7.29289942586465","3.063159697089404","0.0","0.148337431","0.0","0.0","0.0","66158000.0","11523000.0","0.0","77681000.0","0.0","66158000.0","7845.039923837177","16.0","20.395052358349318","0.0","1","observed","1","1","1","1","1","1","1","0","2022-05-12","1","1","no_designation","1"
"2021","46810","전라남도","강진군","전라남도 강진군","-0.3073669852","-0.3931425604","0.1225058868","-0.0171175395","9.229452733904106","4.295600089733252","2.390096994431686","0.0","0.007051233","0.0","0.0","0.0","51399000.0","365000.0","0.0","51764000.0","0.0","51399000.0","5043.091938395875","5.0","9.914552542522987","0.0","1","observed","1","1","1","1","1","1","1","0","2022-05-12","1","1","no_designation","1"
"2021","46820","전라남도","해남군","전라남도 해남군","-0.0362458571","-0.1071132357","0.4015721298","0.2675538789","8.734009579026601","7.6806057329248505","2.7708285946397697","0.0","0.258514347","0.0","0.0","0.0","82950000.0","28920000.0","0.0","111870000.0","0.0","82950000.0","13358.391245633997","20.0","14.97186272825833","0.0","1","observed","1","1","1","1","1","1","1","0","2022-05-12","1","1","no_designation","1"
"2021","46830","전라남도","영암군","전라남도 영암군","-1.0235009219","-1.125647061","-0.5135446622","-0.657309545","7.141606532875261","0.0","1.7749336313383284","0.0","0.0","0.0","0.0","0.0","5153000.0","0.0","0.0","5153000.0","0.0","5153000.0","4081.724653842929","2.0","4.8998895555510025","0.0","1","observed","1","1","1","1","1","1","1","0","2022-05-12","1","1","no_designation","1"
"2021","46840","전라남도","무안군","전라남도 무안군","0.2867638655","0.2198863832","-0.1125557305","-0.1984371048","10.176762435625383","8.932839020481858","0.0","8.427732350321751","0.197125411","0.1189432764553114","1.0","0.6696767478448764","120808820.0","34820000.0","21010000.0","176638820.0","41032000.0","141818820.0","4596.247383391287","0.0","0.0","3078.0","1","observed","1","1","1","1","1","1","1","0","2022-05-12","1","1","no_designation","1"
"2021","46860","전라남도","함평군","전라남도 함평군","0.0566908348","-0.0123194043","0.3191957305","0.1955564854","9.044429966216812","8.184086927036214","2.223164141238073","0.0","0.297234039","0.0","1.0","0.5359909078212604","41135000.0","17398000.0","0.0","58533000.0","0.0","41135000.0","4856.425663227921","4.0","8.236510300749295","2603.0","1","observed","1","1","1","1","1","1","1","0","2022-05-12","1","1","full_date","1"
"2021","46870","전라남도","영광군","전라남도 영광군","-0.0338050935","-0.1043994432","0.2078489586","0.0859253924","8.709056360495095","7.739108031054879","2.027727334187789","0.0","0.274836896","0.0","0.0","0.0","45905000.0","17398000.0","0.0","63303000.0","0.0","45905000.0","7579.430460326911","5.0","6.596801733549176","0.0","1","observed","1","1","1","1","1","1","1","0","2022-05-12","1","1","no_designation","1"
"2021","46880","전라남도","장성군","전라남도 장성군","0.1978413085","0.129463023","0.3847393814","0.2636608573","9.83898724685571","8.50685628287826","2.116148565766635","0.0","0.208782521","0.0","1.0","1.699841619209224","154126000.0","40670000.0","0.0","194796000.0","123306000.0","154126000.0","8220.177598957907","6.0","7.299112370468292","13973.0","1","observed","1","1","1","1","1","1","1","0","2022-05-12","1","1","full_date","1"
"2021","46890","전라남도","완도군","전라남도 완도군","-0.732870108","-0.8370065365","-0.1971809142","-0.349119205","9.263516914825319","0.0","2.243887834243545","0.0","0.0","0.0","0.0","0.0","125092000.0","0.0","0.0","125092000.0","0.0","113569000.0","11862.50584303562","10.0","8.429922085872706","0.0","1","observed","1","1","1","1","1","1","1","0","2022-05-12","1","1","no_designation","1"
"2021","46900","전라남도","진도군","전라남도 진도군","-0.0169696995","-0.0904635211","0.3469615976","0.2151787733","9.242986524647469","7.176952752004484","2.513693368965396","0.0","0.112375658","0.0","0.0","0.0","91017000.0","11523000.0","0.0","102540000.0","0.0","91017000.0","8810.215049660734","10.0","11.350460736352948","0.0","1","observed","1","1","1","1","1","1","1","0","2022-05-12","1","1","no_designation","1"
"2021","46910","전라남도","신안군","전라남도 신안군","-0.0514281014","-0.126807163","-0.3365152951","-0.4295661356","9.304548249257786","6.748656719425811","0.0","0.0","0.071959384","0.0","0.0","0.0","148609000.0","11523000.0","0.0","160132000.0","0.0","148609000.0","13526.04030475707","0.0","0.0","0.0","1","observed","1","1","1","1","1","1","1","0","2022-05-12","1","1","no_designation","1"
"2021","47111","경상북도","포항시 남구","경상북도 포항시 남구","","","","","","","2.246008206817554","","","","1.0","13.902120069229486","","","","","","","7100.643607480449","6.0","8.449938247399245","98714.0","0","city_district_granularity","1","1","0","0","0","1","1","0","2022-05-12","1","1","full_date","1"
"2021","47113","경상북도","포항시 북구","경상북도 포항시 북구","","","","","","","1.8561665880829172","","","","0.0","0.0","","","","","","","14817.122223133076","8.0","5.399159080641235","0.0","0","city_district_granularity","1","1","0","0","0","1","1","0","2022-05-12","1","1","no_designation","1"
"2021","47130","경상북도","경주시","경상북도 경주시","-0.3440274037","-0.4508266935","-0.0763908096","-0.2208556891","12.102477312217937","0.0","1.7205436797009086","0.0","0.0","0.0","1.0","4.504918727897132","5109727986.0","0.0","0.0","5109727986.0","372000000.0","5109727986.0","28337.47015444826","13.0","4.587565484549556","127658.0","1","observed","1","1","1","1","1","1","1","0","2022-05-12","1","1","full_date","1"
"2021","47150","경상북도","김천시","경상북도 김천시","-0.5528013377","-0.658170908","-0.0789021844","-0.2311737268","10.578208181521777","0.0","2.23870957927755","0.0","0.0","0.0","1.0","3.6303244708181523","468532000.0","0.0","0.0","468532000.0","0.0","468532000.0","11931.440384511488","10.0","8.381217755553855","43315.0","1","observed","1","1","1","1","1","1","1","0","2022-05-12","1","1","full_date","1"
"2021","47170","경상북도","안동시","경상북도 안동시","0.3637951755","0.292679456","0.39353984","0.2770826695","11.286965364936242","8.183606911334149","1.72972963660268","7.393551280345418","0.042136781","0.0191160677065915","1.0","2.6713265072194488","4127015650.0","185246000.0","84040000.0","4396301650.0","142725753.0","4211055650.0","51733.848193588514","24.0","4.639129088211607","138198.0","1","observed","1","1","1","1","1","1","1","0","2022-05-12","1","1","full_date","1"
"2021","47190","경상북도","구미시","경상북도 구미시","-0.3788934801","-0.4854540011","0.0683245215","-0.0862769132","11.847918311745813","0.0","2.3592350011614758","0.0","0.0","0.0","1.0","5.3602120959717405","1604650000.0","0.0","0.0","1604650000.0","861265000.0","1604650000.0","11478.836825550194","11.0","9.582852485119073","61529.0","1","observed","1","1","1","1","1","1","1","0","2022-05-12","1","1","full_date","1"
"2021","47210","경상북도","영주시","경상북도 영주시","-0.4448579946","-0.5509667794","-0.1375422808","-0.2821296842","11.366308029945731","0.0","1.7427675739036346","7.94811200796863","0.0","0.0317211078985709","1.0","2.0426045468733616","1282650000.0","0.0","42020000.0","1324670000.0","42020000.0","1324670000.0","14852.116160437025","7.0","4.713133081093559","30337.0","1","observed","1","1","1","1","1","1","1","0","2022-05-12","1","1","full_date","1"
"2021","47230","경상북도","영천시","경상북도 영천시","0.1783700498","0.1074542822","0.1590127085","0.048977478","10.091106580979597","7.967588703879145","1.3059096891478061","0.0","0.106802823","0.0","1.0","3.2231097715455856","537928000.0","64322000.0","0.0","602250000.0","327236000.0","450846000.0","22296.16894665656","6.0","2.6910452707615202","71863.0","1","observed","1","1","1","1","1","1","1","0","2022-05-12","1","1","full_date","1"
"2021","47250","경상북도","상주시","경상북도 상주시","0.1420463499","0.0717589358","0.2607627892","0.1434277001","9.769866644719787","8.044234447147334","1.7849256849720763","7.747754857316821","0.135852938","0.1009860681523779","1.0","2.8161286418500526","317549000.0","56528000.0","42020000.0","416097000.0","42020000.0","359569000.0","18148.318667156007","9.0","4.959137077688517","51108.0","1","observed","1","1","1","1","1","1","1","0","2022-05-12","1","1","full_date","1"
"2021","47280","경상북도","문경시","경상북도 문경시","-0.6274540796","-0.7323124152","-0.2380570289","-0.3834886397","10.033164709058466","0.0","1.8219160492877242","0.0","0.0","0.0","1.0","0.32709117792975373","351382000.0","0.0","0.0","351382000.0","0.0","351382000.0","15433.00565900347","8.0","5.18369537131147","5048.0","1","observed","1","1","1","1","1","1","1","0","2022-05-12","1","1","full_date","1"
"2021","47290","경상북도","경산시","경상북도 경산시","-0.5319421285","-0.6374545462","-0.3040989657","-0.4418699126","10.730502330880654","0.0","1.3292372017497682","0.0","0.0","0.0","1.0","2.7214858436239973","329201000.0","0.0","0.0","329201000.0","0.0","329201000.0","7199.008602562052","2.0","2.7781603140302136","19592.0","1","observed","1","1","1","1","1","1","1","0","2022-05-12","1","1","full_date","1"
"2021","47730","경상북도","의성군","경상북도 의성군","-0.630906331","-0.7357410249","-0.3829614781","-0.5197059098","10.007959645750352","0.0","1.2793629155501163","0.0","0.0","0.0","1.0","1.9313775946414682","770187000.0","0.0","0.0","770187000.0","0.0","770187000.0","34690.78246837473","9.0","2.5943490920692547","67001.0","1","observed","1","1","1","1","1","1","1","0","2022-05-12","1","1","full_date","1"
"2021","47750","경상북도","청송군","경상북도 청송군","-0.7237423961","-0.8279413328","-0.4470089018","-0.5833948203","9.33015880426936","0.0","1.2703614950753825","7.492956417998908","0.0","0.1373269931532591","0.0","0.0","263965000.0","0.0","42020000.0","305985000.0","42020000.0","305985000.0","23417.923844075623","6.0","2.562140025712787","0.0","1","observed","1","1","1","1","1","1","1","0","2022-05-12","1","1","no_designation","1"
"2021","47760","경상북도","영양군","경상북도 영양군","0.0454110344","-0.026858966","0.0756681482","-0.0360190261","9.454700632660058","7.51031008076813","1.3243240444870525","7.413110581443182","0.112359859","0.1019468230668414","0.0","0.0","323843669.0","46312000.0","42020000.0","412175669.0","42020000.0","365863669.0","25365.598498725616","7.0","2.759643144375909","0.0","1","observed","1","1","1","1","1","1","1","0","2022-05-12","1","1","no_designation","1"
"2021","47770","경상북도","영덕군","경상북도 영덕군","-0.5867216255","-0.6918589038","-0.3219381988","-0.4607119286","10.330554432478333","0.0","1.3998357754966866","0.0","0.0","0.0","1.0","1.5310197424341703","702492490.0","0.0","0.0","702492490.0","112316000.0","702492490.0","22916.752166903298","7.0","3.054534058325028","35086.0","1","observed","1","1","1","1","1","1","1","0","2022-05-12","1","1","full_date","1"
"2021","47820","경상북도","청도군","경상북도 청도군","0.3237173976","0.2566101587","0.0316142208","-0.0616153614","10.443121279994605","8.937545064869902","0.45508327398986603","0.0","0.181580132","0.0","1.0","3.7341083022051995","595285314.0","132074000.0","0.0","727359314.0","212073000.0","681047314.0","17351.933783424418","1.0","0.5763046427455011","64794.0","1","observed","1","1","1","1","1","1","1","0","2022-05-12","1","1","year_only_or_partial","1"
"2021","47830","경상북도","고령군","경상북도 고령군","-0.4733546608","-0.5792682955","-0.2639285488","-0.4019105963","11.158252418156756","0.0","1.3339706941271694","0.0","0.0","0.0","1.0","3.1898687968241948","752544000.0","0.0","0.0","752544000.0","0.0","752544000.0","10729.28141560998","3.0","2.7960866005763583","34225.0","1","observed","1","1","1","1","1","1","1","0","2022-05-12","1","1","full_date","1"
"2021","47840","경상북도","성주군","경상북도 성주군","0.3748661938","0.3090915918","0.3307570523","0.2225018116","10.568121593793109","9.277342811195219","1.4643005829927211","0.0","0.215709552","0.0","1.0","3.2766444886016175","467732000.0","128644000.0","0.0","596376000.0","128644000.0","596376000.0","12031.821009921368","4.0","3.324517541194823","39424.0","1","observed","1","1","1","1","1","1","1","0","2022-05-12","1","1","full_date","1"
"2021","47850","경상북도","칠곡군","경상북도 칠곡군","0.3925830892","0.3284057433","0.4471424015","0.3337354905","10.443767852969398","9.624343069367548","1.862744564049055","0.0","0.305877926","0.0","1.0","4.589160632043123","315441000.0","139005000.0","0.0","454446000.0","157771000.0","361822000.0","9188.82631947143","5.0","5.441391344403619","42169.0","1","observed","1","1","1","1","1","1","1","0","2022-05-12","1","1","full_date","1"
"2021","47900","경상북도","예천군","경상북도 예천군","0.3357374248","0.2698574963","0.3201609603","0.2107859934","10.337546883065352","9.201972237075864","1.522797640702741","8.23405512405335","0.222569139","0.0845341868563623","1.0","1.7501242405085067","344423000.0","110634000.0","42020000.0","497077000.0","275521000.0","450765000.0","11157.493592755643","4.0","3.5850345480790837","19527.0","1","observed","1","1","1","1","1","1","1","0","2022-05-12","1","1","full_date","1"
"2021","47920","경상북도","봉화군","경상북도 봉화군","-0.0012815499","-0.0725881292","-0.0674567462","-0.1717431654","9.018775173051042","7.640272262239096","0.898007529492073","7.619998969830959","0.168058631","0.1646842115576806","1.0","0.5479397509822228","340508000.0","85762000.0","84040000.0","510310000.0","261392000.0","510310000.0","41245.41057568431","6.0","1.4547073034926268","22600.0","1","observed","1","1","1","1","1","1","1","0","2022-05-12","1","1","full_date","1"
"2021","47930","경상북도","울진군","경상북도 울진군","-0.7436014224","-0.847664361","-0.5015385197","-0.6353629241","9.18516704159751","0.0","1.1131050445897408","8.58830684367999","0.0","0.3550431848100324","1.0","0.1359634527478919","381659000.0","0.0","210100000.0","591759000.0","516628000.0","591759000.0","39142.87179708679","8.0","2.043794855285861","5322.0","1","observed","1","1","1","1","1","1","1","0","2022-05-12","1","1","no_designation","1"
"2021","47940","경상북도","울릉군","경상북도 울릉군","0.7047252324","0.6515818198","0.1640086861","0.089359853","10.778287995336822","12.283814715959373","0.0","0.0","0.818399732","0.0","0.0","0.0","30304000.0","136568000.0","0.0","166872000.0","0.0","30304000.0","631.7685616189237","0.0","0.0","0.0","1","observed","1","1","1","1","1","1","1","0","2022-05-12","1","1","no_designation","1"
"2021","48121","경상남도","창원시 의창구","경상남도 창원시 의창구","","","","","","","1.5963960649702509","","","","0.0","0.0","","","","","","","2541.157769968237","1.0","3.9352141445845743","0.0","0","city_district_granularity","1","1","0","0","0","1","1","0","2022-05-12","1","1","no_designation","1"
"2021","48123","경상남도","창원시 성산구","경상남도 창원시 성산구","","","","","","","0.0","","","","0.0","0.0","","","","","","","1329.8962312098035","0.0","0.0","0.0","0","city_district_granularity","1","1","0","0","0","1","1","0","2022-05-12","1","1","no_designation","1"
"2021","48125","경상남도","창원시 마산합포구","경상남도 창원시 마산합포구","","","","","","","1.5919331259994811","","","","0.0","0.0","","","","","","","7666.286230474932","3.0","3.9132376613782496","0.0","0","city_district_granularity","1","1","0","0","0","1","1","0","2022-05-12","1","1","no_designation","1"
"2021","48127","경상남도","창원시 마산회원구","경상남도 창원시 마산회원구","","","","","","","0.0","","","","0.0","0.0","","","","","","","2409.5996877085054","0.0","0.0","0.0","0","city_district_granularity","1","1","0","0","0","1","1","0","2022-05-12","1","1","no_designation","1"
"2021","48129","경상남도","창원시 진해구","경상남도 창원시 진해구","","","","","","","0.0","","","","0.0","0.0","","","","","","","2048.8671507068098","0.0","0.0","0.0","0","city_district_granularity","1","1","0","0","0","1","1","0","2022-05-12","1","1","no_designation","1"
"2021","48170","경상남도","진주시","경상남도 진주시","0.6852510472","0.625716736","0.7679323061","0.6510183907","11.599248813856036","10.96649777392635","2.345116597801898","7.275914927749318","0.34390983","0.0085773214382442","1.0","3.5392245210542517","2195436980.0","1166050000.0","29082000.0","3390568980.0","2212000980.0","2224518980.0","20138.874936018063","19.0","9.434489295138727","71276.0","1","observed","1","1","1","1","1","1","1","0","2022-05-12","1","1","full_date","1"
"2021","48220","경상남도","통영시","경상남도 통영시","0.488671188","0.4247810727","0.4095138161","0.3027511502","11.005768370198693","9.815200671954962","1.4769518475728438","7.769728998185736","0.226329118","0.0292579326283531","1.0","2.1427636463872477","534559850.0","162526000.0","21010000.0","718095850.0","469818850.0","555569850.0","8876.853978771702","3.0","3.3795757001008058","19021.0","1","observed","1","1","1","1","1","1","1","0","2022-05-12","1","1","full_date","1"
"2021","48240","경상남도","사천시","경상남도 사천시","-0.5228985231","-0.628472873","-0.1686234528","-0.3142945692","10.796530154767657","0.0","1.8217852390986427","7.909635472965245","0.0","0.0527878786863663","1.0","3.3189477733956196","565515000.0","0.0","31516000.0","597031000.0","433748000.0","597031000.0","11576.56059188012","6.0","5.182886533853969","38422.0","1","observed","1","1","1","1","1","1","1","0","2022-05-12","1","1","full_date","1"
"2021","48250","경상남도","김해시","경상남도 김해시","0.5205569802","0.4569412918","0.6238290298","0.5055990658","11.165820685994891","9.91469939747752","2.211829987347481","8.104563523718266","0.214685672","0.0351205466362731","1.0","6.28161158211563","521410740.0","149214000.0","24410000.0","695034740.0","447398100.0","545820740.0","7377.883747532051","6.0","8.132413311618036","46345.0","1","observed","1","1","1","1","1","1","1","0","2022-05-12","1","1","full_date","1"
"2021","48270","경상남도","밀양시","경상남도 밀양시","0.5425113087","0.4745529289","0.3922132782","0.2858523722","11.945004411397573","9.068220980853681","1.2740790121142096","7.392851029500493","0.052781196","0.0098777473620998","1.0","4.0448827052511955","2990686000.0","168404000.0","31516000.0","3190606000.0","2347932000.0","3022202000.0","19414.407220770867","5.0","2.575406986750879","78529.0","1","observed","1","1","1","1","1","1","1","0","2022-05-12","1","1","full_date","1"
"2021","48310","경상남도","거제시","경상남도 거제시","0.5585256089","0.4919159634","0.574173719","0.4584152198","11.84662916615102","9.362687878964927","1.9262351373839879","7.8789014327004345","0.075665425","0.017154182610846","1.0","3.0617483139089847","1666689570.0","139014000.0","31516000.0","1837219570.0","561224950.0","1698205570.0","11938.015882610049","7.0","5.863620947427963","36551.2","1","observed","1","1","1","1","1","1","1","0","2022-05-12","1","1","full_date","1"
"2021","48330","경상남도","양산시","경상남도 양산시","0.6540315381","0.5901081959","0.7128115532","0.5946980679","12.050805147921166","10.037138481943948","2.2131306175868555","7.956077983217249","0.116066149","0.0144803554886608","1.0","6.5890093128236575","1261517230.0","168404000.0","21010000.0","1450931230.0","338143230.0","1282527230.0","7367.116617292772","6.0","8.144298932252884","48542.0","1","observed","1","1","1","1","1","1","1","0","2022-05-12","1","1","full_date","1"
"2021","48720","경상남도","의령군","경상남도 의령군","0.2387394852","0.171584276","0.2687224458","0.1573624526","9.9156840998866","8.810358870337184","1.5717817716077338","7.19815585206216","0.236976018","0.0472360265131837","1.0","2.867328724359525","318373624.0","105404000.0","21010000.0","444787624.0","317055624.0","339383624.0","15726.48424190443","6.0","3.815220177445978","45093.0","1","observed","1","1","1","1","1","1","1","0","2022-05-12","1","1","full_date","1"
"2021","48730","경상남도","함안군","경상남도 함안군","0.350593268","0.285802288","0.3766655956","0.2652883723","10.270235667670667","9.442383831890318","1.7005240652073508","8.085736639154137","0.282010787","0.0726075911349159","1.0","0.5659885908937129","257859000.0","112676000.0","29010000.0","399545000.0","251627000.0","286869000.0","8934.919910690685","4.0","4.47681684892774","5057.06273","1","observed","1","1","1","1","1","1","1","0","2022-05-12","1","1","year_only_or_partial","1"
"2021","48740","경상남도","창녕군","경상남도 창녕군","0.5387875273","0.4716145606","0.5037964924","0.391058107","11.805635037453444","9.221655190983292","1.7082002002854542","7.213290576473238","0.069516379","0.009323701061109","1.0","3.439748455400454","2075739000.0","156648000.0","21010000.0","2253397000.0","494587000.0","2096749000.0","15490.08617660588","7.0","4.519019403889339","53282.0","1","observed","1","1","1","1","1","1","1","0","2022-05-12","1","1","full_date","1"
"2021","48820","경상남도","고성군","경상남도 고성군","0.1797621481","0.1127053233","0.2796948676","0.165195315","9.530187302023636","8.74867470815265","1.7625238934965402","7.145766901373393","0.295320993","0.0594137242592372","1.0","1.1069806460200653","228180000.0","104432000.0","21010000.0","353622000.0","106676000.0","249190000.0","16573.00881091236","8.0","4.827125895650563","18346.0","1","observed","1","1","1","1","1","1","1","0","2022-05-12","1","1","full_date","1"
"2021","48840","경상남도","남해군","경상남도 남해군","0.3225413469","0.2571618501","0.3768617327","0.2638325824","10.180666223841598","9.284768198871861","1.771974476011464","7.626866601719","0.274715286","0.0523231633971953","1.0","2.506750904523351","270223000.0","110310000.0","21010000.0","401543000.0","76050000.0","291233000.0","10240.746279846757","5.0","4.882456671971","25671.0","1","observed","1","1","1","1","1","1","1","0","2022-05-12","1","1","full_date","1"
"2021","48850","경상남도","하동군","경상남도 하동군","0.3738731818","0.3074094583","0.5031303024","0.3838380633","10.663606895882873","9.136828870580388","2.122412380718413","7.247857055332382","0.173766631","0.0262623686881565","1.0","3.1194742751340225","639980000.0","139014000.0","21010000.0","800004000.0","544808000.0","660990000.0","14963.42200096988","11.0","7.351259624494327","46678.01","1","observed","1","1","1","1","1","1","1","0","2022-05-12","1","1","full_date","1"
"2021","48860","경상남도","산청군","경상남도 산청군","0.0094382419","-0.057739928","0.1084103341","-0.0030996874","8.47674797477189","8.488663978636172","1.541078074079986","7.005254659497276","0.451496609","0.1023559903343986","1.0","1.2250770118311567","91578000.0","92676000.0","21010000.0","205264000.0","91937000.0","112588000.0","19075.53547598588","7.0","3.669621756522785","23369.0","1","observed","1","1","1","1","1","1","1","0","2022-05-12","1","1","full_date","1"
"2021","48870","경상남도","함양군","경상남도 함양군","0.0885594169","0.0221252854","0.3176056217","0.197320368","8.864588832418422","8.748295412660074","2.1372865573766107","7.264725682054738","0.42552308","0.096467692859465","1.0","0.206144907863643","104107122.0","92676000.0","21010000.0","217793122.0","105132457.0","125117122.0","14712.951347826713","11.0","7.476406153973205","3033.0","1","observed","1","1","1","1","1","1","1","0","2022-05-12","1","1","full_date","1"
"2021","48880","경상남도","거창군","경상남도 거창군","0.0005233592","-0.066244835","0.2266362865","0.1078462354","8.360149965751523","8.559115616774857","2.013485882383861","6.956339213883213","0.494871405","0.0995599837292165","1.0","0.8499588929615247","85586560.0","104432000.0","21010000.0","211028560.0","79085560.0","106596560.0","20032.73351334976","13.0","6.489378991307818","17027.0","1","observed","1","1","1","1","1","1","1","0","2022-05-12","1","1","full_date","1"
"2021","48890","경상남도","합천군","경상남도 합천군","0.0854023425","0.0163747717","0.1062505003","-0.0032033699","9.227586528968443","8.22028741529184","1.3405002491899676","6.491536778771679","0.255366005","0.0452724643864514","1.0","1.1719812010145374","324559000.0","118510000.0","21010000.0","464079000.0","93379000.0","345569000.0","31904.095362307948","9.0","2.820954456722429","37391.0","1","observed","1","1","1","1","1","1","1","0","2022-05-12","1","1","full_date","1"
"2021","50110","제주특별자치도","제주시","제주특별자치도 제주시","","","","","","","2.58993178354424","","","","0.0","0.0","","","","","","","8922.153326506517","11.0","12.328862324435157","0.0","0","metropolitan_headquarters","1","1","0","0","0","1","1","0","2022-05-12","1","1","no_designation","1"
"2021","50130","제주특별자치도","서귀포시","제주특별자치도 서귀포시","","","","","","","2.6021308182395244","","","","0.0","0.0","","","","","","","5603.38112473483","7.0","12.492457400586439","0.0","0","metropolitan_headquarters","1","1","0","0","0","1","1","0","2022-05-12","1","1","no_designation","1"
"2021","51110","강원특별자치도","춘천시","강원특별자치도 춘천시","0.4036473404","0.335412365","0.6663679758","0.5371308428","11.112369792942362","8.820363743334646","2.6677714001774504","0.0","0.091776116","0.0","1.0","4.348332244374197","1149222000.0","116129000.0","0.0","1265351000.0","500000000.0","1149222000.0","17154.16297742794","23.0","13.407824112586678","74592.0","1","observed","1","1","1","1","1","1","1","0","2022-05-12","1","1","full_date","1"
"2021","51130","강원특별자치도","원주시","강원특별자치도 원주시","0.2218063951","0.1546908951","0.256659168","0.1453320368","9.8033113636834","8.794962885491739","1.5686699679779208","8.292341319104445","0.230085154","0.1391745577514797","1.0","3.201813590852501","190435000.0","69468000.0","42020000.0","301923000.0","0.0","232455000.0","10525.597147904828","4.0","3.800259447319072","33701.0","1","observed","1","1","1","1","1","1","1","0","2022-05-12","1","1","full_date","1"
"2021","51150","강원특별자치도","강릉시","강원특별자치도 강릉시","-0.0928169642","-0.1652540034","0.1231041932","0.0024462485","8.609893014688016","7.285452885445071","1.8539023245238584","7.31948741696348","0.172514421","0.1784910244756136","0.0","0.0","152785000.0","40613000.0","42020000.0","235418000.0","42020000.0","194805000.0","27856.777072684443","15.0","5.38468608944305","0.0","1","observed","1","1","1","1","1","1","1","0","2022-05-12","1","1","no_designation","1"
"2021","51170","강원특별자치도","동해시","강원특별자치도 동해시","0.0874658038","0.0230956488","-0.2450498138","-0.3296309277","8.553015767575804","9.163521806405099","0.0","0.0","0.64807634","0.0","1.0","1.2115792248879087","22054000.0","40613000.0","0.0","62667000.0","0.0","22054000.0","4256.411709665215","0.0","0.0","5156.98","1","observed","1","1","1","1","1","1","1","0","2022-05-12","1","1","full_date","1"
"2021","51190","강원특별자치도","태백시","강원특별자치도 태백시","0.0206828734","-0.0435512925","0.3639565698","0.239530744","8.112869694179956","9.09863749182749","2.485649091204353","0.0","0.728288353","0.0","0.0","0.0","15152000.0","40613000.0","0.0","55765000.0","0.0","15152000.0","4541.774632373664","5.0","11.008912605130417","0.0","1","observed","1","1","1","1","1","1","1","0","2022-05-12","1","1","no_designation","1"
"2021","51210","강원특별자치도","속초시","강원특별자치도 속초시","0.2284592823","0.1670343618","0.4868845245","0.3659918746","9.005087886649367","9.953149805589897","2.4292218377690054","0.0","0.720740386","0.0","0.0","0.0","15736000.0","40613000.0","0.0","56349000.0","0.0","15736000.0","1932.358474645644","2.0","10.350046465197199","0.0","1","observed","1","1","1","1","1","1","1","0","2022-05-12","1","1","no_designation","1"
"2021","51230","강원특별자치도","삼척시","강원특별자치도 삼척시","-0.1333353266","-0.2066380836","-0.0625684271","-0.1743067069","8.482830253798811","7.054629903165257","1.2496446010249294","0.0","0.193276822","0.0","1.0","0.08004954326795695","194050000.0","46491000.0","0.0","240541000.0","0.0","194050000.0","40175.11991586007","10.0","2.4891027135558756","3216.0","1","observed","1","1","1","1","1","1","1","0","2022-05-12","1","1","full_date","1"
"2021","51720","강원특별자치도","홍천군","강원특별자치도 홍천군","-0.7547351361","-0.8587218292","-0.2913128577","-0.4383559399","9.103879230181406","0.0","1.9410375393456452","0.0","0.0","0.0","1.0","2.034397371120198","316412834.0","0.0","0.0","316412834.0","0.0","316412834.0","35199.612925457855","21.0","5.965974695367149","71610.0","1","observed","1","1","1","1","1","1","1","0","2022-05-12","1","1","full_date","1"
"2021","51730","강원특별자치도","횡성군","강원특별자치도 횡성군","0.0443109469","-0.0234984727","0.1585617216","0.0450422303","8.789288586059202","8.409427127468955","1.643625564878293","7.766541250885476","0.334688574","0.17593482396791","1.0","1.515593025660854","125783000.0","86024000.0","45220000.0","257027000.0","0.0","171003000.0","19166.754866355743","8.0","4.173893836375377","29049.0","1","observed","1","1","1","1","1","1","1","0","2022-05-12","1","1","full_date","1"
"2021","51750","강원특별자치도","영월군","강원특별자치도 영월군","0.078175176","0.0054105135","-0.0051591169","-0.1108755985","9.73381447350208","7.455736148851022","0.9339334771855288","0.0","0.092911098","0.0","0.0","0.0","437108000.0","44772000.0","0.0","481880000.0","331223000.0","437108000.0","25898.378414212697","4.0","1.5444982446487272","0.0","1","observed","1","1","1","1","1","1","1","0","2022-05-12","1","1","no_designation","1"
"2021","51760","강원특별자치도","평창군","강원특별자치도 평창군","-0.2462955911","-0.3161147101","0.0303963686","-0.0893256685","7.258028505506142","7.601820884694786","1.8895585409986961","0.0","0.585161225","0.0","0.0","0.0","32832000.0","46312000.0","0.0","79144000.0","0.0","32832000.0","23146.3052386974","13.0","5.616447146072285","0.0","1","observed","1","1","1","1","1","1","1","0","2022-05-12","1","1","no_designation","1"
"2021","51770","강원특별자치도","정선군","강원특별자치도 정선군","0.0180284119","-0.0529574198","0.1491152491","0.0327156439","9.092886290024525","7.731734796211012","1.673249168810969","8.104311966518095","0.157390491","0.2284788377049893","1.0","1.5378621291941597","225892000.0","57892000.0","84040000.0","367824000.0","33139000.0","309932000.0","25407.34911033557","11.0","4.329455998038481","39073.0","1","observed","1","1","1","1","1","1","1","0","2022-05-12","1","1","full_date","1"
"2021","51780","강원특별자치도","철원군","강원특별자치도 철원군","0.4814650925","0.4222591637","0.851393885","0.7208512726","10.268939216866906","10.75102319044399","3.1774753233979083","0.0","0.618242986","0.0","0.0","0.0","25078000.0","40613000.0","0.0","65691000.0","0.0","25078000.0","870.090303707032","2.0","22.986119848468277","0.0","1","observed","1","1","1","1","1","1","1","0","2022-05-12","1","1","no_designation","1"
"2021","51790","강원특별자치도","화천군","강원특별자치도 화천군","-0.0443467811","-0.1098289855","0.3195448796","0.1941050787","7.888068710704415","8.756727723707575","2.4806237095005588","0.0","0.704511943","0.0","0.0","0.0","17034000.0","40613000.0","0.0","57647000.0","0.0","17034000.0","6393.444566121614","7.0","10.948714621054943","0.0","1","observed","1","1","1","1","1","1","1","0","2022-05-12","1","1","no_designation","1"
"2021","51800","강원특별자치도","양구군","강원특별자치도 양구군","-1.1566804524","-1.2161244531","-0.7596863558","-0.8630066923","0.0","8.437861065465315","1.1860075587410859","0.0","1.0","0.0","1.0","0.27354889220141987","0.0","40613000.0","0.0","40613000.0","0.0","0.0","8795.137061745016","2.0","2.2739838912791046","2405.9","1","observed","1","1","1","1","1","1","1","0","2022-05-12","1","1","no_designation","1"
"2021","51810","강원특별자치도","인제군","강원특별자치도 인제군","-0.2141507537","-0.2859627907","-0.1502975348","-0.2590927563","7.754426616841638","7.243877003587006","1.1204067398161321","0.0","0.374997692","0.0","1.0","0.2183524465046953","67689000.0","40613000.0","0.0","108302000.0","0.0","67689000.0","29040.20587588721","6.0","2.0661010550830654","6341.0","1","observed","1","1","1","1","1","1","1","0","2022-05-12","1","1","no_designation","1"
"2021","51820","강원특별자치도","고성군","강원특별자치도 고성군","0.1236401075","0.0582130226","0.4526593893","0.3264038659","8.936584493813601","9.000135415725381","2.5627401173732203","0.0","0.515884408","0.0","0.0","0.0","38112000.0","40613000.0","0.0","78725000.0","0.0","38112000.0","5011.982153953566","6.0","11.97131158032369","0.0","1","observed","1","1","1","1","1","1","1","0","2022-05-12","1","1","no_designation","1"
"2021","51830","강원특별자치도","양양군","강원특별자치도 양양군","-0.0639478938","-0.1334673584","0.1129455963","-0.0037166942","8.360775688139977","7.914459656529627","1.7430918246907","0.0","0.390205705","0.0","0.0","0.0","63468000.0","40613000.0","0.0","104081000.0","33000000.0","63468000.0","14846.2799125014","7.0","4.714985869359507","0.0","1","observed","1","1","1","1","1","1","1","0","2022-05-12","1","1","no_designation","1"
"2022","11110","서울특별시","종로구","서울특별시 종로구","-0.0947528005","-0.2510390442","","","13.922443891740963","0.0","","0.0","0.0","0.0","0.0","0.0","255750000.0","0.0","0.0","255750000.0","0.0","232630000.0","229.8134676458469","0.0","","0.0","1","observed","1","1","1","0","1","1","0","1","2022-05-12","1","1","no_designation","1"
"2022","11140","서울특별시","중구","서울특별시 중구","1.6142710865","1.5526317922","","","15.78191292965125","14.522806093176277","","0.0","0.221127623","0.0","0.0","0.0","41982000.0","11919000.0","0.0","53901000.0","0.0","41982000.0","5.8757794482012455","0.0","","0.0","1","observed","1","1","1","0","1","1","0","1","2022-05-12","1","1","no_designation","1"
"2022","11170","서울특별시","용산구","서울특별시 용산구","-2.0016623643","-2.1948253444","","","0.0","0.0","","0.0","","","0.0","0.0","0.0","0.0","0.0","0.0","0.0","0.0","97.8213309668874","0.0","","0.0","1","observed","1","1","1","0","1","1","0","1","2022-05-12","1","1","no_designation","1"
"2022","11200","서울특별시","성동구","서울특별시 성동구","1.8570149572","1.8062651884","","","16.486254227610228","15.98346256481023","","0.0","0.376884832","0.0","0.0","0.0","38225000.0","23120000.0","0.0","61345000.0","0.0","38225000.0","2.645198610084122","0.0","","0.0","1","observed","1","1","1","0","1","1","0","1","2022-05-12","1","1","no_designation","1"
"2022","11215","서울특별시","광진구","서울특별시 광진구","-2.0016623643","-2.1948253444","","","0.0","0.0","","0.0","","","0.0","0.0","0.0","0.0","0.0","0.0","0.0","0.0","118.83692312121298","0.0","","0.0","1","observed","1","1","1","0","1","1","0","1","2022-05-12","1","1","no_designation","1"
"2022","11230","서울특별시","동대문구","서울특별시 동대문구","-2.0016623643","-2.1948253444","","","0.0","0.0","","0.0","","","0.0","0.0","0.0","0.0","0.0","0.0","0.0","0.0","10.298102799391469","0.0","","0.0","1","observed","1","1","1","0","1","1","0","1","2022-05-12","1","1","no_designation","1"
"2022","11260","서울특별시","중랑구","서울특별시 중랑구","-2.0016623643","-2.1948253444","","","0.0","0.0","","0.0","","","0.0","0.0","0.0","0.0","0.0","0.0","0.0","0.0","75.07549589800855","1.0","","0.0","1","observed","1","1","1","0","1","1","0","1","2022-05-12","1","1","no_designation","1"
"2022","11290","서울특별시","성북구","서울특별시 성북구","-2.0016623643","-2.1948253444","","","0.0","0.0","","0.0","","","0.0","0.0","0.0","0.0","0.0","0.0","0.0","0.0","145.335774548254","0.0","","0.0","1","observed","1","1","1","0","1","1","0","1","2022-05-12","1","1","no_designation","1"
"2022","11305","서울특별시","강북구","서울특별시 강북구","-2.0016623643","-2.1948253444","","","0.0","0.0","","0.0","","","0.0","0.0","0.0","0.0","0.0","0.0","0.0","0.0","116.54644819477348","0.0","","0.0","1","observed","1","1","1","0","1","1","0","1","2022-05-12","1","1","no_designation","1"
"2022","11320","서울특별시","도봉구","서울특별시 도봉구","-0.481010807","-0.6447666942","","","11.102354504827543","0.0","","0.0","0.0","0.0","0.0","0.0","4874000.0","0.0","0.0","4874000.0","4874000.0","4874000.0","73.48535136777946","0.0","","0.0","1","observed","1","1","1","0","1","1","0","1","2022-05-12","1","1","no_designation","1"
"2022","11350","서울특별시","노원구","서울특별시 노원구","-2.0016623643","-2.1948253444","","","0.0","0.0","","0.0","","","0.0","0.0","0.0","0.0","0.0","0.0","0.0","0.0","333.7072077334258","0.0","","0.0","1","observed","1","1","1","0","1","1","0","1","2022-05-12","1","1","no_designation","1"
"2022","11380","서울특별시","은평구","서울특별시 은평구","0.8757537906","0.790958145","","","11.919770482215561","12.430442943175617","","10.696690769672399","0.562838855","0.0994070030120481","0.0","0.0","35883000.0","59796000.0","10561000.0","106240000.0","0.0","46444000.0","238.89171620206912","1.0","","0.0","1","observed","1","1","1","0","1","1","0","1","2022-05-12","1","1","no_designation","1"
"2022","11410","서울특별시","서대문구","서울특별시 서대문구","0.940644892","0.85380983","","","12.961422891922737","11.653738983716618","","0.0","0.212873606","0.0","0.0","0.0","42005000.0","11360000.0","0.0","53365000.0","0.0","42005000.0","98.67964301884513","0.0","","0.0","1","observed","1","1","1","0","1","1","0","1","2022-05-12","1","1","no_designation","1"
"2022","11440","서울특별시","마포구","서울특별시 마포구","1.7738149493","1.7139230996","","","17.177378872530742","14.207369739066726","","0.0","0.048799269","0.0","0.0","0.0","232229000.0","11914000.0","0.0","244143000.0","0.0","232229000.0","8.051477974569195","0.0","","0.0","1","observed","1","1","1","0","1","1","0","1","2022-05-12","1","1","no_designation","1"
"2022","11470","서울특별시","양천구","서울특별시 양천구","-2.0016623643","-2.1948253444","","","0.0","0.0","","0.0","","","0.0","0.0","0.0","0.0","0.0","0.0","0.0","0.0","8.976266248884023","0.0","","0.0","1","observed","1","1","1","0","1","1","0","1","2022-05-12","1","1","no_designation","1"
"2022","11500","서울특별시","강서구","서울특별시 강서구","1.4542779751","1.3827627549","","","15.782871105339714","12.923828653863264","","12.803377441177522","0.051729378","0.0458591314466337","0.0","0.0","207838000.0","11914000.0","10562000.0","230314000.0","0.0","218400000.0","29.06104223806912","1.0","","0.0","1","observed","1","1","1","0","1","1","0","1","2022-05-12","1","1","no_designation","1"
"2022","11530","서울특별시","구로구","서울특별시 구로구","1.7679781719","1.70785762","","","17.154730855644523","14.180060881158157","","13.731205747048406","0.047121955","0.0300806917904007","0.0","0.0","323984000.0","16544000.0","10561000.0","351089000.0","0.0","334545000.0","11.48996297675872","0.0","","0.0","1","observed","1","1","1","0","1","1","0","1","2022-05-12","1","1","no_designation","1"
"2022","11545","서울특별시","금천구","서울특별시 금천구","1.4823009261","1.4135419741","","","15.605755126082146","13.445907981922133","","0.0","0.103414505","0.0","0.0","0.0","141899000.0","16367000.0","0.0","158266000.0","0.0","141899000.0","23.685691596715643","1.0","","0.0","1","observed","1","1","1","0","1","1","0","1","2022-05-12","1","1","no_designation","1"
"2022","11560","서울특별시","영등포구","서울특별시 영등포구","","","","","","","","","","","0.0","","0.0","0.0","0.0","0.0","0.0","0.0","0.0","0.0","","0.0","1","observed","1","0","0","0","1","1","0","1","2022-05-12","1","1","no_designation","1"
"2022","11590","서울특별시","동작구","서울특별시 동작구","1.3481189876","1.2769505158","","","14.594134124319984","13.489609381018244","","0.0","0.248892881","0.0","0.0","0.0","35957000.0","11915000.0","0.0","47872000.0","0.0","35957000.0","16.505615771295272","0.0","","0.0","1","observed","1","1","1","0","1","1","0","1","2022-05-12","1","1","no_designation","1"
"2022","11620","서울특별시","관악구","서울특별시 관악구","-2.0016623643","-2.1948253444","","","0.0","0.0","","0.0","","","0.0","0.0","0.0","0.0","0.0","0.0","0.0","0.0","307.4659134273305","1.0","","0.0","1","observed","1","1","1","0","1","1","0","1","2022-05-12","1","1","no_designation","1"
"2022","11650","서울특별시","서초구","서울특별시 서초구","1.4606792113","1.3899372938","","","15.717642755103983","13.076965034164228","","0.0","0.066565792","0.0","0.0","0.0","496601000.0","35414000.0","0.0","532015000.0","0.0","496601000.0","74.11773473902872","0.0","","0.0","1","observed","1","1","1","0","1","1","0","1","2022-05-12","1","1","no_designation","1"
"2022","11680","서울특별시","강남구","서울특별시 강남구","-2.0016623643","-2.1948253444","","","0.0","0.0","","0.0","","","0.0","0.0","0.0","0.0","0.0","0.0","0.0","0.0","14.617439325667457","0.0","","0.0","1","observed","1","1","1","0","1","1","0","1","2022-05-12","1","1","no_designation","1"
"2022","11710","서울특별시","송파구","서울특별시 송파구","1.4868025277","1.4217126267","","","15.021150741333308","14.290439785023652","","13.567262032155625","0.280759703","0.1362267450332734","1.0","78.23904940838767","48010000.0","23120000.0","11218000.0","82348000.0","11218000.0","59228000.0","14.37900905630627","0.0","","1125.0","1","observed","1","1","1","0","1","1","0","1","2022-05-12","1","1","full_date","1"
"2022","11740","서울특별시","강동구","서울특별시 강동구","1.3982925689","1.329233816","","","14.764035703996488","13.758256082773897","","13.035078793546791","0.237009093","0.1149986160801238","0.0","0.0","63211000.0","23120000.0","11218000.0","97549000.0","0.0","74429000.0","24.482377619817925","0.0","","0.0","1","observed","1","1","1","0","1","1","0","1","2022-05-12","1","1","no_designation","1"
"2022","26110","부산광역시","중구","부산광역시 중구","-2.0016623643","-2.1948253444","","","0.0","0.0","","0.0","","","0.0","0.0","0.0","0.0","0.0","0.0","0.0","0.0","1.906190096631038","0.0","","0.0","1","observed","1","1","1","0","1","1","0","1","2022-05-12","1","1","no_designation","1"
"2022","26140","부산광역시","서구","부산광역시 서구","0.6433609624","0.5544409714","","","10.159315430161765","12.517626231886176","","0.0","0.913595318","0.0","0.0","0.0","4459000.0","47147000.0","0.0","51606000.0","830000.0","4459000.0","172.63134516067018","0.0","","0.0","1","observed","1","1","1","0","1","1","0","1","2022-05-12","1","1","no_designation","1"
"2022","26170","부산광역시","동구","부산광역시 동구","0.738003546","0.6524226795","","","10.59020229360127","12.873376888828263","","0.0","0.907475844","0.0","0.0","0.0","4807000.0","47147000.0","0.0","51954000.0","651000.0","4807000.0","120.95355330492292","0.0","","0.0","1","observed","1","1","1","0","1","1","0","1","2022-05-12","1","1","no_designation","1"
"2022","26200","부산광역시","영도구","부산광역시 영도구","1.0335111203","0.9527913497","","","12.894858386765883","12.67212914307019","","0.0","0.44454659","0.0","0.0","0.0","117820000.0","94295000.0","0.0","212115000.0","114191000.0","117820000.0","295.8382103460892","0.0","","0.0","1","observed","1","1","1","0","1","1","0","1","2022-05-12","1","1","no_designation","1"
"2022","26230","부산광역시","부산진구","부산광역시 부산진구","0.5783108546","0.4846190396","","","10.29010547423202","11.689160593574005","","0.0","0.80203797","0.0","1.0","7.24271818701105","11637000.0","47147000.0","0.0","58784000.0","5923000.0","11637000.0","395.29357985161545","0.0","","2863.0","1","observed","1","1","1","0","1","1","0","1","2022-05-12","1","1","full_date","1"
"2022","26260","부산광역시","동래구","부산광역시 동래구","0.706922837","0.6173374739","","","10.949971834607004","12.070942954251267","","0.0","0.754170999","0.0","1.0","1.1599297965283146","15368000.0","47147000.0","0.0","62515000.0","5060000.0","15368000.0","269.8439172239675","1.0","","313.0","1","observed","1","1","1","0","1","1","0","1","2022-05-12","1","1","full_date","1"
"2022","26290","부산광역시","남구","부산광역시 남구","0.8309169644","0.7420209853","","","12.149769032114415","11.668133863896164","","0.0","0.381865306","0.0","0.0","0.0","76318000.0","47147000.0","0.0","123465000.0","35183000.0","76318000.0","403.6933829853463","0.0","","0.0","1","observed","1","1","1","0","1","1","0","1","2022-05-12","1","1","no_designation","1"
"2022","26320","부산광역시","북구","부산광역시 북구","0.4636364205","0.3674619543","","","9.498546488080656","11.626676098852911","","0.0","0.893613594","0.0","0.0","0.0","11226000.0","94295000.0","0.0","105521000.0","3970000.0","11226000.0","841.5719818660857","0.0","","0.0","1","observed","1","1","1","0","1","1","0","1","2022-05-12","1","1","no_designation","1"
"2022","26350","부산광역시","해운대구","부산광역시 해운대구","0.2409539855","0.137669534","","","8.356027862474775","10.965657256617627","","0.0","0.931492641","0.0","0.0","0.0","6935000.0","94295000.0","0.0","101230000.0","6435000.0","6935000.0","1629.9404391041692","0.0","","0.0","1","observed","1","1","1","0","1","1","0","1","2022-05-12","1","1","no_designation","1"
"2022","26380","부산광역시","사하구","부산광역시 사하구","-0.3176814776","-0.4782788235","","","12.294830261237284","0.0","","0.0","0.0","0.0","0.0","0.0","109240000.0","0.0","0.0","109240000.0","7661000.0","16431000.0","499.8120704551127","0.0","","0.0","1","observed","1","1","1","0","1","1","0","1","2022-05-12","1","1","no_designation","1"
"2022","26410","부산광역시","금정구","부산광역시 금정구","0.5658977843","0.4701634978","","","10.510181561683916","11.264201441530995","","10.091524470726702","0.56179994","0.1738930109149838","1.0","3.0989404216782757","66543000.0","141441000.0","43780000.0","251764000.0","95903000.0","110323000.0","1813.84577795654","1.0","","5621.0","1","observed","1","1","1","0","1","1","0","1","2022-05-12","1","1","full_date","1"
"2022","26440","부산광역시","강서구","부산광역시 강서구","0.667351864","0.5743678479","","","11.115014004447179","11.450060512263844","","10.970508668770636","0.428383216","0.2651935040312078","0.0","0.0","101173000.0","141441000.0","87560000.0","330174000.0","105510000.0","188733000.0","1506.1972314866955","0.0","","0.0","1","observed","1","1","1","0","1","1","0","1","2022-05-12","1","1","no_designation","1"
"2022","26470","부산광역시","연제구","부산광역시 연제구","0.8840958897","0.8026909238","","","11.423994550144725","13.191832252788231","","0.0","0.854189691","0.0","0.0","0.0","8048000.0","47147000.0","0.0","55195000.0","0.0","8048000.0","87.96601540319242","1.0","","0.0","1","observed","1","1","1","0","1","1","0","1","2022-05-12","1","1","no_designation","1"
"2022","26500","부산광역시","수영구","부산광역시 수영구","-0.1576617205","-0.3151645273","","","13.463142661048822","0.0","","0.0","0.0","0.0","0.0","0.0","62602000.0","0.0","0.0","62602000.0","4912000.0","15455000.0","89.04719818289425","0.0","","0.0","1","observed","1","1","1","0","1","1","0","1","2022-05-12","1","1","no_designation","1"
"2022","26530","부산광역시","사상구","부산광역시 사상구","0.4737872872","0.3768298712","","","9.741463654100588","11.395796624337594","","0.0","0.839482212","0.0","1.0","2.328025882688581","9015000.0","47147000.0","0.0","56162000.0","5386000.0","9015000.0","530.0628352872448","0.0","","1234.0","1","observed","1","1","1","0","1","1","0","1","2022-05-12","1","1","full_date","1"
"2022","26710","부산광역시","기장군","부산광역시 기장군","0.7125757819","0.6180474857","","","11.862160319307174","10.879767129653803","","10.268280149717292","0.237337634","0.1287639496501308","0.0","0.0","713040000.0","266969000.0","144840000.0","1124849000.0","348765000.0","857880000.0","5028.5895226531065","5.0","","0.0","1","observed","1","1","1","0","1","1","0","1","2022-05-12","1","1","no_designation","1"
"2022","27110","대구광역시","중구","대구광역시 중구","","","","","","","","","","","0.0","","0.0","0.0","0.0","0.0","0.0","0.0","0.0","0.0","","0.0","1","observed","1","0","0","0","1","1","0","1","2022-05-12","1","1","no_designation","1"
"2022","27140","대구광역시","동구","대구광역시 동구","-2.0016623643","-2.1948253444","","","0.0","0.0","","0.0","","","1.0","0.32977705276000957","0.0","0.0","0.0","0.0","0.0","0.0","4979.1214587478935","0.0","","1642.0","1","observed","1","1","1","0","1","1","0","1","2022-05-12","1","1","full_date","1"
"2022","27170","대구광역시","서구","대구광역시 서구","1.1927710455","1.1184584328","","","13.48405527867761","13.456613781903165","","0.0","0.493140047","0.0","0.0","0.0","23496000.0","22860000.0","0.0","46356000.0","22575000.0","22996000.0","32.729829073412375","0.0","","0.0","1","observed","1","1","1","0","1","1","0","1","2022-05-12","1","1","no_designation","1"
"2022","27200","대구광역시","남구","대구광역시 남구","-2.0016623643","-2.1948253444","","","0.0","0.0","","0.0","","","1.0","3.2251318161485516","0.0","0.0","0.0","0.0","0.0","0.0","291.15089042200844","0.0","","939.0","1","observed","1","1","1","0","1","1","0","1","2022-05-12","1","1","no_designation","1"
"2022","27230","대구광역시","북구","대구광역시 북구","0.4786400016","0.3764804007","","","10.689832237345021","10.147145303875824","","0.0","0.367558939","0.0","1.0","0.8026163765178406","100162600.0","58212000.0","0.0","158374600.0","99112600.0","100162600.0","2281.289110924714","0.0","","1831.0","1","observed","1","1","1","0","1","1","0","1","2022-05-12","1","1","full_date","1"
"2022","27260","대구광역시","수성구","대구광역시 수성구","0.1927426144","0.0843241972","","","8.728318636648826","9.975033497198602","","0.0","0.776750682","0.0","1.0","0.5766024603150499","6714000.0","23360000.0","0.0","30074000.0","6217000.0","6714000.0","1087.4043091273204","0.0","","627.0","1","observed","1","1","1","0","1","1","0","1","2022-05-12","1","1","full_date","1"
"2022","27290","대구광역시","달서구","대구광역시 달서구","0.5153739394","0.4162275988","","","10.561053842014061","10.690098581394178","","0.0","0.532217271","0.0","0.0","0.0","31072000.0","35352000.0","0.0","66424000.0","31072000.0","31072000.0","804.9576875048305","0.0","","0.0","1","observed","1","1","1","0","1","1","0","1","2022-05-12","1","1","no_designation","1"
"2022","27710","대구광역시","달성군","대구광역시 달성군","0.5349567159","0.428592704","","","12.013504560730151","8.899092426352702","","0.0","0.042511357","0.0","1.0","1.1681180772222493","1568578050.0","69643000.0","0.0","1638221050.0","1568578050.0","1568578050.0","9508.456564949429","1.0","","11107.0","1","observed","1","1","1","0","1","1","0","1","2022-05-12","1","1","full_date","1"
"2022","27720","대구광역시","군위군","대구광역시 군위군","","","","","","","","","","","1.0","2.0488189530025087","","","","","","","18006.959544148078","4.0","","36893.0","0","administrative_history","1","1","0","0","0","1","0","1","2022-05-12","1","1","full_date","1"
"2022","28110","인천광역시","중구","인천광역시 중구","-0.5865104211","-0.7523065108","","","10.332096446046856","0.0","","10.08379046337774","0.0","0.4382382382382382","0.0","0.0","28060000.0","0.0","21890000.0","49950000.0","24404000.0","49950000.0","913.9645250586208","0.0","","0.0","1","observed","1","1","1","0","1","1","0","1","2022-05-12","1","1","no_designation","1"
"2022","28140","인천광역시","동구","인천광역시 동구","","","","","","","","","","","0.0","","0.0","0.0","0.0","0.0","0.0","0.0","0.0","0.0","","0.0","1","observed","1","0","0","0","1","1","0","1","2022-05-12","1","1","no_designation","1"
"2022","28177","인천광역시","미추홀구","인천광역시 미추홀구","0.1813524363","0.0304056488","","","15.938302294594438","0.0","","0.0","0.0","0.0","0.0","0.0","147969000.0","0.0","0.0","147969000.0","0.0","147969000.0","17.711447384754308","0.0","","0.0","1","observed","1","1","1","0","1","1","0","1","2022-05-12","1","1","no_designation","1"
"2022","28185","인천광역시","연수구","인천광역시 연수구","-0.1821804044","-0.3401573653","","","13.284130500531647","0.0","","0.0","0.0","0.0","0.0","0.0","22634000.0","0.0","0.0","22634000.0","2514000.0","22634000.0","38.50680424275977","0.0","","0.0","1","observed","1","1","1","0","1","1","0","1","2022-05-12","1","1","no_designation","1"
"2022","28200","인천광역시","남동구","인천광역시 남동구","1.0089638369","0.9286413304","","","12.56532547867322","12.87771491749311","","12.812334643878735","0.374755444","0.3510375573302543","0.0","0.0","17099000.0","23369000.0","21890000.0","62358000.0","24404000.0","38989000.0","59.69262942462092","0.0","","0.0","1","observed","1","1","1","0","1","1","0","1","2022-05-12","1","1","no_designation","1"
"2022","28237","인천광역시","부평구","인천광역시 부평구","-0.2021408407","-0.3605038061","","","13.138398338019469","0.0","","0.0","0.0","0.0","0.0","0.0","17677000.0","0.0","0.0","17677000.0","0.0","17677000.0","34.791689392013495","0.0","","0.0","1","observed","1","1","1","0","1","1","0","1","2022-05-12","1","1","no_designation","1"
"2022","28245","인천광역시","계양구","인천광역시 계양구","-0.124249947","-0.2811066208","","","13.7070837220893","0.0","","0.0","0.0","0.0","0.0","0.0","30609000.0","0.0","0.0","30609000.0","2514000.0","30609000.0","34.114483621966656","0.0","","0.0","1","observed","1","1","1","0","1","1","0","1","2022-05-12","1","1","no_designation","1"
"2022","28260","인천광역시","서구","인천광역시 서구","1.1628338749","1.0857557413","","","13.642409177427632","12.941080760420363","","12.875700476209305","0.252963272","0.2369534861064504","0.0","0.0","47122000.0","23369000.0","21890000.0","92381000.0","23399000.0","69012000.0","56.02749502255566","1.0","","0.0","1","observed","1","1","1","0","1","1","0","1","2022-05-12","1","1","no_designation","1"
"2022","28710","인천광역시","강화군","인천광역시 강화군","1.1942503827","1.1118120396","","","14.900515008493043","11.534055296278686","","11.468675511603932","0.032349114","0.0303017718715393","0.0","0.0","677141000.0","23369000.0","21890000.0","722400000.0","27925000.0","699031000.0","228.8062122056636","0.0","","0.0","1","observed","1","1","1","0","1","1","0","1","2022-05-12","1","1","no_designation","1"
"2022","28720","인천광역시","옹진군","인천광역시 옹진군","0.3963920153","0.2933780088","","","9.962437456210704","10.320707246026526","","0.0","0.588624972","0.0","0.0","0.0","114324000.0","163583000.0","0.0","277907000.0","0.0","114324000.0","5389.2244303518055","0.0","","0.0","1","observed","1","1","1","0","1","1","0","1","2022-05-12","1","1","no_designation","1"
"2022","29110","광주광역시","동구","광주광역시 동구","0.1669973265","0.0565808038","","","8.798963324108158","9.621322279190153","","0.0","0.694754792","0.0","0.0","0.0","5191000.0","11815000.0","0.0","17006000.0","0.0","5191000.0","783.3851705913617","0.0","","0.0","1","observed","1","1","1","0","1","1","0","1","2022-05-12","1","1","no_designation","1"
"2022","29140","광주광역시","서구","광주광역시 서구","-0.4750284699","-0.6386686679","","","11.146031852271385","0.0","","0.0","0.0","0.0","1.0","24.957075869441983","8537000.0","0.0","0.0","8537000.0","3000000.0","8537000.0","123.21154994624592","1.0","","3075.0","1","observed","1","1","1","0","1","1","0","1","2022-05-12","1","1","full_date","1"
"2022","29155","광주광역시","남구","광주광역시 남구","-0.5157227414","-0.6801499048","","","10.848920902472596","0.0","","0.0","0.0","0.0","1.0","9.894584687655971","22007000.0","0.0","0.0","22007000.0","3000000.0","22007000.0","427.50657390169727","0.0","","4230.0","1","observed","1","1","1","0","1","1","0","1","2022-05-12","1","1","full_date","1"
"2022","29170","광주광역시","북구","광주광역시 북구","-0.6606352649","-0.8278648165","","","9.79090718442134","0.0","","0.0","0.0","0.0","0.0","0.0","22758000.0","0.0","0.0","22758000.0","0.0","22758000.0","1273.56593173623","0.0","","0.0","1","observed","1","1","1","0","1","1","0","1","2022-05-12","1","1","no_designation","1"
"2022","29200","광주광역시","광산구","광주광역시 광산구","0.4608112919","0.3558014793","","","10.991554552489339","9.556436609364066","","0.0","0.19229413","0.0","1.0","7.601345025306804","148882000.0","35445000.0","0.0","184327000.0","145000000.0","148882000.0","2507.7140869856285","0.0","","19062.0","1","observed","1","1","1","0","1","1","0","1","2022-05-12","1","1","full_date","1"
"2022","30110","대전광역시","동구","대전광역시 동구","0.7576614142","0.6594807518","","","12.971231554269954","9.813078182657701","","10.19580180497091","0.038469467","0.0564077125757761","0.0","0.0","280999000.0","11943000.0","17512000.0","310454000.0","17512000.0","298511000.0","653.689482043021","0.0","","0.0","1","observed","1","1","1","0","1","1","0","1","2022-05-12","1","1","no_designation","1"
"2022","30140","대전광역시","중구","대전광역시 중구","-0.4481098873","-0.6112295207","","","11.342565795860994","0.0","","0.0","0.0","0.0","0.0","0.0","30931000.0","0.0","0.0","30931000.0","0.0","30931000.0","366.7628803788808","0.0","","0.0","1","observed","1","1","1","0","1","1","0","1","2022-05-12","1","1","no_designation","1"
"2022","30170","대전광역시","서구","대전광역시 서구","0.6143001438","0.5144397168","","","11.736195062245562","10.070687676249404","","10.453415251367218","0.128951801","0.1890818001209294","0.0","0.0","63161000.0","11943000.0","17512000.0","92616000.0","18536000.0","80673000.0","505.2283558195524","0.0","","0.0","1","observed","1","1","1","0","1","1","0","1","2022-05-12","1","1","no_designation","1"
"2022","30200","대전광역시","유성구","대전광역시 유성구","0.6392902317","0.5398718657","","","11.925752722165596","10.0609716758404","","0.0","0.134142562","0.0","1.0","6.951058470741854","150867000.0","23373000.0","0.0","174240000.0","42387000.0","150867000.0","998.4090954221718","0.0","","6940.0","1","observed","1","1","1","0","1","1","0","1","2022-05-12","1","1","full_date","1"
"2022","30230","대전광역시","대덕구","대전광역시 대덕구","0.958506634","0.8736999882","","","12.80171439881688","12.050541325426584","","11.824980981619431","0.255260984","0.203715552039831","0.0","0.0","46508000.0","21943000.0","17512000.0","85963000.0","18788000.0","64020000.0","128.17842723143983","0.0","","0.0","1","observed","1","1","1","0","1","1","0","1","2022-05-12","1","1","no_designation","1"
"2022","31110","울산광역시","중구","울산광역시 중구","0.8773966394","0.7867453484","","","12.946647907232574","11.042359690396815","","10.965829782961048","0.115726783","0.107200499803751","1.0","4.892856016082218","317344290.0","47261000.0","43779000.0","408384290.0","320783290.0","361123290.0","756.6133129264339","1.0","","3702.0","1","observed","1","1","1","0","1","1","0","1","2022-05-12","1","1","full_date","1"
"2022","31140","울산광역시","남구","울산광역시 남구","0.6746313225","0.5824852631","","","11.047980097666837","11.614436197812719","","0.0","0.637946627","0.0","1.0","17.100962290619904","26822000.0","47261000.0","0.0","74083000.0","8029000.0","26822000.0","426.9935150962376","1.0","","7302.0","1","observed","1","1","1","0","1","1","0","1","2022-05-12","1","1","full_date","1"
"2022","31170","울산광역시","동구","울산광역시 동구","-0.3039806691","-0.4643130622","","","12.394860562160869","0.0","","10.233025667755026","0.0","0.1032275183530095","1.0","3.8550387218694464","212918000.0","0.0","24509000.0","237427000.0","99098000.0","190166000.0","881.4438051486518","0.0","","3398.0","1","observed","1","1","1","0","1","1","0","1","2022-05-12","1","1","full_date","1"
"2022","31200","울산광역시","북구","울산광역시 북구","-0.2760302284","-0.4358221024","","","12.598928153781312","0.0","","10.224267278375743","0.0","0.0851228895000714","1.0","3.2222671864433656","941049000.0","0.0","87558000.0","1028607000.0","719445000.0","934085000.0","3176.645326950111","0.0","","10236.0","1","observed","1","1","1","0","1","1","0","1","2022-05-12","1","1","full_date","1"
"2022","31710","울산광역시","울주군","울산광역시 울주군","-0.3387721445","-0.4997773519","","","12.14084622749518","0.0","","9.45661677109487","0.0","0.0639060210600508","1.0","4.793682109472483","2847479000.0","0.0","194394000.0","3041873000.0","2585039000.0","2623944000.0","15197.086151383684","19.0","","72850.0","1","observed","1","1","1","0","1","1","0","1","2022-05-12","1","1","full_date","1"
"2022","36110","세종특별자치시","세종시","세종특별자치시","","","","","","","","","","","1.0","14.616903228121398","","","","","","","1192.393472679509","0.0","","17429.1","0","metropolitan_headquarters","1","1","0","0","1","1","0","1","2022-05-12","1","1","full_date","1"
"2022","41111","경기도","수원시 장안구","경기도 수원시 장안구","","","","","","","","","","","0.0","0.0","","","","","","","85.05865042808178","0.0","","0.0","0","city_district_granularity","1","1","0","0","0","1","0","1","2022-05-12","1","1","no_designation","1"
"2022","41113","경기도","수원시 권선구","경기도 수원시 권선구","","","","","","","","","","","0.0","0.0","","","","","","","170.43992340554186","0.0","","0.0","0","city_district_granularity","1","1","0","0","0","1","0","1","2022-05-12","1","1","no_designation","1"
"2022","41115","경기도","수원시 팔달구","경기도 수원시 팔달구","","","","","","","","","","","0.0","0.0","","","","","","","25.619779523619485","0.0","","0.0","0","city_district_granularity","1","1","0","0","0","1","0","1","2022-05-12","1","1","no_designation","1"
"2022","41117","경기도","수원시 영통구","경기도 수원시 영통구","","","","","","","","","","","0.0","0.0","","","","","","","23.33984101400128","0.0","","0.0","0","city_district_granularity","1","1","0","0","0","1","0","1","2022-05-12","1","1","no_designation","1"
"2022","41131","경기도","성남시 수정구","경기도 성남시 수정구","","","","","","","","","","","1.0","196.83577860768258","","","","","","","69.33698790199168","0.0","","13648.0","0","city_district_granularity","1","1","0","0","0","1","0","1","2022-05-12","1","1","full_date","1"
"2022","41133","경기도","성남시 중원구","경기도 성남시 중원구","","","","","","","","","","","0.0","0.0","","","","","","","35.30985662800179","0.0","","0.0","0","city_district_granularity","1","1","0","0","0","1","0","1","2022-05-12","1","1","no_designation","1"
"2022","41135","경기도","성남시 분당구","경기도 성남시 분당구","","","","","","","","","","","0.0","0.0","","","","","","","85.3753791350048","0.0","","0.0","0","city_district_granularity","1","1","0","0","0","1","0","1","2022-05-12","1","1","no_designation","1"
"2022","41150","경기도","의정부시","경기도 의정부시","1.0045813775","0.9204976458","","","13.16708608957828","12.010907809204758","","0.0","0.239361647","0.0","0.0","0.0","145752000.0","45866000.0","0.0","191618000.0","0.0","145752000.0","278.75490754903177","0.0","","0.0","1","observed","1","1","1","0","1","1","0","1","2022-05-12","1","1","no_designation","1"
"2022","41171","경기도","안양시 만안구","경기도 안양시 만안구","","","","","","","","","","","0.0","0.0","","","","","","","290.4824929770212","0.0","","0.0","0","city_district_granularity","1","1","0","0","0","1","0","1","2022-05-12","1","1","no_designation","1"
"2022","41173","경기도","안양시 동안구","경기도 안양시 동안구","","","","","","","","","","","0.0","0.0","","","","","","","126.58462253451908","0.0","","0.0","0","city_district_granularity","1","1","0","0","0","1","0","1","2022-05-12","1","1","no_designation","1"
"2022","41190","경기도","부천시","경기도 부천시","-2.0016623643","-2.1948253444","","","0.0","0.0","","0.0","","","0.0","0.0","0.0","0.0","0.0","0.0","0.0","0.0","36.07376757388423","0.0","","0.0","1","observed","1","1","1","0","1","1","0","1","2022-05-12","1","1","no_designation","1"
"2022","41210","경기도","광명시","경기도 광명시","-2.0016623643","-2.1948253444","","","0.0","0.0","","0.0","","","0.0","0.0","0.0","0.0","0.0","0.0","0.0","0.0","47.751851686935886","0.0","","0.0","1","observed","1","1","1","0","1","1","0","1","2022-05-12","1","1","no_designation","1"
"2022","41220","경기도","평택시","경기도 평택시","0.7052213646","0.6110320738","","","11.725510310900138","10.993227009083304","","0.0","0.324691958","0.0","1.0","17.431992035014527","98597000.0","47406000.0","0.0","146003000.0","77008000.0","98597000.0","797.155022334108","0.0","","13896.0","1","observed","1","1","1","0","1","1","0","1","2022-05-12","1","1","full_date","1"
"2022","41250","경기도","동두천시","경기도 동두천시","-0.1202624311","-0.2770419923","","","13.736196779043032","0.0","","0.0","0.0","0.0","1.0","15.77048846675116","560324000.0","0.0","0.0","560324000.0","238459000.0","560324000.0","606.5760119078079","0.0","","9566.0","1","observed","1","1","1","0","1","1","0","1","2022-05-12","1","1","full_date","1"
"2022","41271","경기도","안산시 상록구","경기도 안산시 상록구","","","","","","","","","","","0.0","0.0","","","","","","","65.74016284349608","1.0","","0.0","0","city_district_granularity","1","1","0","0","0","1","0","1","2022-05-12","1","1","no_designation","1"
"2022","41273","경기도","안산시 단원구","경기도 안산시 단원구","","","","","","","","","","","0.0","0.0","","","","","","","785.9610641501805","2.0","","0.0","0","city_district_granularity","1","1","0","0","0","1","0","1","2022-05-12","1","1","no_designation","1"
"2022","41281","경기도","고양시 덕양구","경기도 고양시 덕양구","","","","","","","","","","","0.0","0.0","","","","","","","370.53883386907233","0.0","","0.0","0","city_district_granularity","1","1","0","0","0","1","0","1","2022-05-12","1","1","no_designation","1"
"2022","41285","경기도","고양시 일산동구","경기도 고양시 일산동구","","","","","","","","","","","0.0","0.0","","","","","","","41.36806591457648","0.0","","0.0","0","city_district_granularity","1","1","0","0","0","1","0","1","2022-05-12","1","1","no_designation","1"
"2022","41287","경기도","고양시 일산서구","경기도 고양시 일산서구","","","","","","","","","","","0.0","0.0","","","","","","","0.7017427118900311","0.0","","0.0","0","city_district_granularity","1","1","0","0","0","1","0","1","2022-05-12","1","1","no_designation","1"
"2022","41290","경기도","과천시","경기도 과천시","0.6556076167","0.5512151179","","","12.9567320651837","8.81381580713604","","0.0","0.01562611","0.0","1.0","2.2010850093808556","97013000.0","1540000.0","0.0","98553000.0","30000000.0","97013000.0","228.97798033787456","1.0","","504.0","1","observed","1","1","1","0","1","1","0","1","2022-05-12","1","1","full_date","1"
"2022","41310","경기도","구리시","경기도 구리시","0.9552589786","0.8727823662","","","12.365521515946314","12.614703731246152","","0.0","0.561975437","0.0","0.0","0.0","36950000.0","47406000.0","0.0","84356000.0","0.0","36950000.0","157.52102674362388","0.0","","0.0","1","observed","1","1","1","0","1","1","0","1","2022-05-12","1","1","no_designation","1"
"2022","41360","경기도","남양주시","경기도 남양주시","-0.2480951066","-0.4073467577","","","12.80288390146152","0.0","","10.154810958494105","0.0","0.0661056510498999","1.0","10.810739067162565","1234726000.0","0.0","87400000.0","1322126000.0","1313726000.0","1322126000.0","3398.9905566784173","3.0","","36745.6","1","observed","1","1","1","0","1","1","0","1","2022-05-12","1","1","full_date","1"
"2022","41370","경기도","오산시","경기도 오산시","-0.147219213","-0.3045200775","","","13.53938394048047","0.0","","0.0","0.0","0.0","0.0","0.0","115799000.0","0.0","0.0","115799000.0","0.0","115799000.0","152.6249897117882","0.0","","0.0","1","observed","1","1","1","0","1","1","0","1","2022-05-12","1","1","no_designation","1"
"2022","41390","경기도","시흥시","경기도 시흥시","1.0970226397","1.0175320851","","","13.358386896309346","12.67236484293783","","0.0","0.334918224","0.0","0.0","0.0","94139000.0","47406000.0","0.0","141545000.0","0.0","94139000.0","148.69506341349708","0.0","","0.0","1","observed","1","1","1","0","1","1","0","1","2022-05-12","1","1","no_designation","1"
"2022","41410","경기도","군포시","경기도 군포시","1.3751519836","1.3050650237","","","14.695187727362184","13.621342982400133","","0.0","0.254672456","0.0","0.0","0.0","134232000.0","45866000.0","0.0","180098000.0","0.0","134232000.0","55.69514009589484","0.0","","0.0","1","observed","1","1","1","0","1","1","0","1","2022-05-12","1","1","no_designation","1"
"2022","41430","경기도","의왕시","경기도 의왕시","1.1626262257","1.0845076445","","","13.81955504904272","12.69671992697696","","0.0","0.245485394","0.0","1.0","15.611475184701947","140972000.0","45866000.0","0.0","186838000.0","27928000.0","140972000.0","140.40313129075045","0.0","","2191.9","1","observed","1","1","1","0","1","1","0","1","2022-05-12","1","1","full_date","1"
"2022","41450","경기도","하남시","경기도 하남시","1.1586130103","1.0797043469","","","13.913071657826645","12.528739330931769","","0.0","0.200313676","0.0","1.0","45.18992294860919","193245000.0","48406000.0","0.0","241651000.0","98950000.0","193245000.0","175.28244093285812","0.0","","7921.0","1","observed","1","1","1","0","1","1","0","1","2022-05-12","1","1","full_date","1"
"2022","41461","경기도","용인시 처인구","경기도 용인시 처인구","","","","","","","","","","","1.0","25.78335644204332","","","","","","","1871.168329400662","5.0","","48245.0","0","city_district_granularity","1","1","0","0","0","1","0","1","2022-05-12","1","1","full_date","1"
"2022","41463","경기도","용인시 기흥구","경기도 용인시 기흥구","","","","","","","","","","","0.0","0.0","","","","","","","265.3250570898551","1.0","","0.0","0","city_district_granularity","1","1","0","0","0","1","0","1","2022-05-12","1","1","no_designation","1"
"2022","41465","경기도","용인시 수지구","경기도 용인시 수지구","","","","","","","","","","","0.0","0.0","","","","","","","64.75556915074613","0.0","","0.0","0","city_district_granularity","1","1","0","0","0","1","0","1","2022-05-12","1","1","no_designation","1"
"2022","41480","경기도","파주시","경기도 파주시","1.060624875","0.9778003602","","","13.546023178582523","12.05226698849278","","0.0","0.183357936","0.0","1.0","25.396320709299502","508964000.0","114276000.0","0.0","623240000.0","402283000.0","508964000.0","666.3839299289901","0.0","","16923.7","1","observed","1","1","1","0","1","1","0","1","2022-05-12","1","1","full_date","1"
"2022","41500","경기도","이천시","경기도 이천시","0.9218305498","0.8347896414","","","12.79682307432581","11.690989516663214","","0.0","0.248647412","0.0","1.0","23.546041514101095","203588000.0","67374000.0","0.0","270962000.0","171529000.0","203588000.0","563.8501907868078","2.0","","13276.44","1","observed","1","1","1","0","1","1","0","1","2022-05-12","1","1","full_date","1"
"2022","41550","경기도","안성시","경기도 안성시","0.4268683816","0.3160255737","","","11.636085362808588","8.335945348152434","","0.0","0.035558466","0.0","1.0","9.814712541676187","253326000.0","9340000.0","0.0","262666000.0","139836000.0","253326000.0","2239.731414104747","3.0","","21982.32","1","observed","1","1","1","0","1","1","0","1","2022-05-12","1","1","full_date","1"
"2022","41570","경기도","김포시","경기도 김포시","1.2401249833","1.1654132217","","","14.056453902305615","13.146597676663681","","0.0","0.28702902","0.0","0.0","0.0","117755000.0","47406000.0","0.0","165161000.0","0.0","117755000.0","92.54209632369115","0.0","","0.0","1","observed","1","1","1","0","1","1","0","1","2022-05-12","1","1","no_designation","1"
"2022","41590","경기도","화성시","경기도 화성시","0.6479013793","0.549004367","","","11.927457409897011","10.144629739391275","","0.0","0.143950298","0.0","1.0","6.508050056165542","281916000.0","47406000.0","0.0","329322000.0","254211000.0","281916000.0","1862.488747841874","4.0","","12121.17","1","observed","1","1","1","0","1","1","0","1","2022-05-12","1","1","full_date","1"
"2022","41610","경기도","광주시","경기도 광주시","1.026186456","0.9385854908","","","14.003155380184864","11.083137883441184","","10.087775257884857","0.050222331","0.0185611545546657","1.0","23.5016252149165","2197454000.0","118513000.0","43800000.0","2359767000.0","2100820000.0","2241254000.0","1821.49105044998","3.0","","42808.0","1","observed","1","1","1","0","1","1","0","1","2022-05-12","1","1","full_date","1"
"2022","41630","경기도","양주시","경기도 양주시","0.6167046833","0.519082814","","","11.375880041379586","10.587511804265066","","9.862098936973792","0.271448073","0.1314111699494457","1.0","10.072450822664067","199030000.0","90475000.0","43800000.0","333305000.0","147680000.0","242830000.0","2282.6619265557097","0.0","","22992.0","1","observed","1","1","1","0","1","1","0","1","2022-05-12","1","1","full_date","1"
"2022","41650","경기도","포천시","경기도 포천시","-0.3821513624","-0.543995458","","","11.82413234721397","0.0","","8.51360028308704","0.0","0.0352050695300123","1.0","8.134038052182262","1200339000.0","0.0","43800000.0","1244139000.0","1096134000.0","1244139000.0","8793.295475278816","1.0","","71525.0","1","observed","1","1","1","0","1","1","0","1","2022-05-12","1","1","full_date","1"
"2022","41670","경기도","여주시","경기도 여주시","0.6202652084","0.5206247951","","","11.761705111143385","10.095363110559783","","10.018528419777617","0.138523563","0.1282783426949532","1.0","11.07209200468635","258063000.0","48756000.0","45150000.0","351969000.0","270609000.0","303213000.0","2012.2665157198671","2.0","","22280.0","1","observed","1","1","1","0","1","1","0","1","2022-05-12","1","1","full_date","1"
"2022","41800","경기도","연천군","경기도 연천군","-0.3023081851","-0.4626082349","","","12.407071453056417","0.0","","10.964693780922468","0.0","0.1911753794045629","1.0","45.40292262529479","185309000.0","0.0","43800000.0","229109000.0","153695000.0","229109000.0","757.8366768140754","0.0","","34408.0","1","observed","1","1","1","0","1","1","0","1","2022-05-12","1","1","full_date","1"
"2022","41820","경기도","가평군","경기도 가평군","0.2852780921","0.1708407264","","","10.749958023629292","8.134026945968447","","8.054936114064445","0.06407134","0.0591976688552684","1.0","5.4777176792462505","648688000.0","47406000.0","43800000.0","739894000.0","565549000.0","692488000.0","13912.26135818054","5.0","","76207.44","1","observed","1","1","1","0","1","1","0","1","2022-05-12","1","1","full_date","1"
"2022","41830","경기도","양평군","경기도 양평군","0.3130473059","0.20150035","","","10.54702008219578","8.688889900798316","","8.388185066751845","0.122655727","0.090796208118176","1.0","7.910807418957753","379430000.0","59169000.0","43800000.0","482399000.0","399144000.0","423230000.0","9968.514694343256","4.0","","78859.0","1","observed","1","1","1","0","1","1","0","1","2022-05-12","1","1","full_date","1"
"2022","43111","충청북도","청주시 상당구","충청북도 청주시 상당구","","","","","","","","","","","1.0","3.607600939193441","","","","","","","3613.758899540233","5.0","","13037.0","0","city_district_granularity","1","1","0","0","0","1","0","1","2022-05-12","1","1","full_date","1"
"2022","43112","충청북도","청주시 서원구","충청북도 청주시 서원구","","","","","","","","","","","0.0","0.0","","","","","","","230.14578093534456","4.0","","0.0","0","city_district_granularity","1","1","0","0","0","1","0","1","2022-05-12","1","1","no_designation","1"
"2022","43113","충청북도","청주시 흥덕구","충청북도 청주시 흥덕구","","","","","","","","","","","0.0","0.0","","","","","","","223.1686568895516","5.0","","0.0","0","city_district_granularity","1","1","0","0","0","1","0","1","2022-05-12","1","1","no_designation","1"
"2022","43114","충청북도","청주시 청원구","충청북도 청주시 청원구","","","","","","","","","","","0.0","0.0","","","","","","","550.4044811024319","7.0","","0.0","0","city_district_granularity","1","1","0","0","0","1","0","1","2022-05-12","1","1","no_designation","1"
"2022","43130","충청북도","충주시","충청북도 충주시","0.5982339303","0.4986821346","","","11.512134078174107","10.216707276656352","","0.0","0.214931205","0.0","1.0","0.9193076970085514","819308000.0","224305000.0","0.0","1043613000.0","202240000.0","980653000.0","8199.648523044925","15.0","","7538.0","1","observed","1","1","1","0","1","1","0","1","2022-05-12","1","1","no_designation","1"
"2022","43150","충청북도","제천시","충청북도 제천시","0.1896828466","0.0702277912","","","10.598293880835659","7.386862558154327","","7.604358429471316","0.036937923","0.0459179339053606","1.0","2.0762449763234203","582968000.0","23479000.0","29187000.0","635634000.0","52666000.0","635634000.0","14550.40245467359","12.0","","30210.2","1","observed","1","1","1","0","1","1","0","1","2022-05-12","1","1","full_date","1"
"2022","43720","충청북도","보은군","충청북도 보은군","0.0406344049","-0.0746296616","","","8.290765642119158","9.054557276018027","","0.0","0.682205422","0.0","0.0","0.0","31148000.0","66865000.0","0.0","98013000.0","23479000.0","54627000.0","7814.574598259538","6.0","","0.0","1","observed","1","1","1","0","1","1","0","1","2022-05-12","1","1","no_designation","1"
"2022","43730","충청북도","옥천군","충청북도 옥천군","0.2029728839","0.0899654637","","","9.628174284493296","8.84643410111873","","0.0","0.313928146","0.0","0.0","0.0","51312000.0","23479000.0","0.0","74791000.0","23479000.0","74791000.0","3378.971883572288","4.0","","0.0","1","observed","1","1","1","0","1","1","0","1","2022-05-12","1","1","no_designation","1"
"2022","43740","충청북도","영동군","충청북도 영동군","0.2560311754","0.1450119397","","","9.849704066992546","9.073273768568043","","7.987783157075941","0.284779099","0.0961585345764833","1.0","1.4134372643012771","187904000.0","86439000.0","29187000.0","303530000.0","61539000.0","240570000.0","9914.865239475444","11.0","","14014.039999999999","1","observed","1","1","1","0","1","1","0","1","2022-05-12","1","1","no_designation","1"
"2022","43745","충청북도","증평군","충청북도 증평군","0.6551975779","0.5643636643","","","10.61511901988767","12.012409773859078","","0.0","0.801756557","0.0","0.0","0.0","16184000.0","65453000.0","0.0","81637000.0","23479000.0","39663000.0","397.19970138900186","2.0","","0.0","1","observed","1","1","1","0","1","1","0","1","2022-05-12","1","1","no_designation","1"
"2022","43750","충청북도","진천군","충청북도 진천군","0.5403870669","0.4382538225","","","11.34194741957193","9.87182625567718","","9.348600903237566","0.168278775","0.0997194898199746","1.0","1.876513804237028","214243000.0","49252000.0","29186000.0","292681000.0","80902000.0","249296000.0","2541.9477273386938","7.0","","4770.0","1","observed","1","1","1","0","1","1","0","1","2022-05-12","1","1","full_date","1"
"2022","43760","충청북도","괴산군","충청북도 괴산군","-0.0462874834","-0.1702591992","","","8.867421282707355","7.39786072148852","","0.0","0.18693769","0.0","0.0","0.0","102119000.0","23479000.0","0.0","125598000.0","23479000.0","125598000.0","14391.153990482631","13.0","","0.0","1","observed","1","1","1","0","1","1","0","1","2022-05-12","1","1","no_designation","1"
"2022","43770","충청북도","음성군","충청북도 음성군","0.4524910785","0.3495501634","","","10.546431842717833","10.082158791402977","","0.0","0.385968947","0.0","1.0","0.17718214223200304","104128000.0","65453000.0","0.0","169581000.0","23479000.0","127607000.0","2737.29617381496","7.0","","485.0","1","observed","1","1","1","0","1","1","0","1","2022-05-12","1","1","full_date","1"
"2022","43800","충청북도","단양군","충청북도 단양군","0.3083058858","0.1963375779","","","10.569230124604768","8.611165514040877","","7.525772772559183","0.118703421","0.0400800337273222","1.0","1.0111080982168696","612568000.0","86439000.0","29186000.0","728193000.0","75127000.0","665233000.0","15740.087561425558","4.0","","15914.93","1","observed","1","1","1","0","1","1","0","1","2022-05-12","1","1","full_date","1"
"2022","44131","충청남도","천안시 동남구","충청남도 천안시 동남구","","","","","","","","","","","1.0","5.435200014486956","","","","","","","2325.6917806718807","4.0","","12640.6","0","city_district_granularity","1","1","0","0","0","1","0","1","2022-05-12","1","1","full_date","1"
"2022","44133","충청남도","천안시 서북구","충청남도 천안시 서북구","","","","","","","","","","","0.0","0.0","","","","","","","436.4870181585085","0.0","","0.0","0","city_district_granularity","1","1","0","0","0","1","0","1","2022-05-12","1","1","no_designation","1"
"2022","44150","충청남도","공주시","충청남도 공주시","0.3169256433","0.2043373006","","","10.767780907437253","8.425677738182983","","0.0","0.087679655","0.0","1.0","2.0960930966496787","368113550.0","35378000.0","0.0","403491550.0","21687550.0","368113550.0","7755.380725208731","14.0","","16256.0","1","observed","1","1","1","0","1","1","0","1","2022-05-12","1","1","full_date","1"
"2022","44180","충청남도","보령시","충청남도 보령시","0.3797359191","0.2682162778","","","11.251521744496975","8.391265970043701","","8.667042055840147","0.050537327","0.0665892379513895","1.0","2.0384155432506237","824082090.0","47172000.0","62155000.0","933409090.0","113330000.0","886237090.0","10702.92074265134","4.0","","21817.0","1","observed","1","1","1","0","1","1","0","1","2022-05-12","1","1","full_date","1"
"2022","44200","충청남도","아산시","충청남도 아산시","0.6722248409","0.5687910813","","","12.968181341923085","8.964093394256025","","0.0","0.017911938","0.0","1.0","2.4533147054842046","1313805000.0","23962000.0","0.0","1337767000.0","4929000.0","1313805000.0","3065.6482770789075","7.0","","7521.0","1","observed","1","1","1","0","1","1","0","1","2022-05-12","1","1","full_date","1"
"2022","44210","충청남도","서산시","충청남도 서산시","0.1805664632","0.0640440586","","","9.995808897659709","8.119863017124795","","0.0","0.132826201","0.0","1.0","1.3373601758682625","231414000.0","35446000.0","0.0","266860000.0","188117000.0","231414000.0","10550.785236923291","1.0","","14110.2","1","observed","1","1","1","0","1","1","0","1","2022-05-12","1","1","full_date","1"
"2022","44230","충청남도","논산시","충청남도 논산시","0.4082133701","0.3012367912","","","10.771228547181268","9.33254768518597","","0.0","0.191739246","0.0","1.0","0.04566437749773364","149133000.0","35378000.0","0.0","184511000.0","129903000.0","149133000.0","3131.105860516684","8.0","","142.98","1","observed","1","1","1","0","1","1","0","1","2022-05-12","1","1","full_date","1"
"2022","44250","충청남도","계룡시","충청남도 계룡시","0.3735612554","0.2675735513","","","10.232251414032142","9.723690775040303","","0.0","0.375525411","0.0","0.0","0.0","19611000.0","11793000.0","0.0","31404000.0","17486000.0","19611000.0","705.8380134960702","0.0","","0.0","1","observed","1","1","1","0","1","1","0","1","2022-05-12","1","1","no_designation","1"
"2022","44270","충청남도","당진시","충청남도 당진시","0.3301727777","0.2174081235","","","10.939052467283249","8.323708788638005","","6.773352772557994","0.067172829","0.0142393752901272","1.0","1.095739177066547","322552000.0","23587000.0","5000000.0","351139000.0","211929000.0","327552000.0","5725.815167799704","5.0","","6274.0","1","observed","1","1","1","0","1","1","0","1","2022-05-12","1","1","full_date","1"
"2022","44710","충청남도","금산군","충청남도 금산군","0.3080701145","0.1968271538","","","10.441686169869069","8.783256512023598","","8.30329070672724","0.145550742","0.0900589559085504","1.0","1.7414403907539258","185795000.0","35378000.0","21890000.0","243063000.0","181649000.0","207685000.0","5423.504617296192","14.0","","9444.710000000001","1","observed","1","1","1","0","1","1","0","1","2022-05-12","1","1","full_date","1"
"2022","44760","충청남도","부여군","충청남도 부여군","0.4844733679","0.3748828723","","","12.032818587013587","8.368557054761206","","9.27305013309483","0.023525453","0.0581318767262563","1.0","0.40142252683992347","892405000.0","22861000.0","56490000.0","971756000.0","904937000.0","948895000.0","5306.129720142454","8.0","","2130.0","1","observed","1","1","1","0","1","1","0","1","2022-05-12","1","1","full_date","1"
"2022","44770","충청남도","서천군","충청남도 서천군","-0.3930461502","-0.5551009345","","","11.744588945825468","0.0","","0.0","0.0","0.0","1.0","2.1397680502631458","646243000.0","0.0","0.0","646243000.0","549758000.0","646243000.0","5126.124211757943","4.0","","10968.71681","1","observed","1","1","1","0","1","1","0","1","2022-05-12","1","1","full_date","1"
"2022","44790","충청남도","청양군","충청남도 청양군","-0.4095271764","-0.5719006787","","","11.624260133918312","0.0","","0.0","0.0","0.0","1.0","1.1878223572264963","871286000.0","0.0","0.0","871286000.0","784320000.0","871286000.0","7794.936628082405","8.0","","9259.0","1","observed","1","1","1","0","1","1","0","1","2022-05-12","1","1","full_date","1"
"2022","44800","충청남도","홍성군","충청남도 홍성군","-2.0016623643","-2.1948253444","","","0.0","0.0","","0.0","","","1.0","1.6745580189219107","0.0","0.0","0.0","0.0","0.0","0.0","5617.60171561943","8.0","","9407.0","1","observed","1","1","1","0","1","1","0","1","2022-05-12","1","1","full_date","1"
"2022","44810","충청남도","예산군","충청남도 예산군","0.3392749423","0.2240755832","","","11.455549481923201","7.7081744533340695","","0.0","0.023026503","0.0","1.0","1.0355823586170159","515715000.0","12155000.0","0.0","527870000.0","439409000.0","515715000.0","5461.757776130451","5.0","","5656.1","1","observed","1","1","1","0","1","1","0","1","2022-05-12","1","1","full_date","1"
"2022","44825","충청남도","태안군","충청남도 태안군","-0.4951393324","-0.6591684438","","","10.999201421036714","0.0","","0.0","0.0","0.0","1.0","2.005293876181432","788654000.0","0.0","0.0","788654000.0","677025000.0","788654000.0","13182.606456834488","0.0","","26435.0","1","observed","1","1","1","0","1","1","0","1","2022-05-12","1","1","full_date","1"
"2022","45111","전라북도","전주시 완산구","전라북도 전주시 완산구","","","","","","","","","","","1.0","18.798169805425196","","","","","","","379.4364065134406","0.0","","7132.71","0","city_district_granularity","1","1","0","0","0","1","0","1","2022-05-12","1","1","full_date","1"
"2022","45113","전라북도","전주시 덕진구","전라북도 전주시 덕진구","","","","","","","","","","","0.0","0.0","","","","","","","101.55860282424392","0.0","","0.0","0","city_district_granularity","1","1","0","0","0","1","0","1","2022-05-12","1","1","no_designation","1"
"2022","45130","전라북도","군산시","전라북도 군산시","-0.3534888883","-0.5147786951","","","12.03339853122266","0.0","","0.0","0.0","0.0","1.0","16.514576186647414","383727000.0","0.0","0.0","383727000.0","232022000.0","313184000.0","2280.270445598689","1.0","","37657.7","1","observed","1","1","1","0","1","1","0","1","2022-05-12","1","1","full_date","1"
"2022","45140","전라북도","익산시","전라북도 익산시","0.3159356544","0.2099583292","","","9.61763407149132","9.988879313514166","","0.0","0.591764824","0.0","1.0","8.054716645765378","32440000.0","47024000.0","0.0","79464000.0","22633000.0","32440000.0","2158.859307501767","0.0","","17389.0","1","observed","1","1","1","0","1","1","0","1","2022-05-12","1","1","full_date","1"
"2022","45180","전라북도","정읍시","전라북도 정읍시","0.039377502","-0.0796436299","","","8.925048369982548","8.17448010631753","","0.0","0.320665083","0.0","1.0","1.283625999772924","72644000.0","34290000.0","0.0","106934000.0","27882000.0","72644000.0","9664.029867106516","14.0","","12405.0","1","observed","1","1","1","0","1","1","0","1","2022-05-12","1","1","full_date","1"
"2022","45190","전라북도","남원시","전라북도 남원시","-0.1730250652","-0.2978104113","","","7.659866223758896","7.783884733721823","","0.0","0.530978648","0.0","1.0","0.5003944024399055","41537000.0","47024000.0","0.0","88561000.0","32395000.0","41537000.0","19588.5484573884","16.0","","9802.0","1","observed","1","1","1","0","1","1","0","1","2022-05-12","1","1","full_date","1"
"2022","45210","전라북도","김제시","전라북도 김제시","0.3172724182","0.2100614887","","","9.844500940072644","9.691935979653797","","0.0","0.461930397","0.0","1.0","3.639419795919957","41080000.0","35267000.0","0.0","76347000.0","29498000.0","41080000.0","2178.918741083423","0.0","","7930.0","1","observed","1","1","1","0","1","1","0","1","2022-05-12","1","1","full_date","1"
"2022","45710","전라북도","완주군","전라북도 완주군","0.2305204759","0.1180818765","","","9.823079026971923","8.854943596431523","","0.0","0.275234653","0.0","1.0","1.033288276495519","95440000.0","36244000.0","0.0","131684000.0","17427000.0","95440000.0","5171.838412920555","0.0","","5344.0","1","observed","1","1","1","0","1","1","0","1","2022-05-12","1","1","full_date","1"
"2022","45720","전라북도","진안군","전라북도 진안군","0.1085787936","-0.0066858621","","","9.01343214716928","8.744628773755139","","0.0","0.433191667","0.0","0.0","0.0","46145000.0","35267000.0","0.0","81412000.0","0.0","46145000.0","5619.448431190315","7.0","","0.0","1","observed","1","1","1","0","1","1","0","1","2022-05-12","1","1","no_designation","1"
"2022","45730","전라북도","무주군","전라북도 무주군","-0.6785230428","-0.8460985169","","","9.660307606695943","0.0","","0.0","0.0","0.0","0.0","0.0","105376000.0","0.0","0.0","105376000.0","0.0","105376000.0","6719.719048604017","14.0","","0.0","1","observed","1","1","1","0","1","1","0","1","2022-05-12","1","1","no_designation","1"
"2022","45740","전라북도","장수군","전라북도 장수군","-0.0889752997","-0.2086663816","","","7.675548123701714","8.601744363538328","","0.0","0.716359914","0.0","0.0","0.0","13577000.0","34290000.0","0.0","47867000.0","0.0","13577000.0","6303.143541141484","16.0","","0.0","1","observed","1","1","1","0","1","1","0","1","2022-05-12","1","1","no_designation","1"
"2022","45750","전라북도","임실군","전라북도 임실군","0.1875802251","0.0753602693","","","9.328734221461628","9.10227775560431","","9.56390613750405","0.260355832","0.4131120475099184","1.0","1.3794837353830218","106008000.0","84524000.0","134116000.0","324648000.0","226991000.0","240124000.0","9418.016078596747","7.0","","12992.0","1","observed","1","1","1","0","1","1","0","1","2022-05-12","1","1","full_date","1"
"2022","45770","전라북도","순창군","전라북도 순창군","0.1655037501","0.0523427126","","","9.256183893274537","8.981054507661506","","0.0","0.431640852","0.0","1.0","2.5919199001989734","92875000.0","70534000.0","0.0","163409000.0","92875000.0","92875000.0","8872.187754812434","3.0","","22996.0","1","observed","1","1","1","0","1","1","0","1","2022-05-12","1","1","full_date","1"
"2022","45790","전라북도","고창군","전라북도 고창군","0.1289021577","0.0099905194","","","9.858237242823492","7.792111642314443","","0.0","0.112397097","0.0","0.0","0.0","185667000.0","23511000.0","0.0","209178000.0","0.0","185667000.0","9713.581866755305","2.0","","0.0","1","observed","1","1","1","0","1","1","0","1","2022-05-12","1","1","no_designation","1"
"2022","45800","전라북도","부안군","전라북도 부안군","0.1435704671","0.0292770226","","","9.21813734461512","8.81406938427628","","0.0","0.400323501","0.0","1.0","0.28163035860429736","70441000.0","47024000.0","0.0","117465000.0","10649000.0","70441000.0","6990.084484343518","0.0","","1968.62","1","observed","1","1","1","0","1","1","0","1","2022-05-12","1","1","full_date","1"
"2022","46110","전라남도","목포시","전라남도 목포시","0.5027305574","0.4037303876","","","10.401398712779601","10.782208399179408","","0.0","0.594070696","0.0","1.0","0.647000935610385","16020000.0","23445000.0","0.0","39465000.0","0.0","16020000.0","486.86173800170303","0.0","","315.0","1","observed","1","1","1","0","1","1","0","1","2022-05-12","1","1","no_designation","1"
"2022","46130","전라남도","여수시","전라남도 여수시","0.7365598871","0.641922671","","","12.135998741253065","10.744732423221603","","0.0","0.19920309","0.0","1.0","3.716065252760524","2061003000.0","512687000.0","0.0","2573690000.0","1146158000.0","2061003000.0","11053.089008457988","8.0","","41074.0","1","observed","1","1","1","0","1","1","0","1","2022-05-12","1","1","full_date","1"
"2022","46150","전라남도","순천시","전라남도 순천시","0.3653335281","0.2546994615","","","10.94570041849168","8.665726117348985","","0.0","0.092782088","0.0","1.0","4.572020120749358","917171000.0","93800000.0","0.0","1010971000.0","427842000.0","917171000.0","16173.375892291644","28.0","","73945.0","1","observed","1","1","1","0","1","1","0","1","2022-05-12","1","1","full_date","1"
"2022","46170","전라남도","나주시","전라남도 나주시","-0.2751392927","-0.4148321774","","","9.14370430339577","4.734701420183288","","0.0","0.011917952","0.0","1.0","0.869492075926865","53060500.0","640000.0","0.0","53700500.0","0.0","53060500.0","5672.277110452749","14.0","","4932.0","1","observed","1","1","1","0","1","1","0","1","2022-05-12","1","1","full_date","1"
"2022","46230","전라남도","광양시","전라남도 광양시","0.5793977382","0.4770365544","","","11.796104914718523","9.640217201253538","","8.878303766398526","0.098982586","0.0461989083128319","1.0","7.663375829664698","810061440.0","93800000.0","43780000.0","947641440.0","757788440.0","853841440.0","6102.923964522085","4.0","","46769.0","1","observed","1","1","1","0","1","1","0","1","2022-05-12","1","1","full_date","1"
"2022","46710","전라남도","담양군","전라남도 담양군","0.0287812642","-0.0877080762","","","8.375926461412366","8.819716818965986","","0.0","0.609181484","0.0","1.0","0.7849177944396919","29694000.0","46285000.0","0.0","75979000.0","0.0","29694000.0","6841.480774217047","8.0","","5370.0","1","observed","1","1","1","0","1","1","0","1","2022-05-12","1","1","full_date","1"
"2022","46720","전라남도","곡성군","전라남도 곡성군","-0.0775714055","-0.2019936763","","","8.612395125952766","7.43427051383833","","0.0","0.235315963","0.0","1.0","0.017465104720568725","76187000.0","23445000.0","0.0","99632000.0","4950000.0","76187000.0","13856.200914443738","9.0","","242.0","1","observed","1","1","1","0","1","1","0","1","2022-05-12","1","1","no_designation","1"
"2022","46730","전라남도","구례군","전라남도 구례군","0.2718810296","0.1591444596","","","10.314298817036375","8.59610899095314","","8.527494779171034","0.133174433","0.1243415796680329","1.0","1.2575020176407636","261424610.0","46890000.0","43780000.0","352094610.0","43780000.0","305204610.0","8667.978140066773","7.0","","10900.0","1","observed","1","1","1","0","1","1","0","1","2022-05-12","1","1","full_date","1"
"2022","46770","전라남도","고흥군","전라남도 고흥군","0.0647396626","-0.0564845292","","","9.574533412543431","7.539424238794332","","0.0","0.115518435","0.0","1.0","0.48777191048024604","208199000.0","27192000.0","0.0","235391000.0","58055000.0","208199000.0","14465.777648107836","20.0","","7056.0","1","observed","1","1","1","0","1","1","0","1","2022-05-12","1","1","full_date","1"
"2022","46780","전라남도","보성군","전라남도 보성군","0.2851645369","0.1695851477","","","10.945614385539818","7.865288414402967","","7.796688339768091","0.042181377","0.0393836787126628","1.0","0.9117415283494682","510479000.0","23445000.0","21890000.0","555814000.0","456890000.0","532369000.0","9002.551430183286","22.0","","8208.0","1","observed","1","1","1","0","1","1","0","1","2022-05-12","1","1","full_date","1"
"2022","46790","전라남도","화순군","전라남도 화순군","-0.0080098372","-0.1266513984","","","8.3556694518077","8.48003253558095","","0.0","0.531057609","0.0","1.0","0.24164435747105104","61393000.0","69525000.0","0.0","130918000.0","0.0","61393000.0","14434.435947538572","16.0","","3488.0","1","observed","1","1","1","0","1","1","0","1","2022-05-12","1","1","no_designation","1"
"2022","46800","전라남도","장흥군","전라남도 장흥군","0.0828428953","-0.0360655675","","","9.367865604933657","8.002865614926804","","0.0","0.203388507","0.0","0.0","0.0","91827000.0","23445000.0","0.0","115272000.0","0.0","91827000.0","7845.039923837177","17.0","","0.0","1","observed","1","1","1","0","1","1","0","1","2022-05-12","1","1","no_designation","1"
"2022","46810","전라남도","강진군","전라남도 강진군","-0.3117689326","-0.4516756473","","","8.791021219570684","4.851297749949054","","0.0","0.018938834","0.0","0.0","0.0","33153000.0","640000.0","0.0","33793000.0","0.0","33153000.0","5043.091938395875","5.0","","0.0","1","observed","1","1","1","0","1","1","0","1","2022-05-12","1","1","no_designation","1"
"2022","46820","전라남도","해남군","전라남도 해남군","-0.1179852216","-0.2430339395","","","8.290596289396406","7.470837399849419","","0.0","0.305747186","0.0","0.0","0.0","53236000.0","23445000.0","0.0","76681000.0","0.0","53236000.0","13358.391245633997","25.0","","0.0","1","observed","1","1","1","0","1","1","0","1","2022-05-12","1","1","no_designation","1"
"2022","46830","전라남도","영암군","전라남도 영암군","-0.1119804078","-0.2348249645","","","7.974498267829932","7.963136514992881","","0.0","0.497158609","0.0","0.0","0.0","11857000.0","11723000.0","0.0","23580000.0","0.0","11857000.0","4081.724653842929","2.0","","0.0","1","observed","1","1","1","0","1","1","0","1","2022-05-12","1","1","no_designation","1"
"2022","46840","전라남도","무안군","전라남도 무안군","0.0658856858","-0.051083664","","","8.853263919456309","8.537368371789505","","8.46875495432169","0.302550405","0.2824836155631567","1.0","0.6696767478448764","32156220.0","23445000.0","21890000.0","77491220.0","22919220.0","54046220.0","4596.247383391287","1.0","","3078.0","1","observed","1","1","1","0","1","1","0","1","2022-05-12","1","1","no_designation","1"
"2022","46860","전라남도","함평군","전라남도 함평군","0.1438761695","0.0281815422","","","9.462926704141235","8.482316944195013","","0.0","0.272745135","0.0","1.0","0.5359909078212604","62514370.0","23445000.0","0.0","85959370.0","0.0","62514370.0","4856.425663227921","4.0","","2603.0","1","observed","1","1","1","0","1","1","0","1","2022-05-12","1","1","full_date","1"
"2022","46870","전라남도","영광군","전라남도 영광군","0.1104848539","-0.0077430151","","","9.544506281802784","8.037297705188447","","0.0","0.181315494","0.0","0.0","0.0","105860000.0","23445000.0","0.0","129305000.0","0.0","105860000.0","7579.430460326911","4.0","","0.0","1","observed","1","1","1","0","1","1","0","1","2022-05-12","1","1","no_designation","1"
"2022","46880","전라남도","장성군","전라남도 장성군","0.2723302217","0.1598272776","","","10.278802978114943","8.649143189862022","","0.0","0.163857662","0.0","1.0","2.8551694555815135","239273000.0","46890000.0","0.0","286163000.0","206881000.0","239273000.0","8220.177598957907","5.0","","23470.0","1","observed","1","1","1","0","1","1","0","1","2022-05-12","1","1","full_date","1"
"2022","46890","전라남도","완도군","전라남도 완도군","-0.7383403476","-0.9070725975","","","9.223578416321512","0.0","","0.0","0.0","0.0","0.0","0.0","120194000.0","0.0","0.0","120194000.0","0.0","96749000.0","11862.50584303562","10.0","","0.0","1","observed","1","1","1","0","1","1","0","1","2022-05-12","1","1","no_designation","1"
"2022","46900","전라남도","진도군","전라남도 진도군","0.0823433388","-0.0370665604","","","9.448991480162064","7.886919029906923","","0.0","0.17330692","0.0","0.0","0.0","111840000.0","23446000.0","0.0","135286000.0","0.0","111840000.0","8810.215049660734","11.0","","0.0","1","observed","1","1","1","0","1","1","0","1","2022-05-12","1","1","no_designation","1"
"2022","46910","전라남도","신안군","전라남도 신안군","-0.027331187","-0.1506796619","","","8.961579561170394","7.458372552655157","","0.0","0.181880949","0.0","0.0","0.0","105458000.0","23445000.0","0.0","128903000.0","0.0","105458000.0","13526.04030475707","0.0","","0.0","1","observed","1","1","1","0","1","1","0","1","2022-05-12","1","1","no_designation","1"
"2022","47111","경상북도","포항시 남구","경상북도 포항시 남구","","","","","","","","","","","1.0","13.902120069229486","","","","","","","7100.643607480449","5.0","","98714.0","0","city_district_granularity","1","1","0","0","0","1","0","1","2022-05-12","1","1","full_date","1"
"2022","47113","경상북도","포항시 북구","경상북도 포항시 북구","","","","","","","","","","","0.0","0.0","","","","","","","14817.122223133076","8.0","","0.0","0","city_district_granularity","1","1","0","0","0","1","0","1","2022-05-12","1","1","no_designation","1"
"2022","47130","경상북도","경주시","경상북도 경주시","-0.3335618417","-0.4944662898","","","12.17888691338501","0.0","","0.0","0.0","0.0","1.0","4.504918727897132","5515466189.0","0.0","0.0","5515466189.0","87857000.0","5515466189.0","28337.47015444826","13.0","","127658.0","1","observed","1","1","1","0","1","1","0","1","2022-05-12","1","1","full_date","1"
"2022","47150","경상북도","김천시","경상북도 김천시","-0.5203796828","-0.6848969043","","","10.814920336409745","0.0","","0.0","0.0","0.0","1.0","3.8301327021105562","593669000.0","0.0","0.0","593669000.0","0.0","593669000.0","11931.440384511488","12.0","","45699.0","1","observed","1","1","1","0","1","1","0","1","2022-05-12","1","1","full_date","1"
"2022","47170","경상북도","안동시","경상북도 안동시","0.4290315264","0.3176467935","","","11.752507626335875","8.198312252457622","","7.434557944765845","0.027446294","0.0127835773827875","1.0","2.7178337763287703","6573861913.0","187991000.0","87560000.0","6849412913.0","87560000.0","6661421913.0","51733.848193588514","24.0","","140604.0","1","observed","1","1","1","0","1","1","0","1","2022-05-12","1","1","full_date","1"
"2022","47190","경상북도","구미시","경상북도 구미시","-0.3287065738","-0.4895171284","","","12.214335471617936","0.0","","0.0","0.0","0.0","1.0","5.3602120959717405","2314804000.0","0.0","0.0","2314804000.0","894116000.0","2314804000.0","11478.836825550194","11.0","","61529.0","1","observed","1","1","1","0","1","1","0","1","2022-05-12","1","1","full_date","1"
"2022","47210","경상북도","영주시","경상북도 영주시","-0.444375227","-0.6074226377","","","11.369832740998062","0.0","","7.989129200380108","0.0","0.0328935752340981","1.0","2.286946831891769","1287179000.0","0.0","43780000.0","1330959000.0","43780000.0","1330959000.0","14852.116160437025","7.0","","33966.0","1","observed","1","1","1","0","1","1","0","1","2022-05-12","1","1","full_date","1"
"2022","47230","경상북도","영천시","경상북도 영천시","0.2792070377","0.1671579582","","","10.273697551350573","8.72479686246577","","0.0","0.175226602","0.0","1.0","3.5165682583221294","645692000.0","137180000.0","0.0","782872000.0","420523000.0","594881000.0","22296.16894665656","6.0","","78406.0","1","observed","1","1","1","0","1","1","0","1","2022-05-12","1","1","full_date","1"
"2022","47250","경상북도","상주시","경상북도 상주시","0.1371893018","0.0186076663","","","9.889481682258737","7.832131926346509","","7.78876889863984","0.10219244","0.0978540503932713","1.0","2.948702906393592","357900000.0","45721000.0","43780000.0","447401000.0","43780000.0","401680000.0","18148.318667156007","9.0","","53514.0","1","observed","1","1","1","0","1","1","0","1","2022-05-12","1","1","full_date","1"
"2022","47280","경상북도","문경시","경상북도 문경시","-0.5003887186","-0.6645193452","","","10.960875384781597","0.0","","0.0","0.0","0.0","1.0","1.310179005098974","888568000.0","0.0","0.0","888568000.0","0.0","888568000.0","15433.00565900347","8.0","","20220.0","1","observed","1","1","1","0","1","1","0","1","2022-05-12","1","1","full_date","1"
"2022","47290","경상북도","경산시","경상북도 경산시","-0.5166715974","-0.6811171102","","","10.841993256731863","0.0","","0.0","0.0","0.0","1.0","2.851503746320611","368029000.0","0.0","0.0","368029000.0","0.0","368029000.0","7199.008602562052","2.0","","20528.0","1","observed","1","1","1","0","1","1","0","1","2022-05-12","1","1","full_date","1"
"2022","47730","경상북도","의성군","경상북도 의성군","-0.6670035098","-0.8343562136","","","9.74441230426461","0.0","","0.0","0.0","0.0","1.0","2.0608932665377697","591743000.0","0.0","0.0","591743000.0","0.0","591743000.0","34690.78246837473","9.0","","71494.0","1","observed","1","1","1","0","1","1","0","1","2022-05-12","1","1","full_date","1"
"2022","47750","경상북도","청송군","경상북도 청송군","-0.7271910881","-0.8957077283","","","9.304979727977763","0.0","","7.5339654227148225","0.0","0.1453610951554048","1.0","0.3705281500518308","257401000.0","0.0","43780000.0","301181000.0","43780000.0","301181000.0","23417.923844075623","6.0","","8677.0","1","observed","1","1","1","0","1","1","0","1","2022-05-12","1","1","full_date","1"
"2022","47760","경상북도","영양군","경상북도 영양군","-0.0119751074","-0.1376816266","","","9.53136989016923","6.832398130774161","","7.454117724914918","0.056361959","0.1050055994151941","1.0","0.10671934274036551","349651147.0","23499000.0","43780000.0","416930147.0","43780000.0","393431147.0","25365.598498725616","8.0","","2707.0","1","observed","1","1","1","0","1","1","0","1","2022-05-12","1","1","full_date","1"
"2022","47770","경상북도","영덕군","경상북도 영덕군","-0.6041963313","-0.7703344395","","","10.202970715057921","0.0","","0.0","0.0","0.0","1.0","1.6505392965163452","618345000.0","0.0","0.0","618345000.0","0.0","618345000.0","22916.752166903298","7.0","","37825.0","1","observed","1","1","1","0","1","1","0","1","2022-05-12","1","1","full_date","1"
"2022","47820","경상북도","청도군","경상북도 청도군","0.34654119","0.2375614266","","","10.460678787172874","9.141446105191562","","0.0","0.210932918","0.0","1.0","3.823089739045105","605829640.0","161950000.0","0.0","767779640.0","218513000.0","697282640.0","17351.933783424418","1.0","","66338.0","1","observed","1","1","1","0","1","1","0","1","2022-05-12","1","1","year_only_or_partial","1"
"2022","47830","경상북도","고령군","경상북도 고령군","-0.4075960821","-0.56993224","","","11.638359152060886","0.0","","0.0","0.0","0.0","1.0","3.1748631320677685","1216303520.0","0.0","0.0","1216303520.0","0.0","1216303520.0","10729.28141560998","3.0","","34064.0","1","observed","1","1","1","0","1","1","0","1","2022-05-12","1","1","full_date","1"
"2022","47840","경상북도","성주군","경상북도 성주군","0.4599346394","0.3539965896","","","11.142242804446328","9.341582024554306","","0.0","0.141761739","0.0","1.0","3.99449093868411","830500000.0","137180000.0","0.0","967680000.0","137180000.0","967680000.0","12031.821009921368","4.0","","48061.0","1","observed","1","1","1","0","1","1","0","1","2022-05-12","1","1","full_date","1"
"2022","47850","경상북도","칠곡군","경상북도 칠곡군","0.4227571586","0.317426235","","","10.642215767475108","9.654234075132747","","0.0","0.271302954","0.0","1.0","4.589160632043123","384685000.0","143223000.0","0.0","527908000.0","210117000.0","433912000.0","9188.82631947143","5.0","","42169.0","1","observed","1","1","1","0","1","1","0","1","2022-05-12","1","1","full_date","1"
"2022","47900","경상북도","예천군","경상북도 예천군","0.3619097462","0.2541996633","","","10.40524831778622","9.370727950921909","","8.275075849008708","0.241069829","0.0805811620900566","1.0","2.9429548605181197","368549160.0","130974000.0","43780000.0","543303160.0","240064170.0","496306160.0","11157.493592755643","4.0","","32836.0","1","observed","1","1","1","0","1","1","0","1","2022-05-12","1","1","full_date","1"
"2022","47920","경상북도","봉화군","경상북도 봉화군","-0.1157686269","-0.242721415","","","8.64239591937439","7.011805950170232","","7.661010646019442","0.12460386","0.2385967589426098","1.0","0.6816515972949201","233692000.0","45727000.0","87560000.0","366979000.0","205077000.0","366979000.0","41245.41057568431","8.0","","28115.0","1","observed","1","1","1","0","1","1","0","1","2022-05-12","1","1","full_date","1"
"2022","47930","경상북도","울진군","경상북도 울진군","-0.7695001022","-0.9388349345","","","8.996079460133918","0.0","","8.629330752040083","0.0","0.4093136082294496","1.0","0.1359634527478919","315897758.0","0.0","218900000.0","534797758.0","439082758.0","534797758.0","39142.87179708679","10.0","","5322.0","1","observed","1","1","1","0","1","1","0","1","2022-05-12","1","1","no_designation","1"
"2022","47940","경상북도","울릉군","경상북도 울릉군","0.6777015069","0.5917641341","","","10.01036624998069","13.064267583724332","","0.0","0.954952502","0.0","0.0","0.0","14060000.0","298055000.0","0.0","312115000.0","137180000.0","151240000.0","631.7685616189237","0.0","","0.0","1","observed","1","1","1","0","1","1","0","1","2022-05-12","1","1","no_designation","1"
"2022","48121","경상남도","창원시 의창구","경상남도 창원시 의창구","","","","","","","","","","","0.0","0.0","","","","","","","2541.157769968237","1.0","","0.0","0","city_district_granularity","1","1","0","0","0","1","0","1","2022-05-12","1","1","no_designation","1"
"2022","48123","경상남도","창원시 성산구","경상남도 창원시 성산구","","","","","","","","","","","0.0","0.0","","","","","","","1329.8962312098035","0.0","","0.0","0","city_district_granularity","1","1","0","0","0","1","0","1","2022-05-12","1","1","no_designation","1"
"2022","48125","경상남도","창원시 마산합포구","경상남도 창원시 마산합포구","","","","","","","","","","","0.0","0.0","","","","","","","7666.286230474932","3.0","","0.0","0","city_district_granularity","1","1","0","0","0","1","0","1","2022-05-12","1","1","no_designation","1"
"2022","48127","경상남도","창원시 마산회원구","경상남도 창원시 마산회원구","","","","","","","","","","","0.0","0.0","","","","","","","2409.5996877085054","0.0","","0.0","0","city_district_granularity","1","1","0","0","0","1","0","1","2022-05-12","1","1","no_designation","1"
"2022","48129","경상남도","창원시 진해구","경상남도 창원시 진해구","","","","","","","","","","","0.0","0.0","","","","","","","2048.8671507068098","0.0","","0.0","0","city_district_granularity","1","1","0","0","0","1","0","1","2022-05-12","1","1","no_designation","1"
"2022","48170","경상남도","진주시","경상남도 진주시","0.6575873765","0.5624285981","","","11.386061369721082","10.981834887827874","","7.30773756669801","0.396273852","0.0100478094741214","1.0","3.5392245210542517","1773919460.0","1184072000.0","30023000.0","2988014460.0","1794369460.0","1803942460.0","20138.874936018063","19.0","","71276.0","1","observed","1","1","1","0","1","1","0","1","2022-05-12","1","1","full_date","1"
"2022","48220","경상남도","통영시","경상남도 통영시","0.5016065997","0.3990945078","","","10.994837029514187","9.959322824330918","","7.8107434167213645","0.254242802","0.0296467397958332","1.0","2.1427636463872477","528748120.0","187723000.0","21890000.0","738361120.0","465856120.0","550638120.0","8876.853978771702","3.0","","19021.0","1","observed","1","1","1","0","1","1","0","1","2022-05-12","1","1","full_date","1"
"2022","48240","경상남도","사천시","경상남도 사천시","-0.4373709371","-0.6002828955","","","11.420971418443074","0.0","","7.950620388955824","0.0","0.0301577183920292","1.0","3.3189477733956196","1055941000.0","0.0","32835000.0","1088776000.0","946166000.0","1088776000.0","11576.56059188012","5.0","","38422.0","1","observed","1","1","1","0","1","1","0","1","2022-05-12","1","1","full_date","1"
"2022","48250","경상남도","김해시","경상남도 김해시","0.6084075605","0.5080626409","","","11.757047165192317","9.983325239950544","","8.130835751475834","0.141848436","0.0222428686221148","1.0","6.28161158211563","941779240.0","159814000.0","25060000.0","1126653240.0","882907240.0","966839240.0","7377.883747532051","6.0","","46345.0","1","observed","1","1","1","0","1","1","0","1","2022-05-12","1","1","full_date","1"
"2022","48270","경상남도","밀양시","경상남도 밀양시","0.6981425207","0.5966116975","","","12.915775364503043","9.294580505598448","","7.4338259649274026","0.025946375","0.0040340796493305","1.0","4.0448827052511955","7895380000.0","211188000.0","32835000.0","8139403000.0","7318081000.0","7928215000.0","19414.407220770867","6.0","","78529.0","1","observed","1","1","1","0","1","1","0","1","2022-05-12","1","1","full_date","1"
"2022","48310","경상남도","거제시","경상남도 거제시","0.5421548929","0.4379503358","","","11.717804104000606","9.375409975054792","","7.919885888313819","0.085909686","0.0200352610832184","1.0","3.0617483139089847","1465231600.0","140794000.0","32835000.0","1638860600.0","383547600.0","1498066600.0","11938.015882610049","8.0","","36551.2","1","observed","1","1","1","0","1","1","0","1","2022-05-12","1","1","full_date","1"
"2022","48330","경상남도","양산시","경상남도 양산시","0.6968330421","0.5988869843","","","12.28390143689015","10.145735597612125","","7.997095288330871","0.104158375","0.0121456977483357","1.0","6.5890093128236575","1592671270.0","187723000.0","21890000.0","1802284270.0","358448270.0","1614561270.0","7367.116617292772","6.0","","48542.0","1","observed","1","1","1","0","1","1","0","1","2022-05-12","1","1","full_date","1"
"2022","48720","경상남도","의령군","경상남도 의령군","0.3317134875","0.2222995976","","","10.37782682170518","9.10669783100589","","7.239157179387709","0.211883759","0.0327168395677655","1.0","2.867328724359525","505418406.0","141766000.0","21890000.0","669074406.0","508873406.0","527308406.0","15726.48424190443","8.0","","45093.0","1","observed","1","1","1","0","1","1","0","1","2022-05-12","1","1","full_date","1"
"2022","48730","경상남도","함안군","경상남도 함안군","0.5098618377","0.4053613264","","","11.425395794421265","9.452871314753414","","8.180360715102637","0.118072701","0.0330687350612585","1.0","0.5659885908937129","818601000.0","113864000.0","31890000.0","964355000.0","821378000.0","850491000.0","8934.919910690685","4.0","","5057.06273","1","observed","1","1","1","0","1","1","0","1","2022-05-12","1","1","year_only_or_partial","1"
"2022","48740","경상남도","창녕군","경상남도 창녕군","0.535975226","0.4305465336","","","11.863104066791578","9.114970005600195","","7.254292355470303","0.059628326","0.0092706705460336","1.0","3.439748455400454","2198525000.0","140795000.0","21890000.0","2361210000.0","463646000.0","2220415000.0","15490.08617660588","7.0","","53282.0","1","observed","1","1","1","0","1","1","0","1","2022-05-12","1","1","full_date","1"
"2022","48820","경상남도","고성군","경상남도 고성군","0.2078960274","0.0941167408","","","9.81358585791201","8.642003356792777","","7.186766611377164","0.224180139","0.0522809942225799","1.0","1.1069806460200653","302945000.0","93864000.0","21890000.0","418699000.0","186669000.0","324835000.0","16573.00881091236","9.0","","18346.0","1","observed","1","1","1","0","1","1","0","1","2022-05-12","1","1","full_date","1"
"2022","48840","경상남도","남해군","경상남도 남해군","0.3677080058","0.2622573999","","","10.077418208438946","9.877010745576678","","7.667878412877876","0.428878611","0.0470694990076485","1.0","2.506750904523351","243714000.0","199453000.0","21890000.0","465057000.0","114626000.0","265604000.0","10240.746279846757","5.0","","25671.0","1","observed","1","1","1","0","1","1","0","1","2022-05-12","1","1","full_date","1"
"2022","48850","경상남도","하동군","경상남도 하동군","0.5219940277","0.4164416306","","","11.735743309557478","9.149550691578552","","7.288859840630689","0.069271761","0.0107700530090545","1.0","3.1194742751340225","1869803675.0","140794000.0","21890000.0","2032487675.0","1782294320.0","1891693675.0","14963.42200096988","11.0","","46678.01","1","observed","1","1","1","0","1","1","0","1","2022-05-12","1","1","full_date","1"
"2022","48860","경상남도","산청군","경상남도 산청군","-0.0566119176","-0.17604531","","","7.975300486451592","8.514940634607147","","7.04624958906184","0.551588199","0.1269051718640393","1.0","1.3557155463633679","55457000.0","95144000.0","21890000.0","172491000.0","66690000.0","77347000.0","19075.53547598588","7.0","","25861.0","1","observed","1","1","1","0","1","1","0","1","2022-05-12","1","1","full_date","1"
"2022","48870","경상남도","함양군","경상남도 함양군","-0.00866725","-0.1261296988","","","8.145420641345469","8.76103079039952","","7.3057289459465595","0.563873053","0.1315006938478821","1.0","0.206144907863643","50709000.0","93864000.0","21890000.0","166463000.0","41826000.0","72599000.0","14712.951347826713","13.0","","3033.0","1","observed","1","1","1","0","1","1","0","1","2022-05-12","1","1","full_date","1"
"2022","48880","경상남도","거창군","경상남도 거창군","-0.0482322043","-0.167768602","","","8.082172056585339","8.452447993973038","","6.997332315259721","0.519834963","0.1212305817849527","1.0","0.9675664076039957","64811000.0","93864000.0","21890000.0","180565000.0","63225000.0","86701000.0","20032.73351334976","12.0","","19383.0","1","observed","1","1","1","0","1","1","0","1","2022-05-12","1","1","full_date","1"
"2022","48890","경상남도","합천군","경상남도 합천군","0.0769928721","-0.0411490886","","","9.173521687459319","8.210257691984985","","6.532507220139486","0.262656903","0.0490045736109587","1.0","1.1719812010145374","307476000.0","117327000.0","21890000.0","446693000.0","86526000.0","329366000.0","31904.095362307948","8.0","","37391.0","1","observed","1","1","1","0","1","1","0","1","2022-05-12","1","1","full_date","1"
"2022","50110","제주특별자치도","제주시","제주특별자치도 제주시","","","","","","","","","","","0.0","0.0","","","","","","","8922.153326506517","11.0","","0.0","0","metropolitan_headquarters","1","1","0","0","0","1","0","1","2022-05-12","1","1","no_designation","1"
"2022","50130","제주특별자치도","서귀포시","제주특별자치도 서귀포시","","","","","","","","","","","0.0","0.0","","","","","","","5603.38112473483","7.0","","0.0","0","metropolitan_headquarters","1","1","0","0","0","1","0","1","2022-05-12","1","1","no_designation","1"
"2022","51110","강원특별자치도","춘천시","강원특별자치도 춘천시","0.45669771","0.3485397483","","","11.49049145099788","8.832949289177476","","0.0","0.065517367","0.0","1.0","4.911752331540068","1677343932.0","117600000.0","0.0","1794943932.0","500000000.0","1677343932.0","17154.16297742794","23.0","","84257.0","1","observed","1","1","1","0","1","1","0","1","2022-05-12","1","1","full_date","1"
"2022","51130","강원특별자치도","원주시","강원특별자치도 원주시","0.2154793603","0.1025616304","","","9.745715343047978","8.810557737748786","","8.333362648296646","0.239905344","0.148852833575868","1.0","3.578324295595638","179776000.0","70560000.0","43780000.0","294116000.0","10000000.0","223556000.0","10525.597147904828","5.0","","37664.0","1","observed","1","1","1","0","1","1","0","1","2022-05-12","1","1","full_date","1"
"2022","51150","강원특별자치도","강릉시","강원특별자치도 강릉시","-0.1658039096","-0.2931602888","","","8.179859853745596","7.1447845110463915","","7.360492180052046","0.197719057","0.2453554515649956","0.0","0.0","99375000.0","35280000.0","43780000.0","178435000.0","43780000.0","143155000.0","27856.777072684443","15.0","","0.0","1","observed","1","1","1","0","1","1","0","1","2022-05-12","1","1","no_designation","1"
"2022","51170","강원특별자치도","동해시","강원특별자치도 동해시","0.4172262808","0.310330586","","","10.853134763997126","9.31052385701997","","0.0","0.176145724","0.0","1.0","3.334195789325144","220035000.0","47045000.0","0.0","267080000.0","0.0","220035000.0","4256.411709665215","0.0","","14191.71","1","observed","1","1","1","0","1","1","0","1","2022-05-12","1","1","full_date","1"
"2022","51190","강원특별자치도","태백시","강원특별자치도 태백시","-0.0215761104","-0.1384532705","","","7.907246339569404","8.957882413079298","","0.0","0.74094298","0.0","0.0","0.0","12335000.0","35280000.0","0.0","47615000.0","0.0","12335000.0","4541.774632373664","6.0","","0.0","1","observed","1","1","1","0","1","1","0","1","2022-05-12","1","1","no_designation","1"
"2022","51210","강원특별자치도","속초시","강원특별자치도 속초시","0.4687307674","0.3649596848","","","10.862240980899108","9.812385016224745","","0.0","0.259245924","0.0","0.0","0.0","100807000.0","35280000.0","0.0","136087000.0","0.0","100807000.0","1932.358474645644","2.0","","0.0","1","observed","1","1","1","0","1","1","0","1","2022-05-12","1","1","no_designation","1"
"2022","51230","강원특별자치도","삼척시","강원특별자치도 삼척시","-0.1703979671","-0.2971956441","","","8.034693581646815","7.297456851913207","","0.0","0.323531338","0.0","1.0","0.08004954326795695","123948000.0","59280000.0","0.0","183228000.0","0.0","123948000.0","40175.11991586007","11.0","","3216.0","1","observed","1","1","1","0","1","1","0","1","2022-05-12","1","1","full_date","1"
"2022","51720","강원특별자치도","홍천군","강원특별자치도 홍천군","-0.6667533906","-0.8341012574","","","9.746238437488417","0.0","","0.0","0.0","0.0","1.0","2.100307186802349","601519966.0","0.0","0.0","601519966.0","50000000.0","601519966.0","35199.612925457855","23.0","","73930.0","1","observed","1","1","1","0","1","1","0","1","2022-05-12","1","1","full_date","1"
"2022","51730","강원특별자치도","횡성군","강원특별자치도 횡성군","-0.0016854985","-0.12027505","","","8.413961064327154","8.463459379905652","","8.002043507099355","0.387295318","0.2441170574410639","1.0","1.723087723001665","86415000.0","90801000.0","57233000.0","234449000.0","0.0","143648000.0","19166.754866355743","11.0","","33026.0","1","observed","1","1","1","0","1","1","0","1","2022-05-12","1","1","full_date","1"
"2022","51750","강원특별자치도","영월군","강원특별자치도 영월군","0.0753520336","-0.0459326033","","","9.697811927367956","7.476786349941941","","0.0","0.097833645","0.0","0.0","0.0","421650000.0","45725000.0","0.0","467375000.0","285000000.0","421650000.0","25898.378414212697","5.0","","0.0","1","observed","1","1","1","0","1","1","0","1","2022-05-12","1","1","no_designation","1"
"2022","51760","강원특별자치도","평창군","강원특별자치도 평창군","-0.2623956728","-0.3896149446","","","7.129005237965591","7.617516585084714","","0.0","0.619828722","0.0","0.0","0.0","28855000.0","47045000.0","0.0","75900000.0","0.0","28855000.0","23146.3052386974","16.0","","0.0","1","observed","1","1","1","0","1","1","0","1","2022-05-12","1","1","no_designation","1"
"2022","51770","강원특별자치도","정선군","강원특별자치도 정선군","0.1151752031","-0.0021992113","","","9.44726651676638","8.2171323205535","","8.14533121304756","0.186809739","0.1738633159522968","1.0","1.7331993120874778","321974000.0","94080000.0","87560000.0","503614000.0","121330000.0","409534000.0","25407.34911033557","11.0","","44036.0","1","observed","1","1","1","0","1","1","0","1","2022-05-12","1","1","full_date","1"
"2022","51780","강원특별자치도","철원군","강원특별자치도 철원군","0.7038467988","0.6080065864","","","11.995481015495601","10.610254447595866","","0.0","0.200167941","0.0","1.0","10.427653269257634","140972000.0","35280000.0","0.0","176252000.0","0.0","140972000.0","870.090303707032","2.0","","9073.0","1","observed","1","1","1","0","1","1","0","1","2022-05-12","1","1","full_date","1"
"2022","51790","강원특별자치도","화천군","강원특별자치도 화천군","0.034629503","-0.0826108726","","","8.567585186411616","8.615979534904248","","0.0","0.512098472","0.0","1.0","1.8077891941450435","33613000.0","35280000.0","0.0","68893000.0","0.0","33613000.0","6393.444566121614","6.0","","11558.0","1","observed","1","1","1","0","1","1","0","1","2022-05-12","1","1","full_date","1"
"2022","51800","강원특별자치도","양구군","강원특별자치도 양구군","-1.141960944","-1.2820868347","","","0.0","8.584847841426221","","0.0","1.0","0.0","0.0","0.0","0.0","47045000.0","0.0","47045000.0","0.0","0.0","8795.137061745016","2.0","","0.0","1","observed","1","1","1","0","1","1","0","1","2022-05-12","1","1","no_designation","1"
"2022","51810","강원특별자치도","인제군","강원특별자치도 인제군","-0.2094125625","-0.3377885882","","","7.89186542238262","7.103213027296496","","0.0","0.31236166","0.0","0.0","0.0","77666000.0","35280000.0","0.0","112946000.0","0.0","77666000.0","29040.20587588721","6.0","","0.0","1","observed","1","1","1","0","1","1","0","1","2022-05-12","1","1","no_designation","1"
"2022","51820","강원특별자치도","고성군","강원특별자치도 고성군","0.0984745197","-0.0152783479","","","8.645372066096646","9.147134923318227","","0.0","0.622889828","0.0","0.0","0.0","28482000.0","47045000.0","0.0","75527000.0","0.0","28482000.0","5011.982153953566","6.0","","0.0","1","observed","1","1","1","0","1","1","0","1","2022-05-12","1","1","no_designation","1"
"2022","51830","강원특별자치도","양양군","강원특별자치도 양양군","-0.0667762488","-0.1883297404","","","8.232672729196631","8.061426072882886","","0.0","0.457280327","0.0","0.0","0.0","55835000.0","47045000.0","0.0","102880000.0","24000000.0","55835000.0","14846.2799125014","7.0","","0.0","1","observed","1","1","1","0","1","1","0","1","2022-05-12","1","1","no_designation","1"
"2023","11110","서울특별시","종로구","서울특별시 종로구","-0.1139246346","-0.3051457587","","","13.782469354025604","0.0","","0.0","0.0","0.0","0.0","0.0","222344000.0","0.0","0.0","222344000.0","0.0","197586000.0","229.8134676458469","","","0.0","1","observed","1","1","1","0","1","0","0","1","","1","1","no_designation","1"
"2023","11140","서울특별시","중구","서울특별시 중구","1.6202145313","1.5114715809","","","15.784101947065235","14.579162450638563","","0.0","0.230597615","0.0","0.0","0.0","42074000.0","12610000.0","0.0","54684000.0","0.0","42074000.0","5.8757794482012455","","","0.0","1","observed","1","1","1","0","1","0","0","1","","1","1","no_designation","1"
"2023","11170","서울특별시","용산구","서울특별시 용산구","-0.6260601873","-0.8186425093","","","10.043341588078086","0.0","","0.0","0.0","0.0","0.0","0.0","2250000.0","0.0","0.0","2250000.0","0.0","2250000.0","97.8213309668874","","","0.0","1","observed","1","1","1","0","1","0","0","1","","1","1","no_designation","1"
"2023","11200","서울특별시","성동구","서울특별시 성동구","1.8952757031","1.7951198206","","","16.716940210190664","16.05001300226696","","0.0","0.33918522","0.0","0.0","0.0","48143000.0","24711000.0","0.0","72854000.0","0.0","48143000.0","2.645198610084122","","","0.0","1","observed","1","1","1","0","1","0","0","1","","1","1","no_designation","1"
"2023","11215","서울특별시","광진구","서울특별시 광진구","-2.0016623643","-2.1979008798","","","0.0","0.0","","0.0","","","0.0","0.0","0.0","0.0","0.0","0.0","0.0","0.0","118.83692312121298","","","0.0","1","observed","1","1","1","0","1","0","0","1","","1","1","no_designation","1"
"2023","11230","서울특별시","동대문구","서울특별시 동대문구","-2.0016623643","-2.1979008798","","","0.0","0.0","","0.0","","","0.0","0.0","0.0","0.0","0.0","0.0","0.0","0.0","10.298102799391469","","","0.0","1","observed","1","1","1","0","1","0","0","1","","1","1","no_designation","1"
"2023","11260","서울특별시","중랑구","서울특별시 중랑구","-2.0016623643","-2.1979008798","","","0.0","0.0","","0.0","","","0.0","0.0","0.0","0.0","0.0","0.0","0.0","0.0","75.07549589800855","","","0.0","1","observed","1","1","1","0","1","0","0","1","","1","1","no_designation","1"
"2023","11290","서울특별시","성북구","서울특별시 성북구","-2.0016623643","-2.1979008798","","","0.0","0.0","","0.0","","","0.0","0.0","0.0","0.0","0.0","0.0","0.0","0.0","145.335774548254","","","0.0","1","observed","1","1","1","0","1","0","0","1","","1","1","no_designation","1"
"2023","11305","서울특별시","강북구","서울특별시 강북구","-2.0016623643","-2.1979008798","","","0.0","0.0","","0.0","","","0.0","0.0","0.0","0.0","0.0","0.0","0.0","0.0","116.54644819477348","","","0.0","1","observed","1","1","1","0","1","0","0","1","","1","1","no_designation","1"
"2023","11320","서울특별시","도봉구","서울특별시 도봉구","-2.0016623643","-2.1979008798","","","0.0","0.0","","0.0","","","0.0","0.0","0.0","0.0","0.0","0.0","0.0","0.0","73.48535136777946","","","0.0","1","observed","1","1","1","0","1","0","0","1","","1","1","no_designation","1"
"2023","11350","서울특별시","노원구","서울특별시 노원구","-2.0016623643","-2.1979008798","","","0.0","0.0","","0.0","","","0.0","0.0","0.0","0.0","0.0","0.0","0.0","0.0","333.7072077334258","","","0.0","1","observed","1","1","1","0","1","0","0","1","","1","1","no_designation","1"
"2023","11380","서울특별시","은평구","서울특별시 은평구","0.8979547219","0.7761546659","","","12.035435653028959","12.493939636730385","","10.773572980728089","0.552112578","0.0988267304426189","0.0","0.0","40283000.0","63716000.0","11405000.0","115404000.0","0.0","51688000.0","238.89171620206912","","","0.0","1","observed","1","1","1","0","1","0","0","1","","1","1","no_designation","1"
"2023","11410","서울특별시","서대문구","서울특별시 서대문구","0.9378433365","0.8119903549","","","12.895977877468052","11.715274022545563","","0.0","0.234924648","0.0","0.0","0.0","39344000.0","12081000.0","0.0","51425000.0","0.0","39344000.0","98.67964301884513","","","0.0","1","observed","1","1","1","0","1","0","0","1","","1","1","no_designation","1"
"2023","11440","서울특별시","마포구","서울특별시 마포구","1.7604302796","1.6503884661","","","17.036639620460292","14.266205404186023","","0.0","0.05894289","0.0","0.0","0.0","201741000.0","12636000.0","0.0","214377000.0","0.0","201741000.0","8.051477974569195","","","0.0","1","observed","1","1","1","0","1","0","0","1","","1","1","no_designation","1"
"2023","11470","서울특별시","양천구","서울특별시 양천구","-2.0016623643","-2.1979008798","","","0.0","0.0","","0.0","","","0.0","0.0","0.0","0.0","0.0","0.0","0.0","0.0","8.976266248884023","","","0.0","1","observed","1","1","1","0","1","0","0","1","","1","1","no_designation","1"
"2023","11500","서울특별시","강서구","서울특별시 강서구","1.5118013311","1.3942431451","","","16.159835035807273","12.982664218223128","","12.880166439254792","0.038637712","0.0348736232486744","0.0","0.0","302997000.0","12636000.0","11405000.0","327038000.0","0.0","314402000.0","29.06104223806912","","","0.0","1","observed","1","1","1","0","1","0","0","1","","1","1","no_designation","1"
"2023","11530","서울특별시","구로구","서울특별시 구로구","1.7949052745","1.6855141119","","","17.21181964574281","14.370868931187035","","13.80808955150848","0.053471137","0.0304584117827718","0.0","0.0","343018000.0","20022000.0","11405000.0","374445000.0","0.0","354423000.0","11.48996297675872","","","0.0","1","observed","1","1","1","0","1","0","0","1","","1","1","no_designation","1"
"2023","11545","서울특별시","금천구","서울특별시 금천구","1.481865499","1.3665708349","","","15.620529272256773","13.421352867600401","","0.0","0.099824354","0.0","0.0","0.0","144011000.0","15970000.0","0.0","159981000.0","0.0","144011000.0","23.685691596715643","","","0.0","1","observed","1","1","1","0","1","0","0","1","","1","1","no_designation","1"
"2023","11560","서울특별시","영등포구","서울특별시 영등포구","","","","","","","","","","","0.0","","0.0","0.0","0.0","0.0","0.0","0.0","0.0","","","0.0","1","observed","1","0","0","0","1","0","0","1","","1","1","no_designation","1"
"2023","11590","서울특별시","동작구","서울특별시 동작구","1.3576044112","1.2426582638","","","14.620374124862344","13.548440210097837","","0.0","0.255035318","0.0","0.0","0.0","36913000.0","12637000.0","0.0","49550000.0","0.0","36913000.0","16.505615771295272","","","0.0","1","observed","1","1","1","0","1","0","0","1","","1","1","no_designation","1"
"2023","11620","서울특별시","관악구","서울특별시 관악구","-2.0016623643","-2.1979008798","","","0.0","0.0","","0.0","","","0.0","0.0","0.0","0.0","0.0","0.0","0.0","0.0","307.4659134273305","","","0.0","1","observed","1","1","1","0","1","0","0","1","","1","1","no_designation","1"
"2023","11650","서울특별시","서초구","서울특별시 서초구","1.4760883176","1.3592504101","","","15.787500725762762","13.135291362457266","","0.0","0.065852854","0.0","1.0","27.33488829810599","532533000.0","37541000.0","0.0","570074000.0","0.0","532533000.0","74.11773473902872","","","2026.0","1","observed","1","1","1","0","1","0","0","1","","1","1","full_date","1"
"2023","11680","서울특별시","강남구","서울특별시 강남구","-2.0016623643","-2.1979008798","","","0.0","0.0","","0.0","","","1.0","43.50967264719323","0.0","0.0","0.0","0.0","0.0","0.0","14.617439325667457","","","636.0","1","observed","1","1","1","0","1","0","0","1","","1","1","full_date","1"
"2023","11710","서울특별시","송파구","서울특별시 송파구","1.5801442203","1.4701081193","","","15.653985545748164","14.356990189804238","","14.017640838323134","0.186201596","0.1326189991786664","1.0","78.23904940838767","90400000.0","24711000.0","17600000.0","132711000.0","17600000.0","108000000.0","14.37900905630627","","","1125.0","1","observed","1","1","1","0","1","0","0","1","","1","1","full_date","1"
"2023","11740","서울특별시","강동구","서울특별시 강동구","1.4383598925","1.3251044887","","","15.007911646225711","13.824806459418797","","13.051610982413438","0.211593955","0.0976580896519244","0.0","0.0","80669000.0","24711000.0","11405000.0","116785000.0","0.0","92074000.0","24.482377619817925","","","0.0","1","observed","1","1","1","0","1","0","0","1","","1","1","no_designation","1"
"2023","26110","부산광역시","중구","부산광역시 중구","-2.0016623643","-2.1979008798","","","0.0","0.0","","0.0","","","0.0","0.0","0.0","0.0","0.0","0.0","0.0","0.0","1.906190096631038","","","0.0","1","observed","1","1","1","0","1","0","0","1","","1","1","no_designation","1"
"2023","26140","부산광역시","서구","부산광역시 서구","0.8034935521","0.6819078963","","","11.282052548098246","12.581087527562696","","0.0","0.785674069","0.0","0.0","0.0","13704000.0","50236000.0","0.0","63940000.0","6594000.0","13704000.0","172.63134516067018","","","0.0","1","observed","1","1","1","0","1","0","0","1","","1","1","no_designation","1"
"2023","26170","부산광역시","동구","부산광역시 동구","0.9315687166","0.8132285425","","","11.819463662483718","13.124994713887599","","0.0","0.786765278","0.0","0.0","0.0","16434000.0","60636000.0","0.0","77070000.0","6300000.0","16434000.0","120.95355330492292","","","0.0","1","observed","1","1","1","0","1","0","0","1","","1","1","no_designation","1"
"2023","26200","부산광역시","영도구","부산광역시 영도구","0.9985604352","0.8783183536","","","12.593297582404952","12.735569912895446","","0.0","0.53550832","0.0","0.0","0.0","87147000.0","100471000.0","0.0","187618000.0","80037000.0","87147000.0","295.8382103460892","","","0.0","1","observed","1","1","1","0","1","0","0","1","","1","1","no_designation","1"
"2023","26230","부산광역시","부산진구","부산광역시 부산진구","0.7193421087","0.5952734057","","","10.976942925125774","12.158070813355632","","0.0","0.765152669","0.0","1.0","7.24271818701105","23128000.0","75353000.0","0.0","98481000.0","16018000.0","23128000.0","395.29357985161545","","","2863.0","1","observed","1","1","1","0","1","0","0","1","","1","1","full_date","1"
"2023","26260","부산광역시","동래구","부산광역시 동래구","0.7181972502","0.5939990977","","","10.98588791360975","12.13440412314296","","0.0","0.759241907","0.0","1.0","1.1599297965283146","15930000.0","50236000.0","0.0","66166000.0","8820000.0","15930000.0","269.8439172239675","","","313.0","1","observed","1","1","1","0","1","0","0","1","","1","1","full_date","1"
"2023","26290","부산광역시","남구","부산광역시 남구","0.7031500265","0.5789259802","","","10.87409723527434","12.137044016989435","","0.0","0.779535298","0.0","0.0","0.0","21311000.0","75353000.0","0.0","96664000.0","11681000.0","21311000.0","403.6933829853463","","","0.0","1","observed","1","1","1","0","1","0","0","1","","1","1","no_designation","1"
"2023","26320","부산광역시","북구","부산광역시 북구","0.5920960968","0.4651898423","","","10.390046041619483","11.690126465908907","","0.0","0.785852281","0.0","0.0","0.0","27379000.0","100472000.0","0.0","127851000.0","20269000.0","27379000.0","841.5719818660857","","","0.0","1","observed","1","1","1","0","1","0","0","1","","1","1","no_designation","1"
"2023","26350","부산광역시","해운대구","부산광역시 해운대구","0.4627748846","0.3319943266","","","9.929162837591923","11.029107109674833","","0.0","0.750255755","0.0","0.0","0.0","33445000.0","100472000.0","0.0","133917000.0","20795000.0","33445000.0","1629.9404391041692","","","0.0","1","observed","1","1","1","0","1","0","0","1","","1","1","no_designation","1"
"2023","26380","부산광역시","사하구","부산광역시 사하구","-0.2582683245","-0.4498730977","","","12.728608718858563","0.0","","0.0","0.0","0.0","0.0","0.0","168566000.0","0.0","0.0","168566000.0","20889000.0","27999000.0","499.8120704551127","","","0.0","1","observed","1","1","1","0","1","0","0","1","","1","1","no_designation","1"
"2023","26410","부산광역시","금정구","부산광역시 금정구","0.5414449087","0.4124680645","","","10.28525120390799","11.327662173817131","","10.132691924514917","0.604119984","0.182869878581135","1.0","3.0989404216782757","53139000.0","150708000.0","45620000.0","249467000.0","84539000.0","98759000.0","1813.84577795654","","","5621.0","1","observed","1","1","1","0","1","0","0","1","","1","1","full_date","1"
"2023","26440","부산광역시","강서구","부산광역시 강서구","0.4835538428","0.3554158268","","","9.726696521781001","11.513521378293431","","11.011677099736923","0.564050167","0.3414811238486614","0.0","0.0","25241000.0","150708000.0","91240000.0","267189000.0","109371000.0","116481000.0","1506.1972314866955","","","0.0","1","observed","1","1","1","0","1","0","0","1","","1","1","no_designation","1"
"2023","26470","부산광역시","연제구","부산광역시 연제구","0.9182079578","0.8005282145","","","11.626649338550827","13.25529365888585","","0.0","0.835984823","0.0","0.0","0.0","9856000.0","50236000.0","0.0","60092000.0","0.0","9856000.0","87.96601540319242","","","0.0","1","observed","1","1","1","0","1","0","0","1","","1","1","no_designation","1"
"2023","26500","부산광역시","수영구","부산광역시 수영구","-0.1589829959","-0.35032388","","","13.453495962306802","0.0","","0.0","0.0","0.0","0.0","0.0","62001000.0","0.0","0.0","62001000.0","6300000.0","11765000.0","89.04719818289425","","","0.0","1","observed","1","1","1","0","1","0","0","1","","1","1","no_designation","1"
"2023","26530","부산광역시","사상구","부산광역시 사상구","0.5892992664","0.4611524796","","","10.538423762420614","11.459257453853763","","0.0","0.715215194","0.0","1.0","2.328025882688581","20003000.0","50236000.0","0.0","70239000.0","12893000.0","20003000.0","530.0628352872448","","","1234.0","1","observed","1","1","1","0","1","0","0","1","","1","1","full_date","1"
"2023","26710","부산광역시","기장군","부산광역시 기장군","0.7645854429","0.632949128","","","12.359649986931254","10.718697408651082","","10.305681608987099","0.14658847","0.096989431532015","0.0","0.0","1172660000.0","227252000.0","150360000.0","1550272000.0","294602000.0","1323020000.0","5028.5895226531065","","","0.0","1","observed","1","1","1","0","1","0","0","1","","1","1","no_designation","1"
"2023","27110","대구광역시","중구","대구광역시 중구","","","","","","","","","","","0.0","","0.0","0.0","0.0","0.0","0.0","0.0","0.0","","","0.0","1","observed","1","0","0","0","1","0","0","1","","1","1","no_designation","1"
"2023","27140","대구광역시","동구","대구광역시 동구","-2.0016623643","-2.1979008798","","","0.0","0.0","","0.0","","","1.0","0.32977705276000957","0.0","0.0","0.0","0.0","0.0","0.0","4979.1214587478935","","","1642.0","1","observed","1","1","1","0","1","0","0","1","","1","1","full_date","1"
"2023","27170","대구광역시","서구","대구광역시 서구","1.1244324769","1.0087254347","","","12.937295891130661","13.522013062236303","","0.0","0.642152348","0.0","0.0","0.0","13600000.0","24405000.0","0.0","38005000.0","10843000.0","13023000.0","32.729829073412375","","","0.0","1","observed","1","1","1","0","1","0","0","1","","1","1","no_designation","1"
"2023","27200","대구광역시","남구","대구광역시 남구","-2.0016623643","-2.1979008798","","","0.0","0.0","","0.0","","","0.0","0.0","0.0","0.0","0.0","0.0","0.0","0.0","291.15089042200844","","","0.0","1","observed","1","1","1","0","1","0","0","1","","1","1","no_designation","1"
"2023","27230","대구광역시","북구","대구광역시 북구","0.7405283583","0.6061512196","","","12.550443536429825","10.217513430756732","","0.0","0.088429518","0.0","1.0","0.8026163765178406","643824000.0","62456000.0","0.0","706280000.0","642774000.0","643824000.0","2281.289110924714","","","1831.0","1","observed","1","1","1","0","1","0","0","1","","1","1","full_date","1"
"2023","27260","대구광역시","수성구","대구광역시 수성구","0.4154202554","0.2792424378","","","10.305019937243873","10.042160882588583","","0.0","0.434658547","0.0","1.0","0.5766024603150499","32493000.0","24982000.0","0.0","57475000.0","31997000.0","32493000.0","1087.4043091273204","","","627.0","1","observed","1","1","1","0","1","0","0","1","","1","1","full_date","1"
"2023","27290","대구광역시","달서구","대구광역시 달서구","0.6351565668","0.5033348347","","","11.39297396388547","10.74838968341","","0.0","0.344208689","0.0","0.0","0.0","71396000.0","37474000.0","0.0","108870000.0","71396000.0","71396000.0","804.9576875048305","","","0.0","1","observed","1","1","1","0","1","0","0","1","","1","1","no_designation","1"
"2023","27710","대구광역시","달성군","대구광역시 달성군","0.6020764726","0.4606815546","","","12.449881701645948","8.972495110677317","","0.0","0.029958972","0.0","1.0","1.1681180772222493","2426740000.0","74948000.0","0.0","2501688000.0","2426740000.0","2426740000.0","9508.456564949429","","","11107.0","1","observed","1","1","1","0","1","0","0","1","","1","1","full_date","1"
"2023","27720","대구광역시","군위군","대구광역시 군위군","","","","","","","","","","","1.0","2.0488189530025087","","","","","","","18006.959544148078","","","36893.0","0","administrative_history","1","1","0","0","0","0","0","1","","1","1","full_date","1"
"2023","28110","인천광역시","중구","인천광역시 중구","-0.5785832062","-0.7710393397","","","10.38997344659578","0.0","","10.124957904192518","0.0","0.4341288873662974","0.0","0.0","29732000.0","0.0","22810000.0","52542000.0","25561000.0","52542000.0","913.9645250586208","","","0.0","1","observed","1","1","1","0","1","0","0","1","","1","1","no_designation","1"
"2023","28140","인천광역시","동구","인천광역시 동구","","","","","","","","","","","0.0","","0.0","0.0","0.0","0.0","0.0","0.0","0.0","","","0.0","1","observed","1","0","0","0","1","0","0","1","","1","1","no_designation","1"
"2023","28177","인천광역시","미추홀구","인천광역시 미추홀구","0.1422790525","-0.0482611114","","","15.653025528752734","0.0","","0.0","0.0","0.0","0.0","0.0","111244000.0","0.0","0.0","111244000.0","0.0","111244000.0","17.711447384754308","","","0.0","1","observed","1","1","1","0","1","0","0","1","","1","1","no_designation","1"
"2023","28185","인천광역시","연수구","인천광역시 연수구","-0.1756632971","-0.3670485156","","","13.33171223313248","0.0","","0.0","0.0","0.0","0.0","0.0","23737000.0","0.0","0.0","23737000.0","2751000.0","23737000.0","38.50680424275977","","","0.0","1","observed","1","1","1","0","1","0","0","1","","1","1","no_designation","1"
"2023","28200","인천광역시","남동구","인천광역시 남동구","1.0260869766","0.9070192057","","","12.64353527917917","12.94173429581993","","12.853503658654533","0.376264838","0.3444890808590328","0.0","0.0","18490000.0","24914000.0","22810000.0","66214000.0","25561000.0","41300000.0","59.69262942462092","","","0.0","1","observed","1","1","1","0","1","0","0","1","","1","1","no_designation","1"
"2023","28237","인천광역시","부평구","인천광역시 부평구","-0.1786386244","-0.370031751","","","13.30998921686465","0.0","","0.0","0.0","0.0","0.0","0.0","20986000.0","0.0","0.0","20986000.0","0.0","20986000.0","34.791689392013495","","","0.0","1","observed","1","1","1","0","1","0","0","1","","1","1","no_designation","1"
"2023","28245","인천광역시","계양구","인천광역시 계양구","-0.1182442575","-0.3094768627","","","13.750931567374833","0.0","","0.0","0.0","0.0","0.0","0.0","31981000.0","0.0","0.0","31981000.0","2751000.0","31981000.0","34.114483621966656","","","0.0","1","observed","1","1","1","0","1","0","0","1","","1","1","no_designation","1"
"2023","28260","인천광역시","서구","인천광역시 서구","1.1721125697","1.0537713627","","","13.663346279038816","13.005100148473149","","12.916869497738222","0.259945953","0.2379933850150767","0.0","0.0","48119000.0","24914000.0","22810000.0","95843000.0","24461000.0","70929000.0","56.02749502255566","","","0.0","1","observed","1","1","1","0","1","0","0","1","","1","1","no_designation","1"
"2023","28710","인천광역시","강화군","인천광역시 강화군","1.2106876842","1.0849339137","","","14.973717797945644","11.598074225841321","","11.509844214785318","0.032093552","0.0293832354536238","0.0","0.0","728569000.0","24914000.0","22810000.0","776293000.0","29416000.0","751379000.0","228.8062122056636","","","0.0","1","observed","1","1","1","0","1","0","0","1","","1","1","no_designation","1"
"2023","28720","인천광역시","옹진군","인천광역시 옹진군","0.5250641162","0.3910070873","","","10.855115207800159","10.384667399820437","","0.0","0.384507514","0.0","0.0","0.0","279148000.0","174388000.0","0.0","453536000.0","0.0","279148000.0","5389.2244303518055","","","0.0","1","observed","1","1","1","0","1","0","0","1","","1","1","no_designation","1"
"2023","29110","광주광역시","동구","광주광역시 동구","0.1950142576","0.0563413439","","","8.957184039358216","9.684692276421906","","0.0","0.674272859","0.0","0.0","0.0","6081000.0","12588000.0","0.0","18669000.0","0.0","6081000.0","783.3851705913617","","","0.0","1","observed","1","1","1","0","1","0","0","1","","1","1","no_designation","1"
"2023","29140","광주광역시","서구","광주광역시 서구","-0.4914396047","-0.6836641205","","","11.026213321541537","0.0","","0.0","0.0","0.0","1.0","24.957075869441983","7573000.0","0.0","0.0","7573000.0","2465000.0","7573000.0","123.21154994624592","","","3075.0","1","observed","1","1","1","0","1","0","0","1","","1","1","full_date","1"
"2023","29155","광주광역시","남구","광주광역시 남구","-0.5456225204","-0.7379910482","","","10.630621092753536","0.0","","0.0","0.0","0.0","1.0","9.894584687655971","17691000.0","0.0","0.0","17691000.0","2465000.0","17691000.0","427.50657390169727","","","4230.0","1","observed","1","1","1","0","1","0","0","1","","1","1","full_date","1"
"2023","29170","광주광역시","북구","광주광역시 북구","-0.5730472869","-0.7654887066","","","10.430391475103951","0.0","","0.0","0.0","0.0","1.0","3.0811125692177397","43139000.0","0.0","0.0","43139000.0","0.0","43139000.0","1273.56593173623","","","3924.0","1","observed","1","1","1","0","1","0","0","1","","1","1","full_date","1"
"2023","29200","광주광역시","광산구","광주광역시 광산구","0.632081982","0.4942237567","","","12.195736541390165","9.61972689504781","","0.0","0.070694418","0.0","1.0","8.429988135294609","496383010.0","37761000.0","0.0","534144010.0","494700010.0","496383010.0","2507.7140869856285","","","21140.0","1","observed","1","1","1","0","1","0","0","1","","1","1","full_date","1"
"2023","30110","대전광역시","동구","대전광역시 동구","0.5526628315","0.4159607654","","","11.428732434152346","9.875711925802563","","10.236969424226729","0.139643944","0.2004107497830933","0.0","0.0","60090000.0","12715000.0","18248000.0","91053000.0","18248000.0","78338000.0","653.689482043021","","","0.0","1","observed","1","1","1","0","1","0","0","1","","1","1","no_designation","1"
"2023","30140","대전광역시","중구","대전광역시 중구","-0.4633147213","-0.6554644844","","","11.231554528035883","0.0","","0.0","0.0","0.0","0.0","0.0","27681000.0","0.0","0.0","27681000.0","0.0","27681000.0","366.7628803788808","","","0.0","1","observed","1","1","1","0","1","0","0","1","","1","1","no_designation","1"
"2023","30170","대전광역시","서구","대전광역시 서구","0.5907588692","0.4555339848","","","11.518524443216501","10.133322174068272","","10.494583212532705","0.155499028","0.2231652582274456","0.0","0.0","50806000.0","12715000.0","18248000.0","81769000.0","19970000.0","69054000.0","505.2283558195524","","","0.0","1","observed","1","1","1","0","1","0","0","1","","1","1","no_designation","1"
"2023","30200","대전광역시","유성구","대전광역시 유성구","0.679945833","0.5449138585","","","12.175725124434608","10.125058208079569","","0.0","0.113981485","0.0","1.0","6.951058470741854","193712000.0","24920000.0","0.0","218632000.0","133539000.0","193712000.0","998.4090954221718","","","6940.0","1","observed","1","1","1","0","1","0","0","1","","1","1","full_date","1"
"2023","30230","대전광역시","대덕구","대전광역시 대덕구","0.9429154973","0.8190513796","","","12.662602007703864","12.085118444056569","","11.866149811165823","0.278947821","0.2240915621814788","0.0","0.0","40468000.0","22715000.0","18248000.0","81431000.0","19626000.0","58716000.0","128.17842723143983","","","0.0","1","observed","1","1","1","0","1","0","0","1","","1","1","no_designation","1"
"2023","31110","울산광역시","중구","울산광역시 중구","0.8856615496","0.7563904228","","","12.96391655342729","11.101273026347132","","10.992515006855475","0.119936167","0.1075762505861748","1.0","4.892856016082218","322872000.0","50129000.0","44963000.0","417964000.0","328447000.0","367835000.0","756.6133129264339","","","3702.0","1","observed","1","1","1","0","1","0","0","1","","1","1","full_date","1"
"2023","31140","울산광역시","남구","울산광역시 남구","0.8444578192","0.7181327079","","","12.244817826930337","11.67334993277868","","0.0","0.36089733","0.0","1.0","17.100962290619904","88772000.0","50129000.0","0.0","138901000.0","64017000.0","88772000.0","426.9935150962376","","","7302.0","1","observed","1","1","1","0","1","0","0","1","","1","1","full_date","1"
"2023","31170","울산광역시","동구","울산광역시 동구","-0.2979378843","-0.4896480947","","","12.438979241549278","0.0","","10.257449680176087","0.0","0.1014186086893315","1.0","3.8550387218694464","222522000.0","0.0","25115000.0","247637000.0","94347000.0","197508000.0","881.4438051486518","","","3398.0","1","observed","1","1","1","0","1","0","0","1","","1","1","full_date","1"
"2023","31200","울산광역시","북구","울산광역시 북구","-0.1794858435","-0.3708812218","","","13.303803627386536","0.0","","10.250918641887946","0.0","0.045091634457043","1.0","3.2222671864433656","1904305000.0","0.0","89923000.0","1994228000.0","1758316000.0","1843843000.0","3176.645326950111","","","10236.0","1","observed","1","1","1","0","1","0","0","1","","1","1","full_date","1"
"2023","31710","울산광역시","울주군","울산광역시 울주군","-0.2356771721","-0.4272219006","","","12.89354787362778","0.0","","9.509535673417622","0.0","0.0327966042163747","1.0","4.793682109472483","6044438000.0","0.0","204959000.0","6249397000.0","5986831000.0","6036021000.0","15197.086151383684","","","72850.0","1","observed","1","1","1","0","1","0","0","1","","1","1","full_date","1"
"2023","36110","세종특별자치시","세종시","세종특별자치시","","","","","","","","","","","1.0","13.837714125457028","","","","","","","1192.393472679509","","","16500.0","0","metropolitan_headquarters","1","1","0","0","1","0","0","1","","1","1","full_date","1"
"2023","41111","경기도","수원시 장안구","경기도 수원시 장안구","","","","","","","","","","","0.0","0.0","","","","","","","85.05865042808178","","","0.0","0","city_district_granularity","1","1","0","0","0","0","0","1","","1","1","no_designation","1"
"2023","41113","경기도","수원시 권선구","경기도 수원시 권선구","","","","","","","","","","","0.0","0.0","","","","","","","170.43992340554186","","","0.0","0","city_district_granularity","1","1","0","0","0","0","0","1","","1","1","no_designation","1"
"2023","41115","경기도","수원시 팔달구","경기도 수원시 팔달구","","","","","","","","","","","0.0","0.0","","","","","","","25.619779523619485","","","0.0","0","city_district_granularity","1","1","0","0","0","0","0","1","","1","1","no_designation","1"
"2023","41117","경기도","수원시 영통구","경기도 수원시 영통구","","","","","","","","","","","0.0","0.0","","","","","","","23.33984101400128","","","0.0","0","city_district_granularity","1","1","0","0","0","0","0","1","","1","1","no_designation","1"
"2023","41131","경기도","성남시 수정구","경기도 성남시 수정구","","","","","","","","","","","1.0","204.27769403569872","","","","","","","69.33698790199168","","","14164.0","0","city_district_granularity","1","1","0","0","0","0","0","1","","1","1","full_date","1"
"2023","41133","경기도","성남시 중원구","경기도 성남시 중원구","","","","","","","","","","","0.0","0.0","","","","","","","35.30985662800179","","","0.0","0","city_district_granularity","1","1","0","0","0","0","0","1","","1","1","no_designation","1"
"2023","41135","경기도","성남시 분당구","경기도 성남시 분당구","","","","","","","","","","","0.0","0.0","","","","","","","85.3753791350048","","","0.0","0","city_district_granularity","1","1","0","0","0","0","0","1","","1","1","no_designation","1"
"2023","41150","경기도","의정부시","경기도 의정부시","1.0218681548","0.8980959017","","","13.255189889300313","12.063028952332122","","0.0","0.232871959","0.0","0.0","0.0","159176000.0","48320000.0","0.0","207496000.0","0.0","159176000.0","278.75490754903177","","","0.0","1","observed","1","1","1","0","1","0","0","1","","1","1","no_designation","1"
"2023","41171","경기도","안양시 만안구","경기도 안양시 만안구","","","","","","","","","","","0.0","0.0","","","","","","","290.4824929770212","","","0.0","0","city_district_granularity","1","1","0","0","0","0","0","1","","1","1","no_designation","1"
"2023","41173","경기도","안양시 동안구","경기도 안양시 동안구","","","","","","","","","","","0.0","0.0","","","","","","","126.58462253451908","","","0.0","0","city_district_granularity","1","1","0","0","0","0","0","1","","1","1","no_designation","1"
"2023","41190","경기도","부천시","경기도 부천시","-2.0016623643","-2.1979008798","","","0.0","0.0","","0.0","","","0.0","0.0","0.0","0.0","0.0","0.0","0.0","0.0","36.07376757388423","","","0.0","1","observed","1","1","1","0","1","0","0","1","","1","1","no_designation","1"
"2023","41210","경기도","광명시","경기도 광명시","-2.0016623643","-2.1979008798","","","0.0","0.0","","0.0","","","0.0","0.0","0.0","0.0","0.0","0.0","0.0","0.0","47.751851686935886","","","0.0","1","observed","1","1","1","0","1","0","0","1","","1","1","no_designation","1"
"2023","41220","경기도","평택시","경기도 평택시","0.7982161496","0.668401865","","","12.368009794455666","11.043094600425343","","0.0","0.209999747","0.0","1.0","18.962434628762207","187456000.0","49830000.0","0.0","237286000.0","149833000.0","187456000.0","797.155022334108","","","15116.0","1","observed","1","1","1","0","1","0","0","1","","1","1","full_date","1"
"2023","41250","경기도","동두천시","경기도 동두천시","-0.0756345667","-0.2667539202","","","14.06202709063985","0.0","","0.0","0.0","0.0","1.0","15.77048846675116","776150000.0","0.0","0.0","776150000.0","380084000.0","776150000.0","606.5760119078079","","","9566.0","1","observed","1","1","1","0","1","0","0","1","","1","1","full_date","1"
"2023","41271","경기도","안산시 상록구","경기도 안산시 상록구","","","","","","","","","","","1.0","69.98765748349823","","","","","","","65.74016284349608","","","4601.0","0","city_district_granularity","1","1","0","0","0","0","0","1","","1","1","full_date","1"
"2023","41273","경기도","안산시 단원구","경기도 안산시 단원구","","","","","","","","","","","0.0","0.0","","","","","","","785.9610641501805","","","0.0","0","city_district_granularity","1","1","0","0","0","0","0","1","","1","1","no_designation","1"
"2023","41281","경기도","고양시 덕양구","경기도 고양시 덕양구","","","","","","","","","","","0.0","0.0","","","","","","","370.53883386907233","","","0.0","0","city_district_granularity","1","1","0","0","0","0","0","1","","1","1","no_designation","1"
"2023","41285","경기도","고양시 일산동구","경기도 고양시 일산동구","","","","","","","","","","","0.0","0.0","","","","","","","41.36806591457648","","","0.0","0","city_district_granularity","1","1","0","0","0","0","0","1","","1","1","no_designation","1"
"2023","41287","경기도","고양시 일산서구","경기도 고양시 일산서구","","","","","","","","","","","0.0","0.0","","","","","","","0.7017427118900311","","","0.0","0","city_district_granularity","1","1","0","0","0","0","0","1","","1","1","no_designation","1"
"2023","41290","경기도","과천시","경기도 과천시","0.6499576072","0.507737368","","","12.929862440216157","8.794145995140171","","0.0","0.015737199","0.0","1.0","12.450978892350832","94441000.0","1510000.0","0.0","95951000.0","12590000.0","94441000.0","228.97798033787456","","","2851.0","1","observed","1","1","1","0","1","0","0","1","","1","1","full_date","1"
"2023","41310","경기도","구리시","경기도 구리시","1.0047616725","0.8841568647","","","12.690482546551308","12.664571978932042","","0.0","0.4935227","0.0","0.0","0.0","51138000.0","49830000.0","0.0","100968000.0","25180000.0","51138000.0","157.52102674362388","","","0.0","1","observed","1","1","1","0","1","0","0","1","","1","1","no_designation","1"
"2023","41360","경기도","남양주시","경기도 남양주시","-0.1518394449","-0.3431613423","","","13.505651391960955","0.0","","10.19798277633111","0.0","0.0353078233510009","1.0","10.810739067162565","2493327000.0","0.0","91256000.0","2584583000.0","2573418000.0","2584583000.0","3398.9905566784173","","","36745.6","1","observed","1","1","1","0","1","0","0","1","","1","1","full_date","1"
"2023","41370","경기도","오산시","경기도 오산시","-0.1067698193","-0.2979719268","","","13.8347070252058","0.0","","0.0","0.0","0.0","0.0","0.0","155583000.0","0.0","0.0","155583000.0","0.0","155583000.0","152.6249897117882","","","0.0","1","observed","1","1","1","0","1","0","0","1","","1","1","no_designation","1"
"2023","41390","경기도","시흥시","경기도 시흥시","0.8128103001","0.6733285322","","","13.803243459024856","9.225821022875046","","0.0","0.010175751","0.0","0.0","0.0","146882000.0","1510000.0","0.0","148392000.0","0.0","146882000.0","148.69506341349708","","","0.0","1","observed","1","1","1","0","1","0","0","1","","1","1","no_designation","1"
"2023","41410","경기도","군포시","경기도 군포시","1.4338146485","1.3197388281","","","15.085378810991442","13.67346437251497","","0.0","0.195932137","0.0","0.0","0.0","198296000.0","48320000.0","0.0","246616000.0","0.0","198296000.0","55.69514009589484","","","0.0","1","observed","1","1","1","0","1","0","0","1","","1","1","no_designation","1"
"2023","41430","경기도","의왕시","경기도 의왕시","1.1110510342","0.9911788234","","","13.40489399448593","12.748841223296871","","0.0","0.341626544","0.0","1.0","15.611475184701947","93121000.0","48320000.0","0.0","141441000.0","55288000.0","93121000.0","140.40313129075045","","","2191.9","1","observed","1","1","1","0","1","0","0","1","","1","1","full_date","1"
"2023","41450","경기도","하남시","경기도 하남시","1.2911195202","1.1710818439","","","14.80774881705241","12.628254665808246","","0.0","0.101606829","0.0","1.0","45.18992294860919","472783000.0","53471000.0","0.0","526254000.0","397391000.0","472783000.0","175.28244093285812","","","7921.0","1","observed","1","1","1","0","1","0","0","1","","1","1","full_date","1"
"2023","41461","경기도","용인시 처인구","경기도 용인시 처인구","","","","","","","","","","","1.0","25.78335644204332","","","","","","","1871.168329400662","","","48245.0","0","city_district_granularity","1","1","0","0","0","0","0","1","","1","1","full_date","1"
"2023","41463","경기도","용인시 기흥구","경기도 용인시 기흥구","","","","","","","","","","","0.0","0.0","","","","","","","265.3250570898551","","","0.0","0","city_district_granularity","1","1","0","0","0","0","0","1","","1","1","no_designation","1"
"2023","41465","경기도","용인시 수지구","경기도 용인시 수지구","","","","","","","","","","","0.0","0.0","","","","","","","64.75556915074613","","","0.0","0","city_district_granularity","1","1","0","0","0","0","0","1","","1","1","no_designation","1"
"2023","41480","경기도","파주시","경기도 파주시","1.0845742123","0.9601805263","","","13.820891945398602","11.915475864040575","","0.0","0.129496066","0.0","1.0","30.815118849261832","669979000.0","99666000.0","0.0","769645000.0","552863000.0","669979000.0","666.3839299289901","","","20534.7","1","observed","1","1","1","0","1","0","0","1","","1","1","full_date","1"
"2023","41500","경기도","이천시","경기도 이천시","1.034343598","0.9070063069","","","13.838826868586697","11.389350488627292","","0.0","0.079476093","0.0","1.0","23.546041514101095","577151000.0","49830000.0","0.0","626981000.0","486405000.0","577151000.0","563.8501907868078","","","13276.44","1","observed","1","1","1","0","1","0","0","1","","1","1","full_date","1"
"2023","41550","경기도","안성시","경기도 안성시","0.4252130439","0.2797317219","","","11.653627012924359","8.295423199872928","","0.0","0.033619714","0.0","1.0","9.814712541676187","257809000.0","8969000.0","0.0","266778000.0","228514000.0","257809000.0","2239.731414104747","","","21982.32","1","observed","1","1","1","0","1","0","0","1","","1","1","full_date","1"
"2023","41570","경기도","김포시","경기도 김포시","1.2281108195","1.110940557","","","13.932277171312577","13.196465991026985","","0.0","0.32392059","0.0","0.0","0.0","104004000.0","49830000.0","0.0","153834000.0","0.0","104004000.0","92.54209632369115","","","0.0","1","observed","1","1","1","0","1","0","0","1","","1","1","no_designation","1"
"2023","41590","경기도","화성시","경기도 화성시","0.5706735855","0.4357220546","","","11.327153971106279","10.194496237607074","","0.0","0.24366629","0.0","1.0","7.565237651141106","154671000.0","49830000.0","0.0","204501000.0","129007000.0","154671000.0","1862.488747841874","","","14090.17","1","observed","1","1","1","0","1","0","0","1","","1","1","full_date","1"
"2023","41610","경기도","광주시","경기도 광주시","1.082769705","0.9541924323","","","14.379747175536982","11.13309466248536","","10.128442158708339","0.036940342","0.0135261712644915","1.0","23.5016252149165","3202371000.0","124584000.0","45618000.0","3372573000.0","3157645000.0","3247989000.0","1821.49105044998","","","42808.0","1","observed","1","1","1","0","1","0","0","1","","1","1","full_date","1"
"2023","41630","경기도","양주시","경기도 양주시","0.6659098845","0.5332631277","","","11.74163136285474","10.578619332146848","","9.90276541822622","0.212389926","0.1080447356080092","1.0","10.072450822664067","286922000.0","89674000.0","45618000.0","422214000.0","234535000.0","332540000.0","2282.6619265557097","","","22992.0","1","observed","1","1","1","0","1","0","0","1","","1","1","full_date","1"
"2023","41650","경기도","포천시","경기도 포천시","-0.3039013064","-0.4956273668","","","12.395439993054651","0.0","","8.700424505797054","0.0","0.0242408187307946","1.0","9.044163274574638","2125304000.0","0.0","52799000.0","2178103000.0","2153583000.0","2178103000.0","8793.295475278816","","","79528.0","1","observed","1","1","1","0","1","0","0","1","","1","1","full_date","1"
"2023","41670","경기도","여주시","경기도 여주시","0.6895296094","0.5544808751","","","12.251477917410316","10.117151166544875","","10.02884005817647","0.096458728","0.0883053229421944","1.0","11.07209200468635","421146000.0","49830000.0","45618000.0","516594000.0","456175000.0","466764000.0","2012.2665157198671","","","22280.0","1","observed","1","1","1","0","1","0","0","1","","1","1","full_date","1"
"2023","41800","경기도","연천군","경기도 연천군","-0.1812752659","-0.3726754003","","","13.290738963321544","0.0","","11.005361649486618","0.0","0.0923400172461955","1.0","45.40292262529479","448404000.0","0.0","45618000.0","494022000.0","413586000.0","494022000.0","757.8366768140754","","","34408.0","1","observed","1","1","1","0","1","0","0","1","","1","1","full_date","1"
"2023","41820","경기도","가평군","경기도 가평군","0.6193140374","0.4796274251","","","12.34815758086772","9.283757691712275","","8.095592017624657","0.043998174","0.0134069129449978","1.0","5.591645958710898","3207248000.0","149707000.0","45618000.0","3402573000.0","2151128000.0","3252866000.0","13912.26135818054","","","77792.44","1","observed","1","1","1","0","1","0","0","1","","1","1","full_date","1"
"2023","41830","경기도","양평군","경기도 양평군","0.4534067035","0.3103763745","","","11.534214483891368","8.740284604015976","","8.428844556726704","0.055309941","0.0405061627651951","1.0","8.373734960471902","1018291000.0","62290000.0","45618000.0","1126199000.0","997068000.0","1063909000.0","9968.514694343256","","","83473.7","1","observed","1","1","1","0","1","0","0","1","","1","1","full_date","1"
"2023","43111","충청북도","청주시 상당구","충청북도 청주시 상당구","","","","","","","","","","","1.0","3.607600939193441","","","","","","","3613.758899540233","","","13037.0","0","city_district_granularity","1","1","0","0","0","0","0","1","","1","1","full_date","1"
"2023","43112","충청북도","청주시 서원구","충청북도 청주시 서원구","","","","","","","","","","","0.0","0.0","","","","","","","230.14578093534456","","","0.0","0","city_district_granularity","1","1","0","0","0","0","0","1","","1","1","no_designation","1"
"2023","43113","충청북도","청주시 흥덕구","충청북도 청주시 흥덕구","","","","","","","","","","","0.0","0.0","","","","","","","223.1686568895516","","","0.0","0","city_district_granularity","1","1","0","0","0","0","0","1","","1","1","no_designation","1"
"2023","43114","충청북도","청주시 청원구","충청북도 청주시 청원구","","","","","","","","","","","0.0","0.0","","","","","","","550.4044811024319","","","0.0","0","city_district_granularity","1","1","0","0","0","0","0","1","","1","1","no_designation","1"
"2023","43130","충청북도","충주시","충청북도 충주시","0.5191434694","0.3791925069","","","11.616548211036365","9.284111863877111","","8.218803710905053","0.085848423","0.0295799976851874","1.0","1.1034619318829098","909482000.0","88266000.0","30413000.0","1028161000.0","61976000.0","960949000.0","8199.648523044925","","","9048.0","1","observed","1","1","1","0","1","0","0","1","","1","1","full_date","1"
"2023","43150","충청북도","제천시","충청북도 제천시","0.2325937627","0.0811658655","","","10.991242329825791","7.27791805195735","","7.645485086874374","0.023008604","0.0332364714895049","1.0","2.494082216148165","863582000.0","21054000.0","30413000.0","915049000.0","51467000.0","915049000.0","14550.40245467359","","","36289.9","1","observed","1","1","1","0","1","0","0","1","","1","1","full_date","1"
"2023","43720","충청북도","보은군","충청북도 보은군","0.1670348325","0.0249622685","","","9.20809933514338","9.062110236633481","","0.0","0.463563491","0.0","0.0","0.0","77963000.0","67372000.0","0.0","145335000.0","21053000.0","99016000.0","7814.574598259538","","","0.0","1","observed","1","1","1","0","1","0","0","1","","1","1","no_designation","1"
"2023","43730","충청북도","옥천군","충청북도 옥천군","0.2035022044","0.0597921831","","","9.7117673024806","8.737387345481839","","0.0","0.273988469","0.0","0.0","0.0","55786000.0","21053000.0","0.0","76839000.0","21053000.0","76839000.0","3378.971883572288","","","0.0","1","observed","1","1","1","0","1","0","0","1","","1","1","no_designation","1"
"2023","43740","충청북도","영동군","충청북도 영동군","0.1280685376","-0.0138456172","","","8.887742665249382","9.111159359178895","","8.028916211609333","0.467612897","0.1584092921506328","0.0","0.0","71800000.0","89777000.0","30413000.0","191990000.0","53930000.0","123266000.0","9914.865239475444","","","0.0","1","observed","1","1","1","0","1","0","0","1","","1","1","no_designation","1"
"2023","43745","충청북도","증평군","충청북도 증평군","0.6324355952","0.5073910209","","","10.44440035339179","12.018608685483859","","0.0","0.828385993","0.0","0.0","0.0","13644000.0","65860000.0","0.0","79504000.0","21053000.0","34697000.0","397.19970138900186","","","0.0","1","observed","1","1","1","0","1","0","0","1","","1","1","no_designation","1"
"2023","43750","충청북도","진천군","충청북도 진천군","0.3877166952","0.2503808771","","","10.251192716115364","9.839138307912252","","9.38977839607222","0.317665954","0.2026763163331267","1.0","1.876513804237028","71976000.0","47668000.0","30413000.0","150057000.0","78081000.0","104039000.0","2541.9477273386938","","","4770.0","1","observed","1","1","1","0","1","0","0","1","","1","1","full_date","1"
"2023","43760","충청북도","괴산군","충청북도 괴산군","-0.1014933858","-0.2537507638","","","8.544049114588844","7.288867969494478","","0.0","0.22172022","0.0","0.0","0.0","73900000.0","21053000.0","0.0","94953000.0","21053000.0","94953000.0","14391.153990482631","","","0.0","1","observed","1","1","1","0","1","0","0","1","","1","1","no_designation","1"
"2023","43770","충청북도","음성군","충청북도 음성군","0.5280496443","0.3924180053","","","11.093545571453864","10.088372665073754","","0.0","0.267920414","0.0","1.0","0.17718214223200304","179962000.0","65861000.0","0.0","245823000.0","21053000.0","201015000.0","2737.29617381496","","","485.0","1","observed","1","1","1","0","1","0","0","1","","1","1","full_date","1"
"2023","43800","충청북도","단양군","충청북도 단양군","0.3149143994","0.1709379676","","","10.602197722191226","8.632066437785536","","7.566932032443166","0.117408331","0.040454761911096","1.0","1.3224850191439925","633100000.0","88265000.0","30413000.0","751778000.0","116453000.0","684566000.0","15740.087561425558","","","20816.03","1","observed","1","1","1","0","1","0","0","1","","1","1","full_date","1"
"2023","44131","충청남도","천안시 동남구","충청남도 천안시 동남구","","","","","","","","","","","1.0","5.435200014486956","","","","","","","2325.6917806718807","","","12640.6","0","city_district_granularity","1","1","0","0","0","0","0","1","","1","1","full_date","1"
"2023","44133","충청남도","천안시 서북구","충청남도 천안시 서북구","","","","","","","","","","","0.0","0.0","","","","","","","436.4870181585085","","","0.0","0","city_district_granularity","1","1","0","0","0","0","0","1","","1","1","no_designation","1"
"2023","44150","충청남도","공주시","충청남도 공주시","0.3150960396","0.170356215","","","10.708089977031742","8.489048520276226","","0.0","0.098037329","0.0","1.0","2.0960930966496787","346783000.0","37693000.0","0.0","384476000.0","4929000.0","346783000.0","7755.380725208731","","","16256.0","1","observed","1","1","1","0","1","0","0","1","","1","1","full_date","1"
"2023","44180","충청남도","보령시","충청남도 보령시","0.4141410916","0.2694807437","","","11.456379526971823","8.45464117617406","","8.718383041850647","0.044590282","0.0580501433287582","1.0","2.207995421831541","1011440000.0","50259000.0","65430000.0","1127129000.0","242286000.0","1076870000.0","10702.92074265134","","","23632.0","1","observed","1","1","1","0","1","0","0","1","","1","1","full_date","1"
"2023","44200","충청남도","아산시","충청남도 아산시","0.7684376897","0.6280200746","","","13.591239547644768","9.072686452308748","","0.0","0.010785948","0.0","1.0","5.702545895662128","2449752000.0","26711000.0","0.0","2476463000.0","227797000.0","2449752000.0","3065.6482770789075","","","17482.0","1","observed","1","1","1","0","1","0","0","1","","1","1","full_date","1"
"2023","44210","충청남도","서산시","충청남도 서산시","0.2587648218","0.1100667845","","","10.818152988406629","7.775997326265402","","0.0","0.045539968","0.0","1.0","3.860489914765586","526672000.0","25129000.0","0.0","551801000.0","494058000.0","526672000.0","10550.785236923291","","","40731.2","1","observed","1","1","1","0","1","0","0","1","","1","1","full_date","1"
"2023","44230","충청남도","논산시","충청남도 논산시","0.2991685569","0.1592301412","","","9.928748040756222","9.395926492761275","","0.0","0.369851051","0.0","1.0","0.4024073461994295","64221000.0","37693000.0","0.0","101914000.0","47500000.0","64221000.0","3131.105860516684","","","1259.98","1","observed","1","1","1","0","1","0","0","1","","1","1","full_date","1"
"2023","44250","충청남도","계룡시","충청남도 계룡시","0.4602536359","0.3228330743","","","10.81878053714214","9.787175712301448","","0.0","0.262766091","0.0","0.0","0.0","35256000.0","12566000.0","0.0","47822000.0","30000000.0","35256000.0","705.8380134960702","","","0.0","1","observed","1","1","1","0","1","0","0","1","","1","1","no_designation","1"
"2023","44270","충청남도","당진시","충청남도 당진시","0.5283903607","0.3836725056","","","12.33995925331688","8.387020740886946","","0.0","0.018832447","0.0","1.0","1.338848666144748","1309217000.0","25129000.0","0.0","1334346000.0","1266822000.0","1309217000.0","5725.815167799704","","","7666.0","1","observed","1","1","1","0","1","0","0","1","","1","1","full_date","1"
"2023","44710","충청남도","금산군","충청남도 금산군","0.3043142515","0.1614556622","","","10.367928563412722","8.846631340860426","","8.344449840893258","0.16171215","0.0978604555380609","1.0","1.7414403907539258","172584000.0","37693000.0","22810000.0","233087000.0","169374000.0","195394000.0","5423.504617296192","","","9444.710000000001","1","observed","1","1","1","0","1","0","0","1","","1","1","full_date","1"
"2023","44760","충청남도","부여군","충청남도 부여군","0.3770384074","0.2321684343","","","11.200687052704058","8.433857034087795","","8.366324207947518","0.056034809","0.0523747746920312","1.0","1.0421908795421488","388301000.0","24404000.0","22810000.0","435515000.0","385274000.0","411111000.0","5306.129720142454","","","5530.0","1","observed","1","1","1","0","1","0","0","1","","1","1","full_date","1"
"2023","44770","충청남도","서천군","충청남도 서천군","-0.4237117591","-0.6157562621","","","11.520697772954257","0.0","","0.0","0.0","0.0","1.0","2.587478621680016","516607000.0","0.0","0.0","516607000.0","435233000.0","516607000.0","5126.124211757943","","","13263.73681","1","observed","1","1","1","0","1","0","0","1","","1","1","full_date","1"
"2023","44790","충청남도","청양군","충청남도 청양군","-0.3641707432","-0.556056993","","","11.955409763669305","0.0","","0.0","0.0","0.0","1.0","2.302135457439192","1213328190.0","0.0","0.0","1213328190.0","1107173190.0","1213328190.0","7794.936628082405","","","17945.0","1","observed","1","1","1","0","1","0","0","1","","1","1","full_date","1"
"2023","44800","충청남도","홍성군","충청남도 홍성군","-2.0016623643","-2.1979008798","","","0.0","0.0","","0.0","","","1.0","2.6352882866078415","0.0","0.0","0.0","0.0","0.0","0.0","5617.60171561943","","","14804.0","1","observed","1","1","1","0","1","0","0","1","","1","1","full_date","1"
"2023","44810","충청남도","예산군","충청남도 예산군","0.3766658349","0.2282472517","","","11.683596653150948","7.769647842055093","","8.33742305740902","0.018910102","0.0333699071026259","1.0","1.0355823586170159","647814000.0","12926000.0","22810000.0","683550000.0","588804000.0","670624000.0","5461.757776130451","","","5656.1","1","observed","1","1","1","0","1","0","0","1","","1","1","full_date","1"
"2023","44825","충청남도","태안군","충청남도 태안군","-0.373275569","-0.5651860183","","","11.888934966933784","0.0","","0.0","0.0","0.0","1.0","2.005293876181432","1919982000.0","0.0","0.0","1919982000.0","822903000.0","1919982000.0","13182.606456834488","","","26435.0","1","observed","1","1","1","0","1","0","0","1","","1","1","full_date","1"
"2023","45111","전라북도","전주시 완산구","전라북도 전주시 완산구","","","","","","","","","","","1.0","26.62556841298289","","","","","","","379.4364065134406","","","10102.71","0","city_district_granularity","1","1","0","0","0","0","0","1","","1","1","full_date","1"
"2023","45113","전라북도","전주시 덕진구","전라북도 전주시 덕진구","","","","","","","","","","","0.0","0.0","","","","","","","101.55860282424392","","","0.0","0","city_district_granularity","1","1","0","0","0","0","0","1","","1","1","no_designation","1"
"2023","45130","전라북도","군산시","전라북도 군산시","-0.2757608264","-0.4674120927","","","12.60089507139203","0.0","","0.0","0.0","0.0","1.0","16.514576186647414","676837000.0","0.0","0.0","676837000.0","519613000.0","589139000.0","2280.270445598689","","","37657.7","1","observed","1","1","1","0","1","0","0","1","","1","1","full_date","1"
"2023","45140","전라북도","익산시","전라북도 익산시","0.5315192319","0.3957053149","","","11.145091407392231","10.052518783368358","","0.0","0.251128762","0.0","1.0","13.281551002589607","149441000.0","50114000.0","0.0","199555000.0","125267000.0","149441000.0","2158.859307501767","","","28673.0","1","observed","1","1","1","0","1","0","0","1","","1","1","full_date","1"
"2023","45180","전라북도","정읍시","전라북도 정읍시","0.0917939175","-0.0544260244","","","9.199116283003333","8.32305225162923","","0.0","0.293964651","0.0","1.0","1.3401241695331834","95552000.0","39784000.0","0.0","135336000.0","45037000.0","95552000.0","9664.029867106516","","","12951.0","1","observed","1","1","1","0","1","0","0","1","","1","1","full_date","1"
"2023","45190","전라북도","남원시","전라북도 남원시","-0.1434831127","-0.2928683675","","","7.829040878161344","7.847501359433463","","0.0","0.50461681","0.0","1.0","0.521018697337449","49197000.0","50114000.0","0.0","99311000.0","39582000.0","49197000.0","19588.5484573884","","","10206.0","1","observed","1","1","1","0","1","0","0","1","","1","1","full_date","1"
"2023","45210","전라북도","김제시","전라북도 김제시","0.3575468169","0.2196844247","","","10.092026191364226","9.755562916426404","","0.0","0.416664819","0.0","1.0","7.31968553910812","52618000.0","37584000.0","0.0","90202000.0","41492000.0","52618000.0","2178.918741083423","","","15949.0","1","observed","1","1","1","0","1","0","0","1","","1","1","full_date","1"
"2023","45710","전라북도","완주군","전라북도 완주군","0.2549622218","0.1122107371","","","9.974989457087542","8.891243087128537","","0.0","0.252780508","0.0","1.0","1.3701124115357872","111098350.0","37584000.0","0.0","148682350.0","28952350.0","111098350.0","5171.838412920555","","","7086.0","1","observed","1","1","1","0","1","0","0","1","","1","1","full_date","1"
"2023","45720","전라북도","진안군","전라북도 진안군","0.0520979238","-0.0916360286","","","8.554546649592499","8.808249697589275","","0.0","0.563098359","0.0","0.0","0.0","29161000.0","37584000.0","0.0","66745000.0","0.0","29161000.0","5619.448431190315","","","0.0","1","observed","1","1","1","0","1","0","0","1","","1","1","no_designation","1"
"2023","45730","전라북도","무주군","전라북도 무주군","-0.6775672026","-0.8702864243","","","9.667286244935527","0.0","","0.0","0.0","0.0","0.0","0.0","106114000.0","0.0","0.0","106114000.0","0.0","106114000.0","6719.719048604017","","","0.0","1","observed","1","1","1","0","1","0","0","1","","1","1","no_designation","1"
"2023","45740","전라북도","장수군","전라북도 장수군","-0.0214029696","-0.1660860777","","","8.121099557961118","8.667118443480751","","0.0","0.633240499","0.0","0.0","0.0","21202000.0","36607000.0","0.0","57809000.0","0.0","21202000.0","6303.143541141484","","","0.0","1","observed","1","1","1","0","1","0","0","1","","1","1","no_designation","1"
"2023","45750","전라북도","임실군","전라북도 임실군","0.2720602622","0.1322235691","","","9.707041358312026","9.428461504388041","","9.646195982109964","0.280539974","0.3487887483173733","1.0","1.898913725645779","154756000.0","117126000.0","145620000.0","417502000.0","287944000.0","300376000.0","9418.016078596747","","","17884.0","1","observed","1","1","1","0","1","0","0","1","","1","1","full_date","1"
"2023","45770","전라북도","순창군","전라북도 순창군","0.2549711845","0.1120654748","","","9.996169848210382","8.862363583814352","","0.0","0.243441661","0.0","1.0","2.5919199001989734","194667000.0","62639000.0","0.0","257306000.0","194667000.0","194667000.0","8872.187754812434","","","22996.0","1","observed","1","1","1","0","1","0","0","1","","1","1","full_date","1"
"2023","45790","전라북도","고창군","전라북도 고창군","0.1893979961","0.0431064043","","","9.95704850008801","8.261067024825246","","0.0","0.154963201","0.0","0.0","0.0","204951000.0","37584000.0","0.0","242535000.0","30000000.0","204951000.0","9713.581866755305","","","0.0","1","observed","1","1","1","0","1","0","0","1","","1","1","no_designation","1"
"2023","45800","전라북도","부안군","전라북도 부안군","0.1904230441","0.045891191","","","9.724016675407096","8.5900270326196","","0.0","0.243402348","0.0","1.0","0.28163035860429736","116827000.0","37584000.0","0.0","154411000.0","28095000.0","116827000.0","6990.084484343518","","","1968.62","1","observed","1","1","1","0","1","0","0","1","","1","1","full_date","1"
"2023","46110","전라남도","목포시","전라남도 목포시","0.3160442042","0.1838960066","","","8.99170357856954","10.84606562207688","","0.0","0.864650728","0.0","1.0","0.647000935610385","3912000.0","24991000.0","0.0","28903000.0","0.0","3912000.0","486.86173800170303","","","315.0","1","observed","1","1","1","0","1","0","0","1","","1","1","no_designation","1"
"2023","46130","전라남도","여수시","전라남도 여수시","0.7852920916","0.6536667155","","","12.516866694860685","10.710441244128297","","0.0","0.141068438","0.0","1.0","3.886243923950146","3016395000.0","495404000.0","0.0","3511799000.0","500000000.0","3016395000.0","11053.089008457988","","","42955.0","1","observed","1","1","1","0","1","0","0","1","","1","1","full_date","1"
"2023","46150","전라남도","순천시","전라남도 순천시","0.3371217935","0.19372394","","","10.693213918888707","8.729340748073572","","0.0","0.123033485","0.0","1.0","4.572020120749358","712516000.0","99962000.0","0.0","812478000.0","300000000.0","712516000.0","16173.375892291644","","","73945.0","1","observed","1","1","1","0","1","0","0","1","","1","1","full_date","1"
"2023","46170","전라남도","나주시","전라남도 나주시","-0.1076019455","-0.273501146","","","10.364641772468692","4.737794179321084","","0.0","0.003555802","0.0","1.0","1.5112096664324992","179908000.0","642000.0","0.0","180550000.0","128045000.0","179908000.0","5672.277110452749","","","8572.0","1","observed","1","1","1","0","1","0","0","1","","1","1","full_date","1"
"2023","46230","전라남도","광양시","전라남도 광양시","0.5682585371","0.4306806206","","","11.668165941992237","9.703968481573115","","8.919467269489013","0.116470338","0.0531470547316571","1.0","7.663375829664698","712778060.0","99975000.0","45620000.0","858373060.0","651835060.0","758398060.0","6102.923964522085","","","46769.0","1","observed","1","1","1","0","1","0","0","1","","1","1","full_date","1"
"2023","46710","전라남도","담양군","전라남도 담양군","0.0683411345","-0.0751393503","","","8.644352114011587","8.847622530379029","","0.0","0.550651364","0.0","1.0","1.2178650024714177","38839000.0","47595000.0","0.0","86434000.0","0.0","38839000.0","6841.480774217047","","","8332.0","1","observed","1","1","1","0","1","0","0","1","","1","1","full_date","1"
"2023","46720","전라남도","곡성군","전라남도 곡성군","-0.1128734932","-0.2640436253","","","8.307990004779393","7.498092481131889","","0.0","0.30784676","0.0","0.0","0.0","56189000.0","24991000.0","0.0","81180000.0","10743000.0","56189000.0","13856.200914443738","","","0.0","1","observed","1","1","1","0","1","0","0","1","","1","1","no_designation","1"
"2023","46730","전라남도","구례군","전라남도 구례군","0.2925126719","0.1486255538","","","10.41826497760193","8.659936060861076","","8.56865591993586","0.129595586","0.1182879619570149","1.0","1.7954590734443308","290068000.0","49981000.0","45620000.0","385669000.0","45620000.0","335688000.0","8667.978140066773","","","15563.0","1","observed","1","1","1","0","1","0","0","1","","1","1","full_date","1"
"2023","46770","전라남도","고흥군","전라남도 고흥군","0.0736180304","-0.0749401064","","","9.379873117130526","7.894324510815006","","0.0","0.184547375","0.0","1.0","0.5941609368732589","171369000.0","38783000.0","0.0","210152000.0","65995000.0","171369000.0","14465.777648107836","","","8595.0","1","observed","1","1","1","0","1","0","0","1","","1","1","full_date","1"
"2023","46780","전라남도","보성군","전라남도 보성군","0.3990702477","0.2528814982","","","11.55008443916613","8.17598323211158","","7.8378408836556","0.032342596","0.0230606927913346","1.0","0.967170259178706","934328000.0","31991000.0","22810000.0","989129000.0","887834000.0","957138000.0","9002.551430183286","","","8707.0","1","observed","1","1","1","0","1","0","0","1","","1","1","full_date","1"
"2023","46790","전라남도","화순군","전라남도 화순군","0.1243248085","-0.0210362191","","","9.330886015890561","8.467675701771286","","0.0","0.296643699","0.0","1.0","0.26159664386774334","162822203.0","68671000.0","0.0","231493203.0","30284000.0","162822203.0","14434.435947538572","","","3776.0","1","observed","1","1","1","0","1","0","0","1","","1","1","no_designation","1"
"2023","46800","전라남도","장흥군","전라남도 장흥군","-0.037969175","-0.1859032017","","","8.439136157741407","8.066703429127482","","0.0","0.407929746","0.0","0.0","0.0","36272000.0","24991000.0","0.0","61263000.0","0.0","36272000.0","7845.039923837177","","","0.0","1","observed","1","1","1","0","1","0","0","1","","1","1","no_designation","1"
"2023","46810","전라남도","강진군","전라남도 강진군","-0.2836748067","-0.4494192178","","","8.993874422648396","4.854393521147998","","0.0","0.015562882","0.0","0.0","0.0","40610000.0","642000.0","0.0","41252000.0","0.0","40610000.0","5043.091938395875","","","0.0","1","observed","1","1","1","0","1","0","0","1","","1","1","no_designation","1"
"2023","46820","전라남도","해남군","전라남도 해남군","-0.1369679883","-0.2880068458","","","8.105338403212894","7.534660679193486","","0.0","0.361026841","0.0","0.0","0.0","44231000.0","24991000.0","0.0","69222000.0","0.0","44231000.0","13358.391245633997","","","0.0","1","observed","1","1","1","0","1","0","0","1","","1","1","no_designation","1"
"2023","46830","전라남도","영암군","전라남도 영암군","0.0105284231","-0.1337878237","","","8.315630806147299","8.719914745107506","","0.0","0.599736021","0.0","0.0","0.0","16679000.0","24991000.0","0.0","41670000.0","0.0","16679000.0","4081.724653842929","","","0.0","1","observed","1","1","1","0","1","0","0","1","","1","1","no_designation","1"
"2023","46840","전라남도","무안군","전라남도 무안군","0.4385052729","0.2964688524","","","11.283941679031596","8.933786177891394","","9.11432462963615","0.078824942","0.0944234740148861","1.0","1.3521900545340828","365554000.0","34853000.0","41750000.0","442157000.0","381568000.0","407304000.0","4596.247383391287","","","6215.0","1","observed","1","1","1","0","1","0","0","1","","1","1","full_date","1"
"2023","46860","전라남도","함평군","전라남도 함평군","0.1624183179","0.0175777465","","","9.551623745379969","8.546162640052309","","0.0","0.267844894","0.0","1.0","0.922489153683921","68313000.0","24991000.0","0.0","93304000.0","10242000.0","68313000.0","4856.425663227921","","","4480.0","1","observed","1","1","1","0","1","0","0","1","","1","1","full_date","1"
"2023","46870","전라남도","영광군","전라남도 영광군","0.1320400549","-0.0129222825","","","9.335446255536388","8.538481816411997","","0.0","0.310652194","0.0","0.0","0.0","85887714.0","38705000.0","0.0","124592714.0","0.0","85887714.0","7579.430460326911","","","0.0","1","observed","1","1","1","0","1","0","0","1","","1","1","no_designation","1"
"2023","46880","전라남도","장성군","전라남도 장성군","0.3471044492","0.2048961378","","","10.606894731968485","8.947087158001167","","0.0","0.159773682","0.0","1.0","2.8551694555815135","332189810.0","63167730.0","0.0","395357540.0","278129370.0","332189810.0","8220.177598957907","","","23470.0","1","observed","1","1","1","0","1","0","0","1","","1","1","full_date","1"
"2023","46890","전라남도","완도군","전라남도 완도군","-0.6687434626","-0.8614392318","","","9.73170882037129","0.0","","0.0","0.0","0.0","0.0","0.0","199792000.0","0.0","0.0","199792000.0","0.0","174801000.0","11862.50584303562","","","0.0","1","observed","1","1","1","0","1","0","0","1","","1","1","no_designation","1"
"2023","46900","전라남도","진도군","전라남도 진도군","0.086275305","-0.0619480199","","","9.431057632473811","7.950711663050209","","0.0","0.185334055","0.0","0.0","0.0","109852000.0","24991000.0","0.0","134843000.0","0.0","109852000.0","8810.215049660734","","","0.0","1","observed","1","1","1","0","1","0","0","1","","1","1","no_designation","1"
"2023","46910","전라남도","신안군","전라남도 신안군","-0.0389994378","-0.1898444846","","","8.829725651336947","7.522195390129475","","0.0","0.21283427","0.0","0.0","0.0","92429000.0","24991000.0","0.0","117420000.0","0.0","92429000.0","13526.04030475707","","","0.0","1","observed","1","1","1","0","1","0","0","1","","1","1","no_designation","1"
"2023","47111","경상북도","포항시 남구","경상북도 포항시 남구","","","","","","","","","","","1.0","13.902120069229486","","","","","","","7100.643607480449","","","98714.0","0","city_district_granularity","1","1","0","0","0","0","0","1","","1","1","full_date","1"
"2023","47113","경상북도","포항시 북구","경상북도 포항시 북구","","","","","","","","","","","0.0","0.0","","","","","","","14817.122223133076","","","0.0","0","city_district_granularity","1","1","0","0","0","0","0","1","","1","1","no_designation","1"
"2023","47130","경상북도","경주시","경상북도 경주시","-0.234262095","-0.4258030624","","","12.903879423637104","0.0","","0.0","0.0","0.0","1.0","4.504918727897132","11387899450.0","0.0","0.0","11387899450.0","75000000.0","11387899450.0","28337.47015444826","","","127658.0","1","observed","1","1","1","0","1","0","0","1","","1","1","full_date","1"
"2023","47150","경상북도","김천시","경상북도 김천시","-0.4479447061","-0.6400536175","","","11.34377179212402","0.0","","0.0","0.0","0.0","1.0","4.8869204489083415","1007454000.0","0.0","0.0","1007454000.0","0.0","1007454000.0","11931.440384511488","","","58308.0","1","observed","1","1","1","0","1","0","0","1","","1","1","full_date","1"
"2023","47170","경상북도","안동시","경상북도 안동시","0.4780204231","0.330964413","","","12.273946898168065","7.9743211062261725","","7.4757032529021314","0.013279423","0.0080637221413159","1.0","2.763316571097778","11073379000.0","150255000.0","91240000.0","11314874000.0","121240000.0","11164619000.0","51733.848193588514","","","142957.0","1","observed","1","1","1","0","1","0","0","1","","1","1","full_date","1"
"2023","47190","경상북도","구미시","경상북도 구미시","-0.2029470415","-0.394404777","","","13.132512225577752","0.0","","0.0","0.0","0.0","1.0","5.3602120959717405","5797952000.0","0.0","0.0","5797952000.0","3769643000.0","5797952000.0","11478.836825550194","","","61529.0","1","observed","1","1","1","0","1","0","0","1","","1","1","full_date","1"
"2023","47210","경상북도","영주시","경상북도 영주시","-0.3880686481","-0.5800184158","","","11.780929942285209","0.0","","8.030284646883818","0.0","0.0229557575827718","1.0","2.333202866559073","1941681000.0","0.0","45620000.0","1987301000.0","45620000.0","1987301000.0","14852.116160437025","","","34653.0","1","observed","1","1","1","0","1","0","0","1","","1","1","full_date","1"
"2023","47230","경상북도","영천시","경상북도 영천시","0.3468250557","0.2036903878","","","10.731561133415932","8.773787511244167","","0.0","0.123693788","0.0","1.0","3.5165682583221294","1020654000.0","144069000.0","0.0","1164723000.0","760821000.0","1064552000.0","22296.16894665656","","","78406.0","1","observed","1","1","1","0","1","0","0","1","","1","1","full_date","1"
"2023","47250","경상북도","상주시","경상북도 상주시","0.3611299822","0.2170539751","","","10.970065646189436","8.59042515494632","","0.0","0.084725362","0.0","1.0","3.734560828637966","1054551755.0","97618000.0","0.0","1152169755.0","0.0","1054551755.0","18148.318667156007","","","67776.0","1","observed","1","1","1","0","1","0","0","1","","1","1","full_date","1"
"2023","47280","경상북도","문경시","경상북도 문경시","-0.5033567297","-0.6956129199","","","10.939205784353634","0.0","","0.0","0.0","0.0","1.0","1.310179005098974","869519880.0","0.0","0.0","869519880.0","0.0","869519880.0","15433.00565900347","","","20220.0","1","observed","1","1","1","0","1","0","0","1","","1","1","full_date","1"
"2023","47290","경상북도","경산시","경상북도 경산시","-0.5066542109","-0.6989191654","","","10.915130706178616","0.0","","0.0","0.0","0.0","1.0","3.210580966909016","395955000.0","0.0","0.0","395955000.0","0.0","395955000.0","7199.008602562052","","","23113.0","1","observed","1","1","1","0","1","0","0","1","","1","1","full_date","1"
"2023","47730","경상북도","의성군","경상북도 의성군","-0.6574224795","-0.8500881588","","","9.814363894832155","0.0","","0.0","0.0","0.0","1.0","2.4076136096423144","634621000.0","0.0","0.0","634621000.0","0.0","634621000.0","34690.78246837473","","","83522.0","1","observed","1","1","1","0","1","0","0","1","","1","1","full_date","1"
"2023","47750","경상북도","청송군","경상북도 청송군","-0.6606846418","-0.8533589917","","","9.79054668121589","0.0","","7.980407057219862","0.0","0.1405866714877985","1.0","0.9276227963093144","418316000.0","0.0","68430000.0","486746000.0","68430000.0","486746000.0","23417.923844075623","","","21723.0","1","observed","1","1","1","0","1","0","0","1","","1","1","full_date","1"
"2023","47760","경상북도","영양군","경상북도 영양군","0.0404979111","-0.1076164519","","","9.065263455591992","7.993892313059135","","7.9005433485707925","0.207001915","0.1885467610295033","1.0","0.14929669411073668","219375840.0","75128000.0","68430000.0","362933840.0","68430000.0","287805840.0","25365.598498725616","","","3787.0","1","observed","1","1","1","0","1","0","0","1","","1","1","full_date","1"
"2023","47770","경상북도","영덕군","경상북도 영덕군","-0.4857576074","-0.6779670211","","","11.067697872864272","0.0","","0.0","0.0","0.0","1.0","1.8530549045832947","1468204000.0","0.0","0.0","1468204000.0","0.0","1468204000.0","22916.752166903298","","","42466.0","1","observed","1","1","1","0","1","0","0","1","","1","1","full_date","1"
"2023","47820","경상북도","청도군","경상북도 청도군","0.4829805939","0.3431965597","","","11.316513255005386","9.333360939656504","","0.0","0.120975091","0.0","1.0","3.823089739045105","1425745000.0","196217000.0","0.0","1621962000.0","436057000.0","1521791000.0","17351.933783424418","","","66338.0","1","observed","1","1","1","0","1","0","0","1","","1","1","year_only_or_partial","1"
"2023","47830","경상북도","고령군","경상북도 고령군","-0.3508997051","-0.542750682","","","12.052302289010289","0.0","","0.0","0.0","0.0","1.0","3.261914628232379","1839994320.0","0.0","0.0","1839994320.0","0.0","1839994320.0","10729.28141560998","","","34998.0","1","observed","1","1","1","0","1","0","0","1","","1","1","full_date","1"
"2023","47840","경상북도","성주군","경상북도 성주군","0.4662860373","0.3245978106","","","11.449214204420228","8.98515289502336","","0.0","0.078408053","0.0","1.0","4.183489760901035","1128904710.0","96046000.0","0.0","1224950710.0","96046000.0","1224950710.0","12031.821009921368","","","50335.0","1","observed","1","1","1","0","1","0","0","1","","1","1","full_date","1"
"2023","47850","경상북도","칠곡군","경상북도 칠곡군","0.4867443357","0.3504599434","","","10.866299785438459","9.986714436225682","","0.0","0.293258133","0.0","1.0","4.589160632043123","481311000.0","199717000.0","0.0","681028000.0","277557000.0","580857000.0","9188.82631947143","","","42169.0","1","observed","1","1","1","0","1","0","0","1","","1","1","full_date","1"
"2023","47900","경상북도","예천군","경상북도 예천군","0.4928372578","0.3555710994","","","11.047394214144695","9.799869601307384","","8.31623469727571","0.212376441","0.0481603648516071","1.0","3.3439409747207653","700457960.0","201174000.0","45620000.0","947251960.0","322198000.0","872123960.0","11157.493592755643","","","37310.0","1","observed","1","1","1","0","1","0","0","1","","1","1","full_date","1"
"2023","47920","경상북도","봉화군","경상북도 봉화군","0.0783286536","-0.0709692728","","","9.517248480577377","7.7534720162759845","","7.7021607804726235","0.128427952","0.1220016072548434","1.0","0.956106375220529","560573000.0","96046000.0","91240000.0","747859000.0","293308000.0","747859000.0","41245.41057568431","","","39435.0","1","observed","1","1","1","0","1","0","0","1","","1","1","full_date","1"
"2023","47930","경상북도","울진군","경상북도 울진군","-0.7804050161","-0.973397569","","","8.916462128491675","0.0","","8.447392007241241","0.0","0.3848173446169224","0.0","0.0","291719000.0","0.0","182480000.0","474199000.0","373519000.0","474199000.0","39142.87179708679","","","0.0","1","observed","1","1","1","0","1","0","0","1","","1","1","no_designation","1"
"2023","47940","경상북도","울릉군","경상북도 울릉군","-1.0101974955","-1.2038008106","","","7.238735526956368","0.0","","11.187347496115226","0.0","0.9810963676638208","0.0","0.0","879000.0","0.0","45620000.0","46499000.0","45620000.0","46499000.0","631.7685616189237","","","0.0","1","observed","1","1","1","0","1","0","0","1","","1","1","no_designation","1"
"2023","48121","경상남도","창원시 의창구","경상남도 창원시 의창구","","","","","","","","","","","0.0","0.0","","","","","","","2541.157769968237","","","0.0","0","city_district_granularity","1","1","0","0","0","0","0","1","","1","1","no_designation","1"
"2023","48123","경상남도","창원시 성산구","경상남도 창원시 성산구","","","","","","","","","","","0.0","0.0","","","","","","","1329.8962312098035","","","0.0","0","city_district_granularity","1","1","0","0","0","0","0","1","","1","1","no_designation","1"
"2023","48125","경상남도","창원시 마산합포구","경상남도 창원시 마산합포구","","","","","","","","","","","0.0","0.0","","","","","","","7666.286230474932","","","0.0","0","city_district_granularity","1","1","0","0","0","0","0","1","","1","1","no_designation","1"
"2023","48127","경상남도","창원시 마산회원구","경상남도 창원시 마산회원구","","","","","","","","","","","0.0","0.0","","","","","","","2409.5996877085054","","","0.0","0","city_district_granularity","1","1","0","0","0","0","0","1","","1","1","no_designation","1"
"2023","48129","경상남도","창원시 진해구","경상남도 창원시 진해구","","","","","","","","","","","0.0","0.0","","","","","","","2048.8671507068098","","","0.0","0","city_district_granularity","1","1","0","0","0","0","0","1","","1","1","no_designation","1"
"2023","48170","경상남도","진주시","경상남도 진주시","0.6856730785","0.5553843119","","","11.5703313097761","11.01026338003481","","7.277494319688347","0.360397479","0.0086172313860346","1.0","3.5392245210542517","2132859000.0","1218217000.0","29128000.0","3380204000.0","2150361000.0","2161987000.0","20138.874936018063","","","71276.0","1","observed","1","1","1","0","1","0","0","1","","1","1","full_date","1"
"2023","48220","경상남도","통영시","경상남도 통영시","0.5143853173","0.3758490479","","","11.386421720828318","9.551348007620724","","7.851896192026135","0.134251686","0.024531217679099","1.0","2.1427636463872477","782193620.0","124832000.0","22810000.0","929835620.0","768720620.0","805003620.0","8876.853978771702","","","19021.0","1","observed","1","1","1","0","1","0","0","1","","1","1","full_date","1"
"2023","48240","경상남도","사천시","경상남도 사천시","-0.3542091936","-0.5460689667","","","12.028139545044697","0.0","","7.991775298448878","0.0","0.0173493851274468","1.0","3.3189477733956196","1937901000.0","0.0","34215000.0","1972116000.0","1799550000.0","1972116000.0","11576.56059188012","","","38422.0","1","observed","1","1","1","0","1","0","0","1","","1","1","full_date","1"
"2023","48250","경상남도","김해시","경상남도 김해시","0.6814014616","0.5457784161","","","12.267793420534165","10.013669554224016","","8.140364405749018","0.093625053","0.0143786730156824","1.0","6.28161158211563","1569512410.0","164738000.0","25300000.0","1759550410.0","1511204410.0","1594812410.0","7377.883747532051","","","46345.0","1","observed","1","1","1","0","1","0","0","1","","1","1","full_date","1"
"2023","48270","경상남도","밀양시","경상남도 밀양시","0.7703001726","0.6324755209","","","13.25056736565616","9.557231634920159","","7.47497125562381","0.024209555","0.0030161779326845","1.0","4.0448827052511955","11034982778.0","274629000.0","34215000.0","11343826778.0","10512690778.0","11069197778.0","19414.407220770867","","","78529.0","1","observed","1","1","1","0","1","0","0","1","","1","1","full_date","1"
"2023","48310","경상남도","거제시","경상남도 거제시","0.5674495086","0.4292689062","","","11.744465854243064","9.591532158186688","","7.961040354121189","0.101974441","0.0199643832834831","1.0","3.0617483139089847","1504823000.0","174764000.0","34215000.0","1713802000.0","519871000.0","1539038000.0","11938.015882610049","","","36551.2","1","observed","1","1","1","0","1","0","0","1","","1","1","full_date","1"
"2023","48330","경상남도","양산시","경상남도 양산시","0.7792529278","0.6449264987","","","12.840321363106712","10.207737227458392","","8.097798906943698","0.066527592","0.0080640111277358","1.0","6.5890093128236575","2778287000.0","199731000.0","24210000.0","3002228000.0","1182167000.0","2802497000.0","7367.116617292772","","","48542.0","1","observed","1","1","1","0","1","0","0","1","","1","1","full_date","1"
"2023","48720","경상남도","의령군","경상남도 의령군","0.4758441164","0.3358512151","","","11.290404544247266","9.297806760026171","","7.280297347866187","0.118090943","0.0156950916404818","1.0","2.867328724359525","1258886600.0","171624000.0","22810000.0","1453320600.0","1262385600.0","1281696600.0","15726.48424190443","","","45093.0","1","observed","1","1","1","0","1","0","0","1","","1","1","full_date","1"
"2023","48730","경상남도","함안군","경상남도 함안군","0.6284576889","0.4935366688","","","11.765885959684365","10.17145371546956","","8.221510021313078","0.164800814","0.0234427965429106","1.0","0.5659885908937129","1150659000.0","233604000.0","33230000.0","1417493000.0","1070815000.0","1183889000.0","8934.919910690685","","","5057.06273","1","observed","1","1","1","0","1","0","0","1","","1","1","year_only_or_partial","1"
"2023","48740","경상남도","창녕군","경상남도 창녕군","0.543260433","0.402801186","","","11.870980484893106","9.17694618220686","","7.295432958913537","0.062715877","0.0095498547634977","1.0","3.439748455400454","2215910000.0","149798000.0","22810000.0","2388518000.0","1027724000.0","2238720000.0","15490.08617660588","","","53282.0","1","observed","1","1","1","0","1","0","0","1","","1","1","full_date","1"
"2023","48820","경상남도","고성군","경상남도 고성군","0.2456458091","0.101934819","","","10.034925856923914","8.716234142335528","","7.2279052223533995","0.201426149","0.045446304225251","1.0","1.6263190533183702","378003000.0","101098000.0","22810000.0","501911000.0","227667000.0","400813000.0","16573.00881091236","","","26953.0","1","observed","1","1","1","0","1","0","0","1","","1","1","full_date","1"
"2023","48840","경상남도","남해군","경상남도 남해군","0.4082006898","0.2707646061","","","10.42192546123132","9.81017249743443","","7.709028677306466","0.337157257","0.0412236316049529","1.0","1.8061183720955125","343956400.0","186557000.0","22810000.0","553323400.0","213091000.0","366766400.0","10240.746279846757","","","18496.0","1","observed","1","1","1","0","1","0","0","1","","1","1","full_date","1"
"2023","48850","경상남도","하동군","경상남도 하동군","0.5855906046","0.445428605","","","12.154746552463191","9.211534194749753","","7.330001413151962","0.049675184","0.007564126022425","1.0","3.1194742751340225","2842941970.0","149798000.0","22810000.0","3015549970.0","2697240570.0","2865751970.0","14963.42200096988","","","46678.01","1","observed","1","1","1","0","1","0","0","1","","1","1","full_date","1"
"2023","48860","경상남도","산청군","경상남도 산청군","0.0100687475","-0.1387860119","","","8.933379450717393","7.8704126865631405","","7.0873835963830425","0.229753917","0.1049543756749162","1.0","1.3557155463633679","144589530.0","49933000.0","22810000.0","217332530.0","159142380.0","167399530.0","19075.53547598588","","","25861.0","1","observed","1","1","1","0","1","0","0","1","","1","1","full_date","1"
"2023","48870","경상남도","함양군","경상남도 함양군","-0.0266997084","-0.1705642929","","","7.968453859637184","8.823003732484382","","7.976142470377826","0.539355577","0.2312079413257866","1.0","0.5741200252964697","42482000.0","99866000.0","42810000.0","185158000.0","67444000.0","85292000.0","14712.951347826713","","","8447.0","1","observed","1","1","1","0","1","0","0","1","","1","1","full_date","1"
"2023","48880","경상남도","거창군","경상남도 거창군","-0.0197857281","-0.1649290642","","","8.196495637520586","8.58014668039168","","7.038464561989193","0.52765368","0.1128509585652442","1.0","1.1259072549919065","72663000.0","106652000.0","22810000.0","202125000.0","71723000.0","95473000.0","20032.73351334976","","","22555.0","1","observed","1","1","1","0","1","0","0","1","","1","1","full_date","1"
"2023","48890","경상남도","합천군","경상남도 합천군","0.1504143554","0.0040788538","","","9.664254090515973","8.272245273095521","","6.573617644178059","0.192070506","0.0350961952708607","1.0","1.2392139488997553","502286000.0","124832000.0","22810000.0","649928000.0","153720000.0","525096000.0","31904.095362307948","","","39536.0","1","observed","1","1","1","0","1","0","0","1","","1","1","full_date","1"
"2023","50110","제주특별자치도","제주시","제주특별자치도 제주시","","","","","","","","","","","0.0","0.0","","","","","","","8922.153326506517","","","0.0","0","metropolitan_headquarters","1","1","0","0","0","0","0","1","","1","1","no_designation","1"
"2023","50130","제주특별자치도","서귀포시","제주특별자치도 서귀포시","","","","","","","","","","","0.0","0.0","","","","","","","5603.38112473483","","","0.0","0","metropolitan_headquarters","1","1","0","0","0","0","0","1","","1","1","no_designation","1"
"2023","51110","강원특별자치도","춘천시","강원특별자치도 춘천시","0.4830502457","0.3409333146","","","11.636394811982912","8.896545670372063","","0.0","0.060655204","0.0","1.0","4.930464990410243","1940831130.0","125323000.0","0.0","2066154130.0","1214500000.0","1940831130.0","17154.16297742794","","","84578.0","1","observed","1","1","1","0","1","0","0","1","","1","1","full_date","1"
"2023","51130","강원특별자치도","원주시","강원특별자치도 원주시","0.3107968711","0.1681024564","","","10.395143427776775","8.874143277677769","","8.374522078428289","0.161707463","0.0981087928016275","1.0","3.676465995822653","344181000.0","75193000.0","45620000.0","464994000.0","100000000.0","389801000.0","10525.597147904828","","","38697.0","1","observed","1","1","1","0","1","0","0","1","","1","1","full_date","1"
"2023","51150","강원특별자치도","강릉시","강원특별자치도 강릉시","-0.2057506542","-0.3587152245","","","7.84173582535465","7.208343916756425","","7.401635657199298","0.244019108","0.2960914885055233","0.0","0.0","70857000.0","37597000.0","45620000.0","154074000.0","45620000.0","116477000.0","27856.777072684443","","","0.0","1","observed","1","1","1","0","1","0","0","1","","1","1","no_designation","1"
"2023","51170","강원특별자치도","동해시","강원특별자치도 동해시","0.3715331981","0.2316700789","","","10.473107519744303","9.374013383833484","","0.0","0.249899051","0.0","1.0","3.334195789325144","150468000.0","50129000.0","0.0","200597000.0","120012000.0","150468000.0","4256.411709665215","","","14191.71","1","observed","1","1","1","0","1","0","0","1","","1","1","full_date","1"
"2023","51190","강원특별자치도","태백시","강원특별자치도 태백시","-0.0166801555","-0.1594580106","","","7.896491394112035","9.021482509317392","","0.0","0.754959839","0.0","0.0","0.0","12203000.0","37597000.0","0.0","49800000.0","0.0","12203000.0","4541.774632373664","","","0.0","1","observed","1","1","1","0","1","0","0","1","","1","1","no_designation","1"
"2023","51210","강원특별자치도","속초시","강원특별자치도 속초시","0.4475052521","0.3105251726","","","10.660768519163476","9.875989669791773","","0.0","0.313284837","0.0","0.0","0.0","82412000.0","37597000.0","0.0","120009000.0","0.0","82412000.0","1932.358474645644","","","0.0","1","observed","1","1","1","0","1","0","0","1","","1","1","no_designation","1"
"2023","51230","강원특별자치도","삼척시","강원특별자치도 삼척시","-0.1687835356","-0.3206334064","","","7.972494574706645","7.398649611866027","","0.0","0.360288464","0.0","1.0","0.08004954326795695","116471000.0","65597000.0","0.0","182068000.0","0.0","116471000.0","40175.11991586007","","","3216.0","1","observed","1","1","1","0","1","0","0","1","","1","1","full_date","1"
"2023","51720","강원특별자치도","홍천군","강원특별자치도 홍천군","-0.5553523336","-0.7477467221","","","10.559583230986373","0.0","","0.0","0.0","0.0","1.0","2.100307186802349","1356736000.0","0.0","0.0","1356736000.0","150000000.0","1356736000.0","35199.612925457855","","","73930.0","1","observed","1","1","1","0","1","0","0","1","","1","1","full_date","1"
"2023","51730","강원특별자치도","횡성군","강원특별자치도 횡성군","0.0341524932","-0.1123101169","","","8.790519920901277","8.306302221112004","","8.01971974404366","0.296399717","0.2225261187615791","1.0","1.9220781116508612","125938000.0","77593000.0","58254000.0","261785000.0","20000000.0","184192000.0","19166.754866355743","","","36840.0","1","observed","1","1","1","0","1","0","0","1","","1","1","full_date","1"
"2023","51750","강원특별자치도","영월군","강원특별자치도 영월군","0.0683676417","-0.0820861495","","","9.599123528367251","7.542020109706749","","0.0","0.113290099","0.0","0.0","0.0","382023000.0","48809000.0","0.0","430832000.0","242400000.0","382023000.0","25898.378414212697","","","0.0","1","observed","1","1","1","0","1","0","0","1","","1","1","no_designation","1"
"2023","51760","강원특별자치도","평창군","강원특별자치도 평창군","-0.1747173896","-0.3250750643","","","7.722747182141223","7.680981423311462","","0.0","0.489555358","0.0","0.0","0.0","52268000.0","50129000.0","0.0","102397000.0","0.0","52268000.0","23146.3052386974","","","0.0","1","observed","1","1","1","0","1","0","0","1","","1","1","no_designation","1"
"2023","51770","강원특별자치도","정선군","강원특별자치도 정선군","0.16990194","0.0236634831","","","9.800339876147111","8.280717062818939","","8.1864886376253","0.154286277","0.1404085451618761","1.0","1.7544136464778664","458320000.0","100258000.0","91240000.0","649818000.0","328931000.0","549560000.0","25407.34911033557","","","44575.0","1","observed","1","1","1","0","1","0","0","1","","1","1","full_date","1"
"2023","51780","강원특별자치도","철원군","강원특별자치도 철원군","0.6160253858","0.4837547385","","","11.307787154427235","10.67386095659471","","0.0","0.346618358","0.0","1.0","10.427653269257634","70871000.0","37597000.0","0.0","108468000.0","0.0","70871000.0","870.090303707032","","","9073.0","1","observed","1","1","1","0","1","0","0","1","","1","1","full_date","1"
"2023","51790","강원특별자치도","화천군","강원특별자치도 화천군","0.1663965613","0.0222791423","","","9.48312499625839","8.679576397608685","","0.0","0.309246891","0.0","1.0","2.12905576316857","83979000.0","37597000.0","0.0","121576000.0","0.0","83979000.0","6393.444566121614","","","13612.0","1","observed","1","1","1","0","1","0","0","1","","1","1","full_date","1"
"2023","51800","강원특별자치도","양구군","강원특별자치도 양구군","-1.1356035878","-1.2833484576","","","0.0","8.648331434493231","","0.0","1.0","0.0","0.0","0.0","0.0","50129000.0","0.0","50129000.0","0.0","0.0","8795.137061745016","","","0.0","1","observed","1","1","1","0","1","0","0","1","","1","1","no_designation","1"
"2023","51810","강원특별자치도","인제군","강원특별자치도 인제군","-0.1309152935","-0.2840668984","","","8.440943283801518","7.1360859468273325","","0.0","0.213251293","0.0","0.0","0.0","134512000.0","36460000.0","0.0","170972000.0","0.0","134512000.0","29040.20587588721","","","0.0","1","observed","1","1","1","0","1","0","0","1","","1","1","no_designation","1"
"2023","51820","강원특별자치도","고성군","강원특별자치도 고성군","0.3251838526","0.1852278948","","","10.130553647111498","9.379696209060485","","0.0","0.320624787","0.0","0.0","0.0","125787000.0","59364000.0","0.0","185151000.0","0.0","125787000.0","5011.982153953566","","","0.0","1","observed","1","1","1","0","1","0","0","1","","1","1","no_designation","1"
"2023","51830","강원특별자치도","양양군","강원특별자치도 양양군","-0.0312237975","-0.1788290517","","","8.445833388863505","8.124901756655214","","0.0","0.420428908","0.0","0.0","0.0","69104000.0","50129000.0","0.0","119233000.0","31500000.0","69104000.0","14846.2799125014","","","0.0","1","observed","1","1","1","0","1","0","0","1","","1","1","no_designation","1"
