"연도","시군구코드","시도","시군구","시군구_전체명","메인지수A_예산기반_pooled","메인지수A_예산기반_연도별표준화","확장지수B_예산법인_pooled","확장지수B_예산법인_연도별표준화","핵심_소나무림면적당_총대응예산_log","핵심_소나무림면적당_예찰예산_log","확장_소나무림1만ha당_방제법인수_log","원자료_총대응예산_원","원자료_예찰예산_원","소나무림면적_ha","활동방제법인수","예산관측여부","예산결측사유","예산기반지수_사용가능여부","확장지수_사용가능여부","법인자료_연도완전여부","법인자료_최신성주의플래그"
"2016","11110","서울특별시","종로구","서울특별시 종로구","-0.2113556534","0.2597225359","-0.4404890539","-0.1484579724","13.07112052147904","0.0","0.0","112266000.0","0.0","236.3380504095327","0.0","1","observed","1","1","1","0"
"2016","11140","서울특별시","중구","서울특별시 중구","0.1770676472","0.63335812","-0.1824159768","0.100632417","15.907018831281558","0.0","0.0","45970000.0","0.0","5.677328911138141","0.0","1","observed","1","1","1","0"
"2016","11170","서울특별시","용산구","서울특별시 용산구","-2.0016623643","-1.4624251639","-1.6299902017","-1.2965564389","0.0","0.0","0.0","0.0","0.0","97.12961906598258","0.0","1","observed","1","1","1","0"
"2016","11200","서울특별시","성동구","서울특별시 성동구","0.2459342514","0.6996028942","-0.136660183","0.1447955999","16.409817417292107","0.0","0.0","40141000.0","0.0","2.9984379544998263","0.0","1","observed","1","1","1","0"
"2016","11215","서울특별시","광진구","서울특별시 광진구","-2.0016623643","-1.4624251639","-1.6299902017","-1.2965564389","0.0","0.0","0.0","0.0","0.0","116.90856639083398","0.0","1","observed","1","1","1","0"
"2016","11230","서울특별시","동대문구","서울특별시 동대문구","-2.0016623643","-1.4624251639","-1.6299902017","-1.2965564389","0.0","0.0","0.0","0.0","0.0","9.21884241031151","0.0","1","observed","1","1","1","0"
"2016","11260","서울특별시","중랑구","서울특별시 중랑구","-2.0016623643","-1.4624251639","-0.3556338264","0.0229206943","0.0","0.0","4.848204860781462","0.0","0.0","79.04433266810034","1.0","1","observed","1","1","1","0"
"2016","11290","서울특별시","성북구","서울특별시 성북구","-2.0016623643","-1.4624251639","-1.6299902017","-1.2965564389","0.0","0.0","0.0","0.0","0.0","145.07422297425637","0.0","1","observed","1","1","1","0"
"2016","11305","서울특별시","강북구","서울특별시 강북구","-2.0016623643","-1.4624251639","-1.6299902017","-1.2965564389","0.0","0.0","0.0","0.0","0.0","115.00982494842624","0.0","1","observed","1","1","1","0"
"2016","11320","서울특별시","도봉구","서울특별시 도봉구","-2.0016623643","-1.4624251639","-1.6299902017","-1.2965564389","0.0","0.0","0.0","0.0","0.0","73.28591370155792","0.0","1","observed","1","1","1","0"
"2016","11350","서울특별시","노원구","서울특별시 노원구","-2.0016623643","-1.4624251639","-1.6299902017","-1.2965564389","0.0","0.0","0.0","0.0","0.0","342.629869805798","0.0","1","observed","1","1","1","0"
"2016","11380","서울특별시","은평구","서울특별시 은평구","-0.3450070106","0.1311594377","0.4622286095","0.7924568719","12.09532515246275","0.0","3.7721619326673594","42151000.0","0.0","235.43842164253857","1.0","1","observed","1","1","1","0"
"2016","11410","서울특별시","서대문구","서울특별시 서대문구","-0.2020093058","0.2687130574","-0.4342792291","-0.1424642914","13.13935868139598","0.0","0.0","49002000.0","0.0","96.35265559778222","0.0","1","observed","1","1","1","0"
"2016","11440","서울특별시","마포구","서울특별시 마포구","0.2735209267","0.7261393135","-0.1183312667","0.1624865461","16.61122913959625","0.0","0.0","131276000.0","0.0","8.01715368311193","0.0","1","observed","1","1","1","0"
"2016","11470","서울특별시","양천구","서울특별시 양천구","-2.0016623643","-1.4624251639","-1.6299902017","-1.2965564389","0.0","0.0","0.0","0.0","0.0","10.490697981839414","0.0","1","observed","1","1","1","0"
"2016","11500","서울특별시","강서구","서울특별시 강서구","-2.0016623643","-1.4624251639","-1.6299902017","-1.2965564389","0.0","0.0","0.0","0.0","0.0","26.64259896071815","0.0","1","observed","1","1","1","0"
"2016","11530","서울특별시","구로구","서울특별시 구로구","0.1617114628","0.6185865629","-0.1926188091","0.0907847123","15.794902545993445","0.0","0.0","116386000.0","0.0","16.079101788615233","0.0","1","observed","1","1","1","0"
"2016","11545","서울특별시","금천구","서울특별시 금천구","0.0077395335","0.47047652","1.2742484609","1.6167718089","14.670745644841997","0.0","5.969796480460376","60240000.0","0.0","25.61304832421682","1.0","1","observed","1","1","1","0"
"2016","11560","서울특별시","영등포구","서울특별시 영등포구","","","","","","","","0.0","0.0","0.0","0.0","1","observed","0","0","1","0"
"2016","11590","서울특별시","동작구","서울특별시 동작구","-2.0016623643","-1.4624251639","-1.6299902017","-1.2965564389","0.0","0.0","0.0","0.0","0.0","19.78023516826956","0.0","1","observed","1","1","1","0"
"2016","11620","서울특별시","관악구","서울특별시 관악구","-2.0016623643","-1.4624251639","-0.7083967833","-0.342332436","0.0","0.0","3.50614143500919","0.0","0.0","309.4111662481816","1.0","1","observed","1","1","1","0"
"2016","11650","서울특별시","서초구","서울특별시 서초구","0.0380985039","0.4996796899","-0.2747487344","0.0115134637","14.89239803492421","0.0","0.0","236908000.0","0.0","80.70372588686055","0.0","1","observed","1","1","1","0"
"2016","11680","서울특별시","강남구","서울특별시 강남구","-2.0016623643","-1.4624251639","-1.6299902017","-1.2965564389","0.0","0.0","0.0","0.0","0.0","13.375270459764742","0.0","1","observed","1","1","1","0"
"2016","11710","서울특별시","송파구","서울특별시 송파구","-2.0016623643","-1.4624251639","-1.6299902017","-1.2965564389","0.0","0.0","0.0","0.0","0.0","28.51808124942784","0.0","1","observed","1","1","1","0"
"2016","11740","서울특별시","강동구","서울특별시 강동구","0.1395922549","0.5973094585","-0.2073150748","0.076599976","15.63340908263499","0.0","0.0","111901000.0","0.0","18.168988088480827","0.0","1","observed","1","1","1","0"
"2016","26110","부산광역시","중구","부산광역시 중구","-2.0016623643","-1.4624251639","-1.6299902017","-1.2965564389","0.0","0.0","0.0","0.0","0.0","1.9206728470322727","0.0","1","observed","1","1","1","0"
"2016","26140","부산광역시","서구","부산광역시 서구","-0.2800300341","0.1936626669","-0.4861171322","-0.192497885","12.569725368834265","0.0","0.0","50112000.0","0.0","174.17301864018526","0.0","1","observed","1","1","1","0"
"2016","26170","부산광역시","동구","부산광역시 동구","-0.2014638514","0.2692377457","-0.4339168227","-0.1421144992","13.143341071581599","0.0","0.0","62326000.0","0.0","122.06456414754766","0.0","1","observed","1","1","1","0"
"2016","26200","부산광역시","영도구","부산광역시 영도구","-0.1647589627","0.3045452376","-0.4095296565","-0.1185761712","13.411325334489518","0.0","0.0","193850000.0","0.0","290.4035146521948","0.0","1","observed","1","1","1","0"
"2016","26230","부산광역시","부산진구","부산광역시 부산진구","-0.4028468387","0.0755216376","-0.5677180831","-0.2712585712","11.673033620168843","0.0","0.0","46088000.0","0.0","392.6969012927685","0.0","1","observed","1","1","1","0"
"2016","26260","부산광역시","동래구","부산광역시 동래구","-0.3374041549","0.1384728441","0.4324570539","0.7612765253","12.150833989349259","0.0","3.639680185615748","51039000.0","0.0","269.6896622776364","1.0","1","observed","1","1","1","0"
"2016","26290","부산광역시","남구","부산광역시 남구","-0.20724904","0.2636728058","-0.437760571","-0.1458244591","13.101103115200354","0.0","0.0","205664000.0","0.0","420.1674216945598","0.0","1","observed","1","1","1","0"
"2016","26320","부산광역시","북구","부산광역시 북구","-0.4004917656","0.0777870503","-0.5661533444","-0.269748296","11.690228128505947","0.0","0.0","102053000.0","0.0","854.7278301363647","0.0","1","observed","1","1","1","0"
"2016","26350","부산광역시","해운대구","부산광역시 해운대구","-0.4671625686","0.0136544806","-0.6104502217","-0.3125033426","11.203461198463696","0.0","0.0","136054000.0","0.0","1854.0261530217567","0.0","1","observed","1","1","1","0"
"2016","26380","부산광역시","사하구","부산광역시 사하구","-0.3231225336","0.1522107478","-0.5147483032","-0.2201324978","12.255104833724031","0.0","0.0","106177000.0","0.0","505.4848147004281","0.0","1","observed","1","1","1","0"
"2016","26410","부산광역시","금정구","부산광역시 금정구","-0.443413577","0.0364993211","-0.1060149727","0.2086843894","11.376853796666856","0.0","1.8590600692567483","161096000.0","0.0","1845.8011310101283","1.0","1","observed","1","1","1","0"
"2016","26440","부산광역시","강서구","부산광역시 강서구","-0.415366388","0.0634787217","-0.5760362211","-0.2792871818","11.581627752318523","0.0","0.0","192736000.0","0.0","1799.408931548245","0.0","1","observed","1","1","1","0"
"2016","26470","부산광역시","연제구","부산광역시 연제구","-0.202086174","0.2686391156","-0.4343303012","-0.1425135859","13.13879746275548","0.0","0.0","46266000.0","0.0","91.02392760698054","0.0","1","observed","1","1","1","0"
"2016","26500","부산광역시","수영구","부산광역시 수영구","-0.1878820777","0.2823024458","-0.4248929301","-0.1334046991","13.24250229329797","0.0","0.0","50994000.0","0.0","90.4428371108635","0.0","1","observed","1","1","1","0"
"2016","26530","부산광역시","사상구","부산광역시 사상구","-0.4309537197","0.0484848174","-0.5863926303","-0.289283118","11.467823849343837","0.0","0.0","51068000.0","0.0","534.2453807745762","0.0","1","observed","1","1","1","0"
"2016","26710","부산광역시","기장군","부산광역시 기장군","-0.3752651339","0.1020532755","0.1167609146","0.4361688663","11.87440905186701","0.0","2.534336654957796","741957000.0","0.0","5168.820314992766","6.0","1","observed","1","1","1","0"
"2016","27110","대구광역시","중구","대구광역시 중구","","","","","","","","0.0","0.0","0.0","0.0","1","observed","0","0","1","0"
"2016","27140","대구광역시","동구","대구광역시 동구","-2.0016623643","-1.4624251639","-1.6299902017","-1.2965564389","0.0","0.0","0.0","0.0","0.0","5054.679670192707","0.0","1","observed","1","1","1","0"
"2016","27170","대구광역시","서구","대구광역시 서구","-2.0016623643","-1.4624251639","-1.6299902017","-1.2965564389","0.0","0.0","0.0","0.0","0.0","29.4744631745872","0.0","1","observed","1","1","1","0"
"2016","27200","대구광역시","남구","대구광역시 남구","-0.5423706332","-0.0586903275","-0.6604193575","-0.3607332146","10.654363286915208","0.0","0.0","12405000.0","0.0","292.73579718212096","0.0","1","observed","1","1","1","0"
"2016","27230","대구광역시","북구","대구광역시 북구","-0.4674899014","0.0133396097","-0.6106677055","-0.3127132564","11.20107132536607","0.0","0.0","170300000.0","0.0","2326.253889395725","0.0","1","observed","1","1","1","0"
"2016","27260","대구광역시","수성구","대구광역시 수성구","-0.6569997938","-0.1689554257","-0.73658034","-0.4342432801","9.817449944433896","0.0","0.0","19962000.0","0.0","1087.835883476674","0.0","1","observed","1","1","1","0"
"2016","27290","대구광역시","달서구","대구광역시 달서구","-0.5049061554","-0.022652165","-0.6355275113","-0.3367077729","10.927893348117179","0.0","0.0","45937000.0","0.0","824.6062940159311","0.0","1","observed","1","1","1","0"
"2016","27710","대구광역시","달성군","대구광역시 달성군","-0.654463611","-0.1665157982","-0.5474508464","-0.2385356492","9.835966744297137","0.0","0.7131199582639293","179682000.0","0.0","9612.176215481291","1.0","1","observed","1","1","1","0"
"2016","27720","대구광역시","군위군","대구광역시 군위군","","","","","","","0.7344012765873833","","","18446.207007386136","2.0","0","administrative_history","0","0","1","0"
"2016","28110","인천광역시","중구","인천광역시 중구","-0.5204602578","-0.037614105","-0.6458618426","-0.3466823996","10.814332053833517","0.0","0.0","49100000.0","0.0","987.3826441590792","0.0","1","observed","1","1","1","0"
"2016","28140","인천광역시","동구","인천광역시 동구","-2.0016623643","-1.4624251639","-1.6299902017","-1.2965564389","0.0","0.0","0.0","0.0","0.0","3.958094174333669","0.0","1","observed","1","1","1","0"
"2016","28177","인천광역시","미추홀구","인천광역시 미추홀구","","","","","","","0.0","","","18.833217834767712","0.0","0","administrative_history","0","0","1","0"
"2016","28185","인천광역시","연수구","인천광역시 연수구","-0.1181193149","0.349409261","-0.3785417178","-0.0886668223","13.751843779822229","0.0","0.0","44213000.0","0.0","47.1194896000123","0.0","1","observed","1","1","1","0"
"2016","28200","인천광역시","남동구","인천광역시 남동구","-0.1189056061","0.3486529048","-0.379064139","-0.0891710597","13.746103027749328","0.0","0.0","53873000.0","0.0","57.74507283302972","0.0","1","observed","1","1","1","0"
"2016","28237","인천광역시","부평구","인천광역시 부평구","-0.2432433246","0.2290488645","-0.4616756033","-0.1689070866","12.838307008759289","0.0","0.0","12897000.0","0.0","34.26762162527105","0.0","1","observed","1","1","1","0"
"2016","28245","인천광역시","계양구","인천광역시 계양구","-0.1058986638","0.361164658","-0.3704221713","-0.0808298909","13.841067376052298","0.0","0.0","42152000.0","0.0","41.088418340379626","0.0","1","observed","1","1","1","0"
"2016","28260","인천광역시","서구","인천광역시 서구","-0.171053411","0.2984904261","0.801689551","1.1358219553","13.365369246768221","0.0","4.6239142146816326","63190000.0","0.0","99.1158076294085","1.0","1","observed","1","1","1","0"
"2016","28710","인천광역시","강화군","인천광역시 강화군","","","","","","","","87871000.0","0.0","0.0","0.0","1","observed","0","0","1","0"
"2016","28720","인천광역시","옹진군","인천광역시 옹진군","-0.378052441","0.0993720844","-0.5512443893","-0.2553582733","11.85405878132491","0.0","0.0","162241000.0","0.0","1153.4834967443164","0.0","1","observed","1","1","1","0"
"2016","29110","광주광역시","동구","광주광역시 동구","-0.8594898694","-0.363736474","-0.8711171632","-0.5640973122","8.339059584769812","0.0","0.0","3277000.0","0.0","783.380373911657","0.0","1","observed","1","1","1","0"
"2016","29140","광주광역시","서구","광주광역시 서구","-0.2229993595","0.2485221188","0.893018065","1.2328074239","12.986109229692937","0.0","5.102671896535852","53384000.0","0.0","122.35353669199284","2.0","1","observed","1","1","1","0"
"2016","29155","광주광역시","남구","광주광역시 남구","-0.7368310639","-0.2457474286","-0.7896211887","-0.4854379486","9.234597773935093","0.0","0.0","4369000.0","0.0","426.4710737356274","0.0","1","observed","1","1","1","0"
"2016","29170","광주광역시","북구","광주광역시 북구","-0.7290696144","-0.2382814663","-0.2127804812","0.1114647098","9.291264512263284","0.0","2.174933758285938","13897000.0","0.0","1281.7880110647875","1.0","1","observed","1","1","1","0"
"2016","29200","광주광역시","광산구","광주광역시 광산구","-0.5553008877","-0.0711283125","-0.6690103729","-0.3690252046","10.559958840068703","0.0","0.0","94477000.0","0.0","2450.222389842844","0.0","1","observed","1","1","1","0"
"2016","30110","대전광역시","동구","대전광역시 동구","-0.5282717501","-0.0451282049","-0.6510518913","-0.3516917995","10.75729995082818","0.0","0.0","31548000.0","0.0","671.6531707444556","0.0","1","observed","1","1","1","0"
"2016","30140","대전광역시","중구","대전광역시 중구","-0.446299011","0.0337237388","-0.596588225","-0.299123837","11.355787095723562","0.0","0.0","31607000.0","0.0","369.8560141423794","0.0","1","observed","1","1","1","0"
"2016","30170","대전광역시","서구","대전광역시 서구","-0.4591535421","0.0213585944","-0.6051289289","-0.3073672667","11.261935509232869","0.0","0.0","39404000.0","0.0","506.46500818257937","0.0","1","observed","1","1","1","0"
"2016","30200","대전광역시","유성구","대전광역시 유성구","-0.6349467351","-0.147741952","-0.7219280246","-0.4201009643","9.978460449524402","0.0","0.0","33999000.0","0.0","1577.23345018462","0.0","1","observed","1","1","1","0"
"2016","30230","대전광역시","대덕구","대전광역시 대덕구","-0.2762701976","0.1972793621","-0.483619052","-0.1900867549","12.59717612627501","0.0","0.0","37822000.0","0.0","127.89744823706026","0.0","1","observed","1","1","1","0"
"2016","31110","울산광역시","중구","울산광역시 중구","-0.0316984222","0.4325400121","-0.3211226452","-0.0332463216","14.382807120638784","0.0","0.0","1402471470.0","0.0","795.2808314037114","0.0","1","observed","1","1","1","0"
"2016","31140","울산광역시","남구","울산광역시 남구","-0.1181475979","0.3493820547","-0.3785605094","-0.0886849598","13.751637283622694","0.0","0.0","415098000.0","0.0","442.477217492871","0.0","1","observed","1","1","1","0"
"2016","31170","울산광역시","동구","울산광역시 동구","-0.0889943167","0.3774254373","-0.3591907214","-0.0699893714","13.96448687517757","0.0","0.0","1016838000.0","0.0","876.0977186640777","0.0","1","observed","1","1","1","0"
"2016","31200","울산광역시","북구","울산광역시 북구","-0.1493224191","0.3193940944","-0.030151463","0.2735144283","13.524028326181972","0.0","1.4043002114220589","2431608000.0","0.0","3254.4924595423768","1.0","1","observed","1","1","1","0"
"2016","31710","울산광역시","울주군","울산광역시 울주군","-0.1538810104","0.3150090538","0.181352944","0.4927201704","13.490745818189568","0.0","2.2204775951579006","11441016000.0","0.0","15831.01382974732","13.0","1","observed","1","1","1","0"
"2016","36110","세종특별자치시","세종시","세종특별자치시","","","","","","","0.0","","","1266.0621896527832","0.0","0","metropolitan_headquarters","0","0","1","0"
"2016","41111","경기도","수원시 장안구","경기도 수원시 장안구","","","","","","","0.0","","","115.40834556044857","0.0","0","city_district_granularity","0","0","1","0"
"2016","41113","경기도","수원시 권선구","경기도 수원시 권선구","","","","","","","0.0","","","253.7072431722083","0.0","0","city_district_granularity","0","0","1","0"
"2016","41115","경기도","수원시 팔달구","경기도 수원시 팔달구","","","","","","","0.0","","","26.09973735007635","0.0","0","city_district_granularity","0","0","1","0"
"2016","41117","경기도","수원시 영통구","경기도 수원시 영통구","","","","","","","0.0","","","26.157524481531816","0.0","0","city_district_granularity","0","0","1","0"
"2016","41131","경기도","성남시 수정구","경기도 성남시 수정구","","","","","","","0.0","","","71.5983676018642","0.0","0","city_district_granularity","0","0","1","0"
"2016","41133","경기도","성남시 중원구","경기도 성남시 중원구","","","","","","","5.668833403165514","","","34.63846709358737","1.0","0","city_district_granularity","0","0","1","0"
"2016","41135","경기도","성남시 분당구","경기도 성남시 분당구","","","","","","","0.0","","","97.95033572861928","0.0","0","city_district_granularity","0","0","1","0"
"2016","41150","경기도","의정부시","경기도 의정부시","-0.1795948877","0.2902741331","-0.4193868221","-0.1280902409","13.30300748999024","0.0","0.0","171404000.0","0.0","286.15341427612697","0.0","1","observed","1","1","1","0"
"2016","41171","경기도","안양시 만안구","경기도 안양시 만안구","","","","","","","0.0","","","265.8049176907011","0.0","0","city_district_granularity","0","0","1","0"
"2016","41173","경기도","안양시 동안구","경기도 안양시 동안구","","","","","","","0.0","","","127.51675699944526","0.0","0","city_district_granularity","0","0","1","0"
"2016","41190","경기도","부천시","경기도 부천시","-2.0016623643","-1.4624251639","-1.6299902017","-1.2965564389","0.0","0.0","0.0","0.0","0.0","35.10405032799517","0.0","1","observed","1","1","1","0"
"2016","41210","경기도","광명시","경기도 광명시","-2.0016623643","-1.4624251639","-1.6299902017","-1.2965564389","0.0","0.0","0.0","0.0","0.0","42.54530963524327","0.0","1","observed","1","1","1","0"
"2016","41220","경기도","평택시","경기도 평택시","-0.3092460686","0.16555892","-0.5055286142","-0.2112337163","12.356417612156674","0.0","0.0","158024000.0","0.0","679.8309525670219","0.0","1","observed","1","1","1","0"
"2016","41250","경기도","동두천시","경기도 동두천시","-0.1113553115","0.355915751","-0.3740476332","-0.0843291622","13.801228112855368","0.0","0.0","612953000.0","0.0","621.7709145937123","0.0","1","observed","1","1","1","0"
"2016","41271","경기도","안산시 상록구","경기도 안산시 상록구","","","","","","","5.005618997732435","","","67.45388059852978","1.0","0","city_district_granularity","0","0","1","0"
"2016","41273","경기도","안산시 단원구","경기도 안산시 단원구","","","","","","","3.574586113436977","","","865.0556360091556","3.0","0","city_district_granularity","0","0","1","0"
"2016","41281","경기도","고양시 덕양구","경기도 고양시 덕양구","","","","","","","0.0","","","355.8002227264187","0.0","0","city_district_granularity","0","0","1","0"
"2016","41285","경기도","고양시 일산동구","경기도 고양시 일산동구","","","","","","","0.0","","","37.31277505696144","0.0","0","city_district_granularity","0","0","1","0"
"2016","41287","경기도","고양시 일산서구","경기도 고양시 일산서구","","","","","","","0.0","","","3.388930813065514","0.0","0","city_district_granularity","0","0","1","0"
"2016","41290","경기도","과천시","경기도 과천시","-0.1519243564","0.3168912158","0.604066486","0.930309326","13.505031449162722","0.0","3.8237175555317333","163732000.0","0.0","223.34360555692547","1.0","1","observed","1","1","1","0"
"2016","41310","경기도","구리시","경기도 구리시","-0.2337573504","0.2381736969","-0.4553730088","-0.162823865","12.907564590254138","0.0","0.0","64998000.0","0.0","161.14505903434895","0.0","1","observed","1","1","1","0"
"2016","41360","경기도","남양주시","경기도 남양주시","-0.264784232","0.2083280439","0.0287823144","0.3399212266","12.68103574639855","0.0","1.920364028873773","1104467000.0","0.0","3434.395016144184","2.0","1","observed","1","1","1","0"
"2016","41370","경기도","오산시","경기도 오산시","-0.2366033902","0.235436009","-0.4572639517","-0.1646489903","12.886785508085724","0.0","0.0","73619000.0","0.0","186.35076400480355","0.0","1","observed","1","1","1","0"
"2016","41390","경기도","시흥시","경기도 시흥시","-0.040801692","0.4237833141","-0.3271709663","-0.0390841202","14.31634368395799","0.0","0.0","233215000.0","0.0","141.33433515643677","0.0","1","observed","1","1","1","0"
"2016","41410","경기도","군포시","경기도 군포시","-0.0162745989","0.4473766329","-0.3108748729","-0.023355241","14.495417240402322","0.0","0.0","105643000.0","0.0","53.525560683214096","0.0","1","observed","1","1","1","0"
"2016","41430","경기도","의왕시","경기도 의왕시","-0.0874384212","0.3789220982","-0.3581569658","-0.0689915975","13.975846548088606","0.0","0.0","164376000.0","0.0","140.02505183745703","0.0","1","observed","1","1","1","0"
"2016","41450","경기도","하남시","경기도 하남시","-0.0575686225","0.4076547197","-0.338311115","-0.0498365165","14.193927470144553","0.0","0.0","251572000.0","0.0","172.3130711920396","0.0","1","observed","1","1","1","0"
"2016","41461","경기도","용인시 처인구","경기도 용인시 처인구","","","","","","","3.0090012309611636","","","2076.0727432002136","4.0","0","city_district_granularity","0","0","1","0"
"2016","41463","경기도","용인시 기흥구","경기도 용인시 기흥구","","","","","","","3.442809018477251","","","330.3089577168603","1.0","0","city_district_granularity","0","0","1","0"
"2016","41465","경기도","용인시 수지구","경기도 용인시 수지구","","","","","","","0.0","","","79.2663751414894","0.0","0","city_district_granularity","0","0","1","0"
"2016","41480","경기도","파주시","경기도 파주시","-0.2395897463","0.232563347","-0.4592481223","-0.1665640983","12.864981970538249","0.0","0.0","148136000.0","0.0","383.2401994607623","0.0","1","observed","1","1","1","0"
"2016","41500","경기도","이천시","경기도 이천시","-0.2684450728","0.2048065756","0.5312186385","0.8603179452","12.654307761589658","0.0","3.84110346687409","206097000.0","0.0","658.2290176450433","3.0","1","observed","1","1","1","0"
"2016","41550","경기도","안성시","경기도 안성시","-0.4040239398","0.0743893501","0.0274686901","0.3450567159","11.664439545175949","0.0","2.2673242325901652","268927000.0","0.0","2311.1940487582983","2.0","1","observed","1","1","1","0"
"2016","41570","경기도","김포시","경기도 김포시","-0.0122080154","0.451288397","-0.3081729862","-0.0207473983","14.525107574184782","0.0","0.0","144018000.0","0.0","70.8341881331828","0.0","1","observed","1","1","1","0"
"2016","41590","경기도","화성시","경기도 화성시","-0.5794725514","-0.0943797335","0.0267675638","0.3525155591","10.383480291772631","0.0","2.7081403049890724","69251000.0","0.0","2142.6502823392866","3.0","1","observed","1","1","1","0"
"2016","41610","경기도","광주시","경기도 광주시","-0.1717820341","0.2977895424","0.3261791141","0.6435092523","13.360049531975331","0.0","2.8167078386844038","1210087000.0","0.0","1908.1894503644528","3.0","1","observed","1","1","1","0"
"2016","41630","경기도","양주시","경기도 양주시","-0.3893823079","0.0884735584","-0.5587720881","-0.2626239573","11.771338845487161","0.0","0.0","297065000.0","0.0","2294.179185953983","0.0","1","observed","1","1","1","0"
"2016","41650","경기도","포천시","경기도 포천시","-0.4489832825","0.0311416606","-0.3875394596","-0.082548121","11.336189092828421","0.0","0.8020973174200708","681175000.0","0.0","8128.670398484328","1.0","1","observed","1","1","1","0"
"2016","41670","경기도","여주시","경기도 여주시","-2.0016623643","-1.4624251639","-1.1677824042","-0.8179833871","0.0","0.0","1.758439110009327","0.0","0.0","2081.870864151668","1.0","1","observed","1","1","1","0"
"2016","41800","경기도","연천군","경기도 연천군","-0.1372105483","0.3310448525","-0.3912261611","-0.1009097612","13.612457711944083","0.0","0.0","308711000.0","0.0","378.21379665028775","0.0","1","observed","1","1","1","0"
"2016","41820","경기도","가평군","경기도 가평군","-0.639354017","-0.1519814436","-0.4296396065","-0.1172579742","9.946282660054166","0.0","1.1231323643669833","301862435.0","0.0","14461.528634104574","3.0","1","observed","1","1","1","0"
"2016","41830","경기도","양평군","경기도 양평군","-0.5363331874","-0.0528827341","-0.2959075735","0.0164030791","10.698442986350555","0.0","1.371500143409458","451703000.0","0.0","10199.71478015457","3.0","1","observed","1","1","1","0"
"2016","43111","충청북도","청주시 상당구","충청북도 청주시 상당구","","","","","","","1.8475873797243378","","","3742.168912140501","2.0","0","city_district_granularity","0","0","1","0"
"2016","43112","충청북도","청주시 서원구","충청북도 청주시 서원구","","","","","","","4.815619103817206","","","245.0515906553315","3.0","0","city_district_granularity","0","0","1","0"
"2016","43113","충청북도","청주시 흥덕구","충청북도 청주시 흥덕구","","","","","","","5.568352028466287","","","229.8833210329101","6.0","0","city_district_granularity","0","0","1","0"
"2016","43114","충청북도","청주시 청원구","충청북도 청주시 청원구","","","","","","","4.06658635161927","","","523.0361645621886","3.0","0","city_district_granularity","0","0","1","0"
"2016","43130","충청북도","충주시","충청북도 충주시","0.1862673133","1.475605813","0.4984966546","1.3634064425","10.585207488660595","7.370654179871048","2.57672339293489","325363000.0","13063000.0","8227.766231707934","10.0","1","observed","1","1","1","0"
"2016","43150","충청북도","제천시","충청북도 제천시","0.1208689128","1.3486868448","0.3822808586","1.203254755","10.521638726255885","6.804540427586918","2.2991674262882356","538057000.0","13063000.0","14499.410632856823","13.0","1","observed","1","1","1","0"
"2016","43720","충청북도","보은군","충청북도 보은군","0.0423165325","1.3410868986","0.1980249062","1.0616579569","9.508664057815288","7.40560159424259","1.7975094560166907","107059000.0","13063000.0","7945.021565993795","4.0","1","observed","1","1","1","0"
"2016","43730","충청북도","옥천군","충청북도 옥천군","0.0898681249","1.6979678338","-0.2437900345","0.8103722262","7.843927309545411","10.157350802920728","0.0","8823000.0","89223000.0","3461.084989142923","0.0","1","observed","1","1","1","0"
"2016","43740","충청북도","영동군","충청북도 영동군","0.1068489415","1.605500872","0.282194261","1.2813163313","8.671443740572178","9.19510168150784","1.9569110241925562","57586000.0","97223000.0","9872.59214026753","6.0","1","observed","1","1","1","0"
"2016","43745","충청북도","증평군","충청북도 증평군","0.6442010017","2.245011301","0.1244739954","1.175067871","11.80181047773381","10.279529095337756","0.0","59865000.0","13063000.0","448.4510789032455","0.0","1","observed","1","1","1","0"
"2016","43750","충청북도","진천군","충청북도 진천군","0.2774018868","1.6923551854","0.6139359448","1.565137888","10.415891044693147","8.51228894898566","2.7870126005516918","87668000.0","13063000.0","2625.9720702166314","4.0","1","observed","1","1","1","0"
"2016","43760","충청북도","괴산군","충청북도 괴산군","-0.0817815768","1.1523911469","0.0331698047","0.8503254983","9.050873519852207","6.792509425608527","1.483223893840756","125105000.0","13063000.0","14675.103804458691","5.0","1","observed","1","1","1","0"
"2016","43770","충청북도","음성군","충청북도 음성군","0.3796852342","1.7824553419","0.7190552562","1.6636557539","11.216266844754394","8.438978934024018","2.9282949162595266","210019000.0","13062000.0","2825.541113033934","5.0","1","observed","1","1","1","0"
"2016","43800","충청북도","단양군","충청북도 단양군","0.0381265595","1.2599708827","-0.0612461298","0.7417731783","9.976528927928058","6.723849512213749","0.8208431204074615","338168000.0","13062000.0","15718.142896565196","2.0","1","observed","1","1","1","0"
"2016","44131","충청남도","천안시 동남구","충청남도 천안시 동남구","","","","","","","2.61139734356423","","","2377.543308260854","3.0","0","city_district_granularity","0","0","1","0"
"2016","44133","충청남도","천안시 서북구","충청남도 천안시 서북구","","","","","","","0.0","","","175.33501711721496","0.0","0","city_district_granularity","0","0","1","0"
"2016","44150","충청남도","공주시","충청남도 공주시","0.2976029996","1.8062069946","0.4673054627","1.4756124493","9.952836595048801","9.347346497436117","2.179179206934905","160816000.0","87771000.0","7653.9903926024035","6.0","1","observed","1","1","1","0"
"2016","44180","충청남도","보령시","충청남도 보령시","-0.5480643733","-0.0641673004","-0.264786726","0.0491730808","10.612793000645013","0.0","1.5195504097465728","455447000.0","0.0","11203.948179471963","4.0","1","observed","1","1","1","0"
"2016","44200","충청남도","아산시","충청남도 아산시","-0.4445167479","0.0354381491","-0.0639526185","0.2522874965","11.368799489316034","0.0","2.02187202205361","264258000.0","0.0","3052.293388394725","2.0","1","observed","1","1","1","0"
"2016","44210","충청남도","서산시","충청남도 서산시","-0.7388401021","-0.2476799804","-0.6260189395","-0.3159493602","9.219929683644342","0.0","0.6274922460749682","115652000.0","0.0","11455.962398752716","1.0","1","observed","1","1","1","0"
"2016","44230","충청남도","논산시","충청남도 논산시","-0.3494074868","0.1269264926","0.2637544101","0.5871606405","12.06319705095459","0.0","3.028203052823415","529107000.0","0.0","3051.870483159969","6.0","1","observed","1","1","1","0"
"2016","44250","충청남도","계룡시","충청남도 계룡시","-0.6357035181","-0.1484699234","-0.7224308403","-0.4205862786","9.97293513815207","0.0","0.0","15298000.0","0.0","713.6154039255124","0.0","1","observed","1","1","1","0"
"2016","44270","충청남도","당진시","충청남도 당진시","-0.5798148981","-0.0947090467","-0.096476077","0.224924238","10.380980800901888","0.0","2.2401333481171775","192026000.0","0.0","5956.2213296062455","5.0","1","observed","1","1","1","0"
"2016","44710","충청남도","금산군","충청남도 금산군","-0.5102675088","-0.0278094055","-0.0728250224","0.2461682667","10.888749833900645","0.0","2.154316496001003","281130000.0","0.0","5247.969858106501","4.0","1","observed","1","1","1","0"
"2016","44760","충청남도","부여군","충청남도 부여군","-0.5968936415","-0.1111375829","-0.0925556978","0.2297801597","10.25628802477453","0.0","2.298218307650813","158880000.0","0.0","5582.583103160097","5.0","1","observed","1","1","1","0"
"2016","44770","충청남도","서천군","충청남도 서천군","-0.5200340024","-0.0372040776","-0.6455786334","-0.346409048","10.817444166805744","0.0","0.0","272494000.0","0.0","5462.725027978422","0.0","1","observed","1","1","1","0"
"2016","44790","충청남도","청양군","충청남도 청양군","-0.6206642202","-0.1340031887","-0.3031479095","0.0128404853","10.082737818687496","0.0","1.5571192779403842","191652000.0","0.0","8010.39828619605","3.0","1","observed","1","1","1","0"
"2016","44800","충청남도","홍성군","충청남도 홍성군","-0.6620124087","-0.1737772046","-0.2098301926","0.1113911952","9.780852587982626","0.0","2.0166566713287986","108646000.0","0.0","6141.408460067389","4.0","1","observed","1","1","1","0"
"2016","44810","충청남도","예산군","충청남도 예산군","-0.6228870687","-0.1361414108","-0.2301719304","0.0885040006","10.066508688341965","0.0","1.840370301417983","133275000.0","0.0","5661.584119989491","3.0","1","observed","1","1","1","0"
"2016","44825","충청남도","태안군","충청남도 태안군","-0.5847183073","-0.0994257775","-0.5438731134","-0.2380849051","10.345180760513943","0.0","0.5504352063403257","423780000.0","0.0","13623.83890554806","1.0","1","observed","1","1","1","0"
"2016","45111","전라북도","전주시 완산구","전라북도 전주시 완산구","","","","","","","0.0","","","409.1654591119113","0.0","0","city_district_granularity","0","0","1","0"
"2016","45113","전라북도","전주시 덕진구","전라북도 전주시 덕진구","","","","","","","0.0","","","110.8834911803561","0.0","0","city_district_granularity","0","0","1","0"
"2016","45130","전라북도","군산시","전라북도 군산시","-0.195770828","0.2747140292","0.0148245149","0.3222497064","13.184906125580943","0.0","1.6928165301878575","1200218772.0","0.0","2254.9102265247807","1.0","1","observed","1","1","1","0"
"2016","45140","전라북도","익산시","전라북도 익산시","-0.4496227506","0.0305265378","-0.5987965573","-0.3012553044","11.331520303489578","0.0","0.0","187780000.0","0.0","2251.3229684613457","0.0","1","observed","1","1","1","0"
"2016","45180","전라북도","정읍시","전라북도 정읍시","-0.727019556","-0.236309456","-0.2050278323","0.1193962178","9.3062320927236","0.0","2.1992462441979583","109804000.0","0.0","9977.284956948184","8.0","1","observed","1","1","1","0"
"2016","45190","전라북도","남원시","전라북도 남원시","-0.8903968612","-0.3934668014","-0.4449702288","-0.1214200883","8.1134060629379","0.0","1.699371888662432","67199000.0","0.0","20131.930252455182","9.0","1","observed","1","1","1","0"
"2016","45210","전라북도","김제시","전라북도 김제시","-0.4099021959","0.0687348859","-0.5724057466","-0.2757830724","11.621522097741508","0.0","0.0","264163000.0","0.0","2369.806933246794","0.0","1","observed","1","1","1","0"
"2016","45710","전라북도","완주군","전라북도 완주군","-0.6188942299","-0.1323005839","-0.4197572962","-0.1079802266","10.095660608242667","0.0","1.10901252496341","119312000.0","0.0","4922.801803117838","1.0","1","observed","1","1","1","0"
"2016","45720","전라북도","진안군","전라북도 진안군","0.1728214477","1.6494606353","0.2110572499","1.1915217649","9.279211721945625","9.02263213052831","1.5192934275195018","60028000.0","46442000.0","5603.817299287868","2.0","1","observed","1","1","1","0"
"2016","45730","전라북도","무주군","전라북도 무주군","-0.7532305523","-0.2615225699","-0.1519078272","0.1756197875","9.114864272963123","0.0","2.467591638486618","58939000.0","0.0","6485.079268680864","7.0","1","observed","1","1","1","0"
"2016","45740","전라북도","장수군","전라북도 장수군","-0.7960844449","-0.302744966","-0.1394843388","0.1904823132","8.801985820050712","0.0","2.6231782554292766","41607000.0","0.0","6260.050966131462","8.0","1","observed","1","1","1","0"
"2016","45750","전라북도","임실군","전라북도 임실군","-0.5418233786","-0.0581639075","-0.2855810218","0.027351381","10.65835882036689","0.0","1.424664447822283","404368000.0","0.0","9504.30940080018","3.0","1","observed","1","1","1","0"
"2016","45770","전라북도","순창군","전라북도 순창군","-0.5395166742","-0.0559450219","-0.2194564997","0.0957095451","10.675200187270429","0.0","1.670400151889266","401162900.0","0.0","9271.505594998516","4.0","1","observed","1","1","1","0"
"2016","45790","전라북도","고창군","전라북도 고창군","-0.7826582185","-0.2898298914","-0.8200692973","-0.5148262572","8.90001138256882","0.0","0.0","75228000.0","0.0","10261.548919578408","0.0","1","observed","1","1","1","0"
"2016","45800","전라북도","부안군","전라북도 부안군","-0.6959468902","-0.2064197618","-0.7624572557","-0.4592195042","9.533095209172187","0.0","0.0","99387000.0","0.0","7197.644415441628","0.0","1","observed","1","1","1","0"
"2016","46110","전라남도","목포시","전라남도 목포시","-0.4559969952","0.0243949679","0.2056791631","0.5320016117","11.284981619023581","0.0","3.0766871210233","38487000.0","0.0","483.4084851141503","1.0","1","observed","1","1","1","0"
"2016","46130","전라남도","여수시","전라남도 여수시","-0.5779009878","-0.0928680011","-0.1944064281","0.1234372108","10.394954357457026","0.0","1.8627259671043552","360503000.0","0.0","11026.834332748904","6.0","1","observed","1","1","1","0"
"2016","46150","전라남도","순천시","전라남도 순천시","-0.5733805042","-0.0885196175","-0.0367908736","0.286422529","10.42795863833654","0.0","2.4509374807946314","541960000.0","0.0","16038.922630022427","17.0","1","observed","1","1","1","0"
"2016","46170","전라남도","나주시","전라남도 나주시","-0.8074027947","-0.3136324134","-0.021066673","0.3136207667","8.719349971263844","0.0","3.1022999846193295","34557000.0","0.0","5647.307308823615","12.0","1","observed","1","1","1","0"
"2016","46230","전라남도","광양시","전라남도 광양시","-0.5454313052","-0.0616344762","-0.129547698","0.1890776426","10.632017164844617","0.0","2.027402744421481","251365000.0","0.0","6065.811363469913","4.0","1","observed","1","1","1","0"
"2016","46710","전라남도","담양군","전라남도 담양군","-0.8632191922","-0.3673238172","-0.1512955189","0.1813848186","8.311831608972142","0.0","2.7479406671938675","27862000.0","0.0","6844.415383359256","10.0","1","observed","1","1","1","0"
"2016","46720","전라남도","곡성군","전라남도 곡성군","-0.8741510944","-0.3778395295","-0.3491152081","-0.0229290331","8.232017233797821","0.0","2.0229813885835446","51557000.0","0.0","13717.76998448934","9.0","1","observed","1","1","1","0"
"2016","46730","전라남도","구례군","전라남도 구례군","-0.8759629683","-0.3795824233","-0.487256228","-0.165876646","8.21878865014843","0.0","1.5020128749528396","31876000.0","0.0","8594.217402807397","3.0","1","observed","1","1","1","0"
"2016","46770","전라남도","고흥군","전라남도 고흥군","-0.8060186251","-0.3123009407","-0.1800567368","0.1489368165","8.729455863636899","0.0","2.49393398184685","89030000.0","0.0","14402.971946490505","16.0","1","observed","1","1","1","0"
"2016","46780","전라남도","보성군","전라남도 보성군","-0.6333698501","-0.1462251008","0.1077669679","0.4388972298","9.98997336726398","0.0","3.1525340188567186","194735000.0","0.0","8930.45575659835","20.0","1","observed","1","1","1","0"
"2016","46790","전라남도","화순군","전라남도 화순군","-0.8342351689","-0.3394432486","-0.2468857531","0.0810579255","8.523445439674017","0.0","2.311010673063944","71984000.0","0.0","14309.912581105747","13.0","1","observed","1","1","1","0"
"2016","46800","전라남도","장흥군","전라남도 장흥군","-0.7089235276","-0.218902364","-0.1045686035","0.2225681851","9.438352117942923","0.0","2.535695223181636","97237000.0","0.0","7741.79887330564","9.0","1","observed","1","1","1","0"
"2016","46810","전라남도","강진군","전라남도 강진군","-0.7951052354","-0.3018030362","-0.3175758805","0.0060394564","8.809135078024106","0.0","1.9431655609687355","33578000.0","0.0","5016.039434864496","3.0","1","observed","1","1","1","0"
"2016","46820","전라남도","해남군","전라남도 해남군","-0.6885720787","-0.1993257178","-0.0822809631","0.2446955487","9.586939083553624","0.0","2.569044492138292","193436000.0","0.0","13274.322437384442","16.0","1","observed","1","1","1","0"
"2016","46830","전라남도","영암군","전라남도 영암군","-1.2453578317","-0.7349140045","-0.7988870703","-0.4713087936","5.521817929623329","0.0","1.25015748824723","1000000.0","0.0","4014.624975692837","1.0","1","observed","1","1","1","0"
"2016","46840","전라남도","무안군","전라남도 무안군","-0.3801021623","0.0974003983","-0.5526062486","-0.2566727308","11.839093661095193","0.0","0.0","633572000.0","0.0","4572.4194381640045","0.0","1","observed","1","1","1","0"
"2016","46860","전라남도","함평군","전라남도 함평군","-0.6645229206","-0.1761921385","-0.3094051395","0.0084077448","9.762523212410102","0.0","1.6441761966750719","83172000.0","0.0","4788.419458839836","2.0","1","observed","1","1","1","0"
"2016","46870","전라남도","영광군","전라남도 영광군","-0.7816642283","-0.2888737434","-0.5981808734","-0.2851278661","8.907268556252102","0.0","0.8416473673196126","55935000.0","0.0","7574.690067421648","1.0","1","observed","1","1","1","0"
"2016","46880","전라남도","장성군","전라남도 장성군","-0.8644356824","-0.3684939942","-0.2815454839","0.0465798819","8.302949952160857","0.0","2.255488194054421","33072000.0","0.0","8196.769762521515","7.0","1","observed","1","1","1","0"
"2016","46890","전라남도","완도군","전라남도 완도군","-0.9481043374","-0.4489772885","-0.541441661","-0.2186151638","7.6920808384110115","0.0","1.4782205288678318","25877000.0","0.0","11816.365950168814","4.0","1","observed","1","1","1","0"
"2016","46900","전라남도","진도군","전라남도 진도군","-0.6520914608","-0.1642339585","-0.0723941581","0.2532305678","9.853285933883202","0.0","2.514445715392703","167431000.0","0.0","8803.005935440742","10.0","1","observed","1","1","1","0"
"2016","46910","전라남도","신안군","전라남도 신안군","-0.6329843284","-0.1458542564","-0.7206241782","-0.4188425005","9.992788080754922","0.0","0.0","295185000.0","0.0","13498.994568100252","0.0","1","observed","1","1","1","0"
"2016","47111","경상북도","포항시 남구","경상북도 포항시 남구","","","","","","","2.4146967785757627","","","6871.922554782899","7.0","0","city_district_granularity","0","0","1","0"
"2016","47113","경상북도","포항시 북구","경상북도 포항시 북구","","","","","","","1.747912526594001","","","14759.8282065478","7.0","0","city_district_granularity","0","0","1","0"
"2016","47130","경상북도","경주시","경상북도 경주시","-0.3103564889","0.1644907747","-0.1304135704","0.1772147164","12.34831037681777","0.0","1.4299072893682019","6529007734.0","0.0","28316.91969267933","9.0","1","observed","1","1","1","0"
"2016","47150","경상북도","김천시","경상북도 김천시","0.0992365167","1.4578263294","0.1500657772","1.0508618086","9.523418581880446","7.95381574511485","1.4718806809085143","162926000.0","33900000.0","11913.901707927653","4.0","1","observed","1","1","1","0"
"2016","47170","경상북도","안동시","경상북도 안동시","-0.3411345541","0.1348844654","-0.1496209352","0.1587630993","12.123598154397518","0.0","1.4346322028807452","9213768000.0","0.0","50029.694570666376","16.0","1","observed","1","1","1","0"
"2016","47190","경상북도","구미시","경상북도 구미시","-0.2114949158","0.2595885753","0.0010510648","0.308722123","13.07010375912768","0.0","1.6801623033531565","5433965000.0","0.0","11451.010463493902","5.0","1","observed","1","1","1","0"
"2016","47210","경상북도","영주시","경상북도 영주시","-0.5188612745","-0.0360759968","-0.1562668425","0.1601729517","10.826006312745523","0.0","1.8585901492460968","743332000.0","0.0","14774.631531327144","8.0","1","observed","1","1","1","0"
"2016","47230","경상북도","영천시","경상북도 영천시","-0.0101118436","1.2822348387","0.0006230539","0.8540733525","9.180325815178854","7.331137034251379","1.1789350432279222","215542000.0","33900000.0","22213.23543987101","5.0","1","observed","1","1","1","0"
"2016","47250","경상북도","상주시","경상북도 상주시","-0.0388227152","1.2776138431","0.1643202174","1.0403083589","8.822002618548085","7.534523119190211","1.8745447882010968","122889000.0","33900000.0","18122.996070191883","10.0","1","observed","1","1","1","0"
"2016","47280","경상북도","문경시","경상북도 문경시","0.1920969237","1.5177365395","0.2417382397","1.1217469988","10.391601815080673","7.6936675881663","1.5855832518626445","503596000.0","33900000.0","15455.400865428795","6.0","1","observed","1","1","1","0"
"2016","47290","경상북도","경산시","경상북도 경산시","-0.6267120546","-0.1398207752","-0.2214849114","0.0976770364","10.038582271442708","0.0","1.8830879532423734","164283000.0","0.0","7176.467286347215","4.0","1","observed","1","1","1","0"
"2016","47730","경상북도","의성군","경상북도 의성군","-0.5831219278","-0.097890174","-0.4234513727","-0.1134738998","10.356836008475769","0.0","1.0045365973636717","1091056000.0","0.0","34669.223390941406","6.0","1","observed","1","1","1","0"
"2016","47750","경상북도","청송군","경상북도 청송군","-0.6716196734","-0.1830187099","-0.3826156787","-0.0670638699","9.710709458277071","0.0","1.3835900677563626","386211000.0","0.0","23417.65688293314","7.0","1","observed","1","1","1","0"
"2016","47760","경상북도","영양군","경상북도 영양군","-0.6898872131","-0.2005907836","-0.4726980983","-0.1594836182","9.577337220188546","0.0","1.0870525070422863","367153000.0","0.0","25438.55654523308","5.0","1","observed","1","1","1","0"
"2016","47770","경상북도","영덕군","경상북도 영덕군","-0.6698028773","-0.1812710812","-0.4710157926","-0.1586786952","9.723973979776558","0.0","1.0426853227356148","363944000.0","0.0","21776.71201043028","4.0","1","observed","1","1","1","0"
"2016","47820","경상북도","청도군","경상북도 청도군","-0.6594836248","-0.1713446944","-0.4744327693","-0.1626980558","9.799315367807571","0.0","1.0036015674289929","312838000.0","0.0","17360.21140662715","3.0","1","observed","1","1","1","0"
"2016","47830","경상북도","고령군","경상북도 고령군","-0.6708821899","-0.1823093032","-0.4654219937","-0.1528364877","9.716093863307089","0.0","1.066694752795173","174013000.0","0.0","10494.504420896628","2.0","1","observed","1","1","1","0"
"2016","47840","경상북도","성주군","경상북도 성주군","0.1061252987","1.4633045844","0.152591131","1.0523861431","9.58113891121313","7.943660394590159","1.464062294395618","174370000.0","33900000.0","12035.551161974026","4.0","1","observed","1","1","1","0"
"2016","47850","경상북도","칠곡군","경상북도 칠곡군","0.2076568077","1.621413215","0.2175535129","1.1553944662","9.931587813923878","8.478220025923727","1.4552533242713042","187812000.0","43900000.0","9130.838616900546","3.0","1","observed","1","1","1","0"
"2016","47900","경상북도","예천군","경상북도 예천군","-0.5942854672","-0.1086287048","-0.3520171262","-0.0389896156","10.275330438450442","0.0","1.3045216874989363","323990000.0","0.0","11169.33375496292","3.0","1","observed","1","1","1","0"
"2016","47920","경상북도","봉화군","경상북도 봉화군","-0.0582519151","1.1658699298","-0.0578368348","0.748867181","9.281863987157962","6.711541040249695","1.0774146826393853","443573000.0","33900000.0","41299.35083515478","8.0","1","observed","1","1","1","0"
"2016","47930","경상북도","울진군","경상북도 울진군","-0.6797717162","-0.1908603951","-0.4813078272","-0.1688700838","9.651190978784543","0.0","1.0287283034568342","605144000.0","0.0","38942.84651856584","7.0","1","observed","1","1","1","0"
"2016","47940","경상북도","울릉군","경상북도 울릉군","-0.9915075218","-0.4907280643","-0.9588312672","-0.6487583725","7.375191977756379","0.0","0.0","1000000.0","0.0","626.9992741646664","0.0","1","observed","1","1","1","0"
"2016","48121","경상남도","창원시 의창구","경상남도 창원시 의창구","","","","","","","1.5883425275559249","","","2566.98032563519","1.0","0","city_district_granularity","0","0","1","0"
"2016","48123","경상남도","창원시 성산구","경상남도 창원시 성산구","","","","","","","0.0","","","1352.9747995789487","0.0","0","city_district_granularity","0","0","1","0"
"2016","48125","경상남도","창원시 마산합포구","경상남도 창원시 마산합포구","","","","","","","1.588548674076729","","","7698.94625205914","3.0","0","city_district_granularity","0","0","1","0"
"2016","48127","경상남도","창원시 마산회원구","경상남도 창원시 마산회원구","","","","","","","1.664538104697602","","","2334.6853728937867","1.0","0","city_district_granularity","0","0","1","0"
"2016","48129","경상남도","창원시 진해구","경상남도 창원시 진해구","","","","","","","0.0","","","2231.301133458337","0.0","0","city_district_granularity","0","0","1","0"
"2016","48170","경상남도","진주시","경상남도 진주시","-0.4949445951","-0.0130698525","-0.1613956566","0.1537468142","11.000623207939118","0.0","1.7786234499911846","1217272000.0","0.0","20318.18567149176","10.0","1","observed","1","1","1","0"
"2016","48220","경상남도","통영시","경상남도 통영시","-0.5438917068","-0.0601534921","-0.2751766225","0.0382206546","10.64325785124218","0.0","1.4694754361349491","375637780.0","0.0","8963.373091122503","3.0","1","observed","1","1","1","0"
"2016","48240","경상남도","사천시","경상남도 사천시","-0.4489032817","0.0312186157","-0.1210038047","0.1934209506","11.336773183091399","0.0","1.8159124349238251","977500000.0","0.0","11657.99620409298","6.0","1","observed","1","1","1","0"
"2016","48250","경상남도","김해시","경상남도 김해시","-0.3003297248","0.1741358084","0.0341423553","0.3471292697","12.421516292320295","0.0","2.0306046997674025","1874097000.0","0.0","7554.36271927702","5.0","1","observed","1","1","1","0"
"2016","48270","경상남도","밀양시","경상남도 밀양시","-0.273091384","0.2003371546","-0.1151903804","0.1912384675","12.620384806299551","0.0","1.3936274810322336","5994471490.0","0.0","19805.63873536237","6.0","1","observed","1","1","1","0"
"2016","48310","경상남도","거제시","경상남도 거제시","-0.3282436084","0.1472846381","-0.0128473217","0.2997780444","12.21771560581372","0.0","1.9223938126245466","2426441880.0","0.0","11991.832963000526","7.0","1","observed","1","1","1","0"
"2016","48330","경상남도","양산시","경상남도 양산시","-0.3909515181","0.0869640898","0.0181559316","0.3348043862","11.75988196157888","0.0","2.1988511470847856","958330000.0","0.0","7486.289758684128","6.0","1","observed","1","1","1","0"
"2016","48720","경상남도","의령군","경상남도 의령군","-0.6542525502","-0.1663127728","-0.6077867533","-0.3010176978","9.83750770980855","0.0","0.48304247513939924","301482000.0","0.0","16103.091847198206","1.0","1","observed","1","1","1","0"
"2016","48730","경상남도","함안군","경상남도 함안군","-0.6172184076","-0.1306885621","-0.2143094039","0.10466372","10.107895871841173","0.0","1.8863894986763743","219238000.0","0.0","8935.731927519762","5.0","1","observed","1","1","1","0"
"2016","48740","경상남도","창녕군","경상남도 창녕군","-0.4756483306","0.0054917812","-0.3335268009","-0.0253791099","11.141506217854548","0.0","1.074986465245706","1072168000.0","0.0","15544.41802785028","3.0","1","observed","1","1","1","0"
"2016","48820","경상남도","고성군","경상남도 고성군","-0.6208234076","-0.1341563156","-0.3133211418","0.0023144785","10.081575583350034","0.0","1.5188182654405695","401998000.0","0.0","16821.68206530507","6.0","1","observed","1","1","1","0"
"2016","48840","경상남도","남해군","경상남도 남해군","-0.5413430722","-0.0577018869","-0.3023000338","0.0100179973","10.661865562131108","0.0","1.359843992531207","442348000.0","0.0","10360.598868676796","3.0","1","observed","1","1","1","0"
"2016","48850","경상남도","하동군","경상남도 하동군","-0.5766643689","-0.0916784617","-0.1560318947","0.1631127709","10.403982975328123","0.0","2.005593535352718","513020000.0","0.0","15550.883385853002","10.0","1","observed","1","1","1","0"
"2016","48860","경상남도","산청군","경상남도 산청군","-0.8283564396","-0.3337883293","-0.5160220146","-0.1978818103","8.566366341740093","0.0","1.2722397688379665","102206000.0","0.0","19464.061070453736","5.0","1","observed","1","1","1","0"
"2016","48870","경상남도","함양군","경상남도 함양군","-0.7680400959","-0.2757682973","-0.2968934755","0.0261915504","9.006739041000586","0.0","1.9534375452201667","121284000.0","0.0","14868.928935227048","9.0","1","observed","1","1","1","0"
"2016","48880","경상남도","거창군","경상남도 거창군","-0.8484644544","-0.353130809","-0.5793203643","-0.2624832937","8.41955670144484","0.0","1.0822526267944181","92940000.0","0.0","20498.941238220614","4.0","1","observed","1","1","1","0"
"2016","48890","경상남도","합천군","경상남도 합천군","-0.9113956741","-0.4136661657","-0.6303718579","-0.3124065692","7.960092659583642","0.0","1.0471025466674213","92896000.0","0.0","32443.24934394089","6.0","1","observed","1","1","1","0"
"2016","50110","제주특별자치도","제주시","제주특별자치도 제주시","","","","","","","3.0925597495957224","","","9508.683538333917","20.0","0","metropolitan_headquarters","0","0","1","0"
"2016","50130","제주특별자치도","서귀포시","제주특별자치도 서귀포시","","","","","","","2.4147697289219616","","","4908.12289714066","5.0","0","metropolitan_headquarters","0","0","1","0"
"2016","51110","강원특별자치도","춘천시","강원특별자치도 춘천시","-0.5871178802","-0.101733996","-0.0616906767","0.2612819637","10.32766135620111","0.0","2.390931943069166","523611000.0","0.0","17130.760052797013","17.0","1","observed","1","1","1","0"
"2016","51130","강원특별자치도","원주시","강원특별자치도 원주시","-0.5438559515","-0.060119098","-0.4852765001","-0.1793198349","10.643518902524132","0.0","0.6700739166529438","439227000.0","0.0","10477.987158381084","1.0","1","observed","1","1","1","0"
"2016","51150","강원특별자치도","강릉시","강원특별자치도 강릉시","-0.7093496804","-0.2193122926","-0.2981317956","0.0221714387","9.435240755091614","0.0","1.800374004003916","346985000.0","0.0","27712.288362127525","14.0","1","observed","1","1","1","0"
"2016","51170","강원특별자치도","동해시","강원특별자치도 동해시","-0.7538096614","-0.2620796316","-0.8009019716","-0.496326084","9.110636167875427","0.0","0.0","42445000.0","0.0","4690.028793632587","0.0","1","observed","1","1","1","0"
"2016","51190","강원특별자치도","태백시","강원특별자치도 태백시","-0.6974398205","-0.2078558546","-0.3167631533","0.0023248032","9.522195248630046","0.0","1.6993875424570484","61104000.0","0.0","4473.676582756398","2.0","1","observed","1","1","1","0"
"2016","51210","강원특별자치도","속초시","강원특별자치도 속초시","-0.5936761477","-0.1080425827","-0.0486026343","0.275139358","10.279779111458492","0.0","2.457301945571374","54597000.0","0.0","1873.839293759796","2.0","1","observed","1","1","1","0"
"2016","51230","강원특별자치도","삼척시","강원특별자치도 삼척시","-0.3545308058","0.9127974989","-0.3592644456","0.4719720895","6.912269479207712","6.993904593613876","0.6799243013693317","41224000.0","44734000.0","41079.22020830035","4.0","1","observed","1","1","1","0"
"2016","51720","강원특별자치도","홍천군","강원특별자치도 홍천군","-0.8312253347","-0.3365480022","-0.4485810914","-0.1279191906","8.545420392683333","0.0","1.5360660559201387","183332000.0","0.0","35652.81320403021","13.0","1","observed","1","1","1","0"
"2016","51730","강원특별자치도","횡성군","강원특별자치도 횡성군","-0.7375576534","-0.2464463561","-0.4968643095","-0.1822816176","9.229292906377122","0.0","1.1156108655513437","198697000.0","0.0","19498.57822394212","4.0","1","observed","1","1","1","0"
"2016","51750","강원특별자치도","영월군","강원특별자치도 영월군","-0.7725060072","-0.2800641862","-0.727202459","-0.4191449177","8.974133194986052","0.0","0.32764390646552816","203644000.0","0.0","25793.489291269954","1.0","1","observed","1","1","1","0"
"2016","51760","강원특별자치도","평창군","강원특별자치도 평창군","-0.6189075542","-0.1323134009","-0.4480613532","-0.1372858153","10.095563326672842","0.0","1.001365285090081","562934000.0","0.0","23228.863168648888","4.0","1","observed","1","1","1","0"
"2016","51770","강원특별자치도","정선군","강원특별자치도 정선군","-0.6508603542","-0.1630497215","-0.3368502439","-0.020646468","9.862274305718755","0.0","1.5052280802782798","492766000.0","0.0","25676.27707683394","9.0","1","observed","1","1","1","0"
"2016","51780","강원특별자치도","철원군","강원특별자치도 철원군","-0.1360382692","0.3321725017","0.8588083536","1.1933296669","13.621016581469046","0.0","4.752710761516938","143301000.0","0.0","174.06738674227793","2.0","1","observed","1","1","1","0"
"2016","51790","강원특별자치도","화천군","강원특별자치도 화천군","-0.6627890145","-0.1745242442","-0.2906851092","0.0277097018","9.775182548776195","0.0","1.7110125043433964","77585000.0","0.0","4410.568912950758","2.0","1","observed","1","1","1","0"
"2016","51800","강원특별자치도","양구군","강원특별자치도 양구군","-0.4950217706","-0.0131440899","0.2647182724","0.5949516329","11.000059745218833","0.0","3.399940893274757","82696000.0","0.0","1381.1043984930916","4.0","1","observed","1","1","1","0"
"2016","51810","강원특별자치도","인제군","강원특별자치도 인제군","-0.8982443077","-0.4010154868","-0.594384083","-0.2757581058","8.056111455828864","0.0","1.150772805942683","87530000.0","0.0","27769.62015277217","6.0","1","observed","1","1","1","0"
"2016","51820","강원특별자치도","고성군","강원특별자치도 고성군","-0.4979362592","-0.0159476207","0.1119003963","0.4368589425","10.978780915323904","0.0","2.825922339168735","184600000.0","0.0","3149.3079987109445","5.0","1","observed","1","1","1","0"
"2016","51830","강원특별자치도","양양군","강원특별자치도 양양군","-0.7617449943","-0.2697128573","-0.320056889","0.0019143262","9.0526998984957","0.0","1.8494016648242275","127566000.0","0.0","14936.47696406484","8.0","1","observed","1","1","1","0"
"2017","11110","서울특별시","종로구","서울특별시 종로구","-0.2450310679","-0.2732689539","-0.4628634013","-0.5052732781","12.825254604218008","0.0","0.0","87795000.0","0.0","236.3380504095327","0.0","1","observed","1","1","1","0"
"2017","11140","서울특별시","중구","서울특별시 중구","0.1569141503","0.1243082385","-0.1958062007","-0.2402218165","15.759877123457198","0.0","0.0","39680000.0","0.0","5.677328911138141","0.0","1","observed","1","1","1","0"
"2017","11170","서울특별시","용산구","서울특별시 용산구","-2.0016623643","-2.0108105573","-1.6299902017","-1.663634347","0.0","0.0","0.0","0.0","0.0","97.12961906598258","0.0","1","observed","1","1","1","0"
"2017","11200","서울특별시","성동구","서울특별시 성동구","1.4945552788","1.4333493926","0.6887229022","0.6324722863","16.418943332397482","12.45605821666469","0.0","40509000.0","770000.0","2.9984379544998263","0.0","1","observed","1","1","1","0"
"2017","11215","서울특별시","광진구","서울특별시 광진구","-2.0016623643","-2.0108105573","-1.6299902017","-1.663634347","0.0","0.0","0.0","0.0","0.0","116.90856639083398","0.0","1","observed","1","1","1","0"
"2017","11230","서울특별시","동대문구","서울특별시 동대문구","-2.0016623643","-2.0108105573","-1.6299902017","-1.663634347","0.0","0.0","0.0","0.0","0.0","9.21884241031151","0.0","1","observed","1","1","1","0"
"2017","11260","서울특별시","중랑구","서울특별시 중랑구","-2.0016623643","-2.0108105573","-0.3556338264","-0.3409860455","0.0","0.0","4.848204860781462","0.0","0.0","79.04433266810034","1.0","1","observed","1","1","1","0"
"2017","11290","서울특별시","성북구","서울특별시 성북구","-2.0016623643","-2.0108105573","-1.6299902017","-1.663634347","0.0","0.0","0.0","0.0","0.0","145.07422297425637","0.0","1","observed","1","1","1","0"
"2017","11305","서울특별시","강북구","서울특별시 강북구","-2.0016623643","-2.0108105573","-1.6299902017","-1.663634347","0.0","0.0","0.0","0.0","0.0","115.00982494842624","0.0","1","observed","1","1","1","0"
"2017","11320","서울특별시","도봉구","서울특별시 도봉구","-0.4627012167","-0.4885736341","-0.6074860463","-0.6488097315","11.236033755992969","0.0","0.0","5556000.0","0.0","73.28591370155792","0.0","1","observed","1","1","1","0"
"2017","11350","서울특별시","노원구","서울특별시 노원구","-0.6302219364","-0.6542738698","-0.7187888119","-0.7592765553","10.012956446106067","0.0","0.0","7645000.0","0.0","342.629869805798","0.0","1","observed","1","1","1","0"
"2017","11380","서울특별시","은평구","서울특별시 은평구","0.8705324451","0.8164222367","1.2657261129","1.2502784301","12.066443137204761","12.177695156522953","3.7721619326673594","40951000.0","45770000.0","235.43842164253857","1.0","1","observed","1","1","1","0"
"2017","11410","서울특별시","서대문구","서울특별시 서대문구","-0.2432259218","-0.2714834247","-0.4616640407","-0.5040829253","12.83843406795864","0.0","0.0","36268000.0","0.0","96.35265559778222","0.0","1","observed","1","1","1","0"
"2017","11440","서울특별시","마포구","서울특별시 마포구","0.2826998014","0.2487269496","-0.1122327127","-0.157276009","16.678244571604726","0.0","0.0","140375000.0","0.0","8.01715368311193","0.0","1","observed","1","1","1","0"
"2017","11470","서울특별시","양천구","서울특별시 양천구","-2.0016623643","-2.0108105573","-1.6299902017","-1.663634347","0.0","0.0","0.0","0.0","0.0","10.490697981839414","0.0","1","observed","1","1","1","0"
"2017","11500","서울특별시","강서구","서울특별시 강서구","-0.0343832403","-0.064910282","-0.3229064704","-0.3663674968","14.363205126951101","0.0","0.0","46072000.0","0.0","26.64259896071815","0.0","1","observed","1","1","1","0"
"2017","11530","서울특별시","구로구","서울특별시 구로구","0.2247643389","0.1914210843","-0.1507257256","-0.1954799192","16.255254807442377","0.0","0.0","184429000.0","0.0","16.079101788615233","0.0","1","observed","1","1","1","0"
"2017","11545","서울특별시","금천구","서울특별시 금천구","1.4437862916","1.381004968","2.2235218115","2.2262079199","14.67079544437762","14.340076756890106","5.969796480460376","60243000.0","43279000.0","25.61304832421682","1.0","1","observed","1","1","1","0"
"2017","11560","서울특별시","영등포구","서울특별시 영등포구","","","","","","","","0.0","0.0","0.0","0.0","1","observed","0","0","1","0"
"2017","11590","서울특별시","동작구","서울특별시 동작구","-2.0016623643","-2.0108105573","-1.6299902017","-1.663634347","0.0","0.0","0.0","0.0","0.0","19.78023516826956","0.0","1","observed","1","1","1","0"
"2017","11620","서울특별시","관악구","서울특별시 관악구","-2.0016623643","-2.0108105573","-0.7083967833","-0.7071170077","0.0","0.0","3.50614143500919","0.0","0.0","309.4111662481816","1.0","1","observed","1","1","1","0"
"2017","11650","서울특별시","서초구","서울특별시 서초구","1.2313643985","1.1738958017","0.514118667","0.4595032257","15.065380614460636","11.679179000169434","0.0","281647000.0","9530000.0","80.70372588686055","0.0","1","observed","1","1","1","0"
"2017","11680","서울특별시","강남구","서울특별시 강남구","-2.0016623643","-2.0108105573","-1.6299902017","-1.663634347","0.0","0.0","0.0","0.0","0.0","13.375270459764742","0.0","1","observed","1","1","1","0"
"2017","11710","서울특별시","송파구","서울특별시 송파구","1.3789730851","1.3169353823","0.6113028608","0.5548629461","14.223028549481114","14.30528501268961","0.0","42865000.0","46540000.0","28.51808124942784","0.0","1","observed","1","1","1","0"
"2017","11740","서울특별시","강동구","서울특별시 강동구","1.0482084079","0.9946697484","0.3930090297","0.3400191902","14.984137438916488","9.96132961480892","0.0","58460000.0","385000.0","18.168988088480827","0.0","1","observed","1","1","1","0"
"2017","26110","부산광역시","중구","부산광역시 중구","-2.0016623643","-2.0108105573","-1.6299902017","-1.663634347","0.0","0.0","0.0","0.0","0.0","1.9206728470322727","0.0","1","observed","1","1","1","0"
"2017","26140","부산광역시","서구","부산광역시 서구","0.808915967","0.754285775","0.2329135843","0.1797632079","10.84624014850225","13.23130754296595","0.0","8942000.0","97110000.0","174.17301864018526","0.0","1","observed","1","1","1","0"
"2017","26170","부산광역시","동구","부산광역시 동구","0.7575868022","0.703113039","0.1986895596","0.1456480505","10.211564193707282","13.58680605246898","0.0","3322000.0","97110000.0","122.06456414754766","0.0","1","observed","1","1","1","0"
"2017","26200","부산광역시","영도구","부산광역시 영도구","1.0126280523","0.9559105028","0.3683002222","0.3141796931","12.415422097195341","13.119332192935001","0.0","71606000.0","144762000.0","290.4035146521948","0.0","1","observed","1","1","1","0"
"2017","26230","부산광역시","부산진구","부산광역시 부산진구","0.5306570471","0.4798629643","0.0482785011","-0.0031853326","9.340619600517787","12.511934845503896","0.0","4473000.0","106640000.0","392.6969012927685","0.0","1","observed","1","1","1","0"
"2017","26260","부산광역시","동래구","부산광역시 동래구","0.7212338307","0.6680501455","1.1314987364","1.1152210967","10.525738623172579","12.794085792762065","3.639680185615748","10049000.0","97110000.0","269.6896622776364","1.0","1","observed","1","1","1","0"
"2017","26290","부산광역시","남구","부산광역시 남구","0.9494476567","0.893396224","0.3263162748","0.2725035072","11.94087767039304","13.137469818141343","0.0","64458000.0","213281000.0","420.1674216945598","0.0","1","observed","1","1","1","0"
"2017","26320","부산광역시","북구","부산광역시 북구","0.6804788714","0.6283744735","0.1479171812","0.0958223402","10.640294168089559","12.230432188649184","0.0","35714000.0","175160000.0","854.7278301363647","0.0","1","observed","1","1","1","0"
"2017","26350","부산광역시","해운대구","부산광역시 해운대구","0.5484890833","0.4986933014","0.0604836535","0.0093682255","10.24277059243414","11.456106132304336","0.0","52057000.0","175160000.0","1854.0261530217567","0.0","1","observed","1","1","1","0"
"2017","26380","부산광역시","사하구","부산광역시 사하구","-0.2327492056","-0.2611205613","-0.4547031854","-0.4971743496","12.914925106931678","0.0","0.0","205394000.0","0.0","505.4848147004281","0.0","1","observed","1","1","1","0"
"2017","26410","부산광역시","금정구","부산광역시 금정구","-0.406534279","-0.4330170747","-0.081511927","-0.1045981921","11.646111430155443","0.0","1.8590600692567483","210874000.0","0.0","1845.8011310101283","1.0","1","observed","1","1","1","0"
"2017","26440","부산광역시","강서구","부산광역시 강서구","0.4966672644","0.4474008817","0.0260424988","-0.024826721","9.842555025036004","11.486007154192562","0.0","33859000.0","175160000.0","1799.408931548245","0.0","1","observed","1","1","1","0"
"2017","26470","부산광역시","연제구","부산광역시 연제구","0.8118191302","0.7564247178","0.2346228581","0.1811891697","10.392980745406279","13.880233439208112","0.0","2970000.0","97110000.0","91.02392760698054","0.0","1","observed","1","1","1","0"
"2017","26500","부산광역시","수영구","부산광역시 수영구","-0.0934339127","-0.1233192379","-0.3621404419","-0.4053068007","13.932073158653315","0.0","0.0","101624000.0","0.0","90.4428371108635","0.0","1","observed","1","1","1","0"
"2017","26530","부산광역시","사상구","부산광역시 사상구","0.5225643445","0.4723114418","0.0430374728","-0.0082196809","9.575035577704384","12.110505168026146","0.0","7693000.0","97110000.0","534.2453807745762","0.0","1","observed","1","1","1","0"
"2017","26710","부산광역시","기장군","부산광역시 기장군","-0.3644661826","-0.3914061414","0.1239358667","0.1073659632","11.953252745535815","0.0","2.534336654957796","802824000.0","0.0","5168.820314992766","6.0","1","observed","1","1","1","0"
"2017","27110","대구광역시","중구","대구광역시 중구","","","","","","","","0.0","0.0","0.0","0.0","1","observed","0","0","1","0"
"2017","27140","대구광역시","동구","대구광역시 동구","-2.0016623643","-2.0108105573","-1.6299902017","-1.663634347","0.0","0.0","0.0","0.0","0.0","5054.679670192707","0.0","1","observed","1","1","1","0"
"2017","27170","대구광역시","서구","대구광역시 서구","1.4659393313","1.4024310241","0.6689267441","0.6118600406","14.517660565906365","14.770740431777169","0.0","59482000.0","76612000.0","29.4744631745872","0.0","1","observed","1","1","1","0"
"2017","27200","대구광역시","남구","대구광역시 남구","-2.0016623643","-2.0108105573","-1.6299902017","-1.663634347","0.0","0.0","0.0","0.0","0.0","292.73579718212096","0.0","1","observed","1","1","1","0"
"2017","27230","대구광역시","북구","대구광역시 북구","0.7493270451","0.6974402613","0.1939502345","0.1418661987","11.768382290875765","11.375022451549873","0.0","300328978.0","202657000.0","2326.253889395725","0.0","1","observed","1","1","1","0"
"2017","27260","대구광역시","수성구","대구광역시 수성구","0.7432562876","0.6917547339","0.1900124502","0.1380758471","11.93080106645597","11.092256163365336","0.0","165212000.0","71427000.0","1087.835883476674","0.0","1","observed","1","1","1","0"
"2017","27290","대구광역시","달서구","대구광역시 달서구","0.6962218111","0.6451001044","0.1587228286","0.1069727608","11.502382596529994","11.208536745210539","0.0","81595000.0","60820000.0","824.6062940159311","0.0","1","observed","1","1","1","0"
"2017","27710","대구광역시","달성군","대구광역시 달성군","0.4673278051","0.4198459945","0.3027366913","0.2637590981","10.57751081584987","10.187808524261225","1.1251549848069735","377194400.0","255455000.0","9612.176215481291","2.0","1","observed","1","1","1","0"
"2017","27720","대구광역시","군위군","대구광역시 군위군","","","","","","","0.4331560632308906","","","18446.207007386136","1.0","0","administrative_history","0","0","1","0"
"2017","28110","인천광역시","중구","인천광역시 중구","0.3673115822","0.3208649875","-0.05947909","-0.1091839838","9.813819477617194","10.233583353105395","0.0","18053000.0","27470000.0","987.3826441590792","0.0","1","observed","1","1","1","0"
"2017","28140","인천광역시","동구","인천광역시 동구","-2.0016623643","-2.0108105573","-1.6299902017","-1.663634347","0.0","0.0","0.0","0.0","0.0","3.958094174333669","0.0","1","observed","1","1","1","0"
"2017","28177","인천광역시","미추홀구","인천광역시 미추홀구","","","","","","","0.0","","","18.833217834767712","0.0","0","administrative_history","0","0","1","0"
"2017","28185","인천광역시","연수구","인천광역시 연수구","-0.040068384","-0.070533644","-0.3266837477","-0.3701164048","14.321697602906616","0.0","0.0","78169000.0","0.0","47.1194896000123","0.0","1","observed","1","1","1","0"
"2017","28200","인천광역시","남동구","인천광역시 남동구","1.2182930167","1.1586096138","0.5047274034","0.4493124337","13.443717707153787","13.766643116671451","0.0","39815000.0","54991000.0","57.74507283302972","0.0","1","observed","1","1","1","0"
"2017","28237","인천광역시","부평구","인천광역시 부평구","1.1290207598","1.0705019632","0.4454721425","0.390574","12.917866278773818","13.594405373120471","0.0","13965000.0","27470000.0","34.26762162527105","0.0","1","observed","1","1","1","0"
"2017","28245","인천광역시","계양구","인천광역시 계양구","1.2237489597","1.1644056826","0.5084721246","0.4531764796","13.742201924144613","13.412880264239945","0.0","38184000.0","27470000.0","41.088418340379626","0.0","1","observed","1","1","1","0"
"2017","28260","인천광역시","서구","인천광역시 서구","1.0574111909","1.0002747049","1.613476291","1.6052149571","12.786246922790763","13.059342504684686","4.6239142146816326","35411000.0","46531000.0","99.1158076294085","1.0","1","observed","1","1","1","0"
"2017","28710","인천광역시","강화군","인천광역시 강화군","","","","","","","","172840000.0","46531000.0","0.0","0.0","1","observed","0","0","1","0"
"2017","28720","인천광역시","옹진군","인천광역시 옹진군","0.6657495927","0.6156388769","0.1386805099","0.0873319425","11.720148829444016","10.606400934338133","0.0","141907000.0","46591000.0","1153.4834967443164","0.0","1","observed","1","1","1","0"
"2017","29110","광주광역시","동구","광주광역시 동구","0.4536363294","0.4053264248","-0.0024012318","-0.0528763589","9.844949448066673","11.053031853234357","0.0","14776000.0","49458000.0","783.380373911657","0.0","1","observed","1","1","1","0"
"2017","29140","광주광역시","서구","광주광역시 서구","-0.143672233","-0.1730116075","0.9457239547","0.9536349068","13.565280622236168","0.0","5.102671896535852","95267000.0","0.0","122.35353669199284","2.0","1","observed","1","1","1","0"
"2017","29155","광주광역시","남구","광주광역시 남구","-0.3648631834","-0.3917988278","-0.5424812891","-0.584293194","11.950354223142984","0.0","0.0","66048000.0","0.0","426.4710737356274","0.0","1","observed","1","1","1","0"
"2017","29170","광주광역시","북구","광주광역시 북구","0.2807952294","0.2377442934","-0.1162255468","-0.1645977798","10.772244875488779","8.05877941905351","0.0","61113000.0","4051000.0","1281.7880110647875","0.0","1","observed","1","1","1","0"
"2017","29200","광주광역시","광산구","광주광역시 광산구","0.4684731301","0.4203634902","0.0075648772","-0.0428516487","10.187369694780735","10.732852304745881","0.0","65089000.0","112309000.0","2450.222389842844","0.0","1","observed","1","1","1","0"
"2017","30110","대전광역시","동구","대전광역시 동구","0.4697594974","0.4210102865","0.0082320302","-0.0424204511","9.791647280484513","11.286938201575284","0.0","12011000.0","53579000.0","671.6531707444556","0.0","1","observed","1","1","1","0"
"2017","30140","대전광역시","중구","대전광역시 중구","-0.3241190719","-0.3514974915","-0.5154104152","-0.5574256364","12.247829056785378","0.0","0.0","77125000.0","0.0","369.8560141423794","0.0","1","observed","1","1","1","0"
"2017","30170","대전광역시","서구","대전광역시 서구","0.6641886428","0.612980748","0.1373094254","0.0855598565","10.987267617032439","11.593195312577741","0.0","29940000.0","54879000.0","506.46500818257937","0.0","1","observed","1","1","1","0"
"2017","30200","대전광역시","유성구","대전광역시 유성구","-0.6326418734","-0.6566675088","-0.720396647","-0.7608723146","9.995288362745317","0.0","0.0","34576000.0","0.0","1577.23345018462","0.0","1","observed","1","1","1","0"
"2017","30230","대전광역시","대덕구","대전광역시 대덕구","0.9241605732","0.8686007509","0.3095802248","0.2559731918","11.896655011925418","12.945441388154002","0.0","18772000.0","53579000.0","127.89744823706026","0.0","1","observed","1","1","1","0"
"2017","31110","울산광역시","중구","울산광역시 중구","1.1462910504","1.088706795","0.4572831222","0.4027105546","13.770673855584052","12.600455499896535","0.0","760409840.0","235954000.0","795.2808314037114","0.0","1","observed","1","1","1","0"
"2017","31140","울산광역시","남구","울산광역시 남구","0.9666295214","0.9106013011","0.3377950389","0.2839735586","12.202268602130154","12.951533744446305","0.0","88159000.0","186496000.0","442.477217492871","0.0","1","observed","1","1","1","0"
"2017","31170","울산광역시","동구","울산광역시 동구","-0.0318209419","-0.0623758287","-0.3212040487","-0.3646778612","14.381912597831594","0.0","0.0","1543610000.0","0.0","876.0977186640777","0.0","1","observed","1","1","1","0"
"2017","31200","울산광역시","북구","울산광역시 북구","-0.1106680291","-0.1403660674","-0.004469025","-0.0335614517","13.806245996731555","0.0","1.4043002114220589","3224477000.0","0.0","3254.4924595423768","1.0","1","observed","1","1","1","0"
"2017","31710","울산광역시","울주군","울산광역시 울주군","-0.1953100508","-0.2240882659","0.1712602484","0.1513805954","13.188270283347778","0.0","2.2868012587571425","8454753010.0","0.0","15831.01382974732","14.0","1","observed","1","1","1","0"
"2017","36110","세종특별자치시","세종시","세종특별자치시","","","","","","","2.18588341511161","","","1266.0621896527832","1.0","0","metropolitan_headquarters","0","0","1","0"
"2017","41111","경기도","수원시 장안구","경기도 수원시 장안구","","","","","","","0.0","","","115.40834556044857","0.0","0","city_district_granularity","0","0","1","0"
"2017","41113","경기도","수원시 권선구","경기도 수원시 권선구","","","","","","","0.0","","","253.7072431722083","0.0","0","city_district_granularity","0","0","1","0"
"2017","41115","경기도","수원시 팔달구","경기도 수원시 팔달구","","","","","","","0.0","","","26.09973735007635","0.0","0","city_district_granularity","0","0","1","0"
"2017","41117","경기도","수원시 영통구","경기도 수원시 영통구","","","","","","","0.0","","","26.157524481531816","0.0","0","city_district_granularity","0","0","1","0"
"2017","41131","경기도","성남시 수정구","경기도 성남시 수정구","","","","","","","0.0","","","71.5983676018642","0.0","0","city_district_granularity","0","0","1","0"
"2017","41133","경기도","성남시 중원구","경기도 성남시 중원구","","","","","","","5.668833403165514","","","34.63846709358737","1.0","0","city_district_granularity","0","0","1","0"
"2017","41135","경기도","성남시 분당구","경기도 성남시 분당구","","","","","","","0.0","","","97.95033572861928","0.0","0","city_district_granularity","0","0","1","0"
"2017","41150","경기도","의정부시","경기도 의정부시","-0.1511668136","-0.1804247429","-0.4004988704","-0.4433771374","13.510562307487358","0.0","0.0","210941000.0","0.0","286.15341427612697","0.0","1","observed","1","1","1","0"
"2017","41171","경기도","안양시 만안구","경기도 안양시 만안구","","","","","","","0.0","","","265.8049176907011","0.0","0","city_district_granularity","0","0","1","0"
"2017","41173","경기도","안양시 동안구","경기도 안양시 동안구","","","","","","","0.0","","","127.51675699944526","0.0","0","city_district_granularity","0","0","1","0"
"2017","41190","경기도","부천시","경기도 부천시","-2.0016623643","-2.0108105573","-1.6299902017","-1.663634347","0.0","0.0","0.0","0.0","0.0","35.10405032799517","0.0","1","observed","1","1","1","0"
"2017","41210","경기도","광명시","경기도 광명시","-2.0016623643","-2.0108105573","-1.6299902017","-1.663634347","0.0","0.0","0.0","0.0","0.0","42.54530963524327","0.0","1","observed","1","1","1","0"
"2017","41220","경기도","평택시","경기도 평택시","-0.1222446779","-0.1518169102","-0.3812826582","-0.4243052489","13.72172429443529","0.0","0.0","618970000.0","0.0","679.8309525670219","0.0","1","observed","1","1","1","0"
"2017","41250","경기도","동두천시","경기도 동두천시","1.1355150115","1.0788729181","0.4503707089","0.3961546366","14.226278917706612","11.869704039462228","0.0","937615000.0","88833000.0","621.7709145937123","0.0","1","observed","1","1","1","0"
"2017","41271","경기도","안산시 상록구","경기도 안산시 상록구","","","","","","","5.005618997732435","","","67.45388059852978","1.0","0","city_district_granularity","0","0","1","0"
"2017","41273","경기도","안산시 단원구","경기도 안산시 단원구","","","","","","","3.574586113436977","","","865.0556360091556","3.0","0","city_district_granularity","0","0","1","0"
"2017","41281","경기도","고양시 덕양구","경기도 고양시 덕양구","","","","","","","0.0","","","355.8002227264187","0.0","0","city_district_granularity","0","0","1","0"
"2017","41285","경기도","고양시 일산동구","경기도 고양시 일산동구","","","","","","","0.0","","","37.31277505696144","0.0","0","city_district_granularity","0","0","1","0"
"2017","41287","경기도","고양시 일산서구","경기도 고양시 일산서구","","","","","","","0.0","","","3.388930813065514","0.0","0","city_district_granularity","0","0","1","0"
"2017","41290","경기도","과천시","경기도 과천시","0.8663266877","0.8146569502","1.2772010591","1.2631665632","13.586514392119861","10.056653847118247","3.8237175555317333","177632000.0","5206000.0","223.34360555692547","1.0","1","observed","1","1","1","0"
"2017","41310","경기도","구리시","경기도 구리시","1.036029617","0.9789601761","0.3838192504","0.3295461419","12.523087222510654","13.205760112181801","0.0","44251000.0","87580000.0","161.14505903434895","0.0","1","observed","1","1","1","0"
"2017","41360","경기도","남양주시","경기도 남양주시","0.8284316862","0.776289743","0.8448715984","0.8152828176","12.737377325088701","10.83962823217105","2.2757443742447476","1168481000.0","175159000.0","3434.395016144184","3.0","1","observed","1","1","1","0"
"2017","41370","경기도","오산시","경기도 오산시","-0.1706936342","-0.1997393613","-0.4134727231","-0.4562535497","13.367995995072757","0.0","0.0","119118000.0","0.0","186.35076400480355","0.0","1","observed","1","1","1","0"
"2017","41390","경기도","시흥시","경기도 시흥시","1.2646795034","1.2044716872","0.5355410474","0.4798871494","13.769228406916517","13.78464159403574","0.0","134942000.0","137038000.0","141.33433515643677","0.0","1","observed","1","1","1","0"
"2017","41410","경기도","군포시","경기도 군포시","1.4276039469","1.3649012199","0.6435728565","0.5868401711","14.489664427004117","14.426220192621056","0.0","105037000.0","98580000.0","53.525560683214096","0.0","1","observed","1","1","1","0"
"2017","41430","경기도","의왕시","경기도 의왕시","1.2143304641","1.1548839798","0.5021527459","0.4468286778","13.540322630678823","13.594944457458789","0.0","106339000.0","112309000.0","140.02505183745703","0.0","1","observed","1","1","1","0"
"2017","41450","경기도","하남시","경기도 하남시","1.2181082117","1.1590544029","0.5047927393","0.4496089598","13.84877389315905","13.210791198166634","0.0","178141000.0","94122000.0","172.3130711920396","0.0","1","observed","1","1","1","0"
"2017","41461","경기도","용인시 처인구","경기도 용인시 처인구","","","","","","","3.0090012309611636","","","2076.0727432002136","4.0","0","city_district_granularity","0","0","1","0"
"2017","41463","경기도","용인시 기흥구","경기도 용인시 기흥구","","","","","","","3.442809018477251","","","330.3089577168603","1.0","0","city_district_granularity","0","0","1","0"
"2017","41465","경기도","용인시 수지구","경기도 용인시 수지구","","","","","","","0.0","","","79.2663751414894","0.0","0","city_district_granularity","0","0","1","0"
"2017","41480","경기도","파주시","경기도 파주시","1.0126402682","0.956522368","0.3684881268","0.3145876032","12.803911875824436","12.588106026098446","0.0","139360000.0","112309000.0","383.2401994607623","0.0","1","observed","1","1","1","0"
"2017","41500","경기도","이천시","경기도 이천시","0.8769003079","0.8228682146","1.2881225195","1.2733838241","12.208332635931901","12.04721749792898","3.84110346687409","131943000.0","112309000.0","658.2290176450433","3.0","1","observed","1","1","1","0"
"2017","41550","경기도","안성시","경기도 안성시","0.6184612197","0.5690145577","0.7032754152","0.6748022454","11.472133588416414","10.473403687442833","2.2673242325901652","221879000.0","81727000.0","2311.1940487582983","2.0","1","observed","1","1","1","0"
"2017","41570","경기도","김포시","경기도 김포시","1.3674438804","1.3058448508","0.6037366579","0.5474692584","14.341790411865825","14.02772226074518","0.0","119895560.0","87580000.0","70.8341881331828","0.0","1","observed","1","1","1","0"
"2017","41590","경기도","화성시","경기도 화성시","0.4195986286","0.3716439936","0.588858305","0.5618106985","9.586967415929763","11.065985661457702","2.335462113253623","31224000.0","137038000.0","2142.6502823392866","2.0","1","observed","1","1","1","0"
"2017","41610","경기도","광주시","경기도 광주시","0.9990536767","0.9440478631","1.1001251123","1.0747028708","13.329256338455236","11.733904319047602","2.8167078386844038","1173392370.0","238006000.0","1908.1894503644528","3.0","1","observed","1","1","1","0"
"2017","41630","경기도","양주시","경기도 양주시","0.6156883412","0.565652758","0.1052786632","0.0540078632","11.051007656220074","11.021699661344792","0.0","144548000.0","140373000.0","2294.179185953983","0.0","1","observed","1","1","1","0"
"2017","41650","경기도","포천시","경기도 포천시","-0.4904564233","-0.5160272188","-0.4150947093","-0.4482903749","11.033391578925249","0.0","0.8020973174200708","503215000.0","0.0","8128.670398484328","1.0","1","observed","1","1","1","0"
"2017","41670","경기도","여주시","경기도 여주시","-2.0016623643","-2.0108105573","-1.1677824042","-1.1839111156","0.0","0.0","1.758439110009327","0.0","0.0","2081.870864151668","1.0","1","observed","1","1","1","0"
"2017","41800","경기도","연천군","경기도 연천군","1.0751805866","1.018633572","0.4101157571","0.3559950725","13.422754129857054","12.3662165821526","0.0","255367000.0","88780000.0","378.21379665028775","0.0","1","observed","1","1","1","0"
"2017","41820","경기도","가평군","경기도 가평군","0.1485090146","0.1061615501","0.0908785277","0.0540843401","9.331028140512949","8.708981124555171","1.1231323643669833","163151000.0","87580000.0","14461.528634104574","3.0","1","observed","1","1","1","0"
"2017","41830","경기도","양평군","경기도 양평군","0.3082753411","0.2635167599","0.186927995","0.1487138125","10.060444683651351","9.306740337018464","1.085472722801166","238652000.0","112309000.0","10199.71478015457","2.0","1","observed","1","1","1","0"
"2017","43111","충청북도","청주시 상당구","충청북도 청주시 상당구","","","","","","","1.8475873797243378","","","3742.168912140501","2.0","0","city_district_granularity","0","0","1","0"
"2017","43112","충청북도","청주시 서원구","충청북도 청주시 서원구","","","","","","","5.101273570961163","","","245.0515906553315","4.0","0","city_district_granularity","0","0","1","0"
"2017","43113","충청북도","청주시 흥덕구","충청북도 청주시 흥덕구","","","","","","","5.568352028466287","","","229.8833210329101","6.0","0","city_district_granularity","0","0","1","0"
"2017","43114","충청북도","청주시 청원구","충청북도 청주시 청원구","","","","","","","3.669652639598743","","","523.0361645621886","2.0","0","city_district_granularity","0","0","1","0"
"2017","43130","충청북도","충주시","충청북도 충주시","0.4007404212","0.3549800952","0.6403408256","0.616520397","10.737540029882167","9.304000662915827","2.57672339293489","378902000.0","90348000.0","8227.766231707934","10.0","1","observed","1","1","1","0"
"2017","43150","충청북도","제천시","충청북도 제천시","0.0570109223","0.0177110158","0.3398237759","0.315953755","9.992604251933312","6.890439228852305","2.2991674262882356","317003000.0","14236000.0","14499.410632856823","13.0","1","observed","1","1","1","0"
"2017","43720","충청북도","보은군","충청북도 보은군","0.0698432841","0.0275761754","0.3072821866","0.2807864591","8.255128961624445","9.39497397629566","2.1461533573803075","30559000.0","95553000.0","7945.021565993795","6.0","1","observed","1","1","1","0"
"2017","43730","충청북도","옥천군","충청북도 옥천군","0.2374161435","0.1945392923","-0.1451362542","-0.1934011139","10.262993189520046","8.322119988661006","0.0","99165000.0","14235000.0","3461.084989142923","0.0","1","observed","1","1","1","0"
"2017","43740","충청북도","영동군","충청북도 영동군","0.3326540818","0.2872675269","0.4672340725","0.4387775901","10.003338416267395","9.628288552219463","2.0906703197366467","218175620.0","149939200.0","9872.59214026753","7.0","1","observed","1","1","1","0"
"2017","43745","충청북도","증평군","충청북도 증평군","0.6802620622","0.6281160275","0.1477599435","0.0956500429","10.61022271409293","12.269396720128418","0.0","18183000.0","95553000.0","448.4510789032455","0.0","1","observed","1","1","1","0"
"2017","43750","충청북도","진천군","충청북도 진천군","0.3352826505","0.2910305627","0.6523635419","0.6312567876","10.775674079934143","8.598192315664567","2.7870126005516918","125631000.0","14235000.0","2625.9720702166314","4.0","1","observed","1","1","1","0"
"2017","43760","충청북도","괴산군","충청북도 괴산군","-0.0626158141","-0.100602126","0.045874695","0.0144791676","9.128000506785748","6.878407121033375","1.483223893840756","135137000.0","14236000.0","14675.103804458691","5.0","1","observed","1","1","1","0"
"2017","43770","충청북도","음성군","충청북도 음성군","0.4380386873","0.3909528837","0.7572574088","0.7364151746","10.413995895834816","10.118975693612176","2.9282949162595266","94152000.0","70097000.0","2825.541113033934","5.0","1","observed","1","1","1","0"
"2017","43800","충청북도","단양군","충청북도 단양군","0.2157467025","0.1716699014","0.0557956139","0.0152884512","9.175238499041768","9.593484242638585","0.8208431204074615","151744060.0","230552000.0","15718.142896565196","2.0","1","observed","1","1","1","0"
"2017","44131","충청남도","천안시 동남구","충청남도 천안시 동남구","","","","","","","2.61139734356423","","","2377.543308260854","3.0","0","city_district_granularity","0","0","1","0"
"2017","44133","충청남도","천안시 서북구","충청남도 천안시 서북구","","","","","","","0.0","","","175.33501711721496","0.0","0","city_district_granularity","0","0","1","0"
"2017","44150","충청남도","공주시","충청남도 공주시","0.4139999456","0.3679782484","0.6410932382","0.6168596101","10.758403413561904","9.40787283648265","2.546203388933251","359910000.0","93248000.0","7653.9903926024035","9.0","1","observed","1","1","1","0"
"2017","44180","충청남도","보령시","충청남도 보령시","0.3745053222","0.3290410814","0.3450340372","0.3108182808","10.553108302056295","9.294273293778499","1.5195504097465728","429058444.0","121838000.0","11203.948179471963","4.0","1","observed","1","1","1","0"
"2017","44200","충청남도","아산시","충청남도 아산시","0.6072398804","0.558671299","0.8506189092","0.8283367146","11.87985659631204","9.803695127467911","2.855384856138697","440534000.0","55245000.0","3052.293388394725","5.0","1","observed","1","1","1","0"
"2017","44210","충청남도","서산시","충청남도 서산시","-0.6769493741","-0.7004935103","-0.5848980011","-0.6189022555","9.671797041997557","0.0","0.6274922460749682","181724000.0","0.0","11455.962398752716","1.0","1","observed","1","1","1","0"
"2017","44230","충청남도","논산시","충청남도 논산시","0.6519246019","0.6013130186","0.9252665979","0.9039113997","11.197574919425458","11.183085382477012","3.028203052823415","222641000.0","219438250.0","3051.870483159969","6.0","1","observed","1","1","1","0"
"2017","44250","충청남도","계룡시","충청남도 계룡시","0.4980469864","0.4496392377","0.0272210777","-0.0233344837","10.418363178679531","10.712236203939845","0.0","23883000.0","32042000.0","713.6154039255124","0.0","1","observed","1","1","1","0"
"2017","44270","충청남도","당진시","충청남도 당진시","0.1870896189","0.1441039907","0.4532697615","0.4289667114","9.470954176841076","8.902860493477093","2.404554933837705","77289500.0","43790000.0","5956.2213296062455","6.0","1","observed","1","1","1","0"
"2017","44710","충청남도","금산군","충청남도 금산군","0.4498718128","0.402824246","0.5617283448","0.5331788414","10.608424091721526","9.97121469872949","2.154316496001003","212403000.0","112309000.0","5247.969858106501","4.0","1","observed","1","1","1","0"
"2017","44760","충청남도","부여군","충청남도 부여군","-0.4511294429","-0.4771276133","-0.0478432329","-0.0683082677","11.320519866433136","0.0","2.0998741030756527","460542000.0","0.0","5582.583103160097","4.0","1","observed","1","1","1","0"
"2017","44770","충청남도","서천군","충청남도 서천군","0.4850464934","0.4376619558","0.2923403488","0.252537294","10.894558247779463","9.93111016431739","1.040484536129546","294339000.0","112309000.0","5462.725027978422","1.0","1","observed","1","1","1","0"
"2017","44790","충청남도","청양군","충청남도 청양군","-0.5366339964","-0.5617029703","-0.2473172258","-0.2727618502","10.69624676416527","0.0","1.5571192779403842","353969000.0","0.0","8010.39828619605","3.0","1","observed","1","1","1","0"
"2017","44800","충청남도","홍성군","충청남도 홍성군","-0.7682992425","-0.7908506599","-0.2804484337","-0.3001596767","9.004846998293285","0.0","2.0166566713287986","50000000.0","0.0","6141.408460067389","4.0","1","observed","1","1","1","0"
"2017","44810","충청남도","예산군","충청남도 예산군","0.4358818863","0.3893506038","0.4700213294","0.4385481345","10.742161906329807","9.648596530470034","1.840370301417983","261933000.0","87749000.0","5661.584119989491","3.0","1","observed","1","1","1","0"
"2017","44825","충청남도","태안군","충청남도 태안군","-0.6362201275","-0.6602068773","-0.5780915375","-0.6130665826","9.9691633465966","0.0","0.5504352063403257","290959000.0","0.0","13623.83890554806","1.0","1","observed","1","1","1","0"
"2017","45111","전라북도","전주시 완산구","전라북도 전주시 완산구","","","","","","","0.0","","","409.1654591119113","0.0","0","city_district_granularity","0","0","1","0"
"2017","45113","전라북도","전주시 덕진구","전라북도 전주시 덕진구","","","","","","","0.0","","","110.8834911803561","0.0","0","city_district_granularity","0","0","1","0"
"2017","45130","전라북도","군산시","전라북도 군산시","-0.1890655607","-0.2179116361","0.0192795745","-0.0065477932","13.233861623923872","0.0","1.6928165301878575","1260438200.0","0.0","2254.9102265247807","1.0","1","observed","1","1","1","0"
"2017","45140","전라북도","익산시","전라북도 익산시","0.7273543789","0.6759645007","0.179428707","0.127549025","11.77511187091903","11.146402512356493","0.0","292617685.0","156046000.0","2251.3229684613457","0.0","1","observed","1","1","1","0"
"2017","45180","전라북도","정읍시","전라북도 정읍시","0.4483536247","0.4016996519","0.5726425165","0.5446864849","10.841535296308852","9.637221698201476","2.1992462441979583","509827000.0","152889000.0","9977.284956948184","8.0","1","observed","1","1","1","0"
"2017","45190","전라북도","남원시","전라북도 남원시","-0.0529612137","-0.0931048391","0.1084888651","0.0784451184","7.869420745669748","8.696210642064486","1.699371888662432","52646000.0","120373000.0","20131.930252455182","9.0","1","observed","1","1","1","0"
"2017","45210","전라북도","김제시","전라북도 김제시","0.5328119198","0.4838305793","0.050260624","-0.0005402559","10.545393699467912","10.885650413062573","0.0","90055000.0","126556000.0","2369.806933246794","0.0","1","observed","1","1","1","0"
"2017","45710","전라북도","완주군","전라북도 완주군","-0.5457277784","-0.5706979282","-0.3711446325","-0.4010073732","10.629852598433775","0.0","1.10901252496341","203558000.0","0.0","4922.801803117838","1.0","1","observed","1","1","1","0"
"2017","45720","전라북도","진안군","전라북도 진안군","0.2737089242","0.2292230826","0.2779610946","0.2442028404","9.741437833039873","9.397879788809988","1.5192934275195018","95304000.0","67592000.0","5603.817299287868","2.0","1","observed","1","1","1","0"
"2017","45730","전라북도","무주군","전라북도 무주군","-0.643358075","-0.6672672551","-0.0789072418","-0.0947502851","9.917048828682317","0.0","2.467591638486618","131466000.0","0.0","6485.079268680864","7.0","1","observed","1","1","1","0"
"2017","45740","전라북도","장수군","전라북도 장수군","-0.2573523673","-0.2962126614","0.2700418865","0.2519528552","5.7698392700597205","9.526846935632914","2.8317010740253656","2000000.0","85902000.0","6260.050966131462","10.0","1","observed","1","1","1","0"
"2017","45750","전라북도","임실군","전라북도 임실군","0.435782809","0.3891875413","0.3606672238","0.3250298949","10.69930648121126","9.706221702917723","1.424664447822283","421270000.0","156046000.0","9504.30940080018","3.0","1","observed","1","1","1","0"
"2017","45770","전라북도","순창군","전라북도 순창군","0.4685481292","0.4212632092","0.4469288198","0.4134533141","10.722508596537034","10.001677043506131","1.670400151889266","420597810.0","204552000.0","9271.505594998516","4.0","1","observed","1","1","1","0"
"2017","45790","전라북도","고창군","전라북도 고창군","0.0782531921","0.0365904057","-0.0722173523","-0.1131006202","8.767053738383957","8.778780446810865","0.6803211528310366","65861000.0","66638000.0","10261.548919578408","1.0","1","observed","1","1","1","0"
"2017","45800","전라북도","부안군","전라북도 부안군","0.3231344199","0.2784596121","-0.088443728","-0.1374542341","10.327748090476877","9.089522622600926","0.0","220019000.0","63778000.0","7197.644415441628","0.0","1","observed","1","1","1","0"
"2017","46110","전라남도","목포시","전라남도 목포시","0.1389814559","0.0946227305","0.5974085562","0.5793449083","7.891987432585192","10.582055916936289","3.0766871210233","1293000.0","19056000.0","483.4084851141503","1.0","1","observed","1","1","1","0"
"2017","46130","전라남도","여수시","전라남도 여수시","-0.5979038009","-0.6223069425","-0.2076965359","-0.2297913365","10.248912800067176","0.0","1.8627259671043552","311517000.0","0.0","11026.834332748904","6.0","1","observed","1","1","1","0"
"2017","46150","전라남도","순천시","전라남도 순천시","0.3358407268","0.2904582677","0.5640595746","0.5391899433","10.051681879367","9.593989221398136","2.4509374807946314","372003000.0","235376000.0","16038.922630022427","17.0","1","observed","1","1","1","0"
"2017","46170","전라남도","나주시","전라남도 나주시","-0.1083594186","-0.1472552517","0.3689277469","0.3506542315","7.883135340102114","8.124254751881708","2.8294886949401796","14972000.0","19056000.0","5647.307308823615","9.0","1","observed","1","1","1","0"
"2017","46230","전라남도","광양시","전라남도 광양시","0.4934118615","0.4456697135","0.5572310707","0.5271188962","10.782926022538302","10.167327924047243","2.027402744421481","292311000.0","157938000.0","6065.811363469913","4.0","1","observed","1","1","1","0"
"2017","46710","전라남도","담양군","전라남도 담양군","-0.1940381829","-0.2335722909","0.2642664745","0.2440535776","6.241317492959827","9.514239037380754","2.6496726783976863","3508000.0","92744000.0","6844.415383359256","9.0","1","observed","1","1","1","0"
"2017","46720","전라남도","곡성군","전라남도 곡성군","-0.2779171063","-0.3154129605","0.0441475128","0.0185242481","6.358545036711927","8.516301509870505","2.0229813885835446","7907000.0","68514000.0","13717.76998448934","9.0","1","observed","1","1","1","0"
"2017","46730","전라남도","구례군","전라남도 구례군","-0.2129001949","-0.2501860342","-0.0493169179","-0.080117579","7.426778227141951","7.704498605822452","1.5020128749528396","14433000.0","19056000.0","8594.217402807397","3.0","1","observed","1","1","1","0"
"2017","46770","전라남도","고흥군","전라남도 고흥군","0.0973840282","0.0555706317","0.4017000164","0.378219147","8.943827426396153","8.728039837176924","2.4348859895316632","110319000.0","88904000.0","14402.971946490505","15.0","1","observed","1","1","1","0"
"2017","46780","전라남도","보성군","전라남도 보성군","0.2911630716","0.2465418616","0.718873337","0.7013162704","9.904040648603214","9.349777912499304","3.1525340188567186","178699000.0","102658000.0","8930.45575659835","20.0","1","observed","1","1","1","0"
"2017","46790","전라남도","화순군","전라남도 화순군","-0.0757605824","-0.1161049148","0.2351000401","0.2103826007","7.412544048112249","9.093422430900711","2.239197425434422","23692000.0","127295000.0","14309.912581105747","12.0","1","observed","1","1","1","0"
"2017","46800","전라남도","장흥군","전라남도 장흥군","-0.0300245635","-0.0686334963","0.3696954666","0.3494925149","9.192114272878232","7.116168239308317","2.6331035403726175","76012000.0","9528000.0","7741.79887330564","10.0","1","observed","1","1","1","0"
"2017","46810","전라남도","강진군","전라남도 강진군","-0.3491881692","-0.3812066403","-0.0227758051","-0.047112918","8.883623748320588","4.350979910133976","1.9431655609687355","36175080.0","384000.0","5016.039434864496","3.0","1","observed","1","1","1","0"
"2017","46820","전라남도","해남군","전라남도 해남군","-0.3959160763","-0.4271152564","0.0951590058","0.0768114913","8.74417149422106","4.075094807958806","2.5096002206284407","83270000.0","768000.0","13274.322437384442","15.0","1","observed","1","1","1","0"
"2017","46830","전라남도","영암군","전라남도 영암군","-0.1760389423","-0.2145844626","-0.0912838685","-0.1250923612","7.139575893039225","8.46540400728926","1.25015748824723","5058000.0","19056000.0","4014.624975692837","1.0","1","observed","1","1","1","0"
"2017","46840","전라남도","무안군","전라남도 무안군","0.481457468","0.4341749216","0.0164820491","-0.0336440277","10.909144003725329","9.875321362162921","0.0","249988000.0","88904000.0","4572.4194381640045","0.0","1","observed","1","1","1","0"
"2017","46860","전라남도","함평군","전라남도 함평군","-0.0591091976","-0.0990624279","0.0899328633","0.0594153473","7.904563010983181","8.586752765639234","1.6441761966750719","12970000.0","25662000.0","4788.419458839836","2.0","1","observed","1","1","1","0"
"2017","46870","전라남도","영광군","전라남도 영광군","-0.1935211818","-0.2303779794","-0.0100944293","-0.0397659515","7.982475277158482","7.137972352489641","1.6015182518664863","22180000.0","9528000.0","7574.690067421648","3.0","1","observed","1","1","1","0"
"2017","46880","전라남도","장성군","전라남도 장성군","-0.1122964493","-0.1499468939","0.1798294879","0.1549364257","8.633160680710509","7.059109878246225","2.118657054282761","46015000.0","9528000.0","8196.769762521515","6.0","1","observed","1","1","1","0"
"2017","46890","전라남도","완도군","전라남도 완도군","-0.7239962703","-0.7509937643","-0.5219291606","-0.553537516","6.760933559987209","3.51146486587251","0.9904952944375216","10191000.0","384000.0","11816.365950168814","2.0","1","observed","1","1","1","0"
"2017","46900","전라남도","진도군","전라남도 진도군","-0.6966622584","-0.7199921705","-0.1020075281","-0.1171178758","9.527872269054896","0.0","2.514445715392703","120921000.0","0.0","8803.005935440742","10.0","1","observed","1","1","1","0"
"2017","46910","전라남도","신안군","전라남도 신안군","0.0719411716","0.0327315203","-0.2545195725","-0.3012729619","10.265125560010652","6.666795544543242","0.0","387591000.0","10595000.0","13498.994568100252","0.0","1","observed","1","1","1","0"
"2017","47111","경상북도","포항시 남구","경상북도 포항시 남구","","","","","","","2.4146967785757627","","","6871.922554782899","7.0","0","city_district_granularity","0","0","1","0"
"2017","47113","경상북도","포항시 북구","경상북도 포항시 북구","","","","","","","1.8594363863749601","","","14759.8282065478","8.0","0","city_district_granularity","0","0","1","0"
"2017","47130","경상북도","경주시","경상북도 경주시","-0.3242631103","-0.3516399646","-0.118326509","-0.1452898307","12.246777425112464","0.0","1.5110436439453665","5898638500.0","0.0","28316.91969267933","10.0","1","observed","1","1","1","0"
"2017","47150","경상북도","김천시","경상북도 김천시","-0.5197872521","-0.5450393031","-0.2122257417","-0.2368488028","10.819245703279893","0.0","1.6480388087617812","595366000.0","0.0","11913.901707927653","5.0","1","observed","1","1","1","0"
"2017","47170","경상북도","안동시","경상북도 안동시","0.5371274367","0.4906699683","0.4181705837","0.3820955569","12.241653838901799","8.60872287348735","1.385849107822605","10368321793.0","274075000.0","50029.694570666376","15.0","1","observed","1","1","1","0"
"2017","47190","경상북도","구미시","경상북도 구미시","-0.3093270771","-0.3368662444","-0.0639497908","-0.0893030899","12.355826165075017","0.0","1.6801623033531565","2660168000.0","0.0","11451.010463493902","5.0","1","observed","1","1","1","0"
"2017","47210","경상북도","영주시","경상북도 영주시","-0.5308962505","-0.5560275776","-0.2265648252","-0.251396131","10.73813834002555","0.0","1.6215670524820092","680803000.0","0.0","14774.631531327144","6.0","1","observed","1","1","1","0"
"2017","47230","경상북도","영천시","경상북도 영천시","0.1682607935","0.1265710073","0.1189311301","0.0829142835","10.040128190807788","7.936363751767661","1.1789350432279222","509290000.0","62112000.0","22213.23543987101","5.0","1","observed","1","1","1","0"
"2017","47250","경상북도","상주시","경상북도 상주시","0.297279711","0.2530259161","0.387146386","0.3569882183","10.229669903541708","8.965485658285099","1.8745447882010968","502231000.0","141852000.0","18122.996070191883","10.0","1","observed","1","1","1","0"
"2017","47280","경상북도","문경시","경상북도 문경시","-0.5628644933","-0.5876484146","-0.2572632918","-0.2822935004","10.504736570316632","0.0","1.5855832518626445","563920000.0","0.0","15455.400865428795","6.0","1","observed","1","1","1","0"
"2017","47290","경상북도","경산시","경상북도 경산시","-0.4920202623","-0.5175740632","-0.1319940769","-0.1544144235","11.021973910750896","0.0","1.8830879532423734","439224000.0","0.0","7176.467286347215","4.0","1","observed","1","1","1","0"
"2017","47730","경상북도","의성군","경상북도 의성군","0.1916006633","0.1497718504","0.0592880766","0.0203476794","10.284753517976068","7.8348513603776535","0.8928998160097805","1015175160.0","87580000.0","34669.223390941406","5.0","1","observed","1","1","1","0"
"2017","47750","경상북도","청송군","경상북도 청송군","-0.6290545495","-0.6531191691","-0.3840950111","-0.4119347004","10.021479597207362","0.0","1.2703696947139036","526984000.0","0.0","23417.65688293314","6.0","1","observed","1","1","1","0"
"2017","47760","경상북도","영양군","경상북도 영양군","0.1767973394","0.1347799773","0.100381095","0.0633202748","9.950399820682597","8.14433236168818","1.0870525070422863","533182000.0","87580000.0","25438.55654523308","5.0","1","observed","1","1","1","0"
"2017","47770","경상북도","영덕군","경상북도 영덕군","-0.6364233944","-0.6604079352","-0.4488380657","-0.478908899","9.967679285262415","0.0","1.0426853227356148","464387000.0","0.0","21776.71201043028","4.0","1","observed","1","1","1","0"
"2017","47820","경상북도","청도군","경상북도 청도군","0.260588212","0.2165565351","0.1841407073","0.1473337244","9.847411929821257","9.121914663008573","1.1951699949360692","328253000.0","158893000.0","17360.21140662715","4.0","1","observed","1","1","1","0"
"2017","47830","경상북도","고령군","경상북도 고령군","-0.5677712377","-0.5925018364","-0.3969138464","-0.4270881067","10.468912178841355","0.0","1.066694752795173","369437000.0","0.0","10494.504420896628","2.0","1","observed","1","1","1","0"
"2017","47840","경상북도","성주군","경상북도 성주군","0.2640390913","0.2209414721","0.2574034019","0.2236140527","10.501759191774536","8.261405875707824","1.464062294395618","437834634.0","46584000.0","12035.551161974026","4.0","1","observed","1","1","1","0"
"2017","47850","경상북도","칠곡군","경상북도 칠곡군","0.31127327","0.2673505647","0.2863774473","0.2521502553","10.64471775173297","8.537550859071356","1.4552533242713042","383215000.0","46584000.0","9130.838616900546","3.0","1","observed","1","1","1","0"
"2017","47900","경상북도","예천군","경상북도 예천군","-0.5411720341","-0.5661916921","-0.3898686168","-0.4205783437","10.663114319753292","0.0","1.0262627536184348","477473000.0","0.0","11169.33375496292","2.0","1","observed","1","1","1","0"
"2017","47920","경상북도","봉화군","경상북도 봉화군","-0.6785560852","-0.7020827609","-0.4903180752","-0.5206897377","9.660066362582699","0.0","0.991376644129919","647484000.0","0.0","41299.35083515478","7.0","1","observed","1","1","1","0"
"2017","47930","경상북도","울진군","경상북도 울진군","0.0457899343","0.0056768673","-0.0271558903","-0.0649266218","9.305135985202938","7.718657398697977","0.9324472781453266","428112000.0","87580000.0","38942.84651856584","6.0","1","observed","1","1","1","0"
"2017","47940","경상북도","울릉군","경상북도 울릉군","-2.0016623643","-2.0108105573","-1.6299902017","-1.663634347","0.0","0.0","0.0","0.0","0.0","626.9992741646664","0.0","1","observed","1","1","1","0"
"2017","48121","경상남도","창원시 의창구","경상남도 창원시 의창구","","","","","","","1.5883425275559249","","","2566.98032563519","1.0","0","city_district_granularity","0","0","1","0"
"2017","48123","경상남도","창원시 성산구","경상남도 창원시 성산구","","","","","","","0.0","","","1352.9747995789487","0.0","0","city_district_granularity","0","0","1","0"
"2017","48125","경상남도","창원시 마산합포구","경상남도 창원시 마산합포구","","","","","","","1.588548674076729","","","7698.94625205914","3.0","0","city_district_granularity","0","0","1","0"
"2017","48127","경상남도","창원시 마산회원구","경상남도 창원시 마산회원구","","","","","","","1.664538104697602","","","2334.6853728937867","1.0","0","city_district_granularity","0","0","1","0"
"2017","48129","경상남도","창원시 진해구","경상남도 창원시 진해구","","","","","","","0.0","","","2231.301133458337","0.0","0","city_district_granularity","0","0","1","0"
"2017","48170","경상남도","진주시","경상남도 진주시","0.3782873895","0.3310224174","0.4555364496","0.4247684617","9.44123793204775","10.852776122801325","1.9323962677014748","255934000.0","1049971000.0","20318.18567149176","12.0","1","observed","1","1","1","0"
"2017","48220","경상남도","통영시","경상남도 통영시","0.4751717936","0.4274948854","0.3984204385","0.3627930981","10.563641247375893","10.285107192706418","1.4694754361349491","346889660.0","262556000.0","8963.373091122503","3.0","1","observed","1","1","1","0"
"2017","48240","경상남도","사천시","경상남도 사천시","-0.4670338658","-0.4928591993","-0.1330499812","-0.1562641328","11.20440086467791","0.0","1.8159124349238251","856303000.0","0.0","11657.99620409298","6.0","1","observed","1","1","1","0"
"2017","48250","경상남도","김해시","경상남도 김해시","-0.3660346313","-0.3929575455","-0.0095127689","-0.0310924113","11.941801421677038","0.0","2.0306046997674025","1159987920.0","0.0","7554.36271927702","5.0","1","observed","1","1","1","0"
"2017","48270","경상남도","밀양시","경상남도 밀양시","0.6994855165","0.6492496857","0.5274840814","0.4899374018","12.122844938516367","10.392504205274182","1.3936274810322336","3644778620.0","645926000.0","19805.63873536237","6.0","1","observed","1","1","1","0"
"2017","48310","경상남도","거제시","경상남도 거제시","0.634519115","0.585290791","0.5892086062","0.5560680975","11.843766001814654","10.125463520839588","1.7923268498455212","1669416380.0","299434000.0","11991.832963000526","6.0","1","observed","1","1","1","0"
"2017","48330","경상남도","양산시","경상남도 양산시","0.5882289094","0.539500509","0.665307297","0.6364459358","11.503777112789345","10.128228708861226","2.1988511470847856","741804000.0","187449000.0","7486.289758684128","6.0","1","observed","1","1","1","0"
"2017","48720","경상남도","의령군","경상남도 의령군","0.2054667828","0.1620002437","0.0455727975","0.0051656244","9.423028747206514","9.151920989534384","0.8073672146564502","199179000.0","151877000.0","16103.091847198206","2.0","1","observed","1","1","1","0"
"2017","48730","경상남도","함안군","경상남도 함안군","0.3392788533","0.2936936899","0.3690277665","0.3366048665","9.969713730886093","9.740431921815278","1.7004497817449191","190942000.0","151817000.0","8935.731927519762","4.0","1","observed","1","1","1","0"
"2017","48740","경상남도","창녕군","경상남도 창녕군","0.4476649552","0.4011489511","0.2767110588","0.2376078301","10.921005300829757","9.521651438986929","1.074986465245706","860001000.0","212199000.0","15544.41802785028","3.0","1","observed","1","1","1","0"
"2017","48820","경상남도","고성군","경상남도 고성군","0.230222511","0.1865409919","0.2123857044","0.177572315","9.63877006347838","9.104052600847323","1.379358956265931","258170000.0","151238000.0","16821.68206530507","5.0","1","observed","1","1","1","0"
"2017","48840","경상남도","남해군","경상남도 남해군","0.3231483274","0.2782838971","0.2689453171","0.2334103362","10.205153794538685","9.257337089803423","1.359843992531207","280163000.0","108581000.0","10360.598868676796","3.0","1","observed","1","1","1","0"
"2017","48850","경상남도","하동군","경상남도 하동군","-0.5148356125","-0.5401414741","-0.1387448516","-0.1607327248","10.855397876165986","0.0","1.915075697227141","805723590.0","0.0","15550.883385853002","9.0","1","observed","1","1","1","0"
"2017","48860","경상남도","산청군","경상남도 산청군","0.0632982148","0.0216068193","0.1087278585","0.0750847435","8.534097930785864","8.948062378562032","1.4067351143556297","98960000.0","149717000.0","19464.061070453736","6.0","1","observed","1","1","1","0"
"2017","48870","경상남도","함양군","경상남도 함양군","0.0383814579","-0.003620881","0.2356998739","0.2074132418","7.975475752498467","9.463290341743072","1.9534375452201667","43235000.0","191470000.0","14868.928935227048","9.0","1","observed","1","1","1","0"
"2017","48880","경상남도","거창군","경상남도 거창군","-0.1125883562","-0.1515365815","-0.1406647965","-0.1781567871","7.788571817235443","8.211362353834756","0.9015791325871964","49440763.0","75468000.0","20498.941238220614","3.0","1","observed","1","1","1","0"
"2017","48890","경상남도","합천군","경상남도 합천군","-0.048809658","-0.0885020245","-0.0901462236","-0.1276660344","8.221168644299668","8.256572173305138","0.932617780933752","120619000.0","124967000.0","32443.24934394089","5.0","1","observed","1","1","1","0"
"2017","50110","제주특별자치도","제주시","제주특별자치도 제주시","","","","","","","2.880698718045113","","","9508.683538333917","16.0","0","metropolitan_headquarters","0","0","1","0"
"2017","50130","제주특별자치도","서귀포시","제주특별자치도 서귀포시","","","","","","","2.4147697289219616","","","4908.12289714066","5.0","0","metropolitan_headquarters","0","0","1","0"
"2017","51110","강원특별자치도","춘천시","강원특별자치도 춘천시","0.3646723363","0.3188195972","0.5529604328","0.5267445961","10.160539952505365","9.733009116504181","2.3360125361452164","443023000.0","288897000.0","17130.760052797013","16.0","1","observed","1","1","1","0"
"2017","51130","강원특별자치도","원주시","강원특별자치도 원주시","0.4155788591","0.3686179788","0.1487230566","0.1054555265","10.172855929126024","10.224509023212189","0.6700739166529438","274332000.0","288875000.0","10477.987158381084","1.0","1","observed","1","1","1","0"
"2017","51150","강원특별자치도","강릉시","강원특별자치도 강릉시","0.1375311212","0.0950249684","0.261515121","0.2314195757","9.070861785428928","8.95519422571218","1.800374004003916","241017000.0","214688000.0","27712.288362127525","14.0","1","observed","1","1","1","0"
"2017","51170","강원특별자치도","동해시","강원특별자치도 동해시","-0.0149197313","-0.0560238038","-0.3130818077","-0.360443178","7.792915727884926","9.180725124849197","0.0","11361000.0","45527000.0","4690.028793632587","0.0","1","observed","1","1","1","0"
"2017","51190","강원특별자치도","태백시","강원특별자치도 태백시","0.0321725021","-0.0097679073","0.1647955641","0.1340073434","7.926553336064503","9.468201185728919","1.6993875424570484","12387000.0","57892000.0","4473.676582756398","2.0","1","observed","1","1","1","0"
"2017","51210","강원특별자치도","속초시","강원특별자치도 속초시","0.2296049183","0.1848077653","0.494977527","0.4704925772","8.907464188611577","10.098112569138786","2.457301945571374","13840000.0","45527000.0","1873.839293759796","2.0","1","observed","1","1","1","0"
"2017","51230","강원특별자치도","삼척시","강원특별자치도 삼척시","-0.3564068056","-0.3917749634","-0.3300736394","-0.3670569553","6.61096527794812","7.38727318614615","0.7962272769370019","30489000.0","66314000.0","41079.22020830035","5.0","1","observed","1","1","1","0"
"2017","51720","강원특별자치도","홍천군","강원특별자치도 홍천군","-0.6780912255","-0.701622953","-0.3314298651","-0.3557944589","9.663460326723454","0.0","1.5946813390463785","560859000.0","0.0","35652.81320403021","14.0","1","observed","1","1","1","0"
"2017","51730","강원특별자치도","횡성군","강원특별자치도 횡성군","0.0911048695","0.0483712978","0.0504587611","0.0135055503","8.257917271260158","9.603475292303541","1.1156108655513437","75207000.0","288875000.0","19498.57822394212","4.0","1","observed","1","1","1","0"
"2017","51750","강원특별자치도","영월군","강원특별자치도 영월군","0.0088391886","-0.0308372963","-0.210669187","-0.2542669946","9.058041284986599","7.687631078883674","0.32764390646552816","221471000.0","56235000.0","25793.489291269954","1.0","1","observed","1","1","1","0"
"2017","51760","강원특별자치도","평창군","강원특별자치도 평창군","0.2388969549","0.1947549251","0.1572773538","0.1199837155","9.46493436325727","9.428434148297608","1.148194041316427","299614655.0","288875000.0","23228.863168648888","5.0","1","observed","1","1","1","0"
"2017","51770","강원특별자치도","정선군","강원특별자치도 정선군","0.3481134971","0.3019651841","0.323443326","0.2888603797","9.731709244734004","10.154178612996812","1.5052280802782798","432448000.0","659810000.0","25676.27707683394","9.0","1","observed","1","1","1","0"
"2017","51780","강원특별자치도","철원군","강원특별자치도 철원군","0.9584358733","0.9026722357","1.5816593392","1.5752838835","12.256121049930842","12.796057745377668","4.752710761516938","36600000.0","62802000.0","174.06738674227793","2.0","1","observed","1","1","1","0"
"2017","51790","강원특별자치도","화천군","강원특별자치도 화천군","-0.6487002246","-0.6725513505","-0.281324349","-0.3046768566","9.878045521991348","0.0","1.7110125043433964","85991000.0","0.0","4410.568912950758","2.0","1","observed","1","1","1","0"
"2017","51800","강원특별자치도","양구군","강원특별자치도 양구군","-0.922205366","-0.955254636","-0.0954652303","-0.1078506539","0.0","10.779293673920794","3.123322473156971","0.0","66314000.0","1381.1043984930916","3.0","1","observed","1","1","1","0"
"2017","51810","강원특별자치도","인제군","강원특별자치도 인제군","0.1107495367","0.0698628247","0.0733708699","0.0374258331","9.735559268218696","7.778632364260087","1.150772805942683","469509000.0","66314000.0","27769.62015277217","6.0","1","observed","1","1","1","0"
"2017","51820","강원특별자치도","고성군","강원특별자치도 고성군","-0.5468673234","-0.5718250894","0.1247047173","0.11366664","10.621532722879433","0.0","2.998319144924825","129145000.0","0.0","3149.3079987109445","6.0","1","observed","1","1","1","0"
"2017","51830","강원특별자치도","양양군","강원특별자치도 양양군","-0.0275474069","-0.0676311637","0.1356538555","0.1059923264","8.272581367641662","8.398575188989762","1.738097307680652","58462000.0","66314000.0","14936.47696406484","7.0","1","observed","1","1","1","0"
"2018","11110","서울특별시","종로구","서울특별시 종로구","-0.2452387143","-0.2996174567","-0.4630013641","-0.5265935407","12.823738567044497","0.0","0.0","87662000.0","0.0","236.3380504095327","0.0","1","observed","1","1","1","0"
"2018","11140","서울특별시","중구","서울특별시 중구","0.1620628568","0.1134759597","-0.1923853386","-0.2511979298","15.797468092117407","0.0","0.0","41200000.0","0.0","5.677328911138141","0.0","1","observed","1","1","1","0"
"2018","11170","서울특별시","용산구","서울특별시 용산구","-2.0016623643","-2.0810175237","-1.6299902017","-1.7141935854","0.0","0.0","0.0","0.0","0.0","97.12961906598258","0.0","1","observed","1","1","1","0"
"2018","11200","서울특별시","성동구","서울특별시 성동구","0.2598972003","0.2127015116","-0.1273830331","-0.1850475619","16.51176161870835","0.0","0.0","44449000.0","0.0","2.9984379544998263","0.0","1","observed","1","1","1","0"
"2018","11215","서울특별시","광진구","서울특별시 광진구","-2.0016623643","-2.0810175237","-1.6299902017","-1.7141935854","0.0","0.0","0.0","0.0","0.0","116.90856639083398","0.0","1","observed","1","1","1","0"
"2018","11230","서울특별시","동대문구","서울특별시 동대문구","-2.0016623643","-2.0810175237","-1.6299902017","-1.7141935854","0.0","0.0","0.0","0.0","0.0","9.21884241031151","0.0","1","observed","1","1","1","0"
"2018","11260","서울특별시","중랑구","서울특별시 중랑구","-2.0016623643","-2.0810175237","-0.3556338264","-0.4190388567","0.0","0.0","4.848204860781462","0.0","0.0","79.04433266810034","1.0","1","observed","1","1","1","0"
"2018","11290","서울특별시","성북구","서울특별시 성북구","-2.0016623643","-2.0810175237","-1.6299902017","-1.7141935854","0.0","0.0","0.0","0.0","0.0","145.07422297425637","0.0","1","observed","1","1","1","0"
"2018","11305","서울특별시","강북구","서울특별시 강북구","-2.0016623643","-2.0810175237","-1.6299902017","-1.7141935854","0.0","0.0","0.0","0.0","0.0","115.00982494842624","0.0","1","observed","1","1","1","0"
"2018","11320","서울특별시","도봉구","서울특별시 도봉구","-2.0016623643","-2.0810175237","-1.6299902017","-1.7141935854","0.0","0.0","0.0","0.0","0.0","73.28591370155792","0.0","1","observed","1","1","1","0"
"2018","11350","서울특별시","노원구","서울특별시 노원구","-2.0016623643","-2.0810175237","-1.6299902017","-1.7141935854","0.0","0.0","0.0","0.0","0.0","342.629869805798","0.0","1","observed","1","1","1","0"
"2018","11380","서울특별시","은평구","서울특별시 은평구","0.7399675823","0.7454636577","1.1792499203","1.1778266508","11.70221759397814","11.372055553228137","3.7721619326673594","28450000.0","20450000.0","235.43842164253857","1.0","1","observed","1","1","1","0"
"2018","11410","서울특별시","서대문구","서울특별시 서대문구","-0.1963798356","-0.2500638027","-0.4305389419","-0.4935577714","13.180459730054888","0.0","0.0","51058000.0","0.0","96.35265559778222","0.0","1","observed","1","1","1","0"
"2018","11440","서울특별시","마포구","서울특별시 마포구","0.2917118933","0.2449686109","-0.1062449713","-0.1635361624","16.744042313758584","0.0","0.0","149922000.0","0.0","8.01715368311193","0.0","1","observed","1","1","1","0"
"2018","11470","서울특별시","양천구","서울특별시 양천구","-0.5589051611","-0.6177442533","-0.6714050952","-0.7386780718","10.53364385603769","0.0","0.0","394000.0","0.0","10.490697981839414","0.0","1","observed","1","1","1","0"
"2018","11500","서울특별시","강서구","서울특별시 강서구","1.4431875741","1.4649169815","0.6544373726","0.6497627514","15.706433493798901","12.917627416200354","0.0","176520000.0","10855000.0","26.64259896071815","0.0","1","observed","1","1","1","0"
"2018","11530","서울특별시","구로구","서울특별시 구로구","1.543226012","1.568494134","0.7207265276","0.7188141864","16.053195099206505","13.442320683929047","0.0","150687000.0","11071000.0","16.079101788615233","0.0","1","observed","1","1","1","0"
"2018","11545","서울특별시","금천구","서울특별시 금천구","1.3396558187","1.3605317997","2.1547657698","2.1749505662","14.838365189923012","13.071055917360756","5.969796480460376","71233000.0","12166000.0","25.61304832421682","1.0","1","observed","1","1","1","0"
"2018","11560","서울특별시","영등포구","서울특별시 영등포구","","","","","","","","0.0","0.0","0.0","0.0","1","observed","0","0","1","0"
"2018","11590","서울특별시","동작구","서울특별시 동작구","1.251045792","1.2712441169","0.5266752824","0.5206475083","14.085842977255904","13.215454968197776","0.0","25920000.0","10855000.0","19.78023516826956","0.0","1","observed","1","1","1","0"
"2018","11620","서울특별시","관악구","서울특별시 관악구","-2.0016623643","-2.0810175237","-0.7083967833","-0.7775591424","0.0","0.0","3.50614143500919","0.0","0.0","309.4111662481816","1.0","1","observed","1","1","1","0"
"2018","11650","서울특별시","서초구","서울특별시 서초구","1.286070449","1.3010958379","0.5504219617","0.5405486557","15.369612460078972","11.809359052160318","0.0","381796000.0","10855000.0","80.70372588686055","0.0","1","observed","1","1","1","0"
"2018","11680","서울특별시","강남구","서울특별시 강남구","-2.0016623643","-2.0810175237","-1.6299902017","-1.7141935854","0.0","0.0","0.0","0.0","0.0","13.375270459764742","0.0","1","observed","1","1","1","0"
"2018","11710","서울특별시","송파구","서울특별시 송파구","1.5988808943","1.6279615317","0.757450781","0.7584591182","15.911860587311645","14.191388986379401","0.0","232035000.0","41530000.0","28.51808124942784","0.0","1","observed","1","1","1","0"
"2018","11740","서울특별시","강동구","서울특별시 강동구","1.0810236393","1.0876660392","0.4146451935","0.3982621232","14.863667377345182","10.453787748091154","0.0","51825000.0","630000.0","18.168988088480827","0.0","1","observed","1","1","1","0"
"2018","26110","부산광역시","중구","부산광역시 중구","-2.0016623643","-2.0810175237","-1.6299902017","-1.7141935854","0.0","0.0","0.0","0.0","0.0","1.9206728470322727","0.0","1","observed","1","1","1","0"
"2018","26140","부산광역시","서구","부산광역시 서구","0.74685325","0.756549333","0.1919633938","0.1775176524","11.00885120728317","12.38915105806456","0.0","10521000.0","41833000.0","174.17301864018526","0.0","1","observed","1","1","1","0"
"2018","26170","부산광역시","동구","부산광역시 동구","0.7530702368","0.7659042407","0.1958381349","0.1837542575","10.501417062577444","13.145264576890593","0.0","4439000.0","62446000.0","122.06456414754766","0.0","1","observed","1","1","1","0"
"2018","26200","부산광역시","영도구","부산광역시 영도구","0.8730540196","0.8868477046","0.2756194341","0.2643832335","11.51275117290716","12.960174940869846","0.0","29035000.0","123462000.0","290.4035146521948","0.0","1","observed","1","1","1","0"
"2018","26230","부산광역시","부산진구","부산광역시 부산진구","0.6258245035","0.63213634","0.111690018","0.094575657","10.426726059438844","11.976764945165897","0.0","13253000.0","62445000.0","392.6969012927685","0.0","1","observed","1","1","1","0"
"2018","26260","부산광역시","동래구","부산광역시 동래구","0.6663065981","0.6730938347","1.0952894546","1.0941887838","10.740462744686385","11.95190670283858","3.639680185615748","12456000.0","41832000.0","269.6896622776364","1.0","1","observed","1","1","1","0"
"2018","26290","부산광역시","남구","부산광역시 남구","0.8167082097","0.82663175","0.2384401317","0.2242392637","11.657707287246067","12.199253775708826","0.0","48562000.0","83462000.0","420.1674216945598","0.0","1","observed","1","1","1","0"
"2018","26320","부산광역시","북구","부산광역시 북구","0.6062511802","0.6103179775","0.0988503039","0.0800300821","10.640350165629469","11.489129146351491","0.0","35716000.0","83462000.0","854.7278301363647","0.0","1","observed","1","1","1","0"
"2018","26350","부산광역시","해운대구","부산광역시 해운대구","0.4126386276","0.4108293028","-0.0295261262","-0.0529623677","9.79291106371165","10.714809357889807","0.0","33197000.0","83462000.0","1854.0261530217567","0.0","1","observed","1","1","1","0"
"2018","26380","부산광역시","사하구","부산광역시 사하구","-0.3222020101","-0.3776751737","-0.5141366964","-0.5786320187","12.261825623115548","0.0","0.0","106893000.0","0.0","505.4848147004281","0.0","1","observed","1","1","1","0"
"2018","26410","부산광역시","금정구","부산광역시 금정구","-0.4024379677","-0.4590520899","-0.0787902888","-0.1362519638","11.676018808315273","0.0","1.8590600692567483","217276000.0","0.0","1845.8011310101283","1.0","1","observed","1","1","1","0"
"2018","26440","부산광역시","강서구","부산광역시 강서구","0.4215420926","0.4200040582","-0.0236226988","-0.0468458641","9.831687224623161","10.75068278590392","0.0","33493000.0","83962000.0","1799.408931548245","0.0","1","observed","1","1","1","0"
"2018","26470","부산광역시","연제구","부산광역시 연제구","0.7755300107","0.7881925273","0.2108018677","0.1986131153","10.754382634911831","13.023556499701677","0.0","4263000.0","41230000.0","91.02392760698054","0.0","1","observed","1","1","1","0"
"2018","26500","부산광역시","수영구","부산광역시 수영구","-0.1979386059","-0.2516447388","-0.4315746075","-0.4946117288","13.169079068651246","0.0","0.0","47384000.0","0.0","90.4428371108635","0.0","1","observed","1","1","1","0"
"2018","26530","부산광역시","사상구","부산광역시 사상구","0.6254701958","0.6316861841","0.111462232","0.0942755532","10.440601501274168","11.954249058747305","0.0","18282000.0","83062000.0","534.2453807745762","0.0","1","observed","1","1","1","0"
"2018","26710","부산광역시","기장군","부산광역시 기장군","-0.4129957546","-0.469760009","0.0916922398","0.0370035463","11.598935867706064","0.0","2.534336654957796","563302000.0","0.0","5168.820314992766","6.0","1","observed","1","1","1","0"
"2018","27110","대구광역시","중구","대구광역시 중구","","","","","","","","0.0","0.0","0.0","0.0","1","observed","0","0","1","0"
"2018","27140","대구광역시","동구","대구광역시 동구","-2.0016623643","-2.0810175237","-1.6299902017","-1.7141935854","0.0","0.0","0.0","0.0","0.0","5054.679670192707","0.0","1","observed","1","1","1","0"
"2018","27170","대구광역시","서구","대구광역시 서구","1.3282176817","1.3504615957","0.577869639","0.5734591609","14.477386226534845","13.450557272517486","0.0","57134000.0","20462000.0","29.4744631745872","0.0","1","observed","1","1","1","0"
"2018","27200","대구광역시","남구","대구광역시 남구","-2.0016623643","-2.0810175237","-1.6299902017","-1.7141935854","0.0","0.0","0.0","0.0","0.0","292.73579718212096","0.0","1","observed","1","1","1","0"
"2018","27230","대구광역시","북구","대구광역시 북구","0.7150776926","0.7147048382","0.1716583491","0.1496213225","12.520268977343312","10.004637521858726","0.0","636999740.0","51475000.0","2326.253889395725","0.0","1","observed","1","1","1","0"
"2018","27260","대구광역시","수성구","대구광역시 수성구","0.4679589652","0.4606215401","0.0077592673","-0.0197675428","11.34156473887862","9.149093632988285","0.0","91651000.0","10231000.0","1087.835883476674","0.0","1","observed","1","1","1","0"
"2018","27290","대구광역시","달서구","대구광역시 달서구","0.6975423847","0.6991873484","0.1598174322","0.1392763293","11.981243670773534","10.566772333362726","0.0","131714000.0","32013000.0","824.6062940159311","0.0","1","observed","1","1","1","0"
"2018","27710","대구광역시","달성군","대구광역시 달성군","0.5608454605","0.5540474721","0.256984159","0.2330200545","12.16139053875424","8.955345780595724","0.7131199582639293","1838417970.0","74477130.0","9612.176215481291","1.0","1","observed","1","1","1","0"
"2018","27720","대구광역시","군위군","대구광역시 군위군","","","","","","","0.7344012765873833","","","18446.207007386136","2.0","0","administrative_history","0","0","1","0"
"2018","28110","인천광역시","중구","인천광역시 중구","-0.6194723623","-0.6791727226","-0.7116466666","-0.7796303846","10.091439634298792","0.0","0.0","23830000.0","0.0","987.3826441590792","0.0","1","observed","1","1","1","0"
"2018","28140","인천광역시","동구","인천광역시 동구","-2.0016623643","-2.0810175237","-1.6299902017","-1.7141935854","0.0","0.0","0.0","0.0","0.0","3.958094174333669","0.0","1","observed","1","1","1","0"
"2018","28177","인천광역시","미추홀구","인천광역시 미추홀구","-0.0298031468","-0.0811183865","-0.3198634016","-0.3809274939","14.396644622726344","0.0","0.0","33675000.0","0.0","18.833217834767712","0.0","1","observed","1","1","1","0"
"2018","28185","인천광역시","연수구","인천광역시 연수구","-0.1625909661","-0.215794454","-0.4080892136","-0.4707115389","13.427153988256658","0.0","0.0","31955000.0","0.0","47.1194896000123","0.0","1","observed","1","1","1","0"
"2018","28200","인천광역시","남동구","인천광역시 남동구","1.2401809287","1.2595464784","0.5195134549","0.5128490827","14.129477921100506","13.047279381369586","0.0","79044000.0","26784000.0","57.74507283302972","0.0","1","observed","1","1","1","0"
"2018","28237","인천광역시","부평구","인천광역시 부평구","-0.1225825021","-0.175217068","-0.3815071127","-0.4436599483","13.71925782228797","0.0","0.0","31123000.0","0.0","34.26762162527105","0.0","1","observed","1","1","1","0"
"2018","28245","인천광역시","계양구","인천광역시 계양구","-0.0559499997","-0.1076370487","-0.3372356827","-0.398606602","14.205745117670485","0.0","0.0","60701000.0","0.0","41.088418340379626","0.0","1","observed","1","1","1","0"
"2018","28260","인천광역시","서구","인천광역시 서구","1.089082706","1.1031836626","1.6347847819","1.6438446867","13.591173914917121","12.274688663646108","4.6239142146816326","79198000.0","21231000.0","99.1158076294085","1.0","1","observed","1","1","1","0"
"2018","28710","인천광역시","강화군","인천광역시 강화군","","","","","","","","368304000.0","22388000.0","0.0","0.0","1","observed","0","0","1","0"
"2018","28720","인천광역시","옹진군","인천광역시 옹진군","0.5786587287","0.5756036591","0.0810822537","0.0568872032","11.658839178659646","9.820579686326992","0.0","133468000.0","21233000.0","1153.4834967443164","0.0","1","observed","1","1","1","0"
"2018","29110","광주광역시","동구","광주광역시 동구","-0.6304441528","-0.6903005325","-0.7189364552","-0.7870489246","10.011334032369891","0.0","0.0","17451000.0","0.0","783.380373911657","0.0","1","observed","1","1","1","0"
"2018","29140","광주광역시","서구","광주광역시 서구","-0.3108767217","-0.3661888392","0.8346312967","0.7921588675","12.344512130695506","0.0","5.102671896535852","28104000.0","0.0","122.35353669199284","2.0","1","observed","1","1","1","0"
"2018","29155","광주광역시","남구","광주광역시 남구","-0.545429794","-0.604077266","-0.6624519005","-0.7295667469","10.632028197895632","0.0","0.0","17673000.0","0.0","426.4710737356274","0.0","1","observed","1","1","1","0"
"2018","29170","광주광역시","북구","광주광역시 북구","-0.7266568239","-0.7878813517","-0.7828613023","-0.8521028041","9.308880418082115","0.0","0.0","14144000.0","0.0","1281.7880110647875","0.0","1","observed","1","1","1","0"
"2018","29200","광주광역시","광산구","광주광역시 광산구","0.3040229099","0.296819354","-0.1013686582","-0.1289690002","9.697788642774164","9.760290844833504","0.0","39891000.0","42464000.0","2450.222389842844","0.0","1","observed","1","1","1","0"
"2018","30110","대전광역시","동구","대전광역시 동구","0.4017147256","0.3966522838","-0.0365241479","-0.0624137137","10.274729139229128","9.946729100900903","0.0","19471000.0","14026000.0","671.6531707444556","0.0","1","observed","1","1","1","0"
"2018","30140","대전광역시","중구","대전광역시 중구","-0.4870848347","-0.5449026389","-0.6236868131","-0.6901169955","11.058007718533513","0.0","0.0","23467000.0","0.0","369.8560141423794","0.0","1","observed","1","1","1","0"
"2018","30170","대전광역시","서구","대전광역시 서구","0.5141231959","0.5119068732","0.0380566839","0.0144226792","10.869248696095037","10.256082269758526","0.0","26607000.0","14411000.0","506.46500818257937","0.0","1","observed","1","1","1","0"
"2018","30200","대전광역시","유성구","대전광역시 유성구","-0.5065878005","-0.5646829377","-0.6366448164","-0.7033038614","10.915615571520142","0.0","0.0","86792000.0","0.0","1577.23345018462","0.0","1","observed","1","1","1","0"
"2018","30230","대전광역시","대덕구","대전광역시 대덕구","0.7763340755","0.783287604","0.2118161254","0.1953431664","11.797267348187557","11.605203669483998","0.0","16996000.0","14026000.0","127.89744823706026","0.0","1","observed","1","1","1","0"
"2018","31110","울산광역시","중구","울산광역시 중구","0.936857213","0.9431906805","0.3187131936","0.3019452174","13.495465786423603","10.88549064496689","0.0","577465760.0","42464000.0","795.2808314037114","0.0","1","observed","1","1","1","0"
"2018","31140","울산광역시","남구","울산광역시 남구","0.8710471338","0.8788094038","0.2747897647","0.2590243663","12.586317235886018","11.471788658884106","0.0","129436736.0","42464000.0","442.477217492871","0.0","1","observed","1","1","1","0"
"2018","31170","울산광역시","동구","울산광역시 동구","-0.0801889548","-0.1322206827","-0.3533403338","-0.4149956914","14.02877527157329","0.0","0.0","1084356000.0","0.0","876.0977186640777","0.0","1","observed","1","1","1","0"
"2018","31200","울산광역시","북구","울산광역시 북구","-0.084087781","-0.1361749504","0.0131912092","-0.0424855813","14.000309742826676","0.0","1.4043002114220589","3915075800.0","0.0","3254.4924595423768","1.0","1","observed","1","1","1","0"
"2018","31710","울산광역시","울주군","울산광역시 울주군","-0.2409510719","-0.2952688438","0.2009920307","0.1482404937","12.85504286244334","0.0","2.515281196328706","6058732430.0","0.0","15831.01382974732","18.0","1","observed","1","1","1","0"
"2018","36110","세종특별자치시","세종시","세종특별자치시","","","","","","","0.0","","","1266.0621896527832","0.0","0","metropolitan_headquarters","0","0","1","0"
"2018","41111","경기도","수원시 장안구","경기도 수원시 장안구","","","","","","","0.0","","","115.40834556044857","0.0","0","city_district_granularity","0","0","1","0"
"2018","41113","경기도","수원시 권선구","경기도 수원시 권선구","","","","","","","0.0","","","253.7072431722083","0.0","0","city_district_granularity","0","0","1","0"
"2018","41115","경기도","수원시 팔달구","경기도 수원시 팔달구","","","","","","","0.0","","","26.09973735007635","0.0","0","city_district_granularity","0","0","1","0"
"2018","41117","경기도","수원시 영통구","경기도 수원시 영통구","","","","","","","0.0","","","26.157524481531816","0.0","0","city_district_granularity","0","0","1","0"
"2018","41131","경기도","성남시 수정구","경기도 성남시 수정구","","","","","","","0.0","","","71.5983676018642","0.0","0","city_district_granularity","0","0","1","0"
"2018","41133","경기도","성남시 중원구","경기도 성남시 중원구","","","","","","","5.668833403165514","","","34.63846709358737","1.0","0","city_district_granularity","0","0","1","0"
"2018","41135","경기도","성남시 분당구","경기도 성남시 분당구","","","","","","","0.0","","","97.95033572861928","0.0","0","city_district_granularity","0","0","1","0"
"2018","41150","경기도","의정부시","경기도 의정부시","-0.1471530723","-0.2001370327","-0.3978320927","-0.4602732581","13.539866837493594","0.0","0.0","217214000.0","0.0","286.15341427612697","0.0","1","observed","1","1","1","0"
"2018","41171","경기도","안양시 만안구","경기도 안양시 만안구","","","","","","","0.0","","","265.8049176907011","0.0","0","city_district_granularity","0","0","1","0"
"2018","41173","경기도","안양시 동안구","경기도 안양시 동안구","","","","","","","0.0","","","127.51675699944526","0.0","0","city_district_granularity","0","0","1","0"
"2018","41190","경기도","부천시","경기도 부천시","-2.0016623643","-2.0810175237","-1.6299902017","-1.7141935854","0.0","0.0","0.0","0.0","0.0","35.10405032799517","0.0","1","observed","1","1","1","0"
"2018","41210","경기도","광명시","경기도 광명시","-2.0016623643","-2.0810175237","-1.6299902017","-1.7141935854","0.0","0.0","0.0","0.0","0.0","42.54530963524327","0.0","1","observed","1","1","1","0"
"2018","41220","경기도","평택시","경기도 평택시","0.6155105899","0.6045313697","0.1062759969","0.0761723436","13.459407363802551","7.725890157552399","0.0","476153150.0","1540000.0","679.8309525670219","0.0","1","observed","1","1","1","0"
"2018","41250","경기도","동두천시","경기도 동두천시","1.0269738143","1.0355813791","0.3785044424","0.3635390165","13.973463929041335","11.131610137926943","0.0","728162500.0","42464000.0","621.7709145937123","0.0","1","observed","1","1","1","0"
"2018","41271","경기도","안산시 상록구","경기도 안산시 상록구","","","","","","","5.005618997732435","","","67.45388059852978","1.0","0","city_district_granularity","0","0","1","0"
"2018","41273","경기도","안산시 단원구","경기도 안산시 단원구","","","","","","","3.18303723554827","","","865.0556360091556","2.0","0","city_district_granularity","0","0","1","0"
"2018","41281","경기도","고양시 덕양구","경기도 고양시 덕양구","","","","","","","0.0","","","355.8002227264187","0.0","0","city_district_granularity","0","0","1","0"
"2018","41285","경기도","고양시 일산동구","경기도 고양시 일산동구","","","","","","","0.0","","","37.31277505696144","0.0","0","city_district_granularity","0","0","1","0"
"2018","41287","경기도","고양시 일산서구","경기도 고양시 일산서구","","","","","","","0.0","","","3.388930813065514","0.0","0","city_district_granularity","0","0","1","0"
"2018","41290","경기도","과천시","경기도 과천시","0.7250877157","0.7201549169","1.1837723957","1.1747267822","13.445796555460989","8.838726574499347","3.8237175555317333","154315000.0","1540000.0","223.34360555692547","1.0","1","observed","1","1","1","0"
"2018","41310","경기도","구리시","경기도 구리시","0.9635376226","0.9766888994","0.3358996988","0.3242773633","12.523087222510654","12.481866063840204","0.0","44251000.0","42464000.0","161.14505903434895","0.0","1","observed","1","1","1","0"
"2018","41360","경기도","남양주시","경기도 남양주시","0.819501089","0.8226475016","0.8390498845","0.8295279297","12.913874654455029","10.509048394387404","2.2757443742447476","1394035000.0","125852000.0","3434.395016144184","3.0","1","observed","1","1","1","0"
"2018","41370","경기도","오산시","경기도 오산시","-0.0638106011","-0.1156094282","-0.3424583601","-0.4039215217","14.148354466228596","0.0","0.0","259946000.0","0.0","186.35076400480355","0.0","1","observed","1","1","1","0"
"2018","41390","경기도","시흥시","경기도 시흥시","1.1394718411","1.1556539624","0.4527480983","0.4435874054","13.711683757934345","12.613042289531855","0.0","127396000.0","42464000.0","141.33433515643677","0.0","1","observed","1","1","1","0"
"2018","41410","경기도","군포시","경기도 군포시","1.3520032628","1.3755418812","0.5935928009","0.5901793512","14.477653944948791","13.687710307811308","0.0","103783000.0","47104000.0","53.525560683214096","0.0","1","observed","1","1","1","0"
"2018","41430","경기도","의왕시","경기도 의왕시","1.1179545426","1.133868223","0.4384485985","0.4290635791","13.54778023811517","12.622349165311643","0.0","107135000.0","42464000.0","140.02505183745703","0.0","1","observed","1","1","1","0"
"2018","41450","경기도","하남시","경기도 하남시","1.1181816607","1.13326173","0.4386697217","0.4286592504","13.701143289215958","12.414858270328459","0.0","153691080.0","42464000.0","172.3130711920396","0.0","1","observed","1","1","1","0"
"2018","41461","경기도","용인시 처인구","경기도 용인시 처인구","","","","","","","3.2222275821333706","","","2076.0727432002136","5.0","0","city_district_granularity","0","0","1","0"
"2018","41463","경기도","용인시 기흥구","경기도 용인시 기흥구","","","","","","","3.442809018477251","","","330.3089577168603","1.0","0","city_district_granularity","0","0","1","0"
"2018","41465","경기도","용인시 수지구","경기도 용인시 수지구","","","","","","","0.0","","","79.2663751414894","0.0","0","city_district_granularity","0","0","1","0"
"2018","41480","경기도","파주시","경기도 파주시","0.9570090866","0.9665734055","0.3318552697","0.3175337007","13.108846301335594","11.61551429589288","0.0","189047000.0","42464000.0","383.2401994607623","0.0","1","observed","1","1","1","0"
"2018","41500","경기도","이천시","경기도 이천시","0.844964027","0.8507535951","1.1634625092","1.1609731307","12.686261793801108","11.074629794963819","3.4463160967512545","212789000.0","42464000.0","658.2290176450433","2.0","1","observed","1","1","1","0"
"2018","41550","경기도","안성시","경기도 안성시","0.5493437172","0.5397248899","0.7554300965","0.7375925688","12.559135595944914","8.296484266697409","2.6376494399567734","657958000.0","9265000.0","2311.1940487582983","3.0","1","observed","1","1","1","0"
"2018","41570","경기도","김포시","경기도 김포시","1.3260872938","1.3477091297","0.5765038433","0.5716241835","14.569112411681912","13.30382711682631","0.0","150497000.0","42464000.0","70.8341881331828","0.0","1","observed","1","1","1","0"
"2018","41590","경기도","화성시","경기도 화성시","0.6512704513","0.6495457276","0.8411392373","0.8296374671","12.134994291357067","9.89441888142189","2.7081403049890724","399126000.0","42464000.0","2142.6502823392866","3.0","1","observed","1","1","1","0"
"2018","41610","경기도","광주시","경기도 광주시","1.025702129","1.0338623048","1.1180705277","1.1148513678","14.042005008808243","11.025165762267811","2.8167078386844038","2393241000.0","117161000.0","1908.1894503644528","3.0","1","observed","1","1","1","0"
"2018","41630","경기도","양주시","경기도 양주시","0.5831658825","0.582858803","0.083851642","0.0617239657","11.205201528998842","10.486040127396924","0.0","168647000.0","82157000.0","2294.179185953983","0.0","1","observed","1","1","1","0"
"2018","41650","경기도","포천시","경기도 포천시","-0.4755518066","-0.5332056106","-0.4051919041","-0.4680458254","11.142210944879617","0.0","0.8020973174200708","561066000.0","0.0","8128.670398484328","1.0","1","observed","1","1","1","0"
"2018","41670","경기도","여주시","경기도 여주시","0.6082432896","0.6060227721","0.5629116578","0.5469179515","11.799812142988891","9.923194019289472","1.758439110009327","277360000.0","42464000.0","2081.870864151668","1.0","1","observed","1","1","1","0"
"2018","41800","경기도","연천군","경기도 연천군","1.0607649875","1.0719471997","0.4007799725","0.3877828969","13.840544219363492","11.650841604120897","0.0","387801000.0","43414000.0","378.21379665028775","0.0","1","observed","1","1","1","0"
"2018","41820","경기도","가평군","경기도 가평군","0.0551450955","0.0385327733","0.0823078643","0.0530697333","8.944797216218344","8.30492186061613","1.3260026299733514","110875000.0","58464000.0","14461.528634104574","4.0","1","observed","1","1","1","0"
"2018","41830","경기도","양평군","경기도 양평군","0.3188668706","0.3061231385","0.2694768945","0.2436175653","10.848769402611554","8.334292347869717","1.371500143409458","524977000.0","42464000.0","10199.71478015457","3.0","1","observed","1","1","1","0"
"2018","43111","충청북도","청주시 상당구","충청북도 청주시 상당구","","","","","","","2.458647234119662","","","3742.168912140501","4.0","0","city_district_granularity","0","0","1","0"
"2018","43112","충청북도","청주시 서원구","충청북도 청주시 서원구","","","","","","","4.815619103817206","","","245.0515906553315","3.0","0","city_district_granularity","0","0","1","0"
"2018","43113","충청북도","청주시 흥덕구","충청북도 청주시 흥덕구","","","","","","","5.568352028466287","","","229.8833210329101","6.0","0","city_district_granularity","0","0","1","0"
"2018","43114","충청북도","청주시 청원구","충청북도 청주시 청원구","","","","","","","3.669652639598743","","","523.0361645621886","2.0","0","city_district_granularity","0","0","1","0"
"2018","43130","충청북도","충주시","충청북도 충주시","0.3655413508","0.3550233377","0.6814617012","0.6635423851","10.906377307024403","8.721584704046588","2.8213882444788863","448594000.0","50460000.0","8227.766231707934","13.0","1","observed","1","1","1","0"
"2018","43150","충청북도","제천시","충청북도 제천시","0.0279802372","0.005871491","0.301635007","0.2721096624","9.672845521726774","7.03788602358102","2.2274518145298647","230243000.0","16500000.0","14499.410632856823","12.0","1","observed","1","1","1","0"
"2018","43720","충청북도","보은군","충청북도 보은군","-0.0395162698","-0.0555319777","0.2348282897","0.2094558581","7.90149113242394","8.786606260373008","2.1461533573803075","21454000.0","52000000.0","7945.021565993795","6.0","1","observed","1","1","1","0"
"2018","43730","충청북도","옥천군","충청북도 옥천군","0.1588302839","0.1443571181","-0.1973995989","-0.2306104909","9.581300561885556","8.469743280027528","0.0","50152000.0","16500000.0","3461.084989142923","0.0","1","observed","1","1","1","0"
"2018","43740","충청북도","영동군","충청북도 영동군","0.2144960791","0.2010952954","0.389097019","0.3657189077","9.936812936377564","8.539369407745637","2.0906703197366467","204133000.0","50460000.0","9872.59214026753","7.0","1","observed","1","1","1","0"
"2018","43745","충청북도","증평군","충청북도 증평군","-0.0124699569","-0.0165083677","-0.3122935602","-0.3378541481","5.997400827965334","11.660963302157024","0.0","180000.0","52000000.0","448.4510789032455","0.0","1","observed","1","1","1","0"
"2018","43750","충청북도","진천군","충청북도 진천군","0.3357379907","0.3248939319","0.7080109521","0.6905718898","10.671059393803398","8.745823657089792","2.9977586235166904","113152000.0","16500000.0","2625.9720702166314","5.0","1","observed","1","1","1","0"
"2018","43760","충청북도","괴산군","충청북도 괴산군","-0.1880358766","-0.2132649149","0.0890531005","0.0558292871","8.104499256642498","7.025852225590414","1.964708864341299","48550000.0","16500000.0","14675.103804458691","9.0","1","observed","1","1","1","0"
"2018","43770","충청북도","음성군","충청북도 음성군","0.4363235779","0.4311223433","0.8406232444","0.8286057245","10.641787284655404","9.790292325596617","3.2493668424447164","118239000.0","50460000.0","2825.541113033934","7.0","1","observed","1","1","1","0"
"2018","43800","충청북도","단양군","충청북도 단양군","0.0074937612","-0.0087680006","-0.0822203029","-0.1134129778","8.410503888464126","8.559850548875104","0.8208431204074615","70622000.0","82000000.0","15718.142896565196","2.0","1","observed","1","1","1","0"
"2018","44131","충청남도","천안시 동남구","충청남도 천안시 동남구","","","","","","","2.880550851819455","","","2377.543308260854","4.0","0","city_district_granularity","0","0","1","0"
"2018","44133","충청남도","천안시 서북구","충청남도 천안시 서북구","","","","","","","0.0","","","175.33501711721496","0.0","0","city_district_granularity","0","0","1","0"
"2018","44150","충청남도","공주시","충청남도 공주시","0.2613997508","0.2462018035","0.479967591","0.4562614357","10.725964503331337","7.92839805296195","2.3170358059575347","348422000.0","21232000.0","7653.9903926024035","7.0","1","observed","1","1","1","0"
"2018","44180","충청남도","보령시","충청남도 보령시","0.3708254241","0.3593416591","0.3428702358","0.3186468885","11.133652365513091","8.463500310608865","1.5195504097465728","766740725.0","53080000.0","11203.948179471963","4.0","1","observed","1","1","1","0"
"2018","44200","충청남도","아산시","충청남도 아산시","0.4425354292","0.4309688238","0.7871242112","0.7693862184","11.857085870171781","8.19012563556715","3.028071197189102","430616000.0","11001000.0","3052.293388394725","6.0","1","observed","1","1","1","0"
"2018","44210","충청남도","서산시","충청남도 서산시","-0.6752521418","-0.7357456929","-0.5837703397","-0.6497167359","9.684188621417817","0.0","0.6274922460749682","183990000.0","0.0","11455.962398752716","1.0","1","observed","1","1","1","0"
"2018","44230","충청남도","논산시","충청남도 논산시","0.4820671699","0.4765098866","0.8516619837","0.839108529","11.158229165133974","9.54072912833308","3.175415067576468","214051000.0","42464000.0","3051.870483159969","7.0","1","observed","1","1","1","0"
"2018","44250","충청남도","계룡시","충청남도 계룡시","0.3475251146","0.3403243212","-0.072413596","-0.0999656888","10.127041801961658","9.607595906226306","0.0","17847000.0","10616000.0","713.6154039255124","0.0","1","observed","1","1","1","0"
"2018","44270","충청남도","당진시","충청남도 당진시","0.1364946834","0.1205317342","0.3766804208","0.3519375832","9.630721511511156","8.17910897271348","2.2401333481171775","90680000.0","21232000.0","5956.2213296062455","5.0","1","observed","1","1","1","0"
"2018","44710","충청남도","금산군","충청남도 금산군","0.2329426043","0.2216566542","0.4704116211","0.4497700632","9.735661317106379","8.998694207700137","2.353990286948859","88738000.0","42464000.0","5247.969858106501","5.0","1","observed","1","1","1","0"
"2018","44760","충청남도","부여군","충청남도 부여군","-0.4184731268","-0.4753152697","0.1067779032","0.0523305369","11.55894529436096","0.0","2.6055742834187936","584544000.0","0.0","5582.583103160097","7.0","1","observed","1","1","1","0"
"2018","44770","충청남도","서천군","충청남도 서천군","0.4226087921","0.4138581684","0.2511851336","0.2270130486","11.149743540791862","8.958592817906874","1.040484536129546","379905158.0","42464000.0","5462.725027978422","1.0","1","observed","1","1","1","0"
"2018","44790","충청남도","청양군","충청남도 청양군","-0.4337454497","-0.4908047656","-0.1175658886","-0.1756883059","11.447441286833717","0.0","1.790677134945139","750257000.0","0.0","8010.39828619605","4.0","1","observed","1","1","1","0"
"2018","44800","충청남도","홍성군","충청남도 홍성군","-0.8373215041","-0.9001196882","-0.2747460031","-0.3357933356","8.50091194939491","0.0","2.212819552227344","30205000.0","0.0","6141.408460067389","5.0","1","observed","1","1","1","0"
"2018","44810","충청남도","예산군","충청남도 예산군","0.405752086","0.3966175691","0.5672739544","0.5481372065","11.052811065790785","8.922841522011431","2.2855864834336983","357360000.0","42464000.0","5661.584119989491","5.0","1","observed","1","1","1","0"
"2018","44825","충청남도","태안군","충청남도 태안군","-0.4583900866","-0.5157998503","-0.4599391357","-0.5236712757","11.267509536970067","0.0","0.5504352063403257","1065887000.0","0.0","13623.83890554806","1.0","1","observed","1","1","1","0"
"2018","45111","전라북도","전주시 완산구","전라북도 전주시 완산구","","","","","","","0.0","","","409.1654591119113","0.0","0","city_district_granularity","0","0","1","0"
"2018","45113","전라북도","전주시 덕진구","전라북도 전주시 덕진구","","","","","","","0.0","","","110.8834911803561","0.0","0","city_district_granularity","0","0","1","0"
"2018","45130","전라북도","군산시","전라북도 군산시","-0.2523915753","-0.3068720317","-0.0227949854","-0.0792090718","12.771515164348868","0.0","1.6928165301878575","793828312.0","0.0","2254.9102265247807","1.0","1","observed","1","1","1","0"
"2018","45140","전라북도","익산시","전라북도 익산시","0.3761067405","0.3700628079","-0.0534865946","-0.080140031","10.19967783927617","9.793661376848522","0.0","60546000.0","40341000.0","2251.3229684613457","0.0","1","observed","1","1","1","0"
"2018","45180","전라북도","정읍시","전라북도 정읍시","0.1729395267","0.1566227264","0.390220768","0.3650756191","10.054903614733133","7.962876117741873","2.1992462441979583","232157580.0","28648000.0","9977.284956948184","8.0","1","observed","1","1","1","0"
"2018","45190","전라북도","남원시","전라북도 남원시","0.0325049707","0.0127409249","0.2095054224","0.1801952106","9.292491032834787","7.603290618902336","1.8662416595445537","218536000.0","40340000.0","20131.930252455182","11.0","1","observed","1","1","1","0"
"2018","45210","전라북도","김제시","전라북도 김제시","-0.5560211925","-0.6148192745","-0.669488952","-0.7367280859","10.55469985826082","0.0","0.0","90897000.0","0.0","2369.806933246794","0.0","1","observed","1","1","1","0"
"2018","45710","전라북도","완주군","전라북도 완주군","0.3180944929","0.3080704206","0.1997393958","0.174794525","10.348111562082368","9.01134299623448","1.10901252496341","153577000.0","40340000.0","4922.801803117838","1.0","1","observed","1","1","1","0"
"2018","45720","전라북도","진안군","전라북도 진안군","0.2760842864","0.2637089788","0.2798173068","0.2548231178","10.35933547440618","8.576484199716338","1.5192934275195018","176796000.0","29725000.0","5603.817299287868","2.0","1","observed","1","1","1","0"
"2018","45730","전라북도","무주군","전라북도 무주군","-0.6576359469","-0.717878995","-0.0014137575","-0.0578400045","9.812805358396353","0.0","2.798500833487696","118451000.0","0.0","6485.079268680864","10.0","1","observed","1","1","1","0"
"2018","45740","전라북도","장수군","전라북도 장수군","-0.3207044335","-0.3399297528","0.2734641549","0.2490649285","5.705508744555751","8.982209451317434","3.004155349966144","1875000.0","49825000.0","6260.050966131462","12.0","1","observed","1","1","1","0"
"2018","45750","전라북도","임실군","전라북도 임실군","0.2519284918","0.2383107196","0.3466440938","0.3220430576","10.34594028485876","8.35358907196103","1.8343034199446953","295863500.0","40340000.0","9504.30940080018","5.0","1","observed","1","1","1","0"
"2018","45770","전라북도","순창군","전라북도 순창군","0.2983179214","0.2892131404","0.3340602658","0.3121927072","9.986089078248398","9.309005262738554","1.670400151889266","201388030.0","102320000.0","9271.505594998516","4.0","1","observed","1","1","1","0"
"2018","45790","전라북도","고창군","전라북도 고창군","0.1103591644","0.0931879966","-0.0506126077","-0.0829815046","9.591560615769618","7.9716850829284995","0.6803211528310366","150226000.0","29725000.0","10261.548919578408","1.0","1","observed","1","1","1","0"
"2018","45800","전라북도","부안군","전라북도 부안군","0.1938371279","0.1792829592","-0.174092064","-0.2073265968","9.941814102772051","8.326232025384863","0.0","149570000.0","29725000.0","7197.644415441628","0.0","1","observed","1","1","1","0"
"2018","46110","전라남도","목포시","전라남도 목포시","0.1619607033","0.1564873975","0.6126396487","0.5993859117","7.980705697048862","10.690180782112487","3.0766871210233","1413000.0","21232000.0","483.4084851141503","1.0","1","observed","1","1","1","0"
"2018","46130","전라남도","여수시","전라남도 여수시","0.2520609862","0.2396387841","0.354102857","0.3305212641","10.130512866748482","8.649558144527104","1.8627259671043552","276732000.0","62926000.0","11026.834332748904","6.0","1","observed","1","1","1","0"
"2018","46150","전라남도","순천시","전라남도 순천시","0.233711385","0.2195174066","0.5359469911","0.5141807847","10.270431586726053","8.27495113231889","2.600440156333606","462969000.0","62926000.0","16038.922630022427","20.0","1","observed","1","1","1","0"
"2018","46170","전라남도","나주시","전라남도 나주시","-0.384814789","-0.4213250782","0.2124686778","0.1747049038","8.20563696071549","4.9225190669279755","2.928927407787742","20672150.0","770000.0","5647.307308823615","10.0","1","observed","1","1","1","0"
"2018","46230","전라남도","광양시","전라남도 광양시","0.4238859955","0.4163172974","0.511348683","0.4922988734","10.948098099834667","9.2471427916813","2.027402744421481","344810000.0","62926000.0","6065.811363469913","4.0","1","observed","1","1","1","0"
"2018","46710","전라남도","담양군","전라남도 담양군","-0.1224091294","-0.142614127","0.338186419","0.3121632095","7.842047076729108","8.040154020563945","2.7479406671938675","17415000.0","21232000.0","6844.415383359256","10.0","1","observed","1","1","1","0"
"2018","46720","전라남도","곡성군","전라남도 곡성군","-0.1619314254","-0.1855012068","0.1458005817","0.1144947381","8.061587744519032","7.345218565825318","2.1150276053733617","43476000.0","21232000.0","13717.76998448934","10.0","1","observed","1","1","1","0"
"2018","46730","전라남도","구례군","전라남도 구례군","0.067139768","0.0487123242","0.2464575853","0.218416038","9.392341753196868","7.812579869223628","1.9195464305027325","103089000.0","21232000.0","8594.217402807397","5.0","1","observed","1","1","1","0"
"2018","46770","전라남도","고흥군","전라남도 고흥군","-0.0004255123","-0.0178362492","0.3670341477","0.3423872569","8.540559612432961","8.302889096300317","2.54968885737868","73703000.0","58109000.0","14402.971946490505","17.0","1","observed","1","1","1","0"
"2018","46780","전라남도","보성군","전라남도 보성군","0.1981596184","0.1830752969","0.6574767871","0.6373730009","10.080623153164856","8.179542803897377","3.1525340188567186","213213374.0","31848000.0","8930.45575659835","20.0","1","observed","1","1","1","0"
"2018","46790","전라남도","화순군","전라남도 화순군","-0.1738179049","-0.1977270424","0.189431737","0.1586993112","8.005681844347208","7.3029860234885025","2.311010673063944","42886000.0","21232000.0","14309.912581105747","13.0","1","observed","1","1","1","0"
"2018","46800","전라남도","장흥군","전라남도 장흥군","0.0057972375","-0.0158754703","0.4580269629","0.43159935","9.374655612896962","7.224212494681165","2.8787468367809206","91236000.0","10616000.0","7741.79887330564","13.0","1","observed","1","1","1","0"
"2018","46810","전라남도","강진군","전라남도 강진군","-0.3621970036","-0.4006804127","-0.0314198988","-0.0748694796","8.786768537876377","4.353547199919267","1.9431655609687355","32835202.0","385000.0","5016.039434864496","3.0","1","observed","1","1","1","0"
"2018","46820","전라남도","해남군","전라남도 해남군","-0.0284192207","-0.0497140036","0.3538149696","0.326306106","8.968123346147484","7.43855749870564","2.569044492138292","104175000.0","22557000.0","13274.322437384442","16.0","1","observed","1","1","1","0"
"2018","46830","전라남도","영암군","전라남도 영암군","-0.1760382964","-0.1933039459","-0.0914501663","-0.1217494334","6.779396600567967","8.958037579219933","1.25015748824723","3527000.0","31190000.0","4014.624975692837","1.0","1","observed","1","1","1","0"
"2018","46840","전라남도","무안군","전라남도 무안군","0.3359346978","0.3266322687","-0.0799518797","-0.1090937238","10.393531659781894","9.127370257351888","0.0","149274700.0","42079000.0","4572.4194381640045","0.0","1","observed","1","1","1","0"
"2018","46860","전라남도","함평군","전라남도 함평군","0.01235449","-0.001324638","0.2262947347","0.2020316034","7.990335396184023","9.183065048632129","1.983084167095043","14132000.0","46591000.0","4788.419458839836","3.0","1","observed","1","1","1","0"
"2018","46870","전라남도","영광군","전라남도 영광군","-0.2030058221","-0.2275597717","0.0455923442","0.012313586","7.834230667916463","7.246018402610423","1.8374884631843114","19123000.0","10616000.0","7574.690067421648","4.0","1","observed","1","1","1","0"
"2018","46880","전라남도","장성군","전라남도 장성군","-0.0864308432","-0.1096451824","0.1969783405","0.166034996","8.74301490731021","7.167149247535901","2.118657054282761","51359000.0","10616000.0","8196.769762521515","6.0","1","observed","1","1","1","0"
"2018","46890","전라남도","완도군","전라남도 완도군","-0.3158154893","-0.3437657972","-0.1236433542","-0.1611323251","7.33549665816145","6.801650415789949","1.4782205288678318","18112000.0","10615000.0","11816.365950168814","4.0","1","observed","1","1","1","0"
"2018","46900","전라남도","진도군","전라남도 진도군","0.0257833802","0.0038771847","0.3755924565","0.3474479882","9.614424043149988","7.095853206272312","2.514445715392703","131854000.0","10616000.0","8803.005935440742","10.0","1","observed","1","1","1","0"
"2018","46910","전라남도","신안군","전라남도 신안군","0.1399692128","0.1206835129","-0.2095497838","-0.2463928943","10.2674036385002","7.342997443155035","0.0","388475000.0","20847000.0","13498.994568100252","0.0","1","observed","1","1","1","0"
"2018","47111","경상북도","포항시 남구","경상북도 포항시 남구","","","","","","","2.4146967785757627","","","6871.922554782899","7.0","0","city_district_granularity","0","0","1","0"
"2018","47113","경상북도","포항시 북구","경상북도 포항시 북구","","","","","","","1.959761199779948","","","14759.8282065478","9.0","0","city_district_granularity","0","0","1","0"
"2018","47130","경상북도","경주시","경상북도 경주시","-0.4240050176","-0.4809258242","-0.1132727401","-0.1713164105","11.518556677745291","0.0","1.782389134080998","2847654494.0","0.0","28316.91969267933","14.0","1","observed","1","1","1","0"
"2018","47150","경상북도","김천시","경상북도 김천시","-0.594964753","-0.6543166141","-0.2621745706","-0.3228007627","10.270370938370855","0.0","1.6480388087617812","343878000.0","0.0","11913.901707927653","5.0","1","observed","1","1","1","0"
"2018","47170","경상북도","안동시","경상북도 안동시","0.4127730771","0.3977479282","0.335944441","0.3085339565","12.190041082648733","7.437531307322963","1.385849107822605","9846757020.0","84928000.0","50029.694570666376","15.0","1","observed","1","1","1","0"
"2018","47190","경상북도","구미시","경상북도 구미시","-0.2947564506","-0.3498393372","0.0197924403","-0.0359643423","12.462207051593525","0.0","1.961923764713941","2958761000.0","0.0","11451.010463493902","7.0","1","observed","1","1","1","0"
"2018","47210","경상북도","영주시","경상북도 영주시","-0.5238733661","-0.5822143048","-0.221898737","-0.2818042503","10.789412776426262","0.0","1.6215670524820092","716622000.0","0.0","14774.631531327144","6.0","1","observed","1","1","1","0"
"2018","47230","경상북도","영천시","경상북도 영천시","0.1481437506","0.1325845653","0.1395529381","0.1111294508","9.67260602790712","8.238148183933362","1.3086280019720111","352650000.0","84000000.0","22213.23543987101","6.0","1","observed","1","1","1","0"
"2018","47250","경상북도","상주시","경상북도 상주시","0.1161501452","0.0980572659","0.2439713136","0.2156603815","9.815859576399333","7.72273308116622","1.7860877986416606","332032000.0","40924000.0","18122.996070191883","9.0","1","observed","1","1","1","0"
"2018","47280","경상북도","문경시","경상북도 문경시","-0.593519088","-0.6528503917","-0.2776305704","-0.3385077266","10.280925812072168","0.0","1.5855832518626445","450832000.0","0.0","15455.400865428795","6.0","1","observed","1","1","1","0"
"2018","47290","경상북도","경산시","경상북도 경산시","-0.524654323","-0.5830063669","-0.2986504675","-0.3598093165","10.783710970360584","0.0","1.331544184949693","346105000.0","0.0","7176.467286347215","2.0","1","observed","1","1","1","0"
"2018","47730","경상북도","의성군","경상북도 의성군","-0.6383995797","-0.6983690858","-0.4895223642","-0.5538977304","9.953251055671245","0.0","0.8928998160097805","728728010.0","0.0","34669.223390941406","5.0","1","observed","1","1","1","0"
"2018","47750","경상북도","청송군","경상북도 청송군","-0.6867967066","-0.7474544219","-0.3926994807","-0.4555377594","9.59990116548159","0.0","1.3835900677563626","345699000.0","0.0","23417.65688293314","7.0","1","observed","1","1","1","0"
"2018","47760","경상북도","영양군","경상북도 영양군","0.0373659431","0.0169347869","0.007986102","-0.0251623206","9.461447735637456","7.420744822190259","1.0870525070422863","326974000.0","42464000.0","25438.55654523308","5.0","1","observed","1","1","1","0"
"2018","47770","경상북도","영덕군","경상북도 영덕군","-0.5769179023","-0.6360131364","-0.4093019065","-0.472313234","10.402131915102318","0.0","1.0426853227356148","717080000.0","0.0","21776.71201043028","4.0","1","observed","1","1","1","0"
"2018","47820","경상북도","청도군","경상북도 청도군","0.2906060039","0.2789841887","0.091527554","0.063884602","10.366198842009426","8.712108648868668","0.7664253850211038","551473050.0","105464000.0","17360.21140662715","2.0","1","observed","1","1","1","0"
"2018","47830","경상북도","고령군","경상북도 고령군","-0.524323906","-0.5826712513","-0.2934971245","-0.3545715731","10.786123361784549","0.0","1.3503145399322505","507349000.0","0.0","10494.504420896628","3.0","1","observed","1","1","1","0"
"2018","47840","경상북도","성주군","경상북도 성주군","-0.5733760854","-0.6324209548","-0.2961892463","-0.357351343","10.427990900375601","0.0","1.464062294395618","406698000.0","0.0","12035.551161974026","4.0","1","observed","1","1","1","0"
"2018","47850","경상북도","칠곡군","경상북도 칠곡군","0.3088514528","0.2980023819","0.4342522057","0.4126049805","10.406358556613268","8.839377385537775","2.0243433776159017","301940682.0","63000000.0","9130.838616900546","6.0","1","observed","1","1","1","0"
"2018","47900","경상북도","예천군","경상북도 예천군","-0.5105546691","-0.5687062153","-0.2963853845","-0.3574947016","10.8866532617778","0.0","1.3045216874989363","597080080.0","0.0","11169.33375496292","3.0","1","observed","1","1","1","0"
"2018","47920","경상북도","봉화군","경상북도 봉화군","-0.6092885338","-0.6688440796","-0.4442958873","-0.5079071858","10.16579228518139","0.0","0.991376644129919","1073677900.0","0.0","41299.35083515478","7.0","1","observed","1","1","1","0"
"2018","47930","경상북도","울진군","경상북도 울진군","-0.0029587376","-0.025679461","-0.0339926729","-0.0691526105","9.47814344869367","6.995233498573164","1.0287283034568342","508979000.0","42464000.0","38942.84651856584","7.0","1","observed","1","1","1","0"
"2018","47940","경상북도","울릉군","경상북도 울릉군","-2.0016623643","-2.0810175237","-1.6299902017","-1.7141935854","0.0","0.0","0.0","0.0","0.0","626.9992741646664","0.0","1","observed","1","1","1","0"
"2018","48121","경상남도","창원시 의창구","경상남도 창원시 의창구","","","","","","","1.5883425275559249","","","2566.98032563519","1.0","0","city_district_granularity","0","0","1","0"
"2018","48123","경상남도","창원시 성산구","경상남도 창원시 성산구","","","","","","","0.0","","","1352.9747995789487","0.0","0","city_district_granularity","0","0","1","0"
"2018","48125","경상남도","창원시 마산합포구","경상남도 창원시 마산합포구","","","","","","","1.588548674076729","","","7698.94625205914","3.0","0","city_district_granularity","0","0","1","0"
"2018","48127","경상남도","창원시 마산회원구","경상남도 창원시 마산회원구","","","","","","","1.664538104697602","","","2334.6853728937867","1.0","0","city_district_granularity","0","0","1","0"
"2018","48129","경상남도","창원시 진해구","경상남도 창원시 진해구","","","","","","","0.0","","","2231.301133458337","0.0","0","city_district_granularity","0","0","1","0"
"2018","48170","경상남도","진주시","경상남도 진주시","0.5983829139","0.5994106547","0.6368251768","0.6245769677","11.11354907535534","10.763350673062371","2.0656441700095263","1362798000.0","960151000.0","20318.18567149176","14.0","1","observed","1","1","1","0"
"2018","48220","경상남도","통영시","경상남도 통영시","0.4597308685","0.4538837342","0.3884109005","0.3682978556","10.990116098861344","9.547615078201236","1.4694754361349491","531387000.0","125579000.0","8963.373091122503","3.0","1","observed","1","1","1","0"
"2018","48240","경상남도","사천시","경상남도 사천시","-0.4249181817","-0.4818519735","-0.1445748301","-0.2031301854","11.511889620033564","0.0","1.6656106104110564","1164581000.0","0.0","11657.99620409298","5.0","1","observed","1","1","1","0"
"2018","48250","경상남도","김해시","경상남도 김해시","0.6250335978","0.6222267838","0.64567562","0.6304272381","12.07196741675003","9.718625236047156","2.0306046997674025","1321247520.0","125579000.0","7554.36271927702","5.0","1","observed","1","1","1","0"
"2018","48270","경상남도","밀양시","경상남도 밀양시","0.6315934722","0.6308635187","0.4472470619","0.4302575919","11.760272630642246","10.210444675030578","1.2597481089083975","2536337080.0","538409430.0","19805.63873536237","5.0","1","observed","1","1","1","0"
"2018","48310","경상남도","거제시","경상남도 거제시","0.5704709905","0.565024718","0.5469483395","0.5286387232","12.011437337884974","9.256559977701714","1.7923268498455212","1974167000.0","125579000.0","11991.832963000526","6.0","1","observed","1","1","1","0"
"2018","48330","경상남도","양산시","경상남도 양산시","0.6369944058","0.6343941805","0.6978432377","0.6834843752","12.152676059326188","9.727676618516307","2.1988511470847856","1419399000.0","125579000.0","7486.289758684128","6.0","1","observed","1","1","1","0"
"2018","48720","경상남도","의령군","경상남도 의령군","0.1970187952","0.1834898659","0.0401570639","0.011158965","9.787387183928454","8.569217614668121","0.8073672146564502","286743200.0","84799000.0","16103.091847198206","2.0","1","observed","1","1","1","0"
"2018","48730","경상남도","함안군","경상남도 함안군","0.3688242722","0.3601616345","0.3888511384","0.3675191941","10.60246128351062","9.170041761605493","1.7004497817449191","359509000.0","85819000.0","8935.731927519762","4.0","1","observed","1","1","1","0"
"2018","48740","경상남도","창녕군","경상남도 창녕군","0.48369576","0.4759691509","0.3008278805","0.2776372532","11.567579339995756","8.997112491000387","1.074986465245706","1641747000.0","125579000.0","15544.41802785028","3.0","1","observed","1","1","1","0"
"2018","48820","경상남도","고성군","경상남도 고성군","0.2238855505","0.2111603829","0.2449780179","0.2196637852","9.907092991808174","8.673780028646867","1.5188182654405695","337632000.0","98349000.0","16821.68206530507","6.0","1","observed","1","1","1","0"
"2018","48840","경상남도","남해군","경상남도 남해군","0.1909337972","0.1788938405","0.1812010846","0.1556841965","9.457348951349005","8.959856114406108","1.359843992531207","132625000.0","80639000.0","10360.598868676796","3.0","1","observed","1","1","1","0"
"2018","48850","경상남도","하동군","경상남도 하동군","0.3825272768","0.3733603708","0.4544289205","0.4336537525","10.82924709012779","8.996696700997408","1.915075697227141","784926000.0","125579000.0","15550.883385853002","9.0","1","observed","1","1","1","0"
"2018","48860","경상남도","산청군","경상남도 산청군","0.0681188672","0.0519409347","0.076775191","0.0476462382","8.994216431954444","8.366883954558602","1.2722397688379665","156789911.0","83719000.0","19464.061070453736","5.0","1","observed","1","1","1","0"
"2018","48870","경상남도","함양군","경상남도 함양군","0.1461378072","0.1380244404","0.3529634613","0.3336415287","8.302990580515338","10.091377847196487","2.1279908893394324","59995000.0","358832197.0","14868.928935227048","11.0","1","observed","1","1","1","0"
"2018","48880","경상남도","거창군","경상남도 거창군","-0.0048934589","-0.0223185109","0.018552939","-0.0117483704","8.499016279413281","8.315092818155053","1.2352244539133264","100628000.0","83719000.0","20498.941238220614","5.0","1","observed","1","1","1","0"
"2018","48890","경상남도","합천군","경상남도 합천군","0.0382265258","0.0214515582","-0.0323412477","-0.0634070007","8.80714518131901","8.324246066385202","0.932617780933752","216747400.0","133719000.0","32443.24934394089","5.0","1","observed","1","1","1","0"
"2018","50110","제주특별자치도","제주시","제주특별자치도 제주시","","","","","","","2.880698718045113","","","9508.683538333917","16.0","0","metropolitan_headquarters","0","0","1","0"
"2018","50130","제주특별자치도","서귀포시","제주특별자치도 서귀포시","","","","","","","2.4147697289219616","","","4908.12289714066","5.0","0","metropolitan_headquarters","0","0","1","0"
"2018","51110","강원특별자치도","춘천시","강원특별자치도 춘천시","0.1938666982","0.178889624","0.4084945894","0.3844499687","10.01877171002394","8.221270273656067","2.2162026442435714","384463000.0","63696000.0","17130.760052797013","14.0","1","observed","1","1","1","0"
"2018","51130","강원특별자치도","원주시","강원특별자치도 원주시","0.2434964834","0.2312074159","0.1394249776","0.1125237543","10.021769995049308","8.712764936229387","1.0677280951209054","235862000.0","63696000.0","10477.987158381084","2.0","1","observed","1","1","1","0"
"2018","51150","강원특별자치도","강릉시","강원특별자치도 강릉시","-0.0621952474","-0.0843872292","0.0959850345","0.0639246246","8.797100121207368","7.33518839291373","1.6733904461921119","183290000.0","42464000.0","27712.288362127525","12.0","1","observed","1","1","1","0"
"2018","51170","강원특별자치도","동해시","강원특별자치도 동해시","-0.0497981916","-0.0658115595","-0.3361345528","-0.3707229426","7.799492858510389","8.823438394929974","0.0","11436000.0","31848000.0","4690.028793632587","0.0","1","observed","1","1","1","0"
"2018","51190","강원특별자치도","태백시","강원특별자치도 태백시","-0.1428856223","-0.1599756667","0.138734609","0.1119992073","7.0750743809815235","8.88468851840114","2.0419854629137326","5284000.0","32298000.0","4473.676582756398","3.0","1","observed","1","1","1","0"
"2018","51210","강원특별자치도","속초시","강원특별자치도 속초시","0.2368295529","0.2285918924","0.4998985896","0.4819923444","9.221457581353867","9.740799275494954","2.457301945571374","18946000.0","31848000.0","1873.839293759796","2.0","1","observed","1","1","1","0"
"2018","51230","강원특별자치도","삼척시","강원특별자치도 삼척시","-0.3785655268","-0.4080015554","-0.3171656716","-0.358315191","6.984930909411232","6.654516483356665","0.9004021652818898","44334000.0","31848000.0","41079.22020830035","6.0","1","observed","1","1","1","0"
"2018","51720","강원특별자치도","홍천군","강원특별자치도 홍천군","-0.6995649329","-0.7604042129","-0.3456972526","-0.4077798012","9.506679695063431","0.0","1.5946813390463785","479468460.0","0.0","35652.81320403021","14.0","1","observed","1","1","1","0"
"2018","51730","강원특별자치도","횡성군","강원특별자치도 횡성군","0.040096167","0.0224104648","0.0579145181","0.0276186467","8.990715704696104","8.09184156642799","1.270964743833219","156519000.0","63696000.0","19498.57822394212","5.0","1","observed","1","1","1","0"
"2018","51750","강원특별자치도","영월군","강원특별자치도 영월군","-0.0547614071","-0.0767073602","-0.1880584764","-0.2246425299","8.825937483485644","7.369979939242319","0.5740198187730525","175591000.0","40924000.0","25793.489291269954","2.0","1","observed","1","1","1","0"
"2018","51760","강원특별자치도","평창군","강원특별자치도 평창군","-0.0482465949","-0.0695288812","-0.0328555021","-0.0664713499","8.76998530014799","7.511563204901472","1.148194041316427","149526000.0","42464000.0","23228.863168648888","5.0","1","observed","1","1","1","0"
"2018","51770","강원특별자치도","정선군","강원특별자치도 정선군","0.1181450011","0.1004595216","0.1932345938","0.1643823961","9.76171197278353","7.816712575931546","1.5881418765997495","445620000.0","63696000.0","25676.27707683394","10.0","1","observed","1","1","1","0"
"2018","51780","강원특별자치도","철원군","강원특별자치도 철원군","0.8727639198","0.8831530273","1.5249676748","1.5315644463","12.127076720515621","12.117048104845663","4.752710761516938","32169000.0","31848000.0","174.06738674227793","2.0","1","observed","1","1","1","0"
"2018","51790","강원특별자치도","화천군","강원특별자치도 화천군","0.0557956407","0.0415315625","0.2739934312","0.2496431252","8.525527623989408","8.884864656846","2.054360066691126","22233000.0","31848000.0","4410.568912950758","3.0","1","observed","1","1","1","0"
"2018","51800","강원특별자치도","양구군","강원특별자치도 양구군","0.3477689279","0.343009756","0.7485128014","0.7361923695","9.68682637858239","10.212125327844157","3.123322473156971","22240000.0","37608000.0","1381.1043984930916","3.0","1","observed","1","1","1","0"
"2018","51810","강원특별자치도","인제군","강원특별자치도 인제군","0.0416571486","0.0197742374","0.0277131301","-0.0062470435","9.767018359311644","7.045658804220188","1.150772805942683","484515000.0","31848000.0","27769.62015277217","6.0","1","observed","1","1","1","0"
"2018","51820","강원특별자치도","고성군","강원특별자치도 고성군","-0.5166090712","-0.5748467113","0.1448086612","0.0908945326","10.842449763461717","0.0","2.998319144924825","161073000.0","0.0","3149.3079987109445","6.0","1","observed","1","1","1","0"
"2018","51830","강원특별자치도","양양군","강원특별자치도 양양군","-0.1268293478","-0.1486086688","0.0370123949","0.0049333344","8.083777964976543","7.665392407772575","1.6128344412538778","48401000.0","31848000.0","14936.47696406484","6.0","1","observed","1","1","1","0"
"2019","11110","서울특별시","종로구","서울특별시 종로구","-0.2467516651","-0.3715636644","-0.4640065866","-0.5817822991","12.8126924365311","0.0","0.0","86699000.0","0.0","236.3380504095327","0.0","1","observed","1","1","1","0"
"2019","11140","서울특별시","중구","서울특별시 중구","0.1410064257","0.0191637689","-0.2063754829","-0.3212973435","15.643734015074946","0.0","0.0","35329000.0","0.0","5.677328911138141","0.0","1","observed","1","1","1","0"
"2019","11170","서울특별시","용산구","서울특별시 용산구","-2.0016623643","-2.1399129771","-1.6299902017","-1.7606818408","0.0","0.0","0.0","0.0","0.0","97.12961906598258","0.0","1","observed","1","1","1","0"
"2019","11200","서울특별시","성동구","서울특별시 성동구","1.4728546232","1.4300822563","0.6743891548","0.6193149814","16.442895695246225","12.206598460349527","0.0","41491000.0","600000.0","2.9984379544998263","0.0","1","observed","1","1","1","0"
"2019","11215","서울특별시","광진구","서울특별시 광진구","-2.0016623643","-2.1399129771","-1.6299902017","-1.7606818408","0.0","0.0","0.0","0.0","0.0","116.90856639083398","0.0","1","observed","1","1","1","0"
"2019","11230","서울특별시","동대문구","서울특별시 동대문구","-2.0016623643","-2.1399129771","-1.6299902017","-1.7606818408","0.0","0.0","0.0","0.0","0.0","9.21884241031151","0.0","1","observed","1","1","1","0"
"2019","11260","서울특별시","중랑구","서울특별시 중랑구","-2.0016623643","-2.1399129771","-0.3556338264","-0.4930896654","0.0","0.0","4.848204860781462","0.0","0.0","79.04433266810034","1.0","1","observed","1","1","1","0"
"2019","11290","서울특별시","성북구","서울특별시 성북구","-2.0016623643","-2.1399129771","-1.6299902017","-1.7606818408","0.0","0.0","0.0","0.0","0.0","145.07422297425637","0.0","1","observed","1","1","1","0"
"2019","11305","서울특별시","강북구","서울특별시 강북구","-2.0016623643","-2.1399129771","-1.6299902017","-1.7606818408","0.0","0.0","0.0","0.0","0.0","115.00982494842624","0.0","1","observed","1","1","1","0"
"2019","11320","서울특별시","도봉구","서울특별시 도봉구","-2.0016623643","-2.1399129771","-1.6299902017","-1.7606818408","0.0","0.0","0.0","0.0","0.0","73.28591370155792","0.0","1","observed","1","1","1","0"
"2019","11350","서울특별시","노원구","서울특별시 노원구","-2.0016623643","-2.1399129771","-1.6299902017","-1.7606818408","0.0","0.0","0.0","0.0","0.0","342.629869805798","0.0","1","observed","1","1","1","0"
"2019","11380","서울특별시","은평구","서울특별시 은평구","0.7316634425","0.679014453","1.1737020894","1.1048574248","11.575782348434462","11.462060635685953","3.7721619326673594","25071000.0","22376000.0","235.43842164253857","1.0","1","observed","1","1","1","0"
"2019","11410","서울특별시","서대문구","서울특별시 서대문구","1.0979182679","1.0502579958","0.4253979383","0.3660988078","13.96680750248168","11.849154856423123","0.0","112091000.0","13486000.0","96.35265559778222","0.0","1","observed","1","1","1","0"
"2019","11440","서울특별시","마포구","서울특별시 마포구","1.7683233982","1.7389209528","0.8700358716","0.8252074458","17.160782826205573","14.175230811611355","0.0","227433000.0","11488000.0","8.01715368311193","0.0","1","observed","1","1","1","0"
"2019","11470","서울특별시","양천구","서울특별시 양천구","-2.0016623643","-2.1399129771","-1.6299902017","-1.7606818408","0.0","0.0","0.0","0.0","0.0","10.490697981839414","0.0","1","observed","1","1","1","0"
"2019","11500","서울특별시","강서구","서울특별시 강서구","1.4574801581","1.4189215648","0.6639143542","0.6118745204","15.769345513759895","12.974304489936015","0.0","187982000.0","11488000.0","26.64259896071815","0.0","1","observed","1","1","1","0"
"2019","11530","서울특별시","구로구","서울특별시 구로구","1.645475287","1.6136140485","0.7885051798","0.7416695095","16.460580633287464","13.906174020623045","0.0","226465000.0","17605000.0","16.079101788615233","0.0","1","observed","1","1","1","0"
"2019","11545","서울특별시","금천구","서울특별시 금천구","1.3080893668","1.2692500578","2.1337736039","2.0729325325","14.566767575286482","13.127309647908945","5.969796480460376","54291000.0","12870000.0","25.61304832421682","1.0","1","observed","1","1","1","0"
"2019","11560","서울특별시","영등포구","서울특별시 영등포구","","","","","","","","0.0","0.0","0.0","0.0","1","observed","0","0","1","0"
"2019","11590","서울특별시","동작구","서울특별시 동작구","1.2412356553","1.2027015081","0.5201381287","0.4677278159","13.972779780175083","13.27213207676728","0.0","23149000.0","11488000.0","19.78023516826956","0.0","1","observed","1","1","1","0"
"2019","11620","서울특별시","관악구","서울특별시 관악구","-2.0016623643","-2.1399129771","-0.7083967833","-0.8439801798","0.0","0.0","3.50614143500919","0.0","0.0","309.4111662481816","1.0","1","observed","1","1","1","0"
"2019","11650","서울특별시","서초구","서울특별시 서초구","1.3415069051","1.2995338248","0.5870118848","0.5322826938","15.250003184621232","12.526531980517895","0.0","338755000.0","22238000.0","80.70372588686055","0.0","1","observed","1","1","1","0"
"2019","11680","서울특별시","강남구","서울특별시 강남구","-2.0016623643","-2.1399129771","-1.6299902017","-1.7606818408","0.0","0.0","0.0","0.0","0.0","13.375270459764742","0.0","1","observed","1","1","1","0"
"2019","11710","서울특별시","송파구","서울특별시 송파구","1.2582487344","1.223789397","0.5312052117","0.4817864086","13.585839504548307","13.971250955945045","0.0","22666000.0","33324000.0","28.51808124942784","0.0","1","observed","1","1","1","0"
"2019","11740","서울특별시","강동구","서울특별시 강동구","0.1089788577","-0.0131090572","-0.2276549813","-0.3428125609","15.409899109551823","0.0","0.0","89488000.0","0.0","18.168988088480827","0.0","1","observed","1","1","1","0"
"2019","26110","부산광역시","중구","부산광역시 중구","-2.0016623643","-2.1399129771","-1.6299902017","-1.7606818408","0.0","0.0","0.0","0.0","0.0","1.9206728470322727","0.0","1","observed","1","1","1","0"
"2019","26140","부산광역시","서구","부산광역시 서구","1.0434711903","1.0026727883","0.3887860357","0.3343753361","12.626058432869218","13.139233977898026","0.0","53016000.0","88568000.0","174.17301864018526","0.0","1","observed","1","1","1","0"
"2019","26170","부산광역시","동구","부산광역시 동구","0.6483170541","0.6024956487","0.1263607012","0.0675905763","9.999803271445392","12.785286176521112","0.0","2688000.0","43568000.0","122.06456414754766","0.0","1","observed","1","1","1","0"
"2019","26200","부산광역시","영도구","부산광역시 영도구","0.8408506379","0.7959120896","0.2543177937","0.1965348703","11.482152016151534","12.680448169184105","0.0","28160000.0","93336000.0","290.4035146521948","0.0","1","observed","1","1","1","0"
"2019","26230","부산광역시","부산진구","부산광역시 부산진구","0.5571736068","0.5079852549","0.0659640048","0.0045836472","9.68022339779446","12.312239732546129","0.0","6282000.0","87336000.0","392.6969012927685","0.0","1","observed","1","1","1","0"
"2019","26260","부산광역시","동래구","부산광역시 동래구","0.6321299725","0.5817119807","1.0725683353","1.0053509643","10.461208525096943","11.992567785001356","3.639680185615748","9421000.0","43568000.0","269.6896622776364","1.0","1","observed","1","1","1","0"
"2019","26290","부산광역시","남구","부산광역시 남구","0.7146459792","0.6662820138","0.1706134121","0.1101148197","10.879373134479893","12.244624862930493","0.0","22298000.0","87336000.0","420.1674216945598","0.0","1","observed","1","1","1","0"
"2019","26320","부산광역시","북구","부산광역시 북구","0.5771256917","0.5237020088","0.0794836264","0.0150614831","10.39453105185488","11.534500002621439","0.0","27932000.0","87336000.0","854.7278301363647","0.0","1","observed","1","1","1","0"
"2019","26350","부산광역시","해운대구","부산광역시 해운대구","0.4444082814","0.3856059164","-0.0084337315","-0.0770025785","9.9908542136991","10.761324006992245","0.0","40464000.0","87436000.0","1854.0261530217567","0.0","1","observed","1","1","1","0"
"2019","26380","부산광역시","사하구","부산광역시 사하구","-0.2969097709","-0.4221058669","-0.4973322308","-0.6154771007","12.446485550339297","0.0","0.0","128572000.0","0.0","505.4848147004281","0.0","1","observed","1","1","1","0"
"2019","26410","부산광역시","금정구","부산광역시 금정구","-0.3949686748","-0.5209156784","-0.0738276015","-0.1952879275","11.730552496352349","0.0","1.8590600692567483","229454000.0","0.0","1845.8011310101283","1.0","1","observed","1","1","1","0"
"2019","26440","부산광역시","강서구","부산광역시 강서구","0.6952622271","0.6385430789","0.158226892","0.0916221965","11.801326717225834","10.790080391423464","0.0","240092000.0","87336000.0","1799.408931548245","0.0","1","observed","1","1","1","0"
"2019","26470","부산광역시","연제구","부산광역시 연제구","0.6229561835","0.5785961286","1.3469880721","1.2826653305","9.60010611121849","13.078713170441599","4.708279174954607","1344000.0","43568000.0","91.02392760698054","1.0","1","observed","1","1","1","0"
"2019","26500","부산광역시","수영구","부산광역시 수영구","-0.1989802682","-0.3234264476","-0.4322667003","-0.5496908212","13.161473839435278","0.0","0.0","47025000.0","0.0","90.4428371108635","0.0","1","observed","1","1","1","0"
"2019","26530","부산광역시","사상구","부산광역시 사상구","0.564577022","0.5136956888","0.0709878752","0.0083906031","9.961008536191406","12.002131557629134","0.0","11317000.0","87136000.0","534.2453807745762","0.0","1","observed","1","1","1","0"
"2019","26710","부산광역시","기장군","부산광역시 기장군","-0.4578696616","-0.5842983433","0.018090891","-0.1045421059","11.27130918644228","0.0","2.367753460764135","405932000.0","0.0","5168.820314992766","5.0","1","observed","1","1","1","0"
"2019","27110","대구광역시","중구","대구광역시 중구","","","","","","","","0.0","0.0","0.0","0.0","1","observed","0","0","1","0"
"2019","27140","대구광역시","동구","대구광역시 동구","-2.0016623643","-2.1399129771","-1.6299902017","-1.7606818408","0.0","0.0","0.0","0.0","0.0","5054.679670192707","0.0","1","observed","1","1","1","0"
"2019","27170","대구광역시","서구","대구광역시 서구","1.1421196523","1.1041864359","0.4542026986","0.4020511012","13.072901176141661","13.513163433016173","0.0","14026000.0","21784000.0","29.4744631745872","0.0","1","observed","1","1","1","0"
"2019","27200","대구광역시","남구","대구광역시 남구","-2.0016623643","-2.1399129771","-1.6299902017","-1.7606818408","0.0","0.0","0.0","0.0","0.0","292.73579718212096","0.0","1","observed","1","1","1","0"
"2019","27230","대구광역시","북구","대구광역시 북구","0.7459737745","0.6858083343","0.1921502668","0.1231323667","12.668486283531042","10.110440219404737","0.0","738770307.0","57220000.0","2326.253889395725","0.0","1","observed","1","1","1","0"
"2019","27260","대구광역시","수성구","대구광역시 수성구","0.3850688785","0.3179317202","-0.0473868393","-0.1221187093","10.57879821340342","9.364622564726588","0.0","42743100.0","12692000.0","1087.835883476674","0.0","1","observed","1","1","1","0"
"2019","27290","대구광역시","달서구","대구광역시 달서구","0.686734127","0.6292628867","0.1526019169","0.0854354017","11.828060149696011","10.668356027487063","0.0","113006840.0","35436000.0","824.6062940159311","0.0","1","observed","1","1","1","0"
"2019","27710","대구광역시","달성군","대구광역시 달성군","0.5808574269","0.5122552815","0.270319643","0.1938798124","12.392388154077254","8.83924044799461","0.7131199582639293","2316144840.0","66312000.0","9612.176215481291","1.0","1","observed","1","1","1","0"
"2019","27720","대구광역시","군위군","대구광역시 군위군","","","","","","","0.4331560632308906","","","18446.207007386136","1.0","0","administrative_history","0","0","1","0"
"2019","28110","인천광역시","중구","인천광역시 중구","-0.6075096912","-0.7350842743","-0.7036985252","-0.8241293723","10.178779705067141","0.0","0.0","26005000.0","0.0","987.3826441590792","0.0","1","observed","1","1","1","0"
"2019","28140","인천광역시","동구","인천광역시 동구","-2.0016623643","-2.1399129771","-1.6299902017","-1.7606818408","0.0","0.0","0.0","0.0","0.0","3.958094174333669","0.0","1","observed","1","1","1","0"
"2019","28177","인천광역시","미추홀구","인천광역시 미추홀구","-0.0742559601","-0.1977470358","-0.3493983813","-0.4659045466","14.072092368310354","0.0","0.0","24342000.0","0.0","18.833217834767712","0.0","1","observed","1","1","1","0"
"2019","28185","인천광역시","연수구","인천광역시 연수구","-0.1458518268","-0.2698911635","-0.3969675297","-0.5140006318","13.549367297266809","0.0","0.0","36109000.0","0.0","47.1194896000123","0.0","1","observed","1","1","1","0"
"2019","28200","인천광역시","남동구","인천광역시 남동구","1.2016332284","1.1630223155","0.4938122172","0.4412750209","13.654289513146583","13.312276150968769","0.0","49147000.0","34911000.0","57.74507283302972","0.0","1","observed","1","1","1","0"
"2019","28237","인천광역시","부평구","인천광역시 부평구","-0.0750188812","-0.1985157991","-0.3499052752","-0.4664170555","14.066522242133217","0.0","0.0","44045000.0","0.0","34.26762162527105","0.0","1","observed","1","1","1","0"
"2019","28245","인천광역시","계양구","인천광역시 계양구","-0.063018103","-0.1864231224","-0.3419318149","-0.458355271","14.154140535129969","0.0","0.0","57648000.0","0.0","41.088418340379626","0.0","1","observed","1","1","1","0"
"2019","28260","인천광역시","서구","인천광역시 서구","0.9812146497","0.9354024327","1.5630955141","1.4984784761","12.759458916128336","12.335094107026944","4.6239142146816326","34475000.0","22553000.0","99.1158076294085","1.0","1","observed","1","1","1","0"
"2019","28710","인천광역시","강화군","인천광역시 강화군","","","","","","","","386986000.0","22553000.0","0.0","0.0","1","observed","0","0","1","0"
"2019","28720","인천광역시","옹진군","인천광역시 옹진군","0.6558909397","0.5937412546","0.1323758008","0.0617543136","12.178524414501892","9.881021030858697","0.0","224427000.0","22556000.0","1153.4834967443164","0.0","1","observed","1","1","1","0"
"2019","29110","광주광역시","동구","광주광역시 동구","-0.6540980255","-0.7820293689","-0.7346523705","-0.8554261021","9.838635902935199","0.0","0.0","14683000.0","0.0","783.380373911657","0.0","1","observed","1","1","1","0"
"2019","29140","광주광역시","서구","광주광역시 서구","-0.3893969604","-0.5153012974","0.6018603791","0.4768742023","11.771231867093569","0.0","4.415586782895647","15841424.0","0.0","122.35353669199284","1.0","1","observed","1","1","1","0"
"2019","29155","광주광역시","남구","광주광역시 남구","-0.5043008068","-0.6310850452","-0.6351253104","-0.7547965529","10.932313029454608","0.0","0.0","23863000.0","0.0","426.4710737356274","0.0","1","observed","1","1","1","0"
"2019","29170","광주광역시","북구","광주광역시 북구","-0.5917758475","-0.7192299452","-0.6932447716","-0.8135598196","10.29365330002979","0.0","0.0","37868520.0","0.0","1281.7880110647875","0.0","1","observed","1","1","1","0"
"2019","29200","광주광역시","광산구","광주광역시 광산구","0.2045252872","0.1385786516","-0.1674965004","-0.2416874217","8.927207105036384","9.820668251037995","0.0","18458000.0","45107000.0","2450.222389842844","0.0","1","observed","1","1","1","0"
"2019","30110","대전광역시","동구","대전광역시 동구","0.3444814964","0.2807101653","-0.0745741208","-0.1469330792","9.80602927250664","10.016260460013015","0.0","12185000.0","15036000.0","671.6531707444556","0.0","1","observed","1","1","1","0"
"2019","30140","대전광역시","중구","대전광역시 중구","-0.4808385215","-0.6074430923","-0.619536688","-0.739035251","11.103612370163992","0.0","0.0","24562000.0","0.0","369.8560141423794","0.0","1","observed","1","1","1","0"
"2019","30170","대전광역시","서구","대전광역시 서구","0.5268961605","0.4661143505","0.0465288259","-0.0233302891","10.931464908400294","10.298536330813242","0.0","28315000.0","15036000.0","506.46500818257937","0.0","1","observed","1","1","1","0"
"2019","30200","대전광역시","유성구","대전광역시 유성구","-0.564178308","-0.6914210715","-0.6749086369","-0.7950205704","10.495144342283846","0.0","0.0","56999000.0","0.0","1577.23345018462","0.0","1","observed","1","1","1","0"
"2019","30230","대전광역시","대덕구","대전광역시 대덕구","0.779762046","0.729279279","0.2140343096","0.1521129965","11.693971366047272","11.780715617246257","0.0","15328000.0","16717000.0","127.89744823706026","0.0","1","observed","1","1","1","0"
"2019","31110","울산광역시","중구","울산광역시 중구","0.9584037405","0.9045787703","0.3330085213","0.2689793241","13.608615879217995","10.945892503446862","0.0","646646250.0","45108000.0","795.2808314037114","0.0","1","observed","1","1","1","0"
"2019","31140","울산광역시","남구","울산광역시 남구","0.8617916311","0.8105348123","0.2686198557","0.2062833521","12.474579780737157","11.532191004340254","0.0","115752510.0","45108000.0","442.477217492871","0.0","1","observed","1","1","1","0"
"2019","31170","울산광역시","동구","울산광역시 동구","-0.1992959603","-0.3237445572","-0.4324764499","-0.5499028943","13.159168955192909","0.0","0.0","454471000.0","0.0","876.0977186640777","0.0","1","observed","1","1","1","0"
"2019","31200","울산광역시","북구","울산광역시 북구","-0.1090622332","-0.2328198455","-0.3725240846","-0.4892864198","13.817969994893208","0.0","0.0","3262503275.0","0.0","3254.4924595423768","0.0","1","observed","1","1","1","0"
"2019","31710","울산광역시","울주군","울산광역시 울주군","-0.2559946803","-0.3808774601","0.1909968778","0.0696438256","12.745208711330822","0.0","2.515281196328706","5428517920.0","0.0","15831.01382974732","18.0","1","observed","1","1","1","0"
"2019","36110","세종특별자치시","세종시","세종특별자치시","","","","","","","0.0","","","1266.0621896527832","0.0","0","metropolitan_headquarters","0","0","1","0"
"2019","41111","경기도","수원시 장안구","경기도 수원시 장안구","","","","","","","0.0","","","115.40834556044857","0.0","0","city_district_granularity","0","0","1","0"
"2019","41113","경기도","수원시 권선구","경기도 수원시 권선구","","","","","","","0.0","","","253.7072431722083","0.0","0","city_district_granularity","0","0","1","0"
"2019","41115","경기도","수원시 팔달구","경기도 수원시 팔달구","","","","","","","0.0","","","26.09973735007635","0.0","0","city_district_granularity","0","0","1","0"
"2019","41117","경기도","수원시 영통구","경기도 수원시 영통구","","","","","","","0.0","","","26.157524481531816","0.0","0","city_district_granularity","0","0","1","0"
"2019","41131","경기도","성남시 수정구","경기도 성남시 수정구","","","","","","","0.0","","","71.5983676018642","0.0","0","city_district_granularity","0","0","1","0"
"2019","41133","경기도","성남시 중원구","경기도 성남시 중원구","","","","","","","5.668833403165514","","","34.63846709358737","1.0","0","city_district_granularity","0","0","1","0"
"2019","41135","경기도","성남시 분당구","경기도 성남시 분당구","","","","","","","0.0","","","97.95033572861928","0.0","0","city_district_granularity","0","0","1","0"
"2019","41150","경기도","의정부시","경기도 의정부시","1.0001588536","0.9536524992","0.3603312946","0.3016951434","13.006520527000081","12.186355091727876","0.0","127426000.0","56113000.0","286.15341427612697","0.0","1","observed","1","1","1","0"
"2019","41171","경기도","안양시 만안구","경기도 안양시 만안구","","","","","","","0.0","","","265.8049176907011","0.0","0","city_district_granularity","0","0","1","0"
"2019","41173","경기도","안양시 동안구","경기도 안양시 동안구","","","","","","","0.0","","","127.51675699944526","0.0","0","city_district_granularity","0","0","1","0"
"2019","41190","경기도","부천시","경기도 부천시","-2.0016623643","-2.1399129771","-1.6299902017","-1.7606818408","0.0","0.0","0.0","0.0","0.0","35.10405032799517","0.0","1","observed","1","1","1","0"
"2019","41210","경기도","광명시","경기도 광명시","-2.0016623643","-2.1399129771","-1.6299902017","-1.7606818408","0.0","0.0","0.0","0.0","0.0","42.54530963524327","0.0","1","observed","1","1","1","0"
"2019","41220","경기도","평택시","경기도 평택시","0.9440491259","0.890999069","0.3234180677","0.2599261899","13.389150083017505","11.10271890637809","0.0","443848000.0","45107000.0","679.8309525670219","0.0","1","observed","1","1","1","0"
"2019","41250","경기도","동두천시","경기도 동두천시","1.0115044281","0.9594746056","0.3682059627","0.3055765477","13.81637498374248","11.191990066945596","0.0","622308000.0","45107000.0","621.7709145937123","0.0","1","observed","1","1","1","0"
"2019","41271","경기도","안산시 상록구","경기도 안산시 상록구","","","","","","","5.005618997732435","","","67.45388059852978","1.0","0","city_district_granularity","0","0","1","0"
"2019","41273","경기도","안산시 단원구","경기도 안산시 단원구","","","","","","","3.18303723554827","","","865.0556360091556","2.0","0","city_district_granularity","0","0","1","0"
"2019","41281","경기도","고양시 덕양구","경기도 고양시 덕양구","","","","","","","0.0","","","355.8002227264187","0.0","0","city_district_granularity","0","0","1","0"
"2019","41285","경기도","고양시 일산동구","경기도 고양시 일산동구","","","","","","","0.0","","","37.31277505696144","0.0","0","city_district_granularity","0","0","1","0"
"2019","41287","경기도","고양시 일산서구","경기도 고양시 일산서구","","","","","","","0.0","","","3.388930813065514","0.0","0","city_district_granularity","0","0","1","0"
"2019","41290","경기도","과천시","경기도 과천시","1.0268296448","0.9806938946","1.383110384","1.3194565786","13.17968661924614","12.21584153678743","3.8237175555317333","118260000.0","45107000.0","223.34360555692547","1.0","1","observed","1","1","1","0"
"2019","41310","경기도","구리시","경기도 구리시","0.9584295807","0.9136116661","0.3324854196","0.2750012546","12.441646514758435","12.542246628442713","0.0","40790000.0","45107000.0","161.14505903434895","0.0","1","observed","1","1","1","0"
"2019","41360","경기도","남양주시","경기도 남양주시","0.8791627162","0.8226755749","0.7852530823","0.7164678618","13.29641866286346","10.581604384470126","1.920364028873773","2043670000.0","135323000.0","3434.395016144184","2.0","1","observed","1","1","1","0"
"2019","41370","경기도","오산시","경기도 오산시","-0.1486225922","-0.2726831467","-0.3988084593","-0.5158619539","13.529137797715766","0.0","0.0","139946000.0","0.0","186.35076400480355","0.0","1","observed","1","1","1","0"
"2019","41390","경기도","시흥시","경기도 시흥시","1.1182288445","1.0753747429","0.4386135626","0.3828433058","13.512440903854692","12.67342288147003","0.0","104382000.0","45107000.0","141.33433515643677","0.0","1","observed","1","1","1","0"
"2019","41410","경기도","군포시","경기도 군포시","1.3365044367","1.3011751774","0.5832873622","0.5333769288","14.34757305210236","13.710856597432922","0.0","91124000.0","48207000.0","53.525560683214096","0.0","1","observed","1","1","1","0"
"2019","41430","경기도","의왕시","경기도 의왕시","1.1040017944","1.0610912568","0.4291577909","0.3733209818","13.401763857745241","12.682729759056423","0.0","92580000.0","45107000.0","140.02505183745703","0.0","1","observed","1","1","1","0"
"2019","41450","경기도","하남시","경기도 하남시","1.1917035381","1.1492150992","0.4874428421","0.43207021","14.07440991563185","12.63850954526021","0.0","223232000.0","53107000.0","172.3130711920396","0.0","1","observed","1","1","1","0"
"2019","41461","경기도","용인시 처인구","경기도 용인시 처인구","","","","","","","3.2222275821333706","","","2076.0727432002136","5.0","0","city_district_granularity","0","0","1","0"
"2019","41463","경기도","용인시 기흥구","경기도 용인시 기흥구","","","","","","","3.442809018477251","","","330.3089577168603","1.0","0","city_district_granularity","0","0","1","0"
"2019","41465","경기도","용인시 수지구","경기도 용인시 수지구","","","","","","","0.0","","","79.2663751414894","0.0","0","city_district_granularity","0","0","1","0"
"2019","41480","경기도","파주시","경기도 파주시","0.9973366592","0.9479286021","0.3586289552","0.2978792119","13.35913355400582","11.675894554040912","0.0","242811000.0","45107000.0","383.2401994607623","0.0","1","observed","1","1","1","0"
"2019","41500","경기도","이천시","경기도 이천시","0.8437148234","0.7900786237","1.1626120885","1.0937058614","12.632995162405551","11.13500967367718","3.4463160967512545","201751000.0","45107000.0","658.2290176450433","2.0","1","observed","1","1","1","0"
"2019","41550","경기도","안성시","경기도 안성시","0.4948163704","0.4225361006","0.7191988934","0.6372467757","12.15544849852866","8.304116405323224","2.6376494399567734","439418497.0","9336000.0","2311.1940487582983","3.0","1","observed","1","1","1","0"
"2019","41570","경기도","김포시","경기도 김포시","1.3226248426","1.2852334553","0.5741829141","0.5227491141","14.499686153969044","13.36420780604374","0.0","140403000.0","45107000.0","70.8341881331828","0.0","1","observed","1","1","1","0"
"2019","41590","경기도","화성시","경기도 화성시","0.5391163993","0.4764887405","0.7666023122","0.6916454608","11.272007208376731","9.95479671198563","2.7081403049890724","168390000.0","45107000.0","2142.6502823392866","3.0","1","observed","1","1","1","0"
"2019","41610","경기도","광주시","경기도 광주시","1.083709483","1.0313060566","1.1566104232","1.089909303","14.463612592117173","11.02777410565628","2.8167078386844038","3648282000.0","117467000.0","1908.1894503644528","3.0","1","observed","1","1","1","0"
"2019","41630","경기도","양주시","경기도 양주시","0.5865795846","0.5280744235","0.0860740572","0.0179764262","11.131421582214966","10.621039700050444","0.0","156652000.0","94032000.0","2294.179185953983","0.0","1","observed","1","1","1","0"
"2019","41650","경기도","포천시","경기도 포천시","0.5809123813","0.5149929499","0.2935830639","0.2189685877","12.045203128504735","9.314643721033207","0.8020973174200708","1384147000.0","90215000.0","8128.670398484328","1.0","1","observed","1","1","1","0"
"2019","41670","경기도","여주시","경기도 여주시","0.5958818784","0.5338512676","0.5546781543","0.4815820845","11.665416154071405","9.983571933711678","1.758439110009327","242480000.0","45107000.0","2081.870864151668","1.0","1","observed","1","1","1","0"
"2019","41800","경기도","연천군","경기도 연천군","1.1256314581","1.0779761044","0.4438233475","0.3845775468","14.196006174722662","11.812413239037294","0.0","553330000.0","51027000.0","378.21379665028775","0.0","1","observed","1","1","1","0"
"2019","41820","경기도","가평군","경기도 가평군","0.3076499184","0.2324779144","0.2501628402","0.16760341","10.97793271501608","8.045621351871077","1.3260026299733514","846959000.0","45107000.0","14461.528634104574","4.0","1","observed","1","1","1","0"
"2019","41830","경기도","양평군","경기도 양평군","0.4075023868","0.3350643455","0.3283469588","0.2478899613","11.45176531391226","8.394659064017683","1.371500143409458","959449000.0","45107000.0","10199.71478015457","3.0","1","observed","1","1","1","0"
"2019","43111","충청북도","청주시 상당구","충청북도 청주시 상당구","","","","","","","2.19908299179374","","","3742.168912140501","3.0","0","city_district_granularity","0","0","1","0"
"2019","43112","충청북도","청주시 서원구","충청북도 청주시 서원구","","","","","","","4.414196914298405","","","245.0515906553315","2.0","0","city_district_granularity","0","0","1","0"
"2019","43113","충청북도","청주시 흥덕구","충청북도 청주시 흥덕구","","","","","","","5.386793533501188","","","229.8833210329101","5.0","0","city_district_granularity","0","0","1","0"
"2019","43114","충청북도","청주시 청원구","충청북도 청주시 청원구","","","","","","","3.669652639598743","","","523.0361645621886","2.0","0","city_district_granularity","0","0","1","0"
"2019","43130","충청북도","충주시","충청북도 충주시","0.4160896098","0.3459621144","0.6952838304","0.6146031033","11.223569217700069","8.792519844920898","2.7462935462330544","616042000.0","54170000.0","8227.766231707934","12.0","1","observed","1","1","1","0"
"2019","43150","충청북도","제천시","충청북도 제천시","0.0640643197","-0.018165132","0.3052725149","0.2159975451","9.872327513400801","7.125379187228672","2.1501929794303387","281077000.0","18010000.0","14499.410632856823","11.0","1","observed","1","1","1","0"
"2019","43720","충청북도","보은군","충청북도 보은군","-0.1141302575","-0.1879626169","0.1852305451","0.1017430385","7.306350854095437","8.855512032372156","2.1461533573803075","11828000.0","55710000.0","7945.021565993795","6.0","1","observed","1","1","1","0"
"2019","43730","충청북도","옥천군","충청북도 옥천군","0.2688989051","0.2030103933","-0.1246998173","-0.1987329273","9.453550005132666","9.743599767087247","0.0","44137000.0","58990000.0","3461.084989142923","0.0","1","observed","1","1","1","0"
"2019","43740","충청북도","영동군","충청북도 영동군","0.2320026727","0.1594373939","0.4007046022","0.3188366734","10.012767595290141","8.610302316912156","2.0906703197366467","220242660.0","54170000.0","9872.59214026753","7.0","1","observed","1","1","1","0"
"2019","43745","충청북도","증평군","충청북도 증평군","0.3630666388","0.3091050932","-0.0628058266","-0.1280031273","8.688957129304562","11.729699157640736","0.0","2662000.0","55700000.0","448.4510789032455","0.0","1","observed","1","1","1","0"
"2019","43750","충청북도","진천군","충청북도 진천군","0.3499258202","0.2795190503","0.7174080717","0.6360547766","10.711037674675604","8.832821773616686","2.9977586235166904","117767370.0","18000000.0","2625.9720702166314","5.0","1","observed","1","1","1","0"
"2019","43760","충청북도","괴산군","충청북도 괴산군","-0.1527525374","-0.2367133442","0.1364493226","0.0456584784","8.298541377278273","7.112789549013086","2.055950506441678","58950000.0","18000000.0","14675.103804458691","10.0","1","observed","1","1","1","0"
"2019","43770","충청북도","음성군","충청북도 음성군","0.447448676","0.3835901202","0.8479909451","0.7712199645","10.671278305401465","9.861050185789322","3.2493668424447164","121778000.0","54160000.0","2825.541113033934","7.0","1","observed","1","1","1","0"
"2019","43800","충청북도","단양군","충청북도 단양군","0.1643024087","0.0885943712","0.0221055778","-0.0603959291","9.85855948144181","8.145172438628427","0.8208431204074615","300536000.0","54160000.0","15718.142896565196","2.0","1","observed","1","1","1","0"
"2019","44131","충청남도","천안시 동남구","충청남도 천안시 동남구","","","","","","","2.880550851819455","","","2377.543308260854","4.0","0","city_district_granularity","0","0","1","0"
"2019","44133","충청남도","천안시 서북구","충청남도 천안시 서북구","","","","","","","0.0","","","175.33501711721496","0.0","0","city_district_granularity","0","0","1","0"
"2019","44150","충청남도","공주시","충청남도 공주시","0.2055029929","0.1292280688","0.4746489495","0.3895529957","10.273711864509808","7.98877988631147","2.4381700049824264","221661000.0","22554000.0","7653.9903926024035","8.0","1","observed","1","1","1","0"
"2019","44180","충청남도","보령시","충청남도 보령시","0.3832910063","0.3113967056","0.3511320789","0.2708201628","11.180510255811091","8.523890897131508","1.5195504097465728","803524170.0","56385000.0","11203.948179471963","4.0","1","observed","1","1","1","0"
"2019","44200","충청남도","아산시","충청남도 아산시","0.5168234795","0.4447086912","0.8751382927","0.7925958299","12.316517804637055","8.30357713535789","3.1752822937976655","681742000.0","12323000.0","3052.293388394725","7.0","1","observed","1","1","1","0"
"2019","44210","충청남도","서산시","충청남도 서산시","-0.7235756769","-0.8520390607","-0.6158770732","-0.7380376269","9.331376029209254","0.0","0.6274922460749682","129288000.0","0.0","11455.962398752716","1.0","1","observed","1","1","1","0"
"2019","44230","충청남도","논산시","충청남도 논산시","0.5171083006","0.4523166599","0.8749232878","0.7977025235","11.369906320710522","9.601127872219514","3.175415067576468","264514000.0","45108000.0","3051.870483159969","7.0","1","observed","1","1","1","0"
"2019","44250","충청남도","계룡시","충청남도 계룡시","0.353573576","0.2879069057","-0.0684153676","-0.1421352523","10.127041801961658","9.667994922567877","0.0","17847000.0","11277000.0","713.6154039255124","0.0","1","observed","1","1","1","0"
"2019","44270","충청남도","당진시","충청남도 당진시","0.1417709647","0.0664225718","0.3801656079","0.2959047953","9.625092924235554","8.239495490154798","2.2401333481171775","90171000.0","22554000.0","5956.2213296062455","5.0","1","observed","1","1","1","0"
"2019","44710","충청남도","금산군","충청남도 금산군","0.4787361839","0.4105924448","0.7149091679","0.6358986981","11.48605505740253","9.059089920791497","2.662947616510995","510878000.0","45108000.0","5247.969858106501","7.0","1","observed","1","1","1","0"
"2019","44760","충청남도","부여군","충청남도 부여군","0.4478122844","0.3749769611","0.6795495284","0.597154441","11.837552615387025","8.26953568041249","2.6055742834187936","772353000.0","21784000.0","5582.583103160097","7.0","1","observed","1","1","1","0"
"2019","44770","충청남도","서천군","충청남도 서천군","0.5108028419","0.4426784008","0.5279414577","0.4501081554","11.749495299536695","9.01898823463503","1.8705343910076702","692065000.0","45108000.0","5462.725027978422","3.0","1","observed","1","1","1","0"
"2019","44790","충청남도","청양군","충청남도 청양군","-0.4662980823","-0.5927913065","-0.0894615787","-0.2116154505","11.209772857044797","0.0","1.9798817918099505","591549000.0","0.0","8010.39828619605","5.0","1","observed","1","1","1","0"
"2019","44800","충청남도","홍성군","충청남도 홍성군","-0.8489990242","-0.9784228648","-0.2394177681","-0.3649419683","8.415653779836653","0.0","2.3767408957160288","27736000.0","0.0","6141.408460067389","6.0","1","observed","1","1","1","0"
"2019","44810","충청남도","예산군","충청남도 예산군","0.2402147459","0.1639071314","0.4055698222","0.3210016137","10.56582583795196","7.935873867058608","2.0875536014106872","219587000.0","15823000.0","5661.584119989491","4.0","1","observed","1","1","1","0"
"2019","44825","충청남도","태안군","충청남도 태안군","-0.4292775343","-0.5554872656","-0.4405964085","-0.5604834543","11.480061764556822","0.0","0.5504352063403257","1318325000.0","0.0","13623.83890554806","1.0","1","observed","1","1","1","0"
"2019","45111","전라북도","전주시 완산구","전라북도 전주시 완산구","","","","","","","0.0","","","409.1654591119113","0.0","0","city_district_granularity","0","0","1","0"
"2019","45113","전라북도","전주시 덕진구","전라북도 전주시 덕진구","","","","","","","0.0","","","110.8834911803561","0.0","0","city_district_granularity","0","0","1","0"
"2019","45130","전라북도","군산시","전라북도 군산시","-0.2384082817","-0.3631563898","0.1433221532","0.0224136102","12.87360790387053","0.0","2.289452507294822","879154123.0","0.0","2254.9102265247807","2.0","1","observed","1","1","1","0"
"2019","45140","전라북도","익산시","전라북도 익산시","0.4120587773","0.3474257088","0.4157081287","0.3404806902","10.478142018364657","9.771809841892065","1.6941158991817278","79988000.0","39469000.0","2251.3229684613457","1.0","1","observed","1","1","1","0"
"2019","45180","전라북도","정읍시","전라북도 정읍시","0.0850625641","0.0069624646","0.3595804284","0.2731282836","9.511369826306877","7.828756220583706","2.304632004845499","134808000.0","25051000.0","9977.284956948184","9.0","1","observed","1","1","1","0"
"2019","45190","전라북도","남원시","전라북도 남원시","-0.0253098862","-0.1071136475","0.1906480304","0.1018148015","9.075949944523565","7.322129437211787","1.9402772134173283","175983000.0","30448000.0","20131.930252455182","12.0","1","observed","1","1","1","0"
"2019","45210","전라북도","김제시","전라북도 김제시","0.4151163298","0.3493368419","-0.0274905908","-0.1011819615","10.652058787438943","9.564471349740385","0.0","100192000.0","33766000.0","2369.806933246794","0.0","1","observed","1","1","1","0"
"2019","45710","전라북도","완주군","전라북도 완주군","0.3528267867","0.2824569478","0.2228754824","0.1441894041","10.73031077539296","8.83543003523768","1.10901252496341","225070000.0","33832000.0","4922.801803117838","1.0","1","observed","1","1","1","0"
"2019","45720","전라북도","진안군","전라북도 진안군","0.1697609117","0.0979642068","0.3608194866","0.2793901006","9.396976982552253","8.830999296792285","2.0965433996171376","67531000.0","38342000.0","5603.817299287868","4.0","1","observed","1","1","1","0"
"2019","45730","전라북도","무주군","전라북도 무주군","-0.6924433697","-0.820668351","0.020701583","-0.1044989655","9.558674590836848","0.0","2.970620309682468","91868000.0","0.0","6485.079268680864","12.0","1","observed","1","1","1","0"
"2019","45740","전라북도","장수군","전라북도 장수군","0.0532266215","-0.0201025084","0.5606482821","0.4764246831","8.629093856443879","8.717560437333509","3.1511978816718753","35000000.0","38238000.0","6260.050966131462","14.0","1","observed","1","1","1","0"
"2019","45750","전라북도","임실군","전라북도 임실군","0.1803833317","0.1066045314","0.2990708347","0.2165861049","9.741923557061929","8.465280255462119","1.8343034199446953","161718121.0","45108000.0","9504.30940080018","5.0","1","observed","1","1","1","0"
"2019","45770","전라북도","순창군","전라북도 순창군","0.3831481677","0.3143959157","0.4390700314","0.3605727583","10.772161734263149","9.08097403442793","1.855182895541363","442009450.0","81455000.0","9271.505594998516","5.0","1","observed","1","1","1","0"
"2019","45790","전라북도","고창군","전라북도 고창군","0.1670526092","0.091116587","0.0924549433","0.0094290772","9.910911449128392","8.101032297670905","1.0814740989130835","206750000.0","33831000.0","10261.548919578408","2.0","1","observed","1","1","1","0"
"2019","45800","전라북도","부안군","전라북도 부안군","0.2681622597","0.196623825","-0.1248506849","-0.2029906394","10.179588709549881","8.743220637351461","0.0","189720000.0","45108000.0","7197.644415441628","0.0","1","observed","1","1","1","0"
"2019","46110","전라남도","목포시","전라남도 목포시","0.300776276","0.2370459508","0.7050759183","0.628375705","9.438251495681511","10.082846544337865","3.0766871210233","6071000.0","11567000.0","483.4084851141503","1.0","1","observed","1","1","1","0"
"2019","46130","전라남도","여수시","전라남도 여수시","0.3199535502","0.250882501","0.4642680556","0.3850690017","10.289376235847733","9.110241181480964","2.1108225589438794","324381000.0","99754000.0","11026.834332748904","8.0","1","observed","1","1","1","0"
"2019","46150","전라남도","순천시","전라남도 순천시","0.2776746833","0.2061426613","0.5882745867","0.5064047166","10.257647867774244","8.7314465979789","2.688978285346967","457088000.0","99340000.0","16038.922630022427","22.0","1","observed","1","1","1","0"
"2019","46170","전라남도","나주시","전라남도 나주시","-0.4065133236","-0.5058628757","0.2218891154","0.1181162709","8.188164695570292","4.729738093074362","3.0193662562529577","20314000.0","634000.0","5647.307308823615","11.0","1","observed","1","1","1","0"
"2019","46230","전라남도","광양시","전라남도 광양시","0.4952176733","0.426567294","0.5588439068","0.4803815873","11.688395528780157","8.94692494425481","2.027402744421481","722921160.0","46605000.0","6065.811363469913","4.0","1","observed","1","1","1","0"
"2019","46710","전라남도","담양군","전라남도 담양군","0.2885739993","0.2173125786","0.6110033288","0.5292673957","10.312974043390522","8.764614380656717","2.7479406671938675","206153000.0","43822000.0","6844.415383359256","10.0","1","observed","1","1","1","0"
"2019","46720","전라남도","곡성군","전라남도 곡성군","-0.0812119643","-0.1629862134","0.2215658718","0.1322923191","8.608508401605986","7.403232425944248","2.1993108514440265","75133207.0","22501000.0","13717.76998448934","11.0","1","observed","1","1","1","0"
"2019","46730","전라남도","구례군","전라남도 구례군","0.0449843433","-0.033186534","0.2317176179","0.1456793566","9.188157687009166","7.870607324889946","1.9195464305027325","84048141.0","22501000.0","8594.217402807397","5.0","1","observed","1","1","1","0"
"2019","46770","전라남도","고흥군","전라남도 고흥군","0.0007548582","-0.0754070234","0.394889655","0.3092089872","8.561009068760868","8.286706812620073","2.652658827619059","75226000.0","57176000.0","14402.971946490505","19.0","1","observed","1","1","1","0"
"2019","46780","전라남도","보성군","전라남도 보성군","0.1889582151","0.1112676359","0.6637941404","0.5765778876","10.319948079162907","7.7603277053833954","3.1992866956035844","270866820.0","20939000.0","8930.45575659835","21.0","1","observed","1","1","1","0"
"2019","46790","전라남도","화순군","전라남도 화순군","-0.1159827134","-0.1938791963","0.2451866118","0.1584190936","7.817639145304111","8.137710633716171","2.3780105149558866","35532000.0","48941000.0","14309.912581105747","14.0","1","observed","1","1","1","0"
"2019","46800","전라남도","장흥군","전라남도 장흥군","-0.0199642449","-0.1017958087","0.4593036983","0.3690527317","9.123886174991986","7.309946498743026","2.948832074796186","70998300.0","11567000.0","7741.79887330564","14.0","1","observed","1","1","1","0"
"2019","46810","전라남도","강진군","전라남도 강진군","-0.3001209127","-0.3979925032","0.1284181327","0.0267814021","8.878995043628553","4.847288889784741","2.3949841036914874","36008000.0","634000.0","5016.039434864496","5.0","1","observed","1","1","1","0"
"2019","46820","전라남도","해남군","전라남도 해남군","-0.008363381","-0.0889468487","0.3348764569","0.2462542433","9.058361421876675","7.515410971004565","2.4463977477435748","114014000.0","24360000.0","13274.322437384442","14.0","1","observed","1","1","1","0"
"2019","46830","전라남도","영암군","전라남도 영암군","-0.837161674","-0.9664948675","-0.5276766709","-0.6515419441","8.502078876876617","0.0","1.25015748824723","19768000.0","0.0","4014.624975692837","1.0","1","observed","1","1","1","0"
"2019","46840","전라남도","무안군","전라남도 무안군","0.3179261115","0.2492736616","-0.0919372429","-0.1678907484","10.218317526954722","9.187184436751759","0.0","125282130.0","44673000.0","4572.4194381640045","0.0","1","observed","1","1","1","0"
"2019","46860","전라남도","함평군","전라남도 함평군","0.1973713836","0.1267403395","0.2602017213","0.1803000766","9.47490841776118","9.00012431042025","1.6441761966750719","62382000.0","38801000.0","4788.419458839836","2.0","1","observed","1","1","1","0"
"2019","46870","전라남도","영광군","전라남도 영광군","0.0114544705","-0.0700134583","0.1880533061","0.0996735271","9.337331705168848","7.331753699074174","1.8374884631843114","85996000.0","11567000.0","7574.690067421648","4.0","1","observed","1","1","1","0"
"2019","46880","전라남도","장성군","전라남도 장성군","-0.0586382074","-0.1410879044","0.2154150848","0.1258037738","8.883249387567218","7.252879733098427","2.118657054282761","59092000.0","11567000.0","8196.769762521515","6.0","1","observed","1","1","1","0"
"2019","46890","전라남도","완도군","전라남도 완도군","-0.7731965496","-0.9020399161","-0.4252308391","-0.5489435297","8.969091509289008","0.0","1.4782205288678318","92823000.0","0.0","11816.365950168814","4.0","1","observed","1","1","1","0"
"2019","46900","전라남도","진도군","전라남도 진도군","0.0501104023","-0.0319088172","0.3917266073","0.302071146","9.729359328883213","7.181579003980462","2.514445715392703","147915000.0","11567000.0","8803.005935440742","10.0","1","observed","1","1","1","0"
"2019","46910","전라남도","신안군","전라남도 신안군","0.0982286069","0.0179191165","-0.2373085643","-0.3221271118","9.906865823746164","7.419299574180864","0.0","270880000.0","22501000.0","13498.994568100252","0.0","1","observed","1","1","1","0"
"2019","47111","경상북도","포항시 남구","경상북도 포항시 남구","","","","","","","2.2753352713429877","","","6871.922554782899","6.0","0","city_district_granularity","0","0","1","0"
"2019","47113","경상북도","포항시 북구","경상북도 포항시 북구","","","","","","","1.959761199779948","","","14759.8282065478","9.0","0","city_district_granularity","0","0","1","0"
"2019","47130","경상북도","경주시","경상북도 경주시","-0.3635444758","-0.4892508417","-0.0892016126","-0.2102382339","11.959982174537142","0.0","1.7211393498980714","4427896836.0","0.0","28316.91969267933","13.0","1","observed","1","1","1","0"
"2019","47150","경상북도","김천시","경상북도 김천시","-0.5450030102","-0.6720989347","-0.2752827644","-0.3973071332","10.63514416807161","0.0","1.4718806809085143","495254000.0","0.0","11913.901707927653","4.0","1","observed","1","1","1","0"
"2019","47170","경상북도","안동시","경상북도 안동시","0.4120191274","0.3345560301","0.3721545787","0.2878392406","12.140398683857027","7.4978997542100805","1.5255916868608501","9369872670.0","90216000.0","50029.694570666376","18.0","1","observed","1","1","1","0"
"2019","47190","경상북도","구미시","경상북도 구미시","-0.2923899358","-0.4175514202","0.0518033902","-0.0692070502","12.479485096406833","0.0","2.0777254479373606","3010327000.0","0.0","11451.010463493902","8.0","1","observed","1","1","1","0"
"2019","47210","경상북도","영주시","경상북도 영주시","-0.4909056683","-0.6175873305","-0.1999946051","-0.3218296661","11.030111617899074","0.0","1.6215670524820092","911646000.0","0.0","14774.631531327144","6.0","1","observed","1","1","1","0"
"2019","47230","경상북도","영천시","경상북도 영천시","0.2212199773","0.1467858334","0.1880868532","0.1059326555","10.165520401778043","8.293703744533776","1.3086280019720111","577330533.0","88800000.0","22213.23543987101","6.0","1","observed","1","1","1","0"
"2019","47250","경상북도","상주시","경상북도 상주시","0.1410775166","0.0631612481","0.2605121773","0.1750176533","9.952101307317617","7.785312465784916","1.7860877986416606","380497662.0","43568000.0","18122.996070191883","9.0","1","observed","1","1","1","0"
"2019","47280","경상북도","문경시","경상북도 문경시","-0.6047027596","-0.7322558479","-0.2523485572","-0.3751445826","10.199273256237133","0.0","1.7100360997068254","415482000.0","0.0","15455.400865428795","7.0","1","observed","1","1","1","0"
"2019","47290","경상북도","경산시","경상북도 경산시","-0.5157743235","-0.6426464229","-0.2927504898","-0.4143639421","10.848544298892138","0.0","1.331544184949693","369288000.0","0.0","7176.467286347215","2.0","1","observed","1","1","1","0"
"2019","47730","경상북도","의성군","경상북도 의성군","-0.6013981638","-0.7289259465","-0.4091998138","-0.5311273074","10.22340027822649","0.0","1.1049527648282758","954761000.0","0.0","34669.223390941406","7.0","1","observed","1","1","1","0"
"2019","47750","경상북도","청송군","경상북도 청송군","-0.6768249393","-0.8049303191","-0.4158342283","-0.5385476428","9.6727055467299","0.0","1.2703696947139036","371808000.0","0.0","23417.65688293314","6.0","1","observed","1","1","1","0"
"2019","47760","경상북도","영양군","경상북도 영양군","0.0109812257","-0.0696476223","0.023154796","-0.0637427807","9.224674223223161","7.481112684887273","1.2115314834135833","258032710.0","45108000.0","25438.55654523308","6.0","1","observed","1","1","1","0"
"2019","47770","경상북도","영덕군","경상북도 영덕군","-0.5759743716","-0.7033074661","-0.4086750135","-0.5303285158","10.409020680349665","0.0","1.0426853227356148","722037000.0","0.0","21776.71201043028","4.0","1","observed","1","1","1","0"
"2019","47820","경상북도","청도군","경상북도 청도군","0.346398732","0.2766309244","0.046633639","-0.0307139103","10.598985955917492","8.950857023436612","0.4549089326157469","696025726.0","133908000.0","17360.21140662715","1.0","1","observed","1","1","1","0"
"2019","47830","경상북도","고령군","경상북도 고령군","-0.4326378732","-0.558873337","-0.2325798299","-0.3536075965","11.455527759210472","0.0","1.3503145399322505","990900000.0","0.0","10494.504420896628","3.0","1","observed","1","1","1","0"
"2019","47840","경상북도","성주군","경상북도 성주군","0.3992597686","0.3296459941","0.3470273378","0.2684786554","11.017422172645883","8.9064125885047","1.464062294395618","733271000.0","88800000.0","12035.551161974026","4.0","1","observed","1","1","1","0"
"2019","47850","경상북도","칠곡군","경상북도 칠곡군","0.4900366095","0.4266417778","0.5132097","0.4387792928","10.9643843182769","9.885437669195445","1.868095049047866","527563520.0","179341000.0","9130.838616900546","5.0","1","observed","1","1","1","0"
"2019","47900","경상북도","예천군","경상북도 예천군","0.384131875","0.3171409916","0.3520326015","0.2752818946","10.552072182195662","9.391819717626818","1.521968437132505","427289910.0","133908000.0","11169.33375496292","4.0","1","observed","1","1","1","0"
"2019","47920","경상북도","봉화군","경상북도 봉화군","0.0997654973","0.0209034787","0.0242109666","-0.0609361804","9.732040506696466","7.673760122076132","0.991376644129919","695807232.0","88800000.0","41299.35083515478","7.0","1","observed","1","1","1","0"
"2019","47930","경상북도","울진군","경상북도 울진군","-0.0138840778","-0.0971042379","-0.0665796051","-0.1550154268","9.354253245420571","7.055582748122449","0.9324472781453266","449666620.0","45108000.0","38942.84651856584","6.0","1","observed","1","1","1","0"
"2019","47940","경상북도","울릉군","경상북도 울릉군","0.5875478501","0.532028381","0.0865387345","0.0206123979","10.75254943818637","11.148902502071689","0.0","29311000.0","43568000.0","626.9992741646664","0.0","1","observed","1","1","1","0"
"2019","48121","경상남도","창원시 의창구","경상남도 창원시 의창구","","","","","","","1.5883425275559249","","","2566.98032563519","1.0","0","city_district_granularity","0","0","1","0"
"2019","48123","경상남도","창원시 성산구","경상남도 창원시 성산구","","","","","","","0.0","","","1352.9747995789487","0.0","0","city_district_granularity","0","0","1","0"
"2019","48125","경상남도","창원시 마산합포구","경상남도 창원시 마산합포구","","","","","","","1.2803109019149501","","","7698.94625205914","2.0","0","city_district_granularity","0","0","1","0"
"2019","48127","경상남도","창원시 마산회원구","경상남도 창원시 마산회원구","","","","","","","0.0","","","2334.6853728937867","0.0","0","city_district_granularity","0","0","1","0"
"2019","48129","경상남도","창원시 진해구","경상남도 창원시 진해구","","","","","","","0.0","","","2231.301133458337","0.0","0","city_district_granularity","0","0","1","0"
"2019","48170","경상남도","진주시","경상남도 진주시","0.7048085484","0.6483088802","0.7384192507","0.668945177","11.852056565408589","10.816023897741744","2.183206657621918","2852099000.0","1012082000.0","20318.18567149176","16.0","1","observed","1","1","1","0"
"2019","48220","경상남도","통영시","경상남도 통영시","0.5185822985","0.4538620051","0.4274907795","0.3527046276","11.37288517096184","9.61177273626034","1.4694754361349491","779197860.0","133900520.0","8963.373091122503","3.0","1","observed","1","1","1","0"
"2019","48240","경상남도","사천시","경상남도 사천시","-0.4288577485","-0.5550642652","-0.0733477496","-0.1951795571","11.483126641848171","0.0","1.946547433292856","1131561000.0","0.0","11657.99620409298","7.0","1","observed","1","1","1","0"
"2019","48250","경상남도","김해시","경상남도 김해시","0.6298661607","0.5669527722","0.6909747982","0.6166950332","12.061655901416353","9.780985818729695","2.1908074073716435","1307693380.0","133660000.0","7554.36271927702","6.0","1","observed","1","1","1","0"
"2019","48270","경상남도","밀양시","경상남도 밀양시","0.5750797383","0.5087361045","0.4100246038","0.3344528958","12.051801266655401","9.247375378607837","1.2597481089083975","3394822770.0","205509120.0","19805.63873536237","5.0","1","observed","1","1","1","0"
"2019","48310","경상남도","거제시","경상남도 거제시","0.6019252132","0.5361908106","0.5678257959","0.4920019322","12.19549347888832","9.318918424309082","1.7923268498455212","2373115620.0","133660000.0","11991.832963000526","6.0","1","observed","1","1","1","0"
"2019","48330","경상남도","양산시","경상남도 양산시","0.6545069933","0.5918333667","0.7094577045","0.63538518","12.23494202540423","9.790037233968421","2.1988511470847856","1541105360.0","133660000.0","7486.289758684128","6.0","1","observed","1","1","1","0"
"2019","48720","경상남도","의령군","경상남도 의령군","0.3968394744","0.325652102","0.1728994674","0.0941192019","11.201265204916789","8.630796727901336","0.8073672146564502","1179101000.0","90186000.0","16103.091847198206","2.0","1","observed","1","1","1","0"
"2019","48730","경상남도","함안군","경상남도 함안군","0.438084332","0.3704673438","0.4348556294","0.3574978117","11.080654517395509","9.207624166117952","1.7004497817449191","579950000.0","89106000.0","8935.731927519762","4.0","1","observed","1","1","1","0"
"2019","48740","경상남도","창녕군","경상남도 창녕군","0.5135569441","0.4456819927","0.3728215371","0.2960074777","11.740005875725114","9.059469227597283","1.2734814205791052","1950701310.0","133660000.0","15544.41802785028","4.0","1","observed","1","1","1","0"
"2019","48820","경상남도","고성군","경상남도 고성군","0.2831064188","0.2107338734","0.2843584662","0.2035201845","10.411614956597992","8.575102062835628","1.5188182654405695","559195000.0","89106000.0","16821.68206530507","6.0","1","observed","1","1","1","0"
"2019","48840","경상남도","남해군","경상남도 남해군","0.3655784273","0.2963730826","0.2972151782","0.2190482156","10.685163433498094","9.024515242525686","1.359843992531207","452775000.0","86026000.0","10360.598868676796","3.0","1","observed","1","1","1","0"
"2019","48850","경상남도","하동군","경상남도 하동군","0.433760623","0.3652722678","0.5340572688","0.4555169716","11.157712871927417","9.059053434482339","2.0885936753154364","1090139310.0","133660000.0","15550.883385853002","11.0","1","observed","1","1","1","0"
"2019","48860","경상남도","산청군","경상남도 산청군","0.1635195012","0.0894081652","0.1401394104","0.0581669554","9.64515719274604","8.42923062147242","1.2722397688379665","300638010.0","89106000.0","19464.061070453736","5.0","1","observed","1","1","1","0"
"2019","48870","경상남도","함양군","경상남도 함양군","0.2605814503","0.1956455828","0.407116974","0.330908666","9.261121300048172","9.923732957060684","2.044518000654666","156420000.0","303445617.0","14868.928935227048","10.0","1","observed","1","1","1","0"
"2019","48880","경상남도","거창군","경상남도 거창군","0.0335489634","-0.0418498677","0.1097180178","0.0262798624","8.734102780813311","8.377438738095638","1.4849649137177128","127301683.0","89106000.0","20498.941238220614","7.0","1","observed","1","1","1","0"
"2019","48890","경상남도","합천군","경상남도 합천군","0.027317178","-0.0482067079","-0.0396029123","-0.1223724945","8.698625504382184","8.36373232207477","0.932617780933752","194454030.0","139106000.0","32443.24934394089","5.0","1","observed","1","1","1","0"
"2019","50110","제주특별자치도","제주시","제주특별자치도 제주시","","","","","","","2.819892925211763","","","9508.683538333917","15.0","0","metropolitan_headquarters","0","0","1","0"
"2019","50130","제주특별자치도","서귀포시","제주특별자치도 서귀포시","","","","","","","2.7253707678356043","","","4908.12289714066","7.0","0","metropolitan_headquarters","0","0","1","0"
"2019","51110","강원특별자치도","춘천시","강원특별자치도 춘천시","0.4318355846","0.3589462257","0.5828009637","0.5007950959","11.71205399685788","8.281642694063002","2.277900819322591","2090516000.0","67661000.0","17130.760052797013","15.0","1","observed","1","1","1","0"
"2019","51130","강원특별자치도","원주시","강원특별자치도 원주시","0.2313731511","0.159721908","0.1313496513","0.051571983","9.889100971468267","8.773158251845754","1.0677280951209054","206556000.0","67662000.0","10477.987158381084","2.0","1","observed","1","1","1","0"
"2019","51150","강원특별자치도","강릉시","강원특별자치도 강릉시","-0.2393982224","-0.3224271452","-0.00455283","-0.0943797295","7.4591971159677675","7.395553120891022","1.7388964753278449","48074000.0","45108000.0","27712.288362127525","13.0","1","observed","1","1","1","0"
"2019","51170","강원특별자치도","동해시","강원특별자치도 동해시","-0.0798541603","-0.1532642536","-0.3561245371","-0.4362493585","7.535896004177265","8.883832720586827","0.0","8785000.0","33831000.0","4690.028793632587","0.0","1","observed","1","1","1","0"
"2019","51190","강원특별자치도","태백시","강원특별자치도 태백시","-0.0236449117","-0.0963581385","0.3382039485","0.255199119","7.911756887953185","8.931054475880284","2.4995070142148252","12205000.0","33831000.0","4473.676582756398","5.0","1","observed","1","1","1","0"
"2019","51210","강원특별자치도","속초시","강원특별자치도 속초시","0.3508617531","0.2871368852","0.5755698611","0.4998277003","9.852922226600022","10.015835952385006","2.457301945571374","35627000.0","41931000.0","1873.839293759796","2.0","1","observed","1","1","1","0"
"2019","51230","강원특별자치도","삼척시","강원특별자치도 삼척시","-0.416314617","-0.5045389742","-0.3174698977","-0.4103514553","6.66521508207151","6.714843929573951","0.9947412397140133","32191000.0","33831000.0","41079.22020830035","7.0","1","observed","1","1","1","0"
"2019","51720","강원특별자치도","홍천군","강원특별자치도 홍천군","-0.7046856357","-0.8330043648","-0.2832583896","-0.4069788144","9.469293183117657","0.0","1.8451695378072763","461872450.0","0.0","35652.81320403021","19.0","1","observed","1","1","1","0"
"2019","51730","강원특별자치도","횡성군","강원특별자치도 횡성군","0.0013710877","-0.0755448317","0.0321646764","-0.0521350721","8.663832037422946","8.1522265848294","1.270964743833219","112871000.0","67662000.0","19498.57822394212","5.0","1","observed","1","1","1","0"
"2019","51750","강원특별자치도","영월군","강원특별자치도 영월군","0.0265018007","-0.0542822041","-0.0388356688","-0.1254342607","9.373498334349971","7.432547961011562","0.9363987794648835","303621000.0","43568000.0","25793.489291269954","4.0","1","observed","1","1","1","0"
"2019","51760","강원특별자치도","평창군","강원특별자치도 평창군","-0.1676665881","-0.2491510434","-0.0487499286","-0.1368385021","7.853954270389477","7.571934114342558","1.3896617568825769","59812000.0","45108000.0","23228.863168648888","7.0","1","observed","1","1","1","0"
"2019","51770","강원특별자치도","정선군","강원특별자치도 정선군","0.1804888331","0.1033921981","0.2547606522","0.1701018282","10.172741730362981","7.877091913349571","1.6647042380012176","672173000.0","67662000.0","25676.27707683394","11.0","1","observed","1","1","1","0"
"2019","51780","강원특별자치도","철원군","강원특별자치도 철원군","0.8711694544","0.8236250958","1.5238878502","1.4576348795","12.071272676448963","12.177450740704037","4.752710761516938","30423000.0","33831000.0","174.06738674227793","2.0","1","observed","1","1","1","0"
"2019","51790","강원특별자치도","화천군","강원특별자치도 화천군","0.065807776","-0.0061403004","0.3476821178","0.2656590215","8.554469663049272","8.945259496694158","2.309473793348911","22886000.0","33831000.0","4410.568912950758","4.0","1","observed","1","1","1","0"
"2019","51800","강원특별자치도","양구군","강원특별자치도 양구군","-0.9896010932","-1.0630804937","-0.1400159845","-0.2261821661","0.0","10.1062901758303","3.123322473156971","0.0","33831000.0","1381.1043984930916","3.0","1","observed","1","1","1","0"
"2019","51810","강원특별자치도","인제군","강원특별자치도 인제군","-0.0893088041","-0.1728220239","-0.0593226375","-0.148411435","8.766703596480387","7.106010694865283","1.150772805942683","178169455.0","33831000.0","27769.62015277217","6.0","1","observed","1","1","1","0"
"2019","51820","강원특별자치도","고성군","강원특별자치도 고성군","-0.7073479297","-0.835687046","0.018079487","-0.1072694026","9.449855638563122","0.0","2.998319144924825","40013000.0","0.0","3149.3079987109445","6.0","1","observed","1","1","1","0"
"2019","51830","강원특별자치도","양양군","강원특별자치도 양양군","-0.183856239","-0.264596718","0.0320281067","-0.0560350585","7.623278811870784","7.725767886555782","1.738097307680652","30534000.0","33831000.0","14936.47696406484","7.0","1","observed","1","1","1","0"
"2020","11110","서울특별시","종로구","서울특별시 종로구","-0.2005534554","-0.3059905561","-0.4333119446","-0.5464468553","13.1499879196461","0.0","0.0","118125000.0","0.0","229.8134676458469","0.0","1","observed","1","1","1","0"
"2020","11140","서울특별시","중구","서울특별시 중구","0.1558527545","0.0528799559","-0.1965114048","-0.3071998473","15.752127818577721","0.0","0.0","40750000.0","0.0","5.8757794482012455","0.0","1","observed","1","1","1","0"
"2020","11170","서울특별시","용산구","서울특별시 용산구","-2.0016623643","-2.1195528859","-1.6299902017","-1.7554884085","0.0","0.0","0.0","0.0","0.0","97.8213309668874","0.0","1","observed","1","1","1","0"
"2020","11200","서울특별시","성동구","서울특별시 성동구","1.8532454651","1.8304475756","0.9258526183","0.8778452324","16.470592655681262","15.967241752321591","0.0","37631000.0","22748000.0","2.645198610084122","0.0","1","observed","1","1","1","0"
"2020","11215","서울특별시","광진구","서울특별시 광진구","-2.0016623643","-2.1195528859","-1.6299902017","-1.7554884085","0.0","0.0","0.0","0.0","0.0","118.83692312121298","0.0","1","observed","1","1","1","0"
"2020","11230","서울특별시","동대문구","서울특별시 동대문구","-2.0016623643","-2.1195528859","-1.6299902017","-1.7554884085","0.0","0.0","0.0","0.0","0.0","10.298102799391469","0.0","1","observed","1","1","1","0"
"2020","11260","서울특별시","중랑구","서울특별시 중랑구","-2.0016623643","-2.1195528859","-0.3421966637","-0.4847119465","0.0","0.0","4.899325660960531","0.0","0.0","75.07549589800855","1.0","1","observed","1","1","1","0"
"2020","11290","서울특별시","성북구","서울특별시 성북구","-2.0016623643","-2.1195528859","-1.6299902017","-1.7554884085","0.0","0.0","0.0","0.0","0.0","145.335774548254","0.0","1","observed","1","1","1","0"
"2020","11305","서울특별시","강북구","서울특별시 강북구","-2.0016623643","-2.1195528859","-1.6299902017","-1.7554884085","0.0","0.0","0.0","0.0","0.0","116.54644819477348","0.0","1","observed","1","1","1","0"
"2020","11320","서울특별시","도봉구","서울특별시 도봉구","-0.53634838","-0.6441072701","-0.6564181006","-0.771857998","10.69833206435187","0.0","0.0","3254000.0","0.0","73.48535136777946","0.0","1","observed","1","1","1","0"
"2020","11350","서울특별시","노원구","서울특별시 노원구","-2.0016623643","-2.1195528859","-1.6299902017","-1.7554884085","0.0","0.0","0.0","0.0","0.0","333.7072077334258","0.0","1","observed","1","1","1","0"
"2020","11380","서울특별시","은평구","서울특별시 은평구","0.7395675235","0.6897675257","1.1752142997","1.0921177457","11.632081339508531","11.463987910031758","3.7579382829165486","26912000.0","22748000.0","238.89171620206912","1.0","1","observed","1","1","1","0"
"2020","11410","서울특별시","서대문구","서울특별시 서대문구","1.1341304684","1.0886486486","0.4494625613","0.3833126145","14.241574406226597","11.834958142786835","0.0","151100000.0","13617000.0","98.67964301884513","0.0","1","observed","1","1","1","0"
"2020","11440","서울특별시","마포구","서울특별시 마포구","1.7247922907","1.6934773369","0.8411091784","0.78653174","16.834090176098243","14.187362303378762","0.0","164751000.0","11678000.0","8.051477974569195","0.0","1","observed","1","1","1","0"
"2020","11470","서울특별시","양천구","서울특별시 양천구","-2.0016623643","-2.1195528859","-1.6299902017","-1.7554884085","0.0","0.0","0.0","0.0","0.0","8.976266248884023","0.0","1","observed","1","1","1","0"
"2020","11500","서울특별시","강서구","서울특별시 강서구","1.4508275143","1.4121167845","0.6595181127","0.5989580384","15.772307321745405","12.90382125381234","0.0","205654000.0","11678000.0","29.06104223806912","0.0","1","observed","1","1","1","0"
"2020","11530","서울특별시","구로구","서울특별시 구로구","1.7621511022","1.7315121407","0.8658978383","0.8118882759","17.035600399994273","14.284810648089874","0.0","287598000.0","18371000.0","11.48996297675872","0.0","1","observed","1","1","1","0"
"2020","11545","서울특별시","금천구","서울특별시 금천구","1.3583235466","1.3207323979","2.1875990422","2.1067094383","14.796849156984264","13.314251632707567","6.047835004771088","63194000.0","14348000.0","23.685691596715643","1.0","1","observed","1","1","1","0"
"2020","11560","서울특별시","영등포구","서울특별시 영등포구","","","","","","","","0.0","0.0","0.0","0.0","1","observed","0","0","1","0"
"2020","11590","서울특별시","동작구","서울특별시 동작구","1.3405009972","1.3034521191","0.5860244034","0.5265149281","14.553204375559165","13.469518028442517","0.0","34515000.0","11678000.0","16.505615771295272","0.0","1","observed","1","1","1","0"
"2020","11620","서울특별시","관악구","서울특별시 관악구","-2.0016623643","-2.1195528859","-0.7067886356","-0.8444861514","0.0","0.0","3.5122595271482275","0.0","0.0","307.4659134273305","1.0","1","observed","1","1","1","0"
"2020","11650","서울특별시","서초구","서울특별시 서초구","1.4037065439","1.363678531","0.6282886649","0.5666658694","15.597400772218489","12.672502895678623","0.0","440339000.0","23633000.0","74.11773473902872","0.0","1","observed","1","1","1","0"
"2020","11680","서울특별시","강남구","서울특별시 강남구","-2.0016623643","-2.1195528859","-1.6299902017","-1.7554884085","0.0","0.0","0.0","0.0","0.0","14.617439325667457","0.0","1","observed","1","1","1","0"
"2020","11710","서울특별시","송파구","서울특별시 송파구","1.5338233594","1.5032624741","0.7140633384","0.6597218314","15.08594957221511","14.671355527688258","0.0","51224000.0","33839000.0","14.37900905630627","0.0","1","observed","1","1","1","0"
"2020","11740","서울특별시","강동구","서울특별시 강동구","0.0741020776","-0.0294359703","-0.2508275303","-0.3620771315","15.155261960808279","0.0","0.0","93476000.0","0.0","24.482377619817925","0.0","1","observed","1","1","1","0"
"2020","26110","부산광역시","중구","부산광역시 중구","-2.0016623643","-2.1195528859","-1.6299902017","-1.7554884085","0.0","0.0","0.0","0.0","0.0","1.906190096631038","0.0","1","observed","1","1","1","0"
"2020","26140","부산광역시","서구","부산광역시 서구","0.8501206173","0.8064380912","0.2604658956","0.1951722428","11.526105692667542","12.712900124003816","0.0","17492000.0","57314000.0","172.63134516067018","0.0","1","observed","1","1","1","0"
"2020","26170","부산광역시","동구","부산광역시 동구","0.7733552877","0.729564203","0.2094287556","0.143922984","10.893615573927077","12.811407326718884","0.0","6511000.0","44314000.0","120.95355330492292","0.0","1","observed","1","1","1","0"
"2020","26200","부산광역시","영도구","부산광역시 영도구","0.8548848643","0.8103970373","0.2636975063","0.1978115402","11.703877433628115","12.517331873184867","0.0","35808000.0","80772000.0","295.8382103460892","0.0","1","observed","1","1","1","0"
"2020","26230","부산광역시","부산진구","부산광역시 부산진구","0.6244878632","0.57501062","0.110887169","0.040887262","10.601093110570055","11.72493084767102","0.0","15882000.0","48864000.0","395.29357985161545","0.0","1","observed","1","1","1","0"
"2020","26260","부산광역시","동래구","부산광역시 동래구","0.6410530754","0.59290783","1.0783450465","0.996726668","10.514361613882896","12.008973594031714","3.6391233973861983","9941000.0","44314000.0","269.8439172239675","1.0","1","observed","1","1","1","0"
"2020","26290","부산광역시","남구","부산광역시 남구","0.6573816009","0.6095189367","0.1326326314","0.0638928065","10.604632790723281","12.048561399284958","0.0","16277000.0","68972000.0","403.6933829853463","0.0","1","observed","1","1","1","0"
"2020","26320","부산광역시","북구","부산광역시 북구","0.4891690266","0.4381413342","0.0210282649","-0.0503589285","9.71799846521428","11.581490322838397","0.0","13981000.0","90129000.0","841.5719818660857","0.0","1","observed","1","1","1","0"
"2020","26350","부산광역시","해운대구","부산광역시 해운대구","0.4961568006","0.4423441738","0.0258947404","-0.0475570354","10.252313456103982","10.920471867044506","0.0","46204000.0","90129000.0","1629.9404391041692","0.0","1","observed","1","1","1","0"
"2020","26380","부산광역시","사하구","부산광역시 사하구","-0.3226698507","-0.4289513017","-0.5144475353","-0.6284206858","12.258409894696483","0.0","0.0","105333000.0","0.0","499.8120704551127","0.0","1","observed","1","1","1","0"
"2020","26410","부산광역시","금정구","부산광역시 금정구","0.6317922877","0.5801828414","0.6084492226","0.5303635245","11.02675030647269","11.215688670386536","1.8738228842089364","111545000.0","134743000.0","1813.84577795654","1.0","1","observed","1","1","1","0"
"2020","26440","부산광역시","강서구","부산광역시 강서구","0.3432106799","0.2874790883","-0.0756564673","-0.1508004258","9.282592227620341","10.71948951973977","0.0","16189000.0","68122000.0","1506.1972314866955","0.0","1","observed","1","1","1","0"
"2020","26470","부산광역시","연제구","부산광역시 연제구","-0.6834817306","-0.7358381919","0.4878490005","0.3969961044","0.0","13.163151648009153","4.742147957536866","0.0","45814000.0","87.96601540319242","1.0","1","observed","1","1","1","0"
"2020","26500","부산광역시","수영구","부산광역시 수영구","-0.1980790397","-0.3034990315","-0.4316679134","-0.544785839","13.168053754328955","0.0","0.0","46605000.0","0.0","89.04719818289425","0.0","1","observed","1","1","1","0"
"2020","26530","부산광역시","사상구","부산광역시 사상구","0.4971495293","0.4460112466","0.0263436953","-0.0451123203","9.804541613262774","11.5428149670143","0.0","9602000.0","54614000.0","530.0628352872448","0.0","1","observed","1","1","1","0"
"2020","26710","부산광역시","기장군","부산광역시 기장군","-0.4402068103","-0.547300948","0.0363870308","-0.0867036574","11.400266563773231","0.0","2.392713327883951","449277000.0","0.0","5028.5895226531065","5.0","1","observed","1","1","1","0"
"2020","27110","대구광역시","중구","대구광역시 중구","","","","","","","","0.0","0.0","0.0","0.0","1","observed","0","0","1","0"
"2020","27140","대구광역시","동구","대구광역시 동구","-2.0016623643","-2.1195528859","-1.6299902017","-1.7554884085","0.0","0.0","0.0","0.0","0.0","4979.1214587478935","0.0","1","observed","1","1","1","0"
"2020","27170","대구광역시","서구","대구광역시 서구","1.0634831792","1.0248739961","0.4019424212","0.3407961794","12.470113245742017","13.552361180647381","0.0","8524000.0","25157000.0","32.729829073412375","0.0","1","observed","1","1","1","0"
"2020","27200","대구광역시","남구","대구광역시 남구","-2.0016623643","-2.1195528859","-1.6299902017","-1.7554884085","0.0","0.0","0.0","0.0","0.0","291.15089042200844","0.0","1","observed","1","1","1","0"
"2020","27230","대구광역시","북구","대구광역시 북구","0.6122967296","0.5548744014","0.1034079272","0.0274631163","11.852981990030498","9.890949194098942","0.0","320525000.0","45055000.0","2281.289110924714","0.0","1","observed","1","1","1","0"
"2020","27260","대구광역시","수성구","대구광역시 수성구","0.3808566917","0.3220635532","-0.050381713","-0.1277441158","10.124088973391684","9.944478638471248","0.0","27115000.0","22657000.0","1087.4043091273204","0.0","1","observed","1","1","1","0"
"2020","27290","대구광역시","달서구","대구광역시 달서구","0.4922462172","0.4372816421","0.0233853256","-0.0509320566","10.415649572132056","10.658022077800895","0.0","26867000.0","34236000.0","804.9576875048305","0.0","1","observed","1","1","1","0"
"2020","27710","대구광역시","달성군","대구광역시 달성군","0.5060862463","0.442774005","0.2221498307","0.1391356698","11.95696807711515","8.68812280408813","0.7186664741830996","1482355938.0","56395000.0","9508.456564949429","1.0","1","observed","1","1","1","0"
"2020","27720","대구광역시","군위군","대구광역시 군위군","","","","","","","0.9805876663896468","","","18006.959544148078","3.0","0","administrative_history","0","0","1","0"
"2020","28110","인천광역시","중구","인천광역시 중구","-0.488748551","-0.5961783212","-0.624792206","-0.7399053654","11.045860841702186","0.0","0.0","57290000.0","0.0","913.9645250586208","0.0","1","observed","1","1","1","0"
"2020","28140","인천광역시","동구","인천광역시 동구","","","","","","","","0.0","0.0","0.0","0.0","1","observed","0","0","1","0"
"2020","28177","인천광역시","미추홀구","인천광역시 미추홀구","0.1351047216","0.0319884647","-0.2102966455","-0.3211275082","15.600645372740788","0.0","0.0","105567000.0","0.0","17.711447384754308","0.0","1","observed","1","1","1","0"
"2020","28185","인천광역시","연수구","인천광역시 연수구","-0.0586369542","-0.1630928006","-0.3390209274","-0.451181685","14.186127525718215","0.0","0.0","55782000.0","0.0","38.50680424275977","0.0","1","observed","1","1","1","0"
"2020","28200","인천광역시","남동구","인천광역시 남동구","1.1413370765","1.1002926928","0.4539042696","0.3910753106","13.545750399192565","12.8586198643441","0.0","45579000.0","22927000.0","59.69262942462092","0.0","1","observed","1","1","1","0"
"2020","28237","인천광역시","부평구","인천광역시 부평구","-0.1072107234","-0.2120024237","-0.3712939194","-0.4837881004","13.831487962256437","0.0","0.0","35352000.0","0.0","34.791689392013495","0.0","1","observed","1","1","1","0"
"2020","28245","인천광역시","계양구","인천광역시 계양구","-0.057747873","-0.162197572","-0.3384302112","-0.450584866","14.19261875276293","0.0","0.0","49741000.0","0.0","34.114483621966656","0.0","1","observed","1","1","1","0"
"2020","28260","인천광역시","서구","인천광역시 서구","1.2259647393","1.1857770953","1.8743304092","1.7942578832","14.117291990470425","12.921985704247763","5.190084931668839","75764000.0","22927000.0","56.02749502255566","1.0","1","observed","1","1","1","0"
"2020","28710","인천광역시","강화군","인천광역시 강화군","1.0949600592","1.0478358324","0.423545574","0.3561040703","14.189552349080223","11.514960382640526","0.0","332592000.0","22927000.0","228.8062122056636","0.0","1","observed","1","1","1","0"
"2020","28720","인천광역시","옹진군","인천광역시 옹진군","0.2336914812","0.1670718666","-0.1476223981","-0.2310719069","10.211098345085851","8.35590408277163","0.0","146600000.0","22927000.0","5389.2244303518055","0.0","1","observed","1","1","1","0"
"2020","29110","광주광역시","동구","광주광역시 동구","-0.7425356389","-0.8517201711","-0.7934113765","-0.9102665987","9.192948380910769","0.0","0.0","7698000.0","0.0","783.3851705913617","0.0","1","observed","1","1","1","0"
"2020","29140","광주광역시","서구","광주광역시 서구","-0.2449224856","-0.3506663674","0.6960363935","0.5672840184","12.826047369358662","0.0","4.408683443061346","45807000.0","0.0","123.21154994624592","1.0","1","observed","1","1","1","0"
"2020","29155","광주광역시","남구","광주광역시 남구","-0.5319092164","-0.6396374128","-0.6534686673","-0.7688780931","10.730742623873065","0.0","0.0","19554000.0","0.0","427.50657390169727","0.0","1","observed","1","1","1","0"
"2020","29170","광주광역시","북구","광주광역시 북구","-0.5203611552","-0.6280095047","-0.6457959976","-0.7611261544","10.815055607288532","0.0","0.0","63377000.0","0.0","1273.56593173623","0.0","1","observed","1","1","1","0"
"2020","29200","광주광역시","광산구","광주광역시 광산구","0.2966459819","0.2367109033","-0.106288121","-0.1846458825","9.604732953520816","9.813900786621618","0.0","37199000.0","45854000.0","2507.7140869856285","0.0","1","observed","1","1","1","0"
"2020","30110","대전광역시","동구","대전광역시 동구","0.2501208332","0.1909177247","-0.1372831827","-0.2151746682","9.085316841274018","10.059727415557857","0.0","5768000.0","15284000.0","653.689482043021","0.0","1","observed","1","1","1","0"
"2020","30140","대전광역시","중구","대전광역시 중구","-0.4480479082","-0.5551962617","-0.5977502132","-0.7125839924","11.343018308443385","0.0","0.0","30945000.0","0.0","366.7628803788808","0.0","1","observed","1","1","1","0"
"2020","30170","대전광역시","서구","대전광역시 서구","0.4319793577","0.3751378496","-0.0165413946","-0.0923612516","10.224724656878974","10.317339626222074","0.0","13932000.0","15284000.0","505.2283558195524","0.0","1","observed","1","1","1","0"
"2020","30200","대전광역시","유성구","대전광역시 유성구","0.4643932492","0.4048564504","0.0052253002","-0.072548851","10.959374304246822","9.636219301652497","0.0","57398000.0","15284000.0","998.4090954221718","0.0","1","observed","1","1","1","0"
"2020","30230","대전광역시","대덕구","대전광역시 대덕구","0.8037090821","0.7553166039","0.2299760795","0.1610912513","11.935938326482656","11.688902217957768","0.0","19567000.0","15284000.0","128.17842723143983","0.0","1","observed","1","1","1","0"
"2020","31110","울산광역시","중구","울산광역시 중구","0.9024375597","0.8517566734","0.9935254671","0.9138832996","13.16356237347968","10.99573463779641","2.654423728532664","394217270.0","45108000.0","756.6133129264339","1.0","1","observed","1","1","1","0"
"2020","31140","울산광역시","남구","울산광역시 남구","0.8542127583","0.8056504575","0.263572307","0.1946471537","12.393202985278975","11.56781081233078","0.0","102972000.0","45108000.0","426.9935150962376","0.0","1","observed","1","1","1","0"
"2020","31170","울산광역시","동구","울산광역시 동구","-0.2406930351","-0.3464076732","-0.4599811606","-0.5733916001","12.85692680232927","0.0","0.0","337976000.0","0.0","881.4438051486518","0.0","1","observed","1","1","1","0"
"2020","31200","울산광역시","북구","울산광역시 북구","-0.1973654593","-0.3027805172","-0.431193802","-0.5443068294","13.173263641530085","0.0","0.0","1671258431.0","0.0","3176.645326950111","0.0","1","observed","1","1","1","0"
"2020","31710","울산광역시","울주군","울산광역시 울주군","-0.3285767761","-0.4348990695","0.1657945526","0.0427401849","12.21528313111233","0.0","2.602867204245338","3067525860.0","0.0","15197.086151383684","19.0","1","observed","1","1","1","0"
"2020","36110","세종특별자치시","세종시","세종특별자치시","","","","","","","0.0","","","1192.393472679509","0.0","0","metropolitan_headquarters","0","0","1","0"
"2020","41111","경기도","수원시 장안구","경기도 수원시 장안구","","","","","","","0.0","","","85.05865042808178","0.0","0","city_district_granularity","0","0","1","0"
"2020","41113","경기도","수원시 권선구","경기도 수원시 권선구","","","","","","","0.0","","","170.43992340554186","0.0","0","city_district_granularity","0","0","1","0"
"2020","41115","경기도","수원시 팔달구","경기도 수원시 팔달구","","","","","","","0.0","","","25.619779523619485","0.0","0","city_district_granularity","0","0","1","0"
"2020","41117","경기도","수원시 영통구","경기도 수원시 영통구","","","","","","","0.0","","","23.33984101400128","0.0","0","city_district_granularity","0","0","1","0"
"2020","41131","경기도","성남시 수정구","경기도 성남시 수정구","","","","","","","0.0","","","69.33698790199168","0.0","0","city_district_granularity","0","0","1","0"
"2020","41133","경기도","성남시 중원구","경기도 성남시 중원구","","","","","","","5.6497029887923595","","","35.30985662800179","1.0","0","city_district_granularity","0","0","1","0"
"2020","41135","경기도","성남시 분당구","경기도 성남시 분당구","","","","","","","0.0","","","85.3753791350048","0.0","0","city_district_granularity","0","0","1","0"
"2020","41150","경기도","의정부시","경기도 의정부시","1.0639680118","1.0193902807","0.4027360946","0.3371403692","13.492342138478854","12.159072079518515","0.0","201777000.0","53191000.0","278.75490754903177","0.0","1","observed","1","1","1","0"
"2020","41171","경기도","안양시 만안구","경기도 안양시 만안구","","","","","","","0.0","","","290.4824929770212","0.0","0","city_district_granularity","0","0","1","0"
"2020","41173","경기도","안양시 동안구","경기도 안양시 동안구","","","","","","","0.0","","","126.58462253451908","0.0","0","city_district_granularity","0","0","1","0"
"2020","41190","경기도","부천시","경기도 부천시","-2.0016623643","-2.1195528859","-1.6299902017","-1.7554884085","0.0","0.0","0.0","0.0","0.0","36.07376757388423","0.0","1","observed","1","1","1","0"
"2020","41210","경기도","광명시","경기도 광명시","-2.0016623643","-2.1195528859","-1.6299902017","-1.7554884085","0.0","0.0","0.0","0.0","0.0","47.751851686935886","0.0","1","observed","1","1","1","0"
"2020","41220","경기도","평택시","경기도 평택시","0.8620632213","0.8109496636","0.2689939831","0.1981799578","12.89497321531007","10.959919402944845","0.0","317510000.0","45853000.0","797.155022334108","0.0","1","observed","1","1","1","0"
"2020","41250","경기도","동두천시","경기도 동두천시","-0.1075419752","-0.212335966","-0.3715140071","-0.4840104619","13.829069475382447","0.0","0.0","614855930.0","0.0","606.5760119078079","0.0","1","observed","1","1","1","0"
"2020","41271","경기도","안산시 상록구","경기도 안산시 상록구","","","","","","","5.0311828283386655","","","65.74016284349608","1.0","0","city_district_granularity","0","0","1","0"
"2020","41273","경기도","안산시 단원구","경기도 안산시 단원구","","","","","","","3.2751258344723455","","","785.9610641501805","2.0","0","city_district_granularity","0","0","1","0"
"2020","41281","경기도","고양시 덕양구","경기도 고양시 덕양구","","","","","","","0.0","","","370.53883386907233","0.0","0","city_district_granularity","0","0","1","0"
"2020","41285","경기도","고양시 일산동구","경기도 고양시 일산동구","","","","","","","0.0","","","41.36806591457648","0.0","0","city_district_granularity","0","0","1","0"
"2020","41287","경기도","고양시 일산서구","경기도 고양시 일산서구","","","","","","","0.0","","","0.7017427118900311","0.0","0","city_district_granularity","0","0","1","0"
"2020","41290","경기도","과천시","경기도 과천시","0.9096664109","0.8642286351","1.2988646521","1.2191674985","12.330494756297854","12.207330335805498","3.7993541065834466","51863000.0","45853000.0","228.97798033787456","1.0","1","observed","1","1","1","0"
"2020","41310","경기도","구리시","경기도 구리시","0.9345872254","0.8909250745","0.3166310246","0.2514968983","12.238948843075947","12.58139566813207","0.0","32557000.0","45853000.0","157.52102674362388","0.0","1","observed","1","1","1","0"
"2020","41360","경기도","남양주시","경기도 남양주시","-0.2174349664","-0.3229887911","0.0625680596","-0.0573835684","13.026735147056074","0.0","1.9292143903842143","1544501000.0","0.0","3398.9905566784173","2.0","1","observed","1","1","1","0"
"2020","41370","경기도","오산시","경기도 오산시","-0.0706992754","-0.1752385243","-0.3470352775","-0.4592788342","14.09805990442886","0.0","0.0","202458000.0","0.0","152.6249897117882","0.0","1","observed","1","1","1","0"
"2020","41390","경기도","시흥시","경기도 시흥시","1.0942229349","1.0519117007","0.4226753806","0.3588213159","13.362298963704017","12.639056773518101","0.0","94508000.0","45853000.0","148.69506341349708","0.0","1","observed","1","1","1","0"
"2020","41410","경기도","군포시","경기도 군포시","1.3045704825","1.2677762782","0.5621120148","0.5027310342","14.205053411901266","13.586897010841454","0.0","82223000.0","44313000.0","55.69514009589484","0.0","1","observed","1","1","1","0"
"2020","41430","경기도","의왕시","경기도 의왕시","1.0047211795","0.9620370428","0.3631899264","0.2989048772","12.666889519594866","12.69643645331749","0.0","44518000.0","45853000.0","140.40313129075045","0.0","1","observed","1","1","1","0"
"2020","41450","경기도","하남시","경기도 하남시","1.2054748756","1.1643911344","0.4965563131","0.4338076049","14.09638440363149","12.745972918290217","0.0","232124000.0","60151000.0","175.28244093285812","0.0","1","observed","1","1","1","0"
"2020","41461","경기도","용인시 처인구","경기도 용인시 처인구","","","","","","","3.3222001014368248","","","1871.168329400662","5.0","0","city_district_granularity","0","0","1","0"
"2020","41463","경기도","용인시 기흥구","경기도 용인시 기흥구","","","","","","","3.6555712906797972","","","265.3250570898551","1.0","0","city_district_granularity","0","0","1","0"
"2020","41465","경기도","용인시 수지구","경기도 용인시 수지구","","","","","","","0.0","","","64.75556915074613","0.0","0","city_district_granularity","0","0","1","0"
"2020","41480","경기도","파주시","경기도 파주시","0.855620606","0.8052734724","0.2646493979","0.1943958303","12.709599719309933","11.149124852837408","0.0","220512000.0","46315000.0","666.3839299289901","0.0","1","observed","1","1","1","0"
"2020","41500","경기도","이천시","경기도 이천시","0.8787541039","0.8292400685","1.2253110523","1.1432262849","12.763673037695938","11.306174885069874","3.5965013710831366","196949670.0","45853000.0","563.8501907868078","2.0","1","observed","1","1","1","0"
"2020","41550","경기도","안성시","경기도 안성시","0.5181322539","0.4533887536","0.7423535993","0.6515261341","12.303268931437767","8.334767206575311","2.666843632515394","493668910.0","9329000.0","2239.731414104747","3.0","1","observed","1","1","1","0"
"2020","41570","경기도","김포시","경기도 김포시","1.2008108388","1.1612692375","0.4933331568","0.4317263404","13.793772214886122","13.11328956712581","0.0","90552000.0","45853000.0","92.54209632369115","0.0","1","observed","1","1","1","0"
"2020","41590","경기도","화성시","경기도 화성시","0.6835397622","0.6275545935","0.8970381442","0.8124240228","12.212007019204352","10.111322894334528","2.839515786728654","374713000.0","45853000.0","1862.488747841874","3.0","1","observed","1","1","1","0"
"2020","41610","경기도","광주시","경기도 광주시","1.0528158766","1.003406782","1.1475841261","1.0684314753","14.221902405795552","11.049868911946334","2.860486456551069","2734768000.0","114635000.0","1821.49105044998","3.0","1","observed","1","1","1","0"
"2020","41630","경기도","양주시","경기도 양주시","0.6406663194","0.5861236203","0.1220451326","0.0482959289","11.602361911376176","10.517023582807033","0.0","249620000.0","84317000.0","2282.6619265557097","0.0","1","observed","1","1","1","0"
"2020","41650","경기도","포천시","경기도 포천시","-0.4023244111","-0.5091566183","-0.3677327098","-0.4848906774","11.676847890255873","0.0","0.7595106292766428","1035949500.0","0.0","8793.295475278816","1.0","1","observed","1","1","1","0"
"2020","41670","경기도","여주시","경기도 여주시","0.6241735888","0.5674464297","0.7400795592","0.6563639509","11.83512143138084","10.033978083953143","2.3923381603244134","277722000.0","45853000.0","2012.2665157198671","2.0","1","observed","1","1","1","0"
"2020","41800","경기도","연천군","경기도 연천군","-0.1201767411","-0.2250580925","-0.3799086963","-0.4924918796","13.736822405934523","0.0","0.0","700489000.0","0.0","757.8366768140754","0.0","1","observed","1","1","1","0"
"2020","41820","경기도","가평군","경기도 가평군","0.3393849704","0.2724024232","0.2787428702","0.1904983983","11.169340766777813","8.100728706930628","1.354587372094965","986676230.0","45853000.0","13912.26135818054","4.0","1","observed","1","1","1","0"
"2020","41830","경기도","양평군","경기도 양평군","0.4519075112","0.3879127052","0.362285848","0.2763430452","11.613937681663298","8.61627428755319","1.3886604161436327","1102797000.0","55024000.0","9968.514694343256","3.0","1","observed","1","1","1","0"
"2020","43111","충청북도","청주시 상당구","충청북도 청주시 상당구","","","","","","","2.4906241946294836","","","3613.758899540233","4.0","0","city_district_granularity","0","0","1","0"
"2020","43112","충청북도","청주시 서원구","충청북도 청주시 서원구","","","","","","","4.476216198020199","","","230.14578093534456","2.0","0","city_district_granularity","0","0","1","0"
"2020","43113","충청북도","청주시 흥덕구","충청북도 청주시 흥덕구","","","","","","","5.416303931714247","","","223.1686568895516","5.0","0","city_district_granularity","0","0","1","0"
"2020","43114","충청북도","청주시 청원구","충청북도 청주시 청원구","","","","","","","4.016479776358873","","","550.4044811024319","3.0","0","city_district_granularity","0","0","1","0"
"2020","43130","충청북도","충주시","충청북도 충주시","0.4360189901","0.3728879697","0.7290929847","0.6387795444","11.331850242285027","8.843432675581257","2.8246080777734868","684148000.0","56805000.0","8199.648523044925","13.0","1","observed","1","1","1","0"
"2020","43150","충청북도","제천시","충청북도 제천시","0.1553774017","0.0833792974","0.3430928722","0.2483322952","10.46442097160504","7.227395253836712","2.063396268897105","509921000.0","20016000.0","14550.40245467359","10.0","1","observed","1","1","1","0"
"2020","43720","충청북도","보은군","충청북도 보은군","0.0235381827","-0.0421240064","0.2385899325","0.1485441578","8.265576060259432","8.91828948121906","2.001250371183705","30373000.0","58346000.0","7814.574598259538","5.0","1","observed","1","1","1","0"
"2020","43730","충청북도","옥천군","충청북도 옥천군","0.3622167774","0.3028196897","0.5392936375","0.4534938576","10.069035128109011","9.833641942044872","2.2903546306210556","79743000.0","63017000.0","3378.971883572288","3.0","1","observed","1","1","1","0"
"2020","43740","충청북도","영동군","충청북도 영동군","0.2536700567","0.1884642892","0.4141020272","0.324492232","10.139351975493122","8.653536586453923","2.0869267132224465","251035000.0","56806000.0","9914.865239475444","7.0","1","observed","1","1","1","0"
"2020","43745","충청북도","증평군","충청북도 증평군","0.5077859569","0.4582413319","0.8914610011","0.8098714574","9.622897044570731","11.897468989760345","3.2648526090100853","6000000.0","58346000.0","397.19970138900186","1.0","1","observed","1","1","1","0"
"2020","43750","충청북도","진천군","충청북도 진천군","0.368496227","0.3080964946","0.7376183996","0.6485172834","10.293319502616702","9.589587665923899","3.0286812459340866","75073000.0","37140000.0","2541.9477273386938","5.0","1","observed","1","1","1","0"
"2020","43760","충청북도","괴산군","충청북도 괴산군","-0.1653464578","-0.2395147963","0.1545522164","0.0573009252","8.114722892133292","7.238442168165228","2.156817356773323","48100000.0","20017000.0","14391.153990482631","11.0","1","observed","1","1","1","0"
"2020","43770","충청북도","음성군","충청북도 음성군","0.472041605","0.4138617857","0.8723252745","0.7841838075","10.79276204925447","9.940474783199496","3.27988363244622","133214000.0","56806000.0","2737.29617381496","7.0","1","observed","1","1","1","0"
"2020","43800","충청북도","단양군","충청북도 단양군","0.3446675819","0.2781104667","0.2065673568","0.1196488358","11.141569584027469","8.19146347353892","1.066764296960746","1085733000.0","56806000.0","15740.087561425558","3.0","1","observed","1","1","1","0"
"2020","44131","충청남도","천안시 동남구","충청남도 천안시 동남구","","","","","","","2.6318447903661304","","","2325.6917806718807","3.0","0","city_district_granularity","0","0","1","0"
"2020","44133","충청남도","천안시 서북구","충청남도 천안시 서북구","","","","","","","0.0","","","436.4870181585085","0.0","0","city_district_granularity","0","0","1","0"
"2020","44150","충청남도","공주시","충청남도 공주시","0.2438202389","0.1757109897","0.5956685825","0.501394277","10.551097700246176","7.99202185162822","2.8017304577933855","296398000.0","22927000.0","7755.380725208731","12.0","1","observed","1","1","1","0"
"2020","44180","충청남도","보령시","충청남도 보령시","0.422834524","0.3585091835","0.3868249022","0.3000065875","11.423767036099742","8.58605747315059","1.5554668464519747","978986150.0","57319000.0","10702.92074265134","4.0","1","observed","1","1","1","0"
"2020","44200","충청남도","아산시","충청남도 아산시","0.4644676333","0.3990700527","0.8005777322","0.7079306247","11.959739606931265","8.268734957537824","3.0239171633191435","479257000.0","11953000.0","3065.6482770789075","6.0","1","observed","1","1","1","0"
"2020","44210","충청남도","서산시","충청남도 서산시","-0.5630060506","-0.67094926","-0.4988871911","-0.6168257528","10.50370305319999","0.0","0.6666988640622963","384568000.0","0.0","10550.785236923291","1.0","1","observed","1","1","1","0"
"2020","44230","충청남도","논산시","충청남도 논산시","0.5323700598","0.4731133115","0.8399644736","0.7520819469","11.488080253535504","9.59189974457633","3.0038273571990675","305424000.0","45854000.0","3131.105860516684","6.0","1","observed","1","1","1","0"
"2020","44250","충청남도","계룡시","충청남도 계룡시","0.357796681","0.2977768659","-0.06561879","-0.1439352407","10.13777562136293","9.695485268441049","0.0","17843000.0","11465000.0","705.8380134960702","0.0","1","observed","1","1","1","0"
"2020","44270","충청남도","당진시","충청남도 당진시","0.1144688761","0.0467653106","0.3193053207","0.2276273597","9.384932264515465","8.295335317591984","2.077678095042514","68175000.0","22927000.0","5725.815167799704","4.0","1","observed","1","1","1","0"
"2020","44710","충청남도","금산군","충청남도 금산군","0.4649540772","0.4028767649","0.8314022533","0.7408251503","11.397492185376134","9.042593770718032","3.140953832926523","483218000.0","45854000.0","5423.504617296192","12.0","1","observed","1","1","1","0"
"2020","44760","충청남도","부여군","충청남도 부여군","0.4035756905","0.3380509048","0.6625220214","0.5709653873","11.465044400493316","8.337285499433738","2.652698832240177","505800000.0","22157000.0","5306.129720142454","7.0","1","observed","1","1","1","0"
"2020","44770","충청남도","서천군","충청남도 서천군","-0.394163172","-0.5009389498","0.0097820684","-0.1122367564","11.736433513240385","0.0","2.175111470261937","640994000.0","0.0","5126.124211757943","4.0","1","observed","1","1","1","0"
"2020","44790","충청남도","청양군","충청남도 청양군","-0.4135459944","-0.520455791","-0.006276171","-0.1283860229","11.594918539000309","0.0","2.1630131384953986","846092270.0","0.0","7794.936628082405","6.0","1","observed","1","1","1","0"
"2020","44800","충청남도","홍성군","충청남도 홍성군","-2.0016623643","-2.1195528859","-0.9839179931","-1.1179534845","0.0","0.0","2.4579391469618788","0.0","0.0","5617.60171561943","6.0","1","observed","1","1","1","0"
"2020","44810","충청남도","예산군","충청남도 예산군","0.348281772","0.279568581","0.5380094448","0.4451437576","11.540003970801488","7.682604560392653","2.3179230592037947","561162000.0","11848000.0","5461.757776130451","5.0","1","observed","1","1","1","0"
"2020","44825","충청남도","태안군","충청남도 태안군","-0.4266102791","-0.5336104062","-0.4351262512","-0.5517735971","11.49953553094158","0.0","0.5645040077943477","1300713690.0","0.0","13182.606456834488","1.0","1","observed","1","1","1","0"
"2020","45111","전라북도","전주시 완산구","전라북도 전주시 완산구","","","","","","","0.0","","","379.4364065134406","0.0","0","city_district_granularity","0","0","1","0"
"2020","45113","전라북도","전주시 덕진구","전라북도 전주시 덕진구","","","","","","","0.0","","","101.55860282424392","0.0","0","city_district_granularity","0","0","1","0"
"2020","45130","전라북도","군산시","전라북도 군산시","-0.3255006183","-0.4318016421","-0.073765825","-0.1936064868","12.237742316073852","0.0","1.6836998933110874","470726029.0","0.0","2280.270445598689","1.0","1","observed","1","1","1","0"
"2020","45140","전라북도","익산시","전라북도 익산시","0.3544229194","0.2942964008","-0.067853774","-0.1462555507","10.127365965916693","9.676032969390988","0.0","54009000.0","34391000.0","2158.859307501767","0.0","1","observed","1","1","1","0"
"2020","45180","전라북도","정읍시","전라북도 정읍시","0.0650094111","-0.0031517583","0.4017393196","0.3081122327","9.043549710377695","8.268358916810582","2.516277333299767","81784440.0","37666000.0","9664.029867106516","11.0","1","observed","1","1","1","0"
"2020","45190","전라북도","남원시","전라북도 남원시","-0.0204344461","-0.0926032838","0.2000077952","0.1051655847","9.002573026796286","7.471174469529393","1.9637540227454493","159117000.0","34391000.0","19588.5484573884","12.0","1","observed","1","1","1","0"
"2020","45210","전라북도","김제시","전라북도 김제시","0.4084016577","0.3491230654","-0.0320271387","-0.109704441","10.44049284882498","9.786784204975806","0.0","74555000.0","38776000.0","2178.918741083423","0.0","1","observed","1","1","1","0"
"2020","45710","전라북도","완주군","전라북도 완주군","0.2670006204","0.2037582275","-0.1257398906","-0.2066143329","9.9174885492458","9.090102280022062","0.0","104890000.0","45854000.0","5171.838412920555","0.0","1","observed","1","1","1","0"
"2020","45720","전라북도","진안군","전라북도 진안군","0.1783472047","0.1135639147","0.4179646009","0.3278277754","9.428510435099641","8.873611545513569","2.2922994168486297","69889000.0","40123000.0","5619.448431190315","5.0","1","observed","1","1","1","0"
"2020","45730","전라북도","무주군","전라북도 무주군","-0.6722174033","-0.7809157336","0.0452497109","-0.0815876398","9.706345401976264","0.0","3.0128866384476107","110341000.0","0.0","6719.719048604017","13.0","1","observed","1","1","1","0"
"2020","45740","전라북도","장수군","전라북도 장수군","0.1568012694","0.089240665","0.6452722822","0.5498377012","9.719545594258445","8.26040031653076","3.2107488657172483","104876000.0","24372000.0","6303.143541141484","15.0","1","observed","1","1","1","0"
"2020","45750","전라북도","임실군","전라북도 임실군","0.1245652481","0.0560851298","0.3403853687","0.2479566121","9.6030191907376","8.097872669167954","2.1321007862278845","139466000.0","30952000.0","9418.016078596747","7.0","1","observed","1","1","1","0"
"2020","45770","전라북도","순창군","전라북도 순창군","0.2092339339","0.1427071011","0.2846066073","0.1952579535","9.987859450936162","8.417004702794602","1.7062870646570596","193055870.0","40123000.0","8872.187754812434","4.0","1","observed","1","1","1","0"
"2020","45790","전라북도","고창군","전라북도 고창군","0.2115658629","0.1437106697","0.1316509834","0.0433589049","10.23422761463426","8.103326480148594","1.1180791445859803","270416000.0","32098000.0","9713.581866755305","2.0","1","observed","1","1","1","0"
"2020","45800","전라북도","부안군","전라북도 부안군","0.3586565704","0.2936643796","-0.064654378","-0.1466768983","10.993257730821266","8.534005588472969","0.0","415706000.0","35536000.0","6990.084484343518","0.0","1","observed","1","1","1","0"
"2020","46110","전라남도","목포시","전라남도 목포시","0.254180854","0.1950353182","0.6723384125","0.583833959","9.109927076394747","10.06661007211791","3.0698983123817887","4403000.0","11462000.0","486.86173800170303","1.0","1","observed","1","1","1","0"
"2020","46130","전라남도","여수시","전라남도 여수시","0.5056034656","0.4479181672","0.5867650697","0.5031174981","10.993027722306381","10.001709559327841","2.1087327949309143","657185000.0","243866000.0","11053.089008457988","8.0","1","observed","1","1","1","0"
"2020","46150","전라남도","순천시","전라남도 순천시","0.2785321658","0.2134532358","0.5977300473","0.5060491512","10.328559011076651","8.643022167198854","2.7226696409094617","494792000.0","91694000.0","16173.375892291644","23.0","1","observed","1","1","1","0"
"2020","46170","전라남도","나주시","전라남도 나주시","-0.3515719461","-0.4401381329","0.2792707819","0.1676964862","8.991428992874841","4.179727678218187","3.0980868993255597","45565000.0","365000.0","5672.277110452749","12.0","1","observed","1","1","1","0"
"2020","46230","전라남도","광양시","전라남도 광양시","0.4998172914","0.4392126775","0.5603786886","0.4748453855","11.441936076970862","9.32994540194261","2.0221083797739903","568464040.0","68777000.0","6102.923964522085","4.0","1","observed","1","1","1","0"
"2020","46710","전라남도","담양군","전라남도 담양군","0.1907686424","0.1262736639","0.5202423117","0.4290990175","9.484670097457467","8.920839021085586","2.650071227225629","90003000.0","51211000.0","6841.480774217047","9.0","1","observed","1","1","1","0"
"2020","46720","전라남도","곡성군","전라남도 곡성군","-0.2031418607","-0.2797968076","0.0921486262","-0.0065262302","8.218365774011781","6.719267794712681","2.0142744069461784","51370992.0","11462000.0","13856.200914443738","9.0","1","observed","1","1","1","0"
"2020","46730","전라남도","구례군","전라남도 구례군","0.003078388","-0.0671724605","0.2433255982","0.1495858659","8.874802177232334","7.880725765457992","2.06964741730734","61963319.0","22925000.0","8667.978140066773","6.0","1","observed","1","1","1","0"
"2020","46770","전라남도","고흥군","전라남도 고흥군","-0.0198651761","-0.0903122288","0.380266878","0.2843306879","8.713697975692943","7.871961465020046","2.6486149173606828","88020000.0","37925000.0","14465.777648107836","19.0","1","observed","1","1","1","0"
"2020","46780","전라남도","보성군","전라남도 보성군","0.3051408141","0.2369505571","0.7506580135","0.6549189371","11.084944933368705","7.874202263367159","3.2362251157062194","586799000.0","23655000.0","9002.551430183286","22.0","1","observed","1","1","1","0"
"2020","46790","전라남도","화순군","전라남도 화순군","-0.1318980465","-0.2016117976","0.2149214645","0.1205403215","7.638516736050281","8.223773178772793","2.303208937102421","29961000.0","53805000.0","14434.435947538572","13.0","1","observed","1","1","1","0"
"2020","46800","전라남도","장흥군","전라남도 장흥군","-0.0577135094","-0.1309269612","0.4309317203","0.3318689806","8.86461877770629","7.287595224746729","2.9362832224536","55512247.0","11462000.0","7845.039923837177","14.0","1","observed","1","1","1","0"
"2020","46810","전라남도","강진군","전라남도 강진군","-0.3911491836","-0.4794923685","0.0668399942","-0.0421765566","8.617754634735283","4.295600089733252","2.390096994431686","27878000.0","365000.0","5043.091938395875","5.0","1","observed","1","1","1","0"
"2020","46820","전라남도","해남군","전라남도 해남군","-0.0391631716","-0.1109883103","0.345096219","0.2483961338","8.785115834570158","7.5815744424759295","2.5632163322255423","87300160.0","26192000.0","13358.391245633997","16.0","1","observed","1","1","1","0"
"2020","46830","전라남도","영암군","전라남도 영암군","-0.8169376569","-0.9266366276","-0.517341043","-0.6390082331","8.649735456052047","0.0","1.2383582244732803","23297000.0","0.0","4081.724653842929","1.0","1","observed","1","1","1","0"
"2020","46840","전라남도","무안군","전라남도 무안군","0.5370860084","0.4762163603","0.0536681669","-0.0249755777","11.80320293616561","9.207990533627534","0.0","614421000.0","45850000.0","4596.247383391287","0.0","1","observed","1","1","1","0"
"2020","46860","전라남도","함평군","전라남도 함평군","-0.068752315","-0.1399872706","0.1696921812","0.075438793","8.433511548314538","7.767000600275238","1.9709347937032773","22328000.0","11463000.0","4856.425663227921","3.0","1","observed","1","1","1","0"
"2020","46870","전라남도","영광군","전라남도 영광군","0.0332099929","-0.0392272542","0.2023729741","0.1078626878","9.503289880196256","7.322015482862717","1.8369624749832076","101585220.0","11462000.0","7579.430460326911","4.0","1","observed","1","1","1","0"
"2020","46880","전라남도","장성군","전라남도 장성군","0.0697300054","0.0001672785","0.2998146647","0.2065403923","9.322660914084281","7.9337499865774985","2.116148565766635","91965000.0","22925000.0","8220.177598957907","6.0","1","observed","1","1","1","0"
"2020","46890","전라남도","완도군","전라남도 완도군","-0.7870110999","-0.8965031491","-0.3494686464","-0.4728859567","8.868230773933279","0.0","1.8013719957584375","84244000.0","0.0","11862.50584303562","6.0","1","observed","1","1","1","0"
"2020","46900","전라남도","진도군","전라남도 진도군","-0.0243659543","-0.0978457983","0.3651596789","0.2671177115","9.192863878387168","7.17164899601037","2.601615539125227","86567000.0","11462000.0","8810.215049660734","11.0","1","observed","1","1","1","0"
"2020","46910","전라남도","신안군","전라남도 신안군","0.045215643","-0.026650221","-0.2725366476","-0.3602199653","9.507637007488496","7.43595639685187","0.0","182076000.0","22925000.0","13526.04030475707","0.0","1","observed","1","1","1","0"
"2020","47111","경상북도","포항시 남구","경상북도 포항시 남구","","","","","","","2.246008206817554","","","7100.643607480449","6.0","0","city_district_granularity","0","0","1","0"
"2020","47113","경상북도","포항시 북구","경상북도 포항시 북구","","","","","","","1.9564337194962582","","","14817.122223133076","9.0","0","city_district_granularity","0","0","1","0"
"2020","47130","경상북도","경주시","경상북도 경주시","-0.3643321129","-0.4709016296","-0.0737839494","-0.1942318476","11.954231595477864","0.0","1.7817857528646623","4405701811.0","0.0","28337.47015444826","14.0","1","observed","1","1","1","0"
"2020","47150","경상북도","김천시","경상북도 김천시","-0.5390082206","-0.6467855016","-0.1214784083","-0.2440286806","10.678912432682603","0.0","2.041866120868108","518174000.0","0.0","11931.440384511488","8.0","1","observed","1","1","1","0"
"2020","47170","경상북도","안동시","경상북도 안동시","0.402666213","0.335201308","0.4102988984","0.3206210473","11.788277883781655","7.886108271544357","1.6948505533186753","6813268793.0","137564000.0","51733.848193588514","23.0","1","observed","1","1","1","0"
"2020","47190","경상북도","구미시","경상북도 구미시","-0.3247538286","-0.4310496889","0.1042955522","-0.0178863537","12.243194665696489","0.0","2.3592350011614758","2382581000.0","0.0","11478.836825550194","11.0","1","observed","1","1","1","0"
"2020","47210","경상북도","영주시","경상북도 영주시","-0.4880212989","-0.5954460407","-0.1991808636","-0.3199067311","11.051170546000549","0.0","1.6173720249999786","935931000.0","0.0","14852.116160437025","6.0","1","observed","1","1","1","0"
"2020","47230","경상북도","영천시","경상북도 영천시","0.1209953132","0.0472260661","0.1212638392","0.0277549151","10.474966053873924","6.869638140488478","1.3059096891478061","789656000.0","21440000.0","22296.16894665656","6.0","1","observed","1","1","1","0"
"2020","47250","경상북도","상주시","경상북도 상주시","0.2031517135","0.1369121622","0.3012097572","0.2117917757","9.887274613128625","8.49384122211729","1.7849256849720763","357110921.0","88629000.0","18148.318667156007","9.0","1","observed","1","1","1","0"
"2020","47280","경상북도","문경시","경상북도 문경시","-0.6202959661","-0.7286352956","-0.2623966107","-0.3843564282","10.085426461024088","0.0","1.7112240686550244","370235000.0","0.0","15433.00565900347","7.0","1","observed","1","1","1","0"
"2020","47290","경상북도","경산시","경상북도 경산시","-0.5409240996","-0.6487146276","-0.3100666945","-0.4301549078","10.66492450248736","0.0","1.3292372017497682","308304890.0","0.0","7199.008602562052","2.0","1","observed","1","1","1","0"
"2020","47730","경상북도","의성군","경상북도 의성군","-0.6296168561","-0.7380206331","-0.4040783777","-0.5243118084","10.017374167700735","0.0","1.1957656420685163","777472510.0","0.0","34690.78246837473","8.0","1","observed","1","1","1","0"
"2020","47750","경상북도","청송군","경상북도 청송군","-0.6524437284","-0.7610053374","-0.399637216","-0.520286434","9.850714010212442","0.0","1.2703614950753825","444259000.0","0.0","23417.923844075623","6.0","1","observed","1","1","1","0"
"2020","47760","경상북도","영양군","경상북도 영양군","0.0528180143","-0.0187191663","0.0514755301","-0.0401648039","9.51604193035335","7.5003768775435615","1.2135493255581404","344332188.0","45854000.0","25365.598498725616","6.0","1","observed","1","1","1","0"
"2020","47770","경상북도","영덕군","경상북도 영덕군","-0.5976309662","-0.705813583","-0.4316699353","-0.5510383835","10.250904779703935","0.0","1.0099442796132319","648707780.0","0.0","22916.752166903298","4.0","1","observed","1","1","1","0"
"2020","47820","경상북도","청도군","경상북도 청도군","0.3648020392","0.3022138153","0.0588614575","-0.022938762","10.635304716642361","9.084955486734565","0.45508327398986603","721425664.0","153054000.0","17351.933783424418","1.0","1","observed","1","1","1","0"
"2020","47830","경상북도","고령군","경상북도 고령군","-0.4338054283","-0.5408553049","-0.2376515667","-0.3570209296","11.447003379805787","0.0","1.3339706941271694","1004468680.0","0.0","10729.28141560998","3.0","1","observed","1","1","1","0"
"2020","47840","경상북도","성주군","경상북도 성주군","0.3193960479","0.2555806486","0.2940392457","0.2077410565","10.459571451461985","8.871893371957631","1.4643005829927211","419617000.0","85760000.0","12031.821009921368","4.0","1","observed","1","1","1","0"
"2020","47850","경상북도","칠곡군","경상북도 칠곡군","0.5171368321","0.4590186921","0.5298101531","0.4467139544","11.164670670858682","9.882119225141288","1.862744564049055","648647510.0","179882000.0","9188.82631947143","5.0","1","observed","1","1","1","0"
"2020","47900","경상북도","예천군","경상북도 예천군","0.3680955163","0.3089262655","0.3414314996","0.2584776411","10.080025256869439","9.877314635273347","1.522797640702741","266224360.0","217374000.0","11157.493592755643","4.0","1","observed","1","1","1","0"
"2020","47920","경상북도","봉화군","경상북도 봉화군","0.0578728577","-0.013029854","-0.0281538438","-0.1182164757","9.45068155928136","7.640248952825798","0.898007529492073","524469612.0","85760000.0","41245.41057568431","6.0","1","observed","1","1","1","0"
"2020","47930","경상북도","울진군","경상북도 울진군","-0.6575468511","-0.7661437447","-0.4443628355","-0.5645008759","9.81345585090181","0.0","1.1131050445897408","715416000.0","0.0","39142.87179708679","8.0","1","observed","1","1","1","0"
"2020","47940","경상북도","울릉군","경상북도 울릉군","0.7152019506","0.6668243168","0.1711213917","0.1020963932","11.182821769630632","11.835141666117996","0.0","45414000.0","87195000.0","631.7685616189237","0.0","1","observed","1","1","1","0"
"2020","48121","경상남도","창원시 의창구","경상남도 창원시 의창구","","","","","","","1.5963960649702509","","","2541.157769968237","1.0","0","city_district_granularity","0","0","1","0"
"2020","48123","경상남도","창원시 성산구","경상남도 창원시 성산구","","","","","","","0.0","","","1329.8962312098035","0.0","0","city_district_granularity","0","0","1","0"
"2020","48125","경상남도","창원시 마산합포구","경상남도 창원시 마산합포구","","","","","","","1.283382264410364","","","7666.286230474932","2.0","0","city_district_granularity","0","0","1","0"
"2020","48127","경상남도","창원시 마산회원구","경상남도 창원시 마산회원구","","","","","","","0.0","","","2409.5996877085054","0.0","0","city_district_granularity","0","0","1","0"
"2020","48129","경상남도","창원시 진해구","경상남도 창원시 진해구","","","","","","","0.0","","","2048.8671507068098","0.0","0","city_district_granularity","0","0","1","0"
"2020","48170","경상남도","진주시","경상남도 진주시","0.6877776297","0.6349003151","0.7433685681","0.6631435942","11.717807243570599","10.82957221824336","2.2451027023177983","2471785000.0","1016834000.0","20138.874936018063","17.0","1","observed","1","1","1","0"
"2020","48220","경상남도","통영시","경상남도 통영시","0.4976145906","0.4385656297","0.4154961115","0.3330125015","11.157892191041686","9.696444199836108","1.4769518475728438","622391840.0","144326000.0","8876.853978771702","3.0","1","observed","1","1","1","0"
"2020","48240","경상남도","사천시","경상남도 사천시","-0.5234836987","-0.6311536385","-0.1690122505","-0.2906915402","10.792257757780288","0.0","1.8217852390986427","563104000.0","0.0","11576.56059188012","6.0","1","observed","1","1","1","0"
"2020","48250","경상남도","김해시","경상남도 김해시","0.5653801551","0.5073980768","0.6114075849","0.5278407994","11.550588544424418","9.836039236197212","2.0511720860992173","766098290.0","137926000.0","7377.883747532051","5.0","1","observed","1","1","1","0"
"2020","48270","경상남도","밀양시","경상남도 밀양시","0.5602247677","0.4983176936","0.4040295568","0.3202264948","12.176395637222493","8.928624750879909","1.2740790121142096","3769322810.0","146460000.0","19414.407220770867","5.0","1","observed","1","1","1","0"
"2020","48310","경상남도","거제시","경상남도 거제시","0.5466334225","0.486459175","0.5662750674","0.4814756568","11.765548024639438","9.354831218290078","1.9262351373839879","1536884967.0","137926000.0","11938.015882610049","7.0","1","observed","1","1","1","0"
"2020","48330","경상남도","양산시","경상남도 양산시","0.6060896638","0.5483953229","0.6810259654","0.5971807494","11.846743008775041","9.83749960328932","2.2131306175868555","1028654550.0","137926000.0","7367.116617292772","6.0","1","observed","1","1","1","0"
"2020","48720","경상남도","의령군","경상남도 의령군","0.3115494104","0.2469780786","0.1845374502","0.0990410221","10.521975313886287","8.708186561851683","1.0673314683991117","583788805.0","95165000.0","15726.48424190443","3.0","1","observed","1","1","1","0"
"2020","48730","경상남도","함안군","경상남도 함안군","0.4248057124","0.3635816181","0.4260192445","0.3410128373","10.911471867454804","9.306421649655594","1.7005240652073508","489637600.0","98351000.0","8934.919910690685","4.0","1","observed","1","1","1","0"
"2020","48740","경상남도","창녕군","경상남도 창녕군","0.5322967207","0.4712721537","0.4294478937","0.3456729289","11.789013535779844","9.179572666703189","1.441698557319768","2041522000.0","150192000.0","15490.08617660588","5.0","1","observed","1","1","1","0"
"2020","48820","경상남도","고성군","경상남도 고성군","0.2261365012","0.1606026831","0.2818170328","0.1934220263","9.961812774264747","8.621415929820609","1.6532126936549647","351351000.0","91951000.0","16573.00881091236","7.0","1","observed","1","1","1","0"
"2020","48840","경상남도","남해군","경상남도 남해군","0.3155233237","0.2527689599","0.3245392847","0.2385874473","10.245736958093586","9.125688251893445","1.590451880498823","288392000.0","94085000.0","10240.746279846757","4.0","1","observed","1","1","1","0"
"2020","48850","경상남도","하동군","경상남도 하동군","0.40071699","0.3389913567","0.5209347024","0.4340478057","10.792740283351414","9.228267778294388","2.122412380718413","728198114.0","152326000.0","14963.42200096988","11.0","1","observed","1","1","1","0"
"2020","48860","경상남도","산청군","경상남도 산청군","0.0945064214","0.027558134","0.0980866661","0.0096847676","9.08680510797209","8.503749986408707","1.2867939739627072","168568690.0","94085000.0","19075.53547598588","5.0","1","observed","1","1","1","0"
"2020","48870","경상남도","함양군","경상남도 함양군","0.1931595158","0.1310282068","0.3648898806","0.2775844781","9.101750207219679","9.468443983304166","2.0537047827745774","131974880.0","190440460.0","14712.951347826713","10.0","1","observed","1","1","1","0"
"2020","48880","경상남도","거창군","경상남도 거창군","0.0145856201","-0.0531250767","0.1984093221","0.1072752509","8.539089135891624","8.454799195637465","1.8704186036893031","102361000.0","94085000.0","20032.73351334976","11.0","1","observed","1","1","1","0"
"2020","48890","경상남도","합천군","경상남도 합천군","0.0973608015","0.0286665643","0.0671357383","-0.0221272181","9.408836469196574","8.09180224451689","1.161297746619716","389060000.0","104217000.0","31904.095362307948","7.0","1","observed","1","1","1","0"
"2020","50110","제주특별자치도","제주시","제주특별자치도 제주시","","","","","","","2.814886386743821","","","8922.153326506517","14.0","0","metropolitan_headquarters","0","0","1","0"
"2020","50130","제주특별자치도","서귀포시","제주특별자치도 서귀포시","","","","","","","2.6021308182395244","","","5603.38112473483","7.0","0","metropolitan_headquarters","0","0","1","0"
"2020","51110","강원특별자치도","춘천시","강원특별자치도 춘천시","0.438002484","0.3737740198","0.6428677554","0.5528973858","11.535873652965805","8.584191115891517","2.4912223813967302","1755220000.0","91697000.0","17154.16297742794","19.0","1","observed","1","1","1","0"
"2020","51130","강원특별자치도","원주시","강원특별자치도 원주시","0.1694418517","0.1042172918","0.0894163819","0.0031990069","9.42826061535459","8.78502572777279","1.0647554682883607","130874000.0","68781000.0","10525.597147904828","2.0","1","observed","1","1","1","0"
"2020","51150","강원특별자치도","강릉시","강원특별자치도 강릉시","-0.2671766231","-0.3425596583","0.0073137833","-0.0899650935","7.4583560127438","7.119312630020816","1.8539023245238584","48284000.0","34392000.0","27856.777072684443","15.0","1","observed","1","1","1","0"
"2020","51170","강원특별자치도","동해시","강원특별자치도 동해시","0.0256191958","-0.0396900512","-0.2860851743","-0.3689131854","8.22301906928122","8.997276528544386","0.0","15854000.0","34392000.0","4256.411709665215","0.0","1","observed","1","1","1","0"
"2020","51190","강원특별자치도","태백시","강원특별자치도 태백시","0.0359066304","-0.029609587","0.3741276793","0.2825293933","8.345566729248231","8.932393484636428","2.485649091204353","19123000.0","34392000.0","4541.774632373664","5.0","1","observed","1","1","1","0"
"2020","51210","강원특별자치도","속초시","강원특별자치도 속초시","0.216481404","0.1558762874","0.4789825467","0.3915506643","9.03919289128834","9.78689417841412","2.4292218377690054","16282000.0","34392000.0","1932.358474645644","2.0","1","observed","1","1","1","0"
"2020","51230","강원특별자치도","삼척시","강원특별자치도 삼척시","-0.3949388281","-0.4727731975","-0.2767429654","-0.3734344452","6.793018668032334","6.753498833015664","1.0957021151662139","35780000.0","34392000.0","40175.11991586007","8.0","1","observed","1","1","1","0"
"2020","51720","강원특별자치도","홍천군","강원특별자치도 홍천군","-0.6866366182","-0.7954346474","-0.2570120015","-0.3800807983","9.601069979512886","0.0","1.89939948419029","520235778.0","0.0","35199.612925457855","20.0","1","observed","1","1","1","0"
"2020","51730","강원특별자치도","횡성군","강원특별자치도 횡성군","0.0461307608","-0.0225148724","0.1006402411","0.0104330508","8.966089393392126","8.185784186833574","1.4183791880597858","150112303.0","68781000.0","19166.754866355743","6.0","1","observed","1","1","1","0"
"2020","51750","강원특별자치도","영월군","강원특별자치도 영월군","0.0768411936","0.0052347319","-0.0060419528","-0.0967216907","9.731588422706945","7.445459834040519","0.9339334771855288","436136000.0","44314000.0","25898.378414212697","4.0","1","observed","1","1","1","0"
"2020","51760","강원특별자치도","평창군","강원특별자치도 평창군","-0.1652771536","-0.2379300807","0.026922379","-0.0675133163","7.856811156215711","7.591887203333239","1.6715379551201883","59770000.0","45854000.0","23146.3052386974","10.0","1","observed","1","1","1","0"
"2020","51770","강원특별자치도","정선군","강원특별자치도 정선군","0.0519264321","-0.0186678855","0.1716408633","0.0791053314","9.347646939635878","7.721792132686356","1.673249168810969","291442565.0","57319000.0","25407.34911033557","11.0","1","observed","1","1","1","0"
"2020","51780","강원특별자치도","철원군","강원특별자치도 철원군","0.5262984456","0.4712553151","0.8812379691","0.7958837154","10.717829376469405","10.584762832418093","3.1774753233979083","39287000.0","34392000.0","870.090303707032","2.0","1","observed","1","1","1","0"
"2020","51790","강원특별자치도","화천군","강원특별자치도 화천군","0.0021636084","-0.0650513732","0.2194091366","0.1282362959","8.34918501484861","8.590491961195886","1.9818849894663946","27017000.0","34392000.0","6393.444566121614","4.0","1","observed","1","1","1","0"
"2020","51800","강원특별자치도","양구군","강원특별자치도 양구군","-1.1733265166","-1.2500358753","-0.7706899424","-0.8681863337","0.0","8.27163599542286","1.1860075587410859","0.0","34392000.0","8795.137061745016","2.0","1","observed","1","1","1","0"
"2020","51810","강원특별자치도","인제군","강원특별자치도 인제군","-0.2310368036","-0.3063481365","-0.1614606011","-0.2560765726","7.752608610282279","7.077742010959936","1.1204067398161321","67566000.0","34392000.0","29040.20587588721","6.0","1","observed","1","1","1","0"
"2020","51820","강원특별자치도","고성군","강원특별자치도 고성군","0.1383488168","0.0731187266","0.5000960607","0.4081214512","9.165519608835805","8.833893502241171","2.7058163864646385","47918000.0","34392000.0","5011.982153953566","7.0","1","observed","1","1","1","0"
"2020","51830","강원특별자치도","양양군","강원특별자치도 양양군","-0.0581755399","-0.1294176836","0.1168370653","0.0233877693","8.52443400944903","7.748261520401647","1.7430918246907","74756000.0","34392000.0","14846.2799125014","7.0","1","observed","1","1","1","0"
"2021","11110","서울특별시","종로구","서울특별시 종로구","-0.1538598637","-0.2619614534","-0.402288165","-0.5196689958","13.490900211407686","0.0","0.0","166111000.0","0.0","229.8134676458469","0.0","1","observed","1","1","1","0"
"2021","11140","서울특별시","중구","서울특별시 중구","0.1635860937","0.0533105798","-0.1913732819","-0.3094876404","15.80858932187173","0.0","0.0","43117000.0","0.0","5.8757794482012455","0.0","1","observed","1","1","1","0"
"2021","11170","서울특별시","용산구","서울특별시 용산구","-2.0016623643","-2.0971098865","-1.6299902017","-1.7431012846","0.0","0.0","0.0","0.0","0.0","97.8213309668874","0.0","1","observed","1","1","1","0"
"2021","11200","서울특별시","성동구","서울특별시 성동구","1.865916418","1.8231093498","0.9342682406","0.8703782063","16.556385317110628","15.976430981456689","0.0","41002000.0","22958000.0","2.645198610084122","0.0","1","observed","1","1","1","0"
"2021","11215","서울특별시","광진구","서울특별시 광진구","-2.0016623643","-2.0971098865","-1.6299902017","-1.7431012846","0.0","0.0","0.0","0.0","0.0","118.83692312121298","0.0","1","observed","1","1","1","0"
"2021","11230","서울특별시","동대문구","서울특별시 동대문구","-2.0016623643","-2.0971098865","-1.6299902017","-1.7431012846","0.0","0.0","0.0","0.0","0.0","10.298102799391469","0.0","1","observed","1","1","1","0"
"2021","11260","서울특별시","중랑구","서울특별시 중랑구","-2.0016623643","-2.0971098865","-0.3421966637","-0.5336820733","0.0","0.0","4.899325660960531","0.0","0.0","75.07549589800855","1.0","1","observed","1","1","1","0"
"2021","11290","서울특별시","성북구","서울특별시 성북구","-2.0016623643","-2.0971098865","-1.6299902017","-1.7431012846","0.0","0.0","0.0","0.0","0.0","145.335774548254","0.0","1","observed","1","1","1","0"
"2021","11305","서울특별시","강북구","서울특별시 강북구","-2.0016623643","-2.0971098865","-1.6299902017","-1.7431012846","0.0","0.0","0.0","0.0","0.0","116.54644819477348","0.0","1","observed","1","1","1","0"
"2021","11320","서울특별시","도봉구","서울특별시 도봉구","-2.0016623643","-2.0971098865","-1.6299902017","-1.7431012846","0.0","0.0","0.0","0.0","0.0","73.48535136777946","0.0","1","observed","1","1","1","0"
"2021","11350","서울특별시","노원구","서울특별시 노원구","-2.0016623643","-2.0971098865","-1.6299902017","-1.7431012846","0.0","0.0","0.0","0.0","0.0","333.7072077334258","0.0","1","observed","1","1","1","0"
"2021","11380","서울특별시","은평구","서울특별시 은평구","0.9829483526","0.9258510258","1.3367819552","1.1998689114","13.112032577396967","11.870181909366858","3.7579382829165486","118218000.0","34147000.0","238.89171620206912","1.0","1","observed","1","1","1","0"
"2021","11410","서울특별시","서대문구","서울특별시 서대문구","0.9827403311","0.9252794093","0.3488901694","0.2718249127","13.164399742505067","11.79648062653964","0.0","51458000.0","13103000.0","98.67964301884513","0.0","1","observed","1","1","1","0"
"2021","11440","서울특별시","마포구","서울특별시 마포구","1.7740880442","1.723108153","0.8738578322","0.8037107417","17.185287950976477","14.199279358273367","0.0","234073000.0","11818000.0","8.051477974569195","0.0","1","observed","1","1","1","0"
"2021","11470","서울특별시","양천구","서울특별시 양천구","-2.0016623643","-2.0971098865","-1.6299902017","-1.7431012846","0.0","0.0","0.0","0.0","0.0","8.976266248884023","0.0","1","observed","1","1","1","0"
"2021","11500","서울특별시","강서구","서울특별시 강서구","1.4522179023","1.397085253","2.1964991005","2.0289396259","15.773745597414392","12.915738287394598","5.843843739103198","205950000.0","11818000.0","29.06104223806912","1.0","1","observed","1","1","1","0"
"2021","11530","서울특별시","구로구","서울특별시 구로구","1.7740945808","1.7232464849","0.873853166","0.803802963","17.165872809503192","14.225899254849862","0.0","327614000.0","17320000.0","11.48996297675872","0.0","1","observed","1","1","1","0"
"2021","11545","서울특별시","금천구","서울특별시 금천구","1.4306669505","1.3780339358","2.2356390097","2.0665948524","15.269180060875373","13.390641913962693","6.047835004771088","101346000.0","15487000.0","23.685691596715643","1.0","1","observed","1","1","1","0"
"2021","11560","서울특별시","영등포구","서울특별시 영등포구","","","","","","","","0.0","0.0","0.0","0.0","1","observed","0","0","1","0"
"2021","11590","서울특별시","동작구","서울특별시 동작구","1.3549739817","1.3033089957","0.5956363938","0.5238446369","14.650159345779308","13.481435074761135","0.0","38029000.0","11818000.0","16.505615771295272","0.0","1","observed","1","1","1","0"
"2021","11620","서울특별시","관악구","서울특별시 관악구","-2.0016623643","-2.0971098865","-0.7067886356","-0.8760852009","0.0","0.0","3.5122595271482275","0.0","0.0","307.4659134273305","1.0","1","observed","1","1","1","0"
"2021","11650","서울특별시","서초구","서울특별시 서초구","1.4489261775","1.3945765312","0.6581988428","0.5846896606","15.637449693138072","13.069283280028644","0.0","458332000.0","35143000.0","74.11773473902872","0.0","1","observed","1","1","1","0"
"2021","11680","서울특별시","강남구","서울특별시 강남구","-2.0016623643","-2.0971098865","-1.6299902017","-1.7431012846","0.0","0.0","0.0","0.0","0.0","14.617439325667457","0.0","1","observed","1","1","1","0"
"2021","11710","서울특별시","송파구","서울특별시 송파구","1.5502494717","1.5031824852","0.7249741752","0.6570936299","15.199681138066946","14.679830400474678","0.0","57394000.0","34127000.0","14.37900905630627","0.0","1","observed","1","1","1","0"
"2021","11740","서울특별시","강동구","서울특별시 강동구","1.3430902825","1.2895540694","0.587874153","0.514674686","14.851649346604674","13.08718284458292","0.0","68999000.0","11818000.0","24.482377619817925","0.0","1","observed","1","1","1","0"
"2021","26110","부산광역시","중구","부산광역시 중구","-2.0016623643","-2.0971098865","-1.6299902017","-1.7431012846","0.0","0.0","0.0","0.0","0.0","1.906190096631038","0.0","1","observed","1","1","1","0"
"2021","26140","부산광역시","서구","부산광역시 서구","0.772385401","0.720835376","0.2088223635","0.1355288904","10.968653073323777","12.699091334526381","0.0","10017000.0","56528000.0","172.63134516067018","0.0","1","observed","1","1","1","0"
"2021","26170","부산광역시","동구","부산광역시 동구","0.7606328566","0.7097705061","0.2009723406","0.1281523105","10.793210685690216","12.82168958861153","0.0","5889000.0","44772000.0","120.95355330492292","0.0","1","observed","1","1","1","0"
"2021","26200","부산광역시","영도구","부산광역시 영도구","0.8738209209","0.8217420552","0.2762060033","0.2028000099","11.684761727225455","12.73256953572248","0.0","35130000.0","100170000.0","295.8382103460892","0.0","1","observed","1","1","1","0"
"2021","26230","부산광역시","부산진구","부산광역시 부산진구","0.493621647","0.4392021346","0.0239349356","-0.0522266038","9.638811230538796","11.734260072489768","0.0","6067000.0","49322000.0","395.29357985161545","0.0","1","observed","1","1","1","0"
"2021","26260","부산광역시","동래구","부산광역시 동래구","0.631844733","0.5778901406","1.072223434","0.9385650321","10.439613291348678","12.01925582155426","3.6391233973861983","9225000.0","44772000.0","269.8439172239675","1.0","1","observed","1","1","1","0"
"2021","26290","부산광역시","남구","부산광역시 남구","0.6703659896","0.6171141208","0.1412034854","0.066381387","10.578176062564898","12.21440712806526","0.0","15852000.0","81414000.0","403.6933829853463","0.0","1","observed","1","1","1","0"
"2021","26320","부산광역시","북구","부산광역시 북구","0.5098232192","0.4557238875","0.0346699923","-0.0412121019","9.693453965153951","11.821310140799232","0.0","13642000.0","114556000.0","841.5719818660857","0.0","1","observed","1","1","1","0"
"2021","26350","부산광역시","해운대구","부산광역시 해운대구","0.5349499447","0.4774047128","0.0515882043","-0.0267582184","10.36020372908601","11.16028981988723","0.0","51468000.0","114556000.0","1629.9404391041692","0.0","1","observed","1","1","1","0"
"2021","26380","부산광역시","사하구","부산광역시 사하구","-0.2965182902","-0.4036429306","-0.4970721263","-0.6141233139","12.449343770717336","0.0","0.0","127493000.0","0.0","499.8120704551127","0.0","1","observed","1","1","1","0"
"2021","26410","부산광역시","금정구","부산광역시 금정구","0.6002613737","0.542593462","0.5874962759","0.479262033","10.789129152145385","11.22582673757929","1.8738228842089364","87953000.0","136116000.0","1813.84577795654","1.0","1","observed","1","1","1","0"
"2021","26440","부산광역시","강서구","부산광역시 강서구","0.3707509527","0.3136524304","-0.0574612518","-0.1359264066","9.26143171840175","11.023444311964907","0.0","15850000.0","92320000.0","1506.1972314866955","0.0","1","observed","1","1","1","0"
"2021","26470","부산광역시","연제구","부산광역시 연제구","-0.6824855922","-0.7217247997","0.4885074802","0.3444413386","0.0","13.173098934274279","4.742147957536866","0.0","46272000.0","87.96601540319242","1.0","1","observed","1","1","1","0"
"2021","26500","부산광역시","수영구","부산광역시 수영구","-0.1412404194","-0.2494284292","-0.3939036556","-0.5113136464","13.583035417221048","0.0","0.0","70576000.0","0.0","89.04719818289425","0.0","1","observed","1","1","1","0"
"2021","26530","부산광역시","사상구","부산광역시 사상구","0.5267300746","0.4729378211","0.0458742129","-0.0297361462","9.754467265520134","11.906689862824564","0.0","9133000.0","78584000.0","530.0628352872448","0.0","1","observed","1","1","1","0"
"2021","26710","부산광역시","기장군","부산광역시 기장군","-0.3827559698","-0.4892900398","0.074558055","-0.0805700062","11.819718077536772","0.0","2.392713327883951","683410000.0","0.0","5028.5895226531065","5.0","1","observed","1","1","1","0"
"2021","27110","대구광역시","중구","대구광역시 중구","","","","","","","","0.0","0.0","0.0","0.0","1","observed","0","0","1","0"
"2021","27140","대구광역시","동구","대구광역시 동구","-2.0016623643","-2.0971098865","-1.6299902017","-1.7431012846","0.0","0.0","0.0","0.0","0.0","4979.1214587478935","0.0","1","observed","1","1","1","0"
"2021","27170","대구광역시","서구","대구광역시 서구","1.1467748081","1.0984711098","0.4571741159","0.3872860463","12.84435812985895","13.872233720336757","0.0","12393000.0","34640000.0","32.729829073412375","0.0","1","observed","1","1","1","0"
"2021","27200","대구광역시","남구","대구광역시 남구","-2.0016623643","-2.0971098865","-1.6299902017","-1.7431012846","0.0","0.0","0.0","0.0","0.0","291.15089042200844","0.0","1","observed","1","1","1","0"
"2021","27230","대구광역시","북구","대구광역시 북구","0.5486337387","0.4875341005","0.0609163658","-0.0200052933","10.970994614263578","10.461538620067373","0.0","132683000.0","79718000.0","2281.289110924714","0.0","1","observed","1","1","1","0"
"2021","27260","대구광역시","수성구","대구광역시 수성구","0.3451586496","0.2857706324","-0.0742966554","-0.1545142719","9.438440043160659","10.525784305737034","0.0","13659000.0","40520000.0","1087.4043091273204","0.0","1","observed","1","1","1","0"
"2021","27290","대구광역시","달서구","대구광역시 달서구","0.6201098485","0.5603659533","0.1082798537","0.0285492753","11.220444537444418","10.834108680204462","0.0","60082000.0","40828000.0","804.9576875048305","0.0","1","observed","1","1","1","0"
"2021","27710","대구광역시","달성군","대구광역시 달성군","0.4140752295","0.3427447325","0.1611785086","0.0608743129","11.634937964984399","8.209764202127367","0.7186664741830996","1074225700.0","34950000.0","9508.456564949429","1.0","1","observed","1","1","1","0"
"2021","27720","대구광역시","군위군","대구광역시 군위군","","","","","","","1.1698046709772003","","","18006.959544148078","4.0","0","administrative_history","0","0","1","0"
"2021","28110","인천광역시","중구","인천광역시 중구","-0.502281622","-0.6079971599","-0.63378374","-0.7503594669","10.947055200232752","0.0","0.0","51900000.0","0.0","913.9645250586208","0.0","1","observed","1","1","1","0"
"2021","28140","인천광역시","동구","인천광역시 동구","","","","","","","","0.0","0.0","0.0","0.0","1","observed","0","0","1","0"
"2021","28177","인천광역시","미추홀구","인천광역시 미추홀구","0.1568356937","0.0466064077","-0.1958583282","-0.3139570884","15.759304307843413","0.0","0.0","123718000.0","0.0","17.711447384754308","0.0","1","observed","1","1","1","0"
"2021","28185","인천광역시","연수구","인천광역시 연수구","-0.1198495931","-0.2281840909","-0.3796913353","-0.4971507542","13.739210930323466","0.0","0.0","35678000.0","0.0","38.50680424275977","0.0","1","observed","1","1","1","0"
"2021","28200","인천광역시","남동구","인천광역시 남동구","0.9995888521","0.9473230727","0.3597216354","0.2865206882","12.503446564836693","12.868731235515098","0.0","16073000.0","23160000.0","59.69262942462092","0.0","1","observed","1","1","1","0"
"2021","28237","인천광역시","부평구","인천광역시 부평구","-0.1525681305","-0.2606785662","-0.401429922","-0.5188137377","13.500331221749951","0.0","0.0","25386000.0","0.0","34.791689392013495","0.0","1","observed","1","1","1","0"
"2021","28245","인천광역시","계양구","인천광역시 계양구","-0.0758968369","-0.1845323307","-0.3504885994","-0.4680495807","14.06011224315211","0.0","0.0","43568000.0","0.0","34.114483621966656","0.0","1","observed","1","1","1","0"
"2021","28260","인천광역시","서구","인천광역시 서구","1.1866676152","1.1334345197","1.8482175088","1.6917893503","13.822988858110392","12.932097077027029","5.190084931668839","56448000.0","23160000.0","56.02749502255566","1.0","1","observed","1","1","1","0"
"2021","28710","인천광역시","강화군","인천광역시 강화군","1.1714965331","1.1134317848","0.4742549736","0.3972598296","14.44083321631167","11.935558237090564","0.0","427604000.0","34915000.0","228.8062122056636","0.0","1","observed","1","1","1","0"
"2021","28720","인천광역시","옹진군","인천광역시 옹진군","0.1909104513","0.1239132995","-0.1761888491","-0.2624191606","9.591501932513886","8.776138265309825","0.0","78892000.0","34905000.0","5389.2244303518055","0.0","1","observed","1","1","1","0"
"2021","29110","광주광역시","동구","광주광역시 동구","-0.7218976864","-0.8261092559","-0.7796992745","-0.8957675308","9.343627123986305","0.0","0.0","8950000.0","0.0","783.3851705913617","0.0","1","observed","1","1","1","0"
"2021","29140","광주광역시","서구","광주광역시 서구","-0.2974717782","-0.4045898889","0.6611220163","0.4735474901","12.442382306165799","0.0","4.408683443061346","31211000.0","0.0","123.21154994624592","1.0","1","observed","1","1","1","0"
"2021","29155","광주광역시","남구","광주광역시 남구","-0.3893261205","-0.495815197","-0.5587347566","-0.6755714916","11.771749072298922","0.0","0.0","55379000.0","0.0","427.50657390169727","0.0","1","observed","1","1","1","0"
"2021","29170","광주광역시","북구","광주광역시 북구","-0.5727618424","-0.6779947198","-0.6806116397","-0.7970245067","10.432475519620581","0.0","0.0","43229000.0","0.0","1273.56593173623","0.0","1","observed","1","1","1","0"
"2021","29200","광주광역시","광산구","광주광역시 광산구","0.3422821967","0.2814708","-0.0761091929","-0.1573808269","9.630473029067572","10.234411688573434","0.0","38169000.0","69825000.0","2507.7140869856285","0.0","1","observed","1","1","1","0"
"2021","30110","대전광역시","동구","대전광역시 동구","0.3930670696","0.3322124929","-0.0423879321","-0.1235530316","9.956288939838094","10.29591433764981","0.0","13782000.0","19356000.0","653.689482043021","0.0","1","observed","1","1","1","0"
"2021","30140","대전광역시","중구","대전광역시 중구","-0.4407649453","-0.5469017599","-0.5929113257","-0.7096292002","11.396191591587185","0.0","0.0","32635000.0","0.0","366.7628803788808","0.0","1","observed","1","1","1","0"
"2021","30170","대전광역시","서구","대전광역시 서구","0.4728818282","0.4127565498","0.0105547592","-0.0698569937","10.350668527374705","10.553528591643557","0.0","15802000.0","19356000.0","505.2283558195524","0.0","1","observed","1","1","1","0"
"2021","30200","대전광역시","유성구","대전광역시 유성구","0.4879900445","0.4243878916","0.0208233591","-0.0621027658","10.958973520087458","9.872401479368284","0.0","57375000.0","19356000.0","998.4090954221718","0.0","1","observed","1","1","1","0"
"2021","30230","대전광역시","대덕구","대전광역시 대덕구","0.8223432552","0.7666177539","0.242276909","0.1660504757","11.899296428533859","11.92509637302705","0.0","18863000.0","19356000.0","128.17842723143983","0.0","1","observed","1","1","1","0"
"2021","31110","울산광역시","중구","울산광역시 중구","0.8804021457","0.8198066666","0.9788759602","0.8567654481","12.983421699048778","11.022075694143156","2.654423728532664","329231500.0","46312000.0","756.6133129264339","1.0","1","observed","1","1","1","0"
"2021","31140","울산광역시","남구","울산광역시 남구","0.7563355037","0.6994229705","1.0384431475","0.9100480816","11.659337029038278","11.59415205864595","3.195384426870547","49431440.0","46312000.0","426.9935150962376","1.0","1","observed","1","1","1","0"
"2021","31170","울산광역시","동구","울산광역시 동구","-0.3027122219","-0.4097944452","-0.5011874485","-0.6182243237","12.404121559248312","0.0","0.0","214899000.0","0.0","881.4438051486518","0.0","1","observed","1","1","1","0"
"2021","31200","울산광역시","북구","울산광역시 북구","-0.27948439","-0.3867256814","-0.4857545997","-0.6028451479","12.573709144033348","0.0","0.0","917613350.0","0.0","3176.645326950111","0.0","1","observed","1","1","1","0"
"2021","31710","울산광역시","울주군","울산광역시 울주군","-0.3943383604","-0.5007931122","0.1221017711","-0.03636135","11.735154453569585","0.0","2.602867204245338","1897884030.0","0.0","15197.086151383684","19.0","1","observed","1","1","1","0"
"2021","36110","세종특별자치시","세종시","세종특별자치시","","","","","","","0.0","","","1192.393472679509","0.0","0","metropolitan_headquarters","0","0","1","0"
"2021","41111","경기도","수원시 장안구","경기도 수원시 장안구","","","","","","","0.0","","","85.05865042808178","0.0","0","city_district_granularity","0","0","1","0"
"2021","41113","경기도","수원시 권선구","경기도 수원시 권선구","","","","","","","0.0","","","170.43992340554186","0.0","0","city_district_granularity","0","0","1","0"
"2021","41115","경기도","수원시 팔달구","경기도 수원시 팔달구","","","","","","","0.0","","","25.619779523619485","0.0","0","city_district_granularity","0","0","1","0"
"2021","41117","경기도","수원시 영통구","경기도 수원시 영통구","","","","","","","0.0","","","23.33984101400128","0.0","0","city_district_granularity","0","0","1","0"
"2021","41131","경기도","성남시 수정구","경기도 성남시 수정구","","","","","","","0.0","","","69.33698790199168","0.0","0","city_district_granularity","0","0","1","0"
"2021","41133","경기도","성남시 중원구","경기도 성남시 중원구","","","","","","","0.0","","","35.30985662800179","0.0","0","city_district_granularity","0","0","1","0"
"2021","41135","경기도","성남시 분당구","경기도 성남시 분당구","","","","","","","0.0","","","85.3753791350048","0.0","0","city_district_granularity","0","0","1","0"
"2021","41150","경기도","의정부시","경기도 의정부시","1.0039069349","0.9472393943","0.362889393","0.2864649026","13.18041686890474","11.985940054016634","0.0","147708000.0","44735000.0","278.75490754903177","0.0","1","observed","1","1","1","0"
"2021","41171","경기도","안양시 만안구","경기도 안양시 만안구","","","","","","","0.0","","","290.4824929770212","0.0","0","city_district_granularity","0","0","1","0"
"2021","41173","경기도","안양시 동안구","경기도 안양시 동안구","","","","","","","0.0","","","126.58462253451908","0.0","0","city_district_granularity","0","0","1","0"
"2021","41190","경기도","부천시","경기도 부천시","-2.0016623643","-2.0971098865","-1.6299902017","-1.7431012846","0.0","0.0","0.0","0.0","0.0","36.07376757388423","0.0","1","observed","1","1","1","0"
"2021","41210","경기도","광명시","경기도 광명시","-2.0016623643","-2.0971098865","-1.6299902017","-1.7431012846","0.0","0.0","0.0","0.0","0.0","47.751851686935886","0.0","1","observed","1","1","1","0"
"2021","41220","경기도","평택시","경기도 평택시","0.8796561676","0.8188668138","0.2806755079","0.2008831823","13.007350142567256","10.9818988799282","0.0","355273000.0","46872000.0","797.155022334108","0.0","1","observed","1","1","1","0"
"2021","41250","경기도","동두천시","경기도 동두천시","-0.1889160811","-0.2967775998","-0.4255799343","-0.5428797601","13.23495298196859","0.0","0.0","339431000.0","0.0","606.5760119078079","0.0","1","observed","1","1","1","0"
"2021","41271","경기도","안산시 상록구","경기도 안산시 상록구","","","","","","","5.0311828283386655","","","65.74016284349608","1.0","0","city_district_granularity","0","0","1","0"
"2021","41273","경기도","안산시 단원구","경기도 안산시 단원구","","","","","","","3.2751258344723455","","","785.9610641501805","2.0","0","city_district_granularity","0","0","1","0"
"2021","41281","경기도","고양시 덕양구","경기도 고양시 덕양구","","","","","","","0.0","","","370.53883386907233","0.0","0","city_district_granularity","0","0","1","0"
"2021","41285","경기도","고양시 일산동구","경기도 고양시 일산동구","","","","","","","0.0","","","41.36806591457648","0.0","0","city_district_granularity","0","0","1","0"
"2021","41287","경기도","고양시 일산서구","경기도 고양시 일산서구","","","","","","","0.0","","","0.7017427118900311","0.0","0","city_district_granularity","0","0","1","0"
"2021","41290","경기도","과천시","경기도 과천시","1.0351428646","0.980575118","1.382149527","1.2465753104","13.066912012538078","12.453101018528432","3.7993541065834466","108313000.0","58628000.0","228.97798033787456","1.0","1","observed","1","1","1","0"
"2021","41310","경기도","구리시","경기도 구리시","0.9452824918","0.892074387","0.3237296484","0.2496882311","12.300965236532864","12.60337544837571","0.0","34640000.0","46872000.0","157.52102674362388","0.0","1","observed","1","1","1","0"
"2021","41360","경기도","남양주시","경기도 남양주시","-0.2310454035","-0.3386184134","0.147056193","-0.0067000971","12.927364652264705","0.0","2.2850471842265367","1398402000.0","0.0","3398.9905566784173","3.0","1","observed","1","1","1","0"
"2021","41370","경기도","오산시","경기도 오산시","-0.0988329413","-0.2073113648","-0.365727621","-0.4832356034","13.892654575887759","0.0","0.0","164865000.0","0.0","152.6249897117882","0.0","1","observed","1","1","1","0"
"2021","41390","경기도","시흥시","경기도 시흥시","1.104539542","1.0505263951","0.4295224186","0.3553229032","13.421550742794594","12.661036557946325","0.0","100277000.0","46872000.0","148.69506341349708","0.0","1","observed","1","1","1","0"
"2021","41410","경기도","군포시","경기도 군포시","1.2918626595","1.2411991329","0.5536655778","0.4824380617","14.105343137565471","13.596375104258103","0.0","74420000.0","44735000.0","55.69514009589484","0.0","1","observed","1","1","1","0"
"2021","41430","경기도","의왕시","경기도 의왕시","1.1343188017","1.0803859051","0.4492886946","0.3752292432","13.597018065535039","12.718416241677103","0.0","112846000.0","46872000.0","140.40313129075045","0.0","1","observed","1","1","1","0"
"2021","41450","경기도","하남시","경기도 하남시","1.1687122511","1.1152849773","0.4720894664","0.3984952913","13.738713515085747","12.868063241435253","0.0","162325000.0","67962000.0","175.28244093285812","0.0","1","observed","1","1","1","0"
"2021","41461","경기도","용인시 처인구","경기도 용인시 처인구","","","","","","","3.3222001014368248","","","1871.168329400662","5.0","0","city_district_granularity","0","0","1","0"
"2021","41463","경기도","용인시 기흥구","경기도 용인시 기흥구","","","","","","","3.6555712906797972","","","265.3250570898551","1.0","0","city_district_granularity","0","0","1","0"
"2021","41465","경기도","용인시 수지구","경기도 용인시 수지구","","","","","","","0.0","","","64.75556915074613","0.0","0","city_district_granularity","0","0","1","0"
"2021","41480","경기도","파주시","경기도 파주시","1.1086612276","1.0517188548","0.4324591544","0.3561178763","13.879902954917657","12.075294160561022","0.0","710705000.0","116938000.0","666.3839299289901","0.0","1","observed","1","1","1","0"
"2021","41500","경기도","이천시","경기도 이천시","0.7576947876","0.6994555424","1.1448703588","1.0090872063","11.863742649487506","11.328154472665657","3.5965013710831366","80079000.0","46872000.0","563.8501907868078","2.0","1","observed","1","1","1","0"
"2021","41550","경기도","안성시","경기도 안성시","0.4413784314","0.370555382","0.6913522963","0.5603304974","11.731765730429652","8.349975833042366","2.666843632515394","278762000.0","9472000.0","2239.731414104747","3.0","1","observed","1","1","1","0"
"2021","41570","경기도","김포시","경기도 김포시","1.2708823785","1.2186639411","0.539842101","0.4674146005","14.202918682421835","13.253412448286312","0.0","136329000.0","52750000.0","92.54209632369115","0.0","1","observed","1","1","1","0"
"2021","41590","경기도","화성시","경기도 화성시","0.5084294391","0.4459794722","0.7806853169","0.653238074","10.917447926881243","10.133301866245407","2.839515786728654","102677000.0","46872000.0","1862.488747841874","3.0","1","observed","1","1","1","0"
"2021","41610","경기도","광주시","경기도 광주시","1.0130984217","0.9518406166","1.1211879436","0.9956555353","13.91586909470762","11.071826613194458","2.860486456551069","2013779000.0","117180000.0","1821.49105044998","3.0","1","observed","1","1","1","0"
"2021","41630","경기도","양주시","경기도 양주시","0.5681683252","0.5072886669","0.0738712045","-0.0068355823","11.06139444509027","10.532965700324167","0.0","145324000.0","85672000.0","2282.6619265557097","0.0","1","observed","1","1","1","0"
"2021","41650","경기도","포천시","경기도 포천시","-0.3796041889","-0.4861598428","-0.3526371229","-0.4816461853","11.842729390697242","0.0","0.7595106292766428","1222870783.0","0.0","8793.295475278816","1.0","1","observed","1","1","1","0"
"2021","41670","경기도","여주시","경기도 여주시","0.4723361341","0.4097502752","0.6391895035","0.5186975922","10.710478788621359","10.055956984856559","2.3923381603244134","90194000.0","46872000.0","2012.2665157198671","2.0","1","observed","1","1","1","0"
"2021","41800","경기도","연천군","경기도 연천군","-0.2010947418","-0.308872859","-0.4336715819","-0.5509432662","13.146035959375238","0.0","0.0","387994570.0","0.0","757.8366768140754","0.0","1","observed","1","1","1","0"
"2021","41820","경기도","가평군","경기도 가평군","0.3079954668","0.2380923188","0.2578025119","0.1480857939","10.756974467618424","8.35128261633662","1.354587372094965","653255586.0","58913000.0","13912.26135818054","4.0","1","observed","1","1","1","0"
"2021","41830","경기도","양평군","경기도 양평군","0.2928061682","0.2253681814","0.3152003079","0.2031369264","10.297513428797608","8.828022084048804","1.6119615055895167","295644000.0","68003000.0","9968.514694343256","4.0","1","observed","1","1","1","0"
"2021","43111","충청북도","청주시 상당구","충청북도 청주시 상당구","","","","","","","2.4906241946294836","","","3613.758899540233","4.0","0","city_district_granularity","0","0","1","0"
"2021","43112","충청북도","청주시 서원구","충청북도 청주시 서원구","","","","","","","4.877881971863335","","","230.14578093534456","3.0","0","city_district_granularity","0","0","1","0"
"2021","43113","충청북도","청주시 흥덕구","충청북도 청주시 흥덕구","","","","","","","5.1942706488141175","","","223.1686568895516","4.0","0","city_district_granularity","0","0","1","0"
"2021","43114","충청북도","청주시 청원구","충청북도 청주시 청원구","","","","","","","4.520072797897165","","","550.4044811024319","5.0","0","city_district_granularity","0","0","1","0"
"2021","43130","충청북도","충주시","충청북도 충주시","0.5300926643","0.4653482071","0.8268333311","0.6958349706","11.392435295501265","9.699974258658063","2.9597665432974467","726879000.0","133787000.0","8199.648523044925","15.0","1","observed","1","1","1","0"
"2021","43150","충청북도","제천시","충청북도 제천시","0.1975237561","0.1233658219","0.4133565402","0.2862986845","10.690209376336034","7.339445339623173","2.224320214934568","639093000.0","22391000.0","14550.40245467359","12.0","1","observed","1","1","1","0"
"2021","43720","충청북도","보은군","충청북도 보은군","0.024102141","-0.040817743","0.2808831427","0.1611594357","8.235606204883615","8.964911678164263","2.1607866080329177","29476000.0","61131000.0","7814.574598259538","6.0","1","observed","1","1","1","0"
"2021","43730","충청북도","옥천군","충청북도 옥천군","0.1933950441","0.1264940736","0.4963564363","0.369372884","9.592931494140947","8.798993780831553","2.55240331811151","49535000.0","22391000.0","3378.971883572288","4.0","1","observed","1","1","1","0"
"2021","43740","충청북도","영동군","충청북도 영동군","0.2774671488","0.2103972533","0.4885456153","0.3655399904","10.146690200643581","8.881134042168188","2.3102833054821588","252884000.0","71327000.0","9914.865239475444","9.0","1","observed","1","1","1","0"
"2021","43745","충청북도","증평군","충청북도 증평군","0.647109286","0.5934432167","1.1610861962","1.0228888848","10.493035558998889","12.098618225483104","3.938713720489518","14324000.0","71346000.0","397.19970138900186","2.0","1","observed","1","1","1","0"
"2021","43750","충청북도","진천군","충청북도 진천군","0.4057904978","0.3422362444","0.8471201073","0.7103958148","10.434859736337247","9.768414122077267","3.3512343749252334","86488000.0","44413000.0","2541.9477273386938","7.0","1","observed","1","1","1","0"
"2021","43760","충청북도","괴산군","충청북도 괴산군","-0.099984084","-0.1720413307","0.1979412485","0.0726972175","8.50874439347413","7.352226866683757","2.156817356773323","71336000.0","22431000.0","14391.153990482631","11.0","1","observed","1","1","1","0"
"2021","43770","충청북도","음성군","충청북도 음성군","0.4505633442","0.3894386423","0.8190509127","0.6877415629","10.357822935662915","10.320874317995433","3.1319854707858727","86229000.0","83101000.0","2737.29617381496","6.0","1","observed","1","1","1","0"
"2021","43800","충청북도","단양군","충청북도 단양군","0.3152814627","0.2456653193","0.238937873","0.130893245","10.760435039701544","8.41930634563027","1.264488786981442","741644000.0","71346000.0","15740.087561425558","4.0","1","observed","1","1","1","0"
"2021","44131","충청남도","천안시 동남구","충청남도 천안시 동남구","","","","","","","2.9013767375217854","","","2325.6917806718807","4.0","0","city_district_granularity","0","0","1","0"
"2021","44133","충청남도","천안시 서북구","충청남도 천안시 서북구","","","","","","","0.0","","","436.4870181585085","0.0","0","city_district_granularity","0","0","1","0"
"2021","44150","충청남도","공주시","충청남도 공주시","0.2796178264","0.2092991136","0.639182049","0.5047271679","10.639824195228758","8.228137457110916","2.877092619213002","323899040.0","29035000.0","7755.380725208731","13.0","1","observed","1","1","1","0"
"2021","44180","충청남도","보령시","충청남도 보령시","0.4113562296","0.3419723031","0.3791941934","0.2669270625","11.330473102838575","8.599037645795274","1.5554668464519747","891782700.0","58068000.0","10702.92074265134","4.0","1","observed","1","1","1","0"
"2021","44200","충청남도","아산시","충청남도 아산시","0.5425585207","0.4750925583","0.8908449916","0.7544995804","11.872608353438286","9.167710512241774","3.1710992718212143","439266000.0","29374000.0","3065.6482770789075","7.0","1","observed","1","1","1","0"
"2021","44210","충청남도","서산시","충청남도 서산시","-0.0640209112","-0.1494365758","-0.168947784","-0.2800749832","10.706989957144453","4.704748744110937","0.6666988640622963","471261234.0","1155000.0","10550.785236923291","1.0","1","observed","1","1","1","0"
"2021","44230","충청남도","논산시","충청남도 논산시","0.4549722725","0.389605664","0.8609196004","0.7241521393","11.011766150398717","9.470485089604718","3.2790326980175264","189688000.0","40611000.0","3131.105860516684","8.0","1","observed","1","1","1","0"
"2021","44250","충청남도","계룡시","충청남도 계룡시","0.4343188038","0.3722902026","-0.0149188654","-0.0968345585","10.389081259228734","10.115905935912707","0.0","22941000.0","17457000.0","705.8380134960702","0.0","1","observed","1","1","1","0"
"2021","44270","충청남도","당진시","충청남도 당진시","0.1861696329","0.1179931788","0.4188510764","0.2953406439","9.735776020000886","8.531469535568876","2.275458580875926","96829000.0","29035000.0","5725.815167799704","5.0","1","observed","1","1","1","0"
"2021","44710","충청남도","금산군","충청남도 금산군","0.3613467462","0.2939009136","0.8014953126","0.6627867303","10.72979814958391","8.921210189043503","3.2889079920514903","247835000.0","40612000.0","5423.504617296192","14.0","1","observed","1","1","1","0"
"2021","44760","충청남도","부여군","충청남도 부여군","0.4111327832","0.3425951567","0.7001702706","0.5689776069","11.20413271975137","8.769605559643598","2.7773836094057898","389641282.0","34143000.0","5306.129720142454","8.0","1","observed","1","1","1","0"
"2021","44770","충청남도","서천군","충청남도 서천군","-0.4695144962","-0.575454429","-0.0402822508","-0.1917288689","11.186289655818673","0.0","2.175111470261937","369766000.0","0.0","5126.124211757943","4.0","1","observed","1","1","1","0"
"2021","44790","충청남도","청양군","충청남도 청양군","-0.3909792042","-0.4974569601","0.0766687935","-0.0789012366","11.759679824200933","0.0","2.4215294569336487","997638618.0","0.0","7794.936628082405","8.0","1","observed","1","1","1","0"
"2021","44800","충청남도","홍성군","충청남도 홍성군","-2.0016623643","-2.0971098865","-0.9466338399","-1.1013335728","0.0","0.0","2.599784251178922","0.0","0.0","5617.60171561943","7.0","1","observed","1","1","1","0"
"2021","44810","충청남도","예산군","충청남도 예산군","0.4316337873","0.3630021296","0.5930184658","0.4691624801","11.346967238018285","8.778966775965852","2.3179230592037947","462650000.0","35475000.0","5461.757776130451","5.0","1","observed","1","1","1","0"
"2021","44825","충청남도","태안군","충청남도 태안군","-0.4510461196","-0.557112527","-0.5997422606","-0.7164363782","11.321128214114545","0.0","0.0","1088176990.0","0.0","13182.606456834488","0.0","1","observed","1","1","1","0"
"2021","45111","전라북도","전주시 완산구","전라북도 전주시 완산구","","","","","","","0.0","","","379.4364065134406","0.0","0","city_district_granularity","0","0","1","0"
"2021","45113","전라북도","전주시 덕진구","전라북도 전주시 덕진구","","","","","","","0.0","","","101.55860282424392","0.0","0","city_district_granularity","0","0","1","0"
"2021","45130","전라북도","군산시","전라북도 군산시","-0.3327158608","-0.4395926141","-0.0785597182","-0.2224613469","12.185063463047427","0.0","1.6836998933110874","446570432.0","0.0","2280.270445598689","1.0","1","observed","1","1","1","0"
"2021","45140","전라북도","익산시","전라북도 익산시","0.2925529692","0.2299966902","-0.1090073777","-0.1916969001","9.575259597368191","9.813340103464421","0.0","31094000.0","39453000.0","2158.859307501767","0.0","1","observed","1","1","1","0"
"2021","45180","전라북도","정읍시","전라북도 정읍시","0.036008576","-0.0328491844","0.4231226922","0.2923779295","8.891827030097163","8.186276262725602","2.670829020101762","70270000.0","34697000.0","9664.029867106516","13.0","1","observed","1","1","1","0"
"2021","45190","전라북도","남원시","전라북도 남원시","-0.1025763116","-0.173214511","0.1965470873","0.0723132016","8.282952441399274","7.635163136570307","2.1584300670795704","77469900.0","40523000.0","19588.5484573884","15.0","1","observed","1","1","1","0"
"2021","45210","전라북도","김제시","전라북도 김제시","0.3544661366","0.2911137164","-0.0678460996","-0.150952216","10.08222924596739","9.738199262647939","0.0","52105000.0","36937000.0","2178.918741083423","0.0","1","observed","1","1","1","0"
"2021","45710","전라북도","완주군","전라북도 완주군","0.2011655463","0.1341098261","-0.1693760384","-0.2556214762","9.664653548791268","8.778492609184422","0.0","81456000.0","33576000.0","5171.838412920555","0.0","1","observed","1","1","1","0"
"2021","45720","전라북도","진안군","전라북도 진안군","0.1585465513","0.0923029115","0.4482650549","0.3231857071","9.276692975070084","8.883530141407755","2.4576386068263014","60044000.0","40523000.0","5619.448431190315","6.0","1","observed","1","1","1","0"
"2021","45730","전라북도","무주군","전라북도 무주군","-0.6643734217","-0.7689789272","0.0690163025","-0.0965111527","9.763614711762854","0.0","3.0834777482073226","116845000.0","0.0","6719.719048604017","14.0","1","observed","1","1","1","0"
"2021","45740","전라북도","장수군","전라북도 장수군","-0.0304992892","-0.0963279032","0.52067677","0.3833402757","8.026309337102717","8.705931168776882","3.2107488657172483","19284000.0","38056000.0","6303.143541141484","15.0","1","observed","1","1","1","0"
"2021","45750","전라북도","임실군","전라북도 임실군","0.1730153671","0.1061988934","0.3723426816","0.2520893105","9.452267649884282","8.787875228546563","2.1321007862278845","119948000.0","61719000.0","9418.016078596747","7.0","1","observed","1","1","1","0"
"2021","45770","전라북도","순창군","전라북도 순창군","0.1603990582","0.0934765546","0.1918733887","0.0819816368","9.388562561986864","8.749021883815123","1.4773576147209346","106021830.0","55926000.0","8872.187754812434","3.0","1","observed","1","1","1","0"
"2021","45790","전라북도","고창군","전라북도 고창군","0.201612682","0.1330346443","0.1249132856","0.0196642904","9.892197907401979","8.471738962138666","1.1180791445859803","192081000.0","46400000.0","9713.581866755305","2.0","1","observed","1","1","1","0"
"2021","45800","전라북도","부안군","전라북도 부안군","0.2749658738","0.2082218248","-0.120398054","-0.206213477","10.082853915159642","8.943467332591863","0.0","167260000.0","53521000.0","6990.084484343518","0.0","1","observed","1","1","1","0"
"2021","46110","전라남도","목포시","전라남도 목포시","0.6441682662","0.5804709473","0.1245234506","0.0419526047","11.955397602644286","10.069136869070723","0.0","75782000.0","11491000.0","486.86173800170303","0.0","1","observed","1","1","1","0"
"2021","46130","전라남도","여수시","전라남도 여수시","0.7344644629","0.6736351194","0.7385619903","0.6246116405","12.09998458319855","10.773065389551627","2.1087327949309143","1988098000.0","527421000.0","11053.089008457988","8.0","1","observed","1","1","1","0"
"2021","46150","전라남도","순천시","전라남도 순천시","0.4214386542","0.3538237677","0.7321434439","0.6001237815","11.132738259329658","8.970166589198614","2.87323140973072","1105811553.0","127186000.0","16173.375892291644","27.0","1","observed","1","1","1","0"
"2021","46170","전라남도","나주시","전라남도 나주시","-0.4037131218","-0.4894027821","0.2647526862","0.1123795957","8.610743612743176","4.179727678218187","3.1746516066428763","31137000.0","365000.0","5672.277110452749","13.0","1","observed","1","1","1","0"
"2021","46230","전라남도","광양시","전라남도 광양시","0.5811989483","0.5173164869","0.61424158","0.4990156165","11.586646497088788","9.944685849250241","2.0221083797739903","656977600.0","127186000.0","6102.923964522085","4.0","1","observed","1","1","1","0"
"2021","46710","전라남도","담양군","전라남도 담양군","0.0893179644","0.0240704313","0.4241658052","0.2982952965","8.694188797813016","8.988930965399565","2.541080200954493","40824000.0","54820000.0","6841.480774217047","8.0","1","observed","1","1","1","0"
"2021","46720","전라남도","곡성군","전라남도 곡성군","-0.064516092","-0.1344518884","0.1838774566","0.0625695171","8.418662581570999","7.829612220267484","2.0142744069461784","62766370.0","34820000.0","13856.200914443738","9.0","1","observed","1","1","1","0"
"2021","46730","전라남도","구례군","전라남도 구례군","0.2666742945","0.200221632","0.4538216203","0.3329148817","9.987683254876334","8.990836409540291","2.2056006257316403","188579105.0","69588000.0","8667.978140066773","7.0","1","observed","1","1","1","0"
"2021","46770","전라남도","고흥군","전라남도 고흥군","0.0986508784","0.0297300081","0.4588789805","0.3286137462","9.29516940002879","8.26015033281068","2.6486149173606828","157450000.0","55920000.0","14465.777648107836","19.0","1","observed","1","1","1","0"
"2021","46780","전라남도","보성군","전라남도 보성군","0.3655797489","0.294833615","0.7906835577","0.6504035409","11.243630485720379","8.260697695919893","3.2362251157062194","687712000.0","34820000.0","9002.551430183286","22.0","1","observed","1","1","1","0"
"2021","46790","전라남도","화순군","전라남도 화순군","-0.0825095575","-0.1495887913","0.2652786856","0.1403283576","7.883782529914476","8.381502360144667","2.370152906454934","38293000.0","63000000.0","14434.435947538572","14.0","1","observed","1","1","1","0"
"2021","46800","전라남도","장흥군","전라남도 장흥군","-0.0331557391","-0.1059644681","0.4805960321","0.3404828901","9.040038197578907","7.29289942586465","3.063159697089404","66158000.0","11523000.0","7845.039923837177","16.0","1","observed","1","1","1","0"
"2021","46810","전라남도","강진군","전라남도 강진군","-0.3073669852","-0.3931425604","0.1225058868","-0.0171175395","9.229452733904106","4.295600089733252","2.390096994431686","51399000.0","365000.0","5043.091938395875","5.0","1","observed","1","1","1","0"
"2021","46820","전라남도","해남군","전라남도 해남군","-0.0362458571","-0.1071132357","0.4015721298","0.2675538789","8.734009579026601","7.6806057329248505","2.7708285946397697","82950000.0","28920000.0","13358.391245633997","20.0","1","observed","1","1","1","0"
"2021","46830","전라남도","영암군","전라남도 영암군","-1.0235009219","-1.125647061","-0.5135446622","-0.657309545","7.141606532875261","0.0","1.7749336313383284","5153000.0","0.0","4081.724653842929","2.0","1","observed","1","1","1","0"
"2021","46840","전라남도","무안군","전라남도 무안군","0.2867638655","0.2198863832","-0.1125557305","-0.1984371048","10.176762435625383","8.932839020481858","0.0","120808820.0","34820000.0","4596.247383391287","0.0","1","observed","1","1","1","0"
"2021","46860","전라남도","함평군","전라남도 함평군","0.0566908348","-0.0123194043","0.3191957305","0.1955564854","9.044429966216812","8.184086927036214","2.223164141238073","41135000.0","17398000.0","4856.425663227921","4.0","1","observed","1","1","1","0"
"2021","46870","전라남도","영광군","전라남도 영광군","-0.0338050935","-0.1043994432","0.2078489586","0.0859253924","8.709056360495095","7.739108031054879","2.027727334187789","45905000.0","17398000.0","7579.430460326911","5.0","1","observed","1","1","1","0"
"2021","46880","전라남도","장성군","전라남도 장성군","0.1978413085","0.129463023","0.3847393814","0.2636608573","9.83898724685571","8.50685628287826","2.116148565766635","154126000.0","40670000.0","8220.177598957907","6.0","1","observed","1","1","1","0"
"2021","46890","전라남도","완도군","전라남도 완도군","-0.732870108","-0.8370065365","-0.1971809142","-0.349119205","9.263516914825319","0.0","2.243887834243545","125092000.0","0.0","11862.50584303562","10.0","1","observed","1","1","1","0"
"2021","46900","전라남도","진도군","전라남도 진도군","-0.0169696995","-0.0904635211","0.3469615976","0.2151787733","9.242986524647469","7.176952752004484","2.513693368965396","91017000.0","11523000.0","8810.215049660734","10.0","1","observed","1","1","1","0"
"2021","46910","전라남도","신안군","전라남도 신안군","-0.0514281014","-0.126807163","-0.3365152951","-0.4295661356","9.304548249257786","6.748656719425811","0.0","148609000.0","11523000.0","13526.04030475707","0.0","1","observed","1","1","1","0"
"2021","47111","경상북도","포항시 남구","경상북도 포항시 남구","","","","","","","2.246008206817554","","","7100.643607480449","6.0","0","city_district_granularity","0","0","1","0"
"2021","47113","경상북도","포항시 북구","경상북도 포항시 북구","","","","","","","1.8561665880829172","","","14817.122223133076","8.0","0","city_district_granularity","0","0","1","0"
"2021","47130","경상북도","경주시","경상북도 경주시","-0.3440274037","-0.4508266935","-0.0763908096","-0.2208556891","12.102477312217937","0.0","1.7205436797009086","5109727986.0","0.0","28337.47015444826","13.0","1","observed","1","1","1","0"
"2021","47150","경상북도","김천시","경상북도 김천시","-0.5528013377","-0.658170908","-0.0789021844","-0.2311737268","10.578208181521777","0.0","2.23870957927755","468532000.0","0.0","11931.440384511488","10.0","1","observed","1","1","1","0"
"2021","47170","경상북도","안동시","경상북도 안동시","0.3637951755","0.292679456","0.39353984","0.2770826695","11.286965364936242","8.183606911334149","1.72972963660268","4127015650.0","185246000.0","51733.848193588514","24.0","1","observed","1","1","1","0"
"2021","47190","경상북도","구미시","경상북도 구미시","-0.3788934801","-0.4854540011","0.0683245215","-0.0862769132","11.847918311745813","0.0","2.3592350011614758","1604650000.0","0.0","11478.836825550194","11.0","1","observed","1","1","1","0"
"2021","47210","경상북도","영주시","경상북도 영주시","-0.4448579946","-0.5509667794","-0.1375422808","-0.2821296842","11.366308029945731","0.0","1.7427675739036346","1282650000.0","0.0","14852.116160437025","7.0","1","observed","1","1","1","0"
"2021","47230","경상북도","영천시","경상북도 영천시","0.1783700498","0.1074542822","0.1590127085","0.048977478","10.091106580979597","7.967588703879145","1.3059096891478061","537928000.0","64322000.0","22296.16894665656","6.0","1","observed","1","1","1","0"
"2021","47250","경상북도","상주시","경상북도 상주시","0.1420463499","0.0717589358","0.2607627892","0.1434277001","9.769866644719787","8.044234447147334","1.7849256849720763","317549000.0","56528000.0","18148.318667156007","9.0","1","observed","1","1","1","0"
"2021","47280","경상북도","문경시","경상북도 문경시","-0.6274540796","-0.7323124152","-0.2380570289","-0.3834886397","10.033164709058466","0.0","1.8219160492877242","351382000.0","0.0","15433.00565900347","8.0","1","observed","1","1","1","0"
"2021","47290","경상북도","경산시","경상북도 경산시","-0.5319421285","-0.6374545462","-0.3040989657","-0.4418699126","10.730502330880654","0.0","1.3292372017497682","329201000.0","0.0","7199.008602562052","2.0","1","observed","1","1","1","0"
"2021","47730","경상북도","의성군","경상북도 의성군","-0.630906331","-0.7357410249","-0.3829614781","-0.5197059098","10.007959645750352","0.0","1.2793629155501163","770187000.0","0.0","34690.78246837473","9.0","1","observed","1","1","1","0"
"2021","47750","경상북도","청송군","경상북도 청송군","-0.7237423961","-0.8279413328","-0.4470089018","-0.5833948203","9.33015880426936","0.0","1.2703614950753825","263965000.0","0.0","23417.923844075623","6.0","1","observed","1","1","1","0"
"2021","47760","경상북도","영양군","경상북도 영양군","0.0454110344","-0.026858966","0.0756681482","-0.0360190261","9.454700632660058","7.51031008076813","1.3243240444870525","323843669.0","46312000.0","25365.598498725616","7.0","1","observed","1","1","1","0"
"2021","47770","경상북도","영덕군","경상북도 영덕군","-0.5867216255","-0.6918589038","-0.3219381988","-0.4607119286","10.330554432478333","0.0","1.3998357754966866","702492490.0","0.0","22916.752166903298","7.0","1","observed","1","1","1","0"
"2021","47820","경상북도","청도군","경상북도 청도군","0.3237173976","0.2566101587","0.0316142208","-0.0616153614","10.443121279994605","8.937545064869902","0.45508327398986603","595285314.0","132074000.0","17351.933783424418","1.0","1","observed","1","1","1","0"
"2021","47830","경상북도","고령군","경상북도 고령군","-0.4733546608","-0.5792682955","-0.2639285488","-0.4019105963","11.158252418156756","0.0","1.3339706941271694","752544000.0","0.0","10729.28141560998","3.0","1","observed","1","1","1","0"
"2021","47840","경상북도","성주군","경상북도 성주군","0.3748661938","0.3090915918","0.3307570523","0.2225018116","10.568121593793109","9.277342811195219","1.4643005829927211","467732000.0","128644000.0","12031.821009921368","4.0","1","observed","1","1","1","0"
"2021","47850","경상북도","칠곡군","경상북도 칠곡군","0.3925830892","0.3284057433","0.4471424015","0.3337354905","10.443767852969398","9.624343069367548","1.862744564049055","315441000.0","139005000.0","9188.82631947143","5.0","1","observed","1","1","1","0"
"2021","47900","경상북도","예천군","경상북도 예천군","0.3357374248","0.2698574963","0.3201609603","0.2107859934","10.337546883065352","9.201972237075864","1.522797640702741","344423000.0","110634000.0","11157.493592755643","4.0","1","observed","1","1","1","0"
"2021","47920","경상북도","봉화군","경상북도 봉화군","-0.0012815499","-0.0725881292","-0.0674567462","-0.1717431654","9.018775173051042","7.640272262239096","0.898007529492073","340508000.0","85762000.0","41245.41057568431","6.0","1","observed","1","1","1","0"
"2021","47930","경상북도","울진군","경상북도 울진군","-0.7436014224","-0.847664361","-0.5015385197","-0.6353629241","9.18516704159751","0.0","1.1131050445897408","381659000.0","0.0","39142.87179708679","8.0","1","observed","1","1","1","0"
"2021","47940","경상북도","울릉군","경상북도 울릉군","0.7047252324","0.6515818198","0.1640086861","0.089359853","10.778287995336822","12.283814715959373","0.0","30304000.0","136568000.0","631.7685616189237","0.0","1","observed","1","1","1","0"
"2021","48121","경상남도","창원시 의창구","경상남도 창원시 의창구","","","","","","","1.5963960649702509","","","2541.157769968237","1.0","0","city_district_granularity","0","0","1","0"
"2021","48123","경상남도","창원시 성산구","경상남도 창원시 성산구","","","","","","","0.0","","","1329.8962312098035","0.0","0","city_district_granularity","0","0","1","0"
"2021","48125","경상남도","창원시 마산합포구","경상남도 창원시 마산합포구","","","","","","","1.5919331259994811","","","7666.286230474932","3.0","0","city_district_granularity","0","0","1","0"
"2021","48127","경상남도","창원시 마산회원구","경상남도 창원시 마산회원구","","","","","","","0.0","","","2409.5996877085054","0.0","0","city_district_granularity","0","0","1","0"
"2021","48129","경상남도","창원시 진해구","경상남도 창원시 진해구","","","","","","","0.0","","","2048.8671507068098","0.0","0","city_district_granularity","0","0","1","0"
"2021","48170","경상남도","진주시","경상남도 진주시","0.6852510472","0.625716736","0.7679323061","0.6510183907","11.599248813856036","10.96649777392635","2.345116597801898","2195436980.0","1166050000.0","20138.874936018063","19.0","1","observed","1","1","1","0"
"2021","48220","경상남도","통영시","경상남도 통영시","0.488671188","0.4247810727","0.4095138161","0.3027511502","11.005768370198693","9.815200671954962","1.4769518475728438","534559850.0","162526000.0","8876.853978771702","3.0","1","observed","1","1","1","0"
"2021","48240","경상남도","사천시","경상남도 사천시","-0.5228985231","-0.628472873","-0.1686234528","-0.3142945692","10.796530154767657","0.0","1.8217852390986427","565515000.0","0.0","11576.56059188012","6.0","1","observed","1","1","1","0"
"2021","48250","경상남도","김해시","경상남도 김해시","0.5205569802","0.4569412918","0.6238290298","0.5055990658","11.165820685994891","9.91469939747752","2.211829987347481","521410740.0","149214000.0","7377.883747532051","6.0","1","observed","1","1","1","0"
"2021","48270","경상남도","밀양시","경상남도 밀양시","0.5425113087","0.4745529289","0.3922132782","0.2858523722","11.945004411397573","9.068220980853681","1.2740790121142096","2990686000.0","168404000.0","19414.407220770867","5.0","1","observed","1","1","1","0"
"2021","48310","경상남도","거제시","경상남도 거제시","0.5585256089","0.4919159634","0.574173719","0.4584152198","11.84662916615102","9.362687878964927","1.9262351373839879","1666689570.0","139014000.0","11938.015882610049","7.0","1","observed","1","1","1","0"
"2021","48330","경상남도","양산시","경상남도 양산시","0.6540315381","0.5901081959","0.7128115532","0.5946980679","12.050805147921166","10.037138481943948","2.2131306175868555","1261517230.0","168404000.0","7367.116617292772","6.0","1","observed","1","1","1","0"
"2021","48720","경상남도","의령군","경상남도 의령군","0.2387394852","0.171584276","0.2687224458","0.1573624526","9.9156840998866","8.810358870337184","1.5717817716077338","318373624.0","105404000.0","15726.48424190443","6.0","1","observed","1","1","1","0"
"2021","48730","경상남도","함안군","경상남도 함안군","0.350593268","0.285802288","0.3766655956","0.2652883723","10.270235667670667","9.442383831890318","1.7005240652073508","257859000.0","112676000.0","8934.919910690685","4.0","1","observed","1","1","1","0"
"2021","48740","경상남도","창녕군","경상남도 창녕군","0.5387875273","0.4716145606","0.5037964924","0.391058107","11.805635037453444","9.221655190983292","1.7082002002854542","2075739000.0","156648000.0","15490.08617660588","7.0","1","observed","1","1","1","0"
"2021","48820","경상남도","고성군","경상남도 고성군","0.1797621481","0.1127053233","0.2796948676","0.165195315","9.530187302023636","8.74867470815265","1.7625238934965402","228180000.0","104432000.0","16573.00881091236","8.0","1","observed","1","1","1","0"
"2021","48840","경상남도","남해군","경상남도 남해군","0.3225413469","0.2571618501","0.3768617327","0.2638325824","10.180666223841598","9.284768198871861","1.771974476011464","270223000.0","110310000.0","10240.746279846757","5.0","1","observed","1","1","1","0"
"2021","48850","경상남도","하동군","경상남도 하동군","0.3738731818","0.3074094583","0.5031303024","0.3838380633","10.663606895882873","9.136828870580388","2.122412380718413","639980000.0","139014000.0","14963.42200096988","11.0","1","observed","1","1","1","0"
"2021","48860","경상남도","산청군","경상남도 산청군","0.0094382419","-0.057739928","0.1084103341","-0.0030996874","8.47674797477189","8.488663978636172","1.541078074079986","91578000.0","92676000.0","19075.53547598588","7.0","1","observed","1","1","1","0"
"2021","48870","경상남도","함양군","경상남도 함양군","0.0885594169","0.0221252854","0.3176056217","0.197320368","8.864588832418422","8.748295412660074","2.1372865573766107","104107122.0","92676000.0","14712.951347826713","11.0","1","observed","1","1","1","0"
"2021","48880","경상남도","거창군","경상남도 거창군","0.0005233592","-0.066244835","0.2266362865","0.1078462354","8.360149965751523","8.559115616774857","2.013485882383861","85586560.0","104432000.0","20032.73351334976","13.0","1","observed","1","1","1","0"
"2021","48890","경상남도","합천군","경상남도 합천군","0.0854023425","0.0163747717","0.1062505003","-0.0032033699","9.227586528968443","8.22028741529184","1.3405002491899676","324559000.0","118510000.0","31904.095362307948","9.0","1","observed","1","1","1","0"
"2021","50110","제주특별자치도","제주시","제주특별자치도 제주시","","","","","","","2.58993178354424","","","8922.153326506517","11.0","0","metropolitan_headquarters","0","0","1","0"
"2021","50130","제주특별자치도","서귀포시","제주특별자치도 서귀포시","","","","","","","2.6021308182395244","","","5603.38112473483","7.0","0","metropolitan_headquarters","0","0","1","0"
"2021","51110","강원특별자치도","춘천시","강원특별자치도 춘천시","0.4036473404","0.335412365","0.6663679758","0.5371308428","11.112369792942362","8.820363743334646","2.6677714001774504","1149222000.0","116129000.0","17154.16297742794","23.0","1","observed","1","1","1","0"
"2021","51130","강원특별자치도","원주시","강원특별자치도 원주시","0.2218063951","0.1546908951","0.256659168","0.1453320368","9.8033113636834","8.794962885491739","1.5686699679779208","190435000.0","69468000.0","10525.597147904828","4.0","1","observed","1","1","1","0"
"2021","51150","강원특별자치도","강릉시","강원특별자치도 강릉시","-0.0928169642","-0.1652540034","0.1231041932","0.0024462485","8.609893014688016","7.285452885445071","1.8539023245238584","152785000.0","40613000.0","27856.777072684443","15.0","1","observed","1","1","1","0"
"2021","51170","강원특별자치도","동해시","강원특별자치도 동해시","0.0874658038","0.0230956488","-0.2450498138","-0.3296309277","8.553015767575804","9.163521806405099","0.0","22054000.0","40613000.0","4256.411709665215","0.0","1","observed","1","1","1","0"
"2021","51190","강원특별자치도","태백시","강원특별자치도 태백시","0.0206828734","-0.0435512925","0.3639565698","0.239530744","8.112869694179956","9.09863749182749","2.485649091204353","15152000.0","40613000.0","4541.774632373664","5.0","1","observed","1","1","1","0"
"2021","51210","강원특별자치도","속초시","강원특별자치도 속초시","0.2284592823","0.1670343618","0.4868845245","0.3659918746","9.005087886649367","9.953149805589897","2.4292218377690054","15736000.0","40613000.0","1932.358474645644","2.0","1","observed","1","1","1","0"
"2021","51230","강원특별자치도","삼척시","강원특별자치도 삼척시","-0.1333353266","-0.2066380836","-0.0625684271","-0.1743067069","8.482830253798811","7.054629903165257","1.2496446010249294","194050000.0","46491000.0","40175.11991586007","10.0","1","observed","1","1","1","0"
"2021","51720","강원특별자치도","홍천군","강원특별자치도 홍천군","-0.7547351361","-0.8587218292","-0.2913128577","-0.4383559399","9.103879230181406","0.0","1.9410375393456452","316412834.0","0.0","35199.612925457855","21.0","1","observed","1","1","1","0"
"2021","51730","강원특별자치도","횡성군","강원특별자치도 횡성군","0.0443109469","-0.0234984727","0.1585617216","0.0450422303","8.789288586059202","8.409427127468955","1.643625564878293","125783000.0","86024000.0","19166.754866355743","8.0","1","observed","1","1","1","0"
"2021","51750","강원특별자치도","영월군","강원특별자치도 영월군","0.078175176","0.0054105135","-0.0051591169","-0.1108755985","9.73381447350208","7.455736148851022","0.9339334771855288","437108000.0","44772000.0","25898.378414212697","4.0","1","observed","1","1","1","0"
"2021","51760","강원특별자치도","평창군","강원특별자치도 평창군","-0.2462955911","-0.3161147101","0.0303963686","-0.0893256685","7.258028505506142","7.601820884694786","1.8895585409986961","32832000.0","46312000.0","23146.3052386974","13.0","1","observed","1","1","1","0"
"2021","51770","강원특별자치도","정선군","강원특별자치도 정선군","0.0180284119","-0.0529574198","0.1491152491","0.0327156439","9.092886290024525","7.731734796211012","1.673249168810969","225892000.0","57892000.0","25407.34911033557","11.0","1","observed","1","1","1","0"
"2021","51780","강원특별자치도","철원군","강원특별자치도 철원군","0.4814650925","0.4222591637","0.851393885","0.7208512726","10.268939216866906","10.75102319044399","3.1774753233979083","25078000.0","40613000.0","870.090303707032","2.0","1","observed","1","1","1","0"
"2021","51790","강원특별자치도","화천군","강원특별자치도 화천군","-0.0443467811","-0.1098289855","0.3195448796","0.1941050787","7.888068710704415","8.756727723707575","2.4806237095005588","17034000.0","40613000.0","6393.444566121614","7.0","1","observed","1","1","1","0"
"2021","51800","강원특별자치도","양구군","강원특별자치도 양구군","-1.1566804524","-1.2161244531","-0.7596863558","-0.8630066923","0.0","8.437861065465315","1.1860075587410859","0.0","40613000.0","8795.137061745016","2.0","1","observed","1","1","1","0"
"2021","51810","강원특별자치도","인제군","강원특별자치도 인제군","-0.2141507537","-0.2859627907","-0.1502975348","-0.2590927563","7.754426616841638","7.243877003587006","1.1204067398161321","67689000.0","40613000.0","29040.20587588721","6.0","1","observed","1","1","1","0"
"2021","51820","강원특별자치도","고성군","강원특별자치도 고성군","0.1236401075","0.0582130226","0.4526593893","0.3264038659","8.936584493813601","9.000135415725381","2.5627401173732203","38112000.0","40613000.0","5011.982153953566","6.0","1","observed","1","1","1","0"
"2021","51830","강원특별자치도","양양군","강원특별자치도 양양군","-0.0639478938","-0.1334673584","0.1129455963","-0.0037166942","8.360775688139977","7.914459656529627","1.7430918246907","63468000.0","40613000.0","14846.2799125014","7.0","1","observed","1","1","1","0"
"2022","11110","서울특별시","종로구","서울특별시 종로구","-0.0947528005","-0.2510390442","","","13.922443891740963","0.0","","255750000.0","0.0","229.8134676458469","0.0","1","observed","1","0","0","1"
"2022","11140","서울특별시","중구","서울특별시 중구","1.6142710865","1.5526317922","","","15.78191292965125","14.522806093176277","","41982000.0","11919000.0","5.8757794482012455","0.0","1","observed","1","0","0","1"
"2022","11170","서울특별시","용산구","서울특별시 용산구","-2.0016623643","-2.1948253444","","","0.0","0.0","","0.0","0.0","97.8213309668874","0.0","1","observed","1","0","0","1"
"2022","11200","서울특별시","성동구","서울특별시 성동구","1.8570149572","1.8062651884","","","16.486254227610228","15.98346256481023","","38225000.0","23120000.0","2.645198610084122","0.0","1","observed","1","0","0","1"
"2022","11215","서울특별시","광진구","서울특별시 광진구","-2.0016623643","-2.1948253444","","","0.0","0.0","","0.0","0.0","118.83692312121298","0.0","1","observed","1","0","0","1"
"2022","11230","서울특별시","동대문구","서울특별시 동대문구","-2.0016623643","-2.1948253444","","","0.0","0.0","","0.0","0.0","10.298102799391469","0.0","1","observed","1","0","0","1"
"2022","11260","서울특별시","중랑구","서울특별시 중랑구","-2.0016623643","-2.1948253444","","","0.0","0.0","","0.0","0.0","75.07549589800855","1.0","1","observed","1","0","0","1"
"2022","11290","서울특별시","성북구","서울특별시 성북구","-2.0016623643","-2.1948253444","","","0.0","0.0","","0.0","0.0","145.335774548254","0.0","1","observed","1","0","0","1"
"2022","11305","서울특별시","강북구","서울특별시 강북구","-2.0016623643","-2.1948253444","","","0.0","0.0","","0.0","0.0","116.54644819477348","0.0","1","observed","1","0","0","1"
"2022","11320","서울특별시","도봉구","서울특별시 도봉구","-0.481010807","-0.6447666942","","","11.102354504827543","0.0","","4874000.0","0.0","73.48535136777946","0.0","1","observed","1","0","0","1"
"2022","11350","서울특별시","노원구","서울특별시 노원구","-2.0016623643","-2.1948253444","","","0.0","0.0","","0.0","0.0","333.7072077334258","0.0","1","observed","1","0","0","1"
"2022","11380","서울특별시","은평구","서울특별시 은평구","0.8757537906","0.790958145","","","11.919770482215561","12.430442943175617","","35883000.0","59796000.0","238.89171620206912","1.0","1","observed","1","0","0","1"
"2022","11410","서울특별시","서대문구","서울특별시 서대문구","0.940644892","0.85380983","","","12.961422891922737","11.653738983716618","","42005000.0","11360000.0","98.67964301884513","0.0","1","observed","1","0","0","1"
"2022","11440","서울특별시","마포구","서울특별시 마포구","1.7738149493","1.7139230996","","","17.177378872530742","14.207369739066726","","232229000.0","11914000.0","8.051477974569195","0.0","1","observed","1","0","0","1"
"2022","11470","서울특별시","양천구","서울특별시 양천구","-2.0016623643","-2.1948253444","","","0.0","0.0","","0.0","0.0","8.976266248884023","0.0","1","observed","1","0","0","1"
"2022","11500","서울특별시","강서구","서울특별시 강서구","1.4542779751","1.3827627549","","","15.782871105339714","12.923828653863264","","207838000.0","11914000.0","29.06104223806912","1.0","1","observed","1","0","0","1"
"2022","11530","서울특별시","구로구","서울특별시 구로구","1.7679781719","1.70785762","","","17.154730855644523","14.180060881158157","","323984000.0","16544000.0","11.48996297675872","0.0","1","observed","1","0","0","1"
"2022","11545","서울특별시","금천구","서울특별시 금천구","1.4823009261","1.4135419741","","","15.605755126082146","13.445907981922133","","141899000.0","16367000.0","23.685691596715643","1.0","1","observed","1","0","0","1"
"2022","11560","서울특별시","영등포구","서울특별시 영등포구","","","","","","","","0.0","0.0","0.0","0.0","1","observed","0","0","0","1"
"2022","11590","서울특별시","동작구","서울특별시 동작구","1.3481189876","1.2769505158","","","14.594134124319984","13.489609381018244","","35957000.0","11915000.0","16.505615771295272","0.0","1","observed","1","0","0","1"
"2022","11620","서울특별시","관악구","서울특별시 관악구","-2.0016623643","-2.1948253444","","","0.0","0.0","","0.0","0.0","307.4659134273305","1.0","1","observed","1","0","0","1"
"2022","11650","서울특별시","서초구","서울특별시 서초구","1.4606792113","1.3899372938","","","15.717642755103983","13.076965034164228","","496601000.0","35414000.0","74.11773473902872","0.0","1","observed","1","0","0","1"
"2022","11680","서울특별시","강남구","서울특별시 강남구","-2.0016623643","-2.1948253444","","","0.0","0.0","","0.0","0.0","14.617439325667457","0.0","1","observed","1","0","0","1"
"2022","11710","서울특별시","송파구","서울특별시 송파구","1.4868025277","1.4217126267","","","15.021150741333308","14.290439785023652","","48010000.0","23120000.0","14.37900905630627","0.0","1","observed","1","0","0","1"
"2022","11740","서울특별시","강동구","서울특별시 강동구","1.3982925689","1.329233816","","","14.764035703996488","13.758256082773897","","63211000.0","23120000.0","24.482377619817925","0.0","1","observed","1","0","0","1"
"2022","26110","부산광역시","중구","부산광역시 중구","-2.0016623643","-2.1948253444","","","0.0","0.0","","0.0","0.0","1.906190096631038","0.0","1","observed","1","0","0","1"
"2022","26140","부산광역시","서구","부산광역시 서구","0.6433609624","0.5544409714","","","10.159315430161765","12.517626231886176","","4459000.0","47147000.0","172.63134516067018","0.0","1","observed","1","0","0","1"
"2022","26170","부산광역시","동구","부산광역시 동구","0.738003546","0.6524226795","","","10.59020229360127","12.873376888828263","","4807000.0","47147000.0","120.95355330492292","0.0","1","observed","1","0","0","1"
"2022","26200","부산광역시","영도구","부산광역시 영도구","1.0335111203","0.9527913497","","","12.894858386765883","12.67212914307019","","117820000.0","94295000.0","295.8382103460892","0.0","1","observed","1","0","0","1"
"2022","26230","부산광역시","부산진구","부산광역시 부산진구","0.5783108546","0.4846190396","","","10.29010547423202","11.689160593574005","","11637000.0","47147000.0","395.29357985161545","0.0","1","observed","1","0","0","1"
"2022","26260","부산광역시","동래구","부산광역시 동래구","0.706922837","0.6173374739","","","10.949971834607004","12.070942954251267","","15368000.0","47147000.0","269.8439172239675","1.0","1","observed","1","0","0","1"
"2022","26290","부산광역시","남구","부산광역시 남구","0.8309169644","0.7420209853","","","12.149769032114415","11.668133863896164","","76318000.0","47147000.0","403.6933829853463","0.0","1","observed","1","0","0","1"
"2022","26320","부산광역시","북구","부산광역시 북구","0.4636364205","0.3674619543","","","9.498546488080656","11.626676098852911","","11226000.0","94295000.0","841.5719818660857","0.0","1","observed","1","0","0","1"
"2022","26350","부산광역시","해운대구","부산광역시 해운대구","0.2409539855","0.137669534","","","8.356027862474775","10.965657256617627","","6935000.0","94295000.0","1629.9404391041692","0.0","1","observed","1","0","0","1"
"2022","26380","부산광역시","사하구","부산광역시 사하구","-0.3176814776","-0.4782788235","","","12.294830261237284","0.0","","109240000.0","0.0","499.8120704551127","0.0","1","observed","1","0","0","1"
"2022","26410","부산광역시","금정구","부산광역시 금정구","0.5658977843","0.4701634978","","","10.510181561683916","11.264201441530995","","66543000.0","141441000.0","1813.84577795654","1.0","1","observed","1","0","0","1"
"2022","26440","부산광역시","강서구","부산광역시 강서구","0.667351864","0.5743678479","","","11.115014004447179","11.450060512263844","","101173000.0","141441000.0","1506.1972314866955","0.0","1","observed","1","0","0","1"
"2022","26470","부산광역시","연제구","부산광역시 연제구","0.8840958897","0.8026909238","","","11.423994550144725","13.191832252788231","","8048000.0","47147000.0","87.96601540319242","1.0","1","observed","1","0","0","1"
"2022","26500","부산광역시","수영구","부산광역시 수영구","-0.1576617205","-0.3151645273","","","13.463142661048822","0.0","","62602000.0","0.0","89.04719818289425","0.0","1","observed","1","0","0","1"
"2022","26530","부산광역시","사상구","부산광역시 사상구","0.4737872872","0.3768298712","","","9.741463654100588","11.395796624337594","","9015000.0","47147000.0","530.0628352872448","0.0","1","observed","1","0","0","1"
"2022","26710","부산광역시","기장군","부산광역시 기장군","0.7125757819","0.6180474857","","","11.862160319307174","10.879767129653803","","713040000.0","266969000.0","5028.5895226531065","5.0","1","observed","1","0","0","1"
"2022","27110","대구광역시","중구","대구광역시 중구","","","","","","","","0.0","0.0","0.0","0.0","1","observed","0","0","0","1"
"2022","27140","대구광역시","동구","대구광역시 동구","-2.0016623643","-2.1948253444","","","0.0","0.0","","0.0","0.0","4979.1214587478935","0.0","1","observed","1","0","0","1"
"2022","27170","대구광역시","서구","대구광역시 서구","1.1927710455","1.1184584328","","","13.48405527867761","13.456613781903165","","23496000.0","22860000.0","32.729829073412375","0.0","1","observed","1","0","0","1"
"2022","27200","대구광역시","남구","대구광역시 남구","-2.0016623643","-2.1948253444","","","0.0","0.0","","0.0","0.0","291.15089042200844","0.0","1","observed","1","0","0","1"
"2022","27230","대구광역시","북구","대구광역시 북구","0.4786400016","0.3764804007","","","10.689832237345021","10.147145303875824","","100162600.0","58212000.0","2281.289110924714","0.0","1","observed","1","0","0","1"
"2022","27260","대구광역시","수성구","대구광역시 수성구","0.1927426144","0.0843241972","","","8.728318636648826","9.975033497198602","","6714000.0","23360000.0","1087.4043091273204","0.0","1","observed","1","0","0","1"
"2022","27290","대구광역시","달서구","대구광역시 달서구","0.5153739394","0.4162275988","","","10.561053842014061","10.690098581394178","","31072000.0","35352000.0","804.9576875048305","0.0","1","observed","1","0","0","1"
"2022","27710","대구광역시","달성군","대구광역시 달성군","0.5349567159","0.428592704","","","12.013504560730151","8.899092426352702","","1568578050.0","69643000.0","9508.456564949429","1.0","1","observed","1","0","0","1"
"2022","27720","대구광역시","군위군","대구광역시 군위군","","","","","","","","","","18006.959544148078","4.0","0","administrative_history","0","0","0","1"
"2022","28110","인천광역시","중구","인천광역시 중구","-0.5865104211","-0.7523065108","","","10.332096446046856","0.0","","28060000.0","0.0","913.9645250586208","0.0","1","observed","1","0","0","1"
"2022","28140","인천광역시","동구","인천광역시 동구","","","","","","","","0.0","0.0","0.0","0.0","1","observed","0","0","0","1"
"2022","28177","인천광역시","미추홀구","인천광역시 미추홀구","0.1813524363","0.0304056488","","","15.938302294594438","0.0","","147969000.0","0.0","17.711447384754308","0.0","1","observed","1","0","0","1"
"2022","28185","인천광역시","연수구","인천광역시 연수구","-0.1821804044","-0.3401573653","","","13.284130500531647","0.0","","22634000.0","0.0","38.50680424275977","0.0","1","observed","1","0","0","1"
"2022","28200","인천광역시","남동구","인천광역시 남동구","1.0089638369","0.9286413304","","","12.56532547867322","12.87771491749311","","17099000.0","23369000.0","59.69262942462092","0.0","1","observed","1","0","0","1"
"2022","28237","인천광역시","부평구","인천광역시 부평구","-0.2021408407","-0.3605038061","","","13.138398338019469","0.0","","17677000.0","0.0","34.791689392013495","0.0","1","observed","1","0","0","1"
"2022","28245","인천광역시","계양구","인천광역시 계양구","-0.124249947","-0.2811066208","","","13.7070837220893","0.0","","30609000.0","0.0","34.114483621966656","0.0","1","observed","1","0","0","1"
"2022","28260","인천광역시","서구","인천광역시 서구","1.1628338749","1.0857557413","","","13.642409177427632","12.941080760420363","","47122000.0","23369000.0","56.02749502255566","1.0","1","observed","1","0","0","1"
"2022","28710","인천광역시","강화군","인천광역시 강화군","1.1942503827","1.1118120396","","","14.900515008493043","11.534055296278686","","677141000.0","23369000.0","228.8062122056636","0.0","1","observed","1","0","0","1"
"2022","28720","인천광역시","옹진군","인천광역시 옹진군","0.3963920153","0.2933780088","","","9.962437456210704","10.320707246026526","","114324000.0","163583000.0","5389.2244303518055","0.0","1","observed","1","0","0","1"
"2022","29110","광주광역시","동구","광주광역시 동구","0.1669973265","0.0565808038","","","8.798963324108158","9.621322279190153","","5191000.0","11815000.0","783.3851705913617","0.0","1","observed","1","0","0","1"
"2022","29140","광주광역시","서구","광주광역시 서구","-0.4750284699","-0.6386686679","","","11.146031852271385","0.0","","8537000.0","0.0","123.21154994624592","1.0","1","observed","1","0","0","1"
"2022","29155","광주광역시","남구","광주광역시 남구","-0.5157227414","-0.6801499048","","","10.848920902472596","0.0","","22007000.0","0.0","427.50657390169727","0.0","1","observed","1","0","0","1"
"2022","29170","광주광역시","북구","광주광역시 북구","-0.6606352649","-0.8278648165","","","9.79090718442134","0.0","","22758000.0","0.0","1273.56593173623","0.0","1","observed","1","0","0","1"
"2022","29200","광주광역시","광산구","광주광역시 광산구","0.4608112919","0.3558014793","","","10.991554552489339","9.556436609364066","","148882000.0","35445000.0","2507.7140869856285","0.0","1","observed","1","0","0","1"
"2022","30110","대전광역시","동구","대전광역시 동구","0.7576614142","0.6594807518","","","12.971231554269954","9.813078182657701","","280999000.0","11943000.0","653.689482043021","0.0","1","observed","1","0","0","1"
"2022","30140","대전광역시","중구","대전광역시 중구","-0.4481098873","-0.6112295207","","","11.342565795860994","0.0","","30931000.0","0.0","366.7628803788808","0.0","1","observed","1","0","0","1"
"2022","30170","대전광역시","서구","대전광역시 서구","0.6143001438","0.5144397168","","","11.736195062245562","10.070687676249404","","63161000.0","11943000.0","505.2283558195524","0.0","1","observed","1","0","0","1"
"2022","30200","대전광역시","유성구","대전광역시 유성구","0.6392902317","0.5398718657","","","11.925752722165596","10.0609716758404","","150867000.0","23373000.0","998.4090954221718","0.0","1","observed","1","0","0","1"
"2022","30230","대전광역시","대덕구","대전광역시 대덕구","0.958506634","0.8736999882","","","12.80171439881688","12.050541325426584","","46508000.0","21943000.0","128.17842723143983","0.0","1","observed","1","0","0","1"
"2022","31110","울산광역시","중구","울산광역시 중구","0.8773966394","0.7867453484","","","12.946647907232574","11.042359690396815","","317344290.0","47261000.0","756.6133129264339","1.0","1","observed","1","0","0","1"
"2022","31140","울산광역시","남구","울산광역시 남구","0.6746313225","0.5824852631","","","11.047980097666837","11.614436197812719","","26822000.0","47261000.0","426.9935150962376","1.0","1","observed","1","0","0","1"
"2022","31170","울산광역시","동구","울산광역시 동구","-0.3039806691","-0.4643130622","","","12.394860562160869","0.0","","212918000.0","0.0","881.4438051486518","0.0","1","observed","1","0","0","1"
"2022","31200","울산광역시","북구","울산광역시 북구","-0.2760302284","-0.4358221024","","","12.598928153781312","0.0","","941049000.0","0.0","3176.645326950111","0.0","1","observed","1","0","0","1"
"2022","31710","울산광역시","울주군","울산광역시 울주군","-0.3387721445","-0.4997773519","","","12.14084622749518","0.0","","2847479000.0","0.0","15197.086151383684","19.0","1","observed","1","0","0","1"
"2022","36110","세종특별자치시","세종시","세종특별자치시","","","","","","","","","","1192.393472679509","0.0","0","metropolitan_headquarters","0","0","0","1"
"2022","41111","경기도","수원시 장안구","경기도 수원시 장안구","","","","","","","","","","85.05865042808178","0.0","0","city_district_granularity","0","0","0","1"
"2022","41113","경기도","수원시 권선구","경기도 수원시 권선구","","","","","","","","","","170.43992340554186","0.0","0","city_district_granularity","0","0","0","1"
"2022","41115","경기도","수원시 팔달구","경기도 수원시 팔달구","","","","","","","","","","25.619779523619485","0.0","0","city_district_granularity","0","0","0","1"
"2022","41117","경기도","수원시 영통구","경기도 수원시 영통구","","","","","","","","","","23.33984101400128","0.0","0","city_district_granularity","0","0","0","1"
"2022","41131","경기도","성남시 수정구","경기도 성남시 수정구","","","","","","","","","","69.33698790199168","0.0","0","city_district_granularity","0","0","0","1"
"2022","41133","경기도","성남시 중원구","경기도 성남시 중원구","","","","","","","","","","35.30985662800179","0.0","0","city_district_granularity","0","0","0","1"
"2022","41135","경기도","성남시 분당구","경기도 성남시 분당구","","","","","","","","","","85.3753791350048","0.0","0","city_district_granularity","0","0","0","1"
"2022","41150","경기도","의정부시","경기도 의정부시","1.0045813775","0.9204976458","","","13.16708608957828","12.010907809204758","","145752000.0","45866000.0","278.75490754903177","0.0","1","observed","1","0","0","1"
"2022","41171","경기도","안양시 만안구","경기도 안양시 만안구","","","","","","","","","","290.4824929770212","0.0","0","city_district_granularity","0","0","0","1"
"2022","41173","경기도","안양시 동안구","경기도 안양시 동안구","","","","","","","","","","126.58462253451908","0.0","0","city_district_granularity","0","0","0","1"
"2022","41190","경기도","부천시","경기도 부천시","-2.0016623643","-2.1948253444","","","0.0","0.0","","0.0","0.0","36.07376757388423","0.0","1","observed","1","0","0","1"
"2022","41210","경기도","광명시","경기도 광명시","-2.0016623643","-2.1948253444","","","0.0","0.0","","0.0","0.0","47.751851686935886","0.0","1","observed","1","0","0","1"
"2022","41220","경기도","평택시","경기도 평택시","0.7052213646","0.6110320738","","","11.725510310900138","10.993227009083304","","98597000.0","47406000.0","797.155022334108","0.0","1","observed","1","0","0","1"
"2022","41250","경기도","동두천시","경기도 동두천시","-0.1202624311","-0.2770419923","","","13.736196779043032","0.0","","560324000.0","0.0","606.5760119078079","0.0","1","observed","1","0","0","1"
"2022","41271","경기도","안산시 상록구","경기도 안산시 상록구","","","","","","","","","","65.74016284349608","1.0","0","city_district_granularity","0","0","0","1"
"2022","41273","경기도","안산시 단원구","경기도 안산시 단원구","","","","","","","","","","785.9610641501805","2.0","0","city_district_granularity","0","0","0","1"
"2022","41281","경기도","고양시 덕양구","경기도 고양시 덕양구","","","","","","","","","","370.53883386907233","0.0","0","city_district_granularity","0","0","0","1"
"2022","41285","경기도","고양시 일산동구","경기도 고양시 일산동구","","","","","","","","","","41.36806591457648","0.0","0","city_district_granularity","0","0","0","1"
"2022","41287","경기도","고양시 일산서구","경기도 고양시 일산서구","","","","","","","","","","0.7017427118900311","0.0","0","city_district_granularity","0","0","0","1"
"2022","41290","경기도","과천시","경기도 과천시","0.6556076167","0.5512151179","","","12.9567320651837","8.81381580713604","","97013000.0","1540000.0","228.97798033787456","1.0","1","observed","1","0","0","1"
"2022","41310","경기도","구리시","경기도 구리시","0.9552589786","0.8727823662","","","12.365521515946314","12.614703731246152","","36950000.0","47406000.0","157.52102674362388","0.0","1","observed","1","0","0","1"
"2022","41360","경기도","남양주시","경기도 남양주시","-0.2480951066","-0.4073467577","","","12.80288390146152","0.0","","1234726000.0","0.0","3398.9905566784173","3.0","1","observed","1","0","0","1"
"2022","41370","경기도","오산시","경기도 오산시","-0.147219213","-0.3045200775","","","13.53938394048047","0.0","","115799000.0","0.0","152.6249897117882","0.0","1","observed","1","0","0","1"
"2022","41390","경기도","시흥시","경기도 시흥시","1.0970226397","1.0175320851","","","13.358386896309346","12.67236484293783","","94139000.0","47406000.0","148.69506341349708","0.0","1","observed","1","0","0","1"
"2022","41410","경기도","군포시","경기도 군포시","1.3751519836","1.3050650237","","","14.695187727362184","13.621342982400133","","134232000.0","45866000.0","55.69514009589484","0.0","1","observed","1","0","0","1"
"2022","41430","경기도","의왕시","경기도 의왕시","1.1626262257","1.0845076445","","","13.81955504904272","12.69671992697696","","140972000.0","45866000.0","140.40313129075045","0.0","1","observed","1","0","0","1"
"2022","41450","경기도","하남시","경기도 하남시","1.1586130103","1.0797043469","","","13.913071657826645","12.528739330931769","","193245000.0","48406000.0","175.28244093285812","0.0","1","observed","1","0","0","1"
"2022","41461","경기도","용인시 처인구","경기도 용인시 처인구","","","","","","","","","","1871.168329400662","5.0","0","city_district_granularity","0","0","0","1"
"2022","41463","경기도","용인시 기흥구","경기도 용인시 기흥구","","","","","","","","","","265.3250570898551","1.0","0","city_district_granularity","0","0","0","1"
"2022","41465","경기도","용인시 수지구","경기도 용인시 수지구","","","","","","","","","","64.75556915074613","0.0","0","city_district_granularity","0","0","0","1"
"2022","41480","경기도","파주시","경기도 파주시","1.060624875","0.9778003602","","","13.546023178582523","12.05226698849278","","508964000.0","114276000.0","666.3839299289901","0.0","1","observed","1","0","0","1"
"2022","41500","경기도","이천시","경기도 이천시","0.9218305498","0.8347896414","","","12.79682307432581","11.690989516663214","","203588000.0","67374000.0","563.8501907868078","2.0","1","observed","1","0","0","1"
"2022","41550","경기도","안성시","경기도 안성시","0.4268683816","0.3160255737","","","11.636085362808588","8.335945348152434","","253326000.0","9340000.0","2239.731414104747","3.0","1","observed","1","0","0","1"
"2022","41570","경기도","김포시","경기도 김포시","1.2401249833","1.1654132217","","","14.056453902305615","13.146597676663681","","117755000.0","47406000.0","92.54209632369115","0.0","1","observed","1","0","0","1"
"2022","41590","경기도","화성시","경기도 화성시","0.6479013793","0.549004367","","","11.927457409897011","10.144629739391275","","281916000.0","47406000.0","1862.488747841874","4.0","1","observed","1","0","0","1"
"2022","41610","경기도","광주시","경기도 광주시","1.026186456","0.9385854908","","","14.003155380184864","11.083137883441184","","2197454000.0","118513000.0","1821.49105044998","3.0","1","observed","1","0","0","1"
"2022","41630","경기도","양주시","경기도 양주시","0.6167046833","0.519082814","","","11.375880041379586","10.587511804265066","","199030000.0","90475000.0","2282.6619265557097","0.0","1","observed","1","0","0","1"
"2022","41650","경기도","포천시","경기도 포천시","-0.3821513624","-0.543995458","","","11.82413234721397","0.0","","1200339000.0","0.0","8793.295475278816","1.0","1","observed","1","0","0","1"
"2022","41670","경기도","여주시","경기도 여주시","0.6202652084","0.5206247951","","","11.761705111143385","10.095363110559783","","258063000.0","48756000.0","2012.2665157198671","2.0","1","observed","1","0","0","1"
"2022","41800","경기도","연천군","경기도 연천군","-0.3023081851","-0.4626082349","","","12.407071453056417","0.0","","185309000.0","0.0","757.8366768140754","0.0","1","observed","1","0","0","1"
"2022","41820","경기도","가평군","경기도 가평군","0.2852780921","0.1708407264","","","10.749958023629292","8.134026945968447","","648688000.0","47406000.0","13912.26135818054","5.0","1","observed","1","0","0","1"
"2022","41830","경기도","양평군","경기도 양평군","0.3130473059","0.20150035","","","10.54702008219578","8.688889900798316","","379430000.0","59169000.0","9968.514694343256","4.0","1","observed","1","0","0","1"
"2022","43111","충청북도","청주시 상당구","충청북도 청주시 상당구","","","","","","","","","","3613.758899540233","5.0","0","city_district_granularity","0","0","0","1"
"2022","43112","충청북도","청주시 서원구","충청북도 청주시 서원구","","","","","","","","","","230.14578093534456","4.0","0","city_district_granularity","0","0","0","1"
"2022","43113","충청북도","청주시 흥덕구","충청북도 청주시 흥덕구","","","","","","","","","","223.1686568895516","5.0","0","city_district_granularity","0","0","0","1"
"2022","43114","충청북도","청주시 청원구","충청북도 청주시 청원구","","","","","","","","","","550.4044811024319","7.0","0","city_district_granularity","0","0","0","1"
"2022","43130","충청북도","충주시","충청북도 충주시","0.5982339303","0.4986821346","","","11.512134078174107","10.216707276656352","","819308000.0","224305000.0","8199.648523044925","15.0","1","observed","1","0","0","1"
"2022","43150","충청북도","제천시","충청북도 제천시","0.1896828466","0.0702277912","","","10.598293880835659","7.386862558154327","","582968000.0","23479000.0","14550.40245467359","12.0","1","observed","1","0","0","1"
"2022","43720","충청북도","보은군","충청북도 보은군","0.0406344049","-0.0746296616","","","8.290765642119158","9.054557276018027","","31148000.0","66865000.0","7814.574598259538","6.0","1","observed","1","0","0","1"
"2022","43730","충청북도","옥천군","충청북도 옥천군","0.2029728839","0.0899654637","","","9.628174284493296","8.84643410111873","","51312000.0","23479000.0","3378.971883572288","4.0","1","observed","1","0","0","1"
"2022","43740","충청북도","영동군","충청북도 영동군","0.2560311754","0.1450119397","","","9.849704066992546","9.073273768568043","","187904000.0","86439000.0","9914.865239475444","11.0","1","observed","1","0","0","1"
"2022","43745","충청북도","증평군","충청북도 증평군","0.6551975779","0.5643636643","","","10.61511901988767","12.012409773859078","","16184000.0","65453000.0","397.19970138900186","2.0","1","observed","1","0","0","1"
"2022","43750","충청북도","진천군","충청북도 진천군","0.5403870669","0.4382538225","","","11.34194741957193","9.87182625567718","","214243000.0","49252000.0","2541.9477273386938","7.0","1","observed","1","0","0","1"
"2022","43760","충청북도","괴산군","충청북도 괴산군","-0.0462874834","-0.1702591992","","","8.867421282707355","7.39786072148852","","102119000.0","23479000.0","14391.153990482631","13.0","1","observed","1","0","0","1"
"2022","43770","충청북도","음성군","충청북도 음성군","0.4524910785","0.3495501634","","","10.546431842717833","10.082158791402977","","104128000.0","65453000.0","2737.29617381496","7.0","1","observed","1","0","0","1"
"2022","43800","충청북도","단양군","충청북도 단양군","0.3083058858","0.1963375779","","","10.569230124604768","8.611165514040877","","612568000.0","86439000.0","15740.087561425558","4.0","1","observed","1","0","0","1"
"2022","44131","충청남도","천안시 동남구","충청남도 천안시 동남구","","","","","","","","","","2325.6917806718807","4.0","0","city_district_granularity","0","0","0","1"
"2022","44133","충청남도","천안시 서북구","충청남도 천안시 서북구","","","","","","","","","","436.4870181585085","0.0","0","city_district_granularity","0","0","0","1"
"2022","44150","충청남도","공주시","충청남도 공주시","0.3169256433","0.2043373006","","","10.767780907437253","8.425677738182983","","368113550.0","35378000.0","7755.380725208731","14.0","1","observed","1","0","0","1"
"2022","44180","충청남도","보령시","충청남도 보령시","0.3797359191","0.2682162778","","","11.251521744496975","8.391265970043701","","824082090.0","47172000.0","10702.92074265134","4.0","1","observed","1","0","0","1"
"2022","44200","충청남도","아산시","충청남도 아산시","0.6722248409","0.5687910813","","","12.968181341923085","8.964093394256025","","1313805000.0","23962000.0","3065.6482770789075","7.0","1","observed","1","0","0","1"
"2022","44210","충청남도","서산시","충청남도 서산시","0.1805664632","0.0640440586","","","9.995808897659709","8.119863017124795","","231414000.0","35446000.0","10550.785236923291","1.0","1","observed","1","0","0","1"
"2022","44230","충청남도","논산시","충청남도 논산시","0.4082133701","0.3012367912","","","10.771228547181268","9.33254768518597","","149133000.0","35378000.0","3131.105860516684","8.0","1","observed","1","0","0","1"
"2022","44250","충청남도","계룡시","충청남도 계룡시","0.3735612554","0.2675735513","","","10.232251414032142","9.723690775040303","","19611000.0","11793000.0","705.8380134960702","0.0","1","observed","1","0","0","1"
"2022","44270","충청남도","당진시","충청남도 당진시","0.3301727777","0.2174081235","","","10.939052467283249","8.323708788638005","","322552000.0","23587000.0","5725.815167799704","5.0","1","observed","1","0","0","1"
"2022","44710","충청남도","금산군","충청남도 금산군","0.3080701145","0.1968271538","","","10.441686169869069","8.783256512023598","","185795000.0","35378000.0","5423.504617296192","14.0","1","observed","1","0","0","1"
"2022","44760","충청남도","부여군","충청남도 부여군","0.4844733679","0.3748828723","","","12.032818587013587","8.368557054761206","","892405000.0","22861000.0","5306.129720142454","8.0","1","observed","1","0","0","1"
"2022","44770","충청남도","서천군","충청남도 서천군","-0.3930461502","-0.5551009345","","","11.744588945825468","0.0","","646243000.0","0.0","5126.124211757943","4.0","1","observed","1","0","0","1"
"2022","44790","충청남도","청양군","충청남도 청양군","-0.4095271764","-0.5719006787","","","11.624260133918312","0.0","","871286000.0","0.0","7794.936628082405","8.0","1","observed","1","0","0","1"
"2022","44800","충청남도","홍성군","충청남도 홍성군","-2.0016623643","-2.1948253444","","","0.0","0.0","","0.0","0.0","5617.60171561943","8.0","1","observed","1","0","0","1"
"2022","44810","충청남도","예산군","충청남도 예산군","0.3392749423","0.2240755832","","","11.455549481923201","7.7081744533340695","","515715000.0","12155000.0","5461.757776130451","5.0","1","observed","1","0","0","1"
"2022","44825","충청남도","태안군","충청남도 태안군","-0.4951393324","-0.6591684438","","","10.999201421036714","0.0","","788654000.0","0.0","13182.606456834488","0.0","1","observed","1","0","0","1"
"2022","45111","전라북도","전주시 완산구","전라북도 전주시 완산구","","","","","","","","","","379.4364065134406","0.0","0","city_district_granularity","0","0","0","1"
"2022","45113","전라북도","전주시 덕진구","전라북도 전주시 덕진구","","","","","","","","","","101.55860282424392","0.0","0","city_district_granularity","0","0","0","1"
"2022","45130","전라북도","군산시","전라북도 군산시","-0.3534888883","-0.5147786951","","","12.03339853122266","0.0","","383727000.0","0.0","2280.270445598689","1.0","1","observed","1","0","0","1"
"2022","45140","전라북도","익산시","전라북도 익산시","0.3159356544","0.2099583292","","","9.61763407149132","9.988879313514166","","32440000.0","47024000.0","2158.859307501767","0.0","1","observed","1","0","0","1"
"2022","45180","전라북도","정읍시","전라북도 정읍시","0.039377502","-0.0796436299","","","8.925048369982548","8.17448010631753","","72644000.0","34290000.0","9664.029867106516","14.0","1","observed","1","0","0","1"
"2022","45190","전라북도","남원시","전라북도 남원시","-0.1730250652","-0.2978104113","","","7.659866223758896","7.783884733721823","","41537000.0","47024000.0","19588.5484573884","16.0","1","observed","1","0","0","1"
"2022","45210","전라북도","김제시","전라북도 김제시","0.3172724182","0.2100614887","","","9.844500940072644","9.691935979653797","","41080000.0","35267000.0","2178.918741083423","0.0","1","observed","1","0","0","1"
"2022","45710","전라북도","완주군","전라북도 완주군","0.2305204759","0.1180818765","","","9.823079026971923","8.854943596431523","","95440000.0","36244000.0","5171.838412920555","0.0","1","observed","1","0","0","1"
"2022","45720","전라북도","진안군","전라북도 진안군","0.1085787936","-0.0066858621","","","9.01343214716928","8.744628773755139","","46145000.0","35267000.0","5619.448431190315","7.0","1","observed","1","0","0","1"
"2022","45730","전라북도","무주군","전라북도 무주군","-0.6785230428","-0.8460985169","","","9.660307606695943","0.0","","105376000.0","0.0","6719.719048604017","14.0","1","observed","1","0","0","1"
"2022","45740","전라북도","장수군","전라북도 장수군","-0.0889752997","-0.2086663816","","","7.675548123701714","8.601744363538328","","13577000.0","34290000.0","6303.143541141484","16.0","1","observed","1","0","0","1"
"2022","45750","전라북도","임실군","전라북도 임실군","0.1875802251","0.0753602693","","","9.328734221461628","9.10227775560431","","106008000.0","84524000.0","9418.016078596747","7.0","1","observed","1","0","0","1"
"2022","45770","전라북도","순창군","전라북도 순창군","0.1655037501","0.0523427126","","","9.256183893274537","8.981054507661506","","92875000.0","70534000.0","8872.187754812434","3.0","1","observed","1","0","0","1"
"2022","45790","전라북도","고창군","전라북도 고창군","0.1289021577","0.0099905194","","","9.858237242823492","7.792111642314443","","185667000.0","23511000.0","9713.581866755305","2.0","1","observed","1","0","0","1"
"2022","45800","전라북도","부안군","전라북도 부안군","0.1435704671","0.0292770226","","","9.21813734461512","8.81406938427628","","70441000.0","47024000.0","6990.084484343518","0.0","1","observed","1","0","0","1"
"2022","46110","전라남도","목포시","전라남도 목포시","0.5027305574","0.4037303876","","","10.401398712779601","10.782208399179408","","16020000.0","23445000.0","486.86173800170303","0.0","1","observed","1","0","0","1"
"2022","46130","전라남도","여수시","전라남도 여수시","0.7365598871","0.641922671","","","12.135998741253065","10.744732423221603","","2061003000.0","512687000.0","11053.089008457988","8.0","1","observed","1","0","0","1"
"2022","46150","전라남도","순천시","전라남도 순천시","0.3653335281","0.2546994615","","","10.94570041849168","8.665726117348985","","917171000.0","93800000.0","16173.375892291644","28.0","1","observed","1","0","0","1"
"2022","46170","전라남도","나주시","전라남도 나주시","-0.2751392927","-0.4148321774","","","9.14370430339577","4.734701420183288","","53060500.0","640000.0","5672.277110452749","14.0","1","observed","1","0","0","1"
"2022","46230","전라남도","광양시","전라남도 광양시","0.5793977382","0.4770365544","","","11.796104914718523","9.640217201253538","","810061440.0","93800000.0","6102.923964522085","4.0","1","observed","1","0","0","1"
"2022","46710","전라남도","담양군","전라남도 담양군","0.0287812642","-0.0877080762","","","8.375926461412366","8.819716818965986","","29694000.0","46285000.0","6841.480774217047","8.0","1","observed","1","0","0","1"
"2022","46720","전라남도","곡성군","전라남도 곡성군","-0.0775714055","-0.2019936763","","","8.612395125952766","7.43427051383833","","76187000.0","23445000.0","13856.200914443738","9.0","1","observed","1","0","0","1"
"2022","46730","전라남도","구례군","전라남도 구례군","0.2718810296","0.1591444596","","","10.314298817036375","8.59610899095314","","261424610.0","46890000.0","8667.978140066773","7.0","1","observed","1","0","0","1"
"2022","46770","전라남도","고흥군","전라남도 고흥군","0.0647396626","-0.0564845292","","","9.574533412543431","7.539424238794332","","208199000.0","27192000.0","14465.777648107836","20.0","1","observed","1","0","0","1"
"2022","46780","전라남도","보성군","전라남도 보성군","0.2851645369","0.1695851477","","","10.945614385539818","7.865288414402967","","510479000.0","23445000.0","9002.551430183286","22.0","1","observed","1","0","0","1"
"2022","46790","전라남도","화순군","전라남도 화순군","-0.0080098372","-0.1266513984","","","8.3556694518077","8.48003253558095","","61393000.0","69525000.0","14434.435947538572","16.0","1","observed","1","0","0","1"
"2022","46800","전라남도","장흥군","전라남도 장흥군","0.0828428953","-0.0360655675","","","9.367865604933657","8.002865614926804","","91827000.0","23445000.0","7845.039923837177","17.0","1","observed","1","0","0","1"
"2022","46810","전라남도","강진군","전라남도 강진군","-0.3117689326","-0.4516756473","","","8.791021219570684","4.851297749949054","","33153000.0","640000.0","5043.091938395875","5.0","1","observed","1","0","0","1"
"2022","46820","전라남도","해남군","전라남도 해남군","-0.1179852216","-0.2430339395","","","8.290596289396406","7.470837399849419","","53236000.0","23445000.0","13358.391245633997","25.0","1","observed","1","0","0","1"
"2022","46830","전라남도","영암군","전라남도 영암군","-0.1119804078","-0.2348249645","","","7.974498267829932","7.963136514992881","","11857000.0","11723000.0","4081.724653842929","2.0","1","observed","1","0","0","1"
"2022","46840","전라남도","무안군","전라남도 무안군","0.0658856858","-0.051083664","","","8.853263919456309","8.537368371789505","","32156220.0","23445000.0","4596.247383391287","1.0","1","observed","1","0","0","1"
"2022","46860","전라남도","함평군","전라남도 함평군","0.1438761695","0.0281815422","","","9.462926704141235","8.482316944195013","","62514370.0","23445000.0","4856.425663227921","4.0","1","observed","1","0","0","1"
"2022","46870","전라남도","영광군","전라남도 영광군","0.1104848539","-0.0077430151","","","9.544506281802784","8.037297705188447","","105860000.0","23445000.0","7579.430460326911","4.0","1","observed","1","0","0","1"
"2022","46880","전라남도","장성군","전라남도 장성군","0.2723302217","0.1598272776","","","10.278802978114943","8.649143189862022","","239273000.0","46890000.0","8220.177598957907","5.0","1","observed","1","0","0","1"
"2022","46890","전라남도","완도군","전라남도 완도군","-0.7383403476","-0.9070725975","","","9.223578416321512","0.0","","120194000.0","0.0","11862.50584303562","10.0","1","observed","1","0","0","1"
"2022","46900","전라남도","진도군","전라남도 진도군","0.0823433388","-0.0370665604","","","9.448991480162064","7.886919029906923","","111840000.0","23446000.0","8810.215049660734","11.0","1","observed","1","0","0","1"
"2022","46910","전라남도","신안군","전라남도 신안군","-0.027331187","-0.1506796619","","","8.961579561170394","7.458372552655157","","105458000.0","23445000.0","13526.04030475707","0.0","1","observed","1","0","0","1"
"2022","47111","경상북도","포항시 남구","경상북도 포항시 남구","","","","","","","","","","7100.643607480449","5.0","0","city_district_granularity","0","0","0","1"
"2022","47113","경상북도","포항시 북구","경상북도 포항시 북구","","","","","","","","","","14817.122223133076","8.0","0","city_district_granularity","0","0","0","1"
"2022","47130","경상북도","경주시","경상북도 경주시","-0.3335618417","-0.4944662898","","","12.17888691338501","0.0","","5515466189.0","0.0","28337.47015444826","13.0","1","observed","1","0","0","1"
"2022","47150","경상북도","김천시","경상북도 김천시","-0.5203796828","-0.6848969043","","","10.814920336409745","0.0","","593669000.0","0.0","11931.440384511488","12.0","1","observed","1","0","0","1"
"2022","47170","경상북도","안동시","경상북도 안동시","0.4290315264","0.3176467935","","","11.752507626335875","8.198312252457622","","6573861913.0","187991000.0","51733.848193588514","24.0","1","observed","1","0","0","1"
"2022","47190","경상북도","구미시","경상북도 구미시","-0.3287065738","-0.4895171284","","","12.214335471617936","0.0","","2314804000.0","0.0","11478.836825550194","11.0","1","observed","1","0","0","1"
"2022","47210","경상북도","영주시","경상북도 영주시","-0.444375227","-0.6074226377","","","11.369832740998062","0.0","","1287179000.0","0.0","14852.116160437025","7.0","1","observed","1","0","0","1"
"2022","47230","경상북도","영천시","경상북도 영천시","0.2792070377","0.1671579582","","","10.273697551350573","8.72479686246577","","645692000.0","137180000.0","22296.16894665656","6.0","1","observed","1","0","0","1"
"2022","47250","경상북도","상주시","경상북도 상주시","0.1371893018","0.0186076663","","","9.889481682258737","7.832131926346509","","357900000.0","45721000.0","18148.318667156007","9.0","1","observed","1","0","0","1"
"2022","47280","경상북도","문경시","경상북도 문경시","-0.5003887186","-0.6645193452","","","10.960875384781597","0.0","","888568000.0","0.0","15433.00565900347","8.0","1","observed","1","0","0","1"
"2022","47290","경상북도","경산시","경상북도 경산시","-0.5166715974","-0.6811171102","","","10.841993256731863","0.0","","368029000.0","0.0","7199.008602562052","2.0","1","observed","1","0","0","1"
"2022","47730","경상북도","의성군","경상북도 의성군","-0.6670035098","-0.8343562136","","","9.74441230426461","0.0","","591743000.0","0.0","34690.78246837473","9.0","1","observed","1","0","0","1"
"2022","47750","경상북도","청송군","경상북도 청송군","-0.7271910881","-0.8957077283","","","9.304979727977763","0.0","","257401000.0","0.0","23417.923844075623","6.0","1","observed","1","0","0","1"
"2022","47760","경상북도","영양군","경상북도 영양군","-0.0119751074","-0.1376816266","","","9.53136989016923","6.832398130774161","","349651147.0","23499000.0","25365.598498725616","8.0","1","observed","1","0","0","1"
"2022","47770","경상북도","영덕군","경상북도 영덕군","-0.6041963313","-0.7703344395","","","10.202970715057921","0.0","","618345000.0","0.0","22916.752166903298","7.0","1","observed","1","0","0","1"
"2022","47820","경상북도","청도군","경상북도 청도군","0.34654119","0.2375614266","","","10.460678787172874","9.141446105191562","","605829640.0","161950000.0","17351.933783424418","1.0","1","observed","1","0","0","1"
"2022","47830","경상북도","고령군","경상북도 고령군","-0.4075960821","-0.56993224","","","11.638359152060886","0.0","","1216303520.0","0.0","10729.28141560998","3.0","1","observed","1","0","0","1"
"2022","47840","경상북도","성주군","경상북도 성주군","0.4599346394","0.3539965896","","","11.142242804446328","9.341582024554306","","830500000.0","137180000.0","12031.821009921368","4.0","1","observed","1","0","0","1"
"2022","47850","경상북도","칠곡군","경상북도 칠곡군","0.4227571586","0.317426235","","","10.642215767475108","9.654234075132747","","384685000.0","143223000.0","9188.82631947143","5.0","1","observed","1","0","0","1"
"2022","47900","경상북도","예천군","경상북도 예천군","0.3619097462","0.2541996633","","","10.40524831778622","9.370727950921909","","368549160.0","130974000.0","11157.493592755643","4.0","1","observed","1","0","0","1"
"2022","47920","경상북도","봉화군","경상북도 봉화군","-0.1157686269","-0.242721415","","","8.64239591937439","7.011805950170232","","233692000.0","45727000.0","41245.41057568431","8.0","1","observed","1","0","0","1"
"2022","47930","경상북도","울진군","경상북도 울진군","-0.7695001022","-0.9388349345","","","8.996079460133918","0.0","","315897758.0","0.0","39142.87179708679","10.0","1","observed","1","0","0","1"
"2022","47940","경상북도","울릉군","경상북도 울릉군","0.6777015069","0.5917641341","","","10.01036624998069","13.064267583724332","","14060000.0","298055000.0","631.7685616189237","0.0","1","observed","1","0","0","1"
"2022","48121","경상남도","창원시 의창구","경상남도 창원시 의창구","","","","","","","","","","2541.157769968237","1.0","0","city_district_granularity","0","0","0","1"
"2022","48123","경상남도","창원시 성산구","경상남도 창원시 성산구","","","","","","","","","","1329.8962312098035","0.0","0","city_district_granularity","0","0","0","1"
"2022","48125","경상남도","창원시 마산합포구","경상남도 창원시 마산합포구","","","","","","","","","","7666.286230474932","3.0","0","city_district_granularity","0","0","0","1"
"2022","48127","경상남도","창원시 마산회원구","경상남도 창원시 마산회원구","","","","","","","","","","2409.5996877085054","0.0","0","city_district_granularity","0","0","0","1"
"2022","48129","경상남도","창원시 진해구","경상남도 창원시 진해구","","","","","","","","","","2048.8671507068098","0.0","0","city_district_granularity","0","0","0","1"
"2022","48170","경상남도","진주시","경상남도 진주시","0.6575873765","0.5624285981","","","11.386061369721082","10.981834887827874","","1773919460.0","1184072000.0","20138.874936018063","19.0","1","observed","1","0","0","1"
"2022","48220","경상남도","통영시","경상남도 통영시","0.5016065997","0.3990945078","","","10.994837029514187","9.959322824330918","","528748120.0","187723000.0","8876.853978771702","3.0","1","observed","1","0","0","1"
"2022","48240","경상남도","사천시","경상남도 사천시","-0.4373709371","-0.6002828955","","","11.420971418443074","0.0","","1055941000.0","0.0","11576.56059188012","5.0","1","observed","1","0","0","1"
"2022","48250","경상남도","김해시","경상남도 김해시","0.6084075605","0.5080626409","","","11.757047165192317","9.983325239950544","","941779240.0","159814000.0","7377.883747532051","6.0","1","observed","1","0","0","1"
"2022","48270","경상남도","밀양시","경상남도 밀양시","0.6981425207","0.5966116975","","","12.915775364503043","9.294580505598448","","7895380000.0","211188000.0","19414.407220770867","6.0","1","observed","1","0","0","1"
"2022","48310","경상남도","거제시","경상남도 거제시","0.5421548929","0.4379503358","","","11.717804104000606","9.375409975054792","","1465231600.0","140794000.0","11938.015882610049","8.0","1","observed","1","0","0","1"
"2022","48330","경상남도","양산시","경상남도 양산시","0.6968330421","0.5988869843","","","12.28390143689015","10.145735597612125","","1592671270.0","187723000.0","7367.116617292772","6.0","1","observed","1","0","0","1"
"2022","48720","경상남도","의령군","경상남도 의령군","0.3317134875","0.2222995976","","","10.37782682170518","9.10669783100589","","505418406.0","141766000.0","15726.48424190443","8.0","1","observed","1","0","0","1"
"2022","48730","경상남도","함안군","경상남도 함안군","0.5098618377","0.4053613264","","","11.425395794421265","9.452871314753414","","818601000.0","113864000.0","8934.919910690685","4.0","1","observed","1","0","0","1"
"2022","48740","경상남도","창녕군","경상남도 창녕군","0.535975226","0.4305465336","","","11.863104066791578","9.114970005600195","","2198525000.0","140795000.0","15490.08617660588","7.0","1","observed","1","0","0","1"
"2022","48820","경상남도","고성군","경상남도 고성군","0.2078960274","0.0941167408","","","9.81358585791201","8.642003356792777","","302945000.0","93864000.0","16573.00881091236","9.0","1","observed","1","0","0","1"
"2022","48840","경상남도","남해군","경상남도 남해군","0.3677080058","0.2622573999","","","10.077418208438946","9.877010745576678","","243714000.0","199453000.0","10240.746279846757","5.0","1","observed","1","0","0","1"
"2022","48850","경상남도","하동군","경상남도 하동군","0.5219940277","0.4164416306","","","11.735743309557478","9.149550691578552","","1869803675.0","140794000.0","14963.42200096988","11.0","1","observed","1","0","0","1"
"2022","48860","경상남도","산청군","경상남도 산청군","-0.0566119176","-0.17604531","","","7.975300486451592","8.514940634607147","","55457000.0","95144000.0","19075.53547598588","7.0","1","observed","1","0","0","1"
"2022","48870","경상남도","함양군","경상남도 함양군","-0.00866725","-0.1261296988","","","8.145420641345469","8.76103079039952","","50709000.0","93864000.0","14712.951347826713","13.0","1","observed","1","0","0","1"
"2022","48880","경상남도","거창군","경상남도 거창군","-0.0482322043","-0.167768602","","","8.082172056585339","8.452447993973038","","64811000.0","93864000.0","20032.73351334976","12.0","1","observed","1","0","0","1"
"2022","48890","경상남도","합천군","경상남도 합천군","0.0769928721","-0.0411490886","","","9.173521687459319","8.210257691984985","","307476000.0","117327000.0","31904.095362307948","8.0","1","observed","1","0","0","1"
"2022","50110","제주특별자치도","제주시","제주특별자치도 제주시","","","","","","","","","","8922.153326506517","11.0","0","metropolitan_headquarters","0","0","0","1"
"2022","50130","제주특별자치도","서귀포시","제주특별자치도 서귀포시","","","","","","","","","","5603.38112473483","7.0","0","metropolitan_headquarters","0","0","0","1"
"2022","51110","강원특별자치도","춘천시","강원특별자치도 춘천시","0.45669771","0.3485397483","","","11.49049145099788","8.832949289177476","","1677343932.0","117600000.0","17154.16297742794","23.0","1","observed","1","0","0","1"
"2022","51130","강원특별자치도","원주시","강원특별자치도 원주시","0.2154793603","0.1025616304","","","9.745715343047978","8.810557737748786","","179776000.0","70560000.0","10525.597147904828","5.0","1","observed","1","0","0","1"
"2022","51150","강원특별자치도","강릉시","강원특별자치도 강릉시","-0.1658039096","-0.2931602888","","","8.179859853745596","7.1447845110463915","","99375000.0","35280000.0","27856.777072684443","15.0","1","observed","1","0","0","1"
"2022","51170","강원특별자치도","동해시","강원특별자치도 동해시","0.4172262808","0.310330586","","","10.853134763997126","9.31052385701997","","220035000.0","47045000.0","4256.411709665215","0.0","1","observed","1","0","0","1"
"2022","51190","강원특별자치도","태백시","강원특별자치도 태백시","-0.0215761104","-0.1384532705","","","7.907246339569404","8.957882413079298","","12335000.0","35280000.0","4541.774632373664","6.0","1","observed","1","0","0","1"
"2022","51210","강원특별자치도","속초시","강원특별자치도 속초시","0.4687307674","0.3649596848","","","10.862240980899108","9.812385016224745","","100807000.0","35280000.0","1932.358474645644","2.0","1","observed","1","0","0","1"
"2022","51230","강원특별자치도","삼척시","강원특별자치도 삼척시","-0.1703979671","-0.2971956441","","","8.034693581646815","7.297456851913207","","123948000.0","59280000.0","40175.11991586007","11.0","1","observed","1","0","0","1"
"2022","51720","강원특별자치도","홍천군","강원특별자치도 홍천군","-0.6667533906","-0.8341012574","","","9.746238437488417","0.0","","601519966.0","0.0","35199.612925457855","23.0","1","observed","1","0","0","1"
"2022","51730","강원특별자치도","횡성군","강원특별자치도 횡성군","-0.0016854985","-0.12027505","","","8.413961064327154","8.463459379905652","","86415000.0","90801000.0","19166.754866355743","11.0","1","observed","1","0","0","1"
"2022","51750","강원특별자치도","영월군","강원특별자치도 영월군","0.0753520336","-0.0459326033","","","9.697811927367956","7.476786349941941","","421650000.0","45725000.0","25898.378414212697","5.0","1","observed","1","0","0","1"
"2022","51760","강원특별자치도","평창군","강원특별자치도 평창군","-0.2623956728","-0.3896149446","","","7.129005237965591","7.617516585084714","","28855000.0","47045000.0","23146.3052386974","16.0","1","observed","1","0","0","1"
"2022","51770","강원특별자치도","정선군","강원특별자치도 정선군","0.1151752031","-0.0021992113","","","9.44726651676638","8.2171323205535","","321974000.0","94080000.0","25407.34911033557","11.0","1","observed","1","0","0","1"
"2022","51780","강원특별자치도","철원군","강원특별자치도 철원군","0.7038467988","0.6080065864","","","11.995481015495601","10.610254447595866","","140972000.0","35280000.0","870.090303707032","2.0","1","observed","1","0","0","1"
"2022","51790","강원특별자치도","화천군","강원특별자치도 화천군","0.034629503","-0.0826108726","","","8.567585186411616","8.615979534904248","","33613000.0","35280000.0","6393.444566121614","6.0","1","observed","1","0","0","1"
"2022","51800","강원특별자치도","양구군","강원특별자치도 양구군","-1.141960944","-1.2820868347","","","0.0","8.584847841426221","","0.0","47045000.0","8795.137061745016","2.0","1","observed","1","0","0","1"
"2022","51810","강원특별자치도","인제군","강원특별자치도 인제군","-0.2094125625","-0.3377885882","","","7.89186542238262","7.103213027296496","","77666000.0","35280000.0","29040.20587588721","6.0","1","observed","1","0","0","1"
"2022","51820","강원특별자치도","고성군","강원특별자치도 고성군","0.0984745197","-0.0152783479","","","8.645372066096646","9.147134923318227","","28482000.0","47045000.0","5011.982153953566","6.0","1","observed","1","0","0","1"
"2022","51830","강원특별자치도","양양군","강원특별자치도 양양군","-0.0667762488","-0.1883297404","","","8.232672729196631","8.061426072882886","","55835000.0","47045000.0","14846.2799125014","7.0","1","observed","1","0","0","1"
"2023","11110","서울특별시","종로구","서울특별시 종로구","-0.1139246346","-0.3051457587","","","13.782469354025604","0.0","","222344000.0","0.0","229.8134676458469","","1","observed","1","0","0","1"
"2023","11140","서울특별시","중구","서울특별시 중구","1.6202145313","1.5114715809","","","15.784101947065235","14.579162450638563","","42074000.0","12610000.0","5.8757794482012455","","1","observed","1","0","0","1"
"2023","11170","서울특별시","용산구","서울특별시 용산구","-0.6260601873","-0.8186425093","","","10.043341588078086","0.0","","2250000.0","0.0","97.8213309668874","","1","observed","1","0","0","1"
"2023","11200","서울특별시","성동구","서울특별시 성동구","1.8952757031","1.7951198206","","","16.716940210190664","16.05001300226696","","48143000.0","24711000.0","2.645198610084122","","1","observed","1","0","0","1"
"2023","11215","서울특별시","광진구","서울특별시 광진구","-2.0016623643","-2.1979008798","","","0.0","0.0","","0.0","0.0","118.83692312121298","","1","observed","1","0","0","1"
"2023","11230","서울특별시","동대문구","서울특별시 동대문구","-2.0016623643","-2.1979008798","","","0.0","0.0","","0.0","0.0","10.298102799391469","","1","observed","1","0","0","1"
"2023","11260","서울특별시","중랑구","서울특별시 중랑구","-2.0016623643","-2.1979008798","","","0.0","0.0","","0.0","0.0","75.07549589800855","","1","observed","1","0","0","1"
"2023","11290","서울특별시","성북구","서울특별시 성북구","-2.0016623643","-2.1979008798","","","0.0","0.0","","0.0","0.0","145.335774548254","","1","observed","1","0","0","1"
"2023","11305","서울특별시","강북구","서울특별시 강북구","-2.0016623643","-2.1979008798","","","0.0","0.0","","0.0","0.0","116.54644819477348","","1","observed","1","0","0","1"
"2023","11320","서울특별시","도봉구","서울특별시 도봉구","-2.0016623643","-2.1979008798","","","0.0","0.0","","0.0","0.0","73.48535136777946","","1","observed","1","0","0","1"
"2023","11350","서울특별시","노원구","서울특별시 노원구","-2.0016623643","-2.1979008798","","","0.0","0.0","","0.0","0.0","333.7072077334258","","1","observed","1","0","0","1"
"2023","11380","서울특별시","은평구","서울특별시 은평구","0.8979547219","0.7761546659","","","12.035435653028959","12.493939636730385","","40283000.0","63716000.0","238.89171620206912","","1","observed","1","0","0","1"
"2023","11410","서울특별시","서대문구","서울특별시 서대문구","0.9378433365","0.8119903549","","","12.895977877468052","11.715274022545563","","39344000.0","12081000.0","98.67964301884513","","1","observed","1","0","0","1"
"2023","11440","서울특별시","마포구","서울특별시 마포구","1.7604302796","1.6503884661","","","17.036639620460292","14.266205404186023","","201741000.0","12636000.0","8.051477974569195","","1","observed","1","0","0","1"
"2023","11470","서울특별시","양천구","서울특별시 양천구","-2.0016623643","-2.1979008798","","","0.0","0.0","","0.0","0.0","8.976266248884023","","1","observed","1","0","0","1"
"2023","11500","서울특별시","강서구","서울특별시 강서구","1.5118013311","1.3942431451","","","16.159835035807273","12.982664218223128","","302997000.0","12636000.0","29.06104223806912","","1","observed","1","0","0","1"
"2023","11530","서울특별시","구로구","서울특별시 구로구","1.7949052745","1.6855141119","","","17.21181964574281","14.370868931187035","","343018000.0","20022000.0","11.48996297675872","","1","observed","1","0","0","1"
"2023","11545","서울특별시","금천구","서울특별시 금천구","1.481865499","1.3665708349","","","15.620529272256773","13.421352867600401","","144011000.0","15970000.0","23.685691596715643","","1","observed","1","0","0","1"
"2023","11560","서울특별시","영등포구","서울특별시 영등포구","","","","","","","","0.0","0.0","0.0","","1","observed","0","0","0","1"
"2023","11590","서울특별시","동작구","서울특별시 동작구","1.3576044112","1.2426582638","","","14.620374124862344","13.548440210097837","","36913000.0","12637000.0","16.505615771295272","","1","observed","1","0","0","1"
"2023","11620","서울특별시","관악구","서울특별시 관악구","-2.0016623643","-2.1979008798","","","0.0","0.0","","0.0","0.0","307.4659134273305","","1","observed","1","0","0","1"
"2023","11650","서울특별시","서초구","서울특별시 서초구","1.4760883176","1.3592504101","","","15.787500725762762","13.135291362457266","","532533000.0","37541000.0","74.11773473902872","","1","observed","1","0","0","1"
"2023","11680","서울특별시","강남구","서울특별시 강남구","-2.0016623643","-2.1979008798","","","0.0","0.0","","0.0","0.0","14.617439325667457","","1","observed","1","0","0","1"
"2023","11710","서울특별시","송파구","서울특별시 송파구","1.5801442203","1.4701081193","","","15.653985545748164","14.356990189804238","","90400000.0","24711000.0","14.37900905630627","","1","observed","1","0","0","1"
"2023","11740","서울특별시","강동구","서울특별시 강동구","1.4383598925","1.3251044887","","","15.007911646225711","13.824806459418797","","80669000.0","24711000.0","24.482377619817925","","1","observed","1","0","0","1"
"2023","26110","부산광역시","중구","부산광역시 중구","-2.0016623643","-2.1979008798","","","0.0","0.0","","0.0","0.0","1.906190096631038","","1","observed","1","0","0","1"
"2023","26140","부산광역시","서구","부산광역시 서구","0.8034935521","0.6819078963","","","11.282052548098246","12.581087527562696","","13704000.0","50236000.0","172.63134516067018","","1","observed","1","0","0","1"
"2023","26170","부산광역시","동구","부산광역시 동구","0.9315687166","0.8132285425","","","11.819463662483718","13.124994713887599","","16434000.0","60636000.0","120.95355330492292","","1","observed","1","0","0","1"
"2023","26200","부산광역시","영도구","부산광역시 영도구","0.9985604352","0.8783183536","","","12.593297582404952","12.735569912895446","","87147000.0","100471000.0","295.8382103460892","","1","observed","1","0","0","1"
"2023","26230","부산광역시","부산진구","부산광역시 부산진구","0.7193421087","0.5952734057","","","10.976942925125774","12.158070813355632","","23128000.0","75353000.0","395.29357985161545","","1","observed","1","0","0","1"
"2023","26260","부산광역시","동래구","부산광역시 동래구","0.7181972502","0.5939990977","","","10.98588791360975","12.13440412314296","","15930000.0","50236000.0","269.8439172239675","","1","observed","1","0","0","1"
"2023","26290","부산광역시","남구","부산광역시 남구","0.7031500265","0.5789259802","","","10.87409723527434","12.137044016989435","","21311000.0","75353000.0","403.6933829853463","","1","observed","1","0","0","1"
"2023","26320","부산광역시","북구","부산광역시 북구","0.5920960968","0.4651898423","","","10.390046041619483","11.690126465908907","","27379000.0","100472000.0","841.5719818660857","","1","observed","1","0","0","1"
"2023","26350","부산광역시","해운대구","부산광역시 해운대구","0.4627748846","0.3319943266","","","9.929162837591923","11.029107109674833","","33445000.0","100472000.0","1629.9404391041692","","1","observed","1","0","0","1"
"2023","26380","부산광역시","사하구","부산광역시 사하구","-0.2582683245","-0.4498730977","","","12.728608718858563","0.0","","168566000.0","0.0","499.8120704551127","","1","observed","1","0","0","1"
"2023","26410","부산광역시","금정구","부산광역시 금정구","0.5414449087","0.4124680645","","","10.28525120390799","11.327662173817131","","53139000.0","150708000.0","1813.84577795654","","1","observed","1","0","0","1"
"2023","26440","부산광역시","강서구","부산광역시 강서구","0.4835538428","0.3554158268","","","9.726696521781001","11.513521378293431","","25241000.0","150708000.0","1506.1972314866955","","1","observed","1","0","0","1"
"2023","26470","부산광역시","연제구","부산광역시 연제구","0.9182079578","0.8005282145","","","11.626649338550827","13.25529365888585","","9856000.0","50236000.0","87.96601540319242","","1","observed","1","0","0","1"
"2023","26500","부산광역시","수영구","부산광역시 수영구","-0.1589829959","-0.35032388","","","13.453495962306802","0.0","","62001000.0","0.0","89.04719818289425","","1","observed","1","0","0","1"
"2023","26530","부산광역시","사상구","부산광역시 사상구","0.5892992664","0.4611524796","","","10.538423762420614","11.459257453853763","","20003000.0","50236000.0","530.0628352872448","","1","observed","1","0","0","1"
"2023","26710","부산광역시","기장군","부산광역시 기장군","0.7645854429","0.632949128","","","12.359649986931254","10.718697408651082","","1172660000.0","227252000.0","5028.5895226531065","","1","observed","1","0","0","1"
"2023","27110","대구광역시","중구","대구광역시 중구","","","","","","","","0.0","0.0","0.0","","1","observed","0","0","0","1"
"2023","27140","대구광역시","동구","대구광역시 동구","-2.0016623643","-2.1979008798","","","0.0","0.0","","0.0","0.0","4979.1214587478935","","1","observed","1","0","0","1"
"2023","27170","대구광역시","서구","대구광역시 서구","1.1244324769","1.0087254347","","","12.937295891130661","13.522013062236303","","13600000.0","24405000.0","32.729829073412375","","1","observed","1","0","0","1"
"2023","27200","대구광역시","남구","대구광역시 남구","-2.0016623643","-2.1979008798","","","0.0","0.0","","0.0","0.0","291.15089042200844","","1","observed","1","0","0","1"
"2023","27230","대구광역시","북구","대구광역시 북구","0.7405283583","0.6061512196","","","12.550443536429825","10.217513430756732","","643824000.0","62456000.0","2281.289110924714","","1","observed","1","0","0","1"
"2023","27260","대구광역시","수성구","대구광역시 수성구","0.4154202554","0.2792424378","","","10.305019937243873","10.042160882588583","","32493000.0","24982000.0","1087.4043091273204","","1","observed","1","0","0","1"
"2023","27290","대구광역시","달서구","대구광역시 달서구","0.6351565668","0.5033348347","","","11.39297396388547","10.74838968341","","71396000.0","37474000.0","804.9576875048305","","1","observed","1","0","0","1"
"2023","27710","대구광역시","달성군","대구광역시 달성군","0.6020764726","0.4606815546","","","12.449881701645948","8.972495110677317","","2426740000.0","74948000.0","9508.456564949429","","1","observed","1","0","0","1"
"2023","27720","대구광역시","군위군","대구광역시 군위군","","","","","","","","","","18006.959544148078","","0","administrative_history","0","0","0","1"
"2023","28110","인천광역시","중구","인천광역시 중구","-0.5785832062","-0.7710393397","","","10.38997344659578","0.0","","29732000.0","0.0","913.9645250586208","","1","observed","1","0","0","1"
"2023","28140","인천광역시","동구","인천광역시 동구","","","","","","","","0.0","0.0","0.0","","1","observed","0","0","0","1"
"2023","28177","인천광역시","미추홀구","인천광역시 미추홀구","0.1422790525","-0.0482611114","","","15.653025528752734","0.0","","111244000.0","0.0","17.711447384754308","","1","observed","1","0","0","1"
"2023","28185","인천광역시","연수구","인천광역시 연수구","-0.1756632971","-0.3670485156","","","13.33171223313248","0.0","","23737000.0","0.0","38.50680424275977","","1","observed","1","0","0","1"
"2023","28200","인천광역시","남동구","인천광역시 남동구","1.0260869766","0.9070192057","","","12.64353527917917","12.94173429581993","","18490000.0","24914000.0","59.69262942462092","","1","observed","1","0","0","1"
"2023","28237","인천광역시","부평구","인천광역시 부평구","-0.1786386244","-0.370031751","","","13.30998921686465","0.0","","20986000.0","0.0","34.791689392013495","","1","observed","1","0","0","1"
"2023","28245","인천광역시","계양구","인천광역시 계양구","-0.1182442575","-0.3094768627","","","13.750931567374833","0.0","","31981000.0","0.0","34.114483621966656","","1","observed","1","0","0","1"
"2023","28260","인천광역시","서구","인천광역시 서구","1.1721125697","1.0537713627","","","13.663346279038816","13.005100148473149","","48119000.0","24914000.0","56.02749502255566","","1","observed","1","0","0","1"
"2023","28710","인천광역시","강화군","인천광역시 강화군","1.2106876842","1.0849339137","","","14.973717797945644","11.598074225841321","","728569000.0","24914000.0","228.8062122056636","","1","observed","1","0","0","1"
"2023","28720","인천광역시","옹진군","인천광역시 옹진군","0.5250641162","0.3910070873","","","10.855115207800159","10.384667399820437","","279148000.0","174388000.0","5389.2244303518055","","1","observed","1","0","0","1"
"2023","29110","광주광역시","동구","광주광역시 동구","0.1950142576","0.0563413439","","","8.957184039358216","9.684692276421906","","6081000.0","12588000.0","783.3851705913617","","1","observed","1","0","0","1"
"2023","29140","광주광역시","서구","광주광역시 서구","-0.4914396047","-0.6836641205","","","11.026213321541537","0.0","","7573000.0","0.0","123.21154994624592","","1","observed","1","0","0","1"
"2023","29155","광주광역시","남구","광주광역시 남구","-0.5456225204","-0.7379910482","","","10.630621092753536","0.0","","17691000.0","0.0","427.50657390169727","","1","observed","1","0","0","1"
"2023","29170","광주광역시","북구","광주광역시 북구","-0.5730472869","-0.7654887066","","","10.430391475103951","0.0","","43139000.0","0.0","1273.56593173623","","1","observed","1","0","0","1"
"2023","29200","광주광역시","광산구","광주광역시 광산구","0.632081982","0.4942237567","","","12.195736541390165","9.61972689504781","","496383010.0","37761000.0","2507.7140869856285","","1","observed","1","0","0","1"
"2023","30110","대전광역시","동구","대전광역시 동구","0.5526628315","0.4159607654","","","11.428732434152346","9.875711925802563","","60090000.0","12715000.0","653.689482043021","","1","observed","1","0","0","1"
"2023","30140","대전광역시","중구","대전광역시 중구","-0.4633147213","-0.6554644844","","","11.231554528035883","0.0","","27681000.0","0.0","366.7628803788808","","1","observed","1","0","0","1"
"2023","30170","대전광역시","서구","대전광역시 서구","0.5907588692","0.4555339848","","","11.518524443216501","10.133322174068272","","50806000.0","12715000.0","505.2283558195524","","1","observed","1","0","0","1"
"2023","30200","대전광역시","유성구","대전광역시 유성구","0.679945833","0.5449138585","","","12.175725124434608","10.125058208079569","","193712000.0","24920000.0","998.4090954221718","","1","observed","1","0","0","1"
"2023","30230","대전광역시","대덕구","대전광역시 대덕구","0.9429154973","0.8190513796","","","12.662602007703864","12.085118444056569","","40468000.0","22715000.0","128.17842723143983","","1","observed","1","0","0","1"
"2023","31110","울산광역시","중구","울산광역시 중구","0.8856615496","0.7563904228","","","12.96391655342729","11.101273026347132","","322872000.0","50129000.0","756.6133129264339","","1","observed","1","0","0","1"
"2023","31140","울산광역시","남구","울산광역시 남구","0.8444578192","0.7181327079","","","12.244817826930337","11.67334993277868","","88772000.0","50129000.0","426.9935150962376","","1","observed","1","0","0","1"
"2023","31170","울산광역시","동구","울산광역시 동구","-0.2979378843","-0.4896480947","","","12.438979241549278","0.0","","222522000.0","0.0","881.4438051486518","","1","observed","1","0","0","1"
"2023","31200","울산광역시","북구","울산광역시 북구","-0.1794858435","-0.3708812218","","","13.303803627386536","0.0","","1904305000.0","0.0","3176.645326950111","","1","observed","1","0","0","1"
"2023","31710","울산광역시","울주군","울산광역시 울주군","-0.2356771721","-0.4272219006","","","12.89354787362778","0.0","","6044438000.0","0.0","15197.086151383684","","1","observed","1","0","0","1"
"2023","36110","세종특별자치시","세종시","세종특별자치시","","","","","","","","","","1192.393472679509","","0","metropolitan_headquarters","0","0","0","1"
"2023","41111","경기도","수원시 장안구","경기도 수원시 장안구","","","","","","","","","","85.05865042808178","","0","city_district_granularity","0","0","0","1"
"2023","41113","경기도","수원시 권선구","경기도 수원시 권선구","","","","","","","","","","170.43992340554186","","0","city_district_granularity","0","0","0","1"
"2023","41115","경기도","수원시 팔달구","경기도 수원시 팔달구","","","","","","","","","","25.619779523619485","","0","city_district_granularity","0","0","0","1"
"2023","41117","경기도","수원시 영통구","경기도 수원시 영통구","","","","","","","","","","23.33984101400128","","0","city_district_granularity","0","0","0","1"
"2023","41131","경기도","성남시 수정구","경기도 성남시 수정구","","","","","","","","","","69.33698790199168","","0","city_district_granularity","0","0","0","1"
"2023","41133","경기도","성남시 중원구","경기도 성남시 중원구","","","","","","","","","","35.30985662800179","","0","city_district_granularity","0","0","0","1"
"2023","41135","경기도","성남시 분당구","경기도 성남시 분당구","","","","","","","","","","85.3753791350048","","0","city_district_granularity","0","0","0","1"
"2023","41150","경기도","의정부시","경기도 의정부시","1.0218681548","0.8980959017","","","13.255189889300313","12.063028952332122","","159176000.0","48320000.0","278.75490754903177","","1","observed","1","0","0","1"
"2023","41171","경기도","안양시 만안구","경기도 안양시 만안구","","","","","","","","","","290.4824929770212","","0","city_district_granularity","0","0","0","1"
"2023","41173","경기도","안양시 동안구","경기도 안양시 동안구","","","","","","","","","","126.58462253451908","","0","city_district_granularity","0","0","0","1"
"2023","41190","경기도","부천시","경기도 부천시","-2.0016623643","-2.1979008798","","","0.0","0.0","","0.0","0.0","36.07376757388423","","1","observed","1","0","0","1"
"2023","41210","경기도","광명시","경기도 광명시","-2.0016623643","-2.1979008798","","","0.0","0.0","","0.0","0.0","47.751851686935886","","1","observed","1","0","0","1"
"2023","41220","경기도","평택시","경기도 평택시","0.7982161496","0.668401865","","","12.368009794455666","11.043094600425343","","187456000.0","49830000.0","797.155022334108","","1","observed","1","0","0","1"
"2023","41250","경기도","동두천시","경기도 동두천시","-0.0756345667","-0.2667539202","","","14.06202709063985","0.0","","776150000.0","0.0","606.5760119078079","","1","observed","1","0","0","1"
"2023","41271","경기도","안산시 상록구","경기도 안산시 상록구","","","","","","","","","","65.74016284349608","","0","city_district_granularity","0","0","0","1"
"2023","41273","경기도","안산시 단원구","경기도 안산시 단원구","","","","","","","","","","785.9610641501805","","0","city_district_granularity","0","0","0","1"
"2023","41281","경기도","고양시 덕양구","경기도 고양시 덕양구","","","","","","","","","","370.53883386907233","","0","city_district_granularity","0","0","0","1"
"2023","41285","경기도","고양시 일산동구","경기도 고양시 일산동구","","","","","","","","","","41.36806591457648","","0","city_district_granularity","0","0","0","1"
"2023","41287","경기도","고양시 일산서구","경기도 고양시 일산서구","","","","","","","","","","0.7017427118900311","","0","city_district_granularity","0","0","0","1"
"2023","41290","경기도","과천시","경기도 과천시","0.6499576072","0.507737368","","","12.929862440216157","8.794145995140171","","94441000.0","1510000.0","228.97798033787456","","1","observed","1","0","0","1"
"2023","41310","경기도","구리시","경기도 구리시","1.0047616725","0.8841568647","","","12.690482546551308","12.664571978932042","","51138000.0","49830000.0","157.52102674362388","","1","observed","1","0","0","1"
"2023","41360","경기도","남양주시","경기도 남양주시","-0.1518394449","-0.3431613423","","","13.505651391960955","0.0","","2493327000.0","0.0","3398.9905566784173","","1","observed","1","0","0","1"
"2023","41370","경기도","오산시","경기도 오산시","-0.1067698193","-0.2979719268","","","13.8347070252058","0.0","","155583000.0","0.0","152.6249897117882","","1","observed","1","0","0","1"
"2023","41390","경기도","시흥시","경기도 시흥시","0.8128103001","0.6733285322","","","13.803243459024856","9.225821022875046","","146882000.0","1510000.0","148.69506341349708","","1","observed","1","0","0","1"
"2023","41410","경기도","군포시","경기도 군포시","1.4338146485","1.3197388281","","","15.085378810991442","13.67346437251497","","198296000.0","48320000.0","55.69514009589484","","1","observed","1","0","0","1"
"2023","41430","경기도","의왕시","경기도 의왕시","1.1110510342","0.9911788234","","","13.40489399448593","12.748841223296871","","93121000.0","48320000.0","140.40313129075045","","1","observed","1","0","0","1"
"2023","41450","경기도","하남시","경기도 하남시","1.2911195202","1.1710818439","","","14.80774881705241","12.628254665808246","","472783000.0","53471000.0","175.28244093285812","","1","observed","1","0","0","1"
"2023","41461","경기도","용인시 처인구","경기도 용인시 처인구","","","","","","","","","","1871.168329400662","","0","city_district_granularity","0","0","0","1"
"2023","41463","경기도","용인시 기흥구","경기도 용인시 기흥구","","","","","","","","","","265.3250570898551","","0","city_district_granularity","0","0","0","1"
"2023","41465","경기도","용인시 수지구","경기도 용인시 수지구","","","","","","","","","","64.75556915074613","","0","city_district_granularity","0","0","0","1"
"2023","41480","경기도","파주시","경기도 파주시","1.0845742123","0.9601805263","","","13.820891945398602","11.915475864040575","","669979000.0","99666000.0","666.3839299289901","","1","observed","1","0","0","1"
"2023","41500","경기도","이천시","경기도 이천시","1.034343598","0.9070063069","","","13.838826868586697","11.389350488627292","","577151000.0","49830000.0","563.8501907868078","","1","observed","1","0","0","1"
"2023","41550","경기도","안성시","경기도 안성시","0.4252130439","0.2797317219","","","11.653627012924359","8.295423199872928","","257809000.0","8969000.0","2239.731414104747","","1","observed","1","0","0","1"
"2023","41570","경기도","김포시","경기도 김포시","1.2281108195","1.110940557","","","13.932277171312577","13.196465991026985","","104004000.0","49830000.0","92.54209632369115","","1","observed","1","0","0","1"
"2023","41590","경기도","화성시","경기도 화성시","0.5706735855","0.4357220546","","","11.327153971106279","10.194496237607074","","154671000.0","49830000.0","1862.488747841874","","1","observed","1","0","0","1"
"2023","41610","경기도","광주시","경기도 광주시","1.082769705","0.9541924323","","","14.379747175536982","11.13309466248536","","3202371000.0","124584000.0","1821.49105044998","","1","observed","1","0","0","1"
"2023","41630","경기도","양주시","경기도 양주시","0.6659098845","0.5332631277","","","11.74163136285474","10.578619332146848","","286922000.0","89674000.0","2282.6619265557097","","1","observed","1","0","0","1"
"2023","41650","경기도","포천시","경기도 포천시","-0.3039013064","-0.4956273668","","","12.395439993054651","0.0","","2125304000.0","0.0","8793.295475278816","","1","observed","1","0","0","1"
"2023","41670","경기도","여주시","경기도 여주시","0.6895296094","0.5544808751","","","12.251477917410316","10.117151166544875","","421146000.0","49830000.0","2012.2665157198671","","1","observed","1","0","0","1"
"2023","41800","경기도","연천군","경기도 연천군","-0.1812752659","-0.3726754003","","","13.290738963321544","0.0","","448404000.0","0.0","757.8366768140754","","1","observed","1","0","0","1"
"2023","41820","경기도","가평군","경기도 가평군","0.6193140374","0.4796274251","","","12.34815758086772","9.283757691712275","","3207248000.0","149707000.0","13912.26135818054","","1","observed","1","0","0","1"
"2023","41830","경기도","양평군","경기도 양평군","0.4534067035","0.3103763745","","","11.534214483891368","8.740284604015976","","1018291000.0","62290000.0","9968.514694343256","","1","observed","1","0","0","1"
"2023","43111","충청북도","청주시 상당구","충청북도 청주시 상당구","","","","","","","","","","3613.758899540233","","0","city_district_granularity","0","0","0","1"
"2023","43112","충청북도","청주시 서원구","충청북도 청주시 서원구","","","","","","","","","","230.14578093534456","","0","city_district_granularity","0","0","0","1"
"2023","43113","충청북도","청주시 흥덕구","충청북도 청주시 흥덕구","","","","","","","","","","223.1686568895516","","0","city_district_granularity","0","0","0","1"
"2023","43114","충청북도","청주시 청원구","충청북도 청주시 청원구","","","","","","","","","","550.4044811024319","","0","city_district_granularity","0","0","0","1"
"2023","43130","충청북도","충주시","충청북도 충주시","0.5191434694","0.3791925069","","","11.616548211036365","9.284111863877111","","909482000.0","88266000.0","8199.648523044925","","1","observed","1","0","0","1"
"2023","43150","충청북도","제천시","충청북도 제천시","0.2325937627","0.0811658655","","","10.991242329825791","7.27791805195735","","863582000.0","21054000.0","14550.40245467359","","1","observed","1","0","0","1"
"2023","43720","충청북도","보은군","충청북도 보은군","0.1670348325","0.0249622685","","","9.20809933514338","9.062110236633481","","77963000.0","67372000.0","7814.574598259538","","1","observed","1","0","0","1"
"2023","43730","충청북도","옥천군","충청북도 옥천군","0.2035022044","0.0597921831","","","9.7117673024806","8.737387345481839","","55786000.0","21053000.0","3378.971883572288","","1","observed","1","0","0","1"
"2023","43740","충청북도","영동군","충청북도 영동군","0.1280685376","-0.0138456172","","","8.887742665249382","9.111159359178895","","71800000.0","89777000.0","9914.865239475444","","1","observed","1","0","0","1"
"2023","43745","충청북도","증평군","충청북도 증평군","0.6324355952","0.5073910209","","","10.44440035339179","12.018608685483859","","13644000.0","65860000.0","397.19970138900186","","1","observed","1","0","0","1"
"2023","43750","충청북도","진천군","충청북도 진천군","0.3877166952","0.2503808771","","","10.251192716115364","9.839138307912252","","71976000.0","47668000.0","2541.9477273386938","","1","observed","1","0","0","1"
"2023","43760","충청북도","괴산군","충청북도 괴산군","-0.1014933858","-0.2537507638","","","8.544049114588844","7.288867969494478","","73900000.0","21053000.0","14391.153990482631","","1","observed","1","0","0","1"
"2023","43770","충청북도","음성군","충청북도 음성군","0.5280496443","0.3924180053","","","11.093545571453864","10.088372665073754","","179962000.0","65861000.0","2737.29617381496","","1","observed","1","0","0","1"
"2023","43800","충청북도","단양군","충청북도 단양군","0.3149143994","0.1709379676","","","10.602197722191226","8.632066437785536","","633100000.0","88265000.0","15740.087561425558","","1","observed","1","0","0","1"
"2023","44131","충청남도","천안시 동남구","충청남도 천안시 동남구","","","","","","","","","","2325.6917806718807","","0","city_district_granularity","0","0","0","1"
"2023","44133","충청남도","천안시 서북구","충청남도 천안시 서북구","","","","","","","","","","436.4870181585085","","0","city_district_granularity","0","0","0","1"
"2023","44150","충청남도","공주시","충청남도 공주시","0.3150960396","0.170356215","","","10.708089977031742","8.489048520276226","","346783000.0","37693000.0","7755.380725208731","","1","observed","1","0","0","1"
"2023","44180","충청남도","보령시","충청남도 보령시","0.4141410916","0.2694807437","","","11.456379526971823","8.45464117617406","","1011440000.0","50259000.0","10702.92074265134","","1","observed","1","0","0","1"
"2023","44200","충청남도","아산시","충청남도 아산시","0.7684376897","0.6280200746","","","13.591239547644768","9.072686452308748","","2449752000.0","26711000.0","3065.6482770789075","","1","observed","1","0","0","1"
"2023","44210","충청남도","서산시","충청남도 서산시","0.2587648218","0.1100667845","","","10.818152988406629","7.775997326265402","","526672000.0","25129000.0","10550.785236923291","","1","observed","1","0","0","1"
"2023","44230","충청남도","논산시","충청남도 논산시","0.2991685569","0.1592301412","","","9.928748040756222","9.395926492761275","","64221000.0","37693000.0","3131.105860516684","","1","observed","1","0","0","1"
"2023","44250","충청남도","계룡시","충청남도 계룡시","0.4602536359","0.3228330743","","","10.81878053714214","9.787175712301448","","35256000.0","12566000.0","705.8380134960702","","1","observed","1","0","0","1"
"2023","44270","충청남도","당진시","충청남도 당진시","0.5283903607","0.3836725056","","","12.33995925331688","8.387020740886946","","1309217000.0","25129000.0","5725.815167799704","","1","observed","1","0","0","1"
"2023","44710","충청남도","금산군","충청남도 금산군","0.3043142515","0.1614556622","","","10.367928563412722","8.846631340860426","","172584000.0","37693000.0","5423.504617296192","","1","observed","1","0","0","1"
"2023","44760","충청남도","부여군","충청남도 부여군","0.3770384074","0.2321684343","","","11.200687052704058","8.433857034087795","","388301000.0","24404000.0","5306.129720142454","","1","observed","1","0","0","1"
"2023","44770","충청남도","서천군","충청남도 서천군","-0.4237117591","-0.6157562621","","","11.520697772954257","0.0","","516607000.0","0.0","5126.124211757943","","1","observed","1","0","0","1"
"2023","44790","충청남도","청양군","충청남도 청양군","-0.3641707432","-0.556056993","","","11.955409763669305","0.0","","1213328190.0","0.0","7794.936628082405","","1","observed","1","0","0","1"
"2023","44800","충청남도","홍성군","충청남도 홍성군","-2.0016623643","-2.1979008798","","","0.0","0.0","","0.0","0.0","5617.60171561943","","1","observed","1","0","0","1"
"2023","44810","충청남도","예산군","충청남도 예산군","0.3766658349","0.2282472517","","","11.683596653150948","7.769647842055093","","647814000.0","12926000.0","5461.757776130451","","1","observed","1","0","0","1"
"2023","44825","충청남도","태안군","충청남도 태안군","-0.373275569","-0.5651860183","","","11.888934966933784","0.0","","1919982000.0","0.0","13182.606456834488","","1","observed","1","0","0","1"
"2023","45111","전라북도","전주시 완산구","전라북도 전주시 완산구","","","","","","","","","","379.4364065134406","","0","city_district_granularity","0","0","0","1"
"2023","45113","전라북도","전주시 덕진구","전라북도 전주시 덕진구","","","","","","","","","","101.55860282424392","","0","city_district_granularity","0","0","0","1"
"2023","45130","전라북도","군산시","전라북도 군산시","-0.2757608264","-0.4674120927","","","12.60089507139203","0.0","","676837000.0","0.0","2280.270445598689","","1","observed","1","0","0","1"
"2023","45140","전라북도","익산시","전라북도 익산시","0.5315192319","0.3957053149","","","11.145091407392231","10.052518783368358","","149441000.0","50114000.0","2158.859307501767","","1","observed","1","0","0","1"
"2023","45180","전라북도","정읍시","전라북도 정읍시","0.0917939175","-0.0544260244","","","9.199116283003333","8.32305225162923","","95552000.0","39784000.0","9664.029867106516","","1","observed","1","0","0","1"
"2023","45190","전라북도","남원시","전라북도 남원시","-0.1434831127","-0.2928683675","","","7.829040878161344","7.847501359433463","","49197000.0","50114000.0","19588.5484573884","","1","observed","1","0","0","1"
"2023","45210","전라북도","김제시","전라북도 김제시","0.3575468169","0.2196844247","","","10.092026191364226","9.755562916426404","","52618000.0","37584000.0","2178.918741083423","","1","observed","1","0","0","1"
"2023","45710","전라북도","완주군","전라북도 완주군","0.2549622218","0.1122107371","","","9.974989457087542","8.891243087128537","","111098350.0","37584000.0","5171.838412920555","","1","observed","1","0","0","1"
"2023","45720","전라북도","진안군","전라북도 진안군","0.0520979238","-0.0916360286","","","8.554546649592499","8.808249697589275","","29161000.0","37584000.0","5619.448431190315","","1","observed","1","0","0","1"
"2023","45730","전라북도","무주군","전라북도 무주군","-0.6775672026","-0.8702864243","","","9.667286244935527","0.0","","106114000.0","0.0","6719.719048604017","","1","observed","1","0","0","1"
"2023","45740","전라북도","장수군","전라북도 장수군","-0.0214029696","-0.1660860777","","","8.121099557961118","8.667118443480751","","21202000.0","36607000.0","6303.143541141484","","1","observed","1","0","0","1"
"2023","45750","전라북도","임실군","전라북도 임실군","0.2720602622","0.1322235691","","","9.707041358312026","9.428461504388041","","154756000.0","117126000.0","9418.016078596747","","1","observed","1","0","0","1"
"2023","45770","전라북도","순창군","전라북도 순창군","0.2549711845","0.1120654748","","","9.996169848210382","8.862363583814352","","194667000.0","62639000.0","8872.187754812434","","1","observed","1","0","0","1"
"2023","45790","전라북도","고창군","전라북도 고창군","0.1893979961","0.0431064043","","","9.95704850008801","8.261067024825246","","204951000.0","37584000.0","9713.581866755305","","1","observed","1","0","0","1"
"2023","45800","전라북도","부안군","전라북도 부안군","0.1904230441","0.045891191","","","9.724016675407096","8.5900270326196","","116827000.0","37584000.0","6990.084484343518","","1","observed","1","0","0","1"
"2023","46110","전라남도","목포시","전라남도 목포시","0.3160442042","0.1838960066","","","8.99170357856954","10.84606562207688","","3912000.0","24991000.0","486.86173800170303","","1","observed","1","0","0","1"
"2023","46130","전라남도","여수시","전라남도 여수시","0.7852920916","0.6536667155","","","12.516866694860685","10.710441244128297","","3016395000.0","495404000.0","11053.089008457988","","1","observed","1","0","0","1"
"2023","46150","전라남도","순천시","전라남도 순천시","0.3371217935","0.19372394","","","10.693213918888707","8.729340748073572","","712516000.0","99962000.0","16173.375892291644","","1","observed","1","0","0","1"
"2023","46170","전라남도","나주시","전라남도 나주시","-0.1076019455","-0.273501146","","","10.364641772468692","4.737794179321084","","179908000.0","642000.0","5672.277110452749","","1","observed","1","0","0","1"
"2023","46230","전라남도","광양시","전라남도 광양시","0.5682585371","0.4306806206","","","11.668165941992237","9.703968481573115","","712778060.0","99975000.0","6102.923964522085","","1","observed","1","0","0","1"
"2023","46710","전라남도","담양군","전라남도 담양군","0.0683411345","-0.0751393503","","","8.644352114011587","8.847622530379029","","38839000.0","47595000.0","6841.480774217047","","1","observed","1","0","0","1"
"2023","46720","전라남도","곡성군","전라남도 곡성군","-0.1128734932","-0.2640436253","","","8.307990004779393","7.498092481131889","","56189000.0","24991000.0","13856.200914443738","","1","observed","1","0","0","1"
"2023","46730","전라남도","구례군","전라남도 구례군","0.2925126719","0.1486255538","","","10.41826497760193","8.659936060861076","","290068000.0","49981000.0","8667.978140066773","","1","observed","1","0","0","1"
"2023","46770","전라남도","고흥군","전라남도 고흥군","0.0736180304","-0.0749401064","","","9.379873117130526","7.894324510815006","","171369000.0","38783000.0","14465.777648107836","","1","observed","1","0","0","1"
"2023","46780","전라남도","보성군","전라남도 보성군","0.3990702477","0.2528814982","","","11.55008443916613","8.17598323211158","","934328000.0","31991000.0","9002.551430183286","","1","observed","1","0","0","1"
"2023","46790","전라남도","화순군","전라남도 화순군","0.1243248085","-0.0210362191","","","9.330886015890561","8.467675701771286","","162822203.0","68671000.0","14434.435947538572","","1","observed","1","0","0","1"
"2023","46800","전라남도","장흥군","전라남도 장흥군","-0.037969175","-0.1859032017","","","8.439136157741407","8.066703429127482","","36272000.0","24991000.0","7845.039923837177","","1","observed","1","0","0","1"
"2023","46810","전라남도","강진군","전라남도 강진군","-0.2836748067","-0.4494192178","","","8.993874422648396","4.854393521147998","","40610000.0","642000.0","5043.091938395875","","1","observed","1","0","0","1"
"2023","46820","전라남도","해남군","전라남도 해남군","-0.1369679883","-0.2880068458","","","8.105338403212894","7.534660679193486","","44231000.0","24991000.0","13358.391245633997","","1","observed","1","0","0","1"
"2023","46830","전라남도","영암군","전라남도 영암군","0.0105284231","-0.1337878237","","","8.315630806147299","8.719914745107506","","16679000.0","24991000.0","4081.724653842929","","1","observed","1","0","0","1"
"2023","46840","전라남도","무안군","전라남도 무안군","0.4385052729","0.2964688524","","","11.283941679031596","8.933786177891394","","365554000.0","34853000.0","4596.247383391287","","1","observed","1","0","0","1"
"2023","46860","전라남도","함평군","전라남도 함평군","0.1624183179","0.0175777465","","","9.551623745379969","8.546162640052309","","68313000.0","24991000.0","4856.425663227921","","1","observed","1","0","0","1"
"2023","46870","전라남도","영광군","전라남도 영광군","0.1320400549","-0.0129222825","","","9.335446255536388","8.538481816411997","","85887714.0","38705000.0","7579.430460326911","","1","observed","1","0","0","1"
"2023","46880","전라남도","장성군","전라남도 장성군","0.3471044492","0.2048961378","","","10.606894731968485","8.947087158001167","","332189810.0","63167730.0","8220.177598957907","","1","observed","1","0","0","1"
"2023","46890","전라남도","완도군","전라남도 완도군","-0.6687434626","-0.8614392318","","","9.73170882037129","0.0","","199792000.0","0.0","11862.50584303562","","1","observed","1","0","0","1"
"2023","46900","전라남도","진도군","전라남도 진도군","0.086275305","-0.0619480199","","","9.431057632473811","7.950711663050209","","109852000.0","24991000.0","8810.215049660734","","1","observed","1","0","0","1"
"2023","46910","전라남도","신안군","전라남도 신안군","-0.0389994378","-0.1898444846","","","8.829725651336947","7.522195390129475","","92429000.0","24991000.0","13526.04030475707","","1","observed","1","0","0","1"
"2023","47111","경상북도","포항시 남구","경상북도 포항시 남구","","","","","","","","","","7100.643607480449","","0","city_district_granularity","0","0","0","1"
"2023","47113","경상북도","포항시 북구","경상북도 포항시 북구","","","","","","","","","","14817.122223133076","","0","city_district_granularity","0","0","0","1"
"2023","47130","경상북도","경주시","경상북도 경주시","-0.234262095","-0.4258030624","","","12.903879423637104","0.0","","11387899450.0","0.0","28337.47015444826","","1","observed","1","0","0","1"
"2023","47150","경상북도","김천시","경상북도 김천시","-0.4479447061","-0.6400536175","","","11.34377179212402","0.0","","1007454000.0","0.0","11931.440384511488","","1","observed","1","0","0","1"
"2023","47170","경상북도","안동시","경상북도 안동시","0.4780204231","0.330964413","","","12.273946898168065","7.9743211062261725","","11073379000.0","150255000.0","51733.848193588514","","1","observed","1","0","0","1"
"2023","47190","경상북도","구미시","경상북도 구미시","-0.2029470415","-0.394404777","","","13.132512225577752","0.0","","5797952000.0","0.0","11478.836825550194","","1","observed","1","0","0","1"
"2023","47210","경상북도","영주시","경상북도 영주시","-0.3880686481","-0.5800184158","","","11.780929942285209","0.0","","1941681000.0","0.0","14852.116160437025","","1","observed","1","0","0","1"
"2023","47230","경상북도","영천시","경상북도 영천시","0.3468250557","0.2036903878","","","10.731561133415932","8.773787511244167","","1020654000.0","144069000.0","22296.16894665656","","1","observed","1","0","0","1"
"2023","47250","경상북도","상주시","경상북도 상주시","0.3611299822","0.2170539751","","","10.970065646189436","8.59042515494632","","1054551755.0","97618000.0","18148.318667156007","","1","observed","1","0","0","1"
"2023","47280","경상북도","문경시","경상북도 문경시","-0.5033567297","-0.6956129199","","","10.939205784353634","0.0","","869519880.0","0.0","15433.00565900347","","1","observed","1","0","0","1"
"2023","47290","경상북도","경산시","경상북도 경산시","-0.5066542109","-0.6989191654","","","10.915130706178616","0.0","","395955000.0","0.0","7199.008602562052","","1","observed","1","0","0","1"
"2023","47730","경상북도","의성군","경상북도 의성군","-0.6574224795","-0.8500881588","","","9.814363894832155","0.0","","634621000.0","0.0","34690.78246837473","","1","observed","1","0","0","1"
"2023","47750","경상북도","청송군","경상북도 청송군","-0.6606846418","-0.8533589917","","","9.79054668121589","0.0","","418316000.0","0.0","23417.923844075623","","1","observed","1","0","0","1"
"2023","47760","경상북도","영양군","경상북도 영양군","0.0404979111","-0.1076164519","","","9.065263455591992","7.993892313059135","","219375840.0","75128000.0","25365.598498725616","","1","observed","1","0","0","1"
"2023","47770","경상북도","영덕군","경상북도 영덕군","-0.4857576074","-0.6779670211","","","11.067697872864272","0.0","","1468204000.0","0.0","22916.752166903298","","1","observed","1","0","0","1"
"2023","47820","경상북도","청도군","경상북도 청도군","0.4829805939","0.3431965597","","","11.316513255005386","9.333360939656504","","1425745000.0","196217000.0","17351.933783424418","","1","observed","1","0","0","1"
"2023","47830","경상북도","고령군","경상북도 고령군","-0.3508997051","-0.542750682","","","12.052302289010289","0.0","","1839994320.0","0.0","10729.28141560998","","1","observed","1","0","0","1"
"2023","47840","경상북도","성주군","경상북도 성주군","0.4662860373","0.3245978106","","","11.449214204420228","8.98515289502336","","1128904710.0","96046000.0","12031.821009921368","","1","observed","1","0","0","1"
"2023","47850","경상북도","칠곡군","경상북도 칠곡군","0.4867443357","0.3504599434","","","10.866299785438459","9.986714436225682","","481311000.0","199717000.0","9188.82631947143","","1","observed","1","0","0","1"
"2023","47900","경상북도","예천군","경상북도 예천군","0.4928372578","0.3555710994","","","11.047394214144695","9.799869601307384","","700457960.0","201174000.0","11157.493592755643","","1","observed","1","0","0","1"
"2023","47920","경상북도","봉화군","경상북도 봉화군","0.0783286536","-0.0709692728","","","9.517248480577377","7.7534720162759845","","560573000.0","96046000.0","41245.41057568431","","1","observed","1","0","0","1"
"2023","47930","경상북도","울진군","경상북도 울진군","-0.7804050161","-0.973397569","","","8.916462128491675","0.0","","291719000.0","0.0","39142.87179708679","","1","observed","1","0","0","1"
"2023","47940","경상북도","울릉군","경상북도 울릉군","-1.0101974955","-1.2038008106","","","7.238735526956368","0.0","","879000.0","0.0","631.7685616189237","","1","observed","1","0","0","1"
"2023","48121","경상남도","창원시 의창구","경상남도 창원시 의창구","","","","","","","","","","2541.157769968237","","0","city_district_granularity","0","0","0","1"
"2023","48123","경상남도","창원시 성산구","경상남도 창원시 성산구","","","","","","","","","","1329.8962312098035","","0","city_district_granularity","0","0","0","1"
"2023","48125","경상남도","창원시 마산합포구","경상남도 창원시 마산합포구","","","","","","","","","","7666.286230474932","","0","city_district_granularity","0","0","0","1"
"2023","48127","경상남도","창원시 마산회원구","경상남도 창원시 마산회원구","","","","","","","","","","2409.5996877085054","","0","city_district_granularity","0","0","0","1"
"2023","48129","경상남도","창원시 진해구","경상남도 창원시 진해구","","","","","","","","","","2048.8671507068098","","0","city_district_granularity","0","0","0","1"
"2023","48170","경상남도","진주시","경상남도 진주시","0.6856730785","0.5553843119","","","11.5703313097761","11.01026338003481","","2132859000.0","1218217000.0","20138.874936018063","","1","observed","1","0","0","1"
"2023","48220","경상남도","통영시","경상남도 통영시","0.5143853173","0.3758490479","","","11.386421720828318","9.551348007620724","","782193620.0","124832000.0","8876.853978771702","","1","observed","1","0","0","1"
"2023","48240","경상남도","사천시","경상남도 사천시","-0.3542091936","-0.5460689667","","","12.028139545044697","0.0","","1937901000.0","0.0","11576.56059188012","","1","observed","1","0","0","1"
"2023","48250","경상남도","김해시","경상남도 김해시","0.6814014616","0.5457784161","","","12.267793420534165","10.013669554224016","","1569512410.0","164738000.0","7377.883747532051","","1","observed","1","0","0","1"
"2023","48270","경상남도","밀양시","경상남도 밀양시","0.7703001726","0.6324755209","","","13.25056736565616","9.557231634920159","","11034982778.0","274629000.0","19414.407220770867","","1","observed","1","0","0","1"
"2023","48310","경상남도","거제시","경상남도 거제시","0.5674495086","0.4292689062","","","11.744465854243064","9.591532158186688","","1504823000.0","174764000.0","11938.015882610049","","1","observed","1","0","0","1"
"2023","48330","경상남도","양산시","경상남도 양산시","0.7792529278","0.6449264987","","","12.840321363106712","10.207737227458392","","2778287000.0","199731000.0","7367.116617292772","","1","observed","1","0","0","1"
"2023","48720","경상남도","의령군","경상남도 의령군","0.4758441164","0.3358512151","","","11.290404544247266","9.297806760026171","","1258886600.0","171624000.0","15726.48424190443","","1","observed","1","0","0","1"
"2023","48730","경상남도","함안군","경상남도 함안군","0.6284576889","0.4935366688","","","11.765885959684365","10.17145371546956","","1150659000.0","233604000.0","8934.919910690685","","1","observed","1","0","0","1"
"2023","48740","경상남도","창녕군","경상남도 창녕군","0.543260433","0.402801186","","","11.870980484893106","9.17694618220686","","2215910000.0","149798000.0","15490.08617660588","","1","observed","1","0","0","1"
"2023","48820","경상남도","고성군","경상남도 고성군","0.2456458091","0.101934819","","","10.034925856923914","8.716234142335528","","378003000.0","101098000.0","16573.00881091236","","1","observed","1","0","0","1"
"2023","48840","경상남도","남해군","경상남도 남해군","0.4082006898","0.2707646061","","","10.42192546123132","9.81017249743443","","343956400.0","186557000.0","10240.746279846757","","1","observed","1","0","0","1"
"2023","48850","경상남도","하동군","경상남도 하동군","0.5855906046","0.445428605","","","12.154746552463191","9.211534194749753","","2842941970.0","149798000.0","14963.42200096988","","1","observed","1","0","0","1"
"2023","48860","경상남도","산청군","경상남도 산청군","0.0100687475","-0.1387860119","","","8.933379450717393","7.8704126865631405","","144589530.0","49933000.0","19075.53547598588","","1","observed","1","0","0","1"
"2023","48870","경상남도","함양군","경상남도 함양군","-0.0266997084","-0.1705642929","","","7.968453859637184","8.823003732484382","","42482000.0","99866000.0","14712.951347826713","","1","observed","1","0","0","1"
"2023","48880","경상남도","거창군","경상남도 거창군","-0.0197857281","-0.1649290642","","","8.196495637520586","8.58014668039168","","72663000.0","106652000.0","20032.73351334976","","1","observed","1","0","0","1"
"2023","48890","경상남도","합천군","경상남도 합천군","0.1504143554","0.0040788538","","","9.664254090515973","8.272245273095521","","502286000.0","124832000.0","31904.095362307948","","1","observed","1","0","0","1"
"2023","50110","제주특별자치도","제주시","제주특별자치도 제주시","","","","","","","","","","8922.153326506517","","0","metropolitan_headquarters","0","0","0","1"
"2023","50130","제주특별자치도","서귀포시","제주특별자치도 서귀포시","","","","","","","","","","5603.38112473483","","0","metropolitan_headquarters","0","0","0","1"
"2023","51110","강원특별자치도","춘천시","강원특별자치도 춘천시","0.4830502457","0.3409333146","","","11.636394811982912","8.896545670372063","","1940831130.0","125323000.0","17154.16297742794","","1","observed","1","0","0","1"
"2023","51130","강원특별자치도","원주시","강원특별자치도 원주시","0.3107968711","0.1681024564","","","10.395143427776775","8.874143277677769","","344181000.0","75193000.0","10525.597147904828","","1","observed","1","0","0","1"
"2023","51150","강원특별자치도","강릉시","강원특별자치도 강릉시","-0.2057506542","-0.3587152245","","","7.84173582535465","7.208343916756425","","70857000.0","37597000.0","27856.777072684443","","1","observed","1","0","0","1"
"2023","51170","강원특별자치도","동해시","강원특별자치도 동해시","0.3715331981","0.2316700789","","","10.473107519744303","9.374013383833484","","150468000.0","50129000.0","4256.411709665215","","1","observed","1","0","0","1"
"2023","51190","강원특별자치도","태백시","강원특별자치도 태백시","-0.0166801555","-0.1594580106","","","7.896491394112035","9.021482509317392","","12203000.0","37597000.0","4541.774632373664","","1","observed","1","0","0","1"
"2023","51210","강원특별자치도","속초시","강원특별자치도 속초시","0.4475052521","0.3105251726","","","10.660768519163476","9.875989669791773","","82412000.0","37597000.0","1932.358474645644","","1","observed","1","0","0","1"
"2023","51230","강원특별자치도","삼척시","강원특별자치도 삼척시","-0.1687835356","-0.3206334064","","","7.972494574706645","7.398649611866027","","116471000.0","65597000.0","40175.11991586007","","1","observed","1","0","0","1"
"2023","51720","강원특별자치도","홍천군","강원특별자치도 홍천군","-0.5553523336","-0.7477467221","","","10.559583230986373","0.0","","1356736000.0","0.0","35199.612925457855","","1","observed","1","0","0","1"
"2023","51730","강원특별자치도","횡성군","강원특별자치도 횡성군","0.0341524932","-0.1123101169","","","8.790519920901277","8.306302221112004","","125938000.0","77593000.0","19166.754866355743","","1","observed","1","0","0","1"
"2023","51750","강원특별자치도","영월군","강원특별자치도 영월군","0.0683676417","-0.0820861495","","","9.599123528367251","7.542020109706749","","382023000.0","48809000.0","25898.378414212697","","1","observed","1","0","0","1"
"2023","51760","강원특별자치도","평창군","강원특별자치도 평창군","-0.1747173896","-0.3250750643","","","7.722747182141223","7.680981423311462","","52268000.0","50129000.0","23146.3052386974","","1","observed","1","0","0","1"
"2023","51770","강원특별자치도","정선군","강원특별자치도 정선군","0.16990194","0.0236634831","","","9.800339876147111","8.280717062818939","","458320000.0","100258000.0","25407.34911033557","","1","observed","1","0","0","1"
"2023","51780","강원특별자치도","철원군","강원특별자치도 철원군","0.6160253858","0.4837547385","","","11.307787154427235","10.67386095659471","","70871000.0","37597000.0","870.090303707032","","1","observed","1","0","0","1"
"2023","51790","강원특별자치도","화천군","강원특별자치도 화천군","0.1663965613","0.0222791423","","","9.48312499625839","8.679576397608685","","83979000.0","37597000.0","6393.444566121614","","1","observed","1","0","0","1"
"2023","51800","강원특별자치도","양구군","강원특별자치도 양구군","-1.1356035878","-1.2833484576","","","0.0","8.648331434493231","","0.0","50129000.0","8795.137061745016","","1","observed","1","0","0","1"
"2023","51810","강원특별자치도","인제군","강원특별자치도 인제군","-0.1309152935","-0.2840668984","","","8.440943283801518","7.1360859468273325","","134512000.0","36460000.0","29040.20587588721","","1","observed","1","0","0","1"
"2023","51820","강원특별자치도","고성군","강원특별자치도 고성군","0.3251838526","0.1852278948","","","10.130553647111498","9.379696209060485","","125787000.0","59364000.0","5011.982153953566","","1","observed","1","0","0","1"
"2023","51830","강원특별자치도","양양군","강원특별자치도 양양군","-0.0312237975","-0.1788290517","","","8.445833388863505","8.124901756655214","","69104000.0","50129000.0","14846.2799125014","","1","observed","1","0","0","1"
