연도,시도,시군구,sigungu_cd,stnId,참조관측소,거리_km,연평균기온,겨울철_평균최저기온,겨울철_자료완전성,여름철_평균기온,연강수량_mm,평균풍속_ms,GDD_솔수염하늘소_base11.9,GDD_북방수염하늘소_base8.3,SPI3_연평균,SPI3_최저월(최심가뭄),SPI3_최고월(최다습),SPI3_유효월수,연간관측일수,표고_m,표고_비고,토양수분_비고,비고
2016,강원특별자치도,강릉시,51150,105,강릉,6.95,13.84,-1.04,True,23.93,1258.2,2.29,1898.4,2740.5,-0.41,-2.18,0.89,11.0,366,,이번 산출물에서 제외(사용자 요청) - 추후 국토지리정보원 자료로 보강 필요,ASOS 일자료 조회서비스 응답 항목에 토양수분 필드 자체가 없어 변수 제외,"최근접 관측소 매칭(중심점법:exact(보정), 거리 6.95km)"
2017,강원특별자치도,강릉시,51150,105,강릉,6.95,13.97,-0.53,True,24.11,1081.9,2.51,1956.2,2786.2,-0.6,-1.64,0.63,12.0,365,,이번 산출물에서 제외(사용자 요청) - 추후 국토지리정보원 자료로 보강 필요,ASOS 일자료 조회서비스 응답 항목에 토양수분 필드 자체가 없어 변수 제외,"최근접 관측소 매칭(중심점법:exact(보정), 거리 6.95km)"
2018,강원특별자치도,강릉시,51150,105,강릉,6.95,13.76,-3.42,True,25.4,1599.4,2.43,1960.8,2796.0,0.4,-0.86,1.9,12.0,365,,이번 산출물에서 제외(사용자 요청) - 추후 국토지리정보원 자료로 보강 필요,ASOS 일자료 조회서비스 응답 항목에 토양수분 필드 자체가 없어 변수 제외,"최근접 관측소 매칭(중심점법:exact(보정), 거리 6.95km)"
2019,강원특별자치도,강릉시,51150,105,강릉,6.95,14.77,-0.8,True,24.62,1670.5,2.43,2064.0,2914.6,0.11,-1.25,1.71,12.0,365,,이번 산출물에서 제외(사용자 요청) - 추후 국토지리정보원 자료로 보강 필요,ASOS 일자료 조회서비스 응답 항목에 토양수분 필드 자체가 없어 변수 제외,"최근접 관측소 매칭(중심점법:exact(보정), 거리 6.95km)"
2020,강원특별자치도,강릉시,51150,105,강릉,6.95,14.31,1.32,True,24.52,1812.9,2.42,1860.5,2691.4,0.74,-2.52,2.27,12.0,366,,이번 산출물에서 제외(사용자 요청) - 추후 국토지리정보원 자료로 보강 필요,ASOS 일자료 조회서비스 응답 항목에 토양수분 필드 자체가 없어 변수 제외,"최근접 관측소 매칭(중심점법:exact(보정), 거리 6.95km)"
2021,강원특별자치도,강릉시,51150,105,강릉,6.95,14.63,-1.62,True,24.8,1316.4,2.22,1996.9,2904.6,-0.19,-1.69,1.75,12.0,365,,이번 산출물에서 제외(사용자 요청) - 추후 국토지리정보원 자료로 보강 필요,ASOS 일자료 조회서비스 응답 항목에 토양수분 필드 자체가 없어 변수 제외,"최근접 관측소 매칭(중심점법:exact(보정), 거리 6.95km)"
2022,강원특별자치도,강릉시,51150,105,강릉,6.95,14.79,-1.47,True,25.52,1465.5,2.26,2159.9,3051.0,0.04,-0.58,0.55,12.0,365,,이번 산출물에서 제외(사용자 요청) - 추후 국토지리정보원 자료로 보강 필요,ASOS 일자료 조회서비스 응답 항목에 토양수분 필드 자체가 없어 변수 제외,"최근접 관측소 매칭(중심점법:exact(보정), 거리 6.95km)"
2023,강원특별자치도,강릉시,51150,105,강릉,6.95,15.51,-1.11,True,25.63,1568.3,2.23,2264.5,3189.2,-0.04,-1.66,0.78,12.0,365,,이번 산출물에서 제외(사용자 요청) - 추후 국토지리정보원 자료로 보강 필요,ASOS 일자료 조회서비스 응답 항목에 토양수분 필드 자체가 없어 변수 제외,"최근접 관측소 매칭(중심점법:exact(보정), 거리 6.95km)"
2024,강원특별자치도,강릉시,51150,105,강릉,6.95,15.31,-0.34,True,26.96,1400.2,2.15,2336.1,3213.5,0.43,-1.48,2.27,12.0,366,,이번 산출물에서 제외(사용자 요청) - 추후 국토지리정보원 자료로 보강 필요,ASOS 일자료 조회서비스 응답 항목에 토양수분 필드 자체가 없어 변수 제외,"최근접 관측소 매칭(중심점법:exact(보정), 거리 6.95km)"
2025,강원특별자치도,강릉시,51150,105,강릉,6.95,15.25,-1.15,True,27.65,1256.2,2.26,2309.8,3191.2,-0.52,-2.33,1.29,12.0,365,,이번 산출물에서 제외(사용자 요청) - 추후 국토지리정보원 자료로 보강 필요,ASOS 일자료 조회서비스 응답 항목에 토양수분 필드 자체가 없어 변수 제외,"최근접 관측소 매칭(중심점법:exact(보정), 거리 6.95km)"
2016,강원특별자치도,고성군,51820,90,속초,20.12,12.85,-3.13,True,23.04,1333.8,1.88,1679.8,2483.9,-0.48,-1.99,1.0,11.0,366,,이번 산출물에서 제외(사용자 요청) - 추후 국토지리정보원 자료로 보강 필요,ASOS 일자료 조회서비스 응답 항목에 토양수분 필드 자체가 없어 변수 제외,"최근접 관측소 매칭(중심점법:exact(보정), 거리 20.12km)"
2017,강원특별자치도,고성군,51820,90,속초,20.12,13.16,-1.58,True,23.06,1208.2,1.81,1732.6,2537.7,-0.41,-1.63,0.97,12.0,365,,이번 산출물에서 제외(사용자 요청) - 추후 국토지리정보원 자료로 보강 필요,ASOS 일자료 조회서비스 응답 항목에 토양수분 필드 자체가 없어 변수 제외,"최근접 관측소 매칭(중심점법:exact(보정), 거리 20.12km)"
2018,강원특별자치도,고성군,51820,90,속초,20.12,12.68,-4.7,True,24.01,1777.0,1.85,1729.6,2519.2,0.43,-0.82,1.61,12.0,365,,이번 산출물에서 제외(사용자 요청) - 추후 국토지리정보원 자료로 보강 필요,ASOS 일자료 조회서비스 응답 항목에 토양수분 필드 자체가 없어 변수 제외,"최근접 관측소 매칭(중심점법:exact(보정), 거리 20.12km)"
2019,강원특별자치도,고성군,51820,90,속초,20.12,13.83,-2.38,True,23.51,1355.5,1.86,1813.3,2632.8,-0.26,-1.26,0.77,12.0,365,,이번 산출물에서 제외(사용자 요청) - 추후 국토지리정보원 자료로 보강 필요,ASOS 일자료 조회서비스 응답 항목에 토양수분 필드 자체가 없어 변수 제외,"최근접 관측소 매칭(중심점법:exact(보정), 거리 20.12km)"
2020,강원특별자치도,고성군,51820,90,속초,20.12,13.31,-0.01,True,23.17,2085.8,2.05,1636.2,2430.8,0.94,-2.59,2.43,12.0,366,,이번 산출물에서 제외(사용자 요청) - 추후 국토지리정보원 자료로 보강 필요,ASOS 일자료 조회서비스 응답 항목에 토양수분 필드 자체가 없어 변수 제외,"최근접 관측소 매칭(중심점법:exact(보정), 거리 20.12km)"
2021,강원특별자치도,고성군,51820,90,속초,20.12,13.25,-3.24,True,23.44,1199.7,1.96,1718.6,2547.7,-0.47,-1.79,1.62,12.0,365,,이번 산출물에서 제외(사용자 요청) - 추후 국토지리정보원 자료로 보강 필요,ASOS 일자료 조회서비스 응답 항목에 토양수분 필드 자체가 없어 변수 제외,"최근접 관측소 매칭(중심점법:exact(보정), 거리 20.12km)"
2022,강원특별자치도,고성군,51820,90,속초,20.12,12.92,-3.45,True,23.3,1637.3,1.94,1737.2,2563.5,0.26,-0.59,1.07,12.0,365,,이번 산출물에서 제외(사용자 요청) - 추후 국토지리정보원 자료로 보강 필요,ASOS 일자료 조회서비스 응답 항목에 토양수분 필드 자체가 없어 변수 제외,"최근접 관측소 매칭(중심점법:exact(보정), 거리 20.12km)"
2023,강원특별자치도,고성군,51820,90,속초,20.12,13.69,-3.48,True,24.17,1768.8,1.89,1867.8,2706.0,0.14,-1.17,1.06,12.0,365,,이번 산출물에서 제외(사용자 요청) - 추후 국토지리정보원 자료로 보강 필요,ASOS 일자료 조회서비스 응답 항목에 토양수분 필드 자체가 없어 변수 제외,"최근접 관측소 매칭(중심점법:exact(보정), 거리 20.12km)"
2024,강원특별자치도,고성군,51820,90,속초,20.12,14.14,-2.26,True,25.61,1234.1,2.25,2040.3,2882.5,0.15,-1.58,1.65,12.0,366,,이번 산출물에서 제외(사용자 요청) - 추후 국토지리정보원 자료로 보강 필요,ASOS 일자료 조회서비스 응답 항목에 토양수분 필드 자체가 없어 변수 제외,"최근접 관측소 매칭(중심점법:exact(보정), 거리 20.12km)"
2025,강원특별자치도,고성군,51820,90,속초,20.12,13.92,-2.23,True,25.67,1390.6,2.42,1938.3,2763.9,-0.33,-1.66,1.72,12.0,365,,이번 산출물에서 제외(사용자 요청) - 추후 국토지리정보원 자료로 보강 필요,ASOS 일자료 조회서비스 응답 항목에 토양수분 필드 자체가 없어 변수 제외,"최근접 관측소 매칭(중심점법:exact(보정), 거리 20.12km)"
2016,강원특별자치도,동해시,51170,106,동해,6.02,14.2,0.06,True,23.43,924.5,1.98,1832.6,2703.6,-0.63,-2.28,0.53,11.0,366,,이번 산출물에서 제외(사용자 요청) - 추후 국토지리정보원 자료로 보강 필요,ASOS 일자료 조회서비스 응답 항목에 토양수분 필드 자체가 없어 변수 제외,"최근접 관측소 매칭(중심점법:exact(보정), 거리 6.02km)"
2017,강원특별자치도,동해시,51170,106,동해,6.02,14.13,0.74,True,23.37,985.7,2.13,1829.8,2657.6,-0.48,-1.52,0.87,12.0,365,,이번 산출물에서 제외(사용자 요청) - 추후 국토지리정보원 자료로 보강 필요,ASOS 일자료 조회서비스 응답 항목에 토양수분 필드 자체가 없어 변수 제외,"최근접 관측소 매칭(중심점법:exact(보정), 거리 6.02km)"
2018,강원특별자치도,동해시,51170,106,동해,6.02,13.22,-2.42,True,23.45,1436.5,2.07,1681.5,2506.0,0.56,-0.97,1.74,12.0,365,,이번 산출물에서 제외(사용자 요청) - 추후 국토지리정보원 자료로 보강 필요,ASOS 일자료 조회서비스 응답 항목에 토양수분 필드 자체가 없어 변수 제외,"최근접 관측소 매칭(중심점법:exact(보정), 거리 6.02km)"
2019,강원특별자치도,동해시,51170,106,동해,6.02,13.45,-0.83,True,22.08,1532.8,2.03,1571.9,2383.6,0.35,-1.06,1.73,12.0,365,,이번 산출물에서 제외(사용자 요청) - 추후 국토지리정보원 자료로 보강 필요,ASOS 일자료 조회서비스 응답 항목에 토양수분 필드 자체가 없어 변수 제외,"최근접 관측소 매칭(중심점법:exact(보정), 거리 6.02km)"
2020,강원특별자치도,동해시,51170,106,동해,6.02,12.96,0.88,True,21.81,1322.4,2.12,1446.8,2237.3,0.48,-2.35,2.07,12.0,366,,이번 산출물에서 제외(사용자 요청) - 추후 국토지리정보원 자료로 보강 필요,ASOS 일자료 조회서비스 응답 항목에 토양수분 필드 자체가 없어 변수 제외,"최근접 관측소 매칭(중심점법:exact(보정), 거리 6.02km)"
2021,강원특별자치도,동해시,51170,106,동해,6.02,13.55,-1.8,True,22.78,1244.6,1.98,1633.0,2483.0,-0.01,-1.87,1.76,12.0,365,,이번 산출물에서 제외(사용자 요청) - 추후 국토지리정보원 자료로 보강 필요,ASOS 일자료 조회서비스 응답 항목에 토양수분 필드 자체가 없어 변수 제외,"최근접 관측소 매칭(중심점법:exact(보정), 거리 6.02km)"
2022,강원특별자치도,동해시,51170,106,동해,6.02,13.75,-1.13,True,23.13,1101.4,1.95,1758.4,2628.3,-0.23,-0.74,0.4,12.0,365,,이번 산출물에서 제외(사용자 요청) - 추후 국토지리정보원 자료로 보강 필요,ASOS 일자료 조회서비스 응답 항목에 토양수분 필드 자체가 없어 변수 제외,"최근접 관측소 매칭(중심점법:exact(보정), 거리 6.02km)"
2023,강원특별자치도,동해시,51170,106,동해,6.02,14.48,-0.9,True,23.73,1356.8,1.88,1878.6,2770.5,0.01,-1.33,0.81,12.0,365,,이번 산출물에서 제외(사용자 요청) - 추후 국토지리정보원 자료로 보강 필요,ASOS 일자료 조회서비스 응답 항목에 토양수분 필드 자체가 없어 변수 제외,"최근접 관측소 매칭(중심점법:exact(보정), 거리 6.02km)"
2024,강원특별자치도,동해시,51170,106,동해,6.02,14.74,0.17,True,25.43,1275.0,2.21,2116.7,2975.4,0.56,-1.06,2.11,12.0,366,,이번 산출물에서 제외(사용자 요청) - 추후 국토지리정보원 자료로 보강 필요,ASOS 일자료 조회서비스 응답 항목에 토양수분 필드 자체가 없어 변수 제외,"최근접 관측소 매칭(중심점법:exact(보정), 거리 6.02km)"
2025,강원특별자치도,동해시,51170,106,동해,6.02,14.36,-1.68,True,25.71,1055.5,2.45,2021.2,2870.8,-0.65,-2.54,1.27,12.0,365,,이번 산출물에서 제외(사용자 요청) - 추후 국토지리정보원 자료로 보강 필요,ASOS 일자료 조회서비스 응답 항목에 토양수분 필드 자체가 없어 변수 제외,"최근접 관측소 매칭(중심점법:exact(보정), 거리 6.02km)"
2016,강원특별자치도,삼척시,51230,216,태백,16.73,9.79,-7.49,True,21.11,1141.4,1.56,1240.2,1942.8,-0.18,-1.81,0.92,11.0,366,,이번 산출물에서 제외(사용자 요청) - 추후 국토지리정보원 자료로 보강 필요,ASOS 일자료 조회서비스 응답 항목에 토양수분 필드 자체가 없어 변수 제외,"최근접 관측소 매칭(중심점법:exact(보정), 거리 16.73km)"
2017,강원특별자치도,삼척시,51230,216,태백,16.73,9.07,-7.56,True,20.38,933.8,1.55,1120.0,1801.6,-0.8,-2.23,0.6,12.0,365,,이번 산출물에서 제외(사용자 요청) - 추후 국토지리정보원 자료로 보강 필요,ASOS 일자료 조회서비스 응답 항목에 토양수분 필드 자체가 없어 변수 제외,"최근접 관측소 매칭(중심점법:exact(보정), 거리 16.73km)"
2018,강원특별자치도,삼척시,51230,216,태백,16.73,9.36,-9.77,True,21.95,1489.3,1.57,1266.6,1925.4,0.59,-1.41,1.76,12.0,365,,이번 산출물에서 제외(사용자 요청) - 추후 국토지리정보원 자료로 보강 필요,ASOS 일자료 조회서비스 응답 항목에 토양수분 필드 자체가 없어 변수 제외,"최근접 관측소 매칭(중심점법:exact(보정), 거리 16.73km)"
2019,강원특별자치도,삼척시,51230,216,태백,16.73,9.98,-7.77,True,20.69,1169.8,1.47,1232.8,1903.8,-0.19,-1.05,0.81,12.0,365,,이번 산출물에서 제외(사용자 요청) - 추후 국토지리정보원 자료로 보강 필요,ASOS 일자료 조회서비스 응답 항목에 토양수분 필드 자체가 없어 변수 제외,"최근접 관측소 매칭(중심점법:exact(보정), 거리 16.73km)"
2020,강원특별자치도,삼척시,51230,216,태백,16.73,9.63,-5.57,True,20.92,1530.1,1.46,1149.6,1791.1,0.47,-1.91,1.93,12.0,366,,이번 산출물에서 제외(사용자 요청) - 추후 국토지리정보원 자료로 보강 필요,ASOS 일자료 조회서비스 응답 항목에 토양수분 필드 자체가 없어 변수 제외,"최근접 관측소 매칭(중심점법:exact(보정), 거리 16.73km)"
2021,강원특별자치도,삼척시,51230,216,태백,16.73,9.59,-7.14,True,20.18,1207.4,1.38,1120.2,1774.0,0.03,-1.13,1.6,12.0,365,,이번 산출물에서 제외(사용자 요청) - 추후 국토지리정보원 자료로 보강 필요,ASOS 일자료 조회서비스 응답 항목에 토양수분 필드 자체가 없어 변수 제외,"최근접 관측소 매칭(중심점법:exact(보정), 거리 16.73km)"
2022,강원특별자치도,삼척시,51230,216,태백,16.73,9.12,-9.16,True,20.97,1088.9,1.35,1212.2,1866.7,-0.49,-1.67,0.2,12.0,365,,이번 산출물에서 제외(사용자 요청) - 추후 국토지리정보원 자료로 보강 필요,ASOS 일자료 조회서비스 응답 항목에 토양수분 필드 자체가 없어 변수 제외,"최근접 관측소 매칭(중심점법:exact(보정), 거리 16.73km)"
2023,강원특별자치도,삼척시,51230,216,태백,16.73,10.07,-9.11,True,21.66,1525.8,1.31,1291.3,1986.8,0.33,-1.51,2.19,12.0,365,,이번 산출물에서 제외(사용자 요청) - 추후 국토지리정보원 자료로 보강 필요,ASOS 일자료 조회서비스 응답 항목에 토양수분 필드 자체가 없어 변수 제외,"최근접 관측소 매칭(중심점법:exact(보정), 거리 16.73km)"
2024,강원특별자치도,삼척시,51230,216,태백,16.73,10.73,-6.95,True,22.86,1327.4,1.44,1521.2,2258.3,0.61,-0.28,2.01,12.0,366,,이번 산출물에서 제외(사용자 요청) - 추후 국토지리정보원 자료로 보강 필요,ASOS 일자료 조회서비스 응답 항목에 토양수분 필드 자체가 없어 변수 제외,"최근접 관측소 매칭(중심점법:exact(보정), 거리 16.73km)"
2025,강원특별자치도,삼척시,51230,216,태백,16.73,10.49,-8.44,True,23.2,1001.3,1.48,1484.2,2193.1,-0.39,-2.61,1.28,12.0,365,,이번 산출물에서 제외(사용자 요청) - 추후 국토지리정보원 자료로 보강 필요,ASOS 일자료 조회서비스 응답 항목에 토양수분 필드 자체가 없어 변수 제외,"최근접 관측소 매칭(중심점법:exact(보정), 거리 16.73km)"
2016,강원특별자치도,속초시,51210,90,속초,9.22,12.85,-3.13,True,23.04,1333.8,1.88,1679.8,2483.9,-0.48,-1.99,1.0,11.0,366,,이번 산출물에서 제외(사용자 요청) - 추후 국토지리정보원 자료로 보강 필요,ASOS 일자료 조회서비스 응답 항목에 토양수분 필드 자체가 없어 변수 제외,"최근접 관측소 매칭(중심점법:exact(보정), 거리 9.22km)"
2017,강원특별자치도,속초시,51210,90,속초,9.22,13.16,-1.58,True,23.06,1208.2,1.81,1732.6,2537.7,-0.41,-1.63,0.97,12.0,365,,이번 산출물에서 제외(사용자 요청) - 추후 국토지리정보원 자료로 보강 필요,ASOS 일자료 조회서비스 응답 항목에 토양수분 필드 자체가 없어 변수 제외,"최근접 관측소 매칭(중심점법:exact(보정), 거리 9.22km)"
2018,강원특별자치도,속초시,51210,90,속초,9.22,12.68,-4.7,True,24.01,1777.0,1.85,1729.6,2519.2,0.43,-0.82,1.61,12.0,365,,이번 산출물에서 제외(사용자 요청) - 추후 국토지리정보원 자료로 보강 필요,ASOS 일자료 조회서비스 응답 항목에 토양수분 필드 자체가 없어 변수 제외,"최근접 관측소 매칭(중심점법:exact(보정), 거리 9.22km)"
2019,강원특별자치도,속초시,51210,90,속초,9.22,13.83,-2.38,True,23.51,1355.5,1.86,1813.3,2632.8,-0.26,-1.26,0.77,12.0,365,,이번 산출물에서 제외(사용자 요청) - 추후 국토지리정보원 자료로 보강 필요,ASOS 일자료 조회서비스 응답 항목에 토양수분 필드 자체가 없어 변수 제외,"최근접 관측소 매칭(중심점법:exact(보정), 거리 9.22km)"
2020,강원특별자치도,속초시,51210,90,속초,9.22,13.31,-0.01,True,23.17,2085.8,2.05,1636.2,2430.8,0.94,-2.59,2.43,12.0,366,,이번 산출물에서 제외(사용자 요청) - 추후 국토지리정보원 자료로 보강 필요,ASOS 일자료 조회서비스 응답 항목에 토양수분 필드 자체가 없어 변수 제외,"최근접 관측소 매칭(중심점법:exact(보정), 거리 9.22km)"
2021,강원특별자치도,속초시,51210,90,속초,9.22,13.25,-3.24,True,23.44,1199.7,1.96,1718.6,2547.7,-0.47,-1.79,1.62,12.0,365,,이번 산출물에서 제외(사용자 요청) - 추후 국토지리정보원 자료로 보강 필요,ASOS 일자료 조회서비스 응답 항목에 토양수분 필드 자체가 없어 변수 제외,"최근접 관측소 매칭(중심점법:exact(보정), 거리 9.22km)"
2022,강원특별자치도,속초시,51210,90,속초,9.22,12.92,-3.45,True,23.3,1637.3,1.94,1737.2,2563.5,0.26,-0.59,1.07,12.0,365,,이번 산출물에서 제외(사용자 요청) - 추후 국토지리정보원 자료로 보강 필요,ASOS 일자료 조회서비스 응답 항목에 토양수분 필드 자체가 없어 변수 제외,"최근접 관측소 매칭(중심점법:exact(보정), 거리 9.22km)"
2023,강원특별자치도,속초시,51210,90,속초,9.22,13.69,-3.48,True,24.17,1768.8,1.89,1867.8,2706.0,0.14,-1.17,1.06,12.0,365,,이번 산출물에서 제외(사용자 요청) - 추후 국토지리정보원 자료로 보강 필요,ASOS 일자료 조회서비스 응답 항목에 토양수분 필드 자체가 없어 변수 제외,"최근접 관측소 매칭(중심점법:exact(보정), 거리 9.22km)"
2024,강원특별자치도,속초시,51210,90,속초,9.22,14.14,-2.26,True,25.61,1234.1,2.25,2040.3,2882.5,0.15,-1.58,1.65,12.0,366,,이번 산출물에서 제외(사용자 요청) - 추후 국토지리정보원 자료로 보강 필요,ASOS 일자료 조회서비스 응답 항목에 토양수분 필드 자체가 없어 변수 제외,"최근접 관측소 매칭(중심점법:exact(보정), 거리 9.22km)"
2025,강원특별자치도,속초시,51210,90,속초,9.22,13.92,-2.23,True,25.67,1390.6,2.42,1938.3,2763.9,-0.33,-1.66,1.72,12.0,365,,이번 산출물에서 제외(사용자 요청) - 추후 국토지리정보원 자료로 보강 필요,ASOS 일자료 조회서비스 응답 항목에 토양수분 필드 자체가 없어 변수 제외,"최근접 관측소 매칭(중심점법:exact(보정), 거리 9.22km)"
2016,강원특별자치도,양구군,51800,211,인제,19.66,11.21,-7.31,True,22.97,1185.7,1.77,1658.2,2429.4,0.2,-1.35,1.31,11.0,366,,이번 산출물에서 제외(사용자 요청) - 추후 국토지리정보원 자료로 보강 필요,ASOS 일자료 조회서비스 응답 항목에 토양수분 필드 자체가 없어 변수 제외,"최근접 관측소 매칭(중심점법:exact(보정), 거리 19.66km)"
2017,강원특별자치도,양구군,51800,211,인제,19.66,10.57,-7.21,True,22.45,1209.3,1.69,1553.6,2301.6,-0.28,-1.72,1.25,12.0,365,,이번 산출물에서 제외(사용자 요청) - 추후 국토지리정보원 자료로 보강 필요,ASOS 일자료 조회서비스 응답 항목에 토양수분 필드 자체가 없어 변수 제외,"최근접 관측소 매칭(중심점법:exact(보정), 거리 19.66km)"
2018,강원특별자치도,양구군,51800,211,인제,19.66,10.18,-10.22,True,23.3,1214.3,1.8,1501.2,2215.7,0.16,-1.12,1.49,12.0,365,,이번 산출물에서 제외(사용자 요청) - 추후 국토지리정보원 자료로 보강 필요,ASOS 일자료 조회서비스 응답 항목에 토양수분 필드 자체가 없어 변수 제외,"최근접 관측소 매칭(중심점법:exact(보정), 거리 19.66km)"
2019,강원특별자치도,양구군,51800,211,인제,19.66,11.26,-8.72,True,22.72,779.3,1.65,1590.8,2314.4,-0.87,-1.73,0.13,12.0,365,,이번 산출물에서 제외(사용자 요청) - 추후 국토지리정보원 자료로 보강 필요,ASOS 일자료 조회서비스 응답 항목에 토양수분 필드 자체가 없어 변수 제외,"최근접 관측소 매칭(중심점법:exact(보정), 거리 19.66km)"
2020,강원특별자치도,양구군,51800,211,인제,19.66,11.26,-4.39,True,23.21,1429.1,1.57,1529.0,2226.7,0.41,-1.97,2.14,12.0,366,,이번 산출물에서 제외(사용자 요청) - 추후 국토지리정보원 자료로 보강 필요,ASOS 일자료 조회서비스 응답 항목에 토양수분 필드 자체가 없어 변수 제외,"최근접 관측소 매칭(중심점법:exact(보정), 거리 19.66km)"
2021,강원특별자치도,양구군,51800,211,인제,19.66,11.44,-7.93,True,23.25,923.0,1.52,1626.4,2376.0,-0.2,-1.97,1.73,12.0,365,,이번 산출물에서 제외(사용자 요청) - 추후 국토지리정보원 자료로 보강 필요,ASOS 일자료 조회서비스 응답 항목에 토양수분 필드 자체가 없어 변수 제외,"최근접 관측소 매칭(중심점법:exact(보정), 거리 19.66km)"
2022,강원특별자치도,양구군,51800,211,인제,19.66,10.94,-8.51,True,23.31,1497.5,1.45,1626.9,2369.5,0.35,-1.33,1.51,12.0,365,,이번 산출물에서 제외(사용자 요청) - 추후 국토지리정보원 자료로 보강 필요,ASOS 일자료 조회서비스 응답 항목에 토양수분 필드 자체가 없어 변수 제외,"최근접 관측소 매칭(중심점법:exact(보정), 거리 19.66km)"
2023,강원특별자치도,양구군,51800,211,인제,19.66,11.85,-9.13,True,24.08,1225.6,1.32,1789.0,2577.2,0.1,-0.75,1.44,12.0,365,,이번 산출물에서 제외(사용자 요청) - 추후 국토지리정보원 자료로 보강 필요,ASOS 일자료 조회서비스 응답 항목에 토양수분 필드 자체가 없어 변수 제외,"최근접 관측소 매칭(중심점법:exact(보정), 거리 19.66km)"
2024,강원특별자치도,양구군,51800,211,인제,19.66,12.53,-5.2,True,24.87,1094.1,1.45,1923.7,2739.5,0.21,-0.63,1.66,12.0,366,,이번 산출물에서 제외(사용자 요청) - 추후 국토지리정보원 자료로 보강 필요,ASOS 일자료 조회서비스 응답 항목에 토양수분 필드 자체가 없어 변수 제외,"최근접 관측소 매칭(중심점법:exact(보정), 거리 19.66km)"
2025,강원특별자치도,양구군,51800,211,인제,19.66,11.35,-8.7,True,24.34,1202.8,1.43,1731.6,2478.6,-0.07,-1.38,1.82,12.0,365,,이번 산출물에서 제외(사용자 요청) - 추후 국토지리정보원 자료로 보강 필요,ASOS 일자료 조회서비스 응답 항목에 토양수분 필드 자체가 없어 변수 제외,"최근접 관측소 매칭(중심점법:exact(보정), 거리 19.66km)"
2016,강원특별자치도,양양군,51830,90,속초,27.52,12.85,-3.13,True,23.04,1333.8,1.88,1679.8,2483.9,-0.48,-1.99,1.0,11.0,366,,이번 산출물에서 제외(사용자 요청) - 추후 국토지리정보원 자료로 보강 필요,ASOS 일자료 조회서비스 응답 항목에 토양수분 필드 자체가 없어 변수 제외,"최근접 관측소 매칭(중심점법:exact(보정), 거리 27.52km)"
2017,강원특별자치도,양양군,51830,90,속초,27.52,13.16,-1.58,True,23.06,1208.2,1.81,1732.6,2537.7,-0.41,-1.63,0.97,12.0,365,,이번 산출물에서 제외(사용자 요청) - 추후 국토지리정보원 자료로 보강 필요,ASOS 일자료 조회서비스 응답 항목에 토양수분 필드 자체가 없어 변수 제외,"최근접 관측소 매칭(중심점법:exact(보정), 거리 27.52km)"
2018,강원특별자치도,양양군,51830,90,속초,27.52,12.68,-4.7,True,24.01,1777.0,1.85,1729.6,2519.2,0.43,-0.82,1.61,12.0,365,,이번 산출물에서 제외(사용자 요청) - 추후 국토지리정보원 자료로 보강 필요,ASOS 일자료 조회서비스 응답 항목에 토양수분 필드 자체가 없어 변수 제외,"최근접 관측소 매칭(중심점법:exact(보정), 거리 27.52km)"
2019,강원특별자치도,양양군,51830,90,속초,27.52,13.83,-2.38,True,23.51,1355.5,1.86,1813.3,2632.8,-0.26,-1.26,0.77,12.0,365,,이번 산출물에서 제외(사용자 요청) - 추후 국토지리정보원 자료로 보강 필요,ASOS 일자료 조회서비스 응답 항목에 토양수분 필드 자체가 없어 변수 제외,"최근접 관측소 매칭(중심점법:exact(보정), 거리 27.52km)"
2020,강원특별자치도,양양군,51830,90,속초,27.52,13.31,-0.01,True,23.17,2085.8,2.05,1636.2,2430.8,0.94,-2.59,2.43,12.0,366,,이번 산출물에서 제외(사용자 요청) - 추후 국토지리정보원 자료로 보강 필요,ASOS 일자료 조회서비스 응답 항목에 토양수분 필드 자체가 없어 변수 제외,"최근접 관측소 매칭(중심점법:exact(보정), 거리 27.52km)"
2021,강원특별자치도,양양군,51830,90,속초,27.52,13.25,-3.24,True,23.44,1199.7,1.96,1718.6,2547.7,-0.47,-1.79,1.62,12.0,365,,이번 산출물에서 제외(사용자 요청) - 추후 국토지리정보원 자료로 보강 필요,ASOS 일자료 조회서비스 응답 항목에 토양수분 필드 자체가 없어 변수 제외,"최근접 관측소 매칭(중심점법:exact(보정), 거리 27.52km)"
2022,강원특별자치도,양양군,51830,90,속초,27.52,12.92,-3.45,True,23.3,1637.3,1.94,1737.2,2563.5,0.26,-0.59,1.07,12.0,365,,이번 산출물에서 제외(사용자 요청) - 추후 국토지리정보원 자료로 보강 필요,ASOS 일자료 조회서비스 응답 항목에 토양수분 필드 자체가 없어 변수 제외,"최근접 관측소 매칭(중심점법:exact(보정), 거리 27.52km)"
2023,강원특별자치도,양양군,51830,90,속초,27.52,13.69,-3.48,True,24.17,1768.8,1.89,1867.8,2706.0,0.14,-1.17,1.06,12.0,365,,이번 산출물에서 제외(사용자 요청) - 추후 국토지리정보원 자료로 보강 필요,ASOS 일자료 조회서비스 응답 항목에 토양수분 필드 자체가 없어 변수 제외,"최근접 관측소 매칭(중심점법:exact(보정), 거리 27.52km)"
2024,강원특별자치도,양양군,51830,90,속초,27.52,14.14,-2.26,True,25.61,1234.1,2.25,2040.3,2882.5,0.15,-1.58,1.65,12.0,366,,이번 산출물에서 제외(사용자 요청) - 추후 국토지리정보원 자료로 보강 필요,ASOS 일자료 조회서비스 응답 항목에 토양수분 필드 자체가 없어 변수 제외,"최근접 관측소 매칭(중심점법:exact(보정), 거리 27.52km)"
2025,강원특별자치도,양양군,51830,90,속초,27.52,13.92,-2.23,True,25.67,1390.6,2.42,1938.3,2763.9,-0.33,-1.66,1.72,12.0,365,,이번 산출물에서 제외(사용자 요청) - 추후 국토지리정보원 자료로 보강 필요,ASOS 일자료 조회서비스 응답 항목에 토양수분 필드 자체가 없어 변수 제외,"최근접 관측소 매칭(중심점법:exact(보정), 거리 27.52km)"
2016,강원특별자치도,영월군,51750,121,영월,4.58,12.4,-5.64,True,23.75,940.4,1.14,1822.2,2633.3,-0.36,-1.59,0.66,11.0,366,,이번 산출물에서 제외(사용자 요청) - 추후 국토지리정보원 자료로 보강 필요,ASOS 일자료 조회서비스 응답 항목에 토양수분 필드 자체가 없어 변수 제외,"최근접 관측소 매칭(중심점법:exact(보정), 거리 4.58km)"
2017,강원특별자치도,영월군,51750,121,영월,4.58,11.73,-5.44,True,23.24,996.1,1.06,1701.1,2467.8,-0.55,-2.22,0.6,12.0,365,,이번 산출물에서 제외(사용자 요청) - 추후 국토지리정보원 자료로 보강 필요,ASOS 일자료 조회서비스 응답 항목에 토양수분 필드 자체가 없어 변수 제외,"최근접 관측소 매칭(중심점법:exact(보정), 거리 4.58km)"
2018,강원특별자치도,영월군,51750,121,영월,4.58,11.59,-8.28,True,24.53,1360.8,1.12,1741.6,2508.0,0.55,-0.67,1.5,12.0,365,,이번 산출물에서 제외(사용자 요청) - 추후 국토지리정보원 자료로 보강 필요,ASOS 일자료 조회서비스 응답 항목에 토양수분 필드 자체가 없어 변수 제외,"최근접 관측소 매칭(중심점법:exact(보정), 거리 4.58km)"
2019,강원특별자치도,영월군,51750,121,영월,4.58,12.16,-6.6,True,23.2,830.4,1.06,1745.0,2500.0,-0.48,-1.72,0.69,12.0,365,,이번 산출물에서 제외(사용자 요청) - 추후 국토지리정보원 자료로 보강 필요,ASOS 일자료 조회서비스 응답 항목에 토양수분 필드 자체가 없어 변수 제외,"최근접 관측소 매칭(중심점법:exact(보정), 거리 4.58km)"
2020,강원특별자치도,영월군,51750,121,영월,4.58,11.98,-3.82,True,23.49,1344.1,1.11,1639.5,2390.1,0.15,-1.88,1.78,12.0,366,,이번 산출물에서 제외(사용자 요청) - 추후 국토지리정보원 자료로 보강 필요,ASOS 일자료 조회서비스 응답 항목에 토양수분 필드 자체가 없어 변수 제외,"최근접 관측소 매칭(중심점법:exact(보정), 거리 4.58km)"
2021,강원특별자치도,영월군,51750,121,영월,4.58,12.15,-6.98,True,23.25,1106.4,1.08,1696.4,2488.9,0.1,-0.99,1.83,12.0,365,,이번 산출물에서 제외(사용자 요청) - 추후 국토지리정보원 자료로 보강 필요,ASOS 일자료 조회서비스 응답 항목에 토양수분 필드 자체가 없어 변수 제외,"최근접 관측소 매칭(중심점법:exact(보정), 거리 4.58km)"
2022,강원특별자치도,영월군,51750,121,영월,4.58,11.69,-7.18,True,23.66,1288.7,1.03,1744.8,2526.7,-0.19,-1.89,1.17,12.0,365,,이번 산출물에서 제외(사용자 요청) - 추후 국토지리정보원 자료로 보강 필요,ASOS 일자료 조회서비스 응답 항목에 토양수분 필드 자체가 없어 변수 제외,"최근접 관측소 매칭(중심점법:exact(보정), 거리 4.58km)"
2023,강원특별자치도,영월군,51750,121,영월,4.58,12.5,-7.57,True,24.04,1507.5,0.99,1847.8,2657.4,0.23,-1.75,1.83,12.0,365,,이번 산출물에서 제외(사용자 요청) - 추후 국토지리정보원 자료로 보강 필요,ASOS 일자료 조회서비스 응답 항목에 토양수분 필드 자체가 없어 변수 제외,"최근접 관측소 매칭(중심점법:exact(보정), 거리 4.58km)"
2024,강원특별자치도,영월군,51750,121,영월,4.58,13.35,-3.87,True,24.68,1316.7,1.05,2032.8,2874.6,0.76,-0.63,1.74,12.0,366,,이번 산출물에서 제외(사용자 요청) - 추후 국토지리정보원 자료로 보강 필요,ASOS 일자료 조회서비스 응답 항목에 토양수분 필드 자체가 없어 변수 제외,"최근접 관측소 매칭(중심점법:exact(보정), 거리 4.58km)"
2025,강원특별자치도,영월군,51750,121,영월,4.58,12.2,-7.46,True,25.04,1021.8,1.26,1937.8,2710.4,-0.24,-1.53,1.4,12.0,365,,이번 산출물에서 제외(사용자 요청) - 추후 국토지리정보원 자료로 보강 필요,ASOS 일자료 조회서비스 응답 항목에 토양수분 필드 자체가 없어 변수 제외,"최근접 관측소 매칭(중심점법:exact(보정), 거리 4.58km)"
2016,강원특별자치도,원주시,51130,114,원주,3.56,13.39,-4.26,True,25.47,874.6,1.07,2064.8,2890.4,-0.35,-2.01,0.75,11.0,366,,이번 산출물에서 제외(사용자 요청) - 추후 국토지리정보원 자료로 보강 필요,ASOS 일자료 조회서비스 응답 항목에 토양수분 필드 자체가 없어 변수 제외,"최근접 관측소 매칭(중심점법:exact(보정), 거리 3.56km)"
2017,강원특별자치도,원주시,51130,114,원주,3.56,12.14,-5.08,True,24.03,1063.6,1.0,1784.4,2561.2,-0.53,-2.28,0.94,12.0,365,,이번 산출물에서 제외(사용자 요청) - 추후 국토지리정보원 자료로 보강 필요,ASOS 일자료 조회서비스 응답 항목에 토양수분 필드 자체가 없어 변수 제외,"최근접 관측소 매칭(중심점법:exact(보정), 거리 3.56km)"
2018,강원특별자치도,원주시,51130,114,원주,3.56,12.47,-6.95,True,25.88,1229.2,1.06,1895.6,2677.0,0.36,-0.88,1.99,12.0,365,,이번 산출물에서 제외(사용자 요청) - 추후 국토지리정보원 자료로 보강 필요,ASOS 일자료 조회서비스 응답 항목에 토양수분 필드 자체가 없어 변수 제외,"최근접 관측소 매칭(중심점법:exact(보정), 거리 3.56km)"
2019,강원특별자치도,원주시,51130,114,원주,3.56,13.02,-5.28,True,24.52,771.9,1.0,1875.1,2648.7,-0.73,-2.14,0.34,12.0,365,,이번 산출물에서 제외(사용자 요청) - 추후 국토지리정보원 자료로 보강 필요,ASOS 일자료 조회서비스 응답 항목에 토양수분 필드 자체가 없어 변수 제외,"최근접 관측소 매칭(중심점법:exact(보정), 거리 3.56km)"
2020,강원특별자치도,원주시,51130,114,원주,3.56,12.78,-2.56,True,24.63,1317.0,1.06,1753.8,2526.0,0.23,-2.25,1.91,12.0,366,,이번 산출물에서 제외(사용자 요청) - 추후 국토지리정보원 자료로 보강 필요,ASOS 일자료 조회서비스 응답 항목에 토양수분 필드 자체가 없어 변수 제외,"최근접 관측소 매칭(중심점법:exact(보정), 거리 3.56km)"
2021,강원특별자치도,원주시,51130,114,원주,3.56,13.0,-5.73,True,24.55,1113.0,1.04,1837.9,2646.0,-0.06,-1.61,1.39,12.0,365,,이번 산출물에서 제외(사용자 요청) - 추후 국토지리정보원 자료로 보강 필요,ASOS 일자료 조회서비스 응답 항목에 토양수분 필드 자체가 없어 변수 제외,"최근접 관측소 매칭(중심점법:exact(보정), 거리 3.56km)"
2022,강원특별자치도,원주시,51130,114,원주,3.56,12.5,-5.96,True,24.73,1394.0,1.06,1856.5,2656.6,0.21,-1.41,1.4,12.0,365,,이번 산출물에서 제외(사용자 요청) - 추후 국토지리정보원 자료로 보강 필요,ASOS 일자료 조회서비스 응답 항목에 토양수분 필드 자체가 없어 변수 제외,"최근접 관측소 매칭(중심점법:exact(보정), 거리 3.56km)"
2023,강원특별자치도,원주시,51130,114,원주,3.56,13.5,-6.27,True,25.23,1391.7,0.99,2006.9,2839.2,0.09,-2.05,1.41,12.0,365,,이번 산출물에서 제외(사용자 요청) - 추후 국토지리정보원 자료로 보강 필요,ASOS 일자료 조회서비스 응답 항목에 토양수분 필드 자체가 없어 변수 제외,"최근접 관측소 매칭(중심점법:exact(보정), 거리 3.56km)"
2024,강원특별자치도,원주시,51130,114,원주,3.56,14.55,-2.42,True,26.31,1374.5,0.98,2274.2,3124.3,0.81,-0.01,1.76,12.0,366,,이번 산출물에서 제외(사용자 요청) - 추후 국토지리정보원 자료로 보강 필요,ASOS 일자료 조회서비스 응답 항목에 토양수분 필드 자체가 없어 변수 제외,"최근접 관측소 매칭(중심점법:exact(보정), 거리 3.56km)"
2025,강원특별자치도,원주시,51130,114,원주,3.56,13.44,-5.26,True,26.35,1154.4,1.29,2138.9,2930.1,-0.07,-1.27,1.42,12.0,365,,이번 산출물에서 제외(사용자 요청) - 추후 국토지리정보원 자료로 보강 필요,ASOS 일자료 조회서비스 응답 항목에 토양수분 필드 자체가 없어 변수 제외,"최근접 관측소 매칭(중심점법:exact(보정), 거리 3.56km)"
2016,강원특별자치도,인제군,51810,211,인제,8.42,11.21,-7.31,True,22.97,1185.7,1.77,1658.2,2429.4,0.2,-1.35,1.31,11.0,366,,이번 산출물에서 제외(사용자 요청) - 추후 국토지리정보원 자료로 보강 필요,ASOS 일자료 조회서비스 응답 항목에 토양수분 필드 자체가 없어 변수 제외,"최근접 관측소 매칭(중심점법:exact(보정), 거리 8.42km)"
2017,강원특별자치도,인제군,51810,211,인제,8.42,10.57,-7.21,True,22.45,1209.3,1.69,1553.6,2301.6,-0.28,-1.72,1.25,12.0,365,,이번 산출물에서 제외(사용자 요청) - 추후 국토지리정보원 자료로 보강 필요,ASOS 일자료 조회서비스 응답 항목에 토양수분 필드 자체가 없어 변수 제외,"최근접 관측소 매칭(중심점법:exact(보정), 거리 8.42km)"
2018,강원특별자치도,인제군,51810,211,인제,8.42,10.18,-10.22,True,23.3,1214.3,1.8,1501.2,2215.7,0.16,-1.12,1.49,12.0,365,,이번 산출물에서 제외(사용자 요청) - 추후 국토지리정보원 자료로 보강 필요,ASOS 일자료 조회서비스 응답 항목에 토양수분 필드 자체가 없어 변수 제외,"최근접 관측소 매칭(중심점법:exact(보정), 거리 8.42km)"
2019,강원특별자치도,인제군,51810,211,인제,8.42,11.26,-8.72,True,22.72,779.3,1.65,1590.8,2314.4,-0.87,-1.73,0.13,12.0,365,,이번 산출물에서 제외(사용자 요청) - 추후 국토지리정보원 자료로 보강 필요,ASOS 일자료 조회서비스 응답 항목에 토양수분 필드 자체가 없어 변수 제외,"최근접 관측소 매칭(중심점법:exact(보정), 거리 8.42km)"
2020,강원특별자치도,인제군,51810,211,인제,8.42,11.26,-4.39,True,23.21,1429.1,1.57,1529.0,2226.7,0.41,-1.97,2.14,12.0,366,,이번 산출물에서 제외(사용자 요청) - 추후 국토지리정보원 자료로 보강 필요,ASOS 일자료 조회서비스 응답 항목에 토양수분 필드 자체가 없어 변수 제외,"최근접 관측소 매칭(중심점법:exact(보정), 거리 8.42km)"
2021,강원특별자치도,인제군,51810,211,인제,8.42,11.44,-7.93,True,23.25,923.0,1.52,1626.4,2376.0,-0.2,-1.97,1.73,12.0,365,,이번 산출물에서 제외(사용자 요청) - 추후 국토지리정보원 자료로 보강 필요,ASOS 일자료 조회서비스 응답 항목에 토양수분 필드 자체가 없어 변수 제외,"최근접 관측소 매칭(중심점법:exact(보정), 거리 8.42km)"
2022,강원특별자치도,인제군,51810,211,인제,8.42,10.94,-8.51,True,23.31,1497.5,1.45,1626.9,2369.5,0.35,-1.33,1.51,12.0,365,,이번 산출물에서 제외(사용자 요청) - 추후 국토지리정보원 자료로 보강 필요,ASOS 일자료 조회서비스 응답 항목에 토양수분 필드 자체가 없어 변수 제외,"최근접 관측소 매칭(중심점법:exact(보정), 거리 8.42km)"
2023,강원특별자치도,인제군,51810,211,인제,8.42,11.85,-9.13,True,24.08,1225.6,1.32,1789.0,2577.2,0.1,-0.75,1.44,12.0,365,,이번 산출물에서 제외(사용자 요청) - 추후 국토지리정보원 자료로 보강 필요,ASOS 일자료 조회서비스 응답 항목에 토양수분 필드 자체가 없어 변수 제외,"최근접 관측소 매칭(중심점법:exact(보정), 거리 8.42km)"
2024,강원특별자치도,인제군,51810,211,인제,8.42,12.53,-5.2,True,24.87,1094.1,1.45,1923.7,2739.5,0.21,-0.63,1.66,12.0,366,,이번 산출물에서 제외(사용자 요청) - 추후 국토지리정보원 자료로 보강 필요,ASOS 일자료 조회서비스 응답 항목에 토양수분 필드 자체가 없어 변수 제외,"최근접 관측소 매칭(중심점법:exact(보정), 거리 8.42km)"
2025,강원특별자치도,인제군,51810,211,인제,8.42,11.35,-8.7,True,24.34,1202.8,1.43,1731.6,2478.6,-0.07,-1.38,1.82,12.0,365,,이번 산출물에서 제외(사용자 요청) - 추후 국토지리정보원 자료로 보강 필요,ASOS 일자료 조회서비스 응답 항목에 토양수분 필드 자체가 없어 변수 제외,"최근접 관측소 매칭(중심점법:exact(보정), 거리 8.42km)"
2016,강원특별자치도,정선군,51770,217,정선군,5.84,11.55,-6.2,True,23.33,1174.2,1.53,1739.2,2520.2,0.05,-1.19,0.77,11.0,366,,이번 산출물에서 제외(사용자 요청) - 추후 국토지리정보원 자료로 보강 필요,ASOS 일자료 조회서비스 응답 항목에 토양수분 필드 자체가 없어 변수 제외,"최근접 관측소 매칭(중심점법:exact(보정), 거리 5.84km)"
2017,강원특별자치도,정선군,51770,217,정선군,5.84,10.83,-6.55,True,22.61,972.5,1.67,1629.8,2383.0,-0.61,-2.44,0.72,12.0,365,,이번 산출물에서 제외(사용자 요청) - 추후 국토지리정보원 자료로 보강 필요,ASOS 일자료 조회서비스 응답 항목에 토양수분 필드 자체가 없어 변수 제외,"최근접 관측소 매칭(중심점법:exact(보정), 거리 5.84km)"
2018,강원특별자치도,정선군,51770,217,정선군,5.84,10.64,-9.12,True,23.73,1420.9,1.74,1626.0,2361.6,0.58,-1.07,1.78,12.0,365,,이번 산출물에서 제외(사용자 요청) - 추후 국토지리정보원 자료로 보강 필요,ASOS 일자료 조회서비스 응답 항목에 토양수분 필드 자체가 없어 변수 제외,"최근접 관측소 매칭(중심점법:exact(보정), 거리 5.84km)"
2019,강원특별자치도,정선군,51770,217,정선군,5.84,11.24,-7.24,True,22.44,798.9,1.67,1615.0,2337.4,-0.72,-2.21,0.48,12.0,365,,이번 산출물에서 제외(사용자 요청) - 추후 국토지리정보원 자료로 보강 필요,ASOS 일자료 조회서비스 응답 항목에 토양수분 필드 자체가 없어 변수 제외,"최근접 관측소 매칭(중심점법:exact(보정), 거리 5.84km)"
2020,강원특별자치도,정선군,51770,217,정선군,5.84,11.1,-4.79,True,22.88,1305.4,1.81,1515.8,2221.0,0.28,-1.8,1.76,12.0,366,,이번 산출물에서 제외(사용자 요청) - 추후 국토지리정보원 자료로 보강 필요,ASOS 일자료 조회서비스 응답 항목에 토양수분 필드 자체가 없어 변수 제외,"최근접 관측소 매칭(중심점법:exact(보정), 거리 5.84km)"
2021,강원특별자치도,정선군,51770,217,정선군,5.84,11.4,-7.87,True,22.98,1112.1,1.67,1615.5,2369.4,0.02,-1.08,1.89,12.0,365,,이번 산출물에서 제외(사용자 요청) - 추후 국토지리정보원 자료로 보강 필요,ASOS 일자료 조회서비스 응답 항목에 토양수분 필드 자체가 없어 변수 제외,"최근접 관측소 매칭(중심점법:exact(보정), 거리 5.84km)"
2022,강원특별자치도,정선군,51770,217,정선군,5.84,10.94,-8.23,True,23.44,1372.6,1.46,1654.8,2394.5,0.07,-1.59,1.56,12.0,365,,이번 산출물에서 제외(사용자 요청) - 추후 국토지리정보원 자료로 보강 필요,ASOS 일자료 조회서비스 응답 항목에 토양수분 필드 자체가 없어 변수 제외,"최근접 관측소 매칭(중심점법:exact(보정), 거리 5.84km)"
2023,강원특별자치도,정선군,51770,217,정선군,5.84,11.4,-8.63,True,23.95,1399.7,1.39,1694.9,2451.1,0.11,-2.02,1.49,12.0,362,,이번 산출물에서 제외(사용자 요청) - 추후 국토지리정보원 자료로 보강 필요,ASOS 일자료 조회서비스 응답 항목에 토양수분 필드 자체가 없어 변수 제외,"최근접 관측소 매칭(중심점법:exact(보정), 거리 5.84km)"
2024,강원특별자치도,정선군,51770,217,정선군,5.84,12.27,-6.86,True,24.82,1264.9,1.33,1962.2,2766.6,0.62,-0.46,1.69,12.0,366,,이번 산출물에서 제외(사용자 요청) - 추후 국토지리정보원 자료로 보강 필요,ASOS 일자료 조회서비스 응답 항목에 토양수분 필드 자체가 없어 변수 제외,"최근접 관측소 매칭(중심점법:exact(보정), 거리 5.84km)"
2025,강원특별자치도,정선군,51770,217,정선군,5.84,11.69,-8.86,True,25.01,1004.9,1.4,1896.5,2653.0,-0.39,-1.62,1.13,12.0,365,,이번 산출물에서 제외(사용자 요청) - 추후 국토지리정보원 자료로 보강 필요,ASOS 일자료 조회서비스 응답 항목에 토양수분 필드 자체가 없어 변수 제외,"최근접 관측소 매칭(중심점법:exact(보정), 거리 5.84km)"
2016,강원특별자치도,철원군,51780,95,철원,14.28,11.26,-9.03,True,23.84,1180.9,1.53,1719.0,2483.5,0.01,-1.46,1.2,11.0,366,,이번 산출물에서 제외(사용자 요청) - 추후 국토지리정보원 자료로 보강 필요,ASOS 일자료 조회서비스 응답 항목에 토양수분 필드 자체가 없어 변수 제외,"최근접 관측소 매칭(중심점법:exact(보정), 거리 14.28km)"
2017,강원특별자치도,철원군,51780,95,철원,14.28,10.58,-8.74,True,23.45,1233.4,1.49,1603.1,2336.0,-0.51,-2.23,0.86,12.0,365,,이번 산출물에서 제외(사용자 요청) - 추후 국토지리정보원 자료로 보강 필요,ASOS 일자료 조회서비스 응답 항목에 토양수분 필드 자체가 없어 변수 제외,"최근접 관측소 매칭(중심점법:exact(보정), 거리 14.28km)"
2018,강원특별자치도,철원군,51780,95,철원,14.28,10.49,-11.87,True,24.49,1480.6,1.66,1632.1,2348.0,0.1,-1.08,1.53,12.0,365,,이번 산출물에서 제외(사용자 요청) - 추후 국토지리정보원 자료로 보강 필요,ASOS 일자료 조회서비스 응답 항목에 토양수분 필드 자체가 없어 변수 제외,"최근접 관측소 매칭(중심점법:exact(보정), 거리 14.28km)"
2019,강원특별자치도,철원군,51780,95,철원,14.28,11.13,-10.32,True,23.35,920.5,1.23,1635.4,2339.7,-1.01,-2.01,0.18,12.0,365,,이번 산출물에서 제외(사용자 요청) - 추후 국토지리정보원 자료로 보강 필요,ASOS 일자료 조회서비스 응답 항목에 토양수분 필드 자체가 없어 변수 제외,"최근접 관측소 매칭(중심점법:exact(보정), 거리 14.28km)"
2020,강원특별자치도,철원군,51780,95,철원,14.28,10.98,-5.9,True,23.47,1749.3,1.3,1524.2,2202.1,0.42,-1.23,1.74,12.0,366,,이번 산출물에서 제외(사용자 요청) - 추후 국토지리정보원 자료로 보강 필요,ASOS 일자료 조회서비스 응답 항목에 토양수분 필드 자체가 없어 변수 제외,"최근접 관측소 매칭(중심점법:exact(보정), 거리 14.28km)"
2021,강원특별자치도,철원군,51780,95,철원,14.28,11.3,-9.79,True,23.64,1115.3,1.33,1642.4,2366.4,-0.17,-1.86,1.49,12.0,365,,이번 산출물에서 제외(사용자 요청) - 추후 국토지리정보원 자료로 보강 필요,ASOS 일자료 조회서비스 응답 항목에 토양수분 필드 자체가 없어 변수 제외,"최근접 관측소 매칭(중심점법:exact(보정), 거리 14.28km)"
2022,강원특별자치도,철원군,51780,95,철원,14.28,10.54,-10.32,True,23.5,1752.7,1.29,1580.5,2309.2,0.36,-1.16,1.56,12.0,365,,이번 산출물에서 제외(사용자 요청) - 추후 국토지리정보원 자료로 보강 필요,ASOS 일자료 조회서비스 응답 항목에 토양수분 필드 자체가 없어 변수 제외,"최근접 관측소 매칭(중심점법:exact(보정), 거리 14.28km)"
2023,강원특별자치도,철원군,51780,95,철원,14.28,11.52,-10.84,True,24.11,1467.2,1.25,1739.0,2504.4,0.13,-0.82,1.03,12.0,365,,이번 산출물에서 제외(사용자 요청) - 추후 국토지리정보원 자료로 보강 필요,ASOS 일자료 조회서비스 응답 항목에 토양수분 필드 자체가 없어 변수 제외,"최근접 관측소 매칭(중심점법:exact(보정), 거리 14.28km)"
2024,강원특별자치도,철원군,51780,95,철원,14.28,12.34,-6.53,True,25.09,1645.7,1.31,1907.1,2712.6,0.51,-0.72,1.97,12.0,366,,이번 산출물에서 제외(사용자 요청) - 추후 국토지리정보원 자료로 보강 필요,ASOS 일자료 조회서비스 응답 항목에 토양수분 필드 자체가 없어 변수 제외,"최근접 관측소 매칭(중심점법:exact(보정), 거리 14.28km)"
2025,강원특별자치도,철원군,51780,95,철원,14.28,11.55,-10.33,True,24.93,1605.8,1.27,1810.6,2561.6,0.15,-1.29,1.4,12.0,365,,이번 산출물에서 제외(사용자 요청) - 추후 국토지리정보원 자료로 보강 필요,ASOS 일자료 조회서비스 응답 항목에 토양수분 필드 자체가 없어 변수 제외,"최근접 관측소 매칭(중심점법:exact(보정), 거리 14.28km)"
2016,강원특별자치도,춘천시,51110,101,춘천,1.47,12.48,-7.04,True,25.08,1333.8,1.33,1978.4,2774.0,0.26,-1.5,1.57,11.0,366,,이번 산출물에서 제외(사용자 요청) - 추후 국토지리정보원 자료로 보강 필요,ASOS 일자료 조회서비스 응답 항목에 토양수분 필드 자체가 없어 변수 제외,"최근접 관측소 매칭(중심점법:exact(보정), 거리 1.47km)"
2017,강원특별자치도,춘천시,51110,101,춘천,1.47,11.78,-6.74,True,24.64,1217.2,1.35,1843.2,2610.6,-0.47,-1.87,0.97,12.0,365,,이번 산출물에서 제외(사용자 요청) - 추후 국토지리정보원 자료로 보강 필요,ASOS 일자료 조회서비스 응답 항목에 토양수분 필드 자체가 없어 변수 제외,"최근접 관측소 매칭(중심점법:exact(보정), 거리 1.47km)"
2018,강원특별자치도,춘천시,51110,101,춘천,1.47,11.68,-9.62,True,25.72,1401.5,1.48,1845.2,2607.6,0.26,-1.16,1.54,12.0,365,,이번 산출물에서 제외(사용자 요청) - 추후 국토지리정보원 자료로 보강 필요,ASOS 일자료 조회서비스 응답 항목에 토양수분 필드 자체가 없어 변수 제외,"최근접 관측소 매칭(중심점법:exact(보정), 거리 1.47km)"
2019,강원특별자치도,춘천시,51110,101,춘천,1.47,12.37,-7.9,True,24.65,923.2,1.33,1885.8,2633.1,-0.77,-1.62,-0.1,12.0,365,,이번 산출물에서 제외(사용자 요청) - 추후 국토지리정보원 자료로 보강 필요,ASOS 일자료 조회서비스 응답 항목에 토양수분 필드 자체가 없어 변수 제외,"최근접 관측소 매칭(중심점법:exact(보정), 거리 1.47km)"
2020,강원특별자치도,춘천시,51110,101,춘천,1.47,12.2,-4.18,True,24.71,1550.9,1.38,1737.8,2484.8,0.21,-1.4,1.56,12.0,366,,이번 산출물에서 제외(사용자 요청) - 추후 국토지리정보원 자료로 보강 필요,ASOS 일자료 조회서비스 응답 항목에 토양수분 필드 자체가 없어 변수 제외,"최근접 관측소 매칭(중심점법:exact(보정), 거리 1.47km)"
2021,강원특별자치도,춘천시,51110,101,춘천,1.47,12.43,-7.9,True,24.82,1045.9,1.39,1874.5,2668.1,-0.19,-2.05,1.71,12.0,365,,이번 산출물에서 제외(사용자 요청) - 추후 국토지리정보원 자료로 보강 필요,ASOS 일자료 조회서비스 응답 항목에 토양수분 필드 자체가 없어 변수 제외,"최근접 관측소 매칭(중심점법:exact(보정), 거리 1.47km)"
2022,강원특별자치도,춘천시,51110,101,춘천,1.47,11.92,-8.68,True,24.82,1728.4,1.38,1851.8,2637.1,0.44,-1.63,1.49,12.0,365,,이번 산출물에서 제외(사용자 요청) - 추후 국토지리정보원 자료로 보강 필요,ASOS 일자료 조회서비스 응답 항목에 토양수분 필드 자체가 없어 변수 제외,"최근접 관측소 매칭(중심점법:exact(보정), 거리 1.47km)"
2023,강원특별자치도,춘천시,51110,101,춘천,1.47,12.43,-8.44,True,24.83,1389.8,1.45,1880.6,2675.6,0.11,-0.81,1.26,12.0,365,,이번 산출물에서 제외(사용자 요청) - 추후 국토지리정보원 자료로 보강 필요,ASOS 일자료 조회서비스 응답 항목에 토양수분 필드 자체가 없어 변수 제외,"최근접 관측소 매칭(중심점법:exact(보정), 거리 1.47km)"
2024,강원특별자치도,춘천시,51110,101,춘천,1.47,13.39,-5.21,True,25.8,1219.6,1.34,2055.2,2880.7,0.19,-1.19,1.63,12.0,365,,이번 산출물에서 제외(사용자 요청) - 추후 국토지리정보원 자료로 보강 필요,ASOS 일자료 조회서비스 응답 항목에 토양수분 필드 자체가 없어 변수 제외,"최근접 관측소 매칭(중심점법:exact(보정), 거리 1.47km)"
2025,강원특별자치도,춘천시,51110,101,춘천,1.47,12.37,-8.34,True,25.81,1468.3,1.37,1953.6,2720.0,-0.02,-1.37,1.93,12.0,364,,이번 산출물에서 제외(사용자 요청) - 추후 국토지리정보원 자료로 보강 필요,ASOS 일자료 조회서비스 응답 항목에 토양수분 필드 자체가 없어 변수 제외,"최근접 관측소 매칭(중심점법:exact(보정), 거리 1.47km)"
2016,강원특별자치도,태백시,51190,216,태백,0.86,9.79,-7.49,True,21.11,1141.4,1.56,1240.2,1942.8,-0.18,-1.81,0.92,11.0,366,,이번 산출물에서 제외(사용자 요청) - 추후 국토지리정보원 자료로 보강 필요,ASOS 일자료 조회서비스 응답 항목에 토양수분 필드 자체가 없어 변수 제외,"최근접 관측소 매칭(중심점법:exact(보정), 거리 0.86km)"
2017,강원특별자치도,태백시,51190,216,태백,0.86,9.07,-7.56,True,20.38,933.8,1.55,1120.0,1801.6,-0.8,-2.23,0.6,12.0,365,,이번 산출물에서 제외(사용자 요청) - 추후 국토지리정보원 자료로 보강 필요,ASOS 일자료 조회서비스 응답 항목에 토양수분 필드 자체가 없어 변수 제외,"최근접 관측소 매칭(중심점법:exact(보정), 거리 0.86km)"
2018,강원특별자치도,태백시,51190,216,태백,0.86,9.36,-9.77,True,21.95,1489.3,1.57,1266.6,1925.4,0.59,-1.41,1.76,12.0,365,,이번 산출물에서 제외(사용자 요청) - 추후 국토지리정보원 자료로 보강 필요,ASOS 일자료 조회서비스 응답 항목에 토양수분 필드 자체가 없어 변수 제외,"최근접 관측소 매칭(중심점법:exact(보정), 거리 0.86km)"
2019,강원특별자치도,태백시,51190,216,태백,0.86,9.98,-7.77,True,20.69,1169.8,1.47,1232.8,1903.8,-0.19,-1.05,0.81,12.0,365,,이번 산출물에서 제외(사용자 요청) - 추후 국토지리정보원 자료로 보강 필요,ASOS 일자료 조회서비스 응답 항목에 토양수분 필드 자체가 없어 변수 제외,"최근접 관측소 매칭(중심점법:exact(보정), 거리 0.86km)"
2020,강원특별자치도,태백시,51190,216,태백,0.86,9.63,-5.57,True,20.92,1530.1,1.46,1149.6,1791.1,0.47,-1.91,1.93,12.0,366,,이번 산출물에서 제외(사용자 요청) - 추후 국토지리정보원 자료로 보강 필요,ASOS 일자료 조회서비스 응답 항목에 토양수분 필드 자체가 없어 변수 제외,"최근접 관측소 매칭(중심점법:exact(보정), 거리 0.86km)"
2021,강원특별자치도,태백시,51190,216,태백,0.86,9.59,-7.14,True,20.18,1207.4,1.38,1120.2,1774.0,0.03,-1.13,1.6,12.0,365,,이번 산출물에서 제외(사용자 요청) - 추후 국토지리정보원 자료로 보강 필요,ASOS 일자료 조회서비스 응답 항목에 토양수분 필드 자체가 없어 변수 제외,"최근접 관측소 매칭(중심점법:exact(보정), 거리 0.86km)"
2022,강원특별자치도,태백시,51190,216,태백,0.86,9.12,-9.16,True,20.97,1088.9,1.35,1212.2,1866.7,-0.49,-1.67,0.2,12.0,365,,이번 산출물에서 제외(사용자 요청) - 추후 국토지리정보원 자료로 보강 필요,ASOS 일자료 조회서비스 응답 항목에 토양수분 필드 자체가 없어 변수 제외,"최근접 관측소 매칭(중심점법:exact(보정), 거리 0.86km)"
2023,강원특별자치도,태백시,51190,216,태백,0.86,10.07,-9.11,True,21.66,1525.8,1.31,1291.3,1986.8,0.33,-1.51,2.19,12.0,365,,이번 산출물에서 제외(사용자 요청) - 추후 국토지리정보원 자료로 보강 필요,ASOS 일자료 조회서비스 응답 항목에 토양수분 필드 자체가 없어 변수 제외,"최근접 관측소 매칭(중심점법:exact(보정), 거리 0.86km)"
2024,강원특별자치도,태백시,51190,216,태백,0.86,10.73,-6.95,True,22.86,1327.4,1.44,1521.2,2258.3,0.61,-0.28,2.01,12.0,366,,이번 산출물에서 제외(사용자 요청) - 추후 국토지리정보원 자료로 보강 필요,ASOS 일자료 조회서비스 응답 항목에 토양수분 필드 자체가 없어 변수 제외,"최근접 관측소 매칭(중심점법:exact(보정), 거리 0.86km)"
2025,강원특별자치도,태백시,51190,216,태백,0.86,10.49,-8.44,True,23.2,1001.3,1.48,1484.2,2193.1,-0.39,-2.61,1.28,12.0,365,,이번 산출물에서 제외(사용자 요청) - 추후 국토지리정보원 자료로 보강 필요,ASOS 일자료 조회서비스 응답 항목에 토양수분 필드 자체가 없어 변수 제외,"최근접 관측소 매칭(중심점법:exact(보정), 거리 0.86km)"
2016,강원특별자치도,평창군,51760,100,대관령,24.67,8.09,-9.31,True,19.29,1184.0,3.36,948.6,1592.1,-0.28,-1.3,0.94,11.0,366,,이번 산출물에서 제외(사용자 요청) - 추후 국토지리정보원 자료로 보강 필요,ASOS 일자료 조회서비스 응답 항목에 토양수분 필드 자체가 없어 변수 제외,"최근접 관측소 매칭(중심점법:exact(보정), 거리 24.67km)"
2017,강원특별자치도,평창군,51760,100,대관령,24.67,7.32,-10.21,True,18.89,1025.3,3.48,861.6,1471.2,-0.64,-1.73,0.5,12.0,365,,이번 산출물에서 제외(사용자 요청) - 추후 국토지리정보원 자료로 보강 필요,ASOS 일자료 조회서비스 응답 항목에 토양수분 필드 자체가 없어 변수 제외,"최근접 관측소 매칭(중심점법:exact(보정), 거리 24.67km)"
2018,강원특별자치도,평창군,51760,100,대관령,24.67,7.26,-12.61,True,19.88,1731.4,3.51,937.0,1503.8,0.89,-0.75,1.95,12.0,365,,이번 산출물에서 제외(사용자 요청) - 추후 국토지리정보원 자료로 보강 필요,ASOS 일자료 조회서비스 응답 항목에 토양수분 필드 자체가 없어 변수 제외,"최근접 관측소 매칭(중심점법:exact(보정), 거리 24.67km)"
2019,강원특별자치도,평창군,51760,100,대관령,24.67,8.16,-10.73,True,19.18,1198.5,2.89,942.6,1549.6,-0.21,-1.09,0.92,12.0,365,,이번 산출물에서 제외(사용자 요청) - 추후 국토지리정보원 자료로 보강 필요,ASOS 일자료 조회서비스 응답 항목에 토양수분 필드 자체가 없어 변수 제외,"최근접 관측소 매칭(중심점법:exact(보정), 거리 24.67km)"
2020,강원특별자치도,평창군,51760,100,대관령,24.67,7.79,-8.0,True,19.59,1755.8,3.05,902.6,1477.4,0.84,-2.32,2.07,12.0,366,,이번 산출물에서 제외(사용자 요청) - 추후 국토지리정보원 자료로 보강 필요,ASOS 일자료 조회서비스 응답 항목에 토양수분 필드 자체가 없어 변수 제외,"최근접 관측소 매칭(중심점법:exact(보정), 거리 24.67km)"
2021,강원특별자치도,평창군,51760,100,대관령,24.67,7.97,-10.5,True,19.3,1027.3,2.99,930.4,1526.9,-0.4,-1.18,1.44,12.0,365,,이번 산출물에서 제외(사용자 요청) - 추후 국토지리정보원 자료로 보강 필요,ASOS 일자료 조회서비스 응답 항목에 토양수분 필드 자체가 없어 변수 제외,"최근접 관측소 매칭(중심점법:exact(보정), 거리 24.67km)"
2022,강원특별자치도,평창군,51760,100,대관령,24.67,7.62,-11.39,True,19.71,1361.2,3.09,995.7,1583.6,-0.06,-1.28,1.0,12.0,365,,이번 산출물에서 제외(사용자 요청) - 추후 국토지리정보원 자료로 보강 필요,ASOS 일자료 조회서비스 응답 항목에 토양수분 필드 자체가 없어 변수 제외,"최근접 관측소 매칭(중심점법:exact(보정), 거리 24.67km)"
2023,강원특별자치도,평창군,51760,100,대관령,24.67,8.59,-11.64,True,20.44,1291.8,2.96,1078.1,1700.0,-0.24,-1.67,0.91,12.0,365,,이번 산출물에서 제외(사용자 요청) - 추후 국토지리정보원 자료로 보강 필요,ASOS 일자료 조회서비스 응답 항목에 토양수분 필드 자체가 없어 변수 제외,"최근접 관측소 매칭(중심점법:exact(보정), 거리 24.67km)"
2024,강원특별자치도,평창군,51760,100,대관령,24.67,8.87,-9.1,True,21.18,1169.7,2.85,1179.6,1832.0,0.35,-1.03,2.19,12.0,366,,이번 산출물에서 제외(사용자 요청) - 추후 국토지리정보원 자료로 보강 필요,ASOS 일자료 조회서비스 응답 항목에 토양수분 필드 자체가 없어 변수 제외,"최근접 관측소 매칭(중심점법:exact(보정), 거리 24.67km)"
2025,강원특별자치도,평창군,51760,100,대관령,24.67,8.61,-10.91,True,21.5,1105.0,3.16,1178.2,1806.0,-0.29,-2.05,1.27,12.0,365,,이번 산출물에서 제외(사용자 요청) - 추후 국토지리정보원 자료로 보강 필요,ASOS 일자료 조회서비스 응답 항목에 토양수분 필드 자체가 없어 변수 제외,"최근접 관측소 매칭(중심점법:exact(보정), 거리 24.67km)"
2016,강원특별자치도,홍천군,51720,212,홍천,18.4,12.32,-7.11,True,24.99,967.9,1.17,1997.0,2792.5,-0.35,-1.76,0.52,11.0,366,,이번 산출물에서 제외(사용자 요청) - 추후 국토지리정보원 자료로 보강 필요,ASOS 일자료 조회서비스 응답 항목에 토양수분 필드 자체가 없어 변수 제외,"최근접 관측소 매칭(중심점법:exact(보정), 거리 18.4km)"
2017,강원특별자치도,홍천군,51720,212,홍천,18.4,11.34,-7.36,True,24.27,1192.2,1.17,1803.3,2567.0,-0.49,-1.77,1.0,12.0,365,,이번 산출물에서 제외(사용자 요청) - 추후 국토지리정보원 자료로 보강 필요,ASOS 일자료 조회서비스 응답 항목에 토양수분 필드 자체가 없어 변수 제외,"최근접 관측소 매칭(중심점법:exact(보정), 거리 18.4km)"
2018,강원특별자치도,홍천군,51720,212,홍천,18.4,11.28,-10.15,True,25.5,1348.6,1.22,1819.2,2569.5,0.34,-1.04,1.91,12.0,365,,이번 산출물에서 제외(사용자 요청) - 추후 국토지리정보원 자료로 보강 필요,ASOS 일자료 조회서비스 응답 항목에 토양수분 필드 자체가 없어 변수 제외,"최근접 관측소 매칭(중심점법:exact(보정), 거리 18.4km)"
2019,강원특별자치도,홍천군,51720,212,홍천,18.4,12.21,-8.01,True,24.47,871.4,1.15,1885.6,2638.5,-0.67,-1.86,-0.04,12.0,365,,이번 산출물에서 제외(사용자 요청) - 추후 국토지리정보원 자료로 보강 필요,ASOS 일자료 조회서비스 응답 항목에 토양수분 필드 자체가 없어 변수 제외,"최근접 관측소 매칭(중심점법:exact(보정), 거리 18.4km)"
2020,강원특별자치도,홍천군,51720,212,홍천,18.4,11.62,-4.48,True,23.87,1485.8,1.15,1623.6,2354.5,0.16,-1.92,1.46,12.0,366,,이번 산출물에서 제외(사용자 요청) - 추후 국토지리정보원 자료로 보강 필요,ASOS 일자료 조회서비스 응답 항목에 토양수분 필드 자체가 없어 변수 제외,"최근접 관측소 매칭(중심점법:exact(보정), 거리 18.4km)"
2021,강원특별자치도,홍천군,51720,212,홍천,18.4,11.79,-8.06,True,23.92,950.3,1.1,1740.4,2507.8,-0.22,-1.79,1.56,12.0,365,,이번 산출물에서 제외(사용자 요청) - 추후 국토지리정보원 자료로 보강 필요,ASOS 일자료 조회서비스 응답 항목에 토양수분 필드 자체가 없어 변수 제외,"최근접 관측소 매칭(중심점법:exact(보정), 거리 18.4km)"
2022,강원특별자치도,홍천군,51720,212,홍천,18.4,11.19,-8.63,True,23.94,1707.7,1.01,1715.0,2477.3,0.46,-1.43,1.7,12.0,365,,이번 산출물에서 제외(사용자 요청) - 추후 국토지리정보원 자료로 보강 필요,ASOS 일자료 조회서비스 응답 항목에 토양수분 필드 자체가 없어 변수 제외,"최근접 관측소 매칭(중심점법:exact(보정), 거리 18.4km)"
2023,강원특별자치도,홍천군,51720,212,홍천,18.4,12.15,-8.63,True,24.51,1392.4,0.9,1863.0,2663.8,0.19,-1.37,1.45,12.0,365,,이번 산출물에서 제외(사용자 요청) - 추후 국토지리정보원 자료로 보강 필요,ASOS 일자료 조회서비스 응답 항목에 토양수분 필드 자체가 없어 변수 제외,"최근접 관측소 매칭(중심점법:exact(보정), 거리 18.4km)"
2024,강원특별자치도,홍천군,51720,212,홍천,18.4,12.96,-4.88,True,25.35,1244.7,0.89,2051.1,2876.7,0.57,-0.39,2.24,12.0,366,,이번 산출물에서 제외(사용자 요청) - 추후 국토지리정보원 자료로 보강 필요,ASOS 일자료 조회서비스 응답 항목에 토양수분 필드 자체가 없어 변수 제외,"최근접 관측소 매칭(중심점법:exact(보정), 거리 18.4km)"
2025,강원특별자치도,홍천군,51720,212,홍천,18.4,12.46,-8.17,True,25.44,1287.8,0.9,1968.2,2740.8,-0.04,-1.28,1.88,12.0,365,,이번 산출물에서 제외(사용자 요청) - 추후 국토지리정보원 자료로 보강 필요,ASOS 일자료 조회서비스 응답 항목에 토양수분 필드 자체가 없어 변수 제외,"최근접 관측소 매칭(중심점법:exact(보정), 거리 18.4km)"
2016,강원특별자치도,화천군,51790,93,북춘천,22.09,6.34,,False,,208.4,0.88,110.0,229.6,1.23,1.23,1.23,1.0,92,,이번 산출물에서 제외(사용자 요청) - 추후 국토지리정보원 자료로 보강 필요,ASOS 일자료 조회서비스 응답 항목에 토양수분 필드 자체가 없어 변수 제외,"최근접 관측소 매칭(중심점법:exact(보정), 거리 22.09km)"
2017,강원특별자치도,화천군,51790,93,북춘천,22.09,11.41,-7.66,True,24.36,1133.4,1.28,1793.2,2552.8,-0.47,-2.05,1.12,12.0,365,,이번 산출물에서 제외(사용자 요청) - 추후 국토지리정보원 자료로 보강 필요,ASOS 일자료 조회서비스 응답 항목에 토양수분 필드 자체가 없어 변수 제외,"최근접 관측소 매칭(중심점법:exact(보정), 거리 22.09km)"
2018,강원특별자치도,화천군,51790,93,북춘천,22.09,11.24,-10.82,True,25.3,1261.9,1.35,1765.7,2515.0,0.12,-1.35,1.52,12.0,365,,이번 산출물에서 제외(사용자 요청) - 추후 국토지리정보원 자료로 보강 필요,ASOS 일자료 조회서비스 응답 항목에 토양수분 필드 자체가 없어 변수 제외,"최근접 관측소 매칭(중심점법:exact(보정), 거리 22.09km)"
2019,강원특별자치도,화천군,51790,93,북춘천,22.09,11.77,-8.85,True,24.04,931.8,1.16,1764.0,2492.9,-0.68,-1.48,0.01,12.0,365,,이번 산출물에서 제외(사용자 요청) - 추후 국토지리정보원 자료로 보강 필요,ASOS 일자료 조회서비스 응답 항목에 토양수분 필드 자체가 없어 변수 제외,"최근접 관측소 매칭(중심점법:exact(보정), 거리 22.09km)"
2020,강원특별자치도,화천군,51790,93,북춘천,22.09,11.46,-5.43,True,24.13,1561.4,1.26,1617.9,2323.6,0.2,-1.56,1.84,12.0,366,,이번 산출물에서 제외(사용자 요청) - 추후 국토지리정보원 자료로 보강 필요,ASOS 일자료 조회서비스 응답 항목에 토양수분 필드 자체가 없어 변수 제외,"최근접 관측소 매칭(중심점법:exact(보정), 거리 22.09km)"
2021,강원특별자치도,화천군,51790,93,북춘천,22.09,11.65,-9.17,True,24.2,1065.2,1.19,1741.8,2485.3,-0.05,-1.77,1.9,12.0,365,,이번 산출물에서 제외(사용자 요청) - 추후 국토지리정보원 자료로 보강 필요,ASOS 일자료 조회서비스 응답 항목에 토양수분 필드 자체가 없어 변수 제외,"최근접 관측소 매칭(중심점법:exact(보정), 거리 22.09km)"
2022,강원특별자치도,화천군,51790,93,북춘천,22.09,11.0,-9.83,True,24.14,1590.8,1.2,1709.0,2454.4,0.39,-1.57,1.32,12.0,365,,이번 산출물에서 제외(사용자 요청) - 추후 국토지리정보원 자료로 보강 필요,ASOS 일자료 조회서비스 응답 항목에 토양수분 필드 자체가 없어 변수 제외,"최근접 관측소 매칭(중심점법:exact(보정), 거리 22.09km)"
2023,강원특별자치도,화천군,51790,93,북춘천,22.09,12.0,-9.78,True,24.85,1366.8,1.13,1859.8,2642.4,0.2,-0.86,1.57,12.0,365,,이번 산출물에서 제외(사용자 요청) - 추후 국토지리정보원 자료로 보강 필요,ASOS 일자료 조회서비스 응답 항목에 토양수분 필드 자체가 없어 변수 제외,"최근접 관측소 매칭(중심점법:exact(보정), 거리 22.09km)"
2024,강원특별자치도,화천군,51790,93,북춘천,22.09,12.92,-5.83,True,25.75,1162.3,1.17,2041.0,2859.0,0.22,-0.92,1.67,12.0,366,,이번 산출물에서 제외(사용자 요청) - 추후 국토지리정보원 자료로 보강 필요,ASOS 일자료 조회서비스 응답 항목에 토양수분 필드 자체가 없어 변수 제외,"최근접 관측소 매칭(중심점법:exact(보정), 거리 22.09km)"
2025,강원특별자치도,화천군,51790,93,북춘천,22.09,12.04,-9.47,True,25.66,1360.1,1.16,1963.8,2725.7,-0.03,-1.3,1.64,12.0,365,,이번 산출물에서 제외(사용자 요청) - 추후 국토지리정보원 자료로 보강 필요,ASOS 일자료 조회서비스 응답 항목에 토양수분 필드 자체가 없어 변수 제외,"최근접 관측소 매칭(중심점법:exact(보정), 거리 22.09km)"
2016,강원특별자치도,횡성군,51730,114,원주,22.29,13.39,-4.26,True,25.47,874.6,1.07,2064.8,2890.4,-0.35,-2.01,0.75,11.0,366,,이번 산출물에서 제외(사용자 요청) - 추후 국토지리정보원 자료로 보강 필요,ASOS 일자료 조회서비스 응답 항목에 토양수분 필드 자체가 없어 변수 제외,"최근접 관측소 매칭(중심점법:exact(보정), 거리 22.29km)"
2017,강원특별자치도,횡성군,51730,114,원주,22.29,12.14,-5.08,True,24.03,1063.6,1.0,1784.4,2561.2,-0.53,-2.28,0.94,12.0,365,,이번 산출물에서 제외(사용자 요청) - 추후 국토지리정보원 자료로 보강 필요,ASOS 일자료 조회서비스 응답 항목에 토양수분 필드 자체가 없어 변수 제외,"최근접 관측소 매칭(중심점법:exact(보정), 거리 22.29km)"
2018,강원특별자치도,횡성군,51730,114,원주,22.29,12.47,-6.95,True,25.88,1229.2,1.06,1895.6,2677.0,0.36,-0.88,1.99,12.0,365,,이번 산출물에서 제외(사용자 요청) - 추후 국토지리정보원 자료로 보강 필요,ASOS 일자료 조회서비스 응답 항목에 토양수분 필드 자체가 없어 변수 제외,"최근접 관측소 매칭(중심점법:exact(보정), 거리 22.29km)"
2019,강원특별자치도,횡성군,51730,114,원주,22.29,13.02,-5.28,True,24.52,771.9,1.0,1875.1,2648.7,-0.73,-2.14,0.34,12.0,365,,이번 산출물에서 제외(사용자 요청) - 추후 국토지리정보원 자료로 보강 필요,ASOS 일자료 조회서비스 응답 항목에 토양수분 필드 자체가 없어 변수 제외,"최근접 관측소 매칭(중심점법:exact(보정), 거리 22.29km)"
2020,강원특별자치도,횡성군,51730,114,원주,22.29,12.78,-2.56,True,24.63,1317.0,1.06,1753.8,2526.0,0.23,-2.25,1.91,12.0,366,,이번 산출물에서 제외(사용자 요청) - 추후 국토지리정보원 자료로 보강 필요,ASOS 일자료 조회서비스 응답 항목에 토양수분 필드 자체가 없어 변수 제외,"최근접 관측소 매칭(중심점법:exact(보정), 거리 22.29km)"
2021,강원특별자치도,횡성군,51730,114,원주,22.29,13.0,-5.73,True,24.55,1113.0,1.04,1837.9,2646.0,-0.06,-1.61,1.39,12.0,365,,이번 산출물에서 제외(사용자 요청) - 추후 국토지리정보원 자료로 보강 필요,ASOS 일자료 조회서비스 응답 항목에 토양수분 필드 자체가 없어 변수 제외,"최근접 관측소 매칭(중심점법:exact(보정), 거리 22.29km)"
2022,강원특별자치도,횡성군,51730,114,원주,22.29,12.5,-5.96,True,24.73,1394.0,1.06,1856.5,2656.6,0.21,-1.41,1.4,12.0,365,,이번 산출물에서 제외(사용자 요청) - 추후 국토지리정보원 자료로 보강 필요,ASOS 일자료 조회서비스 응답 항목에 토양수분 필드 자체가 없어 변수 제외,"최근접 관측소 매칭(중심점법:exact(보정), 거리 22.29km)"
2023,강원특별자치도,횡성군,51730,114,원주,22.29,13.5,-6.27,True,25.23,1391.7,0.99,2006.9,2839.2,0.09,-2.05,1.41,12.0,365,,이번 산출물에서 제외(사용자 요청) - 추후 국토지리정보원 자료로 보강 필요,ASOS 일자료 조회서비스 응답 항목에 토양수분 필드 자체가 없어 변수 제외,"최근접 관측소 매칭(중심점법:exact(보정), 거리 22.29km)"
2024,강원특별자치도,횡성군,51730,114,원주,22.29,14.55,-2.42,True,26.31,1374.5,0.98,2274.2,3124.3,0.81,-0.01,1.76,12.0,366,,이번 산출물에서 제외(사용자 요청) - 추후 국토지리정보원 자료로 보강 필요,ASOS 일자료 조회서비스 응답 항목에 토양수분 필드 자체가 없어 변수 제외,"최근접 관측소 매칭(중심점법:exact(보정), 거리 22.29km)"
2025,강원특별자치도,횡성군,51730,114,원주,22.29,13.44,-5.26,True,26.35,1154.4,1.29,2138.9,2930.1,-0.07,-1.27,1.42,12.0,365,,이번 산출물에서 제외(사용자 요청) - 추후 국토지리정보원 자료로 보강 필요,ASOS 일자료 조회서비스 응답 항목에 토양수분 필드 자체가 없어 변수 제외,"최근접 관측소 매칭(중심점법:exact(보정), 거리 22.29km)"
2016,경기도,가평군,41820,101,춘천,26.75,12.48,-7.04,True,25.08,1333.8,1.33,1978.4,2774.0,0.26,-1.5,1.57,11.0,366,,이번 산출물에서 제외(사용자 요청) - 추후 국토지리정보원 자료로 보강 필요,ASOS 일자료 조회서비스 응답 항목에 토양수분 필드 자체가 없어 변수 제외,"최근접 관측소 매칭(중심점법:exact, 거리 26.75km)"
2017,경기도,가평군,41820,101,춘천,26.75,11.78,-6.74,True,24.64,1217.2,1.35,1843.2,2610.6,-0.47,-1.87,0.97,12.0,365,,이번 산출물에서 제외(사용자 요청) - 추후 국토지리정보원 자료로 보강 필요,ASOS 일자료 조회서비스 응답 항목에 토양수분 필드 자체가 없어 변수 제외,"최근접 관측소 매칭(중심점법:exact, 거리 26.75km)"
2018,경기도,가평군,41820,101,춘천,26.75,11.68,-9.62,True,25.72,1401.5,1.48,1845.2,2607.6,0.26,-1.16,1.54,12.0,365,,이번 산출물에서 제외(사용자 요청) - 추후 국토지리정보원 자료로 보강 필요,ASOS 일자료 조회서비스 응답 항목에 토양수분 필드 자체가 없어 변수 제외,"최근접 관측소 매칭(중심점법:exact, 거리 26.75km)"
2019,경기도,가평군,41820,101,춘천,26.75,12.37,-7.9,True,24.65,923.2,1.33,1885.8,2633.1,-0.77,-1.62,-0.1,12.0,365,,이번 산출물에서 제외(사용자 요청) - 추후 국토지리정보원 자료로 보강 필요,ASOS 일자료 조회서비스 응답 항목에 토양수분 필드 자체가 없어 변수 제외,"최근접 관측소 매칭(중심점법:exact, 거리 26.75km)"
2020,경기도,가평군,41820,101,춘천,26.75,12.2,-4.18,True,24.71,1550.9,1.38,1737.8,2484.8,0.21,-1.4,1.56,12.0,366,,이번 산출물에서 제외(사용자 요청) - 추후 국토지리정보원 자료로 보강 필요,ASOS 일자료 조회서비스 응답 항목에 토양수분 필드 자체가 없어 변수 제외,"최근접 관측소 매칭(중심점법:exact, 거리 26.75km)"
2021,경기도,가평군,41820,101,춘천,26.75,12.43,-7.9,True,24.82,1045.9,1.39,1874.5,2668.1,-0.19,-2.05,1.71,12.0,365,,이번 산출물에서 제외(사용자 요청) - 추후 국토지리정보원 자료로 보강 필요,ASOS 일자료 조회서비스 응답 항목에 토양수분 필드 자체가 없어 변수 제외,"최근접 관측소 매칭(중심점법:exact, 거리 26.75km)"
2022,경기도,가평군,41820,101,춘천,26.75,11.92,-8.68,True,24.82,1728.4,1.38,1851.8,2637.1,0.44,-1.63,1.49,12.0,365,,이번 산출물에서 제외(사용자 요청) - 추후 국토지리정보원 자료로 보강 필요,ASOS 일자료 조회서비스 응답 항목에 토양수분 필드 자체가 없어 변수 제외,"최근접 관측소 매칭(중심점법:exact, 거리 26.75km)"
2023,경기도,가평군,41820,101,춘천,26.75,12.43,-8.44,True,24.83,1389.8,1.45,1880.6,2675.6,0.11,-0.81,1.26,12.0,365,,이번 산출물에서 제외(사용자 요청) - 추후 국토지리정보원 자료로 보강 필요,ASOS 일자료 조회서비스 응답 항목에 토양수분 필드 자체가 없어 변수 제외,"최근접 관측소 매칭(중심점법:exact, 거리 26.75km)"
2024,경기도,가평군,41820,101,춘천,26.75,13.39,-5.21,True,25.8,1219.6,1.34,2055.2,2880.7,0.19,-1.19,1.63,12.0,365,,이번 산출물에서 제외(사용자 요청) - 추후 국토지리정보원 자료로 보강 필요,ASOS 일자료 조회서비스 응답 항목에 토양수분 필드 자체가 없어 변수 제외,"최근접 관측소 매칭(중심점법:exact, 거리 26.75km)"
2025,경기도,가평군,41820,101,춘천,26.75,12.37,-8.34,True,25.81,1468.3,1.37,1953.6,2720.0,-0.02,-1.37,1.93,12.0,364,,이번 산출물에서 제외(사용자 요청) - 추후 국토지리정보원 자료로 보강 필요,ASOS 일자료 조회서비스 응답 항목에 토양수분 필드 자체가 없어 변수 제외,"최근접 관측소 매칭(중심점법:exact, 거리 26.75km)"
2016,경기도,고양시 덕양구,41281,108,서울,12.13,13.59,-4.34,True,25.97,991.7,2.28,2199.9,3030.6,-0.4,-1.7,0.62,11.0,366,,이번 산출물에서 제외(사용자 요청) - 추후 국토지리정보원 자료로 보강 필요,ASOS 일자료 조회서비스 응답 항목에 토양수분 필드 자체가 없어 변수 제외,"최근접 관측소 매칭(중심점법:stem_avg, 거리 12.13km)"
2017,경기도,고양시 덕양구,41281,108,서울,12.13,13.07,-4.39,True,25.39,1233.2,2.21,2100.6,2899.3,-0.67,-1.85,0.88,12.0,365,,이번 산출물에서 제외(사용자 요청) - 추후 국토지리정보원 자료로 보강 필요,ASOS 일자료 조회서비스 응답 항목에 토양수분 필드 자체가 없어 변수 제외,"최근접 관측소 매칭(중심점법:stem_avg, 거리 12.13km)"
2018,경기도,고양시 덕양구,41281,108,서울,12.13,13.0,-6.33,True,26.6,1284.1,1.73,2069.6,2878.0,0.19,-1.33,1.46,12.0,365,,이번 산출물에서 제외(사용자 요청) - 추후 국토지리정보원 자료로 보강 필요,ASOS 일자료 조회서비스 응답 항목에 토양수분 필드 자체가 없어 변수 제외,"최근접 관측소 매칭(중심점법:stem_avg, 거리 12.13km)"
2019,경기도,고양시 덕양구,41281,108,서울,12.13,13.6,-4.36,True,25.22,891.3,1.95,2062.6,2861.8,-0.89,-2.16,0.08,12.0,365,,이번 산출물에서 제외(사용자 요청) - 추후 국토지리정보원 자료로 보강 필요,ASOS 일자료 조회서비스 응답 항목에 토양수분 필드 자체가 없어 변수 제외,"최근접 관측소 매칭(중심점법:stem_avg, 거리 12.13km)"
2020,경기도,고양시 덕양구,41281,108,서울,12.13,13.27,-1.88,True,24.86,1651.1,2.36,1872.2,2684.3,0.35,-1.16,1.35,12.0,366,,이번 산출물에서 제외(사용자 요청) - 추후 국토지리정보원 자료로 보강 필요,ASOS 일자료 조회서비스 응답 항목에 토양수분 필드 자체가 없어 변수 제외,"최근접 관측소 매칭(중심점법:stem_avg, 거리 12.13km)"
2021,경기도,고양시 덕양구,41281,108,서울,12.13,13.75,-4.48,True,25.63,1186.5,2.31,2045.2,2899.6,0.07,-1.12,1.87,12.0,365,,이번 산출물에서 제외(사용자 요청) - 추후 국토지리정보원 자료로 보강 필요,ASOS 일자료 조회서비스 응답 항목에 토양수분 필드 자체가 없어 변수 제외,"최근접 관측소 매칭(중심점법:stem_avg, 거리 12.13km)"
2022,경기도,고양시 덕양구,41281,108,서울,12.13,13.3,-5.02,True,25.48,1775.3,2.37,2058.6,2907.0,0.37,-1.54,1.56,12.0,365,,이번 산출물에서 제외(사용자 요청) - 추후 국토지리정보원 자료로 보강 필요,ASOS 일자료 조회서비스 응답 항목에 토양수분 필드 자체가 없어 변수 제외,"최근접 관측소 매칭(중심점법:stem_avg, 거리 12.13km)"
2023,경기도,고양시 덕양구,41281,108,서울,12.13,14.11,-4.8,True,25.78,1598.8,2.27,2196.9,3040.7,0.34,-0.76,1.35,12.0,365,,이번 산출물에서 제외(사용자 요청) - 추후 국토지리정보원 자료로 보강 필요,ASOS 일자료 조회서비스 응답 항목에 토양수분 필드 자체가 없어 변수 제외,"최근접 관측소 매칭(중심점법:stem_avg, 거리 12.13km)"
2024,경기도,고양시 덕양구,41281,108,서울,12.13,14.88,-2.12,True,26.87,1311.4,2.31,2412.2,3260.6,0.34,-0.89,1.83,12.0,366,,이번 산출물에서 제외(사용자 요청) - 추후 국토지리정보원 자료로 보강 필요,ASOS 일자료 조회서비스 응답 항목에 토양수분 필드 자체가 없어 변수 제외,"최근접 관측소 매칭(중심점법:stem_avg, 거리 12.13km)"
2025,경기도,고양시 덕양구,41281,108,서울,12.13,14.15,-4.06,True,27.05,1582.4,2.33,2244.3,3073.0,0.25,-0.97,1.92,12.0,365,,이번 산출물에서 제외(사용자 요청) - 추후 국토지리정보원 자료로 보강 필요,ASOS 일자료 조회서비스 응답 항목에 토양수분 필드 자체가 없어 변수 제외,"최근접 관측소 매칭(중심점법:stem_avg, 거리 12.13km)"
2016,경기도,고양시 일산동구,41285,108,서울,19.08,13.59,-4.34,True,25.97,991.7,2.28,2199.9,3030.6,-0.4,-1.7,0.62,11.0,366,,이번 산출물에서 제외(사용자 요청) - 추후 국토지리정보원 자료로 보강 필요,ASOS 일자료 조회서비스 응답 항목에 토양수분 필드 자체가 없어 변수 제외,"최근접 관측소 매칭(중심점법:stem_avg, 거리 19.08km)"
2017,경기도,고양시 일산동구,41285,108,서울,19.08,13.07,-4.39,True,25.39,1233.2,2.21,2100.6,2899.3,-0.67,-1.85,0.88,12.0,365,,이번 산출물에서 제외(사용자 요청) - 추후 국토지리정보원 자료로 보강 필요,ASOS 일자료 조회서비스 응답 항목에 토양수분 필드 자체가 없어 변수 제외,"최근접 관측소 매칭(중심점법:stem_avg, 거리 19.08km)"
2018,경기도,고양시 일산동구,41285,108,서울,19.08,13.0,-6.33,True,26.6,1284.1,1.73,2069.6,2878.0,0.19,-1.33,1.46,12.0,365,,이번 산출물에서 제외(사용자 요청) - 추후 국토지리정보원 자료로 보강 필요,ASOS 일자료 조회서비스 응답 항목에 토양수분 필드 자체가 없어 변수 제외,"최근접 관측소 매칭(중심점법:stem_avg, 거리 19.08km)"
2019,경기도,고양시 일산동구,41285,108,서울,19.08,13.6,-4.36,True,25.22,891.3,1.95,2062.6,2861.8,-0.89,-2.16,0.08,12.0,365,,이번 산출물에서 제외(사용자 요청) - 추후 국토지리정보원 자료로 보강 필요,ASOS 일자료 조회서비스 응답 항목에 토양수분 필드 자체가 없어 변수 제외,"최근접 관측소 매칭(중심점법:stem_avg, 거리 19.08km)"
2020,경기도,고양시 일산동구,41285,108,서울,19.08,13.27,-1.88,True,24.86,1651.1,2.36,1872.2,2684.3,0.35,-1.16,1.35,12.0,366,,이번 산출물에서 제외(사용자 요청) - 추후 국토지리정보원 자료로 보강 필요,ASOS 일자료 조회서비스 응답 항목에 토양수분 필드 자체가 없어 변수 제외,"최근접 관측소 매칭(중심점법:stem_avg, 거리 19.08km)"
2021,경기도,고양시 일산동구,41285,108,서울,19.08,13.75,-4.48,True,25.63,1186.5,2.31,2045.2,2899.6,0.07,-1.12,1.87,12.0,365,,이번 산출물에서 제외(사용자 요청) - 추후 국토지리정보원 자료로 보강 필요,ASOS 일자료 조회서비스 응답 항목에 토양수분 필드 자체가 없어 변수 제외,"최근접 관측소 매칭(중심점법:stem_avg, 거리 19.08km)"
2022,경기도,고양시 일산동구,41285,108,서울,19.08,13.3,-5.02,True,25.48,1775.3,2.37,2058.6,2907.0,0.37,-1.54,1.56,12.0,365,,이번 산출물에서 제외(사용자 요청) - 추후 국토지리정보원 자료로 보강 필요,ASOS 일자료 조회서비스 응답 항목에 토양수분 필드 자체가 없어 변수 제외,"최근접 관측소 매칭(중심점법:stem_avg, 거리 19.08km)"
2023,경기도,고양시 일산동구,41285,108,서울,19.08,14.11,-4.8,True,25.78,1598.8,2.27,2196.9,3040.7,0.34,-0.76,1.35,12.0,365,,이번 산출물에서 제외(사용자 요청) - 추후 국토지리정보원 자료로 보강 필요,ASOS 일자료 조회서비스 응답 항목에 토양수분 필드 자체가 없어 변수 제외,"최근접 관측소 매칭(중심점법:stem_avg, 거리 19.08km)"
2024,경기도,고양시 일산동구,41285,108,서울,19.08,14.88,-2.12,True,26.87,1311.4,2.31,2412.2,3260.6,0.34,-0.89,1.83,12.0,366,,이번 산출물에서 제외(사용자 요청) - 추후 국토지리정보원 자료로 보강 필요,ASOS 일자료 조회서비스 응답 항목에 토양수분 필드 자체가 없어 변수 제외,"최근접 관측소 매칭(중심점법:stem_avg, 거리 19.08km)"
2025,경기도,고양시 일산동구,41285,108,서울,19.08,14.15,-4.06,True,27.05,1582.4,2.33,2244.3,3073.0,0.25,-0.97,1.92,12.0,365,,이번 산출물에서 제외(사용자 요청) - 추후 국토지리정보원 자료로 보강 필요,ASOS 일자료 조회서비스 응답 항목에 토양수분 필드 자체가 없어 변수 제외,"최근접 관측소 매칭(중심점법:stem_avg, 거리 19.08km)"
2016,경기도,고양시 일산서구,41287,99,파주,23.08,11.71,-7.92,True,23.98,1163.9,1.55,1832.4,2623.2,0.21,-1.02,1.54,11.0,366,,이번 산출물에서 제외(사용자 요청) - 추후 국토지리정보원 자료로 보강 필요,ASOS 일자료 조회서비스 응답 항목에 토양수분 필드 자체가 없어 변수 제외,"최근접 관측소 매칭(중심점법:stem_avg, 거리 23.08km)"
2017,경기도,고양시 일산서구,41287,99,파주,23.08,10.64,-8.18,True,23.32,947.8,1.43,1644.0,2382.3,-0.79,-2.27,0.59,12.0,365,,이번 산출물에서 제외(사용자 요청) - 추후 국토지리정보원 자료로 보강 필요,ASOS 일자료 조회서비스 응답 항목에 토양수분 필드 자체가 없어 변수 제외,"최근접 관측소 매칭(중심점법:stem_avg, 거리 23.08km)"
2018,경기도,고양시 일산서구,41287,99,파주,23.08,10.52,-11.46,True,24.29,1009.5,1.49,1659.2,2390.8,-0.26,-1.73,1.17,12.0,365,,이번 산출물에서 제외(사용자 요청) - 추후 국토지리정보원 자료로 보강 필요,ASOS 일자료 조회서비스 응답 항목에 토양수분 필드 자체가 없어 변수 제외,"최근접 관측소 매칭(중심점법:stem_avg, 거리 23.08km)"
2019,경기도,고양시 일산서구,41287,99,파주,23.08,11.31,-9.37,True,23.41,1022.4,1.31,1654.3,2372.6,-0.66,-1.63,0.9,12.0,365,,이번 산출물에서 제외(사용자 요청) - 추후 국토지리정보원 자료로 보강 필요,ASOS 일자료 조회서비스 응답 항목에 토양수분 필드 자체가 없어 변수 제외,"최근접 관측소 매칭(중심점법:stem_avg, 거리 23.08km)"
2020,경기도,고양시 일산서구,41287,99,파주,23.08,11.18,-5.32,True,23.29,1612.3,1.4,1553.0,2253.0,0.44,-1.25,1.68,12.0,366,,이번 산출물에서 제외(사용자 요청) - 추후 국토지리정보원 자료로 보강 필요,ASOS 일자료 조회서비스 응답 항목에 토양수분 필드 자체가 없어 변수 제외,"최근접 관측소 매칭(중심점법:stem_avg, 거리 23.08km)"
2021,경기도,고양시 일산서구,41287,99,파주,23.08,11.58,-8.97,True,23.79,1037.9,1.39,1709.0,2458.8,-0.08,-1.56,1.76,12.0,365,,이번 산출물에서 제외(사용자 요청) - 추후 국토지리정보원 자료로 보강 필요,ASOS 일자료 조회서비스 응답 항목에 토양수분 필드 자체가 없어 변수 제외,"최근접 관측소 매칭(중심점법:stem_avg, 거리 23.08km)"
2022,경기도,고양시 일산서구,41287,99,파주,23.08,10.75,-10.23,True,23.58,1730.5,1.26,1623.8,2368.8,0.4,-1.52,1.38,12.0,365,,이번 산출물에서 제외(사용자 요청) - 추후 국토지리정보원 자료로 보강 필요,ASOS 일자료 조회서비스 응답 항목에 토양수분 필드 자체가 없어 변수 제외,"최근접 관측소 매칭(중심점법:stem_avg, 거리 23.08km)"
2023,경기도,고양시 일산서구,41287,99,파주,23.08,11.8,-9.55,True,23.98,1438.0,1.29,1786.3,2557.2,0.16,-0.78,1.02,12.0,365,,이번 산출물에서 제외(사용자 요청) - 추후 국토지리정보원 자료로 보강 필요,ASOS 일자료 조회서비스 응답 항목에 토양수분 필드 자체가 없어 변수 제외,"최근접 관측소 매칭(중심점법:stem_avg, 거리 23.08km)"
2024,경기도,고양시 일산서구,41287,99,파주,23.08,12.53,-5.92,True,24.99,1472.6,1.3,1957.4,2763.4,0.27,-1.11,2.02,12.0,366,,이번 산출물에서 제외(사용자 요청) - 추후 국토지리정보원 자료로 보강 필요,ASOS 일자료 조회서비스 응답 항목에 토양수분 필드 자체가 없어 변수 제외,"최근접 관측소 매칭(중심점법:stem_avg, 거리 23.08km)"
2025,경기도,고양시 일산서구,41287,99,파주,23.08,11.64,-9.5,True,24.83,1620.9,1.29,1826.6,2577.2,0.32,-1.15,1.57,12.0,365,,이번 산출물에서 제외(사용자 요청) - 추후 국토지리정보원 자료로 보강 필요,ASOS 일자료 조회서비스 응답 항목에 토양수분 필드 자체가 없어 변수 제외,"최근접 관측소 매칭(중심점법:stem_avg, 거리 23.08km)"
2016,경기도,과천시,41290,108,서울,15.65,13.59,-4.34,True,25.97,991.7,2.28,2199.9,3030.6,-0.4,-1.7,0.62,11.0,366,,이번 산출물에서 제외(사용자 요청) - 추후 국토지리정보원 자료로 보강 필요,ASOS 일자료 조회서비스 응답 항목에 토양수분 필드 자체가 없어 변수 제외,"최근접 관측소 매칭(중심점법:exact, 거리 15.65km)"
2017,경기도,과천시,41290,108,서울,15.65,13.07,-4.39,True,25.39,1233.2,2.21,2100.6,2899.3,-0.67,-1.85,0.88,12.0,365,,이번 산출물에서 제외(사용자 요청) - 추후 국토지리정보원 자료로 보강 필요,ASOS 일자료 조회서비스 응답 항목에 토양수분 필드 자체가 없어 변수 제외,"최근접 관측소 매칭(중심점법:exact, 거리 15.65km)"
2018,경기도,과천시,41290,108,서울,15.65,13.0,-6.33,True,26.6,1284.1,1.73,2069.6,2878.0,0.19,-1.33,1.46,12.0,365,,이번 산출물에서 제외(사용자 요청) - 추후 국토지리정보원 자료로 보강 필요,ASOS 일자료 조회서비스 응답 항목에 토양수분 필드 자체가 없어 변수 제외,"최근접 관측소 매칭(중심점법:exact, 거리 15.65km)"
2019,경기도,과천시,41290,108,서울,15.65,13.6,-4.36,True,25.22,891.3,1.95,2062.6,2861.8,-0.89,-2.16,0.08,12.0,365,,이번 산출물에서 제외(사용자 요청) - 추후 국토지리정보원 자료로 보강 필요,ASOS 일자료 조회서비스 응답 항목에 토양수분 필드 자체가 없어 변수 제외,"최근접 관측소 매칭(중심점법:exact, 거리 15.65km)"
2020,경기도,과천시,41290,108,서울,15.65,13.27,-1.88,True,24.86,1651.1,2.36,1872.2,2684.3,0.35,-1.16,1.35,12.0,366,,이번 산출물에서 제외(사용자 요청) - 추후 국토지리정보원 자료로 보강 필요,ASOS 일자료 조회서비스 응답 항목에 토양수분 필드 자체가 없어 변수 제외,"최근접 관측소 매칭(중심점법:exact, 거리 15.65km)"
2021,경기도,과천시,41290,108,서울,15.65,13.75,-4.48,True,25.63,1186.5,2.31,2045.2,2899.6,0.07,-1.12,1.87,12.0,365,,이번 산출물에서 제외(사용자 요청) - 추후 국토지리정보원 자료로 보강 필요,ASOS 일자료 조회서비스 응답 항목에 토양수분 필드 자체가 없어 변수 제외,"최근접 관측소 매칭(중심점법:exact, 거리 15.65km)"
2022,경기도,과천시,41290,108,서울,15.65,13.3,-5.02,True,25.48,1775.3,2.37,2058.6,2907.0,0.37,-1.54,1.56,12.0,365,,이번 산출물에서 제외(사용자 요청) - 추후 국토지리정보원 자료로 보강 필요,ASOS 일자료 조회서비스 응답 항목에 토양수분 필드 자체가 없어 변수 제외,"최근접 관측소 매칭(중심점법:exact, 거리 15.65km)"
2023,경기도,과천시,41290,108,서울,15.65,14.11,-4.8,True,25.78,1598.8,2.27,2196.9,3040.7,0.34,-0.76,1.35,12.0,365,,이번 산출물에서 제외(사용자 요청) - 추후 국토지리정보원 자료로 보강 필요,ASOS 일자료 조회서비스 응답 항목에 토양수분 필드 자체가 없어 변수 제외,"최근접 관측소 매칭(중심점법:exact, 거리 15.65km)"
2024,경기도,과천시,41290,108,서울,15.65,14.88,-2.12,True,26.87,1311.4,2.31,2412.2,3260.6,0.34,-0.89,1.83,12.0,366,,이번 산출물에서 제외(사용자 요청) - 추후 국토지리정보원 자료로 보강 필요,ASOS 일자료 조회서비스 응답 항목에 토양수분 필드 자체가 없어 변수 제외,"최근접 관측소 매칭(중심점법:exact, 거리 15.65km)"
2025,경기도,과천시,41290,108,서울,15.65,14.15,-4.06,True,27.05,1582.4,2.33,2244.3,3073.0,0.25,-0.97,1.92,12.0,365,,이번 산출물에서 제외(사용자 요청) - 추후 국토지리정보원 자료로 보강 필요,ASOS 일자료 조회서비스 응답 항목에 토양수분 필드 자체가 없어 변수 제외,"최근접 관측소 매칭(중심점법:exact, 거리 15.65km)"
2016,경기도,광명시,41210,108,서울,16.63,13.59,-4.34,True,25.97,991.7,2.28,2199.9,3030.6,-0.4,-1.7,0.62,11.0,366,,이번 산출물에서 제외(사용자 요청) - 추후 국토지리정보원 자료로 보강 필요,ASOS 일자료 조회서비스 응답 항목에 토양수분 필드 자체가 없어 변수 제외,"최근접 관측소 매칭(중심점법:exact, 거리 16.63km)"
2017,경기도,광명시,41210,108,서울,16.63,13.07,-4.39,True,25.39,1233.2,2.21,2100.6,2899.3,-0.67,-1.85,0.88,12.0,365,,이번 산출물에서 제외(사용자 요청) - 추후 국토지리정보원 자료로 보강 필요,ASOS 일자료 조회서비스 응답 항목에 토양수분 필드 자체가 없어 변수 제외,"최근접 관측소 매칭(중심점법:exact, 거리 16.63km)"
2018,경기도,광명시,41210,108,서울,16.63,13.0,-6.33,True,26.6,1284.1,1.73,2069.6,2878.0,0.19,-1.33,1.46,12.0,365,,이번 산출물에서 제외(사용자 요청) - 추후 국토지리정보원 자료로 보강 필요,ASOS 일자료 조회서비스 응답 항목에 토양수분 필드 자체가 없어 변수 제외,"최근접 관측소 매칭(중심점법:exact, 거리 16.63km)"
2019,경기도,광명시,41210,108,서울,16.63,13.6,-4.36,True,25.22,891.3,1.95,2062.6,2861.8,-0.89,-2.16,0.08,12.0,365,,이번 산출물에서 제외(사용자 요청) - 추후 국토지리정보원 자료로 보강 필요,ASOS 일자료 조회서비스 응답 항목에 토양수분 필드 자체가 없어 변수 제외,"최근접 관측소 매칭(중심점법:exact, 거리 16.63km)"
2020,경기도,광명시,41210,108,서울,16.63,13.27,-1.88,True,24.86,1651.1,2.36,1872.2,2684.3,0.35,-1.16,1.35,12.0,366,,이번 산출물에서 제외(사용자 요청) - 추후 국토지리정보원 자료로 보강 필요,ASOS 일자료 조회서비스 응답 항목에 토양수분 필드 자체가 없어 변수 제외,"최근접 관측소 매칭(중심점법:exact, 거리 16.63km)"
2021,경기도,광명시,41210,108,서울,16.63,13.75,-4.48,True,25.63,1186.5,2.31,2045.2,2899.6,0.07,-1.12,1.87,12.0,365,,이번 산출물에서 제외(사용자 요청) - 추후 국토지리정보원 자료로 보강 필요,ASOS 일자료 조회서비스 응답 항목에 토양수분 필드 자체가 없어 변수 제외,"최근접 관측소 매칭(중심점법:exact, 거리 16.63km)"
2022,경기도,광명시,41210,108,서울,16.63,13.3,-5.02,True,25.48,1775.3,2.37,2058.6,2907.0,0.37,-1.54,1.56,12.0,365,,이번 산출물에서 제외(사용자 요청) - 추후 국토지리정보원 자료로 보강 필요,ASOS 일자료 조회서비스 응답 항목에 토양수분 필드 자체가 없어 변수 제외,"최근접 관측소 매칭(중심점법:exact, 거리 16.63km)"
2023,경기도,광명시,41210,108,서울,16.63,14.11,-4.8,True,25.78,1598.8,2.27,2196.9,3040.7,0.34,-0.76,1.35,12.0,365,,이번 산출물에서 제외(사용자 요청) - 추후 국토지리정보원 자료로 보강 필요,ASOS 일자료 조회서비스 응답 항목에 토양수분 필드 자체가 없어 변수 제외,"최근접 관측소 매칭(중심점법:exact, 거리 16.63km)"
2024,경기도,광명시,41210,108,서울,16.63,14.88,-2.12,True,26.87,1311.4,2.31,2412.2,3260.6,0.34,-0.89,1.83,12.0,366,,이번 산출물에서 제외(사용자 요청) - 추후 국토지리정보원 자료로 보강 필요,ASOS 일자료 조회서비스 응답 항목에 토양수분 필드 자체가 없어 변수 제외,"최근접 관측소 매칭(중심점법:exact, 거리 16.63km)"
2025,경기도,광명시,41210,108,서울,16.63,14.15,-4.06,True,27.05,1582.4,2.33,2244.3,3073.0,0.25,-0.97,1.92,12.0,365,,이번 산출물에서 제외(사용자 요청) - 추후 국토지리정보원 자료로 보강 필요,ASOS 일자료 조회서비스 응답 항목에 토양수분 필드 자체가 없어 변수 제외,"최근접 관측소 매칭(중심점법:exact, 거리 16.63km)"
2016,경기도,광주시,41610,202,양평,19.55,12.97,-5.89,True,25.33,935.9,1.46,2051.0,2863.0,-0.6,-1.63,0.31,11.0,366,,이번 산출물에서 제외(사용자 요청) - 추후 국토지리정보원 자료로 보강 필요,ASOS 일자료 조회서비스 응답 항목에 토양수분 필드 자체가 없어 변수 제외,"최근접 관측소 매칭(중심점법:exact, 거리 19.55km)"
2017,경기도,광주시,41610,202,양평,19.55,12.28,-6.11,True,24.63,1188.4,1.57,1886.4,2662.2,-0.64,-1.88,0.74,12.0,365,,이번 산출물에서 제외(사용자 요청) - 추후 국토지리정보원 자료로 보강 필요,ASOS 일자료 조회서비스 응답 항목에 토양수분 필드 자체가 없어 변수 제외,"최근접 관측소 매칭(중심점법:exact, 거리 19.55km)"
2018,경기도,광주시,41610,202,양평,19.55,12.18,-8.26,True,26.06,1355.4,1.52,1917.8,2698.1,0.37,-1.02,1.84,12.0,365,,이번 산출물에서 제외(사용자 요청) - 추후 국토지리정보원 자료로 보강 필요,ASOS 일자료 조회서비스 응답 항목에 토양수분 필드 자체가 없어 변수 제외,"최근접 관측소 매칭(중심점법:exact, 거리 19.55km)"
2019,경기도,광주시,41610,202,양평,19.55,12.77,-6.74,True,24.82,1038.6,1.43,1913.2,2679.4,-0.49,-1.65,0.73,12.0,365,,이번 산출물에서 제외(사용자 요청) - 추후 국토지리정보원 자료로 보강 필요,ASOS 일자료 조회서비스 응답 항목에 토양수분 필드 자체가 없어 변수 제외,"최근접 관측소 매칭(중심점법:exact, 거리 19.55km)"
2020,경기도,광주시,41610,202,양평,19.55,12.53,-3.1,True,24.17,1366.4,1.33,1703.1,2464.6,0.02,-1.93,1.42,12.0,366,,이번 산출물에서 제외(사용자 요청) - 추후 국토지리정보원 자료로 보강 필요,ASOS 일자료 조회서비스 응답 항목에 토양수분 필드 자체가 없어 변수 제외,"최근접 관측소 매칭(중심점법:exact, 거리 19.55km)"
2021,경기도,광주시,41610,202,양평,19.55,12.75,-6.15,True,24.33,1018.9,1.28,1820.8,2633.1,-0.2,-1.49,1.51,12.0,365,,이번 산출물에서 제외(사용자 요청) - 추후 국토지리정보원 자료로 보강 필요,ASOS 일자료 조회서비스 응답 항목에 토양수분 필드 자체가 없어 변수 제외,"최근접 관측소 매칭(중심점법:exact, 거리 19.55km)"
2022,경기도,광주시,41610,202,양평,19.55,12.19,-6.47,True,24.4,2143.4,1.25,1825.0,2628.5,0.6,-1.61,2.23,12.0,365,,이번 산출물에서 제외(사용자 요청) - 추후 국토지리정보원 자료로 보강 필요,ASOS 일자료 조회서비스 응답 항목에 토양수분 필드 자체가 없어 변수 제외,"최근접 관측소 매칭(중심점법:exact, 거리 19.55km)"
2023,경기도,광주시,41610,202,양평,19.55,13.14,-6.7,True,24.94,1538.4,1.18,1959.0,2785.8,0.2,-1.1,1.53,12.0,365,,이번 산출물에서 제외(사용자 요청) - 추후 국토지리정보원 자료로 보강 필요,ASOS 일자료 조회서비스 응답 항목에 토양수분 필드 자체가 없어 변수 제외,"최근접 관측소 매칭(중심점법:exact, 거리 19.55km)"
2024,경기도,광주시,41610,202,양평,19.55,13.93,-3.25,True,25.63,1347.2,1.18,2159.1,3001.1,0.56,-0.45,2.05,12.0,366,,이번 산출물에서 제외(사용자 요청) - 추후 국토지리정보원 자료로 보강 필요,ASOS 일자료 조회서비스 응답 항목에 토양수분 필드 자체가 없어 변수 제외,"최근접 관측소 매칭(중심점법:exact, 거리 19.55km)"
2025,경기도,광주시,41610,202,양평,19.55,13.11,-6.14,True,25.69,1490.1,1.23,2050.4,2845.6,0.12,-0.83,1.68,12.0,365,,이번 산출물에서 제외(사용자 요청) - 추후 국토지리정보원 자료로 보강 필요,ASOS 일자료 조회서비스 응답 항목에 토양수분 필드 자체가 없어 변수 제외,"최근접 관측소 매칭(중심점법:exact, 거리 19.55km)"
2016,경기도,구리시,41310,108,서울,14.93,13.59,-4.34,True,25.97,991.7,2.28,2199.9,3030.6,-0.4,-1.7,0.62,11.0,366,,이번 산출물에서 제외(사용자 요청) - 추후 국토지리정보원 자료로 보강 필요,ASOS 일자료 조회서비스 응답 항목에 토양수분 필드 자체가 없어 변수 제외,"최근접 관측소 매칭(중심점법:exact, 거리 14.93km)"
2017,경기도,구리시,41310,108,서울,14.93,13.07,-4.39,True,25.39,1233.2,2.21,2100.6,2899.3,-0.67,-1.85,0.88,12.0,365,,이번 산출물에서 제외(사용자 요청) - 추후 국토지리정보원 자료로 보강 필요,ASOS 일자료 조회서비스 응답 항목에 토양수분 필드 자체가 없어 변수 제외,"최근접 관측소 매칭(중심점법:exact, 거리 14.93km)"
2018,경기도,구리시,41310,108,서울,14.93,13.0,-6.33,True,26.6,1284.1,1.73,2069.6,2878.0,0.19,-1.33,1.46,12.0,365,,이번 산출물에서 제외(사용자 요청) - 추후 국토지리정보원 자료로 보강 필요,ASOS 일자료 조회서비스 응답 항목에 토양수분 필드 자체가 없어 변수 제외,"최근접 관측소 매칭(중심점법:exact, 거리 14.93km)"
2019,경기도,구리시,41310,108,서울,14.93,13.6,-4.36,True,25.22,891.3,1.95,2062.6,2861.8,-0.89,-2.16,0.08,12.0,365,,이번 산출물에서 제외(사용자 요청) - 추후 국토지리정보원 자료로 보강 필요,ASOS 일자료 조회서비스 응답 항목에 토양수분 필드 자체가 없어 변수 제외,"최근접 관측소 매칭(중심점법:exact, 거리 14.93km)"
2020,경기도,구리시,41310,108,서울,14.93,13.27,-1.88,True,24.86,1651.1,2.36,1872.2,2684.3,0.35,-1.16,1.35,12.0,366,,이번 산출물에서 제외(사용자 요청) - 추후 국토지리정보원 자료로 보강 필요,ASOS 일자료 조회서비스 응답 항목에 토양수분 필드 자체가 없어 변수 제외,"최근접 관측소 매칭(중심점법:exact, 거리 14.93km)"
2021,경기도,구리시,41310,108,서울,14.93,13.75,-4.48,True,25.63,1186.5,2.31,2045.2,2899.6,0.07,-1.12,1.87,12.0,365,,이번 산출물에서 제외(사용자 요청) - 추후 국토지리정보원 자료로 보강 필요,ASOS 일자료 조회서비스 응답 항목에 토양수분 필드 자체가 없어 변수 제외,"최근접 관측소 매칭(중심점법:exact, 거리 14.93km)"
2022,경기도,구리시,41310,108,서울,14.93,13.3,-5.02,True,25.48,1775.3,2.37,2058.6,2907.0,0.37,-1.54,1.56,12.0,365,,이번 산출물에서 제외(사용자 요청) - 추후 국토지리정보원 자료로 보강 필요,ASOS 일자료 조회서비스 응답 항목에 토양수분 필드 자체가 없어 변수 제외,"최근접 관측소 매칭(중심점법:exact, 거리 14.93km)"
2023,경기도,구리시,41310,108,서울,14.93,14.11,-4.8,True,25.78,1598.8,2.27,2196.9,3040.7,0.34,-0.76,1.35,12.0,365,,이번 산출물에서 제외(사용자 요청) - 추후 국토지리정보원 자료로 보강 필요,ASOS 일자료 조회서비스 응답 항목에 토양수분 필드 자체가 없어 변수 제외,"최근접 관측소 매칭(중심점법:exact, 거리 14.93km)"
2024,경기도,구리시,41310,108,서울,14.93,14.88,-2.12,True,26.87,1311.4,2.31,2412.2,3260.6,0.34,-0.89,1.83,12.0,366,,이번 산출물에서 제외(사용자 요청) - 추후 국토지리정보원 자료로 보강 필요,ASOS 일자료 조회서비스 응답 항목에 토양수분 필드 자체가 없어 변수 제외,"최근접 관측소 매칭(중심점법:exact, 거리 14.93km)"
2025,경기도,구리시,41310,108,서울,14.93,14.15,-4.06,True,27.05,1582.4,2.33,2244.3,3073.0,0.25,-0.97,1.92,12.0,365,,이번 산출물에서 제외(사용자 요청) - 추후 국토지리정보원 자료로 보강 필요,ASOS 일자료 조회서비스 응답 항목에 토양수분 필드 자체가 없어 변수 제외,"최근접 관측소 매칭(중심점법:exact, 거리 14.93km)"
2016,경기도,군포시,41410,119,수원,10.99,13.61,-4.13,True,25.68,1023.4,1.78,2153.4,2980.2,-0.14,-1.52,0.89,11.0,366,,이번 산출물에서 제외(사용자 요청) - 추후 국토지리정보원 자료로 보강 필요,ASOS 일자료 조회서비스 응답 항목에 토양수분 필드 자체가 없어 변수 제외,"최근접 관측소 매칭(중심점법:exact, 거리 10.99km)"
2017,경기도,군포시,41410,119,수원,10.99,12.66,-4.78,True,24.81,1328.6,1.82,1957.6,2741.6,-0.53,-2.17,1.15,12.0,365,,이번 산출물에서 제외(사용자 요청) - 추후 국토지리정보원 자료로 보강 필요,ASOS 일자료 조회서비스 응답 항목에 토양수분 필드 자체가 없어 변수 제외,"최근접 관측소 매칭(중심점법:exact, 거리 10.99km)"
2018,경기도,군포시,41410,119,수원,10.99,12.81,-6.8,True,26.21,1293.1,1.83,2001.4,2812.2,0.28,-1.12,1.69,12.0,365,,이번 산출물에서 제외(사용자 요청) - 추후 국토지리정보원 자료로 보강 필요,ASOS 일자료 조회서비스 응답 항목에 토양수분 필드 자체가 없어 변수 제외,"최근접 관측소 매칭(중심점법:exact, 거리 10.99km)"
2019,경기도,군포시,41410,119,수원,10.99,13.26,-5.28,True,24.95,915.8,1.78,1967.1,2746.2,-0.61,-1.79,0.59,12.0,365,,이번 산출물에서 제외(사용자 요청) - 추후 국토지리정보원 자료로 보강 필요,ASOS 일자료 조회서비스 응답 항목에 토양수분 필드 자체가 없어 변수 제외,"최근접 관측소 매칭(중심점법:exact, 거리 10.99km)"
2020,경기도,군포시,41410,119,수원,10.99,12.94,-2.55,True,24.55,1635.5,1.94,1790.7,2564.8,0.32,-2.09,1.54,12.0,366,,이번 산출물에서 제외(사용자 요청) - 추후 국토지리정보원 자료로 보강 필요,ASOS 일자료 조회서비스 응답 항목에 토양수분 필드 자체가 없어 변수 제외,"최근접 관측소 매칭(중심점법:exact, 거리 10.99km)"
2021,경기도,군포시,41410,119,수원,10.99,13.45,-5.34,True,25.35,1084.4,1.91,1984.2,2802.3,-0.16,-1.26,1.53,12.0,365,,이번 산출물에서 제외(사용자 요청) - 추후 국토지리정보원 자료로 보강 필요,ASOS 일자료 조회서비스 응답 항목에 토양수분 필드 자체가 없어 변수 제외,"최근접 관측소 매칭(중심점법:exact, 거리 10.99km)"
2022,경기도,군포시,41410,119,수원,10.99,12.83,-5.77,True,25.25,1864.0,1.92,1971.2,2798.8,0.43,-1.62,1.79,12.0,365,,이번 산출물에서 제외(사용자 요청) - 추후 국토지리정보원 자료로 보강 필요,ASOS 일자료 조회서비스 응답 항목에 토양수분 필드 자체가 없어 변수 제외,"최근접 관측소 매칭(중심점법:exact, 거리 10.99km)"
2023,경기도,군포시,41410,119,수원,10.99,13.41,-6.32,True,25.04,1409.4,1.87,2016.7,2842.5,-0.1,-1.61,1.14,12.0,365,,이번 산출물에서 제외(사용자 요청) - 추후 국토지리정보원 자료로 보강 필요,ASOS 일자료 조회서비스 응답 항목에 토양수분 필드 자체가 없어 변수 제외,"최근접 관측소 매칭(중심점법:exact, 거리 10.99km)"
2024,경기도,군포시,41410,119,수원,10.99,14.13,-2.88,True,25.87,1378.2,1.88,2194.8,3032.0,0.6,-0.21,1.94,12.0,366,,이번 산출물에서 제외(사용자 요청) - 추후 국토지리정보원 자료로 보강 필요,ASOS 일자료 조회서비스 응답 항목에 토양수분 필드 자체가 없어 변수 제외,"최근접 관측소 매칭(중심점법:exact, 거리 10.99km)"
2025,경기도,군포시,41410,119,수원,10.99,13.39,-5.36,True,25.94,1265.3,1.96,2060.3,2861.4,-0.1,-1.16,1.7,12.0,365,,이번 산출물에서 제외(사용자 요청) - 추후 국토지리정보원 자료로 보강 필요,ASOS 일자료 조회서비스 응답 항목에 토양수분 필드 자체가 없어 변수 제외,"최근접 관측소 매칭(중심점법:exact, 거리 10.99km)"
2016,경기도,김포시,41570,201,강화,16.12,12.18,-6.16,True,23.99,1100.9,2.03,1763.4,2547.0,0.03,-1.52,1.42,11.0,366,,이번 산출물에서 제외(사용자 요청) - 추후 국토지리정보원 자료로 보강 필요,ASOS 일자료 조회서비스 응답 항목에 토양수분 필드 자체가 없어 변수 제외,"최근접 관측소 매칭(중심점법:exact, 거리 16.12km)"
2017,경기도,김포시,41570,201,강화,16.12,11.57,-5.78,True,23.55,809.3,2.06,1643.4,2399.8,-0.95,-2.27,0.46,12.0,365,,이번 산출물에서 제외(사용자 요청) - 추후 국토지리정보원 자료로 보강 필요,ASOS 일자료 조회서비스 응답 항목에 토양수분 필드 자체가 없어 변수 제외,"최근접 관측소 매칭(중심점법:exact, 거리 16.12km)"
2018,경기도,김포시,41570,201,강화,16.12,11.39,-8.67,True,24.28,1072.3,2.01,1625.6,2383.1,-0.21,-1.32,0.78,12.0,365,,이번 산출물에서 제외(사용자 요청) - 추후 국토지리정보원 자료로 보강 필요,ASOS 일자료 조회서비스 응답 항목에 토양수분 필드 자체가 없어 변수 제외,"최근접 관측소 매칭(중심점법:exact, 거리 16.12km)"
2019,경기도,김포시,41570,201,강화,16.12,12.18,-6.58,True,23.6,1079.3,1.98,1670.5,2410.1,-0.61,-1.86,1.32,12.0,365,,이번 산출물에서 제외(사용자 요청) - 추후 국토지리정보원 자료로 보강 필요,ASOS 일자료 조회서비스 응답 항목에 토양수분 필드 자체가 없어 변수 제외,"최근접 관측소 매칭(중심점법:exact, 거리 16.12km)"
2020,경기도,김포시,41570,201,강화,16.12,11.92,-3.76,True,23.04,1436.9,2.0,1518.4,2257.0,0.36,-1.6,1.54,12.0,366,,이번 산출물에서 제외(사용자 요청) - 추후 국토지리정보원 자료로 보강 필요,ASOS 일자료 조회서비스 응답 항목에 토양수분 필드 자체가 없어 변수 제외,"최근접 관측소 매칭(중심점법:exact, 거리 16.12km)"
2021,경기도,김포시,41570,201,강화,16.12,12.31,-6.34,True,23.82,1013.6,1.82,1711.2,2474.9,-0.2,-1.79,1.67,12.0,365,,이번 산출물에서 제외(사용자 요청) - 추후 국토지리정보원 자료로 보강 필요,ASOS 일자료 조회서비스 응답 항목에 토양수분 필드 자체가 없어 변수 제외,"최근접 관측소 매칭(중심점법:exact, 거리 16.12km)"
2022,경기도,김포시,41570,201,강화,16.12,11.56,-7.16,True,23.67,1561.8,1.87,1623.9,2389.8,0.39,-1.46,1.4,12.0,365,,이번 산출물에서 제외(사용자 요청) - 추후 국토지리정보원 자료로 보강 필요,ASOS 일자료 조회서비스 응답 항목에 토양수분 필드 자체가 없어 변수 제외,"최근접 관측소 매칭(중심점법:exact, 거리 16.12km)"
2023,경기도,김포시,41570,201,강화,16.12,12.19,-7.2,True,23.62,1377.3,1.84,1725.4,2497.2,0.24,-0.83,1.12,12.0,365,,이번 산출물에서 제외(사용자 요청) - 추후 국토지리정보원 자료로 보강 필요,ASOS 일자료 조회서비스 응답 항목에 토양수분 필드 자체가 없어 변수 제외,"최근접 관측소 매칭(중심점법:exact, 거리 16.12km)"
2024,경기도,김포시,41570,201,강화,16.12,12.97,-4.36,True,24.51,1339.5,1.9,1870.6,2683.2,0.46,-0.89,1.92,12.0,366,,이번 산출물에서 제외(사용자 요청) - 추후 국토지리정보원 자료로 보강 필요,ASOS 일자료 조회서비스 응답 항목에 토양수분 필드 자체가 없어 변수 제외,"최근접 관측소 매칭(중심점법:exact, 거리 16.12km)"
2025,경기도,김포시,41570,201,강화,16.12,12.21,-6.57,True,24.47,1476.7,1.9,1768.0,2521.4,0.51,-0.3,1.52,12.0,365,,이번 산출물에서 제외(사용자 요청) - 추후 국토지리정보원 자료로 보강 필요,ASOS 일자료 조회서비스 응답 항목에 토양수분 필드 자체가 없어 변수 제외,"최근접 관측소 매칭(중심점법:exact, 거리 16.12km)"
2016,경기도,남양주시,41360,108,서울,26.47,13.59,-4.34,True,25.97,991.7,2.28,2199.9,3030.6,-0.4,-1.7,0.62,11.0,366,,이번 산출물에서 제외(사용자 요청) - 추후 국토지리정보원 자료로 보강 필요,ASOS 일자료 조회서비스 응답 항목에 토양수분 필드 자체가 없어 변수 제외,"최근접 관측소 매칭(중심점법:exact, 거리 26.47km)"
2017,경기도,남양주시,41360,108,서울,26.47,13.07,-4.39,True,25.39,1233.2,2.21,2100.6,2899.3,-0.67,-1.85,0.88,12.0,365,,이번 산출물에서 제외(사용자 요청) - 추후 국토지리정보원 자료로 보강 필요,ASOS 일자료 조회서비스 응답 항목에 토양수분 필드 자체가 없어 변수 제외,"최근접 관측소 매칭(중심점법:exact, 거리 26.47km)"
2018,경기도,남양주시,41360,108,서울,26.47,13.0,-6.33,True,26.6,1284.1,1.73,2069.6,2878.0,0.19,-1.33,1.46,12.0,365,,이번 산출물에서 제외(사용자 요청) - 추후 국토지리정보원 자료로 보강 필요,ASOS 일자료 조회서비스 응답 항목에 토양수분 필드 자체가 없어 변수 제외,"최근접 관측소 매칭(중심점법:exact, 거리 26.47km)"
2019,경기도,남양주시,41360,108,서울,26.47,13.6,-4.36,True,25.22,891.3,1.95,2062.6,2861.8,-0.89,-2.16,0.08,12.0,365,,이번 산출물에서 제외(사용자 요청) - 추후 국토지리정보원 자료로 보강 필요,ASOS 일자료 조회서비스 응답 항목에 토양수분 필드 자체가 없어 변수 제외,"최근접 관측소 매칭(중심점법:exact, 거리 26.47km)"
2020,경기도,남양주시,41360,108,서울,26.47,13.27,-1.88,True,24.86,1651.1,2.36,1872.2,2684.3,0.35,-1.16,1.35,12.0,366,,이번 산출물에서 제외(사용자 요청) - 추후 국토지리정보원 자료로 보강 필요,ASOS 일자료 조회서비스 응답 항목에 토양수분 필드 자체가 없어 변수 제외,"최근접 관측소 매칭(중심점법:exact, 거리 26.47km)"
2021,경기도,남양주시,41360,108,서울,26.47,13.75,-4.48,True,25.63,1186.5,2.31,2045.2,2899.6,0.07,-1.12,1.87,12.0,365,,이번 산출물에서 제외(사용자 요청) - 추후 국토지리정보원 자료로 보강 필요,ASOS 일자료 조회서비스 응답 항목에 토양수분 필드 자체가 없어 변수 제외,"최근접 관측소 매칭(중심점법:exact, 거리 26.47km)"
2022,경기도,남양주시,41360,108,서울,26.47,13.3,-5.02,True,25.48,1775.3,2.37,2058.6,2907.0,0.37,-1.54,1.56,12.0,365,,이번 산출물에서 제외(사용자 요청) - 추후 국토지리정보원 자료로 보강 필요,ASOS 일자료 조회서비스 응답 항목에 토양수분 필드 자체가 없어 변수 제외,"최근접 관측소 매칭(중심점법:exact, 거리 26.47km)"
2023,경기도,남양주시,41360,108,서울,26.47,14.11,-4.8,True,25.78,1598.8,2.27,2196.9,3040.7,0.34,-0.76,1.35,12.0,365,,이번 산출물에서 제외(사용자 요청) - 추후 국토지리정보원 자료로 보강 필요,ASOS 일자료 조회서비스 응답 항목에 토양수분 필드 자체가 없어 변수 제외,"최근접 관측소 매칭(중심점법:exact, 거리 26.47km)"
2024,경기도,남양주시,41360,108,서울,26.47,14.88,-2.12,True,26.87,1311.4,2.31,2412.2,3260.6,0.34,-0.89,1.83,12.0,366,,이번 산출물에서 제외(사용자 요청) - 추후 국토지리정보원 자료로 보강 필요,ASOS 일자료 조회서비스 응답 항목에 토양수분 필드 자체가 없어 변수 제외,"최근접 관측소 매칭(중심점법:exact, 거리 26.47km)"
2025,경기도,남양주시,41360,108,서울,26.47,14.15,-4.06,True,27.05,1582.4,2.33,2244.3,3073.0,0.25,-0.97,1.92,12.0,365,,이번 산출물에서 제외(사용자 요청) - 추후 국토지리정보원 자료로 보강 필요,ASOS 일자료 조회서비스 응답 항목에 토양수분 필드 자체가 없어 변수 제외,"최근접 관측소 매칭(중심점법:exact, 거리 26.47km)"
2016,경기도,동두천시,41250,98,동두천,2.21,12.65,-6.59,True,24.77,1087.2,1.63,2028.0,2851.0,-0.08,-1.3,1.1,11.0,366,,이번 산출물에서 제외(사용자 요청) - 추후 국토지리정보원 자료로 보강 필요,ASOS 일자료 조회서비스 응답 항목에 토양수분 필드 자체가 없어 변수 제외,"최근접 관측소 매칭(중심점법:exact, 거리 2.21km)"
2017,경기도,동두천시,41250,98,동두천,2.21,11.88,-6.27,True,24.29,989.7,1.66,1879.6,2663.6,-0.82,-2.22,0.73,12.0,365,,이번 산출물에서 제외(사용자 요청) - 추후 국토지리정보원 자료로 보강 필요,ASOS 일자료 조회서비스 응답 항목에 토양수분 필드 자체가 없어 변수 제외,"최근접 관측소 매칭(중심점법:exact, 거리 2.21km)"
2018,경기도,동두천시,41250,98,동두천,2.21,11.79,-9.08,True,25.24,1500.0,1.59,1861.4,2647.6,0.32,-1.22,1.38,12.0,365,,이번 산출물에서 제외(사용자 요청) - 추후 국토지리정보원 자료로 보강 필요,ASOS 일자료 조회서비스 응답 항목에 토양수분 필드 자체가 없어 변수 제외,"최근접 관측소 매칭(중심점법:exact, 거리 2.21km)"
2019,경기도,동두천시,41250,98,동두천,2.21,12.09,-7.23,True,23.72,1028.1,1.37,1768.4,2519.0,-0.71,-1.66,0.71,12.0,365,,이번 산출물에서 제외(사용자 요청) - 추후 국토지리정보원 자료로 보강 필요,ASOS 일자료 조회서비스 응답 항목에 토양수분 필드 자체가 없어 변수 제외,"최근접 관측소 매칭(중심점법:exact, 거리 2.21km)"
2020,경기도,동두천시,41250,98,동두천,2.21,11.84,-4.34,True,23.68,1641.9,1.44,1638.6,2398.8,0.39,-1.33,1.58,12.0,366,,이번 산출물에서 제외(사용자 요청) - 추후 국토지리정보원 자료로 보강 필요,ASOS 일자료 조회서비스 응답 항목에 토양수분 필드 자체가 없어 변수 제외,"최근접 관측소 매칭(중심점법:exact, 거리 2.21km)"
2021,경기도,동두천시,41250,98,동두천,2.21,12.17,-7.44,True,24.02,1035.6,1.29,1763.4,2560.4,-0.24,-2.04,1.6,12.0,365,,이번 산출물에서 제외(사용자 요청) - 추후 국토지리정보원 자료로 보강 필요,ASOS 일자료 조회서비스 응답 항목에 토양수분 필드 자체가 없어 변수 제외,"최근접 관측소 매칭(중심점법:exact, 거리 2.21km)"
2022,경기도,동두천시,41250,98,동두천,2.21,11.53,-8.09,True,23.84,1922.6,1.22,1746.5,2540.8,0.56,-1.34,1.92,12.0,365,,이번 산출물에서 제외(사용자 요청) - 추후 국토지리정보원 자료로 보강 필요,ASOS 일자료 조회서비스 응답 항목에 토양수분 필드 자체가 없어 변수 제외,"최근접 관측소 매칭(중심점법:exact, 거리 2.21km)"
2023,경기도,동두천시,41250,98,동두천,2.21,12.51,-7.97,True,24.4,1412.7,1.12,1891.0,2702.4,0.14,-0.75,1.21,12.0,365,,이번 산출물에서 제외(사용자 요청) - 추후 국토지리정보원 자료로 보강 필요,ASOS 일자료 조회서비스 응답 항목에 토양수분 필드 자체가 없어 변수 제외,"최근접 관측소 매칭(중심점법:exact, 거리 2.21km)"
2024,경기도,동두천시,41250,98,동두천,2.21,13.19,-4.63,True,25.42,1170.6,1.12,2090.4,2918.4,0.12,-0.88,1.63,12.0,366,,이번 산출물에서 제외(사용자 요청) - 추후 국토지리정보원 자료로 보강 필요,ASOS 일자료 조회서비스 응답 항목에 토양수분 필드 자체가 없어 변수 제외,"최근접 관측소 매칭(중심점법:exact, 거리 2.21km)"
2025,경기도,동두천시,41250,98,동두천,2.21,12.41,-7.54,True,25.26,1640.5,1.13,1944.6,2731.6,0.32,-1.04,1.54,12.0,365,,이번 산출물에서 제외(사용자 요청) - 추후 국토지리정보원 자료로 보강 필요,ASOS 일자료 조회서비스 응답 항목에 토양수분 필드 자체가 없어 변수 제외,"최근접 관측소 매칭(중심점법:exact, 거리 2.21km)"
2016,경기도,부천시,41190,112,인천,14.77,13.33,-2.78,True,24.9,864.3,3.09,2009.0,2822.9,-0.34,-1.92,0.83,11.0,366,,이번 산출물에서 제외(사용자 요청) - 추후 국토지리정보원 자료로 보강 필요,ASOS 일자료 조회서비스 응답 항목에 토양수분 필드 자체가 없어 변수 제외,"최근접 관측소 매칭(중심점법:exact, 거리 14.77km)"
2017,경기도,부천시,41190,112,인천,14.77,12.6,-2.8,True,24.34,1028.9,3.14,1863.5,2647.8,-0.58,-1.99,0.84,12.0,365,,이번 산출물에서 제외(사용자 요청) - 추후 국토지리정보원 자료로 보강 필요,ASOS 일자료 조회서비스 응답 항목에 토양수분 필드 자체가 없어 변수 제외,"최근접 관측소 매칭(중심점법:exact, 거리 14.77km)"
2018,경기도,부천시,41190,112,인천,14.77,12.58,-5.49,True,25.36,1134.4,3.05,1875.6,2678.8,0.28,-1.29,1.62,12.0,365,,이번 산출물에서 제외(사용자 요청) - 추후 국토지리정보원 자료로 보강 필요,ASOS 일자료 조회서비스 응답 항목에 토양수분 필드 자체가 없어 변수 제외,"최근접 관측소 매칭(중심점법:exact, 거리 14.77km)"
2019,경기도,부천시,41190,112,인천,14.77,13.25,-3.3,True,24.4,919.5,2.93,1906.4,2692.3,-0.71,-1.87,0.88,12.0,365,,이번 산출물에서 제외(사용자 요청) - 추후 국토지리정보원 자료로 보강 필요,ASOS 일자료 조회서비스 응답 항목에 토양수분 필드 자체가 없어 변수 제외,"최근접 관측소 매칭(중심점법:exact, 거리 14.77km)"
2020,경기도,부천시,41190,112,인천,14.77,12.86,-1.03,True,23.63,1311.9,3.09,1691.7,2483.2,0.17,-1.77,1.6,12.0,366,,이번 산출물에서 제외(사용자 요청) - 추후 국토지리정보원 자료로 보강 필요,ASOS 일자료 조회서비스 응답 항목에 토양수분 필드 자체가 없어 변수 제외,"최근접 관측소 매칭(중심점법:exact, 거리 14.77km)"
2021,경기도,부천시,41190,112,인천,14.77,13.41,-3.69,True,24.82,1071.8,2.88,1907.4,2726.2,-0.0,-1.64,1.67,12.0,365,,이번 산출물에서 제외(사용자 요청) - 추후 국토지리정보원 자료로 보강 필요,ASOS 일자료 조회서비스 응답 항목에 토양수분 필드 자체가 없어 변수 제외,"최근접 관측소 매칭(중심점법:exact, 거리 14.77km)"
2022,경기도,부천시,41190,112,인천,14.77,12.59,-4.14,True,24.37,1620.5,2.86,1838.6,2670.8,0.37,-1.76,1.85,12.0,365,,이번 산출물에서 제외(사용자 요청) - 추후 국토지리정보원 자료로 보강 필요,ASOS 일자료 조회서비스 응답 항목에 토양수분 필드 자체가 없어 변수 제외,"최근접 관측소 매칭(중심점법:exact, 거리 14.77km)"
2023,경기도,부천시,41190,112,인천,14.77,13.46,-4.32,True,24.71,1331.4,2.6,2012.2,2827.2,0.2,-1.03,1.39,12.0,365,,이번 산출물에서 제외(사용자 요청) - 추후 국토지리정보원 자료로 보강 필요,ASOS 일자료 조회서비스 응답 항목에 토양수분 필드 자체가 없어 변수 제외,"최근접 관측소 매칭(중심점법:exact, 거리 14.77km)"
2024,경기도,부천시,41190,112,인천,14.77,14.25,-1.86,True,25.77,1060.8,2.63,2199.3,3038.3,0.24,-0.75,1.62,12.0,366,,이번 산출물에서 제외(사용자 요청) - 추후 국토지리정보원 자료로 보강 필요,ASOS 일자료 조회서비스 응답 항목에 토양수분 필드 자체가 없어 변수 제외,"최근접 관측소 매칭(중심점법:exact, 거리 14.77km)"
2025,경기도,부천시,41190,112,인천,14.77,13.44,-3.55,True,25.65,1478.6,2.72,2018.4,2825.8,0.35,-1.3,1.66,12.0,365,,이번 산출물에서 제외(사용자 요청) - 추후 국토지리정보원 자료로 보강 필요,ASOS 일자료 조회서비스 응답 항목에 토양수분 필드 자체가 없어 변수 제외,"최근접 관측소 매칭(중심점법:exact, 거리 14.77km)"
2016,경기도,성남시 분당구,41135,119,수원,17.37,13.61,-4.13,True,25.68,1023.4,1.78,2153.4,2980.2,-0.14,-1.52,0.89,11.0,366,,이번 산출물에서 제외(사용자 요청) - 추후 국토지리정보원 자료로 보강 필요,ASOS 일자료 조회서비스 응답 항목에 토양수분 필드 자체가 없어 변수 제외,"최근접 관측소 매칭(중심점법:stem_avg, 거리 17.37km)"
2017,경기도,성남시 분당구,41135,119,수원,17.37,12.66,-4.78,True,24.81,1328.6,1.82,1957.6,2741.6,-0.53,-2.17,1.15,12.0,365,,이번 산출물에서 제외(사용자 요청) - 추후 국토지리정보원 자료로 보강 필요,ASOS 일자료 조회서비스 응답 항목에 토양수분 필드 자체가 없어 변수 제외,"최근접 관측소 매칭(중심점법:stem_avg, 거리 17.37km)"
2018,경기도,성남시 분당구,41135,119,수원,17.37,12.81,-6.8,True,26.21,1293.1,1.83,2001.4,2812.2,0.28,-1.12,1.69,12.0,365,,이번 산출물에서 제외(사용자 요청) - 추후 국토지리정보원 자료로 보강 필요,ASOS 일자료 조회서비스 응답 항목에 토양수분 필드 자체가 없어 변수 제외,"최근접 관측소 매칭(중심점법:stem_avg, 거리 17.37km)"
2019,경기도,성남시 분당구,41135,119,수원,17.37,13.26,-5.28,True,24.95,915.8,1.78,1967.1,2746.2,-0.61,-1.79,0.59,12.0,365,,이번 산출물에서 제외(사용자 요청) - 추후 국토지리정보원 자료로 보강 필요,ASOS 일자료 조회서비스 응답 항목에 토양수분 필드 자체가 없어 변수 제외,"최근접 관측소 매칭(중심점법:stem_avg, 거리 17.37km)"
2020,경기도,성남시 분당구,41135,119,수원,17.37,12.94,-2.55,True,24.55,1635.5,1.94,1790.7,2564.8,0.32,-2.09,1.54,12.0,366,,이번 산출물에서 제외(사용자 요청) - 추후 국토지리정보원 자료로 보강 필요,ASOS 일자료 조회서비스 응답 항목에 토양수분 필드 자체가 없어 변수 제외,"최근접 관측소 매칭(중심점법:stem_avg, 거리 17.37km)"
2021,경기도,성남시 분당구,41135,119,수원,17.37,13.45,-5.34,True,25.35,1084.4,1.91,1984.2,2802.3,-0.16,-1.26,1.53,12.0,365,,이번 산출물에서 제외(사용자 요청) - 추후 국토지리정보원 자료로 보강 필요,ASOS 일자료 조회서비스 응답 항목에 토양수분 필드 자체가 없어 변수 제외,"최근접 관측소 매칭(중심점법:stem_avg, 거리 17.37km)"
2022,경기도,성남시 분당구,41135,119,수원,17.37,12.83,-5.77,True,25.25,1864.0,1.92,1971.2,2798.8,0.43,-1.62,1.79,12.0,365,,이번 산출물에서 제외(사용자 요청) - 추후 국토지리정보원 자료로 보강 필요,ASOS 일자료 조회서비스 응답 항목에 토양수분 필드 자체가 없어 변수 제외,"최근접 관측소 매칭(중심점법:stem_avg, 거리 17.37km)"
2023,경기도,성남시 분당구,41135,119,수원,17.37,13.41,-6.32,True,25.04,1409.4,1.87,2016.7,2842.5,-0.1,-1.61,1.14,12.0,365,,이번 산출물에서 제외(사용자 요청) - 추후 국토지리정보원 자료로 보강 필요,ASOS 일자료 조회서비스 응답 항목에 토양수분 필드 자체가 없어 변수 제외,"최근접 관측소 매칭(중심점법:stem_avg, 거리 17.37km)"
2024,경기도,성남시 분당구,41135,119,수원,17.37,14.13,-2.88,True,25.87,1378.2,1.88,2194.8,3032.0,0.6,-0.21,1.94,12.0,366,,이번 산출물에서 제외(사용자 요청) - 추후 국토지리정보원 자료로 보강 필요,ASOS 일자료 조회서비스 응답 항목에 토양수분 필드 자체가 없어 변수 제외,"최근접 관측소 매칭(중심점법:stem_avg, 거리 17.37km)"
2025,경기도,성남시 분당구,41135,119,수원,17.37,13.39,-5.36,True,25.94,1265.3,1.96,2060.3,2861.4,-0.1,-1.16,1.7,12.0,365,,이번 산출물에서 제외(사용자 요청) - 추후 국토지리정보원 자료로 보강 필요,ASOS 일자료 조회서비스 응답 항목에 토양수분 필드 자체가 없어 변수 제외,"최근접 관측소 매칭(중심점법:stem_avg, 거리 17.37km)"
2016,경기도,성남시 수정구,41131,108,서울,19.47,13.59,-4.34,True,25.97,991.7,2.28,2199.9,3030.6,-0.4,-1.7,0.62,11.0,366,,이번 산출물에서 제외(사용자 요청) - 추후 국토지리정보원 자료로 보강 필요,ASOS 일자료 조회서비스 응답 항목에 토양수분 필드 자체가 없어 변수 제외,"최근접 관측소 매칭(중심점법:stem_avg, 거리 19.47km)"
2017,경기도,성남시 수정구,41131,108,서울,19.47,13.07,-4.39,True,25.39,1233.2,2.21,2100.6,2899.3,-0.67,-1.85,0.88,12.0,365,,이번 산출물에서 제외(사용자 요청) - 추후 국토지리정보원 자료로 보강 필요,ASOS 일자료 조회서비스 응답 항목에 토양수분 필드 자체가 없어 변수 제외,"최근접 관측소 매칭(중심점법:stem_avg, 거리 19.47km)"
2018,경기도,성남시 수정구,41131,108,서울,19.47,13.0,-6.33,True,26.6,1284.1,1.73,2069.6,2878.0,0.19,-1.33,1.46,12.0,365,,이번 산출물에서 제외(사용자 요청) - 추후 국토지리정보원 자료로 보강 필요,ASOS 일자료 조회서비스 응답 항목에 토양수분 필드 자체가 없어 변수 제외,"최근접 관측소 매칭(중심점법:stem_avg, 거리 19.47km)"
2019,경기도,성남시 수정구,41131,108,서울,19.47,13.6,-4.36,True,25.22,891.3,1.95,2062.6,2861.8,-0.89,-2.16,0.08,12.0,365,,이번 산출물에서 제외(사용자 요청) - 추후 국토지리정보원 자료로 보강 필요,ASOS 일자료 조회서비스 응답 항목에 토양수분 필드 자체가 없어 변수 제외,"최근접 관측소 매칭(중심점법:stem_avg, 거리 19.47km)"
2020,경기도,성남시 수정구,41131,108,서울,19.47,13.27,-1.88,True,24.86,1651.1,2.36,1872.2,2684.3,0.35,-1.16,1.35,12.0,366,,이번 산출물에서 제외(사용자 요청) - 추후 국토지리정보원 자료로 보강 필요,ASOS 일자료 조회서비스 응답 항목에 토양수분 필드 자체가 없어 변수 제외,"최근접 관측소 매칭(중심점법:stem_avg, 거리 19.47km)"
2021,경기도,성남시 수정구,41131,108,서울,19.47,13.75,-4.48,True,25.63,1186.5,2.31,2045.2,2899.6,0.07,-1.12,1.87,12.0,365,,이번 산출물에서 제외(사용자 요청) - 추후 국토지리정보원 자료로 보강 필요,ASOS 일자료 조회서비스 응답 항목에 토양수분 필드 자체가 없어 변수 제외,"최근접 관측소 매칭(중심점법:stem_avg, 거리 19.47km)"
2022,경기도,성남시 수정구,41131,108,서울,19.47,13.3,-5.02,True,25.48,1775.3,2.37,2058.6,2907.0,0.37,-1.54,1.56,12.0,365,,이번 산출물에서 제외(사용자 요청) - 추후 국토지리정보원 자료로 보강 필요,ASOS 일자료 조회서비스 응답 항목에 토양수분 필드 자체가 없어 변수 제외,"최근접 관측소 매칭(중심점법:stem_avg, 거리 19.47km)"
2023,경기도,성남시 수정구,41131,108,서울,19.47,14.11,-4.8,True,25.78,1598.8,2.27,2196.9,3040.7,0.34,-0.76,1.35,12.0,365,,이번 산출물에서 제외(사용자 요청) - 추후 국토지리정보원 자료로 보강 필요,ASOS 일자료 조회서비스 응답 항목에 토양수분 필드 자체가 없어 변수 제외,"최근접 관측소 매칭(중심점법:stem_avg, 거리 19.47km)"
2024,경기도,성남시 수정구,41131,108,서울,19.47,14.88,-2.12,True,26.87,1311.4,2.31,2412.2,3260.6,0.34,-0.89,1.83,12.0,366,,이번 산출물에서 제외(사용자 요청) - 추후 국토지리정보원 자료로 보강 필요,ASOS 일자료 조회서비스 응답 항목에 토양수분 필드 자체가 없어 변수 제외,"최근접 관측소 매칭(중심점법:stem_avg, 거리 19.47km)"
2025,경기도,성남시 수정구,41131,108,서울,19.47,14.15,-4.06,True,27.05,1582.4,2.33,2244.3,3073.0,0.25,-0.97,1.92,12.0,365,,이번 산출물에서 제외(사용자 요청) - 추후 국토지리정보원 자료로 보강 필요,ASOS 일자료 조회서비스 응답 항목에 토양수분 필드 자체가 없어 변수 제외,"최근접 관측소 매칭(중심점법:stem_avg, 거리 19.47km)"
2016,경기도,성남시 중원구,41133,108,서울,23.25,13.59,-4.34,True,25.97,991.7,2.28,2199.9,3030.6,-0.4,-1.7,0.62,11.0,366,,이번 산출물에서 제외(사용자 요청) - 추후 국토지리정보원 자료로 보강 필요,ASOS 일자료 조회서비스 응답 항목에 토양수분 필드 자체가 없어 변수 제외,"최근접 관측소 매칭(중심점법:stem_avg, 거리 23.25km)"
2017,경기도,성남시 중원구,41133,108,서울,23.25,13.07,-4.39,True,25.39,1233.2,2.21,2100.6,2899.3,-0.67,-1.85,0.88,12.0,365,,이번 산출물에서 제외(사용자 요청) - 추후 국토지리정보원 자료로 보강 필요,ASOS 일자료 조회서비스 응답 항목에 토양수분 필드 자체가 없어 변수 제외,"최근접 관측소 매칭(중심점법:stem_avg, 거리 23.25km)"
2018,경기도,성남시 중원구,41133,108,서울,23.25,13.0,-6.33,True,26.6,1284.1,1.73,2069.6,2878.0,0.19,-1.33,1.46,12.0,365,,이번 산출물에서 제외(사용자 요청) - 추후 국토지리정보원 자료로 보강 필요,ASOS 일자료 조회서비스 응답 항목에 토양수분 필드 자체가 없어 변수 제외,"최근접 관측소 매칭(중심점법:stem_avg, 거리 23.25km)"
2019,경기도,성남시 중원구,41133,108,서울,23.25,13.6,-4.36,True,25.22,891.3,1.95,2062.6,2861.8,-0.89,-2.16,0.08,12.0,365,,이번 산출물에서 제외(사용자 요청) - 추후 국토지리정보원 자료로 보강 필요,ASOS 일자료 조회서비스 응답 항목에 토양수분 필드 자체가 없어 변수 제외,"최근접 관측소 매칭(중심점법:stem_avg, 거리 23.25km)"
2020,경기도,성남시 중원구,41133,108,서울,23.25,13.27,-1.88,True,24.86,1651.1,2.36,1872.2,2684.3,0.35,-1.16,1.35,12.0,366,,이번 산출물에서 제외(사용자 요청) - 추후 국토지리정보원 자료로 보강 필요,ASOS 일자료 조회서비스 응답 항목에 토양수분 필드 자체가 없어 변수 제외,"최근접 관측소 매칭(중심점법:stem_avg, 거리 23.25km)"
2021,경기도,성남시 중원구,41133,108,서울,23.25,13.75,-4.48,True,25.63,1186.5,2.31,2045.2,2899.6,0.07,-1.12,1.87,12.0,365,,이번 산출물에서 제외(사용자 요청) - 추후 국토지리정보원 자료로 보강 필요,ASOS 일자료 조회서비스 응답 항목에 토양수분 필드 자체가 없어 변수 제외,"최근접 관측소 매칭(중심점법:stem_avg, 거리 23.25km)"
2022,경기도,성남시 중원구,41133,108,서울,23.25,13.3,-5.02,True,25.48,1775.3,2.37,2058.6,2907.0,0.37,-1.54,1.56,12.0,365,,이번 산출물에서 제외(사용자 요청) - 추후 국토지리정보원 자료로 보강 필요,ASOS 일자료 조회서비스 응답 항목에 토양수분 필드 자체가 없어 변수 제외,"최근접 관측소 매칭(중심점법:stem_avg, 거리 23.25km)"
2023,경기도,성남시 중원구,41133,108,서울,23.25,14.11,-4.8,True,25.78,1598.8,2.27,2196.9,3040.7,0.34,-0.76,1.35,12.0,365,,이번 산출물에서 제외(사용자 요청) - 추후 국토지리정보원 자료로 보강 필요,ASOS 일자료 조회서비스 응답 항목에 토양수분 필드 자체가 없어 변수 제외,"최근접 관측소 매칭(중심점법:stem_avg, 거리 23.25km)"
2024,경기도,성남시 중원구,41133,108,서울,23.25,14.88,-2.12,True,26.87,1311.4,2.31,2412.2,3260.6,0.34,-0.89,1.83,12.0,366,,이번 산출물에서 제외(사용자 요청) - 추후 국토지리정보원 자료로 보강 필요,ASOS 일자료 조회서비스 응답 항목에 토양수분 필드 자체가 없어 변수 제외,"최근접 관측소 매칭(중심점법:stem_avg, 거리 23.25km)"
2025,경기도,성남시 중원구,41133,108,서울,23.25,14.15,-4.06,True,27.05,1582.4,2.33,2244.3,3073.0,0.25,-0.97,1.92,12.0,365,,이번 산출물에서 제외(사용자 요청) - 추후 국토지리정보원 자료로 보강 필요,ASOS 일자료 조회서비스 응답 항목에 토양수분 필드 자체가 없어 변수 제외,"최근접 관측소 매칭(중심점법:stem_avg, 거리 23.25km)"
2016,경기도,수원시 권선구,41113,119,수원,0.49,13.61,-4.13,True,25.68,1023.4,1.78,2153.4,2980.2,-0.14,-1.52,0.89,11.0,366,,이번 산출물에서 제외(사용자 요청) - 추후 국토지리정보원 자료로 보강 필요,ASOS 일자료 조회서비스 응답 항목에 토양수분 필드 자체가 없어 변수 제외,"최근접 관측소 매칭(중심점법:stem_avg, 거리 0.49km)"
2017,경기도,수원시 권선구,41113,119,수원,0.49,12.66,-4.78,True,24.81,1328.6,1.82,1957.6,2741.6,-0.53,-2.17,1.15,12.0,365,,이번 산출물에서 제외(사용자 요청) - 추후 국토지리정보원 자료로 보강 필요,ASOS 일자료 조회서비스 응답 항목에 토양수분 필드 자체가 없어 변수 제외,"최근접 관측소 매칭(중심점법:stem_avg, 거리 0.49km)"
2018,경기도,수원시 권선구,41113,119,수원,0.49,12.81,-6.8,True,26.21,1293.1,1.83,2001.4,2812.2,0.28,-1.12,1.69,12.0,365,,이번 산출물에서 제외(사용자 요청) - 추후 국토지리정보원 자료로 보강 필요,ASOS 일자료 조회서비스 응답 항목에 토양수분 필드 자체가 없어 변수 제외,"최근접 관측소 매칭(중심점법:stem_avg, 거리 0.49km)"
2019,경기도,수원시 권선구,41113,119,수원,0.49,13.26,-5.28,True,24.95,915.8,1.78,1967.1,2746.2,-0.61,-1.79,0.59,12.0,365,,이번 산출물에서 제외(사용자 요청) - 추후 국토지리정보원 자료로 보강 필요,ASOS 일자료 조회서비스 응답 항목에 토양수분 필드 자체가 없어 변수 제외,"최근접 관측소 매칭(중심점법:stem_avg, 거리 0.49km)"
2020,경기도,수원시 권선구,41113,119,수원,0.49,12.94,-2.55,True,24.55,1635.5,1.94,1790.7,2564.8,0.32,-2.09,1.54,12.0,366,,이번 산출물에서 제외(사용자 요청) - 추후 국토지리정보원 자료로 보강 필요,ASOS 일자료 조회서비스 응답 항목에 토양수분 필드 자체가 없어 변수 제외,"최근접 관측소 매칭(중심점법:stem_avg, 거리 0.49km)"
2021,경기도,수원시 권선구,41113,119,수원,0.49,13.45,-5.34,True,25.35,1084.4,1.91,1984.2,2802.3,-0.16,-1.26,1.53,12.0,365,,이번 산출물에서 제외(사용자 요청) - 추후 국토지리정보원 자료로 보강 필요,ASOS 일자료 조회서비스 응답 항목에 토양수분 필드 자체가 없어 변수 제외,"최근접 관측소 매칭(중심점법:stem_avg, 거리 0.49km)"
2022,경기도,수원시 권선구,41113,119,수원,0.49,12.83,-5.77,True,25.25,1864.0,1.92,1971.2,2798.8,0.43,-1.62,1.79,12.0,365,,이번 산출물에서 제외(사용자 요청) - 추후 국토지리정보원 자료로 보강 필요,ASOS 일자료 조회서비스 응답 항목에 토양수분 필드 자체가 없어 변수 제외,"최근접 관측소 매칭(중심점법:stem_avg, 거리 0.49km)"
2023,경기도,수원시 권선구,41113,119,수원,0.49,13.41,-6.32,True,25.04,1409.4,1.87,2016.7,2842.5,-0.1,-1.61,1.14,12.0,365,,이번 산출물에서 제외(사용자 요청) - 추후 국토지리정보원 자료로 보강 필요,ASOS 일자료 조회서비스 응답 항목에 토양수분 필드 자체가 없어 변수 제외,"최근접 관측소 매칭(중심점법:stem_avg, 거리 0.49km)"
2024,경기도,수원시 권선구,41113,119,수원,0.49,14.13,-2.88,True,25.87,1378.2,1.88,2194.8,3032.0,0.6,-0.21,1.94,12.0,366,,이번 산출물에서 제외(사용자 요청) - 추후 국토지리정보원 자료로 보강 필요,ASOS 일자료 조회서비스 응답 항목에 토양수분 필드 자체가 없어 변수 제외,"최근접 관측소 매칭(중심점법:stem_avg, 거리 0.49km)"
2025,경기도,수원시 권선구,41113,119,수원,0.49,13.39,-5.36,True,25.94,1265.3,1.96,2060.3,2861.4,-0.1,-1.16,1.7,12.0,365,,이번 산출물에서 제외(사용자 요청) - 추후 국토지리정보원 자료로 보강 필요,ASOS 일자료 조회서비스 응답 항목에 토양수분 필드 자체가 없어 변수 제외,"최근접 관측소 매칭(중심점법:stem_avg, 거리 0.49km)"
2016,경기도,수원시 영통구,41117,119,수원,6.77,13.61,-4.13,True,25.68,1023.4,1.78,2153.4,2980.2,-0.14,-1.52,0.89,11.0,366,,이번 산출물에서 제외(사용자 요청) - 추후 국토지리정보원 자료로 보강 필요,ASOS 일자료 조회서비스 응답 항목에 토양수분 필드 자체가 없어 변수 제외,"최근접 관측소 매칭(중심점법:stem_avg, 거리 6.77km)"
2017,경기도,수원시 영통구,41117,119,수원,6.77,12.66,-4.78,True,24.81,1328.6,1.82,1957.6,2741.6,-0.53,-2.17,1.15,12.0,365,,이번 산출물에서 제외(사용자 요청) - 추후 국토지리정보원 자료로 보강 필요,ASOS 일자료 조회서비스 응답 항목에 토양수분 필드 자체가 없어 변수 제외,"최근접 관측소 매칭(중심점법:stem_avg, 거리 6.77km)"
2018,경기도,수원시 영통구,41117,119,수원,6.77,12.81,-6.8,True,26.21,1293.1,1.83,2001.4,2812.2,0.28,-1.12,1.69,12.0,365,,이번 산출물에서 제외(사용자 요청) - 추후 국토지리정보원 자료로 보강 필요,ASOS 일자료 조회서비스 응답 항목에 토양수분 필드 자체가 없어 변수 제외,"최근접 관측소 매칭(중심점법:stem_avg, 거리 6.77km)"
2019,경기도,수원시 영통구,41117,119,수원,6.77,13.26,-5.28,True,24.95,915.8,1.78,1967.1,2746.2,-0.61,-1.79,0.59,12.0,365,,이번 산출물에서 제외(사용자 요청) - 추후 국토지리정보원 자료로 보강 필요,ASOS 일자료 조회서비스 응답 항목에 토양수분 필드 자체가 없어 변수 제외,"최근접 관측소 매칭(중심점법:stem_avg, 거리 6.77km)"
2020,경기도,수원시 영통구,41117,119,수원,6.77,12.94,-2.55,True,24.55,1635.5,1.94,1790.7,2564.8,0.32,-2.09,1.54,12.0,366,,이번 산출물에서 제외(사용자 요청) - 추후 국토지리정보원 자료로 보강 필요,ASOS 일자료 조회서비스 응답 항목에 토양수분 필드 자체가 없어 변수 제외,"최근접 관측소 매칭(중심점법:stem_avg, 거리 6.77km)"
2021,경기도,수원시 영통구,41117,119,수원,6.77,13.45,-5.34,True,25.35,1084.4,1.91,1984.2,2802.3,-0.16,-1.26,1.53,12.0,365,,이번 산출물에서 제외(사용자 요청) - 추후 국토지리정보원 자료로 보강 필요,ASOS 일자료 조회서비스 응답 항목에 토양수분 필드 자체가 없어 변수 제외,"최근접 관측소 매칭(중심점법:stem_avg, 거리 6.77km)"
2022,경기도,수원시 영통구,41117,119,수원,6.77,12.83,-5.77,True,25.25,1864.0,1.92,1971.2,2798.8,0.43,-1.62,1.79,12.0,365,,이번 산출물에서 제외(사용자 요청) - 추후 국토지리정보원 자료로 보강 필요,ASOS 일자료 조회서비스 응답 항목에 토양수분 필드 자체가 없어 변수 제외,"최근접 관측소 매칭(중심점법:stem_avg, 거리 6.77km)"
2023,경기도,수원시 영통구,41117,119,수원,6.77,13.41,-6.32,True,25.04,1409.4,1.87,2016.7,2842.5,-0.1,-1.61,1.14,12.0,365,,이번 산출물에서 제외(사용자 요청) - 추후 국토지리정보원 자료로 보강 필요,ASOS 일자료 조회서비스 응답 항목에 토양수분 필드 자체가 없어 변수 제외,"최근접 관측소 매칭(중심점법:stem_avg, 거리 6.77km)"
2024,경기도,수원시 영통구,41117,119,수원,6.77,14.13,-2.88,True,25.87,1378.2,1.88,2194.8,3032.0,0.6,-0.21,1.94,12.0,366,,이번 산출물에서 제외(사용자 요청) - 추후 국토지리정보원 자료로 보강 필요,ASOS 일자료 조회서비스 응답 항목에 토양수분 필드 자체가 없어 변수 제외,"최근접 관측소 매칭(중심점법:stem_avg, 거리 6.77km)"
2025,경기도,수원시 영통구,41117,119,수원,6.77,13.39,-5.36,True,25.94,1265.3,1.96,2060.3,2861.4,-0.1,-1.16,1.7,12.0,365,,이번 산출물에서 제외(사용자 요청) - 추후 국토지리정보원 자료로 보강 필요,ASOS 일자료 조회서비스 응답 항목에 토양수분 필드 자체가 없어 변수 제외,"최근접 관측소 매칭(중심점법:stem_avg, 거리 6.77km)"
2016,경기도,수원시 장안구,41111,119,수원,6.51,13.61,-4.13,True,25.68,1023.4,1.78,2153.4,2980.2,-0.14,-1.52,0.89,11.0,366,,이번 산출물에서 제외(사용자 요청) - 추후 국토지리정보원 자료로 보강 필요,ASOS 일자료 조회서비스 응답 항목에 토양수분 필드 자체가 없어 변수 제외,"최근접 관측소 매칭(중심점법:stem_avg, 거리 6.51km)"
2017,경기도,수원시 장안구,41111,119,수원,6.51,12.66,-4.78,True,24.81,1328.6,1.82,1957.6,2741.6,-0.53,-2.17,1.15,12.0,365,,이번 산출물에서 제외(사용자 요청) - 추후 국토지리정보원 자료로 보강 필요,ASOS 일자료 조회서비스 응답 항목에 토양수분 필드 자체가 없어 변수 제외,"최근접 관측소 매칭(중심점법:stem_avg, 거리 6.51km)"
2018,경기도,수원시 장안구,41111,119,수원,6.51,12.81,-6.8,True,26.21,1293.1,1.83,2001.4,2812.2,0.28,-1.12,1.69,12.0,365,,이번 산출물에서 제외(사용자 요청) - 추후 국토지리정보원 자료로 보강 필요,ASOS 일자료 조회서비스 응답 항목에 토양수분 필드 자체가 없어 변수 제외,"최근접 관측소 매칭(중심점법:stem_avg, 거리 6.51km)"
2019,경기도,수원시 장안구,41111,119,수원,6.51,13.26,-5.28,True,24.95,915.8,1.78,1967.1,2746.2,-0.61,-1.79,0.59,12.0,365,,이번 산출물에서 제외(사용자 요청) - 추후 국토지리정보원 자료로 보강 필요,ASOS 일자료 조회서비스 응답 항목에 토양수분 필드 자체가 없어 변수 제외,"최근접 관측소 매칭(중심점법:stem_avg, 거리 6.51km)"
2020,경기도,수원시 장안구,41111,119,수원,6.51,12.94,-2.55,True,24.55,1635.5,1.94,1790.7,2564.8,0.32,-2.09,1.54,12.0,366,,이번 산출물에서 제외(사용자 요청) - 추후 국토지리정보원 자료로 보강 필요,ASOS 일자료 조회서비스 응답 항목에 토양수분 필드 자체가 없어 변수 제외,"최근접 관측소 매칭(중심점법:stem_avg, 거리 6.51km)"
2021,경기도,수원시 장안구,41111,119,수원,6.51,13.45,-5.34,True,25.35,1084.4,1.91,1984.2,2802.3,-0.16,-1.26,1.53,12.0,365,,이번 산출물에서 제외(사용자 요청) - 추후 국토지리정보원 자료로 보강 필요,ASOS 일자료 조회서비스 응답 항목에 토양수분 필드 자체가 없어 변수 제외,"최근접 관측소 매칭(중심점법:stem_avg, 거리 6.51km)"
2022,경기도,수원시 장안구,41111,119,수원,6.51,12.83,-5.77,True,25.25,1864.0,1.92,1971.2,2798.8,0.43,-1.62,1.79,12.0,365,,이번 산출물에서 제외(사용자 요청) - 추후 국토지리정보원 자료로 보강 필요,ASOS 일자료 조회서비스 응답 항목에 토양수분 필드 자체가 없어 변수 제외,"최근접 관측소 매칭(중심점법:stem_avg, 거리 6.51km)"
2023,경기도,수원시 장안구,41111,119,수원,6.51,13.41,-6.32,True,25.04,1409.4,1.87,2016.7,2842.5,-0.1,-1.61,1.14,12.0,365,,이번 산출물에서 제외(사용자 요청) - 추후 국토지리정보원 자료로 보강 필요,ASOS 일자료 조회서비스 응답 항목에 토양수분 필드 자체가 없어 변수 제외,"최근접 관측소 매칭(중심점법:stem_avg, 거리 6.51km)"
2024,경기도,수원시 장안구,41111,119,수원,6.51,14.13,-2.88,True,25.87,1378.2,1.88,2194.8,3032.0,0.6,-0.21,1.94,12.0,366,,이번 산출물에서 제외(사용자 요청) - 추후 국토지리정보원 자료로 보강 필요,ASOS 일자료 조회서비스 응답 항목에 토양수분 필드 자체가 없어 변수 제외,"최근접 관측소 매칭(중심점법:stem_avg, 거리 6.51km)"
2025,경기도,수원시 장안구,41111,119,수원,6.51,13.39,-5.36,True,25.94,1265.3,1.96,2060.3,2861.4,-0.1,-1.16,1.7,12.0,365,,이번 산출물에서 제외(사용자 요청) - 추후 국토지리정보원 자료로 보강 필요,ASOS 일자료 조회서비스 응답 항목에 토양수분 필드 자체가 없어 변수 제외,"최근접 관측소 매칭(중심점법:stem_avg, 거리 6.51km)"
2016,경기도,수원시 팔달구,41115,119,수원,3.71,13.61,-4.13,True,25.68,1023.4,1.78,2153.4,2980.2,-0.14,-1.52,0.89,11.0,366,,이번 산출물에서 제외(사용자 요청) - 추후 국토지리정보원 자료로 보강 필요,ASOS 일자료 조회서비스 응답 항목에 토양수분 필드 자체가 없어 변수 제외,"최근접 관측소 매칭(중심점법:stem_avg, 거리 3.71km)"
2017,경기도,수원시 팔달구,41115,119,수원,3.71,12.66,-4.78,True,24.81,1328.6,1.82,1957.6,2741.6,-0.53,-2.17,1.15,12.0,365,,이번 산출물에서 제외(사용자 요청) - 추후 국토지리정보원 자료로 보강 필요,ASOS 일자료 조회서비스 응답 항목에 토양수분 필드 자체가 없어 변수 제외,"최근접 관측소 매칭(중심점법:stem_avg, 거리 3.71km)"
2018,경기도,수원시 팔달구,41115,119,수원,3.71,12.81,-6.8,True,26.21,1293.1,1.83,2001.4,2812.2,0.28,-1.12,1.69,12.0,365,,이번 산출물에서 제외(사용자 요청) - 추후 국토지리정보원 자료로 보강 필요,ASOS 일자료 조회서비스 응답 항목에 토양수분 필드 자체가 없어 변수 제외,"최근접 관측소 매칭(중심점법:stem_avg, 거리 3.71km)"
2019,경기도,수원시 팔달구,41115,119,수원,3.71,13.26,-5.28,True,24.95,915.8,1.78,1967.1,2746.2,-0.61,-1.79,0.59,12.0,365,,이번 산출물에서 제외(사용자 요청) - 추후 국토지리정보원 자료로 보강 필요,ASOS 일자료 조회서비스 응답 항목에 토양수분 필드 자체가 없어 변수 제외,"최근접 관측소 매칭(중심점법:stem_avg, 거리 3.71km)"
2020,경기도,수원시 팔달구,41115,119,수원,3.71,12.94,-2.55,True,24.55,1635.5,1.94,1790.7,2564.8,0.32,-2.09,1.54,12.0,366,,이번 산출물에서 제외(사용자 요청) - 추후 국토지리정보원 자료로 보강 필요,ASOS 일자료 조회서비스 응답 항목에 토양수분 필드 자체가 없어 변수 제외,"최근접 관측소 매칭(중심점법:stem_avg, 거리 3.71km)"
2021,경기도,수원시 팔달구,41115,119,수원,3.71,13.45,-5.34,True,25.35,1084.4,1.91,1984.2,2802.3,-0.16,-1.26,1.53,12.0,365,,이번 산출물에서 제외(사용자 요청) - 추후 국토지리정보원 자료로 보강 필요,ASOS 일자료 조회서비스 응답 항목에 토양수분 필드 자체가 없어 변수 제외,"최근접 관측소 매칭(중심점법:stem_avg, 거리 3.71km)"
2022,경기도,수원시 팔달구,41115,119,수원,3.71,12.83,-5.77,True,25.25,1864.0,1.92,1971.2,2798.8,0.43,-1.62,1.79,12.0,365,,이번 산출물에서 제외(사용자 요청) - 추후 국토지리정보원 자료로 보강 필요,ASOS 일자료 조회서비스 응답 항목에 토양수분 필드 자체가 없어 변수 제외,"최근접 관측소 매칭(중심점법:stem_avg, 거리 3.71km)"
2023,경기도,수원시 팔달구,41115,119,수원,3.71,13.41,-6.32,True,25.04,1409.4,1.87,2016.7,2842.5,-0.1,-1.61,1.14,12.0,365,,이번 산출물에서 제외(사용자 요청) - 추후 국토지리정보원 자료로 보강 필요,ASOS 일자료 조회서비스 응답 항목에 토양수분 필드 자체가 없어 변수 제외,"최근접 관측소 매칭(중심점법:stem_avg, 거리 3.71km)"
2024,경기도,수원시 팔달구,41115,119,수원,3.71,14.13,-2.88,True,25.87,1378.2,1.88,2194.8,3032.0,0.6,-0.21,1.94,12.0,366,,이번 산출물에서 제외(사용자 요청) - 추후 국토지리정보원 자료로 보강 필요,ASOS 일자료 조회서비스 응답 항목에 토양수분 필드 자체가 없어 변수 제외,"최근접 관측소 매칭(중심점법:stem_avg, 거리 3.71km)"
2025,경기도,수원시 팔달구,41115,119,수원,3.71,13.39,-5.36,True,25.94,1265.3,1.96,2060.3,2861.4,-0.1,-1.16,1.7,12.0,365,,이번 산출물에서 제외(사용자 요청) - 추후 국토지리정보원 자료로 보강 필요,ASOS 일자료 조회서비스 응답 항목에 토양수분 필드 자체가 없어 변수 제외,"최근접 관측소 매칭(중심점법:stem_avg, 거리 3.71km)"
2016,경기도,시흥시,41390,112,인천,17.32,13.33,-2.78,True,24.9,864.3,3.09,2009.0,2822.9,-0.34,-1.92,0.83,11.0,366,,이번 산출물에서 제외(사용자 요청) - 추후 국토지리정보원 자료로 보강 필요,ASOS 일자료 조회서비스 응답 항목에 토양수분 필드 자체가 없어 변수 제외,"최근접 관측소 매칭(중심점법:exact, 거리 17.32km)"
2017,경기도,시흥시,41390,112,인천,17.32,12.6,-2.8,True,24.34,1028.9,3.14,1863.5,2647.8,-0.58,-1.99,0.84,12.0,365,,이번 산출물에서 제외(사용자 요청) - 추후 국토지리정보원 자료로 보강 필요,ASOS 일자료 조회서비스 응답 항목에 토양수분 필드 자체가 없어 변수 제외,"최근접 관측소 매칭(중심점법:exact, 거리 17.32km)"
2018,경기도,시흥시,41390,112,인천,17.32,12.58,-5.49,True,25.36,1134.4,3.05,1875.6,2678.8,0.28,-1.29,1.62,12.0,365,,이번 산출물에서 제외(사용자 요청) - 추후 국토지리정보원 자료로 보강 필요,ASOS 일자료 조회서비스 응답 항목에 토양수분 필드 자체가 없어 변수 제외,"최근접 관측소 매칭(중심점법:exact, 거리 17.32km)"
2019,경기도,시흥시,41390,112,인천,17.32,13.25,-3.3,True,24.4,919.5,2.93,1906.4,2692.3,-0.71,-1.87,0.88,12.0,365,,이번 산출물에서 제외(사용자 요청) - 추후 국토지리정보원 자료로 보강 필요,ASOS 일자료 조회서비스 응답 항목에 토양수분 필드 자체가 없어 변수 제외,"최근접 관측소 매칭(중심점법:exact, 거리 17.32km)"
2020,경기도,시흥시,41390,112,인천,17.32,12.86,-1.03,True,23.63,1311.9,3.09,1691.7,2483.2,0.17,-1.77,1.6,12.0,366,,이번 산출물에서 제외(사용자 요청) - 추후 국토지리정보원 자료로 보강 필요,ASOS 일자료 조회서비스 응답 항목에 토양수분 필드 자체가 없어 변수 제외,"최근접 관측소 매칭(중심점법:exact, 거리 17.32km)"
2021,경기도,시흥시,41390,112,인천,17.32,13.41,-3.69,True,24.82,1071.8,2.88,1907.4,2726.2,-0.0,-1.64,1.67,12.0,365,,이번 산출물에서 제외(사용자 요청) - 추후 국토지리정보원 자료로 보강 필요,ASOS 일자료 조회서비스 응답 항목에 토양수분 필드 자체가 없어 변수 제외,"최근접 관측소 매칭(중심점법:exact, 거리 17.32km)"
2022,경기도,시흥시,41390,112,인천,17.32,12.59,-4.14,True,24.37,1620.5,2.86,1838.6,2670.8,0.37,-1.76,1.85,12.0,365,,이번 산출물에서 제외(사용자 요청) - 추후 국토지리정보원 자료로 보강 필요,ASOS 일자료 조회서비스 응답 항목에 토양수분 필드 자체가 없어 변수 제외,"최근접 관측소 매칭(중심점법:exact, 거리 17.32km)"
2023,경기도,시흥시,41390,112,인천,17.32,13.46,-4.32,True,24.71,1331.4,2.6,2012.2,2827.2,0.2,-1.03,1.39,12.0,365,,이번 산출물에서 제외(사용자 요청) - 추후 국토지리정보원 자료로 보강 필요,ASOS 일자료 조회서비스 응답 항목에 토양수분 필드 자체가 없어 변수 제외,"최근접 관측소 매칭(중심점법:exact, 거리 17.32km)"
2024,경기도,시흥시,41390,112,인천,17.32,14.25,-1.86,True,25.77,1060.8,2.63,2199.3,3038.3,0.24,-0.75,1.62,12.0,366,,이번 산출물에서 제외(사용자 요청) - 추후 국토지리정보원 자료로 보강 필요,ASOS 일자료 조회서비스 응답 항목에 토양수분 필드 자체가 없어 변수 제외,"최근접 관측소 매칭(중심점법:exact, 거리 17.32km)"
2025,경기도,시흥시,41390,112,인천,17.32,13.44,-3.55,True,25.65,1478.6,2.72,2018.4,2825.8,0.35,-1.3,1.66,12.0,365,,이번 산출물에서 제외(사용자 요청) - 추후 국토지리정보원 자료로 보강 필요,ASOS 일자료 조회서비스 응답 항목에 토양수분 필드 자체가 없어 변수 제외,"최근접 관측소 매칭(중심점법:exact, 거리 17.32km)"
2016,경기도,안산시 단원구,41273,112,인천,22.67,13.33,-2.78,True,24.9,864.3,3.09,2009.0,2822.9,-0.34,-1.92,0.83,11.0,366,,이번 산출물에서 제외(사용자 요청) - 추후 국토지리정보원 자료로 보강 필요,ASOS 일자료 조회서비스 응답 항목에 토양수분 필드 자체가 없어 변수 제외,"최근접 관측소 매칭(중심점법:stem_avg, 거리 22.67km)"
2017,경기도,안산시 단원구,41273,112,인천,22.67,12.6,-2.8,True,24.34,1028.9,3.14,1863.5,2647.8,-0.58,-1.99,0.84,12.0,365,,이번 산출물에서 제외(사용자 요청) - 추후 국토지리정보원 자료로 보강 필요,ASOS 일자료 조회서비스 응답 항목에 토양수분 필드 자체가 없어 변수 제외,"최근접 관측소 매칭(중심점법:stem_avg, 거리 22.67km)"
2018,경기도,안산시 단원구,41273,112,인천,22.67,12.58,-5.49,True,25.36,1134.4,3.05,1875.6,2678.8,0.28,-1.29,1.62,12.0,365,,이번 산출물에서 제외(사용자 요청) - 추후 국토지리정보원 자료로 보강 필요,ASOS 일자료 조회서비스 응답 항목에 토양수분 필드 자체가 없어 변수 제외,"최근접 관측소 매칭(중심점법:stem_avg, 거리 22.67km)"
2019,경기도,안산시 단원구,41273,112,인천,22.67,13.25,-3.3,True,24.4,919.5,2.93,1906.4,2692.3,-0.71,-1.87,0.88,12.0,365,,이번 산출물에서 제외(사용자 요청) - 추후 국토지리정보원 자료로 보강 필요,ASOS 일자료 조회서비스 응답 항목에 토양수분 필드 자체가 없어 변수 제외,"최근접 관측소 매칭(중심점법:stem_avg, 거리 22.67km)"
2020,경기도,안산시 단원구,41273,112,인천,22.67,12.86,-1.03,True,23.63,1311.9,3.09,1691.7,2483.2,0.17,-1.77,1.6,12.0,366,,이번 산출물에서 제외(사용자 요청) - 추후 국토지리정보원 자료로 보강 필요,ASOS 일자료 조회서비스 응답 항목에 토양수분 필드 자체가 없어 변수 제외,"최근접 관측소 매칭(중심점법:stem_avg, 거리 22.67km)"
2021,경기도,안산시 단원구,41273,112,인천,22.67,13.41,-3.69,True,24.82,1071.8,2.88,1907.4,2726.2,-0.0,-1.64,1.67,12.0,365,,이번 산출물에서 제외(사용자 요청) - 추후 국토지리정보원 자료로 보강 필요,ASOS 일자료 조회서비스 응답 항목에 토양수분 필드 자체가 없어 변수 제외,"최근접 관측소 매칭(중심점법:stem_avg, 거리 22.67km)"
2022,경기도,안산시 단원구,41273,112,인천,22.67,12.59,-4.14,True,24.37,1620.5,2.86,1838.6,2670.8,0.37,-1.76,1.85,12.0,365,,이번 산출물에서 제외(사용자 요청) - 추후 국토지리정보원 자료로 보강 필요,ASOS 일자료 조회서비스 응답 항목에 토양수분 필드 자체가 없어 변수 제외,"최근접 관측소 매칭(중심점법:stem_avg, 거리 22.67km)"
2023,경기도,안산시 단원구,41273,112,인천,22.67,13.46,-4.32,True,24.71,1331.4,2.6,2012.2,2827.2,0.2,-1.03,1.39,12.0,365,,이번 산출물에서 제외(사용자 요청) - 추후 국토지리정보원 자료로 보강 필요,ASOS 일자료 조회서비스 응답 항목에 토양수분 필드 자체가 없어 변수 제외,"최근접 관측소 매칭(중심점법:stem_avg, 거리 22.67km)"
2024,경기도,안산시 단원구,41273,112,인천,22.67,14.25,-1.86,True,25.77,1060.8,2.63,2199.3,3038.3,0.24,-0.75,1.62,12.0,366,,이번 산출물에서 제외(사용자 요청) - 추후 국토지리정보원 자료로 보강 필요,ASOS 일자료 조회서비스 응답 항목에 토양수분 필드 자체가 없어 변수 제외,"최근접 관측소 매칭(중심점법:stem_avg, 거리 22.67km)"
2025,경기도,안산시 단원구,41273,112,인천,22.67,13.44,-3.55,True,25.65,1478.6,2.72,2018.4,2825.8,0.35,-1.3,1.66,12.0,365,,이번 산출물에서 제외(사용자 요청) - 추후 국토지리정보원 자료로 보강 필요,ASOS 일자료 조회서비스 응답 항목에 토양수분 필드 자체가 없어 변수 제외,"최근접 관측소 매칭(중심점법:stem_avg, 거리 22.67km)"
2016,경기도,안산시 상록구,41271,119,수원,11.87,13.61,-4.13,True,25.68,1023.4,1.78,2153.4,2980.2,-0.14,-1.52,0.89,11.0,366,,이번 산출물에서 제외(사용자 요청) - 추후 국토지리정보원 자료로 보강 필요,ASOS 일자료 조회서비스 응답 항목에 토양수분 필드 자체가 없어 변수 제외,"최근접 관측소 매칭(중심점법:stem_avg, 거리 11.87km)"
2017,경기도,안산시 상록구,41271,119,수원,11.87,12.66,-4.78,True,24.81,1328.6,1.82,1957.6,2741.6,-0.53,-2.17,1.15,12.0,365,,이번 산출물에서 제외(사용자 요청) - 추후 국토지리정보원 자료로 보강 필요,ASOS 일자료 조회서비스 응답 항목에 토양수분 필드 자체가 없어 변수 제외,"최근접 관측소 매칭(중심점법:stem_avg, 거리 11.87km)"
2018,경기도,안산시 상록구,41271,119,수원,11.87,12.81,-6.8,True,26.21,1293.1,1.83,2001.4,2812.2,0.28,-1.12,1.69,12.0,365,,이번 산출물에서 제외(사용자 요청) - 추후 국토지리정보원 자료로 보강 필요,ASOS 일자료 조회서비스 응답 항목에 토양수분 필드 자체가 없어 변수 제외,"최근접 관측소 매칭(중심점법:stem_avg, 거리 11.87km)"
2019,경기도,안산시 상록구,41271,119,수원,11.87,13.26,-5.28,True,24.95,915.8,1.78,1967.1,2746.2,-0.61,-1.79,0.59,12.0,365,,이번 산출물에서 제외(사용자 요청) - 추후 국토지리정보원 자료로 보강 필요,ASOS 일자료 조회서비스 응답 항목에 토양수분 필드 자체가 없어 변수 제외,"최근접 관측소 매칭(중심점법:stem_avg, 거리 11.87km)"
2020,경기도,안산시 상록구,41271,119,수원,11.87,12.94,-2.55,True,24.55,1635.5,1.94,1790.7,2564.8,0.32,-2.09,1.54,12.0,366,,이번 산출물에서 제외(사용자 요청) - 추후 국토지리정보원 자료로 보강 필요,ASOS 일자료 조회서비스 응답 항목에 토양수분 필드 자체가 없어 변수 제외,"최근접 관측소 매칭(중심점법:stem_avg, 거리 11.87km)"
2021,경기도,안산시 상록구,41271,119,수원,11.87,13.45,-5.34,True,25.35,1084.4,1.91,1984.2,2802.3,-0.16,-1.26,1.53,12.0,365,,이번 산출물에서 제외(사용자 요청) - 추후 국토지리정보원 자료로 보강 필요,ASOS 일자료 조회서비스 응답 항목에 토양수분 필드 자체가 없어 변수 제외,"최근접 관측소 매칭(중심점법:stem_avg, 거리 11.87km)"
2022,경기도,안산시 상록구,41271,119,수원,11.87,12.83,-5.77,True,25.25,1864.0,1.92,1971.2,2798.8,0.43,-1.62,1.79,12.0,365,,이번 산출물에서 제외(사용자 요청) - 추후 국토지리정보원 자료로 보강 필요,ASOS 일자료 조회서비스 응답 항목에 토양수분 필드 자체가 없어 변수 제외,"최근접 관측소 매칭(중심점법:stem_avg, 거리 11.87km)"
2023,경기도,안산시 상록구,41271,119,수원,11.87,13.41,-6.32,True,25.04,1409.4,1.87,2016.7,2842.5,-0.1,-1.61,1.14,12.0,365,,이번 산출물에서 제외(사용자 요청) - 추후 국토지리정보원 자료로 보강 필요,ASOS 일자료 조회서비스 응답 항목에 토양수분 필드 자체가 없어 변수 제외,"최근접 관측소 매칭(중심점법:stem_avg, 거리 11.87km)"
2024,경기도,안산시 상록구,41271,119,수원,11.87,14.13,-2.88,True,25.87,1378.2,1.88,2194.8,3032.0,0.6,-0.21,1.94,12.0,366,,이번 산출물에서 제외(사용자 요청) - 추후 국토지리정보원 자료로 보강 필요,ASOS 일자료 조회서비스 응답 항목에 토양수분 필드 자체가 없어 변수 제외,"최근접 관측소 매칭(중심점법:stem_avg, 거리 11.87km)"
2025,경기도,안산시 상록구,41271,119,수원,11.87,13.39,-5.36,True,25.94,1265.3,1.96,2060.3,2861.4,-0.1,-1.16,1.7,12.0,365,,이번 산출물에서 제외(사용자 요청) - 추후 국토지리정보원 자료로 보강 필요,ASOS 일자료 조회서비스 응답 항목에 토양수분 필드 자체가 없어 변수 제외,"최근접 관측소 매칭(중심점법:stem_avg, 거리 11.87km)"
2016,경기도,안성시,41550,203,이천,30.13,12.74,-6.26,True,25.18,870.2,1.34,1989.6,2795.8,-0.53,-2.12,0.8,11.0,366,,이번 산출물에서 제외(사용자 요청) - 추후 국토지리정보원 자료로 보강 필요,ASOS 일자료 조회서비스 응답 항목에 토양수분 필드 자체가 없어 변수 제외,"최근접 관측소 매칭(중심점법:exact, 거리 30.13km) - 30km 이상 이격, 대표성 낮을 수 있음"
2017,경기도,안성시,41550,203,이천,30.13,11.85,-6.57,True,24.0,1020.0,1.38,1778.4,2547.6,-0.9,-2.14,0.44,12.0,365,,이번 산출물에서 제외(사용자 요청) - 추후 국토지리정보원 자료로 보강 필요,ASOS 일자료 조회서비스 응답 항목에 토양수분 필드 자체가 없어 변수 제외,"최근접 관측소 매칭(중심점법:exact, 거리 30.13km) - 30km 이상 이격, 대표성 낮을 수 있음"
2018,경기도,안성시,41550,203,이천,30.13,11.79,-8.82,True,25.46,1425.5,1.42,1818.5,2579.6,0.36,-1.02,1.7,12.0,365,,이번 산출물에서 제외(사용자 요청) - 추후 국토지리정보원 자료로 보강 필요,ASOS 일자료 조회서비스 응답 항목에 토양수분 필드 자체가 없어 변수 제외,"최근접 관측소 매칭(중심점법:exact, 거리 30.13km) - 30km 이상 이격, 대표성 낮을 수 있음"
2019,경기도,안성시,41550,203,이천,30.13,12.4,-7.5,True,24.35,997.5,1.3,1858.8,2605.5,-0.51,-1.37,0.66,12.0,365,,이번 산출물에서 제외(사용자 요청) - 추후 국토지리정보원 자료로 보강 필요,ASOS 일자료 조회서비스 응답 항목에 토양수분 필드 자체가 없어 변수 제외,"최근접 관측소 매칭(중심점법:exact, 거리 30.13km) - 30km 이상 이격, 대표성 낮을 수 있음"
2020,경기도,안성시,41550,203,이천,30.13,12.48,-3.67,True,24.29,1668.8,1.2,1717.8,2476.1,0.41,-2.02,1.58,12.0,366,,이번 산출물에서 제외(사용자 요청) - 추후 국토지리정보원 자료로 보강 필요,ASOS 일자료 조회서비스 응답 항목에 토양수분 필드 자체가 없어 변수 제외,"최근접 관측소 매칭(중심점법:exact, 거리 30.13km) - 30km 이상 이격, 대표성 낮을 수 있음"
2021,경기도,안성시,41550,203,이천,30.13,12.71,-6.8,True,24.56,1076.6,1.1,1838.6,2629.6,-0.28,-1.46,1.38,12.0,365,,이번 산출물에서 제외(사용자 요청) - 추후 국토지리정보원 자료로 보강 필요,ASOS 일자료 조회서비스 응답 항목에 토양수분 필드 자체가 없어 변수 제외,"최근접 관측소 매칭(중심점법:exact, 거리 30.13km) - 30km 이상 이격, 대표성 낮을 수 있음"
2022,경기도,안성시,41550,203,이천,30.13,12.25,-7.32,True,24.69,1537.3,1.12,1849.9,2639.0,0.1,-1.64,1.26,12.0,365,,이번 산출물에서 제외(사용자 요청) - 추후 국토지리정보원 자료로 보강 필요,ASOS 일자료 조회서비스 응답 항목에 토양수분 필드 자체가 없어 변수 제외,"최근접 관측소 매칭(중심점법:exact, 거리 30.13km) - 30km 이상 이격, 대표성 낮을 수 있음"
2023,경기도,안성시,41550,203,이천,30.13,13.13,-7.59,True,25.14,1633.4,1.02,1963.9,2785.8,0.17,-1.77,1.77,12.0,365,,이번 산출물에서 제외(사용자 요청) - 추후 국토지리정보원 자료로 보강 필요,ASOS 일자료 조회서비스 응답 항목에 토양수분 필드 자체가 없어 변수 제외,"최근접 관측소 매칭(중심점법:exact, 거리 30.13km) - 30km 이상 이격, 대표성 낮을 수 있음"
2024,경기도,안성시,41550,203,이천,30.13,13.89,-4.04,True,25.9,1706.7,1.01,2172.6,3010.1,1.02,0.08,1.98,12.0,366,,이번 산출물에서 제외(사용자 요청) - 추후 국토지리정보원 자료로 보강 필요,ASOS 일자료 조회서비스 응답 항목에 토양수분 필드 자체가 없어 변수 제외,"최근접 관측소 매칭(중심점법:exact, 거리 30.13km) - 30km 이상 이격, 대표성 낮을 수 있음"
2025,경기도,안성시,41550,203,이천,30.13,13.12,-6.76,True,26.06,1397.5,1.02,2086.9,2875.1,0.13,-0.87,1.42,12.0,365,,이번 산출물에서 제외(사용자 요청) - 추후 국토지리정보원 자료로 보강 필요,ASOS 일자료 조회서비스 응답 항목에 토양수분 필드 자체가 없어 변수 제외,"최근접 관측소 매칭(중심점법:exact, 거리 30.13km) - 30km 이상 이격, 대표성 낮을 수 있음"
2016,경기도,안양시 동안구,41173,119,수원,16.1,13.61,-4.13,True,25.68,1023.4,1.78,2153.4,2980.2,-0.14,-1.52,0.89,11.0,366,,이번 산출물에서 제외(사용자 요청) - 추후 국토지리정보원 자료로 보강 필요,ASOS 일자료 조회서비스 응답 항목에 토양수분 필드 자체가 없어 변수 제외,"최근접 관측소 매칭(중심점법:stem_avg, 거리 16.1km)"
2017,경기도,안양시 동안구,41173,119,수원,16.1,12.66,-4.78,True,24.81,1328.6,1.82,1957.6,2741.6,-0.53,-2.17,1.15,12.0,365,,이번 산출물에서 제외(사용자 요청) - 추후 국토지리정보원 자료로 보강 필요,ASOS 일자료 조회서비스 응답 항목에 토양수분 필드 자체가 없어 변수 제외,"최근접 관측소 매칭(중심점법:stem_avg, 거리 16.1km)"
2018,경기도,안양시 동안구,41173,119,수원,16.1,12.81,-6.8,True,26.21,1293.1,1.83,2001.4,2812.2,0.28,-1.12,1.69,12.0,365,,이번 산출물에서 제외(사용자 요청) - 추후 국토지리정보원 자료로 보강 필요,ASOS 일자료 조회서비스 응답 항목에 토양수분 필드 자체가 없어 변수 제외,"최근접 관측소 매칭(중심점법:stem_avg, 거리 16.1km)"
2019,경기도,안양시 동안구,41173,119,수원,16.1,13.26,-5.28,True,24.95,915.8,1.78,1967.1,2746.2,-0.61,-1.79,0.59,12.0,365,,이번 산출물에서 제외(사용자 요청) - 추후 국토지리정보원 자료로 보강 필요,ASOS 일자료 조회서비스 응답 항목에 토양수분 필드 자체가 없어 변수 제외,"최근접 관측소 매칭(중심점법:stem_avg, 거리 16.1km)"
2020,경기도,안양시 동안구,41173,119,수원,16.1,12.94,-2.55,True,24.55,1635.5,1.94,1790.7,2564.8,0.32,-2.09,1.54,12.0,366,,이번 산출물에서 제외(사용자 요청) - 추후 국토지리정보원 자료로 보강 필요,ASOS 일자료 조회서비스 응답 항목에 토양수분 필드 자체가 없어 변수 제외,"최근접 관측소 매칭(중심점법:stem_avg, 거리 16.1km)"
2021,경기도,안양시 동안구,41173,119,수원,16.1,13.45,-5.34,True,25.35,1084.4,1.91,1984.2,2802.3,-0.16,-1.26,1.53,12.0,365,,이번 산출물에서 제외(사용자 요청) - 추후 국토지리정보원 자료로 보강 필요,ASOS 일자료 조회서비스 응답 항목에 토양수분 필드 자체가 없어 변수 제외,"최근접 관측소 매칭(중심점법:stem_avg, 거리 16.1km)"
2022,경기도,안양시 동안구,41173,119,수원,16.1,12.83,-5.77,True,25.25,1864.0,1.92,1971.2,2798.8,0.43,-1.62,1.79,12.0,365,,이번 산출물에서 제외(사용자 요청) - 추후 국토지리정보원 자료로 보강 필요,ASOS 일자료 조회서비스 응답 항목에 토양수분 필드 자체가 없어 변수 제외,"최근접 관측소 매칭(중심점법:stem_avg, 거리 16.1km)"
2023,경기도,안양시 동안구,41173,119,수원,16.1,13.41,-6.32,True,25.04,1409.4,1.87,2016.7,2842.5,-0.1,-1.61,1.14,12.0,365,,이번 산출물에서 제외(사용자 요청) - 추후 국토지리정보원 자료로 보강 필요,ASOS 일자료 조회서비스 응답 항목에 토양수분 필드 자체가 없어 변수 제외,"최근접 관측소 매칭(중심점법:stem_avg, 거리 16.1km)"
2024,경기도,안양시 동안구,41173,119,수원,16.1,14.13,-2.88,True,25.87,1378.2,1.88,2194.8,3032.0,0.6,-0.21,1.94,12.0,366,,이번 산출물에서 제외(사용자 요청) - 추후 국토지리정보원 자료로 보강 필요,ASOS 일자료 조회서비스 응답 항목에 토양수분 필드 자체가 없어 변수 제외,"최근접 관측소 매칭(중심점법:stem_avg, 거리 16.1km)"
2025,경기도,안양시 동안구,41173,119,수원,16.1,13.39,-5.36,True,25.94,1265.3,1.96,2060.3,2861.4,-0.1,-1.16,1.7,12.0,365,,이번 산출물에서 제외(사용자 요청) - 추후 국토지리정보원 자료로 보강 필요,ASOS 일자료 조회서비스 응답 항목에 토양수분 필드 자체가 없어 변수 제외,"최근접 관측소 매칭(중심점법:stem_avg, 거리 16.1km)"
2016,경기도,안양시 만안구,41171,119,수원,17.48,13.61,-4.13,True,25.68,1023.4,1.78,2153.4,2980.2,-0.14,-1.52,0.89,11.0,366,,이번 산출물에서 제외(사용자 요청) - 추후 국토지리정보원 자료로 보강 필요,ASOS 일자료 조회서비스 응답 항목에 토양수분 필드 자체가 없어 변수 제외,"최근접 관측소 매칭(중심점법:stem_avg, 거리 17.48km)"
2017,경기도,안양시 만안구,41171,119,수원,17.48,12.66,-4.78,True,24.81,1328.6,1.82,1957.6,2741.6,-0.53,-2.17,1.15,12.0,365,,이번 산출물에서 제외(사용자 요청) - 추후 국토지리정보원 자료로 보강 필요,ASOS 일자료 조회서비스 응답 항목에 토양수분 필드 자체가 없어 변수 제외,"최근접 관측소 매칭(중심점법:stem_avg, 거리 17.48km)"
2018,경기도,안양시 만안구,41171,119,수원,17.48,12.81,-6.8,True,26.21,1293.1,1.83,2001.4,2812.2,0.28,-1.12,1.69,12.0,365,,이번 산출물에서 제외(사용자 요청) - 추후 국토지리정보원 자료로 보강 필요,ASOS 일자료 조회서비스 응답 항목에 토양수분 필드 자체가 없어 변수 제외,"최근접 관측소 매칭(중심점법:stem_avg, 거리 17.48km)"
2019,경기도,안양시 만안구,41171,119,수원,17.48,13.26,-5.28,True,24.95,915.8,1.78,1967.1,2746.2,-0.61,-1.79,0.59,12.0,365,,이번 산출물에서 제외(사용자 요청) - 추후 국토지리정보원 자료로 보강 필요,ASOS 일자료 조회서비스 응답 항목에 토양수분 필드 자체가 없어 변수 제외,"최근접 관측소 매칭(중심점법:stem_avg, 거리 17.48km)"
2020,경기도,안양시 만안구,41171,119,수원,17.48,12.94,-2.55,True,24.55,1635.5,1.94,1790.7,2564.8,0.32,-2.09,1.54,12.0,366,,이번 산출물에서 제외(사용자 요청) - 추후 국토지리정보원 자료로 보강 필요,ASOS 일자료 조회서비스 응답 항목에 토양수분 필드 자체가 없어 변수 제외,"최근접 관측소 매칭(중심점법:stem_avg, 거리 17.48km)"
2021,경기도,안양시 만안구,41171,119,수원,17.48,13.45,-5.34,True,25.35,1084.4,1.91,1984.2,2802.3,-0.16,-1.26,1.53,12.0,365,,이번 산출물에서 제외(사용자 요청) - 추후 국토지리정보원 자료로 보강 필요,ASOS 일자료 조회서비스 응답 항목에 토양수분 필드 자체가 없어 변수 제외,"최근접 관측소 매칭(중심점법:stem_avg, 거리 17.48km)"
2022,경기도,안양시 만안구,41171,119,수원,17.48,12.83,-5.77,True,25.25,1864.0,1.92,1971.2,2798.8,0.43,-1.62,1.79,12.0,365,,이번 산출물에서 제외(사용자 요청) - 추후 국토지리정보원 자료로 보강 필요,ASOS 일자료 조회서비스 응답 항목에 토양수분 필드 자체가 없어 변수 제외,"최근접 관측소 매칭(중심점법:stem_avg, 거리 17.48km)"
2023,경기도,안양시 만안구,41171,119,수원,17.48,13.41,-6.32,True,25.04,1409.4,1.87,2016.7,2842.5,-0.1,-1.61,1.14,12.0,365,,이번 산출물에서 제외(사용자 요청) - 추후 국토지리정보원 자료로 보강 필요,ASOS 일자료 조회서비스 응답 항목에 토양수분 필드 자체가 없어 변수 제외,"최근접 관측소 매칭(중심점법:stem_avg, 거리 17.48km)"
2024,경기도,안양시 만안구,41171,119,수원,17.48,14.13,-2.88,True,25.87,1378.2,1.88,2194.8,3032.0,0.6,-0.21,1.94,12.0,366,,이번 산출물에서 제외(사용자 요청) - 추후 국토지리정보원 자료로 보강 필요,ASOS 일자료 조회서비스 응답 항목에 토양수분 필드 자체가 없어 변수 제외,"최근접 관측소 매칭(중심점법:stem_avg, 거리 17.48km)"
2025,경기도,안양시 만안구,41171,119,수원,17.48,13.39,-5.36,True,25.94,1265.3,1.96,2060.3,2861.4,-0.1,-1.16,1.7,12.0,365,,이번 산출물에서 제외(사용자 요청) - 추후 국토지리정보원 자료로 보강 필요,ASOS 일자료 조회서비스 응답 항목에 토양수분 필드 자체가 없어 변수 제외,"최근접 관측소 매칭(중심점법:stem_avg, 거리 17.48km)"
2016,경기도,양주시,41630,98,동두천,11.58,12.65,-6.59,True,24.77,1087.2,1.63,2028.0,2851.0,-0.08,-1.3,1.1,11.0,366,,이번 산출물에서 제외(사용자 요청) - 추후 국토지리정보원 자료로 보강 필요,ASOS 일자료 조회서비스 응답 항목에 토양수분 필드 자체가 없어 변수 제외,"최근접 관측소 매칭(중심점법:exact, 거리 11.58km)"
2017,경기도,양주시,41630,98,동두천,11.58,11.88,-6.27,True,24.29,989.7,1.66,1879.6,2663.6,-0.82,-2.22,0.73,12.0,365,,이번 산출물에서 제외(사용자 요청) - 추후 국토지리정보원 자료로 보강 필요,ASOS 일자료 조회서비스 응답 항목에 토양수분 필드 자체가 없어 변수 제외,"최근접 관측소 매칭(중심점법:exact, 거리 11.58km)"
2018,경기도,양주시,41630,98,동두천,11.58,11.79,-9.08,True,25.24,1500.0,1.59,1861.4,2647.6,0.32,-1.22,1.38,12.0,365,,이번 산출물에서 제외(사용자 요청) - 추후 국토지리정보원 자료로 보강 필요,ASOS 일자료 조회서비스 응답 항목에 토양수분 필드 자체가 없어 변수 제외,"최근접 관측소 매칭(중심점법:exact, 거리 11.58km)"
2019,경기도,양주시,41630,98,동두천,11.58,12.09,-7.23,True,23.72,1028.1,1.37,1768.4,2519.0,-0.71,-1.66,0.71,12.0,365,,이번 산출물에서 제외(사용자 요청) - 추후 국토지리정보원 자료로 보강 필요,ASOS 일자료 조회서비스 응답 항목에 토양수분 필드 자체가 없어 변수 제외,"최근접 관측소 매칭(중심점법:exact, 거리 11.58km)"
2020,경기도,양주시,41630,98,동두천,11.58,11.84,-4.34,True,23.68,1641.9,1.44,1638.6,2398.8,0.39,-1.33,1.58,12.0,366,,이번 산출물에서 제외(사용자 요청) - 추후 국토지리정보원 자료로 보강 필요,ASOS 일자료 조회서비스 응답 항목에 토양수분 필드 자체가 없어 변수 제외,"최근접 관측소 매칭(중심점법:exact, 거리 11.58km)"
2021,경기도,양주시,41630,98,동두천,11.58,12.17,-7.44,True,24.02,1035.6,1.29,1763.4,2560.4,-0.24,-2.04,1.6,12.0,365,,이번 산출물에서 제외(사용자 요청) - 추후 국토지리정보원 자료로 보강 필요,ASOS 일자료 조회서비스 응답 항목에 토양수분 필드 자체가 없어 변수 제외,"최근접 관측소 매칭(중심점법:exact, 거리 11.58km)"
2022,경기도,양주시,41630,98,동두천,11.58,11.53,-8.09,True,23.84,1922.6,1.22,1746.5,2540.8,0.56,-1.34,1.92,12.0,365,,이번 산출물에서 제외(사용자 요청) - 추후 국토지리정보원 자료로 보강 필요,ASOS 일자료 조회서비스 응답 항목에 토양수분 필드 자체가 없어 변수 제외,"최근접 관측소 매칭(중심점법:exact, 거리 11.58km)"
2023,경기도,양주시,41630,98,동두천,11.58,12.51,-7.97,True,24.4,1412.7,1.12,1891.0,2702.4,0.14,-0.75,1.21,12.0,365,,이번 산출물에서 제외(사용자 요청) - 추후 국토지리정보원 자료로 보강 필요,ASOS 일자료 조회서비스 응답 항목에 토양수분 필드 자체가 없어 변수 제외,"최근접 관측소 매칭(중심점법:exact, 거리 11.58km)"
2024,경기도,양주시,41630,98,동두천,11.58,13.19,-4.63,True,25.42,1170.6,1.12,2090.4,2918.4,0.12,-0.88,1.63,12.0,366,,이번 산출물에서 제외(사용자 요청) - 추후 국토지리정보원 자료로 보강 필요,ASOS 일자료 조회서비스 응답 항목에 토양수분 필드 자체가 없어 변수 제외,"최근접 관측소 매칭(중심점법:exact, 거리 11.58km)"
2025,경기도,양주시,41630,98,동두천,11.58,12.41,-7.54,True,25.26,1640.5,1.13,1944.6,2731.6,0.32,-1.04,1.54,12.0,365,,이번 산출물에서 제외(사용자 요청) - 추후 국토지리정보원 자료로 보강 필요,ASOS 일자료 조회서비스 응답 항목에 토양수분 필드 자체가 없어 변수 제외,"최근접 관측소 매칭(중심점법:exact, 거리 11.58km)"
2016,경기도,양평군,41830,202,양평,8.16,12.97,-5.89,True,25.33,935.9,1.46,2051.0,2863.0,-0.6,-1.63,0.31,11.0,366,,이번 산출물에서 제외(사용자 요청) - 추후 국토지리정보원 자료로 보강 필요,ASOS 일자료 조회서비스 응답 항목에 토양수분 필드 자체가 없어 변수 제외,"최근접 관측소 매칭(중심점법:exact, 거리 8.16km)"
2017,경기도,양평군,41830,202,양평,8.16,12.28,-6.11,True,24.63,1188.4,1.57,1886.4,2662.2,-0.64,-1.88,0.74,12.0,365,,이번 산출물에서 제외(사용자 요청) - 추후 국토지리정보원 자료로 보강 필요,ASOS 일자료 조회서비스 응답 항목에 토양수분 필드 자체가 없어 변수 제외,"최근접 관측소 매칭(중심점법:exact, 거리 8.16km)"
2018,경기도,양평군,41830,202,양평,8.16,12.18,-8.26,True,26.06,1355.4,1.52,1917.8,2698.1,0.37,-1.02,1.84,12.0,365,,이번 산출물에서 제외(사용자 요청) - 추후 국토지리정보원 자료로 보강 필요,ASOS 일자료 조회서비스 응답 항목에 토양수분 필드 자체가 없어 변수 제외,"최근접 관측소 매칭(중심점법:exact, 거리 8.16km)"
2019,경기도,양평군,41830,202,양평,8.16,12.77,-6.74,True,24.82,1038.6,1.43,1913.2,2679.4,-0.49,-1.65,0.73,12.0,365,,이번 산출물에서 제외(사용자 요청) - 추후 국토지리정보원 자료로 보강 필요,ASOS 일자료 조회서비스 응답 항목에 토양수분 필드 자체가 없어 변수 제외,"최근접 관측소 매칭(중심점법:exact, 거리 8.16km)"
2020,경기도,양평군,41830,202,양평,8.16,12.53,-3.1,True,24.17,1366.4,1.33,1703.1,2464.6,0.02,-1.93,1.42,12.0,366,,이번 산출물에서 제외(사용자 요청) - 추후 국토지리정보원 자료로 보강 필요,ASOS 일자료 조회서비스 응답 항목에 토양수분 필드 자체가 없어 변수 제외,"최근접 관측소 매칭(중심점법:exact, 거리 8.16km)"
2021,경기도,양평군,41830,202,양평,8.16,12.75,-6.15,True,24.33,1018.9,1.28,1820.8,2633.1,-0.2,-1.49,1.51,12.0,365,,이번 산출물에서 제외(사용자 요청) - 추후 국토지리정보원 자료로 보강 필요,ASOS 일자료 조회서비스 응답 항목에 토양수분 필드 자체가 없어 변수 제외,"최근접 관측소 매칭(중심점법:exact, 거리 8.16km)"
2022,경기도,양평군,41830,202,양평,8.16,12.19,-6.47,True,24.4,2143.4,1.25,1825.0,2628.5,0.6,-1.61,2.23,12.0,365,,이번 산출물에서 제외(사용자 요청) - 추후 국토지리정보원 자료로 보강 필요,ASOS 일자료 조회서비스 응답 항목에 토양수분 필드 자체가 없어 변수 제외,"최근접 관측소 매칭(중심점법:exact, 거리 8.16km)"
2023,경기도,양평군,41830,202,양평,8.16,13.14,-6.7,True,24.94,1538.4,1.18,1959.0,2785.8,0.2,-1.1,1.53,12.0,365,,이번 산출물에서 제외(사용자 요청) - 추후 국토지리정보원 자료로 보강 필요,ASOS 일자료 조회서비스 응답 항목에 토양수분 필드 자체가 없어 변수 제외,"최근접 관측소 매칭(중심점법:exact, 거리 8.16km)"
2024,경기도,양평군,41830,202,양평,8.16,13.93,-3.25,True,25.63,1347.2,1.18,2159.1,3001.1,0.56,-0.45,2.05,12.0,366,,이번 산출물에서 제외(사용자 요청) - 추후 국토지리정보원 자료로 보강 필요,ASOS 일자료 조회서비스 응답 항목에 토양수분 필드 자체가 없어 변수 제외,"최근접 관측소 매칭(중심점법:exact, 거리 8.16km)"
2025,경기도,양평군,41830,202,양평,8.16,13.11,-6.14,True,25.69,1490.1,1.23,2050.4,2845.6,0.12,-0.83,1.68,12.0,365,,이번 산출물에서 제외(사용자 요청) - 추후 국토지리정보원 자료로 보강 필요,ASOS 일자료 조회서비스 응답 항목에 토양수분 필드 자체가 없어 변수 제외,"최근접 관측소 매칭(중심점법:exact, 거리 8.16km)"
2016,경기도,여주시,41670,203,이천,12.39,12.74,-6.26,True,25.18,870.2,1.34,1989.6,2795.8,-0.53,-2.12,0.8,11.0,366,,이번 산출물에서 제외(사용자 요청) - 추후 국토지리정보원 자료로 보강 필요,ASOS 일자료 조회서비스 응답 항목에 토양수분 필드 자체가 없어 변수 제외,"최근접 관측소 매칭(중심점법:exact, 거리 12.39km)"
2017,경기도,여주시,41670,203,이천,12.39,11.85,-6.57,True,24.0,1020.0,1.38,1778.4,2547.6,-0.9,-2.14,0.44,12.0,365,,이번 산출물에서 제외(사용자 요청) - 추후 국토지리정보원 자료로 보강 필요,ASOS 일자료 조회서비스 응답 항목에 토양수분 필드 자체가 없어 변수 제외,"최근접 관측소 매칭(중심점법:exact, 거리 12.39km)"
2018,경기도,여주시,41670,203,이천,12.39,11.79,-8.82,True,25.46,1425.5,1.42,1818.5,2579.6,0.36,-1.02,1.7,12.0,365,,이번 산출물에서 제외(사용자 요청) - 추후 국토지리정보원 자료로 보강 필요,ASOS 일자료 조회서비스 응답 항목에 토양수분 필드 자체가 없어 변수 제외,"최근접 관측소 매칭(중심점법:exact, 거리 12.39km)"
2019,경기도,여주시,41670,203,이천,12.39,12.4,-7.5,True,24.35,997.5,1.3,1858.8,2605.5,-0.51,-1.37,0.66,12.0,365,,이번 산출물에서 제외(사용자 요청) - 추후 국토지리정보원 자료로 보강 필요,ASOS 일자료 조회서비스 응답 항목에 토양수분 필드 자체가 없어 변수 제외,"최근접 관측소 매칭(중심점법:exact, 거리 12.39km)"
2020,경기도,여주시,41670,203,이천,12.39,12.48,-3.67,True,24.29,1668.8,1.2,1717.8,2476.1,0.41,-2.02,1.58,12.0,366,,이번 산출물에서 제외(사용자 요청) - 추후 국토지리정보원 자료로 보강 필요,ASOS 일자료 조회서비스 응답 항목에 토양수분 필드 자체가 없어 변수 제외,"최근접 관측소 매칭(중심점법:exact, 거리 12.39km)"
2021,경기도,여주시,41670,203,이천,12.39,12.71,-6.8,True,24.56,1076.6,1.1,1838.6,2629.6,-0.28,-1.46,1.38,12.0,365,,이번 산출물에서 제외(사용자 요청) - 추후 국토지리정보원 자료로 보강 필요,ASOS 일자료 조회서비스 응답 항목에 토양수분 필드 자체가 없어 변수 제외,"최근접 관측소 매칭(중심점법:exact, 거리 12.39km)"
2022,경기도,여주시,41670,203,이천,12.39,12.25,-7.32,True,24.69,1537.3,1.12,1849.9,2639.0,0.1,-1.64,1.26,12.0,365,,이번 산출물에서 제외(사용자 요청) - 추후 국토지리정보원 자료로 보강 필요,ASOS 일자료 조회서비스 응답 항목에 토양수분 필드 자체가 없어 변수 제외,"최근접 관측소 매칭(중심점법:exact, 거리 12.39km)"
2023,경기도,여주시,41670,203,이천,12.39,13.13,-7.59,True,25.14,1633.4,1.02,1963.9,2785.8,0.17,-1.77,1.77,12.0,365,,이번 산출물에서 제외(사용자 요청) - 추후 국토지리정보원 자료로 보강 필요,ASOS 일자료 조회서비스 응답 항목에 토양수분 필드 자체가 없어 변수 제외,"최근접 관측소 매칭(중심점법:exact, 거리 12.39km)"
2024,경기도,여주시,41670,203,이천,12.39,13.89,-4.04,True,25.9,1706.7,1.01,2172.6,3010.1,1.02,0.08,1.98,12.0,366,,이번 산출물에서 제외(사용자 요청) - 추후 국토지리정보원 자료로 보강 필요,ASOS 일자료 조회서비스 응답 항목에 토양수분 필드 자체가 없어 변수 제외,"최근접 관측소 매칭(중심점법:exact, 거리 12.39km)"
2025,경기도,여주시,41670,203,이천,12.39,13.12,-6.76,True,26.06,1397.5,1.02,2086.9,2875.1,0.13,-0.87,1.42,12.0,365,,이번 산출물에서 제외(사용자 요청) - 추후 국토지리정보원 자료로 보강 필요,ASOS 일자료 조회서비스 응답 항목에 토양수분 필드 자체가 없어 변수 제외,"최근접 관측소 매칭(중심점법:exact, 거리 12.39km)"
2016,경기도,연천군,41800,98,동두천,21.94,12.65,-6.59,True,24.77,1087.2,1.63,2028.0,2851.0,-0.08,-1.3,1.1,11.0,366,,이번 산출물에서 제외(사용자 요청) - 추후 국토지리정보원 자료로 보강 필요,ASOS 일자료 조회서비스 응답 항목에 토양수분 필드 자체가 없어 변수 제외,"최근접 관측소 매칭(중심점법:exact, 거리 21.94km)"
2017,경기도,연천군,41800,98,동두천,21.94,11.88,-6.27,True,24.29,989.7,1.66,1879.6,2663.6,-0.82,-2.22,0.73,12.0,365,,이번 산출물에서 제외(사용자 요청) - 추후 국토지리정보원 자료로 보강 필요,ASOS 일자료 조회서비스 응답 항목에 토양수분 필드 자체가 없어 변수 제외,"최근접 관측소 매칭(중심점법:exact, 거리 21.94km)"
2018,경기도,연천군,41800,98,동두천,21.94,11.79,-9.08,True,25.24,1500.0,1.59,1861.4,2647.6,0.32,-1.22,1.38,12.0,365,,이번 산출물에서 제외(사용자 요청) - 추후 국토지리정보원 자료로 보강 필요,ASOS 일자료 조회서비스 응답 항목에 토양수분 필드 자체가 없어 변수 제외,"최근접 관측소 매칭(중심점법:exact, 거리 21.94km)"
2019,경기도,연천군,41800,98,동두천,21.94,12.09,-7.23,True,23.72,1028.1,1.37,1768.4,2519.0,-0.71,-1.66,0.71,12.0,365,,이번 산출물에서 제외(사용자 요청) - 추후 국토지리정보원 자료로 보강 필요,ASOS 일자료 조회서비스 응답 항목에 토양수분 필드 자체가 없어 변수 제외,"최근접 관측소 매칭(중심점법:exact, 거리 21.94km)"
2020,경기도,연천군,41800,98,동두천,21.94,11.84,-4.34,True,23.68,1641.9,1.44,1638.6,2398.8,0.39,-1.33,1.58,12.0,366,,이번 산출물에서 제외(사용자 요청) - 추후 국토지리정보원 자료로 보강 필요,ASOS 일자료 조회서비스 응답 항목에 토양수분 필드 자체가 없어 변수 제외,"최근접 관측소 매칭(중심점법:exact, 거리 21.94km)"
2021,경기도,연천군,41800,98,동두천,21.94,12.17,-7.44,True,24.02,1035.6,1.29,1763.4,2560.4,-0.24,-2.04,1.6,12.0,365,,이번 산출물에서 제외(사용자 요청) - 추후 국토지리정보원 자료로 보강 필요,ASOS 일자료 조회서비스 응답 항목에 토양수분 필드 자체가 없어 변수 제외,"최근접 관측소 매칭(중심점법:exact, 거리 21.94km)"
2022,경기도,연천군,41800,98,동두천,21.94,11.53,-8.09,True,23.84,1922.6,1.22,1746.5,2540.8,0.56,-1.34,1.92,12.0,365,,이번 산출물에서 제외(사용자 요청) - 추후 국토지리정보원 자료로 보강 필요,ASOS 일자료 조회서비스 응답 항목에 토양수분 필드 자체가 없어 변수 제외,"최근접 관측소 매칭(중심점법:exact, 거리 21.94km)"
2023,경기도,연천군,41800,98,동두천,21.94,12.51,-7.97,True,24.4,1412.7,1.12,1891.0,2702.4,0.14,-0.75,1.21,12.0,365,,이번 산출물에서 제외(사용자 요청) - 추후 국토지리정보원 자료로 보강 필요,ASOS 일자료 조회서비스 응답 항목에 토양수분 필드 자체가 없어 변수 제외,"최근접 관측소 매칭(중심점법:exact, 거리 21.94km)"
2024,경기도,연천군,41800,98,동두천,21.94,13.19,-4.63,True,25.42,1170.6,1.12,2090.4,2918.4,0.12,-0.88,1.63,12.0,366,,이번 산출물에서 제외(사용자 요청) - 추후 국토지리정보원 자료로 보강 필요,ASOS 일자료 조회서비스 응답 항목에 토양수분 필드 자체가 없어 변수 제외,"최근접 관측소 매칭(중심점법:exact, 거리 21.94km)"
2025,경기도,연천군,41800,98,동두천,21.94,12.41,-7.54,True,25.26,1640.5,1.13,1944.6,2731.6,0.32,-1.04,1.54,12.0,365,,이번 산출물에서 제외(사용자 요청) - 추후 국토지리정보원 자료로 보강 필요,ASOS 일자료 조회서비스 응답 항목에 토양수분 필드 자체가 없어 변수 제외,"최근접 관측소 매칭(중심점법:exact, 거리 21.94km)"
2016,경기도,오산시,41370,119,수원,12.13,13.61,-4.13,True,25.68,1023.4,1.78,2153.4,2980.2,-0.14,-1.52,0.89,11.0,366,,이번 산출물에서 제외(사용자 요청) - 추후 국토지리정보원 자료로 보강 필요,ASOS 일자료 조회서비스 응답 항목에 토양수분 필드 자체가 없어 변수 제외,"최근접 관측소 매칭(중심점법:exact, 거리 12.13km)"
2017,경기도,오산시,41370,119,수원,12.13,12.66,-4.78,True,24.81,1328.6,1.82,1957.6,2741.6,-0.53,-2.17,1.15,12.0,365,,이번 산출물에서 제외(사용자 요청) - 추후 국토지리정보원 자료로 보강 필요,ASOS 일자료 조회서비스 응답 항목에 토양수분 필드 자체가 없어 변수 제외,"최근접 관측소 매칭(중심점법:exact, 거리 12.13km)"
2018,경기도,오산시,41370,119,수원,12.13,12.81,-6.8,True,26.21,1293.1,1.83,2001.4,2812.2,0.28,-1.12,1.69,12.0,365,,이번 산출물에서 제외(사용자 요청) - 추후 국토지리정보원 자료로 보강 필요,ASOS 일자료 조회서비스 응답 항목에 토양수분 필드 자체가 없어 변수 제외,"최근접 관측소 매칭(중심점법:exact, 거리 12.13km)"
2019,경기도,오산시,41370,119,수원,12.13,13.26,-5.28,True,24.95,915.8,1.78,1967.1,2746.2,-0.61,-1.79,0.59,12.0,365,,이번 산출물에서 제외(사용자 요청) - 추후 국토지리정보원 자료로 보강 필요,ASOS 일자료 조회서비스 응답 항목에 토양수분 필드 자체가 없어 변수 제외,"최근접 관측소 매칭(중심점법:exact, 거리 12.13km)"
2020,경기도,오산시,41370,119,수원,12.13,12.94,-2.55,True,24.55,1635.5,1.94,1790.7,2564.8,0.32,-2.09,1.54,12.0,366,,이번 산출물에서 제외(사용자 요청) - 추후 국토지리정보원 자료로 보강 필요,ASOS 일자료 조회서비스 응답 항목에 토양수분 필드 자체가 없어 변수 제외,"최근접 관측소 매칭(중심점법:exact, 거리 12.13km)"
2021,경기도,오산시,41370,119,수원,12.13,13.45,-5.34,True,25.35,1084.4,1.91,1984.2,2802.3,-0.16,-1.26,1.53,12.0,365,,이번 산출물에서 제외(사용자 요청) - 추후 국토지리정보원 자료로 보강 필요,ASOS 일자료 조회서비스 응답 항목에 토양수분 필드 자체가 없어 변수 제외,"최근접 관측소 매칭(중심점법:exact, 거리 12.13km)"
2022,경기도,오산시,41370,119,수원,12.13,12.83,-5.77,True,25.25,1864.0,1.92,1971.2,2798.8,0.43,-1.62,1.79,12.0,365,,이번 산출물에서 제외(사용자 요청) - 추후 국토지리정보원 자료로 보강 필요,ASOS 일자료 조회서비스 응답 항목에 토양수분 필드 자체가 없어 변수 제외,"최근접 관측소 매칭(중심점법:exact, 거리 12.13km)"
2023,경기도,오산시,41370,119,수원,12.13,13.41,-6.32,True,25.04,1409.4,1.87,2016.7,2842.5,-0.1,-1.61,1.14,12.0,365,,이번 산출물에서 제외(사용자 요청) - 추후 국토지리정보원 자료로 보강 필요,ASOS 일자료 조회서비스 응답 항목에 토양수분 필드 자체가 없어 변수 제외,"최근접 관측소 매칭(중심점법:exact, 거리 12.13km)"
2024,경기도,오산시,41370,119,수원,12.13,14.13,-2.88,True,25.87,1378.2,1.88,2194.8,3032.0,0.6,-0.21,1.94,12.0,366,,이번 산출물에서 제외(사용자 요청) - 추후 국토지리정보원 자료로 보강 필요,ASOS 일자료 조회서비스 응답 항목에 토양수분 필드 자체가 없어 변수 제외,"최근접 관측소 매칭(중심점법:exact, 거리 12.13km)"
2025,경기도,오산시,41370,119,수원,12.13,13.39,-5.36,True,25.94,1265.3,1.96,2060.3,2861.4,-0.1,-1.16,1.7,12.0,365,,이번 산출물에서 제외(사용자 요청) - 추후 국토지리정보원 자료로 보강 필요,ASOS 일자료 조회서비스 응답 항목에 토양수분 필드 자체가 없어 변수 제외,"최근접 관측소 매칭(중심점법:exact, 거리 12.13km)"
2016,경기도,용인시 기흥구,41463,119,수원,12.31,13.61,-4.13,True,25.68,1023.4,1.78,2153.4,2980.2,-0.14,-1.52,0.89,11.0,366,,이번 산출물에서 제외(사용자 요청) - 추후 국토지리정보원 자료로 보강 필요,ASOS 일자료 조회서비스 응답 항목에 토양수분 필드 자체가 없어 변수 제외,"최근접 관측소 매칭(중심점법:stem_avg, 거리 12.31km)"
2017,경기도,용인시 기흥구,41463,119,수원,12.31,12.66,-4.78,True,24.81,1328.6,1.82,1957.6,2741.6,-0.53,-2.17,1.15,12.0,365,,이번 산출물에서 제외(사용자 요청) - 추후 국토지리정보원 자료로 보강 필요,ASOS 일자료 조회서비스 응답 항목에 토양수분 필드 자체가 없어 변수 제외,"최근접 관측소 매칭(중심점법:stem_avg, 거리 12.31km)"
2018,경기도,용인시 기흥구,41463,119,수원,12.31,12.81,-6.8,True,26.21,1293.1,1.83,2001.4,2812.2,0.28,-1.12,1.69,12.0,365,,이번 산출물에서 제외(사용자 요청) - 추후 국토지리정보원 자료로 보강 필요,ASOS 일자료 조회서비스 응답 항목에 토양수분 필드 자체가 없어 변수 제외,"최근접 관측소 매칭(중심점법:stem_avg, 거리 12.31km)"
2019,경기도,용인시 기흥구,41463,119,수원,12.31,13.26,-5.28,True,24.95,915.8,1.78,1967.1,2746.2,-0.61,-1.79,0.59,12.0,365,,이번 산출물에서 제외(사용자 요청) - 추후 국토지리정보원 자료로 보강 필요,ASOS 일자료 조회서비스 응답 항목에 토양수분 필드 자체가 없어 변수 제외,"최근접 관측소 매칭(중심점법:stem_avg, 거리 12.31km)"
2020,경기도,용인시 기흥구,41463,119,수원,12.31,12.94,-2.55,True,24.55,1635.5,1.94,1790.7,2564.8,0.32,-2.09,1.54,12.0,366,,이번 산출물에서 제외(사용자 요청) - 추후 국토지리정보원 자료로 보강 필요,ASOS 일자료 조회서비스 응답 항목에 토양수분 필드 자체가 없어 변수 제외,"최근접 관측소 매칭(중심점법:stem_avg, 거리 12.31km)"
2021,경기도,용인시 기흥구,41463,119,수원,12.31,13.45,-5.34,True,25.35,1084.4,1.91,1984.2,2802.3,-0.16,-1.26,1.53,12.0,365,,이번 산출물에서 제외(사용자 요청) - 추후 국토지리정보원 자료로 보강 필요,ASOS 일자료 조회서비스 응답 항목에 토양수분 필드 자체가 없어 변수 제외,"최근접 관측소 매칭(중심점법:stem_avg, 거리 12.31km)"
2022,경기도,용인시 기흥구,41463,119,수원,12.31,12.83,-5.77,True,25.25,1864.0,1.92,1971.2,2798.8,0.43,-1.62,1.79,12.0,365,,이번 산출물에서 제외(사용자 요청) - 추후 국토지리정보원 자료로 보강 필요,ASOS 일자료 조회서비스 응답 항목에 토양수분 필드 자체가 없어 변수 제외,"최근접 관측소 매칭(중심점법:stem_avg, 거리 12.31km)"
2023,경기도,용인시 기흥구,41463,119,수원,12.31,13.41,-6.32,True,25.04,1409.4,1.87,2016.7,2842.5,-0.1,-1.61,1.14,12.0,365,,이번 산출물에서 제외(사용자 요청) - 추후 국토지리정보원 자료로 보강 필요,ASOS 일자료 조회서비스 응답 항목에 토양수분 필드 자체가 없어 변수 제외,"최근접 관측소 매칭(중심점법:stem_avg, 거리 12.31km)"
2024,경기도,용인시 기흥구,41463,119,수원,12.31,14.13,-2.88,True,25.87,1378.2,1.88,2194.8,3032.0,0.6,-0.21,1.94,12.0,366,,이번 산출물에서 제외(사용자 요청) - 추후 국토지리정보원 자료로 보강 필요,ASOS 일자료 조회서비스 응답 항목에 토양수분 필드 자체가 없어 변수 제외,"최근접 관측소 매칭(중심점법:stem_avg, 거리 12.31km)"
2025,경기도,용인시 기흥구,41463,119,수원,12.31,13.39,-5.36,True,25.94,1265.3,1.96,2060.3,2861.4,-0.1,-1.16,1.7,12.0,365,,이번 산출물에서 제외(사용자 요청) - 추후 국토지리정보원 자료로 보강 필요,ASOS 일자료 조회서비스 응답 항목에 토양수분 필드 자체가 없어 변수 제외,"최근접 관측소 매칭(중심점법:stem_avg, 거리 12.31km)"
2016,경기도,용인시 수지구,41465,119,수원,11.52,13.61,-4.13,True,25.68,1023.4,1.78,2153.4,2980.2,-0.14,-1.52,0.89,11.0,366,,이번 산출물에서 제외(사용자 요청) - 추후 국토지리정보원 자료로 보강 필요,ASOS 일자료 조회서비스 응답 항목에 토양수분 필드 자체가 없어 변수 제외,"최근접 관측소 매칭(중심점법:stem_avg, 거리 11.52km)"
2017,경기도,용인시 수지구,41465,119,수원,11.52,12.66,-4.78,True,24.81,1328.6,1.82,1957.6,2741.6,-0.53,-2.17,1.15,12.0,365,,이번 산출물에서 제외(사용자 요청) - 추후 국토지리정보원 자료로 보강 필요,ASOS 일자료 조회서비스 응답 항목에 토양수분 필드 자체가 없어 변수 제외,"최근접 관측소 매칭(중심점법:stem_avg, 거리 11.52km)"
2018,경기도,용인시 수지구,41465,119,수원,11.52,12.81,-6.8,True,26.21,1293.1,1.83,2001.4,2812.2,0.28,-1.12,1.69,12.0,365,,이번 산출물에서 제외(사용자 요청) - 추후 국토지리정보원 자료로 보강 필요,ASOS 일자료 조회서비스 응답 항목에 토양수분 필드 자체가 없어 변수 제외,"최근접 관측소 매칭(중심점법:stem_avg, 거리 11.52km)"
2019,경기도,용인시 수지구,41465,119,수원,11.52,13.26,-5.28,True,24.95,915.8,1.78,1967.1,2746.2,-0.61,-1.79,0.59,12.0,365,,이번 산출물에서 제외(사용자 요청) - 추후 국토지리정보원 자료로 보강 필요,ASOS 일자료 조회서비스 응답 항목에 토양수분 필드 자체가 없어 변수 제외,"최근접 관측소 매칭(중심점법:stem_avg, 거리 11.52km)"
2020,경기도,용인시 수지구,41465,119,수원,11.52,12.94,-2.55,True,24.55,1635.5,1.94,1790.7,2564.8,0.32,-2.09,1.54,12.0,366,,이번 산출물에서 제외(사용자 요청) - 추후 국토지리정보원 자료로 보강 필요,ASOS 일자료 조회서비스 응답 항목에 토양수분 필드 자체가 없어 변수 제외,"최근접 관측소 매칭(중심점법:stem_avg, 거리 11.52km)"
2021,경기도,용인시 수지구,41465,119,수원,11.52,13.45,-5.34,True,25.35,1084.4,1.91,1984.2,2802.3,-0.16,-1.26,1.53,12.0,365,,이번 산출물에서 제외(사용자 요청) - 추후 국토지리정보원 자료로 보강 필요,ASOS 일자료 조회서비스 응답 항목에 토양수분 필드 자체가 없어 변수 제외,"최근접 관측소 매칭(중심점법:stem_avg, 거리 11.52km)"
2022,경기도,용인시 수지구,41465,119,수원,11.52,12.83,-5.77,True,25.25,1864.0,1.92,1971.2,2798.8,0.43,-1.62,1.79,12.0,365,,이번 산출물에서 제외(사용자 요청) - 추후 국토지리정보원 자료로 보강 필요,ASOS 일자료 조회서비스 응답 항목에 토양수분 필드 자체가 없어 변수 제외,"최근접 관측소 매칭(중심점법:stem_avg, 거리 11.52km)"
2023,경기도,용인시 수지구,41465,119,수원,11.52,13.41,-6.32,True,25.04,1409.4,1.87,2016.7,2842.5,-0.1,-1.61,1.14,12.0,365,,이번 산출물에서 제외(사용자 요청) - 추후 국토지리정보원 자료로 보강 필요,ASOS 일자료 조회서비스 응답 항목에 토양수분 필드 자체가 없어 변수 제외,"최근접 관측소 매칭(중심점법:stem_avg, 거리 11.52km)"
2024,경기도,용인시 수지구,41465,119,수원,11.52,14.13,-2.88,True,25.87,1378.2,1.88,2194.8,3032.0,0.6,-0.21,1.94,12.0,366,,이번 산출물에서 제외(사용자 요청) - 추후 국토지리정보원 자료로 보강 필요,ASOS 일자료 조회서비스 응답 항목에 토양수분 필드 자체가 없어 변수 제외,"최근접 관측소 매칭(중심점법:stem_avg, 거리 11.52km)"
2025,경기도,용인시 수지구,41465,119,수원,11.52,13.39,-5.36,True,25.94,1265.3,1.96,2060.3,2861.4,-0.1,-1.16,1.7,12.0,365,,이번 산출물에서 제외(사용자 요청) - 추후 국토지리정보원 자료로 보강 필요,ASOS 일자료 조회서비스 응답 항목에 토양수분 필드 자체가 없어 변수 제외,"최근접 관측소 매칭(중심점법:stem_avg, 거리 11.52km)"
2016,경기도,용인시 처인구,41461,203,이천,21.55,12.74,-6.26,True,25.18,870.2,1.34,1989.6,2795.8,-0.53,-2.12,0.8,11.0,366,,이번 산출물에서 제외(사용자 요청) - 추후 국토지리정보원 자료로 보강 필요,ASOS 일자료 조회서비스 응답 항목에 토양수분 필드 자체가 없어 변수 제외,"최근접 관측소 매칭(중심점법:stem_avg, 거리 21.55km)"
2017,경기도,용인시 처인구,41461,203,이천,21.55,11.85,-6.57,True,24.0,1020.0,1.38,1778.4,2547.6,-0.9,-2.14,0.44,12.0,365,,이번 산출물에서 제외(사용자 요청) - 추후 국토지리정보원 자료로 보강 필요,ASOS 일자료 조회서비스 응답 항목에 토양수분 필드 자체가 없어 변수 제외,"최근접 관측소 매칭(중심점법:stem_avg, 거리 21.55km)"
2018,경기도,용인시 처인구,41461,203,이천,21.55,11.79,-8.82,True,25.46,1425.5,1.42,1818.5,2579.6,0.36,-1.02,1.7,12.0,365,,이번 산출물에서 제외(사용자 요청) - 추후 국토지리정보원 자료로 보강 필요,ASOS 일자료 조회서비스 응답 항목에 토양수분 필드 자체가 없어 변수 제외,"최근접 관측소 매칭(중심점법:stem_avg, 거리 21.55km)"
2019,경기도,용인시 처인구,41461,203,이천,21.55,12.4,-7.5,True,24.35,997.5,1.3,1858.8,2605.5,-0.51,-1.37,0.66,12.0,365,,이번 산출물에서 제외(사용자 요청) - 추후 국토지리정보원 자료로 보강 필요,ASOS 일자료 조회서비스 응답 항목에 토양수분 필드 자체가 없어 변수 제외,"최근접 관측소 매칭(중심점법:stem_avg, 거리 21.55km)"
2020,경기도,용인시 처인구,41461,203,이천,21.55,12.48,-3.67,True,24.29,1668.8,1.2,1717.8,2476.1,0.41,-2.02,1.58,12.0,366,,이번 산출물에서 제외(사용자 요청) - 추후 국토지리정보원 자료로 보강 필요,ASOS 일자료 조회서비스 응답 항목에 토양수분 필드 자체가 없어 변수 제외,"최근접 관측소 매칭(중심점법:stem_avg, 거리 21.55km)"
2021,경기도,용인시 처인구,41461,203,이천,21.55,12.71,-6.8,True,24.56,1076.6,1.1,1838.6,2629.6,-0.28,-1.46,1.38,12.0,365,,이번 산출물에서 제외(사용자 요청) - 추후 국토지리정보원 자료로 보강 필요,ASOS 일자료 조회서비스 응답 항목에 토양수분 필드 자체가 없어 변수 제외,"최근접 관측소 매칭(중심점법:stem_avg, 거리 21.55km)"
2022,경기도,용인시 처인구,41461,203,이천,21.55,12.25,-7.32,True,24.69,1537.3,1.12,1849.9,2639.0,0.1,-1.64,1.26,12.0,365,,이번 산출물에서 제외(사용자 요청) - 추후 국토지리정보원 자료로 보강 필요,ASOS 일자료 조회서비스 응답 항목에 토양수분 필드 자체가 없어 변수 제외,"최근접 관측소 매칭(중심점법:stem_avg, 거리 21.55km)"
2023,경기도,용인시 처인구,41461,203,이천,21.55,13.13,-7.59,True,25.14,1633.4,1.02,1963.9,2785.8,0.17,-1.77,1.77,12.0,365,,이번 산출물에서 제외(사용자 요청) - 추후 국토지리정보원 자료로 보강 필요,ASOS 일자료 조회서비스 응답 항목에 토양수분 필드 자체가 없어 변수 제외,"최근접 관측소 매칭(중심점법:stem_avg, 거리 21.55km)"
2024,경기도,용인시 처인구,41461,203,이천,21.55,13.89,-4.04,True,25.9,1706.7,1.01,2172.6,3010.1,1.02,0.08,1.98,12.0,366,,이번 산출물에서 제외(사용자 요청) - 추후 국토지리정보원 자료로 보강 필요,ASOS 일자료 조회서비스 응답 항목에 토양수분 필드 자체가 없어 변수 제외,"최근접 관측소 매칭(중심점법:stem_avg, 거리 21.55km)"
2025,경기도,용인시 처인구,41461,203,이천,21.55,13.12,-6.76,True,26.06,1397.5,1.02,2086.9,2875.1,0.13,-0.87,1.42,12.0,365,,이번 산출물에서 제외(사용자 요청) - 추후 국토지리정보원 자료로 보강 필요,ASOS 일자료 조회서비스 응답 항목에 토양수분 필드 자체가 없어 변수 제외,"최근접 관측소 매칭(중심점법:stem_avg, 거리 21.55km)"
2016,경기도,의왕시,41430,119,수원,11.71,13.61,-4.13,True,25.68,1023.4,1.78,2153.4,2980.2,-0.14,-1.52,0.89,11.0,366,,이번 산출물에서 제외(사용자 요청) - 추후 국토지리정보원 자료로 보강 필요,ASOS 일자료 조회서비스 응답 항목에 토양수분 필드 자체가 없어 변수 제외,"최근접 관측소 매칭(중심점법:exact, 거리 11.71km)"
2017,경기도,의왕시,41430,119,수원,11.71,12.66,-4.78,True,24.81,1328.6,1.82,1957.6,2741.6,-0.53,-2.17,1.15,12.0,365,,이번 산출물에서 제외(사용자 요청) - 추후 국토지리정보원 자료로 보강 필요,ASOS 일자료 조회서비스 응답 항목에 토양수분 필드 자체가 없어 변수 제외,"최근접 관측소 매칭(중심점법:exact, 거리 11.71km)"
2018,경기도,의왕시,41430,119,수원,11.71,12.81,-6.8,True,26.21,1293.1,1.83,2001.4,2812.2,0.28,-1.12,1.69,12.0,365,,이번 산출물에서 제외(사용자 요청) - 추후 국토지리정보원 자료로 보강 필요,ASOS 일자료 조회서비스 응답 항목에 토양수분 필드 자체가 없어 변수 제외,"최근접 관측소 매칭(중심점법:exact, 거리 11.71km)"
2019,경기도,의왕시,41430,119,수원,11.71,13.26,-5.28,True,24.95,915.8,1.78,1967.1,2746.2,-0.61,-1.79,0.59,12.0,365,,이번 산출물에서 제외(사용자 요청) - 추후 국토지리정보원 자료로 보강 필요,ASOS 일자료 조회서비스 응답 항목에 토양수분 필드 자체가 없어 변수 제외,"최근접 관측소 매칭(중심점법:exact, 거리 11.71km)"
2020,경기도,의왕시,41430,119,수원,11.71,12.94,-2.55,True,24.55,1635.5,1.94,1790.7,2564.8,0.32,-2.09,1.54,12.0,366,,이번 산출물에서 제외(사용자 요청) - 추후 국토지리정보원 자료로 보강 필요,ASOS 일자료 조회서비스 응답 항목에 토양수분 필드 자체가 없어 변수 제외,"최근접 관측소 매칭(중심점법:exact, 거리 11.71km)"
2021,경기도,의왕시,41430,119,수원,11.71,13.45,-5.34,True,25.35,1084.4,1.91,1984.2,2802.3,-0.16,-1.26,1.53,12.0,365,,이번 산출물에서 제외(사용자 요청) - 추후 국토지리정보원 자료로 보강 필요,ASOS 일자료 조회서비스 응답 항목에 토양수분 필드 자체가 없어 변수 제외,"최근접 관측소 매칭(중심점법:exact, 거리 11.71km)"
2022,경기도,의왕시,41430,119,수원,11.71,12.83,-5.77,True,25.25,1864.0,1.92,1971.2,2798.8,0.43,-1.62,1.79,12.0,365,,이번 산출물에서 제외(사용자 요청) - 추후 국토지리정보원 자료로 보강 필요,ASOS 일자료 조회서비스 응답 항목에 토양수분 필드 자체가 없어 변수 제외,"최근접 관측소 매칭(중심점법:exact, 거리 11.71km)"
2023,경기도,의왕시,41430,119,수원,11.71,13.41,-6.32,True,25.04,1409.4,1.87,2016.7,2842.5,-0.1,-1.61,1.14,12.0,365,,이번 산출물에서 제외(사용자 요청) - 추후 국토지리정보원 자료로 보강 필요,ASOS 일자료 조회서비스 응답 항목에 토양수분 필드 자체가 없어 변수 제외,"최근접 관측소 매칭(중심점법:exact, 거리 11.71km)"
2024,경기도,의왕시,41430,119,수원,11.71,14.13,-2.88,True,25.87,1378.2,1.88,2194.8,3032.0,0.6,-0.21,1.94,12.0,366,,이번 산출물에서 제외(사용자 요청) - 추후 국토지리정보원 자료로 보강 필요,ASOS 일자료 조회서비스 응답 항목에 토양수분 필드 자체가 없어 변수 제외,"최근접 관측소 매칭(중심점법:exact, 거리 11.71km)"
2025,경기도,의왕시,41430,119,수원,11.71,13.39,-5.36,True,25.94,1265.3,1.96,2060.3,2861.4,-0.1,-1.16,1.7,12.0,365,,이번 산출물에서 제외(사용자 요청) - 추후 국토지리정보원 자료로 보강 필요,ASOS 일자료 조회서비스 응답 항목에 토양수분 필드 자체가 없어 변수 제외,"최근접 관측소 매칭(중심점법:exact, 거리 11.71km)"
2016,경기도,의정부시,41150,98,동두천,18.43,12.65,-6.59,True,24.77,1087.2,1.63,2028.0,2851.0,-0.08,-1.3,1.1,11.0,366,,이번 산출물에서 제외(사용자 요청) - 추후 국토지리정보원 자료로 보강 필요,ASOS 일자료 조회서비스 응답 항목에 토양수분 필드 자체가 없어 변수 제외,"최근접 관측소 매칭(중심점법:exact, 거리 18.43km)"
2017,경기도,의정부시,41150,98,동두천,18.43,11.88,-6.27,True,24.29,989.7,1.66,1879.6,2663.6,-0.82,-2.22,0.73,12.0,365,,이번 산출물에서 제외(사용자 요청) - 추후 국토지리정보원 자료로 보강 필요,ASOS 일자료 조회서비스 응답 항목에 토양수분 필드 자체가 없어 변수 제외,"최근접 관측소 매칭(중심점법:exact, 거리 18.43km)"
2018,경기도,의정부시,41150,98,동두천,18.43,11.79,-9.08,True,25.24,1500.0,1.59,1861.4,2647.6,0.32,-1.22,1.38,12.0,365,,이번 산출물에서 제외(사용자 요청) - 추후 국토지리정보원 자료로 보강 필요,ASOS 일자료 조회서비스 응답 항목에 토양수분 필드 자체가 없어 변수 제외,"최근접 관측소 매칭(중심점법:exact, 거리 18.43km)"
2019,경기도,의정부시,41150,98,동두천,18.43,12.09,-7.23,True,23.72,1028.1,1.37,1768.4,2519.0,-0.71,-1.66,0.71,12.0,365,,이번 산출물에서 제외(사용자 요청) - 추후 국토지리정보원 자료로 보강 필요,ASOS 일자료 조회서비스 응답 항목에 토양수분 필드 자체가 없어 변수 제외,"최근접 관측소 매칭(중심점법:exact, 거리 18.43km)"
2020,경기도,의정부시,41150,98,동두천,18.43,11.84,-4.34,True,23.68,1641.9,1.44,1638.6,2398.8,0.39,-1.33,1.58,12.0,366,,이번 산출물에서 제외(사용자 요청) - 추후 국토지리정보원 자료로 보강 필요,ASOS 일자료 조회서비스 응답 항목에 토양수분 필드 자체가 없어 변수 제외,"최근접 관측소 매칭(중심점법:exact, 거리 18.43km)"
2021,경기도,의정부시,41150,98,동두천,18.43,12.17,-7.44,True,24.02,1035.6,1.29,1763.4,2560.4,-0.24,-2.04,1.6,12.0,365,,이번 산출물에서 제외(사용자 요청) - 추후 국토지리정보원 자료로 보강 필요,ASOS 일자료 조회서비스 응답 항목에 토양수분 필드 자체가 없어 변수 제외,"최근접 관측소 매칭(중심점법:exact, 거리 18.43km)"
2022,경기도,의정부시,41150,98,동두천,18.43,11.53,-8.09,True,23.84,1922.6,1.22,1746.5,2540.8,0.56,-1.34,1.92,12.0,365,,이번 산출물에서 제외(사용자 요청) - 추후 국토지리정보원 자료로 보강 필요,ASOS 일자료 조회서비스 응답 항목에 토양수분 필드 자체가 없어 변수 제외,"최근접 관측소 매칭(중심점법:exact, 거리 18.43km)"
2023,경기도,의정부시,41150,98,동두천,18.43,12.51,-7.97,True,24.4,1412.7,1.12,1891.0,2702.4,0.14,-0.75,1.21,12.0,365,,이번 산출물에서 제외(사용자 요청) - 추후 국토지리정보원 자료로 보강 필요,ASOS 일자료 조회서비스 응답 항목에 토양수분 필드 자체가 없어 변수 제외,"최근접 관측소 매칭(중심점법:exact, 거리 18.43km)"
2024,경기도,의정부시,41150,98,동두천,18.43,13.19,-4.63,True,25.42,1170.6,1.12,2090.4,2918.4,0.12,-0.88,1.63,12.0,366,,이번 산출물에서 제외(사용자 요청) - 추후 국토지리정보원 자료로 보강 필요,ASOS 일자료 조회서비스 응답 항목에 토양수분 필드 자체가 없어 변수 제외,"최근접 관측소 매칭(중심점법:exact, 거리 18.43km)"
2025,경기도,의정부시,41150,98,동두천,18.43,12.41,-7.54,True,25.26,1640.5,1.13,1944.6,2731.6,0.32,-1.04,1.54,12.0,365,,이번 산출물에서 제외(사용자 요청) - 추후 국토지리정보원 자료로 보강 필요,ASOS 일자료 조회서비스 응답 항목에 토양수분 필드 자체가 없어 변수 제외,"최근접 관측소 매칭(중심점법:exact, 거리 18.43km)"
2016,경기도,이천시,41500,203,이천,6.01,12.74,-6.26,True,25.18,870.2,1.34,1989.6,2795.8,-0.53,-2.12,0.8,11.0,366,,이번 산출물에서 제외(사용자 요청) - 추후 국토지리정보원 자료로 보강 필요,ASOS 일자료 조회서비스 응답 항목에 토양수분 필드 자체가 없어 변수 제외,"최근접 관측소 매칭(중심점법:exact, 거리 6.01km)"
2017,경기도,이천시,41500,203,이천,6.01,11.85,-6.57,True,24.0,1020.0,1.38,1778.4,2547.6,-0.9,-2.14,0.44,12.0,365,,이번 산출물에서 제외(사용자 요청) - 추후 국토지리정보원 자료로 보강 필요,ASOS 일자료 조회서비스 응답 항목에 토양수분 필드 자체가 없어 변수 제외,"최근접 관측소 매칭(중심점법:exact, 거리 6.01km)"
2018,경기도,이천시,41500,203,이천,6.01,11.79,-8.82,True,25.46,1425.5,1.42,1818.5,2579.6,0.36,-1.02,1.7,12.0,365,,이번 산출물에서 제외(사용자 요청) - 추후 국토지리정보원 자료로 보강 필요,ASOS 일자료 조회서비스 응답 항목에 토양수분 필드 자체가 없어 변수 제외,"최근접 관측소 매칭(중심점법:exact, 거리 6.01km)"
2019,경기도,이천시,41500,203,이천,6.01,12.4,-7.5,True,24.35,997.5,1.3,1858.8,2605.5,-0.51,-1.37,0.66,12.0,365,,이번 산출물에서 제외(사용자 요청) - 추후 국토지리정보원 자료로 보강 필요,ASOS 일자료 조회서비스 응답 항목에 토양수분 필드 자체가 없어 변수 제외,"최근접 관측소 매칭(중심점법:exact, 거리 6.01km)"
2020,경기도,이천시,41500,203,이천,6.01,12.48,-3.67,True,24.29,1668.8,1.2,1717.8,2476.1,0.41,-2.02,1.58,12.0,366,,이번 산출물에서 제외(사용자 요청) - 추후 국토지리정보원 자료로 보강 필요,ASOS 일자료 조회서비스 응답 항목에 토양수분 필드 자체가 없어 변수 제외,"최근접 관측소 매칭(중심점법:exact, 거리 6.01km)"
2021,경기도,이천시,41500,203,이천,6.01,12.71,-6.8,True,24.56,1076.6,1.1,1838.6,2629.6,-0.28,-1.46,1.38,12.0,365,,이번 산출물에서 제외(사용자 요청) - 추후 국토지리정보원 자료로 보강 필요,ASOS 일자료 조회서비스 응답 항목에 토양수분 필드 자체가 없어 변수 제외,"최근접 관측소 매칭(중심점법:exact, 거리 6.01km)"
2022,경기도,이천시,41500,203,이천,6.01,12.25,-7.32,True,24.69,1537.3,1.12,1849.9,2639.0,0.1,-1.64,1.26,12.0,365,,이번 산출물에서 제외(사용자 요청) - 추후 국토지리정보원 자료로 보강 필요,ASOS 일자료 조회서비스 응답 항목에 토양수분 필드 자체가 없어 변수 제외,"최근접 관측소 매칭(중심점법:exact, 거리 6.01km)"
2023,경기도,이천시,41500,203,이천,6.01,13.13,-7.59,True,25.14,1633.4,1.02,1963.9,2785.8,0.17,-1.77,1.77,12.0,365,,이번 산출물에서 제외(사용자 요청) - 추후 국토지리정보원 자료로 보강 필요,ASOS 일자료 조회서비스 응답 항목에 토양수분 필드 자체가 없어 변수 제외,"최근접 관측소 매칭(중심점법:exact, 거리 6.01km)"
2024,경기도,이천시,41500,203,이천,6.01,13.89,-4.04,True,25.9,1706.7,1.01,2172.6,3010.1,1.02,0.08,1.98,12.0,366,,이번 산출물에서 제외(사용자 요청) - 추후 국토지리정보원 자료로 보강 필요,ASOS 일자료 조회서비스 응답 항목에 토양수분 필드 자체가 없어 변수 제외,"최근접 관측소 매칭(중심점법:exact, 거리 6.01km)"
2025,경기도,이천시,41500,203,이천,6.01,13.12,-6.76,True,26.06,1397.5,1.02,2086.9,2875.1,0.13,-0.87,1.42,12.0,365,,이번 산출물에서 제외(사용자 요청) - 추후 국토지리정보원 자료로 보강 필요,ASOS 일자료 조회서비스 응답 항목에 토양수분 필드 자체가 없어 변수 제외,"최근접 관측소 매칭(중심점법:exact, 거리 6.01km)"
2016,경기도,파주시,41480,99,파주,5.05,11.71,-7.92,True,23.98,1163.9,1.55,1832.4,2623.2,0.21,-1.02,1.54,11.0,366,,이번 산출물에서 제외(사용자 요청) - 추후 국토지리정보원 자료로 보강 필요,ASOS 일자료 조회서비스 응답 항목에 토양수분 필드 자체가 없어 변수 제외,"최근접 관측소 매칭(중심점법:exact, 거리 5.05km)"
2017,경기도,파주시,41480,99,파주,5.05,10.64,-8.18,True,23.32,947.8,1.43,1644.0,2382.3,-0.79,-2.27,0.59,12.0,365,,이번 산출물에서 제외(사용자 요청) - 추후 국토지리정보원 자료로 보강 필요,ASOS 일자료 조회서비스 응답 항목에 토양수분 필드 자체가 없어 변수 제외,"최근접 관측소 매칭(중심점법:exact, 거리 5.05km)"
2018,경기도,파주시,41480,99,파주,5.05,10.52,-11.46,True,24.29,1009.5,1.49,1659.2,2390.8,-0.26,-1.73,1.17,12.0,365,,이번 산출물에서 제외(사용자 요청) - 추후 국토지리정보원 자료로 보강 필요,ASOS 일자료 조회서비스 응답 항목에 토양수분 필드 자체가 없어 변수 제외,"최근접 관측소 매칭(중심점법:exact, 거리 5.05km)"
2019,경기도,파주시,41480,99,파주,5.05,11.31,-9.37,True,23.41,1022.4,1.31,1654.3,2372.6,-0.66,-1.63,0.9,12.0,365,,이번 산출물에서 제외(사용자 요청) - 추후 국토지리정보원 자료로 보강 필요,ASOS 일자료 조회서비스 응답 항목에 토양수분 필드 자체가 없어 변수 제외,"최근접 관측소 매칭(중심점법:exact, 거리 5.05km)"
2020,경기도,파주시,41480,99,파주,5.05,11.18,-5.32,True,23.29,1612.3,1.4,1553.0,2253.0,0.44,-1.25,1.68,12.0,366,,이번 산출물에서 제외(사용자 요청) - 추후 국토지리정보원 자료로 보강 필요,ASOS 일자료 조회서비스 응답 항목에 토양수분 필드 자체가 없어 변수 제외,"최근접 관측소 매칭(중심점법:exact, 거리 5.05km)"
2021,경기도,파주시,41480,99,파주,5.05,11.58,-8.97,True,23.79,1037.9,1.39,1709.0,2458.8,-0.08,-1.56,1.76,12.0,365,,이번 산출물에서 제외(사용자 요청) - 추후 국토지리정보원 자료로 보강 필요,ASOS 일자료 조회서비스 응답 항목에 토양수분 필드 자체가 없어 변수 제외,"최근접 관측소 매칭(중심점법:exact, 거리 5.05km)"
2022,경기도,파주시,41480,99,파주,5.05,10.75,-10.23,True,23.58,1730.5,1.26,1623.8,2368.8,0.4,-1.52,1.38,12.0,365,,이번 산출물에서 제외(사용자 요청) - 추후 국토지리정보원 자료로 보강 필요,ASOS 일자료 조회서비스 응답 항목에 토양수분 필드 자체가 없어 변수 제외,"최근접 관측소 매칭(중심점법:exact, 거리 5.05km)"
2023,경기도,파주시,41480,99,파주,5.05,11.8,-9.55,True,23.98,1438.0,1.29,1786.3,2557.2,0.16,-0.78,1.02,12.0,365,,이번 산출물에서 제외(사용자 요청) - 추후 국토지리정보원 자료로 보강 필요,ASOS 일자료 조회서비스 응답 항목에 토양수분 필드 자체가 없어 변수 제외,"최근접 관측소 매칭(중심점법:exact, 거리 5.05km)"
2024,경기도,파주시,41480,99,파주,5.05,12.53,-5.92,True,24.99,1472.6,1.3,1957.4,2763.4,0.27,-1.11,2.02,12.0,366,,이번 산출물에서 제외(사용자 요청) - 추후 국토지리정보원 자료로 보강 필요,ASOS 일자료 조회서비스 응답 항목에 토양수분 필드 자체가 없어 변수 제외,"최근접 관측소 매칭(중심점법:exact, 거리 5.05km)"
2025,경기도,파주시,41480,99,파주,5.05,11.64,-9.5,True,24.83,1620.9,1.29,1826.6,2577.2,0.32,-1.15,1.57,12.0,365,,이번 산출물에서 제외(사용자 요청) - 추후 국토지리정보원 자료로 보강 필요,ASOS 일자료 조회서비스 응답 항목에 토양수분 필드 자체가 없어 변수 제외,"최근접 관측소 매칭(중심점법:exact, 거리 5.05km)"
2016,경기도,평택시,41220,119,수원,26.92,13.61,-4.13,True,25.68,1023.4,1.78,2153.4,2980.2,-0.14,-1.52,0.89,11.0,366,,이번 산출물에서 제외(사용자 요청) - 추후 국토지리정보원 자료로 보강 필요,ASOS 일자료 조회서비스 응답 항목에 토양수분 필드 자체가 없어 변수 제외,"최근접 관측소 매칭(중심점법:exact, 거리 26.92km)"
2017,경기도,평택시,41220,119,수원,26.92,12.66,-4.78,True,24.81,1328.6,1.82,1957.6,2741.6,-0.53,-2.17,1.15,12.0,365,,이번 산출물에서 제외(사용자 요청) - 추후 국토지리정보원 자료로 보강 필요,ASOS 일자료 조회서비스 응답 항목에 토양수분 필드 자체가 없어 변수 제외,"최근접 관측소 매칭(중심점법:exact, 거리 26.92km)"
2018,경기도,평택시,41220,119,수원,26.92,12.81,-6.8,True,26.21,1293.1,1.83,2001.4,2812.2,0.28,-1.12,1.69,12.0,365,,이번 산출물에서 제외(사용자 요청) - 추후 국토지리정보원 자료로 보강 필요,ASOS 일자료 조회서비스 응답 항목에 토양수분 필드 자체가 없어 변수 제외,"최근접 관측소 매칭(중심점법:exact, 거리 26.92km)"
2019,경기도,평택시,41220,119,수원,26.92,13.26,-5.28,True,24.95,915.8,1.78,1967.1,2746.2,-0.61,-1.79,0.59,12.0,365,,이번 산출물에서 제외(사용자 요청) - 추후 국토지리정보원 자료로 보강 필요,ASOS 일자료 조회서비스 응답 항목에 토양수분 필드 자체가 없어 변수 제외,"최근접 관측소 매칭(중심점법:exact, 거리 26.92km)"
2020,경기도,평택시,41220,119,수원,26.92,12.94,-2.55,True,24.55,1635.5,1.94,1790.7,2564.8,0.32,-2.09,1.54,12.0,366,,이번 산출물에서 제외(사용자 요청) - 추후 국토지리정보원 자료로 보강 필요,ASOS 일자료 조회서비스 응답 항목에 토양수분 필드 자체가 없어 변수 제외,"최근접 관측소 매칭(중심점법:exact, 거리 26.92km)"
2021,경기도,평택시,41220,119,수원,26.92,13.45,-5.34,True,25.35,1084.4,1.91,1984.2,2802.3,-0.16,-1.26,1.53,12.0,365,,이번 산출물에서 제외(사용자 요청) - 추후 국토지리정보원 자료로 보강 필요,ASOS 일자료 조회서비스 응답 항목에 토양수분 필드 자체가 없어 변수 제외,"최근접 관측소 매칭(중심점법:exact, 거리 26.92km)"
2022,경기도,평택시,41220,119,수원,26.92,12.83,-5.77,True,25.25,1864.0,1.92,1971.2,2798.8,0.43,-1.62,1.79,12.0,365,,이번 산출물에서 제외(사용자 요청) - 추후 국토지리정보원 자료로 보강 필요,ASOS 일자료 조회서비스 응답 항목에 토양수분 필드 자체가 없어 변수 제외,"최근접 관측소 매칭(중심점법:exact, 거리 26.92km)"
2023,경기도,평택시,41220,119,수원,26.92,13.41,-6.32,True,25.04,1409.4,1.87,2016.7,2842.5,-0.1,-1.61,1.14,12.0,365,,이번 산출물에서 제외(사용자 요청) - 추후 국토지리정보원 자료로 보강 필요,ASOS 일자료 조회서비스 응답 항목에 토양수분 필드 자체가 없어 변수 제외,"최근접 관측소 매칭(중심점법:exact, 거리 26.92km)"
2024,경기도,평택시,41220,119,수원,26.92,14.13,-2.88,True,25.87,1378.2,1.88,2194.8,3032.0,0.6,-0.21,1.94,12.0,366,,이번 산출물에서 제외(사용자 요청) - 추후 국토지리정보원 자료로 보강 필요,ASOS 일자료 조회서비스 응답 항목에 토양수분 필드 자체가 없어 변수 제외,"최근접 관측소 매칭(중심점법:exact, 거리 26.92km)"
2025,경기도,평택시,41220,119,수원,26.92,13.39,-5.36,True,25.94,1265.3,1.96,2060.3,2861.4,-0.1,-1.16,1.7,12.0,365,,이번 산출물에서 제외(사용자 요청) - 추후 국토지리정보원 자료로 보강 필요,ASOS 일자료 조회서비스 응답 항목에 토양수분 필드 자체가 없어 변수 제외,"최근접 관측소 매칭(중심점법:exact, 거리 26.92km)"
2016,경기도,포천시,41650,98,동두천,18.27,12.65,-6.59,True,24.77,1087.2,1.63,2028.0,2851.0,-0.08,-1.3,1.1,11.0,366,,이번 산출물에서 제외(사용자 요청) - 추후 국토지리정보원 자료로 보강 필요,ASOS 일자료 조회서비스 응답 항목에 토양수분 필드 자체가 없어 변수 제외,"최근접 관측소 매칭(중심점법:exact, 거리 18.27km)"
2017,경기도,포천시,41650,98,동두천,18.27,11.88,-6.27,True,24.29,989.7,1.66,1879.6,2663.6,-0.82,-2.22,0.73,12.0,365,,이번 산출물에서 제외(사용자 요청) - 추후 국토지리정보원 자료로 보강 필요,ASOS 일자료 조회서비스 응답 항목에 토양수분 필드 자체가 없어 변수 제외,"최근접 관측소 매칭(중심점법:exact, 거리 18.27km)"
2018,경기도,포천시,41650,98,동두천,18.27,11.79,-9.08,True,25.24,1500.0,1.59,1861.4,2647.6,0.32,-1.22,1.38,12.0,365,,이번 산출물에서 제외(사용자 요청) - 추후 국토지리정보원 자료로 보강 필요,ASOS 일자료 조회서비스 응답 항목에 토양수분 필드 자체가 없어 변수 제외,"최근접 관측소 매칭(중심점법:exact, 거리 18.27km)"
2019,경기도,포천시,41650,98,동두천,18.27,12.09,-7.23,True,23.72,1028.1,1.37,1768.4,2519.0,-0.71,-1.66,0.71,12.0,365,,이번 산출물에서 제외(사용자 요청) - 추후 국토지리정보원 자료로 보강 필요,ASOS 일자료 조회서비스 응답 항목에 토양수분 필드 자체가 없어 변수 제외,"최근접 관측소 매칭(중심점법:exact, 거리 18.27km)"
2020,경기도,포천시,41650,98,동두천,18.27,11.84,-4.34,True,23.68,1641.9,1.44,1638.6,2398.8,0.39,-1.33,1.58,12.0,366,,이번 산출물에서 제외(사용자 요청) - 추후 국토지리정보원 자료로 보강 필요,ASOS 일자료 조회서비스 응답 항목에 토양수분 필드 자체가 없어 변수 제외,"최근접 관측소 매칭(중심점법:exact, 거리 18.27km)"
2021,경기도,포천시,41650,98,동두천,18.27,12.17,-7.44,True,24.02,1035.6,1.29,1763.4,2560.4,-0.24,-2.04,1.6,12.0,365,,이번 산출물에서 제외(사용자 요청) - 추후 국토지리정보원 자료로 보강 필요,ASOS 일자료 조회서비스 응답 항목에 토양수분 필드 자체가 없어 변수 제외,"최근접 관측소 매칭(중심점법:exact, 거리 18.27km)"
2022,경기도,포천시,41650,98,동두천,18.27,11.53,-8.09,True,23.84,1922.6,1.22,1746.5,2540.8,0.56,-1.34,1.92,12.0,365,,이번 산출물에서 제외(사용자 요청) - 추후 국토지리정보원 자료로 보강 필요,ASOS 일자료 조회서비스 응답 항목에 토양수분 필드 자체가 없어 변수 제외,"최근접 관측소 매칭(중심점법:exact, 거리 18.27km)"
2023,경기도,포천시,41650,98,동두천,18.27,12.51,-7.97,True,24.4,1412.7,1.12,1891.0,2702.4,0.14,-0.75,1.21,12.0,365,,이번 산출물에서 제외(사용자 요청) - 추후 국토지리정보원 자료로 보강 필요,ASOS 일자료 조회서비스 응답 항목에 토양수분 필드 자체가 없어 변수 제외,"최근접 관측소 매칭(중심점법:exact, 거리 18.27km)"
2024,경기도,포천시,41650,98,동두천,18.27,13.19,-4.63,True,25.42,1170.6,1.12,2090.4,2918.4,0.12,-0.88,1.63,12.0,366,,이번 산출물에서 제외(사용자 요청) - 추후 국토지리정보원 자료로 보강 필요,ASOS 일자료 조회서비스 응답 항목에 토양수분 필드 자체가 없어 변수 제외,"최근접 관측소 매칭(중심점법:exact, 거리 18.27km)"
2025,경기도,포천시,41650,98,동두천,18.27,12.41,-7.54,True,25.26,1640.5,1.13,1944.6,2731.6,0.32,-1.04,1.54,12.0,365,,이번 산출물에서 제외(사용자 요청) - 추후 국토지리정보원 자료로 보강 필요,ASOS 일자료 조회서비스 응답 항목에 토양수분 필드 자체가 없어 변수 제외,"최근접 관측소 매칭(중심점법:exact, 거리 18.27km)"
2016,경기도,하남시,41450,108,서울,21.84,13.59,-4.34,True,25.97,991.7,2.28,2199.9,3030.6,-0.4,-1.7,0.62,11.0,366,,이번 산출물에서 제외(사용자 요청) - 추후 국토지리정보원 자료로 보강 필요,ASOS 일자료 조회서비스 응답 항목에 토양수분 필드 자체가 없어 변수 제외,"최근접 관측소 매칭(중심점법:exact, 거리 21.84km)"
2017,경기도,하남시,41450,108,서울,21.84,13.07,-4.39,True,25.39,1233.2,2.21,2100.6,2899.3,-0.67,-1.85,0.88,12.0,365,,이번 산출물에서 제외(사용자 요청) - 추후 국토지리정보원 자료로 보강 필요,ASOS 일자료 조회서비스 응답 항목에 토양수분 필드 자체가 없어 변수 제외,"최근접 관측소 매칭(중심점법:exact, 거리 21.84km)"
2018,경기도,하남시,41450,108,서울,21.84,13.0,-6.33,True,26.6,1284.1,1.73,2069.6,2878.0,0.19,-1.33,1.46,12.0,365,,이번 산출물에서 제외(사용자 요청) - 추후 국토지리정보원 자료로 보강 필요,ASOS 일자료 조회서비스 응답 항목에 토양수분 필드 자체가 없어 변수 제외,"최근접 관측소 매칭(중심점법:exact, 거리 21.84km)"
2019,경기도,하남시,41450,108,서울,21.84,13.6,-4.36,True,25.22,891.3,1.95,2062.6,2861.8,-0.89,-2.16,0.08,12.0,365,,이번 산출물에서 제외(사용자 요청) - 추후 국토지리정보원 자료로 보강 필요,ASOS 일자료 조회서비스 응답 항목에 토양수분 필드 자체가 없어 변수 제외,"최근접 관측소 매칭(중심점법:exact, 거리 21.84km)"
2020,경기도,하남시,41450,108,서울,21.84,13.27,-1.88,True,24.86,1651.1,2.36,1872.2,2684.3,0.35,-1.16,1.35,12.0,366,,이번 산출물에서 제외(사용자 요청) - 추후 국토지리정보원 자료로 보강 필요,ASOS 일자료 조회서비스 응답 항목에 토양수분 필드 자체가 없어 변수 제외,"최근접 관측소 매칭(중심점법:exact, 거리 21.84km)"
2021,경기도,하남시,41450,108,서울,21.84,13.75,-4.48,True,25.63,1186.5,2.31,2045.2,2899.6,0.07,-1.12,1.87,12.0,365,,이번 산출물에서 제외(사용자 요청) - 추후 국토지리정보원 자료로 보강 필요,ASOS 일자료 조회서비스 응답 항목에 토양수분 필드 자체가 없어 변수 제외,"최근접 관측소 매칭(중심점법:exact, 거리 21.84km)"
2022,경기도,하남시,41450,108,서울,21.84,13.3,-5.02,True,25.48,1775.3,2.37,2058.6,2907.0,0.37,-1.54,1.56,12.0,365,,이번 산출물에서 제외(사용자 요청) - 추후 국토지리정보원 자료로 보강 필요,ASOS 일자료 조회서비스 응답 항목에 토양수분 필드 자체가 없어 변수 제외,"최근접 관측소 매칭(중심점법:exact, 거리 21.84km)"
2023,경기도,하남시,41450,108,서울,21.84,14.11,-4.8,True,25.78,1598.8,2.27,2196.9,3040.7,0.34,-0.76,1.35,12.0,365,,이번 산출물에서 제외(사용자 요청) - 추후 국토지리정보원 자료로 보강 필요,ASOS 일자료 조회서비스 응답 항목에 토양수분 필드 자체가 없어 변수 제외,"최근접 관측소 매칭(중심점법:exact, 거리 21.84km)"
2024,경기도,하남시,41450,108,서울,21.84,14.88,-2.12,True,26.87,1311.4,2.31,2412.2,3260.6,0.34,-0.89,1.83,12.0,366,,이번 산출물에서 제외(사용자 요청) - 추후 국토지리정보원 자료로 보강 필요,ASOS 일자료 조회서비스 응답 항목에 토양수분 필드 자체가 없어 변수 제외,"최근접 관측소 매칭(중심점법:exact, 거리 21.84km)"
2025,경기도,하남시,41450,108,서울,21.84,14.15,-4.06,True,27.05,1582.4,2.33,2244.3,3073.0,0.25,-0.97,1.92,12.0,365,,이번 산출물에서 제외(사용자 요청) - 추후 국토지리정보원 자료로 보강 필요,ASOS 일자료 조회서비스 응답 항목에 토양수분 필드 자체가 없어 변수 제외,"최근접 관측소 매칭(중심점법:exact, 거리 21.84km)"
2016,경기도,화성시,41590,119,수원,14.23,13.61,-4.13,True,25.68,1023.4,1.78,2153.4,2980.2,-0.14,-1.52,0.89,11.0,366,,이번 산출물에서 제외(사용자 요청) - 추후 국토지리정보원 자료로 보강 필요,ASOS 일자료 조회서비스 응답 항목에 토양수분 필드 자체가 없어 변수 제외,"최근접 관측소 매칭(중심점법:exact, 거리 14.23km)"
2017,경기도,화성시,41590,119,수원,14.23,12.66,-4.78,True,24.81,1328.6,1.82,1957.6,2741.6,-0.53,-2.17,1.15,12.0,365,,이번 산출물에서 제외(사용자 요청) - 추후 국토지리정보원 자료로 보강 필요,ASOS 일자료 조회서비스 응답 항목에 토양수분 필드 자체가 없어 변수 제외,"최근접 관측소 매칭(중심점법:exact, 거리 14.23km)"
2018,경기도,화성시,41590,119,수원,14.23,12.81,-6.8,True,26.21,1293.1,1.83,2001.4,2812.2,0.28,-1.12,1.69,12.0,365,,이번 산출물에서 제외(사용자 요청) - 추후 국토지리정보원 자료로 보강 필요,ASOS 일자료 조회서비스 응답 항목에 토양수분 필드 자체가 없어 변수 제외,"최근접 관측소 매칭(중심점법:exact, 거리 14.23km)"
2019,경기도,화성시,41590,119,수원,14.23,13.26,-5.28,True,24.95,915.8,1.78,1967.1,2746.2,-0.61,-1.79,0.59,12.0,365,,이번 산출물에서 제외(사용자 요청) - 추후 국토지리정보원 자료로 보강 필요,ASOS 일자료 조회서비스 응답 항목에 토양수분 필드 자체가 없어 변수 제외,"최근접 관측소 매칭(중심점법:exact, 거리 14.23km)"
2020,경기도,화성시,41590,119,수원,14.23,12.94,-2.55,True,24.55,1635.5,1.94,1790.7,2564.8,0.32,-2.09,1.54,12.0,366,,이번 산출물에서 제외(사용자 요청) - 추후 국토지리정보원 자료로 보강 필요,ASOS 일자료 조회서비스 응답 항목에 토양수분 필드 자체가 없어 변수 제외,"최근접 관측소 매칭(중심점법:exact, 거리 14.23km)"
2021,경기도,화성시,41590,119,수원,14.23,13.45,-5.34,True,25.35,1084.4,1.91,1984.2,2802.3,-0.16,-1.26,1.53,12.0,365,,이번 산출물에서 제외(사용자 요청) - 추후 국토지리정보원 자료로 보강 필요,ASOS 일자료 조회서비스 응답 항목에 토양수분 필드 자체가 없어 변수 제외,"최근접 관측소 매칭(중심점법:exact, 거리 14.23km)"
2022,경기도,화성시,41590,119,수원,14.23,12.83,-5.77,True,25.25,1864.0,1.92,1971.2,2798.8,0.43,-1.62,1.79,12.0,365,,이번 산출물에서 제외(사용자 요청) - 추후 국토지리정보원 자료로 보강 필요,ASOS 일자료 조회서비스 응답 항목에 토양수분 필드 자체가 없어 변수 제외,"최근접 관측소 매칭(중심점법:exact, 거리 14.23km)"
2023,경기도,화성시,41590,119,수원,14.23,13.41,-6.32,True,25.04,1409.4,1.87,2016.7,2842.5,-0.1,-1.61,1.14,12.0,365,,이번 산출물에서 제외(사용자 요청) - 추후 국토지리정보원 자료로 보강 필요,ASOS 일자료 조회서비스 응답 항목에 토양수분 필드 자체가 없어 변수 제외,"최근접 관측소 매칭(중심점법:exact, 거리 14.23km)"
2024,경기도,화성시,41590,119,수원,14.23,14.13,-2.88,True,25.87,1378.2,1.88,2194.8,3032.0,0.6,-0.21,1.94,12.0,366,,이번 산출물에서 제외(사용자 요청) - 추후 국토지리정보원 자료로 보강 필요,ASOS 일자료 조회서비스 응답 항목에 토양수분 필드 자체가 없어 변수 제외,"최근접 관측소 매칭(중심점법:exact, 거리 14.23km)"
2025,경기도,화성시,41590,119,수원,14.23,13.39,-5.36,True,25.94,1265.3,1.96,2060.3,2861.4,-0.1,-1.16,1.7,12.0,365,,이번 산출물에서 제외(사용자 요청) - 추후 국토지리정보원 자료로 보강 필요,ASOS 일자료 조회서비스 응답 항목에 토양수분 필드 자체가 없어 변수 제외,"최근접 관측소 매칭(중심점법:exact, 거리 14.23km)"
2016,경상남도,거제시,48310,294,거제,2.66,15.57,1.01,True,25.42,2262.6,1.81,2238.6,3166.8,0.52,-1.29,1.66,11.0,366,,이번 산출물에서 제외(사용자 요청) - 추후 국토지리정보원 자료로 보강 필요,ASOS 일자료 조회서비스 응답 항목에 토양수분 필드 자체가 없어 변수 제외,"최근접 관측소 매칭(중심점법:exact, 거리 2.66km)"
2017,경상남도,거제시,48310,294,거제,2.66,15.28,0.68,True,25.52,1411.1,1.84,2207.4,3075.7,-0.6,-1.83,1.2,12.0,365,,이번 산출물에서 제외(사용자 요청) - 추후 국토지리정보원 자료로 보강 필요,ASOS 일자료 조회서비스 응답 항목에 토양수분 필드 자체가 없어 변수 제외,"최근접 관측소 매칭(중심점법:exact, 거리 2.66km)"
2018,경상남도,거제시,48310,294,거제,2.66,15.03,-1.49,True,25.92,2507.6,1.78,2165.4,3075.5,0.59,-1.79,2.05,12.0,365,,이번 산출물에서 제외(사용자 요청) - 추후 국토지리정보원 자료로 보강 필요,ASOS 일자료 조회서비스 응답 항목에 토양수분 필드 자체가 없어 변수 제외,"최근접 관측소 매칭(중심점법:exact, 거리 2.66km)"
2019,경상남도,거제시,48310,294,거제,2.66,15.61,0.79,True,24.66,2268.7,1.68,2168.4,3084.8,0.26,-0.67,1.0,12.0,365,,이번 산출물에서 제외(사용자 요청) - 추후 국토지리정보원 자료로 보강 필요,ASOS 일자료 조회서비스 응답 항목에 토양수분 필드 자체가 없어 변수 제외,"최근접 관측소 매칭(중심점법:exact, 거리 2.66km)"
2020,경상남도,거제시,48310,294,거제,2.66,14.76,2.13,True,23.97,2481.8,1.59,1878.2,2779.8,0.38,-1.25,1.57,12.0,366,,이번 산출물에서 제외(사용자 요청) - 추후 국토지리정보원 자료로 보강 필요,ASOS 일자료 조회서비스 응답 항목에 토양수분 필드 자체가 없어 변수 제외,"최근접 관측소 매칭(중심점법:exact, 거리 2.66km)"
2021,경상남도,거제시,48310,294,거제,2.66,15.22,0.19,True,24.56,2227.9,1.52,2030.1,2973.8,0.07,-1.24,0.99,12.0,365,,이번 산출물에서 제외(사용자 요청) - 추후 국토지리정보원 자료로 보강 필요,ASOS 일자료 조회서비스 응답 항목에 토양수분 필드 자체가 없어 변수 제외,"최근접 관측소 매칭(중심점법:exact, 거리 2.66km)"
2022,경상남도,거제시,48310,294,거제,2.66,14.84,-0.36,True,24.62,1294.0,1.5,2047.8,2966.0,-1.18,-2.41,-0.24,12.0,365,,이번 산출물에서 제외(사용자 요청) - 추후 국토지리정보원 자료로 보강 필요,ASOS 일자료 조회서비스 응답 항목에 토양수분 필드 자체가 없어 변수 제외,"최근접 관측소 매칭(중심점법:exact, 거리 2.66km)"
2023,경상남도,거제시,48310,294,거제,2.66,15.35,-0.29,True,24.87,2585.5,1.39,2099.8,3031.0,0.49,-0.72,1.42,12.0,365,,이번 산출물에서 제외(사용자 요청) - 추후 국토지리정보원 자료로 보강 필요,ASOS 일자료 조회서비스 응답 항목에 토양수분 필드 자체가 없어 변수 제외,"최근접 관측소 매칭(중심점법:exact, 거리 2.66km)"
2024,경상남도,거제시,48310,294,거제,2.66,16.0,1.76,True,25.42,2213.4,1.44,2324.6,3235.2,0.5,-0.38,1.26,12.0,366,,이번 산출물에서 제외(사용자 요청) - 추후 국토지리정보원 자료로 보강 필요,ASOS 일자료 조회서비스 응답 항목에 토양수분 필드 자체가 없어 변수 제외,"최근접 관측소 매칭(중심점법:exact, 거리 2.66km)"
2025,경상남도,거제시,48310,294,거제,2.66,15.24,-0.55,True,25.55,1399.8,1.57,2194.5,3073.3,-0.96,-1.79,-0.11,12.0,365,,이번 산출물에서 제외(사용자 요청) - 추후 국토지리정보원 자료로 보강 필요,ASOS 일자료 조회서비스 응답 항목에 토양수분 필드 자체가 없어 변수 제외,"최근접 관측소 매칭(중심점법:exact, 거리 2.66km)"
2016,경상남도,거창군,48880,284,거창,7.29,12.76,-4.45,True,23.96,1229.8,1.26,1810.3,2628.2,0.42,-0.75,1.34,11.0,366,,이번 산출물에서 제외(사용자 요청) - 추후 국토지리정보원 자료로 보강 필요,ASOS 일자료 조회서비스 응답 항목에 토양수분 필드 자체가 없어 변수 제외,"최근접 관측소 매칭(중심점법:exact, 거리 7.29km)"
2017,경상남도,거창군,48880,284,거창,7.29,12.32,-5.72,True,24.05,782.8,1.39,1743.9,2520.8,-0.75,-1.59,0.23,12.0,365,,이번 산출물에서 제외(사용자 요청) - 추후 국토지리정보원 자료로 보강 필요,ASOS 일자료 조회서비스 응답 항목에 토양수분 필드 자체가 없어 변수 제외,"최근접 관측소 매칭(중심점법:exact, 거리 7.29km)"
2018,경상남도,거창군,48880,284,거창,7.29,12.3,-7.53,True,24.75,1215.6,1.31,1743.8,2523.8,0.31,-1.01,1.3,12.0,365,,이번 산출물에서 제외(사용자 요청) - 추후 국토지리정보원 자료로 보강 필요,ASOS 일자료 조회서비스 응답 항목에 토양수분 필드 자체가 없어 변수 제외,"최근접 관측소 매칭(중심점법:exact, 거리 7.29km)"
2019,경상남도,거창군,48880,284,거창,7.29,12.76,-5.6,True,23.29,1232.4,1.29,1709.8,2493.4,0.21,-0.65,1.8,12.0,365,,이번 산출물에서 제외(사용자 요청) - 추후 국토지리정보원 자료로 보강 필요,ASOS 일자료 조회서비스 응답 항목에 토양수분 필드 자체가 없어 변수 제외,"최근접 관측소 매칭(중심점법:exact, 거리 7.29km)"
2020,경상남도,거창군,48880,284,거창,7.29,12.5,-3.51,True,23.57,1726.7,1.38,1618.7,2379.0,0.48,-2.21,2.16,12.0,366,,이번 산출물에서 제외(사용자 요청) - 추후 국토지리정보원 자료로 보강 필요,ASOS 일자료 조회서비스 응답 항목에 토양수분 필드 자체가 없어 변수 제외,"최근접 관측소 매칭(중심점법:exact, 거리 7.29km)"
2021,경상남도,거창군,48880,284,거창,7.29,12.87,-5.86,True,23.64,1080.2,1.39,1731.4,2514.2,-0.24,-1.12,0.29,12.0,365,,이번 산출물에서 제외(사용자 요청) - 추후 국토지리정보원 자료로 보강 필요,ASOS 일자료 조회서비스 응답 항목에 토양수분 필드 자체가 없어 변수 제외,"최근접 관측소 매칭(중심점법:exact, 거리 7.29km)"
2022,경상남도,거창군,48880,284,거창,7.29,12.63,-6.56,True,24.4,638.8,1.38,1783.8,2587.8,-1.38,-2.31,-0.79,12.0,365,,이번 산출물에서 제외(사용자 요청) - 추후 국토지리정보원 자료로 보강 필요,ASOS 일자료 조회서비스 응답 항목에 토양수분 필드 자체가 없어 변수 제외,"최근접 관측소 매칭(중심점법:exact, 거리 7.29km)"
2023,경상남도,거창군,48880,284,거창,7.29,13.04,-6.69,True,24.27,1625.4,1.26,1815.6,2639.0,0.32,-1.24,1.51,12.0,365,,이번 산출물에서 제외(사용자 요청) - 추후 국토지리정보원 자료로 보강 필요,ASOS 일자료 조회서비스 응답 항목에 토양수분 필드 자체가 없어 변수 제외,"최근접 관측소 매칭(중심점법:exact, 거리 7.29km)"
2024,경상남도,거창군,48880,284,거창,7.29,13.56,-3.83,True,24.77,1226.0,1.22,1986.8,2821.3,0.56,-1.66,2.07,12.0,366,,이번 산출물에서 제외(사용자 요청) - 추후 국토지리정보원 자료로 보강 필요,ASOS 일자료 조회서비스 응답 항목에 토양수분 필드 자체가 없어 변수 제외,"최근접 관측소 매칭(중심점법:exact, 거리 7.29km)"
2025,경상남도,거창군,48880,284,거창,7.29,13.12,-6.48,True,25.27,1335.1,1.57,2044.5,2824.4,0.11,-1.24,0.9,12.0,365,,이번 산출물에서 제외(사용자 요청) - 추후 국토지리정보원 자료로 보강 필요,ASOS 일자료 조회서비스 응답 항목에 토양수분 필드 자체가 없어 변수 제외,"최근접 관측소 매칭(중심점법:exact, 거리 7.29km)"
2016,경상남도,고성군,48820,162,통영,23.11,15.36,1.27,True,24.8,1993.7,2.39,2163.4,3088.9,0.64,-1.3,1.58,11.0,366,,이번 산출물에서 제외(사용자 요청) - 추후 국토지리정보원 자료로 보강 필요,ASOS 일자료 조회서비스 응답 항목에 토양수분 필드 자체가 없어 변수 제외,"최근접 관측소 매칭(중심점법:exact, 거리 23.11km)"
2017,경상남도,고성군,48820,162,통영,23.11,14.96,0.78,True,24.64,1249.4,2.42,2099.3,2973.7,-0.48,-1.99,1.34,12.0,365,,이번 산출물에서 제외(사용자 요청) - 추후 국토지리정보원 자료로 보강 필요,ASOS 일자료 조회서비스 응답 항목에 토양수분 필드 자체가 없어 변수 제외,"최근접 관측소 매칭(중심점법:exact, 거리 23.11km)"
2018,경상남도,고성군,48820,162,통영,23.11,14.81,-1.26,True,25.2,2118.7,2.41,2075.9,2992.6,0.61,-1.78,1.82,12.0,365,,이번 산출물에서 제외(사용자 요청) - 추후 국토지리정보원 자료로 보강 필요,ASOS 일자료 조회서비스 응답 항목에 토양수분 필드 자체가 없어 변수 제외,"최근접 관측소 매칭(중심점법:exact, 거리 23.11km)"
2019,경상남도,고성군,48820,162,통영,23.11,15.34,0.89,True,24.01,1684.6,2.31,2063.6,2982.8,-0.0,-0.91,0.95,12.0,365,,이번 산출물에서 제외(사용자 요청) - 추후 국토지리정보원 자료로 보강 필요,ASOS 일자료 조회서비스 응답 항목에 토양수분 필드 자체가 없어 변수 제외,"최근접 관측소 매칭(중심점법:exact, 거리 23.11km)"
2020,경상남도,고성군,48820,162,통영,23.11,14.97,2.46,True,23.86,2137.7,2.46,1949.0,2868.4,0.44,-1.05,1.52,12.0,366,,이번 산출물에서 제외(사용자 요청) - 추후 국토지리정보원 자료로 보강 필요,ASOS 일자료 조회서비스 응답 항목에 토양수분 필드 자체가 없어 변수 제외,"최근접 관측소 매칭(중심점법:exact, 거리 23.11km)"
2021,경상남도,고성군,48820,162,통영,23.11,15.65,0.41,True,25.05,1800.1,2.43,2184.0,3165.8,0.03,-1.25,1.04,12.0,365,,이번 산출물에서 제외(사용자 요청) - 추후 국토지리정보원 자료로 보강 필요,ASOS 일자료 조회서비스 응답 항목에 토양수분 필드 자체가 없어 변수 제외,"최근접 관측소 매칭(중심점법:exact, 거리 23.11km)"
2022,경상남도,고성군,48820,162,통영,23.11,15.11,-0.1,True,24.75,987.8,2.42,2161.6,3095.6,-1.26,-2.43,0.23,12.0,365,,이번 산출물에서 제외(사용자 요청) - 추후 국토지리정보원 자료로 보강 필요,ASOS 일자료 조회서비스 응답 항목에 토양수분 필드 자체가 없어 변수 제외,"최근접 관측소 매칭(중심점법:exact, 거리 23.11km)"
2023,경상남도,고성군,48820,162,통영,23.11,15.59,0.05,True,24.77,2134.3,2.51,2179.6,3127.2,0.34,-0.94,1.49,12.0,363,,이번 산출물에서 제외(사용자 요청) - 추후 국토지리정보원 자료로 보강 필요,ASOS 일자료 조회서비스 응답 항목에 토양수분 필드 자체가 없어 변수 제외,"최근접 관측소 매칭(중심점법:exact, 거리 23.11km)"
2024,경상남도,고성군,48820,162,통영,23.11,16.16,1.91,True,25.29,1936.5,2.53,2375.5,3301.0,0.57,-0.45,1.25,12.0,366,,이번 산출물에서 제외(사용자 요청) - 추후 국토지리정보원 자료로 보강 필요,ASOS 일자료 조회서비스 응답 항목에 토양수분 필드 자체가 없어 변수 제외,"최근접 관측소 매칭(중심점법:exact, 거리 23.11km)"
2025,경상남도,고성군,48820,162,통영,23.11,15.36,-0.54,True,25.34,1152.0,2.49,2252.3,3157.8,-0.81,-1.71,0.12,12.0,365,,이번 산출물에서 제외(사용자 요청) - 추후 국토지리정보원 자료로 보강 필요,ASOS 일자료 조회서비스 응답 항목에 토양수분 필드 자체가 없어 변수 제외,"최근접 관측소 매칭(중심점법:exact, 거리 23.11km)"
2016,경상남도,김해시,48250,253,김해시,6.27,15.45,0.7,True,25.71,1634.0,2.08,2312.1,3233.9,0.59,-0.89,1.81,11.0,366,,이번 산출물에서 제외(사용자 요청) - 추후 국토지리정보원 자료로 보강 필요,ASOS 일자료 조회서비스 응답 항목에 토양수분 필드 자체가 없어 변수 제외,"최근접 관측소 매칭(중심점법:exact, 거리 6.27km)"
2017,경상남도,김해시,48250,253,김해시,6.27,14.62,-0.41,True,25.11,755.8,2.18,2168.2,3025.5,-0.98,-1.98,0.76,12.0,365,,이번 산출물에서 제외(사용자 요청) - 추후 국토지리정보원 자료로 보강 필요,ASOS 일자료 조회서비스 응답 항목에 토양수분 필드 자체가 없어 변수 제외,"최근접 관측소 매칭(중심점법:exact, 거리 6.27km)"
2018,경상남도,김해시,48250,253,김해시,6.27,14.87,-2.98,True,26.08,1469.7,2.13,2242.2,3156.0,0.23,-1.61,1.18,12.0,365,,이번 산출물에서 제외(사용자 요청) - 추후 국토지리정보원 자료로 보강 필요,ASOS 일자료 조회서비스 응답 항목에 토양수분 필드 자체가 없어 변수 제외,"최근접 관측소 매칭(중심점법:exact, 거리 6.27km)"
2019,경상남도,김해시,48250,253,김해시,6.27,15.62,-0.3,True,24.87,1494.0,2.08,2252.4,3179.5,0.09,-0.76,0.83,12.0,365,,이번 산출물에서 제외(사용자 요청) - 추후 국토지리정보원 자료로 보강 필요,ASOS 일자료 조회서비스 응답 항목에 토양수분 필드 자체가 없어 변수 제외,"최근접 관측소 매칭(중심점법:exact, 거리 6.27km)"
2020,경상남도,김해시,48250,253,김해시,6.27,14.8,1.46,True,24.59,1702.5,1.93,2028.3,2925.2,0.32,-1.61,1.42,12.0,366,,이번 산출물에서 제외(사용자 요청) - 추후 국토지리정보원 자료로 보강 필요,ASOS 일자료 조회서비스 응답 항목에 토양수분 필드 자체가 없어 변수 제외,"최근접 관측소 매칭(중심점법:exact, 거리 6.27km)"
2021,경상남도,김해시,48250,253,김해시,6.27,15.17,-1.36,True,25.01,1552.6,1.73,2177.6,3122.9,0.13,-1.11,1.08,12.0,365,,이번 산출물에서 제외(사용자 요청) - 추후 국토지리정보원 자료로 보강 필요,ASOS 일자료 조회서비스 응답 항목에 토양수분 필드 자체가 없어 변수 제외,"최근접 관측소 매칭(중심점법:exact, 거리 6.27km)"
2022,경상남도,김해시,48250,253,김해시,6.27,14.94,-1.83,True,25.31,874.0,1.72,2234.6,3160.6,-1.12,-2.26,-0.12,12.0,365,,이번 산출물에서 제외(사용자 요청) - 추후 국토지리정보원 자료로 보강 필요,ASOS 일자료 조회서비스 응답 항목에 토양수분 필드 자체가 없어 변수 제외,"최근접 관측소 매칭(중심점법:exact, 거리 6.27km)"
2023,경상남도,김해시,48250,253,김해시,6.27,15.53,-1.61,True,25.57,1879.6,1.6,2307.2,3254.0,0.61,-0.62,1.46,12.0,365,,이번 산출물에서 제외(사용자 요청) - 추후 국토지리정보원 자료로 보강 필요,ASOS 일자료 조회서비스 응답 항목에 토양수분 필드 자체가 없어 변수 제외,"최근접 관측소 매칭(중심점법:exact, 거리 6.27km)"
2024,경상남도,김해시,48250,253,김해시,6.27,16.15,0.72,True,26.28,1720.0,1.58,2534.1,3449.8,0.89,-0.58,1.79,12.0,366,,이번 산출물에서 제외(사용자 요청) - 추후 국토지리정보원 자료로 보강 필요,ASOS 일자료 조회서비스 응답 항목에 토양수분 필드 자체가 없어 변수 제외,"최근접 관측소 매칭(중심점법:exact, 거리 6.27km)"
2025,경상남도,김해시,48250,253,김해시,6.27,15.45,-1.97,True,26.42,1130.9,1.6,2407.1,3298.6,-0.7,-1.85,0.45,12.0,365,,이번 산출물에서 제외(사용자 요청) - 추후 국토지리정보원 자료로 보강 필요,ASOS 일자료 조회서비스 응답 항목에 토양수분 필드 자체가 없어 변수 제외,"최근접 관측소 매칭(중심점법:exact, 거리 6.27km)"
2016,경상남도,남해군,48840,295,남해,1.37,15.13,0.29,True,25.39,2400.8,1.27,2202.9,3110.2,0.73,-1.62,1.99,11.0,366,,이번 산출물에서 제외(사용자 요청) - 추후 국토지리정보원 자료로 보강 필요,ASOS 일자료 조회서비스 응답 항목에 토양수분 필드 자체가 없어 변수 제외,"최근접 관측소 매칭(중심점법:exact, 거리 1.37km)"
2017,경상남도,남해군,48840,295,남해,1.37,14.95,-0.59,True,25.6,1157.8,1.33,2217.7,3066.4,-0.8,-1.86,1.34,12.0,365,,이번 산출물에서 제외(사용자 요청) - 추후 국토지리정보원 자료로 보강 필요,ASOS 일자료 조회서비스 응답 항목에 토양수분 필드 자체가 없어 변수 제외,"최근접 관측소 매칭(중심점법:exact, 거리 1.37km)"
2018,경상남도,남해군,48840,295,남해,1.37,14.68,-2.48,True,25.84,2203.6,1.29,2119.6,3004.2,0.38,-1.46,1.36,12.0,365,,이번 산출물에서 제외(사용자 요청) - 추후 국토지리정보원 자료로 보강 필요,ASOS 일자료 조회서비스 응답 항목에 토양수분 필드 자체가 없어 변수 제외,"최근접 관측소 매칭(중심점법:exact, 거리 1.37km)"
2019,경상남도,남해군,48840,295,남해,1.37,15.23,-0.41,True,24.65,2171.7,1.28,2128.0,3022.4,0.19,-0.73,0.9,12.0,365,,이번 산출물에서 제외(사용자 요청) - 추후 국토지리정보원 자료로 보강 필요,ASOS 일자료 조회서비스 응답 항목에 토양수분 필드 자체가 없어 변수 제외,"최근접 관측소 매칭(중심점법:exact, 거리 1.37km)"
2020,경상남도,남해군,48840,295,남해,1.37,14.63,1.18,True,24.18,2258.0,1.39,1901.5,2791.6,0.17,-1.27,1.2,12.0,366,,이번 산출물에서 제외(사용자 요청) - 추후 국토지리정보원 자료로 보강 필요,ASOS 일자료 조회서비스 응답 항목에 토양수분 필드 자체가 없어 변수 제외,"최근접 관측소 매칭(중심점법:exact, 거리 1.37km)"
2021,경상남도,남해군,48840,295,남해,1.37,15.12,-0.79,True,24.79,1981.4,1.5,2075.8,3011.6,-0.05,-1.3,0.99,12.0,365,,이번 산출물에서 제외(사용자 요청) - 추후 국토지리정보원 자료로 보강 필요,ASOS 일자료 조회서비스 응답 항목에 토양수분 필드 자체가 없어 변수 제외,"최근접 관측소 매칭(중심점법:exact, 거리 1.37km)"
2022,경상남도,남해군,48840,295,남해,1.37,14.8,-1.32,True,25.0,1338.2,1.5,2088.4,2997.2,-1.02,-2.42,-0.28,12.0,365,,이번 산출물에서 제외(사용자 요청) - 추후 국토지리정보원 자료로 보강 필요,ASOS 일자료 조회서비스 응답 항목에 토양수분 필드 자체가 없어 변수 제외,"최근접 관측소 매칭(중심점법:exact, 거리 1.37km)"
2023,경상남도,남해군,48840,295,남해,1.37,15.32,-1.15,True,25.03,2699.2,1.44,2163.5,3092.1,0.49,-0.86,1.77,12.0,365,,이번 산출물에서 제외(사용자 요청) - 추후 국토지리정보원 자료로 보강 필요,ASOS 일자료 조회서비스 응답 항목에 토양수분 필드 자체가 없어 변수 제외,"최근접 관측소 매칭(중심점법:exact, 거리 1.37km)"
2024,경상남도,남해군,48840,295,남해,1.37,15.98,1.21,True,25.95,2375.1,1.6,2388.2,3301.1,0.69,-0.77,1.43,12.0,366,,이번 산출물에서 제외(사용자 요청) - 추후 국토지리정보원 자료로 보강 필요,ASOS 일자료 조회서비스 응답 항목에 토양수분 필드 자체가 없어 변수 제외,"최근접 관측소 매칭(중심점법:exact, 거리 1.37km)"
2025,경상남도,남해군,48840,295,남해,1.37,15.27,-1.01,True,25.79,1434.9,1.55,2264.2,3143.8,-0.69,-1.44,0.08,12.0,365,,이번 산출물에서 제외(사용자 요청) - 추후 국토지리정보원 자료로 보강 필요,ASOS 일자료 조회서비스 응답 항목에 토양수분 필드 자체가 없어 변수 제외,"최근접 관측소 매칭(중심점법:exact, 거리 1.37km)"
2016,경상남도,밀양시,48270,288,밀양,4.2,14.76,-2.57,True,25.95,1568.2,1.04,2212.6,3081.2,0.84,-0.9,2.01,11.0,366,,이번 산출물에서 제외(사용자 요청) - 추후 국토지리정보원 자료로 보강 필요,ASOS 일자료 조회서비스 응답 항목에 토양수분 필드 자체가 없어 변수 제외,"최근접 관측소 매칭(중심점법:exact, 거리 4.2km)"
2017,경상남도,밀양시,48270,288,밀양,4.2,14.27,-3.55,True,26.16,558.1,1.1,2191.0,3003.4,-1.13,-2.17,0.74,12.0,365,,이번 산출물에서 제외(사용자 요청) - 추후 국토지리정보원 자료로 보강 필요,ASOS 일자료 조회서비스 응답 항목에 토양수분 필드 자체가 없어 변수 제외,"최근접 관측소 매칭(중심점법:exact, 거리 4.2km)"
2018,경상남도,밀양시,48270,288,밀양,4.2,13.91,-6.09,True,26.21,1337.0,1.09,2078.6,2915.4,0.28,-1.59,1.16,12.0,365,,이번 산출물에서 제외(사용자 요청) - 추후 국토지리정보원 자료로 보강 필요,ASOS 일자료 조회서비스 응답 항목에 토양수분 필드 자체가 없어 변수 제외,"최근접 관측소 매칭(중심점법:exact, 거리 4.2km)"
2019,경상남도,밀양시,48270,288,밀양,4.2,14.36,-3.65,True,24.87,1181.1,1.04,2030.0,2872.2,-0.04,-0.74,1.09,12.0,365,,이번 산출물에서 제외(사용자 요청) - 추후 국토지리정보원 자료로 보강 필요,ASOS 일자료 조회서비스 응답 항목에 토양수분 필드 자체가 없어 변수 제외,"최근접 관측소 매칭(중심점법:exact, 거리 4.2km)"
2020,경상남도,밀양시,48270,288,밀양,4.2,14.13,-1.63,True,24.95,1398.8,1.06,1918.9,2762.5,0.23,-1.22,1.18,12.0,366,,이번 산출물에서 제외(사용자 요청) - 추후 국토지리정보원 자료로 보강 필요,ASOS 일자료 조회서비스 응답 항목에 토양수분 필드 자체가 없어 변수 제외,"최근접 관측소 매칭(중심점법:exact, 거리 4.2km)"
2021,경상남도,밀양시,48270,288,밀양,4.2,14.54,-4.04,True,25.4,1202.5,1.04,2123.4,2996.8,0.01,-0.94,0.92,12.0,365,,이번 산출물에서 제외(사용자 요청) - 추후 국토지리정보원 자료로 보강 필요,ASOS 일자료 조회서비스 응답 항목에 토양수분 필드 자체가 없어 변수 제외,"최근접 관측소 매칭(중심점법:exact, 거리 4.2km)"
2022,경상남도,밀양시,48270,288,밀양,4.2,14.61,-4.19,True,25.97,843.2,1.13,2195.0,3080.8,-1.02,-2.23,-0.24,12.0,365,,이번 산출물에서 제외(사용자 요청) - 추후 국토지리정보원 자료로 보강 필요,ASOS 일자료 조회서비스 응답 항목에 토양수분 필드 자체가 없어 변수 제외,"최근접 관측소 매칭(중심점법:exact, 거리 4.2km)"
2023,경상남도,밀양시,48270,288,밀양,4.2,15.03,-3.95,True,26.02,1874.0,0.98,2236.6,3138.4,0.7,-0.95,2.31,12.0,365,,이번 산출물에서 제외(사용자 요청) - 추후 국토지리정보원 자료로 보강 필요,ASOS 일자료 조회서비스 응답 항목에 토양수분 필드 자체가 없어 변수 제외,"최근접 관측소 매칭(중심점법:exact, 거리 4.2km)"
2024,경상남도,밀양시,48270,288,밀양,4.2,15.84,-1.05,True,26.93,1200.9,1.01,2508.2,3393.1,0.48,-0.91,1.75,12.0,366,,이번 산출물에서 제외(사용자 요청) - 추후 국토지리정보원 자료로 보강 필요,ASOS 일자료 조회서비스 응답 항목에 토양수분 필드 자체가 없어 변수 제외,"최근접 관측소 매칭(중심점법:exact, 거리 4.2km)"
2025,경상남도,밀양시,48270,288,밀양,4.2,15.14,-4.28,True,27.27,1314.0,1.3,2450.8,3295.0,-0.26,-1.55,1.18,12.0,365,,이번 산출물에서 제외(사용자 요청) - 추후 국토지리정보원 자료로 보강 필요,ASOS 일자료 조회서비스 응답 항목에 토양수분 필드 자체가 없어 변수 제외,"최근접 관측소 매칭(중심점법:exact, 거리 4.2km)"
2016,경상남도,사천시,48240,192,진주,12.66,13.84,-3.51,True,24.77,1734.6,1.11,1973.9,2821.7,0.63,-1.29,1.79,11.0,366,,이번 산출물에서 제외(사용자 요청) - 추후 국토지리정보원 자료로 보강 필요,ASOS 일자료 조회서비스 응답 항목에 토양수분 필드 자체가 없어 변수 제외,"최근접 관측소 매칭(중심점법:exact, 거리 12.66km)"
2017,경상남도,사천시,48240,192,진주,12.66,13.59,-4.03,True,25.03,766.7,1.19,1970.4,2768.0,-1.07,-1.99,0.56,12.0,365,,이번 산출물에서 제외(사용자 요청) - 추후 국토지리정보원 자료로 보강 필요,ASOS 일자료 조회서비스 응답 항목에 토양수분 필드 자체가 없어 변수 제외,"최근접 관측소 매칭(중심점법:exact, 거리 12.66km)"
2018,경상남도,사천시,48240,192,진주,12.66,13.46,-6.07,True,25.19,1605.4,1.13,1883.3,2708.8,0.25,-1.24,1.17,12.0,365,,이번 산출물에서 제외(사용자 요청) - 추후 국토지리정보원 자료로 보강 필요,ASOS 일자료 조회서비스 응답 항목에 토양수분 필드 자체가 없어 변수 제외,"최근접 관측소 매칭(중심점법:exact, 거리 12.66km)"
2019,경상남도,사천시,48240,192,진주,12.66,14.0,-3.65,True,24.3,1481.6,0.97,1914.2,2750.7,-0.0,-0.93,1.14,12.0,365,,이번 산출물에서 제외(사용자 요청) - 추후 국토지리정보원 자료로 보강 필요,ASOS 일자료 조회서비스 응답 항목에 토양수분 필드 자체가 없어 변수 제외,"최근접 관측소 매칭(중심점법:exact, 거리 12.66km)"
2020,경상남도,사천시,48240,192,진주,12.66,13.73,-2.21,True,24.37,1812.7,0.94,1821.2,2633.5,0.19,-1.8,1.55,12.0,366,,이번 산출물에서 제외(사용자 요청) - 추후 국토지리정보원 자료로 보강 필요,ASOS 일자료 조회서비스 응답 항목에 토양수분 필드 자체가 없어 변수 제외,"최근접 관측소 매칭(중심점법:exact, 거리 12.66km)"
2021,경상남도,사천시,48240,192,진주,12.66,14.17,-4.09,True,24.8,1395.0,0.99,1964.1,2822.3,-0.29,-1.27,0.5,12.0,365,,이번 산출물에서 제외(사용자 요청) - 추후 국토지리정보원 자료로 보강 필요,ASOS 일자료 조회서비스 응답 항목에 토양수분 필드 자체가 없어 변수 제외,"최근접 관측소 매칭(중심점법:exact, 거리 12.66km)"
2022,경상남도,사천시,48240,192,진주,12.66,13.89,-5.07,True,25.19,966.2,0.96,1996.4,2849.3,-1.12,-2.3,-0.6,12.0,365,,이번 산출물에서 제외(사용자 요청) - 추후 국토지리정보원 자료로 보강 필요,ASOS 일자료 조회서비스 응답 항목에 토양수분 필드 자체가 없어 변수 제외,"최근접 관측소 매칭(중심점법:exact, 거리 12.66km)"
2023,경상남도,사천시,48240,192,진주,12.66,14.43,-4.73,True,25.2,2304.8,0.9,2069.0,2941.1,0.79,-0.71,1.79,12.0,365,,이번 산출물에서 제외(사용자 요청) - 추후 국토지리정보원 자료로 보강 필요,ASOS 일자료 조회서비스 응답 항목에 토양수분 필드 자체가 없어 변수 제외,"최근접 관측소 매칭(중심점법:exact, 거리 12.66km)"
2024,경상남도,사천시,48240,192,진주,12.66,15.07,-2.03,True,25.96,1856.6,0.85,2290.6,3160.1,0.91,-0.34,1.76,12.0,366,,이번 산출물에서 제외(사용자 요청) - 추후 국토지리정보원 자료로 보강 필요,ASOS 일자료 조회서비스 응답 항목에 토양수분 필드 자체가 없어 변수 제외,"최근접 관측소 매칭(중심점법:exact, 거리 12.66km)"
2025,경상남도,사천시,48240,192,진주,12.66,13.98,-5.04,True,25.47,1449.5,0.65,2100.0,2917.0,-0.23,-1.31,0.69,12.0,365,,이번 산출물에서 제외(사용자 요청) - 추후 국토지리정보원 자료로 보강 필요,ASOS 일자료 조회서비스 응답 항목에 토양수분 필드 자체가 없어 변수 제외,"최근접 관측소 매칭(중심점법:exact, 거리 12.66km)"
2016,경상남도,산청군,48860,289,산청,4.96,13.79,-2.07,True,24.7,1530.0,1.72,1987.4,2829.6,0.49,-1.18,1.67,11.0,366,,이번 산출물에서 제외(사용자 요청) - 추후 국토지리정보원 자료로 보강 필요,ASOS 일자료 조회서비스 응답 항목에 토양수분 필드 자체가 없어 변수 제외,"최근접 관측소 매칭(중심점법:exact, 거리 4.96km)"
2017,경상남도,산청군,48860,289,산청,4.96,13.37,-3.11,True,24.71,770.8,1.7,1938.4,2735.2,-1.01,-1.71,0.62,12.0,365,,이번 산출물에서 제외(사용자 요청) - 추후 국토지리정보원 자료로 보강 필요,ASOS 일자료 조회서비스 응답 항목에 토양수분 필드 자체가 없어 변수 제외,"최근접 관측소 매칭(중심점법:exact, 거리 4.96km)"
2018,경상남도,산청군,48860,289,산청,4.96,13.13,-5.32,True,25.26,1601.5,1.66,1884.0,2704.0,0.3,-1.43,1.29,12.0,365,,이번 산출물에서 제외(사용자 요청) - 추후 국토지리정보원 자료로 보강 필요,ASOS 일자료 조회서비스 응답 항목에 토양수분 필드 자체가 없어 변수 제외,"최근접 관측소 매칭(중심점법:exact, 거리 4.96km)"
2019,경상남도,산청군,48860,289,산청,4.96,13.76,-2.96,True,24.03,1769.9,1.62,1916.1,2743.4,0.42,-0.68,1.97,12.0,365,,이번 산출물에서 제외(사용자 요청) - 추후 국토지리정보원 자료로 보강 필요,ASOS 일자료 조회서비스 응답 항목에 토양수분 필드 자체가 없어 변수 제외,"최근접 관측소 매칭(중심점법:exact, 거리 4.96km)"
2020,경상남도,산청군,48860,289,산청,4.96,13.32,-1.87,True,24.13,2136.8,1.82,1753.9,2553.6,0.41,-1.71,2.13,12.0,366,,이번 산출물에서 제외(사용자 요청) - 추후 국토지리정보원 자료로 보강 필요,ASOS 일자료 조회서비스 응답 항목에 토양수분 필드 자체가 없어 변수 제외,"최근접 관측소 매칭(중심점법:exact, 거리 4.96km)"
2021,경상남도,산청군,48860,289,산청,4.96,13.62,-3.98,True,24.36,1142.8,1.69,1890.3,2723.8,-0.41,-0.99,0.83,12.0,365,,이번 산출물에서 제외(사용자 요청) - 추후 국토지리정보원 자료로 보강 필요,ASOS 일자료 조회서비스 응답 항목에 토양수분 필드 자체가 없어 변수 제외,"최근접 관측소 매칭(중심점법:exact, 거리 4.96km)"
2022,경상남도,산청군,48860,289,산청,4.96,13.42,-4.32,True,24.79,971.4,1.73,1920.0,2758.8,-1.02,-2.19,-0.55,12.0,365,,이번 산출물에서 제외(사용자 요청) - 추후 국토지리정보원 자료로 보강 필요,ASOS 일자료 조회서비스 응답 항목에 토양수분 필드 자체가 없어 변수 제외,"최근접 관측소 매칭(중심점법:exact, 거리 4.96km)"
2023,경상남도,산청군,48860,289,산청,4.96,13.93,-4.6,True,24.97,1938.2,1.57,2002.9,2858.8,0.37,-0.87,1.44,12.0,365,,이번 산출물에서 제외(사용자 요청) - 추후 국토지리정보원 자료로 보강 필요,ASOS 일자료 조회서비스 응답 항목에 토양수분 필드 자체가 없어 변수 제외,"최근접 관측소 매칭(중심점법:exact, 거리 4.96km)"
2024,경상남도,산청군,48860,289,산청,4.96,14.76,-2.02,True,25.87,1513.5,1.54,2231.6,3092.2,0.65,-0.74,1.96,12.0,366,,이번 산출물에서 제외(사용자 요청) - 추후 국토지리정보원 자료로 보강 필요,ASOS 일자료 조회서비스 응답 항목에 토양수분 필드 자체가 없어 변수 제외,"최근접 관측소 매칭(중심점법:exact, 거리 4.96km)"
2025,경상남도,산청군,48860,289,산청,4.96,13.9,-3.64,True,25.59,1522.6,1.68,2123.0,2928.8,-0.16,-1.68,0.99,12.0,365,,이번 산출물에서 제외(사용자 요청) - 추후 국토지리정보원 자료로 보강 필요,ASOS 일자료 조회서비스 응답 항목에 토양수분 필드 자체가 없어 변수 제외,"최근접 관측소 매칭(중심점법:exact, 거리 4.96km)"
2016,경상남도,양산시,48330,257,양산시,10.67,15.32,-0.53,True,25.69,1978.8,2.25,2263.4,3166.8,0.91,-0.41,2.03,11.0,366,,이번 산출물에서 제외(사용자 요청) - 추후 국토지리정보원 자료로 보강 필요,ASOS 일자료 조회서비스 응답 항목에 토양수분 필드 자체가 없어 변수 제외,"최근접 관측소 매칭(중심점법:exact, 거리 10.67km)"
2017,경상남도,양산시,48330,257,양산시,10.67,15.18,-0.78,True,26.07,720.2,2.33,2297.6,3153.1,-1.09,-2.01,0.86,12.0,365,,이번 산출물에서 제외(사용자 요청) - 추후 국토지리정보원 자료로 보강 필요,ASOS 일자료 조회서비스 응답 항목에 토양수분 필드 자체가 없어 변수 제외,"최근접 관측소 매칭(중심점법:exact, 거리 10.67km)"
2018,경상남도,양산시,48330,257,양산시,10.67,14.88,-3.27,True,26.32,1589.2,2.31,2221.2,3105.6,0.21,-1.98,1.17,12.0,365,,이번 산출물에서 제외(사용자 요청) - 추후 국토지리정보원 자료로 보강 필요,ASOS 일자료 조회서비스 응답 항목에 토양수분 필드 자체가 없어 변수 제외,"최근접 관측소 매칭(중심점법:exact, 거리 10.67km)"
2019,경상남도,양산시,48330,257,양산시,10.67,15.5,-0.62,True,25.0,1536.1,2.12,2211.2,3116.1,0.03,-0.48,0.81,12.0,365,,이번 산출물에서 제외(사용자 요청) - 추후 국토지리정보원 자료로 보강 필요,ASOS 일자료 조회서비스 응답 항목에 토양수분 필드 자체가 없어 변수 제외,"최근접 관측소 매칭(중심점법:exact, 거리 10.67km)"
2020,경상남도,양산시,48330,257,양산시,10.67,15.08,0.88,True,24.98,1892.5,2.22,2070.6,2977.5,0.37,-1.4,1.35,12.0,366,,이번 산출물에서 제외(사용자 요청) - 추후 국토지리정보원 자료로 보강 필요,ASOS 일자료 조회서비스 응답 항목에 토양수분 필드 자체가 없어 변수 제외,"최근접 관측소 매칭(중심점법:exact, 거리 10.67km)"
2021,경상남도,양산시,48330,257,양산시,10.67,15.46,-1.31,True,25.52,1708.2,2.19,2238.8,3174.4,0.18,-1.13,1.09,12.0,365,,이번 산출물에서 제외(사용자 요청) - 추후 국토지리정보원 자료로 보강 필요,ASOS 일자료 조회서비스 응답 항목에 토양수분 필드 자체가 없어 변수 제외,"최근접 관측소 매칭(중심점법:exact, 거리 10.67km)"
2022,경상남도,양산시,48330,257,양산시,10.67,15.42,-1.81,True,25.97,932.5,2.15,2323.7,3248.1,-1.1,-2.25,-0.49,12.0,365,,이번 산출물에서 제외(사용자 요청) - 추후 국토지리정보원 자료로 보강 필요,ASOS 일자료 조회서비스 응답 항목에 토양수분 필드 자체가 없어 변수 제외,"최근접 관측소 매칭(중심점법:exact, 거리 10.67km)"
2023,경상남도,양산시,48330,257,양산시,10.67,16.06,-1.31,True,26.29,2172.0,1.97,2412.5,3363.4,0.68,-0.63,1.65,12.0,365,,이번 산출물에서 제외(사용자 요청) - 추후 국토지리정보원 자료로 보강 필요,ASOS 일자료 조회서비스 응답 항목에 토양수분 필드 자체가 없어 변수 제외,"최근접 관측소 매칭(중심점법:exact, 거리 10.67km)"
2024,경상남도,양산시,48330,257,양산시,10.67,16.79,0.97,True,27.08,1669.4,2.11,2661.3,3590.4,0.64,-0.57,1.35,12.0,366,,이번 산출물에서 제외(사용자 요청) - 추후 국토지리정보원 자료로 보강 필요,ASOS 일자료 조회서비스 응답 항목에 토양수분 필드 자체가 없어 변수 제외,"최근접 관측소 매칭(중심점법:exact, 거리 10.67km)"
2025,경상남도,양산시,48330,257,양산시,10.67,15.65,-1.55,True,26.76,1169.9,2.05,2471.1,3357.0,-0.73,-1.69,0.42,12.0,365,,이번 산출물에서 제외(사용자 요청) - 추후 국토지리정보원 자료로 보강 필요,ASOS 일자료 조회서비스 응답 항목에 토양수분 필드 자체가 없어 변수 제외,"최근접 관측소 매칭(중심점법:exact, 거리 10.67km)"
2016,경상남도,의령군,48720,263,의령군,7.84,13.33,-3.81,True,24.2,1474.0,1.12,1849.7,2696.5,0.49,-1.56,1.65,11.0,366,,이번 산출물에서 제외(사용자 요청) - 추후 국토지리정보원 자료로 보강 필요,ASOS 일자료 조회서비스 응답 항목에 토양수분 필드 자체가 없어 변수 제외,"최근접 관측소 매칭(중심점법:exact, 거리 7.84km)"
2017,경상남도,의령군,48720,263,의령군,7.84,13.69,-4.42,True,25.35,876.8,1.25,2055.9,2860.3,-0.73,-1.32,0.47,12.0,365,,이번 산출물에서 제외(사용자 요청) - 추후 국토지리정보원 자료로 보강 필요,ASOS 일자료 조회서비스 응답 항목에 토양수분 필드 자체가 없어 변수 제외,"최근접 관측소 매칭(중심점법:exact, 거리 7.84km)"
2018,경상남도,의령군,48720,263,의령군,7.84,13.51,-6.63,True,25.81,1561.6,1.15,1980.4,2814.3,0.41,-1.24,1.53,12.0,365,,이번 산출물에서 제외(사용자 요청) - 추후 국토지리정보원 자료로 보강 필요,ASOS 일자료 조회서비스 응답 항목에 토양수분 필드 자체가 없어 변수 제외,"최근접 관측소 매칭(중심점법:exact, 거리 7.84km)"
2019,경상남도,의령군,48720,263,의령군,7.84,14.04,-4.09,True,24.63,1272.8,1.2,1978.8,2818.3,-0.04,-0.93,1.55,12.0,365,,이번 산출물에서 제외(사용자 요청) - 추후 국토지리정보원 자료로 보강 필요,ASOS 일자료 조회서비스 응답 항목에 토양수분 필드 자체가 없어 변수 제외,"최근접 관측소 매칭(중심점법:exact, 거리 7.84km)"
2020,경상남도,의령군,48720,263,의령군,7.84,14.03,-1.91,True,25.0,1747.5,1.44,1918.0,2750.0,0.37,-1.66,1.94,12.0,366,,이번 산출물에서 제외(사용자 요청) - 추후 국토지리정보원 자료로 보강 필요,ASOS 일자료 조회서비스 응답 항목에 토양수분 필드 자체가 없어 변수 제외,"최근접 관측소 매칭(중심점법:exact, 거리 7.84km)"
2021,경상남도,의령군,48720,263,의령군,7.84,14.36,-4.57,True,25.46,1205.5,1.74,2084.0,2952.4,-0.31,-1.31,0.58,12.0,365,,이번 산출물에서 제외(사용자 요청) - 추후 국토지리정보원 자료로 보강 필요,ASOS 일자료 조회서비스 응답 항목에 토양수분 필드 자체가 없어 변수 제외,"최근접 관측소 매칭(중심점법:exact, 거리 7.84km)"
2022,경상남도,의령군,48720,263,의령군,7.84,13.99,-5.99,True,25.74,784.2,1.78,2085.4,2945.8,-1.29,-2.3,-0.74,12.0,365,,이번 산출물에서 제외(사용자 요청) - 추후 국토지리정보원 자료로 보강 필요,ASOS 일자료 조회서비스 응답 항목에 토양수분 필드 자체가 없어 변수 제외,"최근접 관측소 매칭(중심점법:exact, 거리 7.84km)"
2023,경상남도,의령군,48720,263,의령군,7.84,14.62,-5.55,True,25.97,1939.9,1.6,2149.2,3009.6,0.63,-1.15,1.64,12.0,365,,이번 산출물에서 제외(사용자 요청) - 추후 국토지리정보원 자료로 보강 필요,ASOS 일자료 조회서비스 응답 항목에 토양수분 필드 자체가 없어 변수 제외,"최근접 관측소 매칭(중심점법:exact, 거리 7.84km)"
2024,경상남도,의령군,48720,263,의령군,7.84,15.59,-2.1,True,26.96,1492.0,1.6,2451.0,3326.9,0.71,-0.8,1.76,12.0,366,,이번 산출물에서 제외(사용자 요청) - 추후 국토지리정보원 자료로 보강 필요,ASOS 일자료 조회서비스 응답 항목에 토양수분 필드 자체가 없어 변수 제외,"최근접 관측소 매칭(중심점법:exact, 거리 7.84km)"
2025,경상남도,의령군,48720,263,의령군,7.84,14.02,-5.1,True,25.37,1370.0,1.65,2103.6,2912.7,-0.18,-1.37,1.02,12.0,365,,이번 산출물에서 제외(사용자 요청) - 추후 국토지리정보원 자료로 보강 필요,ASOS 일자료 조회서비스 응답 항목에 토양수분 필드 자체가 없어 변수 제외,"최근접 관측소 매칭(중심점법:exact, 거리 7.84km)"
2016,경상남도,진주시,48170,192,진주,9.34,13.84,-3.51,True,24.77,1734.6,1.11,1973.9,2821.7,0.63,-1.29,1.79,11.0,366,,이번 산출물에서 제외(사용자 요청) - 추후 국토지리정보원 자료로 보강 필요,ASOS 일자료 조회서비스 응답 항목에 토양수분 필드 자체가 없어 변수 제외,"최근접 관측소 매칭(중심점법:exact, 거리 9.34km)"
2017,경상남도,진주시,48170,192,진주,9.34,13.59,-4.03,True,25.03,766.7,1.19,1970.4,2768.0,-1.07,-1.99,0.56,12.0,365,,이번 산출물에서 제외(사용자 요청) - 추후 국토지리정보원 자료로 보강 필요,ASOS 일자료 조회서비스 응답 항목에 토양수분 필드 자체가 없어 변수 제외,"최근접 관측소 매칭(중심점법:exact, 거리 9.34km)"
2018,경상남도,진주시,48170,192,진주,9.34,13.46,-6.07,True,25.19,1605.4,1.13,1883.3,2708.8,0.25,-1.24,1.17,12.0,365,,이번 산출물에서 제외(사용자 요청) - 추후 국토지리정보원 자료로 보강 필요,ASOS 일자료 조회서비스 응답 항목에 토양수분 필드 자체가 없어 변수 제외,"최근접 관측소 매칭(중심점법:exact, 거리 9.34km)"
2019,경상남도,진주시,48170,192,진주,9.34,14.0,-3.65,True,24.3,1481.6,0.97,1914.2,2750.7,-0.0,-0.93,1.14,12.0,365,,이번 산출물에서 제외(사용자 요청) - 추후 국토지리정보원 자료로 보강 필요,ASOS 일자료 조회서비스 응답 항목에 토양수분 필드 자체가 없어 변수 제외,"최근접 관측소 매칭(중심점법:exact, 거리 9.34km)"
2020,경상남도,진주시,48170,192,진주,9.34,13.73,-2.21,True,24.37,1812.7,0.94,1821.2,2633.5,0.19,-1.8,1.55,12.0,366,,이번 산출물에서 제외(사용자 요청) - 추후 국토지리정보원 자료로 보강 필요,ASOS 일자료 조회서비스 응답 항목에 토양수분 필드 자체가 없어 변수 제외,"최근접 관측소 매칭(중심점법:exact, 거리 9.34km)"
2021,경상남도,진주시,48170,192,진주,9.34,14.17,-4.09,True,24.8,1395.0,0.99,1964.1,2822.3,-0.29,-1.27,0.5,12.0,365,,이번 산출물에서 제외(사용자 요청) - 추후 국토지리정보원 자료로 보강 필요,ASOS 일자료 조회서비스 응답 항목에 토양수분 필드 자체가 없어 변수 제외,"최근접 관측소 매칭(중심점법:exact, 거리 9.34km)"
2022,경상남도,진주시,48170,192,진주,9.34,13.89,-5.07,True,25.19,966.2,0.96,1996.4,2849.3,-1.12,-2.3,-0.6,12.0,365,,이번 산출물에서 제외(사용자 요청) - 추후 국토지리정보원 자료로 보강 필요,ASOS 일자료 조회서비스 응답 항목에 토양수분 필드 자체가 없어 변수 제외,"최근접 관측소 매칭(중심점법:exact, 거리 9.34km)"
2023,경상남도,진주시,48170,192,진주,9.34,14.43,-4.73,True,25.2,2304.8,0.9,2069.0,2941.1,0.79,-0.71,1.79,12.0,365,,이번 산출물에서 제외(사용자 요청) - 추후 국토지리정보원 자료로 보강 필요,ASOS 일자료 조회서비스 응답 항목에 토양수분 필드 자체가 없어 변수 제외,"최근접 관측소 매칭(중심점법:exact, 거리 9.34km)"
2024,경상남도,진주시,48170,192,진주,9.34,15.07,-2.03,True,25.96,1856.6,0.85,2290.6,3160.1,0.91,-0.34,1.76,12.0,366,,이번 산출물에서 제외(사용자 요청) - 추후 국토지리정보원 자료로 보강 필요,ASOS 일자료 조회서비스 응답 항목에 토양수분 필드 자체가 없어 변수 제외,"최근접 관측소 매칭(중심점법:exact, 거리 9.34km)"
2025,경상남도,진주시,48170,192,진주,9.34,13.98,-5.04,True,25.47,1449.5,0.65,2100.0,2917.0,-0.23,-1.31,0.69,12.0,365,,이번 산출물에서 제외(사용자 요청) - 추후 국토지리정보원 자료로 보강 필요,ASOS 일자료 조회서비스 응답 항목에 토양수분 필드 자체가 없어 변수 제외,"최근접 관측소 매칭(중심점법:exact, 거리 9.34km)"
2016,경상남도,창녕군,48740,288,밀양,22.8,14.76,-2.57,True,25.95,1568.2,1.04,2212.6,3081.2,0.84,-0.9,2.01,11.0,366,,이번 산출물에서 제외(사용자 요청) - 추후 국토지리정보원 자료로 보강 필요,ASOS 일자료 조회서비스 응답 항목에 토양수분 필드 자체가 없어 변수 제외,"최근접 관측소 매칭(중심점법:exact, 거리 22.8km)"
2017,경상남도,창녕군,48740,288,밀양,22.8,14.27,-3.55,True,26.16,558.1,1.1,2191.0,3003.4,-1.13,-2.17,0.74,12.0,365,,이번 산출물에서 제외(사용자 요청) - 추후 국토지리정보원 자료로 보강 필요,ASOS 일자료 조회서비스 응답 항목에 토양수분 필드 자체가 없어 변수 제외,"최근접 관측소 매칭(중심점법:exact, 거리 22.8km)"
2018,경상남도,창녕군,48740,288,밀양,22.8,13.91,-6.09,True,26.21,1337.0,1.09,2078.6,2915.4,0.28,-1.59,1.16,12.0,365,,이번 산출물에서 제외(사용자 요청) - 추후 국토지리정보원 자료로 보강 필요,ASOS 일자료 조회서비스 응답 항목에 토양수분 필드 자체가 없어 변수 제외,"최근접 관측소 매칭(중심점법:exact, 거리 22.8km)"
2019,경상남도,창녕군,48740,288,밀양,22.8,14.36,-3.65,True,24.87,1181.1,1.04,2030.0,2872.2,-0.04,-0.74,1.09,12.0,365,,이번 산출물에서 제외(사용자 요청) - 추후 국토지리정보원 자료로 보강 필요,ASOS 일자료 조회서비스 응답 항목에 토양수분 필드 자체가 없어 변수 제외,"최근접 관측소 매칭(중심점법:exact, 거리 22.8km)"
2020,경상남도,창녕군,48740,288,밀양,22.8,14.13,-1.63,True,24.95,1398.8,1.06,1918.9,2762.5,0.23,-1.22,1.18,12.0,366,,이번 산출물에서 제외(사용자 요청) - 추후 국토지리정보원 자료로 보강 필요,ASOS 일자료 조회서비스 응답 항목에 토양수분 필드 자체가 없어 변수 제외,"최근접 관측소 매칭(중심점법:exact, 거리 22.8km)"
2021,경상남도,창녕군,48740,288,밀양,22.8,14.54,-4.04,True,25.4,1202.5,1.04,2123.4,2996.8,0.01,-0.94,0.92,12.0,365,,이번 산출물에서 제외(사용자 요청) - 추후 국토지리정보원 자료로 보강 필요,ASOS 일자료 조회서비스 응답 항목에 토양수분 필드 자체가 없어 변수 제외,"최근접 관측소 매칭(중심점법:exact, 거리 22.8km)"
2022,경상남도,창녕군,48740,288,밀양,22.8,14.61,-4.19,True,25.97,843.2,1.13,2195.0,3080.8,-1.02,-2.23,-0.24,12.0,365,,이번 산출물에서 제외(사용자 요청) - 추후 국토지리정보원 자료로 보강 필요,ASOS 일자료 조회서비스 응답 항목에 토양수분 필드 자체가 없어 변수 제외,"최근접 관측소 매칭(중심점법:exact, 거리 22.8km)"
2023,경상남도,창녕군,48740,288,밀양,22.8,15.03,-3.95,True,26.02,1874.0,0.98,2236.6,3138.4,0.7,-0.95,2.31,12.0,365,,이번 산출물에서 제외(사용자 요청) - 추후 국토지리정보원 자료로 보강 필요,ASOS 일자료 조회서비스 응답 항목에 토양수분 필드 자체가 없어 변수 제외,"최근접 관측소 매칭(중심점법:exact, 거리 22.8km)"
2024,경상남도,창녕군,48740,288,밀양,22.8,15.84,-1.05,True,26.93,1200.9,1.01,2508.2,3393.1,0.48,-0.91,1.75,12.0,366,,이번 산출물에서 제외(사용자 요청) - 추후 국토지리정보원 자료로 보강 필요,ASOS 일자료 조회서비스 응답 항목에 토양수분 필드 자체가 없어 변수 제외,"최근접 관측소 매칭(중심점법:exact, 거리 22.8km)"
2025,경상남도,창녕군,48740,288,밀양,22.8,15.14,-4.28,True,27.27,1314.0,1.3,2450.8,3295.0,-0.26,-1.55,1.18,12.0,365,,이번 산출물에서 제외(사용자 요청) - 추후 국토지리정보원 자료로 보강 필요,ASOS 일자료 조회서비스 응답 항목에 토양수분 필드 자체가 없어 변수 제외,"최근접 관측소 매칭(중심점법:exact, 거리 22.8km)"
2016,경상남도,창원시 마산합포구,48125,155,창원,4.37,14.92,-0.59,True,25.4,1893.0,1.6,2195.2,3085.0,0.63,-1.36,1.64,11.0,366,,이번 산출물에서 제외(사용자 요청) - 추후 국토지리정보원 자료로 보강 필요,ASOS 일자료 조회서비스 응답 항목에 토양수분 필드 자체가 없어 변수 제외,"최근접 관측소 매칭(중심점법:parent_city_polygon, 거리 4.37km)"
2017,경상남도,창원시 마산합포구,48125,155,창원,4.37,14.85,-0.41,True,25.55,879.3,1.65,2227.8,3087.7,-0.91,-2.13,1.19,12.0,365,,이번 산출물에서 제외(사용자 요청) - 추후 국토지리정보원 자료로 보강 필요,ASOS 일자료 조회서비스 응답 항목에 토양수분 필드 자체가 없어 변수 제외,"최근접 관측소 매칭(중심점법:parent_city_polygon, 거리 4.37km)"
2018,경상남도,창원시 마산합포구,48125,155,창원,4.37,14.27,-2.82,True,25.46,1507.3,1.65,2061.8,2939.2,0.04,-1.51,0.96,12.0,365,,이번 산출물에서 제외(사용자 요청) - 추후 국토지리정보원 자료로 보강 필요,ASOS 일자료 조회서비스 응답 항목에 토양수분 필드 자체가 없어 변수 제외,"최근접 관측소 매칭(중심점법:parent_city_polygon, 거리 4.37km)"
2019,경상남도,창원시 마산합포구,48125,155,창원,4.37,14.71,-0.85,True,24.08,1587.0,1.58,2020.3,2899.3,0.01,-0.98,1.27,12.0,365,,이번 산출물에서 제외(사용자 요청) - 추후 국토지리정보원 자료로 보강 필요,ASOS 일자료 조회서비스 응답 항목에 토양수분 필드 자체가 없어 변수 제외,"최근접 관측소 매칭(중심점법:parent_city_polygon, 거리 4.37km)"
2020,경상남도,창원시 마산합포구,48125,155,창원,4.37,14.41,0.95,True,24.24,1672.8,1.6,1926.4,2799.3,0.11,-1.51,1.25,12.0,366,,이번 산출물에서 제외(사용자 요청) - 추후 국토지리정보원 자료로 보강 필요,ASOS 일자료 조회서비스 응답 항목에 토양수분 필드 자체가 없어 변수 제외,"최근접 관측소 매칭(중심점법:parent_city_polygon, 거리 4.37km)"
2021,경상남도,창원시 마산합포구,48125,155,창원,4.37,14.93,-1.35,True,24.89,1710.6,1.43,2105.5,3026.6,0.12,-1.23,1.38,12.0,365,,이번 산출물에서 제외(사용자 요청) - 추후 국토지리정보원 자료로 보강 필요,ASOS 일자료 조회서비스 응답 항목에 토양수분 필드 자체가 없어 변수 제외,"최근접 관측소 매칭(중심점법:parent_city_polygon, 거리 4.37km)"
2022,경상남도,창원시 마산합포구,48125,155,창원,4.37,14.71,-1.66,True,25.1,1049.9,1.5,2151.7,3066.1,-0.97,-2.29,-0.14,12.0,365,,이번 산출물에서 제외(사용자 요청) - 추후 국토지리정보원 자료로 보강 필요,ASOS 일자료 조회서비스 응답 항목에 토양수분 필드 자체가 없어 변수 제외,"최근접 관측소 매칭(중심점법:parent_city_polygon, 거리 4.37km)"
2023,경상남도,창원시 마산합포구,48125,155,창원,4.37,15.22,-1.58,True,25.37,2161.1,1.4,2203.4,3125.8,0.67,-0.61,1.81,12.0,365,,이번 산출물에서 제외(사용자 요청) - 추후 국토지리정보원 자료로 보강 필요,ASOS 일자료 조회서비스 응답 항목에 토양수분 필드 자체가 없어 변수 제외,"최근접 관측소 매칭(중심점법:parent_city_polygon, 거리 4.37km)"
2024,경상남도,창원시 마산합포구,48125,155,창원,4.37,16.23,0.63,True,26.36,2016.8,1.7,2519.9,3434.2,0.95,-0.63,1.76,12.0,366,,이번 산출물에서 제외(사용자 요청) - 추후 국토지리정보원 자료로 보강 필요,ASOS 일자료 조회서비스 응답 항목에 토양수분 필드 자체가 없어 변수 제외,"최근접 관측소 매칭(중심점법:parent_city_polygon, 거리 4.37km)"
2025,경상남도,창원시 마산합포구,48125,155,창원,4.37,15.61,-0.86,True,26.34,1181.9,1.76,2383.6,3285.2,-0.6,-1.54,0.17,12.0,365,,이번 산출물에서 제외(사용자 요청) - 추후 국토지리정보원 자료로 보강 필요,ASOS 일자료 조회서비스 응답 항목에 토양수분 필드 자체가 없어 변수 제외,"최근접 관측소 매칭(중심점법:parent_city_polygon, 거리 4.37km)"
2016,경상남도,창원시 마산회원구,48127,155,창원,4.37,14.92,-0.59,True,25.4,1893.0,1.6,2195.2,3085.0,0.63,-1.36,1.64,11.0,366,,이번 산출물에서 제외(사용자 요청) - 추후 국토지리정보원 자료로 보강 필요,ASOS 일자료 조회서비스 응답 항목에 토양수분 필드 자체가 없어 변수 제외,"최근접 관측소 매칭(중심점법:parent_city_polygon, 거리 4.37km)"
2017,경상남도,창원시 마산회원구,48127,155,창원,4.37,14.85,-0.41,True,25.55,879.3,1.65,2227.8,3087.7,-0.91,-2.13,1.19,12.0,365,,이번 산출물에서 제외(사용자 요청) - 추후 국토지리정보원 자료로 보강 필요,ASOS 일자료 조회서비스 응답 항목에 토양수분 필드 자체가 없어 변수 제외,"최근접 관측소 매칭(중심점법:parent_city_polygon, 거리 4.37km)"
2018,경상남도,창원시 마산회원구,48127,155,창원,4.37,14.27,-2.82,True,25.46,1507.3,1.65,2061.8,2939.2,0.04,-1.51,0.96,12.0,365,,이번 산출물에서 제외(사용자 요청) - 추후 국토지리정보원 자료로 보강 필요,ASOS 일자료 조회서비스 응답 항목에 토양수분 필드 자체가 없어 변수 제외,"최근접 관측소 매칭(중심점법:parent_city_polygon, 거리 4.37km)"
2019,경상남도,창원시 마산회원구,48127,155,창원,4.37,14.71,-0.85,True,24.08,1587.0,1.58,2020.3,2899.3,0.01,-0.98,1.27,12.0,365,,이번 산출물에서 제외(사용자 요청) - 추후 국토지리정보원 자료로 보강 필요,ASOS 일자료 조회서비스 응답 항목에 토양수분 필드 자체가 없어 변수 제외,"최근접 관측소 매칭(중심점법:parent_city_polygon, 거리 4.37km)"
2020,경상남도,창원시 마산회원구,48127,155,창원,4.37,14.41,0.95,True,24.24,1672.8,1.6,1926.4,2799.3,0.11,-1.51,1.25,12.0,366,,이번 산출물에서 제외(사용자 요청) - 추후 국토지리정보원 자료로 보강 필요,ASOS 일자료 조회서비스 응답 항목에 토양수분 필드 자체가 없어 변수 제외,"최근접 관측소 매칭(중심점법:parent_city_polygon, 거리 4.37km)"
2021,경상남도,창원시 마산회원구,48127,155,창원,4.37,14.93,-1.35,True,24.89,1710.6,1.43,2105.5,3026.6,0.12,-1.23,1.38,12.0,365,,이번 산출물에서 제외(사용자 요청) - 추후 국토지리정보원 자료로 보강 필요,ASOS 일자료 조회서비스 응답 항목에 토양수분 필드 자체가 없어 변수 제외,"최근접 관측소 매칭(중심점법:parent_city_polygon, 거리 4.37km)"
2022,경상남도,창원시 마산회원구,48127,155,창원,4.37,14.71,-1.66,True,25.1,1049.9,1.5,2151.7,3066.1,-0.97,-2.29,-0.14,12.0,365,,이번 산출물에서 제외(사용자 요청) - 추후 국토지리정보원 자료로 보강 필요,ASOS 일자료 조회서비스 응답 항목에 토양수분 필드 자체가 없어 변수 제외,"최근접 관측소 매칭(중심점법:parent_city_polygon, 거리 4.37km)"
2023,경상남도,창원시 마산회원구,48127,155,창원,4.37,15.22,-1.58,True,25.37,2161.1,1.4,2203.4,3125.8,0.67,-0.61,1.81,12.0,365,,이번 산출물에서 제외(사용자 요청) - 추후 국토지리정보원 자료로 보강 필요,ASOS 일자료 조회서비스 응답 항목에 토양수분 필드 자체가 없어 변수 제외,"최근접 관측소 매칭(중심점법:parent_city_polygon, 거리 4.37km)"
2024,경상남도,창원시 마산회원구,48127,155,창원,4.37,16.23,0.63,True,26.36,2016.8,1.7,2519.9,3434.2,0.95,-0.63,1.76,12.0,366,,이번 산출물에서 제외(사용자 요청) - 추후 국토지리정보원 자료로 보강 필요,ASOS 일자료 조회서비스 응답 항목에 토양수분 필드 자체가 없어 변수 제외,"최근접 관측소 매칭(중심점법:parent_city_polygon, 거리 4.37km)"
2025,경상남도,창원시 마산회원구,48127,155,창원,4.37,15.61,-0.86,True,26.34,1181.9,1.76,2383.6,3285.2,-0.6,-1.54,0.17,12.0,365,,이번 산출물에서 제외(사용자 요청) - 추후 국토지리정보원 자료로 보강 필요,ASOS 일자료 조회서비스 응답 항목에 토양수분 필드 자체가 없어 변수 제외,"최근접 관측소 매칭(중심점법:parent_city_polygon, 거리 4.37km)"
2016,경상남도,창원시 성산구,48123,155,창원,4.37,14.92,-0.59,True,25.4,1893.0,1.6,2195.2,3085.0,0.63,-1.36,1.64,11.0,366,,이번 산출물에서 제외(사용자 요청) - 추후 국토지리정보원 자료로 보강 필요,ASOS 일자료 조회서비스 응답 항목에 토양수분 필드 자체가 없어 변수 제외,"최근접 관측소 매칭(중심점법:parent_city_polygon, 거리 4.37km)"
2017,경상남도,창원시 성산구,48123,155,창원,4.37,14.85,-0.41,True,25.55,879.3,1.65,2227.8,3087.7,-0.91,-2.13,1.19,12.0,365,,이번 산출물에서 제외(사용자 요청) - 추후 국토지리정보원 자료로 보강 필요,ASOS 일자료 조회서비스 응답 항목에 토양수분 필드 자체가 없어 변수 제외,"최근접 관측소 매칭(중심점법:parent_city_polygon, 거리 4.37km)"
2018,경상남도,창원시 성산구,48123,155,창원,4.37,14.27,-2.82,True,25.46,1507.3,1.65,2061.8,2939.2,0.04,-1.51,0.96,12.0,365,,이번 산출물에서 제외(사용자 요청) - 추후 국토지리정보원 자료로 보강 필요,ASOS 일자료 조회서비스 응답 항목에 토양수분 필드 자체가 없어 변수 제외,"최근접 관측소 매칭(중심점법:parent_city_polygon, 거리 4.37km)"
2019,경상남도,창원시 성산구,48123,155,창원,4.37,14.71,-0.85,True,24.08,1587.0,1.58,2020.3,2899.3,0.01,-0.98,1.27,12.0,365,,이번 산출물에서 제외(사용자 요청) - 추후 국토지리정보원 자료로 보강 필요,ASOS 일자료 조회서비스 응답 항목에 토양수분 필드 자체가 없어 변수 제외,"최근접 관측소 매칭(중심점법:parent_city_polygon, 거리 4.37km)"
2020,경상남도,창원시 성산구,48123,155,창원,4.37,14.41,0.95,True,24.24,1672.8,1.6,1926.4,2799.3,0.11,-1.51,1.25,12.0,366,,이번 산출물에서 제외(사용자 요청) - 추후 국토지리정보원 자료로 보강 필요,ASOS 일자료 조회서비스 응답 항목에 토양수분 필드 자체가 없어 변수 제외,"최근접 관측소 매칭(중심점법:parent_city_polygon, 거리 4.37km)"
2021,경상남도,창원시 성산구,48123,155,창원,4.37,14.93,-1.35,True,24.89,1710.6,1.43,2105.5,3026.6,0.12,-1.23,1.38,12.0,365,,이번 산출물에서 제외(사용자 요청) - 추후 국토지리정보원 자료로 보강 필요,ASOS 일자료 조회서비스 응답 항목에 토양수분 필드 자체가 없어 변수 제외,"최근접 관측소 매칭(중심점법:parent_city_polygon, 거리 4.37km)"
2022,경상남도,창원시 성산구,48123,155,창원,4.37,14.71,-1.66,True,25.1,1049.9,1.5,2151.7,3066.1,-0.97,-2.29,-0.14,12.0,365,,이번 산출물에서 제외(사용자 요청) - 추후 국토지리정보원 자료로 보강 필요,ASOS 일자료 조회서비스 응답 항목에 토양수분 필드 자체가 없어 변수 제외,"최근접 관측소 매칭(중심점법:parent_city_polygon, 거리 4.37km)"
2023,경상남도,창원시 성산구,48123,155,창원,4.37,15.22,-1.58,True,25.37,2161.1,1.4,2203.4,3125.8,0.67,-0.61,1.81,12.0,365,,이번 산출물에서 제외(사용자 요청) - 추후 국토지리정보원 자료로 보강 필요,ASOS 일자료 조회서비스 응답 항목에 토양수분 필드 자체가 없어 변수 제외,"최근접 관측소 매칭(중심점법:parent_city_polygon, 거리 4.37km)"
2024,경상남도,창원시 성산구,48123,155,창원,4.37,16.23,0.63,True,26.36,2016.8,1.7,2519.9,3434.2,0.95,-0.63,1.76,12.0,366,,이번 산출물에서 제외(사용자 요청) - 추후 국토지리정보원 자료로 보강 필요,ASOS 일자료 조회서비스 응답 항목에 토양수분 필드 자체가 없어 변수 제외,"최근접 관측소 매칭(중심점법:parent_city_polygon, 거리 4.37km)"
2025,경상남도,창원시 성산구,48123,155,창원,4.37,15.61,-0.86,True,26.34,1181.9,1.76,2383.6,3285.2,-0.6,-1.54,0.17,12.0,365,,이번 산출물에서 제외(사용자 요청) - 추후 국토지리정보원 자료로 보강 필요,ASOS 일자료 조회서비스 응답 항목에 토양수분 필드 자체가 없어 변수 제외,"최근접 관측소 매칭(중심점법:parent_city_polygon, 거리 4.37km)"
2016,경상남도,창원시 의창구,48121,155,창원,4.37,14.92,-0.59,True,25.4,1893.0,1.6,2195.2,3085.0,0.63,-1.36,1.64,11.0,366,,이번 산출물에서 제외(사용자 요청) - 추후 국토지리정보원 자료로 보강 필요,ASOS 일자료 조회서비스 응답 항목에 토양수분 필드 자체가 없어 변수 제외,"최근접 관측소 매칭(중심점법:parent_city_polygon, 거리 4.37km)"
2017,경상남도,창원시 의창구,48121,155,창원,4.37,14.85,-0.41,True,25.55,879.3,1.65,2227.8,3087.7,-0.91,-2.13,1.19,12.0,365,,이번 산출물에서 제외(사용자 요청) - 추후 국토지리정보원 자료로 보강 필요,ASOS 일자료 조회서비스 응답 항목에 토양수분 필드 자체가 없어 변수 제외,"최근접 관측소 매칭(중심점법:parent_city_polygon, 거리 4.37km)"
2018,경상남도,창원시 의창구,48121,155,창원,4.37,14.27,-2.82,True,25.46,1507.3,1.65,2061.8,2939.2,0.04,-1.51,0.96,12.0,365,,이번 산출물에서 제외(사용자 요청) - 추후 국토지리정보원 자료로 보강 필요,ASOS 일자료 조회서비스 응답 항목에 토양수분 필드 자체가 없어 변수 제외,"최근접 관측소 매칭(중심점법:parent_city_polygon, 거리 4.37km)"
2019,경상남도,창원시 의창구,48121,155,창원,4.37,14.71,-0.85,True,24.08,1587.0,1.58,2020.3,2899.3,0.01,-0.98,1.27,12.0,365,,이번 산출물에서 제외(사용자 요청) - 추후 국토지리정보원 자료로 보강 필요,ASOS 일자료 조회서비스 응답 항목에 토양수분 필드 자체가 없어 변수 제외,"최근접 관측소 매칭(중심점법:parent_city_polygon, 거리 4.37km)"
2020,경상남도,창원시 의창구,48121,155,창원,4.37,14.41,0.95,True,24.24,1672.8,1.6,1926.4,2799.3,0.11,-1.51,1.25,12.0,366,,이번 산출물에서 제외(사용자 요청) - 추후 국토지리정보원 자료로 보강 필요,ASOS 일자료 조회서비스 응답 항목에 토양수분 필드 자체가 없어 변수 제외,"최근접 관측소 매칭(중심점법:parent_city_polygon, 거리 4.37km)"
2021,경상남도,창원시 의창구,48121,155,창원,4.37,14.93,-1.35,True,24.89,1710.6,1.43,2105.5,3026.6,0.12,-1.23,1.38,12.0,365,,이번 산출물에서 제외(사용자 요청) - 추후 국토지리정보원 자료로 보강 필요,ASOS 일자료 조회서비스 응답 항목에 토양수분 필드 자체가 없어 변수 제외,"최근접 관측소 매칭(중심점법:parent_city_polygon, 거리 4.37km)"
2022,경상남도,창원시 의창구,48121,155,창원,4.37,14.71,-1.66,True,25.1,1049.9,1.5,2151.7,3066.1,-0.97,-2.29,-0.14,12.0,365,,이번 산출물에서 제외(사용자 요청) - 추후 국토지리정보원 자료로 보강 필요,ASOS 일자료 조회서비스 응답 항목에 토양수분 필드 자체가 없어 변수 제외,"최근접 관측소 매칭(중심점법:parent_city_polygon, 거리 4.37km)"
2023,경상남도,창원시 의창구,48121,155,창원,4.37,15.22,-1.58,True,25.37,2161.1,1.4,2203.4,3125.8,0.67,-0.61,1.81,12.0,365,,이번 산출물에서 제외(사용자 요청) - 추후 국토지리정보원 자료로 보강 필요,ASOS 일자료 조회서비스 응답 항목에 토양수분 필드 자체가 없어 변수 제외,"최근접 관측소 매칭(중심점법:parent_city_polygon, 거리 4.37km)"
2024,경상남도,창원시 의창구,48121,155,창원,4.37,16.23,0.63,True,26.36,2016.8,1.7,2519.9,3434.2,0.95,-0.63,1.76,12.0,366,,이번 산출물에서 제외(사용자 요청) - 추후 국토지리정보원 자료로 보강 필요,ASOS 일자료 조회서비스 응답 항목에 토양수분 필드 자체가 없어 변수 제외,"최근접 관측소 매칭(중심점법:parent_city_polygon, 거리 4.37km)"
2025,경상남도,창원시 의창구,48121,155,창원,4.37,15.61,-0.86,True,26.34,1181.9,1.76,2383.6,3285.2,-0.6,-1.54,0.17,12.0,365,,이번 산출물에서 제외(사용자 요청) - 추후 국토지리정보원 자료로 보강 필요,ASOS 일자료 조회서비스 응답 항목에 토양수분 필드 자체가 없어 변수 제외,"최근접 관측소 매칭(중심점법:parent_city_polygon, 거리 4.37km)"
2016,경상남도,창원시 진해구,48129,155,창원,4.37,14.92,-0.59,True,25.4,1893.0,1.6,2195.2,3085.0,0.63,-1.36,1.64,11.0,366,,이번 산출물에서 제외(사용자 요청) - 추후 국토지리정보원 자료로 보강 필요,ASOS 일자료 조회서비스 응답 항목에 토양수분 필드 자체가 없어 변수 제외,"최근접 관측소 매칭(중심점법:parent_city_polygon, 거리 4.37km)"
2017,경상남도,창원시 진해구,48129,155,창원,4.37,14.85,-0.41,True,25.55,879.3,1.65,2227.8,3087.7,-0.91,-2.13,1.19,12.0,365,,이번 산출물에서 제외(사용자 요청) - 추후 국토지리정보원 자료로 보강 필요,ASOS 일자료 조회서비스 응답 항목에 토양수분 필드 자체가 없어 변수 제외,"최근접 관측소 매칭(중심점법:parent_city_polygon, 거리 4.37km)"
2018,경상남도,창원시 진해구,48129,155,창원,4.37,14.27,-2.82,True,25.46,1507.3,1.65,2061.8,2939.2,0.04,-1.51,0.96,12.0,365,,이번 산출물에서 제외(사용자 요청) - 추후 국토지리정보원 자료로 보강 필요,ASOS 일자료 조회서비스 응답 항목에 토양수분 필드 자체가 없어 변수 제외,"최근접 관측소 매칭(중심점법:parent_city_polygon, 거리 4.37km)"
2019,경상남도,창원시 진해구,48129,155,창원,4.37,14.71,-0.85,True,24.08,1587.0,1.58,2020.3,2899.3,0.01,-0.98,1.27,12.0,365,,이번 산출물에서 제외(사용자 요청) - 추후 국토지리정보원 자료로 보강 필요,ASOS 일자료 조회서비스 응답 항목에 토양수분 필드 자체가 없어 변수 제외,"최근접 관측소 매칭(중심점법:parent_city_polygon, 거리 4.37km)"
2020,경상남도,창원시 진해구,48129,155,창원,4.37,14.41,0.95,True,24.24,1672.8,1.6,1926.4,2799.3,0.11,-1.51,1.25,12.0,366,,이번 산출물에서 제외(사용자 요청) - 추후 국토지리정보원 자료로 보강 필요,ASOS 일자료 조회서비스 응답 항목에 토양수분 필드 자체가 없어 변수 제외,"최근접 관측소 매칭(중심점법:parent_city_polygon, 거리 4.37km)"
2021,경상남도,창원시 진해구,48129,155,창원,4.37,14.93,-1.35,True,24.89,1710.6,1.43,2105.5,3026.6,0.12,-1.23,1.38,12.0,365,,이번 산출물에서 제외(사용자 요청) - 추후 국토지리정보원 자료로 보강 필요,ASOS 일자료 조회서비스 응답 항목에 토양수분 필드 자체가 없어 변수 제외,"최근접 관측소 매칭(중심점법:parent_city_polygon, 거리 4.37km)"
2022,경상남도,창원시 진해구,48129,155,창원,4.37,14.71,-1.66,True,25.1,1049.9,1.5,2151.7,3066.1,-0.97,-2.29,-0.14,12.0,365,,이번 산출물에서 제외(사용자 요청) - 추후 국토지리정보원 자료로 보강 필요,ASOS 일자료 조회서비스 응답 항목에 토양수분 필드 자체가 없어 변수 제외,"최근접 관측소 매칭(중심점법:parent_city_polygon, 거리 4.37km)"
2023,경상남도,창원시 진해구,48129,155,창원,4.37,15.22,-1.58,True,25.37,2161.1,1.4,2203.4,3125.8,0.67,-0.61,1.81,12.0,365,,이번 산출물에서 제외(사용자 요청) - 추후 국토지리정보원 자료로 보강 필요,ASOS 일자료 조회서비스 응답 항목에 토양수분 필드 자체가 없어 변수 제외,"최근접 관측소 매칭(중심점법:parent_city_polygon, 거리 4.37km)"
2024,경상남도,창원시 진해구,48129,155,창원,4.37,16.23,0.63,True,26.36,2016.8,1.7,2519.9,3434.2,0.95,-0.63,1.76,12.0,366,,이번 산출물에서 제외(사용자 요청) - 추후 국토지리정보원 자료로 보강 필요,ASOS 일자료 조회서비스 응답 항목에 토양수분 필드 자체가 없어 변수 제외,"최근접 관측소 매칭(중심점법:parent_city_polygon, 거리 4.37km)"
2025,경상남도,창원시 진해구,48129,155,창원,4.37,15.61,-0.86,True,26.34,1181.9,1.76,2383.6,3285.2,-0.6,-1.54,0.17,12.0,365,,이번 산출물에서 제외(사용자 요청) - 추후 국토지리정보원 자료로 보강 필요,ASOS 일자료 조회서비스 응답 항목에 토양수분 필드 자체가 없어 변수 제외,"최근접 관측소 매칭(중심점법:parent_city_polygon, 거리 4.37km)"
2016,경상남도,통영시,48220,162,통영,5.87,15.36,1.27,True,24.8,1993.7,2.39,2163.4,3088.9,0.64,-1.3,1.58,11.0,366,,이번 산출물에서 제외(사용자 요청) - 추후 국토지리정보원 자료로 보강 필요,ASOS 일자료 조회서비스 응답 항목에 토양수분 필드 자체가 없어 변수 제외,"최근접 관측소 매칭(중심점법:exact, 거리 5.87km)"
2017,경상남도,통영시,48220,162,통영,5.87,14.96,0.78,True,24.64,1249.4,2.42,2099.3,2973.7,-0.48,-1.99,1.34,12.0,365,,이번 산출물에서 제외(사용자 요청) - 추후 국토지리정보원 자료로 보강 필요,ASOS 일자료 조회서비스 응답 항목에 토양수분 필드 자체가 없어 변수 제외,"최근접 관측소 매칭(중심점법:exact, 거리 5.87km)"
2018,경상남도,통영시,48220,162,통영,5.87,14.81,-1.26,True,25.2,2118.7,2.41,2075.9,2992.6,0.61,-1.78,1.82,12.0,365,,이번 산출물에서 제외(사용자 요청) - 추후 국토지리정보원 자료로 보강 필요,ASOS 일자료 조회서비스 응답 항목에 토양수분 필드 자체가 없어 변수 제외,"최근접 관측소 매칭(중심점법:exact, 거리 5.87km)"
2019,경상남도,통영시,48220,162,통영,5.87,15.34,0.89,True,24.01,1684.6,2.31,2063.6,2982.8,-0.0,-0.91,0.95,12.0,365,,이번 산출물에서 제외(사용자 요청) - 추후 국토지리정보원 자료로 보강 필요,ASOS 일자료 조회서비스 응답 항목에 토양수분 필드 자체가 없어 변수 제외,"최근접 관측소 매칭(중심점법:exact, 거리 5.87km)"
2020,경상남도,통영시,48220,162,통영,5.87,14.97,2.46,True,23.86,2137.7,2.46,1949.0,2868.4,0.44,-1.05,1.52,12.0,366,,이번 산출물에서 제외(사용자 요청) - 추후 국토지리정보원 자료로 보강 필요,ASOS 일자료 조회서비스 응답 항목에 토양수분 필드 자체가 없어 변수 제외,"최근접 관측소 매칭(중심점법:exact, 거리 5.87km)"
2021,경상남도,통영시,48220,162,통영,5.87,15.65,0.41,True,25.05,1800.1,2.43,2184.0,3165.8,0.03,-1.25,1.04,12.0,365,,이번 산출물에서 제외(사용자 요청) - 추후 국토지리정보원 자료로 보강 필요,ASOS 일자료 조회서비스 응답 항목에 토양수분 필드 자체가 없어 변수 제외,"최근접 관측소 매칭(중심점법:exact, 거리 5.87km)"
2022,경상남도,통영시,48220,162,통영,5.87,15.11,-0.1,True,24.75,987.8,2.42,2161.6,3095.6,-1.26,-2.43,0.23,12.0,365,,이번 산출물에서 제외(사용자 요청) - 추후 국토지리정보원 자료로 보강 필요,ASOS 일자료 조회서비스 응답 항목에 토양수분 필드 자체가 없어 변수 제외,"최근접 관측소 매칭(중심점법:exact, 거리 5.87km)"
2023,경상남도,통영시,48220,162,통영,5.87,15.59,0.05,True,24.77,2134.3,2.51,2179.6,3127.2,0.34,-0.94,1.49,12.0,363,,이번 산출물에서 제외(사용자 요청) - 추후 국토지리정보원 자료로 보강 필요,ASOS 일자료 조회서비스 응답 항목에 토양수분 필드 자체가 없어 변수 제외,"최근접 관측소 매칭(중심점법:exact, 거리 5.87km)"
2024,경상남도,통영시,48220,162,통영,5.87,16.16,1.91,True,25.29,1936.5,2.53,2375.5,3301.0,0.57,-0.45,1.25,12.0,366,,이번 산출물에서 제외(사용자 요청) - 추후 국토지리정보원 자료로 보강 필요,ASOS 일자료 조회서비스 응답 항목에 토양수분 필드 자체가 없어 변수 제외,"최근접 관측소 매칭(중심점법:exact, 거리 5.87km)"
2025,경상남도,통영시,48220,162,통영,5.87,15.36,-0.54,True,25.34,1152.0,2.49,2252.3,3157.8,-0.81,-1.71,0.12,12.0,365,,이번 산출물에서 제외(사용자 요청) - 추후 국토지리정보원 자료로 보강 필요,ASOS 일자료 조회서비스 응답 항목에 토양수분 필드 자체가 없어 변수 제외,"최근접 관측소 매칭(중심점법:exact, 거리 5.87km)"
2016,경상남도,하동군,48850,266,광양시,23.02,15.38,0.48,True,25.59,1607.4,1.91,2254.5,3174.0,0.34,-1.44,1.69,11.0,366,,이번 산출물에서 제외(사용자 요청) - 추후 국토지리정보원 자료로 보강 필요,ASOS 일자료 조회서비스 응답 항목에 토양수분 필드 자체가 없어 변수 제외,"최근접 관측소 매칭(중심점법:exact, 거리 23.02km)"
2017,경상남도,하동군,48850,266,광양시,23.02,14.85,0.08,True,25.43,824.4,1.91,2207.3,3076.6,-0.91,-1.99,1.35,12.0,365,,이번 산출물에서 제외(사용자 요청) - 추후 국토지리정보원 자료로 보강 필요,ASOS 일자료 조회서비스 응답 항목에 토양수분 필드 자체가 없어 변수 제외,"최근접 관측소 매칭(중심점법:exact, 거리 23.02km)"
2018,경상남도,하동군,48850,266,광양시,23.02,14.71,-2.35,True,26.11,1695.0,1.85,2158.7,3060.4,0.37,-1.32,1.82,12.0,365,,이번 산출물에서 제외(사용자 요청) - 추후 국토지리정보원 자료로 보강 필요,ASOS 일자료 조회서비스 응답 항목에 토양수분 필드 자체가 없어 변수 제외,"최근접 관측소 매칭(중심점법:exact, 거리 23.02km)"
2019,경상남도,하동군,48850,266,광양시,23.02,15.43,0.19,True,24.57,1566.1,1.75,2156.3,3065.5,0.11,-0.81,1.48,12.0,365,,이번 산출물에서 제외(사용자 요청) - 추후 국토지리정보원 자료로 보강 필요,ASOS 일자료 조회서비스 응답 항목에 토양수분 필드 자체가 없어 변수 제외,"최근접 관측소 매칭(중심점법:exact, 거리 23.02km)"
2020,경상남도,하동군,48850,266,광양시,23.02,15.06,1.86,True,24.54,1821.0,1.74,2027.0,2937.5,0.09,-1.91,1.33,12.0,366,,이번 산출물에서 제외(사용자 요청) - 추후 국토지리정보원 자료로 보강 필요,ASOS 일자료 조회서비스 응답 항목에 토양수분 필드 자체가 없어 변수 제외,"최근접 관측소 매칭(중심점법:exact, 거리 23.02km)"
2021,경상남도,하동군,48850,266,광양시,23.02,15.54,-0.24,True,25.3,1423.0,1.67,2205.0,3175.6,-0.28,-1.22,0.62,12.0,365,,이번 산출물에서 제외(사용자 요청) - 추후 국토지리정보원 자료로 보강 필요,ASOS 일자료 조회서비스 응답 항목에 토양수분 필드 자체가 없어 변수 제외,"최근접 관측소 매칭(중심점법:exact, 거리 23.02km)"
2022,경상남도,하동군,48850,266,광양시,23.02,15.24,-0.69,True,25.49,1054.7,1.98,2270.6,3201.4,-0.99,-2.38,-0.19,12.0,365,,이번 산출물에서 제외(사용자 요청) - 추후 국토지리정보원 자료로 보강 필요,ASOS 일자료 조회서비스 응답 항목에 토양수분 필드 자체가 없어 변수 제외,"최근접 관측소 매칭(중심점법:exact, 거리 23.02km)"
2023,경상남도,하동군,48850,266,광양시,23.02,15.6,-1.13,True,25.55,2274.6,1.76,2277.6,3220.2,0.68,-0.95,2.0,12.0,365,,이번 산출물에서 제외(사용자 요청) - 추후 국토지리정보원 자료로 보강 필요,ASOS 일자료 조회서비스 응답 항목에 토양수분 필드 자체가 없어 변수 제외,"최근접 관측소 매칭(중심점법:exact, 거리 23.02km)"
2024,경상남도,하동군,48850,266,광양시,23.02,16.21,1.08,True,26.32,2027.8,1.84,2496.5,3418.5,0.91,-0.45,1.82,12.0,366,,이번 산출물에서 제외(사용자 요청) - 추후 국토지리정보원 자료로 보강 필요,ASOS 일자료 조회서비스 응답 항목에 토양수분 필드 자체가 없어 변수 제외,"최근접 관측소 매칭(중심점법:exact, 거리 23.02km)"
2025,경상남도,하동군,48850,266,광양시,23.02,15.49,-1.4,True,26.47,1412.3,1.8,2385.5,3276.6,-0.28,-1.6,0.19,12.0,365,,이번 산출물에서 제외(사용자 요청) - 추후 국토지리정보원 자료로 보강 필요,ASOS 일자료 조회서비스 응답 항목에 토양수분 필드 자체가 없어 변수 제외,"최근접 관측소 매칭(중심점법:exact, 거리 23.02km)"
2016,경상남도,함안군,48730,263,의령군,13.41,13.33,-3.81,True,24.2,1474.0,1.12,1849.7,2696.5,0.49,-1.56,1.65,11.0,366,,이번 산출물에서 제외(사용자 요청) - 추후 국토지리정보원 자료로 보강 필요,ASOS 일자료 조회서비스 응답 항목에 토양수분 필드 자체가 없어 변수 제외,"최근접 관측소 매칭(중심점법:exact, 거리 13.41km)"
2017,경상남도,함안군,48730,263,의령군,13.41,13.69,-4.42,True,25.35,876.8,1.25,2055.9,2860.3,-0.73,-1.32,0.47,12.0,365,,이번 산출물에서 제외(사용자 요청) - 추후 국토지리정보원 자료로 보강 필요,ASOS 일자료 조회서비스 응답 항목에 토양수분 필드 자체가 없어 변수 제외,"최근접 관측소 매칭(중심점법:exact, 거리 13.41km)"
2018,경상남도,함안군,48730,263,의령군,13.41,13.51,-6.63,True,25.81,1561.6,1.15,1980.4,2814.3,0.41,-1.24,1.53,12.0,365,,이번 산출물에서 제외(사용자 요청) - 추후 국토지리정보원 자료로 보강 필요,ASOS 일자료 조회서비스 응답 항목에 토양수분 필드 자체가 없어 변수 제외,"최근접 관측소 매칭(중심점법:exact, 거리 13.41km)"
2019,경상남도,함안군,48730,263,의령군,13.41,14.04,-4.09,True,24.63,1272.8,1.2,1978.8,2818.3,-0.04,-0.93,1.55,12.0,365,,이번 산출물에서 제외(사용자 요청) - 추후 국토지리정보원 자료로 보강 필요,ASOS 일자료 조회서비스 응답 항목에 토양수분 필드 자체가 없어 변수 제외,"최근접 관측소 매칭(중심점법:exact, 거리 13.41km)"
2020,경상남도,함안군,48730,263,의령군,13.41,14.03,-1.91,True,25.0,1747.5,1.44,1918.0,2750.0,0.37,-1.66,1.94,12.0,366,,이번 산출물에서 제외(사용자 요청) - 추후 국토지리정보원 자료로 보강 필요,ASOS 일자료 조회서비스 응답 항목에 토양수분 필드 자체가 없어 변수 제외,"최근접 관측소 매칭(중심점법:exact, 거리 13.41km)"
2021,경상남도,함안군,48730,263,의령군,13.41,14.36,-4.57,True,25.46,1205.5,1.74,2084.0,2952.4,-0.31,-1.31,0.58,12.0,365,,이번 산출물에서 제외(사용자 요청) - 추후 국토지리정보원 자료로 보강 필요,ASOS 일자료 조회서비스 응답 항목에 토양수분 필드 자체가 없어 변수 제외,"최근접 관측소 매칭(중심점법:exact, 거리 13.41km)"
2022,경상남도,함안군,48730,263,의령군,13.41,13.99,-5.99,True,25.74,784.2,1.78,2085.4,2945.8,-1.29,-2.3,-0.74,12.0,365,,이번 산출물에서 제외(사용자 요청) - 추후 국토지리정보원 자료로 보강 필요,ASOS 일자료 조회서비스 응답 항목에 토양수분 필드 자체가 없어 변수 제외,"최근접 관측소 매칭(중심점법:exact, 거리 13.41km)"
2023,경상남도,함안군,48730,263,의령군,13.41,14.62,-5.55,True,25.97,1939.9,1.6,2149.2,3009.6,0.63,-1.15,1.64,12.0,365,,이번 산출물에서 제외(사용자 요청) - 추후 국토지리정보원 자료로 보강 필요,ASOS 일자료 조회서비스 응답 항목에 토양수분 필드 자체가 없어 변수 제외,"최근접 관측소 매칭(중심점법:exact, 거리 13.41km)"
2024,경상남도,함안군,48730,263,의령군,13.41,15.59,-2.1,True,26.96,1492.0,1.6,2451.0,3326.9,0.71,-0.8,1.76,12.0,366,,이번 산출물에서 제외(사용자 요청) - 추후 국토지리정보원 자료로 보강 필요,ASOS 일자료 조회서비스 응답 항목에 토양수분 필드 자체가 없어 변수 제외,"최근접 관측소 매칭(중심점법:exact, 거리 13.41km)"
2025,경상남도,함안군,48730,263,의령군,13.41,14.02,-5.1,True,25.37,1370.0,1.65,2103.6,2912.7,-0.18,-1.37,1.02,12.0,365,,이번 산출물에서 제외(사용자 요청) - 추후 국토지리정보원 자료로 보강 필요,ASOS 일자료 조회서비스 응답 항목에 토양수분 필드 자체가 없어 변수 제외,"최근접 관측소 매칭(중심점법:exact, 거리 13.41km)"
2016,경상남도,함양군,48870,264,함양군,4.95,13.62,-2.99,True,24.54,1128.0,1.25,1949.8,2791.8,0.13,-1.16,1.09,11.0,366,,이번 산출물에서 제외(사용자 요청) - 추후 국토지리정보원 자료로 보강 필요,ASOS 일자료 조회서비스 응답 항목에 토양수분 필드 자체가 없어 변수 제외,"최근접 관측소 매칭(중심점법:exact, 거리 4.95km)"
2017,경상남도,함양군,48870,264,함양군,4.95,12.9,-4.12,True,24.48,614.6,1.38,1818.9,2604.8,-1.37,-2.34,-0.2,12.0,365,,이번 산출물에서 제외(사용자 요청) - 추후 국토지리정보원 자료로 보강 필요,ASOS 일자료 조회서비스 응답 항목에 토양수분 필드 자체가 없어 변수 제외,"최근접 관측소 매칭(중심점법:exact, 거리 4.95km)"
2018,경상남도,함양군,48870,264,함양군,4.95,12.78,-6.72,True,25.14,1666.7,1.2,1818.4,2616.0,0.76,-0.84,1.66,12.0,365,,이번 산출물에서 제외(사용자 요청) - 추후 국토지리정보원 자료로 보강 필요,ASOS 일자료 조회서비스 응답 항목에 토양수분 필드 자체가 없어 변수 제외,"최근접 관측소 매칭(중심점법:exact, 거리 4.95km)"
2019,경상남도,함양군,48870,264,함양군,4.95,13.25,-4.35,True,23.69,1464.6,1.22,1798.4,2597.9,0.38,-0.49,1.91,12.0,365,,이번 산출물에서 제외(사용자 요청) - 추후 국토지리정보원 자료로 보강 필요,ASOS 일자료 조회서비스 응답 항목에 토양수분 필드 자체가 없어 변수 제외,"최근접 관측소 매칭(중심점법:exact, 거리 4.95km)"
2020,경상남도,함양군,48870,264,함양군,4.95,13.06,-2.59,True,24.04,1910.6,1.28,1726.0,2501.5,0.54,-1.77,2.09,12.0,366,,이번 산출물에서 제외(사용자 요청) - 추후 국토지리정보원 자료로 보강 필요,ASOS 일자료 조회서비스 응답 항목에 토양수분 필드 자체가 없어 변수 제외,"최근접 관측소 매칭(중심점법:exact, 거리 4.95km)"
2021,경상남도,함양군,48870,264,함양군,4.95,13.38,-4.6,True,24.3,1014.9,1.64,1850.2,2660.8,-0.37,-0.8,0.09,12.0,365,,이번 산출물에서 제외(사용자 요청) - 추후 국토지리정보원 자료로 보강 필요,ASOS 일자료 조회서비스 응답 항목에 토양수분 필드 자체가 없어 변수 제외,"최근접 관측소 매칭(중심점법:exact, 거리 4.95km)"
2022,경상남도,함양군,48870,264,함양군,4.95,13.17,-5.3,True,24.88,801.5,1.67,1882.6,2707.3,-0.99,-2.27,-0.3,12.0,365,,이번 산출물에서 제외(사용자 요청) - 추후 국토지리정보원 자료로 보강 필요,ASOS 일자료 조회서비스 응답 항목에 토양수분 필드 자체가 없어 변수 제외,"최근접 관측소 매칭(중심점법:exact, 거리 4.95km)"
2023,경상남도,함양군,48870,264,함양군,4.95,13.79,-5.57,True,25.16,1701.0,1.48,2001.0,2841.0,0.27,-1.21,1.47,12.0,365,,이번 산출물에서 제외(사용자 요청) - 추후 국토지리정보원 자료로 보강 필요,ASOS 일자료 조회서비스 응답 항목에 토양수분 필드 자체가 없어 변수 제외,"최근접 관측소 매칭(중심점법:exact, 거리 4.95km)"
2024,경상남도,함양군,48870,264,함양군,4.95,14.63,-2.25,True,25.85,1221.4,1.5,2192.1,3041.0,0.53,-1.0,2.1,12.0,366,,이번 산출물에서 제외(사용자 요청) - 추후 국토지리정보원 자료로 보강 필요,ASOS 일자료 조회서비스 응답 항목에 토양수분 필드 자체가 없어 변수 제외,"최근접 관측소 매칭(중심점법:exact, 거리 4.95km)"
2025,경상남도,함양군,48870,264,함양군,4.95,13.82,-4.6,True,25.73,1470.3,1.65,2131.2,2923.4,0.12,-1.12,0.99,12.0,365,,이번 산출물에서 제외(사용자 요청) - 추후 국토지리정보원 자료로 보강 필요,ASOS 일자료 조회서비스 응답 항목에 토양수분 필드 자체가 없어 변수 제외,"최근접 관측소 매칭(중심점법:exact, 거리 4.95km)"
2016,경상남도,합천군,48890,285,합천,2.88,13.8,-3.97,True,25.34,1505.6,1.12,2086.2,2936.8,0.62,-1.0,1.58,11.0,366,,이번 산출물에서 제외(사용자 요청) - 추후 국토지리정보원 자료로 보강 필요,ASOS 일자료 조회서비스 응답 항목에 토양수분 필드 자체가 없어 변수 제외,"최근접 관측소 매칭(중심점법:exact, 거리 2.88km)"
2017,경상남도,합천군,48890,285,합천,2.88,13.52,-4.62,True,25.36,780.0,1.23,2027.7,2825.6,-0.86,-1.63,0.47,12.0,365,,이번 산출물에서 제외(사용자 요청) - 추후 국토지리정보원 자료로 보강 필요,ASOS 일자료 조회서비스 응답 항목에 토양수분 필드 자체가 없어 변수 제외,"최근접 관측소 매칭(중심점법:exact, 거리 2.88km)"
2018,경상남도,합천군,48890,285,합천,2.88,13.35,-6.83,True,25.95,1479.4,1.25,1994.8,2818.4,0.41,-1.4,1.3,12.0,365,,이번 산출물에서 제외(사용자 요청) - 추후 국토지리정보원 자료로 보강 필요,ASOS 일자료 조회서비스 응답 항목에 토양수분 필드 자체가 없어 변수 제외,"최근접 관측소 매칭(중심점법:exact, 거리 2.88km)"
2019,경상남도,합천군,48890,285,합천,2.88,13.95,-4.49,True,24.59,1417.6,1.15,1962.0,2784.5,0.26,-0.6,1.7,12.0,365,,이번 산출물에서 제외(사용자 요청) - 추후 국토지리정보원 자료로 보강 필요,ASOS 일자료 조회서비스 응답 항목에 토양수분 필드 자체가 없어 변수 제외,"최근접 관측소 매칭(중심점법:exact, 거리 2.88km)"
2020,경상남도,합천군,48890,285,합천,2.88,13.55,-2.12,True,24.43,1733.5,1.05,1807.4,2630.0,0.34,-1.81,1.7,12.0,366,,이번 산출물에서 제외(사용자 요청) - 추후 국토지리정보원 자료로 보강 필요,ASOS 일자료 조회서비스 응답 항목에 토양수분 필드 자체가 없어 변수 제외,"최근접 관측소 매칭(중심점법:exact, 거리 2.88km)"
2021,경상남도,합천군,48890,285,합천,2.88,13.92,-4.5,True,24.49,1146.4,0.93,1947.4,2804.4,-0.31,-1.07,0.73,12.0,365,,이번 산출물에서 제외(사용자 요청) - 추후 국토지리정보원 자료로 보강 필요,ASOS 일자료 조회서비스 응답 항목에 토양수분 필드 자체가 없어 변수 제외,"최근접 관측소 매칭(중심점법:exact, 거리 2.88km)"
2022,경상남도,합천군,48890,285,합천,2.88,13.8,-4.95,True,25.21,794.3,0.92,2021.0,2877.6,-1.26,-2.39,-0.4,12.0,365,,이번 산출물에서 제외(사용자 요청) - 추후 국토지리정보원 자료로 보강 필요,ASOS 일자료 조회서비스 응답 항목에 토양수분 필드 자체가 없어 변수 제외,"최근접 관측소 매칭(중심점법:exact, 거리 2.88km)"
2023,경상남도,합천군,48890,285,합천,2.88,14.43,-5.1,True,25.35,1771.4,0.8,2118.4,2999.8,0.41,-1.22,1.39,12.0,365,,이번 산출물에서 제외(사용자 요청) - 추후 국토지리정보원 자료로 보강 필요,ASOS 일자료 조회서비스 응답 항목에 토양수분 필드 자체가 없어 변수 제외,"최근접 관측소 매칭(중심점법:exact, 거리 2.88km)"
2024,경상남도,합천군,48890,285,합천,2.88,15.41,-1.59,True,26.58,1267.2,0.83,2395.4,3272.4,0.42,-1.28,1.66,12.0,366,,이번 산출물에서 제외(사용자 요청) - 추후 국토지리정보원 자료로 보강 필요,ASOS 일자료 조회서비스 응답 항목에 토양수분 필드 자체가 없어 변수 제외,"최근접 관측소 매칭(중심점법:exact, 거리 2.88km)"
2025,경상남도,합천군,48890,285,합천,2.88,14.64,-4.54,True,26.38,1580.6,0.92,2297.2,3129.8,0.03,-1.34,1.5,12.0,365,,이번 산출물에서 제외(사용자 요청) - 추후 국토지리정보원 자료로 보강 필요,ASOS 일자료 조회서비스 응답 항목에 토양수분 필드 자체가 없어 변수 제외,"최근접 관측소 매칭(중심점법:exact, 거리 2.88km)"
2016,경상북도,경산시,47290,143,대구,14.9,14.64,-1.8,True,25.82,1227.3,2.12,2183.5,3048.2,0.7,-0.6,1.85,11.0,366,,이번 산출물에서 제외(사용자 요청) - 추후 국토지리정보원 자료로 보강 필요,ASOS 일자료 조회서비스 응답 항목에 토양수분 필드 자체가 없어 변수 제외,"최근접 관측소 매칭(중심점법:exact, 거리 14.9km)"
2017,경상북도,경산시,47290,143,대구,14.9,14.44,-2.14,True,25.88,663.7,2.23,2203.1,3025.3,-0.84,-1.43,0.43,12.0,365,,이번 산출물에서 제외(사용자 요청) - 추후 국토지리정보원 자료로 보강 필요,ASOS 일자료 조회서비스 응답 항목에 토양수분 필드 자체가 없어 변수 제외,"최근접 관측소 매칭(중심점법:exact, 거리 14.9km)"
2018,경상북도,경산시,47290,143,대구,14.9,14.19,-4.46,True,26.51,1297.6,2.19,2143.2,2994.3,0.73,-1.19,1.79,12.0,365,,이번 산출물에서 제외(사용자 요청) - 추후 국토지리정보원 자료로 보강 필요,ASOS 일자료 조회서비스 응답 항목에 토양수분 필드 자체가 없어 변수 제외,"최근접 관측소 매칭(중심점법:exact, 거리 14.9km)"
2019,경상북도,경산시,47290,143,대구,14.9,14.89,-2.27,True,25.36,995.7,2.02,2145.3,3003.2,0.04,-0.71,1.24,12.0,365,,이번 산출물에서 제외(사용자 요청) - 추후 국토지리정보원 자료로 보강 필요,ASOS 일자료 조회서비스 응답 항목에 토양수분 필드 자체가 없어 변수 제외,"최근접 관측소 매칭(중심점법:exact, 거리 14.9km)"
2020,경상북도,경산시,47290,143,대구,14.9,14.55,-0.25,True,25.41,1244.9,2.28,2013.5,2876.4,0.34,-1.93,1.65,12.0,366,,이번 산출물에서 제외(사용자 요청) - 추후 국토지리정보원 자료로 보강 필요,ASOS 일자료 조회서비스 응답 항목에 토양수분 필드 자체가 없어 변수 제외,"최근접 관측소 매칭(중심점법:exact, 거리 14.9km)"
2021,경상북도,경산시,47290,143,대구,14.9,14.66,-2.74,True,25.3,910.0,2.25,2115.0,2997.3,-0.22,-0.88,0.85,12.0,365,,이번 산출물에서 제외(사용자 요청) - 추후 국토지리정보원 자료로 보강 필요,ASOS 일자료 조회서비스 응답 항목에 토양수분 필드 자체가 없어 변수 제외,"최근접 관측소 매칭(중심점법:exact, 거리 14.9km)"
2022,경상북도,경산시,47290,143,대구,14.9,14.77,-3.23,True,26.26,581.0,2.27,2248.8,3139.4,-1.47,-2.48,-0.67,12.0,365,,이번 산출물에서 제외(사용자 요청) - 추후 국토지리정보원 자료로 보강 필요,ASOS 일자료 조회서비스 응답 항목에 토양수분 필드 자체가 없어 변수 제외,"최근접 관측소 매칭(중심점법:exact, 거리 14.9km)"
2023,경상북도,경산시,47290,143,대구,14.9,15.18,-3.08,True,26.09,1321.8,2.14,2258.6,3162.3,0.28,-1.29,1.69,12.0,365,,이번 산출물에서 제외(사용자 요청) - 추후 국토지리정보원 자료로 보강 필요,ASOS 일자료 조회서비스 응답 항목에 토양수분 필드 자체가 없어 변수 제외,"최근접 관측소 매칭(중심점법:exact, 거리 14.9km)"
2024,경상북도,경산시,47290,143,대구,14.9,15.85,-0.7,True,27.19,1156.4,2.2,2470.6,3354.8,0.63,-0.69,2.03,12.0,366,,이번 산출물에서 제외(사용자 요청) - 추후 국토지리정보원 자료로 보강 필요,ASOS 일자료 조회서비스 응답 항목에 토양수분 필드 자체가 없어 변수 제외,"최근접 관측소 매칭(중심점법:exact, 거리 14.9km)"
2025,경상북도,경산시,47290,143,대구,14.9,15.17,-2.52,True,27.21,1029.0,2.17,2382.4,3228.9,-0.1,-1.18,0.74,12.0,365,,이번 산출물에서 제외(사용자 요청) - 추후 국토지리정보원 자료로 보강 필요,ASOS 일자료 조회서비스 응답 항목에 토양수분 필드 자체가 없어 변수 제외,"최근접 관측소 매칭(중심점법:exact, 거리 14.9km)"
2016,경상북도,경주시,47130,283,경주시,3.29,14.08,-2.55,True,24.94,1251.4,2.33,2027.5,2866.6,0.49,-1.67,1.7,11.0,366,,이번 산출물에서 제외(사용자 요청) - 추후 국토지리정보원 자료로 보강 필요,ASOS 일자료 조회서비스 응답 항목에 토양수분 필드 자체가 없어 변수 제외,"최근접 관측소 매칭(중심점법:exact, 거리 3.29km)"
2017,경상북도,경주시,47130,283,경주시,3.29,13.65,-2.89,True,25.07,590.7,2.46,1981.6,2771.0,-1.25,-2.26,0.05,12.0,365,,이번 산출물에서 제외(사용자 요청) - 추후 국토지리정보원 자료로 보강 필요,ASOS 일자료 조회서비스 응답 항목에 토양수분 필드 자체가 없어 변수 제외,"최근접 관측소 매칭(중심점법:exact, 거리 3.29km)"
2018,경상북도,경주시,47130,283,경주시,3.29,13.54,-5.57,True,25.28,1303.7,2.39,1957.2,2797.7,0.64,-0.91,1.87,12.0,365,,이번 산출물에서 제외(사용자 요청) - 추후 국토지리정보원 자료로 보강 필요,ASOS 일자료 조회서비스 응답 항목에 토양수분 필드 자체가 없어 변수 제외,"최근접 관측소 매칭(중심점법:exact, 거리 3.29km)"
2019,경상북도,경주시,47130,283,경주시,3.29,14.15,-2.69,True,24.14,1239.8,2.26,1947.7,2788.0,0.26,-0.77,1.46,12.0,365,,이번 산출물에서 제외(사용자 요청) - 추후 국토지리정보원 자료로 보강 필요,ASOS 일자료 조회서비스 응답 항목에 토양수분 필드 자체가 없어 변수 제외,"최근접 관측소 매칭(중심점법:exact, 거리 3.29km)"
2020,경상북도,경주시,47130,283,경주시,3.29,13.91,-0.94,True,24.5,1371.6,2.6,1859.3,2695.6,0.6,-1.85,1.87,12.0,366,,이번 산출물에서 제외(사용자 요청) - 추후 국토지리정보원 자료로 보강 필요,ASOS 일자료 조회서비스 응답 항목에 토양수분 필드 자체가 없어 변수 제외,"최근접 관측소 매칭(중심점법:exact, 거리 3.29km)"
2021,경상북도,경주시,47130,283,경주시,3.29,13.88,-3.81,True,24.47,1112.1,2.54,1908.0,2751.9,0.04,-1.01,0.9,12.0,365,,이번 산출물에서 제외(사용자 요청) - 추후 국토지리정보원 자료로 보강 필요,ASOS 일자료 조회서비스 응답 항목에 토양수분 필드 자체가 없어 변수 제외,"최근접 관측소 매칭(중심점법:exact, 거리 3.29km)"
2022,경상북도,경주시,47130,283,경주시,3.29,13.9,-4.23,True,25.29,829.5,2.54,2018.4,2879.7,-0.87,-1.85,0.36,12.0,365,,이번 산출물에서 제외(사용자 요청) - 추후 국토지리정보원 자료로 보강 필요,ASOS 일자료 조회서비스 응답 항목에 토양수분 필드 자체가 없어 변수 제외,"최근접 관측소 매칭(중심점법:exact, 거리 3.29km)"
2023,경상북도,경주시,47130,283,경주시,3.29,14.46,-4.09,True,25.5,1146.5,2.45,2102.5,2986.8,-0.1,-1.56,0.97,12.0,365,,이번 산출물에서 제외(사용자 요청) - 추후 국토지리정보원 자료로 보강 필요,ASOS 일자료 조회서비스 응답 항목에 토양수분 필드 자체가 없어 변수 제외,"최근접 관측소 매칭(중심점법:exact, 거리 3.29km)"
2024,경상북도,경주시,47130,283,경주시,3.29,15.26,-1.55,True,26.7,1085.8,2.46,2328.6,3188.4,0.4,-0.69,1.9,12.0,366,,이번 산출물에서 제외(사용자 요청) - 추후 국토지리정보원 자료로 보강 필요,ASOS 일자료 조회서비스 응답 항목에 토양수분 필드 자체가 없어 변수 제외,"최근접 관측소 매칭(중심점법:exact, 거리 3.29km)"
2025,경상북도,경주시,47130,283,경주시,3.29,14.64,-3.51,True,26.65,1033.0,2.58,2262.7,3087.7,-0.2,-1.0,1.19,12.0,365,,이번 산출물에서 제외(사용자 요청) - 추후 국토지리정보원 자료로 보강 필요,ASOS 일자료 조회서비스 응답 항목에 토양수분 필드 자체가 없어 변수 제외,"최근접 관측소 매칭(중심점법:exact, 거리 3.29km)"
2016,경상북도,고령군,47830,285,합천,22.82,13.8,-3.97,True,25.34,1505.6,1.12,2086.2,2936.8,0.62,-1.0,1.58,11.0,366,,이번 산출물에서 제외(사용자 요청) - 추후 국토지리정보원 자료로 보강 필요,ASOS 일자료 조회서비스 응답 항목에 토양수분 필드 자체가 없어 변수 제외,"최근접 관측소 매칭(중심점법:exact, 거리 22.82km)"
2017,경상북도,고령군,47830,285,합천,22.82,13.52,-4.62,True,25.36,780.0,1.23,2027.7,2825.6,-0.86,-1.63,0.47,12.0,365,,이번 산출물에서 제외(사용자 요청) - 추후 국토지리정보원 자료로 보강 필요,ASOS 일자료 조회서비스 응답 항목에 토양수분 필드 자체가 없어 변수 제외,"최근접 관측소 매칭(중심점법:exact, 거리 22.82km)"
2018,경상북도,고령군,47830,285,합천,22.82,13.35,-6.83,True,25.95,1479.4,1.25,1994.8,2818.4,0.41,-1.4,1.3,12.0,365,,이번 산출물에서 제외(사용자 요청) - 추후 국토지리정보원 자료로 보강 필요,ASOS 일자료 조회서비스 응답 항목에 토양수분 필드 자체가 없어 변수 제외,"최근접 관측소 매칭(중심점법:exact, 거리 22.82km)"
2019,경상북도,고령군,47830,285,합천,22.82,13.95,-4.49,True,24.59,1417.6,1.15,1962.0,2784.5,0.26,-0.6,1.7,12.0,365,,이번 산출물에서 제외(사용자 요청) - 추후 국토지리정보원 자료로 보강 필요,ASOS 일자료 조회서비스 응답 항목에 토양수분 필드 자체가 없어 변수 제외,"최근접 관측소 매칭(중심점법:exact, 거리 22.82km)"
2020,경상북도,고령군,47830,285,합천,22.82,13.55,-2.12,True,24.43,1733.5,1.05,1807.4,2630.0,0.34,-1.81,1.7,12.0,366,,이번 산출물에서 제외(사용자 요청) - 추후 국토지리정보원 자료로 보강 필요,ASOS 일자료 조회서비스 응답 항목에 토양수분 필드 자체가 없어 변수 제외,"최근접 관측소 매칭(중심점법:exact, 거리 22.82km)"
2021,경상북도,고령군,47830,285,합천,22.82,13.92,-4.5,True,24.49,1146.4,0.93,1947.4,2804.4,-0.31,-1.07,0.73,12.0,365,,이번 산출물에서 제외(사용자 요청) - 추후 국토지리정보원 자료로 보강 필요,ASOS 일자료 조회서비스 응답 항목에 토양수분 필드 자체가 없어 변수 제외,"최근접 관측소 매칭(중심점법:exact, 거리 22.82km)"
2022,경상북도,고령군,47830,285,합천,22.82,13.8,-4.95,True,25.21,794.3,0.92,2021.0,2877.6,-1.26,-2.39,-0.4,12.0,365,,이번 산출물에서 제외(사용자 요청) - 추후 국토지리정보원 자료로 보강 필요,ASOS 일자료 조회서비스 응답 항목에 토양수분 필드 자체가 없어 변수 제외,"최근접 관측소 매칭(중심점법:exact, 거리 22.82km)"
2023,경상북도,고령군,47830,285,합천,22.82,14.43,-5.1,True,25.35,1771.4,0.8,2118.4,2999.8,0.41,-1.22,1.39,12.0,365,,이번 산출물에서 제외(사용자 요청) - 추후 국토지리정보원 자료로 보강 필요,ASOS 일자료 조회서비스 응답 항목에 토양수분 필드 자체가 없어 변수 제외,"최근접 관측소 매칭(중심점법:exact, 거리 22.82km)"
2024,경상북도,고령군,47830,285,합천,22.82,15.41,-1.59,True,26.58,1267.2,0.83,2395.4,3272.4,0.42,-1.28,1.66,12.0,366,,이번 산출물에서 제외(사용자 요청) - 추후 국토지리정보원 자료로 보강 필요,ASOS 일자료 조회서비스 응답 항목에 토양수분 필드 자체가 없어 변수 제외,"최근접 관측소 매칭(중심점법:exact, 거리 22.82km)"
2025,경상북도,고령군,47830,285,합천,22.82,14.64,-4.54,True,26.38,1580.6,0.92,2297.2,3129.8,0.03,-1.34,1.5,12.0,365,,이번 산출물에서 제외(사용자 요청) - 추후 국토지리정보원 자료로 보강 필요,ASOS 일자료 조회서비스 응답 항목에 토양수분 필드 자체가 없어 변수 제외,"최근접 관측소 매칭(중심점법:exact, 거리 22.82km)"
2016,경상북도,구미시,47190,279,구미,9.1,14.22,-2.57,True,25.65,1208.0,1.21,2089.6,2937.0,0.41,-0.57,1.29,11.0,366,,이번 산출물에서 제외(사용자 요청) - 추후 국토지리정보원 자료로 보강 필요,ASOS 일자료 조회서비스 응답 항목에 토양수분 필드 자체가 없어 변수 제외,"최근접 관측소 매칭(중심점법:exact, 거리 9.1km)"
2017,경상북도,구미시,47190,279,구미,9.1,13.79,-2.96,True,25.34,688.6,1.22,2052.1,2857.5,-1.07,-1.81,0.12,12.0,365,,이번 산출물에서 제외(사용자 요청) - 추후 국토지리정보원 자료로 보강 필요,ASOS 일자료 조회서비스 응답 항목에 토양수분 필드 자체가 없어 변수 제외,"최근접 관측소 매칭(중심점법:exact, 거리 9.1km)"
2018,경상북도,구미시,47190,279,구미,9.1,13.64,-5.02,True,26.22,1410.1,1.14,2028.8,2856.6,0.68,-1.03,1.79,12.0,365,,이번 산출물에서 제외(사용자 요청) - 추후 국토지리정보원 자료로 보강 필요,ASOS 일자료 조회서비스 응답 항목에 토양수분 필드 자체가 없어 변수 제외,"최근접 관측소 매칭(중심점법:exact, 거리 9.1km)"
2019,경상북도,구미시,47190,279,구미,9.1,14.2,-2.94,True,24.81,1133.2,1.04,2011.0,2840.2,0.11,-0.96,1.79,12.0,365,,이번 산출물에서 제외(사용자 요청) - 추후 국토지리정보원 자료로 보강 필요,ASOS 일자료 조회서비스 응답 항목에 토양수분 필드 자체가 없어 변수 제외,"최근접 관측소 매칭(중심점법:exact, 거리 9.1km)"
2020,경상북도,구미시,47190,279,구미,9.1,13.95,-1.03,True,24.82,1469.5,1.05,1876.6,2719.1,0.35,-1.79,1.68,12.0,366,,이번 산출물에서 제외(사용자 요청) - 추후 국토지리정보원 자료로 보강 필요,ASOS 일자료 조회서비스 응답 항목에 토양수분 필드 자체가 없어 변수 제외,"최근접 관측소 매칭(중심점법:exact, 거리 9.1km)"
2021,경상북도,구미시,47190,279,구미,9.1,13.99,-3.83,True,24.88,1098.0,0.92,1983.6,2842.9,-0.09,-0.56,0.72,12.0,365,,이번 산출물에서 제외(사용자 요청) - 추후 국토지리정보원 자료로 보강 필요,ASOS 일자료 조회서비스 응답 항목에 토양수분 필드 자체가 없어 변수 제외,"최근접 관측소 매칭(중심점법:exact, 거리 9.1km)"
2022,경상북도,구미시,47190,279,구미,9.1,13.94,-3.86,True,25.48,792.9,0.88,2071.0,2927.0,-0.97,-2.19,-0.15,12.0,365,,이번 산출물에서 제외(사용자 요청) - 추후 국토지리정보원 자료로 보강 필요,ASOS 일자료 조회서비스 응답 항목에 토양수분 필드 자체가 없어 변수 제외,"최근접 관측소 매칭(중심점법:exact, 거리 9.1km)"
2023,경상북도,구미시,47190,279,구미,9.1,14.43,-4.13,True,25.57,1772.6,0.74,2137.4,3011.2,0.64,-1.17,2.09,12.0,365,,이번 산출물에서 제외(사용자 요청) - 추후 국토지리정보원 자료로 보강 필요,ASOS 일자료 조회서비스 응답 항목에 토양수분 필드 자체가 없어 변수 제외,"최근접 관측소 매칭(중심점법:exact, 거리 9.1km)"
2024,경상북도,구미시,47190,279,구미,9.1,15.21,-1.46,True,26.71,995.7,0.83,2338.0,3201.4,0.16,-1.83,2.21,12.0,366,,이번 산출물에서 제외(사용자 요청) - 추후 국토지리정보원 자료로 보강 필요,ASOS 일자료 조회서비스 응답 항목에 토양수분 필드 자체가 없어 변수 제외,"최근접 관측소 매칭(중심점법:exact, 거리 9.1km)"
2025,경상북도,구미시,47190,279,구미,9.1,14.55,-4.04,True,27.1,1046.5,1.28,2337.9,3157.4,-0.19,-1.21,1.48,12.0,365,,이번 산출물에서 제외(사용자 요청) - 추후 국토지리정보원 자료로 보강 필요,ASOS 일자료 조회서비스 응답 항목에 토양수분 필드 자체가 없어 변수 제외,"최근접 관측소 매칭(중심점법:exact, 거리 9.1km)"
2016,경상북도,김천시,47150,135,추풍령,19.28,12.46,-4.25,True,23.96,1147.1,2.6,1743.6,2530.9,0.11,-1.11,1.28,11.0,366,,이번 산출물에서 제외(사용자 요청) - 추후 국토지리정보원 자료로 보강 필요,ASOS 일자료 조회서비스 응답 항목에 토양수분 필드 자체가 없어 변수 제외,"최근접 관측소 매칭(중심점법:exact, 거리 19.28km)"
2017,경상북도,김천시,47150,135,추풍령,19.28,11.97,-4.63,True,23.58,921.8,2.78,1666.3,2439.3,-0.71,-1.91,0.42,12.0,365,,이번 산출물에서 제외(사용자 요청) - 추후 국토지리정보원 자료로 보강 필요,ASOS 일자료 조회서비스 응답 항목에 토양수분 필드 자체가 없어 변수 제외,"최근접 관측소 매칭(중심점법:exact, 거리 19.28km)"
2018,경상북도,김천시,47150,135,추풍령,19.28,11.96,-7.0,True,24.63,1304.2,2.74,1678.7,2446.3,0.55,-1.19,1.93,12.0,365,,이번 산출물에서 제외(사용자 요청) - 추후 국토지리정보원 자료로 보강 필요,ASOS 일자료 조회서비스 응답 항목에 토양수분 필드 자체가 없어 변수 제외,"최근접 관측소 매칭(중심점법:exact, 거리 19.28km)"
2019,경상북도,김천시,47150,135,추풍령,19.28,12.46,-4.95,True,23.11,1164.1,2.58,1622.5,2385.8,-0.01,-0.99,1.51,12.0,365,,이번 산출물에서 제외(사용자 요청) - 추후 국토지리정보원 자료로 보강 필요,ASOS 일자료 조회서비스 응답 항목에 토양수분 필드 자체가 없어 변수 제외,"최근접 관측소 매칭(중심점법:exact, 거리 19.28km)"
2020,경상북도,김천시,47150,135,추풍령,19.28,12.07,-3.16,True,23.03,1554.0,2.66,1508.2,2246.8,0.52,-1.9,2.16,12.0,366,,이번 산출물에서 제외(사용자 요청) - 추후 국토지리정보원 자료로 보강 필요,ASOS 일자료 조회서비스 응답 항목에 토양수분 필드 자체가 없어 변수 제외,"최근접 관측소 매칭(중심점법:exact, 거리 19.28km)"
2021,경상북도,김천시,47150,135,추풍령,19.28,12.28,-5.53,True,23.09,1129.1,2.56,1581.7,2339.5,-0.18,-0.88,1.17,12.0,365,,이번 산출물에서 제외(사용자 요청) - 추후 국토지리정보원 자료로 보강 필요,ASOS 일자료 조회서비스 응답 항목에 토양수분 필드 자체가 없어 변수 제외,"최근접 관측소 매칭(중심점법:exact, 거리 19.28km)"
2022,경상북도,김천시,47150,135,추풍령,19.28,12.04,-5.52,True,23.67,928.6,2.6,1649.9,2415.3,-0.86,-1.91,-0.19,12.0,365,,이번 산출물에서 제외(사용자 요청) - 추후 국토지리정보원 자료로 보강 필요,ASOS 일자료 조회서비스 응답 항목에 토양수분 필드 자체가 없어 변수 제외,"최근접 관측소 매칭(중심점법:exact, 거리 19.28km)"
2023,경상북도,김천시,47150,135,추풍령,19.28,12.79,-6.28,True,24.02,1551.5,2.33,1745.6,2555.4,0.27,-1.5,1.75,12.0,365,,이번 산출물에서 제외(사용자 요청) - 추후 국토지리정보원 자료로 보강 필요,ASOS 일자료 조회서비스 응답 항목에 토양수분 필드 자체가 없어 변수 제외,"최근접 관측소 매칭(중심점법:exact, 거리 19.28km)"
2024,경상북도,김천시,47150,135,추풍령,19.28,13.54,-3.07,True,24.82,1231.5,2.43,1931.6,2766.4,0.43,-1.83,2.24,12.0,366,,이번 산출물에서 제외(사용자 요청) - 추후 국토지리정보원 자료로 보강 필요,ASOS 일자료 조회서비스 응답 항목에 토양수분 필드 자체가 없어 변수 제외,"최근접 관측소 매칭(중심점법:exact, 거리 19.28km)"
2025,경상북도,김천시,47150,135,추풍령,19.28,12.8,-5.07,True,24.81,1138.4,2.33,1884.2,2657.4,-0.11,-1.6,1.44,12.0,365,,이번 산출물에서 제외(사용자 요청) - 추후 국토지리정보원 자료로 보강 필요,ASOS 일자료 조회서비스 응답 항목에 토양수분 필드 자체가 없어 변수 제외,"최근접 관측소 매칭(중심점법:exact, 거리 19.28km)"
2016,경상북도,문경시,47280,273,문경,7.07,12.32,-4.51,True,23.87,1193.8,1.8,1731.4,2522.2,-0.13,-1.87,1.05,11.0,366,,이번 산출물에서 제외(사용자 요청) - 추후 국토지리정보원 자료로 보강 필요,ASOS 일자료 조회서비스 응답 항목에 토양수분 필드 자체가 없어 변수 제외,"최근접 관측소 매칭(중심점법:exact, 거리 7.07km)"
2017,경상북도,문경시,47280,273,문경,7.07,12.4,-4.45,True,23.83,1292.8,1.97,1795.3,2584.2,-0.45,-1.72,0.87,12.0,365,,이번 산출물에서 제외(사용자 요청) - 추후 국토지리정보원 자료로 보강 필요,ASOS 일자료 조회서비스 응답 항목에 토양수분 필드 자체가 없어 변수 제외,"최근접 관측소 매칭(중심점법:exact, 거리 7.07km)"
2018,경상북도,문경시,47280,273,문경,7.07,12.45,-6.58,True,25.26,1360.1,1.96,1822.1,2608.0,0.35,-1.13,1.66,12.0,365,,이번 산출물에서 제외(사용자 요청) - 추후 국토지리정보원 자료로 보강 필요,ASOS 일자료 조회서비스 응답 항목에 토양수분 필드 자체가 없어 변수 제외,"최근접 관측소 매칭(중심점법:exact, 거리 7.07km)"
2019,경상북도,문경시,47280,273,문경,7.07,12.92,-4.56,True,23.63,1082.5,1.9,1768.2,2551.5,-0.34,-1.28,0.95,12.0,365,,이번 산출물에서 제외(사용자 요청) - 추후 국토지리정보원 자료로 보강 필요,ASOS 일자료 조회서비스 응답 항목에 토양수분 필드 자체가 없어 변수 제외,"최근접 관측소 매칭(중심점법:exact, 거리 7.07km)"
2020,경상북도,문경시,47280,273,문경,7.07,12.51,-2.72,True,23.48,1694.4,1.81,1595.2,2363.6,0.32,-1.75,1.67,12.0,366,,이번 산출물에서 제외(사용자 요청) - 추후 국토지리정보원 자료로 보강 필요,ASOS 일자료 조회서비스 응답 항목에 토양수분 필드 자체가 없어 변수 제외,"최근접 관측소 매칭(중심점법:exact, 거리 7.07km)"
2021,경상북도,문경시,47280,273,문경,7.07,12.6,-5.37,True,23.43,1367.3,1.71,1671.6,2466.8,0.08,-0.98,1.4,12.0,365,,이번 산출물에서 제외(사용자 요청) - 추후 국토지리정보원 자료로 보강 필요,ASOS 일자료 조회서비스 응답 항목에 토양수분 필드 자체가 없어 변수 제외,"최근접 관측소 매칭(중심점법:exact, 거리 7.07km)"
2022,경상북도,문경시,47280,273,문경,7.07,12.53,-5.48,True,24.06,1041.8,1.72,1773.4,2575.2,-0.66,-1.84,0.64,12.0,365,,이번 산출물에서 제외(사용자 요청) - 추후 국토지리정보원 자료로 보강 필요,ASOS 일자료 조회서비스 응답 항목에 토양수분 필드 자체가 없어 변수 제외,"최근접 관측소 매칭(중심점법:exact, 거리 7.07km)"
2023,경상북도,문경시,47280,273,문경,7.07,13.23,-5.62,True,24.51,1942.7,1.6,1855.9,2686.2,0.44,-1.46,1.85,12.0,365,,이번 산출물에서 제외(사용자 요청) - 추후 국토지리정보원 자료로 보강 필요,ASOS 일자료 조회서비스 응답 항목에 토양수분 필드 자체가 없어 변수 제외,"최근접 관측소 매칭(중심점법:exact, 거리 7.07km)"
2024,경상북도,문경시,47280,273,문경,7.07,13.95,-2.84,True,25.3,1400.0,1.58,2060.3,2902.4,0.56,-0.89,1.82,12.0,366,,이번 산출물에서 제외(사용자 요청) - 추후 국토지리정보원 자료로 보강 필요,ASOS 일자료 조회서비스 응답 항목에 토양수분 필드 자체가 없어 변수 제외,"최근접 관측소 매칭(중심점법:exact, 거리 7.07km)"
2025,경상북도,문경시,47280,273,문경,7.07,13.25,-4.75,True,25.35,1208.7,1.65,1999.8,2782.4,-0.19,-1.44,1.53,12.0,365,,이번 산출물에서 제외(사용자 요청) - 추후 국토지리정보원 자료로 보강 필요,ASOS 일자료 조회서비스 응답 항목에 토양수분 필드 자체가 없어 변수 제외,"최근접 관측소 매칭(중심점법:exact, 거리 7.07km)"
2016,경상북도,봉화군,47920,271,봉화,1.07,10.89,-8.04,True,22.57,1044.8,1.44,1479.6,2226.6,-0.14,-2.03,1.2,11.0,366,,이번 산출물에서 제외(사용자 요청) - 추후 국토지리정보원 자료로 보강 필요,ASOS 일자료 조회서비스 응답 항목에 토양수분 필드 자체가 없어 변수 제외,"최근접 관측소 매칭(중심점법:exact, 거리 1.07km)"
2017,경상북도,봉화군,47920,271,봉화,1.07,10.36,-7.75,True,22.27,795.3,1.47,1433.4,2157.7,-0.9,-2.01,0.57,12.0,365,,이번 산출물에서 제외(사용자 요청) - 추후 국토지리정보원 자료로 보강 필요,ASOS 일자료 조회서비스 응답 항목에 토양수분 필드 자체가 없어 변수 제외,"최근접 관측소 매칭(중심점법:exact, 거리 1.07km)"
2018,경상북도,봉화군,47920,271,봉화,1.07,10.38,-10.87,True,23.36,1290.7,1.48,1461.6,2160.7,0.35,-1.68,1.9,12.0,365,,이번 산출물에서 제외(사용자 요청) - 추후 국토지리정보원 자료로 보강 필요,ASOS 일자료 조회서비스 응답 항목에 토양수분 필드 자체가 없어 변수 제외,"최근접 관측소 매칭(중심점법:exact, 거리 1.07km)"
2019,경상북도,봉화군,47920,271,봉화,1.07,11.04,-8.11,True,22.09,1005.8,1.44,1455.8,2157.0,-0.18,-1.06,1.51,12.0,365,,이번 산출물에서 제외(사용자 요청) - 추후 국토지리정보원 자료로 보강 필요,ASOS 일자료 조회서비스 응답 항목에 토양수분 필드 자체가 없어 변수 제외,"최근접 관측소 매칭(중심점법:exact, 거리 1.07km)"
2020,경상북도,봉화군,47920,271,봉화,1.07,10.82,-4.24,True,21.78,1297.3,1.34,1288.2,1963.4,0.19,-2.2,1.37,12.0,366,,이번 산출물에서 제외(사용자 요청) - 추후 국토지리정보원 자료로 보강 필요,ASOS 일자료 조회서비스 응답 항목에 토양수분 필드 자체가 없어 변수 제외,"최근접 관측소 매칭(중심점법:exact, 거리 1.07km)"
2021,경상북도,봉화군,47920,271,봉화,1.07,10.05,-8.75,True,20.38,1129.1,1.3,1137.8,1795.2,0.12,-0.87,1.67,12.0,365,,이번 산출물에서 제외(사용자 요청) - 추후 국토지리정보원 자료로 보강 필요,ASOS 일자료 조회서비스 응답 항목에 토양수분 필드 자체가 없어 변수 제외,"최근접 관측소 매칭(중심점법:exact, 거리 1.07km)"
2022,경상북도,봉화군,47920,271,봉화,1.07,10.83,-7.61,True,22.42,1014.3,1.26,1416.9,2136.0,-0.46,-1.9,0.88,12.0,365,,이번 산출물에서 제외(사용자 요청) - 추후 국토지리정보원 자료로 보강 필요,ASOS 일자료 조회서비스 응답 항목에 토양수분 필드 자체가 없어 변수 제외,"최근접 관측소 매칭(중심점법:exact, 거리 1.07km)"
2023,경상북도,봉화군,47920,271,봉화,1.07,11.63,-7.29,True,22.82,1828.7,1.18,1508.4,2264.8,0.77,-1.28,2.36,12.0,365,,이번 산출물에서 제외(사용자 요청) - 추후 국토지리정보원 자료로 보강 필요,ASOS 일자료 조회서비스 응답 항목에 토양수분 필드 자체가 없어 변수 제외,"최근접 관측소 매칭(중심점법:exact, 거리 1.07km)"
2024,경상북도,봉화군,47920,271,봉화,1.07,12.76,-4.03,True,23.83,1241.7,1.23,1750.2,2561.0,0.55,-0.39,1.71,12.0,365,,이번 산출물에서 제외(사용자 요청) - 추후 국토지리정보원 자료로 보강 필요,ASOS 일자료 조회서비스 응답 항목에 토양수분 필드 자체가 없어 변수 제외,"최근접 관측소 매칭(중심점법:exact, 거리 1.07km)"
2025,경상북도,봉화군,47920,271,봉화,1.07,11.23,-7.47,True,23.83,947.0,1.23,1656.5,2386.4,-0.32,-1.47,0.94,12.0,365,,이번 산출물에서 제외(사용자 요청) - 추후 국토지리정보원 자료로 보강 필요,ASOS 일자료 조회서비스 응답 항목에 토양수분 필드 자체가 없어 변수 제외,"최근접 관측소 매칭(중심점법:exact, 거리 1.07km)"
2016,경상북도,상주시,47250,137,상주,8.43,13.88,-3.0,True,25.61,1136.2,1.53,2129.9,2962.3,-0.0,-0.91,1.21,11.0,366,,이번 산출물에서 제외(사용자 요청) - 추후 국토지리정보원 자료로 보강 필요,ASOS 일자료 조회서비스 응답 항목에 토양수분 필드 자체가 없어 변수 제외,"최근접 관측소 매칭(중심점법:exact, 거리 8.43km)"
2017,경상북도,상주시,47250,137,상주,8.43,13.41,-3.2,True,25.05,953.3,1.68,2026.8,2832.2,-0.79,-1.85,0.36,12.0,365,,이번 산출물에서 제외(사용자 요청) - 추후 국토지리정보원 자료로 보강 필요,ASOS 일자료 조회서비스 응답 항목에 토양수분 필드 자체가 없어 변수 제외,"최근접 관측소 매칭(중심점법:exact, 거리 8.43km)"
2018,경상북도,상주시,47250,137,상주,8.43,13.19,-5.73,True,26.07,1357.2,1.56,2000.4,2810.6,0.52,-1.22,1.7,12.0,365,,이번 산출물에서 제외(사용자 요청) - 추후 국토지리정보원 자료로 보강 필요,ASOS 일자료 조회서비스 응답 항목에 토양수분 필드 자체가 없어 변수 제외,"최근접 관측소 매칭(중심점법:exact, 거리 8.43km)"
2019,경상북도,상주시,47250,137,상주,8.43,13.49,-3.69,True,24.34,1062.5,1.41,1885.3,2689.7,-0.21,-1.11,1.11,12.0,365,,이번 산출물에서 제외(사용자 요청) - 추후 국토지리정보원 자료로 보강 필요,ASOS 일자료 조회서비스 응답 항목에 토양수분 필드 자체가 없어 변수 제외,"최근접 관측소 매칭(중심점법:exact, 거리 8.43km)"
2020,경상북도,상주시,47250,137,상주,8.43,13.14,-2.22,True,24.21,1563.7,1.42,1756.2,2560.7,0.4,-2.04,1.92,12.0,366,,이번 산출물에서 제외(사용자 요청) - 추후 국토지리정보원 자료로 보강 필요,ASOS 일자료 조회서비스 응답 항목에 토양수분 필드 자체가 없어 변수 제외,"최근접 관측소 매칭(중심점법:exact, 거리 8.43km)"
2021,경상북도,상주시,47250,137,상주,8.43,13.25,-4.84,True,24.36,1230.8,1.35,1841.7,2672.6,0.01,-0.84,1.31,12.0,365,,이번 산출물에서 제외(사용자 요청) - 추후 국토지리정보원 자료로 보강 필요,ASOS 일자료 조회서비스 응답 항목에 토양수분 필드 자체가 없어 변수 제외,"최근접 관측소 매칭(중심점법:exact, 거리 8.43km)"
2022,경상북도,상주시,47250,137,상주,8.43,13.32,-4.6,True,25.14,891.2,1.41,1986.4,2814.6,-0.91,-1.95,-0.13,12.0,365,,이번 산출물에서 제외(사용자 요청) - 추후 국토지리정보원 자료로 보강 필요,ASOS 일자료 조회서비스 응답 항목에 토양수분 필드 자체가 없어 변수 제외,"최근접 관측소 매칭(중심점법:exact, 거리 8.43km)"
2023,경상북도,상주시,47250,137,상주,8.43,13.93,-4.92,True,25.42,1670.6,1.24,2063.6,2912.0,0.33,-1.58,1.7,12.0,365,,이번 산출물에서 제외(사용자 요청) - 추후 국토지리정보원 자료로 보강 필요,ASOS 일자료 조회서비스 응답 항목에 토양수분 필드 자체가 없어 변수 제외,"최근접 관측소 매칭(중심점법:exact, 거리 8.43km)"
2024,경상북도,상주시,47250,137,상주,8.43,14.64,-2.2,True,26.24,1469.9,1.24,2247.8,3103.2,0.83,-0.53,2.21,12.0,366,,이번 산출물에서 제외(사용자 요청) - 추후 국토지리정보원 자료로 보강 필요,ASOS 일자료 조회서비스 응답 항목에 토양수분 필드 자체가 없어 변수 제외,"최근접 관측소 매칭(중심점법:exact, 거리 8.43km)"
2025,경상북도,상주시,47250,137,상주,8.43,13.95,-4.1,True,26.37,1137.7,1.31,2191.0,2994.6,-0.18,-1.5,1.33,12.0,365,,이번 산출물에서 제외(사용자 요청) - 추후 국토지리정보원 자료로 보강 필요,ASOS 일자료 조회서비스 응답 항목에 토양수분 필드 자체가 없어 변수 제외,"최근접 관측소 매칭(중심점법:exact, 거리 8.43km)"
2016,경상북도,성주군,47840,279,구미,26.05,14.22,-2.57,True,25.65,1208.0,1.21,2089.6,2937.0,0.41,-0.57,1.29,11.0,366,,이번 산출물에서 제외(사용자 요청) - 추후 국토지리정보원 자료로 보강 필요,ASOS 일자료 조회서비스 응답 항목에 토양수분 필드 자체가 없어 변수 제외,"최근접 관측소 매칭(중심점법:exact, 거리 26.05km)"
2017,경상북도,성주군,47840,279,구미,26.05,13.79,-2.96,True,25.34,688.6,1.22,2052.1,2857.5,-1.07,-1.81,0.12,12.0,365,,이번 산출물에서 제외(사용자 요청) - 추후 국토지리정보원 자료로 보강 필요,ASOS 일자료 조회서비스 응답 항목에 토양수분 필드 자체가 없어 변수 제외,"최근접 관측소 매칭(중심점법:exact, 거리 26.05km)"
2018,경상북도,성주군,47840,279,구미,26.05,13.64,-5.02,True,26.22,1410.1,1.14,2028.8,2856.6,0.68,-1.03,1.79,12.0,365,,이번 산출물에서 제외(사용자 요청) - 추후 국토지리정보원 자료로 보강 필요,ASOS 일자료 조회서비스 응답 항목에 토양수분 필드 자체가 없어 변수 제외,"최근접 관측소 매칭(중심점법:exact, 거리 26.05km)"
2019,경상북도,성주군,47840,279,구미,26.05,14.2,-2.94,True,24.81,1133.2,1.04,2011.0,2840.2,0.11,-0.96,1.79,12.0,365,,이번 산출물에서 제외(사용자 요청) - 추후 국토지리정보원 자료로 보강 필요,ASOS 일자료 조회서비스 응답 항목에 토양수분 필드 자체가 없어 변수 제외,"최근접 관측소 매칭(중심점법:exact, 거리 26.05km)"
2020,경상북도,성주군,47840,279,구미,26.05,13.95,-1.03,True,24.82,1469.5,1.05,1876.6,2719.1,0.35,-1.79,1.68,12.0,366,,이번 산출물에서 제외(사용자 요청) - 추후 국토지리정보원 자료로 보강 필요,ASOS 일자료 조회서비스 응답 항목에 토양수분 필드 자체가 없어 변수 제외,"최근접 관측소 매칭(중심점법:exact, 거리 26.05km)"
2021,경상북도,성주군,47840,279,구미,26.05,13.99,-3.83,True,24.88,1098.0,0.92,1983.6,2842.9,-0.09,-0.56,0.72,12.0,365,,이번 산출물에서 제외(사용자 요청) - 추후 국토지리정보원 자료로 보강 필요,ASOS 일자료 조회서비스 응답 항목에 토양수분 필드 자체가 없어 변수 제외,"최근접 관측소 매칭(중심점법:exact, 거리 26.05km)"
2022,경상북도,성주군,47840,279,구미,26.05,13.94,-3.86,True,25.48,792.9,0.88,2071.0,2927.0,-0.97,-2.19,-0.15,12.0,365,,이번 산출물에서 제외(사용자 요청) - 추후 국토지리정보원 자료로 보강 필요,ASOS 일자료 조회서비스 응답 항목에 토양수분 필드 자체가 없어 변수 제외,"최근접 관측소 매칭(중심점법:exact, 거리 26.05km)"
2023,경상북도,성주군,47840,279,구미,26.05,14.43,-4.13,True,25.57,1772.6,0.74,2137.4,3011.2,0.64,-1.17,2.09,12.0,365,,이번 산출물에서 제외(사용자 요청) - 추후 국토지리정보원 자료로 보강 필요,ASOS 일자료 조회서비스 응답 항목에 토양수분 필드 자체가 없어 변수 제외,"최근접 관측소 매칭(중심점법:exact, 거리 26.05km)"
2024,경상북도,성주군,47840,279,구미,26.05,15.21,-1.46,True,26.71,995.7,0.83,2338.0,3201.4,0.16,-1.83,2.21,12.0,366,,이번 산출물에서 제외(사용자 요청) - 추후 국토지리정보원 자료로 보강 필요,ASOS 일자료 조회서비스 응답 항목에 토양수분 필드 자체가 없어 변수 제외,"최근접 관측소 매칭(중심점법:exact, 거리 26.05km)"
2025,경상북도,성주군,47840,279,구미,26.05,14.55,-4.04,True,27.1,1046.5,1.28,2337.9,3157.4,-0.19,-1.21,1.48,12.0,365,,이번 산출물에서 제외(사용자 요청) - 추후 국토지리정보원 자료로 보강 필요,ASOS 일자료 조회서비스 응답 항목에 토양수분 필드 자체가 없어 변수 제외,"최근접 관측소 매칭(중심점법:exact, 거리 26.05km)"
2016,경상북도,안동시,47170,136,안동,6.54,13.24,-5.0,True,25.15,934.4,1.66,1988.6,2810.4,0.03,-1.04,0.9,11.0,366,,이번 산출물에서 제외(사용자 요청) - 추후 국토지리정보원 자료로 보강 필요,ASOS 일자료 조회서비스 응답 항목에 토양수분 필드 자체가 없어 변수 제외,"최근접 관측소 매칭(중심점법:exact, 거리 6.54km)"
2017,경상북도,안동시,47170,136,안동,6.54,12.71,-5.25,True,24.54,938.8,1.69,1906.0,2691.0,-0.28,-1.36,0.72,12.0,365,,이번 산출물에서 제외(사용자 요청) - 추후 국토지리정보원 자료로 보강 필요,ASOS 일자료 조회서비스 응답 항목에 토양수분 필드 자체가 없어 변수 제외,"최근접 관측소 매칭(중심점법:exact, 거리 6.54km)"
2018,경상북도,안동시,47170,136,안동,6.54,12.77,-7.35,True,25.84,1078.0,1.65,1937.1,2740.8,0.37,-1.35,1.59,12.0,365,,이번 산출물에서 제외(사용자 요청) - 추후 국토지리정보원 자료로 보강 필요,ASOS 일자료 조회서비스 응답 항목에 토양수분 필드 자체가 없어 변수 제외,"최근접 관측소 매칭(중심점법:exact, 거리 6.54km)"
2019,경상북도,안동시,47170,136,안동,6.54,12.94,-5.3,True,23.99,867.8,1.52,1807.5,2589.6,-0.06,-1.2,1.35,12.0,365,,이번 산출물에서 제외(사용자 요청) - 추후 국토지리정보원 자료로 보강 필요,ASOS 일자료 조회서비스 응답 항목에 토양수분 필드 자체가 없어 변수 제외,"최근접 관측소 매칭(중심점법:exact, 거리 6.54km)"
2020,경상북도,안동시,47170,136,안동,6.54,12.59,-3.37,True,24.05,1211.8,1.61,1689.0,2456.0,0.21,-2.05,1.52,12.0,366,,이번 산출물에서 제외(사용자 요청) - 추후 국토지리정보원 자료로 보강 필요,ASOS 일자료 조회서비스 응답 항목에 토양수분 필드 자체가 없어 변수 제외,"최근접 관측소 매칭(중심점법:exact, 거리 6.54km)"
2021,경상북도,안동시,47170,136,안동,6.54,12.76,-6.21,True,24.07,974.0,1.6,1759.6,2554.2,0.14,-0.73,1.73,12.0,365,,이번 산출물에서 제외(사용자 요청) - 추후 국토지리정보원 자료로 보강 필요,ASOS 일자료 조회서비스 응답 항목에 토양수분 필드 자체가 없어 변수 제외,"최근접 관측소 매칭(중심점법:exact, 거리 6.54km)"
2022,경상북도,안동시,47170,136,안동,6.54,12.63,-6.42,True,24.8,655.7,1.62,1871.0,2664.7,-1.11,-2.41,-0.14,12.0,365,,이번 산출물에서 제외(사용자 요청) - 추후 국토지리정보원 자료로 보강 필요,ASOS 일자료 조회서비스 응답 항목에 토양수분 필드 자체가 없어 변수 제외,"최근접 관측소 매칭(중심점법:exact, 거리 6.54km)"
2023,경상북도,안동시,47170,136,안동,6.54,13.37,-6.67,True,25.03,1518.7,1.45,1948.2,2780.4,0.62,-1.36,1.98,12.0,365,,이번 산출물에서 제외(사용자 요청) - 추후 국토지리정보원 자료로 보강 필요,ASOS 일자료 조회서비스 응답 항목에 토양수분 필드 자체가 없어 변수 제외,"최근접 관측소 매칭(중심점법:exact, 거리 6.54km)"
2024,경상북도,안동시,47170,136,안동,6.54,14.19,-3.61,True,25.99,1070.6,1.46,2185.0,3029.4,0.43,-1.25,1.73,12.0,366,,이번 산출물에서 제외(사용자 요청) - 추후 국토지리정보원 자료로 보강 필요,ASOS 일자료 조회서비스 응답 항목에 토양수분 필드 자체가 없어 변수 제외,"최근접 관측소 매칭(중심점법:exact, 거리 6.54km)"
2025,경상북도,안동시,47170,136,안동,6.54,13.48,-6.03,True,26.23,887.2,1.54,2102.9,2893.4,-0.31,-1.69,1.27,12.0,365,,이번 산출물에서 제외(사용자 요청) - 추후 국토지리정보원 자료로 보강 필요,ASOS 일자료 조회서비스 응답 항목에 토양수분 필드 자체가 없어 변수 제외,"최근접 관측소 매칭(중심점법:exact, 거리 6.54km)"
2016,경상북도,영덕군,47770,277,영덕,9.97,13.82,-1.52,True,24.02,1088.3,2.79,1893.0,2738.3,0.01,-0.95,0.88,11.0,366,,이번 산출물에서 제외(사용자 요청) - 추후 국토지리정보원 자료로 보강 필요,ASOS 일자료 조회서비스 응답 항목에 토양수분 필드 자체가 없어 변수 제외,"최근접 관측소 매칭(중심점법:exact, 거리 9.97km)"
2017,경상북도,영덕군,47770,277,영덕,9.97,13.71,-1.05,True,23.87,880.3,2.81,1932.2,2756.2,-0.59,-1.73,0.47,12.0,365,,이번 산출물에서 제외(사용자 요청) - 추후 국토지리정보원 자료로 보강 필요,ASOS 일자료 조회서비스 응답 항목에 토양수분 필드 자체가 없어 변수 제외,"최근접 관측소 매칭(중심점법:exact, 거리 9.97km)"
2018,경상북도,영덕군,47770,277,영덕,9.97,13.45,-4.43,True,24.68,1365.4,2.89,1903.6,2744.1,0.5,-1.43,1.89,12.0,365,,이번 산출물에서 제외(사용자 요청) - 추후 국토지리정보원 자료로 보강 필요,ASOS 일자료 조회서비스 응답 항목에 토양수분 필드 자체가 없어 변수 제외,"최근접 관측소 매칭(중심점법:exact, 거리 9.97km)"
2019,경상북도,영덕군,47770,277,영덕,9.97,14.27,-1.32,True,23.79,1455.9,2.66,1939.0,2783.0,0.37,-1.28,1.88,12.0,365,,이번 산출물에서 제외(사용자 요청) - 추후 국토지리정보원 자료로 보강 필요,ASOS 일자료 조회서비스 응답 항목에 토양수분 필드 자체가 없어 변수 제외,"최근접 관측소 매칭(중심점법:exact, 거리 9.97km)"
2020,경상북도,영덕군,47770,277,영덕,9.97,13.56,0.34,True,23.11,1308.8,2.77,1678.1,2499.8,0.31,-2.13,2.17,12.0,366,,이번 산출물에서 제외(사용자 요청) - 추후 국토지리정보원 자료로 보강 필요,ASOS 일자료 조회서비스 응답 항목에 토양수분 필드 자체가 없어 변수 제외,"최근접 관측소 매칭(중심점법:exact, 거리 9.97km)"
2021,경상북도,영덕군,47770,277,영덕,9.97,13.5,-2.59,True,22.98,1287.0,2.53,1689.6,2550.0,0.2,-0.96,1.29,12.0,365,,이번 산출물에서 제외(사용자 요청) - 추후 국토지리정보원 자료로 보강 필요,ASOS 일자료 조회서비스 응답 항목에 토양수분 필드 자체가 없어 변수 제외,"최근접 관측소 매칭(중심점법:exact, 거리 9.97km)"
2022,경상북도,영덕군,47770,277,영덕,9.97,13.48,-2.62,True,23.81,802.2,2.63,1833.4,2697.9,-0.84,-1.97,0.16,12.0,365,,이번 산출물에서 제외(사용자 요청) - 추후 국토지리정보원 자료로 보강 필요,ASOS 일자료 조회서비스 응답 항목에 토양수분 필드 자체가 없어 변수 제외,"최근접 관측소 매칭(중심점법:exact, 거리 9.97km)"
2023,경상북도,영덕군,47770,277,영덕,9.97,14.12,-2.46,True,23.96,1228.7,2.47,1857.8,2723.2,0.19,-0.98,1.2,12.0,365,,이번 산출물에서 제외(사용자 요청) - 추후 국토지리정보원 자료로 보강 필요,ASOS 일자료 조회서비스 응답 항목에 토양수분 필드 자체가 없어 변수 제외,"최근접 관측소 매칭(중심점법:exact, 거리 9.97km)"
2024,경상북도,영덕군,47770,277,영덕,9.97,14.52,-0.59,True,25.14,848.4,2.73,2076.0,2933.3,-0.02,-1.6,1.89,12.0,366,,이번 산출물에서 제외(사용자 요청) - 추후 국토지리정보원 자료로 보강 필요,ASOS 일자료 조회서비스 응답 항목에 토양수분 필드 자체가 없어 변수 제외,"최근접 관측소 매칭(중심점법:exact, 거리 9.97km)"
2025,경상북도,영덕군,47770,277,영덕,9.97,14.22,-2.5,True,25.6,1077.8,2.54,2037.3,2872.0,-0.14,-1.56,0.98,12.0,365,,이번 산출물에서 제외(사용자 요청) - 추후 국토지리정보원 자료로 보강 필요,ASOS 일자료 조회서비스 응답 항목에 토양수분 필드 자체가 없어 변수 제외,"최근접 관측소 매칭(중심점법:exact, 거리 9.97km)"
2016,경상북도,영양군,47760,277,영덕,29.76,13.82,-1.52,True,24.02,1088.3,2.79,1893.0,2738.3,0.01,-0.95,0.88,11.0,366,,이번 산출물에서 제외(사용자 요청) - 추후 국토지리정보원 자료로 보강 필요,ASOS 일자료 조회서비스 응답 항목에 토양수분 필드 자체가 없어 변수 제외,"최근접 관측소 매칭(중심점법:exact, 거리 29.76km)"
2017,경상북도,영양군,47760,277,영덕,29.76,13.71,-1.05,True,23.87,880.3,2.81,1932.2,2756.2,-0.59,-1.73,0.47,12.0,365,,이번 산출물에서 제외(사용자 요청) - 추후 국토지리정보원 자료로 보강 필요,ASOS 일자료 조회서비스 응답 항목에 토양수분 필드 자체가 없어 변수 제외,"최근접 관측소 매칭(중심점법:exact, 거리 29.76km)"
2018,경상북도,영양군,47760,277,영덕,29.76,13.45,-4.43,True,24.68,1365.4,2.89,1903.6,2744.1,0.5,-1.43,1.89,12.0,365,,이번 산출물에서 제외(사용자 요청) - 추후 국토지리정보원 자료로 보강 필요,ASOS 일자료 조회서비스 응답 항목에 토양수분 필드 자체가 없어 변수 제외,"최근접 관측소 매칭(중심점법:exact, 거리 29.76km)"
2019,경상북도,영양군,47760,277,영덕,29.76,14.27,-1.32,True,23.79,1455.9,2.66,1939.0,2783.0,0.37,-1.28,1.88,12.0,365,,이번 산출물에서 제외(사용자 요청) - 추후 국토지리정보원 자료로 보강 필요,ASOS 일자료 조회서비스 응답 항목에 토양수분 필드 자체가 없어 변수 제외,"최근접 관측소 매칭(중심점법:exact, 거리 29.76km)"
2020,경상북도,영양군,47760,277,영덕,29.76,13.56,0.34,True,23.11,1308.8,2.77,1678.1,2499.8,0.31,-2.13,2.17,12.0,366,,이번 산출물에서 제외(사용자 요청) - 추후 국토지리정보원 자료로 보강 필요,ASOS 일자료 조회서비스 응답 항목에 토양수분 필드 자체가 없어 변수 제외,"최근접 관측소 매칭(중심점법:exact, 거리 29.76km)"
2021,경상북도,영양군,47760,277,영덕,29.76,13.5,-2.59,True,22.98,1287.0,2.53,1689.6,2550.0,0.2,-0.96,1.29,12.0,365,,이번 산출물에서 제외(사용자 요청) - 추후 국토지리정보원 자료로 보강 필요,ASOS 일자료 조회서비스 응답 항목에 토양수분 필드 자체가 없어 변수 제외,"최근접 관측소 매칭(중심점법:exact, 거리 29.76km)"
2022,경상북도,영양군,47760,277,영덕,29.76,13.48,-2.62,True,23.81,802.2,2.63,1833.4,2697.9,-0.84,-1.97,0.16,12.0,365,,이번 산출물에서 제외(사용자 요청) - 추후 국토지리정보원 자료로 보강 필요,ASOS 일자료 조회서비스 응답 항목에 토양수분 필드 자체가 없어 변수 제외,"최근접 관측소 매칭(중심점법:exact, 거리 29.76km)"
2023,경상북도,영양군,47760,277,영덕,29.76,14.12,-2.46,True,23.96,1228.7,2.47,1857.8,2723.2,0.19,-0.98,1.2,12.0,365,,이번 산출물에서 제외(사용자 요청) - 추후 국토지리정보원 자료로 보강 필요,ASOS 일자료 조회서비스 응답 항목에 토양수분 필드 자체가 없어 변수 제외,"최근접 관측소 매칭(중심점법:exact, 거리 29.76km)"
2024,경상북도,영양군,47760,277,영덕,29.76,14.52,-0.59,True,25.14,848.4,2.73,2076.0,2933.3,-0.02,-1.6,1.89,12.0,366,,이번 산출물에서 제외(사용자 요청) - 추후 국토지리정보원 자료로 보강 필요,ASOS 일자료 조회서비스 응답 항목에 토양수분 필드 자체가 없어 변수 제외,"최근접 관측소 매칭(중심점법:exact, 거리 29.76km)"
2025,경상북도,영양군,47760,277,영덕,29.76,14.22,-2.5,True,25.6,1077.8,2.54,2037.3,2872.0,-0.14,-1.56,0.98,12.0,365,,이번 산출물에서 제외(사용자 요청) - 추후 국토지리정보원 자료로 보강 필요,ASOS 일자료 조회서비스 응답 항목에 토양수분 필드 자체가 없어 변수 제외,"최근접 관측소 매칭(중심점법:exact, 거리 29.76km)"
2016,경상북도,영주시,47210,272,영주,7.18,12.32,-5.39,True,23.9,1263.3,2.45,1749.8,2539.9,-0.1,-2.31,1.11,11.0,366,,이번 산출물에서 제외(사용자 요청) - 추후 국토지리정보원 자료로 보강 필요,ASOS 일자료 조회서비스 응답 항목에 토양수분 필드 자체가 없어 변수 제외,"최근접 관측소 매칭(중심점법:exact, 거리 7.18km)"
2017,경상북도,영주시,47210,272,영주,7.18,11.67,-5.81,True,23.29,1055.3,2.68,1649.2,2413.6,-0.57,-1.49,0.73,12.0,365,,이번 산출물에서 제외(사용자 요청) - 추후 국토지리정보원 자료로 보강 필요,ASOS 일자료 조회서비스 응답 항목에 토양수분 필드 자체가 없어 변수 제외,"최근접 관측소 매칭(중심점법:exact, 거리 7.18km)"
2018,경상북도,영주시,47210,272,영주,7.18,11.64,-7.79,True,24.43,1591.5,2.44,1650.8,2400.4,0.54,-1.39,1.72,12.0,365,,이번 산출물에서 제외(사용자 요청) - 추후 국토지리정보원 자료로 보강 필요,ASOS 일자료 조회서비스 응답 항목에 토양수분 필드 자체가 없어 변수 제외,"최근접 관측소 매칭(중심점법:exact, 거리 7.18km)"
2019,경상북도,영주시,47210,272,영주,7.18,12.14,-5.92,True,23.04,996.4,2.41,1641.2,2375.8,-0.48,-1.32,1.02,12.0,365,,이번 산출물에서 제외(사용자 요청) - 추후 국토지리정보원 자료로 보강 필요,ASOS 일자료 조회서비스 응답 항목에 토양수분 필드 자체가 없어 변수 제외,"최근접 관측소 매칭(중심점법:exact, 거리 7.18km)"
2020,경상북도,영주시,47210,272,영주,7.18,12.06,-3.6,True,23.12,1499.9,2.37,1500.9,2228.0,0.08,-2.1,1.29,12.0,366,,이번 산출물에서 제외(사용자 요청) - 추후 국토지리정보원 자료로 보강 필요,ASOS 일자료 조회서비스 응답 항목에 토양수분 필드 자체가 없어 변수 제외,"최근접 관측소 매칭(중심점법:exact, 거리 7.18km)"
2021,경상북도,영주시,47210,272,영주,7.18,12.01,-6.39,True,23.06,1346.5,2.27,1572.3,2328.6,0.14,-0.96,1.48,12.0,365,,이번 산출물에서 제외(사용자 요청) - 추후 국토지리정보원 자료로 보강 필요,ASOS 일자료 조회서비스 응답 항목에 토양수분 필드 자체가 없어 변수 제외,"최근접 관측소 매칭(중심점법:exact, 거리 7.18km)"
2022,경상북도,영주시,47210,272,영주,7.18,11.86,-6.75,True,23.56,1083.8,2.46,1650.4,2412.6,-0.58,-1.79,0.53,12.0,365,,이번 산출물에서 제외(사용자 요청) - 추후 국토지리정보원 자료로 보강 필요,ASOS 일자료 조회서비스 응답 항목에 토양수분 필드 자체가 없어 변수 제외,"최근접 관측소 매칭(중심점법:exact, 거리 7.18km)"
2023,경상북도,영주시,47210,272,영주,7.18,12.44,-6.58,True,23.82,2216.1,2.16,1682.0,2480.4,0.8,-1.03,2.39,12.0,365,,이번 산출물에서 제외(사용자 요청) - 추후 국토지리정보원 자료로 보강 필요,ASOS 일자료 조회서비스 응답 항목에 토양수분 필드 자체가 없어 변수 제외,"최근접 관측소 매칭(중심점법:exact, 거리 7.18km)"
2024,경상북도,영주시,47210,272,영주,7.18,13.37,-4.0,True,24.75,1399.2,2.15,1920.2,2752.1,0.56,-0.32,1.77,12.0,366,,이번 산출물에서 제외(사용자 요청) - 추후 국토지리정보원 자료로 보강 필요,ASOS 일자료 조회서비스 응답 항목에 토양수분 필드 자체가 없어 변수 제외,"최근접 관측소 매칭(중심점법:exact, 거리 7.18km)"
2025,경상북도,영주시,47210,272,영주,7.18,12.57,-5.74,True,24.83,1093.6,2.32,1857.4,2626.0,-0.41,-1.77,1.12,12.0,365,,이번 산출물에서 제외(사용자 요청) - 추후 국토지리정보원 자료로 보강 필요,ASOS 일자료 조회서비스 응답 항목에 토양수분 필드 자체가 없어 변수 제외,"최근접 관측소 매칭(중심점법:exact, 거리 7.18km)"
2016,경상북도,영천시,47230,281,영천,4.33,13.88,-3.52,True,25.23,1175.2,1.79,2022.7,2858.3,0.57,-1.78,1.96,11.0,366,,이번 산출물에서 제외(사용자 요청) - 추후 국토지리정보원 자료로 보강 필요,ASOS 일자료 조회서비스 응답 항목에 토양수분 필드 자체가 없어 변수 제외,"최근접 관측소 매칭(중심점법:exact, 거리 4.33km)"
2017,경상북도,영천시,47230,281,영천,4.33,13.6,-3.66,True,25.18,713.9,1.91,2015.1,2810.4,-0.88,-1.89,0.34,12.0,365,,이번 산출물에서 제외(사용자 요청) - 추후 국토지리정보원 자료로 보강 필요,ASOS 일자료 조회서비스 응답 항목에 토양수분 필드 자체가 없어 변수 제외,"최근접 관측소 매칭(중심점법:exact, 거리 4.33km)"
2018,경상북도,영천시,47230,281,영천,4.33,13.4,-6.4,True,25.85,1149.8,1.82,1978.6,2803.1,0.37,-1.3,1.42,12.0,365,,이번 산출물에서 제외(사용자 요청) - 추후 국토지리정보원 자료로 보강 필요,ASOS 일자료 조회서비스 응답 항목에 토양수분 필드 자체가 없어 변수 제외,"최근접 관측소 매칭(중심점법:exact, 거리 4.33km)"
2019,경상북도,영천시,47230,281,영천,4.33,14.12,-3.69,True,24.73,1038.0,1.81,1982.6,2807.5,0.03,-1.18,1.32,12.0,365,,이번 산출물에서 제외(사용자 요청) - 추후 국토지리정보원 자료로 보강 필요,ASOS 일자료 조회서비스 응답 항목에 토양수분 필드 자체가 없어 변수 제외,"최근접 관측소 매칭(중심점법:exact, 거리 4.33km)"
2020,경상북도,영천시,47230,281,영천,4.33,13.34,-1.85,True,24.02,1234.5,1.79,1710.6,2504.8,0.43,-1.93,1.81,12.0,366,,이번 산출물에서 제외(사용자 요청) - 추후 국토지리정보원 자료로 보강 필요,ASOS 일자료 조회서비스 응답 항목에 토양수분 필드 자체가 없어 변수 제외,"최근접 관측소 매칭(중심점법:exact, 거리 4.33km)"
2021,경상북도,영천시,47230,281,영천,4.33,13.32,-4.58,True,23.9,1094.2,1.65,1791.9,2606.4,0.15,-0.77,0.88,12.0,365,,이번 산출물에서 제외(사용자 요청) - 추후 국토지리정보원 자료로 보강 필요,ASOS 일자료 조회서비스 응답 항목에 토양수분 필드 자체가 없어 변수 제외,"최근접 관측소 매칭(중심점법:exact, 거리 4.33km)"
2022,경상북도,영천시,47230,281,영천,4.33,13.31,-5.19,True,24.71,676.0,1.66,1866.1,2697.3,-1.3,-2.46,-0.45,12.0,365,,이번 산출물에서 제외(사용자 요청) - 추후 국토지리정보원 자료로 보강 필요,ASOS 일자료 조회서비스 응답 항목에 토양수분 필드 자체가 없어 변수 제외,"최근접 관측소 매칭(중심점법:exact, 거리 4.33km)"
2023,경상북도,영천시,47230,281,영천,4.33,13.94,-5.01,True,24.95,1296.0,1.6,1953.4,2810.9,0.32,-1.12,1.81,12.0,365,,이번 산출물에서 제외(사용자 요청) - 추후 국토지리정보원 자료로 보강 필요,ASOS 일자료 조회서비스 응답 항목에 토양수분 필드 자체가 없어 변수 제외,"최근접 관측소 매칭(중심점법:exact, 거리 4.33km)"
2024,경상북도,영천시,47230,281,영천,4.33,14.68,-2.24,True,25.96,1147.9,1.64,2186.7,3043.0,0.54,-1.07,1.68,12.0,366,,이번 산출물에서 제외(사용자 요청) - 추후 국토지리정보원 자료로 보강 필요,ASOS 일자료 조회서비스 응답 항목에 토양수분 필드 자체가 없어 변수 제외,"최근접 관측소 매칭(중심점법:exact, 거리 4.33km)"
2025,경상북도,영천시,47230,281,영천,4.33,14.03,-4.23,True,26.09,1047.7,1.72,2128.4,2931.2,-0.16,-1.42,1.04,12.0,365,,이번 산출물에서 제외(사용자 요청) - 추후 국토지리정보원 자료로 보강 필요,ASOS 일자료 조회서비스 응답 항목에 토양수분 필드 자체가 없어 변수 제외,"최근접 관측소 매칭(중심점법:exact, 거리 4.33km)"
2016,경상북도,예천군,47900,273,문경,24.6,12.32,-4.51,True,23.87,1193.8,1.8,1731.4,2522.2,-0.13,-1.87,1.05,11.0,366,,이번 산출물에서 제외(사용자 요청) - 추후 국토지리정보원 자료로 보강 필요,ASOS 일자료 조회서비스 응답 항목에 토양수분 필드 자체가 없어 변수 제외,"최근접 관측소 매칭(중심점법:exact, 거리 24.6km)"
2017,경상북도,예천군,47900,273,문경,24.6,12.4,-4.45,True,23.83,1292.8,1.97,1795.3,2584.2,-0.45,-1.72,0.87,12.0,365,,이번 산출물에서 제외(사용자 요청) - 추후 국토지리정보원 자료로 보강 필요,ASOS 일자료 조회서비스 응답 항목에 토양수분 필드 자체가 없어 변수 제외,"최근접 관측소 매칭(중심점법:exact, 거리 24.6km)"
2018,경상북도,예천군,47900,273,문경,24.6,12.45,-6.58,True,25.26,1360.1,1.96,1822.1,2608.0,0.35,-1.13,1.66,12.0,365,,이번 산출물에서 제외(사용자 요청) - 추후 국토지리정보원 자료로 보강 필요,ASOS 일자료 조회서비스 응답 항목에 토양수분 필드 자체가 없어 변수 제외,"최근접 관측소 매칭(중심점법:exact, 거리 24.6km)"
2019,경상북도,예천군,47900,273,문경,24.6,12.92,-4.56,True,23.63,1082.5,1.9,1768.2,2551.5,-0.34,-1.28,0.95,12.0,365,,이번 산출물에서 제외(사용자 요청) - 추후 국토지리정보원 자료로 보강 필요,ASOS 일자료 조회서비스 응답 항목에 토양수분 필드 자체가 없어 변수 제외,"최근접 관측소 매칭(중심점법:exact, 거리 24.6km)"
2020,경상북도,예천군,47900,273,문경,24.6,12.51,-2.72,True,23.48,1694.4,1.81,1595.2,2363.6,0.32,-1.75,1.67,12.0,366,,이번 산출물에서 제외(사용자 요청) - 추후 국토지리정보원 자료로 보강 필요,ASOS 일자료 조회서비스 응답 항목에 토양수분 필드 자체가 없어 변수 제외,"최근접 관측소 매칭(중심점법:exact, 거리 24.6km)"
2021,경상북도,예천군,47900,273,문경,24.6,12.6,-5.37,True,23.43,1367.3,1.71,1671.6,2466.8,0.08,-0.98,1.4,12.0,365,,이번 산출물에서 제외(사용자 요청) - 추후 국토지리정보원 자료로 보강 필요,ASOS 일자료 조회서비스 응답 항목에 토양수분 필드 자체가 없어 변수 제외,"최근접 관측소 매칭(중심점법:exact, 거리 24.6km)"
2022,경상북도,예천군,47900,273,문경,24.6,12.53,-5.48,True,24.06,1041.8,1.72,1773.4,2575.2,-0.66,-1.84,0.64,12.0,365,,이번 산출물에서 제외(사용자 요청) - 추후 국토지리정보원 자료로 보강 필요,ASOS 일자료 조회서비스 응답 항목에 토양수분 필드 자체가 없어 변수 제외,"최근접 관측소 매칭(중심점법:exact, 거리 24.6km)"
2023,경상북도,예천군,47900,273,문경,24.6,13.23,-5.62,True,24.51,1942.7,1.6,1855.9,2686.2,0.44,-1.46,1.85,12.0,365,,이번 산출물에서 제외(사용자 요청) - 추후 국토지리정보원 자료로 보강 필요,ASOS 일자료 조회서비스 응답 항목에 토양수분 필드 자체가 없어 변수 제외,"최근접 관측소 매칭(중심점법:exact, 거리 24.6km)"
2024,경상북도,예천군,47900,273,문경,24.6,13.95,-2.84,True,25.3,1400.0,1.58,2060.3,2902.4,0.56,-0.89,1.82,12.0,366,,이번 산출물에서 제외(사용자 요청) - 추후 국토지리정보원 자료로 보강 필요,ASOS 일자료 조회서비스 응답 항목에 토양수분 필드 자체가 없어 변수 제외,"최근접 관측소 매칭(중심점법:exact, 거리 24.6km)"
2025,경상북도,예천군,47900,273,문경,24.6,13.25,-4.75,True,25.35,1208.7,1.65,1999.8,2782.4,-0.19,-1.44,1.53,12.0,365,,이번 산출물에서 제외(사용자 요청) - 추후 국토지리정보원 자료로 보강 필요,ASOS 일자료 조회서비스 응답 항목에 토양수분 필드 자체가 없어 변수 제외,"최근접 관측소 매칭(중심점법:exact, 거리 24.6km)"
2016,경상북도,울릉군,47940,115,울릉도,4.07,13.24,0.84,True,22.69,2050.4,3.98,1642.5,2494.3,0.54,-0.93,1.83,11.0,366,,이번 산출물에서 제외(사용자 요청) - 추후 국토지리정보원 자료로 보강 필요,ASOS 일자료 조회서비스 응답 항목에 토양수분 필드 자체가 없어 변수 제외,"최근접 관측소 매칭(중심점법:exact, 거리 4.07km)"
2017,경상북도,울릉군,47940,115,울릉도,4.07,13.11,1.31,True,22.63,1181.7,3.93,1666.6,2473.8,-0.37,-2.15,2.41,12.0,365,,이번 산출물에서 제외(사용자 요청) - 추후 국토지리정보원 자료로 보강 필요,ASOS 일자료 조회서비스 응답 항목에 토양수분 필드 자체가 없어 변수 제외,"최근접 관측소 매칭(중심점법:exact, 거리 4.07km)"
2018,경상북도,울릉군,47940,115,울릉도,4.07,13.04,-1.14,True,23.44,1586.4,4.09,1685.0,2514.1,0.16,-1.01,1.94,12.0,365,,이번 산출물에서 제외(사용자 요청) - 추후 국토지리정보원 자료로 보강 필요,ASOS 일자료 조회서비스 응답 항목에 토양수분 필드 자체가 없어 변수 제외,"최근접 관측소 매칭(중심점법:exact, 거리 4.07km)"
2019,경상북도,울릉군,47940,115,울릉도,4.07,13.77,1.51,True,22.42,1367.4,3.85,1671.6,2498.2,-0.11,-0.73,0.95,12.0,365,,이번 산출물에서 제외(사용자 요청) - 추후 국토지리정보원 자료로 보강 필요,ASOS 일자료 조회서비스 응답 항목에 토양수분 필드 자체가 없어 변수 제외,"최근접 관측소 매칭(중심점법:exact, 거리 4.07km)"
2020,경상북도,울릉군,47940,115,울릉도,4.07,13.46,2.71,True,22.67,1462.0,3.75,1598.2,2413.6,-0.06,-1.52,1.4,12.0,366,,이번 산출물에서 제외(사용자 요청) - 추후 국토지리정보원 자료로 보강 필요,ASOS 일자료 조회서비스 응답 항목에 토양수분 필드 자체가 없어 변수 제외,"최근접 관측소 매칭(중심점법:exact, 거리 4.07km)"
2021,경상북도,울릉군,47940,115,울릉도,4.07,13.59,0.76,True,22.93,1533.0,3.57,1658.2,2531.6,-0.05,-1.11,0.77,12.0,365,,이번 산출물에서 제외(사용자 요청) - 추후 국토지리정보원 자료로 보강 필요,ASOS 일자료 조회서비스 응답 항목에 토양수분 필드 자체가 없어 변수 제외,"최근접 관측소 매칭(중심점법:exact, 거리 4.07km)"
2022,경상북도,울릉군,47940,115,울릉도,4.07,13.63,0.64,True,23.34,1211.4,3.63,1777.3,2637.4,-0.87,-2.19,0.67,12.0,365,,이번 산출물에서 제외(사용자 요청) - 추후 국토지리정보원 자료로 보강 필요,ASOS 일자료 조회서비스 응답 항목에 토양수분 필드 자체가 없어 변수 제외,"최근접 관측소 매칭(중심점법:exact, 거리 4.07km)"
2023,경상북도,울릉군,47940,115,울릉도,4.07,14.67,0.79,True,24.51,1527.4,3.91,1963.2,2864.4,-0.08,-1.5,1.18,12.0,365,,이번 산출물에서 제외(사용자 요청) - 추후 국토지리정보원 자료로 보강 필요,ASOS 일자료 조회서비스 응답 항목에 토양수분 필드 자체가 없어 변수 제외,"최근접 관측소 매칭(중심점법:exact, 거리 4.07km)"
2024,경상북도,울릉군,47940,115,울릉도,4.07,14.73,1.72,True,24.8,1953.6,4.19,2047.9,2919.5,0.5,-0.98,2.27,12.0,366,,이번 산출물에서 제외(사용자 요청) - 추후 국토지리정보원 자료로 보강 필요,ASOS 일자료 조회서비스 응답 항목에 토양수분 필드 자체가 없어 변수 제외,"최근접 관측소 매칭(중심점법:exact, 거리 4.07km)"
2025,경상북도,울릉군,47940,115,울릉도,4.07,14.56,1.17,True,25.41,1668.9,4.06,1995.7,2871.6,0.37,-0.36,1.34,12.0,365,,이번 산출물에서 제외(사용자 요청) - 추후 국토지리정보원 자료로 보강 필요,ASOS 일자료 조회서비스 응답 항목에 토양수분 필드 자체가 없어 변수 제외,"최근접 관측소 매칭(중심점법:exact, 거리 4.07km)"
2016,경상북도,울진군,47930,130,울진,13.2,13.27,-1.61,True,22.8,1196.3,2.53,1645.8,2477.2,-0.14,-1.29,0.86,11.0,366,,이번 산출물에서 제외(사용자 요청) - 추후 국토지리정보원 자료로 보강 필요,ASOS 일자료 조회서비스 응답 항목에 토양수분 필드 자체가 없어 변수 제외,"최근접 관측소 매칭(중심점법:exact, 거리 13.2km)"
2017,경상북도,울진군,47930,130,울진,13.2,13.26,-0.98,True,22.73,857.5,2.5,1688.3,2490.1,-0.56,-1.82,1.1,12.0,365,,이번 산출물에서 제외(사용자 요청) - 추후 국토지리정보원 자료로 보강 필요,ASOS 일자료 조회서비스 응답 항목에 토양수분 필드 자체가 없어 변수 제외,"최근접 관측소 매칭(중심점법:exact, 거리 13.2km)"
2018,경상북도,울진군,47930,130,울진,13.2,13.03,-3.98,True,23.46,1436.2,2.59,1700.5,2515.0,0.54,-1.36,2.28,12.0,365,,이번 산출물에서 제외(사용자 요청) - 추후 국토지리정보원 자료로 보강 필요,ASOS 일자료 조회서비스 응답 항목에 토양수분 필드 자체가 없어 변수 제외,"최근접 관측소 매칭(중심점법:exact, 거리 13.2km)"
2019,경상북도,울진군,47930,130,울진,13.2,13.94,-1.28,True,22.93,1581.2,2.48,1741.6,2568.1,0.38,-1.19,2.26,12.0,365,,이번 산출물에서 제외(사용자 요청) - 추후 국토지리정보원 자료로 보강 필요,ASOS 일자료 조회서비스 응답 항목에 토양수분 필드 자체가 없어 변수 제외,"최근접 관측소 매칭(중심점법:exact, 거리 13.2km)"
2020,경상북도,울진군,47930,130,울진,13.2,13.34,0.47,True,22.42,1336.2,2.55,1583.2,2384.9,0.41,-2.07,2.13,12.0,366,,이번 산출물에서 제외(사용자 요청) - 추후 국토지리정보원 자료로 보강 필요,ASOS 일자료 조회서비스 응답 항목에 토양수분 필드 자체가 없어 변수 제외,"최근접 관측소 매칭(중심점법:exact, 거리 13.2km)"
2021,경상북도,울진군,47930,130,울진,13.2,13.5,-2.66,True,22.91,1158.9,2.49,1657.2,2496.0,-0.01,-1.62,1.65,12.0,365,,이번 산출물에서 제외(사용자 요청) - 추후 국토지리정보원 자료로 보강 필요,ASOS 일자료 조회서비스 응답 항목에 토양수분 필드 자체가 없어 변수 제외,"최근접 관측소 매칭(중심점법:exact, 거리 13.2km)"
2022,경상북도,울진군,47930,130,울진,13.2,13.34,-2.71,True,23.38,1100.0,2.52,1735.7,2583.9,-0.66,-1.58,0.97,12.0,365,,이번 산출물에서 제외(사용자 요청) - 추후 국토지리정보원 자료로 보강 필요,ASOS 일자료 조회서비스 응답 항목에 토양수분 필드 자체가 없어 변수 제외,"최근접 관측소 매칭(중심점법:exact, 거리 13.2km)"
2023,경상북도,울진군,47930,130,울진,13.2,14.15,-2.18,True,23.65,1317.0,2.43,1836.2,2705.2,0.28,-0.89,1.27,12.0,365,,이번 산출물에서 제외(사용자 요청) - 추후 국토지리정보원 자료로 보강 필요,ASOS 일자료 조회서비스 응답 항목에 토양수분 필드 자체가 없어 변수 제외,"최근접 관측소 매칭(중심점법:exact, 거리 13.2km)"
2024,경상북도,울진군,47930,130,울진,13.2,14.47,-0.45,True,24.69,1017.3,2.37,1991.9,2850.4,0.09,-1.33,1.74,12.0,366,,이번 산출물에서 제외(사용자 요청) - 추후 국토지리정보원 자료로 보강 필요,ASOS 일자료 조회서비스 응답 항목에 토양수분 필드 자체가 없어 변수 제외,"최근접 관측소 매칭(중심점법:exact, 거리 13.2km)"
2025,경상북도,울진군,47930,130,울진,13.2,14.22,-2.14,True,25.24,1017.6,2.23,1997.2,2839.1,-0.35,-1.99,0.59,12.0,365,,이번 산출물에서 제외(사용자 요청) - 추후 국토지리정보원 자료로 보강 필요,ASOS 일자료 조회서비스 응답 항목에 토양수분 필드 자체가 없어 변수 제외,"최근접 관측소 매칭(중심점법:exact, 거리 13.2km)"
2016,경상북도,의성군,47730,278,의성,6.6,12.76,-7.05,True,25.02,1017.5,1.23,1953.2,2762.1,0.37,-0.8,1.41,11.0,366,,이번 산출물에서 제외(사용자 요청) - 추후 국토지리정보원 자료로 보강 필요,ASOS 일자료 조회서비스 응답 항목에 토양수분 필드 자체가 없어 변수 제외,"최근접 관측소 매칭(중심점법:exact, 거리 6.6km)"
2017,경상북도,의성군,47730,278,의성,6.6,11.98,-7.5,True,24.42,691.7,1.3,1815.5,2583.6,-0.8,-1.7,0.38,12.0,365,,이번 산출물에서 제외(사용자 요청) - 추후 국토지리정보원 자료로 보강 필요,ASOS 일자료 조회서비스 응답 항목에 토양수분 필드 자체가 없어 변수 제외,"최근접 관측소 매칭(중심점법:exact, 거리 6.6km)"
2018,경상북도,의성군,47730,278,의성,6.6,12.5,-9.98,True,26.11,1079.4,1.33,1942.6,2742.0,0.43,-1.53,1.75,12.0,365,,이번 산출물에서 제외(사용자 요청) - 추후 국토지리정보원 자료로 보강 필요,ASOS 일자료 조회서비스 응답 항목에 토양수분 필드 자체가 없어 변수 제외,"최근접 관측소 매칭(중심점법:exact, 거리 6.6km)"
2019,경상북도,의성군,47730,278,의성,6.6,12.97,-7.18,True,24.62,831.3,1.21,1908.4,2694.2,-0.16,-1.06,1.3,12.0,365,,이번 산출물에서 제외(사용자 요청) - 추후 국토지리정보원 자료로 보강 필요,ASOS 일자료 조회서비스 응답 항목에 토양수분 필드 자체가 없어 변수 제외,"최근접 관측소 매칭(중심점법:exact, 거리 6.6km)"
2020,경상북도,의성군,47730,278,의성,6.6,12.25,-4.58,True,24.17,1128.9,1.11,1688.2,2434.3,0.2,-1.72,1.38,12.0,366,,이번 산출물에서 제외(사용자 요청) - 추후 국토지리정보원 자료로 보강 필요,ASOS 일자료 조회서비스 응답 항목에 토양수분 필드 자체가 없어 변수 제외,"최근접 관측소 매칭(중심점법:exact, 거리 6.6km)"
2021,경상북도,의성군,47730,278,의성,6.6,12.42,-8.12,True,24.02,961.7,1.03,1782.6,2559.7,0.17,-0.49,1.18,12.0,365,,이번 산출물에서 제외(사용자 요청) - 추후 국토지리정보원 자료로 보강 필요,ASOS 일자료 조회서비스 응답 항목에 토양수분 필드 자체가 없어 변수 제외,"최근접 관측소 매칭(중심점법:exact, 거리 6.6km)"
2022,경상북도,의성군,47730,278,의성,6.6,12.26,-8.21,True,24.88,615.1,1.07,1845.8,2633.7,-1.19,-2.19,-0.19,12.0,365,,이번 산출물에서 제외(사용자 요청) - 추후 국토지리정보원 자료로 보강 필요,ASOS 일자료 조회서비스 응답 항목에 토양수분 필드 자체가 없어 변수 제외,"최근접 관측소 매칭(중심점법:exact, 거리 6.6km)"
2023,경상북도,의성군,47730,278,의성,6.6,13.01,-8.26,True,25.07,1575.4,0.97,1946.4,2776.0,0.85,-1.17,2.37,12.0,365,,이번 산출물에서 제외(사용자 요청) - 추후 국토지리정보원 자료로 보강 필요,ASOS 일자료 조회서비스 응답 항목에 토양수분 필드 자체가 없어 변수 제외,"최근접 관측소 매칭(중심점법:exact, 거리 6.6km)"
2024,경상북도,의성군,47730,278,의성,6.6,13.95,-4.31,True,25.91,970.0,1.01,2176.4,3015.3,0.33,-0.84,1.78,12.0,366,,이번 산출물에서 제외(사용자 요청) - 추후 국토지리정보원 자료로 보강 필요,ASOS 일자료 조회서비스 응답 항목에 토양수분 필드 자체가 없어 변수 제외,"최근접 관측소 매칭(중심점법:exact, 거리 6.6km)"
2025,경상북도,의성군,47730,278,의성,6.6,13.3,-8.01,True,26.18,964.3,1.07,2151.1,2935.8,-0.17,-1.27,1.29,12.0,365,,이번 산출물에서 제외(사용자 요청) - 추후 국토지리정보원 자료로 보강 필요,ASOS 일자료 조회서비스 응답 항목에 토양수분 필드 자체가 없어 변수 제외,"최근접 관측소 매칭(중심점법:exact, 거리 6.6km)"
2016,경상북도,청도군,47820,288,밀양,20.53,14.76,-2.57,True,25.95,1568.2,1.04,2212.6,3081.2,0.84,-0.9,2.01,11.0,366,,이번 산출물에서 제외(사용자 요청) - 추후 국토지리정보원 자료로 보강 필요,ASOS 일자료 조회서비스 응답 항목에 토양수분 필드 자체가 없어 변수 제외,"최근접 관측소 매칭(중심점법:exact, 거리 20.53km)"
2017,경상북도,청도군,47820,288,밀양,20.53,14.27,-3.55,True,26.16,558.1,1.1,2191.0,3003.4,-1.13,-2.17,0.74,12.0,365,,이번 산출물에서 제외(사용자 요청) - 추후 국토지리정보원 자료로 보강 필요,ASOS 일자료 조회서비스 응답 항목에 토양수분 필드 자체가 없어 변수 제외,"최근접 관측소 매칭(중심점법:exact, 거리 20.53km)"
2018,경상북도,청도군,47820,288,밀양,20.53,13.91,-6.09,True,26.21,1337.0,1.09,2078.6,2915.4,0.28,-1.59,1.16,12.0,365,,이번 산출물에서 제외(사용자 요청) - 추후 국토지리정보원 자료로 보강 필요,ASOS 일자료 조회서비스 응답 항목에 토양수분 필드 자체가 없어 변수 제외,"최근접 관측소 매칭(중심점법:exact, 거리 20.53km)"
2019,경상북도,청도군,47820,288,밀양,20.53,14.36,-3.65,True,24.87,1181.1,1.04,2030.0,2872.2,-0.04,-0.74,1.09,12.0,365,,이번 산출물에서 제외(사용자 요청) - 추후 국토지리정보원 자료로 보강 필요,ASOS 일자료 조회서비스 응답 항목에 토양수분 필드 자체가 없어 변수 제외,"최근접 관측소 매칭(중심점법:exact, 거리 20.53km)"
2020,경상북도,청도군,47820,288,밀양,20.53,14.13,-1.63,True,24.95,1398.8,1.06,1918.9,2762.5,0.23,-1.22,1.18,12.0,366,,이번 산출물에서 제외(사용자 요청) - 추후 국토지리정보원 자료로 보강 필요,ASOS 일자료 조회서비스 응답 항목에 토양수분 필드 자체가 없어 변수 제외,"최근접 관측소 매칭(중심점법:exact, 거리 20.53km)"
2021,경상북도,청도군,47820,288,밀양,20.53,14.54,-4.04,True,25.4,1202.5,1.04,2123.4,2996.8,0.01,-0.94,0.92,12.0,365,,이번 산출물에서 제외(사용자 요청) - 추후 국토지리정보원 자료로 보강 필요,ASOS 일자료 조회서비스 응답 항목에 토양수분 필드 자체가 없어 변수 제외,"최근접 관측소 매칭(중심점법:exact, 거리 20.53km)"
2022,경상북도,청도군,47820,288,밀양,20.53,14.61,-4.19,True,25.97,843.2,1.13,2195.0,3080.8,-1.02,-2.23,-0.24,12.0,365,,이번 산출물에서 제외(사용자 요청) - 추후 국토지리정보원 자료로 보강 필요,ASOS 일자료 조회서비스 응답 항목에 토양수분 필드 자체가 없어 변수 제외,"최근접 관측소 매칭(중심점법:exact, 거리 20.53km)"
2023,경상북도,청도군,47820,288,밀양,20.53,15.03,-3.95,True,26.02,1874.0,0.98,2236.6,3138.4,0.7,-0.95,2.31,12.0,365,,이번 산출물에서 제외(사용자 요청) - 추후 국토지리정보원 자료로 보강 필요,ASOS 일자료 조회서비스 응답 항목에 토양수분 필드 자체가 없어 변수 제외,"최근접 관측소 매칭(중심점법:exact, 거리 20.53km)"
2024,경상북도,청도군,47820,288,밀양,20.53,15.84,-1.05,True,26.93,1200.9,1.01,2508.2,3393.1,0.48,-0.91,1.75,12.0,366,,이번 산출물에서 제외(사용자 요청) - 추후 국토지리정보원 자료로 보강 필요,ASOS 일자료 조회서비스 응답 항목에 토양수분 필드 자체가 없어 변수 제외,"최근접 관측소 매칭(중심점법:exact, 거리 20.53km)"
2025,경상북도,청도군,47820,288,밀양,20.53,15.14,-4.28,True,27.27,1314.0,1.3,2450.8,3295.0,-0.26,-1.55,1.18,12.0,365,,이번 산출물에서 제외(사용자 요청) - 추후 국토지리정보원 자료로 보강 필요,ASOS 일자료 조회서비스 응답 항목에 토양수분 필드 자체가 없어 변수 제외,"최근접 관측소 매칭(중심점법:exact, 거리 20.53km)"
2016,경상북도,청송군,47750,276,청송군,8.82,11.82,-6.25,True,23.28,1008.0,1.31,1669.6,2455.1,0.15,-0.94,1.26,11.0,366,,이번 산출물에서 제외(사용자 요청) - 추후 국토지리정보원 자료로 보강 필요,ASOS 일자료 조회서비스 응답 항목에 토양수분 필드 자체가 없어 변수 제외,"최근접 관측소 매칭(중심점법:exact, 거리 8.82km)"
2017,경상북도,청송군,47750,276,청송군,8.82,11.22,-6.74,True,23.04,783.9,1.44,1618.9,2372.8,-0.71,-1.71,0.3,12.0,365,,이번 산출물에서 제외(사용자 요청) - 추후 국토지리정보원 자료로 보강 필요,ASOS 일자료 조회서비스 응답 항목에 토양수분 필드 자체가 없어 변수 제외,"최근접 관측소 매칭(중심점법:exact, 거리 8.82km)"
2018,경상북도,청송군,47750,276,청송군,8.82,11.27,-9.19,True,23.98,1139.7,1.45,1631.1,2383.4,0.44,-1.57,1.88,12.0,365,,이번 산출물에서 제외(사용자 요청) - 추후 국토지리정보원 자료로 보강 필요,ASOS 일자료 조회서비스 응답 항목에 토양수분 필드 자체가 없어 변수 제외,"최근접 관측소 매칭(중심점법:exact, 거리 8.82km)"
2019,경상북도,청송군,47750,276,청송군,8.82,11.72,-6.81,True,22.56,982.8,1.4,1566.5,2302.5,0.11,-0.95,1.55,12.0,365,,이번 산출물에서 제외(사용자 요청) - 추후 국토지리정보원 자료로 보강 필요,ASOS 일자료 조회서비스 응답 항목에 토양수분 필드 자체가 없어 변수 제외,"최근접 관측소 매칭(중심점법:exact, 거리 8.82km)"
2020,경상북도,청송군,47750,276,청송군,8.82,11.53,-4.55,True,22.94,1285.8,1.47,1529.1,2254.4,0.51,-1.69,1.7,12.0,366,,이번 산출물에서 제외(사용자 요청) - 추후 국토지리정보원 자료로 보강 필요,ASOS 일자료 조회서비스 응답 항목에 토양수분 필드 자체가 없어 변수 제외,"최근접 관측소 매칭(중심점법:exact, 거리 8.82km)"
2021,경상북도,청송군,47750,276,청송군,8.82,11.59,-8.06,True,23.04,987.7,1.86,1606.5,2343.2,0.05,-0.67,1.17,12.0,365,,이번 산출물에서 제외(사용자 요청) - 추후 국토지리정보원 자료로 보강 필요,ASOS 일자료 조회서비스 응답 항목에 토양수분 필드 자체가 없어 변수 제외,"최근접 관측소 매칭(중심점법:exact, 거리 8.82km)"
2022,경상북도,청송군,47750,276,청송군,8.82,11.32,-8.68,True,23.9,638.5,1.82,1660.6,2407.2,-1.22,-2.09,-0.41,12.0,365,,이번 산출물에서 제외(사용자 요청) - 추후 국토지리정보원 자료로 보강 필요,ASOS 일자료 조회서비스 응답 항목에 토양수분 필드 자체가 없어 변수 제외,"최근접 관측소 매칭(중심점법:exact, 거리 8.82km)"
2023,경상북도,청송군,47750,276,청송군,8.82,12.07,-8.7,True,24.12,1482.2,1.58,1769.4,2553.1,0.66,-1.12,2.06,12.0,365,,이번 산출물에서 제외(사용자 요청) - 추후 국토지리정보원 자료로 보강 필요,ASOS 일자료 조회서비스 응답 항목에 토양수분 필드 자체가 없어 변수 제외,"최근접 관측소 매칭(중심점법:exact, 거리 8.82km)"
2024,경상북도,청송군,47750,276,청송군,8.82,12.98,-5.18,True,24.92,948.7,1.66,1968.3,2790.6,0.27,-1.25,1.81,12.0,366,,이번 산출물에서 제외(사용자 요청) - 추후 국토지리정보원 자료로 보강 필요,ASOS 일자료 조회서비스 응답 항목에 토양수분 필드 자체가 없어 변수 제외,"최근접 관측소 매칭(중심점법:exact, 거리 8.82km)"
2025,경상북도,청송군,47750,276,청송군,8.82,12.53,-8.01,True,25.56,957.3,1.88,1992.0,2761.0,-0.25,-1.15,1.19,12.0,365,,이번 산출물에서 제외(사용자 요청) - 추후 국토지리정보원 자료로 보강 필요,ASOS 일자료 조회서비스 응답 항목에 토양수분 필드 자체가 없어 변수 제외,"최근접 관측소 매칭(중심점법:exact, 거리 8.82km)"
2016,경상북도,칠곡군,47850,279,구미,18.07,14.22,-2.57,True,25.65,1208.0,1.21,2089.6,2937.0,0.41,-0.57,1.29,11.0,366,,이번 산출물에서 제외(사용자 요청) - 추후 국토지리정보원 자료로 보강 필요,ASOS 일자료 조회서비스 응답 항목에 토양수분 필드 자체가 없어 변수 제외,"최근접 관측소 매칭(중심점법:exact, 거리 18.07km)"
2017,경상북도,칠곡군,47850,279,구미,18.07,13.79,-2.96,True,25.34,688.6,1.22,2052.1,2857.5,-1.07,-1.81,0.12,12.0,365,,이번 산출물에서 제외(사용자 요청) - 추후 국토지리정보원 자료로 보강 필요,ASOS 일자료 조회서비스 응답 항목에 토양수분 필드 자체가 없어 변수 제외,"최근접 관측소 매칭(중심점법:exact, 거리 18.07km)"
2018,경상북도,칠곡군,47850,279,구미,18.07,13.64,-5.02,True,26.22,1410.1,1.14,2028.8,2856.6,0.68,-1.03,1.79,12.0,365,,이번 산출물에서 제외(사용자 요청) - 추후 국토지리정보원 자료로 보강 필요,ASOS 일자료 조회서비스 응답 항목에 토양수분 필드 자체가 없어 변수 제외,"최근접 관측소 매칭(중심점법:exact, 거리 18.07km)"
2019,경상북도,칠곡군,47850,279,구미,18.07,14.2,-2.94,True,24.81,1133.2,1.04,2011.0,2840.2,0.11,-0.96,1.79,12.0,365,,이번 산출물에서 제외(사용자 요청) - 추후 국토지리정보원 자료로 보강 필요,ASOS 일자료 조회서비스 응답 항목에 토양수분 필드 자체가 없어 변수 제외,"최근접 관측소 매칭(중심점법:exact, 거리 18.07km)"
2020,경상북도,칠곡군,47850,279,구미,18.07,13.95,-1.03,True,24.82,1469.5,1.05,1876.6,2719.1,0.35,-1.79,1.68,12.0,366,,이번 산출물에서 제외(사용자 요청) - 추후 국토지리정보원 자료로 보강 필요,ASOS 일자료 조회서비스 응답 항목에 토양수분 필드 자체가 없어 변수 제외,"최근접 관측소 매칭(중심점법:exact, 거리 18.07km)"
2021,경상북도,칠곡군,47850,279,구미,18.07,13.99,-3.83,True,24.88,1098.0,0.92,1983.6,2842.9,-0.09,-0.56,0.72,12.0,365,,이번 산출물에서 제외(사용자 요청) - 추후 국토지리정보원 자료로 보강 필요,ASOS 일자료 조회서비스 응답 항목에 토양수분 필드 자체가 없어 변수 제외,"최근접 관측소 매칭(중심점법:exact, 거리 18.07km)"
2022,경상북도,칠곡군,47850,279,구미,18.07,13.94,-3.86,True,25.48,792.9,0.88,2071.0,2927.0,-0.97,-2.19,-0.15,12.0,365,,이번 산출물에서 제외(사용자 요청) - 추후 국토지리정보원 자료로 보강 필요,ASOS 일자료 조회서비스 응답 항목에 토양수분 필드 자체가 없어 변수 제외,"최근접 관측소 매칭(중심점법:exact, 거리 18.07km)"
2023,경상북도,칠곡군,47850,279,구미,18.07,14.43,-4.13,True,25.57,1772.6,0.74,2137.4,3011.2,0.64,-1.17,2.09,12.0,365,,이번 산출물에서 제외(사용자 요청) - 추후 국토지리정보원 자료로 보강 필요,ASOS 일자료 조회서비스 응답 항목에 토양수분 필드 자체가 없어 변수 제외,"최근접 관측소 매칭(중심점법:exact, 거리 18.07km)"
2024,경상북도,칠곡군,47850,279,구미,18.07,15.21,-1.46,True,26.71,995.7,0.83,2338.0,3201.4,0.16,-1.83,2.21,12.0,366,,이번 산출물에서 제외(사용자 요청) - 추후 국토지리정보원 자료로 보강 필요,ASOS 일자료 조회서비스 응답 항목에 토양수분 필드 자체가 없어 변수 제외,"최근접 관측소 매칭(중심점법:exact, 거리 18.07km)"
2025,경상북도,칠곡군,47850,279,구미,18.07,14.55,-4.04,True,27.1,1046.5,1.28,2337.9,3157.4,-0.19,-1.21,1.48,12.0,365,,이번 산출물에서 제외(사용자 요청) - 추후 국토지리정보원 자료로 보강 필요,ASOS 일자료 조회서비스 응답 항목에 토양수분 필드 자체가 없어 변수 제외,"최근접 관측소 매칭(중심점법:exact, 거리 18.07km)"
2016,경상북도,포항시 남구,47111,138,포항,9.5,15.24,0.29,True,25.44,1515.4,2.6,2174.4,3070.2,0.59,-0.96,1.63,11.0,366,,이번 산출물에서 제외(사용자 요청) - 추후 국토지리정보원 자료로 보강 필요,ASOS 일자료 조회서비스 응답 항목에 토양수분 필드 자체가 없어 변수 제외,"최근접 관측소 매칭(중심점법:parent_city_polygon, 거리 9.5km)"
2017,경상북도,포항시 남구,47111,138,포항,9.5,15.06,0.29,True,25.18,674.3,2.67,2188.9,3047.6,-1.08,-2.15,0.02,12.0,365,,이번 산출물에서 제외(사용자 요청) - 추후 국토지리정보원 자료로 보강 필요,ASOS 일자료 조회서비스 응답 항목에 토양수분 필드 자체가 없어 변수 제외,"최근접 관측소 매칭(중심점법:parent_city_polygon, 거리 9.5km)"
2018,경상북도,포항시 남구,47111,138,포항,9.5,14.91,-2.43,True,26.13,1284.3,2.75,2169.8,3062.8,0.34,-1.3,1.67,12.0,365,,이번 산출물에서 제외(사용자 요청) - 추후 국토지리정보원 자료로 보강 필요,ASOS 일자료 조회서비스 응답 항목에 토양수분 필드 자체가 없어 변수 제외,"최근접 관측소 매칭(중심점법:parent_city_polygon, 거리 9.5km)"
2019,경상북도,포항시 남구,47111,138,포항,9.5,15.57,0.33,True,24.9,1425.1,2.58,2167.2,3068.2,0.29,-0.92,1.58,12.0,365,,이번 산출물에서 제외(사용자 요청) - 추후 국토지리정보원 자료로 보강 필요,ASOS 일자료 조회서비스 응답 항목에 토양수분 필드 자체가 없어 변수 제외,"최근접 관측소 매칭(중심점법:parent_city_polygon, 거리 9.5km)"
2020,경상북도,포항시 남구,47111,138,포항,9.5,15.09,1.88,True,24.97,1238.9,2.72,2022.2,2923.6,0.27,-2.13,2.01,12.0,366,,이번 산출물에서 제외(사용자 요청) - 추후 국토지리정보원 자료로 보강 필요,ASOS 일자료 조회서비스 응답 항목에 토양수분 필드 자체가 없어 변수 제외,"최근접 관측소 매칭(중심점법:parent_city_polygon, 거리 9.5km)"
2021,경상북도,포항시 남구,47111,138,포항,9.5,15.21,-0.57,True,24.91,1405.7,2.7,2078.8,3014.4,0.38,-0.75,1.57,12.0,365,,이번 산출물에서 제외(사용자 요청) - 추후 국토지리정보원 자료로 보강 필요,ASOS 일자료 조회서비스 응답 항목에 토양수분 필드 자체가 없어 변수 제외,"최근접 관측소 매칭(중심점법:parent_city_polygon, 거리 9.5km)"
2022,경상북도,포항시 남구,47111,138,포항,9.5,15.14,-0.96,True,25.62,1061.6,2.69,2217.8,3129.9,-0.66,-1.53,1.0,12.0,365,,이번 산출물에서 제외(사용자 요청) - 추후 국토지리정보원 자료로 보강 필요,ASOS 일자료 조회서비스 응답 항목에 토양수분 필드 자체가 없어 변수 제외,"최근접 관측소 매칭(중심점법:parent_city_polygon, 거리 9.5km)"
2023,경상북도,포항시 남구,47111,138,포항,9.5,15.75,-0.68,True,25.64,1112.2,2.76,2263.2,3198.8,-0.06,-1.61,0.86,12.0,365,,이번 산출물에서 제외(사용자 요청) - 추후 국토지리정보원 자료로 보강 필요,ASOS 일자료 조회서비스 응답 항목에 토양수분 필드 자체가 없어 변수 제외,"최근접 관측소 매칭(중심점법:parent_city_polygon, 거리 9.5km)"
2024,경상북도,포항시 남구,47111,138,포항,9.5,16.16,1.38,True,26.56,1089.4,2.84,2416.6,3324.3,0.28,-1.48,1.71,12.0,366,,이번 산출물에서 제외(사용자 요청) - 추후 국토지리정보원 자료로 보강 필요,ASOS 일자료 조회서비스 응답 항목에 토양수분 필드 자체가 없어 변수 제외,"최근접 관측소 매칭(중심점법:parent_city_polygon, 거리 9.5km)"
2025,경상북도,포항시 남구,47111,138,포항,9.5,15.74,-0.58,True,27.09,1012.9,2.73,2366.0,3257.3,-0.31,-1.46,1.13,12.0,365,,이번 산출물에서 제외(사용자 요청) - 추후 국토지리정보원 자료로 보강 필요,ASOS 일자료 조회서비스 응답 항목에 토양수분 필드 자체가 없어 변수 제외,"최근접 관측소 매칭(중심점법:parent_city_polygon, 거리 9.5km)"
2016,경상북도,포항시 북구,47113,138,포항,9.5,15.24,0.29,True,25.44,1515.4,2.6,2174.4,3070.2,0.59,-0.96,1.63,11.0,366,,이번 산출물에서 제외(사용자 요청) - 추후 국토지리정보원 자료로 보강 필요,ASOS 일자료 조회서비스 응답 항목에 토양수분 필드 자체가 없어 변수 제외,"최근접 관측소 매칭(중심점법:parent_city_polygon, 거리 9.5km)"
2017,경상북도,포항시 북구,47113,138,포항,9.5,15.06,0.29,True,25.18,674.3,2.67,2188.9,3047.6,-1.08,-2.15,0.02,12.0,365,,이번 산출물에서 제외(사용자 요청) - 추후 국토지리정보원 자료로 보강 필요,ASOS 일자료 조회서비스 응답 항목에 토양수분 필드 자체가 없어 변수 제외,"최근접 관측소 매칭(중심점법:parent_city_polygon, 거리 9.5km)"
2018,경상북도,포항시 북구,47113,138,포항,9.5,14.91,-2.43,True,26.13,1284.3,2.75,2169.8,3062.8,0.34,-1.3,1.67,12.0,365,,이번 산출물에서 제외(사용자 요청) - 추후 국토지리정보원 자료로 보강 필요,ASOS 일자료 조회서비스 응답 항목에 토양수분 필드 자체가 없어 변수 제외,"최근접 관측소 매칭(중심점법:parent_city_polygon, 거리 9.5km)"
2019,경상북도,포항시 북구,47113,138,포항,9.5,15.57,0.33,True,24.9,1425.1,2.58,2167.2,3068.2,0.29,-0.92,1.58,12.0,365,,이번 산출물에서 제외(사용자 요청) - 추후 국토지리정보원 자료로 보강 필요,ASOS 일자료 조회서비스 응답 항목에 토양수분 필드 자체가 없어 변수 제외,"최근접 관측소 매칭(중심점법:parent_city_polygon, 거리 9.5km)"
2020,경상북도,포항시 북구,47113,138,포항,9.5,15.09,1.88,True,24.97,1238.9,2.72,2022.2,2923.6,0.27,-2.13,2.01,12.0,366,,이번 산출물에서 제외(사용자 요청) - 추후 국토지리정보원 자료로 보강 필요,ASOS 일자료 조회서비스 응답 항목에 토양수분 필드 자체가 없어 변수 제외,"최근접 관측소 매칭(중심점법:parent_city_polygon, 거리 9.5km)"
2021,경상북도,포항시 북구,47113,138,포항,9.5,15.21,-0.57,True,24.91,1405.7,2.7,2078.8,3014.4,0.38,-0.75,1.57,12.0,365,,이번 산출물에서 제외(사용자 요청) - 추후 국토지리정보원 자료로 보강 필요,ASOS 일자료 조회서비스 응답 항목에 토양수분 필드 자체가 없어 변수 제외,"최근접 관측소 매칭(중심점법:parent_city_polygon, 거리 9.5km)"
2022,경상북도,포항시 북구,47113,138,포항,9.5,15.14,-0.96,True,25.62,1061.6,2.69,2217.8,3129.9,-0.66,-1.53,1.0,12.0,365,,이번 산출물에서 제외(사용자 요청) - 추후 국토지리정보원 자료로 보강 필요,ASOS 일자료 조회서비스 응답 항목에 토양수분 필드 자체가 없어 변수 제외,"최근접 관측소 매칭(중심점법:parent_city_polygon, 거리 9.5km)"
2023,경상북도,포항시 북구,47113,138,포항,9.5,15.75,-0.68,True,25.64,1112.2,2.76,2263.2,3198.8,-0.06,-1.61,0.86,12.0,365,,이번 산출물에서 제외(사용자 요청) - 추후 국토지리정보원 자료로 보강 필요,ASOS 일자료 조회서비스 응답 항목에 토양수분 필드 자체가 없어 변수 제외,"최근접 관측소 매칭(중심점법:parent_city_polygon, 거리 9.5km)"
2024,경상북도,포항시 북구,47113,138,포항,9.5,16.16,1.38,True,26.56,1089.4,2.84,2416.6,3324.3,0.28,-1.48,1.71,12.0,366,,이번 산출물에서 제외(사용자 요청) - 추후 국토지리정보원 자료로 보강 필요,ASOS 일자료 조회서비스 응답 항목에 토양수분 필드 자체가 없어 변수 제외,"최근접 관측소 매칭(중심점법:parent_city_polygon, 거리 9.5km)"
2025,경상북도,포항시 북구,47113,138,포항,9.5,15.74,-0.58,True,27.09,1012.9,2.73,2366.0,3257.3,-0.31,-1.46,1.13,12.0,365,,이번 산출물에서 제외(사용자 요청) - 추후 국토지리정보원 자료로 보강 필요,ASOS 일자료 조회서비스 응답 항목에 토양수분 필드 자체가 없어 변수 제외,"최근접 관측소 매칭(중심점법:parent_city_polygon, 거리 9.5km)"
2016,광주광역시,광산구,29200,156,광주,12.65,15.05,-0.39,True,25.94,1482.3,1.62,2301.6,3198.5,0.65,-0.78,1.9,11.0,366,,이번 산출물에서 제외(사용자 요청) - 추후 국토지리정보원 자료로 보강 필요,ASOS 일자료 조회서비스 응답 항목에 토양수분 필드 자체가 없어 변수 제외,"최근접 관측소 매칭(중심점법:exact, 거리 12.65km)"
2017,광주광역시,광산구,29200,156,광주,12.65,14.66,-0.94,True,26.02,936.6,1.55,2248.6,3082.3,-0.85,-1.88,0.16,12.0,365,,이번 산출물에서 제외(사용자 요청) - 추후 국토지리정보원 자료로 보강 필요,ASOS 일자료 조회서비스 응답 항목에 토양수분 필드 자체가 없어 변수 제외,"최근접 관측소 매칭(중심점법:exact, 거리 12.65km)"
2018,광주광역시,광산구,29200,156,광주,12.65,14.7,-2.87,True,26.82,1427.9,1.58,2274.8,3159.2,0.25,-1.28,1.3,12.0,365,,이번 산출물에서 제외(사용자 요청) - 추후 국토지리정보원 자료로 보강 필요,ASOS 일자료 조회서비스 응답 항목에 토양수분 필드 자체가 없어 변수 제외,"최근접 관측소 매칭(중심점법:exact, 거리 12.65km)"
2019,광주광역시,광산구,29200,156,광주,12.65,14.72,-1.15,True,24.82,1085.9,1.48,2122.6,2979.5,-0.33,-0.94,0.68,12.0,365,,이번 산출물에서 제외(사용자 요청) - 추후 국토지리정보원 자료로 보강 필요,ASOS 일자료 조회서비스 응답 항목에 토양수분 필드 자체가 없어 변수 제외,"최근접 관측소 매칭(중심점법:exact, 거리 12.65km)"
2020,광주광역시,광산구,29200,156,광주,12.65,14.51,1.04,True,24.85,2027.0,1.56,1985.4,2860.2,0.38,-2.09,1.75,12.0,366,,이번 산출물에서 제외(사용자 요청) - 추후 국토지리정보원 자료로 보강 필요,ASOS 일자료 조회서비스 응답 항목에 토양수분 필드 자체가 없어 변수 제외,"최근접 관측소 매칭(중심점법:exact, 거리 12.65km)"
2021,광주광역시,광산구,29200,156,광주,12.65,15.13,-1.16,True,25.41,1303.8,1.36,2185.8,3115.8,-0.06,-0.82,1.06,12.0,365,,이번 산출물에서 제외(사용자 요청) - 추후 국토지리정보원 자료로 보강 필요,ASOS 일자료 조회서비스 응답 항목에 토양수분 필드 자체가 없어 변수 제외,"최근접 관측소 매칭(중심점법:exact, 거리 12.65km)"
2022,광주광역시,광산구,29200,156,광주,12.65,14.85,-1.55,True,25.93,769.9,1.4,2275.0,3187.3,-1.14,-2.34,-0.3,12.0,365,,이번 산출물에서 제외(사용자 요청) - 추후 국토지리정보원 자료로 보강 필요,ASOS 일자료 조회서비스 응답 항목에 토양수분 필드 자체가 없어 변수 제외,"최근접 관측소 매칭(중심점법:exact, 거리 12.65km)"
2023,광주광역시,광산구,29200,156,광주,12.65,15.34,-1.9,True,25.7,2116.1,1.16,2322.9,3232.5,0.35,-1.24,2.02,12.0,365,,이번 산출물에서 제외(사용자 요청) - 추후 국토지리정보원 자료로 보강 필요,ASOS 일자료 조회서비스 응답 항목에 토양수분 필드 자체가 없어 변수 제외,"최근접 관측소 매칭(중심점법:exact, 거리 12.65km)"
2024,광주광역시,광산구,29200,156,광주,12.65,15.97,0.94,True,26.39,1291.0,1.32,2490.8,3389.4,0.5,-0.66,2.33,12.0,366,,이번 산출물에서 제외(사용자 요청) - 추후 국토지리정보원 자료로 보강 필요,ASOS 일자료 조회서비스 응답 항목에 토양수분 필드 자체가 없어 변수 제외,"최근접 관측소 매칭(중심점법:exact, 거리 12.65km)"
2025,광주광역시,광산구,29200,156,광주,12.65,15.31,-1.47,True,26.64,1974.6,1.43,2385.1,3261.0,0.29,-1.19,1.4,12.0,365,,이번 산출물에서 제외(사용자 요청) - 추후 국토지리정보원 자료로 보강 필요,ASOS 일자료 조회서비스 응답 항목에 토양수분 필드 자체가 없어 변수 제외,"최근접 관측소 매칭(중심점법:exact, 거리 12.65km)"
2016,광주광역시,남구,29155,156,광주,9.42,15.05,-0.39,True,25.94,1482.3,1.62,2301.6,3198.5,0.65,-0.78,1.9,11.0,366,,이번 산출물에서 제외(사용자 요청) - 추후 국토지리정보원 자료로 보강 필요,ASOS 일자료 조회서비스 응답 항목에 토양수분 필드 자체가 없어 변수 제외,"최근접 관측소 매칭(중심점법:exact, 거리 9.42km)"
2017,광주광역시,남구,29155,156,광주,9.42,14.66,-0.94,True,26.02,936.6,1.55,2248.6,3082.3,-0.85,-1.88,0.16,12.0,365,,이번 산출물에서 제외(사용자 요청) - 추후 국토지리정보원 자료로 보강 필요,ASOS 일자료 조회서비스 응답 항목에 토양수분 필드 자체가 없어 변수 제외,"최근접 관측소 매칭(중심점법:exact, 거리 9.42km)"
2018,광주광역시,남구,29155,156,광주,9.42,14.7,-2.87,True,26.82,1427.9,1.58,2274.8,3159.2,0.25,-1.28,1.3,12.0,365,,이번 산출물에서 제외(사용자 요청) - 추후 국토지리정보원 자료로 보강 필요,ASOS 일자료 조회서비스 응답 항목에 토양수분 필드 자체가 없어 변수 제외,"최근접 관측소 매칭(중심점법:exact, 거리 9.42km)"
2019,광주광역시,남구,29155,156,광주,9.42,14.72,-1.15,True,24.82,1085.9,1.48,2122.6,2979.5,-0.33,-0.94,0.68,12.0,365,,이번 산출물에서 제외(사용자 요청) - 추후 국토지리정보원 자료로 보강 필요,ASOS 일자료 조회서비스 응답 항목에 토양수분 필드 자체가 없어 변수 제외,"최근접 관측소 매칭(중심점법:exact, 거리 9.42km)"
2020,광주광역시,남구,29155,156,광주,9.42,14.51,1.04,True,24.85,2027.0,1.56,1985.4,2860.2,0.38,-2.09,1.75,12.0,366,,이번 산출물에서 제외(사용자 요청) - 추후 국토지리정보원 자료로 보강 필요,ASOS 일자료 조회서비스 응답 항목에 토양수분 필드 자체가 없어 변수 제외,"최근접 관측소 매칭(중심점법:exact, 거리 9.42km)"
2021,광주광역시,남구,29155,156,광주,9.42,15.13,-1.16,True,25.41,1303.8,1.36,2185.8,3115.8,-0.06,-0.82,1.06,12.0,365,,이번 산출물에서 제외(사용자 요청) - 추후 국토지리정보원 자료로 보강 필요,ASOS 일자료 조회서비스 응답 항목에 토양수분 필드 자체가 없어 변수 제외,"최근접 관측소 매칭(중심점법:exact, 거리 9.42km)"
2022,광주광역시,남구,29155,156,광주,9.42,14.85,-1.55,True,25.93,769.9,1.4,2275.0,3187.3,-1.14,-2.34,-0.3,12.0,365,,이번 산출물에서 제외(사용자 요청) - 추후 국토지리정보원 자료로 보강 필요,ASOS 일자료 조회서비스 응답 항목에 토양수분 필드 자체가 없어 변수 제외,"최근접 관측소 매칭(중심점법:exact, 거리 9.42km)"
2023,광주광역시,남구,29155,156,광주,9.42,15.34,-1.9,True,25.7,2116.1,1.16,2322.9,3232.5,0.35,-1.24,2.02,12.0,365,,이번 산출물에서 제외(사용자 요청) - 추후 국토지리정보원 자료로 보강 필요,ASOS 일자료 조회서비스 응답 항목에 토양수분 필드 자체가 없어 변수 제외,"최근접 관측소 매칭(중심점법:exact, 거리 9.42km)"
2024,광주광역시,남구,29155,156,광주,9.42,15.97,0.94,True,26.39,1291.0,1.32,2490.8,3389.4,0.5,-0.66,2.33,12.0,366,,이번 산출물에서 제외(사용자 요청) - 추후 국토지리정보원 자료로 보강 필요,ASOS 일자료 조회서비스 응답 항목에 토양수분 필드 자체가 없어 변수 제외,"최근접 관측소 매칭(중심점법:exact, 거리 9.42km)"
2025,광주광역시,남구,29155,156,광주,9.42,15.31,-1.47,True,26.64,1974.6,1.43,2385.1,3261.0,0.29,-1.19,1.4,12.0,365,,이번 산출물에서 제외(사용자 요청) - 추후 국토지리정보원 자료로 보강 필요,ASOS 일자료 조회서비스 응답 항목에 토양수분 필드 자체가 없어 변수 제외,"최근접 관측소 매칭(중심점법:exact, 거리 9.42km)"
2016,광주광역시,동구,29110,156,광주,8.1,15.05,-0.39,True,25.94,1482.3,1.62,2301.6,3198.5,0.65,-0.78,1.9,11.0,366,,이번 산출물에서 제외(사용자 요청) - 추후 국토지리정보원 자료로 보강 필요,ASOS 일자료 조회서비스 응답 항목에 토양수분 필드 자체가 없어 변수 제외,"최근접 관측소 매칭(중심점법:exact, 거리 8.1km)"
2017,광주광역시,동구,29110,156,광주,8.1,14.66,-0.94,True,26.02,936.6,1.55,2248.6,3082.3,-0.85,-1.88,0.16,12.0,365,,이번 산출물에서 제외(사용자 요청) - 추후 국토지리정보원 자료로 보강 필요,ASOS 일자료 조회서비스 응답 항목에 토양수분 필드 자체가 없어 변수 제외,"최근접 관측소 매칭(중심점법:exact, 거리 8.1km)"
2018,광주광역시,동구,29110,156,광주,8.1,14.7,-2.87,True,26.82,1427.9,1.58,2274.8,3159.2,0.25,-1.28,1.3,12.0,365,,이번 산출물에서 제외(사용자 요청) - 추후 국토지리정보원 자료로 보강 필요,ASOS 일자료 조회서비스 응답 항목에 토양수분 필드 자체가 없어 변수 제외,"최근접 관측소 매칭(중심점법:exact, 거리 8.1km)"
2019,광주광역시,동구,29110,156,광주,8.1,14.72,-1.15,True,24.82,1085.9,1.48,2122.6,2979.5,-0.33,-0.94,0.68,12.0,365,,이번 산출물에서 제외(사용자 요청) - 추후 국토지리정보원 자료로 보강 필요,ASOS 일자료 조회서비스 응답 항목에 토양수분 필드 자체가 없어 변수 제외,"최근접 관측소 매칭(중심점법:exact, 거리 8.1km)"
2020,광주광역시,동구,29110,156,광주,8.1,14.51,1.04,True,24.85,2027.0,1.56,1985.4,2860.2,0.38,-2.09,1.75,12.0,366,,이번 산출물에서 제외(사용자 요청) - 추후 국토지리정보원 자료로 보강 필요,ASOS 일자료 조회서비스 응답 항목에 토양수분 필드 자체가 없어 변수 제외,"최근접 관측소 매칭(중심점법:exact, 거리 8.1km)"
2021,광주광역시,동구,29110,156,광주,8.1,15.13,-1.16,True,25.41,1303.8,1.36,2185.8,3115.8,-0.06,-0.82,1.06,12.0,365,,이번 산출물에서 제외(사용자 요청) - 추후 국토지리정보원 자료로 보강 필요,ASOS 일자료 조회서비스 응답 항목에 토양수분 필드 자체가 없어 변수 제외,"최근접 관측소 매칭(중심점법:exact, 거리 8.1km)"
2022,광주광역시,동구,29110,156,광주,8.1,14.85,-1.55,True,25.93,769.9,1.4,2275.0,3187.3,-1.14,-2.34,-0.3,12.0,365,,이번 산출물에서 제외(사용자 요청) - 추후 국토지리정보원 자료로 보강 필요,ASOS 일자료 조회서비스 응답 항목에 토양수분 필드 자체가 없어 변수 제외,"최근접 관측소 매칭(중심점법:exact, 거리 8.1km)"
2023,광주광역시,동구,29110,156,광주,8.1,15.34,-1.9,True,25.7,2116.1,1.16,2322.9,3232.5,0.35,-1.24,2.02,12.0,365,,이번 산출물에서 제외(사용자 요청) - 추후 국토지리정보원 자료로 보강 필요,ASOS 일자료 조회서비스 응답 항목에 토양수분 필드 자체가 없어 변수 제외,"최근접 관측소 매칭(중심점법:exact, 거리 8.1km)"
2024,광주광역시,동구,29110,156,광주,8.1,15.97,0.94,True,26.39,1291.0,1.32,2490.8,3389.4,0.5,-0.66,2.33,12.0,366,,이번 산출물에서 제외(사용자 요청) - 추후 국토지리정보원 자료로 보강 필요,ASOS 일자료 조회서비스 응답 항목에 토양수분 필드 자체가 없어 변수 제외,"최근접 관측소 매칭(중심점법:exact, 거리 8.1km)"
2025,광주광역시,동구,29110,156,광주,8.1,15.31,-1.47,True,26.64,1974.6,1.43,2385.1,3261.0,0.29,-1.19,1.4,12.0,365,,이번 산출물에서 제외(사용자 요청) - 추후 국토지리정보원 자료로 보강 필요,ASOS 일자료 조회서비스 응답 항목에 토양수분 필드 자체가 없어 변수 제외,"최근접 관측소 매칭(중심점법:exact, 거리 8.1km)"
2016,광주광역시,북구,29170,156,광주,3.82,15.05,-0.39,True,25.94,1482.3,1.62,2301.6,3198.5,0.65,-0.78,1.9,11.0,366,,이번 산출물에서 제외(사용자 요청) - 추후 국토지리정보원 자료로 보강 필요,ASOS 일자료 조회서비스 응답 항목에 토양수분 필드 자체가 없어 변수 제외,"최근접 관측소 매칭(중심점법:exact, 거리 3.82km)"
2017,광주광역시,북구,29170,156,광주,3.82,14.66,-0.94,True,26.02,936.6,1.55,2248.6,3082.3,-0.85,-1.88,0.16,12.0,365,,이번 산출물에서 제외(사용자 요청) - 추후 국토지리정보원 자료로 보강 필요,ASOS 일자료 조회서비스 응답 항목에 토양수분 필드 자체가 없어 변수 제외,"최근접 관측소 매칭(중심점법:exact, 거리 3.82km)"
2018,광주광역시,북구,29170,156,광주,3.82,14.7,-2.87,True,26.82,1427.9,1.58,2274.8,3159.2,0.25,-1.28,1.3,12.0,365,,이번 산출물에서 제외(사용자 요청) - 추후 국토지리정보원 자료로 보강 필요,ASOS 일자료 조회서비스 응답 항목에 토양수분 필드 자체가 없어 변수 제외,"최근접 관측소 매칭(중심점법:exact, 거리 3.82km)"
2019,광주광역시,북구,29170,156,광주,3.82,14.72,-1.15,True,24.82,1085.9,1.48,2122.6,2979.5,-0.33,-0.94,0.68,12.0,365,,이번 산출물에서 제외(사용자 요청) - 추후 국토지리정보원 자료로 보강 필요,ASOS 일자료 조회서비스 응답 항목에 토양수분 필드 자체가 없어 변수 제외,"최근접 관측소 매칭(중심점법:exact, 거리 3.82km)"
2020,광주광역시,북구,29170,156,광주,3.82,14.51,1.04,True,24.85,2027.0,1.56,1985.4,2860.2,0.38,-2.09,1.75,12.0,366,,이번 산출물에서 제외(사용자 요청) - 추후 국토지리정보원 자료로 보강 필요,ASOS 일자료 조회서비스 응답 항목에 토양수분 필드 자체가 없어 변수 제외,"최근접 관측소 매칭(중심점법:exact, 거리 3.82km)"
2021,광주광역시,북구,29170,156,광주,3.82,15.13,-1.16,True,25.41,1303.8,1.36,2185.8,3115.8,-0.06,-0.82,1.06,12.0,365,,이번 산출물에서 제외(사용자 요청) - 추후 국토지리정보원 자료로 보강 필요,ASOS 일자료 조회서비스 응답 항목에 토양수분 필드 자체가 없어 변수 제외,"최근접 관측소 매칭(중심점법:exact, 거리 3.82km)"
2022,광주광역시,북구,29170,156,광주,3.82,14.85,-1.55,True,25.93,769.9,1.4,2275.0,3187.3,-1.14,-2.34,-0.3,12.0,365,,이번 산출물에서 제외(사용자 요청) - 추후 국토지리정보원 자료로 보강 필요,ASOS 일자료 조회서비스 응답 항목에 토양수분 필드 자체가 없어 변수 제외,"최근접 관측소 매칭(중심점법:exact, 거리 3.82km)"
2023,광주광역시,북구,29170,156,광주,3.82,15.34,-1.9,True,25.7,2116.1,1.16,2322.9,3232.5,0.35,-1.24,2.02,12.0,365,,이번 산출물에서 제외(사용자 요청) - 추후 국토지리정보원 자료로 보강 필요,ASOS 일자료 조회서비스 응답 항목에 토양수분 필드 자체가 없어 변수 제외,"최근접 관측소 매칭(중심점법:exact, 거리 3.82km)"
2024,광주광역시,북구,29170,156,광주,3.82,15.97,0.94,True,26.39,1291.0,1.32,2490.8,3389.4,0.5,-0.66,2.33,12.0,366,,이번 산출물에서 제외(사용자 요청) - 추후 국토지리정보원 자료로 보강 필요,ASOS 일자료 조회서비스 응답 항목에 토양수분 필드 자체가 없어 변수 제외,"최근접 관측소 매칭(중심점법:exact, 거리 3.82km)"
2025,광주광역시,북구,29170,156,광주,3.82,15.31,-1.47,True,26.64,1974.6,1.43,2385.1,3261.0,0.29,-1.19,1.4,12.0,365,,이번 산출물에서 제외(사용자 요청) - 추후 국토지리정보원 자료로 보강 필요,ASOS 일자료 조회서비스 응답 항목에 토양수분 필드 자체가 없어 변수 제외,"최근접 관측소 매칭(중심점법:exact, 거리 3.82km)"
2016,광주광역시,서구,29140,156,광주,5.58,15.05,-0.39,True,25.94,1482.3,1.62,2301.6,3198.5,0.65,-0.78,1.9,11.0,366,,이번 산출물에서 제외(사용자 요청) - 추후 국토지리정보원 자료로 보강 필요,ASOS 일자료 조회서비스 응답 항목에 토양수분 필드 자체가 없어 변수 제외,"최근접 관측소 매칭(중심점법:exact, 거리 5.58km)"
2017,광주광역시,서구,29140,156,광주,5.58,14.66,-0.94,True,26.02,936.6,1.55,2248.6,3082.3,-0.85,-1.88,0.16,12.0,365,,이번 산출물에서 제외(사용자 요청) - 추후 국토지리정보원 자료로 보강 필요,ASOS 일자료 조회서비스 응답 항목에 토양수분 필드 자체가 없어 변수 제외,"최근접 관측소 매칭(중심점법:exact, 거리 5.58km)"
2018,광주광역시,서구,29140,156,광주,5.58,14.7,-2.87,True,26.82,1427.9,1.58,2274.8,3159.2,0.25,-1.28,1.3,12.0,365,,이번 산출물에서 제외(사용자 요청) - 추후 국토지리정보원 자료로 보강 필요,ASOS 일자료 조회서비스 응답 항목에 토양수분 필드 자체가 없어 변수 제외,"최근접 관측소 매칭(중심점법:exact, 거리 5.58km)"
2019,광주광역시,서구,29140,156,광주,5.58,14.72,-1.15,True,24.82,1085.9,1.48,2122.6,2979.5,-0.33,-0.94,0.68,12.0,365,,이번 산출물에서 제외(사용자 요청) - 추후 국토지리정보원 자료로 보강 필요,ASOS 일자료 조회서비스 응답 항목에 토양수분 필드 자체가 없어 변수 제외,"최근접 관측소 매칭(중심점법:exact, 거리 5.58km)"
2020,광주광역시,서구,29140,156,광주,5.58,14.51,1.04,True,24.85,2027.0,1.56,1985.4,2860.2,0.38,-2.09,1.75,12.0,366,,이번 산출물에서 제외(사용자 요청) - 추후 국토지리정보원 자료로 보강 필요,ASOS 일자료 조회서비스 응답 항목에 토양수분 필드 자체가 없어 변수 제외,"최근접 관측소 매칭(중심점법:exact, 거리 5.58km)"
2021,광주광역시,서구,29140,156,광주,5.58,15.13,-1.16,True,25.41,1303.8,1.36,2185.8,3115.8,-0.06,-0.82,1.06,12.0,365,,이번 산출물에서 제외(사용자 요청) - 추후 국토지리정보원 자료로 보강 필요,ASOS 일자료 조회서비스 응답 항목에 토양수분 필드 자체가 없어 변수 제외,"최근접 관측소 매칭(중심점법:exact, 거리 5.58km)"
2022,광주광역시,서구,29140,156,광주,5.58,14.85,-1.55,True,25.93,769.9,1.4,2275.0,3187.3,-1.14,-2.34,-0.3,12.0,365,,이번 산출물에서 제외(사용자 요청) - 추후 국토지리정보원 자료로 보강 필요,ASOS 일자료 조회서비스 응답 항목에 토양수분 필드 자체가 없어 변수 제외,"최근접 관측소 매칭(중심점법:exact, 거리 5.58km)"
2023,광주광역시,서구,29140,156,광주,5.58,15.34,-1.9,True,25.7,2116.1,1.16,2322.9,3232.5,0.35,-1.24,2.02,12.0,365,,이번 산출물에서 제외(사용자 요청) - 추후 국토지리정보원 자료로 보강 필요,ASOS 일자료 조회서비스 응답 항목에 토양수분 필드 자체가 없어 변수 제외,"최근접 관측소 매칭(중심점법:exact, 거리 5.58km)"
2024,광주광역시,서구,29140,156,광주,5.58,15.97,0.94,True,26.39,1291.0,1.32,2490.8,3389.4,0.5,-0.66,2.33,12.0,366,,이번 산출물에서 제외(사용자 요청) - 추후 국토지리정보원 자료로 보강 필요,ASOS 일자료 조회서비스 응답 항목에 토양수분 필드 자체가 없어 변수 제외,"최근접 관측소 매칭(중심점법:exact, 거리 5.58km)"
2025,광주광역시,서구,29140,156,광주,5.58,15.31,-1.47,True,26.64,1974.6,1.43,2385.1,3261.0,0.29,-1.19,1.4,12.0,365,,이번 산출물에서 제외(사용자 요청) - 추후 국토지리정보원 자료로 보강 필요,ASOS 일자료 조회서비스 응답 항목에 토양수분 필드 자체가 없어 변수 제외,"최근접 관측소 매칭(중심점법:exact, 거리 5.58km)"
2016,대구광역시,군위군,27720,278,의성,21.0,12.76,-7.05,True,25.02,1017.5,1.23,1953.2,2762.1,0.37,-0.8,1.41,11.0,366,,이번 산출물에서 제외(사용자 요청) - 추후 국토지리정보원 자료로 보강 필요,ASOS 일자료 조회서비스 응답 항목에 토양수분 필드 자체가 없어 변수 제외,"최근접 관측소 매칭(중심점법:exact(보정), 거리 21.0km)"
2017,대구광역시,군위군,27720,278,의성,21.0,11.98,-7.5,True,24.42,691.7,1.3,1815.5,2583.6,-0.8,-1.7,0.38,12.0,365,,이번 산출물에서 제외(사용자 요청) - 추후 국토지리정보원 자료로 보강 필요,ASOS 일자료 조회서비스 응답 항목에 토양수분 필드 자체가 없어 변수 제외,"최근접 관측소 매칭(중심점법:exact(보정), 거리 21.0km)"
2018,대구광역시,군위군,27720,278,의성,21.0,12.5,-9.98,True,26.11,1079.4,1.33,1942.6,2742.0,0.43,-1.53,1.75,12.0,365,,이번 산출물에서 제외(사용자 요청) - 추후 국토지리정보원 자료로 보강 필요,ASOS 일자료 조회서비스 응답 항목에 토양수분 필드 자체가 없어 변수 제외,"최근접 관측소 매칭(중심점법:exact(보정), 거리 21.0km)"
2019,대구광역시,군위군,27720,278,의성,21.0,12.97,-7.18,True,24.62,831.3,1.21,1908.4,2694.2,-0.16,-1.06,1.3,12.0,365,,이번 산출물에서 제외(사용자 요청) - 추후 국토지리정보원 자료로 보강 필요,ASOS 일자료 조회서비스 응답 항목에 토양수분 필드 자체가 없어 변수 제외,"최근접 관측소 매칭(중심점법:exact(보정), 거리 21.0km)"
2020,대구광역시,군위군,27720,278,의성,21.0,12.25,-4.58,True,24.17,1128.9,1.11,1688.2,2434.3,0.2,-1.72,1.38,12.0,366,,이번 산출물에서 제외(사용자 요청) - 추후 국토지리정보원 자료로 보강 필요,ASOS 일자료 조회서비스 응답 항목에 토양수분 필드 자체가 없어 변수 제외,"최근접 관측소 매칭(중심점법:exact(보정), 거리 21.0km)"
2021,대구광역시,군위군,27720,278,의성,21.0,12.42,-8.12,True,24.02,961.7,1.03,1782.6,2559.7,0.17,-0.49,1.18,12.0,365,,이번 산출물에서 제외(사용자 요청) - 추후 국토지리정보원 자료로 보강 필요,ASOS 일자료 조회서비스 응답 항목에 토양수분 필드 자체가 없어 변수 제외,"최근접 관측소 매칭(중심점법:exact(보정), 거리 21.0km)"
2022,대구광역시,군위군,27720,278,의성,21.0,12.26,-8.21,True,24.88,615.1,1.07,1845.8,2633.7,-1.19,-2.19,-0.19,12.0,365,,이번 산출물에서 제외(사용자 요청) - 추후 국토지리정보원 자료로 보강 필요,ASOS 일자료 조회서비스 응답 항목에 토양수분 필드 자체가 없어 변수 제외,"최근접 관측소 매칭(중심점법:exact(보정), 거리 21.0km)"
2023,대구광역시,군위군,27720,278,의성,21.0,13.01,-8.26,True,25.07,1575.4,0.97,1946.4,2776.0,0.85,-1.17,2.37,12.0,365,,이번 산출물에서 제외(사용자 요청) - 추후 국토지리정보원 자료로 보강 필요,ASOS 일자료 조회서비스 응답 항목에 토양수분 필드 자체가 없어 변수 제외,"최근접 관측소 매칭(중심점법:exact(보정), 거리 21.0km)"
2024,대구광역시,군위군,27720,278,의성,21.0,13.95,-4.31,True,25.91,970.0,1.01,2176.4,3015.3,0.33,-0.84,1.78,12.0,366,,이번 산출물에서 제외(사용자 요청) - 추후 국토지리정보원 자료로 보강 필요,ASOS 일자료 조회서비스 응답 항목에 토양수분 필드 자체가 없어 변수 제외,"최근접 관측소 매칭(중심점법:exact(보정), 거리 21.0km)"
2025,대구광역시,군위군,27720,278,의성,21.0,13.3,-8.01,True,26.18,964.3,1.07,2151.1,2935.8,-0.17,-1.27,1.29,12.0,365,,이번 산출물에서 제외(사용자 요청) - 추후 국토지리정보원 자료로 보강 필요,ASOS 일자료 조회서비스 응답 항목에 토양수분 필드 자체가 없어 변수 제외,"최근접 관측소 매칭(중심점법:exact(보정), 거리 21.0km)"
2016,대구광역시,남구,27200,143,대구,7.79,14.64,-1.8,True,25.82,1227.3,2.12,2183.5,3048.2,0.7,-0.6,1.85,11.0,366,,이번 산출물에서 제외(사용자 요청) - 추후 국토지리정보원 자료로 보강 필요,ASOS 일자료 조회서비스 응답 항목에 토양수분 필드 자체가 없어 변수 제외,"최근접 관측소 매칭(중심점법:exact, 거리 7.79km)"
2017,대구광역시,남구,27200,143,대구,7.79,14.44,-2.14,True,25.88,663.7,2.23,2203.1,3025.3,-0.84,-1.43,0.43,12.0,365,,이번 산출물에서 제외(사용자 요청) - 추후 국토지리정보원 자료로 보강 필요,ASOS 일자료 조회서비스 응답 항목에 토양수분 필드 자체가 없어 변수 제외,"최근접 관측소 매칭(중심점법:exact, 거리 7.79km)"
2018,대구광역시,남구,27200,143,대구,7.79,14.19,-4.46,True,26.51,1297.6,2.19,2143.2,2994.3,0.73,-1.19,1.79,12.0,365,,이번 산출물에서 제외(사용자 요청) - 추후 국토지리정보원 자료로 보강 필요,ASOS 일자료 조회서비스 응답 항목에 토양수분 필드 자체가 없어 변수 제외,"최근접 관측소 매칭(중심점법:exact, 거리 7.79km)"
2019,대구광역시,남구,27200,143,대구,7.79,14.89,-2.27,True,25.36,995.7,2.02,2145.3,3003.2,0.04,-0.71,1.24,12.0,365,,이번 산출물에서 제외(사용자 요청) - 추후 국토지리정보원 자료로 보강 필요,ASOS 일자료 조회서비스 응답 항목에 토양수분 필드 자체가 없어 변수 제외,"최근접 관측소 매칭(중심점법:exact, 거리 7.79km)"
2020,대구광역시,남구,27200,143,대구,7.79,14.55,-0.25,True,25.41,1244.9,2.28,2013.5,2876.4,0.34,-1.93,1.65,12.0,366,,이번 산출물에서 제외(사용자 요청) - 추후 국토지리정보원 자료로 보강 필요,ASOS 일자료 조회서비스 응답 항목에 토양수분 필드 자체가 없어 변수 제외,"최근접 관측소 매칭(중심점법:exact, 거리 7.79km)"
2021,대구광역시,남구,27200,143,대구,7.79,14.66,-2.74,True,25.3,910.0,2.25,2115.0,2997.3,-0.22,-0.88,0.85,12.0,365,,이번 산출물에서 제외(사용자 요청) - 추후 국토지리정보원 자료로 보강 필요,ASOS 일자료 조회서비스 응답 항목에 토양수분 필드 자체가 없어 변수 제외,"최근접 관측소 매칭(중심점법:exact, 거리 7.79km)"
2022,대구광역시,남구,27200,143,대구,7.79,14.77,-3.23,True,26.26,581.0,2.27,2248.8,3139.4,-1.47,-2.48,-0.67,12.0,365,,이번 산출물에서 제외(사용자 요청) - 추후 국토지리정보원 자료로 보강 필요,ASOS 일자료 조회서비스 응답 항목에 토양수분 필드 자체가 없어 변수 제외,"최근접 관측소 매칭(중심점법:exact, 거리 7.79km)"
2023,대구광역시,남구,27200,143,대구,7.79,15.18,-3.08,True,26.09,1321.8,2.14,2258.6,3162.3,0.28,-1.29,1.69,12.0,365,,이번 산출물에서 제외(사용자 요청) - 추후 국토지리정보원 자료로 보강 필요,ASOS 일자료 조회서비스 응답 항목에 토양수분 필드 자체가 없어 변수 제외,"최근접 관측소 매칭(중심점법:exact, 거리 7.79km)"
2024,대구광역시,남구,27200,143,대구,7.79,15.85,-0.7,True,27.19,1156.4,2.2,2470.6,3354.8,0.63,-0.69,2.03,12.0,366,,이번 산출물에서 제외(사용자 요청) - 추후 국토지리정보원 자료로 보강 필요,ASOS 일자료 조회서비스 응답 항목에 토양수분 필드 자체가 없어 변수 제외,"최근접 관측소 매칭(중심점법:exact, 거리 7.79km)"
2025,대구광역시,남구,27200,143,대구,7.79,15.17,-2.52,True,27.21,1029.0,2.17,2382.4,3228.9,-0.1,-1.18,0.74,12.0,365,,이번 산출물에서 제외(사용자 요청) - 추후 국토지리정보원 자료로 보강 필요,ASOS 일자료 조회서비스 응답 항목에 토양수분 필드 자체가 없어 변수 제외,"최근접 관측소 매칭(중심점법:exact, 거리 7.79km)"
2016,대구광역시,달서구,27290,143,대구,12.55,14.64,-1.8,True,25.82,1227.3,2.12,2183.5,3048.2,0.7,-0.6,1.85,11.0,366,,이번 산출물에서 제외(사용자 요청) - 추후 국토지리정보원 자료로 보강 필요,ASOS 일자료 조회서비스 응답 항목에 토양수분 필드 자체가 없어 변수 제외,"최근접 관측소 매칭(중심점법:exact, 거리 12.55km)"
2017,대구광역시,달서구,27290,143,대구,12.55,14.44,-2.14,True,25.88,663.7,2.23,2203.1,3025.3,-0.84,-1.43,0.43,12.0,365,,이번 산출물에서 제외(사용자 요청) - 추후 국토지리정보원 자료로 보강 필요,ASOS 일자료 조회서비스 응답 항목에 토양수분 필드 자체가 없어 변수 제외,"최근접 관측소 매칭(중심점법:exact, 거리 12.55km)"
2018,대구광역시,달서구,27290,143,대구,12.55,14.19,-4.46,True,26.51,1297.6,2.19,2143.2,2994.3,0.73,-1.19,1.79,12.0,365,,이번 산출물에서 제외(사용자 요청) - 추후 국토지리정보원 자료로 보강 필요,ASOS 일자료 조회서비스 응답 항목에 토양수분 필드 자체가 없어 변수 제외,"최근접 관측소 매칭(중심점법:exact, 거리 12.55km)"
2019,대구광역시,달서구,27290,143,대구,12.55,14.89,-2.27,True,25.36,995.7,2.02,2145.3,3003.2,0.04,-0.71,1.24,12.0,365,,이번 산출물에서 제외(사용자 요청) - 추후 국토지리정보원 자료로 보강 필요,ASOS 일자료 조회서비스 응답 항목에 토양수분 필드 자체가 없어 변수 제외,"최근접 관측소 매칭(중심점법:exact, 거리 12.55km)"
2020,대구광역시,달서구,27290,143,대구,12.55,14.55,-0.25,True,25.41,1244.9,2.28,2013.5,2876.4,0.34,-1.93,1.65,12.0,366,,이번 산출물에서 제외(사용자 요청) - 추후 국토지리정보원 자료로 보강 필요,ASOS 일자료 조회서비스 응답 항목에 토양수분 필드 자체가 없어 변수 제외,"최근접 관측소 매칭(중심점법:exact, 거리 12.55km)"
2021,대구광역시,달서구,27290,143,대구,12.55,14.66,-2.74,True,25.3,910.0,2.25,2115.0,2997.3,-0.22,-0.88,0.85,12.0,365,,이번 산출물에서 제외(사용자 요청) - 추후 국토지리정보원 자료로 보강 필요,ASOS 일자료 조회서비스 응답 항목에 토양수분 필드 자체가 없어 변수 제외,"최근접 관측소 매칭(중심점법:exact, 거리 12.55km)"
2022,대구광역시,달서구,27290,143,대구,12.55,14.77,-3.23,True,26.26,581.0,2.27,2248.8,3139.4,-1.47,-2.48,-0.67,12.0,365,,이번 산출물에서 제외(사용자 요청) - 추후 국토지리정보원 자료로 보강 필요,ASOS 일자료 조회서비스 응답 항목에 토양수분 필드 자체가 없어 변수 제외,"최근접 관측소 매칭(중심점법:exact, 거리 12.55km)"
2023,대구광역시,달서구,27290,143,대구,12.55,15.18,-3.08,True,26.09,1321.8,2.14,2258.6,3162.3,0.28,-1.29,1.69,12.0,365,,이번 산출물에서 제외(사용자 요청) - 추후 국토지리정보원 자료로 보강 필요,ASOS 일자료 조회서비스 응답 항목에 토양수분 필드 자체가 없어 변수 제외,"최근접 관측소 매칭(중심점법:exact, 거리 12.55km)"
2024,대구광역시,달서구,27290,143,대구,12.55,15.85,-0.7,True,27.19,1156.4,2.2,2470.6,3354.8,0.63,-0.69,2.03,12.0,366,,이번 산출물에서 제외(사용자 요청) - 추후 국토지리정보원 자료로 보강 필요,ASOS 일자료 조회서비스 응답 항목에 토양수분 필드 자체가 없어 변수 제외,"최근접 관측소 매칭(중심점법:exact, 거리 12.55km)"
2025,대구광역시,달서구,27290,143,대구,12.55,15.17,-2.52,True,27.21,1029.0,2.17,2382.4,3228.9,-0.1,-1.18,0.74,12.0,365,,이번 산출물에서 제외(사용자 요청) - 추후 국토지리정보원 자료로 보강 필요,ASOS 일자료 조회서비스 응답 항목에 토양수분 필드 자체가 없어 변수 제외,"최근접 관측소 매칭(중심점법:exact, 거리 12.55km)"
2016,대구광역시,달성군,27710,143,대구,19.19,14.64,-1.8,True,25.82,1227.3,2.12,2183.5,3048.2,0.7,-0.6,1.85,11.0,366,,이번 산출물에서 제외(사용자 요청) - 추후 국토지리정보원 자료로 보강 필요,ASOS 일자료 조회서비스 응답 항목에 토양수분 필드 자체가 없어 변수 제외,"최근접 관측소 매칭(중심점법:exact, 거리 19.19km)"
2017,대구광역시,달성군,27710,143,대구,19.19,14.44,-2.14,True,25.88,663.7,2.23,2203.1,3025.3,-0.84,-1.43,0.43,12.0,365,,이번 산출물에서 제외(사용자 요청) - 추후 국토지리정보원 자료로 보강 필요,ASOS 일자료 조회서비스 응답 항목에 토양수분 필드 자체가 없어 변수 제외,"최근접 관측소 매칭(중심점법:exact, 거리 19.19km)"
2018,대구광역시,달성군,27710,143,대구,19.19,14.19,-4.46,True,26.51,1297.6,2.19,2143.2,2994.3,0.73,-1.19,1.79,12.0,365,,이번 산출물에서 제외(사용자 요청) - 추후 국토지리정보원 자료로 보강 필요,ASOS 일자료 조회서비스 응답 항목에 토양수분 필드 자체가 없어 변수 제외,"최근접 관측소 매칭(중심점법:exact, 거리 19.19km)"
2019,대구광역시,달성군,27710,143,대구,19.19,14.89,-2.27,True,25.36,995.7,2.02,2145.3,3003.2,0.04,-0.71,1.24,12.0,365,,이번 산출물에서 제외(사용자 요청) - 추후 국토지리정보원 자료로 보강 필요,ASOS 일자료 조회서비스 응답 항목에 토양수분 필드 자체가 없어 변수 제외,"최근접 관측소 매칭(중심점법:exact, 거리 19.19km)"
2020,대구광역시,달성군,27710,143,대구,19.19,14.55,-0.25,True,25.41,1244.9,2.28,2013.5,2876.4,0.34,-1.93,1.65,12.0,366,,이번 산출물에서 제외(사용자 요청) - 추후 국토지리정보원 자료로 보강 필요,ASOS 일자료 조회서비스 응답 항목에 토양수분 필드 자체가 없어 변수 제외,"최근접 관측소 매칭(중심점법:exact, 거리 19.19km)"
2021,대구광역시,달성군,27710,143,대구,19.19,14.66,-2.74,True,25.3,910.0,2.25,2115.0,2997.3,-0.22,-0.88,0.85,12.0,365,,이번 산출물에서 제외(사용자 요청) - 추후 국토지리정보원 자료로 보강 필요,ASOS 일자료 조회서비스 응답 항목에 토양수분 필드 자체가 없어 변수 제외,"최근접 관측소 매칭(중심점법:exact, 거리 19.19km)"
2022,대구광역시,달성군,27710,143,대구,19.19,14.77,-3.23,True,26.26,581.0,2.27,2248.8,3139.4,-1.47,-2.48,-0.67,12.0,365,,이번 산출물에서 제외(사용자 요청) - 추후 국토지리정보원 자료로 보강 필요,ASOS 일자료 조회서비스 응답 항목에 토양수분 필드 자체가 없어 변수 제외,"최근접 관측소 매칭(중심점법:exact, 거리 19.19km)"
2023,대구광역시,달성군,27710,143,대구,19.19,15.18,-3.08,True,26.09,1321.8,2.14,2258.6,3162.3,0.28,-1.29,1.69,12.0,365,,이번 산출물에서 제외(사용자 요청) - 추후 국토지리정보원 자료로 보강 필요,ASOS 일자료 조회서비스 응답 항목에 토양수분 필드 자체가 없어 변수 제외,"최근접 관측소 매칭(중심점법:exact, 거리 19.19km)"
2024,대구광역시,달성군,27710,143,대구,19.19,15.85,-0.7,True,27.19,1156.4,2.2,2470.6,3354.8,0.63,-0.69,2.03,12.0,366,,이번 산출물에서 제외(사용자 요청) - 추후 국토지리정보원 자료로 보강 필요,ASOS 일자료 조회서비스 응답 항목에 토양수분 필드 자체가 없어 변수 제외,"최근접 관측소 매칭(중심점법:exact, 거리 19.19km)"
2025,대구광역시,달성군,27710,143,대구,19.19,15.17,-2.52,True,27.21,1029.0,2.17,2382.4,3228.9,-0.1,-1.18,0.74,12.0,365,,이번 산출물에서 제외(사용자 요청) - 추후 국토지리정보원 자료로 보강 필요,ASOS 일자료 조회서비스 응답 항목에 토양수분 필드 자체가 없어 변수 제외,"최근접 관측소 매칭(중심점법:exact, 거리 19.19km)"
2016,대구광역시,동구,27140,143,대구,6.97,14.64,-1.8,True,25.82,1227.3,2.12,2183.5,3048.2,0.7,-0.6,1.85,11.0,366,,이번 산출물에서 제외(사용자 요청) - 추후 국토지리정보원 자료로 보강 필요,ASOS 일자료 조회서비스 응답 항목에 토양수분 필드 자체가 없어 변수 제외,"최근접 관측소 매칭(중심점법:exact, 거리 6.97km)"
2017,대구광역시,동구,27140,143,대구,6.97,14.44,-2.14,True,25.88,663.7,2.23,2203.1,3025.3,-0.84,-1.43,0.43,12.0,365,,이번 산출물에서 제외(사용자 요청) - 추후 국토지리정보원 자료로 보강 필요,ASOS 일자료 조회서비스 응답 항목에 토양수분 필드 자체가 없어 변수 제외,"최근접 관측소 매칭(중심점법:exact, 거리 6.97km)"
2018,대구광역시,동구,27140,143,대구,6.97,14.19,-4.46,True,26.51,1297.6,2.19,2143.2,2994.3,0.73,-1.19,1.79,12.0,365,,이번 산출물에서 제외(사용자 요청) - 추후 국토지리정보원 자료로 보강 필요,ASOS 일자료 조회서비스 응답 항목에 토양수분 필드 자체가 없어 변수 제외,"최근접 관측소 매칭(중심점법:exact, 거리 6.97km)"
2019,대구광역시,동구,27140,143,대구,6.97,14.89,-2.27,True,25.36,995.7,2.02,2145.3,3003.2,0.04,-0.71,1.24,12.0,365,,이번 산출물에서 제외(사용자 요청) - 추후 국토지리정보원 자료로 보강 필요,ASOS 일자료 조회서비스 응답 항목에 토양수분 필드 자체가 없어 변수 제외,"최근접 관측소 매칭(중심점법:exact, 거리 6.97km)"
2020,대구광역시,동구,27140,143,대구,6.97,14.55,-0.25,True,25.41,1244.9,2.28,2013.5,2876.4,0.34,-1.93,1.65,12.0,366,,이번 산출물에서 제외(사용자 요청) - 추후 국토지리정보원 자료로 보강 필요,ASOS 일자료 조회서비스 응답 항목에 토양수분 필드 자체가 없어 변수 제외,"최근접 관측소 매칭(중심점법:exact, 거리 6.97km)"
2021,대구광역시,동구,27140,143,대구,6.97,14.66,-2.74,True,25.3,910.0,2.25,2115.0,2997.3,-0.22,-0.88,0.85,12.0,365,,이번 산출물에서 제외(사용자 요청) - 추후 국토지리정보원 자료로 보강 필요,ASOS 일자료 조회서비스 응답 항목에 토양수분 필드 자체가 없어 변수 제외,"최근접 관측소 매칭(중심점법:exact, 거리 6.97km)"
2022,대구광역시,동구,27140,143,대구,6.97,14.77,-3.23,True,26.26,581.0,2.27,2248.8,3139.4,-1.47,-2.48,-0.67,12.0,365,,이번 산출물에서 제외(사용자 요청) - 추후 국토지리정보원 자료로 보강 필요,ASOS 일자료 조회서비스 응답 항목에 토양수분 필드 자체가 없어 변수 제외,"최근접 관측소 매칭(중심점법:exact, 거리 6.97km)"
2023,대구광역시,동구,27140,143,대구,6.97,15.18,-3.08,True,26.09,1321.8,2.14,2258.6,3162.3,0.28,-1.29,1.69,12.0,365,,이번 산출물에서 제외(사용자 요청) - 추후 국토지리정보원 자료로 보강 필요,ASOS 일자료 조회서비스 응답 항목에 토양수분 필드 자체가 없어 변수 제외,"최근접 관측소 매칭(중심점법:exact, 거리 6.97km)"
2024,대구광역시,동구,27140,143,대구,6.97,15.85,-0.7,True,27.19,1156.4,2.2,2470.6,3354.8,0.63,-0.69,2.03,12.0,366,,이번 산출물에서 제외(사용자 요청) - 추후 국토지리정보원 자료로 보강 필요,ASOS 일자료 조회서비스 응답 항목에 토양수분 필드 자체가 없어 변수 제외,"최근접 관측소 매칭(중심점법:exact, 거리 6.97km)"
2025,대구광역시,동구,27140,143,대구,6.97,15.17,-2.52,True,27.21,1029.0,2.17,2382.4,3228.9,-0.1,-1.18,0.74,12.0,365,,이번 산출물에서 제외(사용자 요청) - 추후 국토지리정보원 자료로 보강 필요,ASOS 일자료 조회서비스 응답 항목에 토양수분 필드 자체가 없어 변수 제외,"최근접 관측소 매칭(중심점법:exact, 거리 6.97km)"
2016,대구광역시,북구,27230,143,대구,8.85,14.64,-1.8,True,25.82,1227.3,2.12,2183.5,3048.2,0.7,-0.6,1.85,11.0,366,,이번 산출물에서 제외(사용자 요청) - 추후 국토지리정보원 자료로 보강 필요,ASOS 일자료 조회서비스 응답 항목에 토양수분 필드 자체가 없어 변수 제외,"최근접 관측소 매칭(중심점법:exact, 거리 8.85km)"
2017,대구광역시,북구,27230,143,대구,8.85,14.44,-2.14,True,25.88,663.7,2.23,2203.1,3025.3,-0.84,-1.43,0.43,12.0,365,,이번 산출물에서 제외(사용자 요청) - 추후 국토지리정보원 자료로 보강 필요,ASOS 일자료 조회서비스 응답 항목에 토양수분 필드 자체가 없어 변수 제외,"최근접 관측소 매칭(중심점법:exact, 거리 8.85km)"
2018,대구광역시,북구,27230,143,대구,8.85,14.19,-4.46,True,26.51,1297.6,2.19,2143.2,2994.3,0.73,-1.19,1.79,12.0,365,,이번 산출물에서 제외(사용자 요청) - 추후 국토지리정보원 자료로 보강 필요,ASOS 일자료 조회서비스 응답 항목에 토양수분 필드 자체가 없어 변수 제외,"최근접 관측소 매칭(중심점법:exact, 거리 8.85km)"
2019,대구광역시,북구,27230,143,대구,8.85,14.89,-2.27,True,25.36,995.7,2.02,2145.3,3003.2,0.04,-0.71,1.24,12.0,365,,이번 산출물에서 제외(사용자 요청) - 추후 국토지리정보원 자료로 보강 필요,ASOS 일자료 조회서비스 응답 항목에 토양수분 필드 자체가 없어 변수 제외,"최근접 관측소 매칭(중심점법:exact, 거리 8.85km)"
2020,대구광역시,북구,27230,143,대구,8.85,14.55,-0.25,True,25.41,1244.9,2.28,2013.5,2876.4,0.34,-1.93,1.65,12.0,366,,이번 산출물에서 제외(사용자 요청) - 추후 국토지리정보원 자료로 보강 필요,ASOS 일자료 조회서비스 응답 항목에 토양수분 필드 자체가 없어 변수 제외,"최근접 관측소 매칭(중심점법:exact, 거리 8.85km)"
2021,대구광역시,북구,27230,143,대구,8.85,14.66,-2.74,True,25.3,910.0,2.25,2115.0,2997.3,-0.22,-0.88,0.85,12.0,365,,이번 산출물에서 제외(사용자 요청) - 추후 국토지리정보원 자료로 보강 필요,ASOS 일자료 조회서비스 응답 항목에 토양수분 필드 자체가 없어 변수 제외,"최근접 관측소 매칭(중심점법:exact, 거리 8.85km)"
2022,대구광역시,북구,27230,143,대구,8.85,14.77,-3.23,True,26.26,581.0,2.27,2248.8,3139.4,-1.47,-2.48,-0.67,12.0,365,,이번 산출물에서 제외(사용자 요청) - 추후 국토지리정보원 자료로 보강 필요,ASOS 일자료 조회서비스 응답 항목에 토양수분 필드 자체가 없어 변수 제외,"최근접 관측소 매칭(중심점법:exact, 거리 8.85km)"
2023,대구광역시,북구,27230,143,대구,8.85,15.18,-3.08,True,26.09,1321.8,2.14,2258.6,3162.3,0.28,-1.29,1.69,12.0,365,,이번 산출물에서 제외(사용자 요청) - 추후 국토지리정보원 자료로 보강 필요,ASOS 일자료 조회서비스 응답 항목에 토양수분 필드 자체가 없어 변수 제외,"최근접 관측소 매칭(중심점법:exact, 거리 8.85km)"
2024,대구광역시,북구,27230,143,대구,8.85,15.85,-0.7,True,27.19,1156.4,2.2,2470.6,3354.8,0.63,-0.69,2.03,12.0,366,,이번 산출물에서 제외(사용자 요청) - 추후 국토지리정보원 자료로 보강 필요,ASOS 일자료 조회서비스 응답 항목에 토양수분 필드 자체가 없어 변수 제외,"최근접 관측소 매칭(중심점법:exact, 거리 8.85km)"
2025,대구광역시,북구,27230,143,대구,8.85,15.17,-2.52,True,27.21,1029.0,2.17,2382.4,3228.9,-0.1,-1.18,0.74,12.0,365,,이번 산출물에서 제외(사용자 요청) - 추후 국토지리정보원 자료로 보강 필요,ASOS 일자료 조회서비스 응답 항목에 토양수분 필드 자체가 없어 변수 제외,"최근접 관측소 매칭(중심점법:exact, 거리 8.85km)"
2016,대구광역시,서구,27170,143,대구,9.27,14.64,-1.8,True,25.82,1227.3,2.12,2183.5,3048.2,0.7,-0.6,1.85,11.0,366,,이번 산출물에서 제외(사용자 요청) - 추후 국토지리정보원 자료로 보강 필요,ASOS 일자료 조회서비스 응답 항목에 토양수분 필드 자체가 없어 변수 제외,"최근접 관측소 매칭(중심점법:exact, 거리 9.27km)"
2017,대구광역시,서구,27170,143,대구,9.27,14.44,-2.14,True,25.88,663.7,2.23,2203.1,3025.3,-0.84,-1.43,0.43,12.0,365,,이번 산출물에서 제외(사용자 요청) - 추후 국토지리정보원 자료로 보강 필요,ASOS 일자료 조회서비스 응답 항목에 토양수분 필드 자체가 없어 변수 제외,"최근접 관측소 매칭(중심점법:exact, 거리 9.27km)"
2018,대구광역시,서구,27170,143,대구,9.27,14.19,-4.46,True,26.51,1297.6,2.19,2143.2,2994.3,0.73,-1.19,1.79,12.0,365,,이번 산출물에서 제외(사용자 요청) - 추후 국토지리정보원 자료로 보강 필요,ASOS 일자료 조회서비스 응답 항목에 토양수분 필드 자체가 없어 변수 제외,"최근접 관측소 매칭(중심점법:exact, 거리 9.27km)"
2019,대구광역시,서구,27170,143,대구,9.27,14.89,-2.27,True,25.36,995.7,2.02,2145.3,3003.2,0.04,-0.71,1.24,12.0,365,,이번 산출물에서 제외(사용자 요청) - 추후 국토지리정보원 자료로 보강 필요,ASOS 일자료 조회서비스 응답 항목에 토양수분 필드 자체가 없어 변수 제외,"최근접 관측소 매칭(중심점법:exact, 거리 9.27km)"
2020,대구광역시,서구,27170,143,대구,9.27,14.55,-0.25,True,25.41,1244.9,2.28,2013.5,2876.4,0.34,-1.93,1.65,12.0,366,,이번 산출물에서 제외(사용자 요청) - 추후 국토지리정보원 자료로 보강 필요,ASOS 일자료 조회서비스 응답 항목에 토양수분 필드 자체가 없어 변수 제외,"최근접 관측소 매칭(중심점법:exact, 거리 9.27km)"
2021,대구광역시,서구,27170,143,대구,9.27,14.66,-2.74,True,25.3,910.0,2.25,2115.0,2997.3,-0.22,-0.88,0.85,12.0,365,,이번 산출물에서 제외(사용자 요청) - 추후 국토지리정보원 자료로 보강 필요,ASOS 일자료 조회서비스 응답 항목에 토양수분 필드 자체가 없어 변수 제외,"최근접 관측소 매칭(중심점법:exact, 거리 9.27km)"
2022,대구광역시,서구,27170,143,대구,9.27,14.77,-3.23,True,26.26,581.0,2.27,2248.8,3139.4,-1.47,-2.48,-0.67,12.0,365,,이번 산출물에서 제외(사용자 요청) - 추후 국토지리정보원 자료로 보강 필요,ASOS 일자료 조회서비스 응답 항목에 토양수분 필드 자체가 없어 변수 제외,"최근접 관측소 매칭(중심점법:exact, 거리 9.27km)"
2023,대구광역시,서구,27170,143,대구,9.27,15.18,-3.08,True,26.09,1321.8,2.14,2258.6,3162.3,0.28,-1.29,1.69,12.0,365,,이번 산출물에서 제외(사용자 요청) - 추후 국토지리정보원 자료로 보강 필요,ASOS 일자료 조회서비스 응답 항목에 토양수분 필드 자체가 없어 변수 제외,"최근접 관측소 매칭(중심점법:exact, 거리 9.27km)"
2024,대구광역시,서구,27170,143,대구,9.27,15.85,-0.7,True,27.19,1156.4,2.2,2470.6,3354.8,0.63,-0.69,2.03,12.0,366,,이번 산출물에서 제외(사용자 요청) - 추후 국토지리정보원 자료로 보강 필요,ASOS 일자료 조회서비스 응답 항목에 토양수분 필드 자체가 없어 변수 제외,"최근접 관측소 매칭(중심점법:exact, 거리 9.27km)"
2025,대구광역시,서구,27170,143,대구,9.27,15.17,-2.52,True,27.21,1029.0,2.17,2382.4,3228.9,-0.1,-1.18,0.74,12.0,365,,이번 산출물에서 제외(사용자 요청) - 추후 국토지리정보원 자료로 보강 필요,ASOS 일자료 조회서비스 응답 항목에 토양수분 필드 자체가 없어 변수 제외,"최근접 관측소 매칭(중심점법:exact, 거리 9.27km)"
2016,대구광역시,수성구,27260,143,대구,4.97,14.64,-1.8,True,25.82,1227.3,2.12,2183.5,3048.2,0.7,-0.6,1.85,11.0,366,,이번 산출물에서 제외(사용자 요청) - 추후 국토지리정보원 자료로 보강 필요,ASOS 일자료 조회서비스 응답 항목에 토양수분 필드 자체가 없어 변수 제외,"최근접 관측소 매칭(중심점법:exact, 거리 4.97km)"
2017,대구광역시,수성구,27260,143,대구,4.97,14.44,-2.14,True,25.88,663.7,2.23,2203.1,3025.3,-0.84,-1.43,0.43,12.0,365,,이번 산출물에서 제외(사용자 요청) - 추후 국토지리정보원 자료로 보강 필요,ASOS 일자료 조회서비스 응답 항목에 토양수분 필드 자체가 없어 변수 제외,"최근접 관측소 매칭(중심점법:exact, 거리 4.97km)"
2018,대구광역시,수성구,27260,143,대구,4.97,14.19,-4.46,True,26.51,1297.6,2.19,2143.2,2994.3,0.73,-1.19,1.79,12.0,365,,이번 산출물에서 제외(사용자 요청) - 추후 국토지리정보원 자료로 보강 필요,ASOS 일자료 조회서비스 응답 항목에 토양수분 필드 자체가 없어 변수 제외,"최근접 관측소 매칭(중심점법:exact, 거리 4.97km)"
2019,대구광역시,수성구,27260,143,대구,4.97,14.89,-2.27,True,25.36,995.7,2.02,2145.3,3003.2,0.04,-0.71,1.24,12.0,365,,이번 산출물에서 제외(사용자 요청) - 추후 국토지리정보원 자료로 보강 필요,ASOS 일자료 조회서비스 응답 항목에 토양수분 필드 자체가 없어 변수 제외,"최근접 관측소 매칭(중심점법:exact, 거리 4.97km)"
2020,대구광역시,수성구,27260,143,대구,4.97,14.55,-0.25,True,25.41,1244.9,2.28,2013.5,2876.4,0.34,-1.93,1.65,12.0,366,,이번 산출물에서 제외(사용자 요청) - 추후 국토지리정보원 자료로 보강 필요,ASOS 일자료 조회서비스 응답 항목에 토양수분 필드 자체가 없어 변수 제외,"최근접 관측소 매칭(중심점법:exact, 거리 4.97km)"
2021,대구광역시,수성구,27260,143,대구,4.97,14.66,-2.74,True,25.3,910.0,2.25,2115.0,2997.3,-0.22,-0.88,0.85,12.0,365,,이번 산출물에서 제외(사용자 요청) - 추후 국토지리정보원 자료로 보강 필요,ASOS 일자료 조회서비스 응답 항목에 토양수분 필드 자체가 없어 변수 제외,"최근접 관측소 매칭(중심점법:exact, 거리 4.97km)"
2022,대구광역시,수성구,27260,143,대구,4.97,14.77,-3.23,True,26.26,581.0,2.27,2248.8,3139.4,-1.47,-2.48,-0.67,12.0,365,,이번 산출물에서 제외(사용자 요청) - 추후 국토지리정보원 자료로 보강 필요,ASOS 일자료 조회서비스 응답 항목에 토양수분 필드 자체가 없어 변수 제외,"최근접 관측소 매칭(중심점법:exact, 거리 4.97km)"
2023,대구광역시,수성구,27260,143,대구,4.97,15.18,-3.08,True,26.09,1321.8,2.14,2258.6,3162.3,0.28,-1.29,1.69,12.0,365,,이번 산출물에서 제외(사용자 요청) - 추후 국토지리정보원 자료로 보강 필요,ASOS 일자료 조회서비스 응답 항목에 토양수분 필드 자체가 없어 변수 제외,"최근접 관측소 매칭(중심점법:exact, 거리 4.97km)"
2024,대구광역시,수성구,27260,143,대구,4.97,15.85,-0.7,True,27.19,1156.4,2.2,2470.6,3354.8,0.63,-0.69,2.03,12.0,366,,이번 산출물에서 제외(사용자 요청) - 추후 국토지리정보원 자료로 보강 필요,ASOS 일자료 조회서비스 응답 항목에 토양수분 필드 자체가 없어 변수 제외,"최근접 관측소 매칭(중심점법:exact, 거리 4.97km)"
2025,대구광역시,수성구,27260,143,대구,4.97,15.17,-2.52,True,27.21,1029.0,2.17,2382.4,3228.9,-0.1,-1.18,0.74,12.0,365,,이번 산출물에서 제외(사용자 요청) - 추후 국토지리정보원 자료로 보강 필요,ASOS 일자료 조회서비스 응답 항목에 토양수분 필드 자체가 없어 변수 제외,"최근접 관측소 매칭(중심점법:exact, 거리 4.97km)"
2016,대구광역시,중구,27110,143,대구,5.48,14.64,-1.8,True,25.82,1227.3,2.12,2183.5,3048.2,0.7,-0.6,1.85,11.0,366,,이번 산출물에서 제외(사용자 요청) - 추후 국토지리정보원 자료로 보강 필요,ASOS 일자료 조회서비스 응답 항목에 토양수분 필드 자체가 없어 변수 제외,"최근접 관측소 매칭(중심점법:exact, 거리 5.48km)"
2017,대구광역시,중구,27110,143,대구,5.48,14.44,-2.14,True,25.88,663.7,2.23,2203.1,3025.3,-0.84,-1.43,0.43,12.0,365,,이번 산출물에서 제외(사용자 요청) - 추후 국토지리정보원 자료로 보강 필요,ASOS 일자료 조회서비스 응답 항목에 토양수분 필드 자체가 없어 변수 제외,"최근접 관측소 매칭(중심점법:exact, 거리 5.48km)"
2018,대구광역시,중구,27110,143,대구,5.48,14.19,-4.46,True,26.51,1297.6,2.19,2143.2,2994.3,0.73,-1.19,1.79,12.0,365,,이번 산출물에서 제외(사용자 요청) - 추후 국토지리정보원 자료로 보강 필요,ASOS 일자료 조회서비스 응답 항목에 토양수분 필드 자체가 없어 변수 제외,"최근접 관측소 매칭(중심점법:exact, 거리 5.48km)"
2019,대구광역시,중구,27110,143,대구,5.48,14.89,-2.27,True,25.36,995.7,2.02,2145.3,3003.2,0.04,-0.71,1.24,12.0,365,,이번 산출물에서 제외(사용자 요청) - 추후 국토지리정보원 자료로 보강 필요,ASOS 일자료 조회서비스 응답 항목에 토양수분 필드 자체가 없어 변수 제외,"최근접 관측소 매칭(중심점법:exact, 거리 5.48km)"
2020,대구광역시,중구,27110,143,대구,5.48,14.55,-0.25,True,25.41,1244.9,2.28,2013.5,2876.4,0.34,-1.93,1.65,12.0,366,,이번 산출물에서 제외(사용자 요청) - 추후 국토지리정보원 자료로 보강 필요,ASOS 일자료 조회서비스 응답 항목에 토양수분 필드 자체가 없어 변수 제외,"최근접 관측소 매칭(중심점법:exact, 거리 5.48km)"
2021,대구광역시,중구,27110,143,대구,5.48,14.66,-2.74,True,25.3,910.0,2.25,2115.0,2997.3,-0.22,-0.88,0.85,12.0,365,,이번 산출물에서 제외(사용자 요청) - 추후 국토지리정보원 자료로 보강 필요,ASOS 일자료 조회서비스 응답 항목에 토양수분 필드 자체가 없어 변수 제외,"최근접 관측소 매칭(중심점법:exact, 거리 5.48km)"
2022,대구광역시,중구,27110,143,대구,5.48,14.77,-3.23,True,26.26,581.0,2.27,2248.8,3139.4,-1.47,-2.48,-0.67,12.0,365,,이번 산출물에서 제외(사용자 요청) - 추후 국토지리정보원 자료로 보강 필요,ASOS 일자료 조회서비스 응답 항목에 토양수분 필드 자체가 없어 변수 제외,"최근접 관측소 매칭(중심점법:exact, 거리 5.48km)"
2023,대구광역시,중구,27110,143,대구,5.48,15.18,-3.08,True,26.09,1321.8,2.14,2258.6,3162.3,0.28,-1.29,1.69,12.0,365,,이번 산출물에서 제외(사용자 요청) - 추후 국토지리정보원 자료로 보강 필요,ASOS 일자료 조회서비스 응답 항목에 토양수분 필드 자체가 없어 변수 제외,"최근접 관측소 매칭(중심점법:exact, 거리 5.48km)"
2024,대구광역시,중구,27110,143,대구,5.48,15.85,-0.7,True,27.19,1156.4,2.2,2470.6,3354.8,0.63,-0.69,2.03,12.0,366,,이번 산출물에서 제외(사용자 요청) - 추후 국토지리정보원 자료로 보강 필요,ASOS 일자료 조회서비스 응답 항목에 토양수분 필드 자체가 없어 변수 제외,"최근접 관측소 매칭(중심점법:exact, 거리 5.48km)"
2025,대구광역시,중구,27110,143,대구,5.48,15.17,-2.52,True,27.21,1029.0,2.17,2382.4,3228.9,-0.1,-1.18,0.74,12.0,365,,이번 산출물에서 제외(사용자 요청) - 추후 국토지리정보원 자료로 보강 필요,ASOS 일자료 조회서비스 응답 항목에 토양수분 필드 자체가 없어 변수 제외,"최근접 관측소 매칭(중심점법:exact, 거리 5.48km)"
2016,대전광역시,대덕구,30230,133,대전,7.53,14.05,-3.17,True,26.08,1228.4,1.48,2180.0,3017.6,0.02,-1.29,1.24,11.0,366,,이번 산출물에서 제외(사용자 요청) - 추후 국토지리정보원 자료로 보강 필요,ASOS 일자료 조회서비스 응답 항목에 토양수분 필드 자체가 없어 변수 제외,"최근접 관측소 매칭(중심점법:exact, 거리 7.53km)"
2017,대전광역시,대덕구,30230,133,대전,7.53,13.46,-3.74,True,25.49,1127.5,1.55,2046.4,2844.6,-0.64,-1.8,0.44,12.0,365,,이번 산출물에서 제외(사용자 요청) - 추후 국토지리정보원 자료로 보강 필요,ASOS 일자료 조회서비스 응답 항목에 토양수분 필드 자체가 없어 변수 제외,"최근접 관측소 매칭(중심점법:exact, 거리 7.53km)"
2018,대전광역시,대덕구,30230,133,대전,7.53,13.6,-5.75,True,26.88,1542.1,1.55,2113.8,2936.6,0.62,-0.54,2.03,12.0,365,,이번 산출물에서 제외(사용자 요청) - 추후 국토지리정보원 자료로 보강 필요,ASOS 일자료 조회서비스 응답 항목에 토양수분 필드 자체가 없어 변수 제외,"최근접 관측소 매칭(중심점법:exact, 거리 7.53km)"
2019,대전광역시,대덕구,30230,133,대전,7.53,14.06,-3.91,True,25.26,984.2,1.34,2062.2,2881.4,-0.53,-1.69,0.93,12.0,365,,이번 산출물에서 제외(사용자 요청) - 추후 국토지리정보원 자료로 보강 필요,ASOS 일자료 조회서비스 응답 항목에 토양수분 필드 자체가 없어 변수 제외,"최근접 관측소 매칭(중심점법:exact, 거리 7.53km)"
2020,대전광역시,대덕구,30230,133,대전,7.53,13.77,-1.44,True,25.11,1614.0,1.45,1916.4,2741.2,0.29,-1.91,1.63,12.0,366,,이번 산출물에서 제외(사용자 요청) - 추후 국토지리정보원 자료로 보강 필요,ASOS 일자료 조회서비스 응답 항목에 토양수분 필드 자체가 없어 변수 제외,"최근접 관측소 매칭(중심점법:exact, 거리 7.53km)"
2021,대전광역시,대덕구,30230,133,대전,7.53,14.3,-3.91,True,25.73,1109.5,1.51,2095.5,2965.6,-0.34,-1.0,0.85,12.0,365,,이번 산출물에서 제외(사용자 요청) - 추후 국토지리정보원 자료로 보강 필요,ASOS 일자료 조회서비스 응답 항목에 토양수분 필드 자체가 없어 변수 제외,"최근접 관측소 매칭(중심점법:exact, 거리 7.53km)"
2022,대전광역시,대덕구,30230,133,대전,7.53,13.58,-4.69,True,25.59,1203.1,1.92,2089.4,2934.0,-0.54,-1.93,1.13,12.0,365,,이번 산출물에서 제외(사용자 요청) - 추후 국토지리정보원 자료로 보강 필요,ASOS 일자료 조회서비스 응답 항목에 토양수분 필드 자체가 없어 변수 제외,"최근접 관측소 매칭(중심점법:exact, 거리 7.53km)"
2023,대전광역시,대덕구,30230,133,대전,7.53,14.11,-5.13,True,25.5,2042.5,1.51,2122.8,2981.5,0.52,-1.66,2.17,12.0,365,,이번 산출물에서 제외(사용자 요청) - 추후 국토지리정보원 자료로 보강 필요,ASOS 일자료 조회서비스 응답 항목에 토양수분 필드 자체가 없어 변수 제외,"최근접 관측소 매칭(중심점법:exact, 거리 7.53km)"
2024,대전광역시,대덕구,30230,133,대전,7.53,14.94,-1.92,True,26.45,1360.5,1.76,2360.6,3213.0,0.39,-1.04,1.79,12.0,366,,이번 산출물에서 제외(사용자 요청) - 추후 국토지리정보원 자료로 보강 필요,ASOS 일자료 조회서비스 응답 항목에 토양수분 필드 자체가 없어 변수 제외,"최근접 관측소 매칭(중심점법:exact, 거리 7.53km)"
2025,대전광역시,대덕구,30230,133,대전,7.53,14.53,-3.78,True,26.87,1553.6,1.8,2288.0,3124.9,0.21,-1.09,2.07,12.0,365,,이번 산출물에서 제외(사용자 요청) - 추후 국토지리정보원 자료로 보강 필요,ASOS 일자료 조회서비스 응답 항목에 토양수분 필드 자체가 없어 변수 제외,"최근접 관측소 매칭(중심점법:exact, 거리 7.53km)"
2016,대전광역시,동구,30110,133,대전,10.64,14.05,-3.17,True,26.08,1228.4,1.48,2180.0,3017.6,0.02,-1.29,1.24,11.0,366,,이번 산출물에서 제외(사용자 요청) - 추후 국토지리정보원 자료로 보강 필요,ASOS 일자료 조회서비스 응답 항목에 토양수분 필드 자체가 없어 변수 제외,"최근접 관측소 매칭(중심점법:exact, 거리 10.64km)"
2017,대전광역시,동구,30110,133,대전,10.64,13.46,-3.74,True,25.49,1127.5,1.55,2046.4,2844.6,-0.64,-1.8,0.44,12.0,365,,이번 산출물에서 제외(사용자 요청) - 추후 국토지리정보원 자료로 보강 필요,ASOS 일자료 조회서비스 응답 항목에 토양수분 필드 자체가 없어 변수 제외,"최근접 관측소 매칭(중심점법:exact, 거리 10.64km)"
2018,대전광역시,동구,30110,133,대전,10.64,13.6,-5.75,True,26.88,1542.1,1.55,2113.8,2936.6,0.62,-0.54,2.03,12.0,365,,이번 산출물에서 제외(사용자 요청) - 추후 국토지리정보원 자료로 보강 필요,ASOS 일자료 조회서비스 응답 항목에 토양수분 필드 자체가 없어 변수 제외,"최근접 관측소 매칭(중심점법:exact, 거리 10.64km)"
2019,대전광역시,동구,30110,133,대전,10.64,14.06,-3.91,True,25.26,984.2,1.34,2062.2,2881.4,-0.53,-1.69,0.93,12.0,365,,이번 산출물에서 제외(사용자 요청) - 추후 국토지리정보원 자료로 보강 필요,ASOS 일자료 조회서비스 응답 항목에 토양수분 필드 자체가 없어 변수 제외,"최근접 관측소 매칭(중심점법:exact, 거리 10.64km)"
2020,대전광역시,동구,30110,133,대전,10.64,13.77,-1.44,True,25.11,1614.0,1.45,1916.4,2741.2,0.29,-1.91,1.63,12.0,366,,이번 산출물에서 제외(사용자 요청) - 추후 국토지리정보원 자료로 보강 필요,ASOS 일자료 조회서비스 응답 항목에 토양수분 필드 자체가 없어 변수 제외,"최근접 관측소 매칭(중심점법:exact, 거리 10.64km)"
2021,대전광역시,동구,30110,133,대전,10.64,14.3,-3.91,True,25.73,1109.5,1.51,2095.5,2965.6,-0.34,-1.0,0.85,12.0,365,,이번 산출물에서 제외(사용자 요청) - 추후 국토지리정보원 자료로 보강 필요,ASOS 일자료 조회서비스 응답 항목에 토양수분 필드 자체가 없어 변수 제외,"최근접 관측소 매칭(중심점법:exact, 거리 10.64km)"
2022,대전광역시,동구,30110,133,대전,10.64,13.58,-4.69,True,25.59,1203.1,1.92,2089.4,2934.0,-0.54,-1.93,1.13,12.0,365,,이번 산출물에서 제외(사용자 요청) - 추후 국토지리정보원 자료로 보강 필요,ASOS 일자료 조회서비스 응답 항목에 토양수분 필드 자체가 없어 변수 제외,"최근접 관측소 매칭(중심점법:exact, 거리 10.64km)"
2023,대전광역시,동구,30110,133,대전,10.64,14.11,-5.13,True,25.5,2042.5,1.51,2122.8,2981.5,0.52,-1.66,2.17,12.0,365,,이번 산출물에서 제외(사용자 요청) - 추후 국토지리정보원 자료로 보강 필요,ASOS 일자료 조회서비스 응답 항목에 토양수분 필드 자체가 없어 변수 제외,"최근접 관측소 매칭(중심점법:exact, 거리 10.64km)"
2024,대전광역시,동구,30110,133,대전,10.64,14.94,-1.92,True,26.45,1360.5,1.76,2360.6,3213.0,0.39,-1.04,1.79,12.0,366,,이번 산출물에서 제외(사용자 요청) - 추후 국토지리정보원 자료로 보강 필요,ASOS 일자료 조회서비스 응답 항목에 토양수분 필드 자체가 없어 변수 제외,"최근접 관측소 매칭(중심점법:exact, 거리 10.64km)"
2025,대전광역시,동구,30110,133,대전,10.64,14.53,-3.78,True,26.87,1553.6,1.8,2288.0,3124.9,0.21,-1.09,2.07,12.0,365,,이번 산출물에서 제외(사용자 요청) - 추후 국토지리정보원 자료로 보강 필요,ASOS 일자료 조회서비스 응답 항목에 토양수분 필드 자체가 없어 변수 제외,"최근접 관측소 매칭(중심점법:exact, 거리 10.64km)"
2016,대전광역시,서구,30170,133,대전,10.47,14.05,-3.17,True,26.08,1228.4,1.48,2180.0,3017.6,0.02,-1.29,1.24,11.0,366,,이번 산출물에서 제외(사용자 요청) - 추후 국토지리정보원 자료로 보강 필요,ASOS 일자료 조회서비스 응답 항목에 토양수분 필드 자체가 없어 변수 제외,"최근접 관측소 매칭(중심점법:exact, 거리 10.47km)"
2017,대전광역시,서구,30170,133,대전,10.47,13.46,-3.74,True,25.49,1127.5,1.55,2046.4,2844.6,-0.64,-1.8,0.44,12.0,365,,이번 산출물에서 제외(사용자 요청) - 추후 국토지리정보원 자료로 보강 필요,ASOS 일자료 조회서비스 응답 항목에 토양수분 필드 자체가 없어 변수 제외,"최근접 관측소 매칭(중심점법:exact, 거리 10.47km)"
2018,대전광역시,서구,30170,133,대전,10.47,13.6,-5.75,True,26.88,1542.1,1.55,2113.8,2936.6,0.62,-0.54,2.03,12.0,365,,이번 산출물에서 제외(사용자 요청) - 추후 국토지리정보원 자료로 보강 필요,ASOS 일자료 조회서비스 응답 항목에 토양수분 필드 자체가 없어 변수 제외,"최근접 관측소 매칭(중심점법:exact, 거리 10.47km)"
2019,대전광역시,서구,30170,133,대전,10.47,14.06,-3.91,True,25.26,984.2,1.34,2062.2,2881.4,-0.53,-1.69,0.93,12.0,365,,이번 산출물에서 제외(사용자 요청) - 추후 국토지리정보원 자료로 보강 필요,ASOS 일자료 조회서비스 응답 항목에 토양수분 필드 자체가 없어 변수 제외,"최근접 관측소 매칭(중심점법:exact, 거리 10.47km)"
2020,대전광역시,서구,30170,133,대전,10.47,13.77,-1.44,True,25.11,1614.0,1.45,1916.4,2741.2,0.29,-1.91,1.63,12.0,366,,이번 산출물에서 제외(사용자 요청) - 추후 국토지리정보원 자료로 보강 필요,ASOS 일자료 조회서비스 응답 항목에 토양수분 필드 자체가 없어 변수 제외,"최근접 관측소 매칭(중심점법:exact, 거리 10.47km)"
2021,대전광역시,서구,30170,133,대전,10.47,14.3,-3.91,True,25.73,1109.5,1.51,2095.5,2965.6,-0.34,-1.0,0.85,12.0,365,,이번 산출물에서 제외(사용자 요청) - 추후 국토지리정보원 자료로 보강 필요,ASOS 일자료 조회서비스 응답 항목에 토양수분 필드 자체가 없어 변수 제외,"최근접 관측소 매칭(중심점법:exact, 거리 10.47km)"
2022,대전광역시,서구,30170,133,대전,10.47,13.58,-4.69,True,25.59,1203.1,1.92,2089.4,2934.0,-0.54,-1.93,1.13,12.0,365,,이번 산출물에서 제외(사용자 요청) - 추후 국토지리정보원 자료로 보강 필요,ASOS 일자료 조회서비스 응답 항목에 토양수분 필드 자체가 없어 변수 제외,"최근접 관측소 매칭(중심점법:exact, 거리 10.47km)"
2023,대전광역시,서구,30170,133,대전,10.47,14.11,-5.13,True,25.5,2042.5,1.51,2122.8,2981.5,0.52,-1.66,2.17,12.0,365,,이번 산출물에서 제외(사용자 요청) - 추후 국토지리정보원 자료로 보강 필요,ASOS 일자료 조회서비스 응답 항목에 토양수분 필드 자체가 없어 변수 제외,"최근접 관측소 매칭(중심점법:exact, 거리 10.47km)"
2024,대전광역시,서구,30170,133,대전,10.47,14.94,-1.92,True,26.45,1360.5,1.76,2360.6,3213.0,0.39,-1.04,1.79,12.0,366,,이번 산출물에서 제외(사용자 요청) - 추후 국토지리정보원 자료로 보강 필요,ASOS 일자료 조회서비스 응답 항목에 토양수분 필드 자체가 없어 변수 제외,"최근접 관측소 매칭(중심점법:exact, 거리 10.47km)"
2025,대전광역시,서구,30170,133,대전,10.47,14.53,-3.78,True,26.87,1553.6,1.8,2288.0,3124.9,0.21,-1.09,2.07,12.0,365,,이번 산출물에서 제외(사용자 요청) - 추후 국토지리정보원 자료로 보강 필요,ASOS 일자료 조회서비스 응답 항목에 토양수분 필드 자체가 없어 변수 제외,"최근접 관측소 매칭(중심점법:exact, 거리 10.47km)"
2016,대전광역시,유성구,30200,133,대전,3.51,14.05,-3.17,True,26.08,1228.4,1.48,2180.0,3017.6,0.02,-1.29,1.24,11.0,366,,이번 산출물에서 제외(사용자 요청) - 추후 국토지리정보원 자료로 보강 필요,ASOS 일자료 조회서비스 응답 항목에 토양수분 필드 자체가 없어 변수 제외,"최근접 관측소 매칭(중심점법:exact, 거리 3.51km)"
2017,대전광역시,유성구,30200,133,대전,3.51,13.46,-3.74,True,25.49,1127.5,1.55,2046.4,2844.6,-0.64,-1.8,0.44,12.0,365,,이번 산출물에서 제외(사용자 요청) - 추후 국토지리정보원 자료로 보강 필요,ASOS 일자료 조회서비스 응답 항목에 토양수분 필드 자체가 없어 변수 제외,"최근접 관측소 매칭(중심점법:exact, 거리 3.51km)"
2018,대전광역시,유성구,30200,133,대전,3.51,13.6,-5.75,True,26.88,1542.1,1.55,2113.8,2936.6,0.62,-0.54,2.03,12.0,365,,이번 산출물에서 제외(사용자 요청) - 추후 국토지리정보원 자료로 보강 필요,ASOS 일자료 조회서비스 응답 항목에 토양수분 필드 자체가 없어 변수 제외,"최근접 관측소 매칭(중심점법:exact, 거리 3.51km)"
2019,대전광역시,유성구,30200,133,대전,3.51,14.06,-3.91,True,25.26,984.2,1.34,2062.2,2881.4,-0.53,-1.69,0.93,12.0,365,,이번 산출물에서 제외(사용자 요청) - 추후 국토지리정보원 자료로 보강 필요,ASOS 일자료 조회서비스 응답 항목에 토양수분 필드 자체가 없어 변수 제외,"최근접 관측소 매칭(중심점법:exact, 거리 3.51km)"
2020,대전광역시,유성구,30200,133,대전,3.51,13.77,-1.44,True,25.11,1614.0,1.45,1916.4,2741.2,0.29,-1.91,1.63,12.0,366,,이번 산출물에서 제외(사용자 요청) - 추후 국토지리정보원 자료로 보강 필요,ASOS 일자료 조회서비스 응답 항목에 토양수분 필드 자체가 없어 변수 제외,"최근접 관측소 매칭(중심점법:exact, 거리 3.51km)"
2021,대전광역시,유성구,30200,133,대전,3.51,14.3,-3.91,True,25.73,1109.5,1.51,2095.5,2965.6,-0.34,-1.0,0.85,12.0,365,,이번 산출물에서 제외(사용자 요청) - 추후 국토지리정보원 자료로 보강 필요,ASOS 일자료 조회서비스 응답 항목에 토양수분 필드 자체가 없어 변수 제외,"최근접 관측소 매칭(중심점법:exact, 거리 3.51km)"
2022,대전광역시,유성구,30200,133,대전,3.51,13.58,-4.69,True,25.59,1203.1,1.92,2089.4,2934.0,-0.54,-1.93,1.13,12.0,365,,이번 산출물에서 제외(사용자 요청) - 추후 국토지리정보원 자료로 보강 필요,ASOS 일자료 조회서비스 응답 항목에 토양수분 필드 자체가 없어 변수 제외,"최근접 관측소 매칭(중심점법:exact, 거리 3.51km)"
2023,대전광역시,유성구,30200,133,대전,3.51,14.11,-5.13,True,25.5,2042.5,1.51,2122.8,2981.5,0.52,-1.66,2.17,12.0,365,,이번 산출물에서 제외(사용자 요청) - 추후 국토지리정보원 자료로 보강 필요,ASOS 일자료 조회서비스 응답 항목에 토양수분 필드 자체가 없어 변수 제외,"최근접 관측소 매칭(중심점법:exact, 거리 3.51km)"
2024,대전광역시,유성구,30200,133,대전,3.51,14.94,-1.92,True,26.45,1360.5,1.76,2360.6,3213.0,0.39,-1.04,1.79,12.0,366,,이번 산출물에서 제외(사용자 요청) - 추후 국토지리정보원 자료로 보강 필요,ASOS 일자료 조회서비스 응답 항목에 토양수분 필드 자체가 없어 변수 제외,"최근접 관측소 매칭(중심점법:exact, 거리 3.51km)"
2025,대전광역시,유성구,30200,133,대전,3.51,14.53,-3.78,True,26.87,1553.6,1.8,2288.0,3124.9,0.21,-1.09,2.07,12.0,365,,이번 산출물에서 제외(사용자 요청) - 추후 국토지리정보원 자료로 보강 필요,ASOS 일자료 조회서비스 응답 항목에 토양수분 필드 자체가 없어 변수 제외,"최근접 관측소 매칭(중심점법:exact, 거리 3.51km)"
2016,대전광역시,중구,30140,133,대전,10.71,14.05,-3.17,True,26.08,1228.4,1.48,2180.0,3017.6,0.02,-1.29,1.24,11.0,366,,이번 산출물에서 제외(사용자 요청) - 추후 국토지리정보원 자료로 보강 필요,ASOS 일자료 조회서비스 응답 항목에 토양수분 필드 자체가 없어 변수 제외,"최근접 관측소 매칭(중심점법:exact, 거리 10.71km)"
2017,대전광역시,중구,30140,133,대전,10.71,13.46,-3.74,True,25.49,1127.5,1.55,2046.4,2844.6,-0.64,-1.8,0.44,12.0,365,,이번 산출물에서 제외(사용자 요청) - 추후 국토지리정보원 자료로 보강 필요,ASOS 일자료 조회서비스 응답 항목에 토양수분 필드 자체가 없어 변수 제외,"최근접 관측소 매칭(중심점법:exact, 거리 10.71km)"
2018,대전광역시,중구,30140,133,대전,10.71,13.6,-5.75,True,26.88,1542.1,1.55,2113.8,2936.6,0.62,-0.54,2.03,12.0,365,,이번 산출물에서 제외(사용자 요청) - 추후 국토지리정보원 자료로 보강 필요,ASOS 일자료 조회서비스 응답 항목에 토양수분 필드 자체가 없어 변수 제외,"최근접 관측소 매칭(중심점법:exact, 거리 10.71km)"
2019,대전광역시,중구,30140,133,대전,10.71,14.06,-3.91,True,25.26,984.2,1.34,2062.2,2881.4,-0.53,-1.69,0.93,12.0,365,,이번 산출물에서 제외(사용자 요청) - 추후 국토지리정보원 자료로 보강 필요,ASOS 일자료 조회서비스 응답 항목에 토양수분 필드 자체가 없어 변수 제외,"최근접 관측소 매칭(중심점법:exact, 거리 10.71km)"
2020,대전광역시,중구,30140,133,대전,10.71,13.77,-1.44,True,25.11,1614.0,1.45,1916.4,2741.2,0.29,-1.91,1.63,12.0,366,,이번 산출물에서 제외(사용자 요청) - 추후 국토지리정보원 자료로 보강 필요,ASOS 일자료 조회서비스 응답 항목에 토양수분 필드 자체가 없어 변수 제외,"최근접 관측소 매칭(중심점법:exact, 거리 10.71km)"
2021,대전광역시,중구,30140,133,대전,10.71,14.3,-3.91,True,25.73,1109.5,1.51,2095.5,2965.6,-0.34,-1.0,0.85,12.0,365,,이번 산출물에서 제외(사용자 요청) - 추후 국토지리정보원 자료로 보강 필요,ASOS 일자료 조회서비스 응답 항목에 토양수분 필드 자체가 없어 변수 제외,"최근접 관측소 매칭(중심점법:exact, 거리 10.71km)"
2022,대전광역시,중구,30140,133,대전,10.71,13.58,-4.69,True,25.59,1203.1,1.92,2089.4,2934.0,-0.54,-1.93,1.13,12.0,365,,이번 산출물에서 제외(사용자 요청) - 추후 국토지리정보원 자료로 보강 필요,ASOS 일자료 조회서비스 응답 항목에 토양수분 필드 자체가 없어 변수 제외,"최근접 관측소 매칭(중심점법:exact, 거리 10.71km)"
2023,대전광역시,중구,30140,133,대전,10.71,14.11,-5.13,True,25.5,2042.5,1.51,2122.8,2981.5,0.52,-1.66,2.17,12.0,365,,이번 산출물에서 제외(사용자 요청) - 추후 국토지리정보원 자료로 보강 필요,ASOS 일자료 조회서비스 응답 항목에 토양수분 필드 자체가 없어 변수 제외,"최근접 관측소 매칭(중심점법:exact, 거리 10.71km)"
2024,대전광역시,중구,30140,133,대전,10.71,14.94,-1.92,True,26.45,1360.5,1.76,2360.6,3213.0,0.39,-1.04,1.79,12.0,366,,이번 산출물에서 제외(사용자 요청) - 추후 국토지리정보원 자료로 보강 필요,ASOS 일자료 조회서비스 응답 항목에 토양수분 필드 자체가 없어 변수 제외,"최근접 관측소 매칭(중심점법:exact, 거리 10.71km)"
2025,대전광역시,중구,30140,133,대전,10.71,14.53,-3.78,True,26.87,1553.6,1.8,2288.0,3124.9,0.21,-1.09,2.07,12.0,365,,이번 산출물에서 제외(사용자 요청) - 추후 국토지리정보원 자료로 보강 필요,ASOS 일자료 조회서비스 응답 항목에 토양수분 필드 자체가 없어 변수 제외,"최근접 관측소 매칭(중심점법:exact, 거리 10.71km)"
2016,부산광역시,강서구,26440,253,김해시,10.25,15.45,0.7,True,25.71,1634.0,2.08,2312.1,3233.9,0.59,-0.89,1.81,11.0,366,,이번 산출물에서 제외(사용자 요청) - 추후 국토지리정보원 자료로 보강 필요,ASOS 일자료 조회서비스 응답 항목에 토양수분 필드 자체가 없어 변수 제외,"최근접 관측소 매칭(중심점법:exact, 거리 10.25km)"
2017,부산광역시,강서구,26440,253,김해시,10.25,14.62,-0.41,True,25.11,755.8,2.18,2168.2,3025.5,-0.98,-1.98,0.76,12.0,365,,이번 산출물에서 제외(사용자 요청) - 추후 국토지리정보원 자료로 보강 필요,ASOS 일자료 조회서비스 응답 항목에 토양수분 필드 자체가 없어 변수 제외,"최근접 관측소 매칭(중심점법:exact, 거리 10.25km)"
2018,부산광역시,강서구,26440,253,김해시,10.25,14.87,-2.98,True,26.08,1469.7,2.13,2242.2,3156.0,0.23,-1.61,1.18,12.0,365,,이번 산출물에서 제외(사용자 요청) - 추후 국토지리정보원 자료로 보강 필요,ASOS 일자료 조회서비스 응답 항목에 토양수분 필드 자체가 없어 변수 제외,"최근접 관측소 매칭(중심점법:exact, 거리 10.25km)"
2019,부산광역시,강서구,26440,253,김해시,10.25,15.62,-0.3,True,24.87,1494.0,2.08,2252.4,3179.5,0.09,-0.76,0.83,12.0,365,,이번 산출물에서 제외(사용자 요청) - 추후 국토지리정보원 자료로 보강 필요,ASOS 일자료 조회서비스 응답 항목에 토양수분 필드 자체가 없어 변수 제외,"최근접 관측소 매칭(중심점법:exact, 거리 10.25km)"
2020,부산광역시,강서구,26440,253,김해시,10.25,14.8,1.46,True,24.59,1702.5,1.93,2028.3,2925.2,0.32,-1.61,1.42,12.0,366,,이번 산출물에서 제외(사용자 요청) - 추후 국토지리정보원 자료로 보강 필요,ASOS 일자료 조회서비스 응답 항목에 토양수분 필드 자체가 없어 변수 제외,"최근접 관측소 매칭(중심점법:exact, 거리 10.25km)"
2021,부산광역시,강서구,26440,253,김해시,10.25,15.17,-1.36,True,25.01,1552.6,1.73,2177.6,3122.9,0.13,-1.11,1.08,12.0,365,,이번 산출물에서 제외(사용자 요청) - 추후 국토지리정보원 자료로 보강 필요,ASOS 일자료 조회서비스 응답 항목에 토양수분 필드 자체가 없어 변수 제외,"최근접 관측소 매칭(중심점법:exact, 거리 10.25km)"
2022,부산광역시,강서구,26440,253,김해시,10.25,14.94,-1.83,True,25.31,874.0,1.72,2234.6,3160.6,-1.12,-2.26,-0.12,12.0,365,,이번 산출물에서 제외(사용자 요청) - 추후 국토지리정보원 자료로 보강 필요,ASOS 일자료 조회서비스 응답 항목에 토양수분 필드 자체가 없어 변수 제외,"최근접 관측소 매칭(중심점법:exact, 거리 10.25km)"
2023,부산광역시,강서구,26440,253,김해시,10.25,15.53,-1.61,True,25.57,1879.6,1.6,2307.2,3254.0,0.61,-0.62,1.46,12.0,365,,이번 산출물에서 제외(사용자 요청) - 추후 국토지리정보원 자료로 보강 필요,ASOS 일자료 조회서비스 응답 항목에 토양수분 필드 자체가 없어 변수 제외,"최근접 관측소 매칭(중심점법:exact, 거리 10.25km)"
2024,부산광역시,강서구,26440,253,김해시,10.25,16.15,0.72,True,26.28,1720.0,1.58,2534.1,3449.8,0.89,-0.58,1.79,12.0,366,,이번 산출물에서 제외(사용자 요청) - 추후 국토지리정보원 자료로 보강 필요,ASOS 일자료 조회서비스 응답 항목에 토양수분 필드 자체가 없어 변수 제외,"최근접 관측소 매칭(중심점법:exact, 거리 10.25km)"
2025,부산광역시,강서구,26440,253,김해시,10.25,15.45,-1.97,True,26.42,1130.9,1.6,2407.1,3298.6,-0.7,-1.85,0.45,12.0,365,,이번 산출물에서 제외(사용자 요청) - 추후 국토지리정보원 자료로 보강 필요,ASOS 일자료 조회서비스 응답 항목에 토양수분 필드 자체가 없어 변수 제외,"최근접 관측소 매칭(중심점법:exact, 거리 10.25km)"
2016,부산광역시,금정구,26410,257,양산시,8.41,15.32,-0.53,True,25.69,1978.8,2.25,2263.4,3166.8,0.91,-0.41,2.03,11.0,366,,이번 산출물에서 제외(사용자 요청) - 추후 국토지리정보원 자료로 보강 필요,ASOS 일자료 조회서비스 응답 항목에 토양수분 필드 자체가 없어 변수 제외,"최근접 관측소 매칭(중심점법:exact, 거리 8.41km)"
2017,부산광역시,금정구,26410,257,양산시,8.41,15.18,-0.78,True,26.07,720.2,2.33,2297.6,3153.1,-1.09,-2.01,0.86,12.0,365,,이번 산출물에서 제외(사용자 요청) - 추후 국토지리정보원 자료로 보강 필요,ASOS 일자료 조회서비스 응답 항목에 토양수분 필드 자체가 없어 변수 제외,"최근접 관측소 매칭(중심점법:exact, 거리 8.41km)"
2018,부산광역시,금정구,26410,257,양산시,8.41,14.88,-3.27,True,26.32,1589.2,2.31,2221.2,3105.6,0.21,-1.98,1.17,12.0,365,,이번 산출물에서 제외(사용자 요청) - 추후 국토지리정보원 자료로 보강 필요,ASOS 일자료 조회서비스 응답 항목에 토양수분 필드 자체가 없어 변수 제외,"최근접 관측소 매칭(중심점법:exact, 거리 8.41km)"
2019,부산광역시,금정구,26410,257,양산시,8.41,15.5,-0.62,True,25.0,1536.1,2.12,2211.2,3116.1,0.03,-0.48,0.81,12.0,365,,이번 산출물에서 제외(사용자 요청) - 추후 국토지리정보원 자료로 보강 필요,ASOS 일자료 조회서비스 응답 항목에 토양수분 필드 자체가 없어 변수 제외,"최근접 관측소 매칭(중심점법:exact, 거리 8.41km)"
2020,부산광역시,금정구,26410,257,양산시,8.41,15.08,0.88,True,24.98,1892.5,2.22,2070.6,2977.5,0.37,-1.4,1.35,12.0,366,,이번 산출물에서 제외(사용자 요청) - 추후 국토지리정보원 자료로 보강 필요,ASOS 일자료 조회서비스 응답 항목에 토양수분 필드 자체가 없어 변수 제외,"최근접 관측소 매칭(중심점법:exact, 거리 8.41km)"
2021,부산광역시,금정구,26410,257,양산시,8.41,15.46,-1.31,True,25.52,1708.2,2.19,2238.8,3174.4,0.18,-1.13,1.09,12.0,365,,이번 산출물에서 제외(사용자 요청) - 추후 국토지리정보원 자료로 보강 필요,ASOS 일자료 조회서비스 응답 항목에 토양수분 필드 자체가 없어 변수 제외,"최근접 관측소 매칭(중심점법:exact, 거리 8.41km)"
2022,부산광역시,금정구,26410,257,양산시,8.41,15.42,-1.81,True,25.97,932.5,2.15,2323.7,3248.1,-1.1,-2.25,-0.49,12.0,365,,이번 산출물에서 제외(사용자 요청) - 추후 국토지리정보원 자료로 보강 필요,ASOS 일자료 조회서비스 응답 항목에 토양수분 필드 자체가 없어 변수 제외,"최근접 관측소 매칭(중심점법:exact, 거리 8.41km)"
2023,부산광역시,금정구,26410,257,양산시,8.41,16.06,-1.31,True,26.29,2172.0,1.97,2412.5,3363.4,0.68,-0.63,1.65,12.0,365,,이번 산출물에서 제외(사용자 요청) - 추후 국토지리정보원 자료로 보강 필요,ASOS 일자료 조회서비스 응답 항목에 토양수분 필드 자체가 없어 변수 제외,"최근접 관측소 매칭(중심점법:exact, 거리 8.41km)"
2024,부산광역시,금정구,26410,257,양산시,8.41,16.79,0.97,True,27.08,1669.4,2.11,2661.3,3590.4,0.64,-0.57,1.35,12.0,366,,이번 산출물에서 제외(사용자 요청) - 추후 국토지리정보원 자료로 보강 필요,ASOS 일자료 조회서비스 응답 항목에 토양수분 필드 자체가 없어 변수 제외,"최근접 관측소 매칭(중심점법:exact, 거리 8.41km)"
2025,부산광역시,금정구,26410,257,양산시,8.41,15.65,-1.55,True,26.76,1169.9,2.05,2471.1,3357.0,-0.73,-1.69,0.42,12.0,365,,이번 산출물에서 제외(사용자 요청) - 추후 국토지리정보원 자료로 보강 필요,ASOS 일자료 조회서비스 응답 항목에 토양수분 필드 자체가 없어 변수 제외,"최근접 관측소 매칭(중심점법:exact, 거리 8.41km)"
2016,부산광역시,기장군,26710,257,양산시,16.46,15.32,-0.53,True,25.69,1978.8,2.25,2263.4,3166.8,0.91,-0.41,2.03,11.0,366,,이번 산출물에서 제외(사용자 요청) - 추후 국토지리정보원 자료로 보강 필요,ASOS 일자료 조회서비스 응답 항목에 토양수분 필드 자체가 없어 변수 제외,"최근접 관측소 매칭(중심점법:exact, 거리 16.46km)"
2017,부산광역시,기장군,26710,257,양산시,16.46,15.18,-0.78,True,26.07,720.2,2.33,2297.6,3153.1,-1.09,-2.01,0.86,12.0,365,,이번 산출물에서 제외(사용자 요청) - 추후 국토지리정보원 자료로 보강 필요,ASOS 일자료 조회서비스 응답 항목에 토양수분 필드 자체가 없어 변수 제외,"최근접 관측소 매칭(중심점법:exact, 거리 16.46km)"
2018,부산광역시,기장군,26710,257,양산시,16.46,14.88,-3.27,True,26.32,1589.2,2.31,2221.2,3105.6,0.21,-1.98,1.17,12.0,365,,이번 산출물에서 제외(사용자 요청) - 추후 국토지리정보원 자료로 보강 필요,ASOS 일자료 조회서비스 응답 항목에 토양수분 필드 자체가 없어 변수 제외,"최근접 관측소 매칭(중심점법:exact, 거리 16.46km)"
2019,부산광역시,기장군,26710,257,양산시,16.46,15.5,-0.62,True,25.0,1536.1,2.12,2211.2,3116.1,0.03,-0.48,0.81,12.0,365,,이번 산출물에서 제외(사용자 요청) - 추후 국토지리정보원 자료로 보강 필요,ASOS 일자료 조회서비스 응답 항목에 토양수분 필드 자체가 없어 변수 제외,"최근접 관측소 매칭(중심점법:exact, 거리 16.46km)"
2020,부산광역시,기장군,26710,257,양산시,16.46,15.08,0.88,True,24.98,1892.5,2.22,2070.6,2977.5,0.37,-1.4,1.35,12.0,366,,이번 산출물에서 제외(사용자 요청) - 추후 국토지리정보원 자료로 보강 필요,ASOS 일자료 조회서비스 응답 항목에 토양수분 필드 자체가 없어 변수 제외,"최근접 관측소 매칭(중심점법:exact, 거리 16.46km)"
2021,부산광역시,기장군,26710,257,양산시,16.46,15.46,-1.31,True,25.52,1708.2,2.19,2238.8,3174.4,0.18,-1.13,1.09,12.0,365,,이번 산출물에서 제외(사용자 요청) - 추후 국토지리정보원 자료로 보강 필요,ASOS 일자료 조회서비스 응답 항목에 토양수분 필드 자체가 없어 변수 제외,"최근접 관측소 매칭(중심점법:exact, 거리 16.46km)"
2022,부산광역시,기장군,26710,257,양산시,16.46,15.42,-1.81,True,25.97,932.5,2.15,2323.7,3248.1,-1.1,-2.25,-0.49,12.0,365,,이번 산출물에서 제외(사용자 요청) - 추후 국토지리정보원 자료로 보강 필요,ASOS 일자료 조회서비스 응답 항목에 토양수분 필드 자체가 없어 변수 제외,"최근접 관측소 매칭(중심점법:exact, 거리 16.46km)"
2023,부산광역시,기장군,26710,257,양산시,16.46,16.06,-1.31,True,26.29,2172.0,1.97,2412.5,3363.4,0.68,-0.63,1.65,12.0,365,,이번 산출물에서 제외(사용자 요청) - 추후 국토지리정보원 자료로 보강 필요,ASOS 일자료 조회서비스 응답 항목에 토양수분 필드 자체가 없어 변수 제외,"최근접 관측소 매칭(중심점법:exact, 거리 16.46km)"
2024,부산광역시,기장군,26710,257,양산시,16.46,16.79,0.97,True,27.08,1669.4,2.11,2661.3,3590.4,0.64,-0.57,1.35,12.0,366,,이번 산출물에서 제외(사용자 요청) - 추후 국토지리정보원 자료로 보강 필요,ASOS 일자료 조회서비스 응답 항목에 토양수분 필드 자체가 없어 변수 제외,"최근접 관측소 매칭(중심점법:exact, 거리 16.46km)"
2025,부산광역시,기장군,26710,257,양산시,16.46,15.65,-1.55,True,26.76,1169.9,2.05,2471.1,3357.0,-0.73,-1.69,0.42,12.0,365,,이번 산출물에서 제외(사용자 요청) - 추후 국토지리정보원 자료로 보강 필요,ASOS 일자료 조회서비스 응답 항목에 토양수분 필드 자체가 없어 변수 제외,"최근접 관측소 매칭(중심점법:exact, 거리 16.46km)"
2016,부산광역시,남구,26290,159,부산,6.1,15.74,1.84,True,25.03,1760.2,3.11,2254.9,3215.8,0.49,-0.94,1.51,11.0,366,,이번 산출물에서 제외(사용자 요청) - 추후 국토지리정보원 자료로 보강 필요,ASOS 일자료 조회서비스 응답 항목에 토양수분 필드 자체가 없어 변수 제외,"최근접 관측소 매칭(중심점법:exact, 거리 6.1km)"
2017,부산광역시,남구,26290,159,부산,6.1,15.25,1.42,True,24.81,1014.4,3.17,2161.5,3064.1,-0.78,-2.4,0.8,12.0,365,,이번 산출물에서 제외(사용자 요청) - 추후 국토지리정보원 자료로 보강 필요,ASOS 일자료 조회서비스 응답 항목에 토양수분 필드 자체가 없어 변수 제외,"최근접 관측소 매칭(중심점법:exact, 거리 6.1km)"
2018,부산광역시,남구,26290,159,부산,6.1,15.12,-0.98,True,25.41,1778.6,3.18,2154.4,3094.1,0.35,-1.61,1.47,12.0,365,,이번 산출물에서 제외(사용자 요청) - 추후 국토지리정보원 자료로 보강 필요,ASOS 일자료 조회서비스 응답 항목에 토양수분 필드 자체가 없어 변수 제외,"최근접 관측소 매칭(중심점법:exact, 거리 6.1km)"
2019,부산광역시,남구,26290,159,부산,6.1,15.75,1.67,True,24.15,1623.2,3.04,2141.6,3106.4,0.06,-0.91,0.89,12.0,365,,이번 산출물에서 제외(사용자 요청) - 추후 국토지리정보원 자료로 보강 필요,ASOS 일자료 조회서비스 응답 항목에 토양수분 필드 자체가 없어 변수 제외,"최근접 관측소 매칭(중심점법:exact, 거리 6.1km)"
2020,부산광역시,남구,26290,159,부산,6.1,15.21,3.2,True,23.94,2281.6,3.17,1992.6,2944.0,0.52,-1.38,1.8,12.0,366,,이번 산출물에서 제외(사용자 요청) - 추후 국토지리정보원 자료로 보강 필요,ASOS 일자료 조회서비스 응답 항목에 토양수분 필드 자체가 없어 변수 제외,"최근접 관측소 매칭(중심점법:exact, 거리 6.1km)"
2021,부산광역시,남구,26290,159,부산,6.1,15.77,0.86,True,24.83,1807.8,3.12,2203.1,3209.8,0.04,-1.24,1.0,12.0,365,,이번 산출물에서 제외(사용자 요청) - 추후 국토지리정보원 자료로 보강 필요,ASOS 일자료 조회서비스 응답 항목에 토양수분 필드 자체가 없어 변수 제외,"최근접 관측소 매칭(중심점법:exact, 거리 6.1km)"
2022,부산광역시,남구,26290,159,부산,6.1,15.42,0.49,True,24.78,991.9,3.23,2236.4,3187.8,-1.15,-2.37,-0.08,12.0,365,,이번 산출물에서 제외(사용자 요청) - 추후 국토지리정보원 자료로 보강 필요,ASOS 일자료 조회서비스 응답 항목에 토양수분 필드 자체가 없어 변수 제외,"최근접 관측소 매칭(중심점법:exact, 거리 6.1km)"
2023,부산광역시,남구,26290,159,부산,6.1,16.08,0.74,True,25.3,2191.4,3.19,2311.4,3294.6,0.49,-0.7,1.47,12.0,365,,이번 산출물에서 제외(사용자 요청) - 추후 국토지리정보원 자료로 보강 필요,ASOS 일자료 조회서비스 응답 항목에 토양수분 필드 자체가 없어 변수 제외,"최근접 관측소 매칭(중심점법:exact, 거리 6.1km)"
2024,부산광역시,남구,26290,159,부산,6.1,16.67,2.7,True,25.94,1945.7,3.31,2526.8,3475.0,0.8,-0.3,1.63,12.0,366,,이번 산출물에서 제외(사용자 요청) - 추후 국토지리정보원 자료로 보강 필요,ASOS 일자료 조회서비스 응답 항목에 토양수분 필드 자체가 없어 변수 제외,"최근접 관측소 매칭(중심점법:exact, 거리 6.1km)"
2025,부산광역시,남구,26290,159,부산,6.1,16.04,0.37,True,26.18,1212.7,3.19,2410.0,3346.2,-0.74,-1.93,0.47,12.0,365,,이번 산출물에서 제외(사용자 요청) - 추후 국토지리정보원 자료로 보강 필요,ASOS 일자료 조회서비스 응답 항목에 토양수분 필드 자체가 없어 변수 제외,"최근접 관측소 매칭(중심점법:exact, 거리 6.1km)"
2016,부산광역시,동구,26170,159,부산,2.82,15.74,1.84,True,25.03,1760.2,3.11,2254.9,3215.8,0.49,-0.94,1.51,11.0,366,,이번 산출물에서 제외(사용자 요청) - 추후 국토지리정보원 자료로 보강 필요,ASOS 일자료 조회서비스 응답 항목에 토양수분 필드 자체가 없어 변수 제외,"최근접 관측소 매칭(중심점법:exact, 거리 2.82km)"
2017,부산광역시,동구,26170,159,부산,2.82,15.25,1.42,True,24.81,1014.4,3.17,2161.5,3064.1,-0.78,-2.4,0.8,12.0,365,,이번 산출물에서 제외(사용자 요청) - 추후 국토지리정보원 자료로 보강 필요,ASOS 일자료 조회서비스 응답 항목에 토양수분 필드 자체가 없어 변수 제외,"최근접 관측소 매칭(중심점법:exact, 거리 2.82km)"
2018,부산광역시,동구,26170,159,부산,2.82,15.12,-0.98,True,25.41,1778.6,3.18,2154.4,3094.1,0.35,-1.61,1.47,12.0,365,,이번 산출물에서 제외(사용자 요청) - 추후 국토지리정보원 자료로 보강 필요,ASOS 일자료 조회서비스 응답 항목에 토양수분 필드 자체가 없어 변수 제외,"최근접 관측소 매칭(중심점법:exact, 거리 2.82km)"
2019,부산광역시,동구,26170,159,부산,2.82,15.75,1.67,True,24.15,1623.2,3.04,2141.6,3106.4,0.06,-0.91,0.89,12.0,365,,이번 산출물에서 제외(사용자 요청) - 추후 국토지리정보원 자료로 보강 필요,ASOS 일자료 조회서비스 응답 항목에 토양수분 필드 자체가 없어 변수 제외,"최근접 관측소 매칭(중심점법:exact, 거리 2.82km)"
2020,부산광역시,동구,26170,159,부산,2.82,15.21,3.2,True,23.94,2281.6,3.17,1992.6,2944.0,0.52,-1.38,1.8,12.0,366,,이번 산출물에서 제외(사용자 요청) - 추후 국토지리정보원 자료로 보강 필요,ASOS 일자료 조회서비스 응답 항목에 토양수분 필드 자체가 없어 변수 제외,"최근접 관측소 매칭(중심점법:exact, 거리 2.82km)"
2021,부산광역시,동구,26170,159,부산,2.82,15.77,0.86,True,24.83,1807.8,3.12,2203.1,3209.8,0.04,-1.24,1.0,12.0,365,,이번 산출물에서 제외(사용자 요청) - 추후 국토지리정보원 자료로 보강 필요,ASOS 일자료 조회서비스 응답 항목에 토양수분 필드 자체가 없어 변수 제외,"최근접 관측소 매칭(중심점법:exact, 거리 2.82km)"
2022,부산광역시,동구,26170,159,부산,2.82,15.42,0.49,True,24.78,991.9,3.23,2236.4,3187.8,-1.15,-2.37,-0.08,12.0,365,,이번 산출물에서 제외(사용자 요청) - 추후 국토지리정보원 자료로 보강 필요,ASOS 일자료 조회서비스 응답 항목에 토양수분 필드 자체가 없어 변수 제외,"최근접 관측소 매칭(중심점법:exact, 거리 2.82km)"
2023,부산광역시,동구,26170,159,부산,2.82,16.08,0.74,True,25.3,2191.4,3.19,2311.4,3294.6,0.49,-0.7,1.47,12.0,365,,이번 산출물에서 제외(사용자 요청) - 추후 국토지리정보원 자료로 보강 필요,ASOS 일자료 조회서비스 응답 항목에 토양수분 필드 자체가 없어 변수 제외,"최근접 관측소 매칭(중심점법:exact, 거리 2.82km)"
2024,부산광역시,동구,26170,159,부산,2.82,16.67,2.7,True,25.94,1945.7,3.31,2526.8,3475.0,0.8,-0.3,1.63,12.0,366,,이번 산출물에서 제외(사용자 요청) - 추후 국토지리정보원 자료로 보강 필요,ASOS 일자료 조회서비스 응답 항목에 토양수분 필드 자체가 없어 변수 제외,"최근접 관측소 매칭(중심점법:exact, 거리 2.82km)"
2025,부산광역시,동구,26170,159,부산,2.82,16.04,0.37,True,26.18,1212.7,3.19,2410.0,3346.2,-0.74,-1.93,0.47,12.0,365,,이번 산출물에서 제외(사용자 요청) - 추후 국토지리정보원 자료로 보강 필요,ASOS 일자료 조회서비스 응답 항목에 토양수분 필드 자체가 없어 변수 제외,"최근접 관측소 매칭(중심점법:exact, 거리 2.82km)"
2016,부산광역시,동래구,26260,296,북부산,10.86,,,False,,,,,,,,,,0,,이번 산출물에서 제외(사용자 요청) - 추후 국토지리정보원 자료로 보강 필요,ASOS 일자료 조회서비스 응답 항목에 토양수분 필드 자체가 없어 변수 제외,"최근접 관측소 매칭(중심점법:exact, 거리 10.86km)"
2017,부산광역시,동래구,26260,296,북부산,10.86,,,False,,,,,,,,,,0,,이번 산출물에서 제외(사용자 요청) - 추후 국토지리정보원 자료로 보강 필요,ASOS 일자료 조회서비스 응답 항목에 토양수분 필드 자체가 없어 변수 제외,"최근접 관측소 매칭(중심점법:exact, 거리 10.86km)"
2018,부산광역시,동래구,26260,296,북부산,10.86,,,False,,,,,,,,,,0,,이번 산출물에서 제외(사용자 요청) - 추후 국토지리정보원 자료로 보강 필요,ASOS 일자료 조회서비스 응답 항목에 토양수분 필드 자체가 없어 변수 제외,"최근접 관측소 매칭(중심점법:exact, 거리 10.86km)"
2019,부산광역시,동래구,26260,296,북부산,10.86,,,False,,,,,,,,,,0,,이번 산출물에서 제외(사용자 요청) - 추후 국토지리정보원 자료로 보강 필요,ASOS 일자료 조회서비스 응답 항목에 토양수분 필드 자체가 없어 변수 제외,"최근접 관측소 매칭(중심점법:exact, 거리 10.86km)"
2020,부산광역시,동래구,26260,296,북부산,10.86,,,False,,,,,,,,,,0,,이번 산출물에서 제외(사용자 요청) - 추후 국토지리정보원 자료로 보강 필요,ASOS 일자료 조회서비스 응답 항목에 토양수분 필드 자체가 없어 변수 제외,"최근접 관측소 매칭(중심점법:exact, 거리 10.86km)"
2021,부산광역시,동래구,26260,296,북부산,10.86,,,False,,,,,,,,,,0,,이번 산출물에서 제외(사용자 요청) - 추후 국토지리정보원 자료로 보강 필요,ASOS 일자료 조회서비스 응답 항목에 토양수분 필드 자체가 없어 변수 제외,"최근접 관측소 매칭(중심점법:exact, 거리 10.86km)"
2022,부산광역시,동래구,26260,296,북부산,10.86,,,False,,,,,,,,,,0,,이번 산출물에서 제외(사용자 요청) - 추후 국토지리정보원 자료로 보강 필요,ASOS 일자료 조회서비스 응답 항목에 토양수분 필드 자체가 없어 변수 제외,"최근접 관측소 매칭(중심점법:exact, 거리 10.86km)"
2023,부산광역시,동래구,26260,296,북부산,10.86,15.65,-2.18,False,25.67,1973.5,2.0,2192.1,3111.0,,,,,355,,이번 산출물에서 제외(사용자 요청) - 추후 국토지리정보원 자료로 보강 필요,ASOS 일자료 조회서비스 응답 항목에 토양수분 필드 자체가 없어 변수 제외,"최근접 관측소 매칭(중심점법:exact, 거리 10.86km)"
2024,부산광역시,동래구,26260,296,북부산,10.86,16.32,-0.12,True,26.57,1613.5,2.19,2496.1,3407.5,,,,,366,,이번 산출물에서 제외(사용자 요청) - 추후 국토지리정보원 자료로 보강 필요,ASOS 일자료 조회서비스 응답 항목에 토양수분 필드 자체가 없어 변수 제외,"최근접 관측소 매칭(중심점법:exact, 거리 10.86km)"
2025,부산광역시,동래구,26260,296,북부산,10.86,15.43,-2.99,True,26.63,1116.3,2.01,2365.4,3229.4,,,,,365,,이번 산출물에서 제외(사용자 요청) - 추후 국토지리정보원 자료로 보강 필요,ASOS 일자료 조회서비스 응답 항목에 토양수분 필드 자체가 없어 변수 제외,"최근접 관측소 매칭(중심점법:exact, 거리 10.86km)"
2016,부산광역시,부산진구,26230,159,부산,6.8,15.74,1.84,True,25.03,1760.2,3.11,2254.9,3215.8,0.49,-0.94,1.51,11.0,366,,이번 산출물에서 제외(사용자 요청) - 추후 국토지리정보원 자료로 보강 필요,ASOS 일자료 조회서비스 응답 항목에 토양수분 필드 자체가 없어 변수 제외,"최근접 관측소 매칭(중심점법:exact, 거리 6.8km)"
2017,부산광역시,부산진구,26230,159,부산,6.8,15.25,1.42,True,24.81,1014.4,3.17,2161.5,3064.1,-0.78,-2.4,0.8,12.0,365,,이번 산출물에서 제외(사용자 요청) - 추후 국토지리정보원 자료로 보강 필요,ASOS 일자료 조회서비스 응답 항목에 토양수분 필드 자체가 없어 변수 제외,"최근접 관측소 매칭(중심점법:exact, 거리 6.8km)"
2018,부산광역시,부산진구,26230,159,부산,6.8,15.12,-0.98,True,25.41,1778.6,3.18,2154.4,3094.1,0.35,-1.61,1.47,12.0,365,,이번 산출물에서 제외(사용자 요청) - 추후 국토지리정보원 자료로 보강 필요,ASOS 일자료 조회서비스 응답 항목에 토양수분 필드 자체가 없어 변수 제외,"최근접 관측소 매칭(중심점법:exact, 거리 6.8km)"
2019,부산광역시,부산진구,26230,159,부산,6.8,15.75,1.67,True,24.15,1623.2,3.04,2141.6,3106.4,0.06,-0.91,0.89,12.0,365,,이번 산출물에서 제외(사용자 요청) - 추후 국토지리정보원 자료로 보강 필요,ASOS 일자료 조회서비스 응답 항목에 토양수분 필드 자체가 없어 변수 제외,"최근접 관측소 매칭(중심점법:exact, 거리 6.8km)"
2020,부산광역시,부산진구,26230,159,부산,6.8,15.21,3.2,True,23.94,2281.6,3.17,1992.6,2944.0,0.52,-1.38,1.8,12.0,366,,이번 산출물에서 제외(사용자 요청) - 추후 국토지리정보원 자료로 보강 필요,ASOS 일자료 조회서비스 응답 항목에 토양수분 필드 자체가 없어 변수 제외,"최근접 관측소 매칭(중심점법:exact, 거리 6.8km)"
2021,부산광역시,부산진구,26230,159,부산,6.8,15.77,0.86,True,24.83,1807.8,3.12,2203.1,3209.8,0.04,-1.24,1.0,12.0,365,,이번 산출물에서 제외(사용자 요청) - 추후 국토지리정보원 자료로 보강 필요,ASOS 일자료 조회서비스 응답 항목에 토양수분 필드 자체가 없어 변수 제외,"최근접 관측소 매칭(중심점법:exact, 거리 6.8km)"
2022,부산광역시,부산진구,26230,159,부산,6.8,15.42,0.49,True,24.78,991.9,3.23,2236.4,3187.8,-1.15,-2.37,-0.08,12.0,365,,이번 산출물에서 제외(사용자 요청) - 추후 국토지리정보원 자료로 보강 필요,ASOS 일자료 조회서비스 응답 항목에 토양수분 필드 자체가 없어 변수 제외,"최근접 관측소 매칭(중심점법:exact, 거리 6.8km)"
2023,부산광역시,부산진구,26230,159,부산,6.8,16.08,0.74,True,25.3,2191.4,3.19,2311.4,3294.6,0.49,-0.7,1.47,12.0,365,,이번 산출물에서 제외(사용자 요청) - 추후 국토지리정보원 자료로 보강 필요,ASOS 일자료 조회서비스 응답 항목에 토양수분 필드 자체가 없어 변수 제외,"최근접 관측소 매칭(중심점법:exact, 거리 6.8km)"
2024,부산광역시,부산진구,26230,159,부산,6.8,16.67,2.7,True,25.94,1945.7,3.31,2526.8,3475.0,0.8,-0.3,1.63,12.0,366,,이번 산출물에서 제외(사용자 요청) - 추후 국토지리정보원 자료로 보강 필요,ASOS 일자료 조회서비스 응답 항목에 토양수분 필드 자체가 없어 변수 제외,"최근접 관측소 매칭(중심점법:exact, 거리 6.8km)"
2025,부산광역시,부산진구,26230,159,부산,6.8,16.04,0.37,True,26.18,1212.7,3.19,2410.0,3346.2,-0.74,-1.93,0.47,12.0,365,,이번 산출물에서 제외(사용자 요청) - 추후 국토지리정보원 자료로 보강 필요,ASOS 일자료 조회서비스 응답 항목에 토양수분 필드 자체가 없어 변수 제외,"최근접 관측소 매칭(중심점법:exact, 거리 6.8km)"
2016,부산광역시,북구,26320,296,북부산,5.9,,,False,,,,,,,,,,0,,이번 산출물에서 제외(사용자 요청) - 추후 국토지리정보원 자료로 보강 필요,ASOS 일자료 조회서비스 응답 항목에 토양수분 필드 자체가 없어 변수 제외,"최근접 관측소 매칭(중심점법:exact, 거리 5.9km)"
2017,부산광역시,북구,26320,296,북부산,5.9,,,False,,,,,,,,,,0,,이번 산출물에서 제외(사용자 요청) - 추후 국토지리정보원 자료로 보강 필요,ASOS 일자료 조회서비스 응답 항목에 토양수분 필드 자체가 없어 변수 제외,"최근접 관측소 매칭(중심점법:exact, 거리 5.9km)"
2018,부산광역시,북구,26320,296,북부산,5.9,,,False,,,,,,,,,,0,,이번 산출물에서 제외(사용자 요청) - 추후 국토지리정보원 자료로 보강 필요,ASOS 일자료 조회서비스 응답 항목에 토양수분 필드 자체가 없어 변수 제외,"최근접 관측소 매칭(중심점법:exact, 거리 5.9km)"
2019,부산광역시,북구,26320,296,북부산,5.9,,,False,,,,,,,,,,0,,이번 산출물에서 제외(사용자 요청) - 추후 국토지리정보원 자료로 보강 필요,ASOS 일자료 조회서비스 응답 항목에 토양수분 필드 자체가 없어 변수 제외,"최근접 관측소 매칭(중심점법:exact, 거리 5.9km)"
2020,부산광역시,북구,26320,296,북부산,5.9,,,False,,,,,,,,,,0,,이번 산출물에서 제외(사용자 요청) - 추후 국토지리정보원 자료로 보강 필요,ASOS 일자료 조회서비스 응답 항목에 토양수분 필드 자체가 없어 변수 제외,"최근접 관측소 매칭(중심점법:exact, 거리 5.9km)"
2021,부산광역시,북구,26320,296,북부산,5.9,,,False,,,,,,,,,,0,,이번 산출물에서 제외(사용자 요청) - 추후 국토지리정보원 자료로 보강 필요,ASOS 일자료 조회서비스 응답 항목에 토양수분 필드 자체가 없어 변수 제외,"최근접 관측소 매칭(중심점법:exact, 거리 5.9km)"
2022,부산광역시,북구,26320,296,북부산,5.9,,,False,,,,,,,,,,0,,이번 산출물에서 제외(사용자 요청) - 추후 국토지리정보원 자료로 보강 필요,ASOS 일자료 조회서비스 응답 항목에 토양수분 필드 자체가 없어 변수 제외,"최근접 관측소 매칭(중심점법:exact, 거리 5.9km)"
2023,부산광역시,북구,26320,296,북부산,5.9,15.65,-2.18,False,25.67,1973.5,2.0,2192.1,3111.0,,,,,355,,이번 산출물에서 제외(사용자 요청) - 추후 국토지리정보원 자료로 보강 필요,ASOS 일자료 조회서비스 응답 항목에 토양수분 필드 자체가 없어 변수 제외,"최근접 관측소 매칭(중심점법:exact, 거리 5.9km)"
2024,부산광역시,북구,26320,296,북부산,5.9,16.32,-0.12,True,26.57,1613.5,2.19,2496.1,3407.5,,,,,366,,이번 산출물에서 제외(사용자 요청) - 추후 국토지리정보원 자료로 보강 필요,ASOS 일자료 조회서비스 응답 항목에 토양수분 필드 자체가 없어 변수 제외,"최근접 관측소 매칭(중심점법:exact, 거리 5.9km)"
2025,부산광역시,북구,26320,296,북부산,5.9,15.43,-2.99,True,26.63,1116.3,2.01,2365.4,3229.4,,,,,365,,이번 산출물에서 제외(사용자 요청) - 추후 국토지리정보원 자료로 보강 필요,ASOS 일자료 조회서비스 응답 항목에 토양수분 필드 자체가 없어 변수 제외,"최근접 관측소 매칭(중심점법:exact, 거리 5.9km)"
2016,부산광역시,사상구,26530,296,북부산,7.02,,,False,,,,,,,,,,0,,이번 산출물에서 제외(사용자 요청) - 추후 국토지리정보원 자료로 보강 필요,ASOS 일자료 조회서비스 응답 항목에 토양수분 필드 자체가 없어 변수 제외,"최근접 관측소 매칭(중심점법:exact, 거리 7.02km)"
2017,부산광역시,사상구,26530,296,북부산,7.02,,,False,,,,,,,,,,0,,이번 산출물에서 제외(사용자 요청) - 추후 국토지리정보원 자료로 보강 필요,ASOS 일자료 조회서비스 응답 항목에 토양수분 필드 자체가 없어 변수 제외,"최근접 관측소 매칭(중심점법:exact, 거리 7.02km)"
2018,부산광역시,사상구,26530,296,북부산,7.02,,,False,,,,,,,,,,0,,이번 산출물에서 제외(사용자 요청) - 추후 국토지리정보원 자료로 보강 필요,ASOS 일자료 조회서비스 응답 항목에 토양수분 필드 자체가 없어 변수 제외,"최근접 관측소 매칭(중심점법:exact, 거리 7.02km)"
2019,부산광역시,사상구,26530,296,북부산,7.02,,,False,,,,,,,,,,0,,이번 산출물에서 제외(사용자 요청) - 추후 국토지리정보원 자료로 보강 필요,ASOS 일자료 조회서비스 응답 항목에 토양수분 필드 자체가 없어 변수 제외,"최근접 관측소 매칭(중심점법:exact, 거리 7.02km)"
2020,부산광역시,사상구,26530,296,북부산,7.02,,,False,,,,,,,,,,0,,이번 산출물에서 제외(사용자 요청) - 추후 국토지리정보원 자료로 보강 필요,ASOS 일자료 조회서비스 응답 항목에 토양수분 필드 자체가 없어 변수 제외,"최근접 관측소 매칭(중심점법:exact, 거리 7.02km)"
2021,부산광역시,사상구,26530,296,북부산,7.02,,,False,,,,,,,,,,0,,이번 산출물에서 제외(사용자 요청) - 추후 국토지리정보원 자료로 보강 필요,ASOS 일자료 조회서비스 응답 항목에 토양수분 필드 자체가 없어 변수 제외,"최근접 관측소 매칭(중심점법:exact, 거리 7.02km)"
2022,부산광역시,사상구,26530,296,북부산,7.02,,,False,,,,,,,,,,0,,이번 산출물에서 제외(사용자 요청) - 추후 국토지리정보원 자료로 보강 필요,ASOS 일자료 조회서비스 응답 항목에 토양수분 필드 자체가 없어 변수 제외,"최근접 관측소 매칭(중심점법:exact, 거리 7.02km)"
2023,부산광역시,사상구,26530,296,북부산,7.02,15.65,-2.18,False,25.67,1973.5,2.0,2192.1,3111.0,,,,,355,,이번 산출물에서 제외(사용자 요청) - 추후 국토지리정보원 자료로 보강 필요,ASOS 일자료 조회서비스 응답 항목에 토양수분 필드 자체가 없어 변수 제외,"최근접 관측소 매칭(중심점법:exact, 거리 7.02km)"
2024,부산광역시,사상구,26530,296,북부산,7.02,16.32,-0.12,True,26.57,1613.5,2.19,2496.1,3407.5,,,,,366,,이번 산출물에서 제외(사용자 요청) - 추후 국토지리정보원 자료로 보강 필요,ASOS 일자료 조회서비스 응답 항목에 토양수분 필드 자체가 없어 변수 제외,"최근접 관측소 매칭(중심점법:exact, 거리 7.02km)"
2025,부산광역시,사상구,26530,296,북부산,7.02,15.43,-2.99,True,26.63,1116.3,2.01,2365.4,3229.4,,,,,365,,이번 산출물에서 제외(사용자 요청) - 추후 국토지리정보원 자료로 보강 필요,ASOS 일자료 조회서비스 응답 항목에 토양수분 필드 자체가 없어 변수 제외,"최근접 관측소 매칭(중심점법:exact, 거리 7.02km)"
2016,부산광역시,사하구,26380,159,부산,5.89,15.74,1.84,True,25.03,1760.2,3.11,2254.9,3215.8,0.49,-0.94,1.51,11.0,366,,이번 산출물에서 제외(사용자 요청) - 추후 국토지리정보원 자료로 보강 필요,ASOS 일자료 조회서비스 응답 항목에 토양수분 필드 자체가 없어 변수 제외,"최근접 관측소 매칭(중심점법:exact, 거리 5.89km)"
2017,부산광역시,사하구,26380,159,부산,5.89,15.25,1.42,True,24.81,1014.4,3.17,2161.5,3064.1,-0.78,-2.4,0.8,12.0,365,,이번 산출물에서 제외(사용자 요청) - 추후 국토지리정보원 자료로 보강 필요,ASOS 일자료 조회서비스 응답 항목에 토양수분 필드 자체가 없어 변수 제외,"최근접 관측소 매칭(중심점법:exact, 거리 5.89km)"
2018,부산광역시,사하구,26380,159,부산,5.89,15.12,-0.98,True,25.41,1778.6,3.18,2154.4,3094.1,0.35,-1.61,1.47,12.0,365,,이번 산출물에서 제외(사용자 요청) - 추후 국토지리정보원 자료로 보강 필요,ASOS 일자료 조회서비스 응답 항목에 토양수분 필드 자체가 없어 변수 제외,"최근접 관측소 매칭(중심점법:exact, 거리 5.89km)"
2019,부산광역시,사하구,26380,159,부산,5.89,15.75,1.67,True,24.15,1623.2,3.04,2141.6,3106.4,0.06,-0.91,0.89,12.0,365,,이번 산출물에서 제외(사용자 요청) - 추후 국토지리정보원 자료로 보강 필요,ASOS 일자료 조회서비스 응답 항목에 토양수분 필드 자체가 없어 변수 제외,"최근접 관측소 매칭(중심점법:exact, 거리 5.89km)"
2020,부산광역시,사하구,26380,159,부산,5.89,15.21,3.2,True,23.94,2281.6,3.17,1992.6,2944.0,0.52,-1.38,1.8,12.0,366,,이번 산출물에서 제외(사용자 요청) - 추후 국토지리정보원 자료로 보강 필요,ASOS 일자료 조회서비스 응답 항목에 토양수분 필드 자체가 없어 변수 제외,"최근접 관측소 매칭(중심점법:exact, 거리 5.89km)"
2021,부산광역시,사하구,26380,159,부산,5.89,15.77,0.86,True,24.83,1807.8,3.12,2203.1,3209.8,0.04,-1.24,1.0,12.0,365,,이번 산출물에서 제외(사용자 요청) - 추후 국토지리정보원 자료로 보강 필요,ASOS 일자료 조회서비스 응답 항목에 토양수분 필드 자체가 없어 변수 제외,"최근접 관측소 매칭(중심점법:exact, 거리 5.89km)"
2022,부산광역시,사하구,26380,159,부산,5.89,15.42,0.49,True,24.78,991.9,3.23,2236.4,3187.8,-1.15,-2.37,-0.08,12.0,365,,이번 산출물에서 제외(사용자 요청) - 추후 국토지리정보원 자료로 보강 필요,ASOS 일자료 조회서비스 응답 항목에 토양수분 필드 자체가 없어 변수 제외,"최근접 관측소 매칭(중심점법:exact, 거리 5.89km)"
2023,부산광역시,사하구,26380,159,부산,5.89,16.08,0.74,True,25.3,2191.4,3.19,2311.4,3294.6,0.49,-0.7,1.47,12.0,365,,이번 산출물에서 제외(사용자 요청) - 추후 국토지리정보원 자료로 보강 필요,ASOS 일자료 조회서비스 응답 항목에 토양수분 필드 자체가 없어 변수 제외,"최근접 관측소 매칭(중심점법:exact, 거리 5.89km)"
2024,부산광역시,사하구,26380,159,부산,5.89,16.67,2.7,True,25.94,1945.7,3.31,2526.8,3475.0,0.8,-0.3,1.63,12.0,366,,이번 산출물에서 제외(사용자 요청) - 추후 국토지리정보원 자료로 보강 필요,ASOS 일자료 조회서비스 응답 항목에 토양수분 필드 자체가 없어 변수 제외,"최근접 관측소 매칭(중심점법:exact, 거리 5.89km)"
2025,부산광역시,사하구,26380,159,부산,5.89,16.04,0.37,True,26.18,1212.7,3.19,2410.0,3346.2,-0.74,-1.93,0.47,12.0,365,,이번 산출물에서 제외(사용자 요청) - 추후 국토지리정보원 자료로 보강 필요,ASOS 일자료 조회서비스 응답 항목에 토양수분 필드 자체가 없어 변수 제외,"최근접 관측소 매칭(중심점법:exact, 거리 5.89km)"
2016,부산광역시,서구,26140,159,부산,1.59,15.74,1.84,True,25.03,1760.2,3.11,2254.9,3215.8,0.49,-0.94,1.51,11.0,366,,이번 산출물에서 제외(사용자 요청) - 추후 국토지리정보원 자료로 보강 필요,ASOS 일자료 조회서비스 응답 항목에 토양수분 필드 자체가 없어 변수 제외,"최근접 관측소 매칭(중심점법:exact, 거리 1.59km)"
2017,부산광역시,서구,26140,159,부산,1.59,15.25,1.42,True,24.81,1014.4,3.17,2161.5,3064.1,-0.78,-2.4,0.8,12.0,365,,이번 산출물에서 제외(사용자 요청) - 추후 국토지리정보원 자료로 보강 필요,ASOS 일자료 조회서비스 응답 항목에 토양수분 필드 자체가 없어 변수 제외,"최근접 관측소 매칭(중심점법:exact, 거리 1.59km)"
2018,부산광역시,서구,26140,159,부산,1.59,15.12,-0.98,True,25.41,1778.6,3.18,2154.4,3094.1,0.35,-1.61,1.47,12.0,365,,이번 산출물에서 제외(사용자 요청) - 추후 국토지리정보원 자료로 보강 필요,ASOS 일자료 조회서비스 응답 항목에 토양수분 필드 자체가 없어 변수 제외,"최근접 관측소 매칭(중심점법:exact, 거리 1.59km)"
2019,부산광역시,서구,26140,159,부산,1.59,15.75,1.67,True,24.15,1623.2,3.04,2141.6,3106.4,0.06,-0.91,0.89,12.0,365,,이번 산출물에서 제외(사용자 요청) - 추후 국토지리정보원 자료로 보강 필요,ASOS 일자료 조회서비스 응답 항목에 토양수분 필드 자체가 없어 변수 제외,"최근접 관측소 매칭(중심점법:exact, 거리 1.59km)"
2020,부산광역시,서구,26140,159,부산,1.59,15.21,3.2,True,23.94,2281.6,3.17,1992.6,2944.0,0.52,-1.38,1.8,12.0,366,,이번 산출물에서 제외(사용자 요청) - 추후 국토지리정보원 자료로 보강 필요,ASOS 일자료 조회서비스 응답 항목에 토양수분 필드 자체가 없어 변수 제외,"최근접 관측소 매칭(중심점법:exact, 거리 1.59km)"
2021,부산광역시,서구,26140,159,부산,1.59,15.77,0.86,True,24.83,1807.8,3.12,2203.1,3209.8,0.04,-1.24,1.0,12.0,365,,이번 산출물에서 제외(사용자 요청) - 추후 국토지리정보원 자료로 보강 필요,ASOS 일자료 조회서비스 응답 항목에 토양수분 필드 자체가 없어 변수 제외,"최근접 관측소 매칭(중심점법:exact, 거리 1.59km)"
2022,부산광역시,서구,26140,159,부산,1.59,15.42,0.49,True,24.78,991.9,3.23,2236.4,3187.8,-1.15,-2.37,-0.08,12.0,365,,이번 산출물에서 제외(사용자 요청) - 추후 국토지리정보원 자료로 보강 필요,ASOS 일자료 조회서비스 응답 항목에 토양수분 필드 자체가 없어 변수 제외,"최근접 관측소 매칭(중심점법:exact, 거리 1.59km)"
2023,부산광역시,서구,26140,159,부산,1.59,16.08,0.74,True,25.3,2191.4,3.19,2311.4,3294.6,0.49,-0.7,1.47,12.0,365,,이번 산출물에서 제외(사용자 요청) - 추후 국토지리정보원 자료로 보강 필요,ASOS 일자료 조회서비스 응답 항목에 토양수분 필드 자체가 없어 변수 제외,"최근접 관측소 매칭(중심점법:exact, 거리 1.59km)"
2024,부산광역시,서구,26140,159,부산,1.59,16.67,2.7,True,25.94,1945.7,3.31,2526.8,3475.0,0.8,-0.3,1.63,12.0,366,,이번 산출물에서 제외(사용자 요청) - 추후 국토지리정보원 자료로 보강 필요,ASOS 일자료 조회서비스 응답 항목에 토양수분 필드 자체가 없어 변수 제외,"최근접 관측소 매칭(중심점법:exact, 거리 1.59km)"
2025,부산광역시,서구,26140,159,부산,1.59,16.04,0.37,True,26.18,1212.7,3.19,2410.0,3346.2,-0.74,-1.93,0.47,12.0,365,,이번 산출물에서 제외(사용자 요청) - 추후 국토지리정보원 자료로 보강 필요,ASOS 일자료 조회서비스 응답 항목에 토양수분 필드 자체가 없어 변수 제외,"최근접 관측소 매칭(중심점법:exact, 거리 1.59km)"
2016,부산광역시,수영구,26500,159,부산,9.6,15.74,1.84,True,25.03,1760.2,3.11,2254.9,3215.8,0.49,-0.94,1.51,11.0,366,,이번 산출물에서 제외(사용자 요청) - 추후 국토지리정보원 자료로 보강 필요,ASOS 일자료 조회서비스 응답 항목에 토양수분 필드 자체가 없어 변수 제외,"최근접 관측소 매칭(중심점법:exact, 거리 9.6km)"
2017,부산광역시,수영구,26500,159,부산,9.6,15.25,1.42,True,24.81,1014.4,3.17,2161.5,3064.1,-0.78,-2.4,0.8,12.0,365,,이번 산출물에서 제외(사용자 요청) - 추후 국토지리정보원 자료로 보강 필요,ASOS 일자료 조회서비스 응답 항목에 토양수분 필드 자체가 없어 변수 제외,"최근접 관측소 매칭(중심점법:exact, 거리 9.6km)"
2018,부산광역시,수영구,26500,159,부산,9.6,15.12,-0.98,True,25.41,1778.6,3.18,2154.4,3094.1,0.35,-1.61,1.47,12.0,365,,이번 산출물에서 제외(사용자 요청) - 추후 국토지리정보원 자료로 보강 필요,ASOS 일자료 조회서비스 응답 항목에 토양수분 필드 자체가 없어 변수 제외,"최근접 관측소 매칭(중심점법:exact, 거리 9.6km)"
2019,부산광역시,수영구,26500,159,부산,9.6,15.75,1.67,True,24.15,1623.2,3.04,2141.6,3106.4,0.06,-0.91,0.89,12.0,365,,이번 산출물에서 제외(사용자 요청) - 추후 국토지리정보원 자료로 보강 필요,ASOS 일자료 조회서비스 응답 항목에 토양수분 필드 자체가 없어 변수 제외,"최근접 관측소 매칭(중심점법:exact, 거리 9.6km)"
2020,부산광역시,수영구,26500,159,부산,9.6,15.21,3.2,True,23.94,2281.6,3.17,1992.6,2944.0,0.52,-1.38,1.8,12.0,366,,이번 산출물에서 제외(사용자 요청) - 추후 국토지리정보원 자료로 보강 필요,ASOS 일자료 조회서비스 응답 항목에 토양수분 필드 자체가 없어 변수 제외,"최근접 관측소 매칭(중심점법:exact, 거리 9.6km)"
2021,부산광역시,수영구,26500,159,부산,9.6,15.77,0.86,True,24.83,1807.8,3.12,2203.1,3209.8,0.04,-1.24,1.0,12.0,365,,이번 산출물에서 제외(사용자 요청) - 추후 국토지리정보원 자료로 보강 필요,ASOS 일자료 조회서비스 응답 항목에 토양수분 필드 자체가 없어 변수 제외,"최근접 관측소 매칭(중심점법:exact, 거리 9.6km)"
2022,부산광역시,수영구,26500,159,부산,9.6,15.42,0.49,True,24.78,991.9,3.23,2236.4,3187.8,-1.15,-2.37,-0.08,12.0,365,,이번 산출물에서 제외(사용자 요청) - 추후 국토지리정보원 자료로 보강 필요,ASOS 일자료 조회서비스 응답 항목에 토양수분 필드 자체가 없어 변수 제외,"최근접 관측소 매칭(중심점법:exact, 거리 9.6km)"
2023,부산광역시,수영구,26500,159,부산,9.6,16.08,0.74,True,25.3,2191.4,3.19,2311.4,3294.6,0.49,-0.7,1.47,12.0,365,,이번 산출물에서 제외(사용자 요청) - 추후 국토지리정보원 자료로 보강 필요,ASOS 일자료 조회서비스 응답 항목에 토양수분 필드 자체가 없어 변수 제외,"최근접 관측소 매칭(중심점법:exact, 거리 9.6km)"
2024,부산광역시,수영구,26500,159,부산,9.6,16.67,2.7,True,25.94,1945.7,3.31,2526.8,3475.0,0.8,-0.3,1.63,12.0,366,,이번 산출물에서 제외(사용자 요청) - 추후 국토지리정보원 자료로 보강 필요,ASOS 일자료 조회서비스 응답 항목에 토양수분 필드 자체가 없어 변수 제외,"최근접 관측소 매칭(중심점법:exact, 거리 9.6km)"
2025,부산광역시,수영구,26500,159,부산,9.6,16.04,0.37,True,26.18,1212.7,3.19,2410.0,3346.2,-0.74,-1.93,0.47,12.0,365,,이번 산출물에서 제외(사용자 요청) - 추후 국토지리정보원 자료로 보강 필요,ASOS 일자료 조회서비스 응답 항목에 토양수분 필드 자체가 없어 변수 제외,"최근접 관측소 매칭(중심점법:exact, 거리 9.6km)"
2016,부산광역시,연제구,26470,159,부산,9.86,15.74,1.84,True,25.03,1760.2,3.11,2254.9,3215.8,0.49,-0.94,1.51,11.0,366,,이번 산출물에서 제외(사용자 요청) - 추후 국토지리정보원 자료로 보강 필요,ASOS 일자료 조회서비스 응답 항목에 토양수분 필드 자체가 없어 변수 제외,"최근접 관측소 매칭(중심점법:exact, 거리 9.86km)"
2017,부산광역시,연제구,26470,159,부산,9.86,15.25,1.42,True,24.81,1014.4,3.17,2161.5,3064.1,-0.78,-2.4,0.8,12.0,365,,이번 산출물에서 제외(사용자 요청) - 추후 국토지리정보원 자료로 보강 필요,ASOS 일자료 조회서비스 응답 항목에 토양수분 필드 자체가 없어 변수 제외,"최근접 관측소 매칭(중심점법:exact, 거리 9.86km)"
2018,부산광역시,연제구,26470,159,부산,9.86,15.12,-0.98,True,25.41,1778.6,3.18,2154.4,3094.1,0.35,-1.61,1.47,12.0,365,,이번 산출물에서 제외(사용자 요청) - 추후 국토지리정보원 자료로 보강 필요,ASOS 일자료 조회서비스 응답 항목에 토양수분 필드 자체가 없어 변수 제외,"최근접 관측소 매칭(중심점법:exact, 거리 9.86km)"
2019,부산광역시,연제구,26470,159,부산,9.86,15.75,1.67,True,24.15,1623.2,3.04,2141.6,3106.4,0.06,-0.91,0.89,12.0,365,,이번 산출물에서 제외(사용자 요청) - 추후 국토지리정보원 자료로 보강 필요,ASOS 일자료 조회서비스 응답 항목에 토양수분 필드 자체가 없어 변수 제외,"최근접 관측소 매칭(중심점법:exact, 거리 9.86km)"
2020,부산광역시,연제구,26470,159,부산,9.86,15.21,3.2,True,23.94,2281.6,3.17,1992.6,2944.0,0.52,-1.38,1.8,12.0,366,,이번 산출물에서 제외(사용자 요청) - 추후 국토지리정보원 자료로 보강 필요,ASOS 일자료 조회서비스 응답 항목에 토양수분 필드 자체가 없어 변수 제외,"최근접 관측소 매칭(중심점법:exact, 거리 9.86km)"
2021,부산광역시,연제구,26470,159,부산,9.86,15.77,0.86,True,24.83,1807.8,3.12,2203.1,3209.8,0.04,-1.24,1.0,12.0,365,,이번 산출물에서 제외(사용자 요청) - 추후 국토지리정보원 자료로 보강 필요,ASOS 일자료 조회서비스 응답 항목에 토양수분 필드 자체가 없어 변수 제외,"최근접 관측소 매칭(중심점법:exact, 거리 9.86km)"
2022,부산광역시,연제구,26470,159,부산,9.86,15.42,0.49,True,24.78,991.9,3.23,2236.4,3187.8,-1.15,-2.37,-0.08,12.0,365,,이번 산출물에서 제외(사용자 요청) - 추후 국토지리정보원 자료로 보강 필요,ASOS 일자료 조회서비스 응답 항목에 토양수분 필드 자체가 없어 변수 제외,"최근접 관측소 매칭(중심점법:exact, 거리 9.86km)"
2023,부산광역시,연제구,26470,159,부산,9.86,16.08,0.74,True,25.3,2191.4,3.19,2311.4,3294.6,0.49,-0.7,1.47,12.0,365,,이번 산출물에서 제외(사용자 요청) - 추후 국토지리정보원 자료로 보강 필요,ASOS 일자료 조회서비스 응답 항목에 토양수분 필드 자체가 없어 변수 제외,"최근접 관측소 매칭(중심점법:exact, 거리 9.86km)"
2024,부산광역시,연제구,26470,159,부산,9.86,16.67,2.7,True,25.94,1945.7,3.31,2526.8,3475.0,0.8,-0.3,1.63,12.0,366,,이번 산출물에서 제외(사용자 요청) - 추후 국토지리정보원 자료로 보강 필요,ASOS 일자료 조회서비스 응답 항목에 토양수분 필드 자체가 없어 변수 제외,"최근접 관측소 매칭(중심점법:exact, 거리 9.86km)"
2025,부산광역시,연제구,26470,159,부산,9.86,16.04,0.37,True,26.18,1212.7,3.19,2410.0,3346.2,-0.74,-1.93,0.47,12.0,365,,이번 산출물에서 제외(사용자 요청) - 추후 국토지리정보원 자료로 보강 필요,ASOS 일자료 조회서비스 응답 항목에 토양수분 필드 자체가 없어 변수 제외,"최근접 관측소 매칭(중심점법:exact, 거리 9.86km)"
2016,부산광역시,영도구,26200,159,부산,4.16,15.74,1.84,True,25.03,1760.2,3.11,2254.9,3215.8,0.49,-0.94,1.51,11.0,366,,이번 산출물에서 제외(사용자 요청) - 추후 국토지리정보원 자료로 보강 필요,ASOS 일자료 조회서비스 응답 항목에 토양수분 필드 자체가 없어 변수 제외,"최근접 관측소 매칭(중심점법:exact, 거리 4.16km)"
2017,부산광역시,영도구,26200,159,부산,4.16,15.25,1.42,True,24.81,1014.4,3.17,2161.5,3064.1,-0.78,-2.4,0.8,12.0,365,,이번 산출물에서 제외(사용자 요청) - 추후 국토지리정보원 자료로 보강 필요,ASOS 일자료 조회서비스 응답 항목에 토양수분 필드 자체가 없어 변수 제외,"최근접 관측소 매칭(중심점법:exact, 거리 4.16km)"
2018,부산광역시,영도구,26200,159,부산,4.16,15.12,-0.98,True,25.41,1778.6,3.18,2154.4,3094.1,0.35,-1.61,1.47,12.0,365,,이번 산출물에서 제외(사용자 요청) - 추후 국토지리정보원 자료로 보강 필요,ASOS 일자료 조회서비스 응답 항목에 토양수분 필드 자체가 없어 변수 제외,"최근접 관측소 매칭(중심점법:exact, 거리 4.16km)"
2019,부산광역시,영도구,26200,159,부산,4.16,15.75,1.67,True,24.15,1623.2,3.04,2141.6,3106.4,0.06,-0.91,0.89,12.0,365,,이번 산출물에서 제외(사용자 요청) - 추후 국토지리정보원 자료로 보강 필요,ASOS 일자료 조회서비스 응답 항목에 토양수분 필드 자체가 없어 변수 제외,"최근접 관측소 매칭(중심점법:exact, 거리 4.16km)"
2020,부산광역시,영도구,26200,159,부산,4.16,15.21,3.2,True,23.94,2281.6,3.17,1992.6,2944.0,0.52,-1.38,1.8,12.0,366,,이번 산출물에서 제외(사용자 요청) - 추후 국토지리정보원 자료로 보강 필요,ASOS 일자료 조회서비스 응답 항목에 토양수분 필드 자체가 없어 변수 제외,"최근접 관측소 매칭(중심점법:exact, 거리 4.16km)"
2021,부산광역시,영도구,26200,159,부산,4.16,15.77,0.86,True,24.83,1807.8,3.12,2203.1,3209.8,0.04,-1.24,1.0,12.0,365,,이번 산출물에서 제외(사용자 요청) - 추후 국토지리정보원 자료로 보강 필요,ASOS 일자료 조회서비스 응답 항목에 토양수분 필드 자체가 없어 변수 제외,"최근접 관측소 매칭(중심점법:exact, 거리 4.16km)"
2022,부산광역시,영도구,26200,159,부산,4.16,15.42,0.49,True,24.78,991.9,3.23,2236.4,3187.8,-1.15,-2.37,-0.08,12.0,365,,이번 산출물에서 제외(사용자 요청) - 추후 국토지리정보원 자료로 보강 필요,ASOS 일자료 조회서비스 응답 항목에 토양수분 필드 자체가 없어 변수 제외,"최근접 관측소 매칭(중심점법:exact, 거리 4.16km)"
2023,부산광역시,영도구,26200,159,부산,4.16,16.08,0.74,True,25.3,2191.4,3.19,2311.4,3294.6,0.49,-0.7,1.47,12.0,365,,이번 산출물에서 제외(사용자 요청) - 추후 국토지리정보원 자료로 보강 필요,ASOS 일자료 조회서비스 응답 항목에 토양수분 필드 자체가 없어 변수 제외,"최근접 관측소 매칭(중심점법:exact, 거리 4.16km)"
2024,부산광역시,영도구,26200,159,부산,4.16,16.67,2.7,True,25.94,1945.7,3.31,2526.8,3475.0,0.8,-0.3,1.63,12.0,366,,이번 산출물에서 제외(사용자 요청) - 추후 국토지리정보원 자료로 보강 필요,ASOS 일자료 조회서비스 응답 항목에 토양수분 필드 자체가 없어 변수 제외,"최근접 관측소 매칭(중심점법:exact, 거리 4.16km)"
2025,부산광역시,영도구,26200,159,부산,4.16,16.04,0.37,True,26.18,1212.7,3.19,2410.0,3346.2,-0.74,-1.93,0.47,12.0,365,,이번 산출물에서 제외(사용자 요청) - 추후 국토지리정보원 자료로 보강 필요,ASOS 일자료 조회서비스 응답 항목에 토양수분 필드 자체가 없어 변수 제외,"최근접 관측소 매칭(중심점법:exact, 거리 4.16km)"
2016,부산광역시,중구,26110,159,부산,0.19,15.74,1.84,True,25.03,1760.2,3.11,2254.9,3215.8,0.49,-0.94,1.51,11.0,366,,이번 산출물에서 제외(사용자 요청) - 추후 국토지리정보원 자료로 보강 필요,ASOS 일자료 조회서비스 응답 항목에 토양수분 필드 자체가 없어 변수 제외,"최근접 관측소 매칭(중심점법:exact, 거리 0.19km)"
2017,부산광역시,중구,26110,159,부산,0.19,15.25,1.42,True,24.81,1014.4,3.17,2161.5,3064.1,-0.78,-2.4,0.8,12.0,365,,이번 산출물에서 제외(사용자 요청) - 추후 국토지리정보원 자료로 보강 필요,ASOS 일자료 조회서비스 응답 항목에 토양수분 필드 자체가 없어 변수 제외,"최근접 관측소 매칭(중심점법:exact, 거리 0.19km)"
2018,부산광역시,중구,26110,159,부산,0.19,15.12,-0.98,True,25.41,1778.6,3.18,2154.4,3094.1,0.35,-1.61,1.47,12.0,365,,이번 산출물에서 제외(사용자 요청) - 추후 국토지리정보원 자료로 보강 필요,ASOS 일자료 조회서비스 응답 항목에 토양수분 필드 자체가 없어 변수 제외,"최근접 관측소 매칭(중심점법:exact, 거리 0.19km)"
2019,부산광역시,중구,26110,159,부산,0.19,15.75,1.67,True,24.15,1623.2,3.04,2141.6,3106.4,0.06,-0.91,0.89,12.0,365,,이번 산출물에서 제외(사용자 요청) - 추후 국토지리정보원 자료로 보강 필요,ASOS 일자료 조회서비스 응답 항목에 토양수분 필드 자체가 없어 변수 제외,"최근접 관측소 매칭(중심점법:exact, 거리 0.19km)"
2020,부산광역시,중구,26110,159,부산,0.19,15.21,3.2,True,23.94,2281.6,3.17,1992.6,2944.0,0.52,-1.38,1.8,12.0,366,,이번 산출물에서 제외(사용자 요청) - 추후 국토지리정보원 자료로 보강 필요,ASOS 일자료 조회서비스 응답 항목에 토양수분 필드 자체가 없어 변수 제외,"최근접 관측소 매칭(중심점법:exact, 거리 0.19km)"
2021,부산광역시,중구,26110,159,부산,0.19,15.77,0.86,True,24.83,1807.8,3.12,2203.1,3209.8,0.04,-1.24,1.0,12.0,365,,이번 산출물에서 제외(사용자 요청) - 추후 국토지리정보원 자료로 보강 필요,ASOS 일자료 조회서비스 응답 항목에 토양수분 필드 자체가 없어 변수 제외,"최근접 관측소 매칭(중심점법:exact, 거리 0.19km)"
2022,부산광역시,중구,26110,159,부산,0.19,15.42,0.49,True,24.78,991.9,3.23,2236.4,3187.8,-1.15,-2.37,-0.08,12.0,365,,이번 산출물에서 제외(사용자 요청) - 추후 국토지리정보원 자료로 보강 필요,ASOS 일자료 조회서비스 응답 항목에 토양수분 필드 자체가 없어 변수 제외,"최근접 관측소 매칭(중심점법:exact, 거리 0.19km)"
2023,부산광역시,중구,26110,159,부산,0.19,16.08,0.74,True,25.3,2191.4,3.19,2311.4,3294.6,0.49,-0.7,1.47,12.0,365,,이번 산출물에서 제외(사용자 요청) - 추후 국토지리정보원 자료로 보강 필요,ASOS 일자료 조회서비스 응답 항목에 토양수분 필드 자체가 없어 변수 제외,"최근접 관측소 매칭(중심점법:exact, 거리 0.19km)"
2024,부산광역시,중구,26110,159,부산,0.19,16.67,2.7,True,25.94,1945.7,3.31,2526.8,3475.0,0.8,-0.3,1.63,12.0,366,,이번 산출물에서 제외(사용자 요청) - 추후 국토지리정보원 자료로 보강 필요,ASOS 일자료 조회서비스 응답 항목에 토양수분 필드 자체가 없어 변수 제외,"최근접 관측소 매칭(중심점법:exact, 거리 0.19km)"
2025,부산광역시,중구,26110,159,부산,0.19,16.04,0.37,True,26.18,1212.7,3.19,2410.0,3346.2,-0.74,-1.93,0.47,12.0,365,,이번 산출물에서 제외(사용자 요청) - 추후 국토지리정보원 자료로 보강 필요,ASOS 일자료 조회서비스 응답 항목에 토양수분 필드 자체가 없어 변수 제외,"최근접 관측소 매칭(중심점법:exact, 거리 0.19km)"
2016,부산광역시,해운대구,26350,159,부산,14.83,15.74,1.84,True,25.03,1760.2,3.11,2254.9,3215.8,0.49,-0.94,1.51,11.0,366,,이번 산출물에서 제외(사용자 요청) - 추후 국토지리정보원 자료로 보강 필요,ASOS 일자료 조회서비스 응답 항목에 토양수분 필드 자체가 없어 변수 제외,"최근접 관측소 매칭(중심점법:exact, 거리 14.83km)"
2017,부산광역시,해운대구,26350,159,부산,14.83,15.25,1.42,True,24.81,1014.4,3.17,2161.5,3064.1,-0.78,-2.4,0.8,12.0,365,,이번 산출물에서 제외(사용자 요청) - 추후 국토지리정보원 자료로 보강 필요,ASOS 일자료 조회서비스 응답 항목에 토양수분 필드 자체가 없어 변수 제외,"최근접 관측소 매칭(중심점법:exact, 거리 14.83km)"
2018,부산광역시,해운대구,26350,159,부산,14.83,15.12,-0.98,True,25.41,1778.6,3.18,2154.4,3094.1,0.35,-1.61,1.47,12.0,365,,이번 산출물에서 제외(사용자 요청) - 추후 국토지리정보원 자료로 보강 필요,ASOS 일자료 조회서비스 응답 항목에 토양수분 필드 자체가 없어 변수 제외,"최근접 관측소 매칭(중심점법:exact, 거리 14.83km)"
2019,부산광역시,해운대구,26350,159,부산,14.83,15.75,1.67,True,24.15,1623.2,3.04,2141.6,3106.4,0.06,-0.91,0.89,12.0,365,,이번 산출물에서 제외(사용자 요청) - 추후 국토지리정보원 자료로 보강 필요,ASOS 일자료 조회서비스 응답 항목에 토양수분 필드 자체가 없어 변수 제외,"최근접 관측소 매칭(중심점법:exact, 거리 14.83km)"
2020,부산광역시,해운대구,26350,159,부산,14.83,15.21,3.2,True,23.94,2281.6,3.17,1992.6,2944.0,0.52,-1.38,1.8,12.0,366,,이번 산출물에서 제외(사용자 요청) - 추후 국토지리정보원 자료로 보강 필요,ASOS 일자료 조회서비스 응답 항목에 토양수분 필드 자체가 없어 변수 제외,"최근접 관측소 매칭(중심점법:exact, 거리 14.83km)"
2021,부산광역시,해운대구,26350,159,부산,14.83,15.77,0.86,True,24.83,1807.8,3.12,2203.1,3209.8,0.04,-1.24,1.0,12.0,365,,이번 산출물에서 제외(사용자 요청) - 추후 국토지리정보원 자료로 보강 필요,ASOS 일자료 조회서비스 응답 항목에 토양수분 필드 자체가 없어 변수 제외,"최근접 관측소 매칭(중심점법:exact, 거리 14.83km)"
2022,부산광역시,해운대구,26350,159,부산,14.83,15.42,0.49,True,24.78,991.9,3.23,2236.4,3187.8,-1.15,-2.37,-0.08,12.0,365,,이번 산출물에서 제외(사용자 요청) - 추후 국토지리정보원 자료로 보강 필요,ASOS 일자료 조회서비스 응답 항목에 토양수분 필드 자체가 없어 변수 제외,"최근접 관측소 매칭(중심점법:exact, 거리 14.83km)"
2023,부산광역시,해운대구,26350,159,부산,14.83,16.08,0.74,True,25.3,2191.4,3.19,2311.4,3294.6,0.49,-0.7,1.47,12.0,365,,이번 산출물에서 제외(사용자 요청) - 추후 국토지리정보원 자료로 보강 필요,ASOS 일자료 조회서비스 응답 항목에 토양수분 필드 자체가 없어 변수 제외,"최근접 관측소 매칭(중심점법:exact, 거리 14.83km)"
2024,부산광역시,해운대구,26350,159,부산,14.83,16.67,2.7,True,25.94,1945.7,3.31,2526.8,3475.0,0.8,-0.3,1.63,12.0,366,,이번 산출물에서 제외(사용자 요청) - 추후 국토지리정보원 자료로 보강 필요,ASOS 일자료 조회서비스 응답 항목에 토양수분 필드 자체가 없어 변수 제외,"최근접 관측소 매칭(중심점법:exact, 거리 14.83km)"
2025,부산광역시,해운대구,26350,159,부산,14.83,16.04,0.37,True,26.18,1212.7,3.19,2410.0,3346.2,-0.74,-1.93,0.47,12.0,365,,이번 산출물에서 제외(사용자 요청) - 추후 국토지리정보원 자료로 보강 필요,ASOS 일자료 조회서비스 응답 항목에 토양수분 필드 자체가 없어 변수 제외,"최근접 관측소 매칭(중심점법:exact, 거리 14.83km)"
2016,서울특별시,강남구,11680,108,서울,11.95,13.59,-4.34,True,25.97,991.7,2.28,2199.9,3030.6,-0.4,-1.7,0.62,11.0,366,,이번 산출물에서 제외(사용자 요청) - 추후 국토지리정보원 자료로 보강 필요,ASOS 일자료 조회서비스 응답 항목에 토양수분 필드 자체가 없어 변수 제외,"최근접 관측소 매칭(중심점법:exact, 거리 11.95km)"
2017,서울특별시,강남구,11680,108,서울,11.95,13.07,-4.39,True,25.39,1233.2,2.21,2100.6,2899.3,-0.67,-1.85,0.88,12.0,365,,이번 산출물에서 제외(사용자 요청) - 추후 국토지리정보원 자료로 보강 필요,ASOS 일자료 조회서비스 응답 항목에 토양수분 필드 자체가 없어 변수 제외,"최근접 관측소 매칭(중심점법:exact, 거리 11.95km)"
2018,서울특별시,강남구,11680,108,서울,11.95,13.0,-6.33,True,26.6,1284.1,1.73,2069.6,2878.0,0.19,-1.33,1.46,12.0,365,,이번 산출물에서 제외(사용자 요청) - 추후 국토지리정보원 자료로 보강 필요,ASOS 일자료 조회서비스 응답 항목에 토양수분 필드 자체가 없어 변수 제외,"최근접 관측소 매칭(중심점법:exact, 거리 11.95km)"
2019,서울특별시,강남구,11680,108,서울,11.95,13.6,-4.36,True,25.22,891.3,1.95,2062.6,2861.8,-0.89,-2.16,0.08,12.0,365,,이번 산출물에서 제외(사용자 요청) - 추후 국토지리정보원 자료로 보강 필요,ASOS 일자료 조회서비스 응답 항목에 토양수분 필드 자체가 없어 변수 제외,"최근접 관측소 매칭(중심점법:exact, 거리 11.95km)"
2020,서울특별시,강남구,11680,108,서울,11.95,13.27,-1.88,True,24.86,1651.1,2.36,1872.2,2684.3,0.35,-1.16,1.35,12.0,366,,이번 산출물에서 제외(사용자 요청) - 추후 국토지리정보원 자료로 보강 필요,ASOS 일자료 조회서비스 응답 항목에 토양수분 필드 자체가 없어 변수 제외,"최근접 관측소 매칭(중심점법:exact, 거리 11.95km)"
2021,서울특별시,강남구,11680,108,서울,11.95,13.75,-4.48,True,25.63,1186.5,2.31,2045.2,2899.6,0.07,-1.12,1.87,12.0,365,,이번 산출물에서 제외(사용자 요청) - 추후 국토지리정보원 자료로 보강 필요,ASOS 일자료 조회서비스 응답 항목에 토양수분 필드 자체가 없어 변수 제외,"최근접 관측소 매칭(중심점법:exact, 거리 11.95km)"
2022,서울특별시,강남구,11680,108,서울,11.95,13.3,-5.02,True,25.48,1775.3,2.37,2058.6,2907.0,0.37,-1.54,1.56,12.0,365,,이번 산출물에서 제외(사용자 요청) - 추후 국토지리정보원 자료로 보강 필요,ASOS 일자료 조회서비스 응답 항목에 토양수분 필드 자체가 없어 변수 제외,"최근접 관측소 매칭(중심점법:exact, 거리 11.95km)"
2023,서울특별시,강남구,11680,108,서울,11.95,14.11,-4.8,True,25.78,1598.8,2.27,2196.9,3040.7,0.34,-0.76,1.35,12.0,365,,이번 산출물에서 제외(사용자 요청) - 추후 국토지리정보원 자료로 보강 필요,ASOS 일자료 조회서비스 응답 항목에 토양수분 필드 자체가 없어 변수 제외,"최근접 관측소 매칭(중심점법:exact, 거리 11.95km)"
2024,서울특별시,강남구,11680,108,서울,11.95,14.88,-2.12,True,26.87,1311.4,2.31,2412.2,3260.6,0.34,-0.89,1.83,12.0,366,,이번 산출물에서 제외(사용자 요청) - 추후 국토지리정보원 자료로 보강 필요,ASOS 일자료 조회서비스 응답 항목에 토양수분 필드 자체가 없어 변수 제외,"최근접 관측소 매칭(중심점법:exact, 거리 11.95km)"
2025,서울특별시,강남구,11680,108,서울,11.95,14.15,-4.06,True,27.05,1582.4,2.33,2244.3,3073.0,0.25,-0.97,1.92,12.0,365,,이번 산출물에서 제외(사용자 요청) - 추후 국토지리정보원 자료로 보강 필요,ASOS 일자료 조회서비스 응답 항목에 토양수분 필드 자체가 없어 변수 제외,"최근접 관측소 매칭(중심점법:exact, 거리 11.95km)"
2016,서울특별시,강동구,11740,108,서울,16.19,13.59,-4.34,True,25.97,991.7,2.28,2199.9,3030.6,-0.4,-1.7,0.62,11.0,366,,이번 산출물에서 제외(사용자 요청) - 추후 국토지리정보원 자료로 보강 필요,ASOS 일자료 조회서비스 응답 항목에 토양수분 필드 자체가 없어 변수 제외,"최근접 관측소 매칭(중심점법:exact, 거리 16.19km)"
2017,서울특별시,강동구,11740,108,서울,16.19,13.07,-4.39,True,25.39,1233.2,2.21,2100.6,2899.3,-0.67,-1.85,0.88,12.0,365,,이번 산출물에서 제외(사용자 요청) - 추후 국토지리정보원 자료로 보강 필요,ASOS 일자료 조회서비스 응답 항목에 토양수분 필드 자체가 없어 변수 제외,"최근접 관측소 매칭(중심점법:exact, 거리 16.19km)"
2018,서울특별시,강동구,11740,108,서울,16.19,13.0,-6.33,True,26.6,1284.1,1.73,2069.6,2878.0,0.19,-1.33,1.46,12.0,365,,이번 산출물에서 제외(사용자 요청) - 추후 국토지리정보원 자료로 보강 필요,ASOS 일자료 조회서비스 응답 항목에 토양수분 필드 자체가 없어 변수 제외,"최근접 관측소 매칭(중심점법:exact, 거리 16.19km)"
2019,서울특별시,강동구,11740,108,서울,16.19,13.6,-4.36,True,25.22,891.3,1.95,2062.6,2861.8,-0.89,-2.16,0.08,12.0,365,,이번 산출물에서 제외(사용자 요청) - 추후 국토지리정보원 자료로 보강 필요,ASOS 일자료 조회서비스 응답 항목에 토양수분 필드 자체가 없어 변수 제외,"최근접 관측소 매칭(중심점법:exact, 거리 16.19km)"
2020,서울특별시,강동구,11740,108,서울,16.19,13.27,-1.88,True,24.86,1651.1,2.36,1872.2,2684.3,0.35,-1.16,1.35,12.0,366,,이번 산출물에서 제외(사용자 요청) - 추후 국토지리정보원 자료로 보강 필요,ASOS 일자료 조회서비스 응답 항목에 토양수분 필드 자체가 없어 변수 제외,"최근접 관측소 매칭(중심점법:exact, 거리 16.19km)"
2021,서울특별시,강동구,11740,108,서울,16.19,13.75,-4.48,True,25.63,1186.5,2.31,2045.2,2899.6,0.07,-1.12,1.87,12.0,365,,이번 산출물에서 제외(사용자 요청) - 추후 국토지리정보원 자료로 보강 필요,ASOS 일자료 조회서비스 응답 항목에 토양수분 필드 자체가 없어 변수 제외,"최근접 관측소 매칭(중심점법:exact, 거리 16.19km)"
2022,서울특별시,강동구,11740,108,서울,16.19,13.3,-5.02,True,25.48,1775.3,2.37,2058.6,2907.0,0.37,-1.54,1.56,12.0,365,,이번 산출물에서 제외(사용자 요청) - 추후 국토지리정보원 자료로 보강 필요,ASOS 일자료 조회서비스 응답 항목에 토양수분 필드 자체가 없어 변수 제외,"최근접 관측소 매칭(중심점법:exact, 거리 16.19km)"
2023,서울특별시,강동구,11740,108,서울,16.19,14.11,-4.8,True,25.78,1598.8,2.27,2196.9,3040.7,0.34,-0.76,1.35,12.0,365,,이번 산출물에서 제외(사용자 요청) - 추후 국토지리정보원 자료로 보강 필요,ASOS 일자료 조회서비스 응답 항목에 토양수분 필드 자체가 없어 변수 제외,"최근접 관측소 매칭(중심점법:exact, 거리 16.19km)"
2024,서울특별시,강동구,11740,108,서울,16.19,14.88,-2.12,True,26.87,1311.4,2.31,2412.2,3260.6,0.34,-0.89,1.83,12.0,366,,이번 산출물에서 제외(사용자 요청) - 추후 국토지리정보원 자료로 보강 필요,ASOS 일자료 조회서비스 응답 항목에 토양수분 필드 자체가 없어 변수 제외,"최근접 관측소 매칭(중심점법:exact, 거리 16.19km)"
2025,서울특별시,강동구,11740,108,서울,16.19,14.15,-4.06,True,27.05,1582.4,2.33,2244.3,3073.0,0.25,-0.97,1.92,12.0,365,,이번 산출물에서 제외(사용자 요청) - 추후 국토지리정보원 자료로 보강 필요,ASOS 일자료 조회서비스 응답 항목에 토양수분 필드 자체가 없어 변수 제외,"최근접 관측소 매칭(중심점법:exact, 거리 16.19km)"
2016,서울특별시,강북구,11305,108,서울,8.97,13.59,-4.34,True,25.97,991.7,2.28,2199.9,3030.6,-0.4,-1.7,0.62,11.0,366,,이번 산출물에서 제외(사용자 요청) - 추후 국토지리정보원 자료로 보강 필요,ASOS 일자료 조회서비스 응답 항목에 토양수분 필드 자체가 없어 변수 제외,"최근접 관측소 매칭(중심점법:exact, 거리 8.97km)"
2017,서울특별시,강북구,11305,108,서울,8.97,13.07,-4.39,True,25.39,1233.2,2.21,2100.6,2899.3,-0.67,-1.85,0.88,12.0,365,,이번 산출물에서 제외(사용자 요청) - 추후 국토지리정보원 자료로 보강 필요,ASOS 일자료 조회서비스 응답 항목에 토양수분 필드 자체가 없어 변수 제외,"최근접 관측소 매칭(중심점법:exact, 거리 8.97km)"
2018,서울특별시,강북구,11305,108,서울,8.97,13.0,-6.33,True,26.6,1284.1,1.73,2069.6,2878.0,0.19,-1.33,1.46,12.0,365,,이번 산출물에서 제외(사용자 요청) - 추후 국토지리정보원 자료로 보강 필요,ASOS 일자료 조회서비스 응답 항목에 토양수분 필드 자체가 없어 변수 제외,"최근접 관측소 매칭(중심점법:exact, 거리 8.97km)"
2019,서울특별시,강북구,11305,108,서울,8.97,13.6,-4.36,True,25.22,891.3,1.95,2062.6,2861.8,-0.89,-2.16,0.08,12.0,365,,이번 산출물에서 제외(사용자 요청) - 추후 국토지리정보원 자료로 보강 필요,ASOS 일자료 조회서비스 응답 항목에 토양수분 필드 자체가 없어 변수 제외,"최근접 관측소 매칭(중심점법:exact, 거리 8.97km)"
2020,서울특별시,강북구,11305,108,서울,8.97,13.27,-1.88,True,24.86,1651.1,2.36,1872.2,2684.3,0.35,-1.16,1.35,12.0,366,,이번 산출물에서 제외(사용자 요청) - 추후 국토지리정보원 자료로 보강 필요,ASOS 일자료 조회서비스 응답 항목에 토양수분 필드 자체가 없어 변수 제외,"최근접 관측소 매칭(중심점법:exact, 거리 8.97km)"
2021,서울특별시,강북구,11305,108,서울,8.97,13.75,-4.48,True,25.63,1186.5,2.31,2045.2,2899.6,0.07,-1.12,1.87,12.0,365,,이번 산출물에서 제외(사용자 요청) - 추후 국토지리정보원 자료로 보강 필요,ASOS 일자료 조회서비스 응답 항목에 토양수분 필드 자체가 없어 변수 제외,"최근접 관측소 매칭(중심점법:exact, 거리 8.97km)"
2022,서울특별시,강북구,11305,108,서울,8.97,13.3,-5.02,True,25.48,1775.3,2.37,2058.6,2907.0,0.37,-1.54,1.56,12.0,365,,이번 산출물에서 제외(사용자 요청) - 추후 국토지리정보원 자료로 보강 필요,ASOS 일자료 조회서비스 응답 항목에 토양수분 필드 자체가 없어 변수 제외,"최근접 관측소 매칭(중심점법:exact, 거리 8.97km)"
2023,서울특별시,강북구,11305,108,서울,8.97,14.11,-4.8,True,25.78,1598.8,2.27,2196.9,3040.7,0.34,-0.76,1.35,12.0,365,,이번 산출물에서 제외(사용자 요청) - 추후 국토지리정보원 자료로 보강 필요,ASOS 일자료 조회서비스 응답 항목에 토양수분 필드 자체가 없어 변수 제외,"최근접 관측소 매칭(중심점법:exact, 거리 8.97km)"
2024,서울특별시,강북구,11305,108,서울,8.97,14.88,-2.12,True,26.87,1311.4,2.31,2412.2,3260.6,0.34,-0.89,1.83,12.0,366,,이번 산출물에서 제외(사용자 요청) - 추후 국토지리정보원 자료로 보강 필요,ASOS 일자료 조회서비스 응답 항목에 토양수분 필드 자체가 없어 변수 제외,"최근접 관측소 매칭(중심점법:exact, 거리 8.97km)"
2025,서울특별시,강북구,11305,108,서울,8.97,14.15,-4.06,True,27.05,1582.4,2.33,2244.3,3073.0,0.25,-0.97,1.92,12.0,365,,이번 산출물에서 제외(사용자 요청) - 추후 국토지리정보원 자료로 보강 필요,ASOS 일자료 조회서비스 응답 항목에 토양수분 필드 자체가 없어 변수 제외,"최근접 관측소 매칭(중심점법:exact, 거리 8.97km)"
2016,서울특별시,강서구,11500,108,서울,12.65,13.59,-4.34,True,25.97,991.7,2.28,2199.9,3030.6,-0.4,-1.7,0.62,11.0,366,,이번 산출물에서 제외(사용자 요청) - 추후 국토지리정보원 자료로 보강 필요,ASOS 일자료 조회서비스 응답 항목에 토양수분 필드 자체가 없어 변수 제외,"최근접 관측소 매칭(중심점법:exact, 거리 12.65km)"
2017,서울특별시,강서구,11500,108,서울,12.65,13.07,-4.39,True,25.39,1233.2,2.21,2100.6,2899.3,-0.67,-1.85,0.88,12.0,365,,이번 산출물에서 제외(사용자 요청) - 추후 국토지리정보원 자료로 보강 필요,ASOS 일자료 조회서비스 응답 항목에 토양수분 필드 자체가 없어 변수 제외,"최근접 관측소 매칭(중심점법:exact, 거리 12.65km)"
2018,서울특별시,강서구,11500,108,서울,12.65,13.0,-6.33,True,26.6,1284.1,1.73,2069.6,2878.0,0.19,-1.33,1.46,12.0,365,,이번 산출물에서 제외(사용자 요청) - 추후 국토지리정보원 자료로 보강 필요,ASOS 일자료 조회서비스 응답 항목에 토양수분 필드 자체가 없어 변수 제외,"최근접 관측소 매칭(중심점법:exact, 거리 12.65km)"
2019,서울특별시,강서구,11500,108,서울,12.65,13.6,-4.36,True,25.22,891.3,1.95,2062.6,2861.8,-0.89,-2.16,0.08,12.0,365,,이번 산출물에서 제외(사용자 요청) - 추후 국토지리정보원 자료로 보강 필요,ASOS 일자료 조회서비스 응답 항목에 토양수분 필드 자체가 없어 변수 제외,"최근접 관측소 매칭(중심점법:exact, 거리 12.65km)"
2020,서울특별시,강서구,11500,108,서울,12.65,13.27,-1.88,True,24.86,1651.1,2.36,1872.2,2684.3,0.35,-1.16,1.35,12.0,366,,이번 산출물에서 제외(사용자 요청) - 추후 국토지리정보원 자료로 보강 필요,ASOS 일자료 조회서비스 응답 항목에 토양수분 필드 자체가 없어 변수 제외,"최근접 관측소 매칭(중심점법:exact, 거리 12.65km)"
2021,서울특별시,강서구,11500,108,서울,12.65,13.75,-4.48,True,25.63,1186.5,2.31,2045.2,2899.6,0.07,-1.12,1.87,12.0,365,,이번 산출물에서 제외(사용자 요청) - 추후 국토지리정보원 자료로 보강 필요,ASOS 일자료 조회서비스 응답 항목에 토양수분 필드 자체가 없어 변수 제외,"최근접 관측소 매칭(중심점법:exact, 거리 12.65km)"
2022,서울특별시,강서구,11500,108,서울,12.65,13.3,-5.02,True,25.48,1775.3,2.37,2058.6,2907.0,0.37,-1.54,1.56,12.0,365,,이번 산출물에서 제외(사용자 요청) - 추후 국토지리정보원 자료로 보강 필요,ASOS 일자료 조회서비스 응답 항목에 토양수분 필드 자체가 없어 변수 제외,"최근접 관측소 매칭(중심점법:exact, 거리 12.65km)"
2023,서울특별시,강서구,11500,108,서울,12.65,14.11,-4.8,True,25.78,1598.8,2.27,2196.9,3040.7,0.34,-0.76,1.35,12.0,365,,이번 산출물에서 제외(사용자 요청) - 추후 국토지리정보원 자료로 보강 필요,ASOS 일자료 조회서비스 응답 항목에 토양수분 필드 자체가 없어 변수 제외,"최근접 관측소 매칭(중심점법:exact, 거리 12.65km)"
2024,서울특별시,강서구,11500,108,서울,12.65,14.88,-2.12,True,26.87,1311.4,2.31,2412.2,3260.6,0.34,-0.89,1.83,12.0,366,,이번 산출물에서 제외(사용자 요청) - 추후 국토지리정보원 자료로 보강 필요,ASOS 일자료 조회서비스 응답 항목에 토양수분 필드 자체가 없어 변수 제외,"최근접 관측소 매칭(중심점법:exact, 거리 12.65km)"
2025,서울특별시,강서구,11500,108,서울,12.65,14.15,-4.06,True,27.05,1582.4,2.33,2244.3,3073.0,0.25,-0.97,1.92,12.0,365,,이번 산출물에서 제외(사용자 요청) - 추후 국토지리정보원 자료로 보강 필요,ASOS 일자료 조회서비스 응답 항목에 토양수분 필드 자체가 없어 변수 제외,"최근접 관측소 매칭(중심점법:exact, 거리 12.65km)"
2016,서울특별시,관악구,11620,108,서울,11.73,13.59,-4.34,True,25.97,991.7,2.28,2199.9,3030.6,-0.4,-1.7,0.62,11.0,366,,이번 산출물에서 제외(사용자 요청) - 추후 국토지리정보원 자료로 보강 필요,ASOS 일자료 조회서비스 응답 항목에 토양수분 필드 자체가 없어 변수 제외,"최근접 관측소 매칭(중심점법:exact, 거리 11.73km)"
2017,서울특별시,관악구,11620,108,서울,11.73,13.07,-4.39,True,25.39,1233.2,2.21,2100.6,2899.3,-0.67,-1.85,0.88,12.0,365,,이번 산출물에서 제외(사용자 요청) - 추후 국토지리정보원 자료로 보강 필요,ASOS 일자료 조회서비스 응답 항목에 토양수분 필드 자체가 없어 변수 제외,"최근접 관측소 매칭(중심점법:exact, 거리 11.73km)"
2018,서울특별시,관악구,11620,108,서울,11.73,13.0,-6.33,True,26.6,1284.1,1.73,2069.6,2878.0,0.19,-1.33,1.46,12.0,365,,이번 산출물에서 제외(사용자 요청) - 추후 국토지리정보원 자료로 보강 필요,ASOS 일자료 조회서비스 응답 항목에 토양수분 필드 자체가 없어 변수 제외,"최근접 관측소 매칭(중심점법:exact, 거리 11.73km)"
2019,서울특별시,관악구,11620,108,서울,11.73,13.6,-4.36,True,25.22,891.3,1.95,2062.6,2861.8,-0.89,-2.16,0.08,12.0,365,,이번 산출물에서 제외(사용자 요청) - 추후 국토지리정보원 자료로 보강 필요,ASOS 일자료 조회서비스 응답 항목에 토양수분 필드 자체가 없어 변수 제외,"최근접 관측소 매칭(중심점법:exact, 거리 11.73km)"
2020,서울특별시,관악구,11620,108,서울,11.73,13.27,-1.88,True,24.86,1651.1,2.36,1872.2,2684.3,0.35,-1.16,1.35,12.0,366,,이번 산출물에서 제외(사용자 요청) - 추후 국토지리정보원 자료로 보강 필요,ASOS 일자료 조회서비스 응답 항목에 토양수분 필드 자체가 없어 변수 제외,"최근접 관측소 매칭(중심점법:exact, 거리 11.73km)"
2021,서울특별시,관악구,11620,108,서울,11.73,13.75,-4.48,True,25.63,1186.5,2.31,2045.2,2899.6,0.07,-1.12,1.87,12.0,365,,이번 산출물에서 제외(사용자 요청) - 추후 국토지리정보원 자료로 보강 필요,ASOS 일자료 조회서비스 응답 항목에 토양수분 필드 자체가 없어 변수 제외,"최근접 관측소 매칭(중심점법:exact, 거리 11.73km)"
2022,서울특별시,관악구,11620,108,서울,11.73,13.3,-5.02,True,25.48,1775.3,2.37,2058.6,2907.0,0.37,-1.54,1.56,12.0,365,,이번 산출물에서 제외(사용자 요청) - 추후 국토지리정보원 자료로 보강 필요,ASOS 일자료 조회서비스 응답 항목에 토양수분 필드 자체가 없어 변수 제외,"최근접 관측소 매칭(중심점법:exact, 거리 11.73km)"
2023,서울특별시,관악구,11620,108,서울,11.73,14.11,-4.8,True,25.78,1598.8,2.27,2196.9,3040.7,0.34,-0.76,1.35,12.0,365,,이번 산출물에서 제외(사용자 요청) - 추후 국토지리정보원 자료로 보강 필요,ASOS 일자료 조회서비스 응답 항목에 토양수분 필드 자체가 없어 변수 제외,"최근접 관측소 매칭(중심점법:exact, 거리 11.73km)"
2024,서울특별시,관악구,11620,108,서울,11.73,14.88,-2.12,True,26.87,1311.4,2.31,2412.2,3260.6,0.34,-0.89,1.83,12.0,366,,이번 산출물에서 제외(사용자 요청) - 추후 국토지리정보원 자료로 보강 필요,ASOS 일자료 조회서비스 응답 항목에 토양수분 필드 자체가 없어 변수 제외,"최근접 관측소 매칭(중심점법:exact, 거리 11.73km)"
2025,서울특별시,관악구,11620,108,서울,11.73,14.15,-4.06,True,27.05,1582.4,2.33,2244.3,3073.0,0.25,-0.97,1.92,12.0,365,,이번 산출물에서 제외(사용자 요청) - 추후 국토지리정보원 자료로 보강 필요,ASOS 일자료 조회서비스 응답 항목에 토양수분 필드 자체가 없어 변수 제외,"최근접 관측소 매칭(중심점법:exact, 거리 11.73km)"
2016,서울특별시,광진구,11215,108,서울,10.91,13.59,-4.34,True,25.97,991.7,2.28,2199.9,3030.6,-0.4,-1.7,0.62,11.0,366,,이번 산출물에서 제외(사용자 요청) - 추후 국토지리정보원 자료로 보강 필요,ASOS 일자료 조회서비스 응답 항목에 토양수분 필드 자체가 없어 변수 제외,"최근접 관측소 매칭(중심점법:exact, 거리 10.91km)"
2017,서울특별시,광진구,11215,108,서울,10.91,13.07,-4.39,True,25.39,1233.2,2.21,2100.6,2899.3,-0.67,-1.85,0.88,12.0,365,,이번 산출물에서 제외(사용자 요청) - 추후 국토지리정보원 자료로 보강 필요,ASOS 일자료 조회서비스 응답 항목에 토양수분 필드 자체가 없어 변수 제외,"최근접 관측소 매칭(중심점법:exact, 거리 10.91km)"
2018,서울특별시,광진구,11215,108,서울,10.91,13.0,-6.33,True,26.6,1284.1,1.73,2069.6,2878.0,0.19,-1.33,1.46,12.0,365,,이번 산출물에서 제외(사용자 요청) - 추후 국토지리정보원 자료로 보강 필요,ASOS 일자료 조회서비스 응답 항목에 토양수분 필드 자체가 없어 변수 제외,"최근접 관측소 매칭(중심점법:exact, 거리 10.91km)"
2019,서울특별시,광진구,11215,108,서울,10.91,13.6,-4.36,True,25.22,891.3,1.95,2062.6,2861.8,-0.89,-2.16,0.08,12.0,365,,이번 산출물에서 제외(사용자 요청) - 추후 국토지리정보원 자료로 보강 필요,ASOS 일자료 조회서비스 응답 항목에 토양수분 필드 자체가 없어 변수 제외,"최근접 관측소 매칭(중심점법:exact, 거리 10.91km)"
2020,서울특별시,광진구,11215,108,서울,10.91,13.27,-1.88,True,24.86,1651.1,2.36,1872.2,2684.3,0.35,-1.16,1.35,12.0,366,,이번 산출물에서 제외(사용자 요청) - 추후 국토지리정보원 자료로 보강 필요,ASOS 일자료 조회서비스 응답 항목에 토양수분 필드 자체가 없어 변수 제외,"최근접 관측소 매칭(중심점법:exact, 거리 10.91km)"
2021,서울특별시,광진구,11215,108,서울,10.91,13.75,-4.48,True,25.63,1186.5,2.31,2045.2,2899.6,0.07,-1.12,1.87,12.0,365,,이번 산출물에서 제외(사용자 요청) - 추후 국토지리정보원 자료로 보강 필요,ASOS 일자료 조회서비스 응답 항목에 토양수분 필드 자체가 없어 변수 제외,"최근접 관측소 매칭(중심점법:exact, 거리 10.91km)"
2022,서울특별시,광진구,11215,108,서울,10.91,13.3,-5.02,True,25.48,1775.3,2.37,2058.6,2907.0,0.37,-1.54,1.56,12.0,365,,이번 산출물에서 제외(사용자 요청) - 추후 국토지리정보원 자료로 보강 필요,ASOS 일자료 조회서비스 응답 항목에 토양수분 필드 자체가 없어 변수 제외,"최근접 관측소 매칭(중심점법:exact, 거리 10.91km)"
2023,서울특별시,광진구,11215,108,서울,10.91,14.11,-4.8,True,25.78,1598.8,2.27,2196.9,3040.7,0.34,-0.76,1.35,12.0,365,,이번 산출물에서 제외(사용자 요청) - 추후 국토지리정보원 자료로 보강 필요,ASOS 일자료 조회서비스 응답 항목에 토양수분 필드 자체가 없어 변수 제외,"최근접 관측소 매칭(중심점법:exact, 거리 10.91km)"
2024,서울특별시,광진구,11215,108,서울,10.91,14.88,-2.12,True,26.87,1311.4,2.31,2412.2,3260.6,0.34,-0.89,1.83,12.0,366,,이번 산출물에서 제외(사용자 요청) - 추후 국토지리정보원 자료로 보강 필요,ASOS 일자료 조회서비스 응답 항목에 토양수분 필드 자체가 없어 변수 제외,"최근접 관측소 매칭(중심점법:exact, 거리 10.91km)"
2025,서울특별시,광진구,11215,108,서울,10.91,14.15,-4.06,True,27.05,1582.4,2.33,2244.3,3073.0,0.25,-0.97,1.92,12.0,365,,이번 산출물에서 제외(사용자 요청) - 추후 국토지리정보원 자료로 보강 필요,ASOS 일자료 조회서비스 응답 항목에 토양수분 필드 자체가 없어 변수 제외,"최근접 관측소 매칭(중심점법:exact, 거리 10.91km)"
2016,서울특별시,구로구,11530,108,서울,12.88,13.59,-4.34,True,25.97,991.7,2.28,2199.9,3030.6,-0.4,-1.7,0.62,11.0,366,,이번 산출물에서 제외(사용자 요청) - 추후 국토지리정보원 자료로 보강 필요,ASOS 일자료 조회서비스 응답 항목에 토양수분 필드 자체가 없어 변수 제외,"최근접 관측소 매칭(중심점법:exact, 거리 12.88km)"
2017,서울특별시,구로구,11530,108,서울,12.88,13.07,-4.39,True,25.39,1233.2,2.21,2100.6,2899.3,-0.67,-1.85,0.88,12.0,365,,이번 산출물에서 제외(사용자 요청) - 추후 국토지리정보원 자료로 보강 필요,ASOS 일자료 조회서비스 응답 항목에 토양수분 필드 자체가 없어 변수 제외,"최근접 관측소 매칭(중심점법:exact, 거리 12.88km)"
2018,서울특별시,구로구,11530,108,서울,12.88,13.0,-6.33,True,26.6,1284.1,1.73,2069.6,2878.0,0.19,-1.33,1.46,12.0,365,,이번 산출물에서 제외(사용자 요청) - 추후 국토지리정보원 자료로 보강 필요,ASOS 일자료 조회서비스 응답 항목에 토양수분 필드 자체가 없어 변수 제외,"최근접 관측소 매칭(중심점법:exact, 거리 12.88km)"
2019,서울특별시,구로구,11530,108,서울,12.88,13.6,-4.36,True,25.22,891.3,1.95,2062.6,2861.8,-0.89,-2.16,0.08,12.0,365,,이번 산출물에서 제외(사용자 요청) - 추후 국토지리정보원 자료로 보강 필요,ASOS 일자료 조회서비스 응답 항목에 토양수분 필드 자체가 없어 변수 제외,"최근접 관측소 매칭(중심점법:exact, 거리 12.88km)"
2020,서울특별시,구로구,11530,108,서울,12.88,13.27,-1.88,True,24.86,1651.1,2.36,1872.2,2684.3,0.35,-1.16,1.35,12.0,366,,이번 산출물에서 제외(사용자 요청) - 추후 국토지리정보원 자료로 보강 필요,ASOS 일자료 조회서비스 응답 항목에 토양수분 필드 자체가 없어 변수 제외,"최근접 관측소 매칭(중심점법:exact, 거리 12.88km)"
2021,서울특별시,구로구,11530,108,서울,12.88,13.75,-4.48,True,25.63,1186.5,2.31,2045.2,2899.6,0.07,-1.12,1.87,12.0,365,,이번 산출물에서 제외(사용자 요청) - 추후 국토지리정보원 자료로 보강 필요,ASOS 일자료 조회서비스 응답 항목에 토양수분 필드 자체가 없어 변수 제외,"최근접 관측소 매칭(중심점법:exact, 거리 12.88km)"
2022,서울특별시,구로구,11530,108,서울,12.88,13.3,-5.02,True,25.48,1775.3,2.37,2058.6,2907.0,0.37,-1.54,1.56,12.0,365,,이번 산출물에서 제외(사용자 요청) - 추후 국토지리정보원 자료로 보강 필요,ASOS 일자료 조회서비스 응답 항목에 토양수분 필드 자체가 없어 변수 제외,"최근접 관측소 매칭(중심점법:exact, 거리 12.88km)"
2023,서울특별시,구로구,11530,108,서울,12.88,14.11,-4.8,True,25.78,1598.8,2.27,2196.9,3040.7,0.34,-0.76,1.35,12.0,365,,이번 산출물에서 제외(사용자 요청) - 추후 국토지리정보원 자료로 보강 필요,ASOS 일자료 조회서비스 응답 항목에 토양수분 필드 자체가 없어 변수 제외,"최근접 관측소 매칭(중심점법:exact, 거리 12.88km)"
2024,서울특별시,구로구,11530,108,서울,12.88,14.88,-2.12,True,26.87,1311.4,2.31,2412.2,3260.6,0.34,-0.89,1.83,12.0,366,,이번 산출물에서 제외(사용자 요청) - 추후 국토지리정보원 자료로 보강 필요,ASOS 일자료 조회서비스 응답 항목에 토양수분 필드 자체가 없어 변수 제외,"최근접 관측소 매칭(중심점법:exact, 거리 12.88km)"
2025,서울특별시,구로구,11530,108,서울,12.88,14.15,-4.06,True,27.05,1582.4,2.33,2244.3,3073.0,0.25,-0.97,1.92,12.0,365,,이번 산출물에서 제외(사용자 요청) - 추후 국토지리정보원 자료로 보강 필요,ASOS 일자료 조회서비스 응답 항목에 토양수분 필드 자체가 없어 변수 제외,"최근접 관측소 매칭(중심점법:exact, 거리 12.88km)"
2016,서울특별시,금천구,11545,108,서울,13.59,13.59,-4.34,True,25.97,991.7,2.28,2199.9,3030.6,-0.4,-1.7,0.62,11.0,366,,이번 산출물에서 제외(사용자 요청) - 추후 국토지리정보원 자료로 보강 필요,ASOS 일자료 조회서비스 응답 항목에 토양수분 필드 자체가 없어 변수 제외,"최근접 관측소 매칭(중심점법:exact, 거리 13.59km)"
2017,서울특별시,금천구,11545,108,서울,13.59,13.07,-4.39,True,25.39,1233.2,2.21,2100.6,2899.3,-0.67,-1.85,0.88,12.0,365,,이번 산출물에서 제외(사용자 요청) - 추후 국토지리정보원 자료로 보강 필요,ASOS 일자료 조회서비스 응답 항목에 토양수분 필드 자체가 없어 변수 제외,"최근접 관측소 매칭(중심점법:exact, 거리 13.59km)"
2018,서울특별시,금천구,11545,108,서울,13.59,13.0,-6.33,True,26.6,1284.1,1.73,2069.6,2878.0,0.19,-1.33,1.46,12.0,365,,이번 산출물에서 제외(사용자 요청) - 추후 국토지리정보원 자료로 보강 필요,ASOS 일자료 조회서비스 응답 항목에 토양수분 필드 자체가 없어 변수 제외,"최근접 관측소 매칭(중심점법:exact, 거리 13.59km)"
2019,서울특별시,금천구,11545,108,서울,13.59,13.6,-4.36,True,25.22,891.3,1.95,2062.6,2861.8,-0.89,-2.16,0.08,12.0,365,,이번 산출물에서 제외(사용자 요청) - 추후 국토지리정보원 자료로 보강 필요,ASOS 일자료 조회서비스 응답 항목에 토양수분 필드 자체가 없어 변수 제외,"최근접 관측소 매칭(중심점법:exact, 거리 13.59km)"
2020,서울특별시,금천구,11545,108,서울,13.59,13.27,-1.88,True,24.86,1651.1,2.36,1872.2,2684.3,0.35,-1.16,1.35,12.0,366,,이번 산출물에서 제외(사용자 요청) - 추후 국토지리정보원 자료로 보강 필요,ASOS 일자료 조회서비스 응답 항목에 토양수분 필드 자체가 없어 변수 제외,"최근접 관측소 매칭(중심점법:exact, 거리 13.59km)"
2021,서울특별시,금천구,11545,108,서울,13.59,13.75,-4.48,True,25.63,1186.5,2.31,2045.2,2899.6,0.07,-1.12,1.87,12.0,365,,이번 산출물에서 제외(사용자 요청) - 추후 국토지리정보원 자료로 보강 필요,ASOS 일자료 조회서비스 응답 항목에 토양수분 필드 자체가 없어 변수 제외,"최근접 관측소 매칭(중심점법:exact, 거리 13.59km)"
2022,서울특별시,금천구,11545,108,서울,13.59,13.3,-5.02,True,25.48,1775.3,2.37,2058.6,2907.0,0.37,-1.54,1.56,12.0,365,,이번 산출물에서 제외(사용자 요청) - 추후 국토지리정보원 자료로 보강 필요,ASOS 일자료 조회서비스 응답 항목에 토양수분 필드 자체가 없어 변수 제외,"최근접 관측소 매칭(중심점법:exact, 거리 13.59km)"
2023,서울특별시,금천구,11545,108,서울,13.59,14.11,-4.8,True,25.78,1598.8,2.27,2196.9,3040.7,0.34,-0.76,1.35,12.0,365,,이번 산출물에서 제외(사용자 요청) - 추후 국토지리정보원 자료로 보강 필요,ASOS 일자료 조회서비스 응답 항목에 토양수분 필드 자체가 없어 변수 제외,"최근접 관측소 매칭(중심점법:exact, 거리 13.59km)"
2024,서울특별시,금천구,11545,108,서울,13.59,14.88,-2.12,True,26.87,1311.4,2.31,2412.2,3260.6,0.34,-0.89,1.83,12.0,366,,이번 산출물에서 제외(사용자 요청) - 추후 국토지리정보원 자료로 보강 필요,ASOS 일자료 조회서비스 응답 항목에 토양수분 필드 자체가 없어 변수 제외,"최근접 관측소 매칭(중심점법:exact, 거리 13.59km)"
2025,서울특별시,금천구,11545,108,서울,13.59,14.15,-4.06,True,27.05,1582.4,2.33,2244.3,3073.0,0.25,-0.97,1.92,12.0,365,,이번 산출물에서 제외(사용자 요청) - 추후 국토지리정보원 자료로 보강 필요,ASOS 일자료 조회서비스 응답 항목에 토양수분 필드 자체가 없어 변수 제외,"최근접 관측소 매칭(중심점법:exact, 거리 13.59km)"
2016,서울특별시,노원구,11350,108,서울,13.16,13.59,-4.34,True,25.97,991.7,2.28,2199.9,3030.6,-0.4,-1.7,0.62,11.0,366,,이번 산출물에서 제외(사용자 요청) - 추후 국토지리정보원 자료로 보강 필요,ASOS 일자료 조회서비스 응답 항목에 토양수분 필드 자체가 없어 변수 제외,"최근접 관측소 매칭(중심점법:exact, 거리 13.16km)"
2017,서울특별시,노원구,11350,108,서울,13.16,13.07,-4.39,True,25.39,1233.2,2.21,2100.6,2899.3,-0.67,-1.85,0.88,12.0,365,,이번 산출물에서 제외(사용자 요청) - 추후 국토지리정보원 자료로 보강 필요,ASOS 일자료 조회서비스 응답 항목에 토양수분 필드 자체가 없어 변수 제외,"최근접 관측소 매칭(중심점법:exact, 거리 13.16km)"
2018,서울특별시,노원구,11350,108,서울,13.16,13.0,-6.33,True,26.6,1284.1,1.73,2069.6,2878.0,0.19,-1.33,1.46,12.0,365,,이번 산출물에서 제외(사용자 요청) - 추후 국토지리정보원 자료로 보강 필요,ASOS 일자료 조회서비스 응답 항목에 토양수분 필드 자체가 없어 변수 제외,"최근접 관측소 매칭(중심점법:exact, 거리 13.16km)"
2019,서울특별시,노원구,11350,108,서울,13.16,13.6,-4.36,True,25.22,891.3,1.95,2062.6,2861.8,-0.89,-2.16,0.08,12.0,365,,이번 산출물에서 제외(사용자 요청) - 추후 국토지리정보원 자료로 보강 필요,ASOS 일자료 조회서비스 응답 항목에 토양수분 필드 자체가 없어 변수 제외,"최근접 관측소 매칭(중심점법:exact, 거리 13.16km)"
2020,서울특별시,노원구,11350,108,서울,13.16,13.27,-1.88,True,24.86,1651.1,2.36,1872.2,2684.3,0.35,-1.16,1.35,12.0,366,,이번 산출물에서 제외(사용자 요청) - 추후 국토지리정보원 자료로 보강 필요,ASOS 일자료 조회서비스 응답 항목에 토양수분 필드 자체가 없어 변수 제외,"최근접 관측소 매칭(중심점법:exact, 거리 13.16km)"
2021,서울특별시,노원구,11350,108,서울,13.16,13.75,-4.48,True,25.63,1186.5,2.31,2045.2,2899.6,0.07,-1.12,1.87,12.0,365,,이번 산출물에서 제외(사용자 요청) - 추후 국토지리정보원 자료로 보강 필요,ASOS 일자료 조회서비스 응답 항목에 토양수분 필드 자체가 없어 변수 제외,"최근접 관측소 매칭(중심점법:exact, 거리 13.16km)"
2022,서울특별시,노원구,11350,108,서울,13.16,13.3,-5.02,True,25.48,1775.3,2.37,2058.6,2907.0,0.37,-1.54,1.56,12.0,365,,이번 산출물에서 제외(사용자 요청) - 추후 국토지리정보원 자료로 보강 필요,ASOS 일자료 조회서비스 응답 항목에 토양수분 필드 자체가 없어 변수 제외,"최근접 관측소 매칭(중심점법:exact, 거리 13.16km)"
2023,서울특별시,노원구,11350,108,서울,13.16,14.11,-4.8,True,25.78,1598.8,2.27,2196.9,3040.7,0.34,-0.76,1.35,12.0,365,,이번 산출물에서 제외(사용자 요청) - 추후 국토지리정보원 자료로 보강 필요,ASOS 일자료 조회서비스 응답 항목에 토양수분 필드 자체가 없어 변수 제외,"최근접 관측소 매칭(중심점법:exact, 거리 13.16km)"
2024,서울특별시,노원구,11350,108,서울,13.16,14.88,-2.12,True,26.87,1311.4,2.31,2412.2,3260.6,0.34,-0.89,1.83,12.0,366,,이번 산출물에서 제외(사용자 요청) - 추후 국토지리정보원 자료로 보강 필요,ASOS 일자료 조회서비스 응답 항목에 토양수분 필드 자체가 없어 변수 제외,"최근접 관측소 매칭(중심점법:exact, 거리 13.16km)"
2025,서울특별시,노원구,11350,108,서울,13.16,14.15,-4.06,True,27.05,1582.4,2.33,2244.3,3073.0,0.25,-0.97,1.92,12.0,365,,이번 산출물에서 제외(사용자 요청) - 추후 국토지리정보원 자료로 보강 필요,ASOS 일자료 조회서비스 응답 항목에 토양수분 필드 자체가 없어 변수 제외,"최근접 관측소 매칭(중심점법:exact, 거리 13.16km)"
2016,서울특별시,도봉구,11320,108,서울,12.31,13.59,-4.34,True,25.97,991.7,2.28,2199.9,3030.6,-0.4,-1.7,0.62,11.0,366,,이번 산출물에서 제외(사용자 요청) - 추후 국토지리정보원 자료로 보강 필요,ASOS 일자료 조회서비스 응답 항목에 토양수분 필드 자체가 없어 변수 제외,"최근접 관측소 매칭(중심점법:exact, 거리 12.31km)"
2017,서울특별시,도봉구,11320,108,서울,12.31,13.07,-4.39,True,25.39,1233.2,2.21,2100.6,2899.3,-0.67,-1.85,0.88,12.0,365,,이번 산출물에서 제외(사용자 요청) - 추후 국토지리정보원 자료로 보강 필요,ASOS 일자료 조회서비스 응답 항목에 토양수분 필드 자체가 없어 변수 제외,"최근접 관측소 매칭(중심점법:exact, 거리 12.31km)"
2018,서울특별시,도봉구,11320,108,서울,12.31,13.0,-6.33,True,26.6,1284.1,1.73,2069.6,2878.0,0.19,-1.33,1.46,12.0,365,,이번 산출물에서 제외(사용자 요청) - 추후 국토지리정보원 자료로 보강 필요,ASOS 일자료 조회서비스 응답 항목에 토양수분 필드 자체가 없어 변수 제외,"최근접 관측소 매칭(중심점법:exact, 거리 12.31km)"
2019,서울특별시,도봉구,11320,108,서울,12.31,13.6,-4.36,True,25.22,891.3,1.95,2062.6,2861.8,-0.89,-2.16,0.08,12.0,365,,이번 산출물에서 제외(사용자 요청) - 추후 국토지리정보원 자료로 보강 필요,ASOS 일자료 조회서비스 응답 항목에 토양수분 필드 자체가 없어 변수 제외,"최근접 관측소 매칭(중심점법:exact, 거리 12.31km)"
2020,서울특별시,도봉구,11320,108,서울,12.31,13.27,-1.88,True,24.86,1651.1,2.36,1872.2,2684.3,0.35,-1.16,1.35,12.0,366,,이번 산출물에서 제외(사용자 요청) - 추후 국토지리정보원 자료로 보강 필요,ASOS 일자료 조회서비스 응답 항목에 토양수분 필드 자체가 없어 변수 제외,"최근접 관측소 매칭(중심점법:exact, 거리 12.31km)"
2021,서울특별시,도봉구,11320,108,서울,12.31,13.75,-4.48,True,25.63,1186.5,2.31,2045.2,2899.6,0.07,-1.12,1.87,12.0,365,,이번 산출물에서 제외(사용자 요청) - 추후 국토지리정보원 자료로 보강 필요,ASOS 일자료 조회서비스 응답 항목에 토양수분 필드 자체가 없어 변수 제외,"최근접 관측소 매칭(중심점법:exact, 거리 12.31km)"
2022,서울특별시,도봉구,11320,108,서울,12.31,13.3,-5.02,True,25.48,1775.3,2.37,2058.6,2907.0,0.37,-1.54,1.56,12.0,365,,이번 산출물에서 제외(사용자 요청) - 추후 국토지리정보원 자료로 보강 필요,ASOS 일자료 조회서비스 응답 항목에 토양수분 필드 자체가 없어 변수 제외,"최근접 관측소 매칭(중심점법:exact, 거리 12.31km)"
2023,서울특별시,도봉구,11320,108,서울,12.31,14.11,-4.8,True,25.78,1598.8,2.27,2196.9,3040.7,0.34,-0.76,1.35,12.0,365,,이번 산출물에서 제외(사용자 요청) - 추후 국토지리정보원 자료로 보강 필요,ASOS 일자료 조회서비스 응답 항목에 토양수분 필드 자체가 없어 변수 제외,"최근접 관측소 매칭(중심점법:exact, 거리 12.31km)"
2024,서울특별시,도봉구,11320,108,서울,12.31,14.88,-2.12,True,26.87,1311.4,2.31,2412.2,3260.6,0.34,-0.89,1.83,12.0,366,,이번 산출물에서 제외(사용자 요청) - 추후 국토지리정보원 자료로 보강 필요,ASOS 일자료 조회서비스 응답 항목에 토양수분 필드 자체가 없어 변수 제외,"최근접 관측소 매칭(중심점법:exact, 거리 12.31km)"
2025,서울특별시,도봉구,11320,108,서울,12.31,14.15,-4.06,True,27.05,1582.4,2.33,2244.3,3073.0,0.25,-0.97,1.92,12.0,365,,이번 산출물에서 제외(사용자 요청) - 추후 국토지리정보원 자료로 보강 필요,ASOS 일자료 조회서비스 응답 항목에 토양수분 필드 자체가 없어 변수 제외,"최근접 관측소 매칭(중심점법:exact, 거리 12.31km)"
2016,서울특별시,동대문구,11230,108,서울,7.93,13.59,-4.34,True,25.97,991.7,2.28,2199.9,3030.6,-0.4,-1.7,0.62,11.0,366,,이번 산출물에서 제외(사용자 요청) - 추후 국토지리정보원 자료로 보강 필요,ASOS 일자료 조회서비스 응답 항목에 토양수분 필드 자체가 없어 변수 제외,"최근접 관측소 매칭(중심점법:exact, 거리 7.93km)"
2017,서울특별시,동대문구,11230,108,서울,7.93,13.07,-4.39,True,25.39,1233.2,2.21,2100.6,2899.3,-0.67,-1.85,0.88,12.0,365,,이번 산출물에서 제외(사용자 요청) - 추후 국토지리정보원 자료로 보강 필요,ASOS 일자료 조회서비스 응답 항목에 토양수분 필드 자체가 없어 변수 제외,"최근접 관측소 매칭(중심점법:exact, 거리 7.93km)"
2018,서울특별시,동대문구,11230,108,서울,7.93,13.0,-6.33,True,26.6,1284.1,1.73,2069.6,2878.0,0.19,-1.33,1.46,12.0,365,,이번 산출물에서 제외(사용자 요청) - 추후 국토지리정보원 자료로 보강 필요,ASOS 일자료 조회서비스 응답 항목에 토양수분 필드 자체가 없어 변수 제외,"최근접 관측소 매칭(중심점법:exact, 거리 7.93km)"
2019,서울특별시,동대문구,11230,108,서울,7.93,13.6,-4.36,True,25.22,891.3,1.95,2062.6,2861.8,-0.89,-2.16,0.08,12.0,365,,이번 산출물에서 제외(사용자 요청) - 추후 국토지리정보원 자료로 보강 필요,ASOS 일자료 조회서비스 응답 항목에 토양수분 필드 자체가 없어 변수 제외,"최근접 관측소 매칭(중심점법:exact, 거리 7.93km)"
2020,서울특별시,동대문구,11230,108,서울,7.93,13.27,-1.88,True,24.86,1651.1,2.36,1872.2,2684.3,0.35,-1.16,1.35,12.0,366,,이번 산출물에서 제외(사용자 요청) - 추후 국토지리정보원 자료로 보강 필요,ASOS 일자료 조회서비스 응답 항목에 토양수분 필드 자체가 없어 변수 제외,"최근접 관측소 매칭(중심점법:exact, 거리 7.93km)"
2021,서울특별시,동대문구,11230,108,서울,7.93,13.75,-4.48,True,25.63,1186.5,2.31,2045.2,2899.6,0.07,-1.12,1.87,12.0,365,,이번 산출물에서 제외(사용자 요청) - 추후 국토지리정보원 자료로 보강 필요,ASOS 일자료 조회서비스 응답 항목에 토양수분 필드 자체가 없어 변수 제외,"최근접 관측소 매칭(중심점법:exact, 거리 7.93km)"
2022,서울특별시,동대문구,11230,108,서울,7.93,13.3,-5.02,True,25.48,1775.3,2.37,2058.6,2907.0,0.37,-1.54,1.56,12.0,365,,이번 산출물에서 제외(사용자 요청) - 추후 국토지리정보원 자료로 보강 필요,ASOS 일자료 조회서비스 응답 항목에 토양수분 필드 자체가 없어 변수 제외,"최근접 관측소 매칭(중심점법:exact, 거리 7.93km)"
2023,서울특별시,동대문구,11230,108,서울,7.93,14.11,-4.8,True,25.78,1598.8,2.27,2196.9,3040.7,0.34,-0.76,1.35,12.0,365,,이번 산출물에서 제외(사용자 요청) - 추후 국토지리정보원 자료로 보강 필요,ASOS 일자료 조회서비스 응답 항목에 토양수분 필드 자체가 없어 변수 제외,"최근접 관측소 매칭(중심점법:exact, 거리 7.93km)"
2024,서울특별시,동대문구,11230,108,서울,7.93,14.88,-2.12,True,26.87,1311.4,2.31,2412.2,3260.6,0.34,-0.89,1.83,12.0,366,,이번 산출물에서 제외(사용자 요청) - 추후 국토지리정보원 자료로 보강 필요,ASOS 일자료 조회서비스 응답 항목에 토양수분 필드 자체가 없어 변수 제외,"최근접 관측소 매칭(중심점법:exact, 거리 7.93km)"
2025,서울특별시,동대문구,11230,108,서울,7.93,14.15,-4.06,True,27.05,1582.4,2.33,2244.3,3073.0,0.25,-0.97,1.92,12.0,365,,이번 산출물에서 제외(사용자 요청) - 추후 국토지리정보원 자료로 보강 필요,ASOS 일자료 조회서비스 응답 항목에 토양수분 필드 자체가 없어 변수 제외,"최근접 관측소 매칭(중심점법:exact, 거리 7.93km)"
2016,서울특별시,동작구,11590,108,서울,8.13,13.59,-4.34,True,25.97,991.7,2.28,2199.9,3030.6,-0.4,-1.7,0.62,11.0,366,,이번 산출물에서 제외(사용자 요청) - 추후 국토지리정보원 자료로 보강 필요,ASOS 일자료 조회서비스 응답 항목에 토양수분 필드 자체가 없어 변수 제외,"최근접 관측소 매칭(중심점법:exact, 거리 8.13km)"
2017,서울특별시,동작구,11590,108,서울,8.13,13.07,-4.39,True,25.39,1233.2,2.21,2100.6,2899.3,-0.67,-1.85,0.88,12.0,365,,이번 산출물에서 제외(사용자 요청) - 추후 국토지리정보원 자료로 보강 필요,ASOS 일자료 조회서비스 응답 항목에 토양수분 필드 자체가 없어 변수 제외,"최근접 관측소 매칭(중심점법:exact, 거리 8.13km)"
2018,서울특별시,동작구,11590,108,서울,8.13,13.0,-6.33,True,26.6,1284.1,1.73,2069.6,2878.0,0.19,-1.33,1.46,12.0,365,,이번 산출물에서 제외(사용자 요청) - 추후 국토지리정보원 자료로 보강 필요,ASOS 일자료 조회서비스 응답 항목에 토양수분 필드 자체가 없어 변수 제외,"최근접 관측소 매칭(중심점법:exact, 거리 8.13km)"
2019,서울특별시,동작구,11590,108,서울,8.13,13.6,-4.36,True,25.22,891.3,1.95,2062.6,2861.8,-0.89,-2.16,0.08,12.0,365,,이번 산출물에서 제외(사용자 요청) - 추후 국토지리정보원 자료로 보강 필요,ASOS 일자료 조회서비스 응답 항목에 토양수분 필드 자체가 없어 변수 제외,"최근접 관측소 매칭(중심점법:exact, 거리 8.13km)"
2020,서울특별시,동작구,11590,108,서울,8.13,13.27,-1.88,True,24.86,1651.1,2.36,1872.2,2684.3,0.35,-1.16,1.35,12.0,366,,이번 산출물에서 제외(사용자 요청) - 추후 국토지리정보원 자료로 보강 필요,ASOS 일자료 조회서비스 응답 항목에 토양수분 필드 자체가 없어 변수 제외,"최근접 관측소 매칭(중심점법:exact, 거리 8.13km)"
2021,서울특별시,동작구,11590,108,서울,8.13,13.75,-4.48,True,25.63,1186.5,2.31,2045.2,2899.6,0.07,-1.12,1.87,12.0,365,,이번 산출물에서 제외(사용자 요청) - 추후 국토지리정보원 자료로 보강 필요,ASOS 일자료 조회서비스 응답 항목에 토양수분 필드 자체가 없어 변수 제외,"최근접 관측소 매칭(중심점법:exact, 거리 8.13km)"
2022,서울특별시,동작구,11590,108,서울,8.13,13.3,-5.02,True,25.48,1775.3,2.37,2058.6,2907.0,0.37,-1.54,1.56,12.0,365,,이번 산출물에서 제외(사용자 요청) - 추후 국토지리정보원 자료로 보강 필요,ASOS 일자료 조회서비스 응답 항목에 토양수분 필드 자체가 없어 변수 제외,"최근접 관측소 매칭(중심점법:exact, 거리 8.13km)"
2023,서울특별시,동작구,11590,108,서울,8.13,14.11,-4.8,True,25.78,1598.8,2.27,2196.9,3040.7,0.34,-0.76,1.35,12.0,365,,이번 산출물에서 제외(사용자 요청) - 추후 국토지리정보원 자료로 보강 필요,ASOS 일자료 조회서비스 응답 항목에 토양수분 필드 자체가 없어 변수 제외,"최근접 관측소 매칭(중심점법:exact, 거리 8.13km)"
2024,서울특별시,동작구,11590,108,서울,8.13,14.88,-2.12,True,26.87,1311.4,2.31,2412.2,3260.6,0.34,-0.89,1.83,12.0,366,,이번 산출물에서 제외(사용자 요청) - 추후 국토지리정보원 자료로 보강 필요,ASOS 일자료 조회서비스 응답 항목에 토양수분 필드 자체가 없어 변수 제외,"최근접 관측소 매칭(중심점법:exact, 거리 8.13km)"
2025,서울특별시,동작구,11590,108,서울,8.13,14.15,-4.06,True,27.05,1582.4,2.33,2244.3,3073.0,0.25,-0.97,1.92,12.0,365,,이번 산출물에서 제외(사용자 요청) - 추후 국토지리정보원 자료로 보강 필요,ASOS 일자료 조회서비스 응답 항목에 토양수분 필드 자체가 없어 변수 제외,"최근접 관측소 매칭(중심점법:exact, 거리 8.13km)"
2016,서울특별시,마포구,11440,108,서울,5.21,13.59,-4.34,True,25.97,991.7,2.28,2199.9,3030.6,-0.4,-1.7,0.62,11.0,366,,이번 산출물에서 제외(사용자 요청) - 추후 국토지리정보원 자료로 보강 필요,ASOS 일자료 조회서비스 응답 항목에 토양수분 필드 자체가 없어 변수 제외,"최근접 관측소 매칭(중심점법:exact, 거리 5.21km)"
2017,서울특별시,마포구,11440,108,서울,5.21,13.07,-4.39,True,25.39,1233.2,2.21,2100.6,2899.3,-0.67,-1.85,0.88,12.0,365,,이번 산출물에서 제외(사용자 요청) - 추후 국토지리정보원 자료로 보강 필요,ASOS 일자료 조회서비스 응답 항목에 토양수분 필드 자체가 없어 변수 제외,"최근접 관측소 매칭(중심점법:exact, 거리 5.21km)"
2018,서울특별시,마포구,11440,108,서울,5.21,13.0,-6.33,True,26.6,1284.1,1.73,2069.6,2878.0,0.19,-1.33,1.46,12.0,365,,이번 산출물에서 제외(사용자 요청) - 추후 국토지리정보원 자료로 보강 필요,ASOS 일자료 조회서비스 응답 항목에 토양수분 필드 자체가 없어 변수 제외,"최근접 관측소 매칭(중심점법:exact, 거리 5.21km)"
2019,서울특별시,마포구,11440,108,서울,5.21,13.6,-4.36,True,25.22,891.3,1.95,2062.6,2861.8,-0.89,-2.16,0.08,12.0,365,,이번 산출물에서 제외(사용자 요청) - 추후 국토지리정보원 자료로 보강 필요,ASOS 일자료 조회서비스 응답 항목에 토양수분 필드 자체가 없어 변수 제외,"최근접 관측소 매칭(중심점법:exact, 거리 5.21km)"
2020,서울특별시,마포구,11440,108,서울,5.21,13.27,-1.88,True,24.86,1651.1,2.36,1872.2,2684.3,0.35,-1.16,1.35,12.0,366,,이번 산출물에서 제외(사용자 요청) - 추후 국토지리정보원 자료로 보강 필요,ASOS 일자료 조회서비스 응답 항목에 토양수분 필드 자체가 없어 변수 제외,"최근접 관측소 매칭(중심점법:exact, 거리 5.21km)"
2021,서울특별시,마포구,11440,108,서울,5.21,13.75,-4.48,True,25.63,1186.5,2.31,2045.2,2899.6,0.07,-1.12,1.87,12.0,365,,이번 산출물에서 제외(사용자 요청) - 추후 국토지리정보원 자료로 보강 필요,ASOS 일자료 조회서비스 응답 항목에 토양수분 필드 자체가 없어 변수 제외,"최근접 관측소 매칭(중심점법:exact, 거리 5.21km)"
2022,서울특별시,마포구,11440,108,서울,5.21,13.3,-5.02,True,25.48,1775.3,2.37,2058.6,2907.0,0.37,-1.54,1.56,12.0,365,,이번 산출물에서 제외(사용자 요청) - 추후 국토지리정보원 자료로 보강 필요,ASOS 일자료 조회서비스 응답 항목에 토양수분 필드 자체가 없어 변수 제외,"최근접 관측소 매칭(중심점법:exact, 거리 5.21km)"
2023,서울특별시,마포구,11440,108,서울,5.21,14.11,-4.8,True,25.78,1598.8,2.27,2196.9,3040.7,0.34,-0.76,1.35,12.0,365,,이번 산출물에서 제외(사용자 요청) - 추후 국토지리정보원 자료로 보강 필요,ASOS 일자료 조회서비스 응답 항목에 토양수분 필드 자체가 없어 변수 제외,"최근접 관측소 매칭(중심점법:exact, 거리 5.21km)"
2024,서울특별시,마포구,11440,108,서울,5.21,14.88,-2.12,True,26.87,1311.4,2.31,2412.2,3260.6,0.34,-0.89,1.83,12.0,366,,이번 산출물에서 제외(사용자 요청) - 추후 국토지리정보원 자료로 보강 필요,ASOS 일자료 조회서비스 응답 항목에 토양수분 필드 자체가 없어 변수 제외,"최근접 관측소 매칭(중심점법:exact, 거리 5.21km)"
2025,서울특별시,마포구,11440,108,서울,5.21,14.15,-4.06,True,27.05,1582.4,2.33,2244.3,3073.0,0.25,-0.97,1.92,12.0,365,,이번 산출물에서 제외(사용자 요청) - 추후 국토지리정보원 자료로 보강 필요,ASOS 일자료 조회서비스 응답 항목에 토양수분 필드 자체가 없어 변수 제외,"최근접 관측소 매칭(중심점법:exact, 거리 5.21km)"
2016,서울특별시,서대문구,11410,108,서울,2.46,13.59,-4.34,True,25.97,991.7,2.28,2199.9,3030.6,-0.4,-1.7,0.62,11.0,366,,이번 산출물에서 제외(사용자 요청) - 추후 국토지리정보원 자료로 보강 필요,ASOS 일자료 조회서비스 응답 항목에 토양수분 필드 자체가 없어 변수 제외,"최근접 관측소 매칭(중심점법:exact, 거리 2.46km)"
2017,서울특별시,서대문구,11410,108,서울,2.46,13.07,-4.39,True,25.39,1233.2,2.21,2100.6,2899.3,-0.67,-1.85,0.88,12.0,365,,이번 산출물에서 제외(사용자 요청) - 추후 국토지리정보원 자료로 보강 필요,ASOS 일자료 조회서비스 응답 항목에 토양수분 필드 자체가 없어 변수 제외,"최근접 관측소 매칭(중심점법:exact, 거리 2.46km)"
2018,서울특별시,서대문구,11410,108,서울,2.46,13.0,-6.33,True,26.6,1284.1,1.73,2069.6,2878.0,0.19,-1.33,1.46,12.0,365,,이번 산출물에서 제외(사용자 요청) - 추후 국토지리정보원 자료로 보강 필요,ASOS 일자료 조회서비스 응답 항목에 토양수분 필드 자체가 없어 변수 제외,"최근접 관측소 매칭(중심점법:exact, 거리 2.46km)"
2019,서울특별시,서대문구,11410,108,서울,2.46,13.6,-4.36,True,25.22,891.3,1.95,2062.6,2861.8,-0.89,-2.16,0.08,12.0,365,,이번 산출물에서 제외(사용자 요청) - 추후 국토지리정보원 자료로 보강 필요,ASOS 일자료 조회서비스 응답 항목에 토양수분 필드 자체가 없어 변수 제외,"최근접 관측소 매칭(중심점법:exact, 거리 2.46km)"
2020,서울특별시,서대문구,11410,108,서울,2.46,13.27,-1.88,True,24.86,1651.1,2.36,1872.2,2684.3,0.35,-1.16,1.35,12.0,366,,이번 산출물에서 제외(사용자 요청) - 추후 국토지리정보원 자료로 보강 필요,ASOS 일자료 조회서비스 응답 항목에 토양수분 필드 자체가 없어 변수 제외,"최근접 관측소 매칭(중심점법:exact, 거리 2.46km)"
2021,서울특별시,서대문구,11410,108,서울,2.46,13.75,-4.48,True,25.63,1186.5,2.31,2045.2,2899.6,0.07,-1.12,1.87,12.0,365,,이번 산출물에서 제외(사용자 요청) - 추후 국토지리정보원 자료로 보강 필요,ASOS 일자료 조회서비스 응답 항목에 토양수분 필드 자체가 없어 변수 제외,"최근접 관측소 매칭(중심점법:exact, 거리 2.46km)"
2022,서울특별시,서대문구,11410,108,서울,2.46,13.3,-5.02,True,25.48,1775.3,2.37,2058.6,2907.0,0.37,-1.54,1.56,12.0,365,,이번 산출물에서 제외(사용자 요청) - 추후 국토지리정보원 자료로 보강 필요,ASOS 일자료 조회서비스 응답 항목에 토양수분 필드 자체가 없어 변수 제외,"최근접 관측소 매칭(중심점법:exact, 거리 2.46km)"
2023,서울특별시,서대문구,11410,108,서울,2.46,14.11,-4.8,True,25.78,1598.8,2.27,2196.9,3040.7,0.34,-0.76,1.35,12.0,365,,이번 산출물에서 제외(사용자 요청) - 추후 국토지리정보원 자료로 보강 필요,ASOS 일자료 조회서비스 응답 항목에 토양수분 필드 자체가 없어 변수 제외,"최근접 관측소 매칭(중심점법:exact, 거리 2.46km)"
2024,서울특별시,서대문구,11410,108,서울,2.46,14.88,-2.12,True,26.87,1311.4,2.31,2412.2,3260.6,0.34,-0.89,1.83,12.0,366,,이번 산출물에서 제외(사용자 요청) - 추후 국토지리정보원 자료로 보강 필요,ASOS 일자료 조회서비스 응답 항목에 토양수분 필드 자체가 없어 변수 제외,"최근접 관측소 매칭(중심점법:exact, 거리 2.46km)"
2025,서울특별시,서대문구,11410,108,서울,2.46,14.15,-4.06,True,27.05,1582.4,2.33,2244.3,3073.0,0.25,-0.97,1.92,12.0,365,,이번 산출물에서 제외(사용자 요청) - 추후 국토지리정보원 자료로 보강 필요,ASOS 일자료 조회서비스 응답 항목에 토양수분 필드 자체가 없어 변수 제외,"최근접 관측소 매칭(중심점법:exact, 거리 2.46km)"
2016,서울특별시,서초구,11650,108,서울,12.37,13.59,-4.34,True,25.97,991.7,2.28,2199.9,3030.6,-0.4,-1.7,0.62,11.0,366,,이번 산출물에서 제외(사용자 요청) - 추후 국토지리정보원 자료로 보강 필요,ASOS 일자료 조회서비스 응답 항목에 토양수분 필드 자체가 없어 변수 제외,"최근접 관측소 매칭(중심점법:exact, 거리 12.37km)"
2017,서울특별시,서초구,11650,108,서울,12.37,13.07,-4.39,True,25.39,1233.2,2.21,2100.6,2899.3,-0.67,-1.85,0.88,12.0,365,,이번 산출물에서 제외(사용자 요청) - 추후 국토지리정보원 자료로 보강 필요,ASOS 일자료 조회서비스 응답 항목에 토양수분 필드 자체가 없어 변수 제외,"최근접 관측소 매칭(중심점법:exact, 거리 12.37km)"
2018,서울특별시,서초구,11650,108,서울,12.37,13.0,-6.33,True,26.6,1284.1,1.73,2069.6,2878.0,0.19,-1.33,1.46,12.0,365,,이번 산출물에서 제외(사용자 요청) - 추후 국토지리정보원 자료로 보강 필요,ASOS 일자료 조회서비스 응답 항목에 토양수분 필드 자체가 없어 변수 제외,"최근접 관측소 매칭(중심점법:exact, 거리 12.37km)"
2019,서울특별시,서초구,11650,108,서울,12.37,13.6,-4.36,True,25.22,891.3,1.95,2062.6,2861.8,-0.89,-2.16,0.08,12.0,365,,이번 산출물에서 제외(사용자 요청) - 추후 국토지리정보원 자료로 보강 필요,ASOS 일자료 조회서비스 응답 항목에 토양수분 필드 자체가 없어 변수 제외,"최근접 관측소 매칭(중심점법:exact, 거리 12.37km)"
2020,서울특별시,서초구,11650,108,서울,12.37,13.27,-1.88,True,24.86,1651.1,2.36,1872.2,2684.3,0.35,-1.16,1.35,12.0,366,,이번 산출물에서 제외(사용자 요청) - 추후 국토지리정보원 자료로 보강 필요,ASOS 일자료 조회서비스 응답 항목에 토양수분 필드 자체가 없어 변수 제외,"최근접 관측소 매칭(중심점법:exact, 거리 12.37km)"
2021,서울특별시,서초구,11650,108,서울,12.37,13.75,-4.48,True,25.63,1186.5,2.31,2045.2,2899.6,0.07,-1.12,1.87,12.0,365,,이번 산출물에서 제외(사용자 요청) - 추후 국토지리정보원 자료로 보강 필요,ASOS 일자료 조회서비스 응답 항목에 토양수분 필드 자체가 없어 변수 제외,"최근접 관측소 매칭(중심점법:exact, 거리 12.37km)"
2022,서울특별시,서초구,11650,108,서울,12.37,13.3,-5.02,True,25.48,1775.3,2.37,2058.6,2907.0,0.37,-1.54,1.56,12.0,365,,이번 산출물에서 제외(사용자 요청) - 추후 국토지리정보원 자료로 보강 필요,ASOS 일자료 조회서비스 응답 항목에 토양수분 필드 자체가 없어 변수 제외,"최근접 관측소 매칭(중심점법:exact, 거리 12.37km)"
2023,서울특별시,서초구,11650,108,서울,12.37,14.11,-4.8,True,25.78,1598.8,2.27,2196.9,3040.7,0.34,-0.76,1.35,12.0,365,,이번 산출물에서 제외(사용자 요청) - 추후 국토지리정보원 자료로 보강 필요,ASOS 일자료 조회서비스 응답 항목에 토양수분 필드 자체가 없어 변수 제외,"최근접 관측소 매칭(중심점법:exact, 거리 12.37km)"
2024,서울특별시,서초구,11650,108,서울,12.37,14.88,-2.12,True,26.87,1311.4,2.31,2412.2,3260.6,0.34,-0.89,1.83,12.0,366,,이번 산출물에서 제외(사용자 요청) - 추후 국토지리정보원 자료로 보강 필요,ASOS 일자료 조회서비스 응답 항목에 토양수분 필드 자체가 없어 변수 제외,"최근접 관측소 매칭(중심점법:exact, 거리 12.37km)"
2025,서울특별시,서초구,11650,108,서울,12.37,14.15,-4.06,True,27.05,1582.4,2.33,2244.3,3073.0,0.25,-0.97,1.92,12.0,365,,이번 산출물에서 제외(사용자 요청) - 추후 국토지리정보원 자료로 보강 필요,ASOS 일자료 조회서비스 응답 항목에 토양수분 필드 자체가 없어 변수 제외,"최근접 관측소 매칭(중심점법:exact, 거리 12.37km)"
2016,서울특별시,성동구,11200,108,서울,7.08,13.59,-4.34,True,25.97,991.7,2.28,2199.9,3030.6,-0.4,-1.7,0.62,11.0,366,,이번 산출물에서 제외(사용자 요청) - 추후 국토지리정보원 자료로 보강 필요,ASOS 일자료 조회서비스 응답 항목에 토양수분 필드 자체가 없어 변수 제외,"최근접 관측소 매칭(중심점법:exact, 거리 7.08km)"
2017,서울특별시,성동구,11200,108,서울,7.08,13.07,-4.39,True,25.39,1233.2,2.21,2100.6,2899.3,-0.67,-1.85,0.88,12.0,365,,이번 산출물에서 제외(사용자 요청) - 추후 국토지리정보원 자료로 보강 필요,ASOS 일자료 조회서비스 응답 항목에 토양수분 필드 자체가 없어 변수 제외,"최근접 관측소 매칭(중심점법:exact, 거리 7.08km)"
2018,서울특별시,성동구,11200,108,서울,7.08,13.0,-6.33,True,26.6,1284.1,1.73,2069.6,2878.0,0.19,-1.33,1.46,12.0,365,,이번 산출물에서 제외(사용자 요청) - 추후 국토지리정보원 자료로 보강 필요,ASOS 일자료 조회서비스 응답 항목에 토양수분 필드 자체가 없어 변수 제외,"최근접 관측소 매칭(중심점법:exact, 거리 7.08km)"
2019,서울특별시,성동구,11200,108,서울,7.08,13.6,-4.36,True,25.22,891.3,1.95,2062.6,2861.8,-0.89,-2.16,0.08,12.0,365,,이번 산출물에서 제외(사용자 요청) - 추후 국토지리정보원 자료로 보강 필요,ASOS 일자료 조회서비스 응답 항목에 토양수분 필드 자체가 없어 변수 제외,"최근접 관측소 매칭(중심점법:exact, 거리 7.08km)"
2020,서울특별시,성동구,11200,108,서울,7.08,13.27,-1.88,True,24.86,1651.1,2.36,1872.2,2684.3,0.35,-1.16,1.35,12.0,366,,이번 산출물에서 제외(사용자 요청) - 추후 국토지리정보원 자료로 보강 필요,ASOS 일자료 조회서비스 응답 항목에 토양수분 필드 자체가 없어 변수 제외,"최근접 관측소 매칭(중심점법:exact, 거리 7.08km)"
2021,서울특별시,성동구,11200,108,서울,7.08,13.75,-4.48,True,25.63,1186.5,2.31,2045.2,2899.6,0.07,-1.12,1.87,12.0,365,,이번 산출물에서 제외(사용자 요청) - 추후 국토지리정보원 자료로 보강 필요,ASOS 일자료 조회서비스 응답 항목에 토양수분 필드 자체가 없어 변수 제외,"최근접 관측소 매칭(중심점법:exact, 거리 7.08km)"
2022,서울특별시,성동구,11200,108,서울,7.08,13.3,-5.02,True,25.48,1775.3,2.37,2058.6,2907.0,0.37,-1.54,1.56,12.0,365,,이번 산출물에서 제외(사용자 요청) - 추후 국토지리정보원 자료로 보강 필요,ASOS 일자료 조회서비스 응답 항목에 토양수분 필드 자체가 없어 변수 제외,"최근접 관측소 매칭(중심점법:exact, 거리 7.08km)"
2023,서울특별시,성동구,11200,108,서울,7.08,14.11,-4.8,True,25.78,1598.8,2.27,2196.9,3040.7,0.34,-0.76,1.35,12.0,365,,이번 산출물에서 제외(사용자 요청) - 추후 국토지리정보원 자료로 보강 필요,ASOS 일자료 조회서비스 응답 항목에 토양수분 필드 자체가 없어 변수 제외,"최근접 관측소 매칭(중심점법:exact, 거리 7.08km)"
2024,서울특별시,성동구,11200,108,서울,7.08,14.88,-2.12,True,26.87,1311.4,2.31,2412.2,3260.6,0.34,-0.89,1.83,12.0,366,,이번 산출물에서 제외(사용자 요청) - 추후 국토지리정보원 자료로 보강 필요,ASOS 일자료 조회서비스 응답 항목에 토양수분 필드 자체가 없어 변수 제외,"최근접 관측소 매칭(중심점법:exact, 거리 7.08km)"
2025,서울특별시,성동구,11200,108,서울,7.08,14.15,-4.06,True,27.05,1582.4,2.33,2244.3,3073.0,0.25,-0.97,1.92,12.0,365,,이번 산출물에서 제외(사용자 요청) - 추후 국토지리정보원 자료로 보강 필요,ASOS 일자료 조회서비스 응답 항목에 토양수분 필드 자체가 없어 변수 제외,"최근접 관측소 매칭(중심점법:exact, 거리 7.08km)"
2016,서울특별시,성북구,11290,108,서울,5.92,13.59,-4.34,True,25.97,991.7,2.28,2199.9,3030.6,-0.4,-1.7,0.62,11.0,366,,이번 산출물에서 제외(사용자 요청) - 추후 국토지리정보원 자료로 보강 필요,ASOS 일자료 조회서비스 응답 항목에 토양수분 필드 자체가 없어 변수 제외,"최근접 관측소 매칭(중심점법:exact, 거리 5.92km)"
2017,서울특별시,성북구,11290,108,서울,5.92,13.07,-4.39,True,25.39,1233.2,2.21,2100.6,2899.3,-0.67,-1.85,0.88,12.0,365,,이번 산출물에서 제외(사용자 요청) - 추후 국토지리정보원 자료로 보강 필요,ASOS 일자료 조회서비스 응답 항목에 토양수분 필드 자체가 없어 변수 제외,"최근접 관측소 매칭(중심점법:exact, 거리 5.92km)"
2018,서울특별시,성북구,11290,108,서울,5.92,13.0,-6.33,True,26.6,1284.1,1.73,2069.6,2878.0,0.19,-1.33,1.46,12.0,365,,이번 산출물에서 제외(사용자 요청) - 추후 국토지리정보원 자료로 보강 필요,ASOS 일자료 조회서비스 응답 항목에 토양수분 필드 자체가 없어 변수 제외,"최근접 관측소 매칭(중심점법:exact, 거리 5.92km)"
2019,서울특별시,성북구,11290,108,서울,5.92,13.6,-4.36,True,25.22,891.3,1.95,2062.6,2861.8,-0.89,-2.16,0.08,12.0,365,,이번 산출물에서 제외(사용자 요청) - 추후 국토지리정보원 자료로 보강 필요,ASOS 일자료 조회서비스 응답 항목에 토양수분 필드 자체가 없어 변수 제외,"최근접 관측소 매칭(중심점법:exact, 거리 5.92km)"
2020,서울특별시,성북구,11290,108,서울,5.92,13.27,-1.88,True,24.86,1651.1,2.36,1872.2,2684.3,0.35,-1.16,1.35,12.0,366,,이번 산출물에서 제외(사용자 요청) - 추후 국토지리정보원 자료로 보강 필요,ASOS 일자료 조회서비스 응답 항목에 토양수분 필드 자체가 없어 변수 제외,"최근접 관측소 매칭(중심점법:exact, 거리 5.92km)"
2021,서울특별시,성북구,11290,108,서울,5.92,13.75,-4.48,True,25.63,1186.5,2.31,2045.2,2899.6,0.07,-1.12,1.87,12.0,365,,이번 산출물에서 제외(사용자 요청) - 추후 국토지리정보원 자료로 보강 필요,ASOS 일자료 조회서비스 응답 항목에 토양수분 필드 자체가 없어 변수 제외,"최근접 관측소 매칭(중심점법:exact, 거리 5.92km)"
2022,서울특별시,성북구,11290,108,서울,5.92,13.3,-5.02,True,25.48,1775.3,2.37,2058.6,2907.0,0.37,-1.54,1.56,12.0,365,,이번 산출물에서 제외(사용자 요청) - 추후 국토지리정보원 자료로 보강 필요,ASOS 일자료 조회서비스 응답 항목에 토양수분 필드 자체가 없어 변수 제외,"최근접 관측소 매칭(중심점법:exact, 거리 5.92km)"
2023,서울특별시,성북구,11290,108,서울,5.92,14.11,-4.8,True,25.78,1598.8,2.27,2196.9,3040.7,0.34,-0.76,1.35,12.0,365,,이번 산출물에서 제외(사용자 요청) - 추후 국토지리정보원 자료로 보강 필요,ASOS 일자료 조회서비스 응답 항목에 토양수분 필드 자체가 없어 변수 제외,"최근접 관측소 매칭(중심점법:exact, 거리 5.92km)"
2024,서울특별시,성북구,11290,108,서울,5.92,14.88,-2.12,True,26.87,1311.4,2.31,2412.2,3260.6,0.34,-0.89,1.83,12.0,366,,이번 산출물에서 제외(사용자 요청) - 추후 국토지리정보원 자료로 보강 필요,ASOS 일자료 조회서비스 응답 항목에 토양수분 필드 자체가 없어 변수 제외,"최근접 관측소 매칭(중심점법:exact, 거리 5.92km)"
2025,서울특별시,성북구,11290,108,서울,5.92,14.15,-4.06,True,27.05,1582.4,2.33,2244.3,3073.0,0.25,-0.97,1.92,12.0,365,,이번 산출물에서 제외(사용자 요청) - 추후 국토지리정보원 자료로 보강 필요,ASOS 일자료 조회서비스 응답 항목에 토양수분 필드 자체가 없어 변수 제외,"최근접 관측소 매칭(중심점법:exact, 거리 5.92km)"
2016,서울특별시,송파구,11710,108,서울,15.1,13.59,-4.34,True,25.97,991.7,2.28,2199.9,3030.6,-0.4,-1.7,0.62,11.0,366,,이번 산출물에서 제외(사용자 요청) - 추후 국토지리정보원 자료로 보강 필요,ASOS 일자료 조회서비스 응답 항목에 토양수분 필드 자체가 없어 변수 제외,"최근접 관측소 매칭(중심점법:exact, 거리 15.1km)"
2017,서울특별시,송파구,11710,108,서울,15.1,13.07,-4.39,True,25.39,1233.2,2.21,2100.6,2899.3,-0.67,-1.85,0.88,12.0,365,,이번 산출물에서 제외(사용자 요청) - 추후 국토지리정보원 자료로 보강 필요,ASOS 일자료 조회서비스 응답 항목에 토양수분 필드 자체가 없어 변수 제외,"최근접 관측소 매칭(중심점법:exact, 거리 15.1km)"
2018,서울특별시,송파구,11710,108,서울,15.1,13.0,-6.33,True,26.6,1284.1,1.73,2069.6,2878.0,0.19,-1.33,1.46,12.0,365,,이번 산출물에서 제외(사용자 요청) - 추후 국토지리정보원 자료로 보강 필요,ASOS 일자료 조회서비스 응답 항목에 토양수분 필드 자체가 없어 변수 제외,"최근접 관측소 매칭(중심점법:exact, 거리 15.1km)"
2019,서울특별시,송파구,11710,108,서울,15.1,13.6,-4.36,True,25.22,891.3,1.95,2062.6,2861.8,-0.89,-2.16,0.08,12.0,365,,이번 산출물에서 제외(사용자 요청) - 추후 국토지리정보원 자료로 보강 필요,ASOS 일자료 조회서비스 응답 항목에 토양수분 필드 자체가 없어 변수 제외,"최근접 관측소 매칭(중심점법:exact, 거리 15.1km)"
2020,서울특별시,송파구,11710,108,서울,15.1,13.27,-1.88,True,24.86,1651.1,2.36,1872.2,2684.3,0.35,-1.16,1.35,12.0,366,,이번 산출물에서 제외(사용자 요청) - 추후 국토지리정보원 자료로 보강 필요,ASOS 일자료 조회서비스 응답 항목에 토양수분 필드 자체가 없어 변수 제외,"최근접 관측소 매칭(중심점법:exact, 거리 15.1km)"
2021,서울특별시,송파구,11710,108,서울,15.1,13.75,-4.48,True,25.63,1186.5,2.31,2045.2,2899.6,0.07,-1.12,1.87,12.0,365,,이번 산출물에서 제외(사용자 요청) - 추후 국토지리정보원 자료로 보강 필요,ASOS 일자료 조회서비스 응답 항목에 토양수분 필드 자체가 없어 변수 제외,"최근접 관측소 매칭(중심점법:exact, 거리 15.1km)"
2022,서울특별시,송파구,11710,108,서울,15.1,13.3,-5.02,True,25.48,1775.3,2.37,2058.6,2907.0,0.37,-1.54,1.56,12.0,365,,이번 산출물에서 제외(사용자 요청) - 추후 국토지리정보원 자료로 보강 필요,ASOS 일자료 조회서비스 응답 항목에 토양수분 필드 자체가 없어 변수 제외,"최근접 관측소 매칭(중심점법:exact, 거리 15.1km)"
2023,서울특별시,송파구,11710,108,서울,15.1,14.11,-4.8,True,25.78,1598.8,2.27,2196.9,3040.7,0.34,-0.76,1.35,12.0,365,,이번 산출물에서 제외(사용자 요청) - 추후 국토지리정보원 자료로 보강 필요,ASOS 일자료 조회서비스 응답 항목에 토양수분 필드 자체가 없어 변수 제외,"최근접 관측소 매칭(중심점법:exact, 거리 15.1km)"
2024,서울특별시,송파구,11710,108,서울,15.1,14.88,-2.12,True,26.87,1311.4,2.31,2412.2,3260.6,0.34,-0.89,1.83,12.0,366,,이번 산출물에서 제외(사용자 요청) - 추후 국토지리정보원 자료로 보강 필요,ASOS 일자료 조회서비스 응답 항목에 토양수분 필드 자체가 없어 변수 제외,"최근접 관측소 매칭(중심점법:exact, 거리 15.1km)"
2025,서울특별시,송파구,11710,108,서울,15.1,14.15,-4.06,True,27.05,1582.4,2.33,2244.3,3073.0,0.25,-0.97,1.92,12.0,365,,이번 산출물에서 제외(사용자 요청) - 추후 국토지리정보원 자료로 보강 필요,ASOS 일자료 조회서비스 응답 항목에 토양수분 필드 자체가 없어 변수 제외,"최근접 관측소 매칭(중심점법:exact, 거리 15.1km)"
2016,서울특별시,양천구,11470,108,서울,11.06,13.59,-4.34,True,25.97,991.7,2.28,2199.9,3030.6,-0.4,-1.7,0.62,11.0,366,,이번 산출물에서 제외(사용자 요청) - 추후 국토지리정보원 자료로 보강 필요,ASOS 일자료 조회서비스 응답 항목에 토양수분 필드 자체가 없어 변수 제외,"최근접 관측소 매칭(중심점법:exact, 거리 11.06km)"
2017,서울특별시,양천구,11470,108,서울,11.06,13.07,-4.39,True,25.39,1233.2,2.21,2100.6,2899.3,-0.67,-1.85,0.88,12.0,365,,이번 산출물에서 제외(사용자 요청) - 추후 국토지리정보원 자료로 보강 필요,ASOS 일자료 조회서비스 응답 항목에 토양수분 필드 자체가 없어 변수 제외,"최근접 관측소 매칭(중심점법:exact, 거리 11.06km)"
2018,서울특별시,양천구,11470,108,서울,11.06,13.0,-6.33,True,26.6,1284.1,1.73,2069.6,2878.0,0.19,-1.33,1.46,12.0,365,,이번 산출물에서 제외(사용자 요청) - 추후 국토지리정보원 자료로 보강 필요,ASOS 일자료 조회서비스 응답 항목에 토양수분 필드 자체가 없어 변수 제외,"최근접 관측소 매칭(중심점법:exact, 거리 11.06km)"
2019,서울특별시,양천구,11470,108,서울,11.06,13.6,-4.36,True,25.22,891.3,1.95,2062.6,2861.8,-0.89,-2.16,0.08,12.0,365,,이번 산출물에서 제외(사용자 요청) - 추후 국토지리정보원 자료로 보강 필요,ASOS 일자료 조회서비스 응답 항목에 토양수분 필드 자체가 없어 변수 제외,"최근접 관측소 매칭(중심점법:exact, 거리 11.06km)"
2020,서울특별시,양천구,11470,108,서울,11.06,13.27,-1.88,True,24.86,1651.1,2.36,1872.2,2684.3,0.35,-1.16,1.35,12.0,366,,이번 산출물에서 제외(사용자 요청) - 추후 국토지리정보원 자료로 보강 필요,ASOS 일자료 조회서비스 응답 항목에 토양수분 필드 자체가 없어 변수 제외,"최근접 관측소 매칭(중심점법:exact, 거리 11.06km)"
2021,서울특별시,양천구,11470,108,서울,11.06,13.75,-4.48,True,25.63,1186.5,2.31,2045.2,2899.6,0.07,-1.12,1.87,12.0,365,,이번 산출물에서 제외(사용자 요청) - 추후 국토지리정보원 자료로 보강 필요,ASOS 일자료 조회서비스 응답 항목에 토양수분 필드 자체가 없어 변수 제외,"최근접 관측소 매칭(중심점법:exact, 거리 11.06km)"
2022,서울특별시,양천구,11470,108,서울,11.06,13.3,-5.02,True,25.48,1775.3,2.37,2058.6,2907.0,0.37,-1.54,1.56,12.0,365,,이번 산출물에서 제외(사용자 요청) - 추후 국토지리정보원 자료로 보강 필요,ASOS 일자료 조회서비스 응답 항목에 토양수분 필드 자체가 없어 변수 제외,"최근접 관측소 매칭(중심점법:exact, 거리 11.06km)"
2023,서울특별시,양천구,11470,108,서울,11.06,14.11,-4.8,True,25.78,1598.8,2.27,2196.9,3040.7,0.34,-0.76,1.35,12.0,365,,이번 산출물에서 제외(사용자 요청) - 추후 국토지리정보원 자료로 보강 필요,ASOS 일자료 조회서비스 응답 항목에 토양수분 필드 자체가 없어 변수 제외,"최근접 관측소 매칭(중심점법:exact, 거리 11.06km)"
2024,서울특별시,양천구,11470,108,서울,11.06,14.88,-2.12,True,26.87,1311.4,2.31,2412.2,3260.6,0.34,-0.89,1.83,12.0,366,,이번 산출물에서 제외(사용자 요청) - 추후 국토지리정보원 자료로 보강 필요,ASOS 일자료 조회서비스 응답 항목에 토양수분 필드 자체가 없어 변수 제외,"최근접 관측소 매칭(중심점법:exact, 거리 11.06km)"
2025,서울특별시,양천구,11470,108,서울,11.06,14.15,-4.06,True,27.05,1582.4,2.33,2244.3,3073.0,0.25,-0.97,1.92,12.0,365,,이번 산출물에서 제외(사용자 요청) - 추후 국토지리정보원 자료로 보강 필요,ASOS 일자료 조회서비스 응답 항목에 토양수분 필드 자체가 없어 변수 제외,"최근접 관측소 매칭(중심점법:exact, 거리 11.06km)"
2016,서울특별시,영등포구,11560,108,서울,7.32,13.59,-4.34,True,25.97,991.7,2.28,2199.9,3030.6,-0.4,-1.7,0.62,11.0,366,,이번 산출물에서 제외(사용자 요청) - 추후 국토지리정보원 자료로 보강 필요,ASOS 일자료 조회서비스 응답 항목에 토양수분 필드 자체가 없어 변수 제외,"최근접 관측소 매칭(중심점법:exact, 거리 7.32km)"
2017,서울특별시,영등포구,11560,108,서울,7.32,13.07,-4.39,True,25.39,1233.2,2.21,2100.6,2899.3,-0.67,-1.85,0.88,12.0,365,,이번 산출물에서 제외(사용자 요청) - 추후 국토지리정보원 자료로 보강 필요,ASOS 일자료 조회서비스 응답 항목에 토양수분 필드 자체가 없어 변수 제외,"최근접 관측소 매칭(중심점법:exact, 거리 7.32km)"
2018,서울특별시,영등포구,11560,108,서울,7.32,13.0,-6.33,True,26.6,1284.1,1.73,2069.6,2878.0,0.19,-1.33,1.46,12.0,365,,이번 산출물에서 제외(사용자 요청) - 추후 국토지리정보원 자료로 보강 필요,ASOS 일자료 조회서비스 응답 항목에 토양수분 필드 자체가 없어 변수 제외,"최근접 관측소 매칭(중심점법:exact, 거리 7.32km)"
2019,서울특별시,영등포구,11560,108,서울,7.32,13.6,-4.36,True,25.22,891.3,1.95,2062.6,2861.8,-0.89,-2.16,0.08,12.0,365,,이번 산출물에서 제외(사용자 요청) - 추후 국토지리정보원 자료로 보강 필요,ASOS 일자료 조회서비스 응답 항목에 토양수분 필드 자체가 없어 변수 제외,"최근접 관측소 매칭(중심점법:exact, 거리 7.32km)"
2020,서울특별시,영등포구,11560,108,서울,7.32,13.27,-1.88,True,24.86,1651.1,2.36,1872.2,2684.3,0.35,-1.16,1.35,12.0,366,,이번 산출물에서 제외(사용자 요청) - 추후 국토지리정보원 자료로 보강 필요,ASOS 일자료 조회서비스 응답 항목에 토양수분 필드 자체가 없어 변수 제외,"최근접 관측소 매칭(중심점법:exact, 거리 7.32km)"
2021,서울특별시,영등포구,11560,108,서울,7.32,13.75,-4.48,True,25.63,1186.5,2.31,2045.2,2899.6,0.07,-1.12,1.87,12.0,365,,이번 산출물에서 제외(사용자 요청) - 추후 국토지리정보원 자료로 보강 필요,ASOS 일자료 조회서비스 응답 항목에 토양수분 필드 자체가 없어 변수 제외,"최근접 관측소 매칭(중심점법:exact, 거리 7.32km)"
2022,서울특별시,영등포구,11560,108,서울,7.32,13.3,-5.02,True,25.48,1775.3,2.37,2058.6,2907.0,0.37,-1.54,1.56,12.0,365,,이번 산출물에서 제외(사용자 요청) - 추후 국토지리정보원 자료로 보강 필요,ASOS 일자료 조회서비스 응답 항목에 토양수분 필드 자체가 없어 변수 제외,"최근접 관측소 매칭(중심점법:exact, 거리 7.32km)"
2023,서울특별시,영등포구,11560,108,서울,7.32,14.11,-4.8,True,25.78,1598.8,2.27,2196.9,3040.7,0.34,-0.76,1.35,12.0,365,,이번 산출물에서 제외(사용자 요청) - 추후 국토지리정보원 자료로 보강 필요,ASOS 일자료 조회서비스 응답 항목에 토양수분 필드 자체가 없어 변수 제외,"최근접 관측소 매칭(중심점법:exact, 거리 7.32km)"
2024,서울특별시,영등포구,11560,108,서울,7.32,14.88,-2.12,True,26.87,1311.4,2.31,2412.2,3260.6,0.34,-0.89,1.83,12.0,366,,이번 산출물에서 제외(사용자 요청) - 추후 국토지리정보원 자료로 보강 필요,ASOS 일자료 조회서비스 응답 항목에 토양수분 필드 자체가 없어 변수 제외,"최근접 관측소 매칭(중심점법:exact, 거리 7.32km)"
2025,서울특별시,영등포구,11560,108,서울,7.32,14.15,-4.06,True,27.05,1582.4,2.33,2244.3,3073.0,0.25,-0.97,1.92,12.0,365,,이번 산출물에서 제외(사용자 요청) - 추후 국토지리정보원 자료로 보강 필요,ASOS 일자료 조회서비스 응답 항목에 토양수분 필드 자체가 없어 변수 제외,"최근접 관측소 매칭(중심점법:exact, 거리 7.32km)"
2016,서울특별시,용산구,11170,108,서울,4.61,13.59,-4.34,True,25.97,991.7,2.28,2199.9,3030.6,-0.4,-1.7,0.62,11.0,366,,이번 산출물에서 제외(사용자 요청) - 추후 국토지리정보원 자료로 보강 필요,ASOS 일자료 조회서비스 응답 항목에 토양수분 필드 자체가 없어 변수 제외,"최근접 관측소 매칭(중심점법:exact, 거리 4.61km)"
2017,서울특별시,용산구,11170,108,서울,4.61,13.07,-4.39,True,25.39,1233.2,2.21,2100.6,2899.3,-0.67,-1.85,0.88,12.0,365,,이번 산출물에서 제외(사용자 요청) - 추후 국토지리정보원 자료로 보강 필요,ASOS 일자료 조회서비스 응답 항목에 토양수분 필드 자체가 없어 변수 제외,"최근접 관측소 매칭(중심점법:exact, 거리 4.61km)"
2018,서울특별시,용산구,11170,108,서울,4.61,13.0,-6.33,True,26.6,1284.1,1.73,2069.6,2878.0,0.19,-1.33,1.46,12.0,365,,이번 산출물에서 제외(사용자 요청) - 추후 국토지리정보원 자료로 보강 필요,ASOS 일자료 조회서비스 응답 항목에 토양수분 필드 자체가 없어 변수 제외,"최근접 관측소 매칭(중심점법:exact, 거리 4.61km)"
2019,서울특별시,용산구,11170,108,서울,4.61,13.6,-4.36,True,25.22,891.3,1.95,2062.6,2861.8,-0.89,-2.16,0.08,12.0,365,,이번 산출물에서 제외(사용자 요청) - 추후 국토지리정보원 자료로 보강 필요,ASOS 일자료 조회서비스 응답 항목에 토양수분 필드 자체가 없어 변수 제외,"최근접 관측소 매칭(중심점법:exact, 거리 4.61km)"
2020,서울특별시,용산구,11170,108,서울,4.61,13.27,-1.88,True,24.86,1651.1,2.36,1872.2,2684.3,0.35,-1.16,1.35,12.0,366,,이번 산출물에서 제외(사용자 요청) - 추후 국토지리정보원 자료로 보강 필요,ASOS 일자료 조회서비스 응답 항목에 토양수분 필드 자체가 없어 변수 제외,"최근접 관측소 매칭(중심점법:exact, 거리 4.61km)"
2021,서울특별시,용산구,11170,108,서울,4.61,13.75,-4.48,True,25.63,1186.5,2.31,2045.2,2899.6,0.07,-1.12,1.87,12.0,365,,이번 산출물에서 제외(사용자 요청) - 추후 국토지리정보원 자료로 보강 필요,ASOS 일자료 조회서비스 응답 항목에 토양수분 필드 자체가 없어 변수 제외,"최근접 관측소 매칭(중심점법:exact, 거리 4.61km)"
2022,서울특별시,용산구,11170,108,서울,4.61,13.3,-5.02,True,25.48,1775.3,2.37,2058.6,2907.0,0.37,-1.54,1.56,12.0,365,,이번 산출물에서 제외(사용자 요청) - 추후 국토지리정보원 자료로 보강 필요,ASOS 일자료 조회서비스 응답 항목에 토양수분 필드 자체가 없어 변수 제외,"최근접 관측소 매칭(중심점법:exact, 거리 4.61km)"
2023,서울특별시,용산구,11170,108,서울,4.61,14.11,-4.8,True,25.78,1598.8,2.27,2196.9,3040.7,0.34,-0.76,1.35,12.0,365,,이번 산출물에서 제외(사용자 요청) - 추후 국토지리정보원 자료로 보강 필요,ASOS 일자료 조회서비스 응답 항목에 토양수분 필드 자체가 없어 변수 제외,"최근접 관측소 매칭(중심점법:exact, 거리 4.61km)"
2024,서울특별시,용산구,11170,108,서울,4.61,14.88,-2.12,True,26.87,1311.4,2.31,2412.2,3260.6,0.34,-0.89,1.83,12.0,366,,이번 산출물에서 제외(사용자 요청) - 추후 국토지리정보원 자료로 보강 필요,ASOS 일자료 조회서비스 응답 항목에 토양수분 필드 자체가 없어 변수 제외,"최근접 관측소 매칭(중심점법:exact, 거리 4.61km)"
2025,서울특별시,용산구,11170,108,서울,4.61,14.15,-4.06,True,27.05,1582.4,2.33,2244.3,3073.0,0.25,-0.97,1.92,12.0,365,,이번 산출물에서 제외(사용자 요청) - 추후 국토지리정보원 자료로 보강 필요,ASOS 일자료 조회서비스 응답 항목에 토양수분 필드 자체가 없어 변수 제외,"최근접 관측소 매칭(중심점법:exact, 거리 4.61km)"
2016,서울특별시,은평구,11380,108,서울,6.38,13.59,-4.34,True,25.97,991.7,2.28,2199.9,3030.6,-0.4,-1.7,0.62,11.0,366,,이번 산출물에서 제외(사용자 요청) - 추후 국토지리정보원 자료로 보강 필요,ASOS 일자료 조회서비스 응답 항목에 토양수분 필드 자체가 없어 변수 제외,"최근접 관측소 매칭(중심점법:exact, 거리 6.38km)"
2017,서울특별시,은평구,11380,108,서울,6.38,13.07,-4.39,True,25.39,1233.2,2.21,2100.6,2899.3,-0.67,-1.85,0.88,12.0,365,,이번 산출물에서 제외(사용자 요청) - 추후 국토지리정보원 자료로 보강 필요,ASOS 일자료 조회서비스 응답 항목에 토양수분 필드 자체가 없어 변수 제외,"최근접 관측소 매칭(중심점법:exact, 거리 6.38km)"
2018,서울특별시,은평구,11380,108,서울,6.38,13.0,-6.33,True,26.6,1284.1,1.73,2069.6,2878.0,0.19,-1.33,1.46,12.0,365,,이번 산출물에서 제외(사용자 요청) - 추후 국토지리정보원 자료로 보강 필요,ASOS 일자료 조회서비스 응답 항목에 토양수분 필드 자체가 없어 변수 제외,"최근접 관측소 매칭(중심점법:exact, 거리 6.38km)"
2019,서울특별시,은평구,11380,108,서울,6.38,13.6,-4.36,True,25.22,891.3,1.95,2062.6,2861.8,-0.89,-2.16,0.08,12.0,365,,이번 산출물에서 제외(사용자 요청) - 추후 국토지리정보원 자료로 보강 필요,ASOS 일자료 조회서비스 응답 항목에 토양수분 필드 자체가 없어 변수 제외,"최근접 관측소 매칭(중심점법:exact, 거리 6.38km)"
2020,서울특별시,은평구,11380,108,서울,6.38,13.27,-1.88,True,24.86,1651.1,2.36,1872.2,2684.3,0.35,-1.16,1.35,12.0,366,,이번 산출물에서 제외(사용자 요청) - 추후 국토지리정보원 자료로 보강 필요,ASOS 일자료 조회서비스 응답 항목에 토양수분 필드 자체가 없어 변수 제외,"최근접 관측소 매칭(중심점법:exact, 거리 6.38km)"
2021,서울특별시,은평구,11380,108,서울,6.38,13.75,-4.48,True,25.63,1186.5,2.31,2045.2,2899.6,0.07,-1.12,1.87,12.0,365,,이번 산출물에서 제외(사용자 요청) - 추후 국토지리정보원 자료로 보강 필요,ASOS 일자료 조회서비스 응답 항목에 토양수분 필드 자체가 없어 변수 제외,"최근접 관측소 매칭(중심점법:exact, 거리 6.38km)"
2022,서울특별시,은평구,11380,108,서울,6.38,13.3,-5.02,True,25.48,1775.3,2.37,2058.6,2907.0,0.37,-1.54,1.56,12.0,365,,이번 산출물에서 제외(사용자 요청) - 추후 국토지리정보원 자료로 보강 필요,ASOS 일자료 조회서비스 응답 항목에 토양수분 필드 자체가 없어 변수 제외,"최근접 관측소 매칭(중심점법:exact, 거리 6.38km)"
2023,서울특별시,은평구,11380,108,서울,6.38,14.11,-4.8,True,25.78,1598.8,2.27,2196.9,3040.7,0.34,-0.76,1.35,12.0,365,,이번 산출물에서 제외(사용자 요청) - 추후 국토지리정보원 자료로 보강 필요,ASOS 일자료 조회서비스 응답 항목에 토양수분 필드 자체가 없어 변수 제외,"최근접 관측소 매칭(중심점법:exact, 거리 6.38km)"
2024,서울특별시,은평구,11380,108,서울,6.38,14.88,-2.12,True,26.87,1311.4,2.31,2412.2,3260.6,0.34,-0.89,1.83,12.0,366,,이번 산출물에서 제외(사용자 요청) - 추후 국토지리정보원 자료로 보강 필요,ASOS 일자료 조회서비스 응답 항목에 토양수분 필드 자체가 없어 변수 제외,"최근접 관측소 매칭(중심점법:exact, 거리 6.38km)"
2025,서울특별시,은평구,11380,108,서울,6.38,14.15,-4.06,True,27.05,1582.4,2.33,2244.3,3073.0,0.25,-0.97,1.92,12.0,365,,이번 산출물에서 제외(사용자 요청) - 추후 국토지리정보원 자료로 보강 필요,ASOS 일자료 조회서비스 응답 항목에 토양수분 필드 자체가 없어 변수 제외,"최근접 관측소 매칭(중심점법:exact, 거리 6.38km)"
2016,서울특별시,종로구,11110,108,서울,2.78,13.59,-4.34,True,25.97,991.7,2.28,2199.9,3030.6,-0.4,-1.7,0.62,11.0,366,,이번 산출물에서 제외(사용자 요청) - 추후 국토지리정보원 자료로 보강 필요,ASOS 일자료 조회서비스 응답 항목에 토양수분 필드 자체가 없어 변수 제외,"최근접 관측소 매칭(중심점법:exact, 거리 2.78km)"
2017,서울특별시,종로구,11110,108,서울,2.78,13.07,-4.39,True,25.39,1233.2,2.21,2100.6,2899.3,-0.67,-1.85,0.88,12.0,365,,이번 산출물에서 제외(사용자 요청) - 추후 국토지리정보원 자료로 보강 필요,ASOS 일자료 조회서비스 응답 항목에 토양수분 필드 자체가 없어 변수 제외,"최근접 관측소 매칭(중심점법:exact, 거리 2.78km)"
2018,서울특별시,종로구,11110,108,서울,2.78,13.0,-6.33,True,26.6,1284.1,1.73,2069.6,2878.0,0.19,-1.33,1.46,12.0,365,,이번 산출물에서 제외(사용자 요청) - 추후 국토지리정보원 자료로 보강 필요,ASOS 일자료 조회서비스 응답 항목에 토양수분 필드 자체가 없어 변수 제외,"최근접 관측소 매칭(중심점법:exact, 거리 2.78km)"
2019,서울특별시,종로구,11110,108,서울,2.78,13.6,-4.36,True,25.22,891.3,1.95,2062.6,2861.8,-0.89,-2.16,0.08,12.0,365,,이번 산출물에서 제외(사용자 요청) - 추후 국토지리정보원 자료로 보강 필요,ASOS 일자료 조회서비스 응답 항목에 토양수분 필드 자체가 없어 변수 제외,"최근접 관측소 매칭(중심점법:exact, 거리 2.78km)"
2020,서울특별시,종로구,11110,108,서울,2.78,13.27,-1.88,True,24.86,1651.1,2.36,1872.2,2684.3,0.35,-1.16,1.35,12.0,366,,이번 산출물에서 제외(사용자 요청) - 추후 국토지리정보원 자료로 보강 필요,ASOS 일자료 조회서비스 응답 항목에 토양수분 필드 자체가 없어 변수 제외,"최근접 관측소 매칭(중심점법:exact, 거리 2.78km)"
2021,서울특별시,종로구,11110,108,서울,2.78,13.75,-4.48,True,25.63,1186.5,2.31,2045.2,2899.6,0.07,-1.12,1.87,12.0,365,,이번 산출물에서 제외(사용자 요청) - 추후 국토지리정보원 자료로 보강 필요,ASOS 일자료 조회서비스 응답 항목에 토양수분 필드 자체가 없어 변수 제외,"최근접 관측소 매칭(중심점법:exact, 거리 2.78km)"
2022,서울특별시,종로구,11110,108,서울,2.78,13.3,-5.02,True,25.48,1775.3,2.37,2058.6,2907.0,0.37,-1.54,1.56,12.0,365,,이번 산출물에서 제외(사용자 요청) - 추후 국토지리정보원 자료로 보강 필요,ASOS 일자료 조회서비스 응답 항목에 토양수분 필드 자체가 없어 변수 제외,"최근접 관측소 매칭(중심점법:exact, 거리 2.78km)"
2023,서울특별시,종로구,11110,108,서울,2.78,14.11,-4.8,True,25.78,1598.8,2.27,2196.9,3040.7,0.34,-0.76,1.35,12.0,365,,이번 산출물에서 제외(사용자 요청) - 추후 국토지리정보원 자료로 보강 필요,ASOS 일자료 조회서비스 응답 항목에 토양수분 필드 자체가 없어 변수 제외,"최근접 관측소 매칭(중심점법:exact, 거리 2.78km)"
2024,서울특별시,종로구,11110,108,서울,2.78,14.88,-2.12,True,26.87,1311.4,2.31,2412.2,3260.6,0.34,-0.89,1.83,12.0,366,,이번 산출물에서 제외(사용자 요청) - 추후 국토지리정보원 자료로 보강 필요,ASOS 일자료 조회서비스 응답 항목에 토양수분 필드 자체가 없어 변수 제외,"최근접 관측소 매칭(중심점법:exact, 거리 2.78km)"
2025,서울특별시,종로구,11110,108,서울,2.78,14.15,-4.06,True,27.05,1582.4,2.33,2244.3,3073.0,0.25,-0.97,1.92,12.0,365,,이번 산출물에서 제외(사용자 요청) - 추후 국토지리정보원 자료로 보강 필요,ASOS 일자료 조회서비스 응답 항목에 토양수분 필드 자체가 없어 변수 제외,"최근접 관측소 매칭(중심점법:exact, 거리 2.78km)"
2016,서울특별시,중구,11140,108,서울,3.11,13.59,-4.34,True,25.97,991.7,2.28,2199.9,3030.6,-0.4,-1.7,0.62,11.0,366,,이번 산출물에서 제외(사용자 요청) - 추후 국토지리정보원 자료로 보강 필요,ASOS 일자료 조회서비스 응답 항목에 토양수분 필드 자체가 없어 변수 제외,"최근접 관측소 매칭(중심점법:exact, 거리 3.11km)"
2017,서울특별시,중구,11140,108,서울,3.11,13.07,-4.39,True,25.39,1233.2,2.21,2100.6,2899.3,-0.67,-1.85,0.88,12.0,365,,이번 산출물에서 제외(사용자 요청) - 추후 국토지리정보원 자료로 보강 필요,ASOS 일자료 조회서비스 응답 항목에 토양수분 필드 자체가 없어 변수 제외,"최근접 관측소 매칭(중심점법:exact, 거리 3.11km)"
2018,서울특별시,중구,11140,108,서울,3.11,13.0,-6.33,True,26.6,1284.1,1.73,2069.6,2878.0,0.19,-1.33,1.46,12.0,365,,이번 산출물에서 제외(사용자 요청) - 추후 국토지리정보원 자료로 보강 필요,ASOS 일자료 조회서비스 응답 항목에 토양수분 필드 자체가 없어 변수 제외,"최근접 관측소 매칭(중심점법:exact, 거리 3.11km)"
2019,서울특별시,중구,11140,108,서울,3.11,13.6,-4.36,True,25.22,891.3,1.95,2062.6,2861.8,-0.89,-2.16,0.08,12.0,365,,이번 산출물에서 제외(사용자 요청) - 추후 국토지리정보원 자료로 보강 필요,ASOS 일자료 조회서비스 응답 항목에 토양수분 필드 자체가 없어 변수 제외,"최근접 관측소 매칭(중심점법:exact, 거리 3.11km)"
2020,서울특별시,중구,11140,108,서울,3.11,13.27,-1.88,True,24.86,1651.1,2.36,1872.2,2684.3,0.35,-1.16,1.35,12.0,366,,이번 산출물에서 제외(사용자 요청) - 추후 국토지리정보원 자료로 보강 필요,ASOS 일자료 조회서비스 응답 항목에 토양수분 필드 자체가 없어 변수 제외,"최근접 관측소 매칭(중심점법:exact, 거리 3.11km)"
2021,서울특별시,중구,11140,108,서울,3.11,13.75,-4.48,True,25.63,1186.5,2.31,2045.2,2899.6,0.07,-1.12,1.87,12.0,365,,이번 산출물에서 제외(사용자 요청) - 추후 국토지리정보원 자료로 보강 필요,ASOS 일자료 조회서비스 응답 항목에 토양수분 필드 자체가 없어 변수 제외,"최근접 관측소 매칭(중심점법:exact, 거리 3.11km)"
2022,서울특별시,중구,11140,108,서울,3.11,13.3,-5.02,True,25.48,1775.3,2.37,2058.6,2907.0,0.37,-1.54,1.56,12.0,365,,이번 산출물에서 제외(사용자 요청) - 추후 국토지리정보원 자료로 보강 필요,ASOS 일자료 조회서비스 응답 항목에 토양수분 필드 자체가 없어 변수 제외,"최근접 관측소 매칭(중심점법:exact, 거리 3.11km)"
2023,서울특별시,중구,11140,108,서울,3.11,14.11,-4.8,True,25.78,1598.8,2.27,2196.9,3040.7,0.34,-0.76,1.35,12.0,365,,이번 산출물에서 제외(사용자 요청) - 추후 국토지리정보원 자료로 보강 필요,ASOS 일자료 조회서비스 응답 항목에 토양수분 필드 자체가 없어 변수 제외,"최근접 관측소 매칭(중심점법:exact, 거리 3.11km)"
2024,서울특별시,중구,11140,108,서울,3.11,14.88,-2.12,True,26.87,1311.4,2.31,2412.2,3260.6,0.34,-0.89,1.83,12.0,366,,이번 산출물에서 제외(사용자 요청) - 추후 국토지리정보원 자료로 보강 필요,ASOS 일자료 조회서비스 응답 항목에 토양수분 필드 자체가 없어 변수 제외,"최근접 관측소 매칭(중심점법:exact, 거리 3.11km)"
2025,서울특별시,중구,11140,108,서울,3.11,14.15,-4.06,True,27.05,1582.4,2.33,2244.3,3073.0,0.25,-0.97,1.92,12.0,365,,이번 산출물에서 제외(사용자 요청) - 추후 국토지리정보원 자료로 보강 필요,ASOS 일자료 조회서비스 응답 항목에 토양수분 필드 자체가 없어 변수 제외,"최근접 관측소 매칭(중심점법:exact, 거리 3.11km)"
2016,서울특별시,중랑구,11260,108,서울,11.59,13.59,-4.34,True,25.97,991.7,2.28,2199.9,3030.6,-0.4,-1.7,0.62,11.0,366,,이번 산출물에서 제외(사용자 요청) - 추후 국토지리정보원 자료로 보강 필요,ASOS 일자료 조회서비스 응답 항목에 토양수분 필드 자체가 없어 변수 제외,"최근접 관측소 매칭(중심점법:exact, 거리 11.59km)"
2017,서울특별시,중랑구,11260,108,서울,11.59,13.07,-4.39,True,25.39,1233.2,2.21,2100.6,2899.3,-0.67,-1.85,0.88,12.0,365,,이번 산출물에서 제외(사용자 요청) - 추후 국토지리정보원 자료로 보강 필요,ASOS 일자료 조회서비스 응답 항목에 토양수분 필드 자체가 없어 변수 제외,"최근접 관측소 매칭(중심점법:exact, 거리 11.59km)"
2018,서울특별시,중랑구,11260,108,서울,11.59,13.0,-6.33,True,26.6,1284.1,1.73,2069.6,2878.0,0.19,-1.33,1.46,12.0,365,,이번 산출물에서 제외(사용자 요청) - 추후 국토지리정보원 자료로 보강 필요,ASOS 일자료 조회서비스 응답 항목에 토양수분 필드 자체가 없어 변수 제외,"최근접 관측소 매칭(중심점법:exact, 거리 11.59km)"
2019,서울특별시,중랑구,11260,108,서울,11.59,13.6,-4.36,True,25.22,891.3,1.95,2062.6,2861.8,-0.89,-2.16,0.08,12.0,365,,이번 산출물에서 제외(사용자 요청) - 추후 국토지리정보원 자료로 보강 필요,ASOS 일자료 조회서비스 응답 항목에 토양수분 필드 자체가 없어 변수 제외,"최근접 관측소 매칭(중심점법:exact, 거리 11.59km)"
2020,서울특별시,중랑구,11260,108,서울,11.59,13.27,-1.88,True,24.86,1651.1,2.36,1872.2,2684.3,0.35,-1.16,1.35,12.0,366,,이번 산출물에서 제외(사용자 요청) - 추후 국토지리정보원 자료로 보강 필요,ASOS 일자료 조회서비스 응답 항목에 토양수분 필드 자체가 없어 변수 제외,"최근접 관측소 매칭(중심점법:exact, 거리 11.59km)"
2021,서울특별시,중랑구,11260,108,서울,11.59,13.75,-4.48,True,25.63,1186.5,2.31,2045.2,2899.6,0.07,-1.12,1.87,12.0,365,,이번 산출물에서 제외(사용자 요청) - 추후 국토지리정보원 자료로 보강 필요,ASOS 일자료 조회서비스 응답 항목에 토양수분 필드 자체가 없어 변수 제외,"최근접 관측소 매칭(중심점법:exact, 거리 11.59km)"
2022,서울특별시,중랑구,11260,108,서울,11.59,13.3,-5.02,True,25.48,1775.3,2.37,2058.6,2907.0,0.37,-1.54,1.56,12.0,365,,이번 산출물에서 제외(사용자 요청) - 추후 국토지리정보원 자료로 보강 필요,ASOS 일자료 조회서비스 응답 항목에 토양수분 필드 자체가 없어 변수 제외,"최근접 관측소 매칭(중심점법:exact, 거리 11.59km)"
2023,서울특별시,중랑구,11260,108,서울,11.59,14.11,-4.8,True,25.78,1598.8,2.27,2196.9,3040.7,0.34,-0.76,1.35,12.0,365,,이번 산출물에서 제외(사용자 요청) - 추후 국토지리정보원 자료로 보강 필요,ASOS 일자료 조회서비스 응답 항목에 토양수분 필드 자체가 없어 변수 제외,"최근접 관측소 매칭(중심점법:exact, 거리 11.59km)"
2024,서울특별시,중랑구,11260,108,서울,11.59,14.88,-2.12,True,26.87,1311.4,2.31,2412.2,3260.6,0.34,-0.89,1.83,12.0,366,,이번 산출물에서 제외(사용자 요청) - 추후 국토지리정보원 자료로 보강 필요,ASOS 일자료 조회서비스 응답 항목에 토양수분 필드 자체가 없어 변수 제외,"최근접 관측소 매칭(중심점법:exact, 거리 11.59km)"
2025,서울특별시,중랑구,11260,108,서울,11.59,14.15,-4.06,True,27.05,1582.4,2.33,2244.3,3073.0,0.25,-0.97,1.92,12.0,365,,이번 산출물에서 제외(사용자 요청) - 추후 국토지리정보원 자료로 보강 필요,ASOS 일자료 조회서비스 응답 항목에 토양수분 필드 자체가 없어 변수 제외,"최근접 관측소 매칭(중심점법:exact, 거리 11.59km)"
2016,세종특별자치시,세종시,36110,239,세종,8.51,,,False,,,,,,,,,,0,,이번 산출물에서 제외(사용자 요청) - 추후 국토지리정보원 자료로 보강 필요,ASOS 일자료 조회서비스 응답 항목에 토양수분 필드 자체가 없어 변수 제외,"최근접 관측소 매칭(중심점법:exact, 거리 8.51km)"
2017,세종특별자치시,세종시,36110,239,세종,8.51,,,False,,,,,,,,,,0,,이번 산출물에서 제외(사용자 요청) - 추후 국토지리정보원 자료로 보강 필요,ASOS 일자료 조회서비스 응답 항목에 토양수분 필드 자체가 없어 변수 제외,"최근접 관측소 매칭(중심점법:exact, 거리 8.51km)"
2018,세종특별자치시,세종시,36110,239,세종,8.51,,,False,,,,,,,,,,0,,이번 산출물에서 제외(사용자 요청) - 추후 국토지리정보원 자료로 보강 필요,ASOS 일자료 조회서비스 응답 항목에 토양수분 필드 자체가 없어 변수 제외,"최근접 관측소 매칭(중심점법:exact, 거리 8.51km)"
2019,세종특별자치시,세종시,36110,239,세종,8.51,17.21,,False,24.38,959.3,1.17,1654.6,2246.5,-0.42,-1.02,0.98,6.0,215,,이번 산출물에서 제외(사용자 요청) - 추후 국토지리정보원 자료로 보강 필요,ASOS 일자료 조회서비스 응답 항목에 토양수분 필드 자체가 없어 변수 제외,"최근접 관측소 매칭(중심점법:exact, 거리 8.51km)"
2020,세종특별자치시,세종시,36110,239,세종,8.51,13.1,-1.95,True,24.41,1685.8,1.38,1793.0,2580.1,0.26,-1.79,1.54,12.0,366,,이번 산출물에서 제외(사용자 요청) - 추후 국토지리정보원 자료로 보강 필요,ASOS 일자료 조회서비스 응답 항목에 토양수분 필드 자체가 없어 변수 제외,"최근접 관측소 매칭(중심점법:exact, 거리 8.51km)"
2021,세종특별자치시,세종시,36110,239,세종,8.51,13.53,-4.45,True,24.88,1104.6,1.36,1943.0,2772.7,-0.4,-1.29,1.37,12.0,365,,이번 산출물에서 제외(사용자 요청) - 추후 국토지리정보원 자료로 보강 필요,ASOS 일자료 조회서비스 응답 항목에 토양수분 필드 자체가 없어 변수 제외,"최근접 관측소 매칭(중심점법:exact, 거리 8.51km)"
2022,세종특별자치시,세종시,36110,239,세종,8.51,13.03,-5.17,True,25.03,1222.4,1.31,1969.7,2792.6,-0.57,-1.88,0.85,12.0,365,,이번 산출물에서 제외(사용자 요청) - 추후 국토지리정보원 자료로 보강 필요,ASOS 일자료 조회서비스 응답 항목에 토양수분 필드 자체가 없어 변수 제외,"최근접 관측소 매칭(중심점법:exact, 거리 8.51km)"
2023,세종특별자치시,세종시,36110,239,세종,8.51,13.87,-5.49,True,25.16,2103.3,1.44,2066.0,2910.9,0.4,-1.92,1.99,12.0,365,,이번 산출물에서 제외(사용자 요청) - 추후 국토지리정보원 자료로 보강 필요,ASOS 일자료 조회서비스 응답 항목에 토양수분 필드 자체가 없어 변수 제외,"최근접 관측소 매칭(중심점법:exact, 거리 8.51km)"
2024,세종특별자치시,세종시,36110,239,세종,8.51,14.52,-1.87,True,25.89,1462.8,1.4,2256.2,3102.0,0.37,-1.46,1.51,12.0,366,,이번 산출물에서 제외(사용자 요청) - 추후 국토지리정보원 자료로 보강 필요,ASOS 일자료 조회서비스 응답 항목에 토양수분 필드 자체가 없어 변수 제외,"최근접 관측소 매칭(중심점법:exact, 거리 8.51km)"
2025,세종특별자치시,세종시,36110,239,세종,8.51,13.76,-4.36,True,25.9,1412.7,1.29,2123.5,2933.4,0.13,-0.87,1.65,12.0,365,,이번 산출물에서 제외(사용자 요청) - 추후 국토지리정보원 자료로 보강 필요,ASOS 일자료 조회서비스 응답 항목에 토양수분 필드 자체가 없어 변수 제외,"최근접 관측소 매칭(중심점법:exact, 거리 8.51km)"
2016,울산광역시,남구,31140,152,울산,7.51,14.85,0.09,True,24.59,1693.9,2.07,2031.0,2926.2,0.81,-0.79,2.16,11.0,366,,이번 산출물에서 제외(사용자 요청) - 추후 국토지리정보원 자료로 보강 필요,ASOS 일자료 조회서비스 응답 항목에 토양수분 필드 자체가 없어 변수 제외,"최근접 관측소 매칭(중심점법:exact, 거리 7.51km)"
2017,울산광역시,남구,31140,152,울산,7.51,14.59,-0.33,True,24.77,671.4,2.23,2058.8,2901.0,-1.19,-2.31,0.7,12.0,365,,이번 산출물에서 제외(사용자 요청) - 추후 국토지리정보원 자료로 보강 필요,ASOS 일자료 조회서비스 응답 항목에 토양수분 필드 자체가 없어 변수 제외,"최근접 관측소 매칭(중심점법:exact, 거리 7.51km)"
2018,울산광역시,남구,31140,152,울산,7.51,14.38,-2.71,True,25.15,1416.1,2.21,2013.0,2900.5,0.32,-1.29,1.6,12.0,365,,이번 산출물에서 제외(사용자 요청) - 추후 국토지리정보원 자료로 보강 필요,ASOS 일자료 조회서비스 응답 항목에 토양수분 필드 자체가 없어 변수 제외,"최근접 관측소 매칭(중심점법:exact, 거리 7.51km)"
2019,울산광역시,남구,31140,152,울산,7.51,14.99,-0.13,True,24.0,1450.1,2.07,1998.6,2887.4,0.21,-1.03,1.07,12.0,365,,이번 산출물에서 제외(사용자 요청) - 추후 국토지리정보원 자료로 보강 필요,ASOS 일자료 조회서비스 응답 항목에 토양수분 필드 자체가 없어 변수 제외,"최근접 관측소 매칭(중심점법:exact, 거리 7.51km)"
2020,울산광역시,남구,31140,152,울산,7.51,14.62,1.36,True,24.17,1557.9,2.15,1890.0,2775.3,0.42,-1.36,1.79,12.0,366,,이번 산출물에서 제외(사용자 요청) - 추후 국토지리정보원 자료로 보강 필요,ASOS 일자료 조회서비스 응답 항목에 토양수분 필드 자체가 없어 변수 제외,"최근접 관측소 매칭(중심점법:exact, 거리 7.51km)"
2021,울산광역시,남구,31140,152,울산,7.51,14.93,-0.69,True,24.34,1337.0,2.05,2006.7,2934.8,0.05,-1.15,0.98,12.0,365,,이번 산출물에서 제외(사용자 요청) - 추후 국토지리정보원 자료로 보강 필요,ASOS 일자료 조회서비스 응답 항목에 토양수분 필드 자체가 없어 변수 제외,"최근접 관측소 매칭(중심점법:exact, 거리 7.51km)"
2022,울산광역시,남구,31140,152,울산,7.51,14.75,-1.17,True,24.95,926.1,2.08,2082.2,2989.0,-1.0,-1.95,-0.04,12.0,365,,이번 산출물에서 제외(사용자 요청) - 추후 국토지리정보원 자료로 보강 필요,ASOS 일자료 조회서비스 응답 항목에 토양수분 필드 자체가 없어 변수 제외,"최근접 관측소 매칭(중심점법:exact, 거리 7.51km)"
2023,울산광역시,남구,31140,152,울산,7.51,15.07,-1.26,True,24.9,1642.9,2.19,2075.1,3000.7,0.42,-0.82,1.58,12.0,365,,이번 산출물에서 제외(사용자 요청) - 추후 국토지리정보원 자료로 보강 필요,ASOS 일자료 조회서비스 응답 항목에 토양수분 필드 자체가 없어 변수 제외,"최근접 관측소 매칭(중심점법:exact, 거리 7.51km)"
2024,울산광역시,남구,31140,152,울산,7.51,15.56,0.75,True,25.86,1298.0,2.21,2275.1,3173.2,0.37,-0.64,1.46,12.0,366,,이번 산출물에서 제외(사용자 요청) - 추후 국토지리정보원 자료로 보강 필요,ASOS 일자료 조회서비스 응답 항목에 토양수분 필드 자체가 없어 변수 제외,"최근접 관측소 매칭(중심점법:exact, 거리 7.51km)"
2025,울산광역시,남구,31140,152,울산,7.51,15.06,-1.47,True,26.08,1162.0,2.14,2200.2,3070.2,-0.35,-1.18,0.74,12.0,365,,이번 산출물에서 제외(사용자 요청) - 추후 국토지리정보원 자료로 보강 필요,ASOS 일자료 조회서비스 응답 항목에 토양수분 필드 자체가 없어 변수 제외,"최근접 관측소 매칭(중심점법:exact, 거리 7.51km)"
2016,울산광역시,동구,31170,152,울산,10.41,14.85,0.09,True,24.59,1693.9,2.07,2031.0,2926.2,0.81,-0.79,2.16,11.0,366,,이번 산출물에서 제외(사용자 요청) - 추후 국토지리정보원 자료로 보강 필요,ASOS 일자료 조회서비스 응답 항목에 토양수분 필드 자체가 없어 변수 제외,"최근접 관측소 매칭(중심점법:exact, 거리 10.41km)"
2017,울산광역시,동구,31170,152,울산,10.41,14.59,-0.33,True,24.77,671.4,2.23,2058.8,2901.0,-1.19,-2.31,0.7,12.0,365,,이번 산출물에서 제외(사용자 요청) - 추후 국토지리정보원 자료로 보강 필요,ASOS 일자료 조회서비스 응답 항목에 토양수분 필드 자체가 없어 변수 제외,"최근접 관측소 매칭(중심점법:exact, 거리 10.41km)"
2018,울산광역시,동구,31170,152,울산,10.41,14.38,-2.71,True,25.15,1416.1,2.21,2013.0,2900.5,0.32,-1.29,1.6,12.0,365,,이번 산출물에서 제외(사용자 요청) - 추후 국토지리정보원 자료로 보강 필요,ASOS 일자료 조회서비스 응답 항목에 토양수분 필드 자체가 없어 변수 제외,"최근접 관측소 매칭(중심점법:exact, 거리 10.41km)"
2019,울산광역시,동구,31170,152,울산,10.41,14.99,-0.13,True,24.0,1450.1,2.07,1998.6,2887.4,0.21,-1.03,1.07,12.0,365,,이번 산출물에서 제외(사용자 요청) - 추후 국토지리정보원 자료로 보강 필요,ASOS 일자료 조회서비스 응답 항목에 토양수분 필드 자체가 없어 변수 제외,"최근접 관측소 매칭(중심점법:exact, 거리 10.41km)"
2020,울산광역시,동구,31170,152,울산,10.41,14.62,1.36,True,24.17,1557.9,2.15,1890.0,2775.3,0.42,-1.36,1.79,12.0,366,,이번 산출물에서 제외(사용자 요청) - 추후 국토지리정보원 자료로 보강 필요,ASOS 일자료 조회서비스 응답 항목에 토양수분 필드 자체가 없어 변수 제외,"최근접 관측소 매칭(중심점법:exact, 거리 10.41km)"
2021,울산광역시,동구,31170,152,울산,10.41,14.93,-0.69,True,24.34,1337.0,2.05,2006.7,2934.8,0.05,-1.15,0.98,12.0,365,,이번 산출물에서 제외(사용자 요청) - 추후 국토지리정보원 자료로 보강 필요,ASOS 일자료 조회서비스 응답 항목에 토양수분 필드 자체가 없어 변수 제외,"최근접 관측소 매칭(중심점법:exact, 거리 10.41km)"
2022,울산광역시,동구,31170,152,울산,10.41,14.75,-1.17,True,24.95,926.1,2.08,2082.2,2989.0,-1.0,-1.95,-0.04,12.0,365,,이번 산출물에서 제외(사용자 요청) - 추후 국토지리정보원 자료로 보강 필요,ASOS 일자료 조회서비스 응답 항목에 토양수분 필드 자체가 없어 변수 제외,"최근접 관측소 매칭(중심점법:exact, 거리 10.41km)"
2023,울산광역시,동구,31170,152,울산,10.41,15.07,-1.26,True,24.9,1642.9,2.19,2075.1,3000.7,0.42,-0.82,1.58,12.0,365,,이번 산출물에서 제외(사용자 요청) - 추후 국토지리정보원 자료로 보강 필요,ASOS 일자료 조회서비스 응답 항목에 토양수분 필드 자체가 없어 변수 제외,"최근접 관측소 매칭(중심점법:exact, 거리 10.41km)"
2024,울산광역시,동구,31170,152,울산,10.41,15.56,0.75,True,25.86,1298.0,2.21,2275.1,3173.2,0.37,-0.64,1.46,12.0,366,,이번 산출물에서 제외(사용자 요청) - 추후 국토지리정보원 자료로 보강 필요,ASOS 일자료 조회서비스 응답 항목에 토양수분 필드 자체가 없어 변수 제외,"최근접 관측소 매칭(중심점법:exact, 거리 10.41km)"
2025,울산광역시,동구,31170,152,울산,10.41,15.06,-1.47,True,26.08,1162.0,2.14,2200.2,3070.2,-0.35,-1.18,0.74,12.0,365,,이번 산출물에서 제외(사용자 요청) - 추후 국토지리정보원 자료로 보강 필요,ASOS 일자료 조회서비스 응답 항목에 토양수분 필드 자체가 없어 변수 제외,"최근접 관측소 매칭(중심점법:exact, 거리 10.41km)"
2016,울산광역시,북구,31200,152,울산,5.14,14.85,0.09,True,24.59,1693.9,2.07,2031.0,2926.2,0.81,-0.79,2.16,11.0,366,,이번 산출물에서 제외(사용자 요청) - 추후 국토지리정보원 자료로 보강 필요,ASOS 일자료 조회서비스 응답 항목에 토양수분 필드 자체가 없어 변수 제외,"최근접 관측소 매칭(중심점법:exact, 거리 5.14km)"
2017,울산광역시,북구,31200,152,울산,5.14,14.59,-0.33,True,24.77,671.4,2.23,2058.8,2901.0,-1.19,-2.31,0.7,12.0,365,,이번 산출물에서 제외(사용자 요청) - 추후 국토지리정보원 자료로 보강 필요,ASOS 일자료 조회서비스 응답 항목에 토양수분 필드 자체가 없어 변수 제외,"최근접 관측소 매칭(중심점법:exact, 거리 5.14km)"
2018,울산광역시,북구,31200,152,울산,5.14,14.38,-2.71,True,25.15,1416.1,2.21,2013.0,2900.5,0.32,-1.29,1.6,12.0,365,,이번 산출물에서 제외(사용자 요청) - 추후 국토지리정보원 자료로 보강 필요,ASOS 일자료 조회서비스 응답 항목에 토양수분 필드 자체가 없어 변수 제외,"최근접 관측소 매칭(중심점법:exact, 거리 5.14km)"
2019,울산광역시,북구,31200,152,울산,5.14,14.99,-0.13,True,24.0,1450.1,2.07,1998.6,2887.4,0.21,-1.03,1.07,12.0,365,,이번 산출물에서 제외(사용자 요청) - 추후 국토지리정보원 자료로 보강 필요,ASOS 일자료 조회서비스 응답 항목에 토양수분 필드 자체가 없어 변수 제외,"최근접 관측소 매칭(중심점법:exact, 거리 5.14km)"
2020,울산광역시,북구,31200,152,울산,5.14,14.62,1.36,True,24.17,1557.9,2.15,1890.0,2775.3,0.42,-1.36,1.79,12.0,366,,이번 산출물에서 제외(사용자 요청) - 추후 국토지리정보원 자료로 보강 필요,ASOS 일자료 조회서비스 응답 항목에 토양수분 필드 자체가 없어 변수 제외,"최근접 관측소 매칭(중심점법:exact, 거리 5.14km)"
2021,울산광역시,북구,31200,152,울산,5.14,14.93,-0.69,True,24.34,1337.0,2.05,2006.7,2934.8,0.05,-1.15,0.98,12.0,365,,이번 산출물에서 제외(사용자 요청) - 추후 국토지리정보원 자료로 보강 필요,ASOS 일자료 조회서비스 응답 항목에 토양수분 필드 자체가 없어 변수 제외,"최근접 관측소 매칭(중심점법:exact, 거리 5.14km)"
2022,울산광역시,북구,31200,152,울산,5.14,14.75,-1.17,True,24.95,926.1,2.08,2082.2,2989.0,-1.0,-1.95,-0.04,12.0,365,,이번 산출물에서 제외(사용자 요청) - 추후 국토지리정보원 자료로 보강 필요,ASOS 일자료 조회서비스 응답 항목에 토양수분 필드 자체가 없어 변수 제외,"최근접 관측소 매칭(중심점법:exact, 거리 5.14km)"
2023,울산광역시,북구,31200,152,울산,5.14,15.07,-1.26,True,24.9,1642.9,2.19,2075.1,3000.7,0.42,-0.82,1.58,12.0,365,,이번 산출물에서 제외(사용자 요청) - 추후 국토지리정보원 자료로 보강 필요,ASOS 일자료 조회서비스 응답 항목에 토양수분 필드 자체가 없어 변수 제외,"최근접 관측소 매칭(중심점법:exact, 거리 5.14km)"
2024,울산광역시,북구,31200,152,울산,5.14,15.56,0.75,True,25.86,1298.0,2.21,2275.1,3173.2,0.37,-0.64,1.46,12.0,366,,이번 산출물에서 제외(사용자 요청) - 추후 국토지리정보원 자료로 보강 필요,ASOS 일자료 조회서비스 응답 항목에 토양수분 필드 자체가 없어 변수 제외,"최근접 관측소 매칭(중심점법:exact, 거리 5.14km)"
2025,울산광역시,북구,31200,152,울산,5.14,15.06,-1.47,True,26.08,1162.0,2.14,2200.2,3070.2,-0.35,-1.18,0.74,12.0,365,,이번 산출물에서 제외(사용자 요청) - 추후 국토지리정보원 자료로 보강 필요,ASOS 일자료 조회서비스 응답 항목에 토양수분 필드 자체가 없어 변수 제외,"최근접 관측소 매칭(중심점법:exact, 거리 5.14km)"
2016,울산광역시,울주군,31710,152,울산,13.91,14.85,0.09,True,24.59,1693.9,2.07,2031.0,2926.2,0.81,-0.79,2.16,11.0,366,,이번 산출물에서 제외(사용자 요청) - 추후 국토지리정보원 자료로 보강 필요,ASOS 일자료 조회서비스 응답 항목에 토양수분 필드 자체가 없어 변수 제외,"최근접 관측소 매칭(중심점법:exact, 거리 13.91km)"
2017,울산광역시,울주군,31710,152,울산,13.91,14.59,-0.33,True,24.77,671.4,2.23,2058.8,2901.0,-1.19,-2.31,0.7,12.0,365,,이번 산출물에서 제외(사용자 요청) - 추후 국토지리정보원 자료로 보강 필요,ASOS 일자료 조회서비스 응답 항목에 토양수분 필드 자체가 없어 변수 제외,"최근접 관측소 매칭(중심점법:exact, 거리 13.91km)"
2018,울산광역시,울주군,31710,152,울산,13.91,14.38,-2.71,True,25.15,1416.1,2.21,2013.0,2900.5,0.32,-1.29,1.6,12.0,365,,이번 산출물에서 제외(사용자 요청) - 추후 국토지리정보원 자료로 보강 필요,ASOS 일자료 조회서비스 응답 항목에 토양수분 필드 자체가 없어 변수 제외,"최근접 관측소 매칭(중심점법:exact, 거리 13.91km)"
2019,울산광역시,울주군,31710,152,울산,13.91,14.99,-0.13,True,24.0,1450.1,2.07,1998.6,2887.4,0.21,-1.03,1.07,12.0,365,,이번 산출물에서 제외(사용자 요청) - 추후 국토지리정보원 자료로 보강 필요,ASOS 일자료 조회서비스 응답 항목에 토양수분 필드 자체가 없어 변수 제외,"최근접 관측소 매칭(중심점법:exact, 거리 13.91km)"
2020,울산광역시,울주군,31710,152,울산,13.91,14.62,1.36,True,24.17,1557.9,2.15,1890.0,2775.3,0.42,-1.36,1.79,12.0,366,,이번 산출물에서 제외(사용자 요청) - 추후 국토지리정보원 자료로 보강 필요,ASOS 일자료 조회서비스 응답 항목에 토양수분 필드 자체가 없어 변수 제외,"최근접 관측소 매칭(중심점법:exact, 거리 13.91km)"
2021,울산광역시,울주군,31710,152,울산,13.91,14.93,-0.69,True,24.34,1337.0,2.05,2006.7,2934.8,0.05,-1.15,0.98,12.0,365,,이번 산출물에서 제외(사용자 요청) - 추후 국토지리정보원 자료로 보강 필요,ASOS 일자료 조회서비스 응답 항목에 토양수분 필드 자체가 없어 변수 제외,"최근접 관측소 매칭(중심점법:exact, 거리 13.91km)"
2022,울산광역시,울주군,31710,152,울산,13.91,14.75,-1.17,True,24.95,926.1,2.08,2082.2,2989.0,-1.0,-1.95,-0.04,12.0,365,,이번 산출물에서 제외(사용자 요청) - 추후 국토지리정보원 자료로 보강 필요,ASOS 일자료 조회서비스 응답 항목에 토양수분 필드 자체가 없어 변수 제외,"최근접 관측소 매칭(중심점법:exact, 거리 13.91km)"
2023,울산광역시,울주군,31710,152,울산,13.91,15.07,-1.26,True,24.9,1642.9,2.19,2075.1,3000.7,0.42,-0.82,1.58,12.0,365,,이번 산출물에서 제외(사용자 요청) - 추후 국토지리정보원 자료로 보강 필요,ASOS 일자료 조회서비스 응답 항목에 토양수분 필드 자체가 없어 변수 제외,"최근접 관측소 매칭(중심점법:exact, 거리 13.91km)"
2024,울산광역시,울주군,31710,152,울산,13.91,15.56,0.75,True,25.86,1298.0,2.21,2275.1,3173.2,0.37,-0.64,1.46,12.0,366,,이번 산출물에서 제외(사용자 요청) - 추후 국토지리정보원 자료로 보강 필요,ASOS 일자료 조회서비스 응답 항목에 토양수분 필드 자체가 없어 변수 제외,"최근접 관측소 매칭(중심점법:exact, 거리 13.91km)"
2025,울산광역시,울주군,31710,152,울산,13.91,15.06,-1.47,True,26.08,1162.0,2.14,2200.2,3070.2,-0.35,-1.18,0.74,12.0,365,,이번 산출물에서 제외(사용자 요청) - 추후 국토지리정보원 자료로 보강 필요,ASOS 일자료 조회서비스 응답 항목에 토양수분 필드 자체가 없어 변수 제외,"최근접 관측소 매칭(중심점법:exact, 거리 13.91km)"
2016,울산광역시,중구,31110,152,울산,2.69,14.85,0.09,True,24.59,1693.9,2.07,2031.0,2926.2,0.81,-0.79,2.16,11.0,366,,이번 산출물에서 제외(사용자 요청) - 추후 국토지리정보원 자료로 보강 필요,ASOS 일자료 조회서비스 응답 항목에 토양수분 필드 자체가 없어 변수 제외,"최근접 관측소 매칭(중심점법:exact, 거리 2.69km)"
2017,울산광역시,중구,31110,152,울산,2.69,14.59,-0.33,True,24.77,671.4,2.23,2058.8,2901.0,-1.19,-2.31,0.7,12.0,365,,이번 산출물에서 제외(사용자 요청) - 추후 국토지리정보원 자료로 보강 필요,ASOS 일자료 조회서비스 응답 항목에 토양수분 필드 자체가 없어 변수 제외,"최근접 관측소 매칭(중심점법:exact, 거리 2.69km)"
2018,울산광역시,중구,31110,152,울산,2.69,14.38,-2.71,True,25.15,1416.1,2.21,2013.0,2900.5,0.32,-1.29,1.6,12.0,365,,이번 산출물에서 제외(사용자 요청) - 추후 국토지리정보원 자료로 보강 필요,ASOS 일자료 조회서비스 응답 항목에 토양수분 필드 자체가 없어 변수 제외,"최근접 관측소 매칭(중심점법:exact, 거리 2.69km)"
2019,울산광역시,중구,31110,152,울산,2.69,14.99,-0.13,True,24.0,1450.1,2.07,1998.6,2887.4,0.21,-1.03,1.07,12.0,365,,이번 산출물에서 제외(사용자 요청) - 추후 국토지리정보원 자료로 보강 필요,ASOS 일자료 조회서비스 응답 항목에 토양수분 필드 자체가 없어 변수 제외,"최근접 관측소 매칭(중심점법:exact, 거리 2.69km)"
2020,울산광역시,중구,31110,152,울산,2.69,14.62,1.36,True,24.17,1557.9,2.15,1890.0,2775.3,0.42,-1.36,1.79,12.0,366,,이번 산출물에서 제외(사용자 요청) - 추후 국토지리정보원 자료로 보강 필요,ASOS 일자료 조회서비스 응답 항목에 토양수분 필드 자체가 없어 변수 제외,"최근접 관측소 매칭(중심점법:exact, 거리 2.69km)"
2021,울산광역시,중구,31110,152,울산,2.69,14.93,-0.69,True,24.34,1337.0,2.05,2006.7,2934.8,0.05,-1.15,0.98,12.0,365,,이번 산출물에서 제외(사용자 요청) - 추후 국토지리정보원 자료로 보강 필요,ASOS 일자료 조회서비스 응답 항목에 토양수분 필드 자체가 없어 변수 제외,"최근접 관측소 매칭(중심점법:exact, 거리 2.69km)"
2022,울산광역시,중구,31110,152,울산,2.69,14.75,-1.17,True,24.95,926.1,2.08,2082.2,2989.0,-1.0,-1.95,-0.04,12.0,365,,이번 산출물에서 제외(사용자 요청) - 추후 국토지리정보원 자료로 보강 필요,ASOS 일자료 조회서비스 응답 항목에 토양수분 필드 자체가 없어 변수 제외,"최근접 관측소 매칭(중심점법:exact, 거리 2.69km)"
2023,울산광역시,중구,31110,152,울산,2.69,15.07,-1.26,True,24.9,1642.9,2.19,2075.1,3000.7,0.42,-0.82,1.58,12.0,365,,이번 산출물에서 제외(사용자 요청) - 추후 국토지리정보원 자료로 보강 필요,ASOS 일자료 조회서비스 응답 항목에 토양수분 필드 자체가 없어 변수 제외,"최근접 관측소 매칭(중심점법:exact, 거리 2.69km)"
2024,울산광역시,중구,31110,152,울산,2.69,15.56,0.75,True,25.86,1298.0,2.21,2275.1,3173.2,0.37,-0.64,1.46,12.0,366,,이번 산출물에서 제외(사용자 요청) - 추후 국토지리정보원 자료로 보강 필요,ASOS 일자료 조회서비스 응답 항목에 토양수분 필드 자체가 없어 변수 제외,"최근접 관측소 매칭(중심점법:exact, 거리 2.69km)"
2025,울산광역시,중구,31110,152,울산,2.69,15.06,-1.47,True,26.08,1162.0,2.14,2200.2,3070.2,-0.35,-1.18,0.74,12.0,365,,이번 산출물에서 제외(사용자 요청) - 추후 국토지리정보원 자료로 보강 필요,ASOS 일자료 조회서비스 응답 항목에 토양수분 필드 자체가 없어 변수 제외,"최근접 관측소 매칭(중심점법:exact, 거리 2.69km)"
2016,인천광역시,강화군,28710,201,강화,3.77,12.18,-6.16,True,23.99,1100.9,2.03,1763.4,2547.0,0.03,-1.52,1.42,11.0,366,,이번 산출물에서 제외(사용자 요청) - 추후 국토지리정보원 자료로 보강 필요,ASOS 일자료 조회서비스 응답 항목에 토양수분 필드 자체가 없어 변수 제외,"최근접 관측소 매칭(중심점법:exact, 거리 3.77km)"
2017,인천광역시,강화군,28710,201,강화,3.77,11.57,-5.78,True,23.55,809.3,2.06,1643.4,2399.8,-0.95,-2.27,0.46,12.0,365,,이번 산출물에서 제외(사용자 요청) - 추후 국토지리정보원 자료로 보강 필요,ASOS 일자료 조회서비스 응답 항목에 토양수분 필드 자체가 없어 변수 제외,"최근접 관측소 매칭(중심점법:exact, 거리 3.77km)"
2018,인천광역시,강화군,28710,201,강화,3.77,11.39,-8.67,True,24.28,1072.3,2.01,1625.6,2383.1,-0.21,-1.32,0.78,12.0,365,,이번 산출물에서 제외(사용자 요청) - 추후 국토지리정보원 자료로 보강 필요,ASOS 일자료 조회서비스 응답 항목에 토양수분 필드 자체가 없어 변수 제외,"최근접 관측소 매칭(중심점법:exact, 거리 3.77km)"
2019,인천광역시,강화군,28710,201,강화,3.77,12.18,-6.58,True,23.6,1079.3,1.98,1670.5,2410.1,-0.61,-1.86,1.32,12.0,365,,이번 산출물에서 제외(사용자 요청) - 추후 국토지리정보원 자료로 보강 필요,ASOS 일자료 조회서비스 응답 항목에 토양수분 필드 자체가 없어 변수 제외,"최근접 관측소 매칭(중심점법:exact, 거리 3.77km)"
2020,인천광역시,강화군,28710,201,강화,3.77,11.92,-3.76,True,23.04,1436.9,2.0,1518.4,2257.0,0.36,-1.6,1.54,12.0,366,,이번 산출물에서 제외(사용자 요청) - 추후 국토지리정보원 자료로 보강 필요,ASOS 일자료 조회서비스 응답 항목에 토양수분 필드 자체가 없어 변수 제외,"최근접 관측소 매칭(중심점법:exact, 거리 3.77km)"
2021,인천광역시,강화군,28710,201,강화,3.77,12.31,-6.34,True,23.82,1013.6,1.82,1711.2,2474.9,-0.2,-1.79,1.67,12.0,365,,이번 산출물에서 제외(사용자 요청) - 추후 국토지리정보원 자료로 보강 필요,ASOS 일자료 조회서비스 응답 항목에 토양수분 필드 자체가 없어 변수 제외,"최근접 관측소 매칭(중심점법:exact, 거리 3.77km)"
2022,인천광역시,강화군,28710,201,강화,3.77,11.56,-7.16,True,23.67,1561.8,1.87,1623.9,2389.8,0.39,-1.46,1.4,12.0,365,,이번 산출물에서 제외(사용자 요청) - 추후 국토지리정보원 자료로 보강 필요,ASOS 일자료 조회서비스 응답 항목에 토양수분 필드 자체가 없어 변수 제외,"최근접 관측소 매칭(중심점법:exact, 거리 3.77km)"
2023,인천광역시,강화군,28710,201,강화,3.77,12.19,-7.2,True,23.62,1377.3,1.84,1725.4,2497.2,0.24,-0.83,1.12,12.0,365,,이번 산출물에서 제외(사용자 요청) - 추후 국토지리정보원 자료로 보강 필요,ASOS 일자료 조회서비스 응답 항목에 토양수분 필드 자체가 없어 변수 제외,"최근접 관측소 매칭(중심점법:exact, 거리 3.77km)"
2024,인천광역시,강화군,28710,201,강화,3.77,12.97,-4.36,True,24.51,1339.5,1.9,1870.6,2683.2,0.46,-0.89,1.92,12.0,366,,이번 산출물에서 제외(사용자 요청) - 추후 국토지리정보원 자료로 보강 필요,ASOS 일자료 조회서비스 응답 항목에 토양수분 필드 자체가 없어 변수 제외,"최근접 관측소 매칭(중심점법:exact, 거리 3.77km)"
2025,인천광역시,강화군,28710,201,강화,3.77,12.21,-6.57,True,24.47,1476.7,1.9,1768.0,2521.4,0.51,-0.3,1.52,12.0,365,,이번 산출물에서 제외(사용자 요청) - 추후 국토지리정보원 자료로 보강 필요,ASOS 일자료 조회서비스 응답 항목에 토양수분 필드 자체가 없어 변수 제외,"최근접 관측소 매칭(중심점법:exact, 거리 3.77km)"
2016,인천광역시,계양구,28245,112,인천,13.19,13.33,-2.78,True,24.9,864.3,3.09,2009.0,2822.9,-0.34,-1.92,0.83,11.0,366,,이번 산출물에서 제외(사용자 요청) - 추후 국토지리정보원 자료로 보강 필요,ASOS 일자료 조회서비스 응답 항목에 토양수분 필드 자체가 없어 변수 제외,"최근접 관측소 매칭(중심점법:exact, 거리 13.19km)"
2017,인천광역시,계양구,28245,112,인천,13.19,12.6,-2.8,True,24.34,1028.9,3.14,1863.5,2647.8,-0.58,-1.99,0.84,12.0,365,,이번 산출물에서 제외(사용자 요청) - 추후 국토지리정보원 자료로 보강 필요,ASOS 일자료 조회서비스 응답 항목에 토양수분 필드 자체가 없어 변수 제외,"최근접 관측소 매칭(중심점법:exact, 거리 13.19km)"
2018,인천광역시,계양구,28245,112,인천,13.19,12.58,-5.49,True,25.36,1134.4,3.05,1875.6,2678.8,0.28,-1.29,1.62,12.0,365,,이번 산출물에서 제외(사용자 요청) - 추후 국토지리정보원 자료로 보강 필요,ASOS 일자료 조회서비스 응답 항목에 토양수분 필드 자체가 없어 변수 제외,"최근접 관측소 매칭(중심점법:exact, 거리 13.19km)"
2019,인천광역시,계양구,28245,112,인천,13.19,13.25,-3.3,True,24.4,919.5,2.93,1906.4,2692.3,-0.71,-1.87,0.88,12.0,365,,이번 산출물에서 제외(사용자 요청) - 추후 국토지리정보원 자료로 보강 필요,ASOS 일자료 조회서비스 응답 항목에 토양수분 필드 자체가 없어 변수 제외,"최근접 관측소 매칭(중심점법:exact, 거리 13.19km)"
2020,인천광역시,계양구,28245,112,인천,13.19,12.86,-1.03,True,23.63,1311.9,3.09,1691.7,2483.2,0.17,-1.77,1.6,12.0,366,,이번 산출물에서 제외(사용자 요청) - 추후 국토지리정보원 자료로 보강 필요,ASOS 일자료 조회서비스 응답 항목에 토양수분 필드 자체가 없어 변수 제외,"최근접 관측소 매칭(중심점법:exact, 거리 13.19km)"
2021,인천광역시,계양구,28245,112,인천,13.19,13.41,-3.69,True,24.82,1071.8,2.88,1907.4,2726.2,-0.0,-1.64,1.67,12.0,365,,이번 산출물에서 제외(사용자 요청) - 추후 국토지리정보원 자료로 보강 필요,ASOS 일자료 조회서비스 응답 항목에 토양수분 필드 자체가 없어 변수 제외,"최근접 관측소 매칭(중심점법:exact, 거리 13.19km)"
2022,인천광역시,계양구,28245,112,인천,13.19,12.59,-4.14,True,24.37,1620.5,2.86,1838.6,2670.8,0.37,-1.76,1.85,12.0,365,,이번 산출물에서 제외(사용자 요청) - 추후 국토지리정보원 자료로 보강 필요,ASOS 일자료 조회서비스 응답 항목에 토양수분 필드 자체가 없어 변수 제외,"최근접 관측소 매칭(중심점법:exact, 거리 13.19km)"
2023,인천광역시,계양구,28245,112,인천,13.19,13.46,-4.32,True,24.71,1331.4,2.6,2012.2,2827.2,0.2,-1.03,1.39,12.0,365,,이번 산출물에서 제외(사용자 요청) - 추후 국토지리정보원 자료로 보강 필요,ASOS 일자료 조회서비스 응답 항목에 토양수분 필드 자체가 없어 변수 제외,"최근접 관측소 매칭(중심점법:exact, 거리 13.19km)"
2024,인천광역시,계양구,28245,112,인천,13.19,14.25,-1.86,True,25.77,1060.8,2.63,2199.3,3038.3,0.24,-0.75,1.62,12.0,366,,이번 산출물에서 제외(사용자 요청) - 추후 국토지리정보원 자료로 보강 필요,ASOS 일자료 조회서비스 응답 항목에 토양수분 필드 자체가 없어 변수 제외,"최근접 관측소 매칭(중심점법:exact, 거리 13.19km)"
2025,인천광역시,계양구,28245,112,인천,13.19,13.44,-3.55,True,25.65,1478.6,2.72,2018.4,2825.8,0.35,-1.3,1.66,12.0,365,,이번 산출물에서 제외(사용자 요청) - 추후 국토지리정보원 자료로 보강 필요,ASOS 일자료 조회서비스 응답 항목에 토양수분 필드 자체가 없어 변수 제외,"최근접 관측소 매칭(중심점법:exact, 거리 13.19km)"
2016,인천광역시,남동구,28200,112,인천,10.35,13.33,-2.78,True,24.9,864.3,3.09,2009.0,2822.9,-0.34,-1.92,0.83,11.0,366,,이번 산출물에서 제외(사용자 요청) - 추후 국토지리정보원 자료로 보강 필요,ASOS 일자료 조회서비스 응답 항목에 토양수분 필드 자체가 없어 변수 제외,"최근접 관측소 매칭(중심점법:exact, 거리 10.35km)"
2017,인천광역시,남동구,28200,112,인천,10.35,12.6,-2.8,True,24.34,1028.9,3.14,1863.5,2647.8,-0.58,-1.99,0.84,12.0,365,,이번 산출물에서 제외(사용자 요청) - 추후 국토지리정보원 자료로 보강 필요,ASOS 일자료 조회서비스 응답 항목에 토양수분 필드 자체가 없어 변수 제외,"최근접 관측소 매칭(중심점법:exact, 거리 10.35km)"
2018,인천광역시,남동구,28200,112,인천,10.35,12.58,-5.49,True,25.36,1134.4,3.05,1875.6,2678.8,0.28,-1.29,1.62,12.0,365,,이번 산출물에서 제외(사용자 요청) - 추후 국토지리정보원 자료로 보강 필요,ASOS 일자료 조회서비스 응답 항목에 토양수분 필드 자체가 없어 변수 제외,"최근접 관측소 매칭(중심점법:exact, 거리 10.35km)"
2019,인천광역시,남동구,28200,112,인천,10.35,13.25,-3.3,True,24.4,919.5,2.93,1906.4,2692.3,-0.71,-1.87,0.88,12.0,365,,이번 산출물에서 제외(사용자 요청) - 추후 국토지리정보원 자료로 보강 필요,ASOS 일자료 조회서비스 응답 항목에 토양수분 필드 자체가 없어 변수 제외,"최근접 관측소 매칭(중심점법:exact, 거리 10.35km)"
2020,인천광역시,남동구,28200,112,인천,10.35,12.86,-1.03,True,23.63,1311.9,3.09,1691.7,2483.2,0.17,-1.77,1.6,12.0,366,,이번 산출물에서 제외(사용자 요청) - 추후 국토지리정보원 자료로 보강 필요,ASOS 일자료 조회서비스 응답 항목에 토양수분 필드 자체가 없어 변수 제외,"최근접 관측소 매칭(중심점법:exact, 거리 10.35km)"
2021,인천광역시,남동구,28200,112,인천,10.35,13.41,-3.69,True,24.82,1071.8,2.88,1907.4,2726.2,-0.0,-1.64,1.67,12.0,365,,이번 산출물에서 제외(사용자 요청) - 추후 국토지리정보원 자료로 보강 필요,ASOS 일자료 조회서비스 응답 항목에 토양수분 필드 자체가 없어 변수 제외,"최근접 관측소 매칭(중심점법:exact, 거리 10.35km)"
2022,인천광역시,남동구,28200,112,인천,10.35,12.59,-4.14,True,24.37,1620.5,2.86,1838.6,2670.8,0.37,-1.76,1.85,12.0,365,,이번 산출물에서 제외(사용자 요청) - 추후 국토지리정보원 자료로 보강 필요,ASOS 일자료 조회서비스 응답 항목에 토양수분 필드 자체가 없어 변수 제외,"최근접 관측소 매칭(중심점법:exact, 거리 10.35km)"
2023,인천광역시,남동구,28200,112,인천,10.35,13.46,-4.32,True,24.71,1331.4,2.6,2012.2,2827.2,0.2,-1.03,1.39,12.0,365,,이번 산출물에서 제외(사용자 요청) - 추후 국토지리정보원 자료로 보강 필요,ASOS 일자료 조회서비스 응답 항목에 토양수분 필드 자체가 없어 변수 제외,"최근접 관측소 매칭(중심점법:exact, 거리 10.35km)"
2024,인천광역시,남동구,28200,112,인천,10.35,14.25,-1.86,True,25.77,1060.8,2.63,2199.3,3038.3,0.24,-0.75,1.62,12.0,366,,이번 산출물에서 제외(사용자 요청) - 추후 국토지리정보원 자료로 보강 필요,ASOS 일자료 조회서비스 응답 항목에 토양수분 필드 자체가 없어 변수 제외,"최근접 관측소 매칭(중심점법:exact, 거리 10.35km)"
2025,인천광역시,남동구,28200,112,인천,10.35,13.44,-3.55,True,25.65,1478.6,2.72,2018.4,2825.8,0.35,-1.3,1.66,12.0,365,,이번 산출물에서 제외(사용자 요청) - 추후 국토지리정보원 자료로 보강 필요,ASOS 일자료 조회서비스 응답 항목에 토양수분 필드 자체가 없어 변수 제외,"최근접 관측소 매칭(중심점법:exact, 거리 10.35km)"
2016,인천광역시,동구,28140,112,인천,1.5,13.33,-2.78,True,24.9,864.3,3.09,2009.0,2822.9,-0.34,-1.92,0.83,11.0,366,,이번 산출물에서 제외(사용자 요청) - 추후 국토지리정보원 자료로 보강 필요,ASOS 일자료 조회서비스 응답 항목에 토양수분 필드 자체가 없어 변수 제외,"최근접 관측소 매칭(중심점법:exact, 거리 1.5km)"
2017,인천광역시,동구,28140,112,인천,1.5,12.6,-2.8,True,24.34,1028.9,3.14,1863.5,2647.8,-0.58,-1.99,0.84,12.0,365,,이번 산출물에서 제외(사용자 요청) - 추후 국토지리정보원 자료로 보강 필요,ASOS 일자료 조회서비스 응답 항목에 토양수분 필드 자체가 없어 변수 제외,"최근접 관측소 매칭(중심점법:exact, 거리 1.5km)"
2018,인천광역시,동구,28140,112,인천,1.5,12.58,-5.49,True,25.36,1134.4,3.05,1875.6,2678.8,0.28,-1.29,1.62,12.0,365,,이번 산출물에서 제외(사용자 요청) - 추후 국토지리정보원 자료로 보강 필요,ASOS 일자료 조회서비스 응답 항목에 토양수분 필드 자체가 없어 변수 제외,"최근접 관측소 매칭(중심점법:exact, 거리 1.5km)"
2019,인천광역시,동구,28140,112,인천,1.5,13.25,-3.3,True,24.4,919.5,2.93,1906.4,2692.3,-0.71,-1.87,0.88,12.0,365,,이번 산출물에서 제외(사용자 요청) - 추후 국토지리정보원 자료로 보강 필요,ASOS 일자료 조회서비스 응답 항목에 토양수분 필드 자체가 없어 변수 제외,"최근접 관측소 매칭(중심점법:exact, 거리 1.5km)"
2020,인천광역시,동구,28140,112,인천,1.5,12.86,-1.03,True,23.63,1311.9,3.09,1691.7,2483.2,0.17,-1.77,1.6,12.0,366,,이번 산출물에서 제외(사용자 요청) - 추후 국토지리정보원 자료로 보강 필요,ASOS 일자료 조회서비스 응답 항목에 토양수분 필드 자체가 없어 변수 제외,"최근접 관측소 매칭(중심점법:exact, 거리 1.5km)"
2021,인천광역시,동구,28140,112,인천,1.5,13.41,-3.69,True,24.82,1071.8,2.88,1907.4,2726.2,-0.0,-1.64,1.67,12.0,365,,이번 산출물에서 제외(사용자 요청) - 추후 국토지리정보원 자료로 보강 필요,ASOS 일자료 조회서비스 응답 항목에 토양수분 필드 자체가 없어 변수 제외,"최근접 관측소 매칭(중심점법:exact, 거리 1.5km)"
2022,인천광역시,동구,28140,112,인천,1.5,12.59,-4.14,True,24.37,1620.5,2.86,1838.6,2670.8,0.37,-1.76,1.85,12.0,365,,이번 산출물에서 제외(사용자 요청) - 추후 국토지리정보원 자료로 보강 필요,ASOS 일자료 조회서비스 응답 항목에 토양수분 필드 자체가 없어 변수 제외,"최근접 관측소 매칭(중심점법:exact, 거리 1.5km)"
2023,인천광역시,동구,28140,112,인천,1.5,13.46,-4.32,True,24.71,1331.4,2.6,2012.2,2827.2,0.2,-1.03,1.39,12.0,365,,이번 산출물에서 제외(사용자 요청) - 추후 국토지리정보원 자료로 보강 필요,ASOS 일자료 조회서비스 응답 항목에 토양수분 필드 자체가 없어 변수 제외,"최근접 관측소 매칭(중심점법:exact, 거리 1.5km)"
2024,인천광역시,동구,28140,112,인천,1.5,14.25,-1.86,True,25.77,1060.8,2.63,2199.3,3038.3,0.24,-0.75,1.62,12.0,366,,이번 산출물에서 제외(사용자 요청) - 추후 국토지리정보원 자료로 보강 필요,ASOS 일자료 조회서비스 응답 항목에 토양수분 필드 자체가 없어 변수 제외,"최근접 관측소 매칭(중심점법:exact, 거리 1.5km)"
2025,인천광역시,동구,28140,112,인천,1.5,13.44,-3.55,True,25.65,1478.6,2.72,2018.4,2825.8,0.35,-1.3,1.66,12.0,365,,이번 산출물에서 제외(사용자 요청) - 추후 국토지리정보원 자료로 보강 필요,ASOS 일자료 조회서비스 응답 항목에 토양수분 필드 자체가 없어 변수 제외,"최근접 관측소 매칭(중심점법:exact, 거리 1.5km)"
2016,인천광역시,미추홀구,28177,112,인천,4.54,13.33,-2.78,True,24.9,864.3,3.09,2009.0,2822.9,-0.34,-1.92,0.83,11.0,366,,이번 산출물에서 제외(사용자 요청) - 추후 국토지리정보원 자료로 보강 필요,ASOS 일자료 조회서비스 응답 항목에 토양수분 필드 자체가 없어 변수 제외,"최근접 관측소 매칭(중심점법:exact(보정), 거리 4.54km)"
2017,인천광역시,미추홀구,28177,112,인천,4.54,12.6,-2.8,True,24.34,1028.9,3.14,1863.5,2647.8,-0.58,-1.99,0.84,12.0,365,,이번 산출물에서 제외(사용자 요청) - 추후 국토지리정보원 자료로 보강 필요,ASOS 일자료 조회서비스 응답 항목에 토양수분 필드 자체가 없어 변수 제외,"최근접 관측소 매칭(중심점법:exact(보정), 거리 4.54km)"
2018,인천광역시,미추홀구,28177,112,인천,4.54,12.58,-5.49,True,25.36,1134.4,3.05,1875.6,2678.8,0.28,-1.29,1.62,12.0,365,,이번 산출물에서 제외(사용자 요청) - 추후 국토지리정보원 자료로 보강 필요,ASOS 일자료 조회서비스 응답 항목에 토양수분 필드 자체가 없어 변수 제외,"최근접 관측소 매칭(중심점법:exact(보정), 거리 4.54km)"
2019,인천광역시,미추홀구,28177,112,인천,4.54,13.25,-3.3,True,24.4,919.5,2.93,1906.4,2692.3,-0.71,-1.87,0.88,12.0,365,,이번 산출물에서 제외(사용자 요청) - 추후 국토지리정보원 자료로 보강 필요,ASOS 일자료 조회서비스 응답 항목에 토양수분 필드 자체가 없어 변수 제외,"최근접 관측소 매칭(중심점법:exact(보정), 거리 4.54km)"
2020,인천광역시,미추홀구,28177,112,인천,4.54,12.86,-1.03,True,23.63,1311.9,3.09,1691.7,2483.2,0.17,-1.77,1.6,12.0,366,,이번 산출물에서 제외(사용자 요청) - 추후 국토지리정보원 자료로 보강 필요,ASOS 일자료 조회서비스 응답 항목에 토양수분 필드 자체가 없어 변수 제외,"최근접 관측소 매칭(중심점법:exact(보정), 거리 4.54km)"
2021,인천광역시,미추홀구,28177,112,인천,4.54,13.41,-3.69,True,24.82,1071.8,2.88,1907.4,2726.2,-0.0,-1.64,1.67,12.0,365,,이번 산출물에서 제외(사용자 요청) - 추후 국토지리정보원 자료로 보강 필요,ASOS 일자료 조회서비스 응답 항목에 토양수분 필드 자체가 없어 변수 제외,"최근접 관측소 매칭(중심점법:exact(보정), 거리 4.54km)"
2022,인천광역시,미추홀구,28177,112,인천,4.54,12.59,-4.14,True,24.37,1620.5,2.86,1838.6,2670.8,0.37,-1.76,1.85,12.0,365,,이번 산출물에서 제외(사용자 요청) - 추후 국토지리정보원 자료로 보강 필요,ASOS 일자료 조회서비스 응답 항목에 토양수분 필드 자체가 없어 변수 제외,"최근접 관측소 매칭(중심점법:exact(보정), 거리 4.54km)"
2023,인천광역시,미추홀구,28177,112,인천,4.54,13.46,-4.32,True,24.71,1331.4,2.6,2012.2,2827.2,0.2,-1.03,1.39,12.0,365,,이번 산출물에서 제외(사용자 요청) - 추후 국토지리정보원 자료로 보강 필요,ASOS 일자료 조회서비스 응답 항목에 토양수분 필드 자체가 없어 변수 제외,"최근접 관측소 매칭(중심점법:exact(보정), 거리 4.54km)"
2024,인천광역시,미추홀구,28177,112,인천,4.54,14.25,-1.86,True,25.77,1060.8,2.63,2199.3,3038.3,0.24,-0.75,1.62,12.0,366,,이번 산출물에서 제외(사용자 요청) - 추후 국토지리정보원 자료로 보강 필요,ASOS 일자료 조회서비스 응답 항목에 토양수분 필드 자체가 없어 변수 제외,"최근접 관측소 매칭(중심점법:exact(보정), 거리 4.54km)"
2025,인천광역시,미추홀구,28177,112,인천,4.54,13.44,-3.55,True,25.65,1478.6,2.72,2018.4,2825.8,0.35,-1.3,1.66,12.0,365,,이번 산출물에서 제외(사용자 요청) - 추후 국토지리정보원 자료로 보강 필요,ASOS 일자료 조회서비스 응답 항목에 토양수분 필드 자체가 없어 변수 제외,"최근접 관측소 매칭(중심점법:exact(보정), 거리 4.54km)"
2016,인천광역시,부평구,28237,112,인천,8.8,13.33,-2.78,True,24.9,864.3,3.09,2009.0,2822.9,-0.34,-1.92,0.83,11.0,366,,이번 산출물에서 제외(사용자 요청) - 추후 국토지리정보원 자료로 보강 필요,ASOS 일자료 조회서비스 응답 항목에 토양수분 필드 자체가 없어 변수 제외,"최근접 관측소 매칭(중심점법:exact, 거리 8.8km)"
2017,인천광역시,부평구,28237,112,인천,8.8,12.6,-2.8,True,24.34,1028.9,3.14,1863.5,2647.8,-0.58,-1.99,0.84,12.0,365,,이번 산출물에서 제외(사용자 요청) - 추후 국토지리정보원 자료로 보강 필요,ASOS 일자료 조회서비스 응답 항목에 토양수분 필드 자체가 없어 변수 제외,"최근접 관측소 매칭(중심점법:exact, 거리 8.8km)"
2018,인천광역시,부평구,28237,112,인천,8.8,12.58,-5.49,True,25.36,1134.4,3.05,1875.6,2678.8,0.28,-1.29,1.62,12.0,365,,이번 산출물에서 제외(사용자 요청) - 추후 국토지리정보원 자료로 보강 필요,ASOS 일자료 조회서비스 응답 항목에 토양수분 필드 자체가 없어 변수 제외,"최근접 관측소 매칭(중심점법:exact, 거리 8.8km)"
2019,인천광역시,부평구,28237,112,인천,8.8,13.25,-3.3,True,24.4,919.5,2.93,1906.4,2692.3,-0.71,-1.87,0.88,12.0,365,,이번 산출물에서 제외(사용자 요청) - 추후 국토지리정보원 자료로 보강 필요,ASOS 일자료 조회서비스 응답 항목에 토양수분 필드 자체가 없어 변수 제외,"최근접 관측소 매칭(중심점법:exact, 거리 8.8km)"
2020,인천광역시,부평구,28237,112,인천,8.8,12.86,-1.03,True,23.63,1311.9,3.09,1691.7,2483.2,0.17,-1.77,1.6,12.0,366,,이번 산출물에서 제외(사용자 요청) - 추후 국토지리정보원 자료로 보강 필요,ASOS 일자료 조회서비스 응답 항목에 토양수분 필드 자체가 없어 변수 제외,"최근접 관측소 매칭(중심점법:exact, 거리 8.8km)"
2021,인천광역시,부평구,28237,112,인천,8.8,13.41,-3.69,True,24.82,1071.8,2.88,1907.4,2726.2,-0.0,-1.64,1.67,12.0,365,,이번 산출물에서 제외(사용자 요청) - 추후 국토지리정보원 자료로 보강 필요,ASOS 일자료 조회서비스 응답 항목에 토양수분 필드 자체가 없어 변수 제외,"최근접 관측소 매칭(중심점법:exact, 거리 8.8km)"
2022,인천광역시,부평구,28237,112,인천,8.8,12.59,-4.14,True,24.37,1620.5,2.86,1838.6,2670.8,0.37,-1.76,1.85,12.0,365,,이번 산출물에서 제외(사용자 요청) - 추후 국토지리정보원 자료로 보강 필요,ASOS 일자료 조회서비스 응답 항목에 토양수분 필드 자체가 없어 변수 제외,"최근접 관측소 매칭(중심점법:exact, 거리 8.8km)"
2023,인천광역시,부평구,28237,112,인천,8.8,13.46,-4.32,True,24.71,1331.4,2.6,2012.2,2827.2,0.2,-1.03,1.39,12.0,365,,이번 산출물에서 제외(사용자 요청) - 추후 국토지리정보원 자료로 보강 필요,ASOS 일자료 조회서비스 응답 항목에 토양수분 필드 자체가 없어 변수 제외,"최근접 관측소 매칭(중심점법:exact, 거리 8.8km)"
2024,인천광역시,부평구,28237,112,인천,8.8,14.25,-1.86,True,25.77,1060.8,2.63,2199.3,3038.3,0.24,-0.75,1.62,12.0,366,,이번 산출물에서 제외(사용자 요청) - 추후 국토지리정보원 자료로 보강 필요,ASOS 일자료 조회서비스 응답 항목에 토양수분 필드 자체가 없어 변수 제외,"최근접 관측소 매칭(중심점법:exact, 거리 8.8km)"
2025,인천광역시,부평구,28237,112,인천,8.8,13.44,-3.55,True,25.65,1478.6,2.72,2018.4,2825.8,0.35,-1.3,1.66,12.0,365,,이번 산출물에서 제외(사용자 요청) - 추후 국토지리정보원 자료로 보강 필요,ASOS 일자료 조회서비스 응답 항목에 토양수분 필드 자체가 없어 변수 제외,"최근접 관측소 매칭(중심점법:exact, 거리 8.8km)"
2016,인천광역시,서구,28260,112,인천,9.41,13.33,-2.78,True,24.9,864.3,3.09,2009.0,2822.9,-0.34,-1.92,0.83,11.0,366,,이번 산출물에서 제외(사용자 요청) - 추후 국토지리정보원 자료로 보강 필요,ASOS 일자료 조회서비스 응답 항목에 토양수분 필드 자체가 없어 변수 제외,"최근접 관측소 매칭(중심점법:exact, 거리 9.41km)"
2017,인천광역시,서구,28260,112,인천,9.41,12.6,-2.8,True,24.34,1028.9,3.14,1863.5,2647.8,-0.58,-1.99,0.84,12.0,365,,이번 산출물에서 제외(사용자 요청) - 추후 국토지리정보원 자료로 보강 필요,ASOS 일자료 조회서비스 응답 항목에 토양수분 필드 자체가 없어 변수 제외,"최근접 관측소 매칭(중심점법:exact, 거리 9.41km)"
2018,인천광역시,서구,28260,112,인천,9.41,12.58,-5.49,True,25.36,1134.4,3.05,1875.6,2678.8,0.28,-1.29,1.62,12.0,365,,이번 산출물에서 제외(사용자 요청) - 추후 국토지리정보원 자료로 보강 필요,ASOS 일자료 조회서비스 응답 항목에 토양수분 필드 자체가 없어 변수 제외,"최근접 관측소 매칭(중심점법:exact, 거리 9.41km)"
2019,인천광역시,서구,28260,112,인천,9.41,13.25,-3.3,True,24.4,919.5,2.93,1906.4,2692.3,-0.71,-1.87,0.88,12.0,365,,이번 산출물에서 제외(사용자 요청) - 추후 국토지리정보원 자료로 보강 필요,ASOS 일자료 조회서비스 응답 항목에 토양수분 필드 자체가 없어 변수 제외,"최근접 관측소 매칭(중심점법:exact, 거리 9.41km)"
2020,인천광역시,서구,28260,112,인천,9.41,12.86,-1.03,True,23.63,1311.9,3.09,1691.7,2483.2,0.17,-1.77,1.6,12.0,366,,이번 산출물에서 제외(사용자 요청) - 추후 국토지리정보원 자료로 보강 필요,ASOS 일자료 조회서비스 응답 항목에 토양수분 필드 자체가 없어 변수 제외,"최근접 관측소 매칭(중심점법:exact, 거리 9.41km)"
2021,인천광역시,서구,28260,112,인천,9.41,13.41,-3.69,True,24.82,1071.8,2.88,1907.4,2726.2,-0.0,-1.64,1.67,12.0,365,,이번 산출물에서 제외(사용자 요청) - 추후 국토지리정보원 자료로 보강 필요,ASOS 일자료 조회서비스 응답 항목에 토양수분 필드 자체가 없어 변수 제외,"최근접 관측소 매칭(중심점법:exact, 거리 9.41km)"
2022,인천광역시,서구,28260,112,인천,9.41,12.59,-4.14,True,24.37,1620.5,2.86,1838.6,2670.8,0.37,-1.76,1.85,12.0,365,,이번 산출물에서 제외(사용자 요청) - 추후 국토지리정보원 자료로 보강 필요,ASOS 일자료 조회서비스 응답 항목에 토양수분 필드 자체가 없어 변수 제외,"최근접 관측소 매칭(중심점법:exact, 거리 9.41km)"
2023,인천광역시,서구,28260,112,인천,9.41,13.46,-4.32,True,24.71,1331.4,2.6,2012.2,2827.2,0.2,-1.03,1.39,12.0,365,,이번 산출물에서 제외(사용자 요청) - 추후 국토지리정보원 자료로 보강 필요,ASOS 일자료 조회서비스 응답 항목에 토양수분 필드 자체가 없어 변수 제외,"최근접 관측소 매칭(중심점법:exact, 거리 9.41km)"
2024,인천광역시,서구,28260,112,인천,9.41,14.25,-1.86,True,25.77,1060.8,2.63,2199.3,3038.3,0.24,-0.75,1.62,12.0,366,,이번 산출물에서 제외(사용자 요청) - 추후 국토지리정보원 자료로 보강 필요,ASOS 일자료 조회서비스 응답 항목에 토양수분 필드 자체가 없어 변수 제외,"최근접 관측소 매칭(중심점법:exact, 거리 9.41km)"
2025,인천광역시,서구,28260,112,인천,9.41,13.44,-3.55,True,25.65,1478.6,2.72,2018.4,2825.8,0.35,-1.3,1.66,12.0,365,,이번 산출물에서 제외(사용자 요청) - 추후 국토지리정보원 자료로 보강 필요,ASOS 일자료 조회서비스 응답 항목에 토양수분 필드 자체가 없어 변수 제외,"최근접 관측소 매칭(중심점법:exact, 거리 9.41km)"
2016,인천광역시,연수구,28185,112,인천,9.54,13.33,-2.78,True,24.9,864.3,3.09,2009.0,2822.9,-0.34,-1.92,0.83,11.0,366,,이번 산출물에서 제외(사용자 요청) - 추후 국토지리정보원 자료로 보강 필요,ASOS 일자료 조회서비스 응답 항목에 토양수분 필드 자체가 없어 변수 제외,"최근접 관측소 매칭(중심점법:exact, 거리 9.54km)"
2017,인천광역시,연수구,28185,112,인천,9.54,12.6,-2.8,True,24.34,1028.9,3.14,1863.5,2647.8,-0.58,-1.99,0.84,12.0,365,,이번 산출물에서 제외(사용자 요청) - 추후 국토지리정보원 자료로 보강 필요,ASOS 일자료 조회서비스 응답 항목에 토양수분 필드 자체가 없어 변수 제외,"최근접 관측소 매칭(중심점법:exact, 거리 9.54km)"
2018,인천광역시,연수구,28185,112,인천,9.54,12.58,-5.49,True,25.36,1134.4,3.05,1875.6,2678.8,0.28,-1.29,1.62,12.0,365,,이번 산출물에서 제외(사용자 요청) - 추후 국토지리정보원 자료로 보강 필요,ASOS 일자료 조회서비스 응답 항목에 토양수분 필드 자체가 없어 변수 제외,"최근접 관측소 매칭(중심점법:exact, 거리 9.54km)"
2019,인천광역시,연수구,28185,112,인천,9.54,13.25,-3.3,True,24.4,919.5,2.93,1906.4,2692.3,-0.71,-1.87,0.88,12.0,365,,이번 산출물에서 제외(사용자 요청) - 추후 국토지리정보원 자료로 보강 필요,ASOS 일자료 조회서비스 응답 항목에 토양수분 필드 자체가 없어 변수 제외,"최근접 관측소 매칭(중심점법:exact, 거리 9.54km)"
2020,인천광역시,연수구,28185,112,인천,9.54,12.86,-1.03,True,23.63,1311.9,3.09,1691.7,2483.2,0.17,-1.77,1.6,12.0,366,,이번 산출물에서 제외(사용자 요청) - 추후 국토지리정보원 자료로 보강 필요,ASOS 일자료 조회서비스 응답 항목에 토양수분 필드 자체가 없어 변수 제외,"최근접 관측소 매칭(중심점법:exact, 거리 9.54km)"
2021,인천광역시,연수구,28185,112,인천,9.54,13.41,-3.69,True,24.82,1071.8,2.88,1907.4,2726.2,-0.0,-1.64,1.67,12.0,365,,이번 산출물에서 제외(사용자 요청) - 추후 국토지리정보원 자료로 보강 필요,ASOS 일자료 조회서비스 응답 항목에 토양수분 필드 자체가 없어 변수 제외,"최근접 관측소 매칭(중심점법:exact, 거리 9.54km)"
2022,인천광역시,연수구,28185,112,인천,9.54,12.59,-4.14,True,24.37,1620.5,2.86,1838.6,2670.8,0.37,-1.76,1.85,12.0,365,,이번 산출물에서 제외(사용자 요청) - 추후 국토지리정보원 자료로 보강 필요,ASOS 일자료 조회서비스 응답 항목에 토양수분 필드 자체가 없어 변수 제외,"최근접 관측소 매칭(중심점법:exact, 거리 9.54km)"
2023,인천광역시,연수구,28185,112,인천,9.54,13.46,-4.32,True,24.71,1331.4,2.6,2012.2,2827.2,0.2,-1.03,1.39,12.0,365,,이번 산출물에서 제외(사용자 요청) - 추후 국토지리정보원 자료로 보강 필요,ASOS 일자료 조회서비스 응답 항목에 토양수분 필드 자체가 없어 변수 제외,"최근접 관측소 매칭(중심점법:exact, 거리 9.54km)"
2024,인천광역시,연수구,28185,112,인천,9.54,14.25,-1.86,True,25.77,1060.8,2.63,2199.3,3038.3,0.24,-0.75,1.62,12.0,366,,이번 산출물에서 제외(사용자 요청) - 추후 국토지리정보원 자료로 보강 필요,ASOS 일자료 조회서비스 응답 항목에 토양수분 필드 자체가 없어 변수 제외,"최근접 관측소 매칭(중심점법:exact, 거리 9.54km)"
2025,인천광역시,연수구,28185,112,인천,9.54,13.44,-3.55,True,25.65,1478.6,2.72,2018.4,2825.8,0.35,-1.3,1.66,12.0,365,,이번 산출물에서 제외(사용자 요청) - 추후 국토지리정보원 자료로 보강 필요,ASOS 일자료 조회서비스 응답 항목에 토양수분 필드 자체가 없어 변수 제외,"최근접 관측소 매칭(중심점법:exact, 거리 9.54km)"
2016,인천광역시,옹진군,28720,201,강화,73.94,12.18,-6.16,True,23.99,1100.9,2.03,1763.4,2547.0,0.03,-1.52,1.42,11.0,366,,이번 산출물에서 제외(사용자 요청) - 추후 국토지리정보원 자료로 보강 필요,ASOS 일자료 조회서비스 응답 항목에 토양수분 필드 자체가 없어 변수 제외,"최근접 관측소 매칭(중심점법:exact, 거리 73.94km) - 30km 이상 이격, 대표성 낮을 수 있음"
2017,인천광역시,옹진군,28720,201,강화,73.94,11.57,-5.78,True,23.55,809.3,2.06,1643.4,2399.8,-0.95,-2.27,0.46,12.0,365,,이번 산출물에서 제외(사용자 요청) - 추후 국토지리정보원 자료로 보강 필요,ASOS 일자료 조회서비스 응답 항목에 토양수분 필드 자체가 없어 변수 제외,"최근접 관측소 매칭(중심점법:exact, 거리 73.94km) - 30km 이상 이격, 대표성 낮을 수 있음"
2018,인천광역시,옹진군,28720,201,강화,73.94,11.39,-8.67,True,24.28,1072.3,2.01,1625.6,2383.1,-0.21,-1.32,0.78,12.0,365,,이번 산출물에서 제외(사용자 요청) - 추후 국토지리정보원 자료로 보강 필요,ASOS 일자료 조회서비스 응답 항목에 토양수분 필드 자체가 없어 변수 제외,"최근접 관측소 매칭(중심점법:exact, 거리 73.94km) - 30km 이상 이격, 대표성 낮을 수 있음"
2019,인천광역시,옹진군,28720,201,강화,73.94,12.18,-6.58,True,23.6,1079.3,1.98,1670.5,2410.1,-0.61,-1.86,1.32,12.0,365,,이번 산출물에서 제외(사용자 요청) - 추후 국토지리정보원 자료로 보강 필요,ASOS 일자료 조회서비스 응답 항목에 토양수분 필드 자체가 없어 변수 제외,"최근접 관측소 매칭(중심점법:exact, 거리 73.94km) - 30km 이상 이격, 대표성 낮을 수 있음"
2020,인천광역시,옹진군,28720,201,강화,73.94,11.92,-3.76,True,23.04,1436.9,2.0,1518.4,2257.0,0.36,-1.6,1.54,12.0,366,,이번 산출물에서 제외(사용자 요청) - 추후 국토지리정보원 자료로 보강 필요,ASOS 일자료 조회서비스 응답 항목에 토양수분 필드 자체가 없어 변수 제외,"최근접 관측소 매칭(중심점법:exact, 거리 73.94km) - 30km 이상 이격, 대표성 낮을 수 있음"
2021,인천광역시,옹진군,28720,201,강화,73.94,12.31,-6.34,True,23.82,1013.6,1.82,1711.2,2474.9,-0.2,-1.79,1.67,12.0,365,,이번 산출물에서 제외(사용자 요청) - 추후 국토지리정보원 자료로 보강 필요,ASOS 일자료 조회서비스 응답 항목에 토양수분 필드 자체가 없어 변수 제외,"최근접 관측소 매칭(중심점법:exact, 거리 73.94km) - 30km 이상 이격, 대표성 낮을 수 있음"
2022,인천광역시,옹진군,28720,201,강화,73.94,11.56,-7.16,True,23.67,1561.8,1.87,1623.9,2389.8,0.39,-1.46,1.4,12.0,365,,이번 산출물에서 제외(사용자 요청) - 추후 국토지리정보원 자료로 보강 필요,ASOS 일자료 조회서비스 응답 항목에 토양수분 필드 자체가 없어 변수 제외,"최근접 관측소 매칭(중심점법:exact, 거리 73.94km) - 30km 이상 이격, 대표성 낮을 수 있음"
2023,인천광역시,옹진군,28720,201,강화,73.94,12.19,-7.2,True,23.62,1377.3,1.84,1725.4,2497.2,0.24,-0.83,1.12,12.0,365,,이번 산출물에서 제외(사용자 요청) - 추후 국토지리정보원 자료로 보강 필요,ASOS 일자료 조회서비스 응답 항목에 토양수분 필드 자체가 없어 변수 제외,"최근접 관측소 매칭(중심점법:exact, 거리 73.94km) - 30km 이상 이격, 대표성 낮을 수 있음"
2024,인천광역시,옹진군,28720,201,강화,73.94,12.97,-4.36,True,24.51,1339.5,1.9,1870.6,2683.2,0.46,-0.89,1.92,12.0,366,,이번 산출물에서 제외(사용자 요청) - 추후 국토지리정보원 자료로 보강 필요,ASOS 일자료 조회서비스 응답 항목에 토양수분 필드 자체가 없어 변수 제외,"최근접 관측소 매칭(중심점법:exact, 거리 73.94km) - 30km 이상 이격, 대표성 낮을 수 있음"
2025,인천광역시,옹진군,28720,201,강화,73.94,12.21,-6.57,True,24.47,1476.7,1.9,1768.0,2521.4,0.51,-0.3,1.52,12.0,365,,이번 산출물에서 제외(사용자 요청) - 추후 국토지리정보원 자료로 보강 필요,ASOS 일자료 조회서비스 응답 항목에 토양수분 필드 자체가 없어 변수 제외,"최근접 관측소 매칭(중심점법:exact, 거리 73.94km) - 30km 이상 이격, 대표성 낮을 수 있음"
2016,인천광역시,중구,28110,112,인천,12.7,13.33,-2.78,True,24.9,864.3,3.09,2009.0,2822.9,-0.34,-1.92,0.83,11.0,366,,이번 산출물에서 제외(사용자 요청) - 추후 국토지리정보원 자료로 보강 필요,ASOS 일자료 조회서비스 응답 항목에 토양수분 필드 자체가 없어 변수 제외,"최근접 관측소 매칭(중심점법:exact, 거리 12.7km)"
2017,인천광역시,중구,28110,112,인천,12.7,12.6,-2.8,True,24.34,1028.9,3.14,1863.5,2647.8,-0.58,-1.99,0.84,12.0,365,,이번 산출물에서 제외(사용자 요청) - 추후 국토지리정보원 자료로 보강 필요,ASOS 일자료 조회서비스 응답 항목에 토양수분 필드 자체가 없어 변수 제외,"최근접 관측소 매칭(중심점법:exact, 거리 12.7km)"
2018,인천광역시,중구,28110,112,인천,12.7,12.58,-5.49,True,25.36,1134.4,3.05,1875.6,2678.8,0.28,-1.29,1.62,12.0,365,,이번 산출물에서 제외(사용자 요청) - 추후 국토지리정보원 자료로 보강 필요,ASOS 일자료 조회서비스 응답 항목에 토양수분 필드 자체가 없어 변수 제외,"최근접 관측소 매칭(중심점법:exact, 거리 12.7km)"
2019,인천광역시,중구,28110,112,인천,12.7,13.25,-3.3,True,24.4,919.5,2.93,1906.4,2692.3,-0.71,-1.87,0.88,12.0,365,,이번 산출물에서 제외(사용자 요청) - 추후 국토지리정보원 자료로 보강 필요,ASOS 일자료 조회서비스 응답 항목에 토양수분 필드 자체가 없어 변수 제외,"최근접 관측소 매칭(중심점법:exact, 거리 12.7km)"
2020,인천광역시,중구,28110,112,인천,12.7,12.86,-1.03,True,23.63,1311.9,3.09,1691.7,2483.2,0.17,-1.77,1.6,12.0,366,,이번 산출물에서 제외(사용자 요청) - 추후 국토지리정보원 자료로 보강 필요,ASOS 일자료 조회서비스 응답 항목에 토양수분 필드 자체가 없어 변수 제외,"최근접 관측소 매칭(중심점법:exact, 거리 12.7km)"
2021,인천광역시,중구,28110,112,인천,12.7,13.41,-3.69,True,24.82,1071.8,2.88,1907.4,2726.2,-0.0,-1.64,1.67,12.0,365,,이번 산출물에서 제외(사용자 요청) - 추후 국토지리정보원 자료로 보강 필요,ASOS 일자료 조회서비스 응답 항목에 토양수분 필드 자체가 없어 변수 제외,"최근접 관측소 매칭(중심점법:exact, 거리 12.7km)"
2022,인천광역시,중구,28110,112,인천,12.7,12.59,-4.14,True,24.37,1620.5,2.86,1838.6,2670.8,0.37,-1.76,1.85,12.0,365,,이번 산출물에서 제외(사용자 요청) - 추후 국토지리정보원 자료로 보강 필요,ASOS 일자료 조회서비스 응답 항목에 토양수분 필드 자체가 없어 변수 제외,"최근접 관측소 매칭(중심점법:exact, 거리 12.7km)"
2023,인천광역시,중구,28110,112,인천,12.7,13.46,-4.32,True,24.71,1331.4,2.6,2012.2,2827.2,0.2,-1.03,1.39,12.0,365,,이번 산출물에서 제외(사용자 요청) - 추후 국토지리정보원 자료로 보강 필요,ASOS 일자료 조회서비스 응답 항목에 토양수분 필드 자체가 없어 변수 제외,"최근접 관측소 매칭(중심점법:exact, 거리 12.7km)"
2024,인천광역시,중구,28110,112,인천,12.7,14.25,-1.86,True,25.77,1060.8,2.63,2199.3,3038.3,0.24,-0.75,1.62,12.0,366,,이번 산출물에서 제외(사용자 요청) - 추후 국토지리정보원 자료로 보강 필요,ASOS 일자료 조회서비스 응답 항목에 토양수분 필드 자체가 없어 변수 제외,"최근접 관측소 매칭(중심점법:exact, 거리 12.7km)"
2025,인천광역시,중구,28110,112,인천,12.7,13.44,-3.55,True,25.65,1478.6,2.72,2018.4,2825.8,0.35,-1.3,1.66,12.0,365,,이번 산출물에서 제외(사용자 요청) - 추후 국토지리정보원 자료로 보강 필요,ASOS 일자료 조회서비스 응답 항목에 토양수분 필드 자체가 없어 변수 제외,"최근접 관측소 매칭(중심점법:exact, 거리 12.7km)"
2016,전라남도,강진군,46810,259,강진군,2.92,14.45,-1.02,True,25.02,1619.4,2.33,2070.2,2934.5,0.39,-1.42,1.5,11.0,366,,이번 산출물에서 제외(사용자 요청) - 추후 국토지리정보원 자료로 보강 필요,ASOS 일자료 조회서비스 응답 항목에 토양수분 필드 자체가 없어 변수 제외,"최근접 관측소 매칭(중심점법:exact, 거리 2.92km)"
2017,전라남도,강진군,46810,259,강진군,2.92,13.67,-1.54,True,24.78,816.2,2.34,1950.0,2743.8,-1.15,-2.52,0.94,12.0,365,,이번 산출물에서 제외(사용자 요청) - 추후 국토지리정보원 자료로 보강 필요,ASOS 일자료 조회서비스 응답 항목에 토양수분 필드 자체가 없어 변수 제외,"최근접 관측소 매칭(중심점법:exact, 거리 2.92km)"
2018,전라남도,강진군,46810,259,강진군,2.92,14.09,-3.83,True,25.93,1634.5,2.37,2025.0,2882.8,0.33,-1.13,2.05,12.0,365,,이번 산출물에서 제외(사용자 요청) - 추후 국토지리정보원 자료로 보강 필요,ASOS 일자료 조회서비스 응답 항목에 토양수분 필드 자체가 없어 변수 제외,"최근접 관측소 매칭(중심점법:exact, 거리 2.92km)"
2019,전라남도,강진군,46810,259,강진군,2.92,14.3,-1.41,True,24.2,1481.6,2.23,1946.3,2785.6,-0.05,-0.96,0.88,12.0,365,,이번 산출물에서 제외(사용자 요청) - 추후 국토지리정보원 자료로 보강 필요,ASOS 일자료 조회서비스 응답 항목에 토양수분 필드 자체가 없어 변수 제외,"최근접 관측소 매칭(중심점법:exact, 거리 2.92km)"
2020,전라남도,강진군,46810,259,강진군,2.92,14.22,0.04,True,24.5,1654.4,2.25,1861.2,2703.1,0.17,-1.71,1.27,12.0,366,,이번 산출물에서 제외(사용자 요청) - 추후 국토지리정보원 자료로 보강 필요,ASOS 일자료 조회서비스 응답 항목에 토양수분 필드 자체가 없어 변수 제외,"최근접 관측소 매칭(중심점법:exact, 거리 2.92km)"
2021,전라남도,강진군,46810,259,강진군,2.92,14.88,-2.21,True,25.25,1494.8,1.81,2086.9,2984.3,-0.13,-1.31,1.0,12.0,365,,이번 산출물에서 제외(사용자 요청) - 추후 국토지리정보원 자료로 보강 필요,ASOS 일자료 조회서비스 응답 항목에 토양수분 필드 자체가 없어 변수 제외,"최근접 관측소 매칭(중심점법:exact, 거리 2.92km)"
2022,전라남도,강진군,46810,259,강진군,2.92,14.53,-2.46,True,25.67,1033.3,1.8,2126.0,3012.2,-0.9,-2.35,0.41,12.0,365,,이번 산출물에서 제외(사용자 요청) - 추후 국토지리정보원 자료로 보강 필요,ASOS 일자료 조회서비스 응답 항목에 토양수분 필드 자체가 없어 변수 제외,"최근접 관측소 매칭(중심점법:exact, 거리 2.92km)"
2023,전라남도,강진군,46810,259,강진군,2.92,15.01,-2.67,True,25.56,1933.3,1.63,2186.3,3074.8,0.48,-0.97,1.78,12.0,365,,이번 산출물에서 제외(사용자 요청) - 추후 국토지리정보원 자료로 보강 필요,ASOS 일자료 조회서비스 응답 항목에 토양수분 필드 자체가 없어 변수 제외,"최근접 관측소 매칭(중심점법:exact, 거리 2.92km)"
2024,전라남도,강진군,46810,259,강진군,2.92,15.72,0.14,True,26.17,1823.2,1.63,2398.4,3287.6,0.88,-0.63,1.71,12.0,366,,이번 산출물에서 제외(사용자 요청) - 추후 국토지리정보원 자료로 보강 필요,ASOS 일자료 조회서비스 응답 항목에 토양수분 필드 자체가 없어 변수 제외,"최근접 관측소 매칭(중심점법:exact, 거리 2.92km)"
2025,전라남도,강진군,46810,259,강진군,2.92,15.27,-2.23,True,26.39,1516.0,1.71,2305.6,3156.8,0.04,-1.15,0.93,12.0,365,,이번 산출물에서 제외(사용자 요청) - 추후 국토지리정보원 자료로 보강 필요,ASOS 일자료 조회서비스 응답 항목에 토양수분 필드 자체가 없어 변수 제외,"최근접 관측소 매칭(중심점법:exact, 거리 2.92km)"
2016,전라남도,고흥군,46770,262,고흥,4.11,14.24,-1.33,True,24.51,1641.9,1.42,1966.8,2825.4,0.43,-1.6,1.55,11.0,366,,이번 산출물에서 제외(사용자 요청) - 추후 국토지리정보원 자료로 보강 필요,ASOS 일자료 조회서비스 응답 항목에 토양수분 필드 자체가 없어 변수 제외,"최근접 관측소 매칭(중심점법:exact, 거리 4.11km)"
2017,전라남도,고흥군,46770,262,고흥,4.11,13.8,-2.1,True,24.59,1115.4,1.47,1913.8,2713.8,-0.42,-2.11,1.57,12.0,365,,이번 산출물에서 제외(사용자 요청) - 추후 국토지리정보원 자료로 보강 필요,ASOS 일자료 조회서비스 응답 항목에 토양수분 필드 자체가 없어 변수 제외,"최근접 관측소 매칭(중심점법:exact, 거리 4.11km)"
2018,전라남도,고흥군,46770,262,고흥,4.11,13.69,-4.59,True,25.11,1458.8,1.34,1865.4,2708.6,0.14,-1.32,1.41,12.0,365,,이번 산출물에서 제외(사용자 요청) - 추후 국토지리정보원 자료로 보강 필요,ASOS 일자료 조회서비스 응답 항목에 토양수분 필드 자체가 없어 변수 제외,"최근접 관측소 매칭(중심점법:exact, 거리 4.11km)"
2019,전라남도,고흥군,46770,262,고흥,4.11,13.91,-2.16,True,23.59,1676.5,1.42,1805.6,2631.1,0.45,-0.56,1.88,12.0,365,,이번 산출물에서 제외(사용자 요청) - 추후 국토지리정보원 자료로 보강 필요,ASOS 일자료 조회서비스 응답 항목에 토양수분 필드 자체가 없어 변수 제외,"최근접 관측소 매칭(중심점법:exact, 거리 4.11km)"
2020,전라남도,고흥군,46770,262,고흥,4.11,13.61,-0.99,True,23.92,1520.2,1.46,1725.0,2531.1,0.16,-1.68,1.11,12.0,366,,이번 산출물에서 제외(사용자 요청) - 추후 국토지리정보원 자료로 보강 필요,ASOS 일자료 조회서비스 응답 항목에 토양수분 필드 자체가 없어 변수 제외,"최근접 관측소 매칭(중심점법:exact, 거리 4.11km)"
2021,전라남도,고흥군,46770,262,고흥,4.11,14.38,-2.69,True,24.42,1339.8,1.39,1919.6,2789.1,-0.27,-1.59,1.41,12.0,365,,이번 산출물에서 제외(사용자 요청) - 추후 국토지리정보원 자료로 보강 필요,ASOS 일자료 조회서비스 응답 항목에 토양수분 필드 자체가 없어 변수 제외,"최근접 관측소 매칭(중심점법:exact, 거리 4.11km)"
2022,전라남도,고흥군,46770,262,고흥,4.11,13.96,-3.05,True,24.55,929.7,1.6,1883.2,2739.6,-1.18,-2.6,-0.28,12.0,365,,이번 산출물에서 제외(사용자 요청) - 추후 국토지리정보원 자료로 보강 필요,ASOS 일자료 조회서비스 응답 항목에 토양수분 필드 자체가 없어 변수 제외,"최근접 관측소 매칭(중심점법:exact, 거리 4.11km)"
2023,전라남도,고흥군,46770,262,고흥,4.11,14.6,-3.17,True,24.21,1702.0,1.39,1981.3,2876.4,0.29,-1.14,1.82,12.0,365,,이번 산출물에서 제외(사용자 요청) - 추후 국토지리정보원 자료로 보강 필요,ASOS 일자료 조회서비스 응답 항목에 토양수분 필드 자체가 없어 변수 제외,"최근접 관측소 매칭(중심점법:exact, 거리 4.11km)"
2024,전라남도,고흥군,46770,262,고흥,4.11,15.9,0.76,True,26.02,1696.8,1.64,2347.5,3244.9,0.77,-0.56,1.72,12.0,366,,이번 산출물에서 제외(사용자 요청) - 추후 국토지리정보원 자료로 보강 필요,ASOS 일자료 조회서비스 응답 항목에 토양수분 필드 자체가 없어 변수 제외,"최근접 관측소 매칭(중심점법:exact, 거리 4.11km)"
2025,전라남도,고흥군,46770,262,고흥,4.11,14.81,-3.18,True,26.02,1199.8,1.82,2258.6,3092.0,-0.31,-1.56,0.77,12.0,365,,이번 산출물에서 제외(사용자 요청) - 추후 국토지리정보원 자료로 보강 필요,ASOS 일자료 조회서비스 응답 항목에 토양수분 필드 자체가 없어 변수 제외,"최근접 관측소 매칭(중심점법:exact, 거리 4.11km)"
2016,전라남도,곡성군,46720,254,순창군,21.11,12.68,-4.34,True,23.93,1509.9,1.66,1850.8,2669.3,0.55,-0.78,1.68,11.0,366,,이번 산출물에서 제외(사용자 요청) - 추후 국토지리정보원 자료로 보강 필요,ASOS 일자료 조회서비스 응답 항목에 토양수분 필드 자체가 없어 변수 제외,"최근접 관측소 매칭(중심점법:exact, 거리 21.11km)"
2017,전라남도,곡성군,46720,254,순창군,21.11,12.44,-5.78,True,24.46,1023.2,1.67,1838.8,2605.5,-0.88,-2.1,0.1,12.0,365,,이번 산출물에서 제외(사용자 요청) - 추후 국토지리정보원 자료로 보강 필요,ASOS 일자료 조회서비스 응답 항목에 토양수분 필드 자체가 없어 변수 제외,"최근접 관측소 매칭(중심점법:exact, 거리 21.11km)"
2018,전라남도,곡성군,46720,254,순창군,21.11,12.91,-6.54,True,25.77,1523.3,1.43,1919.8,2726.1,0.21,-1.34,1.51,12.0,365,,이번 산출물에서 제외(사용자 요청) - 추후 국토지리정보원 자료로 보강 필요,ASOS 일자료 조회서비스 응답 항목에 토양수분 필드 자체가 없어 변수 제외,"최근접 관측소 매칭(중심점법:exact, 거리 21.11km)"
2019,전라남도,곡성군,46720,254,순창군,21.11,13.19,-4.57,True,23.95,1284.2,1.45,1843.6,2634.1,-0.25,-1.24,1.01,12.0,365,,이번 산출물에서 제외(사용자 요청) - 추후 국토지리정보원 자료로 보강 필요,ASOS 일자료 조회서비스 응답 항목에 토양수분 필드 자체가 없어 변수 제외,"최근접 관측소 매칭(중심점법:exact, 거리 21.11km)"
2020,전라남도,곡성군,46720,254,순창군,21.11,13.04,-2.32,True,24.4,2133.7,1.74,1775.2,2544.2,0.38,-2.08,1.97,12.0,366,,이번 산출물에서 제외(사용자 요청) - 추후 국토지리정보원 자료로 보강 필요,ASOS 일자료 조회서비스 응답 항목에 토양수분 필드 자체가 없어 변수 제외,"최근접 관측소 매칭(중심점법:exact, 거리 21.11km)"
2021,전라남도,곡성군,46720,254,순창군,21.11,13.62,-4.59,True,24.92,1232.6,1.5,1965.7,2790.0,-0.21,-0.83,1.22,12.0,365,,이번 산출물에서 제외(사용자 요청) - 추후 국토지리정보원 자료로 보강 필요,ASOS 일자료 조회서비스 응답 항목에 토양수분 필드 자체가 없어 변수 제외,"최근접 관측소 매칭(중심점법:exact, 거리 21.11km)"
2022,전라남도,곡성군,46720,254,순창군,21.11,13.11,-5.23,True,25.19,877.1,1.66,1956.2,2772.3,-1.08,-2.12,-0.27,12.0,365,,이번 산출물에서 제외(사용자 요청) - 추후 국토지리정보원 자료로 보강 필요,ASOS 일자료 조회서비스 응답 항목에 토양수분 필드 자체가 없어 변수 제외,"최근접 관측소 매칭(중심점법:exact, 거리 21.11km)"
2023,전라남도,곡성군,46720,254,순창군,21.11,13.81,-5.78,True,25.15,2097.3,1.56,2061.1,2900.3,0.32,-1.45,2.2,12.0,365,,이번 산출물에서 제외(사용자 요청) - 추후 국토지리정보원 자료로 보강 필요,ASOS 일자료 조회서비스 응답 항목에 토양수분 필드 자체가 없어 변수 제외,"최근접 관측소 매칭(중심점법:exact, 거리 21.11km)"
2024,전라남도,곡성군,46720,254,순창군,21.11,14.7,-1.76,True,25.96,1399.3,1.61,2281.1,3134.9,0.52,-0.64,2.32,12.0,366,,이번 산출물에서 제외(사용자 요청) - 추후 국토지리정보원 자료로 보강 필요,ASOS 일자료 조회서비스 응답 항목에 토양수분 필드 자체가 없어 변수 제외,"최근접 관측소 매칭(중심점법:exact, 거리 21.11km)"
2025,전라남도,곡성군,46720,254,순창군,21.11,13.78,-4.82,True,25.91,1945.9,1.69,2161.8,2960.8,0.47,-0.7,1.56,12.0,365,,이번 산출물에서 제외(사용자 요청) - 추후 국토지리정보원 자료로 보강 필요,ASOS 일자료 조회서비스 응답 항목에 토양수분 필드 자체가 없어 변수 제외,"최근접 관측소 매칭(중심점법:exact, 거리 21.11km)"
2016,전라남도,광양시,46230,266,광양시,9.13,15.38,0.48,True,25.59,1607.4,1.91,2254.5,3174.0,0.34,-1.44,1.69,11.0,366,,이번 산출물에서 제외(사용자 요청) - 추후 국토지리정보원 자료로 보강 필요,ASOS 일자료 조회서비스 응답 항목에 토양수분 필드 자체가 없어 변수 제외,"최근접 관측소 매칭(중심점법:exact, 거리 9.13km)"
2017,전라남도,광양시,46230,266,광양시,9.13,14.85,0.08,True,25.43,824.4,1.91,2207.3,3076.6,-0.91,-1.99,1.35,12.0,365,,이번 산출물에서 제외(사용자 요청) - 추후 국토지리정보원 자료로 보강 필요,ASOS 일자료 조회서비스 응답 항목에 토양수분 필드 자체가 없어 변수 제외,"최근접 관측소 매칭(중심점법:exact, 거리 9.13km)"
2018,전라남도,광양시,46230,266,광양시,9.13,14.71,-2.35,True,26.11,1695.0,1.85,2158.7,3060.4,0.37,-1.32,1.82,12.0,365,,이번 산출물에서 제외(사용자 요청) - 추후 국토지리정보원 자료로 보강 필요,ASOS 일자료 조회서비스 응답 항목에 토양수분 필드 자체가 없어 변수 제외,"최근접 관측소 매칭(중심점법:exact, 거리 9.13km)"
2019,전라남도,광양시,46230,266,광양시,9.13,15.43,0.19,True,24.57,1566.1,1.75,2156.3,3065.5,0.11,-0.81,1.48,12.0,365,,이번 산출물에서 제외(사용자 요청) - 추후 국토지리정보원 자료로 보강 필요,ASOS 일자료 조회서비스 응답 항목에 토양수분 필드 자체가 없어 변수 제외,"최근접 관측소 매칭(중심점법:exact, 거리 9.13km)"
2020,전라남도,광양시,46230,266,광양시,9.13,15.06,1.86,True,24.54,1821.0,1.74,2027.0,2937.5,0.09,-1.91,1.33,12.0,366,,이번 산출물에서 제외(사용자 요청) - 추후 국토지리정보원 자료로 보강 필요,ASOS 일자료 조회서비스 응답 항목에 토양수분 필드 자체가 없어 변수 제외,"최근접 관측소 매칭(중심점법:exact, 거리 9.13km)"
2021,전라남도,광양시,46230,266,광양시,9.13,15.54,-0.24,True,25.3,1423.0,1.67,2205.0,3175.6,-0.28,-1.22,0.62,12.0,365,,이번 산출물에서 제외(사용자 요청) - 추후 국토지리정보원 자료로 보강 필요,ASOS 일자료 조회서비스 응답 항목에 토양수분 필드 자체가 없어 변수 제외,"최근접 관측소 매칭(중심점법:exact, 거리 9.13km)"
2022,전라남도,광양시,46230,266,광양시,9.13,15.24,-0.69,True,25.49,1054.7,1.98,2270.6,3201.4,-0.99,-2.38,-0.19,12.0,365,,이번 산출물에서 제외(사용자 요청) - 추후 국토지리정보원 자료로 보강 필요,ASOS 일자료 조회서비스 응답 항목에 토양수분 필드 자체가 없어 변수 제외,"최근접 관측소 매칭(중심점법:exact, 거리 9.13km)"
2023,전라남도,광양시,46230,266,광양시,9.13,15.6,-1.13,True,25.55,2274.6,1.76,2277.6,3220.2,0.68,-0.95,2.0,12.0,365,,이번 산출물에서 제외(사용자 요청) - 추후 국토지리정보원 자료로 보강 필요,ASOS 일자료 조회서비스 응답 항목에 토양수분 필드 자체가 없어 변수 제외,"최근접 관측소 매칭(중심점법:exact, 거리 9.13km)"
2024,전라남도,광양시,46230,266,광양시,9.13,16.21,1.08,True,26.32,2027.8,1.84,2496.5,3418.5,0.91,-0.45,1.82,12.0,366,,이번 산출물에서 제외(사용자 요청) - 추후 국토지리정보원 자료로 보강 필요,ASOS 일자료 조회서비스 응답 항목에 토양수분 필드 자체가 없어 변수 제외,"최근접 관측소 매칭(중심점법:exact, 거리 9.13km)"
2025,전라남도,광양시,46230,266,광양시,9.13,15.49,-1.4,True,26.47,1412.3,1.8,2385.5,3276.6,-0.28,-1.6,0.19,12.0,365,,이번 산출물에서 제외(사용자 요청) - 추후 국토지리정보원 자료로 보강 필요,ASOS 일자료 조회서비스 응답 항목에 토양수분 필드 자체가 없어 변수 제외,"최근접 관측소 매칭(중심점법:exact, 거리 9.13km)"
2016,전라남도,구례군,46730,247,남원,22.7,13.53,-3.45,True,25.01,1388.5,1.74,2014.5,2850.0,0.53,-0.97,1.6,11.0,366,,이번 산출물에서 제외(사용자 요청) - 추후 국토지리정보원 자료로 보강 필요,ASOS 일자료 조회서비스 응답 항목에 토양수분 필드 자체가 없어 변수 제외,"최근접 관측소 매칭(중심점법:exact, 거리 22.7km)"
2017,전라남도,구례군,46730,247,남원,22.7,12.8,-4.43,True,24.74,851.3,1.59,1881.4,2659.0,-0.88,-2.14,0.32,12.0,365,,이번 산출물에서 제외(사용자 요청) - 추후 국토지리정보원 자료로 보강 필요,ASOS 일자료 조회서비스 응답 항목에 토양수분 필드 자체가 없어 변수 제외,"최근접 관측소 매칭(중심점법:exact, 거리 22.7km)"
2018,전라남도,구례군,46730,247,남원,22.7,13.1,-6.58,True,25.85,1431.7,1.68,1958.3,2770.4,0.27,-0.84,1.67,12.0,365,,이번 산출물에서 제외(사용자 요청) - 추후 국토지리정보원 자료로 보강 필요,ASOS 일자료 조회서비스 응답 항목에 토양수분 필드 자체가 없어 변수 제외,"최근접 관측소 매칭(중심점법:exact, 거리 22.7km)"
2019,전라남도,구례군,46730,247,남원,22.7,13.41,-4.47,True,24.18,1332.8,1.57,1899.2,2704.6,0.03,-0.73,1.2,12.0,365,,이번 산출물에서 제외(사용자 요청) - 추후 국토지리정보원 자료로 보강 필요,ASOS 일자료 조회서비스 응답 항목에 토양수분 필드 자체가 없어 변수 제외,"최근접 관측소 매칭(중심점법:exact, 거리 22.7km)"
2020,전라남도,구례군,46730,247,남원,22.7,13.22,-2.17,True,24.56,2007.2,1.68,1803.8,2582.2,0.51,-2.26,2.11,12.0,366,,이번 산출물에서 제외(사용자 요청) - 추후 국토지리정보원 자료로 보강 필요,ASOS 일자료 조회서비스 응답 항목에 토양수분 필드 자체가 없어 변수 제외,"최근접 관측소 매칭(중심점법:exact, 거리 22.7km)"
2021,전라남도,구례군,46730,247,남원,22.7,13.45,-4.64,True,24.56,1136.8,1.78,1910.9,2721.5,-0.33,-0.89,0.7,12.0,364,,이번 산출물에서 제외(사용자 요청) - 추후 국토지리정보원 자료로 보강 필요,ASOS 일자료 조회서비스 응답 항목에 토양수분 필드 자체가 없어 변수 제외,"최근접 관측소 매칭(중심점법:exact, 거리 22.7km)"
2022,전라남도,구례군,46730,247,남원,22.7,12.94,-5.6,True,24.91,811.4,1.67,1901.0,2719.0,-1.2,-2.28,-0.39,12.0,365,,이번 산출물에서 제외(사용자 요청) - 추후 국토지리정보원 자료로 보강 필요,ASOS 일자료 조회서비스 응답 항목에 토양수분 필드 자체가 없어 변수 제외,"최근접 관측소 매칭(중심점법:exact, 거리 22.7km)"
2023,전라남도,구례군,46730,247,남원,22.7,13.83,-5.79,True,25.38,1805.7,1.59,2081.2,2922.8,0.22,-1.24,1.79,12.0,365,,이번 산출물에서 제외(사용자 요청) - 추후 국토지리정보원 자료로 보강 필요,ASOS 일자료 조회서비스 응답 항목에 토양수분 필드 자체가 없어 변수 제외,"최근접 관측소 매칭(중심점법:exact, 거리 22.7km)"
2024,전라남도,구례군,46730,247,남원,22.7,14.82,-1.59,True,26.1,1416.0,1.73,2287.5,3144.0,0.7,-0.32,2.56,12.0,366,,이번 산출물에서 제외(사용자 요청) - 추후 국토지리정보원 자료로 보강 필요,ASOS 일자료 조회서비스 응답 항목에 토양수분 필드 자체가 없어 변수 제외,"최근접 관측소 매칭(중심점법:exact, 거리 22.7km)"
2025,전라남도,구례군,46730,247,남원,22.7,13.88,-4.87,True,26.04,1708.1,1.63,2189.2,2995.9,0.19,-1.47,1.3,12.0,365,,이번 산출물에서 제외(사용자 요청) - 추후 국토지리정보원 자료로 보강 필요,ASOS 일자료 조회서비스 응답 항목에 토양수분 필드 자체가 없어 변수 제외,"최근접 관측소 매칭(중심점법:exact, 거리 22.7km)"
2016,전라남도,나주시,46170,156,광주,25.75,15.05,-0.39,True,25.94,1482.3,1.62,2301.6,3198.5,0.65,-0.78,1.9,11.0,366,,이번 산출물에서 제외(사용자 요청) - 추후 국토지리정보원 자료로 보강 필요,ASOS 일자료 조회서비스 응답 항목에 토양수분 필드 자체가 없어 변수 제외,"최근접 관측소 매칭(중심점법:exact, 거리 25.75km)"
2017,전라남도,나주시,46170,156,광주,25.75,14.66,-0.94,True,26.02,936.6,1.55,2248.6,3082.3,-0.85,-1.88,0.16,12.0,365,,이번 산출물에서 제외(사용자 요청) - 추후 국토지리정보원 자료로 보강 필요,ASOS 일자료 조회서비스 응답 항목에 토양수분 필드 자체가 없어 변수 제외,"최근접 관측소 매칭(중심점법:exact, 거리 25.75km)"
2018,전라남도,나주시,46170,156,광주,25.75,14.7,-2.87,True,26.82,1427.9,1.58,2274.8,3159.2,0.25,-1.28,1.3,12.0,365,,이번 산출물에서 제외(사용자 요청) - 추후 국토지리정보원 자료로 보강 필요,ASOS 일자료 조회서비스 응답 항목에 토양수분 필드 자체가 없어 변수 제외,"최근접 관측소 매칭(중심점법:exact, 거리 25.75km)"
2019,전라남도,나주시,46170,156,광주,25.75,14.72,-1.15,True,24.82,1085.9,1.48,2122.6,2979.5,-0.33,-0.94,0.68,12.0,365,,이번 산출물에서 제외(사용자 요청) - 추후 국토지리정보원 자료로 보강 필요,ASOS 일자료 조회서비스 응답 항목에 토양수분 필드 자체가 없어 변수 제외,"최근접 관측소 매칭(중심점법:exact, 거리 25.75km)"
2020,전라남도,나주시,46170,156,광주,25.75,14.51,1.04,True,24.85,2027.0,1.56,1985.4,2860.2,0.38,-2.09,1.75,12.0,366,,이번 산출물에서 제외(사용자 요청) - 추후 국토지리정보원 자료로 보강 필요,ASOS 일자료 조회서비스 응답 항목에 토양수분 필드 자체가 없어 변수 제외,"최근접 관측소 매칭(중심점법:exact, 거리 25.75km)"
2021,전라남도,나주시,46170,156,광주,25.75,15.13,-1.16,True,25.41,1303.8,1.36,2185.8,3115.8,-0.06,-0.82,1.06,12.0,365,,이번 산출물에서 제외(사용자 요청) - 추후 국토지리정보원 자료로 보강 필요,ASOS 일자료 조회서비스 응답 항목에 토양수분 필드 자체가 없어 변수 제외,"최근접 관측소 매칭(중심점법:exact, 거리 25.75km)"
2022,전라남도,나주시,46170,156,광주,25.75,14.85,-1.55,True,25.93,769.9,1.4,2275.0,3187.3,-1.14,-2.34,-0.3,12.0,365,,이번 산출물에서 제외(사용자 요청) - 추후 국토지리정보원 자료로 보강 필요,ASOS 일자료 조회서비스 응답 항목에 토양수분 필드 자체가 없어 변수 제외,"최근접 관측소 매칭(중심점법:exact, 거리 25.75km)"
2023,전라남도,나주시,46170,156,광주,25.75,15.34,-1.9,True,25.7,2116.1,1.16,2322.9,3232.5,0.35,-1.24,2.02,12.0,365,,이번 산출물에서 제외(사용자 요청) - 추후 국토지리정보원 자료로 보강 필요,ASOS 일자료 조회서비스 응답 항목에 토양수분 필드 자체가 없어 변수 제외,"최근접 관측소 매칭(중심점법:exact, 거리 25.75km)"
2024,전라남도,나주시,46170,156,광주,25.75,15.97,0.94,True,26.39,1291.0,1.32,2490.8,3389.4,0.5,-0.66,2.33,12.0,366,,이번 산출물에서 제외(사용자 요청) - 추후 국토지리정보원 자료로 보강 필요,ASOS 일자료 조회서비스 응답 항목에 토양수분 필드 자체가 없어 변수 제외,"최근접 관측소 매칭(중심점법:exact, 거리 25.75km)"
2025,전라남도,나주시,46170,156,광주,25.75,15.31,-1.47,True,26.64,1974.6,1.43,2385.1,3261.0,0.29,-1.19,1.4,12.0,365,,이번 산출물에서 제외(사용자 요청) - 추후 국토지리정보원 자료로 보강 필요,ASOS 일자료 조회서비스 응답 항목에 토양수분 필드 자체가 없어 변수 제외,"최근접 관측소 매칭(중심점법:exact, 거리 25.75km)"
2016,전라남도,담양군,46710,254,순창군,14.99,12.68,-4.34,True,23.93,1509.9,1.66,1850.8,2669.3,0.55,-0.78,1.68,11.0,366,,이번 산출물에서 제외(사용자 요청) - 추후 국토지리정보원 자료로 보강 필요,ASOS 일자료 조회서비스 응답 항목에 토양수분 필드 자체가 없어 변수 제외,"최근접 관측소 매칭(중심점법:exact, 거리 14.99km)"
2017,전라남도,담양군,46710,254,순창군,14.99,12.44,-5.78,True,24.46,1023.2,1.67,1838.8,2605.5,-0.88,-2.1,0.1,12.0,365,,이번 산출물에서 제외(사용자 요청) - 추후 국토지리정보원 자료로 보강 필요,ASOS 일자료 조회서비스 응답 항목에 토양수분 필드 자체가 없어 변수 제외,"최근접 관측소 매칭(중심점법:exact, 거리 14.99km)"
2018,전라남도,담양군,46710,254,순창군,14.99,12.91,-6.54,True,25.77,1523.3,1.43,1919.8,2726.1,0.21,-1.34,1.51,12.0,365,,이번 산출물에서 제외(사용자 요청) - 추후 국토지리정보원 자료로 보강 필요,ASOS 일자료 조회서비스 응답 항목에 토양수분 필드 자체가 없어 변수 제외,"최근접 관측소 매칭(중심점법:exact, 거리 14.99km)"
2019,전라남도,담양군,46710,254,순창군,14.99,13.19,-4.57,True,23.95,1284.2,1.45,1843.6,2634.1,-0.25,-1.24,1.01,12.0,365,,이번 산출물에서 제외(사용자 요청) - 추후 국토지리정보원 자료로 보강 필요,ASOS 일자료 조회서비스 응답 항목에 토양수분 필드 자체가 없어 변수 제외,"최근접 관측소 매칭(중심점법:exact, 거리 14.99km)"
2020,전라남도,담양군,46710,254,순창군,14.99,13.04,-2.32,True,24.4,2133.7,1.74,1775.2,2544.2,0.38,-2.08,1.97,12.0,366,,이번 산출물에서 제외(사용자 요청) - 추후 국토지리정보원 자료로 보강 필요,ASOS 일자료 조회서비스 응답 항목에 토양수분 필드 자체가 없어 변수 제외,"최근접 관측소 매칭(중심점법:exact, 거리 14.99km)"
2021,전라남도,담양군,46710,254,순창군,14.99,13.62,-4.59,True,24.92,1232.6,1.5,1965.7,2790.0,-0.21,-0.83,1.22,12.0,365,,이번 산출물에서 제외(사용자 요청) - 추후 국토지리정보원 자료로 보강 필요,ASOS 일자료 조회서비스 응답 항목에 토양수분 필드 자체가 없어 변수 제외,"최근접 관측소 매칭(중심점법:exact, 거리 14.99km)"
2022,전라남도,담양군,46710,254,순창군,14.99,13.11,-5.23,True,25.19,877.1,1.66,1956.2,2772.3,-1.08,-2.12,-0.27,12.0,365,,이번 산출물에서 제외(사용자 요청) - 추후 국토지리정보원 자료로 보강 필요,ASOS 일자료 조회서비스 응답 항목에 토양수분 필드 자체가 없어 변수 제외,"최근접 관측소 매칭(중심점법:exact, 거리 14.99km)"
2023,전라남도,담양군,46710,254,순창군,14.99,13.81,-5.78,True,25.15,2097.3,1.56,2061.1,2900.3,0.32,-1.45,2.2,12.0,365,,이번 산출물에서 제외(사용자 요청) - 추후 국토지리정보원 자료로 보강 필요,ASOS 일자료 조회서비스 응답 항목에 토양수분 필드 자체가 없어 변수 제외,"최근접 관측소 매칭(중심점법:exact, 거리 14.99km)"
2024,전라남도,담양군,46710,254,순창군,14.99,14.7,-1.76,True,25.96,1399.3,1.61,2281.1,3134.9,0.52,-0.64,2.32,12.0,366,,이번 산출물에서 제외(사용자 요청) - 추후 국토지리정보원 자료로 보강 필요,ASOS 일자료 조회서비스 응답 항목에 토양수분 필드 자체가 없어 변수 제외,"최근접 관측소 매칭(중심점법:exact, 거리 14.99km)"
2025,전라남도,담양군,46710,254,순창군,14.99,13.78,-4.82,True,25.91,1945.9,1.69,2161.8,2960.8,0.47,-0.7,1.56,12.0,365,,이번 산출물에서 제외(사용자 요청) - 추후 국토지리정보원 자료로 보강 필요,ASOS 일자료 조회서비스 응답 항목에 토양수분 필드 자체가 없어 변수 제외,"최근접 관측소 매칭(중심점법:exact, 거리 14.99km)"
2016,전라남도,목포시,46110,165,목포,1.83,14.82,0.78,True,25.4,1398.0,3.11,2143.0,3027.3,0.65,-0.92,1.66,11.0,366,,이번 산출물에서 제외(사용자 요청) - 추후 국토지리정보원 자료로 보강 필요,ASOS 일자료 조회서비스 응답 항목에 토양수분 필드 자체가 없어 변수 제외,"최근접 관측소 매칭(중심점법:exact, 거리 1.83km)"
2017,전라남도,목포시,46110,165,목포,1.83,14.32,0.17,True,25.39,722.5,3.47,2063.0,2875.6,-1.03,-2.34,0.44,12.0,365,,이번 산출물에서 제외(사용자 요청) - 추후 국토지리정보원 자료로 보강 필요,ASOS 일자료 조회서비스 응답 항목에 토양수분 필드 자체가 없어 변수 제외,"최근접 관측소 매칭(중심점법:exact, 거리 1.83km)"
2018,전라남도,목포시,46110,165,목포,1.83,14.49,-1.85,True,26.39,1363.3,3.4,2151.2,3033.7,0.58,-0.83,1.9,12.0,365,,이번 산출물에서 제외(사용자 요청) - 추후 국토지리정보원 자료로 보강 필요,ASOS 일자료 조회서비스 응답 항목에 토양수분 필드 자체가 없어 변수 제외,"최근접 관측소 매칭(중심점법:exact, 거리 1.83km)"
2019,전라남도,목포시,46110,165,목포,1.83,14.39,0.08,True,24.38,1248.4,3.43,1989.3,2821.9,0.15,-0.98,1.39,12.0,365,,이번 산출물에서 제외(사용자 요청) - 추후 국토지리정보원 자료로 보강 필요,ASOS 일자료 조회서비스 응답 항목에 토양수분 필드 자체가 없어 변수 제외,"최근접 관측소 매칭(중심점법:exact, 거리 1.83km)"
2020,전라남도,목포시,46110,165,목포,1.83,14.0,1.32,True,24.32,1427.7,3.59,1848.4,2671.2,0.27,-1.81,1.44,12.0,366,,이번 산출물에서 제외(사용자 요청) - 추후 국토지리정보원 자료로 보강 필요,ASOS 일자료 조회서비스 응답 항목에 토양수분 필드 자체가 없어 변수 제외,"최근접 관측소 매칭(중심점법:exact, 거리 1.83km)"
2021,전라남도,목포시,46110,165,목포,1.83,15.11,-0.11,True,25.34,1101.0,3.36,2113.4,3015.4,-0.31,-1.66,0.89,12.0,365,,이번 산출물에서 제외(사용자 요청) - 추후 국토지리정보원 자료로 보강 필요,ASOS 일자료 조회서비스 응답 항목에 토양수분 필드 자체가 없어 변수 제외,"최근접 관측소 매칭(중심점법:exact, 거리 1.83km)"
2022,전라남도,목포시,46110,165,목포,1.83,14.35,-0.51,True,25.36,739.9,3.67,2073.8,2958.6,-1.13,-2.13,-0.32,12.0,365,,이번 산출물에서 제외(사용자 요청) - 추후 국토지리정보원 자료로 보강 필요,ASOS 일자료 조회서비스 응답 항목에 토양수분 필드 자체가 없어 변수 제외,"최근접 관측소 매칭(중심점법:exact, 거리 1.83km)"
2023,전라남도,목포시,46110,165,목포,1.83,14.97,-0.93,True,25.19,1577.9,3.53,2160.4,3045.3,0.26,-0.91,2.12,12.0,365,,이번 산출물에서 제외(사용자 요청) - 추후 국토지리정보원 자료로 보강 필요,ASOS 일자료 조회서비스 응답 항목에 토양수분 필드 자체가 없어 변수 제외,"최근접 관측소 매칭(중심점법:exact, 거리 1.83km)"
2024,전라남도,목포시,46110,165,목포,1.83,15.75,1.79,True,25.92,1285.2,3.45,2342.4,3237.3,0.65,-0.37,2.34,12.0,366,,이번 산출물에서 제외(사용자 요청) - 추후 국토지리정보원 자료로 보강 필요,ASOS 일자료 조회서비스 응답 항목에 토양수분 필드 자체가 없어 변수 제외,"최근접 관측소 매칭(중심점법:exact, 거리 1.83km)"
2025,전라남도,목포시,46110,165,목포,1.83,15.16,-0.1,True,26.2,1247.4,3.51,2241.4,3104.5,-0.02,-0.96,0.67,12.0,365,,이번 산출물에서 제외(사용자 요청) - 추후 국토지리정보원 자료로 보강 필요,ASOS 일자료 조회서비스 응답 항목에 토양수분 필드 자체가 없어 변수 제외,"최근접 관측소 매칭(중심점법:exact, 거리 1.83km)"
2016,전라남도,무안군,46840,165,목포,15.64,14.82,0.78,True,25.4,1398.0,3.11,2143.0,3027.3,0.65,-0.92,1.66,11.0,366,,이번 산출물에서 제외(사용자 요청) - 추후 국토지리정보원 자료로 보강 필요,ASOS 일자료 조회서비스 응답 항목에 토양수분 필드 자체가 없어 변수 제외,"최근접 관측소 매칭(중심점법:exact, 거리 15.64km)"
2017,전라남도,무안군,46840,165,목포,15.64,14.32,0.17,True,25.39,722.5,3.47,2063.0,2875.6,-1.03,-2.34,0.44,12.0,365,,이번 산출물에서 제외(사용자 요청) - 추후 국토지리정보원 자료로 보강 필요,ASOS 일자료 조회서비스 응답 항목에 토양수분 필드 자체가 없어 변수 제외,"최근접 관측소 매칭(중심점법:exact, 거리 15.64km)"
2018,전라남도,무안군,46840,165,목포,15.64,14.49,-1.85,True,26.39,1363.3,3.4,2151.2,3033.7,0.58,-0.83,1.9,12.0,365,,이번 산출물에서 제외(사용자 요청) - 추후 국토지리정보원 자료로 보강 필요,ASOS 일자료 조회서비스 응답 항목에 토양수분 필드 자체가 없어 변수 제외,"최근접 관측소 매칭(중심점법:exact, 거리 15.64km)"
2019,전라남도,무안군,46840,165,목포,15.64,14.39,0.08,True,24.38,1248.4,3.43,1989.3,2821.9,0.15,-0.98,1.39,12.0,365,,이번 산출물에서 제외(사용자 요청) - 추후 국토지리정보원 자료로 보강 필요,ASOS 일자료 조회서비스 응답 항목에 토양수분 필드 자체가 없어 변수 제외,"최근접 관측소 매칭(중심점법:exact, 거리 15.64km)"
2020,전라남도,무안군,46840,165,목포,15.64,14.0,1.32,True,24.32,1427.7,3.59,1848.4,2671.2,0.27,-1.81,1.44,12.0,366,,이번 산출물에서 제외(사용자 요청) - 추후 국토지리정보원 자료로 보강 필요,ASOS 일자료 조회서비스 응답 항목에 토양수분 필드 자체가 없어 변수 제외,"최근접 관측소 매칭(중심점법:exact, 거리 15.64km)"
2021,전라남도,무안군,46840,165,목포,15.64,15.11,-0.11,True,25.34,1101.0,3.36,2113.4,3015.4,-0.31,-1.66,0.89,12.0,365,,이번 산출물에서 제외(사용자 요청) - 추후 국토지리정보원 자료로 보강 필요,ASOS 일자료 조회서비스 응답 항목에 토양수분 필드 자체가 없어 변수 제외,"최근접 관측소 매칭(중심점법:exact, 거리 15.64km)"
2022,전라남도,무안군,46840,165,목포,15.64,14.35,-0.51,True,25.36,739.9,3.67,2073.8,2958.6,-1.13,-2.13,-0.32,12.0,365,,이번 산출물에서 제외(사용자 요청) - 추후 국토지리정보원 자료로 보강 필요,ASOS 일자료 조회서비스 응답 항목에 토양수분 필드 자체가 없어 변수 제외,"최근접 관측소 매칭(중심점법:exact, 거리 15.64km)"
2023,전라남도,무안군,46840,165,목포,15.64,14.97,-0.93,True,25.19,1577.9,3.53,2160.4,3045.3,0.26,-0.91,2.12,12.0,365,,이번 산출물에서 제외(사용자 요청) - 추후 국토지리정보원 자료로 보강 필요,ASOS 일자료 조회서비스 응답 항목에 토양수분 필드 자체가 없어 변수 제외,"최근접 관측소 매칭(중심점법:exact, 거리 15.64km)"
2024,전라남도,무안군,46840,165,목포,15.64,15.75,1.79,True,25.92,1285.2,3.45,2342.4,3237.3,0.65,-0.37,2.34,12.0,366,,이번 산출물에서 제외(사용자 요청) - 추후 국토지리정보원 자료로 보강 필요,ASOS 일자료 조회서비스 응답 항목에 토양수분 필드 자체가 없어 변수 제외,"최근접 관측소 매칭(중심점법:exact, 거리 15.64km)"
2025,전라남도,무안군,46840,165,목포,15.64,15.16,-0.1,True,26.2,1247.4,3.51,2241.4,3104.5,-0.02,-0.96,0.67,12.0,365,,이번 산출물에서 제외(사용자 요청) - 추후 국토지리정보원 자료로 보강 필요,ASOS 일자료 조회서비스 응답 항목에 토양수분 필드 자체가 없어 변수 제외,"최근접 관측소 매칭(중심점법:exact, 거리 15.64km)"
2016,전라남도,보성군,46780,258,보성군,7.28,14.7,-0.75,True,25.18,1599.8,2.43,2078.8,2944.5,0.41,-1.4,1.56,11.0,366,,이번 산출물에서 제외(사용자 요청) - 추후 국토지리정보원 자료로 보강 필요,ASOS 일자료 조회서비스 응답 항목에 토양수분 필드 자체가 없어 변수 제외,"최근접 관측소 매칭(중심점법:exact, 거리 7.28km)"
2017,전라남도,보성군,46780,258,보성군,7.28,14.16,-1.71,True,25.22,918.1,1.7,2021.6,2833.8,-0.85,-2.52,0.82,12.0,365,,이번 산출물에서 제외(사용자 요청) - 추후 국토지리정보원 자료로 보강 필요,ASOS 일자료 조회서비스 응답 항목에 토양수분 필드 자체가 없어 변수 제외,"최근접 관측소 매칭(중심점법:exact, 거리 7.28km)"
2018,전라남도,보성군,46780,258,보성군,7.28,14.09,-4.11,True,25.89,1430.1,2.02,1971.4,2831.0,0.01,-1.33,0.86,12.0,365,,이번 산출물에서 제외(사용자 요청) - 추후 국토지리정보원 자료로 보강 필요,ASOS 일자료 조회서비스 응답 항목에 토양수분 필드 자체가 없어 변수 제외,"최근접 관측소 매칭(중심점법:exact, 거리 7.28km)"
2019,전라남도,보성군,46780,258,보성군,7.28,14.38,-1.69,True,24.22,1527.2,2.98,1913.4,2751.3,0.17,-0.51,1.4,12.0,365,,이번 산출물에서 제외(사용자 요청) - 추후 국토지리정보원 자료로 보강 필요,ASOS 일자료 조회서비스 응답 항목에 토양수분 필드 자체가 없어 변수 제외,"최근접 관측소 매칭(중심점법:exact, 거리 7.28km)"
2020,전라남도,보성군,46780,258,보성군,7.28,14.61,0.2,True,24.9,1716.2,3.18,1913.4,2758.5,0.1,-1.97,1.34,12.0,366,,이번 산출물에서 제외(사용자 요청) - 추후 국토지리정보원 자료로 보강 필요,ASOS 일자료 조회서비스 응답 항목에 토양수분 필드 자체가 없어 변수 제외,"최근접 관측소 매칭(중심점법:exact, 거리 7.28km)"
2021,전라남도,보성군,46780,258,보성군,7.28,15.03,-2.08,True,25.29,1708.3,3.04,2058.8,2964.4,0.14,-1.41,2.02,12.0,365,,이번 산출물에서 제외(사용자 요청) - 추후 국토지리정보원 자료로 보강 필요,ASOS 일자료 조회서비스 응답 항목에 토양수분 필드 자체가 없어 변수 제외,"최근접 관측소 매칭(중심점법:exact, 거리 7.28km)"
2022,전라남도,보성군,46780,258,보성군,7.28,14.68,-2.39,True,25.57,1056.4,3.1,2084.1,2972.6,-0.94,-2.36,0.12,12.0,365,,이번 산출물에서 제외(사용자 요청) - 추후 국토지리정보원 자료로 보강 필요,ASOS 일자료 조회서비스 응답 항목에 토양수분 필드 자체가 없어 변수 제외,"최근접 관측소 매칭(중심점법:exact, 거리 7.28km)"
2023,전라남도,보성군,46780,258,보성군,7.28,15.01,-2.26,True,25.47,2015.6,2.61,2127.1,3021.0,0.41,-1.63,1.73,12.0,365,,이번 산출물에서 제외(사용자 요청) - 추후 국토지리정보원 자료로 보강 필요,ASOS 일자료 조회서비스 응답 항목에 토양수분 필드 자체가 없어 변수 제외,"최근접 관측소 매칭(중심점법:exact, 거리 7.28km)"
2024,전라남도,보성군,46780,258,보성군,7.28,15.83,0.05,True,26.24,1928.2,2.59,2359.4,3245.8,0.94,-0.34,1.76,12.0,366,,이번 산출물에서 제외(사용자 요청) - 추후 국토지리정보원 자료로 보강 필요,ASOS 일자료 조회서비스 응답 항목에 토양수분 필드 자체가 없어 변수 제외,"최근접 관측소 매칭(중심점법:exact, 거리 7.28km)"
2025,전라남도,보성군,46780,258,보성군,7.28,15.01,-2.64,True,26.21,1262.4,2.58,2254.4,3095.6,-0.33,-1.49,0.47,12.0,365,,이번 산출물에서 제외(사용자 요청) - 추후 국토지리정보원 자료로 보강 필요,ASOS 일자료 조회서비스 응답 항목에 토양수분 필드 자체가 없어 변수 제외,"최근접 관측소 매칭(중심점법:exact, 거리 7.28km)"
2016,전라남도,순천시,46150,174,순천,3.43,13.93,-2.34,True,25.1,1614.6,1.74,2029.9,2871.7,0.47,-1.46,1.79,11.0,366,,이번 산출물에서 제외(사용자 요청) - 추후 국토지리정보원 자료로 보강 필요,ASOS 일자료 조회서비스 응답 항목에 토양수분 필드 자체가 없어 변수 제외,"최근접 관측소 매칭(중심점법:exact, 거리 3.43km)"
2017,전라남도,순천시,46150,174,순천,3.43,12.78,-3.45,True,24.26,883.4,1.83,1806.2,2591.4,-0.93,-1.85,0.66,12.0,365,,이번 산출물에서 제외(사용자 요청) - 추후 국토지리정보원 자료로 보강 필요,ASOS 일자료 조회서비스 응답 항목에 토양수분 필드 자체가 없어 변수 제외,"최근접 관측소 매칭(중심점법:exact, 거리 3.43km)"
2018,전라남도,순천시,46150,174,순천,3.43,12.77,-5.56,True,24.61,1532.4,1.78,1734.6,2542.6,0.12,-1.45,1.3,12.0,365,,이번 산출물에서 제외(사용자 요청) - 추후 국토지리정보원 자료로 보강 필요,ASOS 일자료 조회서비스 응답 항목에 토양수분 필드 자체가 없어 변수 제외,"최근접 관측소 매칭(중심점법:exact, 거리 3.43km)"
2019,전라남도,순천시,46150,174,순천,3.43,13.17,-2.97,True,23.08,1568.2,1.85,1716.7,2521.7,0.06,-1.0,1.03,12.0,365,,이번 산출물에서 제외(사용자 요청) - 추후 국토지리정보원 자료로 보강 필요,ASOS 일자료 조회서비스 응답 항목에 토양수분 필드 자체가 없어 변수 제외,"최근접 관측소 매칭(중심점법:exact, 거리 3.43km)"
2020,전라남도,순천시,46150,174,순천,3.43,13.08,-1.61,True,23.65,1906.1,2.06,1662.8,2448.7,0.37,-1.93,1.77,12.0,366,,이번 산출물에서 제외(사용자 요청) - 추후 국토지리정보원 자료로 보강 필요,ASOS 일자료 조회서비스 응답 항목에 토양수분 필드 자체가 없어 변수 제외,"최근접 관측소 매칭(중심점법:exact, 거리 3.43km)"
2021,전라남도,순천시,46150,174,순천,3.43,13.56,-3.97,True,24.08,1320.9,1.88,1825.0,2659.0,-0.34,-1.08,0.88,12.0,365,,이번 산출물에서 제외(사용자 요청) - 추후 국토지리정보원 자료로 보강 필요,ASOS 일자료 조회서비스 응답 항목에 토양수분 필드 자체가 없어 변수 제외,"최근접 관측소 매칭(중심점법:exact, 거리 3.43km)"
2022,전라남도,순천시,46150,174,순천,3.43,13.24,-4.04,True,24.4,987.0,2.03,1845.4,2680.6,-1.16,-2.42,-0.57,12.0,365,,이번 산출물에서 제외(사용자 요청) - 추후 국토지리정보원 자료로 보강 필요,ASOS 일자료 조회서비스 응답 항목에 토양수분 필드 자체가 없어 변수 제외,"최근접 관측소 매칭(중심점법:exact, 거리 3.43km)"
2023,전라남도,순천시,46150,174,순천,3.43,13.53,-4.27,True,24.25,2139.5,1.78,1864.1,2709.6,0.56,-0.49,1.74,12.0,365,,이번 산출물에서 제외(사용자 요청) - 추후 국토지리정보원 자료로 보강 필요,ASOS 일자료 조회서비스 응답 항목에 토양수분 필드 자체가 없어 변수 제외,"최근접 관측소 매칭(중심점법:exact, 거리 3.43km)"
2024,전라남도,순천시,46150,174,순천,3.43,13.86,-1.79,True,24.12,1970.6,1.7,1932.1,2781.0,1.03,-0.27,1.79,12.0,366,,이번 산출물에서 제외(사용자 요청) - 추후 국토지리정보원 자료로 보강 필요,ASOS 일자료 조회서비스 응답 항목에 토양수분 필드 자체가 없어 변수 제외,"최근접 관측소 매칭(중심점법:exact, 거리 3.43km)"
2025,전라남도,순천시,46150,174,순천,3.43,13.11,-4.38,True,24.49,1583.6,1.7,1924.4,2705.7,-0.11,-1.53,0.84,12.0,365,,이번 산출물에서 제외(사용자 요청) - 추후 국토지리정보원 자료로 보강 필요,ASOS 일자료 조회서비스 응답 항목에 토양수분 필드 자체가 없어 변수 제외,"최근접 관측소 매칭(중심점법:exact, 거리 3.43km)"
2016,전라남도,신안군,46910,165,목포,30.61,14.82,0.78,True,25.4,1398.0,3.11,2143.0,3027.3,0.65,-0.92,1.66,11.0,366,,이번 산출물에서 제외(사용자 요청) - 추후 국토지리정보원 자료로 보강 필요,ASOS 일자료 조회서비스 응답 항목에 토양수분 필드 자체가 없어 변수 제외,"최근접 관측소 매칭(중심점법:exact, 거리 30.61km) - 30km 이상 이격, 대표성 낮을 수 있음"
2017,전라남도,신안군,46910,165,목포,30.61,14.32,0.17,True,25.39,722.5,3.47,2063.0,2875.6,-1.03,-2.34,0.44,12.0,365,,이번 산출물에서 제외(사용자 요청) - 추후 국토지리정보원 자료로 보강 필요,ASOS 일자료 조회서비스 응답 항목에 토양수분 필드 자체가 없어 변수 제외,"최근접 관측소 매칭(중심점법:exact, 거리 30.61km) - 30km 이상 이격, 대표성 낮을 수 있음"
2018,전라남도,신안군,46910,165,목포,30.61,14.49,-1.85,True,26.39,1363.3,3.4,2151.2,3033.7,0.58,-0.83,1.9,12.0,365,,이번 산출물에서 제외(사용자 요청) - 추후 국토지리정보원 자료로 보강 필요,ASOS 일자료 조회서비스 응답 항목에 토양수분 필드 자체가 없어 변수 제외,"최근접 관측소 매칭(중심점법:exact, 거리 30.61km) - 30km 이상 이격, 대표성 낮을 수 있음"
2019,전라남도,신안군,46910,165,목포,30.61,14.39,0.08,True,24.38,1248.4,3.43,1989.3,2821.9,0.15,-0.98,1.39,12.0,365,,이번 산출물에서 제외(사용자 요청) - 추후 국토지리정보원 자료로 보강 필요,ASOS 일자료 조회서비스 응답 항목에 토양수분 필드 자체가 없어 변수 제외,"최근접 관측소 매칭(중심점법:exact, 거리 30.61km) - 30km 이상 이격, 대표성 낮을 수 있음"
2020,전라남도,신안군,46910,165,목포,30.61,14.0,1.32,True,24.32,1427.7,3.59,1848.4,2671.2,0.27,-1.81,1.44,12.0,366,,이번 산출물에서 제외(사용자 요청) - 추후 국토지리정보원 자료로 보강 필요,ASOS 일자료 조회서비스 응답 항목에 토양수분 필드 자체가 없어 변수 제외,"최근접 관측소 매칭(중심점법:exact, 거리 30.61km) - 30km 이상 이격, 대표성 낮을 수 있음"
2021,전라남도,신안군,46910,165,목포,30.61,15.11,-0.11,True,25.34,1101.0,3.36,2113.4,3015.4,-0.31,-1.66,0.89,12.0,365,,이번 산출물에서 제외(사용자 요청) - 추후 국토지리정보원 자료로 보강 필요,ASOS 일자료 조회서비스 응답 항목에 토양수분 필드 자체가 없어 변수 제외,"최근접 관측소 매칭(중심점법:exact, 거리 30.61km) - 30km 이상 이격, 대표성 낮을 수 있음"
2022,전라남도,신안군,46910,165,목포,30.61,14.35,-0.51,True,25.36,739.9,3.67,2073.8,2958.6,-1.13,-2.13,-0.32,12.0,365,,이번 산출물에서 제외(사용자 요청) - 추후 국토지리정보원 자료로 보강 필요,ASOS 일자료 조회서비스 응답 항목에 토양수분 필드 자체가 없어 변수 제외,"최근접 관측소 매칭(중심점법:exact, 거리 30.61km) - 30km 이상 이격, 대표성 낮을 수 있음"
2023,전라남도,신안군,46910,165,목포,30.61,14.97,-0.93,True,25.19,1577.9,3.53,2160.4,3045.3,0.26,-0.91,2.12,12.0,365,,이번 산출물에서 제외(사용자 요청) - 추후 국토지리정보원 자료로 보강 필요,ASOS 일자료 조회서비스 응답 항목에 토양수분 필드 자체가 없어 변수 제외,"최근접 관측소 매칭(중심점법:exact, 거리 30.61km) - 30km 이상 이격, 대표성 낮을 수 있음"
2024,전라남도,신안군,46910,165,목포,30.61,15.75,1.79,True,25.92,1285.2,3.45,2342.4,3237.3,0.65,-0.37,2.34,12.0,366,,이번 산출물에서 제외(사용자 요청) - 추후 국토지리정보원 자료로 보강 필요,ASOS 일자료 조회서비스 응답 항목에 토양수분 필드 자체가 없어 변수 제외,"최근접 관측소 매칭(중심점법:exact, 거리 30.61km) - 30km 이상 이격, 대표성 낮을 수 있음"
2025,전라남도,신안군,46910,165,목포,30.61,15.16,-0.1,True,26.2,1247.4,3.51,2241.4,3104.5,-0.02,-0.96,0.67,12.0,365,,이번 산출물에서 제외(사용자 요청) - 추후 국토지리정보원 자료로 보강 필요,ASOS 일자료 조회서비스 응답 항목에 토양수분 필드 자체가 없어 변수 제외,"최근접 관측소 매칭(중심점법:exact, 거리 30.61km) - 30km 이상 이격, 대표성 낮을 수 있음"
2016,전라남도,여수시,46130,168,여수,8.93,15.3,1.66,True,24.97,1616.6,3.87,2157.5,3073.9,0.4,-1.66,1.54,11.0,366,,이번 산출물에서 제외(사용자 요청) - 추후 국토지리정보원 자료로 보강 필요,ASOS 일자료 조회서비스 응답 항목에 토양수분 필드 자체가 없어 변수 제외,"최근접 관측소 매칭(중심점법:exact, 거리 8.93km)"
2017,전라남도,여수시,46130,168,여수,8.93,15.05,1.24,True,25.05,1019.6,3.91,2149.0,3019.5,-0.56,-2.19,1.65,12.0,365,,이번 산출물에서 제외(사용자 요청) - 추후 국토지리정보원 자료로 보강 필요,ASOS 일자료 조회서비스 응답 항목에 토양수분 필드 자체가 없어 변수 제외,"최근접 관측소 매칭(중심점법:exact, 거리 8.93km)"
2018,전라남도,여수시,46130,168,여수,8.93,14.98,-0.9,True,25.67,1578.7,3.88,2122.2,3043.4,0.24,-1.4,1.46,12.0,365,,이번 산출물에서 제외(사용자 요청) - 추후 국토지리정보원 자료로 보강 필요,ASOS 일자료 조회서비스 응답 항목에 토양수분 필드 자체가 없어 변수 제외,"최근접 관측소 매칭(중심점법:exact, 거리 8.93km)"
2019,전라남도,여수시,46130,168,여수,8.93,15.44,1.41,True,24.26,1529.9,3.77,2098.1,3018.7,0.17,-0.66,1.2,12.0,365,,이번 산출물에서 제외(사용자 요청) - 추후 국토지리정보원 자료로 보강 필요,ASOS 일자료 조회서비스 응답 항목에 토양수분 필드 자체가 없어 변수 제외,"최근접 관측소 매칭(중심점법:exact, 거리 8.93km)"
2020,전라남도,여수시,46130,168,여수,8.93,15.07,3.17,True,24.08,1751.9,3.86,1954.6,2869.0,0.14,-1.66,1.63,12.0,366,,이번 산출물에서 제외(사용자 요청) - 추후 국토지리정보원 자료로 보강 필요,ASOS 일자료 조회서비스 응답 항목에 토양수분 필드 자체가 없어 변수 제외,"최근접 관측소 매칭(중심점법:exact, 거리 8.93km)"
2021,전라남도,여수시,46130,168,여수,8.93,15.72,0.93,True,25.24,1571.2,3.89,2188.5,3164.2,-0.01,-1.24,1.55,12.0,365,,이번 산출물에서 제외(사용자 요청) - 추후 국토지리정보원 자료로 보강 필요,ASOS 일자료 조회서비스 응답 항목에 토양수분 필드 자체가 없어 변수 제외,"최근접 관측소 매칭(중심점법:exact, 거리 8.93km)"
2022,전라남도,여수시,46130,168,여수,8.93,15.15,0.62,True,24.86,1067.4,4.01,2155.2,3079.0,-0.95,-2.5,0.05,12.0,365,,이번 산출물에서 제외(사용자 요청) - 추후 국토지리정보원 자료로 보강 필요,ASOS 일자료 조회서비스 응답 항목에 토양수분 필드 자체가 없어 변수 제외,"최근접 관측소 매칭(중심점법:exact, 거리 8.93km)"
2023,전라남도,여수시,46130,168,여수,8.93,15.61,0.48,True,24.96,1935.4,3.63,2194.4,3140.3,0.43,-0.8,1.56,12.0,365,,이번 산출물에서 제외(사용자 요청) - 추후 국토지리정보원 자료로 보강 필요,ASOS 일자료 조회서비스 응답 항목에 토양수분 필드 자체가 없어 변수 제외,"최근접 관측소 매칭(중심점법:exact, 거리 8.93km)"
2024,전라남도,여수시,46130,168,여수,8.93,16.29,2.45,True,25.76,1710.4,3.97,2419.1,3345.9,0.62,-1.3,1.53,12.0,366,,이번 산출물에서 제외(사용자 요청) - 추후 국토지리정보원 자료로 보강 필요,ASOS 일자료 조회서비스 응답 항목에 토양수분 필드 자체가 없어 변수 제외,"최근접 관측소 매칭(중심점법:exact, 거리 8.93km)"
2025,전라남도,여수시,46130,168,여수,8.93,15.45,0.25,True,25.76,1183.7,3.82,2261.2,3157.3,-0.43,-1.25,0.56,12.0,365,,이번 산출물에서 제외(사용자 요청) - 추후 국토지리정보원 자료로 보강 필요,ASOS 일자료 조회서비스 응답 항목에 토양수분 필드 자체가 없어 변수 제외,"최근접 관측소 매칭(중심점법:exact, 거리 8.93km)"
2016,전라남도,영광군,46870,252,영광군,2.31,13.69,-1.98,True,25.06,1209.3,2.32,2009.9,2853.3,0.42,-1.4,1.83,11.0,366,,이번 산출물에서 제외(사용자 요청) - 추후 국토지리정보원 자료로 보강 필요,ASOS 일자료 조회서비스 응답 항목에 토양수분 필드 자체가 없어 변수 제외,"최근접 관측소 매칭(중심점법:exact, 거리 2.31km)"
2017,전라남도,영광군,46870,252,영광군,2.31,12.95,-3.31,True,24.95,841.7,2.17,1911.2,2683.6,-1.14,-2.09,-0.04,12.0,365,,이번 산출물에서 제외(사용자 요청) - 추후 국토지리정보원 자료로 보강 필요,ASOS 일자료 조회서비스 응답 항목에 토양수분 필드 자체가 없어 변수 제외,"최근접 관측소 매칭(중심점법:exact, 거리 2.31km)"
2018,전라남도,영광군,46870,252,영광군,2.31,13.18,-5.25,True,25.86,1378.0,2.1,1981.4,2798.0,0.51,-1.15,1.57,12.0,365,,이번 산출물에서 제외(사용자 요청) - 추후 국토지리정보원 자료로 보강 필요,ASOS 일자료 조회서비스 응답 항목에 토양수분 필드 자체가 없어 변수 제외,"최근접 관측소 매칭(중심점법:exact, 거리 2.31km)"
2019,전라남도,영광군,46870,252,영광군,2.31,13.37,-3.47,True,24.07,1205.3,1.67,1843.6,2643.8,-0.04,-1.37,1.52,12.0,365,,이번 산출물에서 제외(사용자 요청) - 추후 국토지리정보원 자료로 보강 필요,ASOS 일자료 조회서비스 응답 항목에 토양수분 필드 자체가 없어 변수 제외,"최근접 관측소 매칭(중심점법:exact, 거리 2.31km)"
2020,전라남도,영광군,46870,252,영광군,2.31,13.34,-0.53,True,24.17,1787.9,1.71,1778.2,2556.0,0.67,-1.62,2.19,12.0,366,,이번 산출물에서 제외(사용자 요청) - 추후 국토지리정보원 자료로 보강 필요,ASOS 일자료 조회서비스 응답 항목에 토양수분 필드 자체가 없어 변수 제외,"최근접 관측소 매칭(중심점법:exact, 거리 2.31km)"
2021,전라남도,영광군,46870,252,영광군,2.31,13.98,-2.94,True,24.8,1202.6,1.64,1973.3,2797.7,-0.05,-0.5,0.68,12.0,365,,이번 산출물에서 제외(사용자 요청) - 추후 국토지리정보원 자료로 보강 필요,ASOS 일자료 조회서비스 응답 항목에 토양수분 필드 자체가 없어 변수 제외,"최근접 관측소 매칭(중심점법:exact, 거리 2.31km)"
2022,전라남도,영광군,46870,252,영광군,2.31,13.49,-3.32,True,25.27,802.7,1.77,1961.3,2788.4,-0.95,-2.25,-0.16,12.0,365,,이번 산출물에서 제외(사용자 요청) - 추후 국토지리정보원 자료로 보강 필요,ASOS 일자료 조회서비스 응답 항목에 토양수분 필드 자체가 없어 변수 제외,"최근접 관측소 매칭(중심점법:exact, 거리 2.31km)"
2023,전라남도,영광군,46870,252,영광군,2.31,14.15,-3.86,True,25.05,1496.1,1.66,2056.4,2897.7,0.06,-1.26,1.77,12.0,365,,이번 산출물에서 제외(사용자 요청) - 추후 국토지리정보원 자료로 보강 필요,ASOS 일자료 조회서비스 응답 항목에 토양수분 필드 자체가 없어 변수 제외,"최근접 관측소 매칭(중심점법:exact, 거리 2.31km)"
2024,전라남도,영광군,46870,252,영광군,2.31,14.98,-0.47,True,25.92,1051.7,1.62,2242.5,3109.1,0.21,-1.4,2.15,12.0,366,,이번 산출물에서 제외(사용자 요청) - 추후 국토지리정보원 자료로 보강 필요,ASOS 일자료 조회서비스 응답 항목에 토양수분 필드 자체가 없어 변수 제외,"최근접 관측소 매칭(중심점법:exact, 거리 2.31km)"
2025,전라남도,영광군,46870,252,영광군,2.31,14.41,-2.71,True,26.02,1406.1,1.72,2159.9,2956.0,0.32,-0.41,1.31,12.0,365,,이번 산출물에서 제외(사용자 요청) - 추후 국토지리정보원 자료로 보강 필요,ASOS 일자료 조회서비스 응답 항목에 토양수분 필드 자체가 없어 변수 제외,"최근접 관측소 매칭(중심점법:exact, 거리 2.31km)"
2016,전라남도,영암군,46830,259,강진군,22.27,14.45,-1.02,True,25.02,1619.4,2.33,2070.2,2934.5,0.39,-1.42,1.5,11.0,366,,이번 산출물에서 제외(사용자 요청) - 추후 국토지리정보원 자료로 보강 필요,ASOS 일자료 조회서비스 응답 항목에 토양수분 필드 자체가 없어 변수 제외,"최근접 관측소 매칭(중심점법:exact, 거리 22.27km)"
2017,전라남도,영암군,46830,259,강진군,22.27,13.67,-1.54,True,24.78,816.2,2.34,1950.0,2743.8,-1.15,-2.52,0.94,12.0,365,,이번 산출물에서 제외(사용자 요청) - 추후 국토지리정보원 자료로 보강 필요,ASOS 일자료 조회서비스 응답 항목에 토양수분 필드 자체가 없어 변수 제외,"최근접 관측소 매칭(중심점법:exact, 거리 22.27km)"
2018,전라남도,영암군,46830,259,강진군,22.27,14.09,-3.83,True,25.93,1634.5,2.37,2025.0,2882.8,0.33,-1.13,2.05,12.0,365,,이번 산출물에서 제외(사용자 요청) - 추후 국토지리정보원 자료로 보강 필요,ASOS 일자료 조회서비스 응답 항목에 토양수분 필드 자체가 없어 변수 제외,"최근접 관측소 매칭(중심점법:exact, 거리 22.27km)"
2019,전라남도,영암군,46830,259,강진군,22.27,14.3,-1.41,True,24.2,1481.6,2.23,1946.3,2785.6,-0.05,-0.96,0.88,12.0,365,,이번 산출물에서 제외(사용자 요청) - 추후 국토지리정보원 자료로 보강 필요,ASOS 일자료 조회서비스 응답 항목에 토양수분 필드 자체가 없어 변수 제외,"최근접 관측소 매칭(중심점법:exact, 거리 22.27km)"
2020,전라남도,영암군,46830,259,강진군,22.27,14.22,0.04,True,24.5,1654.4,2.25,1861.2,2703.1,0.17,-1.71,1.27,12.0,366,,이번 산출물에서 제외(사용자 요청) - 추후 국토지리정보원 자료로 보강 필요,ASOS 일자료 조회서비스 응답 항목에 토양수분 필드 자체가 없어 변수 제외,"최근접 관측소 매칭(중심점법:exact, 거리 22.27km)"
2021,전라남도,영암군,46830,259,강진군,22.27,14.88,-2.21,True,25.25,1494.8,1.81,2086.9,2984.3,-0.13,-1.31,1.0,12.0,365,,이번 산출물에서 제외(사용자 요청) - 추후 국토지리정보원 자료로 보강 필요,ASOS 일자료 조회서비스 응답 항목에 토양수분 필드 자체가 없어 변수 제외,"최근접 관측소 매칭(중심점법:exact, 거리 22.27km)"
2022,전라남도,영암군,46830,259,강진군,22.27,14.53,-2.46,True,25.67,1033.3,1.8,2126.0,3012.2,-0.9,-2.35,0.41,12.0,365,,이번 산출물에서 제외(사용자 요청) - 추후 국토지리정보원 자료로 보강 필요,ASOS 일자료 조회서비스 응답 항목에 토양수분 필드 자체가 없어 변수 제외,"최근접 관측소 매칭(중심점법:exact, 거리 22.27km)"
2023,전라남도,영암군,46830,259,강진군,22.27,15.01,-2.67,True,25.56,1933.3,1.63,2186.3,3074.8,0.48,-0.97,1.78,12.0,365,,이번 산출물에서 제외(사용자 요청) - 추후 국토지리정보원 자료로 보강 필요,ASOS 일자료 조회서비스 응답 항목에 토양수분 필드 자체가 없어 변수 제외,"최근접 관측소 매칭(중심점법:exact, 거리 22.27km)"
2024,전라남도,영암군,46830,259,강진군,22.27,15.72,0.14,True,26.17,1823.2,1.63,2398.4,3287.6,0.88,-0.63,1.71,12.0,366,,이번 산출물에서 제외(사용자 요청) - 추후 국토지리정보원 자료로 보강 필요,ASOS 일자료 조회서비스 응답 항목에 토양수분 필드 자체가 없어 변수 제외,"최근접 관측소 매칭(중심점법:exact, 거리 22.27km)"
2025,전라남도,영암군,46830,259,강진군,22.27,15.27,-2.23,True,26.39,1516.0,1.71,2305.6,3156.8,0.04,-1.15,0.93,12.0,365,,이번 산출물에서 제외(사용자 요청) - 추후 국토지리정보원 자료로 보강 필요,ASOS 일자료 조회서비스 응답 항목에 토양수분 필드 자체가 없어 변수 제외,"최근접 관측소 매칭(중심점법:exact, 거리 22.27km)"
2016,전라남도,완도군,46890,170,완도,13.19,15.09,1.4,True,24.75,1608.4,2.54,2113.1,3020.2,0.42,-0.89,1.43,11.0,366,,이번 산출물에서 제외(사용자 요청) - 추후 국토지리정보원 자료로 보강 필요,ASOS 일자료 조회서비스 응답 항목에 토양수분 필드 자체가 없어 변수 제외,"최근접 관측소 매칭(중심점법:exact, 거리 13.19km)"
2017,전라남도,완도군,46890,170,완도,13.19,14.98,1.02,True,25.19,958.1,2.42,2139.0,2990.4,-0.67,-2.33,1.07,12.0,365,,이번 산출물에서 제외(사용자 요청) - 추후 국토지리정보원 자료로 보강 필요,ASOS 일자료 조회서비스 응답 항목에 토양수분 필드 자체가 없어 변수 제외,"최근접 관측소 매칭(중심점법:exact, 거리 13.19km)"
2018,전라남도,완도군,46890,170,완도,13.19,14.9,-0.98,True,25.64,1431.4,2.44,2111.0,3023.4,0.07,-1.34,1.29,12.0,365,,이번 산출물에서 제외(사용자 요청) - 추후 국토지리정보원 자료로 보강 필요,ASOS 일자료 조회서비스 응답 항목에 토양수분 필드 자체가 없어 변수 제외,"최근접 관측소 매칭(중심점법:exact, 거리 13.19km)"
2019,전라남도,완도군,46890,170,완도,13.19,15.0,0.89,True,23.91,1678.8,2.32,2009.5,2886.8,0.33,-0.72,1.08,12.0,365,,이번 산출물에서 제외(사용자 요청) - 추후 국토지리정보원 자료로 보강 필요,ASOS 일자료 조회서비스 응답 항목에 토양수분 필드 자체가 없어 변수 제외,"최근접 관측소 매칭(중심점법:exact, 거리 13.19km)"
2020,전라남도,완도군,46890,170,완도,13.19,14.91,2.45,True,24.13,1580.7,2.38,1923.8,2822.6,0.15,-1.66,1.13,12.0,366,,이번 산출물에서 제외(사용자 요청) - 추후 국토지리정보원 자료로 보강 필요,ASOS 일자료 조회서비스 응답 항목에 토양수분 필드 자체가 없어 변수 제외,"최근접 관측소 매칭(중심점법:exact, 거리 13.19km)"
2021,전라남도,완도군,46890,170,완도,13.19,15.6,0.66,True,24.95,1607.2,2.47,2139.2,3109.8,0.13,-1.35,1.64,12.0,365,,이번 산출물에서 제외(사용자 요청) - 추후 국토지리정보원 자료로 보강 필요,ASOS 일자료 조회서비스 응답 항목에 토양수분 필드 자체가 없어 변수 제외,"최근접 관측소 매칭(중심점법:exact, 거리 13.19km)"
2022,전라남도,완도군,46890,170,완도,13.19,15.2,0.52,True,25.45,704.4,2.21,2203.0,3125.3,-1.53,-2.49,-0.62,12.0,365,,이번 산출물에서 제외(사용자 요청) - 추후 국토지리정보원 자료로 보강 필요,ASOS 일자료 조회서비스 응답 항목에 토양수분 필드 자체가 없어 변수 제외,"최근접 관측소 매칭(중심점법:exact, 거리 13.19km)"
2023,전라남도,완도군,46890,170,완도,13.19,15.69,0.11,True,25.33,1715.3,2.07,2254.2,3193.0,0.19,-1.3,1.2,12.0,365,,이번 산출물에서 제외(사용자 요청) - 추후 국토지리정보원 자료로 보강 필요,ASOS 일자료 조회서비스 응답 항목에 토양수분 필드 자체가 없어 변수 제외,"최근접 관측소 매칭(중심점법:exact, 거리 13.19km)"
2024,전라남도,완도군,46890,170,완도,13.19,16.62,2.43,True,26.34,1963.7,2.5,2542.4,3461.0,1.07,0.14,1.74,12.0,366,,이번 산출물에서 제외(사용자 요청) - 추후 국토지리정보원 자료로 보강 필요,ASOS 일자료 조회서비스 응답 항목에 토양수분 필드 자체가 없어 변수 제외,"최근접 관측소 매칭(중심점법:exact, 거리 13.19km)"
2025,전라남도,완도군,46890,170,완도,13.19,15.7,-0.16,True,26.5,1281.4,2.55,2418.4,3314.4,-0.09,-0.65,1.02,12.0,365,,이번 산출물에서 제외(사용자 요청) - 추후 국토지리정보원 자료로 보강 필요,ASOS 일자료 조회서비스 응답 항목에 토양수분 필드 자체가 없어 변수 제외,"최근접 관측소 매칭(중심점법:exact, 거리 13.19km)"
2016,전라남도,장성군,46880,251,고창군,12.52,14.38,-1.65,True,25.48,1126.1,1.69,2168.9,3040.0,0.25,-1.38,1.56,11.0,366,,이번 산출물에서 제외(사용자 요청) - 추후 국토지리정보원 자료로 보강 필요,ASOS 일자료 조회서비스 응답 항목에 토양수분 필드 자체가 없어 변수 제외,"최근접 관측소 매칭(중심점법:exact, 거리 12.52km)"
2017,전라남도,장성군,46880,251,고창군,12.52,13.54,-2.5,True,25.43,1063.3,1.63,2005.4,2789.3,-0.62,-2.14,0.47,12.0,365,,이번 산출물에서 제외(사용자 요청) - 추후 국토지리정보원 자료로 보강 필요,ASOS 일자료 조회서비스 응답 항목에 토양수분 필드 자체가 없어 변수 제외,"최근접 관측소 매칭(중심점법:exact, 거리 12.52km)"
2018,전라남도,장성군,46880,251,고창군,12.52,12.93,-5.16,True,25.25,1314.1,2.03,1898.8,2713.8,0.43,-1.0,1.55,12.0,365,,이번 산출물에서 제외(사용자 요청) - 추후 국토지리정보원 자료로 보강 필요,ASOS 일자료 조회서비스 응답 항목에 토양수분 필드 자체가 없어 변수 제외,"최근접 관측소 매칭(중심점법:exact, 거리 12.52km)"
2019,전라남도,장성군,46880,251,고창군,12.52,13.36,-3.64,True,23.85,1121.7,1.52,1841.5,2644.4,-0.21,-1.07,0.99,12.0,365,,이번 산출물에서 제외(사용자 요청) - 추후 국토지리정보원 자료로 보강 필요,ASOS 일자료 조회서비스 응답 항목에 토양수분 필드 자체가 없어 변수 제외,"최근접 관측소 매칭(중심점법:exact, 거리 12.52km)"
2020,전라남도,장성군,46880,251,고창군,12.52,13.3,-0.94,True,24.27,1671.7,1.59,1789.8,2570.0,0.47,-1.7,1.75,12.0,366,,이번 산출물에서 제외(사용자 요청) - 추후 국토지리정보원 자료로 보강 필요,ASOS 일자료 조회서비스 응답 항목에 토양수분 필드 자체가 없어 변수 제외,"최근접 관측소 매칭(중심점법:exact, 거리 12.52km)"
2021,전라남도,장성군,46880,251,고창군,12.52,13.99,-3.2,True,24.77,1174.6,1.54,1969.8,2809.4,-0.26,-1.07,0.47,12.0,365,,이번 산출물에서 제외(사용자 요청) - 추후 국토지리정보원 자료로 보강 필요,ASOS 일자료 조회서비스 응답 항목에 토양수분 필드 자체가 없어 변수 제외,"최근접 관측소 매칭(중심점법:exact, 거리 12.52km)"
2022,전라남도,장성군,46880,251,고창군,12.52,13.36,-3.73,True,25.14,652.8,1.58,1973.0,2805.0,-1.42,-2.18,0.1,12.0,365,,이번 산출물에서 제외(사용자 요청) - 추후 국토지리정보원 자료로 보강 필요,ASOS 일자료 조회서비스 응답 항목에 토양수분 필드 자체가 없어 변수 제외,"최근접 관측소 매칭(중심점법:exact, 거리 12.52km)"
2023,전라남도,장성군,46880,251,고창군,12.52,14.17,-4.36,True,25.13,1513.3,1.52,2102.2,2953.6,0.19,-1.28,1.68,12.0,365,,이번 산출물에서 제외(사용자 요청) - 추후 국토지리정보원 자료로 보강 필요,ASOS 일자료 조회서비스 응답 항목에 토양수분 필드 자체가 없어 변수 제외,"최근접 관측소 매칭(중심점법:exact, 거리 12.52km)"
2024,전라남도,장성군,46880,251,고창군,12.52,14.95,-0.68,True,25.94,1136.1,1.51,2285.9,3151.6,0.4,-0.92,2.15,12.0,366,,이번 산출물에서 제외(사용자 요청) - 추후 국토지리정보원 자료로 보강 필요,ASOS 일자료 조회서비스 응답 항목에 토양수분 필드 자체가 없어 변수 제외,"최근접 관측소 매칭(중심점법:exact, 거리 12.52km)"
2025,전라남도,장성군,46880,251,고창군,12.52,14.36,-3.29,True,26.03,1599.6,1.57,2192.9,3012.2,0.78,0.08,1.72,12.0,365,,이번 산출물에서 제외(사용자 요청) - 추후 국토지리정보원 자료로 보강 필요,ASOS 일자료 조회서비스 응답 항목에 토양수분 필드 자체가 없어 변수 제외,"최근접 관측소 매칭(중심점법:exact, 거리 12.52km)"
2016,전라남도,장흥군,46800,260,장흥,1.44,14.29,-1.74,True,24.8,1513.2,1.82,2006.5,2865.6,0.28,-1.55,1.49,11.0,366,,이번 산출물에서 제외(사용자 요청) - 추후 국토지리정보원 자료로 보강 필요,ASOS 일자료 조회서비스 응답 항목에 토양수분 필드 자체가 없어 변수 제외,"최근접 관측소 매칭(중심점법:exact, 거리 1.44km)"
2017,전라남도,장흥군,46800,260,장흥,1.44,13.88,-2.15,True,24.91,969.7,1.76,1957.7,2757.0,-0.93,-2.43,0.8,12.0,365,,이번 산출물에서 제외(사용자 요청) - 추후 국토지리정보원 자료로 보강 필요,ASOS 일자료 조회서비스 응답 항목에 토양수분 필드 자체가 없어 변수 제외,"최근접 관측소 매칭(중심점법:exact, 거리 1.44km)"
2018,전라남도,장흥군,46800,260,장흥,1.44,13.82,-4.76,True,25.58,1410.9,1.78,1923.6,2769.0,0.02,-1.08,1.05,12.0,365,,이번 산출물에서 제외(사용자 요청) - 추후 국토지리정보원 자료로 보강 필요,ASOS 일자료 조회서비스 응답 항목에 토양수분 필드 자체가 없어 변수 제외,"최근접 관측소 매칭(중심점법:exact, 거리 1.44km)"
2019,전라남도,장흥군,46800,260,장흥,1.44,14.21,-2.05,True,24.37,1517.4,1.77,1922.5,2745.7,0.08,-0.68,1.15,12.0,365,,이번 산출물에서 제외(사용자 요청) - 추후 국토지리정보원 자료로 보강 필요,ASOS 일자료 조회서비스 응답 항목에 토양수분 필드 자체가 없어 변수 제외,"최근접 관측소 매칭(중심점법:exact, 거리 1.44km)"
2020,전라남도,장흥군,46800,260,장흥,1.44,13.7,-0.98,True,24.05,1692.2,1.71,1735.0,2532.9,0.29,-1.57,1.27,12.0,366,,이번 산출물에서 제외(사용자 요청) - 추후 국토지리정보원 자료로 보강 필요,ASOS 일자료 조회서비스 응답 항목에 토양수분 필드 자체가 없어 변수 제외,"최근접 관측소 매칭(중심점법:exact, 거리 1.44km)"
2021,전라남도,장흥군,46800,260,장흥,1.44,14.27,-3.31,True,24.68,1475.5,1.64,1922.6,2772.7,-0.1,-1.29,1.07,12.0,365,,이번 산출물에서 제외(사용자 요청) - 추후 국토지리정보원 자료로 보강 필요,ASOS 일자료 조회서비스 응답 항목에 토양수분 필드 자체가 없어 변수 제외,"최근접 관측소 매칭(중심점법:exact, 거리 1.44km)"
2022,전라남도,장흥군,46800,260,장흥,1.44,13.92,-3.76,True,25.07,915.9,1.68,1948.4,2795.8,-1.21,-2.39,0.31,12.0,365,,이번 산출물에서 제외(사용자 요청) - 추후 국토지리정보원 자료로 보강 필요,ASOS 일자료 조회서비스 응답 항목에 토양수분 필드 자체가 없어 변수 제외,"최근접 관측소 매칭(중심점법:exact, 거리 1.44km)"
2023,전라남도,장흥군,46800,260,장흥,1.44,14.47,-3.85,True,25.05,1985.1,1.53,2031.2,2896.1,0.49,-0.57,1.72,12.0,365,,이번 산출물에서 제외(사용자 요청) - 추후 국토지리정보원 자료로 보강 필요,ASOS 일자료 조회서비스 응답 항목에 토양수분 필드 자체가 없어 변수 제외,"최근접 관측소 매칭(중심점법:exact, 거리 1.44km)"
2024,전라남도,장흥군,46800,260,장흥,1.44,15.34,-0.83,True,25.8,1884.0,1.53,2269.7,3147.5,0.98,-0.28,1.82,12.0,366,,이번 산출물에서 제외(사용자 요청) - 추후 국토지리정보원 자료로 보강 필요,ASOS 일자료 조회서비스 응답 항목에 토양수분 필드 자체가 없어 변수 제외,"최근접 관측소 매칭(중심점법:exact, 거리 1.44km)"
2025,전라남도,장흥군,46800,260,장흥,1.44,14.55,-3.57,True,25.84,1619.4,1.59,2181.3,3000.9,0.15,-1.51,1.14,12.0,365,,이번 산출물에서 제외(사용자 요청) - 추후 국토지리정보원 자료로 보강 필요,ASOS 일자료 조회서비스 응답 항목에 토양수분 필드 자체가 없어 변수 제외,"최근접 관측소 매칭(중심점법:exact, 거리 1.44km)"
2016,전라남도,진도군,46900,268,진도군,5.03,14.52,0.54,True,24.59,1569.1,2.45,1957.0,2816.3,0.48,-1.02,1.52,11.0,366,,이번 산출물에서 제외(사용자 요청) - 추후 국토지리정보원 자료로 보강 필요,ASOS 일자료 조회서비스 응답 항목에 토양수분 필드 자체가 없어 변수 제외,"최근접 관측소 매칭(중심점법:exact, 거리 5.03km)"
2017,전라남도,진도군,46900,268,진도군,5.03,13.97,-0.29,True,24.67,787.6,2.41,1838.2,2618.5,-1.08,-2.45,0.9,12.0,365,,이번 산출물에서 제외(사용자 요청) - 추후 국토지리정보원 자료로 보강 필요,ASOS 일자료 조회서비스 응답 항목에 토양수분 필드 자체가 없어 변수 제외,"최근접 관측소 매칭(중심점법:exact, 거리 5.03km)"
2018,전라남도,진도군,46900,268,진도군,5.03,14.16,-2.04,True,25.34,1589.5,2.36,1923.8,2771.6,0.49,-0.69,1.79,12.0,365,,이번 산출물에서 제외(사용자 요청) - 추후 국토지리정보원 자료로 보강 필요,ASOS 일자료 조회서비스 응답 항목에 토양수분 필드 자체가 없어 변수 제외,"최근접 관측소 매칭(중심점법:exact, 거리 5.03km)"
2019,전라남도,진도군,46900,268,진도군,5.03,14.21,-0.09,True,23.51,1538.8,2.3,1805.1,2639.8,0.2,-1.01,1.3,12.0,365,,이번 산출물에서 제외(사용자 요청) - 추후 국토지리정보원 자료로 보강 필요,ASOS 일자료 조회서비스 응답 항목에 토양수분 필드 자체가 없어 변수 제외,"최근접 관측소 매칭(중심점법:exact, 거리 5.03km)"
2020,전라남도,진도군,46900,268,진도군,5.03,14.16,1.11,True,24.09,1515.5,2.6,1749.4,2558.1,0.05,-1.55,1.08,12.0,366,,이번 산출물에서 제외(사용자 요청) - 추후 국토지리정보원 자료로 보강 필요,ASOS 일자료 조회서비스 응답 항목에 토양수분 필드 자체가 없어 변수 제외,"최근접 관측소 매칭(중심점법:exact, 거리 5.03km)"
2021,전라남도,진도군,46900,268,진도군,5.03,14.61,-1.05,True,24.87,1549.1,2.31,1846.4,2696.6,0.14,-1.34,1.69,12.0,365,,이번 산출물에서 제외(사용자 요청) - 추후 국토지리정보원 자료로 보강 필요,ASOS 일자료 조회서비스 응답 항목에 토양수분 필드 자체가 없어 변수 제외,"최근접 관측소 매칭(중심점법:exact, 거리 5.03km)"
2022,전라남도,진도군,46900,268,진도군,5.03,14.13,-1.44,True,24.81,903.1,2.51,1907.5,2755.3,-1.0,-2.39,0.24,12.0,365,,이번 산출물에서 제외(사용자 요청) - 추후 국토지리정보원 자료로 보강 필요,ASOS 일자료 조회서비스 응답 항목에 토양수분 필드 자체가 없어 변수 제외,"최근접 관측소 매칭(중심점법:exact, 거리 5.03km)"
2023,전라남도,진도군,46900,268,진도군,5.03,14.67,-1.93,True,24.73,1540.8,2.36,1982.9,2844.5,0.12,-1.36,1.26,12.0,365,,이번 산출물에서 제외(사용자 요청) - 추후 국토지리정보원 자료로 보강 필요,ASOS 일자료 조회서비스 응답 항목에 토양수분 필드 자체가 없어 변수 제외,"최근접 관측소 매칭(중심점법:exact, 거리 5.03km)"
2024,전라남도,진도군,46900,268,진도군,5.03,15.5,1.0,True,25.39,1719.3,2.32,2208.1,3095.9,0.94,-0.11,2.03,12.0,366,,이번 산출물에서 제외(사용자 요청) - 추후 국토지리정보원 자료로 보강 필요,ASOS 일자료 조회서비스 응답 항목에 토양수분 필드 자체가 없어 변수 제외,"최근접 관측소 매칭(중심점법:exact, 거리 5.03km)"
2025,전라남도,진도군,46900,268,진도군,5.03,14.75,-1.26,True,25.51,1165.2,2.31,2092.6,2925.2,-0.28,-0.84,0.68,12.0,365,,이번 산출물에서 제외(사용자 요청) - 추후 국토지리정보원 자료로 보강 필요,ASOS 일자료 조회서비스 응답 항목에 토양수분 필드 자체가 없어 변수 제외,"최근접 관측소 매칭(중심점법:exact, 거리 5.03km)"
2016,전라남도,함평군,46860,252,영광군,19.73,13.69,-1.98,True,25.06,1209.3,2.32,2009.9,2853.3,0.42,-1.4,1.83,11.0,366,,이번 산출물에서 제외(사용자 요청) - 추후 국토지리정보원 자료로 보강 필요,ASOS 일자료 조회서비스 응답 항목에 토양수분 필드 자체가 없어 변수 제외,"최근접 관측소 매칭(중심점법:exact, 거리 19.73km)"
2017,전라남도,함평군,46860,252,영광군,19.73,12.95,-3.31,True,24.95,841.7,2.17,1911.2,2683.6,-1.14,-2.09,-0.04,12.0,365,,이번 산출물에서 제외(사용자 요청) - 추후 국토지리정보원 자료로 보강 필요,ASOS 일자료 조회서비스 응답 항목에 토양수분 필드 자체가 없어 변수 제외,"최근접 관측소 매칭(중심점법:exact, 거리 19.73km)"
2018,전라남도,함평군,46860,252,영광군,19.73,13.18,-5.25,True,25.86,1378.0,2.1,1981.4,2798.0,0.51,-1.15,1.57,12.0,365,,이번 산출물에서 제외(사용자 요청) - 추후 국토지리정보원 자료로 보강 필요,ASOS 일자료 조회서비스 응답 항목에 토양수분 필드 자체가 없어 변수 제외,"최근접 관측소 매칭(중심점법:exact, 거리 19.73km)"
2019,전라남도,함평군,46860,252,영광군,19.73,13.37,-3.47,True,24.07,1205.3,1.67,1843.6,2643.8,-0.04,-1.37,1.52,12.0,365,,이번 산출물에서 제외(사용자 요청) - 추후 국토지리정보원 자료로 보강 필요,ASOS 일자료 조회서비스 응답 항목에 토양수분 필드 자체가 없어 변수 제외,"최근접 관측소 매칭(중심점법:exact, 거리 19.73km)"
2020,전라남도,함평군,46860,252,영광군,19.73,13.34,-0.53,True,24.17,1787.9,1.71,1778.2,2556.0,0.67,-1.62,2.19,12.0,366,,이번 산출물에서 제외(사용자 요청) - 추후 국토지리정보원 자료로 보강 필요,ASOS 일자료 조회서비스 응답 항목에 토양수분 필드 자체가 없어 변수 제외,"최근접 관측소 매칭(중심점법:exact, 거리 19.73km)"
2021,전라남도,함평군,46860,252,영광군,19.73,13.98,-2.94,True,24.8,1202.6,1.64,1973.3,2797.7,-0.05,-0.5,0.68,12.0,365,,이번 산출물에서 제외(사용자 요청) - 추후 국토지리정보원 자료로 보강 필요,ASOS 일자료 조회서비스 응답 항목에 토양수분 필드 자체가 없어 변수 제외,"최근접 관측소 매칭(중심점법:exact, 거리 19.73km)"
2022,전라남도,함평군,46860,252,영광군,19.73,13.49,-3.32,True,25.27,802.7,1.77,1961.3,2788.4,-0.95,-2.25,-0.16,12.0,365,,이번 산출물에서 제외(사용자 요청) - 추후 국토지리정보원 자료로 보강 필요,ASOS 일자료 조회서비스 응답 항목에 토양수분 필드 자체가 없어 변수 제외,"최근접 관측소 매칭(중심점법:exact, 거리 19.73km)"
2023,전라남도,함평군,46860,252,영광군,19.73,14.15,-3.86,True,25.05,1496.1,1.66,2056.4,2897.7,0.06,-1.26,1.77,12.0,365,,이번 산출물에서 제외(사용자 요청) - 추후 국토지리정보원 자료로 보강 필요,ASOS 일자료 조회서비스 응답 항목에 토양수분 필드 자체가 없어 변수 제외,"최근접 관측소 매칭(중심점법:exact, 거리 19.73km)"
2024,전라남도,함평군,46860,252,영광군,19.73,14.98,-0.47,True,25.92,1051.7,1.62,2242.5,3109.1,0.21,-1.4,2.15,12.0,366,,이번 산출물에서 제외(사용자 요청) - 추후 국토지리정보원 자료로 보강 필요,ASOS 일자료 조회서비스 응답 항목에 토양수분 필드 자체가 없어 변수 제외,"최근접 관측소 매칭(중심점법:exact, 거리 19.73km)"
2025,전라남도,함평군,46860,252,영광군,19.73,14.41,-2.71,True,26.02,1406.1,1.72,2159.9,2956.0,0.32,-0.41,1.31,12.0,365,,이번 산출물에서 제외(사용자 요청) - 추후 국토지리정보원 자료로 보강 필요,ASOS 일자료 조회서비스 응답 항목에 토양수분 필드 자체가 없어 변수 제외,"최근접 관측소 매칭(중심점법:exact, 거리 19.73km)"
2016,전라남도,해남군,46820,261,해남,5.27,14.0,-2.14,True,25.0,1360.2,2.15,2006.4,2846.0,0.42,-1.31,1.56,11.0,366,,이번 산출물에서 제외(사용자 요청) - 추후 국토지리정보원 자료로 보강 필요,ASOS 일자료 조회서비스 응답 항목에 토양수분 필드 자체가 없어 변수 제외,"최근접 관측소 매칭(중심점법:exact, 거리 5.27km)"
2017,전라남도,해남군,46820,261,해남,5.27,13.46,-2.76,True,25.17,725.3,2.05,1922.4,2698.0,-0.98,-2.13,1.04,12.0,365,,이번 산출물에서 제외(사용자 요청) - 추후 국토지리정보원 자료로 보강 필요,ASOS 일자료 조회서비스 응답 항목에 토양수분 필드 자체가 없어 변수 제외,"최근접 관측소 매칭(중심점법:exact, 거리 5.27km)"
2018,전라남도,해남군,46820,261,해남,5.27,13.33,-5.34,True,25.35,1297.1,2.05,1890.8,2697.7,0.25,-1.67,1.43,12.0,365,,이번 산출물에서 제외(사용자 요청) - 추후 국토지리정보원 자료로 보강 필요,ASOS 일자료 조회서비스 응답 항목에 토양수분 필드 자체가 없어 변수 제외,"최근접 관측소 매칭(중심점법:exact, 거리 5.27km)"
2019,전라남도,해남군,46820,261,해남,5.27,13.25,-3.43,True,23.46,1222.0,1.98,1749.0,2537.9,0.03,-0.79,1.89,12.0,365,,이번 산출물에서 제외(사용자 요청) - 추후 국토지리정보원 자료로 보강 필요,ASOS 일자료 조회서비스 응답 항목에 토양수분 필드 자체가 없어 변수 제외,"최근접 관측소 매칭(중심점법:exact, 거리 5.27km)"
2020,전라남도,해남군,46820,261,해남,5.27,13.4,-1.41,True,24.1,1450.3,2.11,1728.7,2503.8,0.26,-1.84,1.12,12.0,366,,이번 산출물에서 제외(사용자 요청) - 추후 국토지리정보원 자료로 보강 필요,ASOS 일자료 조회서비스 응답 항목에 토양수분 필드 자체가 없어 변수 제외,"최근접 관측소 매칭(중심점법:exact, 거리 5.27km)"
2021,전라남도,해남군,46820,261,해남,5.27,13.97,-3.76,True,24.86,1387.9,2.05,1917.8,2728.6,0.03,-1.75,1.37,12.0,365,,이번 산출물에서 제외(사용자 요청) - 추후 국토지리정보원 자료로 보강 필요,ASOS 일자료 조회서비스 응답 항목에 토양수분 필드 자체가 없어 변수 제외,"최근접 관측소 매칭(중심점법:exact, 거리 5.27km)"
2022,전라남도,해남군,46820,261,해남,5.27,13.48,-4.82,True,25.35,794.5,2.01,1933.4,2754.0,-1.02,-2.43,-0.24,12.0,365,,이번 산출물에서 제외(사용자 요청) - 추후 국토지리정보원 자료로 보강 필요,ASOS 일자료 조회서비스 응답 항목에 토양수분 필드 자체가 없어 변수 제외,"최근접 관측소 매칭(중심점법:exact, 거리 5.27km)"
2023,전라남도,해남군,46820,261,해남,5.27,14.55,-3.33,True,25.32,1619.3,1.93,2040.6,2897.1,0.35,-1.14,1.71,12.0,365,,이번 산출물에서 제외(사용자 요청) - 추후 국토지리정보원 자료로 보강 필요,ASOS 일자료 조회서비스 응답 항목에 토양수분 필드 자체가 없어 변수 제외,"최근접 관측소 매칭(중심점법:exact, 거리 5.27km)"
2024,전라남도,해남군,46820,261,해남,5.27,15.56,0.12,True,25.86,1504.0,2.01,2297.7,3185.0,0.84,-0.18,1.68,12.0,366,,이번 산출물에서 제외(사용자 요청) - 추후 국토지리정보원 자료로 보강 필요,ASOS 일자료 조회서비스 응답 항목에 토양수분 필드 자체가 없어 변수 제외,"최근접 관측소 매칭(중심점법:exact, 거리 5.27km)"
2025,전라남도,해남군,46820,261,해남,5.27,14.77,-2.99,True,26.02,1141.3,2.04,2183.0,3006.1,-0.13,-0.84,0.64,12.0,365,,이번 산출물에서 제외(사용자 요청) - 추후 국토지리정보원 자료로 보강 필요,ASOS 일자료 조회서비스 응답 항목에 토양수분 필드 자체가 없어 변수 제외,"최근접 관측소 매칭(중심점법:exact, 거리 5.27km)"
2016,전라남도,화순군,46790,156,광주,22.4,15.05,-0.39,True,25.94,1482.3,1.62,2301.6,3198.5,0.65,-0.78,1.9,11.0,366,,이번 산출물에서 제외(사용자 요청) - 추후 국토지리정보원 자료로 보강 필요,ASOS 일자료 조회서비스 응답 항목에 토양수분 필드 자체가 없어 변수 제외,"최근접 관측소 매칭(중심점법:exact, 거리 22.4km)"
2017,전라남도,화순군,46790,156,광주,22.4,14.66,-0.94,True,26.02,936.6,1.55,2248.6,3082.3,-0.85,-1.88,0.16,12.0,365,,이번 산출물에서 제외(사용자 요청) - 추후 국토지리정보원 자료로 보강 필요,ASOS 일자료 조회서비스 응답 항목에 토양수분 필드 자체가 없어 변수 제외,"최근접 관측소 매칭(중심점법:exact, 거리 22.4km)"
2018,전라남도,화순군,46790,156,광주,22.4,14.7,-2.87,True,26.82,1427.9,1.58,2274.8,3159.2,0.25,-1.28,1.3,12.0,365,,이번 산출물에서 제외(사용자 요청) - 추후 국토지리정보원 자료로 보강 필요,ASOS 일자료 조회서비스 응답 항목에 토양수분 필드 자체가 없어 변수 제외,"최근접 관측소 매칭(중심점법:exact, 거리 22.4km)"
2019,전라남도,화순군,46790,156,광주,22.4,14.72,-1.15,True,24.82,1085.9,1.48,2122.6,2979.5,-0.33,-0.94,0.68,12.0,365,,이번 산출물에서 제외(사용자 요청) - 추후 국토지리정보원 자료로 보강 필요,ASOS 일자료 조회서비스 응답 항목에 토양수분 필드 자체가 없어 변수 제외,"최근접 관측소 매칭(중심점법:exact, 거리 22.4km)"
2020,전라남도,화순군,46790,156,광주,22.4,14.51,1.04,True,24.85,2027.0,1.56,1985.4,2860.2,0.38,-2.09,1.75,12.0,366,,이번 산출물에서 제외(사용자 요청) - 추후 국토지리정보원 자료로 보강 필요,ASOS 일자료 조회서비스 응답 항목에 토양수분 필드 자체가 없어 변수 제외,"최근접 관측소 매칭(중심점법:exact, 거리 22.4km)"
2021,전라남도,화순군,46790,156,광주,22.4,15.13,-1.16,True,25.41,1303.8,1.36,2185.8,3115.8,-0.06,-0.82,1.06,12.0,365,,이번 산출물에서 제외(사용자 요청) - 추후 국토지리정보원 자료로 보강 필요,ASOS 일자료 조회서비스 응답 항목에 토양수분 필드 자체가 없어 변수 제외,"최근접 관측소 매칭(중심점법:exact, 거리 22.4km)"
2022,전라남도,화순군,46790,156,광주,22.4,14.85,-1.55,True,25.93,769.9,1.4,2275.0,3187.3,-1.14,-2.34,-0.3,12.0,365,,이번 산출물에서 제외(사용자 요청) - 추후 국토지리정보원 자료로 보강 필요,ASOS 일자료 조회서비스 응답 항목에 토양수분 필드 자체가 없어 변수 제외,"최근접 관측소 매칭(중심점법:exact, 거리 22.4km)"
2023,전라남도,화순군,46790,156,광주,22.4,15.34,-1.9,True,25.7,2116.1,1.16,2322.9,3232.5,0.35,-1.24,2.02,12.0,365,,이번 산출물에서 제외(사용자 요청) - 추후 국토지리정보원 자료로 보강 필요,ASOS 일자료 조회서비스 응답 항목에 토양수분 필드 자체가 없어 변수 제외,"최근접 관측소 매칭(중심점법:exact, 거리 22.4km)"
2024,전라남도,화순군,46790,156,광주,22.4,15.97,0.94,True,26.39,1291.0,1.32,2490.8,3389.4,0.5,-0.66,2.33,12.0,366,,이번 산출물에서 제외(사용자 요청) - 추후 국토지리정보원 자료로 보강 필요,ASOS 일자료 조회서비스 응답 항목에 토양수분 필드 자체가 없어 변수 제외,"최근접 관측소 매칭(중심점법:exact, 거리 22.4km)"
2025,전라남도,화순군,46790,156,광주,22.4,15.31,-1.47,True,26.64,1974.6,1.43,2385.1,3261.0,0.29,-1.19,1.4,12.0,365,,이번 산출물에서 제외(사용자 요청) - 추후 국토지리정보원 자료로 보강 필요,ASOS 일자료 조회서비스 응답 항목에 토양수분 필드 자체가 없어 변수 제외,"최근접 관측소 매칭(중심점법:exact, 거리 22.4km)"
2016,전라북도,고창군,45790,251,고창군,7.46,14.38,-1.65,True,25.48,1126.1,1.69,2168.9,3040.0,0.25,-1.38,1.56,11.0,366,,이번 산출물에서 제외(사용자 요청) - 추후 국토지리정보원 자료로 보강 필요,ASOS 일자료 조회서비스 응답 항목에 토양수분 필드 자체가 없어 변수 제외,"최근접 관측소 매칭(중심점법:exact, 거리 7.46km)"
2017,전라북도,고창군,45790,251,고창군,7.46,13.54,-2.5,True,25.43,1063.3,1.63,2005.4,2789.3,-0.62,-2.14,0.47,12.0,365,,이번 산출물에서 제외(사용자 요청) - 추후 국토지리정보원 자료로 보강 필요,ASOS 일자료 조회서비스 응답 항목에 토양수분 필드 자체가 없어 변수 제외,"최근접 관측소 매칭(중심점법:exact, 거리 7.46km)"
2018,전라북도,고창군,45790,251,고창군,7.46,12.93,-5.16,True,25.25,1314.1,2.03,1898.8,2713.8,0.43,-1.0,1.55,12.0,365,,이번 산출물에서 제외(사용자 요청) - 추후 국토지리정보원 자료로 보강 필요,ASOS 일자료 조회서비스 응답 항목에 토양수분 필드 자체가 없어 변수 제외,"최근접 관측소 매칭(중심점법:exact, 거리 7.46km)"
2019,전라북도,고창군,45790,251,고창군,7.46,13.36,-3.64,True,23.85,1121.7,1.52,1841.5,2644.4,-0.21,-1.07,0.99,12.0,365,,이번 산출물에서 제외(사용자 요청) - 추후 국토지리정보원 자료로 보강 필요,ASOS 일자료 조회서비스 응답 항목에 토양수분 필드 자체가 없어 변수 제외,"최근접 관측소 매칭(중심점법:exact, 거리 7.46km)"
2020,전라북도,고창군,45790,251,고창군,7.46,13.3,-0.94,True,24.27,1671.7,1.59,1789.8,2570.0,0.47,-1.7,1.75,12.0,366,,이번 산출물에서 제외(사용자 요청) - 추후 국토지리정보원 자료로 보강 필요,ASOS 일자료 조회서비스 응답 항목에 토양수분 필드 자체가 없어 변수 제외,"최근접 관측소 매칭(중심점법:exact, 거리 7.46km)"
2021,전라북도,고창군,45790,251,고창군,7.46,13.99,-3.2,True,24.77,1174.6,1.54,1969.8,2809.4,-0.26,-1.07,0.47,12.0,365,,이번 산출물에서 제외(사용자 요청) - 추후 국토지리정보원 자료로 보강 필요,ASOS 일자료 조회서비스 응답 항목에 토양수분 필드 자체가 없어 변수 제외,"최근접 관측소 매칭(중심점법:exact, 거리 7.46km)"
2022,전라북도,고창군,45790,251,고창군,7.46,13.36,-3.73,True,25.14,652.8,1.58,1973.0,2805.0,-1.42,-2.18,0.1,12.0,365,,이번 산출물에서 제외(사용자 요청) - 추후 국토지리정보원 자료로 보강 필요,ASOS 일자료 조회서비스 응답 항목에 토양수분 필드 자체가 없어 변수 제외,"최근접 관측소 매칭(중심점법:exact, 거리 7.46km)"
2023,전라북도,고창군,45790,251,고창군,7.46,14.17,-4.36,True,25.13,1513.3,1.52,2102.2,2953.6,0.19,-1.28,1.68,12.0,365,,이번 산출물에서 제외(사용자 요청) - 추후 국토지리정보원 자료로 보강 필요,ASOS 일자료 조회서비스 응답 항목에 토양수분 필드 자체가 없어 변수 제외,"최근접 관측소 매칭(중심점법:exact, 거리 7.46km)"
2024,전라북도,고창군,45790,251,고창군,7.46,14.95,-0.68,True,25.94,1136.1,1.51,2285.9,3151.6,0.4,-0.92,2.15,12.0,366,,이번 산출물에서 제외(사용자 요청) - 추후 국토지리정보원 자료로 보강 필요,ASOS 일자료 조회서비스 응답 항목에 토양수분 필드 자체가 없어 변수 제외,"최근접 관측소 매칭(중심점법:exact, 거리 7.46km)"
2025,전라북도,고창군,45790,251,고창군,7.46,14.36,-3.29,True,26.03,1599.6,1.57,2192.9,3012.2,0.78,0.08,1.72,12.0,365,,이번 산출물에서 제외(사용자 요청) - 추후 국토지리정보원 자료로 보강 필요,ASOS 일자료 조회서비스 응답 항목에 토양수분 필드 자체가 없어 변수 제외,"최근접 관측소 매칭(중심점법:exact, 거리 7.46km)"
2016,전라북도,군산시,45130,140,군산,7.0,13.82,-1.92,True,25.14,1144.4,2.08,2039.6,2881.8,-0.01,-1.24,1.24,11.0,366,,이번 산출물에서 제외(사용자 요청) - 추후 국토지리정보원 자료로 보강 필요,ASOS 일자료 조회서비스 응답 항목에 토양수분 필드 자체가 없어 변수 제외,"최근접 관측소 매칭(중심점법:exact, 거리 7.0km)"
2017,전라북도,군산시,45130,140,군산,7.0,13.22,-2.67,True,24.78,774.4,2.19,1920.9,2706.0,-1.08,-1.69,0.07,12.0,365,,이번 산출물에서 제외(사용자 요청) - 추후 국토지리정보원 자료로 보강 필요,ASOS 일자료 조회서비스 응답 항목에 토양수분 필드 자체가 없어 변수 제외,"최근접 관측소 매칭(중심점법:exact, 거리 7.0km)"
2018,전라북도,군산시,45130,140,군산,7.0,13.26,-4.59,True,25.55,1637.1,2.0,1931.3,2751.8,0.57,-0.72,1.44,12.0,365,,이번 산출물에서 제외(사용자 요청) - 추후 국토지리정보원 자료로 보강 필요,ASOS 일자료 조회서비스 응답 항목에 토양수분 필드 자체가 없어 변수 제외,"최근접 관측소 매칭(중심점법:exact, 거리 7.0km)"
2019,전라북도,군산시,45130,140,군산,7.0,13.58,-2.89,True,24.12,1008.1,1.91,1888.7,2691.9,-0.46,-1.22,1.1,12.0,365,,이번 산출물에서 제외(사용자 요청) - 추후 국토지리정보원 자료로 보강 필요,ASOS 일자료 조회서비스 응답 항목에 토양수분 필드 자체가 없어 변수 제외,"최근접 관측소 매칭(중심점법:exact, 거리 7.0km)"
2020,전라북도,군산시,45130,140,군산,7.0,13.45,-0.55,True,24.11,1664.8,2.08,1788.4,2582.5,0.23,-2.11,1.51,12.0,366,,이번 산출물에서 제외(사용자 요청) - 추후 국토지리정보원 자료로 보강 필요,ASOS 일자료 조회서비스 응답 항목에 토양수분 필드 자체가 없어 변수 제외,"최근접 관측소 매칭(중심점법:exact, 거리 7.0km)"
2021,전라북도,군산시,45130,140,군산,7.0,13.96,-2.73,True,24.75,1151.7,2.04,1960.1,2803.9,-0.28,-0.84,0.54,12.0,365,,이번 산출물에서 제외(사용자 요청) - 추후 국토지리정보원 자료로 보강 필요,ASOS 일자료 조회서비스 응답 항목에 토양수분 필드 자체가 없어 변수 제외,"최근접 관측소 매칭(중심점법:exact, 거리 7.0km)"
2022,전라북도,군산시,45130,140,군산,7.0,13.22,-3.45,True,24.98,1043.4,2.25,1919.8,2743.8,-0.53,-1.68,0.46,12.0,364,,이번 산출물에서 제외(사용자 요청) - 추후 국토지리정보원 자료로 보강 필요,ASOS 일자료 조회서비스 응답 항목에 토양수분 필드 자체가 없어 변수 제외,"최근접 관측소 매칭(중심점법:exact, 거리 7.0km)"
2023,전라북도,군산시,45130,140,군산,7.0,13.96,-4.28,True,25.0,2120.8,2.21,2067.2,2906.1,0.59,-1.5,2.21,12.0,365,,이번 산출물에서 제외(사용자 요청) - 추후 국토지리정보원 자료로 보강 필요,ASOS 일자료 조회서비스 응답 항목에 토양수분 필드 자체가 없어 변수 제외,"최근접 관측소 매칭(중심점법:exact, 거리 7.0km)"
2024,전라북도,군산시,45130,140,군산,7.0,14.77,-0.84,True,26.0,1477.5,2.19,2241.2,3095.2,0.68,-0.94,2.25,12.0,366,,이번 산출물에서 제외(사용자 요청) - 추후 국토지리정보원 자료로 보강 필요,ASOS 일자료 조회서비스 응답 항목에 토양수분 필드 자체가 없어 변수 제외,"최근접 관측소 매칭(중심점법:exact, 거리 7.0km)"
2025,전라북도,군산시,45130,140,군산,7.0,14.06,-3.27,True,25.93,1583.3,2.39,2111.4,2928.0,0.26,-0.64,2.3,12.0,365,,이번 산출물에서 제외(사용자 요청) - 추후 국토지리정보원 자료로 보강 필요,ASOS 일자료 조회서비스 응답 항목에 토양수분 필드 자체가 없어 변수 제외,"최근접 관측소 매칭(중심점법:exact, 거리 7.0km)"
2016,전라북도,김제시,45210,243,부안,18.33,13.84,-2.09,True,25.31,1075.5,1.72,2067.6,2904.1,0.01,-1.76,1.42,11.0,366,,이번 산출물에서 제외(사용자 요청) - 추후 국토지리정보원 자료로 보강 필요,ASOS 일자료 조회서비스 응답 항목에 토양수분 필드 자체가 없어 변수 제외,"최근접 관측소 매칭(중심점법:exact, 거리 18.33km)"
2017,전라북도,김제시,45210,243,부안,18.33,13.23,-2.76,True,25.0,906.5,1.72,1949.0,2730.5,-0.95,-1.95,-0.03,12.0,365,,이번 산출물에서 제외(사용자 요청) - 추후 국토지리정보원 자료로 보강 필요,ASOS 일자료 조회서비스 응답 항목에 토양수분 필드 자체가 없어 변수 제외,"최근접 관측소 매칭(중심점법:exact, 거리 18.33km)"
2018,전라북도,김제시,45210,243,부안,18.33,13.4,-4.53,True,26.01,1359.0,1.7,2026.8,2855.0,0.33,-0.99,1.43,12.0,365,,이번 산출물에서 제외(사용자 요청) - 추후 국토지리정보원 자료로 보강 필요,ASOS 일자료 조회서비스 응답 항목에 토양수분 필드 자체가 없어 변수 제외,"최근접 관측소 매칭(중심점법:exact, 거리 18.33km)"
2019,전라북도,김제시,45210,243,부안,18.33,13.72,-3.01,True,24.39,1087.5,1.54,1935.4,2749.0,-0.4,-1.32,1.05,12.0,365,,이번 산출물에서 제외(사용자 요청) - 추후 국토지리정보원 자료로 보강 필요,ASOS 일자료 조회서비스 응답 항목에 토양수분 필드 자체가 없어 변수 제외,"최근접 관측소 매칭(중심점법:exact, 거리 18.33km)"
2020,전라북도,김제시,45210,243,부안,18.33,13.55,-0.4,True,24.25,1694.8,1.56,1813.2,2606.5,0.36,-1.69,1.88,12.0,366,,이번 산출물에서 제외(사용자 요청) - 추후 국토지리정보원 자료로 보강 필요,ASOS 일자료 조회서비스 응답 항목에 토양수분 필드 자체가 없어 변수 제외,"최근접 관측소 매칭(중심점법:exact, 거리 18.33km)"
2021,전라북도,김제시,45210,243,부안,18.33,14.09,-2.69,True,24.82,1354.0,1.5,1985.4,2838.9,0.13,-0.61,1.2,12.0,365,,이번 산출물에서 제외(사용자 요청) - 추후 국토지리정보원 자료로 보강 필요,ASOS 일자료 조회서비스 응답 항목에 토양수분 필드 자체가 없어 변수 제외,"최근접 관측소 매칭(중심점법:exact, 거리 18.33km)"
2022,전라북도,김제시,45210,243,부안,18.33,13.57,-3.18,True,25.17,971.2,1.51,1987.6,2835.4,-0.72,-1.69,-0.08,12.0,365,,이번 산출물에서 제외(사용자 요청) - 추후 국토지리정보원 자료로 보강 필요,ASOS 일자료 조회서비스 응답 항목에 토양수분 필드 자체가 없어 변수 제외,"최근접 관측소 매칭(중심점법:exact, 거리 18.33km)"
2023,전라북도,김제시,45210,243,부안,18.33,14.38,-3.78,True,25.22,1853.6,1.5,2137.4,2995.0,0.53,-1.73,2.31,12.0,365,,이번 산출물에서 제외(사용자 요청) - 추후 국토지리정보원 자료로 보강 필요,ASOS 일자료 조회서비스 응답 항목에 토양수분 필드 자체가 없어 변수 제외,"최근접 관측소 매칭(중심점법:exact, 거리 18.33km)"
2024,전라북도,김제시,45210,243,부안,18.33,15.14,-0.22,True,26.17,1168.2,1.47,2305.6,3172.6,0.34,-1.34,2.32,12.0,366,,이번 산출물에서 제외(사용자 요청) - 추후 국토지리정보원 자료로 보강 필요,ASOS 일자료 조회서비스 응답 항목에 토양수분 필드 자체가 없어 변수 제외,"최근접 관측소 매칭(중심점법:exact, 거리 18.33km)"
2025,전라북도,김제시,45210,243,부안,18.33,14.56,-2.48,True,26.15,1473.1,1.5,2211.2,3047.8,0.36,-0.36,1.74,12.0,365,,이번 산출물에서 제외(사용자 요청) - 추후 국토지리정보원 자료로 보강 필요,ASOS 일자료 조회서비스 응답 항목에 토양수분 필드 자체가 없어 변수 제외,"최근접 관측소 매칭(중심점법:exact, 거리 18.33km)"
2016,전라북도,남원시,45190,247,남원,4.13,13.53,-3.45,True,25.01,1388.5,1.74,2014.5,2850.0,0.53,-0.97,1.6,11.0,366,,이번 산출물에서 제외(사용자 요청) - 추후 국토지리정보원 자료로 보강 필요,ASOS 일자료 조회서비스 응답 항목에 토양수분 필드 자체가 없어 변수 제외,"최근접 관측소 매칭(중심점법:exact, 거리 4.13km)"
2017,전라북도,남원시,45190,247,남원,4.13,12.8,-4.43,True,24.74,851.3,1.59,1881.4,2659.0,-0.88,-2.14,0.32,12.0,365,,이번 산출물에서 제외(사용자 요청) - 추후 국토지리정보원 자료로 보강 필요,ASOS 일자료 조회서비스 응답 항목에 토양수분 필드 자체가 없어 변수 제외,"최근접 관측소 매칭(중심점법:exact, 거리 4.13km)"
2018,전라북도,남원시,45190,247,남원,4.13,13.1,-6.58,True,25.85,1431.7,1.68,1958.3,2770.4,0.27,-0.84,1.67,12.0,365,,이번 산출물에서 제외(사용자 요청) - 추후 국토지리정보원 자료로 보강 필요,ASOS 일자료 조회서비스 응답 항목에 토양수분 필드 자체가 없어 변수 제외,"최근접 관측소 매칭(중심점법:exact, 거리 4.13km)"
2019,전라북도,남원시,45190,247,남원,4.13,13.41,-4.47,True,24.18,1332.8,1.57,1899.2,2704.6,0.03,-0.73,1.2,12.0,365,,이번 산출물에서 제외(사용자 요청) - 추후 국토지리정보원 자료로 보강 필요,ASOS 일자료 조회서비스 응답 항목에 토양수분 필드 자체가 없어 변수 제외,"최근접 관측소 매칭(중심점법:exact, 거리 4.13km)"
2020,전라북도,남원시,45190,247,남원,4.13,13.22,-2.17,True,24.56,2007.2,1.68,1803.8,2582.2,0.51,-2.26,2.11,12.0,366,,이번 산출물에서 제외(사용자 요청) - 추후 국토지리정보원 자료로 보강 필요,ASOS 일자료 조회서비스 응답 항목에 토양수분 필드 자체가 없어 변수 제외,"최근접 관측소 매칭(중심점법:exact, 거리 4.13km)"
2021,전라북도,남원시,45190,247,남원,4.13,13.45,-4.64,True,24.56,1136.8,1.78,1910.9,2721.5,-0.33,-0.89,0.7,12.0,364,,이번 산출물에서 제외(사용자 요청) - 추후 국토지리정보원 자료로 보강 필요,ASOS 일자료 조회서비스 응답 항목에 토양수분 필드 자체가 없어 변수 제외,"최근접 관측소 매칭(중심점법:exact, 거리 4.13km)"
2022,전라북도,남원시,45190,247,남원,4.13,12.94,-5.6,True,24.91,811.4,1.67,1901.0,2719.0,-1.2,-2.28,-0.39,12.0,365,,이번 산출물에서 제외(사용자 요청) - 추후 국토지리정보원 자료로 보강 필요,ASOS 일자료 조회서비스 응답 항목에 토양수분 필드 자체가 없어 변수 제외,"최근접 관측소 매칭(중심점법:exact, 거리 4.13km)"
2023,전라북도,남원시,45190,247,남원,4.13,13.83,-5.79,True,25.38,1805.7,1.59,2081.2,2922.8,0.22,-1.24,1.79,12.0,365,,이번 산출물에서 제외(사용자 요청) - 추후 국토지리정보원 자료로 보강 필요,ASOS 일자료 조회서비스 응답 항목에 토양수분 필드 자체가 없어 변수 제외,"최근접 관측소 매칭(중심점법:exact, 거리 4.13km)"
2024,전라북도,남원시,45190,247,남원,4.13,14.82,-1.59,True,26.1,1416.0,1.73,2287.5,3144.0,0.7,-0.32,2.56,12.0,366,,이번 산출물에서 제외(사용자 요청) - 추후 국토지리정보원 자료로 보강 필요,ASOS 일자료 조회서비스 응답 항목에 토양수분 필드 자체가 없어 변수 제외,"최근접 관측소 매칭(중심점법:exact, 거리 4.13km)"
2025,전라북도,남원시,45190,247,남원,4.13,13.88,-4.87,True,26.04,1708.1,1.63,2189.2,2995.9,0.19,-1.47,1.3,12.0,365,,이번 산출물에서 제외(사용자 요청) - 추후 국토지리정보원 자료로 보강 필요,ASOS 일자료 조회서비스 응답 항목에 토양수분 필드 자체가 없어 변수 제외,"최근접 관측소 매칭(중심점법:exact, 거리 4.13km)"
2016,전라북도,무주군,45730,238,금산,27.83,12.71,-4.88,True,24.8,1325.6,1.24,1913.0,2720.8,0.32,-0.58,1.56,11.0,366,,이번 산출물에서 제외(사용자 요청) - 추후 국토지리정보원 자료로 보강 필요,ASOS 일자료 조회서비스 응답 항목에 토양수분 필드 자체가 없어 변수 제외,"최근접 관측소 매칭(중심점법:exact, 거리 27.83km)"
2017,전라북도,무주군,45730,238,금산,27.83,11.87,-5.99,True,24.16,967.6,1.26,1742.6,2506.2,-0.76,-1.92,0.46,12.0,365,,이번 산출물에서 제외(사용자 요청) - 추후 국토지리정보원 자료로 보강 필요,ASOS 일자료 조회서비스 응답 항목에 토양수분 필드 자체가 없어 변수 제외,"최근접 관측소 매칭(중심점법:exact, 거리 27.83km)"
2018,전라북도,무주군,45730,238,금산,27.83,12.02,-8.17,True,25.44,1397.2,1.28,1815.9,2585.3,0.46,-0.83,2.02,12.0,365,,이번 산출물에서 제외(사용자 요청) - 추후 국토지리정보원 자료로 보강 필요,ASOS 일자료 조회서비스 응답 항목에 토양수분 필드 자체가 없어 변수 제외,"최근접 관측소 매칭(중심점법:exact, 거리 27.83km)"
2019,전라북도,무주군,45730,238,금산,27.83,12.42,-6.64,True,23.73,982.6,1.16,1748.8,2521.6,-0.5,-1.8,0.95,12.0,365,,이번 산출물에서 제외(사용자 요청) - 추후 국토지리정보원 자료로 보강 필요,ASOS 일자료 조회서비스 응답 항목에 토양수분 필드 자체가 없어 변수 제외,"최근접 관측소 매칭(중심점법:exact, 거리 27.83km)"
2020,전라북도,무주군,45730,238,금산,27.83,12.49,-3.23,True,24.11,1758.2,1.17,1694.6,2440.0,0.5,-1.93,1.97,12.0,366,,이번 산출물에서 제외(사용자 요청) - 추후 국토지리정보원 자료로 보강 필요,ASOS 일자료 조회서비스 응답 항목에 토양수분 필드 자체가 없어 변수 제외,"최근접 관측소 매칭(중심점법:exact, 거리 27.83km)"
2021,전라북도,무주군,45730,238,금산,27.83,12.94,-5.91,True,24.23,1290.1,1.15,1826.0,2620.8,-0.04,-0.72,0.99,12.0,365,,이번 산출물에서 제외(사용자 요청) - 추후 국토지리정보원 자료로 보강 필요,ASOS 일자료 조회서비스 응답 항목에 토양수분 필드 자체가 없어 변수 제외,"최근접 관측소 매칭(중심점법:exact, 거리 27.83km)"
2022,전라북도,무주군,45730,238,금산,27.83,12.21,-6.56,True,24.39,948.7,1.11,1768.2,2548.7,-0.9,-1.85,-0.16,12.0,365,,이번 산출물에서 제외(사용자 요청) - 추후 국토지리정보원 자료로 보강 필요,ASOS 일자료 조회서비스 응답 항목에 토양수분 필드 자체가 없어 변수 제외,"최근접 관측소 매칭(중심점법:exact, 거리 27.83km)"
2023,전라북도,무주군,45730,238,금산,27.83,13.01,-7.0,True,24.75,1800.9,1.05,1900.5,2721.4,0.36,-1.85,1.72,12.0,365,,이번 산출물에서 제외(사용자 요청) - 추후 국토지리정보원 자료로 보강 필요,ASOS 일자료 조회서비스 응답 항목에 토양수분 필드 자체가 없어 변수 제외,"최근접 관측소 매칭(중심점법:exact, 거리 27.83km)"
2024,전라북도,무주군,45730,238,금산,27.83,14.07,-3.04,True,25.69,1416.2,1.07,2144.1,2982.2,0.57,-0.86,2.23,12.0,366,,이번 산출물에서 제외(사용자 요청) - 추후 국토지리정보원 자료로 보강 필요,ASOS 일자료 조회서비스 응답 항목에 토양수분 필드 자체가 없어 변수 제외,"최근접 관측소 매칭(중심점법:exact, 거리 27.83km)"
2025,전라북도,무주군,45730,238,금산,27.83,13.55,-5.69,True,25.87,1324.3,1.12,2106.9,2901.0,0.01,-1.07,1.6,12.0,365,,이번 산출물에서 제외(사용자 요청) - 추후 국토지리정보원 자료로 보강 필요,ASOS 일자료 조회서비스 응답 항목에 토양수분 필드 자체가 없어 변수 제외,"최근접 관측소 매칭(중심점법:exact, 거리 27.83km)"
2016,전라북도,부안군,45800,243,부안,8.78,13.84,-2.09,True,25.31,1075.5,1.72,2067.6,2904.1,0.01,-1.76,1.42,11.0,366,,이번 산출물에서 제외(사용자 요청) - 추후 국토지리정보원 자료로 보강 필요,ASOS 일자료 조회서비스 응답 항목에 토양수분 필드 자체가 없어 변수 제외,"최근접 관측소 매칭(중심점법:exact, 거리 8.78km)"
2017,전라북도,부안군,45800,243,부안,8.78,13.23,-2.76,True,25.0,906.5,1.72,1949.0,2730.5,-0.95,-1.95,-0.03,12.0,365,,이번 산출물에서 제외(사용자 요청) - 추후 국토지리정보원 자료로 보강 필요,ASOS 일자료 조회서비스 응답 항목에 토양수분 필드 자체가 없어 변수 제외,"최근접 관측소 매칭(중심점법:exact, 거리 8.78km)"
2018,전라북도,부안군,45800,243,부안,8.78,13.4,-4.53,True,26.01,1359.0,1.7,2026.8,2855.0,0.33,-0.99,1.43,12.0,365,,이번 산출물에서 제외(사용자 요청) - 추후 국토지리정보원 자료로 보강 필요,ASOS 일자료 조회서비스 응답 항목에 토양수분 필드 자체가 없어 변수 제외,"최근접 관측소 매칭(중심점법:exact, 거리 8.78km)"
2019,전라북도,부안군,45800,243,부안,8.78,13.72,-3.01,True,24.39,1087.5,1.54,1935.4,2749.0,-0.4,-1.32,1.05,12.0,365,,이번 산출물에서 제외(사용자 요청) - 추후 국토지리정보원 자료로 보강 필요,ASOS 일자료 조회서비스 응답 항목에 토양수분 필드 자체가 없어 변수 제외,"최근접 관측소 매칭(중심점법:exact, 거리 8.78km)"
2020,전라북도,부안군,45800,243,부안,8.78,13.55,-0.4,True,24.25,1694.8,1.56,1813.2,2606.5,0.36,-1.69,1.88,12.0,366,,이번 산출물에서 제외(사용자 요청) - 추후 국토지리정보원 자료로 보강 필요,ASOS 일자료 조회서비스 응답 항목에 토양수분 필드 자체가 없어 변수 제외,"최근접 관측소 매칭(중심점법:exact, 거리 8.78km)"
2021,전라북도,부안군,45800,243,부안,8.78,14.09,-2.69,True,24.82,1354.0,1.5,1985.4,2838.9,0.13,-0.61,1.2,12.0,365,,이번 산출물에서 제외(사용자 요청) - 추후 국토지리정보원 자료로 보강 필요,ASOS 일자료 조회서비스 응답 항목에 토양수분 필드 자체가 없어 변수 제외,"최근접 관측소 매칭(중심점법:exact, 거리 8.78km)"
2022,전라북도,부안군,45800,243,부안,8.78,13.57,-3.18,True,25.17,971.2,1.51,1987.6,2835.4,-0.72,-1.69,-0.08,12.0,365,,이번 산출물에서 제외(사용자 요청) - 추후 국토지리정보원 자료로 보강 필요,ASOS 일자료 조회서비스 응답 항목에 토양수분 필드 자체가 없어 변수 제외,"최근접 관측소 매칭(중심점법:exact, 거리 8.78km)"
2023,전라북도,부안군,45800,243,부안,8.78,14.38,-3.78,True,25.22,1853.6,1.5,2137.4,2995.0,0.53,-1.73,2.31,12.0,365,,이번 산출물에서 제외(사용자 요청) - 추후 국토지리정보원 자료로 보강 필요,ASOS 일자료 조회서비스 응답 항목에 토양수분 필드 자체가 없어 변수 제외,"최근접 관측소 매칭(중심점법:exact, 거리 8.78km)"
2024,전라북도,부안군,45800,243,부안,8.78,15.14,-0.22,True,26.17,1168.2,1.47,2305.6,3172.6,0.34,-1.34,2.32,12.0,366,,이번 산출물에서 제외(사용자 요청) - 추후 국토지리정보원 자료로 보강 필요,ASOS 일자료 조회서비스 응답 항목에 토양수분 필드 자체가 없어 변수 제외,"최근접 관측소 매칭(중심점법:exact, 거리 8.78km)"
2025,전라북도,부안군,45800,243,부안,8.78,14.56,-2.48,True,26.15,1473.1,1.5,2211.2,3047.8,0.36,-0.36,1.74,12.0,365,,이번 산출물에서 제외(사용자 요청) - 추후 국토지리정보원 자료로 보강 필요,ASOS 일자료 조회서비스 응답 항목에 토양수분 필드 자체가 없어 변수 제외,"최근접 관측소 매칭(중심점법:exact, 거리 8.78km)"
2016,전라북도,순창군,45770,254,순창군,7.74,12.68,-4.34,True,23.93,1509.9,1.66,1850.8,2669.3,0.55,-0.78,1.68,11.0,366,,이번 산출물에서 제외(사용자 요청) - 추후 국토지리정보원 자료로 보강 필요,ASOS 일자료 조회서비스 응답 항목에 토양수분 필드 자체가 없어 변수 제외,"최근접 관측소 매칭(중심점법:exact, 거리 7.74km)"
2017,전라북도,순창군,45770,254,순창군,7.74,12.44,-5.78,True,24.46,1023.2,1.67,1838.8,2605.5,-0.88,-2.1,0.1,12.0,365,,이번 산출물에서 제외(사용자 요청) - 추후 국토지리정보원 자료로 보강 필요,ASOS 일자료 조회서비스 응답 항목에 토양수분 필드 자체가 없어 변수 제외,"최근접 관측소 매칭(중심점법:exact, 거리 7.74km)"
2018,전라북도,순창군,45770,254,순창군,7.74,12.91,-6.54,True,25.77,1523.3,1.43,1919.8,2726.1,0.21,-1.34,1.51,12.0,365,,이번 산출물에서 제외(사용자 요청) - 추후 국토지리정보원 자료로 보강 필요,ASOS 일자료 조회서비스 응답 항목에 토양수분 필드 자체가 없어 변수 제외,"최근접 관측소 매칭(중심점법:exact, 거리 7.74km)"
2019,전라북도,순창군,45770,254,순창군,7.74,13.19,-4.57,True,23.95,1284.2,1.45,1843.6,2634.1,-0.25,-1.24,1.01,12.0,365,,이번 산출물에서 제외(사용자 요청) - 추후 국토지리정보원 자료로 보강 필요,ASOS 일자료 조회서비스 응답 항목에 토양수분 필드 자체가 없어 변수 제외,"최근접 관측소 매칭(중심점법:exact, 거리 7.74km)"
2020,전라북도,순창군,45770,254,순창군,7.74,13.04,-2.32,True,24.4,2133.7,1.74,1775.2,2544.2,0.38,-2.08,1.97,12.0,366,,이번 산출물에서 제외(사용자 요청) - 추후 국토지리정보원 자료로 보강 필요,ASOS 일자료 조회서비스 응답 항목에 토양수분 필드 자체가 없어 변수 제외,"최근접 관측소 매칭(중심점법:exact, 거리 7.74km)"
2021,전라북도,순창군,45770,254,순창군,7.74,13.62,-4.59,True,24.92,1232.6,1.5,1965.7,2790.0,-0.21,-0.83,1.22,12.0,365,,이번 산출물에서 제외(사용자 요청) - 추후 국토지리정보원 자료로 보강 필요,ASOS 일자료 조회서비스 응답 항목에 토양수분 필드 자체가 없어 변수 제외,"최근접 관측소 매칭(중심점법:exact, 거리 7.74km)"
2022,전라북도,순창군,45770,254,순창군,7.74,13.11,-5.23,True,25.19,877.1,1.66,1956.2,2772.3,-1.08,-2.12,-0.27,12.0,365,,이번 산출물에서 제외(사용자 요청) - 추후 국토지리정보원 자료로 보강 필요,ASOS 일자료 조회서비스 응답 항목에 토양수분 필드 자체가 없어 변수 제외,"최근접 관측소 매칭(중심점법:exact, 거리 7.74km)"
2023,전라북도,순창군,45770,254,순창군,7.74,13.81,-5.78,True,25.15,2097.3,1.56,2061.1,2900.3,0.32,-1.45,2.2,12.0,365,,이번 산출물에서 제외(사용자 요청) - 추후 국토지리정보원 자료로 보강 필요,ASOS 일자료 조회서비스 응답 항목에 토양수분 필드 자체가 없어 변수 제외,"최근접 관측소 매칭(중심점법:exact, 거리 7.74km)"
2024,전라북도,순창군,45770,254,순창군,7.74,14.7,-1.76,True,25.96,1399.3,1.61,2281.1,3134.9,0.52,-0.64,2.32,12.0,366,,이번 산출물에서 제외(사용자 요청) - 추후 국토지리정보원 자료로 보강 필요,ASOS 일자료 조회서비스 응답 항목에 토양수분 필드 자체가 없어 변수 제외,"최근접 관측소 매칭(중심점법:exact, 거리 7.74km)"
2025,전라북도,순창군,45770,254,순창군,7.74,13.78,-4.82,True,25.91,1945.9,1.69,2161.8,2960.8,0.47,-0.7,1.56,12.0,365,,이번 산출물에서 제외(사용자 요청) - 추후 국토지리정보원 자료로 보강 필요,ASOS 일자료 조회서비스 응답 항목에 토양수분 필드 자체가 없어 변수 제외,"최근접 관측소 매칭(중심점법:exact, 거리 7.74km)"
2016,전라북도,완주군,45710,146,전주,12.36,14.37,-1.44,True,25.6,1117.7,1.76,2197.0,3068.4,-0.03,-1.42,1.35,11.0,366,,이번 산출물에서 제외(사용자 요청) - 추후 국토지리정보원 자료로 보강 필요,ASOS 일자료 조회서비스 응답 항목에 토양수분 필드 자체가 없어 변수 제외,"최근접 관측소 매칭(중심점법:exact, 거리 12.36km)"
2017,전라북도,완주군,45710,146,전주,12.36,13.7,-2.12,True,25.23,947.8,1.68,2042.2,2844.4,-0.87,-1.78,0.3,12.0,365,,이번 산출물에서 제외(사용자 요청) - 추후 국토지리정보원 자료로 보강 필요,ASOS 일자료 조회서비스 응답 항목에 토양수분 필드 자체가 없어 변수 제외,"최근접 관측소 매칭(중심점법:exact, 거리 12.36km)"
2018,전라북도,완주군,45710,146,전주,12.36,14.01,-4.18,True,26.55,1332.5,1.69,2157.4,3006.4,0.18,-1.03,1.13,12.0,365,,이번 산출물에서 제외(사용자 요청) - 추후 국토지리정보원 자료로 보강 필요,ASOS 일자료 조회서비스 응답 항목에 토양수분 필드 자체가 없어 변수 제외,"최근접 관측소 매칭(중심점법:exact, 거리 12.36km)"
2019,전라북도,완주군,45710,146,전주,12.36,14.23,-2.58,True,24.79,968.9,1.63,2069.1,2905.0,-0.62,-1.42,0.39,12.0,365,,이번 산출물에서 제외(사용자 요청) - 추후 국토지리정보원 자료로 보강 필요,ASOS 일자료 조회서비스 응답 항목에 토양수분 필드 자체가 없어 변수 제외,"최근접 관측소 매칭(중심점법:exact, 거리 12.36km)"
2020,전라북도,완주군,45710,146,전주,12.36,13.99,-0.19,True,24.88,1780.8,1.64,1947.0,2778.8,0.26,-1.6,1.79,12.0,366,,이번 산출물에서 제외(사용자 요청) - 추후 국토지리정보원 자료로 보강 필요,ASOS 일자료 조회서비스 응답 항목에 토양수분 필드 자체가 없어 변수 제외,"최근접 관측소 매칭(중심점법:exact, 거리 12.36km)"
2021,전라북도,완주군,45710,146,전주,12.36,14.62,-2.44,True,25.4,1496.6,1.61,2120.4,3007.5,0.21,-0.66,1.12,12.0,365,,이번 산출물에서 제외(사용자 요청) - 추후 국토지리정보원 자료로 보강 필요,ASOS 일자료 조회서비스 응답 항목에 토양수분 필드 자체가 없어 변수 제외,"최근접 관측소 매칭(중심점법:exact, 거리 12.36km)"
2022,전라북도,완주군,45710,146,전주,12.36,14.08,-3.1,True,25.68,1071.5,1.61,2145.2,3023.9,-0.6,-2.07,0.37,12.0,365,,이번 산출물에서 제외(사용자 요청) - 추후 국토지리정보원 자료로 보강 필요,ASOS 일자료 조회서비스 응답 항목에 토양수분 필드 자체가 없어 변수 제외,"최근접 관측소 매칭(중심점법:exact, 거리 12.36km)"
2023,전라북도,완주군,45710,146,전주,12.36,14.87,-3.39,True,25.78,1986.6,1.57,2271.6,3152.4,0.5,-1.82,2.02,12.0,365,,이번 산출물에서 제외(사용자 요청) - 추후 국토지리정보원 자료로 보강 필요,ASOS 일자료 조회서비스 응답 항목에 토양수분 필드 자체가 없어 변수 제외,"최근접 관측소 매칭(중심점법:exact, 거리 12.36km)"
2024,전라북도,완주군,45710,146,전주,12.36,15.76,0.19,True,26.8,1357.9,1.55,2496.2,3383.4,0.55,-0.82,2.37,12.0,366,,이번 산출물에서 제외(사용자 요청) - 추후 국토지리정보원 자료로 보강 필요,ASOS 일자료 조회서비스 응답 항목에 토양수분 필드 자체가 없어 변수 제외,"최근접 관측소 매칭(중심점법:exact, 거리 12.36km)"
2025,전라북도,완주군,45710,146,전주,12.36,15.07,-2.29,True,27.02,1619.4,1.89,2396.4,3249.3,0.41,-0.7,2.21,12.0,365,,이번 산출물에서 제외(사용자 요청) - 추후 국토지리정보원 자료로 보강 필요,ASOS 일자료 조회서비스 응답 항목에 토양수분 필드 자체가 없어 변수 제외,"최근접 관측소 매칭(중심점법:exact, 거리 12.36km)"
2016,전라북도,익산시,45140,140,군산,20.6,13.82,-1.92,True,25.14,1144.4,2.08,2039.6,2881.8,-0.01,-1.24,1.24,11.0,366,,이번 산출물에서 제외(사용자 요청) - 추후 국토지리정보원 자료로 보강 필요,ASOS 일자료 조회서비스 응답 항목에 토양수분 필드 자체가 없어 변수 제외,"최근접 관측소 매칭(중심점법:exact, 거리 20.6km)"
2017,전라북도,익산시,45140,140,군산,20.6,13.22,-2.67,True,24.78,774.4,2.19,1920.9,2706.0,-1.08,-1.69,0.07,12.0,365,,이번 산출물에서 제외(사용자 요청) - 추후 국토지리정보원 자료로 보강 필요,ASOS 일자료 조회서비스 응답 항목에 토양수분 필드 자체가 없어 변수 제외,"최근접 관측소 매칭(중심점법:exact, 거리 20.6km)"
2018,전라북도,익산시,45140,140,군산,20.6,13.26,-4.59,True,25.55,1637.1,2.0,1931.3,2751.8,0.57,-0.72,1.44,12.0,365,,이번 산출물에서 제외(사용자 요청) - 추후 국토지리정보원 자료로 보강 필요,ASOS 일자료 조회서비스 응답 항목에 토양수분 필드 자체가 없어 변수 제외,"최근접 관측소 매칭(중심점법:exact, 거리 20.6km)"
2019,전라북도,익산시,45140,140,군산,20.6,13.58,-2.89,True,24.12,1008.1,1.91,1888.7,2691.9,-0.46,-1.22,1.1,12.0,365,,이번 산출물에서 제외(사용자 요청) - 추후 국토지리정보원 자료로 보강 필요,ASOS 일자료 조회서비스 응답 항목에 토양수분 필드 자체가 없어 변수 제외,"최근접 관측소 매칭(중심점법:exact, 거리 20.6km)"
2020,전라북도,익산시,45140,140,군산,20.6,13.45,-0.55,True,24.11,1664.8,2.08,1788.4,2582.5,0.23,-2.11,1.51,12.0,366,,이번 산출물에서 제외(사용자 요청) - 추후 국토지리정보원 자료로 보강 필요,ASOS 일자료 조회서비스 응답 항목에 토양수분 필드 자체가 없어 변수 제외,"최근접 관측소 매칭(중심점법:exact, 거리 20.6km)"
2021,전라북도,익산시,45140,140,군산,20.6,13.96,-2.73,True,24.75,1151.7,2.04,1960.1,2803.9,-0.28,-0.84,0.54,12.0,365,,이번 산출물에서 제외(사용자 요청) - 추후 국토지리정보원 자료로 보강 필요,ASOS 일자료 조회서비스 응답 항목에 토양수분 필드 자체가 없어 변수 제외,"최근접 관측소 매칭(중심점법:exact, 거리 20.6km)"
2022,전라북도,익산시,45140,140,군산,20.6,13.22,-3.45,True,24.98,1043.4,2.25,1919.8,2743.8,-0.53,-1.68,0.46,12.0,364,,이번 산출물에서 제외(사용자 요청) - 추후 국토지리정보원 자료로 보강 필요,ASOS 일자료 조회서비스 응답 항목에 토양수분 필드 자체가 없어 변수 제외,"최근접 관측소 매칭(중심점법:exact, 거리 20.6km)"
2023,전라북도,익산시,45140,140,군산,20.6,13.96,-4.28,True,25.0,2120.8,2.21,2067.2,2906.1,0.59,-1.5,2.21,12.0,365,,이번 산출물에서 제외(사용자 요청) - 추후 국토지리정보원 자료로 보강 필요,ASOS 일자료 조회서비스 응답 항목에 토양수분 필드 자체가 없어 변수 제외,"최근접 관측소 매칭(중심점법:exact, 거리 20.6km)"
2024,전라북도,익산시,45140,140,군산,20.6,14.77,-0.84,True,26.0,1477.5,2.19,2241.2,3095.2,0.68,-0.94,2.25,12.0,366,,이번 산출물에서 제외(사용자 요청) - 추후 국토지리정보원 자료로 보강 필요,ASOS 일자료 조회서비스 응답 항목에 토양수분 필드 자체가 없어 변수 제외,"최근접 관측소 매칭(중심점법:exact, 거리 20.6km)"
2025,전라북도,익산시,45140,140,군산,20.6,14.06,-3.27,True,25.93,1583.3,2.39,2111.4,2928.0,0.26,-0.64,2.3,12.0,365,,이번 산출물에서 제외(사용자 요청) - 추후 국토지리정보원 자료로 보강 필요,ASOS 일자료 조회서비스 응답 항목에 토양수분 필드 자체가 없어 변수 제외,"최근접 관측소 매칭(중심점법:exact, 거리 20.6km)"
2016,전라북도,임실군,45750,244,임실,4.68,12.55,-5.21,True,24.36,1326.5,1.33,1867.1,2675.9,0.4,-1.3,1.76,11.0,366,,이번 산출물에서 제외(사용자 요청) - 추후 국토지리정보원 자료로 보강 필요,ASOS 일자료 조회서비스 응답 항목에 토양수분 필드 자체가 없어 변수 제외,"최근접 관측소 매칭(중심점법:exact, 거리 4.68km)"
2017,전라북도,임실군,45750,244,임실,4.68,11.69,-6.05,True,23.88,958.3,1.18,1692.2,2450.8,-1.04,-2.0,-0.0,12.0,365,,이번 산출물에서 제외(사용자 요청) - 추후 국토지리정보원 자료로 보강 필요,ASOS 일자료 조회서비스 응답 항목에 토양수분 필드 자체가 없어 변수 제외,"최근접 관측소 매칭(중심점법:exact, 거리 4.68km)"
2018,전라북도,임실군,45750,244,임실,4.68,12.03,-8.09,True,25.05,1468.2,1.17,1774.0,2548.7,0.31,-0.95,1.15,12.0,365,,이번 산출물에서 제외(사용자 요청) - 추후 국토지리정보원 자료로 보강 필요,ASOS 일자료 조회서비스 응답 항목에 토양수분 필드 자체가 없어 변수 제외,"최근접 관측소 매칭(중심점법:exact, 거리 4.68km)"
2019,전라북도,임실군,45750,244,임실,4.68,12.22,-6.13,True,23.34,1069.7,1.27,1713.2,2477.4,-0.57,-1.19,0.59,12.0,365,,이번 산출물에서 제외(사용자 요청) - 추후 국토지리정보원 자료로 보강 필요,ASOS 일자료 조회서비스 응답 항목에 토양수분 필드 자체가 없어 변수 제외,"최근접 관측소 매칭(중심점법:exact, 거리 4.68km)"
2020,전라북도,임실군,45750,244,임실,4.68,12.07,-3.15,True,23.26,1869.8,1.13,1557.9,2287.2,0.35,-1.86,1.79,12.0,366,,이번 산출물에서 제외(사용자 요청) - 추후 국토지리정보원 자료로 보강 필요,ASOS 일자료 조회서비스 응답 항목에 토양수분 필드 자체가 없어 변수 제외,"최근접 관측소 매칭(중심점법:exact, 거리 4.68km)"
2021,전라북도,임실군,45750,244,임실,4.68,12.55,-5.89,True,23.43,1259.2,1.1,1700.4,2466.4,-0.15,-0.73,0.91,12.0,365,,이번 산출물에서 제외(사용자 요청) - 추후 국토지리정보원 자료로 보강 필요,ASOS 일자료 조회서비스 응답 항목에 토양수분 필드 자체가 없어 변수 제외,"최근접 관측소 매칭(중심점법:exact, 거리 4.68km)"
2022,전라북도,임실군,45750,244,임실,4.68,12.09,-6.28,True,23.82,966.7,1.11,1718.0,2505.5,-0.89,-2.11,0.11,12.0,365,,이번 산출물에서 제외(사용자 요청) - 추후 국토지리정보원 자료로 보강 필요,ASOS 일자료 조회서비스 응답 항목에 토양수분 필드 자체가 없어 변수 제외,"최근접 관측소 매칭(중심점법:exact, 거리 4.68km)"
2023,전라북도,임실군,45750,244,임실,4.68,13.15,-6.45,True,24.28,1984.4,1.1,1868.6,2698.6,0.48,-1.35,2.23,12.0,365,,이번 산출물에서 제외(사용자 요청) - 추후 국토지리정보원 자료로 보강 필요,ASOS 일자료 조회서비스 응답 항목에 토양수분 필드 자체가 없어 변수 제외,"최근접 관측소 매칭(중심점법:exact, 거리 4.68km)"
2024,전라북도,임실군,45750,244,임실,4.68,13.97,-2.19,True,24.94,1439.9,1.1,2063.6,2902.6,0.69,-0.59,2.32,12.0,366,,이번 산출물에서 제외(사용자 요청) - 추후 국토지리정보원 자료로 보강 필요,ASOS 일자료 조회서비스 응답 항목에 토양수분 필드 자체가 없어 변수 제외,"최근접 관측소 매칭(중심점법:exact, 거리 4.68km)"
2025,전라북도,임실군,45750,244,임실,4.68,13.1,-5.62,True,24.92,1684.8,1.15,1987.8,2774.2,0.44,-0.94,1.41,12.0,365,,이번 산출물에서 제외(사용자 요청) - 추후 국토지리정보원 자료로 보강 필요,ASOS 일자료 조회서비스 응답 항목에 토양수분 필드 자체가 없어 변수 제외,"최근접 관측소 매칭(중심점법:exact, 거리 4.68km)"
2016,전라북도,장수군,45740,248,장수,2.18,11.69,-5.63,True,23.18,1485.8,1.66,1616.5,2402.4,0.36,-0.97,1.57,11.0,366,,이번 산출물에서 제외(사용자 요청) - 추후 국토지리정보원 자료로 보강 필요,ASOS 일자료 조회서비스 응답 항목에 토양수분 필드 자체가 없어 변수 제외,"최근접 관측소 매칭(중심점법:exact, 거리 2.18km)"
2017,전라북도,장수군,45740,248,장수,2.18,10.86,-6.75,True,22.88,1128.1,1.69,1478.3,2216.6,-0.75,-1.81,0.39,12.0,365,,이번 산출물에서 제외(사용자 요청) - 추후 국토지리정보원 자료로 보강 필요,ASOS 일자료 조회서비스 응답 항목에 토양수분 필드 자체가 없어 변수 제외,"최근접 관측소 매칭(중심점법:exact, 거리 2.18km)"
2018,전라북도,장수군,45740,248,장수,2.18,11.23,-8.62,True,23.89,1665.0,1.67,1556.2,2289.7,0.34,-1.18,1.66,12.0,365,,이번 산출물에서 제외(사용자 요청) - 추후 국토지리정보원 자료로 보강 필요,ASOS 일자료 조회서비스 응답 항목에 토양수분 필드 자체가 없어 변수 제외,"최근접 관측소 매칭(중심점법:exact, 거리 2.18km)"
2019,전라북도,장수군,45740,248,장수,2.18,11.5,-6.78,True,22.36,1262.8,1.54,1507.4,2241.4,-0.41,-0.93,0.48,12.0,365,,이번 산출물에서 제외(사용자 요청) - 추후 국토지리정보원 자료로 보강 필요,ASOS 일자료 조회서비스 응답 항목에 토양수분 필드 자체가 없어 변수 제외,"최근접 관측소 매칭(중심점법:exact, 거리 2.18km)"
2020,전라북도,장수군,45740,248,장수,2.18,11.26,-4.03,True,22.79,2126.0,1.53,1432.2,2117.8,0.45,-1.98,1.97,12.0,366,,이번 산출물에서 제외(사용자 요청) - 추후 국토지리정보원 자료로 보강 필요,ASOS 일자료 조회서비스 응답 항목에 토양수분 필드 자체가 없어 변수 제외,"최근접 관측소 매칭(중심점법:exact, 거리 2.18km)"
2021,전라북도,장수군,45740,248,장수,2.18,11.68,-6.84,True,22.71,1345.2,1.4,1535.8,2249.5,-0.24,-0.94,0.66,12.0,365,,이번 산출물에서 제외(사용자 요청) - 추후 국토지리정보원 자료로 보강 필요,ASOS 일자료 조회서비스 응답 항목에 토양수분 필드 자체가 없어 변수 제외,"최근접 관측소 매칭(중심점법:exact, 거리 2.18km)"
2022,전라북도,장수군,45740,248,장수,2.18,11.09,-7.81,True,23.25,982.6,1.45,1544.2,2276.2,-1.06,-2.17,0.02,12.0,365,,이번 산출물에서 제외(사용자 요청) - 추후 국토지리정보원 자료로 보강 필요,ASOS 일자료 조회서비스 응답 항목에 토양수분 필드 자체가 없어 변수 제외,"최근접 관측소 매칭(중심점법:exact, 거리 2.18km)"
2023,전라북도,장수군,45740,248,장수,2.18,12.02,-8.18,True,23.51,2168.1,1.36,1649.0,2427.2,0.35,-1.7,2.24,12.0,365,,이번 산출물에서 제외(사용자 요청) - 추후 국토지리정보원 자료로 보강 필요,ASOS 일자료 조회서비스 응답 항목에 토양수분 필드 자체가 없어 변수 제외,"최근접 관측소 매칭(중심점법:exact, 거리 2.18km)"
2024,전라북도,장수군,45740,248,장수,2.18,12.86,-3.46,True,23.97,1644.3,1.33,1812.4,2629.1,0.65,-0.66,2.17,12.0,366,,이번 산출물에서 제외(사용자 요청) - 추후 국토지리정보원 자료로 보강 필요,ASOS 일자료 조회서비스 응답 항목에 토양수분 필드 자체가 없어 변수 제외,"최근접 관측소 매칭(중심점법:exact, 거리 2.18km)"
2025,전라북도,장수군,45740,248,장수,2.18,11.98,-7.19,True,23.88,1768.0,1.39,1785.0,2536.8,0.34,-1.0,1.93,12.0,365,,이번 산출물에서 제외(사용자 요청) - 추후 국토지리정보원 자료로 보강 필요,ASOS 일자료 조회서비스 응답 항목에 토양수분 필드 자체가 없어 변수 제외,"최근접 관측소 매칭(중심점법:exact, 거리 2.18km)"
2016,전라북도,전주시 덕진구,45113,146,전주,1.44,14.37,-1.44,True,25.6,1117.7,1.76,2197.0,3068.4,-0.03,-1.42,1.35,11.0,366,,이번 산출물에서 제외(사용자 요청) - 추후 국토지리정보원 자료로 보강 필요,ASOS 일자료 조회서비스 응답 항목에 토양수분 필드 자체가 없어 변수 제외,"최근접 관측소 매칭(중심점법:parent_city_polygon, 거리 1.44km)"
2017,전라북도,전주시 덕진구,45113,146,전주,1.44,13.7,-2.12,True,25.23,947.8,1.68,2042.2,2844.4,-0.87,-1.78,0.3,12.0,365,,이번 산출물에서 제외(사용자 요청) - 추후 국토지리정보원 자료로 보강 필요,ASOS 일자료 조회서비스 응답 항목에 토양수분 필드 자체가 없어 변수 제외,"최근접 관측소 매칭(중심점법:parent_city_polygon, 거리 1.44km)"
2018,전라북도,전주시 덕진구,45113,146,전주,1.44,14.01,-4.18,True,26.55,1332.5,1.69,2157.4,3006.4,0.18,-1.03,1.13,12.0,365,,이번 산출물에서 제외(사용자 요청) - 추후 국토지리정보원 자료로 보강 필요,ASOS 일자료 조회서비스 응답 항목에 토양수분 필드 자체가 없어 변수 제외,"최근접 관측소 매칭(중심점법:parent_city_polygon, 거리 1.44km)"
2019,전라북도,전주시 덕진구,45113,146,전주,1.44,14.23,-2.58,True,24.79,968.9,1.63,2069.1,2905.0,-0.62,-1.42,0.39,12.0,365,,이번 산출물에서 제외(사용자 요청) - 추후 국토지리정보원 자료로 보강 필요,ASOS 일자료 조회서비스 응답 항목에 토양수분 필드 자체가 없어 변수 제외,"최근접 관측소 매칭(중심점법:parent_city_polygon, 거리 1.44km)"
2020,전라북도,전주시 덕진구,45113,146,전주,1.44,13.99,-0.19,True,24.88,1780.8,1.64,1947.0,2778.8,0.26,-1.6,1.79,12.0,366,,이번 산출물에서 제외(사용자 요청) - 추후 국토지리정보원 자료로 보강 필요,ASOS 일자료 조회서비스 응답 항목에 토양수분 필드 자체가 없어 변수 제외,"최근접 관측소 매칭(중심점법:parent_city_polygon, 거리 1.44km)"
2021,전라북도,전주시 덕진구,45113,146,전주,1.44,14.62,-2.44,True,25.4,1496.6,1.61,2120.4,3007.5,0.21,-0.66,1.12,12.0,365,,이번 산출물에서 제외(사용자 요청) - 추후 국토지리정보원 자료로 보강 필요,ASOS 일자료 조회서비스 응답 항목에 토양수분 필드 자체가 없어 변수 제외,"최근접 관측소 매칭(중심점법:parent_city_polygon, 거리 1.44km)"
2022,전라북도,전주시 덕진구,45113,146,전주,1.44,14.08,-3.1,True,25.68,1071.5,1.61,2145.2,3023.9,-0.6,-2.07,0.37,12.0,365,,이번 산출물에서 제외(사용자 요청) - 추후 국토지리정보원 자료로 보강 필요,ASOS 일자료 조회서비스 응답 항목에 토양수분 필드 자체가 없어 변수 제외,"최근접 관측소 매칭(중심점법:parent_city_polygon, 거리 1.44km)"
2023,전라북도,전주시 덕진구,45113,146,전주,1.44,14.87,-3.39,True,25.78,1986.6,1.57,2271.6,3152.4,0.5,-1.82,2.02,12.0,365,,이번 산출물에서 제외(사용자 요청) - 추후 국토지리정보원 자료로 보강 필요,ASOS 일자료 조회서비스 응답 항목에 토양수분 필드 자체가 없어 변수 제외,"최근접 관측소 매칭(중심점법:parent_city_polygon, 거리 1.44km)"
2024,전라북도,전주시 덕진구,45113,146,전주,1.44,15.76,0.19,True,26.8,1357.9,1.55,2496.2,3383.4,0.55,-0.82,2.37,12.0,366,,이번 산출물에서 제외(사용자 요청) - 추후 국토지리정보원 자료로 보강 필요,ASOS 일자료 조회서비스 응답 항목에 토양수분 필드 자체가 없어 변수 제외,"최근접 관측소 매칭(중심점법:parent_city_polygon, 거리 1.44km)"
2025,전라북도,전주시 덕진구,45113,146,전주,1.44,15.07,-2.29,True,27.02,1619.4,1.89,2396.4,3249.3,0.41,-0.7,2.21,12.0,365,,이번 산출물에서 제외(사용자 요청) - 추후 국토지리정보원 자료로 보강 필요,ASOS 일자료 조회서비스 응답 항목에 토양수분 필드 자체가 없어 변수 제외,"최근접 관측소 매칭(중심점법:parent_city_polygon, 거리 1.44km)"
2016,전라북도,전주시 완산구,45111,146,전주,1.44,14.37,-1.44,True,25.6,1117.7,1.76,2197.0,3068.4,-0.03,-1.42,1.35,11.0,366,,이번 산출물에서 제외(사용자 요청) - 추후 국토지리정보원 자료로 보강 필요,ASOS 일자료 조회서비스 응답 항목에 토양수분 필드 자체가 없어 변수 제외,"최근접 관측소 매칭(중심점법:parent_city_polygon, 거리 1.44km)"
2017,전라북도,전주시 완산구,45111,146,전주,1.44,13.7,-2.12,True,25.23,947.8,1.68,2042.2,2844.4,-0.87,-1.78,0.3,12.0,365,,이번 산출물에서 제외(사용자 요청) - 추후 국토지리정보원 자료로 보강 필요,ASOS 일자료 조회서비스 응답 항목에 토양수분 필드 자체가 없어 변수 제외,"최근접 관측소 매칭(중심점법:parent_city_polygon, 거리 1.44km)"
2018,전라북도,전주시 완산구,45111,146,전주,1.44,14.01,-4.18,True,26.55,1332.5,1.69,2157.4,3006.4,0.18,-1.03,1.13,12.0,365,,이번 산출물에서 제외(사용자 요청) - 추후 국토지리정보원 자료로 보강 필요,ASOS 일자료 조회서비스 응답 항목에 토양수분 필드 자체가 없어 변수 제외,"최근접 관측소 매칭(중심점법:parent_city_polygon, 거리 1.44km)"
2019,전라북도,전주시 완산구,45111,146,전주,1.44,14.23,-2.58,True,24.79,968.9,1.63,2069.1,2905.0,-0.62,-1.42,0.39,12.0,365,,이번 산출물에서 제외(사용자 요청) - 추후 국토지리정보원 자료로 보강 필요,ASOS 일자료 조회서비스 응답 항목에 토양수분 필드 자체가 없어 변수 제외,"최근접 관측소 매칭(중심점법:parent_city_polygon, 거리 1.44km)"
2020,전라북도,전주시 완산구,45111,146,전주,1.44,13.99,-0.19,True,24.88,1780.8,1.64,1947.0,2778.8,0.26,-1.6,1.79,12.0,366,,이번 산출물에서 제외(사용자 요청) - 추후 국토지리정보원 자료로 보강 필요,ASOS 일자료 조회서비스 응답 항목에 토양수분 필드 자체가 없어 변수 제외,"최근접 관측소 매칭(중심점법:parent_city_polygon, 거리 1.44km)"
2021,전라북도,전주시 완산구,45111,146,전주,1.44,14.62,-2.44,True,25.4,1496.6,1.61,2120.4,3007.5,0.21,-0.66,1.12,12.0,365,,이번 산출물에서 제외(사용자 요청) - 추후 국토지리정보원 자료로 보강 필요,ASOS 일자료 조회서비스 응답 항목에 토양수분 필드 자체가 없어 변수 제외,"최근접 관측소 매칭(중심점법:parent_city_polygon, 거리 1.44km)"
2022,전라북도,전주시 완산구,45111,146,전주,1.44,14.08,-3.1,True,25.68,1071.5,1.61,2145.2,3023.9,-0.6,-2.07,0.37,12.0,365,,이번 산출물에서 제외(사용자 요청) - 추후 국토지리정보원 자료로 보강 필요,ASOS 일자료 조회서비스 응답 항목에 토양수분 필드 자체가 없어 변수 제외,"최근접 관측소 매칭(중심점법:parent_city_polygon, 거리 1.44km)"
2023,전라북도,전주시 완산구,45111,146,전주,1.44,14.87,-3.39,True,25.78,1986.6,1.57,2271.6,3152.4,0.5,-1.82,2.02,12.0,365,,이번 산출물에서 제외(사용자 요청) - 추후 국토지리정보원 자료로 보강 필요,ASOS 일자료 조회서비스 응답 항목에 토양수분 필드 자체가 없어 변수 제외,"최근접 관측소 매칭(중심점법:parent_city_polygon, 거리 1.44km)"
2024,전라북도,전주시 완산구,45111,146,전주,1.44,15.76,0.19,True,26.8,1357.9,1.55,2496.2,3383.4,0.55,-0.82,2.37,12.0,366,,이번 산출물에서 제외(사용자 요청) - 추후 국토지리정보원 자료로 보강 필요,ASOS 일자료 조회서비스 응답 항목에 토양수분 필드 자체가 없어 변수 제외,"최근접 관측소 매칭(중심점법:parent_city_polygon, 거리 1.44km)"
2025,전라북도,전주시 완산구,45111,146,전주,1.44,15.07,-2.29,True,27.02,1619.4,1.89,2396.4,3249.3,0.41,-0.7,2.21,12.0,365,,이번 산출물에서 제외(사용자 요청) - 추후 국토지리정보원 자료로 보강 필요,ASOS 일자료 조회서비스 응답 항목에 토양수분 필드 자체가 없어 변수 제외,"최근접 관측소 매칭(중심점법:parent_city_polygon, 거리 1.44km)"
2016,전라북도,정읍시,45180,245,정읍,7.44,14.29,-1.86,True,25.92,1279.5,1.43,2218.4,3076.3,0.41,-1.34,2.07,11.0,366,,이번 산출물에서 제외(사용자 요청) - 추후 국토지리정보원 자료로 보강 필요,ASOS 일자료 조회서비스 응답 항목에 토양수분 필드 자체가 없어 변수 제외,"최근접 관측소 매칭(중심점법:exact, 거리 7.44km)"
2017,전라북도,정읍시,45180,245,정읍,7.44,13.11,-3.15,True,25.04,938.2,1.53,1927.4,2708.4,-0.94,-2.06,0.07,12.0,365,,이번 산출물에서 제외(사용자 요청) - 추후 국토지리정보원 자료로 보강 필요,ASOS 일자료 조회서비스 응답 항목에 토양수분 필드 자체가 없어 변수 제외,"최근접 관측소 매칭(중심점법:exact, 거리 7.44km)"
2018,전라북도,정읍시,45180,245,정읍,7.44,13.22,-5.04,True,25.77,1305.0,1.57,1977.4,2799.7,0.2,-1.07,1.24,12.0,365,,이번 산출물에서 제외(사용자 요청) - 추후 국토지리정보원 자료로 보강 필요,ASOS 일자료 조회서비스 응답 항목에 토양수분 필드 자체가 없어 변수 제외,"최근접 관측소 매칭(중심점법:exact, 거리 7.44km)"
2019,전라북도,정읍시,45180,245,정읍,7.44,13.32,-3.27,True,23.89,1246.7,1.49,1848.0,2658.4,-0.28,-1.25,1.57,12.0,365,,이번 산출물에서 제외(사용자 요청) - 추후 국토지리정보원 자료로 보강 필요,ASOS 일자료 조회서비스 응답 항목에 토양수분 필드 자체가 없어 변수 제외,"최근접 관측소 매칭(중심점법:exact, 거리 7.44km)"
2020,전라북도,정읍시,45180,245,정읍,7.44,13.18,-0.94,True,24.25,1718.9,1.54,1783.2,2565.4,0.25,-1.61,1.76,12.0,366,,이번 산출물에서 제외(사용자 요청) - 추후 국토지리정보원 자료로 보강 필요,ASOS 일자료 조회서비스 응답 항목에 토양수분 필드 자체가 없어 변수 제외,"최근접 관측소 매칭(중심점법:exact, 거리 7.44km)"
2021,전라북도,정읍시,45180,245,정읍,7.44,13.85,-3.2,True,24.63,1354.6,1.61,1942.4,2776.8,0.03,-0.57,0.69,12.0,365,,이번 산출물에서 제외(사용자 요청) - 추후 국토지리정보원 자료로 보강 필요,ASOS 일자료 조회서비스 응답 항목에 토양수분 필드 자체가 없어 변수 제외,"최근접 관측소 매칭(중심점법:exact, 거리 7.44km)"
2022,전라북도,정읍시,45180,245,정읍,7.44,13.31,-3.64,True,25.14,979.3,1.65,1952.8,2784.4,-0.77,-1.92,0.28,12.0,365,,이번 산출물에서 제외(사용자 요청) - 추후 국토지리정보원 자료로 보강 필요,ASOS 일자료 조회서비스 응답 항목에 토양수분 필드 자체가 없어 변수 제외,"최근접 관측소 매칭(중심점법:exact, 거리 7.44km)"
2023,전라북도,정읍시,45180,245,정읍,7.44,14.27,-4.25,True,25.32,1937.7,1.49,2133.1,2987.8,0.49,-1.73,2.46,12.0,365,,이번 산출물에서 제외(사용자 요청) - 추후 국토지리정보원 자료로 보강 필요,ASOS 일자료 조회서비스 응답 항목에 토양수분 필드 자체가 없어 변수 제외,"최근접 관측소 매칭(중심점법:exact, 거리 7.44km)"
2024,전라북도,정읍시,45180,245,정읍,7.44,15.24,-0.26,True,26.56,1226.7,1.84,2386.2,3252.8,0.31,-1.03,2.33,12.0,366,,이번 산출물에서 제외(사용자 요청) - 추후 국토지리정보원 자료로 보강 필요,ASOS 일자료 조회서비스 응답 항목에 토양수분 필드 자체가 없어 변수 제외,"최근접 관측소 매칭(중심점법:exact, 거리 7.44km)"
2025,전라북도,정읍시,45180,245,정읍,7.44,14.59,-3.19,True,26.64,1498.1,2.0,2285.6,3113.1,0.31,-0.42,1.69,12.0,365,,이번 산출물에서 제외(사용자 요청) - 추후 국토지리정보원 자료로 보강 필요,ASOS 일자료 조회서비스 응답 항목에 토양수분 필드 자체가 없어 변수 제외,"최근접 관측소 매칭(중심점법:exact, 거리 7.44km)"
2016,전라북도,진안군,45720,248,장수,20.74,11.69,-5.63,True,23.18,1485.8,1.66,1616.5,2402.4,0.36,-0.97,1.57,11.0,366,,이번 산출물에서 제외(사용자 요청) - 추후 국토지리정보원 자료로 보강 필요,ASOS 일자료 조회서비스 응답 항목에 토양수분 필드 자체가 없어 변수 제외,"최근접 관측소 매칭(중심점법:exact, 거리 20.74km)"
2017,전라북도,진안군,45720,248,장수,20.74,10.86,-6.75,True,22.88,1128.1,1.69,1478.3,2216.6,-0.75,-1.81,0.39,12.0,365,,이번 산출물에서 제외(사용자 요청) - 추후 국토지리정보원 자료로 보강 필요,ASOS 일자료 조회서비스 응답 항목에 토양수분 필드 자체가 없어 변수 제외,"최근접 관측소 매칭(중심점법:exact, 거리 20.74km)"
2018,전라북도,진안군,45720,248,장수,20.74,11.23,-8.62,True,23.89,1665.0,1.67,1556.2,2289.7,0.34,-1.18,1.66,12.0,365,,이번 산출물에서 제외(사용자 요청) - 추후 국토지리정보원 자료로 보강 필요,ASOS 일자료 조회서비스 응답 항목에 토양수분 필드 자체가 없어 변수 제외,"최근접 관측소 매칭(중심점법:exact, 거리 20.74km)"
2019,전라북도,진안군,45720,248,장수,20.74,11.5,-6.78,True,22.36,1262.8,1.54,1507.4,2241.4,-0.41,-0.93,0.48,12.0,365,,이번 산출물에서 제외(사용자 요청) - 추후 국토지리정보원 자료로 보강 필요,ASOS 일자료 조회서비스 응답 항목에 토양수분 필드 자체가 없어 변수 제외,"최근접 관측소 매칭(중심점법:exact, 거리 20.74km)"
2020,전라북도,진안군,45720,248,장수,20.74,11.26,-4.03,True,22.79,2126.0,1.53,1432.2,2117.8,0.45,-1.98,1.97,12.0,366,,이번 산출물에서 제외(사용자 요청) - 추후 국토지리정보원 자료로 보강 필요,ASOS 일자료 조회서비스 응답 항목에 토양수분 필드 자체가 없어 변수 제외,"최근접 관측소 매칭(중심점법:exact, 거리 20.74km)"
2021,전라북도,진안군,45720,248,장수,20.74,11.68,-6.84,True,22.71,1345.2,1.4,1535.8,2249.5,-0.24,-0.94,0.66,12.0,365,,이번 산출물에서 제외(사용자 요청) - 추후 국토지리정보원 자료로 보강 필요,ASOS 일자료 조회서비스 응답 항목에 토양수분 필드 자체가 없어 변수 제외,"최근접 관측소 매칭(중심점법:exact, 거리 20.74km)"
2022,전라북도,진안군,45720,248,장수,20.74,11.09,-7.81,True,23.25,982.6,1.45,1544.2,2276.2,-1.06,-2.17,0.02,12.0,365,,이번 산출물에서 제외(사용자 요청) - 추후 국토지리정보원 자료로 보강 필요,ASOS 일자료 조회서비스 응답 항목에 토양수분 필드 자체가 없어 변수 제외,"최근접 관측소 매칭(중심점법:exact, 거리 20.74km)"
2023,전라북도,진안군,45720,248,장수,20.74,12.02,-8.18,True,23.51,2168.1,1.36,1649.0,2427.2,0.35,-1.7,2.24,12.0,365,,이번 산출물에서 제외(사용자 요청) - 추후 국토지리정보원 자료로 보강 필요,ASOS 일자료 조회서비스 응답 항목에 토양수분 필드 자체가 없어 변수 제외,"최근접 관측소 매칭(중심점법:exact, 거리 20.74km)"
2024,전라북도,진안군,45720,248,장수,20.74,12.86,-3.46,True,23.97,1644.3,1.33,1812.4,2629.1,0.65,-0.66,2.17,12.0,366,,이번 산출물에서 제외(사용자 요청) - 추후 국토지리정보원 자료로 보강 필요,ASOS 일자료 조회서비스 응답 항목에 토양수분 필드 자체가 없어 변수 제외,"최근접 관측소 매칭(중심점법:exact, 거리 20.74km)"
2025,전라북도,진안군,45720,248,장수,20.74,11.98,-7.19,True,23.88,1768.0,1.39,1785.0,2536.8,0.34,-1.0,1.93,12.0,365,,이번 산출물에서 제외(사용자 요청) - 추후 국토지리정보원 자료로 보강 필요,ASOS 일자료 조회서비스 응답 항목에 토양수분 필드 자체가 없어 변수 제외,"최근접 관측소 매칭(중심점법:exact, 거리 20.74km)"
2016,제주특별자치도,서귀포시,50130,189,서귀포,8.85,17.01,4.94,True,25.12,2204.5,1.72,2374.0,3415.6,0.62,-0.59,1.98,11.0,366,,이번 산출물에서 제외(사용자 요청) - 추후 국토지리정보원 자료로 보강 필요,ASOS 일자료 조회서비스 응답 항목에 토양수분 필드 자체가 없어 변수 제외,"최근접 관측소 매칭(중심점법:exact, 거리 8.85km)"
2017,제주특별자치도,서귀포시,50130,189,서귀포,8.85,17.02,5.26,True,26.0,1334.0,1.78,2390.4,3390.8,-0.65,-1.8,0.42,12.0,365,,이번 산출물에서 제외(사용자 요청) - 추후 국토지리정보원 자료로 보강 필요,ASOS 일자료 조회서비스 응답 항목에 토양수분 필드 자체가 없어 변수 제외,"최근접 관측소 매칭(중심점법:exact, 거리 8.85km)"
2018,제주특별자치도,서귀포시,50130,189,서귀포,8.85,16.79,3.38,True,25.51,2166.2,1.81,2342.3,3367.2,0.13,-1.67,1.32,12.0,365,,이번 산출물에서 제외(사용자 요청) - 추후 국토지리정보원 자료로 보강 필요,ASOS 일자료 조회서비스 응답 항목에 토양수분 필드 자체가 없어 변수 제외,"최근접 관측소 매칭(중심점법:exact, 거리 8.85km)"
2019,제주특별자치도,서귀포시,50130,189,서귀포,8.85,17.3,5.96,True,24.35,2210.3,1.74,2331.1,3411.4,-0.02,-1.83,1.43,12.0,365,,이번 산출물에서 제외(사용자 요청) - 추후 국토지리정보원 자료로 보강 필요,ASOS 일자료 조회서비스 응답 항목에 토양수분 필드 자체가 없어 변수 제외,"최근접 관측소 매칭(중심점법:exact, 거리 8.85km)"
2020,제주특별자치도,서귀포시,50130,189,서귀포,8.85,16.77,6.82,True,24.41,2089.6,1.66,2138.4,3221.2,0.31,-0.93,1.3,12.0,366,,이번 산출물에서 제외(사용자 요청) - 추후 국토지리정보원 자료로 보강 필요,ASOS 일자료 조회서비스 응답 항목에 토양수분 필드 자체가 없어 변수 제외,"최근접 관측소 매칭(중심점법:exact, 거리 8.85km)"
2021,제주특별자치도,서귀포시,50130,189,서귀포,8.85,17.48,5.24,True,25.25,2136.2,1.84,2448.8,3560.0,0.16,-1.07,1.61,12.0,365,,이번 산출물에서 제외(사용자 요청) - 추후 국토지리정보원 자료로 보강 필요,ASOS 일자료 조회서비스 응답 항목에 토양수분 필드 자체가 없어 변수 제외,"최근접 관측소 매칭(중심점법:exact, 거리 8.85km)"
2022,제주특별자치도,서귀포시,50130,189,서귀포,8.85,17.23,4.73,True,25.78,1561.3,1.72,2481.0,3492.8,-0.8,-1.88,0.52,12.0,365,,이번 산출물에서 제외(사용자 요청) - 추후 국토지리정보원 자료로 보강 필요,ASOS 일자료 조회서비스 응답 항목에 토양수분 필드 자체가 없어 변수 제외,"최근접 관측소 매칭(중심점법:exact, 거리 8.85km)"
2023,제주특별자치도,서귀포시,50130,189,서귀포,8.85,17.7,4.8,True,25.64,2220.7,1.67,2517.4,3594.6,0.05,-2.26,1.81,12.0,365,,이번 산출물에서 제외(사용자 요청) - 추후 국토지리정보원 자료로 보강 필요,ASOS 일자료 조회서비스 응답 항목에 토양수분 필드 자체가 없어 변수 제외,"최근접 관측소 매칭(중심점법:exact, 거리 8.85km)"
2024,제주특별자치도,서귀포시,50130,189,서귀포,8.85,18.36,6.66,True,26.6,2247.3,1.94,2763.7,3832.8,0.53,-1.52,1.6,12.0,366,,이번 산출물에서 제외(사용자 요청) - 추후 국토지리정보원 자료로 보강 필요,ASOS 일자료 조회서비스 응답 항목에 토양수분 필드 자체가 없어 변수 제외,"최근접 관측소 매칭(중심점법:exact, 거리 8.85km)"
2025,제주특별자치도,서귀포시,50130,189,서귀포,8.85,18.05,3.97,True,27.0,1610.0,2.06,2772.8,3818.4,-0.28,-2.1,1.46,12.0,365,,이번 산출물에서 제외(사용자 요청) - 추후 국토지리정보원 자료로 보강 필요,ASOS 일자료 조회서비스 응답 항목에 토양수분 필드 자체가 없어 변수 제외,"최근접 관측소 매칭(중심점법:exact, 거리 8.85km)"
2016,제주특별자치도,제주시,50110,184,제주,8.04,17.03,5.45,True,26.05,1416.4,3.13,2468.8,3479.5,0.33,-0.99,1.21,11.0,366,,이번 산출물에서 제외(사용자 요청) - 추후 국토지리정보원 자료로 보강 필요,ASOS 일자료 조회서비스 응답 항목에 토양수분 필드 자체가 없어 변수 제외,"최근접 관측소 매칭(중심점법:exact, 거리 8.04km)"
2017,제주특별자치도,제주시,50110,184,제주,8.04,16.84,4.75,True,26.66,773.3,3.12,2422.6,3390.0,-1.09,-2.12,-0.03,12.0,365,,이번 산출물에서 제외(사용자 요청) - 추후 국토지리정보원 자료로 보강 필요,ASOS 일자료 조회서비스 응답 항목에 토양수분 필드 자체가 없어 변수 제외,"최근접 관측소 매칭(중심점법:exact, 거리 8.04km)"
2018,제주특별자치도,제주시,50110,184,제주,8.04,16.69,3.18,True,26.17,1769.5,3.09,2415.4,3411.8,0.55,-1.45,1.49,12.0,365,,이번 산출물에서 제외(사용자 요청) - 추후 국토지리정보원 자료로 보강 필요,ASOS 일자료 조회서비스 응답 항목에 토양수분 필드 자체가 없어 변수 제외,"최근접 관측소 매칭(중심점법:exact, 거리 8.04km)"
2019,제주특별자치도,제주시,50110,184,제주,8.04,16.86,5.28,True,24.84,1979.9,2.99,2327.4,3331.2,0.29,-1.47,2.07,12.0,365,,이번 산출물에서 제외(사용자 요청) - 추후 국토지리정보원 자료로 보강 필요,ASOS 일자료 조회서비스 응답 항목에 토양수분 필드 자체가 없어 변수 제외,"최근접 관측소 매칭(중심점법:exact, 거리 8.04km)"
2020,제주특별자치도,제주시,50110,184,제주,8.04,16.74,6.68,True,25.39,1389.5,3.05,2249.1,3272.5,0.0,-1.24,0.49,12.0,366,,이번 산출물에서 제외(사용자 요청) - 추후 국토지리정보원 자료로 보강 필요,ASOS 일자료 조회서비스 응답 항목에 토양수분 필드 자체가 없어 변수 제외,"최근접 관측소 매칭(중심점법:exact, 거리 8.04km)"
2021,제주특별자치도,제주시,50110,184,제주,8.04,17.51,5.07,True,26.22,1627.7,3.28,2532.5,3632.7,0.25,-1.04,1.17,12.0,365,,이번 산출물에서 제외(사용자 요청) - 추후 국토지리정보원 자료로 보강 필요,ASOS 일자료 조회서비스 응답 항목에 토양수분 필드 자체가 없어 변수 제외,"최근접 관측소 매칭(중심점법:exact, 거리 8.04km)"
2022,제주특별자치도,제주시,50110,184,제주,8.04,17.09,4.4,True,27.2,1075.8,3.38,2528.0,3500.2,-0.64,-1.46,-0.11,12.0,365,,이번 산출물에서 제외(사용자 요청) - 추후 국토지리정보원 자료로 보강 필요,ASOS 일자료 조회서비스 응답 항목에 토양수분 필드 자체가 없어 변수 제외,"최근접 관측소 매칭(중심점법:exact, 거리 8.04km)"
2023,제주특별자치도,제주시,50110,184,제주,8.04,17.51,4.34,True,26.72,1444.9,3.23,2581.6,3616.8,0.09,-2.02,1.73,12.0,365,,이번 산출물에서 제외(사용자 요청) - 추후 국토지리정보원 자료로 보강 필요,ASOS 일자료 조회서비스 응답 항목에 토양수분 필드 자체가 없어 변수 제외,"최근접 관측소 매칭(중심점법:exact, 거리 8.04km)"
2024,제주특별자치도,제주시,50110,184,제주,8.04,18.18,6.23,True,27.36,1597.7,3.37,2747.6,3779.9,0.65,-1.27,2.11,12.0,366,,이번 산출물에서 제외(사용자 요청) - 추후 국토지리정보원 자료로 보강 필요,ASOS 일자료 조회서비스 응답 항목에 토양수분 필드 자체가 없어 변수 제외,"최근접 관측소 매칭(중심점법:exact, 거리 8.04km)"
2025,제주특별자치도,제주시,50110,184,제주,8.04,17.66,4.34,True,27.14,1063.1,3.41,2684.0,3678.2,-0.41,-1.41,2.25,12.0,365,,이번 산출물에서 제외(사용자 요청) - 추후 국토지리정보원 자료로 보강 필요,ASOS 일자료 조회서비스 응답 항목에 토양수분 필드 자체가 없어 변수 제외,"최근접 관측소 매칭(중심점법:exact, 거리 8.04km)"
2016,충청남도,계룡시,44250,133,대전,15.24,14.05,-3.17,True,26.08,1228.4,1.48,2180.0,3017.6,0.02,-1.29,1.24,11.0,366,,이번 산출물에서 제외(사용자 요청) - 추후 국토지리정보원 자료로 보강 필요,ASOS 일자료 조회서비스 응답 항목에 토양수분 필드 자체가 없어 변수 제외,"최근접 관측소 매칭(중심점법:exact, 거리 15.24km)"
2017,충청남도,계룡시,44250,133,대전,15.24,13.46,-3.74,True,25.49,1127.5,1.55,2046.4,2844.6,-0.64,-1.8,0.44,12.0,365,,이번 산출물에서 제외(사용자 요청) - 추후 국토지리정보원 자료로 보강 필요,ASOS 일자료 조회서비스 응답 항목에 토양수분 필드 자체가 없어 변수 제외,"최근접 관측소 매칭(중심점법:exact, 거리 15.24km)"
2018,충청남도,계룡시,44250,133,대전,15.24,13.6,-5.75,True,26.88,1542.1,1.55,2113.8,2936.6,0.62,-0.54,2.03,12.0,365,,이번 산출물에서 제외(사용자 요청) - 추후 국토지리정보원 자료로 보강 필요,ASOS 일자료 조회서비스 응답 항목에 토양수분 필드 자체가 없어 변수 제외,"최근접 관측소 매칭(중심점법:exact, 거리 15.24km)"
2019,충청남도,계룡시,44250,133,대전,15.24,14.06,-3.91,True,25.26,984.2,1.34,2062.2,2881.4,-0.53,-1.69,0.93,12.0,365,,이번 산출물에서 제외(사용자 요청) - 추후 국토지리정보원 자료로 보강 필요,ASOS 일자료 조회서비스 응답 항목에 토양수분 필드 자체가 없어 변수 제외,"최근접 관측소 매칭(중심점법:exact, 거리 15.24km)"
2020,충청남도,계룡시,44250,133,대전,15.24,13.77,-1.44,True,25.11,1614.0,1.45,1916.4,2741.2,0.29,-1.91,1.63,12.0,366,,이번 산출물에서 제외(사용자 요청) - 추후 국토지리정보원 자료로 보강 필요,ASOS 일자료 조회서비스 응답 항목에 토양수분 필드 자체가 없어 변수 제외,"최근접 관측소 매칭(중심점법:exact, 거리 15.24km)"
2021,충청남도,계룡시,44250,133,대전,15.24,14.3,-3.91,True,25.73,1109.5,1.51,2095.5,2965.6,-0.34,-1.0,0.85,12.0,365,,이번 산출물에서 제외(사용자 요청) - 추후 국토지리정보원 자료로 보강 필요,ASOS 일자료 조회서비스 응답 항목에 토양수분 필드 자체가 없어 변수 제외,"최근접 관측소 매칭(중심점법:exact, 거리 15.24km)"
2022,충청남도,계룡시,44250,133,대전,15.24,13.58,-4.69,True,25.59,1203.1,1.92,2089.4,2934.0,-0.54,-1.93,1.13,12.0,365,,이번 산출물에서 제외(사용자 요청) - 추후 국토지리정보원 자료로 보강 필요,ASOS 일자료 조회서비스 응답 항목에 토양수분 필드 자체가 없어 변수 제외,"최근접 관측소 매칭(중심점법:exact, 거리 15.24km)"
2023,충청남도,계룡시,44250,133,대전,15.24,14.11,-5.13,True,25.5,2042.5,1.51,2122.8,2981.5,0.52,-1.66,2.17,12.0,365,,이번 산출물에서 제외(사용자 요청) - 추후 국토지리정보원 자료로 보강 필요,ASOS 일자료 조회서비스 응답 항목에 토양수분 필드 자체가 없어 변수 제외,"최근접 관측소 매칭(중심점법:exact, 거리 15.24km)"
2024,충청남도,계룡시,44250,133,대전,15.24,14.94,-1.92,True,26.45,1360.5,1.76,2360.6,3213.0,0.39,-1.04,1.79,12.0,366,,이번 산출물에서 제외(사용자 요청) - 추후 국토지리정보원 자료로 보강 필요,ASOS 일자료 조회서비스 응답 항목에 토양수분 필드 자체가 없어 변수 제외,"최근접 관측소 매칭(중심점법:exact, 거리 15.24km)"
2025,충청남도,계룡시,44250,133,대전,15.24,14.53,-3.78,True,26.87,1553.6,1.8,2288.0,3124.9,0.21,-1.09,2.07,12.0,365,,이번 산출물에서 제외(사용자 요청) - 추후 국토지리정보원 자료로 보강 필요,ASOS 일자료 조회서비스 응답 항목에 토양수분 필드 자체가 없어 변수 제외,"최근접 관측소 매칭(중심점법:exact, 거리 15.24km)"
2016,충청남도,공주시,44150,239,세종,15.15,,,False,,,,,,,,,,0,,이번 산출물에서 제외(사용자 요청) - 추후 국토지리정보원 자료로 보강 필요,ASOS 일자료 조회서비스 응답 항목에 토양수분 필드 자체가 없어 변수 제외,"최근접 관측소 매칭(중심점법:exact, 거리 15.15km)"
2017,충청남도,공주시,44150,239,세종,15.15,,,False,,,,,,,,,,0,,이번 산출물에서 제외(사용자 요청) - 추후 국토지리정보원 자료로 보강 필요,ASOS 일자료 조회서비스 응답 항목에 토양수분 필드 자체가 없어 변수 제외,"최근접 관측소 매칭(중심점법:exact, 거리 15.15km)"
2018,충청남도,공주시,44150,239,세종,15.15,,,False,,,,,,,,,,0,,이번 산출물에서 제외(사용자 요청) - 추후 국토지리정보원 자료로 보강 필요,ASOS 일자료 조회서비스 응답 항목에 토양수분 필드 자체가 없어 변수 제외,"최근접 관측소 매칭(중심점법:exact, 거리 15.15km)"
2019,충청남도,공주시,44150,239,세종,15.15,17.21,,False,24.38,959.3,1.17,1654.6,2246.5,-0.42,-1.02,0.98,6.0,215,,이번 산출물에서 제외(사용자 요청) - 추후 국토지리정보원 자료로 보강 필요,ASOS 일자료 조회서비스 응답 항목에 토양수분 필드 자체가 없어 변수 제외,"최근접 관측소 매칭(중심점법:exact, 거리 15.15km)"
2020,충청남도,공주시,44150,239,세종,15.15,13.1,-1.95,True,24.41,1685.8,1.38,1793.0,2580.1,0.26,-1.79,1.54,12.0,366,,이번 산출물에서 제외(사용자 요청) - 추후 국토지리정보원 자료로 보강 필요,ASOS 일자료 조회서비스 응답 항목에 토양수분 필드 자체가 없어 변수 제외,"최근접 관측소 매칭(중심점법:exact, 거리 15.15km)"
2021,충청남도,공주시,44150,239,세종,15.15,13.53,-4.45,True,24.88,1104.6,1.36,1943.0,2772.7,-0.4,-1.29,1.37,12.0,365,,이번 산출물에서 제외(사용자 요청) - 추후 국토지리정보원 자료로 보강 필요,ASOS 일자료 조회서비스 응답 항목에 토양수분 필드 자체가 없어 변수 제외,"최근접 관측소 매칭(중심점법:exact, 거리 15.15km)"
2022,충청남도,공주시,44150,239,세종,15.15,13.03,-5.17,True,25.03,1222.4,1.31,1969.7,2792.6,-0.57,-1.88,0.85,12.0,365,,이번 산출물에서 제외(사용자 요청) - 추후 국토지리정보원 자료로 보강 필요,ASOS 일자료 조회서비스 응답 항목에 토양수분 필드 자체가 없어 변수 제외,"최근접 관측소 매칭(중심점법:exact, 거리 15.15km)"
2023,충청남도,공주시,44150,239,세종,15.15,13.87,-5.49,True,25.16,2103.3,1.44,2066.0,2910.9,0.4,-1.92,1.99,12.0,365,,이번 산출물에서 제외(사용자 요청) - 추후 국토지리정보원 자료로 보강 필요,ASOS 일자료 조회서비스 응답 항목에 토양수분 필드 자체가 없어 변수 제외,"최근접 관측소 매칭(중심점법:exact, 거리 15.15km)"
2024,충청남도,공주시,44150,239,세종,15.15,14.52,-1.87,True,25.89,1462.8,1.4,2256.2,3102.0,0.37,-1.46,1.51,12.0,366,,이번 산출물에서 제외(사용자 요청) - 추후 국토지리정보원 자료로 보강 필요,ASOS 일자료 조회서비스 응답 항목에 토양수분 필드 자체가 없어 변수 제외,"최근접 관측소 매칭(중심점법:exact, 거리 15.15km)"
2025,충청남도,공주시,44150,239,세종,15.15,13.76,-4.36,True,25.9,1412.7,1.29,2123.5,2933.4,0.13,-0.87,1.65,12.0,365,,이번 산출물에서 제외(사용자 요청) - 추후 국토지리정보원 자료로 보강 필요,ASOS 일자료 조회서비스 응답 항목에 토양수분 필드 자체가 없어 변수 제외,"최근접 관측소 매칭(중심점법:exact, 거리 15.15km)"
2016,충청남도,금산군,44710,238,금산,1.52,12.71,-4.88,True,24.8,1325.6,1.24,1913.0,2720.8,0.32,-0.58,1.56,11.0,366,,이번 산출물에서 제외(사용자 요청) - 추후 국토지리정보원 자료로 보강 필요,ASOS 일자료 조회서비스 응답 항목에 토양수분 필드 자체가 없어 변수 제외,"최근접 관측소 매칭(중심점법:exact, 거리 1.52km)"
2017,충청남도,금산군,44710,238,금산,1.52,11.87,-5.99,True,24.16,967.6,1.26,1742.6,2506.2,-0.76,-1.92,0.46,12.0,365,,이번 산출물에서 제외(사용자 요청) - 추후 국토지리정보원 자료로 보강 필요,ASOS 일자료 조회서비스 응답 항목에 토양수분 필드 자체가 없어 변수 제외,"최근접 관측소 매칭(중심점법:exact, 거리 1.52km)"
2018,충청남도,금산군,44710,238,금산,1.52,12.02,-8.17,True,25.44,1397.2,1.28,1815.9,2585.3,0.46,-0.83,2.02,12.0,365,,이번 산출물에서 제외(사용자 요청) - 추후 국토지리정보원 자료로 보강 필요,ASOS 일자료 조회서비스 응답 항목에 토양수분 필드 자체가 없어 변수 제외,"최근접 관측소 매칭(중심점법:exact, 거리 1.52km)"
2019,충청남도,금산군,44710,238,금산,1.52,12.42,-6.64,True,23.73,982.6,1.16,1748.8,2521.6,-0.5,-1.8,0.95,12.0,365,,이번 산출물에서 제외(사용자 요청) - 추후 국토지리정보원 자료로 보강 필요,ASOS 일자료 조회서비스 응답 항목에 토양수분 필드 자체가 없어 변수 제외,"최근접 관측소 매칭(중심점법:exact, 거리 1.52km)"
2020,충청남도,금산군,44710,238,금산,1.52,12.49,-3.23,True,24.11,1758.2,1.17,1694.6,2440.0,0.5,-1.93,1.97,12.0,366,,이번 산출물에서 제외(사용자 요청) - 추후 국토지리정보원 자료로 보강 필요,ASOS 일자료 조회서비스 응답 항목에 토양수분 필드 자체가 없어 변수 제외,"최근접 관측소 매칭(중심점법:exact, 거리 1.52km)"
2021,충청남도,금산군,44710,238,금산,1.52,12.94,-5.91,True,24.23,1290.1,1.15,1826.0,2620.8,-0.04,-0.72,0.99,12.0,365,,이번 산출물에서 제외(사용자 요청) - 추후 국토지리정보원 자료로 보강 필요,ASOS 일자료 조회서비스 응답 항목에 토양수분 필드 자체가 없어 변수 제외,"최근접 관측소 매칭(중심점법:exact, 거리 1.52km)"
2022,충청남도,금산군,44710,238,금산,1.52,12.21,-6.56,True,24.39,948.7,1.11,1768.2,2548.7,-0.9,-1.85,-0.16,12.0,365,,이번 산출물에서 제외(사용자 요청) - 추후 국토지리정보원 자료로 보강 필요,ASOS 일자료 조회서비스 응답 항목에 토양수분 필드 자체가 없어 변수 제외,"최근접 관측소 매칭(중심점법:exact, 거리 1.52km)"
2023,충청남도,금산군,44710,238,금산,1.52,13.01,-7.0,True,24.75,1800.9,1.05,1900.5,2721.4,0.36,-1.85,1.72,12.0,365,,이번 산출물에서 제외(사용자 요청) - 추후 국토지리정보원 자료로 보강 필요,ASOS 일자료 조회서비스 응답 항목에 토양수분 필드 자체가 없어 변수 제외,"최근접 관측소 매칭(중심점법:exact, 거리 1.52km)"
2024,충청남도,금산군,44710,238,금산,1.52,14.07,-3.04,True,25.69,1416.2,1.07,2144.1,2982.2,0.57,-0.86,2.23,12.0,366,,이번 산출물에서 제외(사용자 요청) - 추후 국토지리정보원 자료로 보강 필요,ASOS 일자료 조회서비스 응답 항목에 토양수분 필드 자체가 없어 변수 제외,"최근접 관측소 매칭(중심점법:exact, 거리 1.52km)"
2025,충청남도,금산군,44710,238,금산,1.52,13.55,-5.69,True,25.87,1324.3,1.12,2106.9,2901.0,0.01,-1.07,1.6,12.0,365,,이번 산출물에서 제외(사용자 요청) - 추후 국토지리정보원 자료로 보강 필요,ASOS 일자료 조회서비스 응답 항목에 토양수분 필드 자체가 없어 변수 제외,"최근접 관측소 매칭(중심점법:exact, 거리 1.52km)"
2016,충청남도,논산시,44230,236,부여,23.09,13.35,-4.0,True,25.26,1129.3,1.25,2046.1,2864.2,-0.15,-1.56,1.14,11.0,366,,이번 산출물에서 제외(사용자 요청) - 추후 국토지리정보원 자료로 보강 필요,ASOS 일자료 조회서비스 응답 항목에 토양수분 필드 자체가 없어 변수 제외,"최근접 관측소 매칭(중심점법:exact, 거리 23.09km)"
2017,충청남도,논산시,44230,236,부여,23.09,12.57,-5.02,True,24.64,1112.0,1.31,1884.2,2661.5,-0.68,-1.71,0.22,12.0,365,,이번 산출물에서 제외(사용자 요청) - 추후 국토지리정보원 자료로 보강 필요,ASOS 일자료 조회서비스 응답 항목에 토양수분 필드 자체가 없어 변수 제외,"최근접 관측소 매칭(중심점법:exact, 거리 23.09km)"
2018,충청남도,논산시,44230,236,부여,23.09,12.66,-6.95,True,25.94,1457.9,1.34,1939.6,2739.6,0.44,-0.66,1.78,12.0,365,,이번 산출물에서 제외(사용자 요청) - 추후 국토지리정보원 자료로 보강 필요,ASOS 일자료 조회서비스 응답 항목에 토양수분 필드 자체가 없어 변수 제외,"최근접 관측소 매칭(중심점법:exact, 거리 23.09km)"
2019,충청남도,논산시,44230,236,부여,23.09,12.99,-5.6,True,24.3,992.0,1.27,1888.7,2668.6,-0.57,-1.53,0.88,12.0,365,,이번 산출물에서 제외(사용자 요청) - 추후 국토지리정보원 자료로 보강 필요,ASOS 일자료 조회서비스 응답 항목에 토양수분 필드 자체가 없어 변수 제외,"최근접 관측소 매칭(중심점법:exact, 거리 23.09km)"
2020,충청남도,논산시,44230,236,부여,23.09,12.83,-2.76,True,24.32,1624.8,1.17,1758.8,2515.0,0.3,-2.28,1.84,12.0,366,,이번 산출물에서 제외(사용자 요청) - 추후 국토지리정보원 자료로 보강 필요,ASOS 일자료 조회서비스 응답 항목에 토양수분 필드 자체가 없어 변수 제외,"최근접 관측소 매칭(중심점법:exact, 거리 23.09km)"
2021,충청남도,논산시,44230,236,부여,23.09,13.33,-5.31,True,24.74,1123.4,1.14,1918.8,2730.2,-0.34,-0.93,0.62,12.0,365,,이번 산출물에서 제외(사용자 요청) - 추후 국토지리정보원 자료로 보강 필요,ASOS 일자료 조회서비스 응답 항목에 토양수분 필드 자체가 없어 변수 제외,"최근접 관측소 매칭(중심점법:exact, 거리 23.09km)"
2022,충청남도,논산시,44230,236,부여,23.09,12.84,-5.99,True,25.02,1301.1,1.22,1917.3,2729.2,-0.43,-1.85,1.67,12.0,365,,이번 산출물에서 제외(사용자 요청) - 추후 국토지리정보원 자료로 보강 필요,ASOS 일자료 조회서비스 응답 항목에 토양수분 필드 자체가 없어 변수 제외,"최근접 관측소 매칭(중심점법:exact, 거리 23.09km)"
2023,충청남도,논산시,44230,236,부여,23.09,13.72,-5.93,True,25.27,2165.0,1.14,2076.5,2913.8,0.53,-1.71,2.2,12.0,365,,이번 산출물에서 제외(사용자 요청) - 추후 국토지리정보원 자료로 보강 필요,ASOS 일자료 조회서비스 응답 항목에 토양수분 필드 자체가 없어 변수 제외,"최근접 관측소 매칭(중심점법:exact, 거리 23.09km)"
2024,충청남도,논산시,44230,236,부여,23.09,14.44,-2.32,True,25.95,1432.3,0.96,2239.5,3084.4,0.47,-1.55,1.93,12.0,366,,이번 산출물에서 제외(사용자 요청) - 추후 국토지리정보원 자료로 보강 필요,ASOS 일자료 조회서비스 응답 항목에 토양수분 필드 자체가 없어 변수 제외,"최근접 관측소 매칭(중심점법:exact, 거리 23.09km)"
2025,충청남도,논산시,44230,236,부여,23.09,13.61,-5.36,True,25.92,1618.3,0.64,2108.6,2904.3,0.41,-0.56,2.12,12.0,365,,이번 산출물에서 제외(사용자 요청) - 추후 국토지리정보원 자료로 보강 필요,ASOS 일자료 조회서비스 응답 항목에 토양수분 필드 자체가 없어 변수 제외,"최근접 관측소 매칭(중심점법:exact, 거리 23.09km)"
2016,충청남도,당진시,44270,129,서산,20.01,12.95,-3.99,True,24.54,922.1,1.97,1896.6,2702.2,-0.39,-2.07,0.9,11.0,366,,이번 산출물에서 제외(사용자 요청) - 추후 국토지리정보원 자료로 보강 필요,ASOS 일자료 조회서비스 응답 항목에 토양수분 필드 자체가 없어 변수 제외,"최근접 관측소 매칭(중심점법:exact, 거리 20.01km)"
2017,충청남도,당진시,44270,129,서산,20.01,12.31,-4.96,True,24.12,830.4,1.99,1769.7,2533.9,-1.08,-2.13,0.44,12.0,365,,이번 산출물에서 제외(사용자 요청) - 추후 국토지리정보원 자료로 보강 필요,ASOS 일자료 조회서비스 응답 항목에 토양수분 필드 자체가 없어 변수 제외,"최근접 관측소 매칭(중심점법:exact, 거리 20.01km)"
2018,충청남도,당진시,44270,129,서산,20.01,12.35,-6.28,True,25.2,1227.2,1.93,1791.2,2573.6,0.17,-1.34,1.63,12.0,365,,이번 산출물에서 제외(사용자 요청) - 추후 국토지리정보원 자료로 보강 필요,ASOS 일자료 조회서비스 응답 항목에 토양수분 필드 자체가 없어 변수 제외,"최근접 관측소 매칭(중심점법:exact, 거리 20.01km)"
2019,충청남도,당진시,44270,129,서산,20.01,12.66,-5.18,True,23.83,915.0,1.83,1747.2,2502.3,-0.71,-1.74,0.62,12.0,365,,이번 산출물에서 제외(사용자 요청) - 추후 국토지리정보원 자료로 보강 필요,ASOS 일자료 조회서비스 응답 항목에 토양수분 필드 자체가 없어 변수 제외,"최근접 관측소 매칭(중심점법:exact, 거리 20.01km)"
2020,충청남도,당진시,44270,129,서산,20.01,12.63,-2.3,True,23.8,1488.7,1.97,1686.6,2440.0,0.31,-1.72,1.26,12.0,366,,이번 산출물에서 제외(사용자 요청) - 추후 국토지리정보원 자료로 보강 필요,ASOS 일자료 조회서비스 응답 항목에 토양수분 필드 자체가 없어 변수 제외,"최근접 관측소 매칭(중심점법:exact, 거리 20.01km)"
2021,충청남도,당진시,44270,129,서산,20.01,13.21,-4.54,True,24.6,1207.3,1.96,1892.2,2695.3,0.03,-1.16,1.46,12.0,365,,이번 산출물에서 제외(사용자 요청) - 추후 국토지리정보원 자료로 보강 필요,ASOS 일자료 조회서비스 응답 항목에 토양수분 필드 자체가 없어 변수 제외,"최근접 관측소 매칭(중심점법:exact, 거리 20.01km)"
2022,충청남도,당진시,44270,129,서산,20.01,12.36,-5.53,True,24.48,1570.7,2.1,1778.6,2570.6,0.26,-1.51,1.29,12.0,365,,이번 산출물에서 제외(사용자 요청) - 추후 국토지리정보원 자료로 보강 필요,ASOS 일자료 조회서비스 응답 항목에 토양수분 필드 자체가 없어 변수 제외,"최근접 관측소 매칭(중심점법:exact, 거리 20.01km)"
2023,충청남도,당진시,44270,129,서산,20.01,13.39,-5.79,True,24.87,1529.7,2.05,1967.7,2777.1,-0.02,-2.0,1.19,12.0,365,,이번 산출물에서 제외(사용자 요청) - 추후 국토지리정보원 자료로 보강 필요,ASOS 일자료 조회서비스 응답 항목에 토양수분 필드 자체가 없어 변수 제외,"최근접 관측소 매칭(중심점법:exact, 거리 20.01km)"
2024,충청남도,당진시,44270,129,서산,20.01,14.12,-2.46,True,25.68,1806.1,1.98,2142.6,2977.1,1.03,0.38,2.04,12.0,366,,이번 산출물에서 제외(사용자 요청) - 추후 국토지리정보원 자료로 보강 필요,ASOS 일자료 조회서비스 응답 항목에 토양수분 필드 자체가 없어 변수 제외,"최근접 관측소 매칭(중심점법:exact, 거리 20.01km)"
2025,충청남도,당진시,44270,129,서산,20.01,13.29,-4.72,True,25.58,1697.6,2.06,1987.9,2767.9,0.36,-0.52,1.34,12.0,365,,이번 산출물에서 제외(사용자 요청) - 추후 국토지리정보원 자료로 보강 필요,ASOS 일자료 조회서비스 응답 항목에 토양수분 필드 자체가 없어 변수 제외,"최근접 관측소 매칭(중심점법:exact, 거리 20.01km)"
2016,충청남도,보령시,44180,235,보령,3.73,13.62,-1.94,True,24.71,792.8,1.54,1956.2,2791.0,-0.42,-2.01,1.03,11.0,366,,이번 산출물에서 제외(사용자 요청) - 추후 국토지리정보원 자료로 보강 필요,ASOS 일자료 조회서비스 응답 항목에 토양수분 필드 자체가 없어 변수 제외,"최근접 관측소 매칭(중심점법:exact, 거리 3.73km)"
2017,충청남도,보령시,44180,235,보령,3.73,12.82,-2.78,True,24.21,856.2,1.52,1785.9,2559.6,-0.85,-1.82,0.15,12.0,365,,이번 산출물에서 제외(사용자 요청) - 추후 국토지리정보원 자료로 보강 필요,ASOS 일자료 조회서비스 응답 항목에 토양수분 필드 자체가 없어 변수 제외,"최근접 관측소 매칭(중심점법:exact, 거리 3.73km)"
2018,충청남도,보령시,44180,235,보령,3.73,13.03,-4.73,True,25.3,1337.2,1.53,1857.8,2675.0,0.51,-0.77,1.87,12.0,365,,이번 산출물에서 제외(사용자 요청) - 추후 국토지리정보원 자료로 보강 필요,ASOS 일자료 조회서비스 응답 항목에 토양수분 필드 자체가 없어 변수 제외,"최근접 관측소 매칭(중심점법:exact, 거리 3.73km)"
2019,충청남도,보령시,44180,235,보령,3.73,13.29,-3.02,True,23.83,821.9,1.42,1817.6,2615.1,-0.76,-1.41,1.02,12.0,365,,이번 산출물에서 제외(사용자 요청) - 추후 국토지리정보원 자료로 보강 필요,ASOS 일자료 조회서비스 응답 항목에 토양수분 필드 자체가 없어 변수 제외,"최근접 관측소 매칭(중심점법:exact, 거리 3.73km)"
2020,충청남도,보령시,44180,235,보령,3.73,13.09,-0.68,True,23.74,1301.9,1.55,1700.5,2469.0,0.17,-2.0,1.65,12.0,366,,이번 산출물에서 제외(사용자 요청) - 추후 국토지리정보원 자료로 보강 필요,ASOS 일자료 조회서비스 응답 항목에 토양수분 필드 자체가 없어 변수 제외,"최근접 관측소 매칭(중심점법:exact, 거리 3.73km)"
2021,충청남도,보령시,44180,235,보령,3.73,13.83,-2.85,True,24.59,1107.9,1.56,1900.9,2721.6,-0.08,-0.97,0.77,12.0,365,,이번 산출물에서 제외(사용자 요청) - 추후 국토지리정보원 자료로 보강 필요,ASOS 일자료 조회서비스 응답 항목에 토양수분 필드 자체가 없어 변수 제외,"최근접 관측소 매칭(중심점법:exact, 거리 3.73km)"
2022,충청남도,보령시,44180,235,보령,3.73,13.11,-3.5,True,24.67,1348.2,1.6,1863.4,2692.8,-0.06,-1.53,1.7,12.0,365,,이번 산출물에서 제외(사용자 요청) - 추후 국토지리정보원 자료로 보강 필요,ASOS 일자료 조회서비스 응답 항목에 토양수분 필드 자체가 없어 변수 제외,"최근접 관측소 매칭(중심점법:exact, 거리 3.73km)"
2023,충청남도,보령시,44180,235,보령,3.73,14.0,-3.75,True,24.78,1726.7,1.54,2037.5,2872.7,0.11,-2.03,2.04,12.0,365,,이번 산출물에서 제외(사용자 요청) - 추후 국토지리정보원 자료로 보강 필요,ASOS 일자료 조회서비스 응답 항목에 토양수분 필드 자체가 없어 변수 제외,"최근접 관측소 매칭(중심점법:exact, 거리 3.73km)"
2024,충청남도,보령시,44180,235,보령,3.73,14.82,-0.55,True,25.79,1494.3,1.85,2245.8,3100.0,0.73,-0.49,1.97,12.0,366,,이번 산출물에서 제외(사용자 요청) - 추후 국토지리정보원 자료로 보강 필요,ASOS 일자료 조회서비스 응답 항목에 토양수분 필드 자체가 없어 변수 제외,"최근접 관측소 매칭(중심점법:exact, 거리 3.73km)"
2025,충청남도,보령시,44180,235,보령,3.73,14.18,-3.1,True,25.96,1564.5,2.06,2120.8,2942.1,0.62,-0.44,1.9,12.0,365,,이번 산출물에서 제외(사용자 요청) - 추후 국토지리정보원 자료로 보강 필요,ASOS 일자료 조회서비스 응답 항목에 토양수분 필드 자체가 없어 변수 제외,"최근접 관측소 매칭(중심점법:exact, 거리 3.73km)"
2016,충청남도,부여군,44760,236,부여,6.41,13.35,-4.0,True,25.26,1129.3,1.25,2046.1,2864.2,-0.15,-1.56,1.14,11.0,366,,이번 산출물에서 제외(사용자 요청) - 추후 국토지리정보원 자료로 보강 필요,ASOS 일자료 조회서비스 응답 항목에 토양수분 필드 자체가 없어 변수 제외,"최근접 관측소 매칭(중심점법:exact, 거리 6.41km)"
2017,충청남도,부여군,44760,236,부여,6.41,12.57,-5.02,True,24.64,1112.0,1.31,1884.2,2661.5,-0.68,-1.71,0.22,12.0,365,,이번 산출물에서 제외(사용자 요청) - 추후 국토지리정보원 자료로 보강 필요,ASOS 일자료 조회서비스 응답 항목에 토양수분 필드 자체가 없어 변수 제외,"최근접 관측소 매칭(중심점법:exact, 거리 6.41km)"
2018,충청남도,부여군,44760,236,부여,6.41,12.66,-6.95,True,25.94,1457.9,1.34,1939.6,2739.6,0.44,-0.66,1.78,12.0,365,,이번 산출물에서 제외(사용자 요청) - 추후 국토지리정보원 자료로 보강 필요,ASOS 일자료 조회서비스 응답 항목에 토양수분 필드 자체가 없어 변수 제외,"최근접 관측소 매칭(중심점법:exact, 거리 6.41km)"
2019,충청남도,부여군,44760,236,부여,6.41,12.99,-5.6,True,24.3,992.0,1.27,1888.7,2668.6,-0.57,-1.53,0.88,12.0,365,,이번 산출물에서 제외(사용자 요청) - 추후 국토지리정보원 자료로 보강 필요,ASOS 일자료 조회서비스 응답 항목에 토양수분 필드 자체가 없어 변수 제외,"최근접 관측소 매칭(중심점법:exact, 거리 6.41km)"
2020,충청남도,부여군,44760,236,부여,6.41,12.83,-2.76,True,24.32,1624.8,1.17,1758.8,2515.0,0.3,-2.28,1.84,12.0,366,,이번 산출물에서 제외(사용자 요청) - 추후 국토지리정보원 자료로 보강 필요,ASOS 일자료 조회서비스 응답 항목에 토양수분 필드 자체가 없어 변수 제외,"최근접 관측소 매칭(중심점법:exact, 거리 6.41km)"
2021,충청남도,부여군,44760,236,부여,6.41,13.33,-5.31,True,24.74,1123.4,1.14,1918.8,2730.2,-0.34,-0.93,0.62,12.0,365,,이번 산출물에서 제외(사용자 요청) - 추후 국토지리정보원 자료로 보강 필요,ASOS 일자료 조회서비스 응답 항목에 토양수분 필드 자체가 없어 변수 제외,"최근접 관측소 매칭(중심점법:exact, 거리 6.41km)"
2022,충청남도,부여군,44760,236,부여,6.41,12.84,-5.99,True,25.02,1301.1,1.22,1917.3,2729.2,-0.43,-1.85,1.67,12.0,365,,이번 산출물에서 제외(사용자 요청) - 추후 국토지리정보원 자료로 보강 필요,ASOS 일자료 조회서비스 응답 항목에 토양수분 필드 자체가 없어 변수 제외,"최근접 관측소 매칭(중심점법:exact, 거리 6.41km)"
2023,충청남도,부여군,44760,236,부여,6.41,13.72,-5.93,True,25.27,2165.0,1.14,2076.5,2913.8,0.53,-1.71,2.2,12.0,365,,이번 산출물에서 제외(사용자 요청) - 추후 국토지리정보원 자료로 보강 필요,ASOS 일자료 조회서비스 응답 항목에 토양수분 필드 자체가 없어 변수 제외,"최근접 관측소 매칭(중심점법:exact, 거리 6.41km)"
2024,충청남도,부여군,44760,236,부여,6.41,14.44,-2.32,True,25.95,1432.3,0.96,2239.5,3084.4,0.47,-1.55,1.93,12.0,366,,이번 산출물에서 제외(사용자 요청) - 추후 국토지리정보원 자료로 보강 필요,ASOS 일자료 조회서비스 응답 항목에 토양수분 필드 자체가 없어 변수 제외,"최근접 관측소 매칭(중심점법:exact, 거리 6.41km)"
2025,충청남도,부여군,44760,236,부여,6.41,13.61,-5.36,True,25.92,1618.3,0.64,2108.6,2904.3,0.41,-0.56,2.12,12.0,365,,이번 산출물에서 제외(사용자 요청) - 추후 국토지리정보원 자료로 보강 필요,ASOS 일자료 조회서비스 응답 항목에 토양수분 필드 자체가 없어 변수 제외,"최근접 관측소 매칭(중심점법:exact, 거리 6.41km)"
2016,충청남도,서산시,44210,129,서산,2.84,12.95,-3.99,True,24.54,922.1,1.97,1896.6,2702.2,-0.39,-2.07,0.9,11.0,366,,이번 산출물에서 제외(사용자 요청) - 추후 국토지리정보원 자료로 보강 필요,ASOS 일자료 조회서비스 응답 항목에 토양수분 필드 자체가 없어 변수 제외,"최근접 관측소 매칭(중심점법:exact, 거리 2.84km)"
2017,충청남도,서산시,44210,129,서산,2.84,12.31,-4.96,True,24.12,830.4,1.99,1769.7,2533.9,-1.08,-2.13,0.44,12.0,365,,이번 산출물에서 제외(사용자 요청) - 추후 국토지리정보원 자료로 보강 필요,ASOS 일자료 조회서비스 응답 항목에 토양수분 필드 자체가 없어 변수 제외,"최근접 관측소 매칭(중심점법:exact, 거리 2.84km)"
2018,충청남도,서산시,44210,129,서산,2.84,12.35,-6.28,True,25.2,1227.2,1.93,1791.2,2573.6,0.17,-1.34,1.63,12.0,365,,이번 산출물에서 제외(사용자 요청) - 추후 국토지리정보원 자료로 보강 필요,ASOS 일자료 조회서비스 응답 항목에 토양수분 필드 자체가 없어 변수 제외,"최근접 관측소 매칭(중심점법:exact, 거리 2.84km)"
2019,충청남도,서산시,44210,129,서산,2.84,12.66,-5.18,True,23.83,915.0,1.83,1747.2,2502.3,-0.71,-1.74,0.62,12.0,365,,이번 산출물에서 제외(사용자 요청) - 추후 국토지리정보원 자료로 보강 필요,ASOS 일자료 조회서비스 응답 항목에 토양수분 필드 자체가 없어 변수 제외,"최근접 관측소 매칭(중심점법:exact, 거리 2.84km)"
2020,충청남도,서산시,44210,129,서산,2.84,12.63,-2.3,True,23.8,1488.7,1.97,1686.6,2440.0,0.31,-1.72,1.26,12.0,366,,이번 산출물에서 제외(사용자 요청) - 추후 국토지리정보원 자료로 보강 필요,ASOS 일자료 조회서비스 응답 항목에 토양수분 필드 자체가 없어 변수 제외,"최근접 관측소 매칭(중심점법:exact, 거리 2.84km)"
2021,충청남도,서산시,44210,129,서산,2.84,13.21,-4.54,True,24.6,1207.3,1.96,1892.2,2695.3,0.03,-1.16,1.46,12.0,365,,이번 산출물에서 제외(사용자 요청) - 추후 국토지리정보원 자료로 보강 필요,ASOS 일자료 조회서비스 응답 항목에 토양수분 필드 자체가 없어 변수 제외,"최근접 관측소 매칭(중심점법:exact, 거리 2.84km)"
2022,충청남도,서산시,44210,129,서산,2.84,12.36,-5.53,True,24.48,1570.7,2.1,1778.6,2570.6,0.26,-1.51,1.29,12.0,365,,이번 산출물에서 제외(사용자 요청) - 추후 국토지리정보원 자료로 보강 필요,ASOS 일자료 조회서비스 응답 항목에 토양수분 필드 자체가 없어 변수 제외,"최근접 관측소 매칭(중심점법:exact, 거리 2.84km)"
2023,충청남도,서산시,44210,129,서산,2.84,13.39,-5.79,True,24.87,1529.7,2.05,1967.7,2777.1,-0.02,-2.0,1.19,12.0,365,,이번 산출물에서 제외(사용자 요청) - 추후 국토지리정보원 자료로 보강 필요,ASOS 일자료 조회서비스 응답 항목에 토양수분 필드 자체가 없어 변수 제외,"최근접 관측소 매칭(중심점법:exact, 거리 2.84km)"
2024,충청남도,서산시,44210,129,서산,2.84,14.12,-2.46,True,25.68,1806.1,1.98,2142.6,2977.1,1.03,0.38,2.04,12.0,366,,이번 산출물에서 제외(사용자 요청) - 추후 국토지리정보원 자료로 보강 필요,ASOS 일자료 조회서비스 응답 항목에 토양수분 필드 자체가 없어 변수 제외,"최근접 관측소 매칭(중심점법:exact, 거리 2.84km)"
2025,충청남도,서산시,44210,129,서산,2.84,13.29,-4.72,True,25.58,1697.6,2.06,1987.9,2767.9,0.36,-0.52,1.34,12.0,365,,이번 산출물에서 제외(사용자 요청) - 추후 국토지리정보원 자료로 보강 필요,ASOS 일자료 조회서비스 응답 항목에 토양수분 필드 자체가 없어 변수 제외,"최근접 관측소 매칭(중심점법:exact, 거리 2.84km)"
2016,충청남도,서천군,44770,140,군산,12.4,13.82,-1.92,True,25.14,1144.4,2.08,2039.6,2881.8,-0.01,-1.24,1.24,11.0,366,,이번 산출물에서 제외(사용자 요청) - 추후 국토지리정보원 자료로 보강 필요,ASOS 일자료 조회서비스 응답 항목에 토양수분 필드 자체가 없어 변수 제외,"최근접 관측소 매칭(중심점법:exact, 거리 12.4km)"
2017,충청남도,서천군,44770,140,군산,12.4,13.22,-2.67,True,24.78,774.4,2.19,1920.9,2706.0,-1.08,-1.69,0.07,12.0,365,,이번 산출물에서 제외(사용자 요청) - 추후 국토지리정보원 자료로 보강 필요,ASOS 일자료 조회서비스 응답 항목에 토양수분 필드 자체가 없어 변수 제외,"최근접 관측소 매칭(중심점법:exact, 거리 12.4km)"
2018,충청남도,서천군,44770,140,군산,12.4,13.26,-4.59,True,25.55,1637.1,2.0,1931.3,2751.8,0.57,-0.72,1.44,12.0,365,,이번 산출물에서 제외(사용자 요청) - 추후 국토지리정보원 자료로 보강 필요,ASOS 일자료 조회서비스 응답 항목에 토양수분 필드 자체가 없어 변수 제외,"최근접 관측소 매칭(중심점법:exact, 거리 12.4km)"
2019,충청남도,서천군,44770,140,군산,12.4,13.58,-2.89,True,24.12,1008.1,1.91,1888.7,2691.9,-0.46,-1.22,1.1,12.0,365,,이번 산출물에서 제외(사용자 요청) - 추후 국토지리정보원 자료로 보강 필요,ASOS 일자료 조회서비스 응답 항목에 토양수분 필드 자체가 없어 변수 제외,"최근접 관측소 매칭(중심점법:exact, 거리 12.4km)"
2020,충청남도,서천군,44770,140,군산,12.4,13.45,-0.55,True,24.11,1664.8,2.08,1788.4,2582.5,0.23,-2.11,1.51,12.0,366,,이번 산출물에서 제외(사용자 요청) - 추후 국토지리정보원 자료로 보강 필요,ASOS 일자료 조회서비스 응답 항목에 토양수분 필드 자체가 없어 변수 제외,"최근접 관측소 매칭(중심점법:exact, 거리 12.4km)"
2021,충청남도,서천군,44770,140,군산,12.4,13.96,-2.73,True,24.75,1151.7,2.04,1960.1,2803.9,-0.28,-0.84,0.54,12.0,365,,이번 산출물에서 제외(사용자 요청) - 추후 국토지리정보원 자료로 보강 필요,ASOS 일자료 조회서비스 응답 항목에 토양수분 필드 자체가 없어 변수 제외,"최근접 관측소 매칭(중심점법:exact, 거리 12.4km)"
2022,충청남도,서천군,44770,140,군산,12.4,13.22,-3.45,True,24.98,1043.4,2.25,1919.8,2743.8,-0.53,-1.68,0.46,12.0,364,,이번 산출물에서 제외(사용자 요청) - 추후 국토지리정보원 자료로 보강 필요,ASOS 일자료 조회서비스 응답 항목에 토양수분 필드 자체가 없어 변수 제외,"최근접 관측소 매칭(중심점법:exact, 거리 12.4km)"
2023,충청남도,서천군,44770,140,군산,12.4,13.96,-4.28,True,25.0,2120.8,2.21,2067.2,2906.1,0.59,-1.5,2.21,12.0,365,,이번 산출물에서 제외(사용자 요청) - 추후 국토지리정보원 자료로 보강 필요,ASOS 일자료 조회서비스 응답 항목에 토양수분 필드 자체가 없어 변수 제외,"최근접 관측소 매칭(중심점법:exact, 거리 12.4km)"
2024,충청남도,서천군,44770,140,군산,12.4,14.77,-0.84,True,26.0,1477.5,2.19,2241.2,3095.2,0.68,-0.94,2.25,12.0,366,,이번 산출물에서 제외(사용자 요청) - 추후 국토지리정보원 자료로 보강 필요,ASOS 일자료 조회서비스 응답 항목에 토양수분 필드 자체가 없어 변수 제외,"최근접 관측소 매칭(중심점법:exact, 거리 12.4km)"
2025,충청남도,서천군,44770,140,군산,12.4,14.06,-3.27,True,25.93,1583.3,2.39,2111.4,2928.0,0.26,-0.64,2.3,12.0,365,,이번 산출물에서 제외(사용자 요청) - 추후 국토지리정보원 자료로 보강 필요,ASOS 일자료 조회서비스 응답 항목에 토양수분 필드 자체가 없어 변수 제외,"최근접 관측소 매칭(중심점법:exact, 거리 12.4km)"
2016,충청남도,아산시,44200,232,천안,28.3,12.73,-4.43,True,24.45,1004.8,1.52,1862.6,2670.4,-0.17,-1.82,1.05,11.0,366,,이번 산출물에서 제외(사용자 요청) - 추후 국토지리정보원 자료로 보강 필요,ASOS 일자료 조회서비스 응답 항목에 토양수분 필드 자체가 없어 변수 제외,"최근접 관측소 매칭(중심점법:exact, 거리 28.3km)"
2017,충청남도,아산시,44200,232,천안,28.3,11.88,-5.92,True,23.83,1305.0,1.45,1690.6,2452.4,-0.56,-2.51,1.56,12.0,365,,이번 산출물에서 제외(사용자 요청) - 추후 국토지리정보원 자료로 보강 필요,ASOS 일자료 조회서비스 응답 항목에 토양수분 필드 자체가 없어 변수 제외,"최근접 관측소 매칭(중심점법:exact, 거리 28.3km)"
2018,충청남도,아산시,44200,232,천안,28.3,11.91,-8.1,True,25.17,1163.4,1.54,1756.8,2523.4,0.14,-1.07,1.54,12.0,365,,이번 산출물에서 제외(사용자 요청) - 추후 국토지리정보원 자료로 보강 필요,ASOS 일자료 조회서비스 응답 항목에 토양수분 필드 자체가 없어 변수 제외,"최근접 관측소 매칭(중심점법:exact, 거리 28.3km)"
2019,충청남도,아산시,44200,232,천안,28.3,12.11,-6.73,True,23.24,845.6,1.34,1614.6,2360.1,-0.73,-1.61,1.08,12.0,365,,이번 산출물에서 제외(사용자 요청) - 추후 국토지리정보원 자료로 보강 필요,ASOS 일자료 조회서비스 응답 항목에 토양수분 필드 자체가 없어 변수 제외,"최근접 관측소 매칭(중심점법:exact, 거리 28.3km)"
2020,충청남도,아산시,44200,232,천안,28.3,12.25,-3.7,True,23.83,1443.5,1.31,1622.4,2359.0,0.43,-1.6,1.87,12.0,366,,이번 산출물에서 제외(사용자 요청) - 추후 국토지리정보원 자료로 보강 필요,ASOS 일자료 조회서비스 응답 항목에 토양수분 필드 자체가 없어 변수 제외,"최근접 관측소 매칭(중심점법:exact, 거리 28.3km)"
2021,충청남도,아산시,44200,232,천안,28.3,12.59,-6.47,True,24.11,1058.9,1.3,1748.4,2526.6,-0.15,-1.44,1.24,12.0,365,,이번 산출물에서 제외(사용자 요청) - 추후 국토지리정보원 자료로 보강 필요,ASOS 일자료 조회서비스 응답 항목에 토양수분 필드 자체가 없어 변수 제외,"최근접 관측소 매칭(중심점법:exact, 거리 28.3km)"
2022,충청남도,아산시,44200,232,천안,28.3,12.06,-7.06,True,24.36,1080.7,1.23,1770.1,2549.4,-0.35,-1.81,0.88,12.0,365,,이번 산출물에서 제외(사용자 요청) - 추후 국토지리정보원 자료로 보강 필요,ASOS 일자료 조회서비스 응답 항목에 토양수분 필드 자체가 없어 변수 제외,"최근접 관측소 매칭(중심점법:exact, 거리 28.3km)"
2023,충청남도,아산시,44200,232,천안,28.3,13.12,-7.38,True,24.78,1502.5,1.24,1908.4,2731.6,0.14,-1.97,1.47,12.0,365,,이번 산출물에서 제외(사용자 요청) - 추후 국토지리정보원 자료로 보강 필요,ASOS 일자료 조회서비스 응답 항목에 토양수분 필드 자체가 없어 변수 제외,"최근접 관측소 매칭(중심점법:exact, 거리 28.3km)"
2024,충청남도,아산시,44200,232,천안,28.3,13.88,-3.27,True,25.44,1476.9,1.22,2086.3,2921.2,0.89,0.05,1.9,12.0,366,,이번 산출물에서 제외(사용자 요청) - 추후 국토지리정보원 자료로 보강 필요,ASOS 일자료 조회서비스 응답 항목에 토양수분 필드 자체가 없어 변수 제외,"최근접 관측소 매칭(중심점법:exact, 거리 28.3km)"
2025,충청남도,아산시,44200,232,천안,28.3,13.11,-6.28,True,25.29,1458.2,1.22,1983.9,2758.3,0.35,-0.87,1.16,12.0,365,,이번 산출물에서 제외(사용자 요청) - 추후 국토지리정보원 자료로 보강 필요,ASOS 일자료 조회서비스 응답 항목에 토양수분 필드 자체가 없어 변수 제외,"최근접 관측소 매칭(중심점법:exact, 거리 28.3km)"
2016,충청남도,예산군,44810,177,홍성,8.75,13.19,-4.25,True,25.01,760.4,1.57,1974.6,2790.6,-0.71,-2.25,0.69,11.0,366,,이번 산출물에서 제외(사용자 요청) - 추후 국토지리정보원 자료로 보강 필요,ASOS 일자료 조회서비스 응답 항목에 토양수분 필드 자체가 없어 변수 제외,"최근접 관측소 매칭(중심점법:exact, 거리 8.75km)"
2017,충청남도,예산군,44810,177,홍성,8.75,12.59,-4.79,True,24.56,1009.5,1.56,1820.1,2592.6,-0.85,-2.15,0.43,12.0,365,,이번 산출물에서 제외(사용자 요청) - 추후 국토지리정보원 자료로 보강 필요,ASOS 일자료 조회서비스 응답 항목에 토양수분 필드 자체가 없어 변수 제외,"최근접 관측소 매칭(중심점법:exact, 거리 8.75km)"
2018,충청남도,예산군,44810,177,홍성,8.75,12.44,-6.71,True,25.38,1299.0,1.52,1816.0,2596.0,0.25,-1.09,1.49,12.0,365,,이번 산출물에서 제외(사용자 요청) - 추후 국토지리정보원 자료로 보강 필요,ASOS 일자료 조회서비스 응답 항목에 토양수분 필드 자체가 없어 변수 제외,"최근접 관측소 매칭(중심점법:exact, 거리 8.75km)"
2019,충청남도,예산군,44810,177,홍성,8.75,12.79,-5.31,True,24.02,922.3,1.4,1764.6,2523.5,-0.7,-1.73,0.59,12.0,365,,이번 산출물에서 제외(사용자 요청) - 추후 국토지리정보원 자료로 보강 필요,ASOS 일자료 조회서비스 응답 항목에 토양수분 필드 자체가 없어 변수 제외,"최근접 관측소 매칭(중심점법:exact, 거리 8.75km)"
2020,충청남도,예산군,44810,177,홍성,8.75,12.81,-2.6,True,24.13,1609.7,1.55,1706.9,2460.2,0.45,-1.87,1.48,12.0,366,,이번 산출물에서 제외(사용자 요청) - 추후 국토지리정보원 자료로 보강 필요,ASOS 일자료 조회서비스 응답 항목에 토양수분 필드 자체가 없어 변수 제외,"최근접 관측소 매칭(중심점법:exact, 거리 8.75km)"
2021,충청남도,예산군,44810,177,홍성,8.75,13.29,-4.83,True,24.61,1242.8,1.45,1861.1,2662.2,0.0,-1.02,1.28,12.0,365,,이번 산출물에서 제외(사용자 요청) - 추후 국토지리정보원 자료로 보강 필요,ASOS 일자료 조회서비스 응답 항목에 토양수분 필드 자체가 없어 변수 제외,"최근접 관측소 매칭(중심점법:exact, 거리 8.75km)"
2022,충청남도,예산군,44810,177,홍성,8.75,12.75,-5.57,True,24.98,1389.6,1.56,1860.0,2657.0,0.05,-1.39,1.25,12.0,365,,이번 산출물에서 제외(사용자 요청) - 추후 국토지리정보원 자료로 보강 필요,ASOS 일자료 조회서비스 응답 항목에 토양수분 필드 자체가 없어 변수 제외,"최근접 관측소 매칭(중심점법:exact, 거리 8.75km)"
2023,충청남도,예산군,44810,177,홍성,8.75,13.73,-5.82,True,25.15,1584.8,1.56,2019.3,2844.7,-0.0,-2.04,1.35,12.0,365,,이번 산출물에서 제외(사용자 요청) - 추후 국토지리정보원 자료로 보강 필요,ASOS 일자료 조회서비스 응답 항목에 토양수분 필드 자체가 없어 변수 제외,"최근접 관측소 매칭(중심점법:exact, 거리 8.75km)"
2024,충청남도,예산군,44810,177,홍성,8.75,14.39,-1.98,True,25.97,1722.8,1.56,2165.2,3003.8,1.05,0.04,2.14,12.0,366,,이번 산출물에서 제외(사용자 요청) - 추후 국토지리정보원 자료로 보강 필요,ASOS 일자료 조회서비스 응답 항목에 토양수분 필드 자체가 없어 변수 제외,"최근접 관측소 매칭(중심점법:exact, 거리 8.75km)"
2025,충청남도,예산군,44810,177,홍성,8.75,13.76,-4.93,True,26.2,1708.1,2.02,2116.6,2905.8,0.41,-0.8,1.52,12.0,365,,이번 산출물에서 제외(사용자 요청) - 추후 국토지리정보원 자료로 보강 필요,ASOS 일자료 조회서비스 응답 항목에 토양수분 필드 자체가 없어 변수 제외,"최근접 관측소 매칭(중심점법:exact, 거리 8.75km)"
2016,충청남도,천안시 동남구,44131,232,천안,9.27,12.73,-4.43,True,24.45,1004.8,1.52,1862.6,2670.4,-0.17,-1.82,1.05,11.0,366,,이번 산출물에서 제외(사용자 요청) - 추후 국토지리정보원 자료로 보강 필요,ASOS 일자료 조회서비스 응답 항목에 토양수분 필드 자체가 없어 변수 제외,"최근접 관측소 매칭(중심점법:parent_city_polygon, 거리 9.27km)"
2017,충청남도,천안시 동남구,44131,232,천안,9.27,11.88,-5.92,True,23.83,1305.0,1.45,1690.6,2452.4,-0.56,-2.51,1.56,12.0,365,,이번 산출물에서 제외(사용자 요청) - 추후 국토지리정보원 자료로 보강 필요,ASOS 일자료 조회서비스 응답 항목에 토양수분 필드 자체가 없어 변수 제외,"최근접 관측소 매칭(중심점법:parent_city_polygon, 거리 9.27km)"
2018,충청남도,천안시 동남구,44131,232,천안,9.27,11.91,-8.1,True,25.17,1163.4,1.54,1756.8,2523.4,0.14,-1.07,1.54,12.0,365,,이번 산출물에서 제외(사용자 요청) - 추후 국토지리정보원 자료로 보강 필요,ASOS 일자료 조회서비스 응답 항목에 토양수분 필드 자체가 없어 변수 제외,"최근접 관측소 매칭(중심점법:parent_city_polygon, 거리 9.27km)"
2019,충청남도,천안시 동남구,44131,232,천안,9.27,12.11,-6.73,True,23.24,845.6,1.34,1614.6,2360.1,-0.73,-1.61,1.08,12.0,365,,이번 산출물에서 제외(사용자 요청) - 추후 국토지리정보원 자료로 보강 필요,ASOS 일자료 조회서비스 응답 항목에 토양수분 필드 자체가 없어 변수 제외,"최근접 관측소 매칭(중심점법:parent_city_polygon, 거리 9.27km)"
2020,충청남도,천안시 동남구,44131,232,천안,9.27,12.25,-3.7,True,23.83,1443.5,1.31,1622.4,2359.0,0.43,-1.6,1.87,12.0,366,,이번 산출물에서 제외(사용자 요청) - 추후 국토지리정보원 자료로 보강 필요,ASOS 일자료 조회서비스 응답 항목에 토양수분 필드 자체가 없어 변수 제외,"최근접 관측소 매칭(중심점법:parent_city_polygon, 거리 9.27km)"
2021,충청남도,천안시 동남구,44131,232,천안,9.27,12.59,-6.47,True,24.11,1058.9,1.3,1748.4,2526.6,-0.15,-1.44,1.24,12.0,365,,이번 산출물에서 제외(사용자 요청) - 추후 국토지리정보원 자료로 보강 필요,ASOS 일자료 조회서비스 응답 항목에 토양수분 필드 자체가 없어 변수 제외,"최근접 관측소 매칭(중심점법:parent_city_polygon, 거리 9.27km)"
2022,충청남도,천안시 동남구,44131,232,천안,9.27,12.06,-7.06,True,24.36,1080.7,1.23,1770.1,2549.4,-0.35,-1.81,0.88,12.0,365,,이번 산출물에서 제외(사용자 요청) - 추후 국토지리정보원 자료로 보강 필요,ASOS 일자료 조회서비스 응답 항목에 토양수분 필드 자체가 없어 변수 제외,"최근접 관측소 매칭(중심점법:parent_city_polygon, 거리 9.27km)"
2023,충청남도,천안시 동남구,44131,232,천안,9.27,13.12,-7.38,True,24.78,1502.5,1.24,1908.4,2731.6,0.14,-1.97,1.47,12.0,365,,이번 산출물에서 제외(사용자 요청) - 추후 국토지리정보원 자료로 보강 필요,ASOS 일자료 조회서비스 응답 항목에 토양수분 필드 자체가 없어 변수 제외,"최근접 관측소 매칭(중심점법:parent_city_polygon, 거리 9.27km)"
2024,충청남도,천안시 동남구,44131,232,천안,9.27,13.88,-3.27,True,25.44,1476.9,1.22,2086.3,2921.2,0.89,0.05,1.9,12.0,366,,이번 산출물에서 제외(사용자 요청) - 추후 국토지리정보원 자료로 보강 필요,ASOS 일자료 조회서비스 응답 항목에 토양수분 필드 자체가 없어 변수 제외,"최근접 관측소 매칭(중심점법:parent_city_polygon, 거리 9.27km)"
2025,충청남도,천안시 동남구,44131,232,천안,9.27,13.11,-6.28,True,25.29,1458.2,1.22,1983.9,2758.3,0.35,-0.87,1.16,12.0,365,,이번 산출물에서 제외(사용자 요청) - 추후 국토지리정보원 자료로 보강 필요,ASOS 일자료 조회서비스 응답 항목에 토양수분 필드 자체가 없어 변수 제외,"최근접 관측소 매칭(중심점법:parent_city_polygon, 거리 9.27km)"
2016,충청남도,천안시 서북구,44133,232,천안,9.27,12.73,-4.43,True,24.45,1004.8,1.52,1862.6,2670.4,-0.17,-1.82,1.05,11.0,366,,이번 산출물에서 제외(사용자 요청) - 추후 국토지리정보원 자료로 보강 필요,ASOS 일자료 조회서비스 응답 항목에 토양수분 필드 자체가 없어 변수 제외,"최근접 관측소 매칭(중심점법:parent_city_polygon, 거리 9.27km)"
2017,충청남도,천안시 서북구,44133,232,천안,9.27,11.88,-5.92,True,23.83,1305.0,1.45,1690.6,2452.4,-0.56,-2.51,1.56,12.0,365,,이번 산출물에서 제외(사용자 요청) - 추후 국토지리정보원 자료로 보강 필요,ASOS 일자료 조회서비스 응답 항목에 토양수분 필드 자체가 없어 변수 제외,"최근접 관측소 매칭(중심점법:parent_city_polygon, 거리 9.27km)"
2018,충청남도,천안시 서북구,44133,232,천안,9.27,11.91,-8.1,True,25.17,1163.4,1.54,1756.8,2523.4,0.14,-1.07,1.54,12.0,365,,이번 산출물에서 제외(사용자 요청) - 추후 국토지리정보원 자료로 보강 필요,ASOS 일자료 조회서비스 응답 항목에 토양수분 필드 자체가 없어 변수 제외,"최근접 관측소 매칭(중심점법:parent_city_polygon, 거리 9.27km)"
2019,충청남도,천안시 서북구,44133,232,천안,9.27,12.11,-6.73,True,23.24,845.6,1.34,1614.6,2360.1,-0.73,-1.61,1.08,12.0,365,,이번 산출물에서 제외(사용자 요청) - 추후 국토지리정보원 자료로 보강 필요,ASOS 일자료 조회서비스 응답 항목에 토양수분 필드 자체가 없어 변수 제외,"최근접 관측소 매칭(중심점법:parent_city_polygon, 거리 9.27km)"
2020,충청남도,천안시 서북구,44133,232,천안,9.27,12.25,-3.7,True,23.83,1443.5,1.31,1622.4,2359.0,0.43,-1.6,1.87,12.0,366,,이번 산출물에서 제외(사용자 요청) - 추후 국토지리정보원 자료로 보강 필요,ASOS 일자료 조회서비스 응답 항목에 토양수분 필드 자체가 없어 변수 제외,"최근접 관측소 매칭(중심점법:parent_city_polygon, 거리 9.27km)"
2021,충청남도,천안시 서북구,44133,232,천안,9.27,12.59,-6.47,True,24.11,1058.9,1.3,1748.4,2526.6,-0.15,-1.44,1.24,12.0,365,,이번 산출물에서 제외(사용자 요청) - 추후 국토지리정보원 자료로 보강 필요,ASOS 일자료 조회서비스 응답 항목에 토양수분 필드 자체가 없어 변수 제외,"최근접 관측소 매칭(중심점법:parent_city_polygon, 거리 9.27km)"
2022,충청남도,천안시 서북구,44133,232,천안,9.27,12.06,-7.06,True,24.36,1080.7,1.23,1770.1,2549.4,-0.35,-1.81,0.88,12.0,365,,이번 산출물에서 제외(사용자 요청) - 추후 국토지리정보원 자료로 보강 필요,ASOS 일자료 조회서비스 응답 항목에 토양수분 필드 자체가 없어 변수 제외,"최근접 관측소 매칭(중심점법:parent_city_polygon, 거리 9.27km)"
2023,충청남도,천안시 서북구,44133,232,천안,9.27,13.12,-7.38,True,24.78,1502.5,1.24,1908.4,2731.6,0.14,-1.97,1.47,12.0,365,,이번 산출물에서 제외(사용자 요청) - 추후 국토지리정보원 자료로 보강 필요,ASOS 일자료 조회서비스 응답 항목에 토양수분 필드 자체가 없어 변수 제외,"최근접 관측소 매칭(중심점법:parent_city_polygon, 거리 9.27km)"
2024,충청남도,천안시 서북구,44133,232,천안,9.27,13.88,-3.27,True,25.44,1476.9,1.22,2086.3,2921.2,0.89,0.05,1.9,12.0,366,,이번 산출물에서 제외(사용자 요청) - 추후 국토지리정보원 자료로 보강 필요,ASOS 일자료 조회서비스 응답 항목에 토양수분 필드 자체가 없어 변수 제외,"최근접 관측소 매칭(중심점법:parent_city_polygon, 거리 9.27km)"
2025,충청남도,천안시 서북구,44133,232,천안,9.27,13.11,-6.28,True,25.29,1458.2,1.22,1983.9,2758.3,0.35,-0.87,1.16,12.0,365,,이번 산출물에서 제외(사용자 요청) - 추후 국토지리정보원 자료로 보강 필요,ASOS 일자료 조회서비스 응답 항목에 토양수분 필드 자체가 없어 변수 제외,"최근접 관측소 매칭(중심점법:parent_city_polygon, 거리 9.27km)"
2016,충청남도,청양군,44790,236,부여,18.61,13.35,-4.0,True,25.26,1129.3,1.25,2046.1,2864.2,-0.15,-1.56,1.14,11.0,366,,이번 산출물에서 제외(사용자 요청) - 추후 국토지리정보원 자료로 보강 필요,ASOS 일자료 조회서비스 응답 항목에 토양수분 필드 자체가 없어 변수 제외,"최근접 관측소 매칭(중심점법:exact, 거리 18.61km)"
2017,충청남도,청양군,44790,236,부여,18.61,12.57,-5.02,True,24.64,1112.0,1.31,1884.2,2661.5,-0.68,-1.71,0.22,12.0,365,,이번 산출물에서 제외(사용자 요청) - 추후 국토지리정보원 자료로 보강 필요,ASOS 일자료 조회서비스 응답 항목에 토양수분 필드 자체가 없어 변수 제외,"최근접 관측소 매칭(중심점법:exact, 거리 18.61km)"
2018,충청남도,청양군,44790,236,부여,18.61,12.66,-6.95,True,25.94,1457.9,1.34,1939.6,2739.6,0.44,-0.66,1.78,12.0,365,,이번 산출물에서 제외(사용자 요청) - 추후 국토지리정보원 자료로 보강 필요,ASOS 일자료 조회서비스 응답 항목에 토양수분 필드 자체가 없어 변수 제외,"최근접 관측소 매칭(중심점법:exact, 거리 18.61km)"
2019,충청남도,청양군,44790,236,부여,18.61,12.99,-5.6,True,24.3,992.0,1.27,1888.7,2668.6,-0.57,-1.53,0.88,12.0,365,,이번 산출물에서 제외(사용자 요청) - 추후 국토지리정보원 자료로 보강 필요,ASOS 일자료 조회서비스 응답 항목에 토양수분 필드 자체가 없어 변수 제외,"최근접 관측소 매칭(중심점법:exact, 거리 18.61km)"
2020,충청남도,청양군,44790,236,부여,18.61,12.83,-2.76,True,24.32,1624.8,1.17,1758.8,2515.0,0.3,-2.28,1.84,12.0,366,,이번 산출물에서 제외(사용자 요청) - 추후 국토지리정보원 자료로 보강 필요,ASOS 일자료 조회서비스 응답 항목에 토양수분 필드 자체가 없어 변수 제외,"최근접 관측소 매칭(중심점법:exact, 거리 18.61km)"
2021,충청남도,청양군,44790,236,부여,18.61,13.33,-5.31,True,24.74,1123.4,1.14,1918.8,2730.2,-0.34,-0.93,0.62,12.0,365,,이번 산출물에서 제외(사용자 요청) - 추후 국토지리정보원 자료로 보강 필요,ASOS 일자료 조회서비스 응답 항목에 토양수분 필드 자체가 없어 변수 제외,"최근접 관측소 매칭(중심점법:exact, 거리 18.61km)"
2022,충청남도,청양군,44790,236,부여,18.61,12.84,-5.99,True,25.02,1301.1,1.22,1917.3,2729.2,-0.43,-1.85,1.67,12.0,365,,이번 산출물에서 제외(사용자 요청) - 추후 국토지리정보원 자료로 보강 필요,ASOS 일자료 조회서비스 응답 항목에 토양수분 필드 자체가 없어 변수 제외,"최근접 관측소 매칭(중심점법:exact, 거리 18.61km)"
2023,충청남도,청양군,44790,236,부여,18.61,13.72,-5.93,True,25.27,2165.0,1.14,2076.5,2913.8,0.53,-1.71,2.2,12.0,365,,이번 산출물에서 제외(사용자 요청) - 추후 국토지리정보원 자료로 보강 필요,ASOS 일자료 조회서비스 응답 항목에 토양수분 필드 자체가 없어 변수 제외,"최근접 관측소 매칭(중심점법:exact, 거리 18.61km)"
2024,충청남도,청양군,44790,236,부여,18.61,14.44,-2.32,True,25.95,1432.3,0.96,2239.5,3084.4,0.47,-1.55,1.93,12.0,366,,이번 산출물에서 제외(사용자 요청) - 추후 국토지리정보원 자료로 보강 필요,ASOS 일자료 조회서비스 응답 항목에 토양수분 필드 자체가 없어 변수 제외,"최근접 관측소 매칭(중심점법:exact, 거리 18.61km)"
2025,충청남도,청양군,44790,236,부여,18.61,13.61,-5.36,True,25.92,1618.3,0.64,2108.6,2904.3,0.41,-0.56,2.12,12.0,365,,이번 산출물에서 제외(사용자 요청) - 추후 국토지리정보원 자료로 보강 필요,ASOS 일자료 조회서비스 응답 항목에 토양수분 필드 자체가 없어 변수 제외,"최근접 관측소 매칭(중심점법:exact, 거리 18.61km)"
2016,충청남도,태안군,44825,129,서산,20.43,12.95,-3.99,True,24.54,922.1,1.97,1896.6,2702.2,-0.39,-2.07,0.9,11.0,366,,이번 산출물에서 제외(사용자 요청) - 추후 국토지리정보원 자료로 보강 필요,ASOS 일자료 조회서비스 응답 항목에 토양수분 필드 자체가 없어 변수 제외,"최근접 관측소 매칭(중심점법:exact, 거리 20.43km)"
2017,충청남도,태안군,44825,129,서산,20.43,12.31,-4.96,True,24.12,830.4,1.99,1769.7,2533.9,-1.08,-2.13,0.44,12.0,365,,이번 산출물에서 제외(사용자 요청) - 추후 국토지리정보원 자료로 보강 필요,ASOS 일자료 조회서비스 응답 항목에 토양수분 필드 자체가 없어 변수 제외,"최근접 관측소 매칭(중심점법:exact, 거리 20.43km)"
2018,충청남도,태안군,44825,129,서산,20.43,12.35,-6.28,True,25.2,1227.2,1.93,1791.2,2573.6,0.17,-1.34,1.63,12.0,365,,이번 산출물에서 제외(사용자 요청) - 추후 국토지리정보원 자료로 보강 필요,ASOS 일자료 조회서비스 응답 항목에 토양수분 필드 자체가 없어 변수 제외,"최근접 관측소 매칭(중심점법:exact, 거리 20.43km)"
2019,충청남도,태안군,44825,129,서산,20.43,12.66,-5.18,True,23.83,915.0,1.83,1747.2,2502.3,-0.71,-1.74,0.62,12.0,365,,이번 산출물에서 제외(사용자 요청) - 추후 국토지리정보원 자료로 보강 필요,ASOS 일자료 조회서비스 응답 항목에 토양수분 필드 자체가 없어 변수 제외,"최근접 관측소 매칭(중심점법:exact, 거리 20.43km)"
2020,충청남도,태안군,44825,129,서산,20.43,12.63,-2.3,True,23.8,1488.7,1.97,1686.6,2440.0,0.31,-1.72,1.26,12.0,366,,이번 산출물에서 제외(사용자 요청) - 추후 국토지리정보원 자료로 보강 필요,ASOS 일자료 조회서비스 응답 항목에 토양수분 필드 자체가 없어 변수 제외,"최근접 관측소 매칭(중심점법:exact, 거리 20.43km)"
2021,충청남도,태안군,44825,129,서산,20.43,13.21,-4.54,True,24.6,1207.3,1.96,1892.2,2695.3,0.03,-1.16,1.46,12.0,365,,이번 산출물에서 제외(사용자 요청) - 추후 국토지리정보원 자료로 보강 필요,ASOS 일자료 조회서비스 응답 항목에 토양수분 필드 자체가 없어 변수 제외,"최근접 관측소 매칭(중심점법:exact, 거리 20.43km)"
2022,충청남도,태안군,44825,129,서산,20.43,12.36,-5.53,True,24.48,1570.7,2.1,1778.6,2570.6,0.26,-1.51,1.29,12.0,365,,이번 산출물에서 제외(사용자 요청) - 추후 국토지리정보원 자료로 보강 필요,ASOS 일자료 조회서비스 응답 항목에 토양수분 필드 자체가 없어 변수 제외,"최근접 관측소 매칭(중심점법:exact, 거리 20.43km)"
2023,충청남도,태안군,44825,129,서산,20.43,13.39,-5.79,True,24.87,1529.7,2.05,1967.7,2777.1,-0.02,-2.0,1.19,12.0,365,,이번 산출물에서 제외(사용자 요청) - 추후 국토지리정보원 자료로 보강 필요,ASOS 일자료 조회서비스 응답 항목에 토양수분 필드 자체가 없어 변수 제외,"최근접 관측소 매칭(중심점법:exact, 거리 20.43km)"
2024,충청남도,태안군,44825,129,서산,20.43,14.12,-2.46,True,25.68,1806.1,1.98,2142.6,2977.1,1.03,0.38,2.04,12.0,366,,이번 산출물에서 제외(사용자 요청) - 추후 국토지리정보원 자료로 보강 필요,ASOS 일자료 조회서비스 응답 항목에 토양수분 필드 자체가 없어 변수 제외,"최근접 관측소 매칭(중심점법:exact, 거리 20.43km)"
2025,충청남도,태안군,44825,129,서산,20.43,13.29,-4.72,True,25.58,1697.6,2.06,1987.9,2767.9,0.36,-0.52,1.34,12.0,365,,이번 산출물에서 제외(사용자 요청) - 추후 국토지리정보원 자료로 보강 필요,ASOS 일자료 조회서비스 응답 항목에 토양수분 필드 자체가 없어 변수 제외,"최근접 관측소 매칭(중심점법:exact, 거리 20.43km)"
2016,충청남도,홍성군,44800,177,홍성,11.2,13.19,-4.25,True,25.01,760.4,1.57,1974.6,2790.6,-0.71,-2.25,0.69,11.0,366,,이번 산출물에서 제외(사용자 요청) - 추후 국토지리정보원 자료로 보강 필요,ASOS 일자료 조회서비스 응답 항목에 토양수분 필드 자체가 없어 변수 제외,"최근접 관측소 매칭(중심점법:exact, 거리 11.2km)"
2017,충청남도,홍성군,44800,177,홍성,11.2,12.59,-4.79,True,24.56,1009.5,1.56,1820.1,2592.6,-0.85,-2.15,0.43,12.0,365,,이번 산출물에서 제외(사용자 요청) - 추후 국토지리정보원 자료로 보강 필요,ASOS 일자료 조회서비스 응답 항목에 토양수분 필드 자체가 없어 변수 제외,"최근접 관측소 매칭(중심점법:exact, 거리 11.2km)"
2018,충청남도,홍성군,44800,177,홍성,11.2,12.44,-6.71,True,25.38,1299.0,1.52,1816.0,2596.0,0.25,-1.09,1.49,12.0,365,,이번 산출물에서 제외(사용자 요청) - 추후 국토지리정보원 자료로 보강 필요,ASOS 일자료 조회서비스 응답 항목에 토양수분 필드 자체가 없어 변수 제외,"최근접 관측소 매칭(중심점법:exact, 거리 11.2km)"
2019,충청남도,홍성군,44800,177,홍성,11.2,12.79,-5.31,True,24.02,922.3,1.4,1764.6,2523.5,-0.7,-1.73,0.59,12.0,365,,이번 산출물에서 제외(사용자 요청) - 추후 국토지리정보원 자료로 보강 필요,ASOS 일자료 조회서비스 응답 항목에 토양수분 필드 자체가 없어 변수 제외,"최근접 관측소 매칭(중심점법:exact, 거리 11.2km)"
2020,충청남도,홍성군,44800,177,홍성,11.2,12.81,-2.6,True,24.13,1609.7,1.55,1706.9,2460.2,0.45,-1.87,1.48,12.0,366,,이번 산출물에서 제외(사용자 요청) - 추후 국토지리정보원 자료로 보강 필요,ASOS 일자료 조회서비스 응답 항목에 토양수분 필드 자체가 없어 변수 제외,"최근접 관측소 매칭(중심점법:exact, 거리 11.2km)"
2021,충청남도,홍성군,44800,177,홍성,11.2,13.29,-4.83,True,24.61,1242.8,1.45,1861.1,2662.2,0.0,-1.02,1.28,12.0,365,,이번 산출물에서 제외(사용자 요청) - 추후 국토지리정보원 자료로 보강 필요,ASOS 일자료 조회서비스 응답 항목에 토양수분 필드 자체가 없어 변수 제외,"최근접 관측소 매칭(중심점법:exact, 거리 11.2km)"
2022,충청남도,홍성군,44800,177,홍성,11.2,12.75,-5.57,True,24.98,1389.6,1.56,1860.0,2657.0,0.05,-1.39,1.25,12.0,365,,이번 산출물에서 제외(사용자 요청) - 추후 국토지리정보원 자료로 보강 필요,ASOS 일자료 조회서비스 응답 항목에 토양수분 필드 자체가 없어 변수 제외,"최근접 관측소 매칭(중심점법:exact, 거리 11.2km)"
2023,충청남도,홍성군,44800,177,홍성,11.2,13.73,-5.82,True,25.15,1584.8,1.56,2019.3,2844.7,-0.0,-2.04,1.35,12.0,365,,이번 산출물에서 제외(사용자 요청) - 추후 국토지리정보원 자료로 보강 필요,ASOS 일자료 조회서비스 응답 항목에 토양수분 필드 자체가 없어 변수 제외,"최근접 관측소 매칭(중심점법:exact, 거리 11.2km)"
2024,충청남도,홍성군,44800,177,홍성,11.2,14.39,-1.98,True,25.97,1722.8,1.56,2165.2,3003.8,1.05,0.04,2.14,12.0,366,,이번 산출물에서 제외(사용자 요청) - 추후 국토지리정보원 자료로 보강 필요,ASOS 일자료 조회서비스 응답 항목에 토양수분 필드 자체가 없어 변수 제외,"최근접 관측소 매칭(중심점법:exact, 거리 11.2km)"
2025,충청남도,홍성군,44800,177,홍성,11.2,13.76,-4.93,True,26.2,1708.1,2.02,2116.6,2905.8,0.41,-0.8,1.52,12.0,365,,이번 산출물에서 제외(사용자 요청) - 추후 국토지리정보원 자료로 보강 필요,ASOS 일자료 조회서비스 응답 항목에 토양수분 필드 자체가 없어 변수 제외,"최근접 관측소 매칭(중심점법:exact, 거리 11.2km)"
2016,충청북도,괴산군,43760,127,충주,24.83,12.92,-5.74,True,25.28,917.1,1.45,2010.1,2820.5,-0.53,-2.08,0.49,11.0,366,,이번 산출물에서 제외(사용자 요청) - 추후 국토지리정보원 자료로 보강 필요,ASOS 일자료 조회서비스 응답 항목에 토양수분 필드 자체가 없어 변수 제외,"최근접 관측소 매칭(중심점법:exact, 거리 24.83km)"
2017,충청북도,괴산군,43760,127,충주,24.83,12.1,-6.23,True,24.63,1072.9,1.46,1841.6,2614.4,-0.55,-2.25,0.46,12.0,365,,이번 산출물에서 제외(사용자 요청) - 추후 국토지리정보원 자료로 보강 필요,ASOS 일자료 조회서비스 응답 항목에 토양수분 필드 자체가 없어 변수 제외,"최근접 관측소 매칭(중심점법:exact, 거리 24.83km)"
2018,충청북도,괴산군,43760,127,충주,24.83,12.04,-8.76,True,25.9,1349.1,1.52,1896.6,2667.2,0.41,-0.96,1.77,12.0,365,,이번 산출물에서 제외(사용자 요청) - 추후 국토지리정보원 자료로 보강 필요,ASOS 일자료 조회서비스 응답 항목에 토양수분 필드 자체가 없어 변수 제외,"최근접 관측소 매칭(중심점법:exact, 거리 24.83km)"
2019,충청북도,괴산군,43760,127,충주,24.83,12.36,-6.98,True,24.26,795.5,1.32,1795.0,2546.5,-0.82,-2.04,0.41,12.0,365,,이번 산출물에서 제외(사용자 요청) - 추후 국토지리정보원 자료로 보강 필요,ASOS 일자료 조회서비스 응답 항목에 토양수분 필드 자체가 없어 변수 제외,"최근접 관측소 매칭(중심점법:exact, 거리 24.83km)"
2020,충청북도,괴산군,43760,127,충주,24.83,12.13,-3.99,True,24.21,1446.5,1.4,1677.0,2413.8,0.28,-1.92,1.51,12.0,366,,이번 산출물에서 제외(사용자 요청) - 추후 국토지리정보원 자료로 보강 필요,ASOS 일자료 조회서비스 응답 항목에 토양수분 필드 자체가 없어 변수 제외,"최근접 관측소 매칭(중심점법:exact, 거리 24.83km)"
2021,충청북도,괴산군,43760,127,충주,24.83,12.48,-7.5,True,24.34,1365.5,1.4,1779.9,2559.7,0.21,-1.05,1.4,12.0,365,,이번 산출물에서 제외(사용자 요청) - 추후 국토지리정보원 자료로 보강 필요,ASOS 일자료 조회서비스 응답 항목에 토양수분 필드 자체가 없어 변수 제외,"최근접 관측소 매칭(중심점법:exact, 거리 24.83km)"
2022,충청북도,괴산군,43760,127,충주,24.83,11.91,-7.76,True,24.63,1464.2,1.2,1800.4,2571.3,0.02,-1.81,1.24,12.0,365,,이번 산출물에서 제외(사용자 요청) - 추후 국토지리정보원 자료로 보강 필요,ASOS 일자료 조회서비스 응답 항목에 토양수분 필드 자체가 없어 변수 제외,"최근접 관측소 매칭(중심점법:exact, 거리 24.83km)"
2023,충청북도,괴산군,43760,127,충주,24.83,12.95,-7.88,True,25.08,1661.6,1.22,1937.4,2755.3,0.23,-2.34,1.74,12.0,365,,이번 산출물에서 제외(사용자 요청) - 추후 국토지리정보원 자료로 보강 필요,ASOS 일자료 조회서비스 응답 항목에 토양수분 필드 자체가 없어 변수 제외,"최근접 관측소 매칭(중심점법:exact, 거리 24.83km)"
2024,충청북도,괴산군,43760,127,충주,24.83,13.81,-3.74,True,25.87,1448.0,1.31,2156.7,2993.7,0.84,-0.35,1.84,12.0,366,,이번 산출물에서 제외(사용자 요청) - 추후 국토지리정보원 자료로 보강 필요,ASOS 일자료 조회서비스 응답 항목에 토양수분 필드 자체가 없어 변수 제외,"최근접 관측소 매칭(중심점법:exact, 거리 24.83km)"
2025,충청북도,괴산군,43760,127,충주,24.83,12.94,-7.33,True,25.94,1070.2,1.32,2065.5,2844.2,-0.14,-1.56,1.26,12.0,365,,이번 산출물에서 제외(사용자 요청) - 추후 국토지리정보원 자료로 보강 필요,ASOS 일자료 조회서비스 응답 항목에 토양수분 필드 자체가 없어 변수 제외,"최근접 관측소 매칭(중심점법:exact, 거리 24.83km)"
2016,충청북도,단양군,43800,272,영주,17.84,12.32,-5.39,True,23.9,1263.3,2.45,1749.8,2539.9,-0.1,-2.31,1.11,11.0,366,,이번 산출물에서 제외(사용자 요청) - 추후 국토지리정보원 자료로 보강 필요,ASOS 일자료 조회서비스 응답 항목에 토양수분 필드 자체가 없어 변수 제외,"최근접 관측소 매칭(중심점법:exact, 거리 17.84km)"
2017,충청북도,단양군,43800,272,영주,17.84,11.67,-5.81,True,23.29,1055.3,2.68,1649.2,2413.6,-0.57,-1.49,0.73,12.0,365,,이번 산출물에서 제외(사용자 요청) - 추후 국토지리정보원 자료로 보강 필요,ASOS 일자료 조회서비스 응답 항목에 토양수분 필드 자체가 없어 변수 제외,"최근접 관측소 매칭(중심점법:exact, 거리 17.84km)"
2018,충청북도,단양군,43800,272,영주,17.84,11.64,-7.79,True,24.43,1591.5,2.44,1650.8,2400.4,0.54,-1.39,1.72,12.0,365,,이번 산출물에서 제외(사용자 요청) - 추후 국토지리정보원 자료로 보강 필요,ASOS 일자료 조회서비스 응답 항목에 토양수분 필드 자체가 없어 변수 제외,"최근접 관측소 매칭(중심점법:exact, 거리 17.84km)"
2019,충청북도,단양군,43800,272,영주,17.84,12.14,-5.92,True,23.04,996.4,2.41,1641.2,2375.8,-0.48,-1.32,1.02,12.0,365,,이번 산출물에서 제외(사용자 요청) - 추후 국토지리정보원 자료로 보강 필요,ASOS 일자료 조회서비스 응답 항목에 토양수분 필드 자체가 없어 변수 제외,"최근접 관측소 매칭(중심점법:exact, 거리 17.84km)"
2020,충청북도,단양군,43800,272,영주,17.84,12.06,-3.6,True,23.12,1499.9,2.37,1500.9,2228.0,0.08,-2.1,1.29,12.0,366,,이번 산출물에서 제외(사용자 요청) - 추후 국토지리정보원 자료로 보강 필요,ASOS 일자료 조회서비스 응답 항목에 토양수분 필드 자체가 없어 변수 제외,"최근접 관측소 매칭(중심점법:exact, 거리 17.84km)"
2021,충청북도,단양군,43800,272,영주,17.84,12.01,-6.39,True,23.06,1346.5,2.27,1572.3,2328.6,0.14,-0.96,1.48,12.0,365,,이번 산출물에서 제외(사용자 요청) - 추후 국토지리정보원 자료로 보강 필요,ASOS 일자료 조회서비스 응답 항목에 토양수분 필드 자체가 없어 변수 제외,"최근접 관측소 매칭(중심점법:exact, 거리 17.84km)"
2022,충청북도,단양군,43800,272,영주,17.84,11.86,-6.75,True,23.56,1083.8,2.46,1650.4,2412.6,-0.58,-1.79,0.53,12.0,365,,이번 산출물에서 제외(사용자 요청) - 추후 국토지리정보원 자료로 보강 필요,ASOS 일자료 조회서비스 응답 항목에 토양수분 필드 자체가 없어 변수 제외,"최근접 관측소 매칭(중심점법:exact, 거리 17.84km)"
2023,충청북도,단양군,43800,272,영주,17.84,12.44,-6.58,True,23.82,2216.1,2.16,1682.0,2480.4,0.8,-1.03,2.39,12.0,365,,이번 산출물에서 제외(사용자 요청) - 추후 국토지리정보원 자료로 보강 필요,ASOS 일자료 조회서비스 응답 항목에 토양수분 필드 자체가 없어 변수 제외,"최근접 관측소 매칭(중심점법:exact, 거리 17.84km)"
2024,충청북도,단양군,43800,272,영주,17.84,13.37,-4.0,True,24.75,1399.2,2.15,1920.2,2752.1,0.56,-0.32,1.77,12.0,366,,이번 산출물에서 제외(사용자 요청) - 추후 국토지리정보원 자료로 보강 필요,ASOS 일자료 조회서비스 응답 항목에 토양수분 필드 자체가 없어 변수 제외,"최근접 관측소 매칭(중심점법:exact, 거리 17.84km)"
2025,충청북도,단양군,43800,272,영주,17.84,12.57,-5.74,True,24.83,1093.6,2.32,1857.4,2626.0,-0.41,-1.77,1.12,12.0,365,,이번 산출물에서 제외(사용자 요청) - 추후 국토지리정보원 자료로 보강 필요,ASOS 일자료 조회서비스 응답 항목에 토양수분 필드 자체가 없어 변수 제외,"최근접 관측소 매칭(중심점법:exact, 거리 17.84km)"
2016,충청북도,보은군,43720,226,보은,0.52,12.33,-5.91,True,24.39,1291.6,1.36,1834.6,2632.4,0.21,-1.28,1.35,11.0,366,,이번 산출물에서 제외(사용자 요청) - 추후 국토지리정보원 자료로 보강 필요,ASOS 일자료 조회서비스 응답 항목에 토양수분 필드 자체가 없어 변수 제외,"최근접 관측소 매칭(중심점법:exact, 거리 0.52km)"
2017,충청북도,보은군,43720,226,보은,0.52,11.59,-6.77,True,23.92,1322.8,1.38,1703.2,2460.8,-0.43,-1.82,0.9,12.0,365,,이번 산출물에서 제외(사용자 요청) - 추후 국토지리정보원 자료로 보강 필요,ASOS 일자료 조회서비스 응답 항목에 토양수분 필드 자체가 없어 변수 제외,"최근접 관측소 매칭(중심점법:exact, 거리 0.52km)"
2018,충청북도,보은군,43720,226,보은,0.52,11.73,-8.87,True,25.07,1409.5,1.28,1761.4,2522.4,0.47,-0.73,1.74,12.0,365,,이번 산출물에서 제외(사용자 요청) - 추후 국토지리정보원 자료로 보강 필요,ASOS 일자료 조회서비스 응답 항목에 토양수분 필드 자체가 없어 변수 제외,"최근접 관측소 매칭(중심점법:exact, 거리 0.52km)"
2019,충청북도,보은군,43720,226,보은,0.52,12.21,-7.21,True,23.71,1046.2,1.26,1738.2,2495.2,-0.33,-1.33,1.14,12.0,365,,이번 산출물에서 제외(사용자 요청) - 추후 국토지리정보원 자료로 보강 필요,ASOS 일자료 조회서비스 응답 항목에 토양수분 필드 자체가 없어 변수 제외,"최근접 관측소 매칭(중심점법:exact, 거리 0.52km)"
2020,충청북도,보은군,43720,226,보은,0.52,11.75,-4.09,True,23.4,1768.8,1.11,1559.9,2269.8,0.58,-1.9,1.87,12.0,366,,이번 산출물에서 제외(사용자 요청) - 추후 국토지리정보원 자료로 보강 필요,ASOS 일자료 조회서비스 응답 항목에 토양수분 필드 자체가 없어 변수 제외,"최근접 관측소 매칭(중심점법:exact, 거리 0.52km)"
2021,충청북도,보은군,43720,226,보은,0.52,12.13,-7.2,True,23.54,1097.7,1.15,1684.4,2441.8,-0.27,-0.93,1.18,12.0,365,,이번 산출물에서 제외(사용자 요청) - 추후 국토지리정보원 자료로 보강 필요,ASOS 일자료 조회서비스 응답 항목에 토양수분 필드 자체가 없어 변수 제외,"최근접 관측소 매칭(중심점법:exact, 거리 0.52km)"
2022,충청북도,보은군,43720,226,보은,0.52,11.69,-7.6,True,23.93,1043.5,1.13,1679.3,2442.6,-0.64,-1.7,0.56,12.0,365,,이번 산출물에서 제외(사용자 요청) - 추후 국토지리정보원 자료로 보강 필요,ASOS 일자료 조회서비스 응답 항목에 토양수분 필드 자체가 없어 변수 제외,"최근접 관측소 매칭(중심점법:exact, 거리 0.52km)"
2023,충청북도,보은군,43720,226,보은,0.52,12.64,-7.7,True,24.27,1870.4,1.17,1797.3,2602.9,0.3,-1.86,1.91,12.0,365,,이번 산출물에서 제외(사용자 요청) - 추후 국토지리정보원 자료로 보강 필요,ASOS 일자료 조회서비스 응답 항목에 토양수분 필드 자체가 없어 변수 제외,"최근접 관측소 매칭(중심점법:exact, 거리 0.52km)"
2024,충청북도,보은군,43720,226,보은,0.52,13.45,-3.25,True,24.92,1252.8,1.19,1992.2,2822.2,0.27,-1.74,1.73,12.0,366,,이번 산출물에서 제외(사용자 요청) - 추후 국토지리정보원 자료로 보강 필요,ASOS 일자료 조회서비스 응답 항목에 토양수분 필드 자체가 없어 변수 제외,"최근접 관측소 매칭(중심점법:exact, 거리 0.52km)"
2025,충청북도,보은군,43720,226,보은,0.52,12.65,-6.68,True,24.88,1223.8,1.18,1907.5,2673.3,-0.16,-1.17,1.72,12.0,365,,이번 산출물에서 제외(사용자 요청) - 추후 국토지리정보원 자료로 보강 필요,ASOS 일자료 조회서비스 응답 항목에 토양수분 필드 자체가 없어 변수 제외,"최근접 관측소 매칭(중심점법:exact, 거리 0.52km)"
2016,충청북도,영동군,43740,135,추풍령,17.51,12.46,-4.25,True,23.96,1147.1,2.6,1743.6,2530.9,0.11,-1.11,1.28,11.0,366,,이번 산출물에서 제외(사용자 요청) - 추후 국토지리정보원 자료로 보강 필요,ASOS 일자료 조회서비스 응답 항목에 토양수분 필드 자체가 없어 변수 제외,"최근접 관측소 매칭(중심점법:exact, 거리 17.51km)"
2017,충청북도,영동군,43740,135,추풍령,17.51,11.97,-4.63,True,23.58,921.8,2.78,1666.3,2439.3,-0.71,-1.91,0.42,12.0,365,,이번 산출물에서 제외(사용자 요청) - 추후 국토지리정보원 자료로 보강 필요,ASOS 일자료 조회서비스 응답 항목에 토양수분 필드 자체가 없어 변수 제외,"최근접 관측소 매칭(중심점법:exact, 거리 17.51km)"
2018,충청북도,영동군,43740,135,추풍령,17.51,11.96,-7.0,True,24.63,1304.2,2.74,1678.7,2446.3,0.55,-1.19,1.93,12.0,365,,이번 산출물에서 제외(사용자 요청) - 추후 국토지리정보원 자료로 보강 필요,ASOS 일자료 조회서비스 응답 항목에 토양수분 필드 자체가 없어 변수 제외,"최근접 관측소 매칭(중심점법:exact, 거리 17.51km)"
2019,충청북도,영동군,43740,135,추풍령,17.51,12.46,-4.95,True,23.11,1164.1,2.58,1622.5,2385.8,-0.01,-0.99,1.51,12.0,365,,이번 산출물에서 제외(사용자 요청) - 추후 국토지리정보원 자료로 보강 필요,ASOS 일자료 조회서비스 응답 항목에 토양수분 필드 자체가 없어 변수 제외,"최근접 관측소 매칭(중심점법:exact, 거리 17.51km)"
2020,충청북도,영동군,43740,135,추풍령,17.51,12.07,-3.16,True,23.03,1554.0,2.66,1508.2,2246.8,0.52,-1.9,2.16,12.0,366,,이번 산출물에서 제외(사용자 요청) - 추후 국토지리정보원 자료로 보강 필요,ASOS 일자료 조회서비스 응답 항목에 토양수분 필드 자체가 없어 변수 제외,"최근접 관측소 매칭(중심점법:exact, 거리 17.51km)"
2021,충청북도,영동군,43740,135,추풍령,17.51,12.28,-5.53,True,23.09,1129.1,2.56,1581.7,2339.5,-0.18,-0.88,1.17,12.0,365,,이번 산출물에서 제외(사용자 요청) - 추후 국토지리정보원 자료로 보강 필요,ASOS 일자료 조회서비스 응답 항목에 토양수분 필드 자체가 없어 변수 제외,"최근접 관측소 매칭(중심점법:exact, 거리 17.51km)"
2022,충청북도,영동군,43740,135,추풍령,17.51,12.04,-5.52,True,23.67,928.6,2.6,1649.9,2415.3,-0.86,-1.91,-0.19,12.0,365,,이번 산출물에서 제외(사용자 요청) - 추후 국토지리정보원 자료로 보강 필요,ASOS 일자료 조회서비스 응답 항목에 토양수분 필드 자체가 없어 변수 제외,"최근접 관측소 매칭(중심점법:exact, 거리 17.51km)"
2023,충청북도,영동군,43740,135,추풍령,17.51,12.79,-6.28,True,24.02,1551.5,2.33,1745.6,2555.4,0.27,-1.5,1.75,12.0,365,,이번 산출물에서 제외(사용자 요청) - 추후 국토지리정보원 자료로 보강 필요,ASOS 일자료 조회서비스 응답 항목에 토양수분 필드 자체가 없어 변수 제외,"최근접 관측소 매칭(중심점법:exact, 거리 17.51km)"
2024,충청북도,영동군,43740,135,추풍령,17.51,13.54,-3.07,True,24.82,1231.5,2.43,1931.6,2766.4,0.43,-1.83,2.24,12.0,366,,이번 산출물에서 제외(사용자 요청) - 추후 국토지리정보원 자료로 보강 필요,ASOS 일자료 조회서비스 응답 항목에 토양수분 필드 자체가 없어 변수 제외,"최근접 관측소 매칭(중심점법:exact, 거리 17.51km)"
2025,충청북도,영동군,43740,135,추풍령,17.51,12.8,-5.07,True,24.81,1138.4,2.33,1884.2,2657.4,-0.11,-1.6,1.44,12.0,365,,이번 산출물에서 제외(사용자 요청) - 추후 국토지리정보원 자료로 보강 필요,ASOS 일자료 조회서비스 응답 항목에 토양수분 필드 자체가 없어 변수 제외,"최근접 관측소 매칭(중심점법:exact, 거리 17.51km)"
2016,충청북도,옥천군,43730,226,보은,19.82,12.33,-5.91,True,24.39,1291.6,1.36,1834.6,2632.4,0.21,-1.28,1.35,11.0,366,,이번 산출물에서 제외(사용자 요청) - 추후 국토지리정보원 자료로 보강 필요,ASOS 일자료 조회서비스 응답 항목에 토양수분 필드 자체가 없어 변수 제외,"최근접 관측소 매칭(중심점법:exact, 거리 19.82km)"
2017,충청북도,옥천군,43730,226,보은,19.82,11.59,-6.77,True,23.92,1322.8,1.38,1703.2,2460.8,-0.43,-1.82,0.9,12.0,365,,이번 산출물에서 제외(사용자 요청) - 추후 국토지리정보원 자료로 보강 필요,ASOS 일자료 조회서비스 응답 항목에 토양수분 필드 자체가 없어 변수 제외,"최근접 관측소 매칭(중심점법:exact, 거리 19.82km)"
2018,충청북도,옥천군,43730,226,보은,19.82,11.73,-8.87,True,25.07,1409.5,1.28,1761.4,2522.4,0.47,-0.73,1.74,12.0,365,,이번 산출물에서 제외(사용자 요청) - 추후 국토지리정보원 자료로 보강 필요,ASOS 일자료 조회서비스 응답 항목에 토양수분 필드 자체가 없어 변수 제외,"최근접 관측소 매칭(중심점법:exact, 거리 19.82km)"
2019,충청북도,옥천군,43730,226,보은,19.82,12.21,-7.21,True,23.71,1046.2,1.26,1738.2,2495.2,-0.33,-1.33,1.14,12.0,365,,이번 산출물에서 제외(사용자 요청) - 추후 국토지리정보원 자료로 보강 필요,ASOS 일자료 조회서비스 응답 항목에 토양수분 필드 자체가 없어 변수 제외,"최근접 관측소 매칭(중심점법:exact, 거리 19.82km)"
2020,충청북도,옥천군,43730,226,보은,19.82,11.75,-4.09,True,23.4,1768.8,1.11,1559.9,2269.8,0.58,-1.9,1.87,12.0,366,,이번 산출물에서 제외(사용자 요청) - 추후 국토지리정보원 자료로 보강 필요,ASOS 일자료 조회서비스 응답 항목에 토양수분 필드 자체가 없어 변수 제외,"최근접 관측소 매칭(중심점법:exact, 거리 19.82km)"
2021,충청북도,옥천군,43730,226,보은,19.82,12.13,-7.2,True,23.54,1097.7,1.15,1684.4,2441.8,-0.27,-0.93,1.18,12.0,365,,이번 산출물에서 제외(사용자 요청) - 추후 국토지리정보원 자료로 보강 필요,ASOS 일자료 조회서비스 응답 항목에 토양수분 필드 자체가 없어 변수 제외,"최근접 관측소 매칭(중심점법:exact, 거리 19.82km)"
2022,충청북도,옥천군,43730,226,보은,19.82,11.69,-7.6,True,23.93,1043.5,1.13,1679.3,2442.6,-0.64,-1.7,0.56,12.0,365,,이번 산출물에서 제외(사용자 요청) - 추후 국토지리정보원 자료로 보강 필요,ASOS 일자료 조회서비스 응답 항목에 토양수분 필드 자체가 없어 변수 제외,"최근접 관측소 매칭(중심점법:exact, 거리 19.82km)"
2023,충청북도,옥천군,43730,226,보은,19.82,12.64,-7.7,True,24.27,1870.4,1.17,1797.3,2602.9,0.3,-1.86,1.91,12.0,365,,이번 산출물에서 제외(사용자 요청) - 추후 국토지리정보원 자료로 보강 필요,ASOS 일자료 조회서비스 응답 항목에 토양수분 필드 자체가 없어 변수 제외,"최근접 관측소 매칭(중심점법:exact, 거리 19.82km)"
2024,충청북도,옥천군,43730,226,보은,19.82,13.45,-3.25,True,24.92,1252.8,1.19,1992.2,2822.2,0.27,-1.74,1.73,12.0,366,,이번 산출물에서 제외(사용자 요청) - 추후 국토지리정보원 자료로 보강 필요,ASOS 일자료 조회서비스 응답 항목에 토양수분 필드 자체가 없어 변수 제외,"최근접 관측소 매칭(중심점법:exact, 거리 19.82km)"
2025,충청북도,옥천군,43730,226,보은,19.82,12.65,-6.68,True,24.88,1223.8,1.18,1907.5,2673.3,-0.16,-1.17,1.72,12.0,365,,이번 산출물에서 제외(사용자 요청) - 추후 국토지리정보원 자료로 보강 필요,ASOS 일자료 조회서비스 응답 항목에 토양수분 필드 자체가 없어 변수 제외,"최근접 관측소 매칭(중심점법:exact, 거리 19.82km)"
2016,충청북도,음성군,43770,127,충주,30.1,12.92,-5.74,True,25.28,917.1,1.45,2010.1,2820.5,-0.53,-2.08,0.49,11.0,366,,이번 산출물에서 제외(사용자 요청) - 추후 국토지리정보원 자료로 보강 필요,ASOS 일자료 조회서비스 응답 항목에 토양수분 필드 자체가 없어 변수 제외,"최근접 관측소 매칭(중심점법:exact, 거리 30.1km) - 30km 이상 이격, 대표성 낮을 수 있음"
2017,충청북도,음성군,43770,127,충주,30.1,12.1,-6.23,True,24.63,1072.9,1.46,1841.6,2614.4,-0.55,-2.25,0.46,12.0,365,,이번 산출물에서 제외(사용자 요청) - 추후 국토지리정보원 자료로 보강 필요,ASOS 일자료 조회서비스 응답 항목에 토양수분 필드 자체가 없어 변수 제외,"최근접 관측소 매칭(중심점법:exact, 거리 30.1km) - 30km 이상 이격, 대표성 낮을 수 있음"
2018,충청북도,음성군,43770,127,충주,30.1,12.04,-8.76,True,25.9,1349.1,1.52,1896.6,2667.2,0.41,-0.96,1.77,12.0,365,,이번 산출물에서 제외(사용자 요청) - 추후 국토지리정보원 자료로 보강 필요,ASOS 일자료 조회서비스 응답 항목에 토양수분 필드 자체가 없어 변수 제외,"최근접 관측소 매칭(중심점법:exact, 거리 30.1km) - 30km 이상 이격, 대표성 낮을 수 있음"
2019,충청북도,음성군,43770,127,충주,30.1,12.36,-6.98,True,24.26,795.5,1.32,1795.0,2546.5,-0.82,-2.04,0.41,12.0,365,,이번 산출물에서 제외(사용자 요청) - 추후 국토지리정보원 자료로 보강 필요,ASOS 일자료 조회서비스 응답 항목에 토양수분 필드 자체가 없어 변수 제외,"최근접 관측소 매칭(중심점법:exact, 거리 30.1km) - 30km 이상 이격, 대표성 낮을 수 있음"
2020,충청북도,음성군,43770,127,충주,30.1,12.13,-3.99,True,24.21,1446.5,1.4,1677.0,2413.8,0.28,-1.92,1.51,12.0,366,,이번 산출물에서 제외(사용자 요청) - 추후 국토지리정보원 자료로 보강 필요,ASOS 일자료 조회서비스 응답 항목에 토양수분 필드 자체가 없어 변수 제외,"최근접 관측소 매칭(중심점법:exact, 거리 30.1km) - 30km 이상 이격, 대표성 낮을 수 있음"
2021,충청북도,음성군,43770,127,충주,30.1,12.48,-7.5,True,24.34,1365.5,1.4,1779.9,2559.7,0.21,-1.05,1.4,12.0,365,,이번 산출물에서 제외(사용자 요청) - 추후 국토지리정보원 자료로 보강 필요,ASOS 일자료 조회서비스 응답 항목에 토양수분 필드 자체가 없어 변수 제외,"최근접 관측소 매칭(중심점법:exact, 거리 30.1km) - 30km 이상 이격, 대표성 낮을 수 있음"
2022,충청북도,음성군,43770,127,충주,30.1,11.91,-7.76,True,24.63,1464.2,1.2,1800.4,2571.3,0.02,-1.81,1.24,12.0,365,,이번 산출물에서 제외(사용자 요청) - 추후 국토지리정보원 자료로 보강 필요,ASOS 일자료 조회서비스 응답 항목에 토양수분 필드 자체가 없어 변수 제외,"최근접 관측소 매칭(중심점법:exact, 거리 30.1km) - 30km 이상 이격, 대표성 낮을 수 있음"
2023,충청북도,음성군,43770,127,충주,30.1,12.95,-7.88,True,25.08,1661.6,1.22,1937.4,2755.3,0.23,-2.34,1.74,12.0,365,,이번 산출물에서 제외(사용자 요청) - 추후 국토지리정보원 자료로 보강 필요,ASOS 일자료 조회서비스 응답 항목에 토양수분 필드 자체가 없어 변수 제외,"최근접 관측소 매칭(중심점법:exact, 거리 30.1km) - 30km 이상 이격, 대표성 낮을 수 있음"
2024,충청북도,음성군,43770,127,충주,30.1,13.81,-3.74,True,25.87,1448.0,1.31,2156.7,2993.7,0.84,-0.35,1.84,12.0,366,,이번 산출물에서 제외(사용자 요청) - 추후 국토지리정보원 자료로 보강 필요,ASOS 일자료 조회서비스 응답 항목에 토양수분 필드 자체가 없어 변수 제외,"최근접 관측소 매칭(중심점법:exact, 거리 30.1km) - 30km 이상 이격, 대표성 낮을 수 있음"
2025,충청북도,음성군,43770,127,충주,30.1,12.94,-7.33,True,25.94,1070.2,1.32,2065.5,2844.2,-0.14,-1.56,1.26,12.0,365,,이번 산출물에서 제외(사용자 요청) - 추후 국토지리정보원 자료로 보강 필요,ASOS 일자료 조회서비스 응답 항목에 토양수분 필드 자체가 없어 변수 제외,"최근접 관측소 매칭(중심점법:exact, 거리 30.1km) - 30km 이상 이격, 대표성 낮을 수 있음"
2016,충청북도,제천시,43150,221,제천,12.02,11.35,-8.14,True,23.78,1107.9,1.44,1695.4,2465.8,-0.17,-1.51,1.13,11.0,366,,이번 산출물에서 제외(사용자 요청) - 추후 국토지리정보원 자료로 보강 필요,ASOS 일자료 조회서비스 응답 항목에 토양수분 필드 자체가 없어 변수 제외,"최근접 관측소 매칭(중심점법:exact, 거리 12.02km)"
2017,충청북도,제천시,43150,221,제천,12.02,10.55,-8.37,True,23.13,1070.7,1.55,1561.1,2297.2,-0.65,-2.01,0.52,12.0,365,,이번 산출물에서 제외(사용자 요청) - 추후 국토지리정보원 자료로 보강 필요,ASOS 일자료 조회서비스 응답 항목에 토양수분 필드 자체가 없어 변수 제외,"최근접 관측소 매칭(중심점법:exact, 거리 12.02km)"
2018,충청북도,제천시,43150,221,제천,12.02,10.52,-10.99,True,24.43,1409.3,1.65,1622.1,2338.4,0.33,-0.68,1.42,12.0,365,,이번 산출물에서 제외(사용자 요청) - 추후 국토지리정보원 자료로 보강 필요,ASOS 일자료 조회서비스 응답 항목에 토양수분 필드 자체가 없어 변수 제외,"최근접 관측소 매칭(중심점법:exact, 거리 12.02km)"
2019,충청북도,제천시,43150,221,제천,12.02,11.18,-9.29,True,23.13,843.0,1.53,1641.8,2351.7,-0.76,-1.98,0.45,12.0,365,,이번 산출물에서 제외(사용자 요청) - 추후 국토지리정보원 자료로 보강 필요,ASOS 일자료 조회서비스 응답 항목에 토양수분 필드 자체가 없어 변수 제외,"최근접 관측소 매칭(중심점법:exact, 거리 12.02km)"
2020,충청북도,제천시,43150,221,제천,12.02,10.97,-5.65,True,23.1,1551.8,1.35,1465.9,2140.8,0.25,-2.21,1.79,12.0,366,,이번 산출물에서 제외(사용자 요청) - 추후 국토지리정보원 자료로 보강 필요,ASOS 일자료 조회서비스 응답 항목에 토양수분 필드 자체가 없어 변수 제외,"최근접 관측소 매칭(중심점법:exact, 거리 12.02km)"
2021,충청북도,제천시,43150,221,제천,12.02,11.22,-8.98,True,23.09,1162.2,1.2,1555.7,2263.8,-0.11,-1.45,1.55,12.0,365,,이번 산출물에서 제외(사용자 요청) - 추후 국토지리정보원 자료로 보강 필요,ASOS 일자료 조회서비스 응답 항목에 토양수분 필드 자체가 없어 변수 제외,"최근접 관측소 매칭(중심점법:exact, 거리 12.02km)"
2022,충청북도,제천시,43150,221,제천,12.02,10.49,-9.63,True,23.2,1476.6,1.23,1539.1,2256.2,-0.01,-1.66,1.25,12.0,365,,이번 산출물에서 제외(사용자 요청) - 추후 국토지리정보원 자료로 보강 필요,ASOS 일자료 조회서비스 응답 항목에 토양수분 필드 자체가 없어 변수 제외,"최근접 관측소 매칭(중심점법:exact, 거리 12.02km)"
2023,충청북도,제천시,43150,221,제천,12.02,11.49,-9.78,True,23.74,1765.7,1.23,1654.7,2410.4,0.33,-2.06,2.07,12.0,365,,이번 산출물에서 제외(사용자 요청) - 추후 국토지리정보원 자료로 보강 필요,ASOS 일자료 조회서비스 응답 항목에 토양수분 필드 자체가 없어 변수 제외,"최근접 관측소 매칭(중심점법:exact, 거리 12.02km)"
2024,충청북도,제천시,43150,221,제천,12.02,12.42,-5.43,True,24.34,1432.8,1.28,1826.5,2637.1,0.73,-0.44,1.89,12.0,366,,이번 산출물에서 제외(사용자 요청) - 추후 국토지리정보원 자료로 보강 필요,ASOS 일자료 조회서비스 응답 항목에 토양수분 필드 자체가 없어 변수 제외,"최근접 관측소 매칭(중심점법:exact, 거리 12.02km)"
2025,충청북도,제천시,43150,221,제천,12.02,11.51,-9.17,True,24.3,1286.1,1.39,1760.9,2505.8,0.04,-0.98,1.52,12.0,365,,이번 산출물에서 제외(사용자 요청) - 추후 국토지리정보원 자료로 보강 필요,ASOS 일자료 조회서비스 응답 항목에 토양수분 필드 자체가 없어 변수 제외,"최근접 관측소 매칭(중심점법:exact, 거리 12.02km)"
2016,충청북도,증평군,43745,131,청주,21.94,13.89,-3.3,True,25.85,938.0,1.54,2168.2,3001.0,-0.36,-1.95,1.12,11.0,366,,이번 산출물에서 제외(사용자 요청) - 추후 국토지리정보원 자료로 보강 필요,ASOS 일자료 조회서비스 응답 항목에 토양수분 필드 자체가 없어 변수 제외,"최근접 관측소 매칭(중심점법:exact, 거리 21.94km)"
2017,충청북도,증평군,43745,131,청주,21.94,13.49,-3.52,True,25.57,1301.2,1.59,2125.8,2922.4,-0.49,-2.24,1.23,12.0,365,,이번 산출물에서 제외(사용자 요청) - 추후 국토지리정보원 자료로 보강 필요,ASOS 일자료 조회서비스 응답 항목에 토양수분 필드 자체가 없어 변수 제외,"최근접 관측소 매칭(중심점법:exact, 거리 21.94km)"
2018,충청북도,증평군,43745,131,청주,21.94,13.6,-5.51,True,26.98,1381.6,1.67,2151.4,2976.4,0.46,-1.01,1.88,12.0,365,,이번 산출물에서 제외(사용자 요청) - 추후 국토지리정보원 자료로 보강 필요,ASOS 일자료 조회서비스 응답 항목에 토양수분 필드 자체가 없어 변수 제외,"최근접 관측소 매칭(중심점법:exact, 거리 21.94km)"
2019,충청북도,증평군,43745,131,청주,21.94,14.25,-3.59,True,25.66,856.7,1.32,2140.8,2960.3,-0.71,-1.6,0.95,12.0,365,,이번 산출물에서 제외(사용자 요청) - 추후 국토지리정보원 자료로 보강 필요,ASOS 일자료 조회서비스 응답 항목에 토양수분 필드 자체가 없어 변수 제외,"최근접 관측소 매칭(중심점법:exact, 거리 21.94km)"
2020,충청북도,증평군,43745,131,청주,21.94,13.98,-0.99,True,25.52,1358.6,1.45,1985.2,2812.1,0.19,-1.8,1.8,12.0,366,,이번 산출물에서 제외(사용자 요청) - 추후 국토지리정보원 자료로 보강 필요,ASOS 일자료 조회서비스 응답 항목에 토양수분 필드 자체가 없어 변수 제외,"최근접 관측소 매칭(중심점법:exact, 거리 21.94km)"
2021,충청북도,증평군,43745,131,청주,21.94,14.4,-3.74,True,26.07,1001.6,1.43,2138.6,3006.6,-0.36,-1.14,0.94,12.0,365,,이번 산출물에서 제외(사용자 요청) - 추후 국토지리정보원 자료로 보강 필요,ASOS 일자료 조회서비스 응답 항목에 토양수분 필드 자체가 없어 변수 제외,"최근접 관측소 매칭(중심점법:exact, 거리 21.94km)"
2022,충청북도,증평군,43745,131,청주,21.94,13.98,-4.06,True,26.11,1236.4,1.39,2190.3,3051.4,-0.3,-1.85,1.52,12.0,365,,이번 산출물에서 제외(사용자 요청) - 추후 국토지리정보원 자료로 보강 필요,ASOS 일자료 조회서비스 응답 항목에 토양수분 필드 자체가 없어 변수 제외,"최근접 관측소 매칭(중심점법:exact, 거리 21.94km)"
2023,충청북도,증평군,43745,131,청주,21.94,14.9,-4.21,True,26.55,1805.6,1.3,2330.6,3204.7,0.43,-1.96,1.73,12.0,365,,이번 산출물에서 제외(사용자 요청) - 추후 국토지리정보원 자료로 보강 필요,ASOS 일자료 조회서비스 응답 항목에 토양수분 필드 자체가 없어 변수 제외,"최근접 관측소 매칭(중심점법:exact, 거리 21.94km)"
2024,충청북도,증평군,43745,131,청주,21.94,15.59,-1.14,True,27.46,1534.9,1.41,2545.4,3412.8,0.87,0.12,1.79,12.0,366,,이번 산출물에서 제외(사용자 요청) - 추후 국토지리정보원 자료로 보강 필요,ASOS 일자료 조회서비스 응답 항목에 토양수분 필드 자체가 없어 변수 제외,"최근접 관측소 매칭(중심점법:exact, 거리 21.94km)"
2025,충청북도,증평군,43745,131,청주,21.94,14.9,-3.33,True,27.54,1378.6,1.4,2407.4,3251.5,0.24,-0.8,1.43,12.0,365,,이번 산출물에서 제외(사용자 요청) - 추후 국토지리정보원 자료로 보강 필요,ASOS 일자료 조회서비스 응답 항목에 토양수분 필드 자체가 없어 변수 제외,"최근접 관측소 매칭(중심점법:exact, 거리 21.94km)"
2016,충청북도,진천군,43750,232,천안,17.86,12.73,-4.43,True,24.45,1004.8,1.52,1862.6,2670.4,-0.17,-1.82,1.05,11.0,366,,이번 산출물에서 제외(사용자 요청) - 추후 국토지리정보원 자료로 보강 필요,ASOS 일자료 조회서비스 응답 항목에 토양수분 필드 자체가 없어 변수 제외,"최근접 관측소 매칭(중심점법:exact, 거리 17.86km)"
2017,충청북도,진천군,43750,232,천안,17.86,11.88,-5.92,True,23.83,1305.0,1.45,1690.6,2452.4,-0.56,-2.51,1.56,12.0,365,,이번 산출물에서 제외(사용자 요청) - 추후 국토지리정보원 자료로 보강 필요,ASOS 일자료 조회서비스 응답 항목에 토양수분 필드 자체가 없어 변수 제외,"최근접 관측소 매칭(중심점법:exact, 거리 17.86km)"
2018,충청북도,진천군,43750,232,천안,17.86,11.91,-8.1,True,25.17,1163.4,1.54,1756.8,2523.4,0.14,-1.07,1.54,12.0,365,,이번 산출물에서 제외(사용자 요청) - 추후 국토지리정보원 자료로 보강 필요,ASOS 일자료 조회서비스 응답 항목에 토양수분 필드 자체가 없어 변수 제외,"최근접 관측소 매칭(중심점법:exact, 거리 17.86km)"
2019,충청북도,진천군,43750,232,천안,17.86,12.11,-6.73,True,23.24,845.6,1.34,1614.6,2360.1,-0.73,-1.61,1.08,12.0,365,,이번 산출물에서 제외(사용자 요청) - 추후 국토지리정보원 자료로 보강 필요,ASOS 일자료 조회서비스 응답 항목에 토양수분 필드 자체가 없어 변수 제외,"최근접 관측소 매칭(중심점법:exact, 거리 17.86km)"
2020,충청북도,진천군,43750,232,천안,17.86,12.25,-3.7,True,23.83,1443.5,1.31,1622.4,2359.0,0.43,-1.6,1.87,12.0,366,,이번 산출물에서 제외(사용자 요청) - 추후 국토지리정보원 자료로 보강 필요,ASOS 일자료 조회서비스 응답 항목에 토양수분 필드 자체가 없어 변수 제외,"최근접 관측소 매칭(중심점법:exact, 거리 17.86km)"
2021,충청북도,진천군,43750,232,천안,17.86,12.59,-6.47,True,24.11,1058.9,1.3,1748.4,2526.6,-0.15,-1.44,1.24,12.0,365,,이번 산출물에서 제외(사용자 요청) - 추후 국토지리정보원 자료로 보강 필요,ASOS 일자료 조회서비스 응답 항목에 토양수분 필드 자체가 없어 변수 제외,"최근접 관측소 매칭(중심점법:exact, 거리 17.86km)"
2022,충청북도,진천군,43750,232,천안,17.86,12.06,-7.06,True,24.36,1080.7,1.23,1770.1,2549.4,-0.35,-1.81,0.88,12.0,365,,이번 산출물에서 제외(사용자 요청) - 추후 국토지리정보원 자료로 보강 필요,ASOS 일자료 조회서비스 응답 항목에 토양수분 필드 자체가 없어 변수 제외,"최근접 관측소 매칭(중심점법:exact, 거리 17.86km)"
2023,충청북도,진천군,43750,232,천안,17.86,13.12,-7.38,True,24.78,1502.5,1.24,1908.4,2731.6,0.14,-1.97,1.47,12.0,365,,이번 산출물에서 제외(사용자 요청) - 추후 국토지리정보원 자료로 보강 필요,ASOS 일자료 조회서비스 응답 항목에 토양수분 필드 자체가 없어 변수 제외,"최근접 관측소 매칭(중심점법:exact, 거리 17.86km)"
2024,충청북도,진천군,43750,232,천안,17.86,13.88,-3.27,True,25.44,1476.9,1.22,2086.3,2921.2,0.89,0.05,1.9,12.0,366,,이번 산출물에서 제외(사용자 요청) - 추후 국토지리정보원 자료로 보강 필요,ASOS 일자료 조회서비스 응답 항목에 토양수분 필드 자체가 없어 변수 제외,"최근접 관측소 매칭(중심점법:exact, 거리 17.86km)"
2025,충청북도,진천군,43750,232,천안,17.86,13.11,-6.28,True,25.29,1458.2,1.22,1983.9,2758.3,0.35,-0.87,1.16,12.0,365,,이번 산출물에서 제외(사용자 요청) - 추후 국토지리정보원 자료로 보강 필요,ASOS 일자료 조회서비스 응답 항목에 토양수분 필드 자체가 없어 변수 제외,"최근접 관측소 매칭(중심점법:exact, 거리 17.86km)"
2016,충청북도,청주시 상당구,43111,131,청주,5.4,13.89,-3.3,True,25.85,938.0,1.54,2168.2,3001.0,-0.36,-1.95,1.12,11.0,366,,이번 산출물에서 제외(사용자 요청) - 추후 국토지리정보원 자료로 보강 필요,ASOS 일자료 조회서비스 응답 항목에 토양수분 필드 자체가 없어 변수 제외,"최근접 관측소 매칭(중심점법:parent_city_polygon, 거리 5.4km)"
2017,충청북도,청주시 상당구,43111,131,청주,5.4,13.49,-3.52,True,25.57,1301.2,1.59,2125.8,2922.4,-0.49,-2.24,1.23,12.0,365,,이번 산출물에서 제외(사용자 요청) - 추후 국토지리정보원 자료로 보강 필요,ASOS 일자료 조회서비스 응답 항목에 토양수분 필드 자체가 없어 변수 제외,"최근접 관측소 매칭(중심점법:parent_city_polygon, 거리 5.4km)"
2018,충청북도,청주시 상당구,43111,131,청주,5.4,13.6,-5.51,True,26.98,1381.6,1.67,2151.4,2976.4,0.46,-1.01,1.88,12.0,365,,이번 산출물에서 제외(사용자 요청) - 추후 국토지리정보원 자료로 보강 필요,ASOS 일자료 조회서비스 응답 항목에 토양수분 필드 자체가 없어 변수 제외,"최근접 관측소 매칭(중심점법:parent_city_polygon, 거리 5.4km)"
2019,충청북도,청주시 상당구,43111,131,청주,5.4,14.25,-3.59,True,25.66,856.7,1.32,2140.8,2960.3,-0.71,-1.6,0.95,12.0,365,,이번 산출물에서 제외(사용자 요청) - 추후 국토지리정보원 자료로 보강 필요,ASOS 일자료 조회서비스 응답 항목에 토양수분 필드 자체가 없어 변수 제외,"최근접 관측소 매칭(중심점법:parent_city_polygon, 거리 5.4km)"
2020,충청북도,청주시 상당구,43111,131,청주,5.4,13.98,-0.99,True,25.52,1358.6,1.45,1985.2,2812.1,0.19,-1.8,1.8,12.0,366,,이번 산출물에서 제외(사용자 요청) - 추후 국토지리정보원 자료로 보강 필요,ASOS 일자료 조회서비스 응답 항목에 토양수분 필드 자체가 없어 변수 제외,"최근접 관측소 매칭(중심점법:parent_city_polygon, 거리 5.4km)"
2021,충청북도,청주시 상당구,43111,131,청주,5.4,14.4,-3.74,True,26.07,1001.6,1.43,2138.6,3006.6,-0.36,-1.14,0.94,12.0,365,,이번 산출물에서 제외(사용자 요청) - 추후 국토지리정보원 자료로 보강 필요,ASOS 일자료 조회서비스 응답 항목에 토양수분 필드 자체가 없어 변수 제외,"최근접 관측소 매칭(중심점법:parent_city_polygon, 거리 5.4km)"
2022,충청북도,청주시 상당구,43111,131,청주,5.4,13.98,-4.06,True,26.11,1236.4,1.39,2190.3,3051.4,-0.3,-1.85,1.52,12.0,365,,이번 산출물에서 제외(사용자 요청) - 추후 국토지리정보원 자료로 보강 필요,ASOS 일자료 조회서비스 응답 항목에 토양수분 필드 자체가 없어 변수 제외,"최근접 관측소 매칭(중심점법:parent_city_polygon, 거리 5.4km)"
2023,충청북도,청주시 상당구,43111,131,청주,5.4,14.9,-4.21,True,26.55,1805.6,1.3,2330.6,3204.7,0.43,-1.96,1.73,12.0,365,,이번 산출물에서 제외(사용자 요청) - 추후 국토지리정보원 자료로 보강 필요,ASOS 일자료 조회서비스 응답 항목에 토양수분 필드 자체가 없어 변수 제외,"최근접 관측소 매칭(중심점법:parent_city_polygon, 거리 5.4km)"
2024,충청북도,청주시 상당구,43111,131,청주,5.4,15.59,-1.14,True,27.46,1534.9,1.41,2545.4,3412.8,0.87,0.12,1.79,12.0,366,,이번 산출물에서 제외(사용자 요청) - 추후 국토지리정보원 자료로 보강 필요,ASOS 일자료 조회서비스 응답 항목에 토양수분 필드 자체가 없어 변수 제외,"최근접 관측소 매칭(중심점법:parent_city_polygon, 거리 5.4km)"
2025,충청북도,청주시 상당구,43111,131,청주,5.4,14.9,-3.33,True,27.54,1378.6,1.4,2407.4,3251.5,0.24,-0.8,1.43,12.0,365,,이번 산출물에서 제외(사용자 요청) - 추후 국토지리정보원 자료로 보강 필요,ASOS 일자료 조회서비스 응답 항목에 토양수분 필드 자체가 없어 변수 제외,"최근접 관측소 매칭(중심점법:parent_city_polygon, 거리 5.4km)"
2016,충청북도,청주시 서원구,43112,131,청주,5.4,13.89,-3.3,True,25.85,938.0,1.54,2168.2,3001.0,-0.36,-1.95,1.12,11.0,366,,이번 산출물에서 제외(사용자 요청) - 추후 국토지리정보원 자료로 보강 필요,ASOS 일자료 조회서비스 응답 항목에 토양수분 필드 자체가 없어 변수 제외,"최근접 관측소 매칭(중심점법:parent_city_polygon, 거리 5.4km)"
2017,충청북도,청주시 서원구,43112,131,청주,5.4,13.49,-3.52,True,25.57,1301.2,1.59,2125.8,2922.4,-0.49,-2.24,1.23,12.0,365,,이번 산출물에서 제외(사용자 요청) - 추후 국토지리정보원 자료로 보강 필요,ASOS 일자료 조회서비스 응답 항목에 토양수분 필드 자체가 없어 변수 제외,"최근접 관측소 매칭(중심점법:parent_city_polygon, 거리 5.4km)"
2018,충청북도,청주시 서원구,43112,131,청주,5.4,13.6,-5.51,True,26.98,1381.6,1.67,2151.4,2976.4,0.46,-1.01,1.88,12.0,365,,이번 산출물에서 제외(사용자 요청) - 추후 국토지리정보원 자료로 보강 필요,ASOS 일자료 조회서비스 응답 항목에 토양수분 필드 자체가 없어 변수 제외,"최근접 관측소 매칭(중심점법:parent_city_polygon, 거리 5.4km)"
2019,충청북도,청주시 서원구,43112,131,청주,5.4,14.25,-3.59,True,25.66,856.7,1.32,2140.8,2960.3,-0.71,-1.6,0.95,12.0,365,,이번 산출물에서 제외(사용자 요청) - 추후 국토지리정보원 자료로 보강 필요,ASOS 일자료 조회서비스 응답 항목에 토양수분 필드 자체가 없어 변수 제외,"최근접 관측소 매칭(중심점법:parent_city_polygon, 거리 5.4km)"
2020,충청북도,청주시 서원구,43112,131,청주,5.4,13.98,-0.99,True,25.52,1358.6,1.45,1985.2,2812.1,0.19,-1.8,1.8,12.0,366,,이번 산출물에서 제외(사용자 요청) - 추후 국토지리정보원 자료로 보강 필요,ASOS 일자료 조회서비스 응답 항목에 토양수분 필드 자체가 없어 변수 제외,"최근접 관측소 매칭(중심점법:parent_city_polygon, 거리 5.4km)"
2021,충청북도,청주시 서원구,43112,131,청주,5.4,14.4,-3.74,True,26.07,1001.6,1.43,2138.6,3006.6,-0.36,-1.14,0.94,12.0,365,,이번 산출물에서 제외(사용자 요청) - 추후 국토지리정보원 자료로 보강 필요,ASOS 일자료 조회서비스 응답 항목에 토양수분 필드 자체가 없어 변수 제외,"최근접 관측소 매칭(중심점법:parent_city_polygon, 거리 5.4km)"
2022,충청북도,청주시 서원구,43112,131,청주,5.4,13.98,-4.06,True,26.11,1236.4,1.39,2190.3,3051.4,-0.3,-1.85,1.52,12.0,365,,이번 산출물에서 제외(사용자 요청) - 추후 국토지리정보원 자료로 보강 필요,ASOS 일자료 조회서비스 응답 항목에 토양수분 필드 자체가 없어 변수 제외,"최근접 관측소 매칭(중심점법:parent_city_polygon, 거리 5.4km)"
2023,충청북도,청주시 서원구,43112,131,청주,5.4,14.9,-4.21,True,26.55,1805.6,1.3,2330.6,3204.7,0.43,-1.96,1.73,12.0,365,,이번 산출물에서 제외(사용자 요청) - 추후 국토지리정보원 자료로 보강 필요,ASOS 일자료 조회서비스 응답 항목에 토양수분 필드 자체가 없어 변수 제외,"최근접 관측소 매칭(중심점법:parent_city_polygon, 거리 5.4km)"
2024,충청북도,청주시 서원구,43112,131,청주,5.4,15.59,-1.14,True,27.46,1534.9,1.41,2545.4,3412.8,0.87,0.12,1.79,12.0,366,,이번 산출물에서 제외(사용자 요청) - 추후 국토지리정보원 자료로 보강 필요,ASOS 일자료 조회서비스 응답 항목에 토양수분 필드 자체가 없어 변수 제외,"최근접 관측소 매칭(중심점법:parent_city_polygon, 거리 5.4km)"
2025,충청북도,청주시 서원구,43112,131,청주,5.4,14.9,-3.33,True,27.54,1378.6,1.4,2407.4,3251.5,0.24,-0.8,1.43,12.0,365,,이번 산출물에서 제외(사용자 요청) - 추후 국토지리정보원 자료로 보강 필요,ASOS 일자료 조회서비스 응답 항목에 토양수분 필드 자체가 없어 변수 제외,"최근접 관측소 매칭(중심점법:parent_city_polygon, 거리 5.4km)"
2016,충청북도,청주시 청원구,43114,131,청주,5.4,13.89,-3.3,True,25.85,938.0,1.54,2168.2,3001.0,-0.36,-1.95,1.12,11.0,366,,이번 산출물에서 제외(사용자 요청) - 추후 국토지리정보원 자료로 보강 필요,ASOS 일자료 조회서비스 응답 항목에 토양수분 필드 자체가 없어 변수 제외,"최근접 관측소 매칭(중심점법:parent_city_polygon, 거리 5.4km)"
2017,충청북도,청주시 청원구,43114,131,청주,5.4,13.49,-3.52,True,25.57,1301.2,1.59,2125.8,2922.4,-0.49,-2.24,1.23,12.0,365,,이번 산출물에서 제외(사용자 요청) - 추후 국토지리정보원 자료로 보강 필요,ASOS 일자료 조회서비스 응답 항목에 토양수분 필드 자체가 없어 변수 제외,"최근접 관측소 매칭(중심점법:parent_city_polygon, 거리 5.4km)"
2018,충청북도,청주시 청원구,43114,131,청주,5.4,13.6,-5.51,True,26.98,1381.6,1.67,2151.4,2976.4,0.46,-1.01,1.88,12.0,365,,이번 산출물에서 제외(사용자 요청) - 추후 국토지리정보원 자료로 보강 필요,ASOS 일자료 조회서비스 응답 항목에 토양수분 필드 자체가 없어 변수 제외,"최근접 관측소 매칭(중심점법:parent_city_polygon, 거리 5.4km)"
2019,충청북도,청주시 청원구,43114,131,청주,5.4,14.25,-3.59,True,25.66,856.7,1.32,2140.8,2960.3,-0.71,-1.6,0.95,12.0,365,,이번 산출물에서 제외(사용자 요청) - 추후 국토지리정보원 자료로 보강 필요,ASOS 일자료 조회서비스 응답 항목에 토양수분 필드 자체가 없어 변수 제외,"최근접 관측소 매칭(중심점법:parent_city_polygon, 거리 5.4km)"
2020,충청북도,청주시 청원구,43114,131,청주,5.4,13.98,-0.99,True,25.52,1358.6,1.45,1985.2,2812.1,0.19,-1.8,1.8,12.0,366,,이번 산출물에서 제외(사용자 요청) - 추후 국토지리정보원 자료로 보강 필요,ASOS 일자료 조회서비스 응답 항목에 토양수분 필드 자체가 없어 변수 제외,"최근접 관측소 매칭(중심점법:parent_city_polygon, 거리 5.4km)"
2021,충청북도,청주시 청원구,43114,131,청주,5.4,14.4,-3.74,True,26.07,1001.6,1.43,2138.6,3006.6,-0.36,-1.14,0.94,12.0,365,,이번 산출물에서 제외(사용자 요청) - 추후 국토지리정보원 자료로 보강 필요,ASOS 일자료 조회서비스 응답 항목에 토양수분 필드 자체가 없어 변수 제외,"최근접 관측소 매칭(중심점법:parent_city_polygon, 거리 5.4km)"
2022,충청북도,청주시 청원구,43114,131,청주,5.4,13.98,-4.06,True,26.11,1236.4,1.39,2190.3,3051.4,-0.3,-1.85,1.52,12.0,365,,이번 산출물에서 제외(사용자 요청) - 추후 국토지리정보원 자료로 보강 필요,ASOS 일자료 조회서비스 응답 항목에 토양수분 필드 자체가 없어 변수 제외,"최근접 관측소 매칭(중심점법:parent_city_polygon, 거리 5.4km)"
2023,충청북도,청주시 청원구,43114,131,청주,5.4,14.9,-4.21,True,26.55,1805.6,1.3,2330.6,3204.7,0.43,-1.96,1.73,12.0,365,,이번 산출물에서 제외(사용자 요청) - 추후 국토지리정보원 자료로 보강 필요,ASOS 일자료 조회서비스 응답 항목에 토양수분 필드 자체가 없어 변수 제외,"최근접 관측소 매칭(중심점법:parent_city_polygon, 거리 5.4km)"
2024,충청북도,청주시 청원구,43114,131,청주,5.4,15.59,-1.14,True,27.46,1534.9,1.41,2545.4,3412.8,0.87,0.12,1.79,12.0,366,,이번 산출물에서 제외(사용자 요청) - 추후 국토지리정보원 자료로 보강 필요,ASOS 일자료 조회서비스 응답 항목에 토양수분 필드 자체가 없어 변수 제외,"최근접 관측소 매칭(중심점법:parent_city_polygon, 거리 5.4km)"
2025,충청북도,청주시 청원구,43114,131,청주,5.4,14.9,-3.33,True,27.54,1378.6,1.4,2407.4,3251.5,0.24,-0.8,1.43,12.0,365,,이번 산출물에서 제외(사용자 요청) - 추후 국토지리정보원 자료로 보강 필요,ASOS 일자료 조회서비스 응답 항목에 토양수분 필드 자체가 없어 변수 제외,"최근접 관측소 매칭(중심점법:parent_city_polygon, 거리 5.4km)"
2016,충청북도,청주시 흥덕구,43113,131,청주,5.4,13.89,-3.3,True,25.85,938.0,1.54,2168.2,3001.0,-0.36,-1.95,1.12,11.0,366,,이번 산출물에서 제외(사용자 요청) - 추후 국토지리정보원 자료로 보강 필요,ASOS 일자료 조회서비스 응답 항목에 토양수분 필드 자체가 없어 변수 제외,"최근접 관측소 매칭(중심점법:parent_city_polygon, 거리 5.4km)"
2017,충청북도,청주시 흥덕구,43113,131,청주,5.4,13.49,-3.52,True,25.57,1301.2,1.59,2125.8,2922.4,-0.49,-2.24,1.23,12.0,365,,이번 산출물에서 제외(사용자 요청) - 추후 국토지리정보원 자료로 보강 필요,ASOS 일자료 조회서비스 응답 항목에 토양수분 필드 자체가 없어 변수 제외,"최근접 관측소 매칭(중심점법:parent_city_polygon, 거리 5.4km)"
2018,충청북도,청주시 흥덕구,43113,131,청주,5.4,13.6,-5.51,True,26.98,1381.6,1.67,2151.4,2976.4,0.46,-1.01,1.88,12.0,365,,이번 산출물에서 제외(사용자 요청) - 추후 국토지리정보원 자료로 보강 필요,ASOS 일자료 조회서비스 응답 항목에 토양수분 필드 자체가 없어 변수 제외,"최근접 관측소 매칭(중심점법:parent_city_polygon, 거리 5.4km)"
2019,충청북도,청주시 흥덕구,43113,131,청주,5.4,14.25,-3.59,True,25.66,856.7,1.32,2140.8,2960.3,-0.71,-1.6,0.95,12.0,365,,이번 산출물에서 제외(사용자 요청) - 추후 국토지리정보원 자료로 보강 필요,ASOS 일자료 조회서비스 응답 항목에 토양수분 필드 자체가 없어 변수 제외,"최근접 관측소 매칭(중심점법:parent_city_polygon, 거리 5.4km)"
2020,충청북도,청주시 흥덕구,43113,131,청주,5.4,13.98,-0.99,True,25.52,1358.6,1.45,1985.2,2812.1,0.19,-1.8,1.8,12.0,366,,이번 산출물에서 제외(사용자 요청) - 추후 국토지리정보원 자료로 보강 필요,ASOS 일자료 조회서비스 응답 항목에 토양수분 필드 자체가 없어 변수 제외,"최근접 관측소 매칭(중심점법:parent_city_polygon, 거리 5.4km)"
2021,충청북도,청주시 흥덕구,43113,131,청주,5.4,14.4,-3.74,True,26.07,1001.6,1.43,2138.6,3006.6,-0.36,-1.14,0.94,12.0,365,,이번 산출물에서 제외(사용자 요청) - 추후 국토지리정보원 자료로 보강 필요,ASOS 일자료 조회서비스 응답 항목에 토양수분 필드 자체가 없어 변수 제외,"최근접 관측소 매칭(중심점법:parent_city_polygon, 거리 5.4km)"
2022,충청북도,청주시 흥덕구,43113,131,청주,5.4,13.98,-4.06,True,26.11,1236.4,1.39,2190.3,3051.4,-0.3,-1.85,1.52,12.0,365,,이번 산출물에서 제외(사용자 요청) - 추후 국토지리정보원 자료로 보강 필요,ASOS 일자료 조회서비스 응답 항목에 토양수분 필드 자체가 없어 변수 제외,"최근접 관측소 매칭(중심점법:parent_city_polygon, 거리 5.4km)"
2023,충청북도,청주시 흥덕구,43113,131,청주,5.4,14.9,-4.21,True,26.55,1805.6,1.3,2330.6,3204.7,0.43,-1.96,1.73,12.0,365,,이번 산출물에서 제외(사용자 요청) - 추후 국토지리정보원 자료로 보강 필요,ASOS 일자료 조회서비스 응답 항목에 토양수분 필드 자체가 없어 변수 제외,"최근접 관측소 매칭(중심점법:parent_city_polygon, 거리 5.4km)"
2024,충청북도,청주시 흥덕구,43113,131,청주,5.4,15.59,-1.14,True,27.46,1534.9,1.41,2545.4,3412.8,0.87,0.12,1.79,12.0,366,,이번 산출물에서 제외(사용자 요청) - 추후 국토지리정보원 자료로 보강 필요,ASOS 일자료 조회서비스 응답 항목에 토양수분 필드 자체가 없어 변수 제외,"최근접 관측소 매칭(중심점법:parent_city_polygon, 거리 5.4km)"
2025,충청북도,청주시 흥덕구,43113,131,청주,5.4,14.9,-3.33,True,27.54,1378.6,1.4,2407.4,3251.5,0.24,-0.8,1.43,12.0,365,,이번 산출물에서 제외(사용자 요청) - 추후 국토지리정보원 자료로 보강 필요,ASOS 일자료 조회서비스 응답 항목에 토양수분 필드 자체가 없어 변수 제외,"최근접 관측소 매칭(중심점법:parent_city_polygon, 거리 5.4km)"
2016,충청북도,충주시,43130,127,충주,7.08,12.92,-5.74,True,25.28,917.1,1.45,2010.1,2820.5,-0.53,-2.08,0.49,11.0,366,,이번 산출물에서 제외(사용자 요청) - 추후 국토지리정보원 자료로 보강 필요,ASOS 일자료 조회서비스 응답 항목에 토양수분 필드 자체가 없어 변수 제외,"최근접 관측소 매칭(중심점법:exact, 거리 7.08km)"
2017,충청북도,충주시,43130,127,충주,7.08,12.1,-6.23,True,24.63,1072.9,1.46,1841.6,2614.4,-0.55,-2.25,0.46,12.0,365,,이번 산출물에서 제외(사용자 요청) - 추후 국토지리정보원 자료로 보강 필요,ASOS 일자료 조회서비스 응답 항목에 토양수분 필드 자체가 없어 변수 제외,"최근접 관측소 매칭(중심점법:exact, 거리 7.08km)"
2018,충청북도,충주시,43130,127,충주,7.08,12.04,-8.76,True,25.9,1349.1,1.52,1896.6,2667.2,0.41,-0.96,1.77,12.0,365,,이번 산출물에서 제외(사용자 요청) - 추후 국토지리정보원 자료로 보강 필요,ASOS 일자료 조회서비스 응답 항목에 토양수분 필드 자체가 없어 변수 제외,"최근접 관측소 매칭(중심점법:exact, 거리 7.08km)"
2019,충청북도,충주시,43130,127,충주,7.08,12.36,-6.98,True,24.26,795.5,1.32,1795.0,2546.5,-0.82,-2.04,0.41,12.0,365,,이번 산출물에서 제외(사용자 요청) - 추후 국토지리정보원 자료로 보강 필요,ASOS 일자료 조회서비스 응답 항목에 토양수분 필드 자체가 없어 변수 제외,"최근접 관측소 매칭(중심점법:exact, 거리 7.08km)"
2020,충청북도,충주시,43130,127,충주,7.08,12.13,-3.99,True,24.21,1446.5,1.4,1677.0,2413.8,0.28,-1.92,1.51,12.0,366,,이번 산출물에서 제외(사용자 요청) - 추후 국토지리정보원 자료로 보강 필요,ASOS 일자료 조회서비스 응답 항목에 토양수분 필드 자체가 없어 변수 제외,"최근접 관측소 매칭(중심점법:exact, 거리 7.08km)"
2021,충청북도,충주시,43130,127,충주,7.08,12.48,-7.5,True,24.34,1365.5,1.4,1779.9,2559.7,0.21,-1.05,1.4,12.0,365,,이번 산출물에서 제외(사용자 요청) - 추후 국토지리정보원 자료로 보강 필요,ASOS 일자료 조회서비스 응답 항목에 토양수분 필드 자체가 없어 변수 제외,"최근접 관측소 매칭(중심점법:exact, 거리 7.08km)"
2022,충청북도,충주시,43130,127,충주,7.08,11.91,-7.76,True,24.63,1464.2,1.2,1800.4,2571.3,0.02,-1.81,1.24,12.0,365,,이번 산출물에서 제외(사용자 요청) - 추후 국토지리정보원 자료로 보강 필요,ASOS 일자료 조회서비스 응답 항목에 토양수분 필드 자체가 없어 변수 제외,"최근접 관측소 매칭(중심점법:exact, 거리 7.08km)"
2023,충청북도,충주시,43130,127,충주,7.08,12.95,-7.88,True,25.08,1661.6,1.22,1937.4,2755.3,0.23,-2.34,1.74,12.0,365,,이번 산출물에서 제외(사용자 요청) - 추후 국토지리정보원 자료로 보강 필요,ASOS 일자료 조회서비스 응답 항목에 토양수분 필드 자체가 없어 변수 제외,"최근접 관측소 매칭(중심점법:exact, 거리 7.08km)"
2024,충청북도,충주시,43130,127,충주,7.08,13.81,-3.74,True,25.87,1448.0,1.31,2156.7,2993.7,0.84,-0.35,1.84,12.0,366,,이번 산출물에서 제외(사용자 요청) - 추후 국토지리정보원 자료로 보강 필요,ASOS 일자료 조회서비스 응답 항목에 토양수분 필드 자체가 없어 변수 제외,"최근접 관측소 매칭(중심점법:exact, 거리 7.08km)"
2025,충청북도,충주시,43130,127,충주,7.08,12.94,-7.33,True,25.94,1070.2,1.32,2065.5,2844.2,-0.14,-1.56,1.26,12.0,365,,이번 산출물에서 제외(사용자 요청) - 추후 국토지리정보원 자료로 보강 필요,ASOS 일자료 조회서비스 응답 항목에 토양수분 필드 자체가 없어 변수 제외,"최근접 관측소 매칭(중심점법:exact, 거리 7.08km)"
