연도,시도,시군구,피해본수_당해연도,전년도_피해본수,행정구역면적_ha,피해밀도_본per ha,최근3년_피해증가율(%),연속발생연수,인접시군_피해밀도_본per ha,인접시군_산정방식,소나무류_면적_ha,산림면적_ha,소나무류_면적비율(%),소나무류_결측,최근감염목과의_거리_km,집단발생여부,데이터유형
2016,강원도,강릉시,0,0,104052.9,0.0,,0,0.0021,SGIS실제인접,30318.8,92258.0,32.86,False,242.11,0,추정(시군구 평균비중 x 국가총량)
2017,강원도,강릉시,0,0,104052.9,0.0,,0,0.0002,SGIS실제인접,30318.8,92258.0,32.86,False,517.1,0,실측(원자료 기반)
2018,강원도,강릉시,0,0,104052.9,0.0,,0,0.0003,SGIS실제인접,30318.8,92258.0,32.86,False,517.1,0,실측(원자료 기반)
2019,강원도,강릉시,0,0,104052.9,0.0,,0,0.0005,SGIS실제인접,30318.8,92258.0,32.86,False,242.11,0,실측(원자료 기반)
2020,강원도,강릉시,0,0,104052.9,0.0,,0,0.0014,SGIS실제인접,30318.8,92258.0,32.86,False,242.11,0,실측(원자료 기반)
2021,강원도,강릉시,0,0,104052.9,0.0,,0,0.0005,SGIS실제인접,30318.8,92258.0,32.86,False,125.35,0,실측(원자료 기반)
2022,강원도,강릉시,0,0,104052.9,0.0,,0,0.0006,centroid근접(대체),30318.8,92258.0,32.86,False,245.3,0,실측(원자료 기반)
2023,강원도,강릉시,0,0,104052.9,0.0,,0,0.0016,SGIS실제인접,30318.8,92258.0,32.86,False,242.11,0,추정(시군구 평균비중 x 국가총량)
2024,강원도,강릉시,0,0,104052.9,0.0,,0,0.0013,SGIS실제인접,30318.8,92258.0,32.86,False,242.11,0,추정(시군구 평균비중 x 국가총량)
2025,강원도,강릉시,0,0,104052.9,0.0,,0,0.0022,SGIS실제인접,30318.8,92258.0,32.86,False,242.11,0,추정(시군구 평균비중 x 국가총량)
2016,강원도,고성군,0,0,66115.5,0.0,,0,0.0,SGIS실제인접,5329.0,20489.8,26.01,False,321.87,0,추정(시군구 평균비중 x 국가총량)
2017,강원도,고성군,0,0,66115.5,0.0,,0,0.0,SGIS실제인접,5329.0,20489.8,26.01,False,572.68,0,실측(원자료 기반)
2018,강원도,고성군,0,0,66115.5,0.0,,0,0.0,SGIS실제인접,5329.0,20489.8,26.01,False,572.68,0,실측(원자료 기반)
2019,강원도,고성군,0,0,66115.5,0.0,,0,0.0,SGIS실제인접,5329.0,20489.8,26.01,False,321.87,0,실측(원자료 기반)
2020,강원도,고성군,0,0,66115.5,0.0,,0,0.0,SGIS실제인접,5329.0,20489.8,26.01,False,321.87,0,실측(원자료 기반)
2021,강원도,고성군,0,0,66115.5,0.0,,0,0.0,SGIS실제인접,5329.0,20489.8,26.01,False,202.2,0,실측(원자료 기반)
2022,강원도,고성군,0,0,66115.5,0.0,,0,0.0,centroid근접(대체),5329.0,20489.8,26.01,False,321.26,0,실측(원자료 기반)
2023,강원도,고성군,0,0,66115.5,0.0,,0,0.0,SGIS실제인접,5329.0,20489.8,26.01,False,321.87,0,추정(시군구 평균비중 x 국가총량)
2024,강원도,고성군,0,0,66115.5,0.0,,0,0.0,SGIS실제인접,5329.0,20489.8,26.01,False,321.87,0,추정(시군구 평균비중 x 국가총량)
2025,강원도,고성군,0,0,66115.5,0.0,,0,0.0,SGIS실제인접,5329.0,20489.8,26.01,False,321.87,0,추정(시군구 평균비중 x 국가총량)
2016,강원도,동해시,19,27,18124.6,0.001,,1,0.0003,SGIS실제인접,5138.8,16218.8,31.68,False,217.89,0,추정(시군구 평균비중 x 국가총량)
2017,강원도,동해시,0,19,18124.6,0.0,,0,0.0001,SGIS실제인접,5138.8,16218.8,31.68,False,505.61,0,실측(원자료 기반)
2018,강원도,동해시,0,0,18124.6,0.0,,0,0.0001,SGIS실제인접,5138.8,16218.8,31.68,False,505.61,0,실측(원자료 기반)
2019,강원도,동해시,0,0,18124.6,0.0,-100.0,0,0.0002,SGIS실제인접,5138.8,16218.8,31.68,False,217.89,0,실측(원자료 기반)
2020,강원도,동해시,0,0,18124.6,0.0,,0,0.0001,SGIS실제인접,5138.8,16218.8,31.68,False,217.89,0,실측(원자료 기반)
2021,강원도,동해시,0,0,18124.6,0.0,,0,0.0,SGIS실제인접,5138.8,16218.8,31.68,False,105.7,0,실측(원자료 기반)
2022,강원도,동해시,30,0,18124.6,0.0017,,1,0.0,centroid근접(대체),5138.8,16218.8,31.68,False,224.1,0,실측(원자료 기반)
2023,강원도,동해시,14,30,18124.6,0.0008,-52.7,2,0.0002,SGIS실제인접,5138.8,16218.8,31.68,False,217.89,0,추정(시군구 평균비중 x 국가총량)
2024,강원도,동해시,12,14,18124.6,0.0007,-34.18,3,0.0002,SGIS실제인접,5138.8,16218.8,31.68,False,217.89,0,추정(시군구 평균비중 x 국가총량)
2025,강원도,동해시,20,12,18124.6,0.0011,-1.01,4,0.0003,SGIS실제인접,5138.8,16218.8,31.68,False,217.89,0,추정(시군구 평균비중 x 국가총량)
2016,강원도,삼척시,1,1,118815.0,0.0,,1,0.0004,SGIS실제인접,42891.0,115497.5,37.14,False,192.2,0,추정(시군구 평균비중 x 국가총량)
2017,강원도,삼척시,0,1,118815.0,0.0,,0,0.0001,SGIS실제인접,42891.0,115497.5,37.14,False,486.11,0,실측(원자료 기반)
2018,강원도,삼척시,0,0,118815.0,0.0,,0,0.0001,SGIS실제인접,42891.0,115497.5,37.14,False,486.11,0,실측(원자료 기반)
2019,강원도,삼척시,0,0,118815.0,0.0,-100.0,0,0.0001,SGIS실제인접,42891.0,115497.5,37.14,False,192.2,0,실측(원자료 기반)
2020,강원도,삼척시,0,0,118815.0,0.0,,0,0.0001,SGIS실제인접,42891.0,115497.5,37.14,False,192.2,0,실측(원자료 기반)
2021,강원도,삼척시,1,0,118815.0,0.0,,1,0.0,SGIS실제인접,42891.0,115497.5,37.14,False,83.15,0,실측(원자료 기반)
2022,강원도,삼척시,0,1,118815.0,0.0,-100.0,0,0.0006,centroid근접(대체),42891.0,115497.5,37.14,False,199.61,0,실측(원자료 기반)
2023,강원도,삼척시,1,0,118815.0,0.0,-100.0,1,0.0003,SGIS실제인접,42891.0,115497.5,37.14,False,192.2,0,추정(시군구 평균비중 x 국가총량)
2024,강원도,삼척시,0,1,118815.0,0.0,-57.83,2,0.0002,SGIS실제인접,42891.0,115497.5,37.14,False,192.2,0,추정(시군구 평균비중 x 국가총량)
2025,강원도,삼척시,1,0,118815.0,0.0,24.83,3,0.0004,SGIS실제인접,42891.0,115497.5,37.14,False,192.2,0,추정(시군구 평균비중 x 국가총량)
2016,강원도,속초시,0,0,10583.8,0.0,,0,0.0,SGIS실제인접,2171.2,9132.8,23.77,False,297.83,0,추정(시군구 평균비중 x 국가총량)
2017,강원도,속초시,0,0,10583.8,0.0,,0,0.0,SGIS실제인접,2171.2,9132.8,23.77,False,554.87,0,실측(원자료 기반)
2018,강원도,속초시,0,0,10583.8,0.0,,0,0.0,SGIS실제인접,2171.2,9132.8,23.77,False,554.87,0,실측(원자료 기반)
2019,강원도,속초시,0,0,10583.8,0.0,,0,0.0,SGIS실제인접,2171.2,9132.8,23.77,False,297.83,0,실측(원자료 기반)
2020,강원도,속초시,0,0,10583.8,0.0,,0,0.0,SGIS실제인접,2171.2,9132.8,23.77,False,297.83,0,실측(원자료 기반)
2021,강원도,속초시,0,0,10583.8,0.0,,0,0.0,SGIS실제인접,2171.2,9132.8,23.77,False,178.56,0,실측(원자료 기반)
2022,강원도,속초시,0,0,10583.8,0.0,,0,0.0,centroid근접(대체),2171.2,9132.8,23.77,False,298.04,0,실측(원자료 기반)
2023,강원도,속초시,0,0,10583.8,0.0,,0,0.0,SGIS실제인접,2171.2,9132.8,23.77,False,297.83,0,추정(시군구 평균비중 x 국가총량)
2024,강원도,속초시,0,0,10583.8,0.0,,0,0.0,SGIS실제인접,2171.2,9132.8,23.77,False,297.83,0,추정(시군구 평균비중 x 국가총량)
2025,강원도,속초시,0,0,10583.8,0.0,,0,0.0,SGIS실제인접,2171.2,9132.8,23.77,False,297.83,0,추정(시군구 평균비중 x 국가총량)
2016,강원도,양구군,0,0,66076.2,0.0,,0,0.0381,SGIS실제인접,9409.6,30475.1,30.88,False,310.58,0,추정(시군구 평균비중 x 국가총량)
2017,강원도,양구군,0,0,66076.2,0.0,,0,0.0033,SGIS실제인접,9409.6,30475.1,30.88,False,541.72,0,실측(원자료 기반)
2018,강원도,양구군,0,0,66076.2,0.0,,0,0.0015,SGIS실제인접,9409.6,30475.1,30.88,False,541.72,0,실측(원자료 기반)
2019,강원도,양구군,0,0,66076.2,0.0,,0,0.0032,SGIS실제인접,9409.6,30475.1,30.88,False,310.58,0,실측(원자료 기반)
2020,강원도,양구군,0,0,66076.2,0.0,,0,0.0262,SGIS실제인접,9409.6,30475.1,30.88,False,310.58,0,실측(원자료 기반)
2021,강원도,양구군,0,0,66076.2,0.0,,0,0.0138,SGIS실제인접,9409.6,30475.1,30.88,False,190.21,0,실측(원자료 기반)
2022,강원도,양구군,0,0,66076.2,0.0,,0,0.0203,centroid근접(대체),9409.6,30475.1,30.88,False,305.46,0,실측(원자료 기반)
2023,강원도,양구군,0,0,66076.2,0.0,,0,0.0288,SGIS실제인접,9409.6,30475.1,30.88,False,310.58,0,추정(시군구 평균비중 x 국가총량)
2024,강원도,양구군,0,0,66076.2,0.0,,0,0.0243,SGIS실제인접,9409.6,30475.1,30.88,False,310.58,0,추정(시군구 평균비중 x 국가총량)
2025,강원도,양구군,0,0,66076.2,0.0,,0,0.0401,SGIS실제인접,9409.6,30475.1,30.88,False,310.58,0,추정(시군구 평균비중 x 국가총량)
2016,강원도,양양군,0,0,63086.1,0.0,,1,0.0022,SGIS실제인접,16202.1,58673.1,27.61,False,277.86,0,추정(시군구 평균비중 x 국가총량)
2017,강원도,양양군,1,0,63086.1,0.0,,2,0.0002,SGIS실제인접,16202.1,58673.1,27.61,False,539.3,0,실측(원자료 기반)
2018,강원도,양양군,0,1,63086.1,0.0,,0,0.0003,SGIS실제인접,16202.1,58673.1,27.61,False,539.3,0,실측(원자료 기반)
2019,강원도,양양군,0,0,63086.1,0.0,110.3,0,0.0005,SGIS실제인접,16202.1,58673.1,27.61,False,277.86,0,실측(원자료 기반)
2020,강원도,양양군,0,0,63086.1,0.0,-100.0,0,0.0016,SGIS실제인접,16202.1,58673.1,27.61,False,277.86,0,실측(원자료 기반)
2021,강원도,양양군,0,0,63086.1,0.0,,0,0.0006,SGIS실제인접,16202.1,58673.1,27.61,False,158.88,0,실측(원자료 기반)
2022,강원도,양양군,0,0,63086.1,0.0,,0,0.0,centroid근접(대체),16202.1,58673.1,27.61,False,278.58,0,실측(원자료 기반)
2023,강원도,양양군,0,0,63086.1,0.0,,1,0.0016,SGIS실제인접,16202.1,58673.1,27.61,False,277.86,0,추정(시군구 평균비중 x 국가총량)
2024,강원도,양양군,0,0,63086.1,0.0,-15.66,2,0.0014,SGIS실제인접,16202.1,58673.1,27.61,False,277.86,0,추정(시군구 평균비중 x 국가총량)
2025,강원도,양양군,0,0,63086.1,0.0,24.83,3,0.0023,SGIS실제인접,16202.1,58673.1,27.61,False,277.86,0,추정(시군구 평균비중 x 국가총량)
2016,강원도,영월군,0,0,112597.8,0.0,,0,0.0026,SGIS실제인접,27435.6,106891.6,25.67,False,194.0,0,추정(시군구 평균비중 x 국가총량)
2017,강원도,영월군,0,0,112597.8,0.0,,0,0.0003,SGIS실제인접,27435.6,106891.6,25.67,False,453.93,0,실측(원자료 기반)
2018,강원도,영월군,0,0,112597.8,0.0,,0,0.0001,SGIS실제인접,27435.6,106891.6,25.67,False,453.93,0,실측(원자료 기반)
2019,강원도,영월군,0,0,112597.8,0.0,,0,0.0004,SGIS실제인접,27435.6,106891.6,25.67,False,194.0,0,실측(원자료 기반)
2020,강원도,영월군,0,0,112597.8,0.0,,0,0.0005,SGIS실제인접,27435.6,106891.6,25.67,False,194.0,0,실측(원자료 기반)
2021,강원도,영월군,0,0,112597.8,0.0,,0,0.0008,SGIS실제인접,27435.6,106891.6,25.67,False,73.55,0,실측(원자료 기반)
2022,강원도,영월군,0,0,112597.8,0.0,,0,0.0003,centroid근접(대체),27435.6,106891.6,25.67,False,190.97,0,실측(원자료 기반)
2023,강원도,영월군,0,0,112597.8,0.0,,0,0.002,SGIS실제인접,27435.6,106891.6,25.67,False,194.0,0,추정(시군구 평균비중 x 국가총량)
2024,강원도,영월군,0,0,112597.8,0.0,,0,0.0017,SGIS실제인접,27435.6,106891.6,25.67,False,194.0,0,추정(시군구 평균비중 x 국가총량)
2025,강원도,영월군,0,0,112597.8,0.0,,0,0.0028,SGIS실제인접,27435.6,106891.6,25.67,False,194.0,0,추정(시군구 평균비중 x 국가총량)
2016,강원도,원주시,646,918,86627.5,0.0075,,1,0.0461,SGIS실제인접,11207.7,67424.9,16.62,False,225.7,0,추정(시군구 평균비중 x 국가총량)
2017,강원도,원주시,42,646,86627.5,0.0005,,2,0.003,SGIS실제인접,11207.7,67424.9,16.62,False,447.12,0,실측(원자료 기반)
2018,강원도,원주시,22,42,86627.5,0.0003,,3,0.0026,SGIS실제인접,11207.7,67424.9,16.62,False,447.12,0,실측(원자료 기반)
2019,강원도,원주시,137,22,86627.5,0.0016,127.2,4,0.0073,SGIS실제인접,11207.7,67424.9,16.62,False,225.7,1,실측(원자료 기반)
2020,강원도,원주시,209,137,86627.5,0.0024,175.89,5,0.0116,SGIS실제인접,11207.7,67424.9,16.62,False,225.7,1,실측(원자료 기반)
2021,강원도,원주시,221,209,86627.5,0.0026,193.67,6,0.0162,SGIS실제인접,11207.7,67424.9,16.62,False,110.72,1,실측(원자료 기반)
2022,강원도,원주시,434,221,86627.5,0.005,51.56,7,0.0011,centroid근접(대체),11207.7,67424.9,16.62,False,215.06,0,실측(원자료 기반)
2023,강원도,원주시,488,434,86627.5,0.0056,38.17,8,0.0348,SGIS실제인접,11207.7,67424.9,16.62,False,225.7,0,추정(시군구 평균비중 x 국가총량)
2024,강원도,원주시,411,488,86627.5,0.0047,31.04,9,0.0294,SGIS실제인접,11207.7,67424.9,16.62,False,225.7,0,추정(시군구 평균비중 x 국가총량)
2025,강원도,원주시,680,411,86627.5,0.0079,20.69,10,0.0485,SGIS실제인접,11207.7,67424.9,16.62,False,225.7,0,추정(시군구 평균비중 x 국가총량)
2016,강원도,인제군,2,3,163984.0,0.0,,1,0.0268,SGIS실제인접,31048.4,149331.5,20.79,False,291.8,0,추정(시군구 평균비중 x 국가총량)
2017,강원도,인제군,0,2,163984.0,0.0,,0,0.0023,SGIS실제인접,31048.4,149331.5,20.79,False,536.44,0,실측(원자료 기반)
2018,강원도,인제군,4,0,163984.0,0.0,,1,0.0012,SGIS실제인접,31048.4,149331.5,20.79,False,536.44,0,실측(원자료 기반)
2019,강원도,인제군,1,4,163984.0,0.0,-87.5,2,0.0025,SGIS실제인접,31048.4,149331.5,20.79,False,291.8,0,실측(원자료 기반)
2020,강원도,인제군,1,1,163984.0,0.0,-37.5,3,0.0186,SGIS실제인접,31048.4,149331.5,20.79,False,291.8,0,실측(원자료 기반)
2021,강원도,인제군,0,1,163984.0,0.0,-58.33,0,0.0096,SGIS실제인접,31048.4,149331.5,20.79,False,171.39,0,실측(원자료 기반)
2022,강원도,인제군,0,0,163984.0,0.0,-50.0,0,0.0,centroid근접(대체),31048.4,149331.5,20.79,False,288.99,0,실측(원자료 기반)
2023,강원도,인제군,2,0,163984.0,0.0,-100.0,1,0.0203,SGIS실제인접,31048.4,149331.5,20.79,False,291.8,0,추정(시군구 평균비중 x 국가총량)
2024,강원도,인제군,2,2,163984.0,0.0,-15.66,2,0.0171,SGIS실제인접,31048.4,149331.5,20.79,False,291.8,0,추정(시군구 평균비중 x 국가총량)
2025,강원도,인제군,3,2,163984.0,0.0,24.83,3,0.0283,SGIS실제인접,31048.4,149331.5,20.79,False,291.8,0,추정(시군구 평균비중 x 국가총량)
2016,강원도,정선군,96,137,121856.8,0.0008,,1,0.0002,SGIS실제인접,27097.7,118491.0,22.87,False,207.27,0,추정(시군구 평균비중 x 국가총량)
2017,강원도,정선군,51,96,121856.8,0.0004,,2,0.0,SGIS실제인접,27097.7,118491.0,22.87,False,480.36,0,실측(원자료 기반)
2018,강원도,정선군,36,51,121856.8,0.0003,,3,0.0,SGIS실제인접,27097.7,118491.0,22.87,False,480.36,0,실측(원자료 기반)
2019,강원도,정선군,74,36,121856.8,0.0006,9.72,4,0.0,SGIS실제인접,27097.7,118491.0,22.87,False,207.27,0,실측(원자료 기반)
2020,강원도,정선군,34,74,121856.8,0.0003,7.36,5,0.0,SGIS실제인접,27097.7,118491.0,22.87,False,207.27,0,실측(원자료 기반)
2021,강원도,정선군,15,34,121856.8,0.0001,-1.46,6,0.0,SGIS실제인접,27097.7,118491.0,22.87,False,88.66,0,실측(원자료 기반)
2022,강원도,정선군,8,15,121856.8,0.0001,-52.2,7,0.0,centroid근접(대체),27097.7,118491.0,22.87,False,208.64,0,실측(원자료 기반)
2023,강원도,정선군,73,8,121856.8,0.0006,235.35,8,0.0001,SGIS실제인접,27097.7,118491.0,22.87,False,207.27,0,추정(시군구 평균비중 x 국가총량)
2024,강원도,정선군,61,73,121856.8,0.0005,248.76,9,0.0001,SGIS실제인접,27097.7,118491.0,22.87,False,207.27,0,추정(시군구 평균비중 x 국가총량)
2025,강원도,정선군,101,61,121856.8,0.0008,286.09,10,0.0002,SGIS실제인접,27097.7,118491.0,22.87,False,207.27,0,추정(시군구 평균비중 x 국가총량)
2016,강원도,철원군,0,0,88970.1,0.0,,0,0.0554,SGIS실제인접,919.4,8272.8,11.11,False,338.48,0,추정(시군구 평균비중 x 국가총량)
2017,강원도,철원군,0,0,88970.1,0.0,,0,0.0196,SGIS실제인접,919.4,8272.8,11.11,False,538.42,0,실측(원자료 기반)
2018,강원도,철원군,0,0,88970.1,0.0,,0,0.0169,SGIS실제인접,919.4,8272.8,11.11,False,538.42,0,실측(원자료 기반)
2019,강원도,철원군,0,0,88970.1,0.0,,0,0.0159,SGIS실제인접,919.4,8272.8,11.11,False,338.48,0,실측(원자료 기반)
2020,강원도,철원군,0,0,88970.1,0.0,,0,0.0261,SGIS실제인접,919.4,8272.8,11.11,False,338.48,0,실측(원자료 기반)
2021,강원도,철원군,0,0,88970.1,0.0,,0,0.0077,SGIS실제인접,919.4,8272.8,11.11,False,220.66,0,실측(원자료 기반)
2022,강원도,철원군,0,0,88970.1,0.0,,0,0.0347,centroid근접(대체),919.4,8272.8,11.11,False,328.32,0,실측(원자료 기반)
2023,강원도,철원군,0,0,88970.1,0.0,,0,0.0419,SGIS실제인접,919.4,8272.8,11.11,False,338.48,0,추정(시군구 평균비중 x 국가총량)
2024,강원도,철원군,0,0,88970.1,0.0,,0,0.0353,SGIS실제인접,919.4,8272.8,11.11,False,338.48,0,추정(시군구 평균비중 x 국가총량)
2025,강원도,철원군,0,0,88970.1,0.0,,0,0.0584,SGIS실제인접,919.4,8272.8,11.11,False,338.48,0,추정(시군구 평균비중 x 국가총량)
2016,강원도,춘천시,16983,24148,111462.9,0.1524,,1,0.0045,SGIS실제인접,18424.5,93810.4,19.64,False,290.4,0,추정(시군구 평균비중 x 국가총량)
2017,강원도,춘천시,1451,16983,111462.9,0.013,,2,0.0014,SGIS실제인접,18424.5,93810.4,19.64,False,505.2,1,실측(원자료 기반)
2018,강원도,춘천시,659,1451,111462.9,0.0059,,3,0.0004,SGIS실제인접,18424.5,93810.4,19.64,False,505.2,0,실측(원자료 기반)
2019,강원도,춘천시,1428,659,111462.9,0.0128,-9.78,4,0.0007,SGIS실제인접,18424.5,93810.4,19.64,False,290.4,0,실측(원자료 기반)
2020,강원도,춘천시,11685,1428,111462.9,0.1048,260.13,5,0.0031,SGIS실제인접,18424.5,93810.4,19.64,False,290.4,1,실측(원자료 기반)
2021,강원도,춘천시,6133,11685,111462.9,0.055,262.49,6,0.0011,SGIS실제인접,18424.5,93810.4,19.64,False,172.11,0,실측(원자료 기반)
2022,강원도,춘천시,6785,6133,111462.9,0.0609,227.13,7,0.0026,centroid근접(대체),18424.5,93810.4,19.64,False,281.36,0,실측(원자료 기반)
2023,강원도,춘천시,12829,6785,111462.9,0.1151,17.4,8,0.0034,SGIS실제인접,18424.5,93810.4,19.64,False,290.4,0,추정(시군구 평균비중 x 국가총량)
2024,강원도,춘천시,10820,12829,111462.9,0.0971,28.02,9,0.0028,SGIS실제인접,18424.5,93810.4,19.64,False,290.4,0,추정(시군구 평균비중 x 국가총량)
2025,강원도,춘천시,17889,10820,111462.9,0.1605,46.25,10,0.0047,SGIS실제인접,18424.5,93810.4,19.64,False,290.4,0,추정(시군구 평균비중 x 국가총량)
2016,강원도,태백시,0,0,30321.9,0.0,,0,0.0002,SGIS실제인접,4966.4,30947.4,16.05,False,181.4,0,추정(시군구 평균비중 x 국가총량)
2017,강원도,태백시,0,0,30321.9,0.0,,0,0.0001,SGIS실제인접,4966.4,30947.4,16.05,False,469.75,0,실측(원자료 기반)
2018,강원도,태백시,0,0,30321.9,0.0,,0,0.0001,SGIS실제인접,4966.4,30947.4,16.05,False,469.75,0,실측(원자료 기반)
2019,강원도,태백시,0,0,30321.9,0.0,,0,0.0002,SGIS실제인접,4966.4,30947.4,16.05,False,181.4,0,실측(원자료 기반)
2020,강원도,태백시,0,0,30321.9,0.0,,0,0.0001,SGIS실제인접,4966.4,30947.4,16.05,False,181.4,0,실측(원자료 기반)
2021,강원도,태백시,0,0,30321.9,0.0,,0,0.0,SGIS실제인접,4966.4,30947.4,16.05,False,68.07,0,실측(원자료 기반)
2022,강원도,태백시,0,0,30321.9,0.0,,0,0.0,centroid근접(대체),4966.4,30947.4,16.05,False,186.48,0,실측(원자료 기반)
2023,강원도,태백시,0,0,30321.9,0.0,,0,0.0002,SGIS실제인접,4966.4,30947.4,16.05,False,181.4,0,추정(시군구 평균비중 x 국가총량)
2024,강원도,태백시,0,0,30321.9,0.0,,0,0.0001,SGIS실제인접,4966.4,30947.4,16.05,False,181.4,0,추정(시군구 평균비중 x 국가총량)
2025,강원도,태백시,0,0,30321.9,0.0,,0,0.0002,SGIS실제인접,4966.4,30947.4,16.05,False,181.4,0,추정(시군구 평균비중 x 국가총량)
2016,강원도,평창군,0,0,146276.6,0.0,,0,0.0024,SGIS실제인접,24739.2,138058.2,17.92,False,231.85,0,추정(시군구 평균비중 x 국가총량)
2017,강원도,평창군,0,0,146276.6,0.0,,0,0.0002,SGIS실제인접,24739.2,138058.2,17.92,False,489.4,0,실측(원자료 기반)
2018,강원도,평창군,0,0,146276.6,0.0,,0,0.0003,SGIS실제인접,24739.2,138058.2,17.92,False,489.4,0,실측(원자료 기반)
2019,강원도,평창군,0,0,146276.6,0.0,,0,0.0006,SGIS실제인접,24739.2,138058.2,17.92,False,231.85,0,실측(원자료 기반)
2020,강원도,평창군,0,0,146276.6,0.0,,0,0.0014,SGIS실제인접,24739.2,138058.2,17.92,False,231.85,0,실측(원자료 기반)
2021,강원도,평창군,0,0,146276.6,0.0,,0,0.0006,SGIS실제인접,24739.2,138058.2,17.92,False,111.53,0,실측(원자료 기반)
2022,강원도,평창군,0,0,146276.6,0.0,,0,0.0009,centroid근접(대체),24739.2,138058.2,17.92,False,230.0,0,실측(원자료 기반)
2023,강원도,평창군,0,0,146276.6,0.0,,0,0.0018,SGIS실제인접,24739.2,138058.2,17.92,False,231.85,0,추정(시군구 평균비중 x 국가총량)
2024,강원도,평창군,0,0,146276.6,0.0,,0,0.0015,SGIS실제인접,24739.2,138058.2,17.92,False,231.85,0,추정(시군구 평균비중 x 국가총량)
2025,강원도,평창군,0,0,146276.6,0.0,,0,0.0025,SGIS실제인접,24739.2,138058.2,17.92,False,231.85,0,추정(시군구 평균비중 x 국가총량)
2016,강원도,홍천군,1572,2236,181615.9,0.0087,,1,0.0548,SGIS실제인접,37648.0,171506.2,21.95,False,263.49,1,추정(시군구 평균비중 x 국가총량)
2017,강원도,홍천군,130,1572,181615.9,0.0007,,2,0.0047,SGIS실제인접,37648.0,171506.2,21.95,False,497.21,0,실측(원자료 기반)
2018,강원도,홍천군,189,130,181615.9,0.001,,3,0.0028,SGIS실제인접,37648.0,171506.2,21.95,False,497.21,1,실측(원자료 기반)
2019,강원도,홍천군,364,189,181615.9,0.002,15.41,4,0.0072,SGIS실제인접,37648.0,171506.2,21.95,False,263.49,1,실측(원자료 기반)
2020,강원도,홍천군,1182,364,181615.9,0.0065,120.9,5,0.0227,SGIS실제인접,37648.0,171506.2,21.95,False,263.49,1,실측(원자료 기반)
2021,강원도,홍천군,414,1182,181615.9,0.0023,84.11,6,0.0192,SGIS실제인접,37648.0,171506.2,21.95,False,143.62,1,실측(원자료 기반)
2022,강원도,홍천군,478,414,181615.9,0.0026,58.4,7,0.0212,centroid근접(대체),37648.0,171506.2,21.95,False,257.3,0,실측(원자료 기반)
2023,강원도,홍천군,1188,478,181615.9,0.0065,33.0,8,0.0414,SGIS실제인접,37648.0,171506.2,21.95,False,263.49,1,추정(시군구 평균비중 x 국가총량)
2024,강원도,홍천군,1002,1188,181615.9,0.0055,49.44,9,0.0349,SGIS실제인접,37648.0,171506.2,21.95,False,263.49,1,추정(시군구 평균비중 x 국가총량)
2025,강원도,홍천군,1656,1002,181615.9,0.0091,66.06,10,0.0578,SGIS실제인접,37648.0,171506.2,21.95,False,263.49,1,추정(시군구 평균비중 x 국가총량)
2016,강원도,화천군,0,0,90684.5,0.0,,0,0.0758,SGIS실제인접,7063.0,50314.3,14.04,False,317.28,0,추정(시군구 평균비중 x 국가총량)
2017,강원도,화천군,0,0,90684.5,0.0,,0,0.0166,SGIS실제인접,7063.0,50314.3,14.04,False,531.13,0,실측(원자료 기반)
2018,강원도,화천군,0,0,90684.5,0.0,,0,0.014,SGIS실제인접,7063.0,50314.3,14.04,False,531.13,0,실측(원자료 기반)
2019,강원도,화천군,0,0,90684.5,0.0,,0,0.0151,SGIS실제인접,7063.0,50314.3,14.04,False,317.28,0,실측(원자료 기반)
2020,강원도,화천군,0,0,90684.5,0.0,,0,0.043,SGIS실제인접,7063.0,50314.3,14.04,False,317.28,0,실측(원자료 기반)
2021,강원도,화천군,0,0,90684.5,0.0,,0,0.0178,SGIS실제인접,7063.0,50314.3,14.04,False,198.21,0,실측(원자료 기반)
2022,강원도,화천군,0,0,90684.5,0.0,,0,0.0203,centroid근접(대체),7063.0,50314.3,14.04,False,308.98,0,실측(원자료 기반)
2023,강원도,화천군,0,0,90684.5,0.0,,0,0.0572,SGIS실제인접,7063.0,50314.3,14.04,False,317.28,0,추정(시군구 평균비중 x 국가총량)
2024,강원도,화천군,0,0,90684.5,0.0,,0,0.0483,SGIS실제인접,7063.0,50314.3,14.04,False,317.28,0,추정(시군구 평균비중 x 국가총량)
2025,강원도,화천군,0,0,90684.5,0.0,,0,0.0798,SGIS실제인접,7063.0,50314.3,14.04,False,317.28,0,추정(시군구 평균비중 x 국가총량)
2016,강원도,횡성군,261,371,99712.4,0.0026,,1,0.0573,SGIS실제인접,20605.6,87758.4,23.48,False,239.4,0,추정(시군구 평균비중 x 국가총량)
2017,강원도,횡성군,11,261,99712.4,0.0001,,2,0.0038,SGIS실제인접,20605.6,87758.4,23.48,False,472.27,0,실측(원자료 기반)
2018,강원도,횡성군,4,11,99712.4,0.0,,3,0.0033,SGIS실제인접,20605.6,87758.4,23.48,False,472.27,0,실측(원자료 기반)
2019,강원도,횡성군,20,4,99712.4,0.0002,80.19,4,0.0093,SGIS실제인접,20605.6,87758.4,23.48,False,239.4,0,실측(원자료 기반)
2020,강원도,횡성군,41,20,99712.4,0.0004,147.12,5,0.0152,SGIS실제인접,20605.6,87758.4,23.48,False,239.4,0,실측(원자료 기반)
2021,강원도,횡성군,72,41,99712.4,0.0007,193.54,6,0.0199,SGIS실제인접,20605.6,87758.4,23.48,False,120.52,0,실측(원자료 기반)
2022,강원도,횡성군,269,72,99712.4,0.0027,151.41,7,0.0025,centroid근접(대체),20605.6,87758.4,23.48,False,231.98,0,실측(원자료 기반)
2023,강원도,횡성군,197,269,99712.4,0.002,107.51,8,0.0433,SGIS실제인접,20605.6,87758.4,23.48,False,239.4,0,추정(시군구 평균비중 x 국가총량)
2024,강원도,횡성군,166,197,99712.4,0.0017,77.08,9,0.0365,SGIS실제인접,20605.6,87758.4,23.48,False,239.4,0,추정(시군구 평균비중 x 국가총량)
2025,강원도,횡성군,275,166,99712.4,0.0028,7.66,10,0.0603,SGIS실제인접,20605.6,87758.4,23.48,False,239.4,0,추정(시군구 평균비중 x 국가총량)
2016,경기도,가평군,1142,1623,84007.1,0.0136,,1,0.1721,SGIS실제인접,16055.1,84177.3,19.07,False,296.06,1,추정(시군구 평균비중 x 국가총량)
2017,경기도,가평군,541,1142,84007.1,0.0064,,2,0.0403,SGIS실제인접,16055.1,84177.3,19.07,False,492.38,1,실측(원자료 기반)
2018,경기도,가평군,88,541,84007.1,0.001,,3,0.029,SGIS실제인접,16055.1,84177.3,19.07,False,492.38,1,실측(원자료 기반)
2019,경기도,가평군,141,88,84007.1,0.0017,-25.37,4,0.0365,SGIS실제인접,16055.1,84177.3,19.07,False,296.06,1,실측(원자료 기반)
2020,경기도,가평군,768,141,84007.1,0.0091,140.39,5,0.0872,SGIS실제인접,16055.1,84177.3,19.07,False,296.06,1,실측(원자료 기반)
2021,경기도,가평군,256,768,84007.1,0.003,146.08,6,0.0455,SGIS실제인접,16055.1,84177.3,19.07,False,181.1,1,실측(원자료 기반)
2022,경기도,가평군,437,256,84007.1,0.0052,149.57,7,0.0892,centroid근접(대체),16055.1,84177.3,19.07,False,283.83,1,실측(원자료 기반)
2023,경기도,가평군,862,437,84007.1,0.0103,33.8,8,0.13,SGIS실제인접,16055.1,84177.3,19.07,False,296.06,1,추정(시군구 평균비중 x 국가총량)
2024,경기도,가평군,727,862,84007.1,0.0087,50.8,9,0.1097,SGIS실제인접,16055.1,84177.3,19.07,False,296.06,1,추정(시군구 평균비중 x 국가총량)
2025,경기도,가평군,1203,727,84007.1,0.0143,49.01,10,0.1813,SGIS실제인접,16055.1,84177.3,19.07,False,296.06,1,추정(시군구 평균비중 x 국가총량)
2016,경기도,고양시,0,0,26638.0,0.0,,0,0.0004,SGIS실제인접,0.8,88.7,0.9,False,315.36,0,추정(시군구 평균비중 x 국가총량)
2017,경기도,고양시,0,0,26638.0,0.0,,0,0.0001,SGIS실제인접,0.8,88.7,0.9,False,469.1,0,실측(원자료 기반)
2018,경기도,고양시,0,0,26638.0,0.0,,0,0.0002,SGIS실제인접,0.8,88.7,0.9,False,469.1,0,실측(원자료 기반)
2019,경기도,고양시,0,0,26638.0,0.0,,0,0.0001,SGIS실제인접,0.8,88.7,0.9,False,315.36,0,실측(원자료 기반)
2020,경기도,고양시,0,0,26638.0,0.0,,0,0.0,SGIS실제인접,0.8,88.7,0.9,False,315.36,0,실측(원자료 기반)
2021,경기도,고양시,0,0,26638.0,0.0,,0,0.0001,SGIS실제인접,0.8,88.7,0.9,False,210.42,0,실측(원자료 기반)
2022,경기도,고양시,0,0,26638.0,0.0,,0,0.0,centroid근접(대체),0.8,88.7,0.9,False,297.1,0,실측(원자료 기반)
2023,경기도,고양시,0,0,26638.0,0.0,,0,0.0003,SGIS실제인접,0.8,88.7,0.9,False,315.36,0,추정(시군구 평균비중 x 국가총량)
2024,경기도,고양시,0,0,26638.0,0.0,,0,0.0003,SGIS실제인접,0.8,88.7,0.9,False,315.36,0,추정(시군구 평균비중 x 국가총량)
2025,경기도,고양시,0,0,26638.0,0.0,,0,0.0004,SGIS실제인접,0.8,88.7,0.9,False,315.36,0,추정(시군구 평균비중 x 국가총량)
2016,경기도,과천시,0,0,3582.1,0.0,,0,0.0296,SGIS실제인접,0.0,0.0,0.0,False,286.63,0,추정(시군구 평균비중 x 국가총량)
2017,경기도,과천시,0,0,3582.1,0.0,,0,0.0221,SGIS실제인접,0.0,0.0,0.0,False,444.69,0,실측(원자료 기반)
2018,경기도,과천시,0,0,3582.1,0.0,,0,0.0193,SGIS실제인접,0.0,0.0,0.0,False,444.69,0,실측(원자료 기반)
2019,경기도,과천시,0,0,3582.1,0.0,,0,0.0131,SGIS실제인접,0.0,0.0,0.0,False,286.63,0,실측(원자료 기반)
2020,경기도,과천시,0,0,3582.1,0.0,,0,0.0129,SGIS실제인접,0.0,0.0,0.0,False,286.63,0,실측(원자료 기반)
2021,경기도,과천시,0,0,3582.1,0.0,,0,0.0003,SGIS실제인접,0.0,0.0,0.0,False,184.32,0,실측(원자료 기반)
2022,경기도,과천시,0,0,3582.1,0.0,,0,0.0,centroid근접(대체),0.0,0.0,0.0,False,267.8,0,실측(원자료 기반)
2023,경기도,과천시,0,0,3582.1,0.0,,0,0.0224,SGIS실제인접,0.0,0.0,0.0,False,286.63,0,추정(시군구 평균비중 x 국가총량)
2024,경기도,과천시,0,0,3582.1,0.0,,0,0.0189,SGIS실제인접,0.0,0.0,0.0,False,286.63,0,추정(시군구 평균비중 x 국가총량)
2025,경기도,과천시,0,0,3582.1,0.0,,0,0.0312,SGIS실제인접,0.0,0.0,0.0,False,286.63,0,추정(시군구 평균비중 x 국가총량)
2016,경기도,광명시,0,0,3852.2,0.0,,0,0.0,SGIS실제인접,0.0,0.0,0.0,False,296.09,0,추정(시군구 평균비중 x 국가총량)
2017,경기도,광명시,0,0,3852.2,0.0,,0,0.0,SGIS실제인접,0.0,0.0,0.0,False,444.91,0,실측(원자료 기반)
2018,경기도,광명시,0,0,3852.2,0.0,,0,0.0,SGIS실제인접,0.0,0.0,0.0,False,444.91,0,실측(원자료 기반)
2019,경기도,광명시,0,0,3852.2,0.0,,0,0.0,SGIS실제인접,0.0,0.0,0.0,False,296.09,0,실측(원자료 기반)
2020,경기도,광명시,0,0,3852.2,0.0,,0,0.0,SGIS실제인접,0.0,0.0,0.0,False,296.09,0,실측(원자료 기반)
2021,경기도,광명시,0,0,3852.2,0.0,,0,0.0,SGIS실제인접,0.0,0.0,0.0,False,195.55,0,실측(원자료 기반)
2022,경기도,광명시,0,0,3852.2,0.0,,0,0.0,centroid근접(대체),0.0,0.0,0.0,False,276.34,0,실측(원자료 기반)
2023,경기도,광명시,0,0,3852.2,0.0,,0,0.0,SGIS실제인접,0.0,0.0,0.0,False,296.09,0,추정(시군구 평균비중 x 국가총량)
2024,경기도,광명시,0,0,3852.2,0.0,,0,0.0,SGIS실제인접,0.0,0.0,0.0,False,296.09,0,추정(시군구 평균비중 x 국가총량)
2025,경기도,광명시,0,0,3852.2,0.0,,0,0.0,SGIS실제인접,0.0,0.0,0.0,False,296.09,0,추정(시군구 평균비중 x 국가총량)
2016,경기도,광주시,57789,82170,42964.8,1.345,,1,0.1261,SGIS실제인접,2117.1,34283.2,6.18,False,266.47,1,추정(시군구 평균비중 x 국가총량)
2017,경기도,광주시,33964,57789,42964.8,0.7905,,2,0.0538,SGIS실제인접,2117.1,34283.2,6.18,False,444.74,1,실측(원자료 기반)
2018,경기도,광주시,27376,33964,42964.8,0.6372,,3,0.0326,SGIS실제인접,2117.1,34283.2,6.18,False,444.74,1,실측(원자료 기반)
2019,경기도,광주시,29180,27376,42964.8,0.6792,-18.01,4,0.0344,SGIS실제인접,2117.1,34283.2,6.18,False,266.47,1,실측(원자료 기반)
2020,경기도,광주시,25847,29180,42964.8,0.6016,-8.08,5,0.055,SGIS실제인접,2117.1,34283.2,6.18,False,266.47,1,실측(원자료 기반)
2021,경기도,광주시,7713,25847,42964.8,0.1795,-25.0,6,0.0291,SGIS실제인접,2117.1,34283.2,6.18,False,160.16,1,실측(원자료 기반)
2022,경기도,광주시,8636,7713,42964.8,0.201,-23.2,7,0.0126,centroid근접(대체),2117.1,34283.2,6.18,False,249.85,1,실측(원자료 기반)
2023,경기도,광주시,43656,8636,42964.8,1.0161,115.77,8,0.0953,SGIS실제인접,2117.1,34283.2,6.18,False,266.47,1,추정(시군구 평균비중 x 국가총량)
2024,경기도,광주시,36819,43656,42964.8,0.8569,133.94,9,0.0804,SGIS실제인접,2117.1,34283.2,6.18,False,266.47,1,추정(시군구 평균비중 x 국가총량)
2025,경기도,광주시,60872,36819,42964.8,1.4168,151.73,10,0.1329,SGIS실제인접,2117.1,34283.2,6.18,False,266.47,1,추정(시군구 평균비중 x 국가총량)
2016,경기도,구리시,0,0,3316.8,0.0,,0,0.0709,SGIS실제인접,0.0,0.0,0.0,True,292.8,0,추정(시군구 평균비중 x 국가총량)
2017,경기도,구리시,0,0,3316.8,0.0,,0,0.0361,SGIS실제인접,0.0,0.0,0.0,True,464.17,0,실측(원자료 기반)
2018,경기도,구리시,0,0,3316.8,0.0,,0,0.0154,SGIS실제인접,0.0,0.0,0.0,True,464.17,0,실측(원자료 기반)
2019,경기도,구리시,0,0,3316.8,0.0,,0,0.0185,SGIS실제인접,0.0,0.0,0.0,True,292.8,0,실측(원자료 기반)
2020,경기도,구리시,0,0,3316.8,0.0,,0,0.0415,SGIS실제인접,0.0,0.0,0.0,True,292.8,0,실측(원자료 기반)
2021,경기도,구리시,0,0,3316.8,0.0,,0,0.0163,SGIS실제인접,0.0,0.0,0.0,True,185.07,0,실측(원자료 기반)
2022,경기도,구리시,0,0,3316.8,0.0,,0,0.0,centroid근접(대체),0.0,0.0,0.0,True,276.27,0,실측(원자료 기반)
2023,경기도,구리시,0,0,3316.8,0.0,,0,0.0536,SGIS실제인접,0.0,0.0,0.0,True,292.8,0,추정(시군구 평균비중 x 국가총량)
2024,경기도,구리시,0,0,3316.8,0.0,,0,0.0452,SGIS실제인접,0.0,0.0,0.0,True,292.8,0,추정(시군구 평균비중 x 국가총량)
2025,경기도,구리시,0,0,3316.8,0.0,,0,0.0747,SGIS실제인접,0.0,0.0,0.0,True,292.8,0,추정(시군구 평균비중 x 국가총량)
2016,경기도,군포시,0,0,3637.7,0.0,,0,0.0003,SGIS실제인접,0.0,0.0,0.0,True,284.64,0,추정(시군구 평균비중 x 국가총량)
2017,경기도,군포시,0,0,3637.7,0.0,,0,0.0004,SGIS실제인접,0.0,0.0,0.0,True,434.05,0,실측(원자료 기반)
2018,경기도,군포시,0,0,3637.7,0.0,,0,0.0,SGIS실제인접,0.0,0.0,0.0,True,434.05,0,실측(원자료 기반)
2019,경기도,군포시,0,0,3637.7,0.0,,0,0.0003,SGIS실제인접,0.0,0.0,0.0,True,284.64,0,실측(원자료 기반)
2020,경기도,군포시,0,0,3637.7,0.0,,0,0.0,SGIS실제인접,0.0,0.0,0.0,True,284.64,0,실측(원자료 기반)
2021,경기도,군포시,0,0,3637.7,0.0,,0,0.0,SGIS실제인접,0.0,0.0,0.0,True,185.89,0,실측(원자료 기반)
2022,경기도,군포시,0,0,3637.7,0.0,,0,0.0001,centroid근접(대체),0.0,0.0,0.0,True,264.46,0,실측(원자료 기반)
2023,경기도,군포시,0,0,3637.7,0.0,,0,0.0002,SGIS실제인접,0.0,0.0,0.0,True,284.64,0,추정(시군구 평균비중 x 국가총량)
2024,경기도,군포시,0,0,3637.7,0.0,,0,0.0002,SGIS실제인접,0.0,0.0,0.0,True,284.64,0,추정(시군구 평균비중 x 국가총량)
2025,경기도,군포시,0,0,3637.7,0.0,,0,0.0003,SGIS실제인접,0.0,0.0,0.0,True,284.64,0,추정(시군구 평균비중 x 국가총량)
2016,경기도,김포시,0,0,28082.9,0.0,,0,0.0001,SGIS실제인접,0.0,0.0,0.0,True,329.49,0,추정(시군구 평균비중 x 국가총량)
2017,경기도,김포시,0,0,28082.9,0.0,,0,0.0,SGIS실제인접,0.0,0.0,0.0,True,470.11,0,실측(원자료 기반)
2018,경기도,김포시,0,0,28082.9,0.0,,0,0.0,SGIS실제인접,0.0,0.0,0.0,True,470.11,0,실측(원자료 기반)
2019,경기도,김포시,0,0,28082.9,0.0,,0,0.0,SGIS실제인접,0.0,0.0,0.0,True,329.49,0,실측(원자료 기반)
2020,경기도,김포시,0,0,28082.9,0.0,,0,0.0,SGIS실제인접,0.0,0.0,0.0,True,329.49,0,실측(원자료 기반)
2021,경기도,김포시,0,0,28082.9,0.0,,0,0.0,SGIS실제인접,0.0,0.0,0.0,True,226.98,0,실측(원자료 기반)
2022,경기도,김포시,0,0,28082.9,0.0,,0,0.0,centroid근접(대체),0.0,0.0,0.0,True,309.93,0,실측(원자료 기반)
2023,경기도,김포시,0,0,28082.9,0.0,,0,0.0001,SGIS실제인접,0.0,0.0,0.0,True,329.49,0,추정(시군구 평균비중 x 국가총량)
2024,경기도,김포시,0,0,28082.9,0.0,,0,0.0001,SGIS실제인접,0.0,0.0,0.0,True,329.49,0,추정(시군구 평균비중 x 국가총량)
2025,경기도,김포시,0,0,28082.9,0.0,,0,0.0001,SGIS실제인접,0.0,0.0,0.0,True,329.49,0,추정(시군구 평균비중 x 국가총량)
2016,경기도,남양주시,17861,25397,45932.4,0.3889,,1,0.2348,SGIS실제인접,3982.7,34645.4,11.5,False,292.16,1,추정(시군구 평균비중 x 국가총량)
2017,경기도,남양주시,6743,17861,45932.4,0.1468,,2,0.1185,SGIS실제인접,3982.7,34645.4,11.5,False,472.43,1,실측(원자료 기반)
2018,경기도,남양주시,4076,6743,45932.4,0.0887,,3,0.09,SGIS실제인접,3982.7,34645.4,11.5,False,472.43,1,실측(원자료 기반)
2019,경기도,남양주시,4625,4076,45932.4,0.1007,-29.44,4,0.0993,SGIS실제인접,3982.7,34645.4,11.5,False,292.16,1,실측(원자료 기반)
2020,경기도,남양주시,11212,4625,45932.4,0.2441,38.78,5,0.0979,SGIS실제인접,3982.7,34645.4,11.5,False,292.16,1,실측(원자료 기반)
2021,경기도,남양주시,4129,11212,45932.4,0.0899,30.91,6,0.0395,SGIS실제인접,3982.7,34645.4,11.5,False,181.78,1,실측(원자료 기반)
2022,경기도,남양주시,4747,4129,45932.4,0.1033,31.41,7,0.0,centroid근접(대체),3982.7,34645.4,11.5,False,277.04,0,실측(원자료 기반)
2023,경기도,남양주시,13493,4747,45932.4,0.2938,45.35,8,0.1774,SGIS실제인접,3982.7,34645.4,11.5,False,292.16,1,추정(시군구 평균비중 x 국가총량)
2024,경기도,남양주시,11380,13493,45932.4,0.2478,61.18,9,0.1496,SGIS실제인접,3982.7,34645.4,11.5,False,292.16,1,추정(시군구 평균비중 x 국가총량)
2025,경기도,남양주시,18814,11380,45932.4,0.4096,77.97,10,0.2473,SGIS실제인접,3982.7,34645.4,11.5,False,292.16,1,추정(시군구 평균비중 x 국가총량)
2016,경기도,동두천시,48,68,9584.7,0.005,,1,0.075,SGIS실제인접,823.1,8901.0,9.25,False,323.48,0,추정(시군구 평균비중 x 국가총량)
2017,경기도,동두천시,79,48,9584.7,0.0082,,2,0.0264,SGIS실제인접,823.1,8901.0,9.25,False,498.64,1,실측(원자료 기반)
2018,경기도,동두천시,8,79,9584.7,0.0008,,3,0.0232,SGIS실제인접,823.1,8901.0,9.25,False,498.64,1,실측(원자료 기반)
2019,경기도,동두천시,13,8,9584.7,0.0014,12.44,4,0.0215,SGIS실제인접,823.1,8901.0,9.25,False,323.48,1,실측(원자료 기반)
2020,경기도,동두천시,10,13,9584.7,0.001,-16.82,5,0.0348,SGIS실제인접,823.1,8901.0,9.25,False,323.48,0,실측(원자료 기반)
2021,경기도,동두천시,0,10,9584.7,0.0,-20.19,0,0.0104,SGIS실제인접,823.1,8901.0,9.25,False,211.58,0,실측(원자료 기반)
2022,경기도,동두천시,23,0,9584.7,0.0024,-61.54,1,0.0353,centroid근접(대체),823.1,8901.0,9.25,False,308.73,0,실측(원자료 기반)
2023,경기도,동두천시,36,23,9584.7,0.0038,-21.23,2,0.0566,SGIS실제인접,823.1,8901.0,9.25,False,323.48,0,추정(시군구 평균비중 x 국가총량)
2024,경기도,동두천시,31,36,9584.7,0.0032,20.94,3,0.0478,SGIS실제인접,823.1,8901.0,9.25,False,323.48,0,추정(시군구 평균비중 x 국가총량)
2025,경기도,동두천시,51,31,9584.7,0.0053,35.74,4,0.079,SGIS실제인접,823.1,8901.0,9.25,False,323.48,0,추정(시군구 평균비중 x 국가총량)
2016,경기도,부천시,0,0,5355.2,0.0,,0,0.0,SGIS실제인접,0.0,0.0,0.0,False,305.48,0,추정(시군구 평균비중 x 국가총량)
2017,경기도,부천시,0,0,5355.2,0.0,,0,0.0,SGIS실제인접,0.0,0.0,0.0,False,451.05,0,실측(원자료 기반)
2018,경기도,부천시,0,0,5355.2,0.0,,0,0.0,SGIS실제인접,0.0,0.0,0.0,False,451.05,0,실측(원자료 기반)
2019,경기도,부천시,0,0,5355.2,0.0,,0,0.0,SGIS실제인접,0.0,0.0,0.0,False,305.48,0,실측(원자료 기반)
2020,경기도,부천시,0,0,5355.2,0.0,,0,0.0,SGIS실제인접,0.0,0.0,0.0,False,305.48,0,실측(원자료 기반)
2021,경기도,부천시,0,0,5355.2,0.0,,0,0.0,SGIS실제인접,0.0,0.0,0.0,False,204.61,0,실측(원자료 기반)
2022,경기도,부천시,0,0,5355.2,0.0,,0,0.0,centroid근접(대체),0.0,0.0,0.0,False,285.67,0,실측(원자료 기반)
2023,경기도,부천시,0,0,5355.2,0.0,,0,0.0,SGIS실제인접,0.0,0.0,0.0,False,305.48,0,추정(시군구 평균비중 x 국가총량)
2024,경기도,부천시,0,0,5355.2,0.0,,0,0.0,SGIS실제인접,0.0,0.0,0.0,False,305.48,0,추정(시군구 평균비중 x 국가총량)
2025,경기도,부천시,0,0,5355.2,0.0,,0,0.0,SGIS실제인접,0.0,0.0,0.0,False,305.48,0,추정(시군구 평균비중 x 국가총량)
2016,경기도,성남시,2082,2960,14139.6,0.1472,,1,0.177,SGIS실제인접,235.3,9497.1,2.48,False,277.62,1,추정(시군구 평균비중 x 국가총량)
2017,경기도,성남시,1544,2082,14139.6,0.1092,,2,0.1116,SGIS실제인접,235.3,9497.1,2.48,False,442.88,1,실측(원자료 기반)
2018,경기도,성남시,1362,1544,14139.6,0.0963,,3,0.083,SGIS실제인접,235.3,9497.1,2.48,False,442.88,1,실측(원자료 기반)
2019,경기도,성남시,911,1362,14139.6,0.0644,-23.58,4,0.0889,SGIS실제인접,235.3,9497.1,2.48,False,277.62,1,실측(원자료 기반)
2020,경기도,성남시,915,911,14139.6,0.0647,-14.82,5,0.0761,SGIS실제인접,235.3,9497.1,2.48,False,277.62,1,실측(원자료 기반)
2021,경기도,성남시,19,915,14139.6,0.0013,-43.53,6,0.0241,SGIS실제인접,235.3,9497.1,2.48,False,174.18,1,실측(원자료 기반)
2022,경기도,성남시,423,19,14139.6,0.0299,676.28,7,0.0,centroid근접(대체),235.3,9497.1,2.48,False,259.45,0,실측(원자료 기반)
2023,경기도,성남시,1573,423,14139.6,0.1112,766.74,8,0.1337,SGIS실제인접,235.3,9497.1,2.48,False,277.62,1,추정(시군구 평균비중 x 국가총량)
2024,경기도,성남시,1327,1573,14139.6,0.0938,794.16,9,0.1127,SGIS실제인접,235.3,9497.1,2.48,False,277.62,1,추정(시군구 평균비중 x 국가총량)
2025,경기도,성남시,2193,1327,14139.6,0.1551,107.17,10,0.1864,SGIS실제인접,235.3,9497.1,2.48,False,277.62,1,추정(시군구 평균비중 x 국가총량)
2016,경기도,수원시,0,0,12097.6,0.0,,0,0.0088,SGIS실제인접,123.3,614.8,20.06,False,274.25,0,추정(시군구 평균비중 x 국가총량)
2017,경기도,수원시,0,0,12097.6,0.0,,0,0.0081,SGIS실제인접,123.3,614.8,20.06,False,427.8,0,실측(원자료 기반)
2018,경기도,수원시,0,0,12097.6,0.0,,0,0.0059,SGIS실제인접,123.3,614.8,20.06,False,427.8,0,실측(원자료 기반)
2019,경기도,수원시,0,0,12097.6,0.0,,0,0.0056,SGIS실제인접,123.3,614.8,20.06,False,274.25,0,실측(원자료 기반)
2020,경기도,수원시,0,0,12097.6,0.0,,0,0.001,SGIS실제인접,123.3,614.8,20.06,False,274.25,0,실측(원자료 기반)
2021,경기도,수원시,0,0,12097.6,0.0,,0,0.0014,SGIS실제인접,123.3,614.8,20.06,False,175.91,0,실측(원자료 기반)
2022,경기도,수원시,0,0,12097.6,0.0,,0,0.0001,centroid근접(대체),123.3,614.8,20.06,False,254.17,0,실측(원자료 기반)
2023,경기도,수원시,0,0,12097.6,0.0,,0,0.0066,SGIS실제인접,123.3,614.8,20.06,False,274.25,0,추정(시군구 평균비중 x 국가총량)
2024,경기도,수원시,0,0,12097.6,0.0,,0,0.0056,SGIS실제인접,123.3,614.8,20.06,False,274.25,0,추정(시군구 평균비중 x 국가총량)
2025,경기도,수원시,0,0,12097.6,0.0,,0,0.0093,SGIS실제인접,123.3,614.8,20.06,False,274.25,0,추정(시군구 평균비중 x 국가총량)
2016,경기도,시흥시,0,0,14153.6,0.0,,0,0.0,SGIS실제인접,0.0,0.0,0.0,True,296.75,0,추정(시군구 평균비중 x 국가총량)
2017,경기도,시흥시,0,0,14153.6,0.0,,0,0.0,SGIS실제인접,0.0,0.0,0.0,True,437.93,0,실측(원자료 기반)
2018,경기도,시흥시,0,0,14153.6,0.0,,0,0.0,SGIS실제인접,0.0,0.0,0.0,True,437.93,0,실측(원자료 기반)
2019,경기도,시흥시,0,0,14153.6,0.0,,0,0.0,SGIS실제인접,0.0,0.0,0.0,True,296.75,0,실측(원자료 기반)
2020,경기도,시흥시,0,0,14153.6,0.0,,0,0.0,SGIS실제인접,0.0,0.0,0.0,True,296.75,0,실측(원자료 기반)
2021,경기도,시흥시,0,0,14153.6,0.0,,0,0.0,SGIS실제인접,0.0,0.0,0.0,True,198.9,0,실측(원자료 기반)
2022,경기도,시흥시,0,0,14153.6,0.0,,0,0.0,centroid근접(대체),0.0,0.0,0.0,True,275.97,0,실측(원자료 기반)
2023,경기도,시흥시,0,0,14153.6,0.0,,0,0.0,SGIS실제인접,0.0,0.0,0.0,True,296.75,0,추정(시군구 평균비중 x 국가총량)
2024,경기도,시흥시,0,0,14153.6,0.0,,0,0.0,SGIS실제인접,0.0,0.0,0.0,True,296.75,0,추정(시군구 평균비중 x 국가총량)
2025,경기도,시흥시,0,0,14153.6,0.0,,0,0.0,SGIS실제인접,0.0,0.0,0.0,True,296.75,0,추정(시군구 평균비중 x 국가총량)
2016,경기도,안산시,0,0,17274.6,0.0,,0,0.0003,SGIS실제인접,0.0,0.0,0.0,False,292.15,0,추정(시군구 평균비중 x 국가총량)
2017,경기도,안산시,0,0,17274.6,0.0,,0,0.0002,SGIS실제인접,0.0,0.0,0.0,False,427.19,0,실측(원자료 기반)
2018,경기도,안산시,0,0,17274.6,0.0,,0,0.0001,SGIS실제인접,0.0,0.0,0.0,False,427.19,0,실측(원자료 기반)
2019,경기도,안산시,0,0,17274.6,0.0,,0,0.0002,SGIS실제인접,0.0,0.0,0.0,False,292.15,0,실측(원자료 기반)
2020,경기도,안산시,0,0,17274.6,0.0,,0,0.0002,SGIS실제인접,0.0,0.0,0.0,False,292.15,0,실측(원자료 기반)
2021,경기도,안산시,0,0,17274.6,0.0,,0,0.0,SGIS실제인접,0.0,0.0,0.0,False,197.5,0,실측(원자료 기반)
2022,경기도,안산시,0,0,17274.6,0.0,,0,0.0,centroid근접(대체),0.0,0.0,0.0,False,270.34,0,실측(원자료 기반)
2023,경기도,안산시,0,0,17274.6,0.0,,0,0.0002,SGIS실제인접,0.0,0.0,0.0,False,292.15,0,추정(시군구 평균비중 x 국가총량)
2024,경기도,안산시,0,0,17274.6,0.0,,0,0.0002,SGIS실제인접,0.0,0.0,0.0,False,292.15,0,추정(시군구 평균비중 x 국가총량)
2025,경기도,안산시,0,0,17274.6,0.0,,0,0.0003,SGIS실제인접,0.0,0.0,0.0,False,292.15,0,추정(시군구 평균비중 x 국가총량)
2016,경기도,안성시,335,477,55289.7,0.0061,,1,0.0073,SGIS실제인접,2640.9,28143.2,9.38,False,236.51,0,추정(시군구 평균비중 x 국가총량)
2017,경기도,안성시,158,335,55289.7,0.0029,,2,0.0058,SGIS실제인접,2640.9,28143.2,9.38,False,404.52,1,실측(원자료 기반)
2018,경기도,안성시,283,158,55289.7,0.0051,,3,0.0041,SGIS실제인접,2640.9,28143.2,9.38,False,404.52,1,실측(원자료 기반)
2019,경기도,안성시,328,283,55289.7,0.0059,14.05,4,0.0038,SGIS실제인접,2640.9,28143.2,9.38,False,236.51,1,실측(원자료 기반)
2020,경기도,안성시,49,328,55289.7,0.0009,3.32,5,0.0006,SGIS실제인접,2640.9,28143.2,9.38,False,236.51,0,실측(원자료 기반)
2021,경기도,안성시,1,49,55289.7,0.0,-55.71,6,0.0019,SGIS실제인접,2640.9,28143.2,9.38,False,141.11,0,실측(원자료 기반)
2022,경기도,안성시,22,1,55289.7,0.0004,638.99,7,0.0015,centroid근접(대체),2640.9,28143.2,9.38,False,216.53,0,실측(원자료 기반)
2023,경기도,안성시,253,22,55289.7,0.0046,1017.61,8,0.0055,SGIS실제인접,2640.9,28143.2,9.38,False,236.51,0,추정(시군구 평균비중 x 국가총량)
2024,경기도,안성시,214,253,55289.7,0.0039,1045.04,9,0.0047,SGIS실제인접,2640.9,28143.2,9.38,False,236.51,0,추정(시군구 평균비중 x 국가총량)
2025,경기도,안성시,353,214,55289.7,0.0064,366.81,10,0.0077,SGIS실제인접,2640.9,28143.2,9.38,False,236.51,0,추정(시군구 평균비중 x 국가총량)
2016,경기도,안양시,0,0,5847.6,0.0,,0,0.0001,SGIS실제인접,0.0,0.0,0.0,False,288.8,0,추정(시군구 평균비중 x 국가총량)
2017,경기도,안양시,0,0,5847.6,0.0,,0,0.0002,SGIS실제인접,0.0,0.0,0.0,False,440.65,0,실측(원자료 기반)
2018,경기도,안양시,0,0,5847.6,0.0,,0,0.0,SGIS실제인접,0.0,0.0,0.0,False,440.65,0,실측(원자료 기반)
2019,경기도,안양시,0,0,5847.6,0.0,,0,0.0001,SGIS실제인접,0.0,0.0,0.0,False,288.8,0,실측(원자료 기반)
2020,경기도,안양시,0,0,5847.6,0.0,,0,0.0,SGIS실제인접,0.0,0.0,0.0,False,288.8,0,실측(원자료 기반)
2021,경기도,안양시,0,0,5847.6,0.0,,0,0.0,SGIS실제인접,0.0,0.0,0.0,False,188.39,0,실측(원자료 기반)
2022,경기도,안양시,0,0,5847.6,0.0,,0,0.0001,centroid근접(대체),0.0,0.0,0.0,False,269.16,0,실측(원자료 기반)
2023,경기도,안양시,0,0,5847.6,0.0,,0,0.0001,SGIS실제인접,0.0,0.0,0.0,False,288.8,0,추정(시군구 평균비중 x 국가총량)
2024,경기도,안양시,0,0,5847.6,0.0,,0,0.0001,SGIS실제인접,0.0,0.0,0.0,False,288.8,0,추정(시군구 평균비중 x 국가총량)
2025,경기도,안양시,0,0,5847.6,0.0,,0,0.0001,SGIS실제인접,0.0,0.0,0.0,False,288.8,0,추정(시군구 평균비중 x 국가총량)
2016,경기도,양주시,102,145,31025.1,0.0033,,1,0.0284,SGIS실제인접,2692.7,21416.9,12.57,False,318.08,0,추정(시군구 평균비중 x 국가총량)
2017,경기도,양주시,25,102,31025.1,0.0008,,2,0.0108,SGIS실제인접,2692.7,21416.9,12.57,False,486.08,0,실측(원자료 기반)
2018,경기도,양주시,66,25,31025.1,0.0021,,3,0.0085,SGIS실제인접,2692.7,21416.9,12.57,False,486.08,1,실측(원자료 기반)
2019,경기도,양주시,28,66,31025.1,0.0009,10.29,4,0.0081,SGIS실제인접,2692.7,21416.9,12.57,False,318.08,0,실측(원자료 기반)
2020,경기도,양주시,4,28,31025.1,0.0001,6.9,5,0.0132,SGIS실제인접,2692.7,21416.9,12.57,False,318.08,0,실측(원자료 기반)
2021,경기도,양주시,11,4,31025.1,0.0004,10.57,6,0.0039,SGIS실제인접,2692.7,21416.9,12.57,False,208.56,0,실측(원자료 기반)
2022,경기도,양주시,79,11,31025.1,0.0025,235.82,7,0.0008,centroid근접(대체),2692.7,21416.9,12.57,False,302.02,0,실측(원자료 기반)
2023,경기도,양주시,77,79,31025.1,0.0025,263.66,8,0.0215,SGIS실제인접,2692.7,21416.9,12.57,False,318.08,0,추정(시군구 평균비중 x 국가총량)
2024,경기도,양주시,65,77,31025.1,0.0021,200.11,9,0.0181,SGIS실제인접,2692.7,21416.9,12.57,False,318.08,0,추정(시군구 평균비중 x 국가총량)
2025,경기도,양주시,108,65,31025.1,0.0035,15.83,10,0.0299,SGIS실제인접,2692.7,21416.9,12.57,False,318.08,0,추정(시군구 평균비중 x 국가총량)
2016,경기도,양평군,23669,33655,87608.9,0.2702,,1,0.2527,SGIS실제인접,11375.6,75786.6,15.01,False,261.91,1,추정(시군구 평균비중 x 국가총량)
2017,경기도,양평군,1552,23669,87608.9,0.0177,,2,0.135,SGIS실제인접,11375.6,75786.6,15.01,False,461.86,1,실측(원자료 기반)
2018,경기도,양평군,1318,1552,87608.9,0.015,,3,0.1041,SGIS실제인접,11375.6,75786.6,15.01,False,461.86,1,실측(원자료 기반)
2019,경기도,양평군,3761,1318,87608.9,0.0429,25.61,4,0.1122,SGIS실제인접,11375.6,75786.6,15.01,False,261.91,1,실측(원자료 기반)
2020,경기도,양평군,5869,3761,87608.9,0.067,75.44,5,0.1236,SGIS실제인접,11375.6,75786.6,15.01,False,261.91,1,실측(원자료 기반)
2021,경기도,양평군,8307,5869,87608.9,0.0948,94.32,6,0.0399,SGIS실제인접,11375.6,75786.6,15.01,False,149.08,1,실측(원자료 기반)
2022,경기도,양평군,17997,8307,87608.9,0.2054,71.41,7,0.0698,centroid근접(대체),11375.6,75786.6,15.01,False,248.87,1,실측(원자료 기반)
2023,경기도,양평군,17881,17997,87608.9,0.2041,52.51,8,0.1909,SGIS실제인접,11375.6,75786.6,15.01,False,261.91,1,추정(시군구 평균비중 x 국가총량)
2024,경기도,양평군,15080,17881,87608.9,0.1721,33.45,9,0.161,SGIS실제인접,11375.6,75786.6,15.01,False,261.91,1,추정(시군구 평균비중 x 국가총량)
2025,경기도,양평군,24932,15080,87608.9,0.2846,16.34,10,0.2661,SGIS실제인접,11375.6,75786.6,15.01,False,261.91,1,추정(시군구 평균비중 x 국가총량)
2016,경기도,여주시,143,203,60687.0,0.0024,,1,0.2712,SGIS실제인접,2354.3,31035.4,7.59,False,240.47,0,추정(시군구 평균비중 x 국가총량)
2017,경기도,여주시,8,143,60687.0,0.0001,,2,0.135,SGIS실제인접,2354.3,31035.4,7.59,False,439.25,0,실측(원자료 기반)
2018,경기도,여주시,23,8,60687.0,0.0004,,3,0.1089,SGIS실제인접,2354.3,31035.4,7.59,False,439.25,0,실측(원자료 기반)
2019,경기도,여주시,12,23,60687.0,0.0002,15.09,4,0.1208,SGIS실제인접,2354.3,31035.4,7.59,False,240.47,0,실측(원자료 기반)
2020,경기도,여주시,80,12,60687.0,0.0013,235.45,5,0.1119,SGIS실제인접,2354.3,31035.4,7.59,False,240.47,0,실측(원자료 기반)
2021,경기도,여주시,80,80,60687.0,0.0013,172.95,6,0.0466,SGIS실제인접,2354.3,31035.4,7.59,False,131.03,0,실측(원자료 기반)
2022,경기도,여주시,31,80,60687.0,0.0005,168.47,7,0.0706,centroid근접(대체),2354.3,31035.4,7.59,False,226.1,0,실측(원자료 기반)
2023,경기도,여주시,108,31,60687.0,0.0018,62.19,8,0.2049,SGIS실제인접,2354.3,31035.4,7.59,False,240.47,0,추정(시군구 평균비중 x 국가총량)
2024,경기도,여주시,91,108,60687.0,0.0015,56.97,9,0.1728,SGIS실제인접,2354.3,31035.4,7.59,False,240.47,0,추정(시군구 평균비중 x 국가총량)
2025,경기도,여주시,150,91,60687.0,0.0025,99.16,10,0.2857,SGIS실제인접,2354.3,31035.4,7.59,False,240.47,0,추정(시군구 평균비중 x 국가총량)
2016,경기도,연천군,617,878,69638.2,0.0089,,1,0.0443,SGIS실제인접,889.8,12514.9,7.11,False,342.54,1,추정(시군구 평균비중 x 국가총량)
2017,경기도,연천군,1033,617,69638.2,0.0148,,2,0.0145,SGIS실제인접,889.8,12514.9,7.11,False,518.13,1,실측(원자료 기반)
2018,경기도,연천군,288,1033,69638.2,0.0041,,3,0.0132,SGIS실제인접,889.8,12514.9,7.11,False,518.13,1,실측(원자료 기반)
2019,경기도,연천군,188,288,69638.2,0.0027,-13.17,4,0.0126,SGIS실제인접,889.8,12514.9,7.11,False,342.54,1,실측(원자료 기반)
2020,경기도,연천군,241,188,69638.2,0.0035,-26.22,5,0.0204,SGIS실제인접,889.8,12514.9,7.11,False,342.54,1,실측(원자료 기반)
2021,경기도,연천군,11,241,69638.2,0.0002,-33.99,6,0.0063,SGIS실제인접,889.8,12514.9,7.11,False,229.17,0,실측(원자료 기반)
2022,경기도,연천군,55,11,69638.2,0.0008,110.92,7,0.0361,centroid근접(대체),889.8,12514.9,7.11,False,328.49,0,실측(원자료 기반)
2023,경기도,연천군,466,55,69638.2,0.0067,350.83,8,0.0335,SGIS실제인접,889.8,12514.9,7.11,False,342.54,1,추정(시군구 평균비중 x 국가총량)
2024,경기도,연천군,393,466,69638.2,0.0056,377.43,9,0.0282,SGIS실제인접,889.8,12514.9,7.11,False,342.54,1,추정(시군구 평균비중 x 국가총량)
2025,경기도,연천군,650,393,69638.2,0.0093,265.87,10,0.0467,SGIS실제인접,889.8,12514.9,7.11,False,342.54,1,추정(시군구 평균비중 x 국가총량)
2016,경기도,오산시,0,0,4263.0,0.0,,0,0.0035,SGIS실제인접,0.0,0.0,0.0,True,262.55,0,추정(시군구 평균비중 x 국가총량)
2017,경기도,오산시,0,0,4263.0,0.0,,0,0.0011,SGIS실제인접,0.0,0.0,0.0,True,415.31,0,실측(원자료 기반)
2018,경기도,오산시,0,0,4263.0,0.0,,0,0.0003,SGIS실제인접,0.0,0.0,0.0,True,415.31,0,실측(원자료 기반)
2019,경기도,오산시,0,0,4263.0,0.0,,0,0.0001,SGIS실제인접,0.0,0.0,0.0,True,262.55,0,실측(원자료 기반)
2020,경기도,오산시,0,0,4263.0,0.0,,0,0.0007,SGIS실제인접,0.0,0.0,0.0,True,262.55,0,실측(원자료 기반)
2021,경기도,오산시,0,0,4263.0,0.0,,0,0.0014,SGIS실제인접,0.0,0.0,0.0,True,167.1,0,실측(원자료 기반)
2022,경기도,오산시,0,0,4263.0,0.0,,0,0.0027,centroid근접(대체),0.0,0.0,0.0,True,241.74,0,실측(원자료 기반)
2023,경기도,오산시,0,0,4263.0,0.0,,0,0.0027,SGIS실제인접,0.0,0.0,0.0,True,262.55,0,추정(시군구 평균비중 x 국가총량)
2024,경기도,오산시,0,0,4263.0,0.0,,0,0.0022,SGIS실제인접,0.0,0.0,0.0,True,262.55,0,추정(시군구 평균비중 x 국가총량)
2025,경기도,오산시,0,0,4263.0,0.0,,0,0.0037,SGIS실제인접,0.0,0.0,0.0,True,262.55,0,추정(시군구 평균비중 x 국가총량)
2016,경기도,용인시,1968,2799,59130.2,0.0333,,1,0.1888,SGIS실제인접,2584.0,36727.7,7.04,False,256.19,1,추정(시군구 평균비중 x 국가총량)
2017,경기도,용인시,1831,1968,59130.2,0.031,,2,0.1134,SGIS실제인접,2584.0,36727.7,7.04,False,423.74,1,실측(원자료 기반)
2018,경기도,용인시,1384,1831,59130.2,0.0234,,3,0.0925,SGIS실제인접,2584.0,36727.7,7.04,False,423.74,1,실측(원자료 기반)
2019,경기도,용인시,1265,1384,59130.2,0.0214,-13.33,4,0.094,SGIS실제인접,2584.0,36727.7,7.04,False,256.19,1,실측(원자료 기반)
2020,경기도,용인시,154,1265,59130.2,0.0026,-40.28,5,0.0837,SGIS실제인접,2584.0,36727.7,7.04,False,256.19,1,실측(원자료 기반)
2021,경기도,용인시,324,154,59130.2,0.0055,4.66,6,0.0233,SGIS실제인접,2584.0,36727.7,7.04,False,155.99,1,실측(원자료 기반)
2022,경기도,용인시,180,324,59130.2,0.003,-7.29,7,0.067,centroid근접(대체),2584.0,36727.7,7.04,False,237.29,0,실측(원자료 기반)
2023,경기도,용인시,1487,180,59130.2,0.0251,264.03,8,0.1427,SGIS실제인접,2584.0,36727.7,7.04,False,256.19,1,추정(시군구 평균비중 x 국가총량)
2024,경기도,용인시,1254,1487,59130.2,0.0212,222.02,9,0.1203,SGIS실제인접,2584.0,36727.7,7.04,False,256.19,1,추정(시군구 평균비중 x 국가총량)
2025,경기도,용인시,2074,1254,59130.2,0.0351,258.61,10,0.1989,SGIS실제인접,2584.0,36727.7,7.04,False,256.19,1,추정(시군구 평균비중 x 국가총량)
2016,경기도,의왕시,5,7,5386.3,0.0009,,1,0.0258,SGIS실제인접,0.0,0.0,0.0,True,281.77,0,추정(시군구 평균비중 x 국가총량)
2017,경기도,의왕시,7,5,5386.3,0.0013,,2,0.02,SGIS실제인접,0.0,0.0,0.0,True,436.69,0,실측(원자료 기반)
2018,경기도,의왕시,0,7,5386.3,0.0,,0,0.0171,SGIS실제인접,0.0,0.0,0.0,True,436.69,0,실측(원자료 기반)
2019,경기도,의왕시,5,0,5386.3,0.0009,-25.35,1,0.0123,SGIS실제인접,0.0,0.0,0.0,True,281.77,0,실측(원자료 기반)
2020,경기도,의왕시,0,5,5386.3,0.0,-100.0,0,0.0096,SGIS실제인접,0.0,0.0,0.0,True,281.77,0,실측(원자료 기반)
2021,경기도,의왕시,0,0,5386.3,0.0,-100.0,0,0.001,SGIS실제인접,0.0,0.0,0.0,True,181.46,0,실측(원자료 기반)
2022,경기도,의왕시,1,0,5386.3,0.0002,-100.0,1,0.0,centroid근접(대체),0.0,0.0,0.0,True,262.25,0,실측(원자료 기반)
2023,경기도,의왕시,4,1,5386.3,0.0007,254.19,2,0.0195,SGIS실제인접,0.0,0.0,0.0,True,281.77,0,추정(시군구 평균비중 x 국가총량)
2024,경기도,의왕시,3,4,5386.3,0.0006,119.26,3,0.0164,SGIS실제인접,0.0,0.0,0.0,True,281.77,0,추정(시군구 평균비중 x 국가총량)
2025,경기도,의왕시,5,3,5386.3,0.0009,101.28,4,0.0272,SGIS실제인접,0.0,0.0,0.0,True,281.77,0,추정(시군구 평균비중 x 국가총량)
2016,경기도,의정부시,0,0,8175.9,0.0,,1,0.121,SGIS실제인접,348.3,6156.2,5.66,False,308.1,0,추정(시군구 평균비중 x 국가총량)
2017,경기도,의정부시,1,0,8175.9,0.0001,,2,0.0422,SGIS실제인접,348.3,6156.2,5.66,False,478.65,0,실측(원자료 기반)
2018,경기도,의정부시,0,1,8175.9,0.0,,0,0.0308,SGIS실제인접,348.3,6156.2,5.66,False,478.65,0,실측(원자료 기반)
2019,경기도,의정부시,0,0,8175.9,0.0,110.3,0,0.0325,SGIS실제인접,348.3,6156.2,5.66,False,308.1,0,실측(원자료 기반)
2020,경기도,의정부시,0,0,8175.9,0.0,-100.0,0,0.069,SGIS실제인접,348.3,6156.2,5.66,False,308.1,0,실측(원자료 기반)
2021,경기도,의정부시,0,0,8175.9,0.0,,0,0.0242,SGIS실제인접,348.3,6156.2,5.66,False,198.85,0,실측(원자료 기반)
2022,경기도,의정부시,0,0,8175.9,0.0,,0,0.0008,centroid근접(대체),348.3,6156.2,5.66,False,292.06,0,실측(원자료 기반)
2023,경기도,의정부시,0,0,8175.9,0.0,,1,0.0914,SGIS실제인접,348.3,6156.2,5.66,False,308.1,0,추정(시군구 평균비중 x 국가총량)
2024,경기도,의정부시,0,0,8175.9,0.0,-15.66,2,0.0771,SGIS실제인접,348.3,6156.2,5.66,False,308.1,0,추정(시군구 평균비중 x 국가총량)
2025,경기도,의정부시,0,0,8175.9,0.0,24.83,3,0.1274,SGIS실제인접,348.3,6156.2,5.66,False,308.1,0,추정(시군구 평균비중 x 국가총량)
2016,경기도,이천시,205,292,46150.2,0.0044,,1,0.2773,SGIS실제인접,660.6,16744.7,3.95,False,239.8,0,추정(시군구 평균비중 x 국가총량)
2017,경기도,이천시,71,205,46150.2,0.0015,,2,0.1649,SGIS실제인접,660.6,16744.7,3.95,False,426.6,1,실측(원자료 기반)
2018,경기도,이천시,38,71,46150.2,0.0008,,3,0.1332,SGIS실제인접,660.6,16744.7,3.95,False,426.6,0,실측(원자료 기반)
2019,경기도,이천시,46,38,46150.2,0.001,-30.27,4,0.1413,SGIS실제인접,660.6,16744.7,3.95,False,239.8,1,실측(원자료 기반)
2020,경기도,이천시,30,46,46150.2,0.0007,-20.07,5,0.1213,SGIS실제인접,660.6,16744.7,3.95,False,239.8,0,실측(원자료 기반)
2021,경기도,이천시,127,30,46150.2,0.0028,103.2,6,0.0373,SGIS실제인접,660.6,16744.7,3.95,False,135.18,1,실측(원자료 기반)
2022,경기도,이천시,61,127,46150.2,0.0013,78.86,7,0.0013,centroid근접(대체),660.6,16744.7,3.95,False,223.2,0,실측(원자료 기반)
2023,경기도,이천시,155,61,46150.2,0.0034,141.76,8,0.2095,SGIS실제인접,660.6,16744.7,3.95,False,239.8,0,추정(시군구 평균비중 x 국가총량)
2024,경기도,이천시,131,155,46150.2,0.0028,28.77,9,0.1767,SGIS실제인접,660.6,16744.7,3.95,False,239.8,0,추정(시군구 평균비중 x 국가총량)
2025,경기도,이천시,216,131,46150.2,0.0047,67.86,10,0.2921,SGIS실제인접,660.6,16744.7,3.95,False,239.8,0,추정(시군구 평균비중 x 국가총량)
2016,경기도,파주시,35,49,68877.2,0.0005,,1,0.003,SGIS실제인접,816.2,9519.0,8.57,False,332.81,0,추정(시군구 평균비중 x 국가총량)
2017,경기도,파주시,6,35,68877.2,0.0001,,2,0.0039,SGIS실제인접,816.2,9519.0,8.57,False,490.06,0,실측(원자료 기반)
2018,경기도,파주시,0,6,68877.2,0.0,,0,0.0016,SGIS실제인접,816.2,9519.0,8.57,False,490.06,0,실측(원자료 기반)
2019,경기도,파주시,6,0,68877.2,0.0001,-91.34,1,0.0009,SGIS실제인접,816.2,9519.0,8.57,False,332.81,0,실측(원자료 기반)
2020,경기도,파주시,0,6,68877.2,0.0,-100.0,0,0.0009,SGIS실제인접,816.2,9519.0,8.57,False,332.81,0,실측(원자료 기반)
2021,경기도,파주시,11,0,68877.2,0.0002,-100.0,1,0.0001,SGIS실제인접,816.2,9519.0,8.57,False,224.9,0,실측(원자료 기반)
2022,경기도,파주시,35,11,68877.2,0.0005,59.09,2,0.0016,centroid근접(대체),816.2,9519.0,8.57,False,315.69,0,실측(원자료 기반)
2023,경기도,파주시,26,35,68877.2,0.0004,96.49,3,0.0023,SGIS실제인접,816.2,9519.0,8.57,False,332.81,0,추정(시군구 평균비중 x 국가총량)
2024,경기도,파주시,22,26,68877.2,0.0003,59.11,4,0.0019,SGIS실제인접,816.2,9519.0,8.57,False,332.81,0,추정(시군구 평균비중 x 국가총량)
2025,경기도,파주시,37,22,68877.2,0.0005,8.16,5,0.0032,SGIS실제인접,816.2,9519.0,8.57,False,332.81,0,추정(시군구 평균비중 x 국가총량)
2016,경기도,평택시,274,390,45906.3,0.006,,1,0.0058,SGIS실제인접,553.3,5290.0,10.46,False,255.76,0,추정(시군구 평균비중 x 국가총량)
2017,경기도,평택시,97,274,45906.3,0.0021,,2,0.0048,SGIS실제인접,553.3,5290.0,10.46,False,398.42,1,실측(원자료 기반)
2018,경기도,평택시,13,97,45906.3,0.0003,,3,0.0041,SGIS실제인접,553.3,5290.0,10.46,False,398.42,0,실측(원자료 기반)
2019,경기도,평택시,8,13,45906.3,0.0002,-63.24,4,0.0039,SGIS실제인접,553.3,5290.0,10.46,False,255.76,0,실측(원자료 기반)
2020,경기도,평택시,0,8,45906.3,0.0,-75.02,0,0.0007,SGIS실제인접,553.3,5290.0,10.46,False,255.76,0,실측(원자료 기반)
2021,경기도,평택시,130,0,45906.3,0.0028,-69.23,1,0.0008,SGIS실제인접,553.3,5290.0,10.46,False,166.56,0,실측(원자료 기반)
2022,경기도,평택시,229,130,45906.3,0.005,-11.92,2,0.0,centroid근접(대체),553.3,5290.0,10.46,False,233.13,0,실측(원자료 기반)
2023,경기도,평택시,207,229,45906.3,0.0045,33.35,3,0.0044,SGIS실제인접,553.3,5290.0,10.46,False,255.76,0,추정(시군구 평균비중 x 국가총량)
2024,경기도,평택시,175,207,45906.3,0.0038,17.01,4,0.0037,SGIS실제인접,553.3,5290.0,10.46,False,255.76,0,추정(시군구 평균비중 x 국가총량)
2025,경기도,평택시,289,175,45906.3,0.0063,13.41,5,0.0061,SGIS실제인접,553.3,5290.0,10.46,False,255.76,0,추정(시군구 평균비중 x 국가총량)
2016,경기도,포천시,17559,24968,82515.8,0.2128,,1,0.0525,SGIS실제인접,10168.8,67725.1,15.01,False,319.69,1,추정(시군구 평균비중 x 국가총량)
2017,경기도,포천시,5236,17559,82515.8,0.0635,,2,0.0222,SGIS실제인접,10168.8,67725.1,15.01,False,506.28,1,실측(원자료 기반)
2018,경기도,포천시,5221,5236,82515.8,0.0633,,3,0.0121,SGIS실제인접,10168.8,67725.1,15.01,False,506.28,1,실측(원자료 기반)
2019,경기도,포천시,5018,5221,82515.8,0.0608,-24.79,4,0.0134,SGIS실제인접,10168.8,67725.1,15.01,False,319.69,1,실측(원자료 기반)
2020,경기도,포천시,8319,5018,82515.8,0.1008,20.54,5,0.0322,SGIS실제인접,10168.8,67725.1,15.01,False,319.69,1,실측(원자료 기반)
2021,경기도,포천시,2544,8319,82515.8,0.0308,-2.51,6,0.0117,SGIS실제인접,10168.8,67725.1,15.01,False,205.32,1,실측(원자료 기반)
2022,경기도,포천시,8528,2544,82515.8,0.1033,77.19,7,0.0028,centroid근접(대체),10168.8,67725.1,15.01,False,306.66,0,실측(원자료 기반)
2023,경기도,포천시,13265,8528,82515.8,0.1608,73.78,8,0.0396,SGIS실제인접,10168.8,67725.1,15.01,False,319.69,1,추정(시군구 평균비중 x 국가총량)
2024,경기도,포천시,11188,13265,82515.8,0.1356,91.7,9,0.0334,SGIS실제인접,10168.8,67725.1,15.01,False,319.69,1,추정(시군구 평균비중 x 국가총량)
2025,경기도,포천시,18496,11188,82515.8,0.2242,35.07,10,0.0553,SGIS실제인접,10168.8,67725.1,15.01,False,319.69,1,추정(시군구 평균비중 x 국가총량)
2016,경기도,하남시,339,482,9276.2,0.0365,,1,0.3135,SGIS실제인접,221.4,5424.8,4.08,False,282.07,1,추정(시군구 평균비중 x 국가총량)
2017,경기도,하남시,650,339,9276.2,0.0701,,2,0.1744,SGIS실제인접,221.4,5424.8,4.08,False,456.62,1,실측(원자료 기반)
2018,경기도,하남시,35,650,9276.2,0.0038,,3,0.137,SGIS실제인접,221.4,5424.8,4.08,False,456.62,1,실측(원자료 기반)
2019,경기도,하남시,93,35,9276.2,0.01,54.32,4,0.1407,SGIS실제인접,221.4,5424.8,4.08,False,282.07,1,실측(원자료 기반)
2020,경기도,하남시,46,93,9276.2,0.005,6.85,5,0.1517,SGIS실제인접,221.4,5424.8,4.08,False,282.07,1,실측(원자료 기반)
2021,경기도,하남시,72,46,9276.2,0.0078,57.23,6,0.0451,SGIS실제인접,221.4,5424.8,4.08,False,174.71,1,실측(원자료 기반)
2022,경기도,하남시,73,72,9276.2,0.0079,2.46,7,0.0,centroid근접(대체),221.4,5424.8,4.08,False,265.57,0,실측(원자료 기반)
2023,경기도,하남시,256,73,9276.2,0.0276,102.84,8,0.2368,SGIS실제인접,221.4,5424.8,4.08,False,282.07,1,추정(시군구 평균비중 x 국가총량)
2024,경기도,하남시,216,256,9276.2,0.0233,78.78,9,0.1998,SGIS실제인접,221.4,5424.8,4.08,False,282.07,1,추정(시군구 평균비중 x 국가총량)
2025,경기도,하남시,357,216,9276.2,0.0385,100.09,10,0.3303,SGIS실제인접,221.4,5424.8,4.08,False,282.07,1,추정(시군구 평균비중 x 국가총량)
2016,경기도,화성시,83,118,79347.9,0.001,,1,0.0079,SGIS실제인접,2134.7,19193.9,11.12,False,276.0,0,추정(시군구 평균비중 x 국가총량)
2017,경기도,화성시,0,83,79347.9,0.0,,0,0.0066,SGIS실제인접,2134.7,19193.9,11.12,False,414.39,0,실측(원자료 기반)
2018,경기도,화성시,31,0,79347.9,0.0004,,1,0.0047,SGIS실제인접,2134.7,19193.9,11.12,False,414.39,0,실측(원자료 기반)
2019,경기도,화성시,6,31,79347.9,0.0001,-90.32,2,0.0043,SGIS실제인접,2134.7,19193.9,11.12,False,276.0,0,실측(원자료 기반)
2020,경기도,화성시,113,6,79347.9,0.0014,851.34,3,0.0005,SGIS실제인접,2134.7,19193.9,11.12,False,276.0,0,실측(원자료 기반)
2021,경기도,화성시,4,113,79347.9,0.0001,535.41,4,0.0017,SGIS실제인접,2134.7,19193.9,11.12,False,183.45,0,실측(원자료 기반)
2022,경기도,화성시,1,4,79347.9,0.0,537.29,5,0.0,centroid근접(대체),2134.7,19193.9,11.12,False,253.87,0,실측(원자료 기반)
2023,경기도,화성시,62,1,79347.9,0.0008,1992.57,6,0.0059,SGIS실제인접,2134.7,19193.9,11.12,False,276.0,0,추정(시군구 평균비중 x 국가총량)
2024,경기도,화성시,53,62,79347.9,0.0007,2019.5,7,0.005,SGIS실제인접,2134.7,19193.9,11.12,False,276.0,0,추정(시군구 평균비중 x 국가총량)
2025,경기도,화성시,87,53,79347.9,0.0011,2066.28,8,0.0083,SGIS실제인접,2134.7,19193.9,11.12,False,276.0,0,추정(시군구 평균비중 x 국가총량)
2016,경상남도,거제시,22783,32395,40966.2,0.5561,,1,0.2601,centroid근접(대체),11692.8,26782.3,43.66,False,90.87,1,추정(시군구 평균비중 x 국가총량)
2017,경상남도,거제시,13371,22783,40966.2,0.3264,,2,0.1546,centroid근접(대체),11692.8,26782.3,43.66,False,249.61,1,실측(원자료 기반)
2018,경상남도,거제시,14048,13371,40966.2,0.3429,,3,0.1722,centroid근접(대체),11692.8,26782.3,43.66,False,249.61,1,실측(원자료 기반)
2019,경상남도,거제시,7479,14048,40966.2,0.1826,-27.67,4,0.0799,centroid근접(대체),11692.8,26782.3,43.66,False,90.87,1,실측(원자료 기반)
2020,경상남도,거제시,6460,7479,40966.2,0.1577,-18.44,5,0.0513,centroid근접(대체),11692.8,26782.3,43.66,False,90.87,1,실측(원자료 기반)
2021,경상남도,거제시,5629,6460,40966.2,0.1374,-24.42,6,0.076,centroid근접(대체),11692.8,26782.3,43.66,False,190.21,1,실측(원자료 기반)
2022,경상남도,거제시,4988,5629,40966.2,0.1218,-12.63,7,0.0603,centroid근접(대체),11692.8,26782.3,43.66,False,71.3,1,실측(원자료 기반)
2023,경상남도,거제시,17211,4988,40966.2,0.4201,73.6,8,0.1965,centroid근접(대체),11692.8,26782.3,43.66,False,90.87,1,추정(시군구 평균비중 x 국가총량)
2024,경상남도,거제시,14515,17211,40966.2,0.3543,72.67,9,0.1657,centroid근접(대체),11692.8,26782.3,43.66,False,90.87,1,추정(시군구 평균비중 x 국가총량)
2025,경상남도,거제시,23998,14515,40966.2,0.5858,98.24,10,0.2739,centroid근접(대체),11692.8,26782.3,43.66,False,90.87,1,추정(시군구 평균비중 x 국가총량)
2016,경상남도,거창군,9,13,79889.2,0.0001,,1,0.0299,SGIS실제인접,20404.2,60087.1,33.96,False,118.06,0,추정(시군구 평균비중 x 국가총량)
2017,경상남도,거창군,8,9,79889.2,0.0001,,2,0.01,SGIS실제인접,20404.2,60087.1,33.96,False,283.46,0,실측(원자료 기반)
2018,경상남도,거창군,4,8,79889.2,0.0001,,3,0.0063,SGIS실제인접,20404.2,60087.1,33.96,False,283.46,0,실측(원자료 기반)
2019,경상남도,거창군,0,4,79889.2,0.0,-53.73,0,0.0097,SGIS실제인접,20404.2,60087.1,33.96,False,118.06,0,실측(원자료 기반)
2020,경상남도,거창군,4,0,79889.2,0.0001,-75.0,1,0.0085,SGIS실제인접,20404.2,60087.1,33.96,False,118.06,0,실측(원자료 기반)
2021,경상남도,거창군,2,4,79889.2,0.0,-75.0,2,0.0096,SGIS실제인접,20404.2,60087.1,33.96,False,122.67,0,실측(원자료 기반)
2022,경상남도,거창군,3,2,79889.2,0.0,0.0,3,0.0001,centroid근접(대체),20404.2,60087.1,33.96,False,84.29,0,실측(원자료 기반)
2023,경상남도,거창군,7,3,79889.2,0.0001,42.28,4,0.0226,SGIS실제인접,20404.2,60087.1,33.96,False,118.06,0,추정(시군구 평균비중 x 국가총량)
2024,경상남도,거창군,6,7,79889.2,0.0001,53.73,5,0.019,SGIS실제인접,20404.2,60087.1,33.96,False,118.06,0,추정(시군구 평균비중 x 국가총량)
2025,경상남도,거창군,9,6,79889.2,0.0001,58.84,6,0.0315,SGIS실제인접,20404.2,60087.1,33.96,False,118.06,0,추정(시군구 평균비중 x 국가총량)
2016,경상남도,고성군,4748,6751,51991.7,0.0913,,1,0.4037,SGIS실제인접,16807.4,33517.1,50.15,False,100.58,1,추정(시군구 평균비중 x 국가총량)
2017,경상남도,고성군,1933,4748,51991.7,0.0372,,2,0.1884,SGIS실제인접,16807.4,33517.1,50.15,False,238.17,1,실측(원자료 기반)
2018,경상남도,고성군,1158,1933,51991.7,0.0223,,3,0.2507,SGIS실제인접,16807.4,33517.1,50.15,False,238.17,1,실측(원자료 기반)
2019,경상남도,고성군,1097,1158,51991.7,0.0211,-34.88,4,0.1425,SGIS실제인접,16807.4,33517.1,50.15,False,100.58,1,실측(원자료 기반)
2020,경상남도,고성군,518,1097,51991.7,0.01,-32.71,5,0.0842,SGIS실제인접,16807.4,33517.1,50.15,False,100.58,1,실측(원자료 기반)
2021,경상남도,고성군,3156,518,51991.7,0.0607,150.41,6,0.0991,SGIS실제인접,16807.4,33517.1,50.15,False,179.07,1,실측(원자료 기반)
2022,경상남도,고성군,1025,3156,51991.7,0.0197,129.65,7,0.1406,centroid근접(대체),16807.4,33517.1,50.15,False,70.19,1,실측(원자료 기반)
2023,경상남도,고성군,3587,1025,51991.7,0.069,230.55,8,0.305,SGIS실제인접,16807.4,33517.1,50.15,False,100.58,1,추정(시군구 평균비중 x 국가총량)
2024,경상남도,고성군,3025,3587,51991.7,0.0582,55.57,9,0.2572,SGIS실제인접,16807.4,33517.1,50.15,False,100.58,1,추정(시군구 평균비중 x 국가총량)
2025,경상남도,고성군,5001,3025,51991.7,0.0962,99.86,10,0.4253,SGIS실제인접,16807.4,33517.1,50.15,False,100.58,1,추정(시군구 평균비중 x 국가총량)
2016,경상남도,김해시,14562,20707,46167.3,0.3154,,1,0.2774,SGIS실제인접,7335.4,21186.8,34.62,False,43.48,1,추정(시군구 평균비중 x 국가총량)
2017,경상남도,김해시,13175,14562,46167.3,0.2854,,2,0.2045,SGIS실제인접,7335.4,21186.8,34.62,False,294.1,1,실측(원자료 기반)
2018,경상남도,김해시,12032,13175,46167.3,0.2606,,3,0.159,SGIS실제인접,7335.4,21186.8,34.62,False,294.1,1,실측(원자료 기반)
2019,경상남도,김해시,4527,12032,46167.3,0.0981,-26.86,4,0.0802,SGIS실제인접,7335.4,21186.8,34.62,False,43.48,1,실측(원자료 기반)
2020,경상남도,김해시,3496,4527,46167.3,0.0757,-31.28,5,0.043,SGIS실제인접,7335.4,21186.8,34.62,False,43.48,1,실측(원자료 기반)
2021,경상남도,김해시,1850,3496,46167.3,0.0401,-44.08,6,0.0499,SGIS실제인접,7335.4,21186.8,34.62,False,145.23,1,실측(원자료 기반)
2022,경상남도,김해시,2677,1850,46167.3,0.058,-8.38,7,0.005,centroid근접(대체),7335.4,21186.8,34.62,False,25.61,1,실측(원자료 기반)
2023,경상남도,김해시,11001,2677,46167.3,0.2383,102.86,8,0.2095,SGIS실제인접,7335.4,21186.8,34.62,False,43.48,1,추정(시군구 평균비중 x 국가총량)
2024,경상남도,김해시,9278,11001,46167.3,0.201,113.33,9,0.1767,SGIS실제인접,7335.4,21186.8,34.62,False,43.48,1,추정(시군구 평균비중 x 국가총량)
2025,경상남도,김해시,15339,9278,46167.3,0.3323,120.21,10,0.2922,SGIS실제인접,7335.4,21186.8,34.62,False,43.48,1,추정(시군구 평균비중 x 국가총량)
2016,경상남도,남해군,1189,1691,36264.4,0.0328,,1,0.417,centroid근접(대체),10144.3,22879.1,44.34,False,139.26,1,추정(시군구 평균비중 x 국가총량)
2017,경상남도,남해군,1269,1189,36264.4,0.035,,2,0.1096,centroid근접(대체),10144.3,22879.1,44.34,False,200.51,1,실측(원자료 기반)
2018,경상남도,남해군,1000,1269,36264.4,0.0276,,3,0.1466,centroid근접(대체),10144.3,22879.1,44.34,False,200.51,1,실측(원자료 기반)
2019,경상남도,남해군,483,1000,36264.4,0.0133,-22.06,4,0.109,centroid근접(대체),10144.3,22879.1,44.34,False,139.26,1,실측(원자료 기반)
2020,경상남도,남해군,191,483,36264.4,0.0053,-44.45,5,0.0885,centroid근접(대체),10144.3,22879.1,44.34,False,139.26,1,실측(원자료 기반)
2021,경상남도,남해군,149,191,36264.4,0.0041,-44.72,6,0.1616,centroid근접(대체),10144.3,22879.1,44.34,False,209.65,1,실측(원자료 기반)
2022,경상남도,남해군,139,149,36264.4,0.0038,-29.72,7,0.1804,centroid근접(대체),10144.3,22879.1,44.34,False,107.98,1,실측(원자료 기반)
2023,경상남도,남해군,898,139,36264.4,0.0248,172.55,8,0.315,centroid근접(대체),10144.3,22879.1,44.34,False,139.26,1,추정(시군구 평균비중 x 국가총량)
2024,경상남도,남해군,758,898,36264.4,0.0209,174.66,9,0.2657,centroid근접(대체),10144.3,22879.1,44.34,False,139.26,1,추정(시군구 평균비중 x 국가총량)
2025,경상남도,남해군,1253,758,36264.4,0.0345,198.67,10,0.4392,centroid근접(대체),10144.3,22879.1,44.34,False,139.26,1,추정(시군구 평균비중 x 국가총량)
2016,경상남도,밀양시,52093,74072,80105.6,0.6503,,1,0.6006,SGIS실제인접,19738.8,50846.3,38.82,False,36.49,1,추정(시군구 평균비중 x 국가총량)
2017,경상남도,밀양시,32680,52093,80105.6,0.408,,2,0.4501,SGIS실제인접,19738.8,50846.3,38.82,False,308.28,1,실측(원자료 기반)
2018,경상남도,밀양시,22541,32680,80105.6,0.2814,,3,0.3724,SGIS실제인접,19738.8,50846.3,38.82,False,308.28,1,실측(원자료 기반)
2019,경상남도,밀양시,13811,22541,80105.6,0.1724,-35.67,4,0.2392,SGIS실제인접,19738.8,50846.3,38.82,False,36.49,1,실측(원자료 기반)
2020,경상남도,밀양시,7353,13811,80105.6,0.0918,-38.84,5,0.1806,SGIS실제인접,19738.8,50846.3,38.82,False,36.49,1,실측(원자료 기반)
2021,경상남도,밀양시,7711,7353,80105.6,0.0963,-26.87,6,0.1048,SGIS실제인접,19738.8,50846.3,38.82,False,120.0,1,실측(원자료 기반)
2022,경상남도,밀양시,31578,7711,80105.6,0.3942,89.21,7,0.058,centroid근접(대체),19738.8,50846.3,38.82,False,0.0,1,실측(원자료 기반)
2023,경상남도,밀양시,39353,31578,80105.6,0.4913,113.0,8,0.4537,SGIS실제인접,19738.8,50846.3,38.82,False,36.49,1,추정(시군구 평균비중 x 국가총량)
2024,경상남도,밀양시,33190,39353,80105.6,0.4143,106.16,9,0.3827,SGIS실제인접,19738.8,50846.3,38.82,False,36.49,1,추정(시군구 평균비중 x 국가총량)
2025,경상남도,밀양시,54873,33190,80105.6,0.685,24.76,10,0.6326,SGIS실제인접,19738.8,50846.3,38.82,False,36.49,1,추정(시군구 평균비중 x 국가총량)
2016,경상남도,사천시,25684,36520,40184.2,0.6392,,1,0.246,SGIS실제인접,12017.6,22573.6,53.24,False,118.23,1,추정(시군구 평균비중 x 국가총량)
2017,경상남도,사천시,11393,25684,40184.2,0.2835,,2,0.0516,SGIS실제인접,12017.6,22573.6,53.24,False,225.84,1,실측(원자료 기반)
2018,경상남도,사천시,15467,11393,40184.2,0.3849,,3,0.0954,SGIS실제인접,12017.6,22573.6,53.24,False,225.84,1,실측(원자료 기반)
2019,경상남도,사천시,9942,15467,40184.2,0.2474,-18.53,4,0.0749,SGIS실제인접,12017.6,22573.6,53.24,False,118.23,1,실측(원자료 기반)
2020,경상남도,사천시,4767,9942,40184.2,0.1186,-17.34,5,0.0748,SGIS실제인접,12017.6,22573.6,53.24,False,118.23,1,실측(원자료 기반)
2021,경상남도,사천시,6006,4767,40184.2,0.1495,-20.59,6,0.0844,SGIS실제인접,12017.6,22573.6,53.24,False,182.59,1,실측(원자료 기반)
2022,경상남도,사천시,8812,6006,40184.2,0.2193,6.89,7,0.0908,centroid근접(대체),12017.6,22573.6,53.24,False,84.64,1,실측(원자료 기반)
2023,경상남도,사천시,19403,8812,40184.2,0.4828,64.3,8,0.1858,SGIS실제인접,12017.6,22573.6,53.24,False,118.23,1,추정(시군구 평균비중 x 국가총량)
2024,경상남도,사천시,16364,19403,40184.2,0.4072,50.41,9,0.1567,SGIS실제인접,12017.6,22573.6,53.24,False,118.23,1,추정(시군구 평균비중 x 국가총량)
2025,경상남도,사천시,27054,16364,40184.2,0.6733,56.62,10,0.2591,SGIS실제인접,12017.6,22573.6,53.24,False,118.23,1,추정(시군구 평균비중 x 국가총량)
2016,경상남도,산청군,75,107,79137.4,0.0009,,1,0.1356,SGIS실제인접,19401.5,61638.4,31.48,False,119.92,0,추정(시군구 평균비중 x 국가총량)
2017,경상남도,산청군,26,75,79137.4,0.0003,,2,0.0309,SGIS실제인접,19401.5,61638.4,31.48,False,247.18,0,실측(원자료 기반)
2018,경상남도,산청군,25,26,79137.4,0.0003,,3,0.0585,SGIS실제인접,19401.5,61638.4,31.48,False,247.18,0,실측(원자료 기반)
2019,경상남도,산청군,39,25,79137.4,0.0005,-4.41,4,0.0411,SGIS실제인접,19401.5,61638.4,31.48,False,119.92,0,실측(원자료 기반)
2020,경상남도,산청군,38,39,79137.4,0.0005,16.53,5,0.0408,SGIS실제인접,19401.5,61638.4,31.48,False,119.92,0,실측(원자료 기반)
2021,경상남도,산청군,19,38,79137.4,0.0002,1.15,6,0.0379,SGIS실제인접,19401.5,61638.4,31.48,False,156.79,0,실측(원자료 기반)
2022,경상남도,산청군,8,19,79137.4,0.0001,-36.82,7,0.0843,centroid근접(대체),19401.5,61638.4,31.48,False,83.43,0,실측(원자료 기반)
2023,경상남도,산청군,57,8,79137.4,0.0007,167.07,8,0.1024,SGIS실제인접,19401.5,61638.4,31.48,False,119.92,0,추정(시군구 평균비중 x 국가총량)
2024,경상남도,산청군,48,57,79137.4,0.0006,178.52,9,0.0864,SGIS실제인접,19401.5,61638.4,31.48,False,119.92,0,추정(시군구 평균비중 x 국가총량)
2025,경상남도,산청군,79,48,79137.4,0.001,219.59,10,0.1429,SGIS실제인접,19401.5,61638.4,31.48,False,119.92,0,추정(시군구 평균비중 x 국가총량)
2016,경상남도,양산시,13153,18702,48646.9,0.2704,,1,0.5948,SGIS실제인접,7410.5,34984.0,21.18,False,20.8,1,추정(시군구 평균비중 x 국가총량)
2017,경상남도,양산시,11477,13153,48646.9,0.2359,,2,0.4681,SGIS실제인접,7410.5,34984.0,21.18,False,316.94,1,실측(원자료 기반)
2018,경상남도,양산시,5427,11477,48646.9,0.1116,,3,0.3177,SGIS실제인접,7410.5,34984.0,21.18,False,316.94,1,실측(원자료 기반)
2019,경상남도,양산시,4282,5427,48646.9,0.088,-28.85,4,0.2291,SGIS실제인접,7410.5,34984.0,21.18,False,20.8,1,실측(원자료 기반)
2020,경상남도,양산시,1699,4282,48646.9,0.0349,-44.71,5,0.167,SGIS실제인접,7410.5,34984.0,21.18,False,20.8,1,실측(원자료 기반)
2021,경상남도,양산시,3855,1699,48646.9,0.0792,15.16,6,0.0981,SGIS실제인접,7410.5,34984.0,21.18,False,132.82,1,실측(원자료 기반)
2022,경상남도,양산시,4091,3855,48646.9,0.0841,24.23,7,0.0537,centroid근접(대체),7410.5,34984.0,21.18,False,25.21,1,실측(원자료 기반)
2023,경상남도,양산시,9936,4091,48646.9,0.2042,91.96,8,0.4494,SGIS실제인접,7410.5,34984.0,21.18,False,20.8,1,추정(시군구 평균비중 x 국가총량)
2024,경상남도,양산시,8380,9936,48646.9,0.1723,44.44,9,0.379,SGIS실제인접,7410.5,34984.0,21.18,False,20.8,1,추정(시군구 평균비중 x 국가총량)
2025,경상남도,양산시,13854,8380,48646.9,0.2848,64.18,10,0.6266,SGIS실제인접,7410.5,34984.0,21.18,False,20.8,1,추정(시군구 평균비중 x 국가총량)
2016,경상남도,의령군,7905,11240,48140.7,0.1642,,1,0.247,SGIS실제인접,16481.7,35007.7,47.08,False,84.38,1,추정(시군구 평균비중 x 국가총량)
2017,경상남도,의령군,3249,7905,48140.7,0.0675,,2,0.1166,SGIS실제인접,16481.7,35007.7,47.08,False,269.29,1,실측(원자료 기반)
2018,경상남도,의령군,4111,3249,48140.7,0.0854,,3,0.1357,SGIS실제인접,16481.7,35007.7,47.08,False,269.29,1,실측(원자료 기반)
2019,경상남도,의령군,2019,4111,48140.7,0.0419,-27.75,4,0.0811,SGIS실제인접,16481.7,35007.7,47.08,False,84.38,1,실측(원자료 기반)
2020,경상남도,의령군,1352,2019,48140.7,0.0281,-19.13,5,0.0524,SGIS실제인접,16481.7,35007.7,47.08,False,84.38,1,실측(원자료 기반)
2021,경상남도,의령군,1664,1352,48140.7,0.0346,-20.28,6,0.0609,SGIS실제인접,16481.7,35007.7,47.08,False,139.34,1,실측(원자료 기반)
2022,경상남도,의령군,4297,1664,48140.7,0.0893,49.42,7,0.1081,centroid근접(대체),16481.7,35007.7,47.08,False,47.99,1,실측(원자료 기반)
2023,경상남도,의령군,5972,4297,48140.7,0.124,73.43,8,0.1866,SGIS실제인접,16481.7,35007.7,47.08,False,84.38,1,추정(시군구 평균비중 x 국가총량)
2024,경상남도,의령군,5037,5972,48140.7,0.1046,60.52,9,0.1573,SGIS실제인접,16481.7,35007.7,47.08,False,84.38,1,추정(시군구 평균비중 x 국가총량)
2025,경상남도,의령군,8327,5037,48140.7,0.173,29.55,10,0.2601,SGIS실제인접,16481.7,35007.7,47.08,False,84.38,1,추정(시군구 평균비중 x 국가총량)
2016,경상남도,진주시,20442,29066,71240.0,0.2869,,1,0.3003,SGIS실제인접,21605.0,42142.6,51.27,False,103.28,1,추정(시군구 평균비중 x 국가총량)
2017,경상남도,진주시,3076,20442,71240.0,0.0432,,2,0.134,SGIS실제인접,21605.0,42142.6,51.27,False,244.65,1,실측(원자료 기반)
2018,경상남도,진주시,8812,3076,71240.0,0.1237,,3,0.1738,SGIS실제인접,21605.0,42142.6,51.27,False,244.65,1,실측(원자료 기반)
2019,경상남도,진주시,7409,8812,71240.0,0.104,28.53,4,0.0934,SGIS실제인접,21605.0,42142.6,51.27,False,103.28,1,실측(원자료 기반)
2020,경상남도,진주시,5303,7409,71240.0,0.0744,47.38,5,0.0622,SGIS실제인접,21605.0,42142.6,51.27,False,103.28,1,실측(원자료 기반)
2021,경상남도,진주시,5669,5303,71240.0,0.0796,-12.48,6,0.0773,SGIS실제인접,21605.0,42142.6,51.27,False,163.43,1,실측(원자료 기반)
2022,경상남도,진주시,9110,5669,71240.0,0.1279,13.06,7,0.1094,centroid근접(대체),21605.0,42142.6,51.27,False,68.21,1,실측(원자료 기반)
2023,경상남도,진주시,15443,9110,71240.0,0.2168,45.7,8,0.2268,SGIS실제인접,21605.0,42142.6,51.27,False,103.28,1,추정(시군구 평균비중 x 국가총량)
2024,경상남도,진주시,13024,15443,71240.0,0.1828,38.18,9,0.1913,SGIS실제인접,21605.0,42142.6,51.27,False,103.28,1,추정(시군구 평균비중 x 국가총량)
2025,경상남도,진주시,21533,13024,71240.0,0.3023,39.73,10,0.3163,SGIS실제인접,21605.0,42142.6,51.27,False,103.28,1,추정(시군구 평균비중 x 국가총량)
2016,경상남도,창녕군,27764,39478,52985.2,0.524,,1,0.3286,SGIS실제인접,15716.5,27591.4,56.96,False,63.15,1,추정(시군구 평균비중 x 국가총량)
2017,경상남도,창녕군,19911,27764,52985.2,0.3758,,2,0.1397,SGIS실제인접,15716.5,27591.4,56.96,False,291.48,1,실측(원자료 기반)
2018,경상남도,창녕군,19188,19911,52985.2,0.3621,,3,0.1502,SGIS실제인접,15716.5,27591.4,56.96,False,291.48,1,실측(원자료 기반)
2019,경상남도,창녕군,10232,19188,52985.2,0.1931,-26.2,4,0.0827,SGIS실제인접,15716.5,27591.4,56.96,False,63.15,1,실측(원자료 기반)
2020,경상남도,창녕군,6258,10232,52985.2,0.1181,-29.72,5,0.0701,SGIS실제인접,15716.5,27591.4,56.96,False,63.15,1,실측(원자료 기반)
2021,경상남도,창녕군,6048,6258,52985.2,0.1141,-29.62,6,0.0834,SGIS실제인접,15716.5,27591.4,56.96,False,121.69,1,실측(원자료 기반)
2022,경상남도,창녕군,5203,6048,52985.2,0.0982,-18.72,7,0.2364,centroid근접(대체),15716.5,27591.4,56.96,False,26.93,1,실측(원자료 기반)
2023,경상남도,창녕군,20974,5203,52985.2,0.3959,95.26,8,0.2483,SGIS실제인접,15716.5,27591.4,56.96,False,63.15,1,추정(시군구 평균비중 x 국가총량)
2024,경상남도,창녕군,17689,20974,52985.2,0.3339,91.16,9,0.2094,SGIS실제인접,15716.5,27591.4,56.96,False,63.15,1,추정(시군구 평균비중 x 국가총량)
2025,경상남도,창녕군,29246,17689,52985.2,0.552,117.6,10,0.3462,SGIS실제인접,15716.5,27591.4,56.96,False,63.15,1,추정(시군구 평균비중 x 국가총량)
2016,경상남도,창원시,32111,45660,75415.4,0.4258,,1,0.3291,SGIS실제인접,17347.5,44701.7,38.81,False,65.65,1,추정(시군구 평균비중 x 국가총량)
2017,경상남도,창원시,23554,32111,75415.4,0.3123,,2,0.189,SGIS실제인접,17347.5,44701.7,38.81,False,272.6,1,실측(원자료 기반)
2018,경상남도,창원시,29627,23554,75415.4,0.3929,,3,0.1782,SGIS실제인접,17347.5,44701.7,38.81,False,272.6,1,실측(원자료 기반)
2019,경상남도,창원시,10300,29627,75415.4,0.1366,-22.03,4,0.0998,SGIS실제인접,17347.5,44701.7,38.81,False,65.65,1,실측(원자료 기반)
2020,경상남도,창원시,5369,10300,75415.4,0.0712,-29.11,5,0.063,SGIS실제인접,17347.5,44701.7,38.81,False,65.65,1,실측(원자료 기반)
2021,경상남도,창원시,5462,5369,75415.4,0.0724,-37.13,6,0.0717,SGIS실제인접,17347.5,44701.7,38.81,False,153.84,1,실측(원자료 기반)
2022,경상남도,창원시,6519,5462,75415.4,0.0864,-8.93,7,0.0976,centroid근접(대체),17347.5,44701.7,38.81,False,37.19,1,실측(원자료 기반)
2023,경상남도,창원시,24258,6519,75415.4,0.3217,97.73,8,0.2486,SGIS실제인접,17347.5,44701.7,38.81,False,65.65,1,추정(시군구 평균비중 x 국가총량)
2024,경상남도,창원시,20459,24258,75415.4,0.2713,91.94,9,0.2097,SGIS실제인접,17347.5,44701.7,38.81,False,65.65,1,추정(시군구 평균비중 x 국가총량)
2025,경상남도,창원시,33825,20459,75415.4,0.4485,107.26,10,0.3466,SGIS실제인접,17347.5,44701.7,38.81,False,65.65,1,추정(시군구 평균비중 x 국가총량)
2016,경상남도,통영시,6553,9318,24907.2,0.2631,,1,0.0913,SGIS실제인접,8922.3,15602.1,57.19,False,108.96,1,추정(시군구 평균비중 x 국가총량)
2017,경상남도,통영시,2849,6553,24907.2,0.1144,,2,0.0372,SGIS실제인접,8922.3,15602.1,57.19,False,228.99,1,실측(원자료 기반)
2018,경상남도,통영시,2527,2849,24907.2,0.1015,,3,0.0223,SGIS실제인접,8922.3,15602.1,57.19,False,228.99,1,실측(원자료 기반)
2019,경상남도,통영시,2045,2527,24907.2,0.0821,-28.97,4,0.0211,SGIS실제인접,8922.3,15602.1,57.19,False,108.96,1,실측(원자료 기반)
2020,경상남도,통영시,1811,2045,24907.2,0.0727,-13.94,5,0.01,SGIS실제인접,8922.3,15602.1,57.19,False,108.96,1,실측(원자료 기반)
2021,경상남도,통영시,2363,1811,24907.2,0.0949,-0.01,6,0.0607,SGIS실제인접,8922.3,15602.1,57.19,False,198.06,1,실측(원자료 기반)
2022,경상남도,통영시,1858,2363,24907.2,0.0746,-0.78,7,0.1203,centroid근접(대체),8922.3,15602.1,57.19,False,83.67,1,실측(원자료 기반)
2023,경상남도,통영시,4951,1858,24907.2,0.1988,58.52,8,0.069,SGIS실제인접,8922.3,15602.1,57.19,False,108.96,1,추정(시군구 평균비중 x 국가총량)
2024,경상남도,통영시,4175,4951,24907.2,0.1676,43.14,9,0.0582,SGIS실제인접,8922.3,15602.1,57.19,False,108.96,1,추정(시군구 평균비중 x 국가총량)
2025,경상남도,통영시,6903,4175,24907.2,0.2771,72.04,10,0.0962,SGIS실제인접,8922.3,15602.1,57.19,False,108.96,1,추정(시군구 평균비중 x 국가총량)
2016,경상남도,하동군,24330,34596,67649.2,0.3597,,1,0.1602,SGIS실제인접,14843.1,48463.1,30.63,False,135.79,1,추정(시군구 평균비중 x 국가총량)
2017,경상남도,하동군,5029,24330,67649.2,0.0743,,2,0.0497,SGIS실제인접,14843.1,48463.1,30.63,False,220.3,1,실측(원자료 기반)
2018,경상남도,하동군,9485,5029,67649.2,0.1402,,3,0.0783,SGIS실제인접,14843.1,48463.1,30.63,False,220.3,1,실측(원자료 기반)
2019,경상남도,하동군,6734,9485,67649.2,0.0995,-6.58,4,0.0568,SGIS실제인접,14843.1,48463.1,30.63,False,135.79,1,실측(원자료 기반)
2020,경상남도,하동군,9469,6734,67649.2,0.14,33.41,5,0.0385,SGIS실제인접,14843.1,48463.1,30.63,False,135.79,1,실측(원자료 기반)
2021,경상남도,하동군,7648,9469,67649.2,0.1131,-2.54,6,0.0453,SGIS실제인접,14843.1,48463.1,30.63,False,183.78,1,실측(원자료 기반)
2022,경상남도,하동군,8445,7648,67649.2,0.1248,10.6,7,0.0953,centroid근접(대체),14843.1,48463.1,30.63,False,100.19,1,실측(원자료 기반)
2023,경상남도,하동군,18380,8445,67649.2,0.2717,36.28,8,0.1211,SGIS실제인접,14843.1,48463.1,30.63,False,135.79,1,추정(시군구 평균비중 x 국가총량)
2024,경상남도,하동군,15502,18380,67649.2,0.2291,37.47,9,0.1021,SGIS실제인접,14843.1,48463.1,30.63,False,135.79,1,추정(시군구 평균비중 x 국가총량)
2025,경상남도,하동군,25629,15502,67649.2,0.3788,55.77,10,0.1688,SGIS실제인접,14843.1,48463.1,30.63,False,135.79,1,추정(시군구 평균비중 x 국가총량)
2016,경상남도,함안군,17483,24860,41551.5,0.4208,,1,0.3502,SGIS실제인접,9426.0,22236.0,42.39,False,74.32,1,추정(시군구 평균비중 x 국가총량)
2017,경상남도,함안군,6775,17483,41551.5,0.1631,,2,0.1997,SGIS실제인접,9426.0,22236.0,42.39,False,269.37,1,실측(원자료 기반)
2018,경상남도,함안군,7936,6775,41551.5,0.191,,3,0.241,SGIS실제인접,9426.0,22236.0,42.39,False,269.37,1,실측(원자료 기반)
2019,경상남도,함안군,4447,7936,41551.5,0.107,-29.36,4,0.1189,SGIS실제인접,9426.0,22236.0,42.39,False,74.32,1,실측(원자료 기반)
2020,경상남도,함안군,2791,4447,41551.5,0.0672,-21.36,5,0.073,SGIS실제인접,9426.0,22236.0,42.39,False,74.32,1,실측(원자료 기반)
2021,경상남도,함안군,4585,2791,41551.5,0.1103,-5.64,6,0.0752,SGIS실제인접,9426.0,22236.0,42.39,False,146.44,1,실측(원자료 기반)
2022,경상남도,함안군,9384,4585,41551.5,0.2258,43.9,7,0.0913,centroid근접(대체),9426.0,22236.0,42.39,False,39.89,1,실측(원자료 기반)
2023,경상남도,함안군,13208,9384,41551.5,0.3179,69.9,8,0.2646,SGIS실제인접,9426.0,22236.0,42.39,False,74.32,1,추정(시군구 평균비중 x 국가총량)
2024,경상남도,함안군,11139,13208,41551.5,0.2681,43.25,9,0.2231,SGIS실제인접,9426.0,22236.0,42.39,False,74.32,1,추정(시군구 평균비중 x 국가총량)
2025,경상남도,함안군,18416,11139,41551.5,0.4432,30.14,10,0.3689,SGIS실제인접,9426.0,22236.0,42.39,False,74.32,1,추정(시군구 평균비중 x 국가총량)
2016,경상남도,함양군,47,67,72043.4,0.0007,,1,0.0722,SGIS실제인접,14693.2,55746.8,26.36,False,132.87,0,추정(시군구 평균비중 x 국가총량)
2017,경상남도,함양군,0,47,72043.4,0.0,,0,0.015,SGIS실제인접,14693.2,55746.8,26.36,False,258.18,0,실측(원자료 기반)
2018,경상남도,함양군,20,0,72043.4,0.0003,,1,0.0281,SGIS실제인접,14693.2,55746.8,26.36,False,258.18,0,실측(원자료 기반)
2019,경상남도,함양군,15,20,72043.4,0.0002,-62.5,2,0.02,SGIS실제인접,14693.2,55746.8,26.36,False,132.87,0,실측(원자료 기반)
2020,경상남도,함양군,17,15,72043.4,0.0002,-5.83,3,0.0281,SGIS실제인접,14693.2,55746.8,26.36,False,132.87,0,실측(원자료 기반)
2021,경상남도,함양군,28,17,72043.4,0.0004,17.68,4,0.0227,SGIS실제인접,14693.2,55746.8,26.36,False,148.65,0,실측(원자료 기반)
2022,경상남도,함양군,3,28,72043.4,0.0,-3.75,5,0.0,centroid근접(대체),14693.2,55746.8,26.36,False,96.98,0,실측(원자료 기반)
2023,경상남도,함양군,36,3,72043.4,0.0005,355.4,6,0.0545,SGIS실제인접,14693.2,55746.8,26.36,False,132.87,0,추정(시군구 평균비중 x 국가총량)
2024,경상남도,함양군,30,36,72043.4,0.0004,328.61,7,0.046,SGIS실제인접,14693.2,55746.8,26.36,False,132.87,0,추정(시군구 평균비중 x 국가총량)
2025,경상남도,함양군,50,30,72043.4,0.0007,380.14,8,0.076,SGIS실제인접,14693.2,55746.8,26.36,False,132.87,0,추정(시군구 평균비중 x 국가총량)
2016,경상남도,합천군,208,296,98307.3,0.0021,,1,0.2386,SGIS실제인접,32570.1,72223.1,45.1,False,94.89,0,추정(시군구 평균비중 x 국가총량)
2017,경상남도,합천군,44,208,98307.3,0.0004,,2,0.0949,SGIS실제인접,32570.1,72223.1,45.1,False,279.05,0,실측(원자료 기반)
2018,경상남도,합천군,125,44,98307.3,0.0013,,3,0.1008,SGIS실제인접,32570.1,72223.1,45.1,False,279.05,1,실측(원자료 기반)
2019,경상남도,합천군,65,125,98307.3,0.0007,19.07,4,0.0645,SGIS실제인접,32570.1,72223.1,45.1,False,94.89,0,실측(원자료 기반)
2020,경상남도,합천군,187,65,98307.3,0.0019,107.93,5,0.0631,SGIS실제인접,32570.1,72223.1,45.1,False,94.89,1,실측(원자료 기반)
2021,경상남도,합천군,7,187,98307.3,0.0001,14.48,6,0.0755,SGIS실제인접,32570.1,72223.1,45.1,False,125.3,0,실측(원자료 기반)
2022,경상남도,합천군,16,7,98307.3,0.0002,73.34,7,0.1193,centroid근접(대체),32570.1,72223.1,45.1,False,59.39,0,실측(원자료 기반)
2023,경상남도,합천군,157,16,98307.3,0.0016,305.4,8,0.1803,SGIS실제인접,32570.1,72223.1,45.1,False,94.89,0,추정(시군구 평균비중 x 국가총량)
2024,경상남도,합천군,133,157,98307.3,0.0014,332.26,9,0.152,SGIS실제인접,32570.1,72223.1,45.1,False,94.89,0,추정(시군구 평균비중 x 국가총량)
2025,경상남도,합천군,220,133,98307.3,0.0022,311.18,10,0.2514,SGIS실제인접,32570.1,72223.1,45.1,False,94.89,0,추정(시군구 평균비중 x 국가총량)
2016,경상북도,경산시,63,90,41080.6,0.0015,,1,0.0867,SGIS실제인접,7956.9,22215.3,35.82,False,46.87,0,추정(시군구 평균비중 x 국가총량)
2017,경상북도,경산시,13,63,41080.6,0.0003,,2,0.0219,SGIS실제인접,7956.9,22215.3,35.82,False,337.57,0,실측(원자료 기반)
2018,경상북도,경산시,14,13,41080.6,0.0003,,3,0.0277,SGIS실제인접,7956.9,22215.3,35.82,False,337.57,0,실측(원자료 기반)
2019,경상북도,경산시,18,14,41080.6,0.0004,-14.38,4,0.0232,SGIS실제인접,7956.9,22215.3,35.82,False,46.87,0,실측(원자료 기반)
2020,경상북도,경산시,16,18,41080.6,0.0004,8.38,5,0.0246,SGIS실제인접,7956.9,22215.3,35.82,False,46.87,0,실측(원자료 기반)
2021,경상북도,경산시,25,16,41080.6,0.0006,24.57,6,0.0198,SGIS실제인접,7956.9,22215.3,35.82,False,82.82,0,실측(원자료 기반)
2022,경상북도,경산시,29,25,41080.6,0.0007,20.38,7,0.0224,centroid근접(대체),7956.9,22215.3,35.82,False,37.26,0,실측(원자료 기반)
2023,경상북도,경산시,48,29,41080.6,0.0012,45.59,8,0.0655,SGIS실제인접,7956.9,22215.3,35.82,False,46.87,0,추정(시군구 평균비중 x 국가총량)
2024,경상북도,경산시,40,48,41080.6,0.001,21.61,9,0.0553,SGIS실제인접,7956.9,22215.3,35.82,False,46.87,0,추정(시군구 평균비중 x 국가총량)
2025,경상북도,경산시,67,40,41080.6,0.0016,38.06,10,0.0914,SGIS실제인접,7956.9,22215.3,35.82,False,46.87,0,추정(시군구 평균비중 x 국가총량)
2016,경상북도,경주시,98789,140469,132009.8,0.7483,,1,1.2399,SGIS실제인접,29542.0,85816.6,34.42,False,31.44,1,추정(시군구 평균비중 x 국가총량)
2017,경상북도,경주시,59754,98789,132009.8,0.4526,,2,0.7893,SGIS실제인접,29542.0,85816.6,34.42,False,362.5,1,실측(원자료 기반)
2018,경상북도,경주시,46241,59754,132009.8,0.3503,,3,0.7097,SGIS실제인접,29542.0,85816.6,34.42,False,362.5,1,실측(원자료 기반)
2019,경상북도,경주시,40183,46241,132009.8,0.3044,-25.08,4,0.5382,SGIS실제인접,29542.0,85816.6,34.42,False,31.44,1,실측(원자료 기반)
2020,경상북도,경주시,32946,40183,132009.8,0.2496,-17.91,5,0.4109,SGIS실제인접,29542.0,85816.6,34.42,False,31.44,1,실측(원자료 기반)
2021,경상북도,경주시,21689,32946,132009.8,0.1643,-21.76,6,0.2109,SGIS실제인접,29542.0,85816.6,34.42,False,93.13,1,실측(원자료 기반)
2022,경상북도,경주시,21839,21689,132009.8,0.1654,-17.16,7,0.4924,centroid근접(대체),29542.0,85816.6,34.42,False,54.39,1,실측(원자료 기반)
2023,경상북도,경주시,74629,21839,132009.8,0.5653,69.42,8,0.9367,SGIS실제인접,29542.0,85816.6,34.42,False,31.44,1,추정(시군구 평균비중 x 국가총량)
2024,경상북도,경주시,62941,74629,132009.8,0.4768,75.58,9,0.79,SGIS실제인접,29542.0,85816.6,34.42,False,31.44,1,추정(시군구 평균비중 x 국가총량)
2025,경상북도,경주시,104060,62941,132009.8,0.7883,97.13,10,1.306,SGIS실제인접,29542.0,85816.6,34.42,False,31.44,1,추정(시군구 평균비중 x 국가총량)
2016,경상북도,고령군,22088,31407,38644.3,0.5716,,1,0.1977,SGIS실제인접,11198.4,23876.0,46.9,False,82.55,1,추정(시군구 평균비중 x 국가총량)
2017,경상북도,고령군,2345,22088,38644.3,0.0607,,2,0.1034,SGIS실제인접,11198.4,23876.0,46.9,False,302.13,1,실측(원자료 기반)
2018,경상북도,고령군,4529,2345,38644.3,0.1172,,3,0.0962,SGIS실제인접,11198.4,23876.0,46.9,False,302.13,1,실측(원자료 기반)
2019,경상북도,고령군,3510,4529,38644.3,0.0908,-6.25,4,0.0636,SGIS실제인접,11198.4,23876.0,46.9,False,82.55,1,실측(원자료 기반)
2020,경상북도,고령군,7040,3510,38644.3,0.1822,57.07,5,0.0444,SGIS실제인접,11198.4,23876.0,46.9,False,82.55,1,실측(원자료 기반)
2021,경상북도,고령군,10046,7040,38644.3,0.26,40.26,6,0.0443,SGIS실제인접,11198.4,23876.0,46.9,False,102.75,1,실측(원자료 기반)
2022,경상북도,고령군,10383,10046,38644.3,0.2687,48.87,7,0.0998,centroid근접(대체),11198.4,23876.0,46.9,False,51.12,1,실측(원자료 기반)
2023,경상북도,고령군,16686,10383,38644.3,0.4318,35.59,8,0.1493,SGIS실제인접,11198.4,23876.0,46.9,False,82.55,1,추정(시군구 평균비중 x 국가총량)
2024,경상북도,고령군,14073,16686,38644.3,0.3642,16.13,9,0.126,SGIS실제인접,11198.4,23876.0,46.9,False,82.55,1,추정(시군구 평균비중 x 국가총량)
2025,경상북도,고령군,23266,14073,38644.3,0.6021,36.79,10,0.2082,SGIS실제인접,11198.4,23876.0,46.9,False,82.55,1,추정(시군구 평균비중 x 국가총량)
2016,경상북도,구미시,96804,137647,61325.9,1.5785,,1,0.0529,SGIS실제인접,12436.1,33279.7,37.37,False,105.01,1,추정(시군구 평균비중 x 국가총량)
2017,경상북도,구미시,75534,96804,61325.9,1.2317,,2,0.0102,SGIS실제인접,12436.1,33279.7,37.37,False,349.07,1,실측(원자료 기반)
2018,경상북도,구미시,41451,75534,61325.9,0.6759,,3,0.0064,SGIS실제인접,12436.1,33279.7,37.37,False,349.07,1,실측(원자료 기반)
2019,경상북도,구미시,33392,41451,61325.9,0.5445,-28.85,4,0.0167,SGIS실제인접,12436.1,33279.7,37.37,False,105.01,1,실측(원자료 기반)
2020,경상북도,구미시,29703,33392,61325.9,0.4843,-25.2,5,0.0155,SGIS실제인접,12436.1,33279.7,37.37,False,105.01,1,실측(원자료 기반)
2021,경상북도,구미시,24710,29703,61325.9,0.4029,-15.77,6,0.0234,SGIS실제인접,12436.1,33279.7,37.37,False,56.22,1,실측(원자료 기반)
2022,경상북도,구미시,19809,24710,61325.9,0.323,-15.9,7,0.0208,centroid근접(대체),12436.1,33279.7,37.37,False,87.85,1,실측(원자료 기반)
2023,경상북도,구미시,73130,19809,61325.9,1.1925,77.51,8,0.032,SGIS실제인접,12436.1,33279.7,37.37,False,105.01,1,추정(시군구 평균비중 x 국가총량)
2024,경상북도,구미시,61677,73130,61325.9,1.0057,77.89,9,0.0269,SGIS실제인접,12436.1,33279.7,37.37,False,105.01,1,추정(시군구 평균비중 x 국가총량)
2025,경상북도,구미시,101969,61677,61325.9,1.6627,106.28,10,0.0446,SGIS실제인접,12436.1,33279.7,37.37,False,105.01,1,추정(시군구 평균비중 x 국가총량)
2016,경상북도,김천시,3437,4887,100456.7,0.0342,,1,0.2735,SGIS실제인접,12809.8,68369.7,18.74,False,115.41,1,추정(시군구 평균비중 x 국가총량)
2017,경상북도,김천시,420,3437,100456.7,0.0042,,2,0.1904,SGIS실제인접,12809.8,68369.7,18.74,False,322.99,1,실측(원자료 기반)
2018,경상북도,김천시,311,420,100456.7,0.0031,,3,0.1054,SGIS실제인접,12809.8,68369.7,18.74,False,322.99,1,실측(원자료 기반)
2019,경상북도,김천시,554,311,100456.7,0.0055,-11.87,4,0.0952,SGIS실제인접,12809.8,68369.7,18.74,False,115.41,1,실측(원자료 기반)
2020,경상북도,김천시,726,554,100456.7,0.0072,27.74,5,0.0834,SGIS실제인접,12809.8,68369.7,18.74,False,115.41,1,실측(원자료 기반)
2021,경상북도,김천시,2244,726,100456.7,0.0223,106.09,6,0.0732,SGIS실제인접,12809.8,68369.7,18.74,False,85.44,1,실측(원자료 기반)
2022,경상북도,김천시,1313,2244,100456.7,0.0131,66.22,7,0.1345,centroid근접(대체),12809.8,68369.7,18.74,False,89.58,1,실측(원자료 기반)
2023,경상북도,김천시,2597,1313,100456.7,0.0258,88.45,8,0.2066,SGIS실제인접,12809.8,68369.7,18.74,False,115.41,1,추정(시군구 평균비중 x 국가총량)
2024,경상북도,김천시,2190,2597,100456.7,0.0218,13.54,9,0.1743,SGIS실제인접,12809.8,68369.7,18.74,False,115.41,1,추정(시군구 평균비중 x 국가총량)
2025,경상북도,김천시,3621,2190,100456.7,0.036,49.14,10,0.2881,SGIS실제인접,12809.8,68369.7,18.74,False,115.41,1,추정(시군구 평균비중 x 국가총량)
2016,경상북도,문경시,10,14,91392.6,0.0001,,1,0.0039,SGIS실제인접,16291.0,67936.6,23.98,False,157.72,0,추정(시군구 평균비중 x 국가총량)
2017,경상북도,문경시,1,10,91392.6,0.0,,2,0.0018,SGIS실제인접,16291.0,67936.6,23.98,False,389.24,0,실측(원자료 기반)
2018,경상북도,문경시,0,1,91392.6,0.0,,0,0.0005,SGIS실제인접,16291.0,67936.6,23.98,False,389.24,0,실측(원자료 기반)
2019,경상북도,문경시,0,0,91392.6,0.0,-94.96,0,0.0006,SGIS실제인접,16291.0,67936.6,23.98,False,157.72,0,실측(원자료 기반)
2020,경상북도,문경시,0,0,91392.6,0.0,-100.0,0,0.0008,SGIS실제인접,16291.0,67936.6,23.98,False,157.72,0,실측(원자료 기반)
2021,경상북도,문경시,2,0,91392.6,0.0,,1,0.0017,SGIS실제인접,16291.0,67936.6,23.98,False,57.77,0,실측(원자료 기반)
2022,경상북도,문경시,13,2,91392.6,0.0001,550.0,2,0.0034,centroid근접(대체),16291.0,67936.6,23.98,False,144.3,0,실측(원자료 기반)
2023,경상북도,문경시,7,13,91392.6,0.0001,253.8,3,0.0029,SGIS실제인접,16291.0,67936.6,23.98,False,157.72,0,추정(시군구 평균비중 x 국가총량)
2024,경상북도,문경시,6,7,91392.6,0.0001,163.98,4,0.0025,SGIS실제인접,16291.0,67936.6,23.98,False,157.72,0,추정(시군구 평균비중 x 국가총량)
2025,경상북도,문경시,10,6,91392.6,0.0001,2.42,5,0.0041,SGIS실제인접,16291.0,67936.6,23.98,False,157.72,0,추정(시군구 평균비중 x 국가총량)
2016,경상북도,봉화군,7,11,120095.2,0.0001,,1,0.0914,SGIS실제인접,43539.8,96782.5,44.99,False,155.98,0,추정(시군구 평균비중 x 국가총량)
2017,경상북도,봉화군,0,7,120095.2,0.0,,0,0.065,SGIS실제인접,43539.8,96782.5,44.99,False,443.81,0,실측(원자료 기반)
2018,경상북도,봉화군,5,0,120095.2,0.0,,1,0.0295,SGIS실제인접,43539.8,96782.5,44.99,False,443.81,0,실측(원자료 기반)
2019,경상북도,봉화군,0,5,120095.2,0.0,-100.0,0,0.0304,SGIS실제인접,43539.8,96782.5,44.99,False,155.98,0,실측(원자료 기반)
2020,경상북도,봉화군,2,0,120095.2,0.0,-100.0,1,0.0267,SGIS실제인접,43539.8,96782.5,44.99,False,155.98,0,실측(원자료 기반)
2021,경상북도,봉화군,1,2,120095.2,0.0,-75.0,2,0.0261,SGIS실제인접,43539.8,96782.5,44.99,False,41.02,0,실측(원자료 기반)
2022,경상북도,봉화군,6,1,120095.2,0.0,225.0,3,0.004,centroid근접(대체),43539.8,96782.5,44.99,False,159.66,0,실측(원자료 기반)
2023,경상북도,봉화군,6,6,120095.2,0.0,147.73,4,0.069,SGIS실제인접,43539.8,96782.5,44.99,False,155.98,0,추정(시군구 평균비중 x 국가총량)
2024,경상북도,봉화군,5,6,120095.2,0.0,159.18,5,0.0582,SGIS실제인접,43539.8,96782.5,44.99,False,155.98,0,추정(시군구 평균비중 x 국가총량)
2025,경상북도,봉화군,8,5,120095.2,0.0001,14.29,6,0.0962,SGIS실제인접,43539.8,96782.5,44.99,False,155.98,0,추정(시군구 평균비중 x 국가총량)
2016,경상북도,상주시,2551,3627,125157.0,0.0204,,1,0.1807,SGIS실제인접,19008.1,78355.5,24.26,False,140.77,1,추정(시군구 평균비중 x 국가총량)
2017,경상북도,상주시,1327,2551,125157.0,0.0106,,2,0.1374,SGIS실제인접,19008.1,78355.5,24.26,False,359.72,1,실측(원자료 기반)
2018,경상북도,상주시,379,1327,125157.0,0.003,,3,0.0755,SGIS실제인접,19008.1,78355.5,24.26,False,359.72,1,실측(원자료 기반)
2019,경상북도,상주시,393,379,125157.0,0.0031,-38.57,4,0.0612,SGIS실제인접,19008.1,78355.5,24.26,False,140.77,1,실측(원자료 기반)
2020,경상북도,상주시,468,393,125157.0,0.0037,-16.22,5,0.0552,SGIS실제인접,19008.1,78355.5,24.26,False,140.77,1,실측(원자료 기반)
2021,경상북도,상주시,1187,468,125157.0,0.0095,58.8,6,0.0479,SGIS실제인접,19008.1,78355.5,24.26,False,66.01,1,실측(원자료 기반)
2022,경상북도,상주시,1173,1187,125157.0,0.0094,57.18,7,0.1077,centroid근접(대체),19008.1,78355.5,24.26,False,122.11,1,실측(원자료 기반)
2023,경상북도,상주시,1927,1173,125157.0,0.0154,72.24,8,0.1365,SGIS실제인접,19008.1,78355.5,24.26,False,140.77,1,추정(시군구 평균비중 x 국가총량)
2024,경상북도,상주시,1625,1927,125157.0,0.013,15.81,9,0.1151,SGIS실제인접,19008.1,78355.5,24.26,False,140.77,1,추정(시군구 평균비중 x 국가총량)
2025,경상북도,상주시,2687,1625,125157.0,0.0215,37.98,10,0.1903,SGIS실제인접,19008.1,78355.5,24.26,False,140.77,1,추정(시군구 평균비중 x 국가총량)
2016,경상북도,성주군,10474,14893,61250.8,0.171,,1,0.1645,SGIS실제인접,13224.5,41471.1,31.89,False,95.18,1,추정(시군구 평균비중 x 국가총량)
2017,경상북도,성주군,3978,10474,61250.8,0.0649,,2,0.0272,SGIS실제인접,13224.5,41471.1,31.89,False,314.7,1,실측(원자료 기반)
2018,경상북도,성주군,2414,3978,61250.8,0.0394,,3,0.0353,SGIS실제인접,13224.5,41471.1,31.89,False,314.7,1,실측(원자료 기반)
2019,경상북도,성주군,3729,2414,61250.8,0.0609,-15.62,4,0.0356,SGIS실제인접,13224.5,41471.1,31.89,False,95.18,1,실측(원자료 기반)
2020,경상북도,성주군,3045,3729,61250.8,0.0497,-1.06,5,0.0475,SGIS실제인접,13224.5,41471.1,31.89,False,95.18,1,실측(원자료 기반)
2021,경상북도,성주군,2688,3045,61250.8,0.0439,8.14,6,0.0624,SGIS실제인접,13224.5,41471.1,31.89,False,89.37,1,실측(원자료 기반)
2022,경상북도,성주군,4923,2688,61250.8,0.0804,17.69,7,0.1124,centroid근접(대체),13224.5,41471.1,31.89,False,67.73,1,실측(원자료 기반)
2023,경상북도,성주군,7912,4923,61250.8,0.1292,44.05,8,0.1243,SGIS실제인접,13224.5,41471.1,31.89,False,95.18,1,추정(시군구 평균비중 x 국가총량)
2024,경상북도,성주군,6673,7912,61250.8,0.1089,42.74,9,0.1048,SGIS실제인접,13224.5,41471.1,31.89,False,95.18,1,추정(시군구 평균비중 x 국가총량)
2025,경상북도,성주군,11033,6673,61250.8,0.1801,36.8,10,0.1733,SGIS실제인접,13224.5,41471.1,31.89,False,95.18,1,추정(시군구 평균비중 x 국가총량)
2016,경상북도,안동시,96004,136509,152673.5,0.6288,,1,0.004,SGIS실제인접,54467.9,106755.6,51.02,False,120.48,0,추정(시군구 평균비중 x 국가총량)
2017,경상북도,안동시,69275,96004,152673.5,0.4537,,2,0.0003,SGIS실제인접,54467.9,106755.6,51.02,False,403.97,0,실측(원자료 기반)
2018,경상북도,안동시,31489,69275,152673.5,0.2063,,3,0.0002,SGIS실제인접,54467.9,106755.6,51.02,False,403.97,0,실측(원자료 기반)
2019,경상북도,안동시,32421,31489,152673.5,0.2124,-26.48,4,0.0002,SGIS실제인접,54467.9,106755.6,51.02,False,120.48,0,실측(원자료 기반)
2020,경상북도,안동시,28486,32421,152673.5,0.1866,-21.24,5,0.0009,SGIS실제인접,54467.9,106755.6,51.02,False,120.48,0,실측(원자료 기반)
2021,경상북도,안동시,27373,28486,152673.5,0.1793,-4.36,6,0.0015,SGIS실제인접,54467.9,106755.6,51.02,False,0.0,1,실측(원자료 기반)
2022,경상북도,안동시,24986,27373,152673.5,0.1637,-8.25,7,0.0026,centroid근접(대체),54467.9,106755.6,51.02,False,120.0,0,실측(원자료 기반)
2023,경상북도,안동시,72526,24986,152673.5,0.475,59.21,8,0.003,SGIS실제인접,54467.9,106755.6,51.02,False,120.48,0,추정(시군구 평균비중 x 국가총량)
2024,경상북도,안동시,61167,72526,152673.5,0.4006,55.29,9,0.0026,SGIS실제인접,54467.9,106755.6,51.02,False,120.48,0,추정(시군구 평균비중 x 국가총량)
2025,경상북도,안동시,101127,61167,152673.5,0.6624,79.98,10,0.0042,SGIS실제인접,54467.9,106755.6,51.02,False,120.48,0,추정(시군구 평균비중 x 국가총량)
2016,경상북도,영덕군,3636,5170,74449.0,0.0488,,1,0.2746,SGIS실제인접,22843.8,60500.7,37.76,False,104.55,1,추정(시군구 평균비중 x 국가총량)
2017,경상북도,영덕군,1135,3636,74449.0,0.0152,,2,0.3048,SGIS실제인접,22843.8,60500.7,37.76,False,422.36,1,실측(원자료 기반)
2018,경상북도,영덕군,1006,1135,74449.0,0.0135,,3,0.1689,SGIS실제인접,22843.8,60500.7,37.76,False,422.36,1,실측(원자료 기반)
2019,경상북도,영덕군,917,1006,74449.0,0.0123,-29.67,4,0.0792,SGIS실제인접,22843.8,60500.7,37.76,False,104.55,1,실측(원자료 기반)
2020,경상북도,영덕군,427,917,74449.0,0.0057,-24.55,5,0.0644,SGIS실제인접,22843.8,60500.7,37.76,False,104.55,1,실측(원자료 기반)
2021,경상북도,영덕군,1303,427,74449.0,0.0175,47.62,6,0.0452,SGIS실제인접,22843.8,60500.7,37.76,False,49.35,1,실측(원자료 기반)
2022,경상북도,영덕군,2129,1303,74449.0,0.0286,71.7,7,0.0724,centroid근접(대체),22843.8,60500.7,37.76,False,119.08,1,실측(원자료 기반)
2023,경상북도,영덕군,2747,2129,74449.0,0.0369,99.19,8,0.2074,SGIS실제인접,22843.8,60500.7,37.76,False,104.55,1,추정(시군구 평균비중 x 국가총량)
2024,경상북도,영덕군,2316,2747,74449.0,0.0311,25.58,9,0.175,SGIS실제인접,22843.8,60500.7,37.76,False,104.55,1,추정(시군구 평균비중 x 국가총량)
2025,경상북도,영덕군,3830,2316,74449.0,0.0514,26.23,10,0.2893,SGIS실제인접,22843.8,60500.7,37.76,False,104.55,1,추정(시군구 평균비중 x 국가총량)
2016,경상북도,영양군,0,1,81913.7,0.0,,1,0.1355,SGIS실제인접,27271.2,70760.7,38.54,False,127.7,0,추정(시군구 평균비중 x 국가총량)
2017,경상북도,영양군,2,0,81913.7,0.0,,2,0.0938,SGIS실제인접,27271.2,70760.7,38.54,False,432.47,0,실측(원자료 기반)
2018,경상북도,영양군,0,2,81913.7,0.0,,0,0.044,SGIS실제인접,27271.2,70760.7,38.54,False,432.47,0,실측(원자료 기반)
2019,경상북도,영양군,0,0,81913.7,0.0,110.3,0,0.0449,SGIS실제인접,27271.2,70760.7,38.54,False,127.7,0,실측(원자료 기반)
2020,경상북도,영양군,0,0,81913.7,0.0,-100.0,0,0.0385,SGIS실제인접,27271.2,70760.7,38.54,False,127.7,0,실측(원자료 기반)
2021,경상북도,영양군,0,0,81913.7,0.0,,0,0.0394,SGIS실제인접,27271.2,70760.7,38.54,False,35.09,0,실측(원자료 기반)
2022,경상북도,영양군,0,0,81913.7,0.0,,0,0.0095,centroid근접(대체),27271.2,70760.7,38.54,False,136.69,0,실측(원자료 기반)
2023,경상북도,영양군,0,0,81913.7,0.0,,1,0.1024,SGIS실제인접,27271.2,70760.7,38.54,False,127.7,0,추정(시군구 평균비중 x 국가총량)
2024,경상북도,영양군,0,0,81913.7,0.0,-15.66,2,0.0864,SGIS실제인접,27271.2,70760.7,38.54,False,127.7,0,추정(시군구 평균비중 x 국가총량)
2025,경상북도,영양군,1,0,81913.7,0.0,24.83,3,0.1428,SGIS실제인접,27271.2,70760.7,38.54,False,127.7,0,추정(시군구 평균비중 x 국가총량)
2016,경상북도,영주시,721,1025,67253.8,0.0107,,1,0.1261,SGIS실제인접,16025.3,41563.3,38.56,False,156.23,1,추정(시군구 평균비중 x 국가총량)
2017,경상북도,영주시,89,721,67253.8,0.0013,,2,0.0908,SGIS실제인접,16025.3,41563.3,38.56,False,424.2,1,실측(원자료 기반)
2018,경상북도,영주시,31,89,67253.8,0.0005,,3,0.0413,SGIS실제인접,16025.3,41563.3,38.56,False,424.2,0,실측(원자료 기반)
2019,경상북도,영주시,28,31,67253.8,0.0004,-54.17,4,0.0425,SGIS실제인접,16025.3,41563.3,38.56,False,156.23,0,실측(원자료 기반)
2020,경상북도,영주시,17,28,67253.8,0.0003,-38.04,5,0.0374,SGIS실제인접,16025.3,41563.3,38.56,False,156.23,0,실측(원자료 기반)
2021,경상북도,영주시,206,17,67253.8,0.0031,354.27,6,0.0359,SGIS실제인접,16025.3,41563.3,38.56,False,36.08,1,실측(원자료 기반)
2022,경상북도,영주시,811,206,67253.8,0.0121,455.39,7,0.0004,centroid근접(대체),16025.3,41563.3,38.56,False,153.17,0,실측(원자료 기반)
2023,경상북도,영주시,545,811,67253.8,0.0081,457.54,8,0.0952,SGIS실제인접,16025.3,41563.3,38.56,False,156.23,1,추정(시군구 평균비중 x 국가총량)
2024,경상북도,영주시,459,545,67253.8,0.0068,81.73,9,0.0803,SGIS실제인접,16025.3,41563.3,38.56,False,156.23,1,추정(시군구 평균비중 x 국가총량)
2025,경상북도,영주시,759,459,67253.8,0.0113,5.61,10,0.1328,SGIS실제인접,16025.3,41563.3,38.56,False,156.23,1,추정(시군구 평균비중 x 국가총량)
2016,경상북도,영천시,1080,1535,91506.0,0.0118,,1,0.339,SGIS실제인접,23321.8,60297.3,38.68,False,56.64,1,추정(시군구 평균비중 x 국가총량)
2017,경상북도,영천시,48,1080,91506.0,0.0005,,2,0.2845,SGIS실제인접,23321.8,60297.3,38.68,False,360.83,0,실측(원자료 기반)
2018,경상북도,영천시,110,48,91506.0,0.0012,,3,0.1819,SGIS실제인접,23321.8,60297.3,38.68,False,360.83,1,실측(원자료 기반)
2019,경상북도,영천시,201,110,91506.0,0.0022,38.78,4,0.1127,SGIS실제인접,23321.8,60297.3,38.68,False,56.64,1,실측(원자료 기반)
2020,경상북도,영천시,261,201,91506.0,0.0029,80.58,5,0.0967,SGIS실제인접,23321.8,60297.3,38.68,False,56.64,1,실측(원자료 기반)
2021,경상북도,영천시,387,261,91506.0,0.0042,53.62,6,0.0674,SGIS실제인접,23321.8,60297.3,38.68,False,64.3,1,실측(원자료 기반)
2022,경상북도,영천시,776,387,91506.0,0.0085,59.55,7,0.012,centroid근접(대체),23321.8,60297.3,38.68,False,59.03,1,실측(원자료 기반)
2023,경상북도,영천시,816,776,91506.0,0.0089,51.3,8,0.2195,SGIS실제인접,23321.8,60297.3,38.68,False,56.64,1,추정(시군구 평균비중 x 국가총량)
2024,경상북도,영천시,688,816,91506.0,0.0075,29.99,9,0.1852,SGIS실제인접,23321.8,60297.3,38.68,False,56.64,1,추정(시군구 평균비중 x 국가총량)
2025,경상북도,영천시,1137,688,91506.0,0.0124,18.26,10,0.3061,SGIS실제인접,23321.8,60297.3,38.68,False,56.64,1,추정(시군구 평균비중 x 국가총량)
2016,경상북도,예천군,50,71,66419.0,0.0008,,1,0.1122,SGIS실제인접,12280.6,35714.2,34.39,False,140.9,0,추정(시군구 평균비중 x 국가총량)
2017,경상북도,예천군,0,50,66419.0,0.0,,0,0.0777,SGIS실제인접,12280.6,35714.2,34.39,False,395.7,0,실측(원자료 기반)
2018,경상북도,예천군,1,0,66419.0,0.0,,1,0.0351,SGIS실제인접,12280.6,35714.2,34.39,False,395.7,0,실측(원자료 기반)
2019,경상북도,예천군,1,1,66419.0,0.0,-50.0,2,0.0361,SGIS실제인접,12280.6,35714.2,34.39,False,140.9,0,실측(원자료 기반)
2020,경상북도,예천군,1,1,66419.0,0.0,0.0,3,0.0327,SGIS실제인접,12280.6,35714.2,34.39,False,140.9,0,실측(원자료 기반)
2021,경상북도,예천군,16,1,66419.0,0.0002,500.0,4,0.033,SGIS실제인접,12280.6,35714.2,34.39,False,33.01,0,실측(원자료 기반)
2022,경상북도,예천군,58,16,66419.0,0.0009,587.5,5,0.0586,centroid근접(대체),12280.6,35714.2,34.39,False,132.36,0,실측(원자료 기반)
2023,경상북도,예천군,38,58,66419.0,0.0006,575.87,6,0.0848,SGIS실제인접,12280.6,35714.2,34.39,False,140.9,0,추정(시군구 평균비중 x 국가총량)
2024,경상북도,예천군,32,38,66419.0,0.0005,70.65,7,0.0715,SGIS실제인접,12280.6,35714.2,34.39,False,140.9,0,추정(시군구 평균비중 x 국가총량)
2025,경상북도,예천군,53,32,66419.0,0.0008,4.93,8,0.1182,SGIS실제인접,12280.6,35714.2,34.39,False,140.9,0,추정(시군구 평균비중 x 국가총량)
2016,경상북도,울릉군,0,0,7387.3,0.0,,0,0.0004,centroid근접(대체),0.0,0.0,0.0,True,263.95,0,추정(시군구 평균비중 x 국가총량)
2017,경상북도,울릉군,0,0,7387.3,0.0,,0,0.0,centroid근접(대체),0.0,0.0,0.0,True,597.74,0,실측(원자료 기반)
2018,경상북도,울릉군,0,0,7387.3,0.0,,0,0.0,centroid근접(대체),0.0,0.0,0.0,True,597.74,0,실측(원자료 기반)
2019,경상북도,울릉군,0,0,7387.3,0.0,,0,0.0,centroid근접(대체),0.0,0.0,0.0,True,263.95,0,실측(원자료 기반)
2020,경상북도,울릉군,0,0,7387.3,0.0,,0,0.0,centroid근접(대체),0.0,0.0,0.0,True,263.95,0,실측(원자료 기반)
2021,경상북도,울릉군,0,0,7387.3,0.0,,0,0.0,centroid근접(대체),0.0,0.0,0.0,True,211.76,0,실측(원자료 기반)
2022,경상북도,울릉군,0,0,7387.3,0.0,,0,0.0006,centroid근접(대체),0.0,0.0,0.0,True,289.78,0,실측(원자료 기반)
2023,경상북도,울릉군,0,0,7387.3,0.0,,0,0.0003,centroid근접(대체),0.0,0.0,0.0,True,263.95,0,추정(시군구 평균비중 x 국가총량)
2024,경상북도,울릉군,0,0,7387.3,0.0,,0,0.0002,centroid근접(대체),0.0,0.0,0.0,True,263.95,0,추정(시군구 평균비중 x 국가총량)
2025,경상북도,울릉군,0,0,7387.3,0.0,,0,0.0004,centroid근접(대체),0.0,0.0,0.0,True,263.95,0,추정(시군구 평균비중 x 국가총량)
2016,경상북도,울진군,1,1,99441.1,0.0,,1,0.0122,SGIS실제인접,40590.0,84204.2,48.2,False,151.09,0,추정(시군구 평균비중 x 국가총량)
2017,경상북도,울진군,1,1,99441.1,0.0,,2,0.0038,SGIS실제인접,40590.0,84204.2,48.2,False,459.92,0,실측(원자료 기반)
2018,경상북도,울진군,0,1,99441.1,0.0,,0,0.0034,SGIS실제인접,40590.0,84204.2,48.2,False,459.92,0,실측(원자료 기반)
2019,경상북도,울진군,0,0,99441.1,0.0,-50.25,0,0.0031,SGIS실제인접,40590.0,84204.2,48.2,False,151.09,0,실측(원자료 기반)
2020,경상북도,울진군,0,0,99441.1,0.0,-100.0,0,0.0014,SGIS실제인접,40590.0,84204.2,48.2,False,151.09,0,실측(원자료 기반)
2021,경상북도,울진군,1,0,99441.1,0.0,,1,0.0044,SGIS실제인접,40590.0,84204.2,48.2,False,59.6,0,실측(원자료 기반)
2022,경상북도,울진군,0,1,99441.1,0.0,-100.0,0,0.0,centroid근접(대체),40590.0,84204.2,48.2,False,162.86,0,실측(원자료 기반)
2023,경상북도,울진군,1,0,99441.1,0.0,-100.0,1,0.0092,SGIS실제인접,40590.0,84204.2,48.2,False,151.09,0,추정(시군구 평균비중 x 국가총량)
2024,경상북도,울진군,1,1,99441.1,0.0,-57.83,2,0.0078,SGIS실제인접,40590.0,84204.2,48.2,False,151.09,0,추정(시군구 평균비중 x 국가총량)
2025,경상북도,울진군,1,1,99441.1,0.0,24.83,3,0.0129,SGIS실제인접,40590.0,84204.2,48.2,False,151.09,0,추정(시군구 평균비중 x 국가총량)
2016,경상북도,의성군,1461,2078,116930.3,0.0125,,1,0.4457,SGIS실제인접,37137.4,79055.7,46.98,False,104.23,1,추정(시군구 평균비중 x 국가총량)
2017,경상북도,의성군,65,1461,116930.3,0.0006,,2,0.3392,SGIS실제인접,37137.4,79055.7,46.98,False,375.61,0,실측(원자료 기반)
2018,경상북도,의성군,69,65,116930.3,0.0006,,3,0.177,SGIS실제인접,37137.4,79055.7,46.98,False,375.61,0,실측(원자료 기반)
2019,경상북도,의성군,71,69,116930.3,0.0006,-28.83,4,0.152,SGIS실제인접,37137.4,79055.7,46.98,False,104.23,0,실측(원자료 기반)
2020,경상북도,의성군,605,71,116930.3,0.0052,253.72,5,0.1349,SGIS실제인접,37137.4,79055.7,46.98,False,104.23,1,실측(원자료 기반)
2021,경상북도,의성군,688,605,116930.3,0.0059,256.24,6,0.1184,SGIS실제인접,37137.4,79055.7,46.98,False,28.36,1,실측(원자료 기반)
2022,경상북도,의성군,814,688,116930.3,0.007,261.38,7,0.1622,centroid근접(대체),37137.4,79055.7,46.98,False,97.08,1,실측(원자료 기반)
2023,경상북도,의성군,1104,814,116930.3,0.0094,22.55,8,0.2806,SGIS실제인접,37137.4,79055.7,46.98,False,104.23,1,추정(시군구 평균비중 x 국가총량)
2024,경상북도,의성군,931,1104,116930.3,0.008,12.76,9,0.2366,SGIS실제인접,37137.4,79055.7,46.98,False,104.23,1,추정(시군구 평균비중 x 국가총량)
2025,경상북도,의성군,1539,931,116930.3,0.0132,28.43,10,0.3912,SGIS실제인접,37137.4,79055.7,46.98,False,104.23,1,추정(시군구 평균비중 x 국가총량)
2016,경상북도,청도군,11064,15732,69291.7,0.1597,,1,0.5827,SGIS실제인접,18248.3,49098.3,37.17,False,38.99,1,추정(시군구 평균비중 x 국가총량)
2017,경상북도,청도군,2330,11064,69291.7,0.0336,,2,0.3953,SGIS실제인접,18248.3,49098.3,37.17,False,322.52,1,실측(원자료 기반)
2018,경상북도,청도군,4257,2330,69291.7,0.0614,,3,0.3017,SGIS실제인접,18248.3,49098.3,37.17,False,322.52,1,실측(원자료 기반)
2019,경상북도,청도군,3698,4257,69291.7,0.0534,-3.12,4,0.2282,SGIS실제인접,18248.3,49098.3,37.17,False,38.99,1,실측(원자료 기반)
2020,경상북도,청도군,4919,3698,69291.7,0.071,34.2,5,0.1747,SGIS실제인접,18248.3,49098.3,37.17,False,38.99,1,실측(원자료 기반)
2021,경상북도,청도군,3961,4919,69291.7,0.0572,0.14,6,0.0973,SGIS실제인접,18248.3,49098.3,37.17,False,100.65,1,실측(원자료 기반)
2022,경상북도,청도군,2208,3961,69291.7,0.0319,-10.24,7,0.1316,centroid근접(대체),18248.3,49098.3,37.17,False,19.36,1,실측(원자료 기반)
2023,경상북도,청도군,8358,2208,69291.7,0.1206,71.6,8,0.4402,SGIS실제인접,18248.3,49098.3,37.17,False,38.99,1,추정(시군구 평균비중 x 국가총량)
2024,경상북도,청도군,7049,8358,69291.7,0.1017,72.87,9,0.3713,SGIS실제인접,18248.3,49098.3,37.17,False,38.99,1,추정(시군구 평균비중 x 국가총량)
2025,경상북도,청도군,11654,7049,69291.7,0.1682,109.4,10,0.6138,SGIS실제인접,18248.3,49098.3,37.17,False,38.99,1,추정(시군구 평균비중 x 국가총량)
2016,경상북도,청송군,0,0,84671.2,0.0,,1,0.3001,SGIS실제인접,25325.4,69799.9,36.28,False,90.74,0,추정(시군구 평균비중 x 국가총량)
2017,경상북도,청송군,1,0,84671.2,0.0,,2,0.2815,SGIS실제인접,25325.4,69799.9,36.28,False,397.18,0,실측(원자료 기반)
2018,경상북도,청송군,0,1,84671.2,0.0,,0,0.1495,SGIS실제인접,25325.4,69799.9,36.28,False,397.18,0,실측(원자료 기반)
2019,경상북도,청송군,0,0,84671.2,0.0,110.3,0,0.0907,SGIS실제인접,25325.4,69799.9,36.28,False,90.74,0,실측(원자료 기반)
2020,경상북도,청송군,0,0,84671.2,0.0,-100.0,0,0.0763,SGIS실제인접,25325.4,69799.9,36.28,False,90.74,0,실측(원자료 기반)
2021,경상북도,청송군,0,0,84671.2,0.0,,0,0.0646,SGIS실제인접,25325.4,69799.9,36.28,False,35.09,0,실측(원자료 기반)
2022,경상북도,청송군,0,0,84671.2,0.0,,0,0.1365,centroid근접(대체),25325.4,69799.9,36.28,False,98.25,0,실측(원자료 기반)
2023,경상북도,청송군,0,0,84671.2,0.0,,1,0.1943,SGIS실제인접,25325.4,69799.9,36.28,False,90.74,0,추정(시군구 평균비중 x 국가총량)
2024,경상북도,청송군,0,0,84671.2,0.0,-15.66,2,0.1639,SGIS실제인접,25325.4,69799.9,36.28,False,90.74,0,추정(시군구 평균비중 x 국가총량)
2025,경상북도,청송군,0,0,84671.2,0.0,24.83,3,0.2709,SGIS실제인접,25325.4,69799.9,36.28,False,90.74,0,추정(시군구 평균비중 x 국가총량)
2016,경상북도,칠곡군,6498,9239,45003.4,0.1444,,1,0.4367,SGIS실제인접,9802.4,29076.3,33.71,False,83.73,1,추정(시군구 평균비중 x 국가총량)
2017,경상북도,칠곡군,1148,6498,45003.4,0.0255,,2,0.2707,SGIS실제인접,9802.4,29076.3,33.71,False,335.7,1,실측(원자료 기반)
2018,경상북도,칠곡군,855,1148,45003.4,0.019,,3,0.1537,SGIS실제인접,9802.4,29076.3,33.71,False,335.7,1,실측(원자료 기반)
2019,경상북도,칠곡군,2593,855,45003.4,0.0576,31.81,4,0.1319,SGIS실제인접,9802.4,29076.3,33.71,False,83.73,1,실측(원자료 기반)
2020,경상북도,칠곡군,2067,2593,45003.4,0.0459,52.49,5,0.1195,SGIS실제인접,9802.4,29076.3,33.71,False,83.73,1,실측(원자료 기반)
2021,경상북도,칠곡군,2508,2067,45003.4,0.0557,68.11,6,0.1093,SGIS실제인접,9802.4,29076.3,33.71,False,68.83,1,실측(원자료 기반)
2022,경상북도,칠곡군,2499,2508,45003.4,0.0555,0.23,7,0.1257,centroid근접(대체),9802.4,29076.3,33.71,False,64.52,1,실측(원자료 기반)
2023,경상북도,칠곡군,4909,2499,45003.4,0.1091,39.13,8,0.2828,SGIS실제인접,9802.4,29076.3,33.71,False,83.73,1,추정(시군구 평균비중 x 국가총량)
2024,경상북도,칠곡군,4140,4909,45003.4,0.092,26.8,9,0.2385,SGIS실제인접,9802.4,29076.3,33.71,False,83.73,1,추정(시군구 평균비중 x 국가총량)
2025,경상북도,칠곡군,6844,4140,45003.4,0.1521,48.7,10,0.3943,SGIS실제인접,9802.4,29076.3,33.71,False,83.73,1,추정(시군구 평균비중 x 국가총량)
2016,경상북도,포항시,124464,176976,113315.1,1.0984,,1,0.2022,SGIS실제인접,22874.9,78000.6,29.33,False,61.6,1,추정(시군구 평균비중 x 국가총량)
2017,경상북도,포항시,138153,124464,113315.1,1.2192,,2,0.1171,SGIS실제인접,22874.9,78000.6,29.33,False,388.44,1,실측(원자료 기반)
2018,경상북도,포항시,76572,138153,113315.1,0.6757,,3,0.0912,SGIS실제인접,22874.9,78000.6,29.33,False,388.44,1,실측(원자료 기반)
2019,경상북도,포항시,35915,76572,113315.1,0.3169,-28.89,4,0.0797,SGIS실제인접,22874.9,78000.6,29.33,False,61.6,1,실측(원자료 기반)
2020,경상북도,포항시,29188,35915,113315.1,0.2576,-38.8,5,0.0645,SGIS실제인접,22874.9,78000.6,29.33,False,61.6,1,실측(원자료 기반)
2021,경상북도,포항시,20506,29188,113315.1,0.181,-33.86,6,0.0465,SGIS실제인접,22874.9,78000.6,29.33,False,71.78,1,실측(원자료 기반)
2022,경상북도,포항시,24617,20506,113315.1,0.2172,-9.48,7,0.058,centroid근접(대체),22874.9,78000.6,29.33,False,80.77,1,실측(원자료 기반)
2023,경상북도,포항시,94025,24617,113315.1,0.8298,90.75,8,0.1528,SGIS실제인접,22874.9,78000.6,29.33,False,61.6,1,추정(시군구 평균비중 x 국가총량)
2024,경상북도,포항시,79299,94025,113315.1,0.6998,95.45,9,0.1289,SGIS실제인접,22874.9,78000.6,29.33,False,61.6,1,추정(시군구 평균비중 x 국가총량)
2025,경상북도,포항시,131105,79299,113315.1,1.157,110.54,10,0.213,SGIS실제인접,22874.9,78000.6,29.33,False,61.6,1,추정(시군구 평균비중 x 국가총량)
2016,광주광역시,광산구,711,1011,22191.0,0.032,,1,0.009,SGIS실제인접,2700.7,6817.4,39.61,False,225.23,1,추정(시군구 평균비중 x 국가총량)
2017,광주광역시,광산구,18,711,22191.0,0.0008,,2,0.0303,SGIS실제인접,2700.7,6817.4,39.61,False,192.05,0,실측(원자료 기반)
2018,광주광역시,광산구,0,18,22191.0,0.0,,0,0.0001,SGIS실제인접,2700.7,6817.4,39.61,False,192.05,0,실측(원자료 기반)
2019,광주광역시,광산구,4,0,22191.0,0.0002,-98.73,1,0.0,SGIS실제인접,2700.7,6817.4,39.61,False,225.23,0,실측(원자료 기반)
2020,광주광역시,광산구,35,4,22191.0,0.0016,337.5,2,0.0009,SGIS실제인접,2700.7,6817.4,39.61,False,225.23,0,실측(원자료 기반)
2021,광주광역시,광산구,271,35,22191.0,0.0122,724.64,3,0.0003,SGIS실제인접,2700.7,6817.4,39.61,False,241.09,0,실측(원자료 기반)
2022,광주광역시,광산구,761,271,22191.0,0.0343,543.37,4,0.0002,centroid근접(대체),2700.7,6817.4,39.61,False,188.76,0,실측(원자료 기반)
2023,광주광역시,광산구,537,761,22191.0,0.0242,275.22,5,0.0068,SGIS실제인접,2700.7,6817.4,39.61,False,225.23,1,추정(시군구 평균비중 x 국가총량)
2024,광주광역시,광산구,453,537,22191.0,0.0204,45.24,6,0.0058,SGIS실제인접,2700.7,6817.4,39.61,False,225.23,1,추정(시군구 평균비중 x 국가총량)
2025,광주광역시,광산구,749,453,22191.0,0.0337,6.75,7,0.0095,SGIS실제인접,2700.7,6817.4,39.61,False,225.23,1,추정(시군구 평균비중 x 국가총량)
2016,광주광역시,남구,7,10,6053.8,0.0012,,1,0.0157,SGIS실제인접,510.2,1895.7,26.91,False,217.74,0,추정(시군구 평균비중 x 국가총량)
2017,광주광역시,남구,1,7,6053.8,0.0002,,2,0.0364,SGIS실제인접,510.2,1895.7,26.91,False,185.54,0,실측(원자료 기반)
2018,광주광역시,남구,0,1,6053.8,0.0,,0,0.0001,SGIS실제인접,510.2,1895.7,26.91,False,185.54,0,실측(원자료 기반)
2019,광주광역시,남구,0,0,6053.8,0.0,-92.89,0,0.0,SGIS실제인접,510.2,1895.7,26.91,False,217.74,0,실측(원자료 기반)
2020,광주광역시,남구,8,0,6053.8,0.0013,-100.0,1,0.0011,SGIS실제인접,510.2,1895.7,26.91,False,217.74,0,실측(원자료 기반)
2021,광주광역시,남구,2,8,6053.8,0.0003,-75.0,2,0.0027,SGIS실제인접,510.2,1895.7,26.91,False,239.46,0,실측(원자료 기반)
2022,광주광역시,남구,1,2,6053.8,0.0002,-62.5,3,0.0116,centroid근접(대체),510.2,1895.7,26.91,False,181.37,0,실측(원자료 기반)
2023,광주광역시,남구,5,1,6053.8,0.0009,102.15,4,0.0119,SGIS실제인접,510.2,1895.7,26.91,False,217.74,0,추정(시군구 평균비중 x 국가총량)
2024,광주광역시,남구,4,5,6053.8,0.0007,121.93,5,0.01,SGIS실제인접,510.2,1895.7,26.91,False,217.74,0,추정(시군구 평균비중 x 국가총량)
2025,광주광역시,남구,7,4,6053.8,0.0012,160.37,6,0.0166,SGIS실제인접,510.2,1895.7,26.91,False,217.74,0,추정(시군구 평균비중 x 국가총량)
2016,광주광역시,동구,0,0,4870.2,0.0,,0,0.0012,SGIS실제인접,895.8,3926.7,22.81,False,208.91,0,추정(시군구 평균비중 x 국가총량)
2017,광주광역시,동구,0,0,4870.2,0.0,,0,0.0003,SGIS실제인접,895.8,3926.7,22.81,False,189.65,0,실측(원자료 기반)
2018,광주광역시,동구,0,0,4870.2,0.0,,0,0.0001,SGIS실제인접,895.8,3926.7,22.81,False,189.65,0,실측(원자료 기반)
2019,광주광역시,동구,0,0,4870.2,0.0,,0,0.0,SGIS실제인접,895.8,3926.7,22.81,False,208.91,0,실측(원자료 기반)
2020,광주광역시,동구,0,0,4870.2,0.0,,0,0.0013,SGIS실제인접,895.8,3926.7,22.81,False,208.91,0,실측(원자료 기반)
2021,광주광역시,동구,0,0,4870.2,0.0,,0,0.0003,SGIS실제인접,895.8,3926.7,22.81,False,231.62,0,실측(원자료 기반)
2022,광주광역시,동구,0,0,4870.2,0.0,,0,0.0002,centroid근접(대체),895.8,3926.7,22.81,False,172.55,0,실측(원자료 기반)
2023,광주광역시,동구,0,0,4870.2,0.0,,0,0.0009,SGIS실제인접,895.8,3926.7,22.81,False,208.91,0,추정(시군구 평균비중 x 국가총량)
2024,광주광역시,동구,0,0,4870.2,0.0,,0,0.0008,SGIS실제인접,895.8,3926.7,22.81,False,208.91,0,추정(시군구 평균비중 x 국가총량)
2025,광주광역시,동구,0,0,4870.2,0.0,,0,0.0013,SGIS실제인접,895.8,3926.7,22.81,False,208.91,0,추정(시군구 평균비중 x 국가총량)
2016,광주광역시,북구,0,0,11937.6,0.0,,0,0.0072,SGIS실제인접,1417.1,5568.1,25.45,False,209.21,0,추정(시군구 평균비중 x 국가총량)
2017,광주광역시,북구,0,0,11937.6,0.0,,0,0.0003,SGIS실제인접,1417.1,5568.1,25.45,False,197.47,0,실측(원자료 기반)
2018,광주광역시,북구,0,0,11937.6,0.0,,0,0.0001,SGIS실제인접,1417.1,5568.1,25.45,False,197.47,0,실측(원자료 기반)
2019,광주광역시,북구,0,0,11937.6,0.0,,0,0.0003,SGIS실제인접,1417.1,5568.1,25.45,False,209.21,0,실측(원자료 기반)
2020,광주광역시,북구,0,0,11937.6,0.0,,0,0.001,SGIS실제인접,1417.1,5568.1,25.45,False,209.21,0,실측(원자료 기반)
2021,광주광역시,북구,0,0,11937.6,0.0,,0,0.0023,SGIS실제인접,1417.1,5568.1,25.45,False,227.34,0,실측(원자료 기반)
2022,광주광역시,북구,0,0,11937.6,0.0,,0,0.0002,centroid근접(대체),1417.1,5568.1,25.45,False,172.74,0,실측(원자료 기반)
2023,광주광역시,북구,0,0,11937.6,0.0,,0,0.0055,SGIS실제인접,1417.1,5568.1,25.45,False,209.21,0,추정(시군구 평균비중 x 국가총량)
2024,광주광역시,북구,0,0,11937.6,0.0,,0,0.0046,SGIS실제인접,1417.1,5568.1,25.45,False,209.21,0,추정(시군구 평균비중 x 국가총량)
2025,광주광역시,북구,0,0,11937.6,0.0,,0,0.0076,SGIS실제인접,1417.1,5568.1,25.45,False,209.21,0,추정(시군구 평균비중 x 국가총량)
2016,광주광역시,서구,17,25,4748.9,0.0037,,1,0.0083,SGIS실제인접,172.2,711.1,24.22,False,217.21,0,추정(시군구 평균비중 x 국가총량)
2017,광주광역시,서구,5,17,4748.9,0.0011,,2,0.0002,SGIS실제인접,172.2,711.1,24.22,False,190.01,0,실측(원자료 기반)
2018,광주광역시,서구,2,5,4748.9,0.0004,,3,0.0,SGIS실제인접,172.2,711.1,24.22,False,190.01,0,실측(원자료 기반)
2019,광주광역시,서구,0,2,4748.9,0.0,-77.09,0,0.0,SGIS실제인접,172.2,711.1,24.22,False,217.21,0,실측(원자료 기반)
2020,광주광역시,서구,18,0,4748.9,0.0038,-80.0,1,0.0007,SGIS실제인접,172.2,711.1,24.22,False,217.21,0,실측(원자료 기반)
2021,광주광역시,서구,5,18,4748.9,0.0011,-86.11,2,0.0031,SGIS실제인접,172.2,711.1,24.22,False,236.67,0,실측(원자료 기반)
2022,광주광역시,서구,2,5,4748.9,0.0004,-66.11,3,0.0001,centroid근접(대체),172.2,711.1,24.22,False,180.78,0,실측(원자료 기반)
2023,광주광역시,서구,13,2,4748.9,0.0028,141.64,4,0.0063,SGIS실제인접,172.2,711.1,24.22,False,217.21,0,추정(시군구 평균비중 x 국가총량)
2024,광주광역시,서구,11,13,4748.9,0.0023,160.49,5,0.0053,SGIS실제인접,172.2,711.1,24.22,False,217.21,0,추정(시군구 평균비중 x 국가총량)
2025,광주광역시,서구,18,11,4748.9,0.0039,202.27,6,0.0087,SGIS실제인접,172.2,711.1,24.22,False,217.21,0,추정(시군구 평균비중 x 국가총량)
2016,대구광역시,군위군,0,0,61307.4,0.0,,0,0.0611,centroid근접(대체),1300.5,3056.2,42.55,False,84.67,0,추정(시군구 평균비중 x 국가총량)
2017,대구광역시,군위군,0,0,61307.4,0.0,,0,0.0091,centroid근접(대체),1300.5,3056.2,42.55,False,359.17,0,실측(원자료 기반)
2018,대구광역시,군위군,0,0,61307.4,0.0,,0,0.0076,centroid근접(대체),1300.5,3056.2,42.55,False,359.17,0,실측(원자료 기반)
2019,대구광역시,군위군,0,0,61307.4,0.0,,0,0.0198,centroid근접(대체),1300.5,3056.2,42.55,False,84.67,0,실측(원자료 기반)
2020,대구광역시,군위군,0,0,61307.4,0.0,,0,0.0176,centroid근접(대체),1300.5,3056.2,42.55,False,84.67,0,실측(원자료 기반)
2021,대구광역시,군위군,0,0,61307.4,0.0,,0,0.0211,centroid근접(대체),1300.5,3056.2,42.55,False,47.01,0,실측(원자료 기반)
2022,대구광역시,군위군,0,0,61307.4,0.0,,0,0.0326,centroid근접(대체),1300.5,3056.2,42.55,False,75.59,0,실측(원자료 기반)
2023,대구광역시,군위군,0,0,61307.4,0.0,,0,0.2233,SGIS실제인접,1300.5,3056.2,42.55,False,84.67,0,추정(시군구 평균비중 x 국가총량)
2024,대구광역시,군위군,0,0,61307.4,0.0,,0,0.1883,SGIS실제인접,1300.5,3056.2,42.55,False,84.67,0,추정(시군구 평균비중 x 국가총량)
2025,대구광역시,군위군,0,0,61307.4,0.0,,0,0.3114,SGIS실제인접,1300.5,3056.2,42.55,False,84.67,0,추정(시군구 평균비중 x 국가총량)
2016,대구광역시,남구,1,1,1779.9,0.0004,,1,0.0732,SGIS실제인접,379.0,1809.0,20.95,False,63.26,0,추정(시군구 평균비중 x 국가총량)
2017,대구광역시,남구,0,1,1779.9,0.0,,0,0.0194,SGIS실제인접,379.0,1809.0,20.95,False,325.36,0,실측(원자료 기반)
2018,대구광역시,남구,0,0,1779.9,0.0,,0,0.0199,SGIS실제인접,379.0,1809.0,20.95,False,325.36,0,실측(원자료 기반)
2019,대구광역시,남구,0,0,1779.9,0.0,-100.0,0,0.016,SGIS실제인접,379.0,1809.0,20.95,False,63.26,0,실측(원자료 기반)
2020,대구광역시,남구,0,0,1779.9,0.0,,0,0.0131,SGIS실제인접,379.0,1809.0,20.95,False,63.26,0,실측(원자료 기반)
2021,대구광역시,남구,1,0,1779.9,0.0006,,1,0.0158,SGIS실제인접,379.0,1809.0,20.95,False,84.49,0,실측(원자료 기반)
2022,대구광역시,남구,0,1,1779.9,0.0,-100.0,0,0.0201,centroid근접(대체),379.0,1809.0,20.95,False,41.66,0,실측(원자료 기반)
2023,대구광역시,남구,1,0,1779.9,0.0003,-100.0,1,0.0553,SGIS실제인접,379.0,1809.0,20.95,False,63.26,0,추정(시군구 평균비중 x 국가총량)
2024,대구광역시,남구,0,1,1779.9,0.0003,-57.83,2,0.0466,SGIS실제인접,379.0,1809.0,20.95,False,63.26,0,추정(시군구 평균비중 x 국가총량)
2025,대구광역시,남구,1,0,1779.9,0.0005,24.83,3,0.0771,SGIS실제인접,379.0,1809.0,20.95,False,63.26,0,추정(시군구 평균비중 x 국가총량)
2016,대구광역시,달서구,354,504,6251.7,0.0567,,1,0.1687,SGIS실제인접,972.0,4449.6,21.84,False,67.32,1,추정(시군구 평균비중 x 국가총량)
2017,대구광역시,달서구,22,354,6251.7,0.0035,,2,0.0311,SGIS실제인접,972.0,4449.6,21.84,False,321.73,1,실측(원자료 기반)
2018,대구광역시,달서구,44,22,6251.7,0.007,,3,0.0416,SGIS실제인접,972.0,4449.6,21.84,False,321.73,1,실측(원자료 기반)
2019,대구광역시,달서구,28,44,6251.7,0.0045,-10.05,4,0.0321,SGIS실제인접,972.0,4449.6,21.84,False,67.32,1,실측(원자료 기반)
2020,대구광역시,달서구,30,28,6251.7,0.0048,23.59,5,0.0462,SGIS실제인접,972.0,4449.6,21.84,False,67.32,1,실측(원자료 기반)
2021,대구광역시,달서구,170,30,6251.7,0.0272,145.82,6,0.0616,SGIS실제인접,972.0,4449.6,21.84,False,86.48,1,실측(원자료 기반)
2022,대구광역시,달서구,276,170,6251.7,0.0441,178.72,7,0.0054,centroid근접(대체),972.0,4449.6,21.84,False,43.47,1,실측(원자료 기반)
2023,대구광역시,달서구,268,276,6251.7,0.0428,175.34,8,0.1275,SGIS실제인접,972.0,4449.6,21.84,False,67.32,1,추정(시군구 평균비중 x 국가총량)
2024,대구광역시,달서구,226,268,6251.7,0.0361,14.57,9,0.1075,SGIS실제인접,972.0,4449.6,21.84,False,67.32,1,추정(시군구 평균비중 x 국가총량)
2025,대구광역시,달서구,373,226,6251.7,0.0597,15.56,10,0.1777,SGIS실제인접,972.0,4449.6,21.84,False,67.32,1,추정(시군구 평균비중 x 국가총량)
2016,대구광역시,달성군,9920,14105,42280.4,0.2346,,1,0.2039,SGIS실제인접,9829.5,48904.3,20.1,False,66.77,1,추정(시군구 평균비중 x 국가총량)
2017,대구광역시,달성군,3052,9920,42280.4,0.0722,,2,0.0763,SGIS실제인접,9829.5,48904.3,20.1,False,313.97,1,실측(원자료 기반)
2018,대구광역시,달성군,2998,3052,42280.4,0.0709,,3,0.0689,SGIS실제인접,9829.5,48904.3,20.1,False,313.97,1,실측(원자료 기반)
2019,대구광역시,달성군,2493,2998,42280.4,0.059,-29.28,4,0.0539,SGIS실제인접,9829.5,48904.3,20.1,False,66.77,1,실측(원자료 기반)
2020,대구광역시,달성군,2013,2493,42280.4,0.0476,-12.62,5,0.0545,SGIS실제인접,9829.5,48904.3,20.1,False,66.77,1,실측(원자료 기반)
2021,대구광역시,달성군,1525,2013,42280.4,0.0361,-20.11,6,0.0655,SGIS실제인접,9829.5,48904.3,20.1,False,94.5,1,실측(원자료 기반)
2022,대구광역시,달성군,7397,1525,42280.4,0.175,113.85,7,0.0201,centroid근접(대체),9829.5,48904.3,20.1,False,39.17,1,실측(원자료 기반)
2023,대구광역시,달성군,7494,7397,42280.4,0.1772,120.71,8,0.1541,SGIS실제인접,9829.5,48904.3,20.1,False,66.77,1,추정(시군구 평균비중 x 국가총량)
2024,대구광역시,달성군,6320,7494,42280.4,0.1495,123.57,9,0.1299,SGIS실제인접,9829.5,48904.3,20.1,False,66.77,1,추정(시군구 평균비중 x 국가총량)
2025,대구광역시,달성군,10449,6320,42280.4,0.2471,16.99,10,0.2148,SGIS실제인접,9829.5,48904.3,20.1,False,66.77,1,추정(시군구 평균비중 x 국가총량)
2016,대구광역시,동구,477,678,18155.7,0.0263,,1,0.1224,SGIS실제인접,5161.6,22075.2,23.38,False,62.61,1,추정(시군구 평균비중 x 국가총량)
2017,대구광역시,동구,24,477,18155.7,0.0013,,2,0.0464,SGIS실제인접,5161.6,22075.2,23.38,False,339.6,0,실측(원자료 기반)
2018,대구광역시,동구,60,24,18155.7,0.0033,,3,0.0253,SGIS실제인접,5161.6,22075.2,23.38,False,339.6,1,실측(원자료 기반)
2019,대구광역시,동구,21,60,18155.7,0.0012,-3.32,4,0.0302,SGIS실제인접,5161.6,22075.2,23.38,False,62.61,1,실측(원자료 기반)
2020,대구광역시,동구,31,21,18155.7,0.0017,44.21,5,0.0293,SGIS실제인접,5161.6,22075.2,23.38,False,62.61,1,실측(원자료 기반)
2021,대구광역시,동구,28,31,18155.7,0.0015,-9.02,6,0.035,SGIS실제인접,5161.6,22075.2,23.38,False,72.14,1,실측(원자료 기반)
2022,대구광역시,동구,641,28,18155.7,0.0353,742.41,7,0.1203,centroid근접(대체),5161.6,22075.2,23.38,False,49.27,1,실측(원자료 기반)
2023,대구광역시,동구,360,641,18155.7,0.0199,711.95,8,0.0793,SGIS실제인접,5161.6,22075.2,23.38,False,62.61,1,추정(시군구 평균비중 x 국가총량)
2024,대구광역시,동구,304,360,18155.7,0.0167,709.95,9,0.0669,SGIS실제인접,5161.6,22075.2,23.38,False,62.61,1,추정(시군구 평균비중 x 국가총량)
2025,대구광역시,동구,503,304,18155.7,0.0277,1.97,10,0.1106,SGIS실제인접,5161.6,22075.2,23.38,False,62.61,1,추정(시군구 평균비중 x 국가총량)
2016,대구광역시,북구,5392,7667,9367.4,0.5756,,1,0.0885,SGIS실제인접,2417.8,8796.2,27.49,False,69.66,1,추정(시군구 평균비중 x 국가총량)
2017,대구광역시,북구,2343,5392,9367.4,0.2501,,2,0.0243,SGIS실제인접,2417.8,8796.2,27.49,False,333.42,1,실측(원자료 기반)
2018,대구광역시,북구,1216,2343,9367.4,0.1298,,3,0.0227,SGIS실제인접,2417.8,8796.2,27.49,False,333.42,1,실측(원자료 기반)
2019,대구광역시,북구,1127,1216,9367.4,0.1203,-37.32,4,0.0257,SGIS실제인접,2417.8,8796.2,27.49,False,69.66,1,실측(원자료 기반)
2020,대구광역시,북구,1185,1127,9367.4,0.1265,-16.76,5,0.0193,SGIS실제인접,2417.8,8796.2,27.49,False,69.66,1,실측(원자료 기반)
2021,대구광역시,북구,1397,1185,9367.4,0.1491,5.24,6,0.021,SGIS실제인접,2417.8,8796.2,27.49,False,74.53,1,실측(원자료 기반)
2022,대구광역시,북구,3382,1397,9367.4,0.361,55.04,7,0.0171,centroid근접(대체),2417.8,8796.2,27.49,False,51.45,1,실측(원자료 기반)
2023,대구광역시,북구,4073,3382,9367.4,0.4348,60.14,8,0.0668,SGIS실제인접,2417.8,8796.2,27.49,False,69.66,1,추정(시군구 평균비중 x 국가총량)
2024,대구광역시,북구,3435,4073,9367.4,0.3667,48.96,9,0.0564,SGIS실제인접,2417.8,8796.2,27.49,False,69.66,1,추정(시군구 평균비중 x 국가총량)
2025,대구광역시,북구,5680,3435,9367.4,0.6063,23.37,10,0.0932,SGIS실제인접,2417.8,8796.2,27.49,False,69.66,1,추정(시군구 평균비중 x 국가총량)
2016,대구광역시,서구,64,92,1740.4,0.037,,1,0.2167,SGIS실제인접,34.6,389.6,8.88,False,68.31,1,추정(시군구 평균비중 x 국가총량)
2017,대구광역시,서구,39,64,1740.4,0.0224,,2,0.0815,SGIS실제인접,34.6,389.6,8.88,False,327.1,1,실측(원자료 기반)
2018,대구광역시,서구,35,39,1740.4,0.0201,,3,0.0519,SGIS실제인접,34.6,389.6,8.88,False,327.1,1,실측(원자료 기반)
2019,대구광역시,서구,19,35,1740.4,0.0109,-31.82,4,0.0459,SGIS실제인접,34.6,389.6,8.88,False,68.31,1,실측(원자료 기반)
2020,대구광역시,서구,2,19,1740.4,0.0011,-48.48,5,0.0447,SGIS실제인접,34.6,389.6,8.88,False,68.31,0,실측(원자료 기반)
2021,대구광역시,서구,20,2,1740.4,0.0115,254.94,6,0.0531,SGIS실제인접,34.6,389.6,8.88,False,80.92,1,실측(원자료 기반)
2022,대구광역시,서구,28,20,1740.4,0.0161,283.51,7,0.0147,centroid근접(대체),34.6,389.6,8.88,False,47.08,1,실측(원자료 기반)
2023,대구광역시,서구,49,28,1740.4,0.028,337.97,8,0.1637,SGIS실제인접,34.6,389.6,8.88,False,68.31,1,추정(시군구 평균비중 x 국가총량)
2024,대구광역시,서구,41,49,1740.4,0.0236,32.75,9,0.1381,SGIS실제인접,34.6,389.6,8.88,False,68.31,1,추정(시군구 평균비중 x 국가총량)
2025,대구광역시,서구,68,41,1740.4,0.039,41.19,10,0.2283,SGIS실제인접,34.6,389.6,8.88,False,68.31,1,추정(시군구 평균비중 x 국가총량)
2016,대구광역시,수성구,10,15,7678.8,0.0014,,1,0.0526,SGIS실제인접,1196.5,7837.2,15.27,False,57.36,0,추정(시군구 평균비중 x 국가총량)
2017,대구광역시,수성구,15,10,7678.8,0.002,,2,0.0148,SGIS실제인접,1196.5,7837.2,15.27,False,329.33,1,실측(원자료 기반)
2018,대구광역시,수성구,12,15,7678.8,0.0016,,3,0.0149,SGIS실제인접,1196.5,7837.2,15.27,False,329.33,1,실측(원자료 기반)
2019,대구광역시,수성구,4,12,7678.8,0.0005,-14.04,4,0.0121,SGIS실제인접,1196.5,7837.2,15.27,False,57.36,0,실측(원자료 기반)
2020,대구광역시,수성구,0,4,7678.8,0.0,-62.22,0,0.0099,SGIS실제인접,1196.5,7837.2,15.27,False,57.36,0,실측(원자료 기반)
2021,대구광역시,수성구,1,0,7678.8,0.0001,-83.33,1,0.0078,SGIS실제인접,1196.5,7837.2,15.27,False,83.49,0,실측(원자료 기반)
2022,대구광역시,수성구,0,1,7678.8,0.0,-100.0,0,0.0054,centroid근접(대체),1196.5,7837.2,15.27,False,38.96,0,실측(원자료 기반)
2023,대구광역시,수성구,8,0,7678.8,0.001,-100.0,1,0.0397,SGIS실제인접,1196.5,7837.2,15.27,False,57.36,0,추정(시군구 평균비중 x 국가총량)
2024,대구광역시,수성구,7,8,7678.8,0.0009,-57.83,2,0.0335,SGIS실제인접,1196.5,7837.2,15.27,False,57.36,0,추정(시군구 평균비중 x 국가총량)
2025,대구광역시,수성구,11,7,7678.8,0.0014,24.83,3,0.0554,SGIS실제인접,1196.5,7837.2,15.27,False,57.36,0,추정(시군구 평균비중 x 국가총량)
2016,대구광역시,중구,0,0,704.1,0.0,,0,0.1162,SGIS실제인접,0.0,0.0,0.0,False,64.46,0,추정(시군구 평균비중 x 국가총량)
2017,대구광역시,중구,0,0,704.1,0.0,,0,0.0466,SGIS실제인접,0.0,0.0,0.0,False,328.62,0,실측(원자료 기반)
2018,대구광역시,중구,0,0,704.1,0.0,,0,0.027,SGIS실제인접,0.0,0.0,0.0,False,328.62,0,실측(원자료 기반)
2019,대구광역시,중구,0,0,704.1,0.0,,0,0.0229,SGIS실제인접,0.0,0.0,0.0,False,64.46,0,실측(원자료 기반)
2020,대구광역시,중구,0,0,704.1,0.0,,0,0.0224,SGIS실제인접,0.0,0.0,0.0,False,64.46,0,실측(원자료 기반)
2021,대구광역시,중구,0,0,704.1,0.0,,0,0.0317,SGIS실제인접,0.0,0.0,0.0,False,80.93,0,실측(원자료 기반)
2022,대구광역시,중구,0,0,704.1,0.0,,0,0.1257,centroid근접(대체),0.0,0.0,0.0,False,44.51,0,실측(원자료 기반)
2023,대구광역시,중구,0,0,704.1,0.0,,0,0.0878,SGIS실제인접,0.0,0.0,0.0,False,64.46,0,추정(시군구 평균비중 x 국가총량)
2024,대구광역시,중구,0,0,704.1,0.0,,0,0.0741,SGIS실제인접,0.0,0.0,0.0,False,64.46,0,추정(시군구 평균비중 x 국가총량)
2025,대구광역시,중구,0,0,704.1,0.0,,0,0.1224,SGIS실제인접,0.0,0.0,0.0,False,64.46,0,추정(시군구 평균비중 x 국가총량)
2016,대전광역시,대덕구,0,0,6907.6,0.0,,0,0.0002,SGIS실제인접,0.0,0.0,0.0,True,184.55,0,추정(시군구 평균비중 x 국가총량)
2017,대전광역시,대덕구,0,0,6907.6,0.0,,0,0.0,SGIS실제인접,0.0,0.0,0.0,True,339.62,0,실측(원자료 기반)
2018,대전광역시,대덕구,0,0,6907.6,0.0,,0,0.0,SGIS실제인접,0.0,0.0,0.0,True,339.62,0,실측(원자료 기반)
2019,대전광역시,대덕구,0,0,6907.6,0.0,,0,0.0001,SGIS실제인접,0.0,0.0,0.0,True,184.55,0,실측(원자료 기반)
2020,대전광역시,대덕구,0,0,6907.6,0.0,,0,0.0,SGIS실제인접,0.0,0.0,0.0,True,184.55,0,실측(원자료 기반)
2021,대전광역시,대덕구,0,0,6907.6,0.0,,0,0.0,SGIS실제인접,0.0,0.0,0.0,True,121.44,0,실측(원자료 기반)
2022,대전광역시,대덕구,0,0,6907.6,0.0,,0,0.0002,centroid근접(대체),0.0,0.0,0.0,True,158.37,0,실측(원자료 기반)
2023,대전광역시,대덕구,0,0,6907.6,0.0,,0,0.0001,SGIS실제인접,0.0,0.0,0.0,True,184.55,0,추정(시군구 평균비중 x 국가총량)
2024,대전광역시,대덕구,0,0,6907.6,0.0,,0,0.0001,SGIS실제인접,0.0,0.0,0.0,True,184.55,0,추정(시군구 평균비중 x 국가총량)
2025,대전광역시,대덕구,0,0,6907.6,0.0,,0,0.0002,SGIS실제인접,0.0,0.0,0.0,True,184.55,0,추정(시군구 평균비중 x 국가총량)
2016,대전광역시,동구,0,0,13708.8,0.0,,0,0.0,SGIS실제인접,1071.6,12005.2,8.93,False,176.97,0,추정(시군구 평균비중 x 국가총량)
2017,대전광역시,동구,0,0,13708.8,0.0,,0,0.0,SGIS실제인접,1071.6,12005.2,8.93,False,330.95,0,실측(원자료 기반)
2018,대전광역시,동구,0,0,13708.8,0.0,,0,0.0,SGIS실제인접,1071.6,12005.2,8.93,False,330.95,0,실측(원자료 기반)
2019,대전광역시,동구,0,0,13708.8,0.0,,0,0.0001,SGIS실제인접,1071.6,12005.2,8.93,False,176.97,0,실측(원자료 기반)
2020,대전광역시,동구,0,0,13708.8,0.0,,0,0.0,SGIS실제인접,1071.6,12005.2,8.93,False,176.97,0,실측(원자료 기반)
2021,대전광역시,동구,0,0,13708.8,0.0,,0,0.0,SGIS실제인접,1071.6,12005.2,8.93,False,120.35,0,실측(원자료 기반)
2022,대전광역시,동구,0,0,13708.8,0.0,,0,0.0,centroid근접(대체),1071.6,12005.2,8.93,False,149.84,0,실측(원자료 기반)
2023,대전광역시,동구,0,0,13708.8,0.0,,0,0.0,SGIS실제인접,1071.6,12005.2,8.93,False,176.97,0,추정(시군구 평균비중 x 국가총량)
2024,대전광역시,동구,0,0,13708.8,0.0,,0,0.0,SGIS실제인접,1071.6,12005.2,8.93,False,176.97,0,추정(시군구 평균비중 x 국가총량)
2025,대전광역시,동구,0,0,13708.8,0.0,,0,0.0,SGIS실제인접,1071.6,12005.2,8.93,False,176.97,0,추정(시군구 평균비중 x 국가총량)
2016,대전광역시,서구,0,0,9535.0,0.0,,0,0.0002,SGIS실제인접,0.0,0.0,0.0,True,185.15,0,추정(시군구 평균비중 x 국가총량)
2017,대전광역시,서구,0,0,9535.0,0.0,,0,0.0,SGIS실제인접,0.0,0.0,0.0,True,323.35,0,실측(원자료 기반)
2018,대전광역시,서구,0,0,9535.0,0.0,,0,0.0,SGIS실제인접,0.0,0.0,0.0,True,323.35,0,실측(원자료 기반)
2019,대전광역시,서구,0,0,9535.0,0.0,,0,0.0001,SGIS실제인접,0.0,0.0,0.0,True,185.15,0,실측(원자료 기반)
2020,대전광역시,서구,0,0,9535.0,0.0,,0,0.0,SGIS실제인접,0.0,0.0,0.0,True,185.15,0,실측(원자료 기반)
2021,대전광역시,서구,0,0,9535.0,0.0,,0,0.0,SGIS실제인접,0.0,0.0,0.0,True,132.85,0,실측(원자료 기반)
2022,대전광역시,서구,0,0,9535.0,0.0,,0,0.0002,centroid근접(대체),0.0,0.0,0.0,True,156.57,0,실측(원자료 기반)
2023,대전광역시,서구,0,0,9535.0,0.0,,0,0.0001,SGIS실제인접,0.0,0.0,0.0,True,185.15,0,추정(시군구 평균비중 x 국가총량)
2024,대전광역시,서구,0,0,9535.0,0.0,,0,0.0001,SGIS실제인접,0.0,0.0,0.0,True,185.15,0,추정(시군구 평균비중 x 국가총량)
2025,대전광역시,서구,0,0,9535.0,0.0,,0,0.0002,SGIS실제인접,0.0,0.0,0.0,True,185.15,0,추정(시군구 평균비중 x 국가총량)
2016,대전광역시,유성구,13,19,17591.4,0.0007,,1,0.0003,SGIS실제인접,1577.5,12511.0,12.61,False,190.95,0,추정(시군구 평균비중 x 국가총량)
2017,대전광역시,유성구,0,13,17591.4,0.0,,0,0.0003,SGIS실제인접,1577.5,12511.0,12.61,False,333.52,0,실측(원자료 기반)
2018,대전광역시,유성구,1,0,17591.4,0.0001,,1,0.0001,SGIS실제인접,1577.5,12511.0,12.61,False,333.52,0,실측(원자료 기반)
2019,대전광역시,유성구,6,1,17591.4,0.0003,200.0,2,0.0001,SGIS실제인접,1577.5,12511.0,12.61,False,190.95,0,실측(원자료 기반)
2020,대전광역시,유성구,0,6,17591.4,0.0,200.0,0,0.0001,SGIS실제인접,1577.5,12511.0,12.61,False,190.95,0,실측(원자료 기반)
2021,대전광역시,유성구,4,0,17591.4,0.0002,200.0,1,0.0001,SGIS실제인접,1577.5,12511.0,12.61,False,131.56,0,실측(원자료 기반)
2022,대전광역시,유성구,11,4,17591.4,0.0006,37.5,2,0.0,centroid근접(대체),1577.5,12511.0,12.61,False,163.54,0,실측(원자료 기반)
2023,대전광역시,유성구,10,11,17591.4,0.0006,82.75,3,0.0002,SGIS실제인접,1577.5,12511.0,12.61,False,190.95,0,추정(시군구 평균비중 x 국가총량)
2024,대전광역시,유성구,8,10,17591.4,0.0005,49.95,4,0.0002,SGIS실제인접,1577.5,12511.0,12.61,False,190.95,0,추정(시군구 평균비중 x 국가총량)
2025,대전광역시,유성구,14,8,17591.4,0.0008,13.39,5,0.0003,SGIS실제인접,1577.5,12511.0,12.61,False,190.95,0,추정(시군구 평균비중 x 국가총량)
2016,대전광역시,중구,0,0,6204.3,0.0,,0,0.0,SGIS실제인접,613.9,5216.8,11.77,False,179.85,0,추정(시군구 평균비중 x 국가총량)
2017,대전광역시,중구,0,0,6204.3,0.0,,0,0.0,SGIS실제인접,613.9,5216.8,11.77,False,324.85,0,실측(원자료 기반)
2018,대전광역시,중구,0,0,6204.3,0.0,,0,0.0,SGIS실제인접,613.9,5216.8,11.77,False,324.85,0,실측(원자료 기반)
2019,대전광역시,중구,0,0,6204.3,0.0,,0,0.0001,SGIS실제인접,613.9,5216.8,11.77,False,179.85,0,실측(원자료 기반)
2020,대전광역시,중구,0,0,6204.3,0.0,,0,0.0,SGIS실제인접,613.9,5216.8,11.77,False,179.85,0,실측(원자료 기반)
2021,대전광역시,중구,0,0,6204.3,0.0,,0,0.0,SGIS실제인접,613.9,5216.8,11.77,False,127.13,0,실측(원자료 기반)
2022,대전광역시,중구,0,0,6204.3,0.0,,0,0.0002,centroid근접(대체),613.9,5216.8,11.77,False,151.69,0,실측(원자료 기반)
2023,대전광역시,중구,0,0,6204.3,0.0,,0,0.0,SGIS실제인접,613.9,5216.8,11.77,False,179.85,0,추정(시군구 평균비중 x 국가총량)
2024,대전광역시,중구,0,0,6204.3,0.0,,0,0.0,SGIS실제인접,613.9,5216.8,11.77,False,179.85,0,추정(시군구 평균비중 x 국가총량)
2025,대전광역시,중구,0,0,6204.3,0.0,,0,0.0,SGIS실제인접,613.9,5216.8,11.77,False,179.85,0,추정(시군구 평균비중 x 국가총량)
2016,부산광역시,강서구,273,388,18565.7,0.0147,,1,0.1547,SGIS실제인접,1450.6,3552.8,40.83,False,52.83,1,추정(시군구 평균비중 x 국가총량)
2017,부산광역시,강서구,194,273,18565.7,0.0104,,2,0.1319,SGIS실제인접,1450.6,3552.8,40.83,False,287.23,1,실측(원자료 기반)
2018,부산광역시,강서구,118,194,18565.7,0.0064,,3,0.1322,SGIS실제인접,1450.6,3552.8,40.83,False,287.23,1,실측(원자료 기반)
2019,부산광역시,강서구,53,118,18565.7,0.0029,-41.03,4,0.0473,SGIS실제인접,1450.6,3552.8,40.83,False,52.83,1,실측(원자료 기반)
2020,부산광역시,강서구,74,53,18565.7,0.004,-18.21,5,0.0327,SGIS실제인접,1450.6,3552.8,40.83,False,52.83,1,실측(원자료 기반)
2021,부산광역시,강서구,17,74,18565.7,0.0009,-30.83,6,0.0226,SGIS실제인접,1450.6,3552.8,40.83,False,160.47,0,실측(원자료 기반)
2022,부산광역시,강서구,167,17,18565.7,0.009,281.65,7,0.0027,centroid근접(대체),1450.6,3552.8,40.83,False,41.2,0,실측(원자료 기반)
2023,부산광역시,강서구,206,167,18565.7,0.0111,276.21,8,0.1168,SGIS실제인접,1450.6,3552.8,40.83,False,52.83,1,추정(시군구 평균비중 x 국가총량)
2024,부산광역시,강서구,174,206,18565.7,0.0094,296.67,9,0.0985,SGIS실제인접,1450.6,3552.8,40.83,False,52.83,1,추정(시군구 평균비중 x 국가총량)
2025,부산광역시,강서구,287,174,18565.7,0.0155,24.33,10,0.1629,SGIS실제인접,1450.6,3552.8,40.83,False,52.83,1,추정(시군구 평균비중 x 국가총량)
2016,부산광역시,금정구,1641,2334,6564.7,0.25,,1,0.1474,SGIS실제인접,1942.7,4274.4,45.45,False,33.02,1,추정(시군구 평균비중 x 국가총량)
2017,부산광역시,금정구,872,1641,6564.7,0.1328,,2,0.1652,SGIS실제인접,1942.7,4274.4,45.45,False,309.95,1,실측(원자료 기반)
2018,부산광역시,금정구,788,872,6564.7,0.12,,3,0.0623,SGIS실제인접,1942.7,4274.4,45.45,False,309.95,1,실측(원자료 기반)
2019,부산광역시,금정구,702,788,6564.7,0.1069,-22.47,4,0.0439,SGIS실제인접,1942.7,4274.4,45.45,False,33.02,1,실측(원자료 기반)
2020,부산광역시,금정구,411,702,6564.7,0.0626,-20.67,5,0.0193,SGIS실제인접,1942.7,4274.4,45.45,False,33.02,1,실측(원자료 기반)
2021,부산광역시,금정구,672,411,6564.7,0.1024,3.71,6,0.0333,SGIS실제인접,1942.7,4274.4,45.45,False,149.26,1,실측(원자료 기반)
2022,부산광역시,금정구,116,672,6564.7,0.0177,-20.23,7,0.0027,centroid근접(대체),1942.7,4274.4,45.45,False,38.2,0,실측(원자료 기반)
2023,부산광역시,금정구,1240,116,6564.7,0.1889,316.58,8,0.1113,SGIS실제인접,1942.7,4274.4,45.45,False,33.02,1,추정(시군구 평균비중 x 국가총량)
2024,부산광역시,금정구,1046,1240,6564.7,0.1593,290.19,9,0.0939,SGIS실제인접,1942.7,4274.4,45.45,False,33.02,1,추정(시군구 평균비중 x 국가총량)
2025,부산광역시,금정구,1729,1046,6564.7,0.2634,339.55,10,0.1553,SGIS실제인접,1942.7,4274.4,45.45,False,33.02,1,추정(시군구 평균비중 x 국가총량)
2016,부산광역시,기장군,9206,13090,21964.1,0.4192,,1,0.6126,SGIS실제인접,5111.9,13177.0,38.79,False,27.55,1,추정(시군구 평균비중 x 국가총량)
2017,부산광역시,기장군,10304,9206,21964.1,0.4691,,2,0.4729,SGIS실제인접,5111.9,13177.0,38.79,False,320.39,1,실측(원자료 기반)
2018,부산광역시,기장군,4299,10304,21964.1,0.1957,,3,0.3197,SGIS실제인접,5111.9,13177.0,38.79,False,320.39,1,실측(원자료 기반)
2019,부산광역시,기장군,2844,4299,21964.1,0.1295,-26.73,4,0.2655,SGIS실제인접,5111.9,13177.0,38.79,False,27.55,1,실측(원자료 기반)
2020,부산광역시,기장군,1021,2844,21964.1,0.0465,-52.07,5,0.203,SGIS실제인접,5111.9,13177.0,38.79,False,27.55,1,실측(원자료 기반)
2021,부산광역시,기장군,1843,1021,21964.1,0.0839,-5.81,6,0.1125,SGIS실제인접,5111.9,13177.0,38.79,False,147.25,1,실측(원자료 기반)
2022,부산광역시,기장군,3048,1843,21964.1,0.1388,27.26,7,0.007,centroid근접(대체),5111.9,13177.0,38.79,False,43.5,1,실측(원자료 기반)
2023,부산광역시,기장군,6955,3048,21964.1,0.3166,91.36,8,0.4628,SGIS실제인접,5111.9,13177.0,38.79,False,27.55,1,추정(시군구 평균비중 x 국가총량)
2024,부산광역시,기장군,5866,6955,21964.1,0.2671,59.3,9,0.3903,SGIS실제인접,5111.9,13177.0,38.79,False,27.55,1,추정(시군구 평균비중 x 국가총량)
2025,부산광역시,기장군,9697,5866,21964.1,0.4415,59.28,10,0.6453,SGIS실제인접,5111.9,13177.0,38.79,False,27.55,1,추정(시군구 평균비중 x 국가총량)
2016,부산광역시,남구,68,97,2723.6,0.025,,1,0.0094,SGIS실제인접,397.3,747.6,53.14,False,47.42,1,추정(시군구 평균비중 x 국가총량)
2017,부산광역시,남구,237,68,2723.6,0.087,,2,0.0003,SGIS실제인접,397.3,747.6,53.14,False,300.9,0,실측(원자료 기반)
2018,부산광역시,남구,25,237,2723.6,0.0092,,3,0.0009,SGIS실제인접,397.3,747.6,53.14,False,300.9,1,실측(원자료 기반)
2019,부산광역시,남구,2,25,2723.6,0.0007,21.98,4,0.0016,SGIS실제인접,397.3,747.6,53.14,False,47.42,0,실측(원자료 기반)
2020,부산광역시,남구,4,2,2723.6,0.0015,-27.15,5,0.0024,SGIS실제인접,397.3,747.6,53.14,False,47.42,0,실측(원자료 기반)
2021,부산광역시,남구,0,4,2723.6,0.0,-30.67,0,0.0026,SGIS실제인접,397.3,747.6,53.14,False,163.87,0,실측(원자료 기반)
2022,부산광역시,남구,0,0,2723.6,0.0,0.0,0,0.0235,centroid근접(대체),397.3,747.6,53.14,False,49.81,0,실측(원자료 기반)
2023,부산광역시,남구,52,0,2723.6,0.0189,-100.0,1,0.0071,SGIS실제인접,397.3,747.6,53.14,False,47.42,1,추정(시군구 평균비중 x 국가총량)
2024,부산광역시,남구,43,52,2723.6,0.016,-15.66,2,0.006,SGIS실제인접,397.3,747.6,53.14,False,47.42,1,추정(시군구 평균비중 x 국가총량)
2025,부산광역시,남구,72,43,2723.6,0.0264,24.83,3,0.01,SGIS실제인접,397.3,747.6,53.14,False,47.42,1,추정(시군구 평균비중 x 국가총량)
2016,부산광역시,동구,0,0,1012.5,0.0,,0,0.014,SGIS실제인접,134.2,332.5,40.36,False,48.13,0,추정(시군구 평균비중 x 국가총량)
2017,부산광역시,동구,0,0,1012.5,0.0,,0,0.0218,SGIS실제인접,134.2,332.5,40.36,False,297.53,0,실측(원자료 기반)
2018,부산광역시,동구,0,0,1012.5,0.0,,0,0.0032,SGIS실제인접,134.2,332.5,40.36,False,297.53,0,실측(원자료 기반)
2019,부산광역시,동구,0,0,1012.5,0.0,,0,0.0018,SGIS실제인접,134.2,332.5,40.36,False,48.13,0,실측(원자료 기반)
2020,부산광역시,동구,0,0,1012.5,0.0,,0,0.0035,SGIS실제인접,134.2,332.5,40.36,False,48.13,0,실측(원자료 기반)
2021,부산광역시,동구,0,0,1012.5,0.0,,0,0.0022,SGIS실제인접,134.2,332.5,40.36,False,162.84,0,실측(원자료 기반)
2022,부산광역시,동구,0,0,1012.5,0.0,,0,0.0067,centroid근접(대체),134.2,332.5,40.36,False,47.17,0,실측(원자료 기반)
2023,부산광역시,동구,0,0,1012.5,0.0,,0,0.0106,SGIS실제인접,134.2,332.5,40.36,False,48.13,0,추정(시군구 평균비중 x 국가총량)
2024,부산광역시,동구,0,0,1012.5,0.0,,0,0.0089,SGIS실제인접,134.2,332.5,40.36,False,48.13,0,추정(시군구 평균비중 x 국가총량)
2025,부산광역시,동구,0,0,1012.5,0.0,,0,0.0148,SGIS실제인접,134.2,332.5,40.36,False,48.13,0,추정(시군구 평균비중 x 국가총량)
2016,부산광역시,동래구,0,0,1665.7,0.0,,0,0.0559,SGIS실제인접,368.0,588.7,62.51,False,38.96,0,추정(시군구 평균비중 x 국가총량)
2017,부산광역시,동래구,0,0,1665.7,0.0,,0,0.0425,SGIS실제인접,368.0,588.7,62.51,False,305.37,0,실측(원자료 기반)
2018,부산광역시,동래구,0,0,1665.7,0.0,,0,0.0213,SGIS실제인접,368.0,588.7,62.51,False,305.37,0,실측(원자료 기반)
2019,부산광역시,동래구,0,0,1665.7,0.0,,0,0.0192,SGIS실제인접,368.0,588.7,62.51,False,38.96,0,실측(원자료 기반)
2020,부산광역시,동래구,0,0,1665.7,0.0,,0,0.0146,SGIS실제인접,368.0,588.7,62.51,False,38.96,0,실측(원자료 기반)
2021,부산광역시,동래구,0,0,1665.7,0.0,,0,0.0194,SGIS실제인접,368.0,588.7,62.51,False,154.8,0,실측(원자료 기반)
2022,부산광역시,동래구,0,0,1665.7,0.0,,0,0.0071,centroid근접(대체),368.0,588.7,62.51,False,41.76,0,실측(원자료 기반)
2023,부산광역시,동래구,0,0,1665.7,0.0,,0,0.0422,SGIS실제인접,368.0,588.7,62.51,False,38.96,0,추정(시군구 평균비중 x 국가총량)
2024,부산광역시,동래구,0,0,1665.7,0.0,,0,0.0356,SGIS실제인접,368.0,588.7,62.51,False,38.96,0,추정(시군구 평균비중 x 국가총량)
2025,부산광역시,동래구,0,0,1665.7,0.0,,0,0.0589,SGIS실제인접,368.0,588.7,62.51,False,38.96,0,추정(시군구 평균비중 x 국가총량)
2016,부산광역시,부산진구,70,99,2974.5,0.0234,,1,0.009,SGIS실제인접,668.1,1709.5,39.08,False,44.23,1,추정(시군구 평균비중 x 국가총량)
2017,부산광역시,부산진구,1,70,2974.5,0.0003,,2,0.0204,SGIS실제인접,668.1,1709.5,39.08,False,299.96,0,실측(원자료 기반)
2018,부산광역시,부산진구,11,1,2974.5,0.0037,,3,0.0017,SGIS실제인접,668.1,1709.5,39.08,False,299.96,1,실측(원자료 기반)
2019,부산광역시,부산진구,19,11,2974.5,0.0064,324.72,4,0.0003,SGIS실제인접,668.1,1709.5,39.08,False,44.23,0,실측(원자료 기반)
2020,부산광역시,부산진구,29,19,2974.5,0.0097,375.12,5,0.0029,SGIS실제인접,668.1,1709.5,39.08,False,44.23,1,실측(원자료 기반)
2021,부산광역시,부산진구,20,29,2974.5,0.0067,31.44,6,0.0004,SGIS실제인접,668.1,1709.5,39.08,False,158.75,0,실측(원자료 기반)
2022,부산광역시,부산진구,39,20,2974.5,0.0131,38.87,7,0.0015,centroid근접(대체),668.1,1709.5,39.08,False,43.55,0,실측(원자료 기반)
2023,부산광역시,부산진구,53,39,2974.5,0.0177,32.99,8,0.0068,SGIS실제인접,668.1,1709.5,39.08,False,44.23,1,추정(시군구 평균비중 x 국가총량)
2024,부산광역시,부산진구,44,53,2974.5,0.0149,38.12,9,0.0057,SGIS실제인접,668.1,1709.5,39.08,False,44.23,1,추정(시군구 평균비중 x 국가총량)
2025,부산광역시,부산진구,73,44,2974.5,0.0247,28.23,10,0.0095,SGIS실제인접,668.1,1709.5,39.08,False,44.23,1,추정(시군구 평균비중 x 국가총량)
2016,부산광역시,북구,102,145,3971.3,0.0258,,1,0.1252,SGIS실제인접,997.7,2525.1,39.51,False,38.17,1,추정(시군구 평균비중 x 국가총량)
2017,부산광역시,북구,221,102,3971.3,0.0556,,2,0.095,SGIS실제인접,997.7,2525.1,39.51,False,303.09,1,실측(원자료 기반)
2018,부산광역시,북구,11,221,3971.3,0.0028,,3,0.0718,SGIS실제인접,997.7,2525.1,39.51,False,303.09,1,실측(원자료 기반)
2019,부산광역시,북구,5,11,3971.3,0.0013,-11.17,4,0.0432,SGIS실제인접,997.7,2525.1,39.51,False,38.17,1,실측(원자료 기반)
2020,부산광역시,북구,52,5,3971.3,0.0131,263.48,5,0.0271,SGIS실제인접,997.7,2525.1,39.51,False,38.17,1,실측(원자료 기반)
2021,부산광역시,북구,2,52,3971.3,0.0005,263.1,6,0.0328,SGIS실제인접,997.7,2525.1,39.51,False,151.47,0,실측(원자료 기반)
2022,부산광역시,북구,19,2,3971.3,0.0048,564.62,7,0.0103,centroid근접(대체),997.7,2525.1,39.51,False,36.65,1,실측(원자료 기반)
2023,부산광역시,북구,77,19,3971.3,0.0195,353.52,8,0.0946,SGIS실제인접,997.7,2525.1,39.51,False,38.17,1,추정(시군구 평균비중 x 국가총량)
2024,부산광역시,북구,65,77,3971.3,0.0164,380.35,9,0.0798,SGIS실제인접,997.7,2525.1,39.51,False,38.17,1,추정(시군구 평균비중 x 국가총량)
2025,부산광역시,북구,108,65,3971.3,0.0271,118.79,10,0.1319,SGIS실제인접,997.7,2525.1,39.51,False,38.17,1,추정(시군구 평균비중 x 국가총량)
2016,부산광역시,사상구,8,12,3619.9,0.0023,,1,0.0151,SGIS실제인접,604.0,1471.5,41.05,False,46.76,0,추정(시군구 평균비중 x 국가총량)
2017,부산광역시,사상구,0,8,3619.9,0.0,,0,0.0146,SGIS실제인접,604.0,1471.5,41.05,False,295.46,0,실측(원자료 기반)
2018,부산광역시,사상구,0,0,3619.9,0.0,,0,0.0035,SGIS실제인접,604.0,1471.5,41.05,False,295.46,0,실측(원자료 기반)
2019,부산광역시,사상구,0,0,3619.9,0.0,-100.0,0,0.0023,SGIS실제인접,604.0,1471.5,41.05,False,46.76,0,실측(원자료 기반)
2020,부산광역시,사상구,10,0,3619.9,0.0028,,1,0.0061,SGIS실제인접,604.0,1471.5,41.05,False,46.76,1,실측(원자료 기반)
2021,부산광역시,사상구,0,10,3619.9,0.0,-100.0,0,0.0021,SGIS실제인접,604.0,1471.5,41.05,False,158.87,0,실측(원자료 기반)
2022,부산광역시,사상구,4,0,3619.9,0.0011,-100.0,1,0.0067,centroid근접(대체),604.0,1471.5,41.05,False,41.8,0,실측(원자료 기반)
2023,부산광역시,사상구,6,4,3619.9,0.0017,-21.62,2,0.0114,SGIS실제인접,604.0,1471.5,41.05,False,46.76,0,추정(시군구 평균비중 x 국가총량)
2024,부산광역시,사상구,5,6,3619.9,0.0015,20.54,3,0.0096,SGIS실제인접,604.0,1471.5,41.05,False,46.76,0,추정(시군구 평균비중 x 국가총량)
2025,부산광역시,사상구,9,5,3619.9,0.0024,35.47,4,0.0159,SGIS실제인접,604.0,1471.5,41.05,False,46.76,0,추정(시군구 평균비중 x 국가총량)
2016,부산광역시,사하구,19,28,4743.7,0.0041,,1,0.0082,SGIS실제인접,520.7,1314.6,39.61,False,54.72,0,추정(시군구 평균비중 x 국가총량)
2017,부산광역시,사하구,30,19,4743.7,0.0063,,2,0.0035,SGIS실제인접,520.7,1314.6,39.61,False,289.3,1,실측(원자료 기반)
2018,부산광역시,사하구,23,30,4743.7,0.0048,,3,0.0021,SGIS실제인접,520.7,1314.6,39.61,False,289.3,1,실측(원자료 기반)
2019,부산광역시,사하구,4,23,4743.7,0.0008,-17.27,4,0.001,SGIS실제인접,520.7,1314.6,39.61,False,54.72,0,실측(원자료 기반)
2020,부산광역시,사하구,3,4,4743.7,0.0006,-43.65,5,0.0032,SGIS실제인접,520.7,1314.6,39.61,False,54.72,0,실측(원자료 기반)
2021,부산광역시,사하구,1,3,4743.7,0.0002,-58.09,6,0.001,SGIS실제인접,520.7,1314.6,39.61,False,166.66,0,실측(원자료 기반)
2022,부산광역시,사하구,0,1,4743.7,0.0,-63.89,0,0.0027,centroid근접(대체),520.7,1314.6,39.61,False,48.63,0,실측(원자료 기반)
2023,부산광역시,사하구,15,0,4743.7,0.0031,-83.33,1,0.0062,SGIS실제인접,520.7,1314.6,39.61,False,54.72,0,추정(시군구 평균비중 x 국가총량)
2024,부산광역시,사하구,12,15,4743.7,0.0026,-57.83,2,0.0052,SGIS실제인접,520.7,1314.6,39.61,False,54.72,0,추정(시군구 평균비중 x 국가총량)
2025,부산광역시,사하구,21,12,4743.7,0.0043,24.83,3,0.0087,SGIS실제인접,520.7,1314.6,39.61,False,54.72,0,추정(시군구 평균비중 x 국가총량)
2016,부산광역시,서구,11,15,1414.5,0.0077,,1,0.006,SGIS실제인접,209.9,893.9,23.48,False,51.62,0,추정(시군구 평균비중 x 국가총량)
2017,부산광역시,서구,0,11,1414.5,0.0,,0,0.0013,SGIS실제인접,209.9,893.9,23.48,False,293.63,0,실측(원자료 기반)
2018,부산광역시,서구,0,0,1414.5,0.0,,0,0.0017,SGIS실제인접,209.9,893.9,23.48,False,293.63,0,실측(원자료 기반)
2019,부산광역시,서구,0,0,1414.5,0.0,-100.0,0,0.0014,SGIS실제인접,209.9,893.9,23.48,False,51.62,0,실측(원자료 기반)
2020,부산광역시,서구,4,0,1414.5,0.0028,,1,0.0026,SGIS실제인접,209.9,893.9,23.48,False,51.62,1,실측(원자료 기반)
2021,부산광역시,서구,3,4,1414.5,0.0021,-25.0,2,0.0014,SGIS실제인접,209.9,893.9,23.48,False,165.28,1,실측(원자료 기반)
2022,부산광역시,서구,10,3,1414.5,0.0071,104.17,3,0.0,centroid근접(대체),209.9,893.9,23.48,False,48.45,0,실측(원자료 기반)
2023,부산광역시,서구,8,10,1414.5,0.0058,63.51,4,0.0045,SGIS실제인접,209.9,893.9,23.48,False,51.62,0,추정(시군구 평균비중 x 국가총량)
2024,부산광역시,서구,7,8,1414.5,0.0049,66.62,5,0.0038,SGIS실제인접,209.9,893.9,23.48,False,51.62,0,추정(시군구 평균비중 x 국가총량)
2025,부산광역시,서구,11,7,1414.5,0.0081,10.62,6,0.0063,SGIS실제인접,209.9,893.9,23.48,False,51.62,0,추정(시군구 평균비중 x 국가총량)
2016,부산광역시,수영구,13,18,1033.5,0.0123,,1,0.0122,SGIS실제인접,95.9,272.2,35.23,False,43.24,1,추정(시군구 평균비중 x 국가총량)
2017,부산광역시,수영구,1,13,1033.5,0.001,,2,0.038,SGIS실제인접,95.9,272.2,35.23,False,304.56,0,실측(원자료 기반)
2018,부산광역시,수영구,0,1,1033.5,0.0,,0,0.0027,SGIS실제인접,95.9,272.2,35.23,False,304.56,0,실측(원자료 기반)
2019,부산광역시,수영구,0,0,1033.5,0.0,-96.06,0,0.0004,SGIS실제인접,95.9,272.2,35.23,False,43.24,0,실측(원자료 기반)
2020,부산광역시,수영구,0,0,1033.5,0.0,-100.0,0,0.0009,SGIS실제인접,95.9,272.2,35.23,False,43.24,0,실측(원자료 기반)
2021,부산광역시,수영구,4,0,1033.5,0.0039,,1,0.0007,SGIS실제인접,95.9,272.2,35.23,False,160.23,0,실측(원자료 기반)
2022,부산광역시,수영구,15,4,1033.5,0.0145,275.0,2,0.0022,centroid근접(대체),95.9,272.2,35.23,False,47.49,0,실측(원자료 기반)
2023,부산광역시,수영구,10,15,1033.5,0.0093,119.48,3,0.0092,SGIS실제인접,95.9,272.2,35.23,False,43.24,1,추정(시군구 평균비중 x 국가총량)
2024,부산광역시,수영구,8,10,1033.5,0.0078,74.43,4,0.0078,SGIS실제인접,95.9,272.2,35.23,False,43.24,1,추정(시군구 평균비중 x 국가총량)
2025,부산광역시,수영구,13,8,1033.5,0.0129,4.54,5,0.0128,SGIS실제인접,95.9,272.2,35.23,False,43.24,1,추정(시군구 평균비중 x 국가총량)
2016,부산광역시,연제구,3,4,1213.5,0.0021,,1,0.0152,SGIS실제인접,141.9,407.0,34.86,False,41.44,0,추정(시군구 평균비중 x 국가총량)
2017,부산광역시,연제구,0,3,1213.5,0.0,,0,0.0221,SGIS실제인접,141.9,407.0,34.86,False,303.98,0,실측(원자료 기반)
2018,부산광역시,연제구,0,0,1213.5,0.0,,0,0.0032,SGIS실제인접,141.9,407.0,34.86,False,303.98,0,실측(원자료 기반)
2019,부산광역시,연제구,0,0,1213.5,0.0,-100.0,0,0.0018,SGIS실제인접,141.9,407.0,34.86,False,41.44,0,실측(원자료 기반)
2020,부산광역시,연제구,0,0,1213.5,0.0,,0,0.0028,SGIS실제인접,141.9,407.0,34.86,False,41.44,0,실측(원자료 기반)
2021,부산광역시,연제구,0,0,1213.5,0.0,,0,0.0026,SGIS실제인접,141.9,407.0,34.86,False,157.46,0,실측(원자료 기반)
2022,부산광역시,연제구,4,0,1213.5,0.0033,,1,0.0092,centroid근접(대체),141.9,407.0,34.86,False,44.05,0,실측(원자료 기반)
2023,부산광역시,연제구,2,4,1213.5,0.0016,-52.7,2,0.0115,SGIS실제인접,141.9,407.0,34.86,False,41.44,0,추정(시군구 평균비중 x 국가총량)
2024,부산광역시,연제구,2,2,1213.5,0.0013,-34.18,3,0.0097,SGIS실제인접,141.9,407.0,34.86,False,41.44,0,추정(시군구 평균비중 x 국가총량)
2025,부산광역시,연제구,3,2,1213.5,0.0022,-1.01,4,0.016,SGIS실제인접,141.9,407.0,34.86,False,41.44,0,추정(시군구 평균비중 x 국가총량)
2016,부산광역시,영도구,503,716,1462.9,0.3441,,1,0.0026,centroid근접(대체),284.6,460.8,61.76,False,53.03,0,추정(시군구 평균비중 x 국가총량)
2017,부산광역시,영도구,502,503,1462.9,0.3431,,2,0.0,centroid근접(대체),284.6,460.8,61.76,False,295.62,0,실측(원자료 기반)
2018,부산광역시,영도구,378,502,1462.9,0.2584,,3,0.0,centroid근접(대체),284.6,460.8,61.76,False,295.62,0,실측(원자료 기반)
2019,부산광역시,영도구,263,378,1462.9,0.1798,-18.47,4,0.0,centroid근접(대체),284.6,460.8,61.76,False,53.03,0,실측(원자료 기반)
2020,부산광역시,영도구,115,263,1462.9,0.0786,-37.13,5,0.0009,centroid근접(대체),284.6,460.8,61.76,False,53.03,0,실측(원자료 기반)
2021,부산광역시,영도구,13,115,1462.9,0.0089,-58.46,6,0.0007,centroid근접(대체),284.6,460.8,61.76,False,168.55,0,실측(원자료 기반)
2022,부산광역시,영도구,82,13,1462.9,0.0561,128.6,7,0.0024,centroid근접(대체),284.6,460.8,61.76,False,52.88,0,실측(원자료 기반)
2023,부산광역시,영도구,380,82,1462.9,0.26,268.62,8,0.0019,centroid근접(대체),284.6,460.8,61.76,False,53.03,0,추정(시군구 평균비중 x 국가총량)
2024,부산광역시,영도구,321,380,1462.9,0.2192,292.97,9,0.0016,centroid근접(대체),284.6,460.8,61.76,False,53.03,0,추정(시군구 평균비중 x 국가총량)
2025,부산광역시,영도구,530,321,1462.9,0.3625,137.82,10,0.0027,centroid근접(대체),284.6,460.8,61.76,False,53.03,0,추정(시군구 평균비중 x 국가총량)
2016,부산광역시,중구,0,0,302.4,0.0,,0,0.0038,SGIS실제인접,0.1,0.0,0.0,False,50.88,0,추정(시군구 평균비중 x 국가총량)
2017,부산광역시,중구,0,0,302.4,0.0,,0,0.0,SGIS실제인접,0.1,0.0,0.0,False,295.05,0,실측(원자료 기반)
2018,부산광역시,중구,0,0,302.4,0.0,,0,0.0,SGIS실제인접,0.1,0.0,0.0,False,295.05,0,실측(원자료 기반)
2019,부산광역시,중구,0,0,302.4,0.0,,0,0.0,SGIS실제인접,0.1,0.0,0.0,False,50.88,0,실측(원자료 기반)
2020,부산광역시,중구,0,0,302.4,0.0,,0,0.0014,SGIS실제인접,0.1,0.0,0.0,False,50.88,0,실측(원자료 기반)
2021,부산광역시,중구,0,0,302.4,0.0,,0,0.0011,SGIS실제인접,0.1,0.0,0.0,False,165.19,0,실측(원자료 기반)
2022,부산광역시,중구,0,0,302.4,0.0,,0,0.021,centroid근접(대체),0.1,0.0,0.0,False,48.87,0,실측(원자료 기반)
2023,부산광역시,중구,0,0,302.4,0.0,,0,0.0029,SGIS실제인접,0.1,0.0,0.0,False,50.88,0,추정(시군구 평균비중 x 국가총량)
2024,부산광역시,중구,0,0,302.4,0.0,,0,0.0025,SGIS실제인접,0.1,0.0,0.0,False,50.88,0,추정(시군구 평균비중 x 국가총량)
2025,부산광역시,중구,0,0,302.4,0.0,,0,0.0041,SGIS실제인접,0.1,0.0,0.0,False,50.88,0,추정(시군구 평균비중 x 국가총량)
2016,부산광역시,해운대구,113,161,5226.3,0.0217,,1,0.1704,SGIS실제인접,1686.4,3115.5,54.13,False,39.21,1,추정(시군구 평균비중 x 국가총량)
2017,부산광역시,해운대구,340,113,5226.3,0.0651,,2,0.1507,SGIS실제인접,1686.4,3115.5,54.13,False,309.8,1,실측(원자료 기반)
2018,부산광역시,해운대구,8,340,5226.3,0.0015,,3,0.0789,SGIS실제인접,1686.4,3115.5,54.13,False,309.8,1,실측(원자료 기반)
2019,부산광역시,해운대구,4,8,5226.3,0.0008,17.51,4,0.0591,SGIS실제인접,1686.4,3115.5,54.13,False,39.21,0,실측(원자료 기반)
2020,부산광역시,해운대구,11,4,5226.3,0.0021,9.12,5,0.0273,SGIS실제인접,1686.4,3115.5,54.13,False,39.21,1,실측(원자료 기반)
2021,부산광역시,해운대구,14,11,5226.3,0.0027,50.76,6,0.0475,SGIS실제인접,1686.4,3115.5,54.13,False,157.48,1,실측(원자료 기반)
2022,부산광역시,해운대구,17,14,5226.3,0.0033,74.57,7,0.0059,centroid근접(대체),1686.4,3115.5,54.13,False,47.31,0,실측(원자료 기반)
2023,부산광역시,해운대구,86,17,5226.3,0.0164,150.68,8,0.1287,SGIS실제인접,1686.4,3115.5,54.13,False,39.21,1,추정(시군구 평균비중 x 국가총량)
2024,부산광역시,해운대구,72,86,5226.3,0.0138,136.37,9,0.1085,SGIS실제인접,1686.4,3115.5,54.13,False,39.21,1,추정(시군구 평균비중 x 국가총량)
2025,부산광역시,해운대구,119,72,5226.3,0.0228,151.0,10,0.1795,SGIS실제인접,1686.4,3115.5,54.13,False,39.21,1,추정(시군구 평균비중 x 국가총량)
2016,서울특별시,강남구,0,0,3945.9,0.0,,0,0.0245,SGIS실제인접,0.0,0.0,0.0,True,288.12,0,추정(시군구 평균비중 x 국가총량)
2017,서울특별시,강남구,0,0,3945.9,0.0,,0,0.0182,SGIS실제인접,0.0,0.0,0.0,True,452.18,0,실측(원자료 기반)
2018,서울특별시,강남구,0,0,3945.9,0.0,,0,0.0161,SGIS실제인접,0.0,0.0,0.0,True,452.18,0,실측(원자료 기반)
2019,서울특별시,강남구,0,0,3945.9,0.0,,0,0.0107,SGIS실제인접,0.0,0.0,0.0,True,288.12,0,실측(원자료 기반)
2020,서울특별시,강남구,0,0,3945.9,0.0,,0,0.0108,SGIS실제인접,0.0,0.0,0.0,True,288.12,0,실측(원자료 기반)
2021,서울특별시,강남구,0,0,3945.9,0.0,,0,0.0002,SGIS실제인접,0.0,0.0,0.0,True,183.45,0,실측(원자료 기반)
2022,서울특별시,강남구,0,0,3945.9,0.0,,0,0.0,centroid근접(대체),0.0,0.0,0.0,True,270.25,0,실측(원자료 기반)
2023,서울특별시,강남구,0,0,3945.9,0.0,,0,0.0185,SGIS실제인접,0.0,0.0,0.0,True,288.12,0,추정(시군구 평균비중 x 국가총량)
2024,서울특별시,강남구,0,0,3945.9,0.0,,0,0.0156,SGIS실제인접,0.0,0.0,0.0,True,288.12,0,추정(시군구 평균비중 x 국가총량)
2025,서울특별시,강남구,0,0,3945.9,0.0,,0,0.0259,SGIS실제인접,0.0,0.0,0.0,True,288.12,0,추정(시군구 평균비중 x 국가총량)
2016,서울특별시,강동구,0,0,2453.8,0.0,,0,0.0091,SGIS실제인접,74.3,1013.0,7.33,False,287.76,0,추정(시군구 평균비중 x 국가총량)
2017,서울특별시,강동구,0,0,2453.8,0.0,,0,0.0175,SGIS실제인접,74.3,1013.0,7.33,False,458.98,0,실측(원자료 기반)
2018,서울특별시,강동구,0,0,2453.8,0.0,,0,0.0009,SGIS실제인접,74.3,1013.0,7.33,False,458.98,0,실측(원자료 기반)
2019,서울특별시,강동구,0,0,2453.8,0.0,,0,0.0025,SGIS실제인접,74.3,1013.0,7.33,False,287.76,0,실측(원자료 기반)
2020,서울특별시,강동구,0,0,2453.8,0.0,,0,0.0012,SGIS실제인접,74.3,1013.0,7.33,False,287.76,0,실측(원자료 기반)
2021,서울특별시,강동구,0,0,2453.8,0.0,,0,0.0019,SGIS실제인접,74.3,1013.0,7.33,False,180.72,0,실측(원자료 기반)
2022,서울특별시,강동구,0,0,2453.8,0.0,,0,0.0,centroid근접(대체),74.3,1013.0,7.33,False,270.98,0,실측(원자료 기반)
2023,서울특별시,강동구,0,0,2453.8,0.0,,0,0.0069,SGIS실제인접,74.3,1013.0,7.33,False,287.76,0,추정(시군구 평균비중 x 국가총량)
2024,서울특별시,강동구,0,0,2453.8,0.0,,0,0.0058,SGIS실제인접,74.3,1013.0,7.33,False,287.76,0,추정(시군구 평균비중 x 국가총량)
2025,서울특별시,강동구,0,0,2453.8,0.0,,0,0.0096,SGIS실제인접,74.3,1013.0,7.33,False,287.76,0,추정(시군구 평균비중 x 국가총량)
2016,서울특별시,강북구,0,0,2362.1,0.0,,0,0.0007,SGIS실제인접,400.9,5366.7,7.47,False,303.38,0,추정(시군구 평균비중 x 국가총량)
2017,서울특별시,강북구,0,0,2362.1,0.0,,0,0.0002,SGIS실제인접,400.9,5366.7,7.47,False,467.91,0,실측(원자료 기반)
2018,서울특별시,강북구,0,0,2362.1,0.0,,0,0.0004,SGIS실제인접,400.9,5366.7,7.47,False,467.91,0,실측(원자료 기반)
2019,서울특별시,강북구,0,0,2362.1,0.0,,0,0.0002,SGIS실제인접,400.9,5366.7,7.47,False,303.38,0,실측(원자료 기반)
2020,서울특별시,강북구,0,0,2362.1,0.0,,0,0.0,SGIS실제인접,400.9,5366.7,7.47,False,303.38,0,실측(원자료 기반)
2021,서울특별시,강북구,0,0,2362.1,0.0,,0,0.0001,SGIS실제인접,400.9,5366.7,7.47,False,196.49,0,실측(원자료 기반)
2022,서울특별시,강북구,0,0,2362.1,0.0,,0,0.0,centroid근접(대체),400.9,5366.7,7.47,False,286.23,0,실측(원자료 기반)
2023,서울특별시,강북구,0,0,2362.1,0.0,,0,0.0005,SGIS실제인접,400.9,5366.7,7.47,False,303.38,0,추정(시군구 평균비중 x 국가총량)
2024,서울특별시,강북구,0,0,2362.1,0.0,,0,0.0004,SGIS실제인접,400.9,5366.7,7.47,False,303.38,0,추정(시군구 평균비중 x 국가총량)
2025,서울특별시,강북구,0,0,2362.1,0.0,,0,0.0007,SGIS실제인접,400.9,5366.7,7.47,False,303.38,0,추정(시군구 평균비중 x 국가총량)
2016,서울특별시,강서구,0,0,4142.8,0.0,,0,0.0,SGIS실제인접,0.0,0.0,0.0,True,307.84,0,추정(시군구 평균비중 x 국가총량)
2017,서울특별시,강서구,0,0,4142.8,0.0,,0,0.0,SGIS실제인접,0.0,0.0,0.0,True,457.53,0,실측(원자료 기반)
2018,서울특별시,강서구,0,0,4142.8,0.0,,0,0.0,SGIS실제인접,0.0,0.0,0.0,True,457.53,0,실측(원자료 기반)
2019,서울특별시,강서구,0,0,4142.8,0.0,,0,0.0,SGIS실제인접,0.0,0.0,0.0,True,307.84,0,실측(원자료 기반)
2020,서울특별시,강서구,0,0,4142.8,0.0,,0,0.0,SGIS실제인접,0.0,0.0,0.0,True,307.84,0,실측(원자료 기반)
2021,서울특별시,강서구,0,0,4142.8,0.0,,0,0.0,SGIS실제인접,0.0,0.0,0.0,True,205.22,0,실측(원자료 기반)
2022,서울특별시,강서구,0,0,4142.8,0.0,,0,0.0,centroid근접(대체),0.0,0.0,0.0,True,288.7,0,실측(원자료 기반)
2023,서울특별시,강서구,0,0,4142.8,0.0,,0,0.0,SGIS실제인접,0.0,0.0,0.0,True,307.84,0,추정(시군구 평균비중 x 국가총량)
2024,서울특별시,강서구,0,0,4142.8,0.0,,0,0.0,SGIS실제인접,0.0,0.0,0.0,True,307.84,0,추정(시군구 평균비중 x 국가총량)
2025,서울특별시,강서구,0,0,4142.8,0.0,,0,0.0,SGIS실제인접,0.0,0.0,0.0,True,307.84,0,추정(시군구 평균비중 x 국가총량)
2016,서울특별시,관악구,0,0,2956.3,0.0,,0,0.0,SGIS실제인접,0.0,0.0,0.0,True,292.83,0,추정(시군구 평균비중 x 국가총량)
2017,서울특별시,관악구,0,0,2956.3,0.0,,0,0.0,SGIS실제인접,0.0,0.0,0.0,True,447.93,0,실측(원자료 기반)
2018,서울특별시,관악구,0,0,2956.3,0.0,,0,0.0,SGIS실제인접,0.0,0.0,0.0,True,447.93,0,실측(원자료 기반)
2019,서울특별시,관악구,0,0,2956.3,0.0,,0,0.0,SGIS실제인접,0.0,0.0,0.0,True,292.83,0,실측(원자료 기반)
2020,서울특별시,관악구,0,0,2956.3,0.0,,0,0.0,SGIS실제인접,0.0,0.0,0.0,True,292.83,0,실측(원자료 기반)
2021,서울특별시,관악구,0,0,2956.3,0.0,,0,0.0,SGIS실제인접,0.0,0.0,0.0,True,190.57,0,실측(원자료 기반)
2022,서울특별시,관악구,0,0,2956.3,0.0,,0,0.0,centroid근접(대체),0.0,0.0,0.0,True,273.84,0,실측(원자료 기반)
2023,서울특별시,관악구,0,0,2956.3,0.0,,0,0.0,SGIS실제인접,0.0,0.0,0.0,True,292.83,0,추정(시군구 평균비중 x 국가총량)
2024,서울특별시,관악구,0,0,2956.3,0.0,,0,0.0,SGIS실제인접,0.0,0.0,0.0,True,292.83,0,추정(시군구 평균비중 x 국가총량)
2025,서울특별시,관악구,0,0,2956.3,0.0,,0,0.0,SGIS실제인접,0.0,0.0,0.0,True,292.83,0,추정(시군구 평균비중 x 국가총량)
2016,서울특별시,광진구,0,0,1703.6,0.0,,0,0.0,SGIS실제인접,392.7,1104.6,35.55,False,290.95,0,추정(시군구 평균비중 x 국가총량)
2017,서울특별시,광진구,0,0,1703.6,0.0,,0,0.0,SGIS실제인접,392.7,1104.6,35.55,False,457.92,0,실측(원자료 기반)
2018,서울특별시,광진구,0,0,1703.6,0.0,,0,0.0,SGIS실제인접,392.7,1104.6,35.55,False,457.92,0,실측(원자료 기반)
2019,서울특별시,광진구,0,0,1703.6,0.0,,0,0.0,SGIS실제인접,392.7,1104.6,35.55,False,290.95,0,실측(원자료 기반)
2020,서울특별시,광진구,0,0,1703.6,0.0,,0,0.0,SGIS실제인접,392.7,1104.6,35.55,False,290.95,0,실측(원자료 기반)
2021,서울특별시,광진구,0,0,1703.6,0.0,,0,0.0,SGIS실제인접,392.7,1104.6,35.55,False,184.89,0,실측(원자료 기반)
2022,서울특별시,광진구,0,0,1703.6,0.0,,0,0.0,centroid근접(대체),392.7,1104.6,35.55,False,273.66,0,실측(원자료 기반)
2023,서울특별시,광진구,0,0,1703.6,0.0,,0,0.0,SGIS실제인접,392.7,1104.6,35.55,False,290.95,0,추정(시군구 평균비중 x 국가총량)
2024,서울특별시,광진구,0,0,1703.6,0.0,,0,0.0,SGIS실제인접,392.7,1104.6,35.55,False,290.95,0,추정(시군구 평균비중 x 국가총량)
2025,서울특별시,광진구,0,0,1703.6,0.0,,0,0.0,SGIS실제인접,392.7,1104.6,35.55,False,290.95,0,추정(시군구 평균비중 x 국가총량)
2016,서울특별시,구로구,0,0,2008.3,0.0,,0,0.0,SGIS실제인접,0.0,0.0,0.0,True,300.48,0,추정(시군구 평균비중 x 국가총량)
2017,서울특별시,구로구,0,0,2008.3,0.0,,0,0.0,SGIS실제인접,0.0,0.0,0.0,True,450.31,0,실측(원자료 기반)
2018,서울특별시,구로구,0,0,2008.3,0.0,,0,0.0,SGIS실제인접,0.0,0.0,0.0,True,450.31,0,실측(원자료 기반)
2019,서울특별시,구로구,0,0,2008.3,0.0,,0,0.0,SGIS실제인접,0.0,0.0,0.0,True,300.48,0,실측(원자료 기반)
2020,서울특별시,구로구,0,0,2008.3,0.0,,0,0.0,SGIS실제인접,0.0,0.0,0.0,True,300.48,0,실측(원자료 기반)
2021,서울특별시,구로구,0,0,2008.3,0.0,,0,0.0,SGIS실제인접,0.0,0.0,0.0,True,198.88,0,실측(원자료 기반)
2022,서울특별시,구로구,0,0,2008.3,0.0,,0,0.0,centroid근접(대체),0.0,0.0,0.0,True,281.05,0,실측(원자료 기반)
2023,서울특별시,구로구,0,0,2008.3,0.0,,0,0.0,SGIS실제인접,0.0,0.0,0.0,True,300.48,0,추정(시군구 평균비중 x 국가총량)
2024,서울특별시,구로구,0,0,2008.3,0.0,,0,0.0,SGIS실제인접,0.0,0.0,0.0,True,300.48,0,추정(시군구 평균비중 x 국가총량)
2025,서울특별시,구로구,0,0,2008.3,0.0,,0,0.0,SGIS실제인접,0.0,0.0,0.0,True,300.48,0,추정(시군구 평균비중 x 국가총량)
2016,서울특별시,금천구,0,0,1301.1,0.0,,0,0.0,SGIS실제인접,0.0,0.0,0.0,True,295.04,0,추정(시군구 평균비중 x 국가총량)
2017,서울특별시,금천구,0,0,1301.1,0.0,,0,0.0,SGIS실제인접,0.0,0.0,0.0,True,446.85,0,실측(원자료 기반)
2018,서울특별시,금천구,0,0,1301.1,0.0,,0,0.0,SGIS실제인접,0.0,0.0,0.0,True,446.85,0,실측(원자료 기반)
2019,서울특별시,금천구,0,0,1301.1,0.0,,0,0.0,SGIS실제인접,0.0,0.0,0.0,True,295.04,0,실측(원자료 기반)
2020,서울특별시,금천구,0,0,1301.1,0.0,,0,0.0,SGIS실제인접,0.0,0.0,0.0,True,295.04,0,실측(원자료 기반)
2021,서울특별시,금천구,0,0,1301.1,0.0,,0,0.0,SGIS실제인접,0.0,0.0,0.0,True,193.6,0,실측(원자료 기반)
2022,서울특별시,금천구,0,0,1301.1,0.0,,0,0.0,centroid근접(대체),0.0,0.0,0.0,True,275.67,0,실측(원자료 기반)
2023,서울특별시,금천구,0,0,1301.1,0.0,,0,0.0,SGIS실제인접,0.0,0.0,0.0,True,295.04,0,추정(시군구 평균비중 x 국가총량)
2024,서울특별시,금천구,0,0,1301.1,0.0,,0,0.0,SGIS실제인접,0.0,0.0,0.0,True,295.04,0,추정(시군구 평균비중 x 국가총량)
2025,서울특별시,금천구,0,0,1301.1,0.0,,0,0.0,SGIS실제인접,0.0,0.0,0.0,True,295.04,0,추정(시군구 평균비중 x 국가총량)
2016,서울특별시,노원구,0,0,3556.4,0.0,,0,0.0556,SGIS실제인접,0.0,0.0,0.0,True,300.52,0,추정(시군구 평균비중 x 국가총량)
2017,서울특별시,노원구,0,0,3556.4,0.0,,0,0.021,SGIS실제인접,0.0,0.0,0.0,True,469.48,0,실측(원자료 기반)
2018,서울특별시,노원구,0,0,3556.4,0.0,,0,0.0127,SGIS실제인접,0.0,0.0,0.0,True,469.48,0,실측(원자료 기반)
2019,서울특별시,노원구,0,0,3556.4,0.0,,0,0.0144,SGIS실제인접,0.0,0.0,0.0,True,300.52,0,실측(원자료 기반)
2020,서울특별시,노원구,0,0,3556.4,0.0,,0,0.0349,SGIS실제인접,0.0,0.0,0.0,True,300.52,0,실측(원자료 기반)
2021,서울특별시,노원구,0,0,3556.4,0.0,,0,0.0128,SGIS실제인접,0.0,0.0,0.0,True,192.6,0,실측(원자료 기반)
2022,서울특별시,노원구,0,0,3556.4,0.0,,0,0.0,centroid근접(대체),0.0,0.0,0.0,True,283.94,0,실측(원자료 기반)
2023,서울특별시,노원구,0,0,3556.4,0.0,,0,0.042,SGIS실제인접,0.0,0.0,0.0,True,300.52,0,추정(시군구 평균비중 x 국가총량)
2024,서울특별시,노원구,0,0,3556.4,0.0,,0,0.0354,SGIS실제인접,0.0,0.0,0.0,True,300.52,0,추정(시군구 평균비중 x 국가총량)
2025,서울특별시,노원구,0,0,3556.4,0.0,,0,0.0585,SGIS실제인접,0.0,0.0,0.0,True,300.52,0,추정(시군구 평균비중 x 국가총량)
2016,서울특별시,도봉구,0,0,2068.9,0.0,,0,0.0008,SGIS실제인접,0.0,0.0,0.0,True,304.34,0,추정(시군구 평균비중 x 국가총량)
2017,서울특별시,도봉구,0,0,2068.9,0.0,,0,0.0002,SGIS실제인접,0.0,0.0,0.0,True,470.92,0,실측(원자료 기반)
2018,서울특별시,도봉구,0,0,2068.9,0.0,,0,0.0005,SGIS실제인접,0.0,0.0,0.0,True,470.92,0,실측(원자료 기반)
2019,서울특별시,도봉구,0,0,2068.9,0.0,,0,0.0002,SGIS실제인접,0.0,0.0,0.0,True,304.34,0,실측(원자료 기반)
2020,서울특별시,도봉구,0,0,2068.9,0.0,,0,0.0,SGIS실제인접,0.0,0.0,0.0,True,304.34,0,실측(원자료 기반)
2021,서울특별시,도봉구,0,0,2068.9,0.0,,0,0.0001,SGIS실제인접,0.0,0.0,0.0,True,196.71,0,실측(원자료 기반)
2022,서울특별시,도봉구,0,0,2068.9,0.0,,0,0.0,centroid근접(대체),0.0,0.0,0.0,True,287.55,0,실측(원자료 기반)
2023,서울특별시,도봉구,0,0,2068.9,0.0,,0,0.0006,SGIS실제인접,0.0,0.0,0.0,True,304.34,0,추정(시군구 평균비중 x 국가총량)
2024,서울특별시,도봉구,0,0,2068.9,0.0,,0,0.0005,SGIS실제인접,0.0,0.0,0.0,True,304.34,0,추정(시군구 평균비중 x 국가총량)
2025,서울특별시,도봉구,0,0,2068.9,0.0,,0,0.0009,SGIS실제인접,0.0,0.0,0.0,True,304.34,0,추정(시군구 평균비중 x 국가총량)
2016,서울특별시,동대문구,0,0,1426.6,0.0,,0,0.0,SGIS실제인접,0.0,0.0,0.0,True,295.7,0,추정(시군구 평균비중 x 국가총량)
2017,서울특별시,동대문구,0,0,1426.6,0.0,,0,0.0,SGIS실제인접,0.0,0.0,0.0,True,461.52,0,실측(원자료 기반)
2018,서울특별시,동대문구,0,0,1426.6,0.0,,0,0.0,SGIS실제인접,0.0,0.0,0.0,True,461.52,0,실측(원자료 기반)
2019,서울특별시,동대문구,0,0,1426.6,0.0,,0,0.0,SGIS실제인접,0.0,0.0,0.0,True,295.7,0,실측(원자료 기반)
2020,서울특별시,동대문구,0,0,1426.6,0.0,,0,0.0,SGIS실제인접,0.0,0.0,0.0,True,295.7,0,실측(원자료 기반)
2021,서울특별시,동대문구,0,0,1426.6,0.0,,0,0.0,SGIS실제인접,0.0,0.0,0.0,True,189.37,0,실측(원자료 기반)
2022,서울특별시,동대문구,0,0,1426.6,0.0,,0,0.0,centroid근접(대체),0.0,0.0,0.0,True,278.43,0,실측(원자료 기반)
2023,서울특별시,동대문구,0,0,1426.6,0.0,,0,0.0,SGIS실제인접,0.0,0.0,0.0,True,295.7,0,추정(시군구 평균비중 x 국가총량)
2024,서울특별시,동대문구,0,0,1426.6,0.0,,0,0.0,SGIS실제인접,0.0,0.0,0.0,True,295.7,0,추정(시군구 평균비중 x 국가총량)
2025,서울특별시,동대문구,0,0,1426.6,0.0,,0,0.0,SGIS실제인접,0.0,0.0,0.0,True,295.7,0,추정(시군구 평균비중 x 국가총량)
2016,서울특별시,동작구,0,0,1636.4,0.0,,0,0.0,SGIS실제인접,0.0,0.0,0.0,True,294.97,0,추정(시군구 평균비중 x 국가총량)
2017,서울특별시,동작구,0,0,1636.4,0.0,,0,0.0,SGIS실제인접,0.0,0.0,0.0,True,451.46,0,실측(원자료 기반)
2018,서울특별시,동작구,0,0,1636.4,0.0,,0,0.0,SGIS실제인접,0.0,0.0,0.0,True,451.46,0,실측(원자료 기반)
2019,서울특별시,동작구,0,0,1636.4,0.0,,0,0.0,SGIS실제인접,0.0,0.0,0.0,True,294.97,0,실측(원자료 기반)
2020,서울특별시,동작구,0,0,1636.4,0.0,,0,0.0,SGIS실제인접,0.0,0.0,0.0,True,294.97,0,실측(원자료 기반)
2021,서울특별시,동작구,0,0,1636.4,0.0,,0,0.0,SGIS실제인접,0.0,0.0,0.0,True,191.9,0,실측(원자료 기반)
2022,서울특별시,동작구,0,0,1636.4,0.0,,0,0.0,centroid근접(대체),0.0,0.0,0.0,True,276.27,0,실측(원자료 기반)
2023,서울특별시,동작구,0,0,1636.4,0.0,,0,0.0,SGIS실제인접,0.0,0.0,0.0,True,294.97,0,추정(시군구 평균비중 x 국가총량)
2024,서울특별시,동작구,0,0,1636.4,0.0,,0,0.0,SGIS실제인접,0.0,0.0,0.0,True,294.97,0,추정(시군구 평균비중 x 국가총량)
2025,서울특별시,동작구,0,0,1636.4,0.0,,0,0.0,SGIS실제인접,0.0,0.0,0.0,True,294.97,0,추정(시군구 평균비중 x 국가총량)
2016,서울특별시,마포구,0,0,2384.5,0.0,,0,0.0,SGIS실제인접,0.0,0.0,0.0,True,302.48,0,추정(시군구 평균비중 x 국가총량)
2017,서울특별시,마포구,0,0,2384.5,0.0,,0,0.0,SGIS실제인접,0.0,0.0,0.0,True,457.83,0,실측(원자료 기반)
2018,서울특별시,마포구,0,0,2384.5,0.0,,0,0.0,SGIS실제인접,0.0,0.0,0.0,True,457.83,0,실측(원자료 기반)
2019,서울특별시,마포구,0,0,2384.5,0.0,,0,0.0,SGIS실제인접,0.0,0.0,0.0,True,302.48,0,실측(원자료 기반)
2020,서울특별시,마포구,0,0,2384.5,0.0,,0,0.0,SGIS실제인접,0.0,0.0,0.0,True,302.48,0,실측(원자료 기반)
2021,서울특별시,마포구,0,0,2384.5,0.0,,0,0.0,SGIS실제인접,0.0,0.0,0.0,True,198.7,0,실측(원자료 기반)
2022,서울특별시,마포구,0,0,2384.5,0.0,,0,0.0,centroid근접(대체),0.0,0.0,0.0,True,283.94,0,실측(원자료 기반)
2023,서울특별시,마포구,0,0,2384.5,0.0,,0,0.0,SGIS실제인접,0.0,0.0,0.0,True,302.48,0,추정(시군구 평균비중 x 국가총량)
2024,서울특별시,마포구,0,0,2384.5,0.0,,0,0.0,SGIS실제인접,0.0,0.0,0.0,True,302.48,0,추정(시군구 평균비중 x 국가총량)
2025,서울특별시,마포구,0,0,2384.5,0.0,,0,0.0,SGIS실제인접,0.0,0.0,0.0,True,302.48,0,추정(시군구 평균비중 x 국가총량)
2016,서울특별시,서대문구,0,0,1767.5,0.0,,0,0.0,SGIS실제인접,0.0,0.0,0.0,True,302.14,0,추정(시군구 평균비중 x 국가총량)
2017,서울특별시,서대문구,0,0,1767.5,0.0,,0,0.0,SGIS실제인접,0.0,0.0,0.0,True,460.09,0,실측(원자료 기반)
2018,서울특별시,서대문구,0,0,1767.5,0.0,,0,0.0,SGIS실제인접,0.0,0.0,0.0,True,460.09,0,실측(원자료 기반)
2019,서울특별시,서대문구,0,0,1767.5,0.0,,0,0.0,SGIS실제인접,0.0,0.0,0.0,True,302.14,0,실측(원자료 기반)
2020,서울특별시,서대문구,0,0,1767.5,0.0,,0,0.0,SGIS실제인접,0.0,0.0,0.0,True,302.14,0,실측(원자료 기반)
2021,서울특별시,서대문구,0,0,1767.5,0.0,,0,0.0,SGIS실제인접,0.0,0.0,0.0,True,197.54,0,실측(원자료 기반)
2022,서울특별시,서대문구,0,0,1767.5,0.0,,0,0.0,centroid근접(대체),0.0,0.0,0.0,True,283.96,0,실측(원자료 기반)
2023,서울특별시,서대문구,0,0,1767.5,0.0,,0,0.0,SGIS실제인접,0.0,0.0,0.0,True,302.14,0,추정(시군구 평균비중 x 국가총량)
2024,서울특별시,서대문구,0,0,1767.5,0.0,,0,0.0,SGIS실제인접,0.0,0.0,0.0,True,302.14,0,추정(시군구 평균비중 x 국가총량)
2025,서울특별시,서대문구,0,0,1767.5,0.0,,0,0.0,SGIS실제인접,0.0,0.0,0.0,True,302.14,0,추정(시군구 평균비중 x 국가총량)
2016,서울특별시,서초구,0,0,4688.5,0.0,,0,0.0245,SGIS실제인접,0.0,0.0,0.0,True,288.09,0,추정(시군구 평균비중 x 국가총량)
2017,서울특별시,서초구,0,0,4688.5,0.0,,0,0.0182,SGIS실제인접,0.0,0.0,0.0,True,449.3,0,실측(원자료 기반)
2018,서울특별시,서초구,0,0,4688.5,0.0,,0,0.0161,SGIS실제인접,0.0,0.0,0.0,True,449.3,0,실측(원자료 기반)
2019,서울특별시,서초구,0,0,4688.5,0.0,,0,0.0107,SGIS실제인접,0.0,0.0,0.0,True,288.09,0,실측(원자료 기반)
2020,서울특별시,서초구,0,0,4688.5,0.0,,0,0.0108,SGIS실제인접,0.0,0.0,0.0,True,288.09,0,실측(원자료 기반)
2021,서울특별시,서초구,0,0,4688.5,0.0,,0,0.0002,SGIS실제인접,0.0,0.0,0.0,True,184.42,0,실측(원자료 기반)
2022,서울특별시,서초구,0,0,4688.5,0.0,,0,0.0,centroid근접(대체),0.0,0.0,0.0,True,269.79,0,실측(원자료 기반)
2023,서울특별시,서초구,0,0,4688.5,0.0,,0,0.0185,SGIS실제인접,0.0,0.0,0.0,True,288.09,0,추정(시군구 평균비중 x 국가총량)
2024,서울특별시,서초구,0,0,4688.5,0.0,,0,0.0156,SGIS실제인접,0.0,0.0,0.0,True,288.09,0,추정(시군구 평균비중 x 국가총량)
2025,서울특별시,서초구,0,0,4688.5,0.0,,0,0.0259,SGIS실제인접,0.0,0.0,0.0,True,288.09,0,추정(시군구 평균비중 x 국가총량)
2016,서울특별시,성동구,0,0,1680.4,0.0,,0,0.0,SGIS실제인접,0.0,0.0,0.0,False,293.91,0,추정(시군구 평균비중 x 국가총량)
2017,서울특별시,성동구,0,0,1680.4,0.0,,0,0.0,SGIS실제인접,0.0,0.0,0.0,False,457.97,0,실측(원자료 기반)
2018,서울특별시,성동구,0,0,1680.4,0.0,,0,0.0,SGIS실제인접,0.0,0.0,0.0,False,457.97,0,실측(원자료 기반)
2019,서울특별시,성동구,0,0,1680.4,0.0,,0,0.0,SGIS실제인접,0.0,0.0,0.0,False,293.91,0,실측(원자료 기반)
2020,서울특별시,성동구,0,0,1680.4,0.0,,0,0.0,SGIS실제인접,0.0,0.0,0.0,False,293.91,0,실측(원자료 기반)
2021,서울특별시,성동구,0,0,1680.4,0.0,,0,0.0,SGIS실제인접,0.0,0.0,0.0,False,188.41,0,실측(원자료 기반)
2022,서울특별시,성동구,0,0,1680.4,0.0,,0,0.0,centroid근접(대체),0.0,0.0,0.0,False,276.3,0,실측(원자료 기반)
2023,서울특별시,성동구,0,0,1680.4,0.0,,0,0.0,SGIS실제인접,0.0,0.0,0.0,False,293.91,0,추정(시군구 평균비중 x 국가총량)
2024,서울특별시,성동구,0,0,1680.4,0.0,,0,0.0,SGIS실제인접,0.0,0.0,0.0,False,293.91,0,추정(시군구 평균비중 x 국가총량)
2025,서울특별시,성동구,0,0,1680.4,0.0,,0,0.0,SGIS실제인접,0.0,0.0,0.0,False,293.91,0,추정(시군구 평균비중 x 국가총량)
2016,서울특별시,성북구,0,0,2456.0,0.0,,0,0.0,SGIS실제인접,579.6,3547.5,16.34,False,299.84,0,추정(시군구 평균비중 x 국가총량)
2017,서울특별시,성북구,0,0,2456.0,0.0,,0,0.0,SGIS실제인접,579.6,3547.5,16.34,False,463.8,0,실측(원자료 기반)
2018,서울특별시,성북구,0,0,2456.0,0.0,,0,0.0,SGIS실제인접,579.6,3547.5,16.34,False,463.8,0,실측(원자료 기반)
2019,서울특별시,성북구,0,0,2456.0,0.0,,0,0.0,SGIS실제인접,579.6,3547.5,16.34,False,299.84,0,실측(원자료 기반)
2020,서울특별시,성북구,0,0,2456.0,0.0,,0,0.0,SGIS실제인접,579.6,3547.5,16.34,False,299.84,0,실측(원자료 기반)
2021,서울특별시,성북구,0,0,2456.0,0.0,,0,0.0,SGIS실제인접,579.6,3547.5,16.34,False,193.59,0,실측(원자료 기반)
2022,서울특별시,성북구,0,0,2456.0,0.0,,0,0.0,centroid근접(대체),579.6,3547.5,16.34,False,282.46,0,실측(원자료 기반)
2023,서울특별시,성북구,0,0,2456.0,0.0,,0,0.0,SGIS실제인접,579.6,3547.5,16.34,False,299.84,0,추정(시군구 평균비중 x 국가총량)
2024,서울특별시,성북구,0,0,2456.0,0.0,,0,0.0,SGIS실제인접,579.6,3547.5,16.34,False,299.84,0,추정(시군구 평균비중 x 국가총량)
2025,서울특별시,성북구,0,0,2456.0,0.0,,0,0.0,SGIS실제인접,579.6,3547.5,16.34,False,299.84,0,추정(시군구 평균비중 x 국가총량)
2016,서울특별시,송파구,0,0,3382.7,0.0,,0,0.0368,SGIS실제인접,0.0,0.0,0.0,True,285.8,0,추정(시군구 평균비중 x 국가총량)
2017,서울특별시,송파구,0,0,3382.7,0.0,,0,0.0359,SGIS실제인접,0.0,0.0,0.0,True,453.7,0,실측(원자료 기반)
2018,서울특별시,송파구,0,0,3382.7,0.0,,0,0.02,SGIS실제인접,0.0,0.0,0.0,True,453.7,0,실측(원자료 기반)
2019,서울특별시,송파구,0,0,3382.7,0.0,,0,0.0149,SGIS실제인접,0.0,0.0,0.0,True,285.8,0,실측(원자료 기반)
2020,서울특별시,송파구,0,0,3382.7,0.0,,0,0.0139,SGIS실제인접,0.0,0.0,0.0,True,285.8,0,실측(원자료 기반)
2021,서울특별시,송파구,0,0,3382.7,0.0,,0,0.0018,SGIS실제인접,0.0,0.0,0.0,True,180.15,0,실측(원자료 기반)
2022,서울특별시,송파구,0,0,3382.7,0.0,,0,0.0,centroid근접(대체),0.0,0.0,0.0,True,268.42,0,실측(원자료 기반)
2023,서울특별시,송파구,0,0,3382.7,0.0,,0,0.0278,SGIS실제인접,0.0,0.0,0.0,True,285.8,0,추정(시군구 평균비중 x 국가총량)
2024,서울특별시,송파구,0,0,3382.7,0.0,,0,0.0234,SGIS실제인접,0.0,0.0,0.0,True,285.8,0,추정(시군구 평균비중 x 국가총량)
2025,서울특별시,송파구,0,0,3382.7,0.0,,0,0.0387,SGIS실제인접,0.0,0.0,0.0,True,285.8,0,추정(시군구 평균비중 x 국가총량)
2016,서울특별시,양천구,0,0,1745.0,0.0,,0,0.0,SGIS실제인접,0.0,0.0,0.0,True,302.94,0,추정(시군구 평균비중 x 국가총량)
2017,서울특별시,양천구,0,0,1745.0,0.0,,0,0.0,SGIS실제인접,0.0,0.0,0.0,True,453.67,0,실측(원자료 기반)
2018,서울특별시,양천구,0,0,1745.0,0.0,,0,0.0,SGIS실제인접,0.0,0.0,0.0,True,453.67,0,실측(원자료 기반)
2019,서울특별시,양천구,0,0,1745.0,0.0,,0,0.0,SGIS실제인접,0.0,0.0,0.0,True,302.94,0,실측(원자료 기반)
2020,서울특별시,양천구,0,0,1745.0,0.0,,0,0.0,SGIS실제인접,0.0,0.0,0.0,True,302.94,0,실측(원자료 기반)
2021,서울특별시,양천구,0,0,1745.0,0.0,,0,0.0,SGIS실제인접,0.0,0.0,0.0,True,200.66,0,실측(원자료 기반)
2022,서울특별시,양천구,0,0,1745.0,0.0,,0,0.0,centroid근접(대체),0.0,0.0,0.0,True,283.74,0,실측(원자료 기반)
2023,서울특별시,양천구,0,0,1745.0,0.0,,0,0.0,SGIS실제인접,0.0,0.0,0.0,True,302.94,0,추정(시군구 평균비중 x 국가총량)
2024,서울특별시,양천구,0,0,1745.0,0.0,,0,0.0,SGIS실제인접,0.0,0.0,0.0,True,302.94,0,추정(시군구 평균비중 x 국가총량)
2025,서울특별시,양천구,0,0,1745.0,0.0,,0,0.0,SGIS실제인접,0.0,0.0,0.0,True,302.94,0,추정(시군구 평균비중 x 국가총량)
2016,서울특별시,영등포구,0,0,2450.6,0.0,,0,0.0,SGIS실제인접,0.0,0.0,0.0,True,299.38,0,추정(시군구 평균비중 x 국가총량)
2017,서울특별시,영등포구,0,0,2450.6,0.0,,0,0.0,SGIS실제인접,0.0,0.0,0.0,True,453.75,0,실측(원자료 기반)
2018,서울특별시,영등포구,0,0,2450.6,0.0,,0,0.0,SGIS실제인접,0.0,0.0,0.0,True,453.75,0,실측(원자료 기반)
2019,서울특별시,영등포구,0,0,2450.6,0.0,,0,0.0,SGIS실제인접,0.0,0.0,0.0,True,299.38,0,실측(원자료 기반)
2020,서울특별시,영등포구,0,0,2450.6,0.0,,0,0.0,SGIS실제인접,0.0,0.0,0.0,True,299.38,0,실측(원자료 기반)
2021,서울특별시,영등포구,0,0,2450.6,0.0,,0,0.0,SGIS실제인접,0.0,0.0,0.0,True,196.38,0,실측(원자료 기반)
2022,서울특별시,영등포구,0,0,2450.6,0.0,,0,0.0,centroid근접(대체),0.0,0.0,0.0,True,280.56,0,실측(원자료 기반)
2023,서울특별시,영등포구,0,0,2450.6,0.0,,0,0.0,SGIS실제인접,0.0,0.0,0.0,True,299.38,0,추정(시군구 평균비중 x 국가총량)
2024,서울특별시,영등포구,0,0,2450.6,0.0,,0,0.0,SGIS실제인접,0.0,0.0,0.0,True,299.38,0,추정(시군구 평균비중 x 국가총량)
2025,서울특별시,영등포구,0,0,2450.6,0.0,,0,0.0,SGIS실제인접,0.0,0.0,0.0,True,299.38,0,추정(시군구 평균비중 x 국가총량)
2016,서울특별시,용산구,0,0,2187.6,0.0,,0,0.0,SGIS실제인접,303.1,1903.8,15.92,False,295.91,0,추정(시군구 평균비중 x 국가총량)
2017,서울특별시,용산구,0,0,2187.6,0.0,,0,0.0,SGIS실제인접,303.1,1903.8,15.92,False,455.27,0,실측(원자료 기반)
2018,서울특별시,용산구,0,0,2187.6,0.0,,0,0.0,SGIS실제인접,303.1,1903.8,15.92,False,455.27,0,실측(원자료 기반)
2019,서울특별시,용산구,0,0,2187.6,0.0,,0,0.0,SGIS실제인접,303.1,1903.8,15.92,False,295.91,0,실측(원자료 기반)
2020,서울특별시,용산구,0,0,2187.6,0.0,,0,0.0,SGIS실제인접,303.1,1903.8,15.92,False,295.91,0,실측(원자료 기반)
2021,서울특별시,용산구,0,0,2187.6,0.0,,0,0.0,SGIS실제인접,303.1,1903.8,15.92,False,191.7,0,실측(원자료 기반)
2022,서울특별시,용산구,0,0,2187.6,0.0,,0,0.0,centroid근접(대체),303.1,1903.8,15.92,False,277.67,0,실측(원자료 기반)
2023,서울특별시,용산구,0,0,2187.6,0.0,,0,0.0,SGIS실제인접,303.1,1903.8,15.92,False,295.91,0,추정(시군구 평균비중 x 국가총량)
2024,서울특별시,용산구,0,0,2187.6,0.0,,0,0.0,SGIS실제인접,303.1,1903.8,15.92,False,295.91,0,추정(시군구 평균비중 x 국가총량)
2025,서울특별시,용산구,0,0,2187.6,0.0,,0,0.0,SGIS실제인접,303.1,1903.8,15.92,False,295.91,0,추정(시군구 평균비중 x 국가총량)
2016,서울특별시,은평구,0,0,2977.4,0.0,,0,0.0,SGIS실제인접,0.0,0.0,0.0,True,306.26,0,추정(시군구 평균비중 x 국가총량)
2017,서울특별시,은평구,0,0,2977.4,0.0,,0,0.0,SGIS실제인접,0.0,0.0,0.0,True,464.58,0,실측(원자료 기반)
2018,서울특별시,은평구,0,0,2977.4,0.0,,0,0.0,SGIS실제인접,0.0,0.0,0.0,True,464.58,0,실측(원자료 기반)
2019,서울특별시,은평구,0,0,2977.4,0.0,,0,0.0,SGIS실제인접,0.0,0.0,0.0,True,306.26,0,실측(원자료 기반)
2020,서울특별시,은평구,0,0,2977.4,0.0,,0,0.0,SGIS실제인접,0.0,0.0,0.0,True,306.26,0,실측(원자료 기반)
2021,서울특별시,은평구,0,0,2977.4,0.0,,0,0.0,SGIS실제인접,0.0,0.0,0.0,True,200.99,0,실측(원자료 기반)
2022,서울특별시,은평구,0,0,2977.4,0.0,,0,0.0,centroid근접(대체),0.0,0.0,0.0,True,288.3,0,실측(원자료 기반)
2023,서울특별시,은평구,0,0,2977.4,0.0,,0,0.0,SGIS실제인접,0.0,0.0,0.0,True,306.26,0,추정(시군구 평균비중 x 국가총량)
2024,서울특별시,은평구,0,0,2977.4,0.0,,0,0.0,SGIS실제인접,0.0,0.0,0.0,True,306.26,0,추정(시군구 평균비중 x 국가총량)
2025,서울특별시,은평구,0,0,2977.4,0.0,,0,0.0,SGIS실제인접,0.0,0.0,0.0,True,306.26,0,추정(시군구 평균비중 x 국가총량)
2016,서울특별시,종로구,0,0,2397.3,0.0,,0,0.0,SGIS실제인접,0.0,0.0,0.0,False,301.29,0,추정(시군구 평균비중 x 국가총량)
2017,서울특별시,종로구,0,0,2397.3,0.0,,0,0.0,SGIS실제인접,0.0,0.0,0.0,False,462.27,0,실측(원자료 기반)
2018,서울특별시,종로구,0,0,2397.3,0.0,,0,0.0,SGIS실제인접,0.0,0.0,0.0,False,462.27,0,실측(원자료 기반)
2019,서울특별시,종로구,0,0,2397.3,0.0,,0,0.0,SGIS실제인접,0.0,0.0,0.0,False,301.29,0,실측(원자료 기반)
2020,서울특별시,종로구,0,0,2397.3,0.0,,0,0.0,SGIS실제인접,0.0,0.0,0.0,False,301.29,0,실측(원자료 기반)
2021,서울특별시,종로구,0,0,2397.3,0.0,,0,0.0,SGIS실제인접,0.0,0.0,0.0,False,195.81,0,실측(원자료 기반)
2022,서울특별시,종로구,0,0,2397.3,0.0,,0,0.0,centroid근접(대체),0.0,0.0,0.0,False,283.52,0,실측(원자료 기반)
2023,서울특별시,종로구,0,0,2397.3,0.0,,0,0.0,SGIS실제인접,0.0,0.0,0.0,False,301.29,0,추정(시군구 평균비중 x 국가총량)
2024,서울특별시,종로구,0,0,2397.3,0.0,,0,0.0,SGIS실제인접,0.0,0.0,0.0,False,301.29,0,추정(시군구 평균비중 x 국가총량)
2025,서울특별시,종로구,0,0,2397.3,0.0,,0,0.0,SGIS실제인접,0.0,0.0,0.0,False,301.29,0,추정(시군구 평균비중 x 국가총량)
2016,서울특별시,중구,0,0,998.3,0.0,,0,0.0,SGIS실제인접,38.2,598.3,6.38,False,297.32,0,추정(시군구 평균비중 x 국가총량)
2017,서울특별시,중구,0,0,998.3,0.0,,0,0.0,SGIS실제인접,38.2,598.3,6.38,False,458.58,0,실측(원자료 기반)
2018,서울특별시,중구,0,0,998.3,0.0,,0,0.0,SGIS실제인접,38.2,598.3,6.38,False,458.58,0,실측(원자료 기반)
2019,서울특별시,중구,0,0,998.3,0.0,,0,0.0,SGIS실제인접,38.2,598.3,6.38,False,297.32,0,실측(원자료 기반)
2020,서울특별시,중구,0,0,998.3,0.0,,0,0.0,SGIS실제인접,38.2,598.3,6.38,False,297.32,0,실측(원자료 기반)
2021,서울특별시,중구,0,0,998.3,0.0,,0,0.0,SGIS실제인접,38.2,598.3,6.38,False,192.28,0,실측(원자료 기반)
2022,서울특별시,중구,0,0,998.3,0.0,,0,0.0,centroid근접(대체),38.2,598.3,6.38,False,279.43,0,실측(원자료 기반)
2023,서울특별시,중구,0,0,998.3,0.0,,0,0.0,SGIS실제인접,38.2,598.3,6.38,False,297.32,0,추정(시군구 평균비중 x 국가총량)
2024,서울특별시,중구,0,0,998.3,0.0,,0,0.0,SGIS실제인접,38.2,598.3,6.38,False,297.32,0,추정(시군구 평균비중 x 국가총량)
2025,서울특별시,중구,0,0,998.3,0.0,,0,0.0,SGIS실제인접,38.2,598.3,6.38,False,297.32,0,추정(시군구 평균비중 x 국가총량)
2016,서울특별시,중랑구,0,0,1852.3,0.0,,0,0.0,SGIS실제인접,262.2,1785.0,14.69,False,294.85,0,추정(시군구 평균비중 x 국가총량)
2017,서울특별시,중랑구,0,0,1852.3,0.0,,0,0.0,SGIS실제인접,262.2,1785.0,14.69,False,463.63,0,실측(원자료 기반)
2018,서울특별시,중랑구,0,0,1852.3,0.0,,0,0.0,SGIS실제인접,262.2,1785.0,14.69,False,463.63,0,실측(원자료 기반)
2019,서울특별시,중랑구,0,0,1852.3,0.0,,0,0.0,SGIS실제인접,262.2,1785.0,14.69,False,294.85,0,실측(원자료 기반)
2020,서울특별시,중랑구,0,0,1852.3,0.0,,0,0.0,SGIS실제인접,262.2,1785.0,14.69,False,294.85,0,실측(원자료 기반)
2021,서울특별시,중랑구,0,0,1852.3,0.0,,0,0.0,SGIS실제인접,262.2,1785.0,14.69,False,187.69,0,실측(원자료 기반)
2022,서울특별시,중랑구,0,0,1852.3,0.0,,0,0.0,centroid근접(대체),262.2,1785.0,14.69,False,278.0,0,실측(원자료 기반)
2023,서울특별시,중랑구,0,0,1852.3,0.0,,0,0.0,SGIS실제인접,262.2,1785.0,14.69,False,294.85,0,추정(시군구 평균비중 x 국가총량)
2024,서울특별시,중랑구,0,0,1852.3,0.0,,0,0.0,SGIS실제인접,262.2,1785.0,14.69,False,294.85,0,추정(시군구 평균비중 x 국가총량)
2025,서울특별시,중랑구,0,0,1852.3,0.0,,0,0.0,SGIS실제인접,262.2,1785.0,14.69,False,294.85,0,추정(시군구 평균비중 x 국가총량)
2016,세종특별자치시,세종시,70,99,46484.3,0.0015,,1,0.0003,SGIS실제인접,1497.0,24750.0,6.05,False,207.02,0,추정(시군구 평균비중 x 국가총량)
2017,세종특별자치시,세종시,43,70,46484.3,0.0009,,2,0.0002,SGIS실제인접,1497.0,24750.0,6.05,False,352.09,0,실측(원자료 기반)
2018,세종특별자치시,세종시,12,43,46484.3,0.0003,,3,0.0,SGIS실제인접,1497.0,24750.0,6.05,False,352.09,0,실측(원자료 기반)
2019,세종특별자치시,세종시,22,12,46484.3,0.0005,-9.09,4,0.0001,SGIS실제인접,1497.0,24750.0,6.05,False,207.02,0,실측(원자료 기반)
2020,세종특별자치시,세종시,36,22,46484.3,0.0008,24.96,5,0.0,SGIS실제인접,1497.0,24750.0,6.05,False,207.02,0,실측(원자료 기반)
2021,세종특별자치시,세종시,16,36,46484.3,0.0003,30.47,6,0.0001,SGIS실제인접,1497.0,24750.0,6.05,False,136.14,0,실측(원자료 기반)
2022,세종특별자치시,세종시,19,16,46484.3,0.0004,8.94,7,0.0003,centroid근접(대체),1497.0,24750.0,6.05,False,181.39,0,실측(원자료 기반)
2023,세종특별자치시,세종시,53,19,46484.3,0.0011,47.09,8,0.0003,SGIS실제인접,1497.0,24750.0,6.05,False,207.02,0,추정(시군구 평균비중 x 국가총량)
2024,세종특별자치시,세종시,45,53,46484.3,0.001,60.39,9,0.0002,SGIS실제인접,1497.0,24750.0,6.05,False,207.02,0,추정(시군구 평균비중 x 국가총량)
2025,세종특별자치시,세종시,74,45,46484.3,0.0016,75.91,10,0.0004,SGIS실제인접,1497.0,24750.0,6.05,False,207.02,0,추정(시군구 평균비중 x 국가총량)
2016,울산광역시,남구,795,1130,7447.2,0.1068,,1,2.6599,SGIS실제인접,521.3,1375.3,37.9,False,13.34,1,추정(시군구 평균비중 x 국가총량)
2017,울산광역시,남구,577,795,7447.2,0.0775,,2,1.826,SGIS실제인접,521.3,1375.3,37.9,False,344.84,1,실측(원자료 기반)
2018,울산광역시,남구,614,577,7447.2,0.0824,,3,1.5217,SGIS실제인접,521.3,1375.3,37.9,False,344.84,1,실측(원자료 기반)
2019,울산광역시,남구,251,614,7447.2,0.0337,-26.71,4,1.1138,SGIS실제인접,521.3,1375.3,37.9,False,13.34,1,실측(원자료 기반)
2020,울산광역시,남구,387,251,7447.2,0.052,0.49,5,0.8306,SGIS실제인접,521.3,1375.3,37.9,False,13.34,1,실측(원자료 기반)
2021,울산광역시,남구,93,387,7447.2,0.0125,-26.97,6,0.4787,SGIS실제인접,521.3,1375.3,37.9,False,128.16,1,실측(원자료 기반)
2022,울산광역시,남구,49,93,7447.2,0.0066,-23.03,7,0.5227,centroid근접(대체),521.3,1375.3,37.9,False,49.04,1,실측(원자료 기반)
2023,울산광역시,남구,601,49,7447.2,0.0806,334.14,8,2.0094,SGIS실제인접,521.3,1375.3,37.9,False,13.34,1,추정(시군구 평균비중 x 국가총량)
2024,울산광역시,남구,507,601,7447.2,0.068,354.24,9,1.6947,SGIS실제인접,521.3,1375.3,37.9,False,13.34,1,추정(시군구 평균비중 x 국가총량)
2025,울산광역시,남구,837,507,7447.2,0.1124,391.79,10,2.8018,SGIS실제인접,521.3,1375.3,37.9,False,13.34,1,추정(시군구 평균비중 x 국가총량)
2016,울산광역시,동구,12847,18267,3666.2,3.5042,,1,3.0212,SGIS실제인접,927.9,2004.1,46.3,False,21.75,1,추정(시군구 평균비중 x 국가총량)
2017,울산광역시,동구,14310,12847,3666.2,3.9033,,2,1.2352,SGIS실제인접,927.9,2004.1,46.3,False,352.24,1,실측(원자료 기반)
2018,울산광역시,동구,9655,14310,3666.2,2.6335,,3,1.7647,SGIS실제인접,927.9,2004.1,46.3,False,352.24,1,실측(원자료 기반)
2019,울산광역시,동구,5151,9655,3666.2,1.405,-22.6,4,1.4524,SGIS실제인접,927.9,2004.1,46.3,False,21.75,1,실측(원자료 기반)
2020,울산광역시,동구,2687,5151,3666.2,0.7329,-42.34,5,1.0108,SGIS실제인접,927.9,2004.1,46.3,False,21.75,1,실측(원자료 기반)
2021,울산광역시,동구,1812,2687,3666.2,0.4942,-42.35,6,0.5463,SGIS실제인접,927.9,2004.1,46.3,False,130.72,1,실측(원자료 기반)
2022,울산광역시,동구,1129,1812,3666.2,0.308,-39.36,7,0.4222,centroid근접(대체),927.9,2004.1,46.3,False,57.82,1,실측(원자료 기반)
2023,울산광역시,동구,9705,1129,3666.2,2.6473,229.79,8,2.2823,SGIS실제인접,927.9,2004.1,46.3,False,21.75,1,추정(시군구 평균비중 x 국가총량)
2024,울산광역시,동구,8185,9705,3666.2,2.2326,235.43,9,1.9249,SGIS실제인접,927.9,2004.1,46.3,False,21.75,1,추정(시군구 평균비중 x 국가총량)
2025,울산광역시,동구,13533,8185,3666.2,3.6912,269.77,10,3.1824,SGIS실제인접,927.9,2004.1,46.3,False,21.75,1,추정(시군구 평균비중 x 국가총량)
2016,울산광역시,북구,47716,67848,15794.0,3.0212,,1,1.8636,SGIS실제인접,3362.8,10212.8,32.93,False,18.82,1,추정(시군구 평균비중 x 국가총량)
2017,울산광역시,북구,19509,47716,15794.0,1.2352,,2,1.7353,SGIS실제인접,3362.8,10212.8,32.93,False,355.23,1,실측(원자료 기반)
2018,울산광역시,북구,27871,19509,15794.0,1.7647,,3,1.1734,SGIS실제인접,3362.8,10212.8,32.93,False,355.23,1,실측(원자료 기반)
2019,울산광역시,북구,22940,27871,15794.0,1.4524,-11.31,4,0.7264,SGIS실제인접,3362.8,10212.8,32.93,False,18.82,1,실측(원자료 기반)
2020,울산광역시,북구,15964,22940,15794.0,1.0108,-1.75,5,0.5031,SGIS실제인접,3362.8,10212.8,32.93,False,18.82,1,실측(원자료 기반)
2021,울산광역시,북구,8628,15964,15794.0,0.5463,-31.35,6,0.3122,SGIS실제인접,3362.8,10212.8,32.93,False,120.43,1,실측(원자료 기반)
2022,울산광역시,북구,10573,8628,15794.0,0.6694,-17.94,7,0.3017,centroid근접(대체),3362.8,10212.8,32.93,False,54.94,1,실측(원자료 기반)
2023,울산광역시,북구,36047,10573,15794.0,2.2823,72.51,8,1.4078,SGIS실제인접,3362.8,10212.8,32.93,False,18.82,1,추정(시군구 평균비중 x 국가총량)
2024,울산광역시,북구,30401,36047,15794.0,1.9249,82.6,9,1.1873,SGIS실제인접,3362.8,10212.8,32.93,False,18.82,1,추정(시군구 평균비중 x 국가총량)
2025,울산광역시,북구,50262,30401,15794.0,3.1824,96.87,10,1.963,SGIS실제인접,3362.8,10212.8,32.93,False,18.82,1,추정(시군구 평균비중 x 국가총량)
2016,울산광역시,울주군,144465,205416,75702.4,1.9083,,1,1.0532,SGIS실제인접,15613.8,52890.2,29.52,False,0.0,1,추정(시군구 평균비중 x 국가총량)
2017,울산광역시,울주군,110357,144465,75702.4,1.4578,,2,0.7121,SGIS실제인접,15613.8,52890.2,29.52,False,337.56,1,실측(원자료 기반)
2018,울산광역시,울주군,79151,110357,75702.4,1.0456,,3,0.5753,SGIS실제인접,15613.8,52890.2,29.52,False,337.56,1,실측(원자료 기반)
2019,울산광역시,울주군,65576,79151,75702.4,0.8662,-23.01,4,0.4071,SGIS실제인접,15613.8,52890.2,29.52,False,0.0,1,실측(원자료 기반)
2020,울산광역시,울주군,53938,65576,75702.4,0.7125,-21.06,5,0.2906,SGIS실제인접,15613.8,52890.2,29.52,False,0.0,1,실측(원자료 기반)
2021,울산광역시,울주군,20113,53938,75702.4,0.2657,-32.54,6,0.208,SGIS실제인접,15613.8,52890.2,29.52,False,120.48,1,실측(원자료 기반)
2022,울산광역시,울주군,20551,20113,75702.4,0.2715,-26.09,7,0.4222,centroid근접(대체),15613.8,52890.2,29.52,False,36.49,1,실측(원자료 기반)
2023,울산광역시,울주군,109135,20551,75702.4,1.4416,123.5,8,0.7957,SGIS실제인접,15613.8,52890.2,29.52,False,0.0,1,추정(시군구 평균비중 x 국가총량)
2024,울산광역시,울주군,92043,109135,75702.4,1.2158,139.19,9,0.671,SGIS실제인접,15613.8,52890.2,29.52,False,0.0,1,추정(시군구 평균비중 x 국가총량)
2025,울산광역시,울주군,152173,92043,75702.4,2.0102,160.24,10,1.1094,SGIS실제인접,15613.8,52890.2,29.52,False,0.0,1,추정(시군구 평균비중 x 국가총량)
2016,울산광역시,중구,11269,16023,3694.6,3.0501,,1,1.6787,SGIS실제인접,847.2,1429.5,59.27,False,11.27,1,추정(시군구 평균비중 x 국가총량)
2017,울산광역시,중구,10290,11269,3694.6,2.7852,,2,0.9235,SGIS실제인접,847.2,1429.5,59.27,False,347.5,1,실측(원자료 기반)
2018,울산광역시,중구,6484,10290,3694.6,1.755,,3,0.9642,SGIS실제인접,847.2,1429.5,59.27,False,347.5,1,실측(원자료 기반)
2019,울산광역시,중구,3778,6484,3694.6,1.0226,-29.14,4,0.7841,SGIS실제인접,847.2,1429.5,59.27,False,11.27,1,실측(원자료 기반)
2020,울산광역시,중구,2839,3778,3694.6,0.7684,-34.53,5,0.5917,SGIS실제인접,847.2,1429.5,59.27,False,11.27,1,실측(원자료 기반)
2021,울산광역시,중구,2306,2839,3694.6,0.6242,-28.45,6,0.2748,SGIS실제인접,847.2,1429.5,59.27,False,121.65,1,실측(원자료 기반)
2022,울산광역시,중구,2182,2306,3694.6,0.5906,-16.34,7,0.3158,centroid근접(대체),847.2,1429.5,59.27,False,47.71,1,실측(원자료 기반)
2023,울산광역시,중구,8513,2182,3694.6,2.3042,88.67,8,1.2682,SGIS실제인접,847.2,1429.5,59.27,False,11.27,1,추정(시군구 평균비중 x 국가총량)
2024,울산광역시,중구,7180,8513,3694.6,1.9433,89.7,9,1.0696,SGIS실제인접,847.2,1429.5,59.27,False,11.27,1,추정(시군구 평균비중 x 국가총량)
2025,울산광역시,중구,11870,7180,3694.6,3.2129,113.27,10,1.7683,SGIS실제인접,847.2,1429.5,59.27,False,11.27,1,추정(시군구 평균비중 x 국가총량)
2016,인천광역시,강화군,0,0,41297.1,0.0,,0,0.0,centroid근접(대체),0.0,0.0,0.0,False,346.08,0,추정(시군구 평균비중 x 국가총량)
2017,인천광역시,강화군,0,0,41297.1,0.0,,0,0.0,centroid근접(대체),0.0,0.0,0.0,False,473.69,0,실측(원자료 기반)
2018,인천광역시,강화군,0,0,41297.1,0.0,,0,0.0,centroid근접(대체),0.0,0.0,0.0,False,473.69,0,실측(원자료 기반)
2019,인천광역시,강화군,0,0,41297.1,0.0,,0,0.0,centroid근접(대체),0.0,0.0,0.0,False,346.08,0,실측(원자료 기반)
2020,인천광역시,강화군,0,0,41297.1,0.0,,0,0.0,centroid근접(대체),0.0,0.0,0.0,False,346.08,0,실측(원자료 기반)
2021,인천광역시,강화군,0,0,41297.1,0.0,,0,0.0,centroid근접(대체),0.0,0.0,0.0,False,245.69,0,실측(원자료 기반)
2022,인천광역시,강화군,0,0,41297.1,0.0,,0,0.0,centroid근접(대체),0.0,0.0,0.0,False,325.41,0,실측(원자료 기반)
2023,인천광역시,강화군,0,0,41297.1,0.0,,0,0.0,centroid근접(대체),0.0,0.0,0.0,False,346.08,0,추정(시군구 평균비중 x 국가총량)
2024,인천광역시,강화군,0,0,41297.1,0.0,,0,0.0,centroid근접(대체),0.0,0.0,0.0,False,346.08,0,추정(시군구 평균비중 x 국가총량)
2025,인천광역시,강화군,0,0,41297.1,0.0,,0,0.0,centroid근접(대체),0.0,0.0,0.0,False,346.08,0,추정(시군구 평균비중 x 국가총량)
2016,인천광역시,계양구,0,0,4550.2,0.0,,0,0.0,SGIS실제인접,0.0,0.0,0.0,True,313.01,0,추정(시군구 평균비중 x 국가총량)
2017,인천광역시,계양구,0,0,4550.2,0.0,,0,0.0,SGIS실제인접,0.0,0.0,0.0,True,456.7,0,실측(원자료 기반)
2018,인천광역시,계양구,0,0,4550.2,0.0,,0,0.0,SGIS실제인접,0.0,0.0,0.0,True,456.7,0,실측(원자료 기반)
2019,인천광역시,계양구,0,0,4550.2,0.0,,0,0.0,SGIS실제인접,0.0,0.0,0.0,True,313.01,0,실측(원자료 기반)
2020,인천광역시,계양구,0,0,4550.2,0.0,,0,0.0,SGIS실제인접,0.0,0.0,0.0,True,313.01,0,실측(원자료 기반)
2021,인천광역시,계양구,0,0,4550.2,0.0,,0,0.0,SGIS실제인접,0.0,0.0,0.0,True,211.68,0,실측(원자료 기반)
2022,인천광역시,계양구,0,0,4550.2,0.0,,0,0.0,centroid근접(대체),0.0,0.0,0.0,True,293.24,0,실측(원자료 기반)
2023,인천광역시,계양구,0,0,4550.2,0.0,,0,0.0,SGIS실제인접,0.0,0.0,0.0,True,313.01,0,추정(시군구 평균비중 x 국가총량)
2024,인천광역시,계양구,0,0,4550.2,0.0,,0,0.0,SGIS실제인접,0.0,0.0,0.0,True,313.01,0,추정(시군구 평균비중 x 국가총량)
2025,인천광역시,계양구,0,0,4550.2,0.0,,0,0.0,SGIS실제인접,0.0,0.0,0.0,True,313.01,0,추정(시군구 평균비중 x 국가총량)
2016,인천광역시,남동구,0,0,5756.5,0.0,,0,0.0,SGIS실제인접,0.0,0.0,0.0,True,303.84,0,추정(시군구 평균비중 x 국가총량)
2017,인천광역시,남동구,0,0,5756.5,0.0,,0,0.0,SGIS실제인접,0.0,0.0,0.0,True,442.66,0,실측(원자료 기반)
2018,인천광역시,남동구,0,0,5756.5,0.0,,0,0.0,SGIS실제인접,0.0,0.0,0.0,True,442.66,0,실측(원자료 기반)
2019,인천광역시,남동구,0,0,5756.5,0.0,,0,0.0,SGIS실제인접,0.0,0.0,0.0,True,303.84,0,실측(원자료 기반)
2020,인천광역시,남동구,0,0,5756.5,0.0,,0,0.0,SGIS실제인접,0.0,0.0,0.0,True,303.84,0,실측(원자료 기반)
2021,인천광역시,남동구,0,0,5756.5,0.0,,0,0.0,SGIS실제인접,0.0,0.0,0.0,True,205.64,0,실측(원자료 기반)
2022,인천광역시,남동구,0,0,5756.5,0.0,,0,0.0,centroid근접(대체),0.0,0.0,0.0,True,283.04,0,실측(원자료 기반)
2023,인천광역시,남동구,0,0,5756.5,0.0,,0,0.0,SGIS실제인접,0.0,0.0,0.0,True,303.84,0,추정(시군구 평균비중 x 국가총량)
2024,인천광역시,남동구,0,0,5756.5,0.0,,0,0.0,SGIS실제인접,0.0,0.0,0.0,True,303.84,0,추정(시군구 평균비중 x 국가총량)
2025,인천광역시,남동구,0,0,5756.5,0.0,,0,0.0,SGIS실제인접,0.0,0.0,0.0,True,303.84,0,추정(시군구 평균비중 x 국가총량)
2016,인천광역시,동구,0,0,714.2,0.0,,0,0.0,SGIS실제인접,0.0,0.0,0.0,True,313.44,0,추정(시군구 평균비중 x 국가총량)
2017,인천광역시,동구,0,0,714.2,0.0,,0,0.0,SGIS실제인접,0.0,0.0,0.0,True,448.22,0,실측(원자료 기반)
2018,인천광역시,동구,0,0,714.2,0.0,,0,0.0,SGIS실제인접,0.0,0.0,0.0,True,448.22,0,실측(원자료 기반)
2019,인천광역시,동구,0,0,714.2,0.0,,0,0.0,SGIS실제인접,0.0,0.0,0.0,True,313.44,0,실측(원자료 기반)
2020,인천광역시,동구,0,0,714.2,0.0,,0,0.0,SGIS실제인접,0.0,0.0,0.0,True,313.44,0,실측(원자료 기반)
2021,인천광역시,동구,0,0,714.2,0.0,,0,0.0,SGIS실제인접,0.0,0.0,0.0,True,215.14,0,실측(원자료 기반)
2022,인천광역시,동구,0,0,714.2,0.0,,0,0.0,centroid근접(대체),0.0,0.0,0.0,True,292.5,0,실측(원자료 기반)
2023,인천광역시,동구,0,0,714.2,0.0,,0,0.0,SGIS실제인접,0.0,0.0,0.0,True,313.44,0,추정(시군구 평균비중 x 국가총량)
2024,인천광역시,동구,0,0,714.2,0.0,,0,0.0,SGIS실제인접,0.0,0.0,0.0,True,313.44,0,추정(시군구 평균비중 x 국가총량)
2025,인천광역시,동구,0,0,714.2,0.0,,0,0.0,SGIS실제인접,0.0,0.0,0.0,True,313.44,0,추정(시군구 평균비중 x 국가총량)
2016,인천광역시,미추홀구,0,0,2493.8,0.0,,0,0.0,centroid근접(대체),0.0,0.0,0.0,True,309.5,0,추정(시군구 평균비중 x 국가총량)
2017,인천광역시,미추홀구,0,0,2493.8,0.0,,0,0.0,centroid근접(대체),0.0,0.0,0.0,True,444.87,0,실측(원자료 기반)
2018,인천광역시,미추홀구,0,0,2493.8,0.0,,0,0.0,SGIS실제인접,0.0,0.0,0.0,True,444.87,0,실측(원자료 기반)
2019,인천광역시,미추홀구,0,0,2493.8,0.0,,0,0.0,SGIS실제인접,0.0,0.0,0.0,True,309.5,0,실측(원자료 기반)
2020,인천광역시,미추홀구,0,0,2493.8,0.0,,0,0.0,SGIS실제인접,0.0,0.0,0.0,True,309.5,0,실측(원자료 기반)
2021,인천광역시,미추홀구,0,0,2493.8,0.0,,0,0.0,SGIS실제인접,0.0,0.0,0.0,True,211.61,0,실측(원자료 기반)
2022,인천광역시,미추홀구,0,0,2493.8,0.0,,0,0.0,centroid근접(대체),0.0,0.0,0.0,True,288.48,0,실측(원자료 기반)
2023,인천광역시,미추홀구,0,0,2493.8,0.0,,0,0.0,SGIS실제인접,0.0,0.0,0.0,True,309.5,0,추정(시군구 평균비중 x 국가총량)
2024,인천광역시,미추홀구,0,0,2493.8,0.0,,0,0.0,SGIS실제인접,0.0,0.0,0.0,True,309.5,0,추정(시군구 평균비중 x 국가총량)
2025,인천광역시,미추홀구,0,0,2493.8,0.0,,0,0.0,SGIS실제인접,0.0,0.0,0.0,True,309.5,0,추정(시군구 평균비중 x 국가총량)
2016,인천광역시,부평구,0,0,3209.2,0.0,,0,0.0,SGIS실제인접,4877.8,31151.3,15.66,False,309.17,0,추정(시군구 평균비중 x 국가총량)
2017,인천광역시,부평구,0,0,3209.2,0.0,,0,0.0,SGIS실제인접,4877.8,31151.3,15.66,False,449.93,0,실측(원자료 기반)
2018,인천광역시,부평구,0,0,3209.2,0.0,,0,0.0,SGIS실제인접,4877.8,31151.3,15.66,False,449.93,0,실측(원자료 기반)
2019,인천광역시,부평구,0,0,3209.2,0.0,,0,0.0,SGIS실제인접,4877.8,31151.3,15.66,False,309.17,0,실측(원자료 기반)
2020,인천광역시,부평구,0,0,3209.2,0.0,,0,0.0,SGIS실제인접,4877.8,31151.3,15.66,False,309.17,0,실측(원자료 기반)
2021,인천광역시,부평구,0,0,3209.2,0.0,,0,0.0,SGIS실제인접,4877.8,31151.3,15.66,False,209.43,0,실측(원자료 기반)
2022,인천광역시,부평구,0,0,3209.2,0.0,,0,0.0,centroid근접(대체),4877.8,31151.3,15.66,False,288.85,0,실측(원자료 기반)
2023,인천광역시,부평구,0,0,3209.2,0.0,,0,0.0,SGIS실제인접,4877.8,31151.3,15.66,False,309.17,0,추정(시군구 평균비중 x 국가총량)
2024,인천광역시,부평구,0,0,3209.2,0.0,,0,0.0,SGIS실제인접,4877.8,31151.3,15.66,False,309.17,0,추정(시군구 평균비중 x 국가총량)
2025,인천광역시,부평구,0,0,3209.2,0.0,,0,0.0,SGIS실제인접,4877.8,31151.3,15.66,False,309.17,0,추정(시군구 평균비중 x 국가총량)
2016,인천광역시,서구,0,0,13256.1,0.0,,0,0.0,SGIS실제인접,0.0,0.0,0.0,True,318.43,0,추정(시군구 평균비중 x 국가총량)
2017,인천광역시,서구,0,0,13256.1,0.0,,0,0.0,SGIS실제인접,0.0,0.0,0.0,True,456.72,0,실측(원자료 기반)
2018,인천광역시,서구,0,0,13256.1,0.0,,0,0.0,SGIS실제인접,0.0,0.0,0.0,True,456.72,0,실측(원자료 기반)
2019,인천광역시,서구,0,0,13256.1,0.0,,0,0.0,SGIS실제인접,0.0,0.0,0.0,True,318.43,0,실측(원자료 기반)
2020,인천광역시,서구,0,0,13256.1,0.0,,0,0.0,SGIS실제인접,0.0,0.0,0.0,True,318.43,0,실측(원자료 기반)
2021,인천광역시,서구,0,0,13256.1,0.0,,0,0.0,SGIS실제인접,0.0,0.0,0.0,True,218.17,0,실측(원자료 기반)
2022,인천광역시,서구,0,0,13256.1,0.0,,0,0.0,centroid근접(대체),0.0,0.0,0.0,True,298.15,0,실측(원자료 기반)
2023,인천광역시,서구,0,0,13256.1,0.0,,0,0.0,SGIS실제인접,0.0,0.0,0.0,True,318.43,0,추정(시군구 평균비중 x 국가총량)
2024,인천광역시,서구,0,0,13256.1,0.0,,0,0.0,SGIS실제인접,0.0,0.0,0.0,True,318.43,0,추정(시군구 평균비중 x 국가총량)
2025,인천광역시,서구,0,0,13256.1,0.0,,0,0.0,SGIS실제인접,0.0,0.0,0.0,True,318.43,0,추정(시군구 평균비중 x 국가총량)
2016,인천광역시,연수구,0,0,6314.8,0.0,,0,0.0,SGIS실제인접,0.0,0.0,0.0,True,306.03,0,추정(시군구 평균비중 x 국가총량)
2017,인천광역시,연수구,0,0,6314.8,0.0,,0,0.0,SGIS실제인접,0.0,0.0,0.0,True,438.06,0,실측(원자료 기반)
2018,인천광역시,연수구,0,0,6314.8,0.0,,0,0.0,SGIS실제인접,0.0,0.0,0.0,True,438.06,0,실측(원자료 기반)
2019,인천광역시,연수구,0,0,6314.8,0.0,,0,0.0,SGIS실제인접,0.0,0.0,0.0,True,306.03,0,실측(원자료 기반)
2020,인천광역시,연수구,0,0,6314.8,0.0,,0,0.0,SGIS실제인접,0.0,0.0,0.0,True,306.03,0,실측(원자료 기반)
2021,인천광역시,연수구,0,0,6314.8,0.0,,0,0.0,SGIS실제인접,0.0,0.0,0.0,True,209.94,0,실측(원자료 기반)
2022,인천광역시,연수구,0,0,6314.8,0.0,,0,0.0,centroid근접(대체),0.0,0.0,0.0,True,284.42,0,실측(원자료 기반)
2023,인천광역시,연수구,0,0,6314.8,0.0,,0,0.0,SGIS실제인접,0.0,0.0,0.0,True,306.03,0,추정(시군구 평균비중 x 국가총량)
2024,인천광역시,연수구,0,0,6314.8,0.0,,0,0.0,SGIS실제인접,0.0,0.0,0.0,True,306.03,0,추정(시군구 평균비중 x 국가총량)
2025,인천광역시,연수구,0,0,6314.8,0.0,,0,0.0,SGIS실제인접,0.0,0.0,0.0,True,306.03,0,추정(시군구 평균비중 x 국가총량)
2016,인천광역시,옹진군,0,0,18523.9,0.0,,0,0.0,centroid근접(대체),0.0,0.0,0.0,False,383.3,0,추정(시군구 평균비중 x 국가총량)
2017,인천광역시,옹진군,0,0,18523.9,0.0,,0,0.0,centroid근접(대체),0.0,0.0,0.0,False,459.15,0,실측(원자료 기반)
2018,인천광역시,옹진군,0,0,18523.9,0.0,,0,0.0,centroid근접(대체),0.0,0.0,0.0,False,459.15,0,실측(원자료 기반)
2019,인천광역시,옹진군,0,0,18523.9,0.0,,0,0.0,centroid근접(대체),0.0,0.0,0.0,False,383.3,0,실측(원자료 기반)
2020,인천광역시,옹진군,0,0,18523.9,0.0,,0,0.0,centroid근접(대체),0.0,0.0,0.0,False,383.3,0,실측(원자료 기반)
2021,인천광역시,옹진군,0,0,18523.9,0.0,,0,0.0,centroid근접(대체),0.0,0.0,0.0,False,295.17,0,실측(원자료 기반)
2022,인천광역시,옹진군,0,0,18523.9,0.0,,0,0.0,centroid근접(대체),0.0,0.0,0.0,False,358.0,0,실측(원자료 기반)
2023,인천광역시,옹진군,0,0,18523.9,0.0,,0,0.0,centroid근접(대체),0.0,0.0,0.0,False,383.3,0,추정(시군구 평균비중 x 국가총량)
2024,인천광역시,옹진군,0,0,18523.9,0.0,,0,0.0,centroid근접(대체),0.0,0.0,0.0,False,383.3,0,추정(시군구 평균비중 x 국가총량)
2025,인천광역시,옹진군,0,0,18523.9,0.0,,0,0.0,centroid근접(대체),0.0,0.0,0.0,False,383.3,0,추정(시군구 평균비중 x 국가총량)
2016,인천광역시,중구,0,0,14842.0,0.0,,0,0.0,SGIS실제인접,0.0,0.0,0.0,True,322.78,0,추정(시군구 평균비중 x 국가총량)
2017,인천광역시,중구,0,0,14842.0,0.0,,0,0.0,SGIS실제인접,0.0,0.0,0.0,True,446.72,0,실측(원자료 기반)
2018,인천광역시,중구,0,0,14842.0,0.0,,0,0.0,SGIS실제인접,0.0,0.0,0.0,True,446.72,0,실측(원자료 기반)
2019,인천광역시,중구,0,0,14842.0,0.0,,0,0.0,SGIS실제인접,0.0,0.0,0.0,True,322.78,0,실측(원자료 기반)
2020,인천광역시,중구,0,0,14842.0,0.0,,0,0.0,SGIS실제인접,0.0,0.0,0.0,True,322.78,0,실측(원자료 기반)
2021,인천광역시,중구,0,0,14842.0,0.0,,0,0.0,SGIS실제인접,0.0,0.0,0.0,True,226.85,0,실측(원자료 기반)
2022,인천광역시,중구,0,0,14842.0,0.0,,0,0.0,centroid근접(대체),0.0,0.0,0.0,True,300.82,0,실측(원자료 기반)
2023,인천광역시,중구,0,0,14842.0,0.0,,0,0.0,SGIS실제인접,0.0,0.0,0.0,True,322.78,0,추정(시군구 평균비중 x 국가총량)
2024,인천광역시,중구,0,0,14842.0,0.0,,0,0.0,SGIS실제인접,0.0,0.0,0.0,True,322.78,0,추정(시군구 평균비중 x 국가총량)
2025,인천광역시,중구,0,0,14842.0,0.0,,0,0.0,SGIS실제인접,0.0,0.0,0.0,True,322.78,0,추정(시군구 평균비중 x 국가총량)
2016,전라남도,강진군,0,0,50144.6,0.0,,0,0.0,SGIS실제인접,5689.8,18681.3,30.46,False,242.97,0,추정(시군구 평균비중 x 국가총량)
2017,전라남도,강진군,0,0,50144.6,0.0,,0,0.0,SGIS실제인접,5689.8,18681.3,30.46,False,132.43,0,실측(원자료 기반)
2018,전라남도,강진군,0,0,50144.6,0.0,,0,0.0,SGIS실제인접,5689.8,18681.3,30.46,False,132.43,0,실측(원자료 기반)
2019,전라남도,강진군,0,0,50144.6,0.0,,0,0.0,SGIS실제인접,5689.8,18681.3,30.46,False,242.97,0,실측(원자료 기반)
2020,전라남도,강진군,0,0,50144.6,0.0,,0,0.0,SGIS실제인접,5689.8,18681.3,30.46,False,242.97,0,실측(원자료 기반)
2021,전라남도,강진군,0,0,50144.6,0.0,,0,0.0,SGIS실제인접,5689.8,18681.3,30.46,False,283.43,0,실측(원자료 기반)
2022,전라남도,강진군,0,0,50144.6,0.0,,0,0.0,centroid근접(대체),5689.8,18681.3,30.46,False,208.16,0,실측(원자료 기반)
2023,전라남도,강진군,0,0,50144.6,0.0,,0,0.0,SGIS실제인접,5689.8,18681.3,30.46,False,242.97,0,추정(시군구 평균비중 x 국가총량)
2024,전라남도,강진군,0,0,50144.6,0.0,,0,0.0,SGIS실제인접,5689.8,18681.3,30.46,False,242.97,0,추정(시군구 평균비중 x 국가총량)
2025,전라남도,강진군,0,0,50144.6,0.0,,0,0.0,SGIS실제인접,5689.8,18681.3,30.46,False,242.97,0,추정(시군구 평균비중 x 국가총량)
2016,전라남도,고흥군,11,15,81479.2,0.0001,,1,0.0004,SGIS실제인접,15949.6,52367.5,30.46,False,200.54,0,추정(시군구 평균비중 x 국가총량)
2017,전라남도,고흥군,14,11,81479.2,0.0002,,2,0.0002,SGIS실제인접,15949.6,52367.5,30.46,False,147.18,0,실측(원자료 기반)
2018,전라남도,고흥군,0,14,81479.2,0.0,,0,0.0001,SGIS실제인접,15949.6,52367.5,30.46,False,147.18,0,실측(원자료 기반)
2019,전라남도,고흥군,1,0,81479.2,0.0,-34.55,1,0.0003,SGIS실제인접,15949.6,52367.5,30.46,False,200.54,0,실측(원자료 기반)
2020,전라남도,고흥군,0,1,81479.2,0.0,-100.0,0,0.0001,SGIS실제인접,15949.6,52367.5,30.46,False,200.54,0,실측(원자료 기반)
2021,전라남도,고흥군,0,0,81479.2,0.0,-100.0,0,0.0,SGIS실제인접,15949.6,52367.5,30.46,False,256.8,0,실측(원자료 기반)
2022,전라남도,고흥군,11,0,81479.2,0.0001,-100.0,1,0.0851,centroid근접(대체),15949.6,52367.5,30.46,False,167.52,0,실측(원자료 기반)
2023,전라남도,고흥군,8,11,81479.2,0.0001,-26.55,2,0.0003,SGIS실제인접,15949.6,52367.5,30.46,False,200.54,0,추정(시군구 평균비중 x 국가총량)
2024,전라남도,고흥군,7,8,81479.2,0.0001,-21.11,3,0.0002,SGIS실제인접,15949.6,52367.5,30.46,False,200.54,0,추정(시군구 평균비중 x 국가총량)
2025,전라남도,고흥군,11,7,81479.2,0.0001,7.71,4,0.0004,SGIS실제인접,15949.6,52367.5,30.46,False,200.54,0,추정(시군구 평균비중 x 국가총량)
2016,전라남도,곡성군,1,2,54789.7,0.0,,1,0.0324,SGIS실제인접,15924.6,52285.4,30.46,False,178.56,0,추정(시군구 평균비중 x 국가총량)
2017,전라남도,곡성군,1,1,54789.7,0.0,,2,0.0033,SGIS실제인접,15924.6,52285.4,30.46,False,207.94,0,실측(원자료 기반)
2018,전라남도,곡성군,1,1,54789.7,0.0,,3,0.005,SGIS실제인접,15924.6,52285.4,30.46,False,207.94,0,실측(원자료 기반)
2019,전라남도,곡성군,0,1,54789.7,0.0,-41.96,0,0.0045,SGIS실제인접,15924.6,52285.4,30.46,False,178.56,0,실측(원자료 기반)
2020,전라남도,곡성군,0,0,54789.7,0.0,-50.0,0,0.0084,SGIS실제인접,15924.6,52285.4,30.46,False,178.56,0,실측(원자료 기반)
2021,전라남도,곡성군,1,0,54789.7,0.0,-100.0,1,0.0162,SGIS실제인접,15924.6,52285.4,30.46,False,203.97,0,실측(원자료 기반)
2022,전라남도,곡성군,0,1,54789.7,0.0,-100.0,0,0.0309,centroid근접(대체),15924.6,52285.4,30.46,False,142.13,0,실측(원자료 기반)
2023,전라남도,곡성군,1,0,54789.7,0.0,-100.0,1,0.0244,SGIS실제인접,15924.6,52285.4,30.46,False,178.56,0,추정(시군구 평균비중 x 국가총량)
2024,전라남도,곡성군,1,1,54789.7,0.0,-57.83,2,0.0206,SGIS실제인접,15924.6,52285.4,30.46,False,178.56,0,추정(시군구 평균비중 x 국가총량)
2025,전라남도,곡성군,1,1,54789.7,0.0,24.83,3,0.0341,SGIS실제인접,15924.6,52285.4,30.46,False,178.56,0,추정(시군구 평균비중 x 국가총량)
2016,전라남도,광양시,8987,12778,47048.7,0.191,,1,0.2399,SGIS실제인접,6800.7,22328.7,30.46,False,151.07,1,추정(시군구 평균비중 x 국가총량)
2017,전라남도,광양시,984,8987,47048.7,0.0209,,2,0.029,SGIS실제인접,6800.7,22328.7,30.46,False,203.23,1,실측(원자료 기반)
2018,전라남도,광양시,1834,984,47048.7,0.039,,3,0.0438,SGIS실제인접,6800.7,22328.7,30.46,False,203.23,1,실측(원자료 기반)
2019,전라남도,광양시,2111,1834,47048.7,0.0449,4.15,4,0.0389,SGIS실제인접,6800.7,22328.7,30.46,False,151.07,1,실측(원자료 기반)
2020,전라남도,광양시,3522,2111,47048.7,0.0749,56.11,5,0.0649,SGIS실제인접,6800.7,22328.7,30.46,False,151.07,1,실측(원자료 기반)
2021,전라남도,광양시,4048,3522,47048.7,0.086,32.29,6,0.1143,SGIS실제인접,6800.7,22328.7,30.46,False,200.76,1,실측(원자료 기반)
2022,전라남도,광양시,3134,4048,47048.7,0.0666,19.73,7,0.0724,centroid근접(대체),6800.7,22328.7,30.46,False,116.03,1,실측(원자료 기반)
2023,전라남도,광양시,6789,3134,47048.7,0.1443,36.32,8,0.1812,SGIS실제인접,6800.7,22328.7,30.46,False,151.07,1,추정(시군구 평균비중 x 국가총량)
2024,전라남도,광양시,5726,6789,47048.7,0.1217,26.13,9,0.1528,SGIS실제인접,6800.7,22328.7,30.46,False,151.07,1,추정(시군구 평균비중 x 국가총량)
2025,전라남도,광양시,9466,5726,47048.7,0.2012,55.43,10,0.2527,SGIS실제인접,6800.7,22328.7,30.46,False,151.07,1,추정(시군구 평균비중 x 국가총량)
2016,전라남도,구례군,126,179,43926.4,0.0029,,1,0.1454,SGIS실제인접,10088.7,33124.3,30.46,False,156.8,0,추정(시군구 평균비중 x 국가총량)
2017,전라남도,구례군,0,126,43926.4,0.0,,0,0.0226,SGIS실제인접,10088.7,33124.3,30.46,False,218.13,0,실측(원자료 기반)
2018,전라남도,구례군,0,0,43926.4,0.0,,0,0.0397,SGIS실제인접,10088.7,33124.3,30.46,False,218.13,0,실측(원자료 기반)
2019,전라남도,구례군,32,0,43926.4,0.0007,-100.0,1,0.033,SGIS실제인접,10088.7,33124.3,30.46,False,156.8,0,실측(원자료 기반)
2020,전라남도,구례군,49,32,43926.4,0.0011,53.12,2,0.0523,SGIS실제인접,10088.7,33124.3,30.46,False,156.8,0,실측(원자료 기반)
2021,전라남도,구례군,45,49,43926.4,0.001,22.48,3,0.0586,SGIS실제인접,10088.7,33124.3,30.46,False,188.36,0,실측(원자료 기반)
2022,전라남도,구례군,76,45,43926.4,0.0017,37.95,4,0.0416,centroid근접(대체),10088.7,33124.3,30.46,False,120.42,0,실측(원자료 기반)
2023,전라남도,구례군,95,76,43926.4,0.0022,28.61,5,0.1098,SGIS실제인접,10088.7,33124.3,30.46,False,156.8,0,추정(시군구 평균비중 x 국가총량)
2024,전라남도,구례군,80,95,43926.4,0.0018,26.11,6,0.0926,SGIS실제인접,10088.7,33124.3,30.46,False,156.8,0,추정(시군구 평균비중 x 국가총량)
2025,전라남도,구례군,133,80,43926.4,0.003,24.92,7,0.1532,SGIS실제인접,10088.7,33124.3,30.46,False,156.8,0,추정(시군구 평균비중 x 국가총량)
2016,전라남도,나주시,2597,3693,60539.0,0.0429,,1,0.0056,SGIS실제인접,6422.1,21085.6,30.46,False,232.78,0,추정(시군구 평균비중 x 국가총량)
2017,전라남도,나주시,10907,2597,60539.0,0.1802,,2,0.0002,SGIS실제인접,6422.1,21085.6,30.46,False,172.28,0,실측(원자료 기반)
2018,전라남도,나주시,0,10907,60539.0,0.0,,0,0.0,SGIS실제인접,6422.1,21085.6,30.46,False,172.28,0,실측(원자료 기반)
2019,전라남도,나주시,0,0,60539.0,0.0,110.0,0,0.0,SGIS실제인접,6422.1,21085.6,30.46,False,232.78,0,실측(원자료 기반)
2020,전라남도,나주시,0,0,60539.0,0.0,-100.0,0,0.0005,SGIS실제인접,6422.1,21085.6,30.46,False,232.78,0,실측(원자료 기반)
2021,전라남도,나주시,0,0,60539.0,0.0,,0,0.0021,SGIS실제인접,6422.1,21085.6,30.46,False,256.53,0,실측(원자료 기반)
2022,전라남도,나주시,6,0,60539.0,0.0001,,1,0.0116,centroid근접(대체),6422.1,21085.6,30.46,False,196.57,0,실측(원자료 기반)
2023,전라남도,나주시,1962,6,60539.0,0.0324,32597.16,2,0.0042,SGIS실제인접,6422.1,21085.6,30.46,False,232.78,0,추정(시군구 평균비중 x 국가총량)
2024,전라남도,나주시,1655,1962,60539.0,0.0273,16290.75,3,0.0036,SGIS실제인접,6422.1,21085.6,30.46,False,232.78,0,추정(시군구 평균비중 x 국가총량)
2025,전라남도,나주시,2735,1655,60539.0,0.0452,10882.28,4,0.0059,SGIS실제인접,6422.1,21085.6,30.46,False,232.78,0,추정(시군구 평균비중 x 국가총량)
2016,전라남도,담양군,55,78,45317.7,0.0012,,1,0.004,SGIS실제인접,7946.8,26091.7,30.46,False,201.05,0,추정(시군구 평균비중 x 국가총량)
2017,전라남도,담양군,0,55,45317.7,0.0,,0,0.0004,SGIS실제인접,7946.8,26091.7,30.46,False,209.4,0,실측(원자료 기반)
2018,전라남도,담양군,0,0,45317.7,0.0,,0,0.0022,SGIS실제인접,7946.8,26091.7,30.46,False,209.4,0,실측(원자료 기반)
2019,전라남도,담양군,70,0,45317.7,0.0015,-100.0,1,0.0008,SGIS실제인접,7946.8,26091.7,30.46,False,201.05,0,실측(원자료 기반)
2020,전라남도,담양군,15,70,45317.7,0.0003,-78.57,2,0.0005,SGIS실제인접,7946.8,26091.7,30.46,False,201.05,0,실측(원자료 기반)
2021,전라남도,담양군,5,15,45317.7,0.0001,-72.62,3,0.0005,SGIS실제인접,7946.8,26091.7,30.46,False,215.29,0,실측(원자료 기반)
2022,전라남도,담양군,14,5,45317.7,0.0003,11.59,4,0.0023,centroid근접(대체),7946.8,26091.7,30.46,False,164.56,0,실측(원자료 기반)
2023,전라남도,담양군,41,14,45317.7,0.0009,103.14,5,0.003,SGIS실제인접,7946.8,26091.7,30.46,False,201.05,0,추정(시군구 평균비중 x 국가총량)
2024,전라남도,담양군,35,41,45317.7,0.0008,120.14,6,0.0026,SGIS실제인접,7946.8,26091.7,30.46,False,201.05,0,추정(시군구 평균비중 x 국가총량)
2025,전라남도,담양군,58,35,45317.7,0.0013,81.91,7,0.0042,SGIS실제인접,7946.8,26091.7,30.46,False,201.05,0,추정(시군구 평균비중 x 국가총량)
2016,전라남도,목포시,14,20,5405.7,0.0026,,1,0.0001,SGIS실제인접,535.4,1757.8,30.46,False,267.76,0,추정(시군구 평균비중 x 국가총량)
2017,전라남도,목포시,59,14,5405.7,0.0109,,2,0.0,SGIS실제인접,535.4,1757.8,30.46,False,151.3,0,실측(원자료 기반)
2018,전라남도,목포시,0,59,5405.7,0.0,,0,0.0,SGIS실제인접,535.4,1757.8,30.46,False,151.3,0,실측(원자료 기반)
2019,전라남도,목포시,0,0,5405.7,0.0,110.3,0,0.0001,SGIS실제인접,535.4,1757.8,30.46,False,267.76,0,실측(원자료 기반)
2020,전라남도,목포시,0,0,5405.7,0.0,-100.0,0,0.0001,SGIS실제인접,535.4,1757.8,30.46,False,267.76,0,실측(원자료 기반)
2021,전라남도,목포시,0,0,5405.7,0.0,,0,0.0,SGIS실제인접,535.4,1757.8,30.46,False,292.61,0,실측(원자료 기반)
2022,전라남도,목포시,0,0,5405.7,0.0,,0,0.0,centroid근접(대체),535.4,1757.8,30.46,False,231.78,0,실측(원자료 기반)
2023,전라남도,목포시,11,0,5405.7,0.002,,1,0.0001,SGIS실제인접,535.4,1757.8,30.46,False,267.76,0,추정(시군구 평균비중 x 국가총량)
2024,전라남도,목포시,9,11,5405.7,0.0017,-15.66,2,0.0001,SGIS실제인접,535.4,1757.8,30.46,False,267.76,0,추정(시군구 평균비중 x 국가총량)
2025,전라남도,목포시,15,9,5405.7,0.0027,24.83,3,0.0001,SGIS실제인접,535.4,1757.8,30.46,False,267.76,0,추정(시군구 평균비중 x 국가총량)
2016,전라남도,무안군,11,15,45666.7,0.0002,,1,0.0091,SGIS실제인접,5104.0,16757.9,30.46,False,259.77,0,추정(시군구 평균비중 x 국가총량)
2017,전라남도,무안군,1,11,45666.7,0.0,,2,0.0383,SGIS실제인접,5104.0,16757.9,30.46,False,167.81,0,실측(원자료 기반)
2018,전라남도,무안군,1,1,45666.7,0.0,,3,0.0001,SGIS실제인접,5104.0,16757.9,30.46,False,167.81,0,실측(원자료 기반)
2019,전라남도,무안군,5,1,45666.7,0.0001,103.1,4,0.0,SGIS실제인접,5104.0,16757.9,30.46,False,259.77,0,실측(원자료 기반)
2020,전라남도,무안군,11,5,45666.7,0.0002,173.33,5,0.0,SGIS실제인접,5104.0,16757.9,30.46,False,259.77,0,실측(원자료 기반)
2021,전라남도,무안군,1,11,45666.7,0.0,143.03,6,0.0,SGIS실제인접,5104.0,16757.9,30.46,False,279.01,0,실측(원자료 기반)
2022,전라남도,무안군,1,1,45666.7,0.0,9.7,7,0.0,centroid근접(대체),5104.0,16757.9,30.46,False,223.49,0,실측(원자료 기반)
2023,전라남도,무안군,8,1,45666.7,0.0002,207.02,8,0.0069,SGIS실제인접,5104.0,16757.9,30.46,False,259.77,0,추정(시군구 평균비중 x 국가총량)
2024,전라남도,무안군,7,8,45666.7,0.0001,232.1,9,0.0058,SGIS실제인접,5104.0,16757.9,30.46,False,259.77,0,추정(시군구 평균비중 x 국가총량)
2025,전라남도,무안군,11,7,45666.7,0.0002,253.88,10,0.0096,SGIS실제인접,5104.0,16757.9,30.46,False,259.77,0,추정(시군구 평균비중 x 국가총량)
2016,전라남도,보성군,24,34,66584.7,0.0004,,1,0.0441,SGIS실제인접,10164.7,33373.8,30.46,False,201.48,0,추정(시군구 평균비중 x 국가총량)
2017,전라남도,보성군,14,24,66584.7,0.0002,,2,0.0044,SGIS실제인접,10164.7,33373.8,30.46,False,162.86,0,실측(원자료 기반)
2018,전라남도,보성군,5,14,66584.7,0.0001,,3,0.0048,SGIS실제인접,10164.7,33373.8,30.46,False,162.86,0,실측(원자료 기반)
2019,전라남도,보성군,20,5,66584.7,0.0003,64.54,4,0.0052,SGIS실제인접,10164.7,33373.8,30.46,False,201.48,0,실측(원자료 기반)
2020,전라남도,보성군,6,20,66584.7,0.0001,55.24,5,0.0116,SGIS실제인접,10164.7,33373.8,30.46,False,201.48,0,실측(원자료 기반)
2021,전라남도,보성군,3,6,66584.7,0.0,60.0,6,0.0234,SGIS실제인접,10164.7,33373.8,30.46,False,244.5,0,실측(원자료 기반)
2022,전라남도,보성군,6,3,66584.7,0.0001,-6.67,7,0.0001,centroid근접(대체),10164.7,33373.8,30.46,False,166.5,0,실측(원자료 기반)
2023,전라남도,보성군,18,6,66584.7,0.0003,84.8,8,0.0333,SGIS실제인접,10164.7,33373.8,30.46,False,201.48,0,추정(시군구 평균비중 x 국가총량)
2024,전라남도,보성군,15,18,66584.7,0.0002,96.24,9,0.0281,SGIS실제인접,10164.7,33373.8,30.46,False,201.48,0,추정(시군구 평균비중 x 국가총량)
2025,전라남도,보성군,25,15,66584.7,0.0004,84.69,10,0.0464,SGIS실제인접,10164.7,33373.8,30.46,False,201.48,0,추정(시군구 평균비중 x 국가총량)
2016,전라남도,순천시,16051,22824,91087.1,0.1762,,1,0.1025,SGIS실제인접,18467.7,60635.3,30.46,False,174.63,1,추정(시군구 평균비중 x 국가총량)
2017,전라남도,순천시,1585,16051,91087.1,0.0174,,2,0.0076,SGIS실제인접,18467.7,60635.3,30.46,False,189.4,1,실측(원자료 기반)
2018,전라남도,순천시,1743,1585,91087.1,0.0191,,3,0.0091,SGIS실제인접,18467.7,60635.3,30.46,False,189.4,1,실측(원자료 기반)
2019,전라남도,순천시,1877,1743,91087.1,0.0206,-24.16,4,0.0134,SGIS실제인접,18467.7,60635.3,30.46,False,174.63,1,실측(원자료 기반)
2020,전라남도,순천시,4229,1877,91087.1,0.0464,47.65,5,0.0247,SGIS실제인접,18467.7,60635.3,30.46,False,174.63,1,실측(원자료 기반)
2021,전라남도,순천시,8542,4229,91087.1,0.0938,78.33,6,0.0561,SGIS실제인접,18467.7,60635.3,30.46,False,216.16,1,실측(원자료 기반)
2022,전라남도,순천시,8257,8542,91087.1,0.0906,74.65,7,0.0228,centroid근접(대체),18467.7,60635.3,30.46,False,139.11,1,실측(원자료 기반)
2023,전라남도,순천시,12126,8257,91087.1,0.1331,48.5,8,0.0774,SGIS실제인접,18467.7,60635.3,30.46,False,174.63,1,추정(시군구 평균비중 x 국가총량)
2024,전라남도,순천시,10227,12126,91087.1,0.1123,9.29,9,0.0653,SGIS실제인접,18467.7,60635.3,30.46,False,174.63,1,추정(시군구 평균비중 x 국가총량)
2025,전라남도,순천시,16908,10227,91087.1,0.1856,32.17,10,0.108,SGIS실제인접,18467.7,60635.3,30.46,False,174.63,1,추정(시군구 평균비중 x 국가총량)
2016,전라남도,신안군,6,8,67882.3,0.0001,,1,0.0002,SGIS실제인접,14932.1,49026.6,30.46,False,297.79,0,추정(시군구 평균비중 x 국가총량)
2017,전라남도,신안군,0,6,67882.3,0.0,,0,0.0,SGIS실제인접,14932.1,49026.6,30.46,False,158.08,0,실측(원자료 기반)
2018,전라남도,신안군,17,0,67882.3,0.0003,,1,0.0,SGIS실제인접,14932.1,49026.6,30.46,False,158.08,0,실측(원자료 기반)
2019,전라남도,신안군,0,17,67882.3,0.0,-100.0,0,0.0001,SGIS실제인접,14932.1,49026.6,30.46,False,297.79,0,실측(원자료 기반)
2020,전라남도,신안군,0,0,67882.3,0.0,-100.0,0,0.0002,SGIS실제인접,14932.1,49026.6,30.46,False,297.79,0,실측(원자료 기반)
2021,전라남도,신안군,0,0,67882.3,0.0,-100.0,0,0.0,SGIS실제인접,14932.1,49026.6,30.46,False,316.04,0,실측(원자료 기반)
2022,전라남도,신안군,0,0,67882.3,0.0,,0,0.0,centroid근접(대체),14932.1,49026.6,30.46,False,261.59,0,실측(원자료 기반)
2023,전라남도,신안군,4,0,67882.3,0.0001,,1,0.0002,SGIS실제인접,14932.1,49026.6,30.46,False,297.79,0,추정(시군구 평균비중 x 국가총량)
2024,전라남도,신안군,4,4,67882.3,0.0001,-15.66,2,0.0001,SGIS실제인접,14932.1,49026.6,30.46,False,297.79,0,추정(시군구 평균비중 x 국가총량)
2025,전라남도,신안군,6,4,67882.3,0.0001,24.83,3,0.0002,SGIS실제인접,14932.1,49026.6,30.46,False,297.79,0,추정(시군구 평균비중 x 국가총량)
2016,전라남도,여수시,22242,31627,52858.9,0.4208,,1,0.1836,SGIS실제인접,0.0,0.0,0.0,True,168.65,1,추정(시군구 평균비중 x 국가총량)
2017,전라남도,여수시,1288,22242,52858.9,0.0244,,2,0.0192,SGIS실제인접,0.0,0.0,0.0,True,173.42,1,실측(원자료 기반)
2018,전라남도,여수시,836,1288,52858.9,0.0158,,3,0.0291,SGIS실제인접,0.0,0.0,0.0,True,173.42,1,실측(원자료 기반)
2019,전라남도,여수시,1839,836,52858.9,0.0348,-3.11,4,0.0327,SGIS실제인접,0.0,0.0,0.0,True,168.65,1,실측(원자료 기반)
2020,전라남도,여수시,3810,1839,52858.9,0.0721,64.02,5,0.0606,SGIS실제인접,0.0,0.0,0.0,True,168.65,1,실측(원자료 기반)
2021,전라남도,여수시,13175,3810,52858.9,0.2492,157.65,6,0.0899,SGIS실제인접,0.0,0.0,0.0,True,232.47,1,실측(원자료 기반)
2022,전라남도,여수시,13495,13175,52858.9,0.2553,118.47,7,0.0235,centroid근접(대체),0.0,0.0,0.0,True,136.54,1,실측(원자료 기반)
2023,전라남도,여수시,16803,13495,52858.9,0.3179,90.91,8,0.1387,SGIS실제인접,0.0,0.0,0.0,True,168.65,1,추정(시군구 평균비중 x 국가총량)
2024,전라남도,여수시,14171,16803,52858.9,0.2681,3.76,9,0.117,SGIS실제인접,0.0,0.0,0.0,True,168.65,1,추정(시군구 평균비중 x 국가총량)
2025,전라남도,여수시,23429,14171,52858.9,0.4432,24.73,10,0.1934,SGIS실제인접,0.0,0.0,0.0,True,168.65,1,추정(시군구 평균비중 x 국가총량)
2016,전라남도,영광군,27,38,48007.7,0.0006,,1,0.0022,SGIS실제인접,8550.9,28075.4,30.46,False,250.29,0,추정(시군구 평균비중 x 국가총량)
2017,전라남도,영광군,113,27,48007.7,0.0024,,2,0.0002,SGIS실제인접,8550.9,28075.4,30.46,False,203.71,0,실측(원자료 기반)
2018,전라남도,영광군,0,113,48007.7,0.0,,0,0.0,SGIS실제인접,8550.9,28075.4,30.46,False,203.71,0,실측(원자료 기반)
2019,전라남도,영광군,0,0,48007.7,0.0,110.3,0,0.0,SGIS실제인접,8550.9,28075.4,30.46,False,250.29,0,실측(원자료 기반)
2020,전라남도,영광군,0,0,48007.7,0.0,-100.0,0,0.0001,SGIS실제인접,8550.9,28075.4,30.46,False,250.29,0,실측(원자료 기반)
2021,전라남도,영광군,0,0,48007.7,0.0,,0,0.0001,SGIS실제인접,8550.9,28075.4,30.46,False,254.94,0,실측(원자료 기반)
2022,전라남도,영광군,0,0,48007.7,0.0,,0,0.0032,centroid근접(대체),8550.9,28075.4,30.46,False,213.83,0,실측(원자료 기반)
2023,전라남도,영광군,20,0,48007.7,0.0004,,1,0.0017,SGIS실제인접,8550.9,28075.4,30.46,False,250.29,0,추정(시군구 평균비중 x 국가총량)
2024,전라남도,영광군,17,20,48007.7,0.0004,-15.66,2,0.0014,SGIS실제인접,8550.9,28075.4,30.46,False,250.29,0,추정(시군구 평균비중 x 국가총량)
2025,전라남도,영광군,28,17,48007.7,0.0006,24.83,3,0.0023,SGIS실제인접,8550.9,28075.4,30.46,False,250.29,0,추정(시군구 평균비중 x 국가총량)
2016,전라남도,영암군,0,0,61121.1,0.0,,0,0.0065,SGIS실제인접,4531.7,14878.8,30.46,False,247.88,0,추정(시군구 평균비중 x 국가총량)
2017,전라남도,영암군,0,0,61121.1,0.0,,0,0.0273,SGIS실제인접,4531.7,14878.8,30.46,False,150.27,0,실측(원자료 기반)
2018,전라남도,영암군,0,0,61121.1,0.0,,0,0.0,SGIS실제인접,4531.7,14878.8,30.46,False,150.27,0,실측(원자료 기반)
2019,전라남도,영암군,0,0,61121.1,0.0,,0,0.0,SGIS실제인접,4531.7,14878.8,30.46,False,247.88,0,실측(원자료 기반)
2020,전라남도,영암군,0,0,61121.1,0.0,,0,0.0,SGIS실제인접,4531.7,14878.8,30.46,False,247.88,0,실측(원자료 기반)
2021,전라남도,영암군,0,0,61121.1,0.0,,0,0.0,SGIS실제인접,4531.7,14878.8,30.46,False,277.9,0,실측(원자료 기반)
2022,전라남도,영암군,0,0,61121.1,0.0,,0,0.0,centroid근접(대체),4531.7,14878.8,30.46,False,212.13,0,실측(원자료 기반)
2023,전라남도,영암군,0,0,61121.1,0.0,,0,0.0049,SGIS실제인접,4531.7,14878.8,30.46,False,247.88,0,추정(시군구 평균비중 x 국가총량)
2024,전라남도,영암군,0,0,61121.1,0.0,,0,0.0042,SGIS실제인접,4531.7,14878.8,30.46,False,247.88,0,추정(시군구 평균비중 x 국가총량)
2025,전라남도,영암군,0,0,61121.1,0.0,,0,0.0069,SGIS실제인접,4531.7,14878.8,30.46,False,247.88,0,추정(시군구 평균비중 x 국가총량)
2016,전라남도,완도군,0,0,40838.1,0.0,,0,0.0,centroid근접(대체),13070.9,42915.7,30.46,False,260.23,0,추정(시군구 평균비중 x 국가총량)
2017,전라남도,완도군,0,0,40838.1,0.0,,0,0.0,centroid근접(대체),13070.9,42915.7,30.46,False,97.17,0,실측(원자료 기반)
2018,전라남도,완도군,0,0,40838.1,0.0,,0,0.0,centroid근접(대체),13070.9,42915.7,30.46,False,97.17,0,실측(원자료 기반)
2019,전라남도,완도군,0,0,40838.1,0.0,,0,0.0,centroid근접(대체),13070.9,42915.7,30.46,False,260.23,0,실측(원자료 기반)
2020,전라남도,완도군,0,0,40838.1,0.0,,0,0.0,centroid근접(대체),13070.9,42915.7,30.46,False,260.23,0,실측(원자료 기반)
2021,전라남도,완도군,0,0,40838.1,0.0,,0,0.0,centroid근접(대체),13070.9,42915.7,30.46,False,311.9,0,실측(원자료 기반)
2022,전라남도,완도군,0,0,40838.1,0.0,,0,0.0,centroid근접(대체),13070.9,42915.7,30.46,False,227.19,0,실측(원자료 기반)
2023,전라남도,완도군,0,0,40838.1,0.0,,0,0.0,centroid근접(대체),13070.9,42915.7,30.46,False,260.23,0,추정(시군구 평균비중 x 국가총량)
2024,전라남도,완도군,0,0,40838.1,0.0,,0,0.0,centroid근접(대체),13070.9,42915.7,30.46,False,260.23,0,추정(시군구 평균비중 x 국가총량)
2025,전라남도,완도군,0,0,40838.1,0.0,,0,0.0,centroid근접(대체),13070.9,42915.7,30.46,False,260.23,0,추정(시군구 평균비중 x 국가총량)
2016,전라남도,장성군,332,472,51768.3,0.0064,,1,0.0061,SGIS실제인접,9368.4,30759.3,30.46,False,220.9,0,추정(시군구 평균비중 x 국가총량)
2017,전라남도,장성군,0,332,51768.3,0.0,,0,0.0008,SGIS실제인접,9368.4,30759.3,30.46,False,210.35,0,실측(원자료 기반)
2018,전라남도,장성군,0,0,51768.3,0.0,,0,0.0014,SGIS실제인접,9368.4,30759.3,30.46,False,210.35,0,실측(원자료 기반)
2019,전라남도,장성군,6,0,51768.3,0.0001,-100.0,1,0.0008,SGIS실제인접,9368.4,30759.3,30.46,False,220.9,0,실측(원자료 기반)
2020,전라남도,장성군,9,6,51768.3,0.0002,50.0,2,0.0005,SGIS실제인접,9368.4,30759.3,30.46,False,220.9,0,실측(원자료 기반)
2021,전라남도,장성군,14,9,51768.3,0.0003,52.78,3,0.0019,SGIS실제인접,9368.4,30759.3,30.46,False,228.35,0,실측(원자료 기반)
2022,전라남도,장성군,500,14,51768.3,0.0097,1192.33,4,0.0114,centroid근접(대체),9368.4,30759.3,30.46,False,184.45,1,실측(원자료 기반)
2023,전라남도,장성군,251,500,51768.3,0.0048,1159.04,5,0.0046,SGIS실제인접,9368.4,30759.3,30.46,False,220.9,0,추정(시군구 평균비중 x 국가총량)
2024,전라남도,장성군,211,251,51768.3,0.0041,1135.3,6,0.0039,SGIS실제인접,9368.4,30759.3,30.46,False,220.9,0,추정(시군구 평균비중 x 국가총량)
2025,전라남도,장성군,350,211,51768.3,0.0068,-0.06,7,0.0064,SGIS실제인접,9368.4,30759.3,30.46,False,220.9,0,추정(시군구 평균비중 x 국가총량)
2016,전라남도,장흥군,0,0,62198.8,0.0,,0,0.0001,SGIS실제인접,8873.3,29133.7,30.46,False,227.96,0,추정(시군구 평균비중 x 국가총량)
2017,전라남도,장흥군,0,0,62198.8,0.0,,0,0.0001,SGIS실제인접,8873.3,29133.7,30.46,False,141.33,0,실측(원자료 기반)
2018,전라남도,장흥군,0,0,62198.8,0.0,,0,0.0,SGIS실제인접,8873.3,29133.7,30.46,False,141.33,0,실측(원자료 기반)
2019,전라남도,장흥군,0,0,62198.8,0.0,,0,0.0001,SGIS실제인접,8873.3,29133.7,30.46,False,227.96,0,실측(원자료 기반)
2020,전라남도,장흥군,0,0,62198.8,0.0,,0,0.0,SGIS실제인접,8873.3,29133.7,30.46,False,227.96,0,실측(원자료 기반)
2021,전라남도,장흥군,0,0,62198.8,0.0,,0,0.0,SGIS실제인접,8873.3,29133.7,30.46,False,270.1,0,실측(원자료 기반)
2022,전라남도,장흥군,0,0,62198.8,0.0,,0,0.0,centroid근접(대체),8873.3,29133.7,30.46,False,193.19,0,실측(원자료 기반)
2023,전라남도,장흥군,0,0,62198.8,0.0,,0,0.0001,SGIS실제인접,8873.3,29133.7,30.46,False,227.96,0,추정(시군구 평균비중 x 국가총량)
2024,전라남도,장흥군,0,0,62198.8,0.0,,0,0.0001,SGIS실제인접,8873.3,29133.7,30.46,False,227.96,0,추정(시군구 평균비중 x 국가총량)
2025,전라남도,장흥군,0,0,62198.8,0.0,,0,0.0001,SGIS실제인접,8873.3,29133.7,30.46,False,227.96,0,추정(시군구 평균비중 x 국가총량)
2016,전라남도,진도군,0,0,45166.1,0.0,,0,0.0009,centroid근접(대체),9737.4,31970.8,30.46,False,298.17,0,추정(시군구 평균비중 x 국가총량)
2017,전라남도,진도군,0,0,45166.1,0.0,,0,0.0036,centroid근접(대체),9737.4,31970.8,30.46,False,114.05,0,실측(원자료 기반)
2018,전라남도,진도군,0,0,45166.1,0.0,,0,0.0001,centroid근접(대체),9737.4,31970.8,30.46,False,114.05,0,실측(원자료 기반)
2019,전라남도,진도군,0,0,45166.1,0.0,,0,0.0,centroid근접(대체),9737.4,31970.8,30.46,False,298.17,0,실측(원자료 기반)
2020,전라남도,진도군,0,0,45166.1,0.0,,0,0.0,centroid근접(대체),9737.4,31970.8,30.46,False,298.17,0,실측(원자료 기반)
2021,전라남도,진도군,0,0,45166.1,0.0,,0,0.0,centroid근접(대체),9737.4,31970.8,30.46,False,332.79,0,실측(원자료 기반)
2022,전라남도,진도군,0,0,45166.1,0.0,,0,0.0,centroid근접(대체),9737.4,31970.8,30.46,False,263.14,0,실측(원자료 기반)
2023,전라남도,진도군,0,0,45166.1,0.0,,0,0.0007,centroid근접(대체),9737.4,31970.8,30.46,False,298.17,0,추정(시군구 평균비중 x 국가총량)
2024,전라남도,진도군,0,0,45166.1,0.0,,0,0.0006,centroid근접(대체),9737.4,31970.8,30.46,False,298.17,0,추정(시군구 평균비중 x 국가총량)
2025,전라남도,진도군,0,0,45166.1,0.0,,0,0.0009,centroid근접(대체),9737.4,31970.8,30.46,False,298.17,0,추정(시군구 평균비중 x 국가총량)
2016,전라남도,함평군,5,7,38967.4,0.0001,,1,0.0164,SGIS실제인접,5715.2,18764.8,30.46,False,245.81,0,추정(시군구 평균비중 x 국가총량)
2017,전라남도,함평군,13,5,38967.4,0.0003,,2,0.0367,SGIS실제인접,5715.2,18764.8,30.46,False,185.14,0,실측(원자료 기반)
2018,전라남도,함평군,0,13,38967.4,0.0,,0,0.0,SGIS실제인접,5715.2,18764.8,30.46,False,185.14,0,실측(원자료 기반)
2019,전라남도,함평군,0,0,38967.4,0.0,30.81,0,0.0001,SGIS실제인접,5715.2,18764.8,30.46,False,245.81,0,실측(원자료 기반)
2020,전라남도,함평군,0,0,38967.4,0.0,-100.0,0,0.0004,SGIS실제인접,5715.2,18764.8,30.46,False,245.81,0,실측(원자료 기반)
2021,전라남도,함평군,0,0,38967.4,0.0,,0,0.0025,SGIS실제인접,5715.2,18764.8,30.46,False,259.95,0,실측(원자료 기반)
2022,전라남도,함평군,3,0,38967.4,0.0001,,1,0.0114,centroid근접(대체),5715.2,18764.8,30.46,False,209.35,0,실측(원자료 기반)
2023,전라남도,함평군,4,3,38967.4,0.0001,25.13,2,0.0124,SGIS실제인접,5715.2,18764.8,30.46,False,245.81,0,추정(시군구 평균비중 x 국가총량)
2024,전라남도,함평군,3,4,38967.4,0.0001,4.73,3,0.0105,SGIS실제인접,5715.2,18764.8,30.46,False,245.81,0,추정(시군구 평균비중 x 국가총량)
2025,전라남도,함평군,5,3,38967.4,0.0001,24.93,4,0.0173,SGIS실제인접,5715.2,18764.8,30.46,False,245.81,0,추정(시군구 평균비중 x 국가총량)
2016,전라남도,해남군,3,4,104748.1,0.0,,1,0.0,SGIS실제인접,14752.3,48436.4,30.46,False,267.52,0,추정(시군구 평균비중 x 국가총량)
2017,전라남도,해남군,1,3,104748.1,0.0,,2,0.0,SGIS실제인접,14752.3,48436.4,30.46,False,123.68,0,실측(원자료 기반)
2018,전라남도,해남군,0,1,104748.1,0.0,,0,0.0,SGIS실제인접,14752.3,48436.4,30.46,False,123.68,0,실측(원자료 기반)
2019,전라남도,해남군,0,0,104748.1,0.0,-80.44,0,0.0,SGIS실제인접,14752.3,48436.4,30.46,False,267.52,0,실측(원자료 기반)
2020,전라남도,해남군,4,0,104748.1,0.0,-100.0,1,0.0,SGIS실제인접,14752.3,48436.4,30.46,False,267.52,0,실측(원자료 기반)
2021,전라남도,해남군,0,4,104748.1,0.0,-100.0,0,0.0,SGIS실제인접,14752.3,48436.4,30.46,False,304.2,0,실측(원자료 기반)
2022,전라남도,해남군,0,0,104748.1,0.0,-100.0,0,0.0,centroid근접(대체),14752.3,48436.4,30.46,False,232.5,0,실측(원자료 기반)
2023,전라남도,해남군,2,0,104748.1,0.0,-100.0,1,0.0,SGIS실제인접,14752.3,48436.4,30.46,False,267.52,0,추정(시군구 평균비중 x 국가총량)
2024,전라남도,해남군,2,2,104748.1,0.0,-15.66,2,0.0,SGIS실제인접,14752.3,48436.4,30.46,False,267.52,0,추정(시군구 평균비중 x 국가총량)
2025,전라남도,해남군,3,2,104748.1,0.0,24.83,3,0.0,SGIS실제인접,14752.3,48436.4,30.46,False,267.52,0,추정(시군구 평균비중 x 국가총량)
2016,전라남도,화순군,3,4,78755.0,0.0,,1,0.0222,SGIS실제인접,16231.9,53294.3,30.46,False,204.81,0,추정(시군구 평균비중 x 국가총량)
2017,전라남도,화순군,0,3,78755.0,0.0,,0,0.0198,SGIS실제인접,16231.9,53294.3,30.46,False,179.65,0,실측(원자료 기반)
2018,전라남도,화순군,0,0,78755.0,0.0,,0,0.0019,SGIS실제인접,16231.9,53294.3,30.46,False,179.65,0,실측(원자료 기반)
2019,전라남도,화순군,0,0,78755.0,0.0,-100.0,0,0.0022,SGIS실제인접,16231.9,53294.3,30.46,False,204.81,0,실측(원자료 기반)
2020,전라남도,화순군,0,0,78755.0,0.0,,0,0.0048,SGIS실제인접,16231.9,53294.3,30.46,False,204.81,0,실측(원자료 기반)
2021,전라남도,화순군,0,0,78755.0,0.0,,0,0.0094,SGIS실제인접,16231.9,53294.3,30.46,False,235.18,0,실측(원자료 기반)
2022,전라남도,화순군,4,0,78755.0,0.0001,,1,0.0002,centroid근접(대체),16231.9,53294.3,30.46,False,168.76,0,실측(원자료 기반)
2023,전라남도,화순군,2,4,78755.0,0.0,-52.7,2,0.0168,SGIS실제인접,16231.9,53294.3,30.46,False,204.81,0,추정(시군구 평균비중 x 국가총량)
2024,전라남도,화순군,2,2,78755.0,0.0,-34.18,3,0.0141,SGIS실제인접,16231.9,53294.3,30.46,False,204.81,0,추정(시군구 평균비중 x 국가총량)
2025,전라남도,화순군,3,2,78755.0,0.0,-1.01,4,0.0234,SGIS실제인접,16231.9,53294.3,30.46,False,204.81,0,추정(시군구 평균비중 x 국가총량)
2016,전라북도,고창군,4,5,61201.1,0.0001,,1,0.002,SGIS실제인접,10500.4,20894.2,50.26,False,233.53,0,추정(시군구 평균비중 x 국가총량)
2017,전라북도,고창군,15,4,61201.1,0.0002,,2,0.0007,SGIS실제인접,10500.4,20894.2,50.26,False,222.58,0,실측(원자료 기반)
2018,전라북도,고창군,0,15,61201.1,0.0,,0,0.0001,SGIS실제인접,10500.4,20894.2,50.26,False,222.58,0,실측(원자료 기반)
2019,전라북도,고창군,0,0,61201.1,0.0,110.3,0,0.0002,SGIS실제인접,10500.4,20894.2,50.26,False,233.53,0,실측(원자료 기반)
2020,전라북도,고창군,0,0,61201.1,0.0,-100.0,0,0.0001,SGIS실제인접,10500.4,20894.2,50.26,False,233.53,0,실측(원자료 기반)
2021,전라북도,고창군,0,0,61201.1,0.0,,0,0.0001,SGIS실제인접,10500.4,20894.2,50.26,False,231.9,0,실측(원자료 기반)
2022,전라북도,고창군,0,0,61201.1,0.0,,0,0.0032,centroid근접(대체),10500.4,20894.2,50.26,False,197.3,0,실측(원자료 기반)
2023,전라북도,고창군,3,0,61201.1,0.0,,1,0.0015,SGIS실제인접,10500.4,20894.2,50.26,False,233.53,0,추정(시군구 평균비중 x 국가총량)
2024,전라북도,고창군,2,3,61201.1,0.0,-15.66,2,0.0013,SGIS실제인접,10500.4,20894.2,50.26,False,233.53,0,추정(시군구 평균비중 x 국가총량)
2025,전라북도,고창군,4,2,61201.1,0.0001,24.83,3,0.0021,SGIS실제인접,10500.4,20894.2,50.26,False,233.53,0,추정(시군구 평균비중 x 국가총량)
2016,전라북도,군산시,6433,9147,41784.8,0.154,,1,0.0017,SGIS실제인접,2066.2,7094.4,29.12,False,227.9,0,추정(시군구 평균비중 x 국가총량)
2017,전라북도,군산시,729,6433,41784.8,0.0174,,2,0.0002,SGIS실제인접,2066.2,7094.4,29.12,False,278.44,0,실측(원자료 기반)
2018,전라북도,군산시,4238,729,41784.8,0.1014,,3,0.0001,SGIS실제인접,2066.2,7094.4,29.12,False,278.44,0,실측(원자료 기반)
2019,전라북도,군산시,4022,4238,41784.8,0.0963,129.19,4,0.0005,SGIS실제인접,2066.2,7094.4,29.12,False,227.9,0,실측(원자료 기반)
2020,전라북도,군산시,1936,4022,41784.8,0.0463,141.46,5,0.0001,SGIS실제인접,2066.2,7094.4,29.12,False,227.9,0,실측(원자료 기반)
2021,전라북도,군산시,1021,1936,41784.8,0.0244,-34.74,6,0.0003,SGIS실제인접,2066.2,7094.4,29.12,False,198.16,0,실측(원자료 기반)
2022,전라북도,군산시,1546,1021,41784.8,0.037,-15.9,7,0.0022,centroid근접(대체),2066.2,7094.4,29.12,False,194.06,0,실측(원자료 기반)
2023,전라북도,군산시,4860,1546,41784.8,0.1163,72.83,8,0.0017,SGIS실제인접,2066.2,7094.4,29.12,False,227.9,0,추정(시군구 평균비중 x 국가총량)
2024,전라북도,군산시,4099,4860,41784.8,0.0981,83.37,9,0.0014,SGIS실제인접,2066.2,7094.4,29.12,False,227.9,0,추정(시군구 평균비중 x 국가총량)
2025,전라북도,군산시,6776,4099,41784.8,0.1622,88.0,10,0.0023,SGIS실제인접,2066.2,7094.4,29.12,False,227.9,0,추정(시군구 평균비중 x 국가총량)
2016,전라북도,김제시,42,60,54615.5,0.0008,,1,0.0261,SGIS실제인접,2484.3,8704.6,28.54,False,209.53,0,추정(시군구 평균비중 x 국가총량)
2017,전라북도,김제시,4,42,54615.5,0.0001,,2,0.0031,SGIS실제인접,2484.3,8704.6,28.54,False,264.24,0,실측(원자료 기반)
2018,전라북도,김제시,0,4,54615.5,0.0,,0,0.017,SGIS실제인접,2484.3,8704.6,28.54,False,264.24,0,실측(원자료 기반)
2019,전라북도,김제시,0,0,54615.5,0.0,-95.29,0,0.0164,SGIS실제인접,2484.3,8704.6,28.54,False,209.53,0,실측(원자료 기반)
2020,전라북도,김제시,8,0,54615.5,0.0001,-100.0,1,0.0078,SGIS실제인접,2484.3,8704.6,28.54,False,209.53,0,실측(원자료 기반)
2021,전라북도,김제시,13,8,54615.5,0.0002,62.5,2,0.0041,SGIS실제인접,2484.3,8704.6,28.54,False,189.99,0,실측(원자료 기반)
2022,전라북도,김제시,43,13,54615.5,0.0008,146.63,3,0.0125,centroid근접(대체),2484.3,8704.6,28.54,False,174.91,0,실측(원자료 기반)
2023,전라북도,김제시,32,43,54615.5,0.0006,89.3,4,0.0197,SGIS실제인접,2484.3,8704.6,28.54,False,209.53,0,추정(시군구 평균비중 x 국가총량)
2024,전라북도,김제시,27,32,54615.5,0.0005,63.25,5,0.0166,SGIS실제인접,2484.3,8704.6,28.54,False,209.53,0,추정(시군구 평균비중 x 국가총량)
2025,전라북도,김제시,45,27,54615.5,0.0008,8.1,6,0.0275,SGIS실제인접,2484.3,8704.6,28.54,False,209.53,0,추정(시군구 평균비중 x 국가총량)
2016,전라북도,남원시,11,15,74968.1,0.0001,,1,0.057,SGIS실제인접,22177.7,46319.9,47.88,False,158.98,0,추정(시군구 평균비중 x 국가총량)
2017,전라북도,남원시,10,11,74968.1,0.0001,,2,0.0126,SGIS실제인접,22177.7,46319.9,47.88,False,234.97,0,실측(원자료 기반)
2018,전라북도,남원시,0,10,74968.1,0.0,,0,0.0234,SGIS실제인접,22177.7,46319.9,47.88,False,234.97,0,실측(원자료 기반)
2019,전라북도,남원시,0,0,74968.1,0.0,-53.71,0,0.016,SGIS실제인접,22177.7,46319.9,47.88,False,158.98,0,실측(원자료 기반)
2020,전라북도,남원시,3,0,74968.1,0.0,-100.0,1,0.0224,SGIS실제인접,22177.7,46319.9,47.88,False,158.98,0,실측(원자료 기반)
2021,전라북도,남원시,3,3,74968.1,0.0,0.0,2,0.0172,SGIS실제인접,22177.7,46319.9,47.88,False,176.17,0,실측(원자료 기반)
2022,전라북도,남원시,7,3,74968.1,0.0001,66.67,3,0.0013,centroid근접(대체),22177.7,46319.9,47.88,False,122.58,0,실측(원자료 기반)
2023,전라북도,남원시,8,7,74968.1,0.0001,49.97,4,0.0431,SGIS실제인접,22177.7,46319.9,47.88,False,158.98,0,추정(시군구 평균비중 x 국가총량)
2024,전라북도,남원시,7,8,74968.1,0.0001,44.74,5,0.0363,SGIS실제인접,22177.7,46319.9,47.88,False,158.98,0,추정(시군구 평균비중 x 국가총량)
2025,전라북도,남원시,11,7,74968.1,0.0002,22.08,6,0.0601,SGIS실제인접,22177.7,46319.9,47.88,False,158.98,0,추정(시군구 평균비중 x 국가총량)
2016,전라북도,무주군,5,8,62952.8,0.0001,,1,0.0058,SGIS실제인접,7233.3,51378.0,14.08,False,140.33,0,추정(시군구 평균비중 x 국가총량)
2017,전라북도,무주군,0,5,62952.8,0.0,,0,0.0007,SGIS실제인접,7233.3,51378.0,14.08,False,297.29,0,실측(원자료 기반)
2018,전라북도,무주군,0,0,62952.8,0.0,,0,0.0006,SGIS실제인접,7233.3,51378.0,14.08,False,297.29,0,실측(원자료 기반)
2019,전라북도,무주군,11,0,62952.8,0.0002,-100.0,1,0.001,SGIS실제인접,7233.3,51378.0,14.08,False,140.33,0,실측(원자료 기반)
2020,전라북도,무주군,0,11,62952.8,0.0,-100.0,0,0.0012,SGIS실제인접,7233.3,51378.0,14.08,False,140.33,0,실측(원자료 기반)
2021,전라북도,무주군,0,0,62952.8,0.0,-100.0,0,0.0037,SGIS실제인접,7233.3,51378.0,14.08,False,119.34,0,실측(원자료 기반)
2022,전라북도,무주군,0,0,62952.8,0.0,-100.0,0,0.0,centroid근접(대체),7233.3,51378.0,14.08,False,108.97,0,실측(원자료 기반)
2023,전라북도,무주군,4,0,62952.8,0.0001,,1,0.0044,SGIS실제인접,7233.3,51378.0,14.08,False,140.33,0,추정(시군구 평균비중 x 국가총량)
2024,전라북도,무주군,3,4,62952.8,0.0001,-15.66,2,0.0037,SGIS실제인접,7233.3,51378.0,14.08,False,140.33,0,추정(시군구 평균비중 x 국가총량)
2025,전라북도,무주군,6,3,62952.8,0.0001,24.83,3,0.0061,SGIS실제인접,7233.3,51378.0,14.08,False,140.33,0,추정(시군구 평균비중 x 국가총량)
2016,전라북도,부안군,2,3,54042.3,0.0,,1,0.0389,SGIS실제인접,7545.4,18285.8,41.26,False,231.28,0,추정(시군구 평균비중 x 국가총량)
2017,전라북도,부안군,5,2,54042.3,0.0001,,2,0.0045,SGIS실제인접,7545.4,18285.8,41.26,False,248.82,0,실측(원자료 기반)
2018,전라북도,부안군,0,5,54042.3,0.0,,0,0.0255,SGIS실제인접,7545.4,18285.8,41.26,False,248.82,0,실측(원자료 기반)
2019,전라북도,부안군,0,0,54042.3,0.0,6.48,0,0.0242,SGIS실제인접,7545.4,18285.8,41.26,False,231.28,0,실측(원자료 기반)
2020,전라북도,부안군,2,0,54042.3,0.0,-100.0,1,0.0117,SGIS실제인접,7545.4,18285.8,41.26,False,231.28,0,실측(원자료 기반)
2021,전라북도,부안군,0,2,54042.3,0.0,-100.0,0,0.0062,SGIS실제인접,7545.4,18285.8,41.26,False,216.67,0,실측(원자료 기반)
2022,전라북도,부안군,0,0,54042.3,0.0,-100.0,0,0.0003,centroid근접(대체),7545.4,18285.8,41.26,False,195.85,0,실측(원자료 기반)
2023,전라북도,부안군,2,0,54042.3,0.0,-100.0,1,0.0004,SGIS실제인접,7545.4,18285.8,41.26,False,231.28,0,추정(시군구 평균비중 x 국가총량)
2024,전라북도,부안군,1,2,54042.3,0.0,-15.66,2,0.0004,SGIS실제인접,7545.4,18285.8,41.26,False,231.28,0,추정(시군구 평균비중 x 국가총량)
2025,전라북도,부안군,2,1,54042.3,0.0,24.83,3,0.0006,SGIS실제인접,7545.4,18285.8,41.26,False,231.28,0,추정(시군구 평균비중 x 국가총량)
2016,전라북도,순창군,684,973,49939.3,0.0137,,1,0.0052,SGIS실제인접,10445.7,34494.9,30.28,False,190.69,0,추정(시군구 평균비중 x 국가총량)
2017,전라북도,순창군,106,684,49939.3,0.0021,,2,0.002,SGIS실제인접,10445.7,34494.9,30.28,False,226.66,1,실측(원자료 기반)
2018,전라북도,순창군,549,106,49939.3,0.011,,3,0.0021,SGIS실제인접,10445.7,34494.9,30.28,False,226.66,1,실측(원자료 기반)
2019,전라북도,순창군,191,549,49939.3,0.0038,89.4,4,0.0017,SGIS실제인접,10445.7,34494.9,30.28,False,190.69,1,실측(원자료 기반)
2020,전라북도,순창군,113,191,49939.3,0.0023,103.96,5,0.0023,SGIS실제인접,10445.7,34494.9,30.28,False,190.69,1,실측(원자료 기반)
2021,전라북도,순창군,122,113,49939.3,0.0024,-32.69,6,0.0007,SGIS실제인접,10445.7,34494.9,30.28,False,198.42,0,실측(원자료 기반)
2022,전라북도,순창군,351,122,49939.3,0.007,51.61,7,0.0009,centroid근접(대체),10445.7,34494.9,30.28,False,154.37,0,실측(원자료 기반)
2023,전라북도,순창군,517,351,49939.3,0.0104,80.99,8,0.0039,SGIS실제인접,10445.7,34494.9,30.28,False,190.69,0,추정(시군구 평균비중 x 국가총량)
2024,전라북도,순창군,436,517,49939.3,0.0087,73.12,9,0.0033,SGIS실제인접,10445.7,34494.9,30.28,False,190.69,0,추정(시군구 평균비중 x 국가총량)
2025,전라북도,순창군,721,436,49939.3,0.0144,32.33,10,0.0055,SGIS실제인접,10445.7,34494.9,30.28,False,190.69,0,추정(시군구 평균비중 x 국가총량)
2016,전라북도,완주군,2,3,82149.4,0.0,,1,0.0032,SGIS실제인접,5782.1,59974.2,9.64,False,183.13,0,추정(시군구 평균비중 x 국가총량)
2017,전라북도,완주군,0,2,82149.4,0.0,,0,0.0016,SGIS실제인접,5782.1,59974.2,9.64,False,281.61,0,실측(원자료 기반)
2018,전라북도,완주군,0,0,82149.4,0.0,,0,0.0016,SGIS실제인접,5782.1,59974.2,9.64,False,281.61,0,실측(원자료 기반)
2019,전라북도,완주군,0,0,82149.4,0.0,-100.0,0,0.0013,SGIS실제인접,5782.1,59974.2,9.64,False,183.13,0,실측(원자료 기반)
2020,전라북도,완주군,0,0,82149.4,0.0,,0,0.0017,SGIS실제인접,5782.1,59974.2,9.64,False,183.13,0,실측(원자료 기반)
2021,전라북도,완주군,0,0,82149.4,0.0,,0,0.0005,SGIS실제인접,5782.1,59974.2,9.64,False,158.6,0,실측(원자료 기반)
2022,전라북도,완주군,3,0,82149.4,0.0,,1,0.0003,centroid근접(대체),5782.1,59974.2,9.64,False,149.86,0,실측(원자료 기반)
2023,전라북도,완주군,1,3,82149.4,0.0,-52.7,2,0.0024,SGIS실제인접,5782.1,59974.2,9.64,False,183.13,0,추정(시군구 평균비중 x 국가총량)
2024,전라북도,완주군,1,1,82149.4,0.0,-34.18,3,0.0021,SGIS실제인접,5782.1,59974.2,9.64,False,183.13,0,추정(시군구 평균비중 x 국가총량)
2025,전라북도,완주군,2,1,82149.4,0.0,-1.01,4,0.0034,SGIS실제인접,5782.1,59974.2,9.64,False,183.13,0,추정(시군구 평균비중 x 국가총량)
2016,전라북도,익산시,66,93,50703.5,0.0013,,1,0.0228,SGIS실제인접,2361.4,8247.9,28.63,False,205.6,0,추정(시군구 평균비중 x 국가총량)
2017,전라북도,익산시,34,66,50703.5,0.0007,,2,0.0025,SGIS실제인접,2361.4,8247.9,28.63,False,289.2,0,실측(원자료 기반)
2018,전라북도,익산시,3,34,50703.5,0.0001,,3,0.0146,SGIS실제인접,2361.4,8247.9,28.63,False,289.2,0,실측(원자료 기반)
2019,전라북도,익산시,72,3,50703.5,0.0014,720.22,4,0.0139,SGIS실제인접,2361.4,8247.9,28.63,False,205.6,1,실측(원자료 기반)
2020,전라북도,익산시,2,72,50703.5,0.0,703.87,5,0.0067,SGIS실제인접,2361.4,8247.9,28.63,False,205.6,0,실측(원자료 기반)
2021,전라북도,익산시,1,2,50703.5,0.0,717.59,6,0.0037,SGIS실제인접,2361.4,8247.9,28.63,False,172.23,0,실측(원자료 기반)
2022,전라북도,익산시,32,1,50703.5,0.0006,984.26,7,0.0001,centroid근접(대체),2361.4,8247.9,28.63,False,172.82,0,실측(원자료 기반)
2023,전라북도,익산시,50,32,50703.5,0.001,1034.96,8,0.0173,SGIS실제인접,2361.4,8247.9,28.63,False,205.6,0,추정(시군구 평균비중 x 국가총량)
2024,전라북도,익산시,42,50,50703.5,0.0008,1046.41,9,0.0146,SGIS실제인접,2361.4,8247.9,28.63,False,205.6,0,추정(시군구 평균비중 x 국가총량)
2025,전라북도,익산시,69,42,50703.5,0.0014,34.85,10,0.0241,SGIS실제인접,2361.4,8247.9,28.63,False,205.6,0,추정(시군구 평균비중 x 국가총량)
2016,전라북도,임실군,1334,1897,59613.9,0.0224,,1,0.0025,SGIS실제인접,10590.6,42597.6,24.86,False,176.91,0,추정(시군구 평균비중 x 국가총량)
2017,전라북도,임실군,707,1334,59613.9,0.0119,,2,0.0004,SGIS실제인접,10590.6,42597.6,24.86,False,247.64,0,실측(원자료 기반)
2018,전라북도,임실군,726,707,59613.9,0.0122,,3,0.0019,SGIS실제인접,10590.6,42597.6,24.86,False,247.64,1,실측(원자료 기반)
2019,전라북도,임실군,457,726,59613.9,0.0077,-27.12,4,0.0008,SGIS실제인접,10590.6,42597.6,24.86,False,176.91,0,실측(원자료 기반)
2020,전라북도,임실군,776,457,59613.9,0.013,11.81,5,0.0004,SGIS실제인접,10590.6,42597.6,24.86,False,176.91,0,실측(원자료 기반)
2021,전라북도,임실군,216,776,59613.9,0.0036,-13.14,6,0.0005,SGIS실제인접,10590.6,42597.6,24.86,False,176.55,0,실측(원자료 기반)
2022,전라북도,임실군,130,216,59613.9,0.0022,-14.06,7,0.0025,centroid근접(대체),10590.6,42597.6,24.86,False,141.2,0,실측(원자료 기반)
2023,전라북도,임실군,1008,130,59613.9,0.0169,187.7,8,0.0019,SGIS실제인접,10590.6,42597.6,24.86,False,176.91,0,추정(시군구 평균비중 x 국가총량)
2024,전라북도,임실군,850,1008,59613.9,0.0143,206.53,9,0.0016,SGIS실제인접,10590.6,42597.6,24.86,False,176.91,0,추정(시군구 평균비중 x 국가총량)
2025,전라북도,임실군,1405,850,59613.9,0.0236,241.58,10,0.0026,SGIS실제인접,10590.6,42597.6,24.86,False,176.91,0,추정(시군구 평균비중 x 국가총량)
2016,전라북도,장수군,1,2,53171.0,0.0,,1,0.0039,SGIS실제인접,7389.8,40814.8,18.11,False,149.4,0,추정(시군구 평균비중 x 국가총량)
2017,전라북도,장수군,6,1,53171.0,0.0001,,2,0.002,SGIS실제인접,7389.8,40814.8,18.11,False,262.61,0,실측(원자료 기반)
2018,전라북도,장수군,0,6,53171.0,0.0,,0,0.0021,SGIS실제인접,7389.8,40814.8,18.11,False,262.61,0,실측(원자료 기반)
2019,전라북도,장수군,0,0,53171.0,0.0,110.3,0,0.0013,SGIS실제인접,7389.8,40814.8,18.11,False,149.4,0,실측(원자료 기반)
2020,전라북도,장수군,0,0,53171.0,0.0,-100.0,0,0.0022,SGIS실제인접,7389.8,40814.8,18.11,False,149.4,0,실측(원자료 기반)
2021,전라북도,장수군,0,0,53171.0,0.0,,0,0.0007,SGIS실제인접,7389.8,40814.8,18.11,False,151.15,0,실측(원자료 기반)
2022,전라북도,장수군,0,0,53171.0,0.0,,0,0.0,centroid근접(대체),7389.8,40814.8,18.11,False,114.21,0,실측(원자료 기반)
2023,전라북도,장수군,1,0,53171.0,0.0,,1,0.0029,SGIS실제인접,7389.8,40814.8,18.11,False,149.4,0,추정(시군구 평균비중 x 국가총량)
2024,전라북도,장수군,1,1,53171.0,0.0,-15.66,2,0.0025,SGIS실제인접,7389.8,40814.8,18.11,False,149.4,0,추정(시군구 평균비중 x 국가총량)
2025,전라북도,장수군,2,1,53171.0,0.0,24.83,3,0.0041,SGIS실제인접,7389.8,40814.8,18.11,False,149.4,0,추정(시군구 평균비중 x 국가총량)
2016,전라북도,전주시,6,8,20528.2,0.0003,,1,0.0007,SGIS실제인접,667.8,6906.5,9.67,False,190.09,0,추정(시군구 평균비중 x 국가총량)
2017,전라북도,전주시,1,6,20528.2,0.0,,2,0.0002,SGIS실제인접,667.8,6906.5,9.67,False,269.9,0,실측(원자료 기반)
2018,전라북도,전주시,0,1,20528.2,0.0,,0,0.0,SGIS실제인접,667.8,6906.5,9.67,False,269.9,0,실측(원자료 기반)
2019,전라북도,전주시,2,0,20528.2,0.0001,-91.04,1,0.0005,SGIS실제인접,667.8,6906.5,9.67,False,190.09,0,실측(원자료 기반)
2020,전라북도,전주시,0,2,20528.2,0.0,-100.0,0,0.0001,SGIS실제인접,667.8,6906.5,9.67,False,190.09,0,실측(원자료 기반)
2021,전라북도,전주시,0,0,20528.2,0.0,-100.0,0,0.0001,SGIS실제인접,667.8,6906.5,9.67,False,171.29,0,실측(원자료 기반)
2022,전라북도,전주시,7,0,20528.2,0.0003,-100.0,1,0.0005,centroid근접(대체),667.8,6906.5,9.67,False,155.85,0,실측(원자료 기반)
2023,전라북도,전주시,4,7,20528.2,0.0002,-39.79,2,0.0005,SGIS실제인접,667.8,6906.5,9.67,False,190.09,0,추정(시군구 평균비중 x 국가총량)
2024,전라북도,전주시,4,4,20528.2,0.0002,-27.72,3,0.0004,SGIS실제인접,667.8,6906.5,9.67,False,190.09,0,추정(시군구 평균비중 x 국가총량)
2025,전라북도,전주시,6,4,20528.2,0.0003,3.29,4,0.0007,SGIS실제인접,667.8,6906.5,9.67,False,190.09,0,추정(시군구 평균비중 x 국가총량)
2016,전라북도,정읍시,64,90,69712.4,0.0009,,1,0.0062,SGIS실제인접,10493.4,31429.1,33.39,False,206.87,0,추정(시군구 평균비중 x 국가총량)
2017,전라북도,정읍시,13,64,69712.4,0.0002,,2,0.0021,SGIS실제인접,10493.4,31429.1,33.39,False,241.96,0,실측(원자료 기반)
2018,전라북도,정읍시,29,13,69712.4,0.0004,,3,0.0033,SGIS실제인접,10493.4,31429.1,33.39,False,241.96,0,실측(원자료 기반)
2019,전라북도,정읍시,49,29,69712.4,0.0007,37.5,4,0.0017,SGIS실제인접,10493.4,31429.1,33.39,False,206.87,0,실측(원자료 기반)
2020,전라북도,정읍시,12,49,69712.4,0.0002,38.84,5,0.0022,SGIS실제인접,10493.4,31429.1,33.39,False,206.87,0,실측(원자료 기반)
2021,전라북도,정읍시,18,12,69712.4,0.0003,14.49,6,0.0009,SGIS실제인접,10493.4,31429.1,33.39,False,200.56,0,실측(원자료 기반)
2022,전라북도,정읍시,10,18,69712.4,0.0001,-23.32,7,0.0026,centroid근접(대체),10493.4,31429.1,33.39,False,171.13,0,실측(원자료 기반)
2023,전라북도,정읍시,48,10,69712.4,0.0007,128.65,8,0.0047,SGIS실제인접,10493.4,31429.1,33.39,False,206.87,0,추정(시군구 평균비중 x 국가총량)
2024,전라북도,정읍시,41,48,69712.4,0.0006,106.76,9,0.0039,SGIS실제인접,10493.4,31429.1,33.39,False,206.87,0,추정(시군구 평균비중 x 국가총량)
2025,전라북도,정읍시,67,41,69712.4,0.001,143.35,10,0.0065,SGIS실제인접,10493.4,31429.1,33.39,False,206.87,0,추정(시군구 평균비중 x 국가총량)
2016,전라북도,진안군,0,0,78839.6,0.0,,0,0.0045,SGIS실제인접,6357.9,62804.9,10.12,False,162.12,0,추정(시군구 평균비중 x 국가총량)
2017,전라북도,진안군,0,0,78839.6,0.0,,0,0.0024,SGIS실제인접,6357.9,62804.9,10.12,False,277.14,0,실측(원자료 기반)
2018,전라북도,진안군,0,0,78839.6,0.0,,0,0.0025,SGIS실제인접,6357.9,62804.9,10.12,False,277.14,0,실측(원자료 기반)
2019,전라북도,진안군,0,0,78839.6,0.0,,0,0.0016,SGIS실제인접,6357.9,62804.9,10.12,False,162.12,0,실측(원자료 기반)
2020,전라북도,진안군,0,0,78839.6,0.0,,0,0.0026,SGIS실제인접,6357.9,62804.9,10.12,False,162.12,0,실측(원자료 기반)
2021,전라북도,진안군,0,0,78839.6,0.0,,0,0.0007,SGIS실제인접,6357.9,62804.9,10.12,False,147.23,0,실측(원자료 기반)
2022,전라북도,진안군,0,0,78839.6,0.0,,0,0.0,centroid근접(대체),6357.9,62804.9,10.12,False,128.4,0,실측(원자료 기반)
2023,전라북도,진안군,0,0,78839.6,0.0,,0,0.0034,SGIS실제인접,6357.9,62804.9,10.12,False,162.12,0,추정(시군구 평균비중 x 국가총량)
2024,전라북도,진안군,0,0,78839.6,0.0,,0,0.0029,SGIS실제인접,6357.9,62804.9,10.12,False,162.12,0,추정(시군구 평균비중 x 국가총량)
2025,전라북도,진안군,0,0,78839.6,0.0,,0,0.0048,SGIS실제인접,6357.9,62804.9,10.12,False,162.12,0,추정(시군구 평균비중 x 국가총량)
2016,제주특별자치도,서귀포시,76809,109216,88121.2,0.8716,,1,1.3526,SGIS실제인접,5782.2,42184.2,13.71,False,343.57,1,추정(시군구 평균비중 x 국가총량)
2017,제주특별자치도,서귀포시,59101,76809,88121.2,0.6707,,2,1.8227,SGIS실제인접,5782.2,42184.2,13.71,False,14.02,1,실측(원자료 기반)
2018,제주특별자치도,서귀포시,50994,59101,88121.2,0.5787,,3,0.8461,SGIS실제인접,5782.2,42184.2,13.71,False,14.02,1,실측(원자료 기반)
2019,제주특별자치도,서귀포시,33754,50994,88121.2,0.383,-23.53,4,0.5061,SGIS실제인접,5782.2,42184.2,13.71,False,343.57,1,실측(원자료 기반)
2020,제주특별자치도,서귀포시,21947,33754,88121.2,0.2491,-27.5,5,0.2476,SGIS실제인접,5782.2,42184.2,13.71,False,343.57,1,실측(원자료 기반)
2021,제주특별자치도,서귀포시,9500,21947,88121.2,0.1078,-41.83,6,0.1871,SGIS실제인접,5782.2,42184.2,13.71,False,413.11,1,실측(원자료 기반)
2022,제주특별자치도,서귀포시,14416,9500,88121.2,0.1636,-13.32,7,0.0525,centroid근접(대체),5782.2,42184.2,13.71,False,315.14,1,실측(원자료 기반)
2023,제주특별자치도,서귀포시,58025,14416,88121.2,0.6585,99.18,8,1.0218,SGIS실제인접,5782.2,42184.2,13.71,False,343.57,1,추정(시군구 평균비중 x 국가총량)
2024,제주특별자치도,서귀포시,48937,58025,88121.2,0.5553,112.86,9,0.8618,SGIS실제인접,5782.2,42184.2,13.71,False,343.57,1,추정(시군구 평균비중 x 국가총량)
2025,제주특별자치도,서귀포시,80908,48937,88121.2,0.9181,117.39,10,1.4247,SGIS실제인접,5782.2,42184.2,13.71,False,343.57,1,추정(시군구 평균비중 x 국가총량)
2016,제주특별자치도,제주시,133070,189214,98382.7,1.3526,,1,0.8716,SGIS실제인접,9154.8,44677.8,20.49,False,337.56,1,추정(시군구 평균비중 x 국가총량)
2017,제주특별자치도,제주시,179325,133070,98382.7,1.8227,,2,0.6707,SGIS실제인접,9154.8,44677.8,20.49,False,0.0,1,실측(원자료 기반)
2018,제주특별자치도,제주시,83242,179325,98382.7,0.8461,,3,0.5787,SGIS실제인접,9154.8,44677.8,20.49,False,0.0,1,실측(원자료 기반)
2019,제주특별자치도,제주시,49792,83242,98382.7,0.5061,-19.67,4,0.383,SGIS실제인접,9154.8,44677.8,20.49,False,337.56,1,실측(원자료 기반)
2020,제주특별자치도,제주시,24355,49792,98382.7,0.2476,-48.28,5,0.2491,SGIS실제인접,9154.8,44677.8,20.49,False,337.56,1,실측(원자료 기반)
2021,제주특별자치도,제주시,18405,24355,98382.7,0.1871,-38.57,6,0.1078,SGIS실제인접,9154.8,44677.8,20.49,False,403.97,1,실측(원자료 기반)
2022,제주특별자치도,제주시,15483,18405,98382.7,0.1574,-30.46,7,0.0545,centroid근접(대체),9154.8,44677.8,20.49,False,308.28,1,실측(원자료 기반)
2023,제주특별자치도,제주시,100527,15483,98382.7,1.0218,169.66,8,0.6585,SGIS실제인접,9154.8,44677.8,20.49,False,337.56,1,추정(시군구 평균비중 x 국가총량)
2024,제주특별자치도,제주시,84783,100527,98382.7,0.8618,172.58,9,0.5553,SGIS실제인접,9154.8,44677.8,20.49,False,337.56,1,추정(시군구 평균비중 x 국가총량)
2025,제주특별자치도,제주시,140170,84783,98382.7,1.4247,199.65,10,0.9181,SGIS실제인접,9154.8,44677.8,20.49,False,337.56,1,추정(시군구 평균비중 x 국가총량)
2016,충청남도,계룡시,0,0,6076.2,0.0,,0,0.0003,SGIS실제인접,915.3,5372.3,17.04,False,194.68,0,추정(시군구 평균비중 x 국가총량)
2017,충청남도,계룡시,0,0,6076.2,0.0,,0,0.0002,SGIS실제인접,915.3,5372.3,17.04,False,322.4,0,실측(원자료 기반)
2018,충청남도,계룡시,0,0,6076.2,0.0,,0,0.0,SGIS실제인접,915.3,5372.3,17.04,False,322.4,0,실측(원자료 기반)
2019,충청남도,계룡시,0,0,6076.2,0.0,,0,0.0001,SGIS실제인접,915.3,5372.3,17.04,False,194.68,0,실측(원자료 기반)
2020,충청남도,계룡시,0,0,6076.2,0.0,,0,0.0,SGIS실제인접,915.3,5372.3,17.04,False,194.68,0,실측(원자료 기반)
2021,충청남도,계룡시,0,0,6076.2,0.0,,0,0.0001,SGIS실제인접,915.3,5372.3,17.04,False,142.19,0,실측(원자료 기반)
2022,충청남도,계룡시,0,0,6076.2,0.0,,0,0.0002,centroid근접(대체),915.3,5372.3,17.04,False,165.64,0,실측(원자료 기반)
2023,충청남도,계룡시,0,0,6076.2,0.0,,0,0.0002,SGIS실제인접,915.3,5372.3,17.04,False,194.68,0,추정(시군구 평균비중 x 국가총량)
2024,충청남도,계룡시,0,0,6076.2,0.0,,0,0.0002,SGIS실제인접,915.3,5372.3,17.04,False,194.68,0,추정(시군구 평균비중 x 국가총량)
2025,충청남도,계룡시,0,0,6076.2,0.0,,0,0.0003,SGIS실제인접,915.3,5372.3,17.04,False,194.68,0,추정(시군구 평균비중 x 국가총량)
2016,충청남도,공주시,32,45,86317.0,0.0004,,1,0.0011,SGIS실제인접,9617.0,65374.8,14.71,False,216.73,0,추정(시군구 평균비중 x 국가총량)
2017,충청남도,공주시,76,32,86317.0,0.0009,,2,0.0001,SGIS실제인접,9617.0,65374.8,14.71,False,340.44,0,실측(원자료 기반)
2018,충청남도,공주시,0,76,86317.0,0.0,,0,0.0002,SGIS실제인접,9617.0,65374.8,14.71,False,340.44,0,실측(원자료 기반)
2019,충청남도,공주시,0,0,86317.0,0.0,20.33,0,0.0004,SGIS실제인접,9617.0,65374.8,14.71,False,216.73,0,실측(원자료 기반)
2020,충청남도,공주시,0,0,86317.0,0.0,-100.0,0,0.0001,SGIS실제인접,9617.0,65374.8,14.71,False,216.73,0,실측(원자료 기반)
2021,충청남도,공주시,7,0,86317.0,0.0001,,1,0.0004,SGIS실제인접,9617.0,65374.8,14.71,False,153.03,0,실측(원자료 기반)
2022,충청남도,공주시,13,7,86317.0,0.0002,85.71,2,0.0017,centroid근접(대체),9617.0,65374.8,14.71,False,189.02,0,실측(원자료 기반)
2023,충청남도,공주시,24,13,86317.0,0.0003,84.61,3,0.0008,SGIS실제인접,9617.0,65374.8,14.71,False,216.73,0,추정(시군구 평균비중 x 국가총량)
2024,충청남도,공주시,20,24,86317.0,0.0002,51.19,4,0.0007,SGIS실제인접,9617.0,65374.8,14.71,False,216.73,0,추정(시군구 평균비중 x 국가총량)
2025,충청남도,공주시,33,20,86317.0,0.0004,44.39,5,0.0012,SGIS실제인접,9617.0,65374.8,14.71,False,216.73,0,추정(시군구 평균비중 x 국가총량)
2016,충청남도,금산군,9,12,57620.6,0.0002,,1,0.0,SGIS실제인접,6513.6,43306.8,15.04,False,166.98,0,추정(시군구 평균비중 x 국가총량)
2017,충청남도,금산군,0,9,57620.6,0.0,,0,0.0,SGIS실제인접,6513.6,43306.8,15.04,False,309.18,0,실측(원자료 기반)
2018,충청남도,금산군,5,0,57620.6,0.0001,,1,0.0,SGIS실제인접,6513.6,43306.8,15.04,False,309.18,0,실측(원자료 기반)
2019,충청남도,금산군,13,5,57620.6,0.0002,30.0,2,0.0,SGIS실제인접,6513.6,43306.8,15.04,False,166.98,0,실측(원자료 기반)
2020,충청남도,금산군,0,13,57620.6,0.0,30.0,0,0.0,SGIS실제인접,6513.6,43306.8,15.04,False,166.98,0,실측(원자료 기반)
2021,충청남도,금산군,1,0,57620.6,0.0,30.0,1,0.0,SGIS실제인접,6513.6,43306.8,15.04,False,127.52,0,실측(원자료 기반)
2022,충청남도,금산군,0,1,57620.6,0.0,-100.0,0,0.0,centroid근접(대체),6513.6,43306.8,15.04,False,137.01,0,실측(원자료 기반)
2023,충청남도,금산군,7,0,57620.6,0.0001,-100.0,1,0.0,SGIS실제인접,6513.6,43306.8,15.04,False,166.98,0,추정(시군구 평균비중 x 국가총량)
2024,충청남도,금산군,6,7,57620.6,0.0001,-57.83,2,0.0,SGIS실제인접,6513.6,43306.8,15.04,False,166.98,0,추정(시군구 평균비중 x 국가총량)
2025,충청남도,금산군,9,6,57620.6,0.0002,24.83,3,0.0,SGIS실제인접,6513.6,43306.8,15.04,False,166.98,0,추정(시군구 평균비중 x 국가총량)
2016,충청남도,논산시,4,6,55346.7,0.0001,,1,0.0003,SGIS실제인접,3772.0,23061.7,16.36,False,196.75,0,추정(시군구 평균비중 x 국가총량)
2017,충청남도,논산시,5,4,55346.7,0.0001,,2,0.0002,SGIS실제인접,3772.0,23061.7,16.36,False,310.09,0,실측(원자료 기반)
2018,충청남도,논산시,6,5,55346.7,0.0001,,3,0.0,SGIS실제인접,3772.0,23061.7,16.36,False,310.09,0,실측(원자료 기반)
2019,충청남도,논산시,1,6,55346.7,0.0,-15.78,4,0.0002,SGIS실제인접,3772.0,23061.7,16.36,False,196.75,0,실측(원자료 기반)
2020,충청남도,논산시,1,1,55346.7,0.0,-21.11,5,0.0,SGIS실제인접,3772.0,23061.7,16.36,False,196.75,0,실측(원자료 기반)
2021,충청남도,논산시,0,1,55346.7,0.0,-61.11,0,0.0,SGIS실제인접,3772.0,23061.7,16.36,False,151.78,0,실측(원자료 기반)
2022,충청남도,논산시,0,0,55346.7,0.0,-50.0,0,0.0002,centroid근접(대체),3772.0,23061.7,16.36,False,166.18,0,실측(원자료 기반)
2023,충청남도,논산시,3,0,55346.7,0.0001,-100.0,1,0.0002,SGIS실제인접,3772.0,23061.7,16.36,False,196.75,0,추정(시군구 평균비중 x 국가총량)
2024,충청남도,논산시,3,3,55346.7,0.0,-15.66,2,0.0002,SGIS실제인접,3772.0,23061.7,16.36,False,196.75,0,추정(시군구 평균비중 x 국가총량)
2025,충청남도,논산시,5,3,55346.7,0.0001,24.83,3,0.0003,SGIS실제인접,3772.0,23061.7,16.36,False,196.75,0,추정(시군구 평균비중 x 국가총량)
2016,충청남도,당진시,0,0,70961.6,0.0,,0,0.0024,SGIS실제인접,0.0,0.0,0.0,True,273.19,0,추정(시군구 평균비중 x 국가총량)
2017,충청남도,당진시,0,0,70961.6,0.0,,0,0.0005,SGIS실제인접,0.0,0.0,0.0,True,384.06,0,실측(원자료 기반)
2018,충청남도,당진시,0,0,70961.6,0.0,,0,0.0001,SGIS실제인접,0.0,0.0,0.0,True,384.06,0,실측(원자료 기반)
2019,충청남도,당진시,0,0,70961.6,0.0,,0,0.0,SGIS실제인접,0.0,0.0,0.0,True,273.19,0,실측(원자료 기반)
2020,충청남도,당진시,0,0,70961.6,0.0,,0,0.0001,SGIS실제인접,0.0,0.0,0.0,True,273.19,0,실측(원자료 기반)
2021,충청남도,당진시,0,0,70961.6,0.0,,0,0.0007,SGIS실제인접,0.0,0.0,0.0,True,193.34,0,실측(원자료 기반)
2022,충청남도,당진시,0,0,70961.6,0.0,,0,0.0018,centroid근접(대체),0.0,0.0,0.0,True,247.47,0,실측(원자료 기반)
2023,충청남도,당진시,0,0,70961.6,0.0,,0,0.0018,SGIS실제인접,0.0,0.0,0.0,True,273.19,0,추정(시군구 평균비중 x 국가총량)
2024,충청남도,당진시,0,0,70961.6,0.0,,0,0.0015,SGIS실제인접,0.0,0.0,0.0,True,273.19,0,추정(시군구 평균비중 x 국가총량)
2025,충청남도,당진시,0,0,70961.6,0.0,,0,0.0025,SGIS실제인접,0.0,0.0,0.0,True,273.19,0,추정(시군구 평균비중 x 국가총량)
2016,충청남도,보령시,271,386,58410.5,0.0046,,1,0.003,SGIS실제인접,12796.1,34826.5,36.74,False,250.26,0,추정(시군구 평균비중 x 국가총량)
2017,충청남도,보령시,10,271,58410.5,0.0002,,2,0.0,SGIS실제인접,12796.1,34826.5,36.74,False,321.3,0,실측(원자료 기반)
2018,충청남도,보령시,32,10,58410.5,0.0005,,3,0.0003,SGIS실제인접,12796.1,34826.5,36.74,False,321.3,0,실측(원자료 기반)
2019,충청남도,보령시,226,32,58410.5,0.0039,243.31,4,0.0008,SGIS실제인접,12796.1,34826.5,36.74,False,250.26,0,실측(원자료 기반)
2020,충청남도,보령시,33,226,58410.5,0.0006,246.95,5,0.0002,SGIS실제인접,12796.1,34826.5,36.74,False,250.26,0,실측(원자료 기반)
2021,충청남도,보령시,27,33,58410.5,0.0005,167.56,6,0.001,SGIS실제인접,12796.1,34826.5,36.74,False,197.99,0,실측(원자료 기반)
2022,충청남도,보령시,175,27,58410.5,0.003,148.19,7,0.0018,centroid근접(대체),12796.1,34826.5,36.74,False,219.25,0,실측(원자료 기반)
2023,충청남도,보령시,205,175,58410.5,0.0035,182.34,8,0.0023,SGIS실제인접,12796.1,34826.5,36.74,False,250.26,0,추정(시군구 평균비중 x 국가총량)
2024,충청남도,보령시,173,205,58410.5,0.003,183.18,9,0.0019,SGIS실제인접,12796.1,34826.5,36.74,False,250.26,0,추정(시군구 평균비중 x 국가총량)
2025,충청남도,보령시,286,173,58410.5,0.0049,22.24,10,0.0032,SGIS실제인접,12796.1,34826.5,36.74,False,250.26,0,추정(시군구 평균비중 x 국가총량)
2016,충청남도,부여군,17,24,62408.1,0.0003,,1,0.003,SGIS실제인접,6609.6,33729.5,19.6,False,224.24,0,추정(시군구 평균비중 x 국가총량)
2017,충청남도,부여군,7,17,62408.1,0.0001,,2,0.0003,SGIS실제인접,6609.6,33729.5,19.6,False,312.32,0,실측(원자료 기반)
2018,충청남도,부여군,1,7,62408.1,0.0,,3,0.0003,SGIS실제인접,6609.6,33729.5,19.6,False,312.32,0,실측(원자료 기반)
2019,충청남도,부여군,3,1,62408.1,0.0,18.39,4,0.0014,SGIS실제인접,6609.6,33729.5,19.6,False,224.24,0,실측(원자료 기반)
2020,충청남도,부여군,2,3,62408.1,0.0,26.98,5,0.0002,SGIS실제인접,6609.6,33729.5,19.6,False,224.24,0,실측(원자료 기반)
2021,충청남도,부여군,0,2,62408.1,0.0,22.22,0,0.0007,SGIS실제인접,6609.6,33729.5,19.6,False,176.35,0,실측(원자료 기반)
2022,충청남도,부여군,20,0,62408.1,0.0003,-66.67,1,0.0042,centroid근접(대체),6609.6,33729.5,19.6,False,193.18,0,실측(원자료 기반)
2023,충청남도,부여군,13,20,62408.1,0.0002,-67.65,2,0.0022,SGIS실제인접,6609.6,33729.5,19.6,False,224.24,0,추정(시군구 평균비중 x 국가총량)
2024,충청남도,부여군,11,13,62408.1,0.0002,-25.48,3,0.0019,SGIS실제인접,6609.6,33729.5,19.6,False,224.24,0,추정(시군구 평균비중 x 국가총량)
2025,충청남도,부여군,18,11,62408.1,0.0003,4.79,4,0.0031,SGIS실제인접,6609.6,33729.5,19.6,False,224.24,0,추정(시군구 평균비중 x 국가총량)
2016,충청남도,서산시,238,338,74416.3,0.0032,,1,0.0019,SGIS실제인접,12525.1,25118.8,49.86,False,280.96,0,추정(시군구 평균비중 x 국가총량)
2017,충청남도,서산시,0,238,74416.3,0.0,,0,0.0,SGIS실제인접,12525.1,25118.8,49.86,False,370.68,0,실측(원자료 기반)
2018,충청남도,서산시,0,0,74416.3,0.0,,0,0.0,SGIS실제인접,12525.1,25118.8,49.86,False,370.68,0,실측(원자료 기반)
2019,충청남도,서산시,0,0,74416.3,0.0,-100.0,0,0.0001,SGIS실제인접,12525.1,25118.8,49.86,False,280.96,0,실측(원자료 기반)
2020,충청남도,서산시,24,0,74416.3,0.0003,,1,0.0004,SGIS실제인접,12525.1,25118.8,49.86,False,280.96,0,실측(원자료 기반)
2021,충청남도,서산시,4,24,74416.3,0.0001,-83.33,2,0.0005,SGIS실제인접,12525.1,25118.8,49.86,False,208.25,0,실측(원자료 기반)
2022,충청남도,서산시,353,4,74416.3,0.0047,4320.83,3,0.0024,centroid근접(대체),12525.1,25118.8,49.86,False,253.31,0,실측(원자료 기반)
2023,충청남도,서산시,180,353,74416.3,0.0024,2864.2,4,0.0015,SGIS실제인접,12525.1,25118.8,49.86,False,280.96,0,추정(시군구 평균비중 x 국가총량)
2024,충청남도,서산시,152,180,74416.3,0.002,2886.76,5,0.0012,SGIS실제인접,12525.1,25118.8,49.86,False,280.96,0,추정(시군구 평균비중 x 국가총량)
2025,충청남도,서산시,251,152,74416.3,0.0034,0.2,6,0.002,SGIS실제인접,12525.1,25118.8,49.86,False,280.96,0,추정(시군구 평균비중 x 국가총량)
2016,충청남도,서천군,168,238,36765.3,0.0046,,1,0.04,SGIS실제인접,6089.1,14819.9,41.09,False,232.86,0,추정(시군구 평균비중 x 국가총량)
2017,충청남도,서천군,0,168,36765.3,0.0,,0,0.0046,SGIS실제인접,6089.1,14819.9,41.09,False,295.83,0,실측(원자료 기반)
2018,충청남도,서천군,15,0,36765.3,0.0004,,1,0.0255,SGIS실제인접,6089.1,14819.9,41.09,False,295.83,0,실측(원자료 기반)
2019,충청남도,서천군,22,15,36765.3,0.0006,-26.67,2,0.0254,SGIS실제인접,6089.1,14819.9,41.09,False,232.86,0,실측(원자료 기반)
2020,충청남도,서천군,12,22,36765.3,0.0003,0.61,3,0.0117,SGIS실제인접,6089.1,14819.9,41.09,False,232.86,0,실측(원자료 기반)
2021,충청남도,서천군,38,12,36765.3,0.001,72.63,4,0.0062,SGIS실제인접,6089.1,14819.9,41.09,False,193.6,0,실측(원자료 기반)
2022,충청남도,서천군,185,38,36765.3,0.005,186.02,5,0.0127,centroid근접(대체),6089.1,14819.9,41.09,False,200.19,1,실측(원자료 기반)
2023,충청남도,서천군,127,185,36765.3,0.0034,190.66,6,0.0302,SGIS실제인접,6089.1,14819.9,41.09,False,232.86,0,추정(시군구 평균비중 x 국가총량)
2024,충청남도,서천군,107,127,36765.3,0.0029,113.21,7,0.0255,SGIS실제인접,6089.1,14819.9,41.09,False,232.86,0,추정(시군구 평균비중 x 국가총량)
2025,충청남도,서천군,177,107,36765.3,0.0048,6.04,8,0.0422,SGIS실제인접,6089.1,14819.9,41.09,False,232.86,0,추정(시군구 평균비중 x 국가총량)
2016,충청남도,아산시,0,0,54283.6,0.0,,0,0.0014,SGIS실제인접,3711.1,21050.9,17.63,False,242.89,0,추정(시군구 평균비중 x 국가총량)
2017,충청남도,아산시,0,0,54283.6,0.0,,0,0.0006,SGIS실제인접,3711.1,21050.9,17.63,False,375.36,0,실측(원자료 기반)
2018,충청남도,아산시,0,0,54283.6,0.0,,0,0.0001,SGIS실제인접,3711.1,21050.9,17.63,False,375.36,0,실측(원자료 기반)
2019,충청남도,아산시,0,0,54283.6,0.0,,0,0.0,SGIS실제인접,3711.1,21050.9,17.63,False,242.89,0,실측(원자료 기반)
2020,충청남도,아산시,0,0,54283.6,0.0,,0,0.0,SGIS실제인접,3711.1,21050.9,17.63,False,242.89,0,실측(원자료 기반)
2021,충청남도,아산시,0,0,54283.6,0.0,,0,0.0006,SGIS실제인접,3711.1,21050.9,17.63,False,162.76,0,실측(원자료 기반)
2022,충청남도,아산시,0,0,54283.6,0.0,,0,0.0019,centroid근접(대체),3711.1,21050.9,17.63,False,218.11,0,실측(원자료 기반)
2023,충청남도,아산시,0,0,54283.6,0.0,,0,0.0011,SGIS실제인접,3711.1,21050.9,17.63,False,242.89,0,추정(시군구 평균비중 x 국가총량)
2024,충청남도,아산시,0,0,54283.6,0.0,,0,0.0009,SGIS실제인접,3711.1,21050.9,17.63,False,242.89,0,추정(시군구 평균비중 x 국가총량)
2025,충청남도,아산시,0,0,54283.6,0.0,,0,0.0015,SGIS실제인접,3711.1,21050.9,17.63,False,242.89,0,추정(시군구 평균비중 x 국가총량)
2016,충청남도,예산군,25,35,54313.6,0.0005,,1,0.0018,SGIS실제인접,7085.0,26434.5,26.8,False,249.72,0,추정(시군구 평균비중 x 국가총량)
2017,충청남도,예산군,0,25,54313.6,0.0,,0,0.0001,SGIS실제인접,7085.0,26434.5,26.8,False,358.7,0,실측(원자료 기반)
2018,충청남도,예산군,4,0,54313.6,0.0001,,1,0.0001,SGIS실제인접,7085.0,26434.5,26.8,False,358.7,0,실측(원자료 기반)
2019,충청남도,예산군,0,4,54313.6,0.0,-100.0,0,0.0005,SGIS실제인접,7085.0,26434.5,26.8,False,249.72,0,실측(원자료 기반)
2020,충청남도,예산군,1,0,54313.6,0.0,-100.0,1,0.0001,SGIS실제인접,7085.0,26434.5,26.8,False,249.72,0,실측(원자료 기반)
2021,충청남도,예산군,2,1,54313.6,0.0,0.0,2,0.0005,SGIS실제인접,7085.0,26434.5,26.8,False,178.72,0,실측(원자료 기반)
2022,충청남도,예산군,34,2,54313.6,0.0006,850.0,3,0.0017,centroid근접(대체),7085.0,26434.5,26.8,False,222.48,0,실측(원자료 기반)
2023,충청남도,예산군,19,34,54313.6,0.0003,551.68,4,0.0013,SGIS실제인접,7085.0,26434.5,26.8,False,249.72,0,추정(시군구 평균비중 x 국가총량)
2024,충청남도,예산군,16,19,54313.6,0.0003,513.13,5,0.0011,SGIS실제인접,7085.0,26434.5,26.8,False,249.72,0,추정(시군구 평균비중 x 국가총량)
2025,충청남도,예산군,26,16,54313.6,0.0005,1.57,6,0.0019,SGIS실제인접,7085.0,26434.5,26.8,False,249.72,0,추정(시군구 평균비중 x 국가총량)
2016,충청남도,천안시,11,15,63620.1,0.0002,,1,0.002,SGIS실제인접,3368.9,34228.6,9.84,False,226.61,0,추정(시군구 평균비중 x 국가총량)
2017,충청남도,천안시,2,11,63620.1,0.0,,2,0.001,SGIS실제인접,3368.9,34228.6,9.84,False,377.76,0,실측(원자료 기반)
2018,충청남도,천안시,2,2,63620.1,0.0,,3,0.0008,SGIS실제인접,3368.9,34228.6,9.84,False,377.76,0,실측(원자료 기반)
2019,충청남도,천안시,3,2,63620.1,0.0,-10.51,4,0.001,SGIS실제인접,3368.9,34228.6,9.84,False,226.61,0,실측(원자료 기반)
2020,충청남도,천안시,3,3,63620.1,0.0,16.67,5,0.0002,SGIS실제인접,3368.9,34228.6,9.84,False,226.61,0,실측(원자료 기반)
2021,충청남도,천안시,6,3,63620.1,0.0001,50.0,6,0.0005,SGIS실제인접,3368.9,34228.6,9.84,False,143.1,0,실측(원자료 기반)
2022,충청남도,천안시,3,6,63620.1,0.0,16.67,7,0.0001,centroid근접(대체),3368.9,34228.6,9.84,False,203.36,0,실측(원자료 기반)
2023,충청남도,천안시,8,3,63620.1,0.0001,74.18,8,0.0015,SGIS실제인접,3368.9,34228.6,9.84,False,226.61,0,추정(시군구 평균비중 x 국가총량)
2024,충청남도,천안시,7,8,63620.1,0.0001,35.63,9,0.0013,SGIS실제인접,3368.9,34228.6,9.84,False,226.61,0,추정(시군구 평균비중 x 국가총량)
2025,충청남도,천안시,11,7,63620.1,0.0002,74.07,10,0.0021,SGIS실제인접,3368.9,34228.6,9.84,False,226.61,0,추정(시군구 평균비중 x 국가총량)
2016,충청남도,청양군,328,467,47935.4,0.0069,,1,0.0012,SGIS실제인접,9783.2,35400.0,27.64,False,232.21,0,추정(시군구 평균비중 x 국가총량)
2017,충청남도,청양군,0,328,47935.4,0.0,,0,0.0002,SGIS실제인접,9783.2,35400.0,27.64,False,332.63,0,실측(원자료 기반)
2018,충청남도,청양군,39,0,47935.4,0.0008,,1,0.0001,SGIS실제인접,9783.2,35400.0,27.64,False,332.63,0,실측(원자료 기반)
2019,충청남도,청양군,131,39,47935.4,0.0027,67.95,2,0.0008,SGIS실제인접,9783.2,35400.0,27.64,False,232.21,0,실측(원자료 기반)
2020,충청남도,청양군,12,131,47935.4,0.0003,72.53,3,0.0001,SGIS실제인접,9783.2,35400.0,27.64,False,232.21,0,실측(원자료 기반)
2021,충청남도,청양군,136,12,47935.4,0.0028,392.8,4,0.0001,SGIS실제인접,9783.2,35400.0,27.64,False,173.36,0,실측(원자료 기반)
2022,충청남도,청양군,225,136,47935.4,0.0047,335.98,5,0.0003,centroid근접(대체),9783.2,35400.0,27.64,False,202.92,0,실측(원자료 기반)
2023,충청남도,청양군,248,225,47935.4,0.0052,369.68,6,0.0009,SGIS실제인접,9783.2,35400.0,27.64,False,232.21,0,추정(시군구 평균비중 x 국가총량)
2024,충청남도,청양군,209,248,47935.4,0.0044,20.02,7,0.0008,SGIS실제인접,9783.2,35400.0,27.64,False,232.21,0,추정(시군구 평균비중 x 국가총량)
2025,충청남도,청양군,346,209,47935.4,0.0072,19.98,8,0.0013,SGIS실제인접,9783.2,35400.0,27.64,False,232.21,0,추정(시군구 평균비중 x 국가총량)
2016,충청남도,태안군,373,531,53623.4,0.007,,1,0.0032,SGIS실제인접,15554.2,20735.0,75.01,False,291.69,0,추정(시군구 평균비중 x 국가총량)
2017,충청남도,태안군,0,373,53623.4,0.0,,0,0.0,SGIS실제인접,15554.2,20735.0,75.01,False,362.74,0,실측(원자료 기반)
2018,충청남도,태안군,0,0,53623.4,0.0,,0,0.0,SGIS실제인접,15554.2,20735.0,75.01,False,362.74,0,실측(원자료 기반)
2019,충청남도,태안군,20,0,53623.4,0.0004,-100.0,1,0.0,SGIS실제인접,15554.2,20735.0,75.01,False,291.69,0,실측(원자료 기반)
2020,충청남도,태안군,85,20,53623.4,0.0016,325.0,2,0.0003,SGIS실제인접,15554.2,20735.0,75.01,False,291.69,0,실측(원자료 기반)
2021,충청남도,태안군,104,85,53623.4,0.0019,173.68,3,0.0001,SGIS실제인접,15554.2,20735.0,75.01,False,223.98,0,실측(원자료 기반)
2022,충청남도,태안군,375,104,53623.4,0.007,202.64,4,0.0017,centroid근접(대체),15554.2,20735.0,75.01,False,262.72,0,실측(원자료 기반)
2023,충청남도,태안군,282,375,53623.4,0.0053,86.05,5,0.0024,SGIS실제인접,15554.2,20735.0,75.01,False,291.69,0,추정(시군구 평균비중 x 국가총량)
2024,충청남도,태안군,238,282,53623.4,0.0044,73.38,6,0.002,SGIS실제인접,15554.2,20735.0,75.01,False,291.69,0,추정(시군구 평균비중 x 국가총량)
2025,충청남도,태안군,393,238,53623.4,0.0073,8.3,7,0.0034,SGIS실제인접,15554.2,20735.0,75.01,False,291.69,0,추정(시군구 평균비중 x 국가총량)
2016,충청남도,홍성군,13,19,44351.8,0.0003,,1,0.0038,SGIS실제인접,6694.9,18958.7,35.31,False,257.19,0,추정(시군구 평균비중 x 국가총량)
2017,충청남도,홍성군,0,13,44351.8,0.0,,0,0.0,SGIS실제인접,6694.9,18958.7,35.31,False,346.91,0,실측(원자료 기반)
2018,충청남도,홍성군,0,0,44351.8,0.0,,0,0.0004,SGIS실제인접,6694.9,18958.7,35.31,False,346.91,0,실측(원자료 기반)
2019,충청남도,홍성군,0,0,44351.8,0.0,-100.0,0,0.0017,SGIS실제인접,6694.9,18958.7,35.31,False,257.19,0,실측(원자료 기반)
2020,충청남도,홍성군,0,0,44351.8,0.0,,0,0.0003,SGIS실제인접,6694.9,18958.7,35.31,False,257.19,0,실측(원자료 기반)
2021,충청남도,홍성군,6,0,44351.8,0.0001,,1,0.0008,SGIS실제인접,6694.9,18958.7,35.31,False,192.75,0,실측(원자료 기반)
2022,충청남도,홍성군,14,6,44351.8,0.0003,133.33,2,0.0028,centroid근접(대체),6694.9,18958.7,35.31,False,228.32,0,실측(원자료 기반)
2023,충청남도,홍성군,10,14,44351.8,0.0002,52.74,3,0.0029,SGIS실제인접,6694.9,18958.7,35.31,False,257.19,0,추정(시군구 평균비중 x 국가총량)
2024,충청남도,홍성군,9,10,44351.8,0.0002,29.94,4,0.0024,SGIS실제인접,6694.9,18958.7,35.31,False,257.19,0,추정(시군구 평균비중 x 국가총량)
2025,충청남도,홍성군,14,9,44351.8,0.0003,7.27,5,0.004,SGIS실제인접,6694.9,18958.7,35.31,False,257.19,0,추정(시군구 평균비중 x 국가총량)
2016,충청북도,괴산군,0,0,84138.8,0.0,,0,0.0029,SGIS실제인접,0.0,0.0,0.0,True,182.63,0,추정(시군구 평균비중 x 국가총량)
2017,충청북도,괴산군,0,0,84138.8,0.0,,0,0.0015,SGIS실제인접,0.0,0.0,0.0,True,387.47,0,실측(원자료 기반)
2018,충청북도,괴산군,0,0,84138.8,0.0,,0,0.0004,SGIS실제인접,0.0,0.0,0.0,True,387.47,0,실측(원자료 기반)
2019,충청북도,괴산군,0,0,84138.8,0.0,,0,0.0005,SGIS실제인접,0.0,0.0,0.0,True,182.63,0,실측(원자료 기반)
2020,충청북도,괴산군,0,0,84138.8,0.0,,0,0.0005,SGIS실제인접,0.0,0.0,0.0,True,182.63,0,실측(원자료 기반)
2021,충청북도,괴산군,0,0,84138.8,0.0,,0,0.0014,SGIS실제인접,0.0,0.0,0.0,True,87.49,0,실측(원자료 기반)
2022,충청북도,괴산군,0,0,84138.8,0.0,,0,0.0001,centroid근접(대체),0.0,0.0,0.0,True,165.36,0,실측(원자료 기반)
2023,충청북도,괴산군,0,0,84138.8,0.0,,0,0.0022,SGIS실제인접,0.0,0.0,0.0,True,182.63,0,추정(시군구 평균비중 x 국가총량)
2024,충청북도,괴산군,0,0,84138.8,0.0,,0,0.0019,SGIS실제인접,0.0,0.0,0.0,True,182.63,0,추정(시군구 평균비중 x 국가총량)
2025,충청북도,괴산군,0,0,84138.8,0.0,,0,0.0031,SGIS실제인접,0.0,0.0,0.0,True,182.63,0,추정(시군구 평균비중 x 국가총량)
2016,충청북도,단양군,50,71,77983.6,0.0006,,1,0.0026,SGIS실제인접,23954.5,99693.1,24.03,False,176.03,0,추정(시군구 평균비중 x 국가총량)
2017,충청북도,단양군,19,50,77983.6,0.0002,,2,0.0003,SGIS실제인접,23954.5,99693.1,24.03,False,428.62,0,실측(원자료 기반)
2018,충청북도,단양군,8,19,77983.6,0.0001,,3,0.0001,SGIS실제인접,23954.5,99693.1,24.03,False,428.62,0,실측(원자료 기반)
2019,충청북도,단양군,29,8,77983.6,0.0004,47.59,4,0.0001,SGIS실제인접,23954.5,99693.1,24.03,False,176.03,0,실측(원자료 기반)
2020,충청북도,단양군,13,29,77983.6,0.0002,49.81,5,0.0002,SGIS실제인접,23954.5,99693.1,24.03,False,176.03,0,실측(원자료 기반)
2021,충청북도,단양군,3,13,77983.6,0.0,43.47,6,0.0008,SGIS실제인접,23954.5,99693.1,24.03,False,57.76,0,실측(원자료 기반)
2022,충청북도,단양군,30,3,77983.6,0.0004,255.97,7,0.0042,centroid근접(대체),23954.5,99693.1,24.03,False,169.83,0,실측(원자료 기반)
2023,충청북도,단양군,38,30,77983.6,0.0005,282.82,8,0.002,SGIS실제인접,23954.5,99693.1,24.03,False,176.03,0,추정(시군구 평균비중 x 국가총량)
2024,충청북도,단양군,32,38,77983.6,0.0004,303.24,9,0.0016,SGIS실제인접,23954.5,99693.1,24.03,False,176.03,0,추정(시군구 평균비중 x 국가총량)
2025,충청북도,단양군,52,32,77983.6,0.0007,25.02,10,0.0027,SGIS실제인접,23954.5,99693.1,24.03,False,176.03,0,추정(시군구 평균비중 x 국가총량)
2016,충청북도,보은군,0,0,58320.4,0.0,,0,0.0041,SGIS실제인접,0.0,0.0,0.0,False,168.04,0,추정(시군구 평균비중 x 국가총량)
2017,충청북도,보은군,0,0,58320.4,0.0,,0,0.0021,SGIS실제인접,0.0,0.0,0.0,False,355.2,0,실측(원자료 기반)
2018,충청북도,보은군,0,0,58320.4,0.0,,0,0.0006,SGIS실제인접,0.0,0.0,0.0,False,355.2,0,실측(원자료 기반)
2019,충청북도,보은군,0,0,58320.4,0.0,,0,0.0007,SGIS실제인접,0.0,0.0,0.0,False,168.04,0,실측(원자료 기반)
2020,충청북도,보은군,0,0,58320.4,0.0,,0,0.0008,SGIS실제인접,0.0,0.0,0.0,False,168.04,0,실측(원자료 기반)
2021,충청북도,보은군,0,0,58320.4,0.0,,0,0.0019,SGIS실제인접,0.0,0.0,0.0,False,94.59,0,실측(원자료 기반)
2022,충청북도,보은군,0,0,58320.4,0.0,,0,0.0,centroid근접(대체),0.0,0.0,0.0,False,145.7,0,실측(원자료 기반)
2023,충청북도,보은군,0,0,58320.4,0.0,,0,0.0031,SGIS실제인접,0.0,0.0,0.0,False,168.04,0,추정(시군구 평균비중 x 국가총량)
2024,충청북도,보은군,0,0,58320.4,0.0,,0,0.0026,SGIS실제인접,0.0,0.0,0.0,False,168.04,0,추정(시군구 평균비중 x 국가총량)
2025,충청북도,보은군,0,0,58320.4,0.0,,0,0.0043,SGIS실제인접,0.0,0.0,0.0,False,168.04,0,추정(시군구 평균비중 x 국가총량)
2016,충청북도,영동군,9,13,85201.3,0.0001,,1,0.011,SGIS실제인접,14793.7,100006.9,14.79,False,141.49,0,추정(시군구 평균비중 x 국가총량)
2017,충청북도,영동군,1,9,85201.3,0.0,,2,0.003,SGIS실제인접,14793.7,100006.9,14.79,False,323.36,0,실측(원자료 기반)
2018,충청북도,영동군,7,1,85201.3,0.0001,,3,0.0012,SGIS실제인접,14793.7,100006.9,14.79,False,323.36,0,실측(원자료 기반)
2019,충청북도,영동군,7,7,85201.3,0.0001,170.18,4,0.0018,SGIS실제인접,14793.7,100006.9,14.79,False,141.49,0,실측(원자료 기반)
2020,충청북도,영동군,6,7,85201.3,0.0001,195.24,5,0.0022,SGIS실제인접,14793.7,100006.9,14.79,False,141.49,0,실측(원자료 기반)
2021,충청북도,영동군,0,6,85201.3,0.0,-38.1,0,0.0064,SGIS실제인접,14793.7,100006.9,14.79,False,98.41,0,실측(원자료 기반)
2022,충청북도,영동군,0,0,85201.3,0.0,-57.14,0,0.0044,centroid근접(대체),14793.7,100006.9,14.79,False,114.63,0,실측(원자료 기반)
2023,충청북도,영동군,7,0,85201.3,0.0001,-100.0,1,0.0083,SGIS실제인접,14793.7,100006.9,14.79,False,141.49,0,추정(시군구 평균비중 x 국가총량)
2024,충청북도,영동군,6,7,85201.3,0.0001,-15.66,2,0.007,SGIS실제인접,14793.7,100006.9,14.79,False,141.49,0,추정(시군구 평균비중 x 국가총량)
2025,충청북도,영동군,10,6,85201.3,0.0001,24.83,3,0.0116,SGIS실제인접,14793.7,100006.9,14.79,False,141.49,0,추정(시군구 평균비중 x 국가총량)
2016,충청북도,옥천군,1,1,54122.9,0.0,,1,0.0041,SGIS실제인접,5290.8,54292.3,9.75,False,162.67,0,추정(시군구 평균비중 x 국가총량)
2017,충청북도,옥천군,0,1,54122.9,0.0,,0,0.0021,SGIS실제인접,5290.8,54292.3,9.75,False,335.3,0,실측(원자료 기반)
2018,충청북도,옥천군,0,0,54122.9,0.0,,0,0.0006,SGIS실제인접,5290.8,54292.3,9.75,False,335.3,0,실측(원자료 기반)
2019,충청북도,옥천군,2,0,54122.9,0.0,-100.0,1,0.0007,SGIS실제인접,5290.8,54292.3,9.75,False,162.67,0,실측(원자료 기반)
2020,충청북도,옥천군,0,2,54122.9,0.0,-100.0,0,0.0008,SGIS실제인접,5290.8,54292.3,9.75,False,162.67,0,실측(원자료 기반)
2021,충청북도,옥천군,0,0,54122.9,0.0,-100.0,0,0.0019,SGIS실제인접,5290.8,54292.3,9.75,False,104.73,0,실측(원자료 기반)
2022,충청북도,옥천군,0,0,54122.9,0.0,-100.0,0,0.0,centroid근접(대체),5290.8,54292.3,9.75,False,136.99,0,실측(원자료 기반)
2023,충청북도,옥천군,1,0,54122.9,0.0,,1,0.0031,SGIS실제인접,5290.8,54292.3,9.75,False,162.67,0,추정(시군구 평균비중 x 국가총량)
2024,충청북도,옥천군,1,1,54122.9,0.0,-15.66,2,0.0026,SGIS실제인접,5290.8,54292.3,9.75,False,162.67,0,추정(시군구 평균비중 x 국가총량)
2025,충청북도,옥천군,1,1,54122.9,0.0,24.83,3,0.0043,SGIS실제인접,5290.8,54292.3,9.75,False,162.67,0,추정(시군구 평균비중 x 국가총량)
2016,충청북도,음성군,0,0,51901.9,0.0,,0,0.0019,SGIS실제인접,0.0,0.0,0.0,True,212.5,0,추정(시군구 평균비중 x 국가총량)
2017,충청북도,음성군,0,0,51901.9,0.0,,0,0.0006,SGIS실제인접,0.0,0.0,0.0,True,404.08,0,실측(원자료 기반)
2018,충청북도,음성군,0,0,51901.9,0.0,,0,0.0009,SGIS실제인접,0.0,0.0,0.0,True,404.08,0,실측(원자료 기반)
2019,충청북도,음성군,0,0,51901.9,0.0,,0,0.001,SGIS실제인접,0.0,0.0,0.0,True,212.5,0,실측(원자료 기반)
2020,충청북도,음성군,0,0,51901.9,0.0,,0,0.0004,SGIS실제인접,0.0,0.0,0.0,True,212.5,0,실측(원자료 기반)
2021,충청북도,음성군,0,0,51901.9,0.0,,0,0.0006,SGIS실제인접,0.0,0.0,0.0,True,112.93,0,실측(원자료 기반)
2022,충청북도,음성군,0,0,51901.9,0.0,,0,0.0,centroid근접(대체),0.0,0.0,0.0,True,195.0,0,실측(원자료 기반)
2023,충청북도,음성군,0,0,51901.9,0.0,,0,0.0014,SGIS실제인접,0.0,0.0,0.0,True,212.5,0,추정(시군구 평균비중 x 국가총량)
2024,충청북도,음성군,0,0,51901.9,0.0,,0,0.0012,SGIS실제인접,0.0,0.0,0.0,True,212.5,0,추정(시군구 평균비중 x 국가총량)
2025,충청북도,음성군,0,0,51901.9,0.0,,0,0.002,SGIS실제인접,0.0,0.0,0.0,True,212.5,0,추정(시군구 평균비중 x 국가총량)
2016,충청북도,제천시,118,168,88199.0,0.0013,,1,0.0016,SGIS실제인접,22266.3,98942.8,22.5,False,192.47,0,추정(시군구 평균비중 x 국가총량)
2017,충청북도,제천시,16,118,88199.0,0.0002,,2,0.0001,SGIS실제인접,22266.3,98942.8,22.5,False,427.05,0,실측(원자료 기반)
2018,충청북도,제천시,7,16,88199.0,0.0001,,3,0.0001,SGIS실제인접,22266.3,98942.8,22.5,False,427.05,0,실측(원자료 기반)
2019,충청북도,제천시,24,7,88199.0,0.0003,33.39,4,0.0004,SGIS실제인접,22266.3,98942.8,22.5,False,192.47,0,실측(원자료 기반)
2020,충청북도,제천시,68,24,88199.0,0.0008,123.31,5,0.0005,SGIS실제인접,22266.3,98942.8,22.5,False,192.47,0,실측(원자료 기반)
2021,충청북도,제천시,45,68,88199.0,0.0005,130.79,6,0.0005,SGIS실제인접,22266.3,98942.8,22.5,False,77.98,0,실측(원자료 기반)
2022,충청북도,제천시,42,45,88199.0,0.0005,47.61,7,0.0018,centroid근접(대체),22266.3,98942.8,22.5,False,182.74,0,실측(원자료 기반)
2023,충청북도,제천시,89,42,88199.0,0.001,23.89,8,0.0012,SGIS실제인접,22266.3,98942.8,22.5,False,192.47,0,추정(시군구 평균비중 x 국가총량)
2024,충청북도,제천시,75,89,88199.0,0.0009,29.95,9,0.001,SGIS실제인접,22266.3,98942.8,22.5,False,192.47,0,추정(시군구 평균비중 x 국가총량)
2025,충청북도,제천시,124,75,88199.0,0.0014,53.94,10,0.0017,SGIS실제인접,22266.3,98942.8,22.5,False,192.47,0,추정(시군구 평균비중 x 국가총량)
2016,충청북도,증평군,0,0,8182.9,0.0,,0,0.0,SGIS실제인접,0.0,0.0,0.0,False,198.02,0,추정(시군구 평균비중 x 국가총량)
2017,충청북도,증평군,0,0,8182.9,0.0,,0,0.0,SGIS실제인접,0.0,0.0,0.0,False,383.51,0,실측(원자료 기반)
2018,충청북도,증평군,0,0,8182.9,0.0,,0,0.0,SGIS실제인접,0.0,0.0,0.0,False,383.51,0,실측(원자료 기반)
2019,충청북도,증평군,0,0,8182.9,0.0,,0,0.0001,SGIS실제인접,0.0,0.0,0.0,False,198.02,0,실측(원자료 기반)
2020,충청북도,증평군,0,0,8182.9,0.0,,0,0.0,SGIS실제인접,0.0,0.0,0.0,False,198.02,0,실측(원자료 기반)
2021,충청북도,증평군,0,0,8182.9,0.0,,0,0.0,SGIS실제인접,0.0,0.0,0.0,False,107.49,0,실측(원자료 기반)
2022,충청북도,증평군,0,0,8182.9,0.0,,0,0.0,centroid근접(대체),0.0,0.0,0.0,False,178.26,0,실측(원자료 기반)
2023,충청북도,증평군,0,0,8182.9,0.0,,0,0.0,SGIS실제인접,0.0,0.0,0.0,False,198.02,0,추정(시군구 평균비중 x 국가총량)
2024,충청북도,증평군,0,0,8182.9,0.0,,0,0.0,SGIS실제인접,0.0,0.0,0.0,False,198.02,0,추정(시군구 평균비중 x 국가총량)
2025,충청북도,증평군,0,0,8182.9,0.0,,0,0.0001,SGIS실제인접,0.0,0.0,0.0,False,198.02,0,추정(시군구 평균비중 x 국가총량)
2016,충청북도,진천군,4,6,40780.9,0.0001,,1,0.0013,SGIS실제인접,3992.5,33633.4,11.87,False,215.12,0,추정(시군구 평균비중 x 국가총량)
2017,충청북도,진천군,0,4,40780.9,0.0,,0,0.0006,SGIS실제인접,3992.5,33633.4,11.87,False,389.11,0,실측(원자료 기반)
2018,충청북도,진천군,0,0,40780.9,0.0,,0,0.001,SGIS실제인접,3992.5,33633.4,11.87,False,389.11,0,실측(원자료 기반)
2019,충청북도,진천군,7,0,40780.9,0.0002,-100.0,1,0.0012,SGIS실제인접,3992.5,33633.4,11.87,False,215.12,0,실측(원자료 기반)
2020,충청북도,진천군,0,7,40780.9,0.0,-100.0,0,0.0002,SGIS실제인접,3992.5,33633.4,11.87,False,215.12,0,실측(원자료 기반)
2021,충청북도,진천군,0,0,40780.9,0.0,-100.0,0,0.0,SGIS실제인접,3992.5,33633.4,11.87,False,123.89,0,실측(원자료 기반)
2022,충청북도,진천군,1,0,40780.9,0.0,-100.0,1,0.0001,centroid근접(대체),3992.5,33633.4,11.87,False,194.66,0,실측(원자료 기반)
2023,충청북도,진천군,3,1,40780.9,0.0001,200.93,2,0.001,SGIS실제인접,3992.5,33633.4,11.87,False,215.12,0,추정(시군구 평균비중 x 국가총량)
2024,충청북도,진천군,3,3,40780.9,0.0001,92.63,3,0.0008,SGIS실제인접,3992.5,33633.4,11.87,False,215.12,0,추정(시군구 평균비중 x 국가총량)
2025,충청북도,진천군,4,3,40780.9,0.0001,83.53,4,0.0013,SGIS실제인접,3992.5,33633.4,11.87,False,215.12,0,추정(시군구 평균비중 x 국가총량)
2016,충청북도,청주시,9,13,93926.2,0.0001,,1,0.0003,SGIS실제인접,348.2,8197.5,4.25,False,193.68,0,추정(시군구 평균비중 x 국가총량)
2017,충청북도,청주시,8,9,93926.2,0.0001,,2,0.0001,SGIS실제인접,348.2,8197.5,4.25,False,364.02,0,실측(원자료 기반)
2018,충청북도,청주시,7,8,93926.2,0.0001,,3,0.0,SGIS실제인접,348.2,8197.5,4.25,False,364.02,0,실측(원자료 기반)
2019,충청북도,청주시,7,7,93926.2,0.0001,-7.28,4,0.0001,SGIS실제인접,348.2,8197.5,4.25,False,193.68,0,실측(원자료 기반)
2020,충청북도,청주시,2,7,93926.2,0.0,-27.98,5,0.0001,SGIS실제인접,348.2,8197.5,4.25,False,193.68,0,실측(원자료 기반)
2021,충청북도,청주시,0,2,93926.2,0.0,-57.14,0,0.0001,SGIS실제인접,348.2,8197.5,4.25,False,114.72,0,실측(원자료 기반)
2022,충청북도,청주시,0,0,93926.2,0.0,-85.71,0,0.0001,centroid근접(대체),348.2,8197.5,4.25,False,170.85,0,실측(원자료 기반)
2023,충청북도,청주시,7,0,93926.2,0.0001,-100.0,1,0.0002,SGIS실제인접,348.2,8197.5,4.25,False,193.68,0,추정(시군구 평균비중 x 국가총량)
2024,충청북도,청주시,6,7,93926.2,0.0001,-15.66,2,0.0002,SGIS실제인접,348.2,8197.5,4.25,False,193.68,0,추정(시군구 평균비중 x 국가총량)
2025,충청북도,청주시,9,6,93926.2,0.0001,24.83,3,0.0003,SGIS실제인접,348.2,8197.5,4.25,False,193.68,0,추정(시군구 평균비중 x 국가총량)
2016,충청북도,충주시,1,1,98081.8,0.0,,1,0.0019,SGIS실제인접,12799.0,92748.0,13.8,False,200.08,0,추정(시군구 평균비중 x 국가총량)
2017,충청북도,충주시,0,1,98081.8,0.0,,0,0.0001,SGIS실제인접,12799.0,92748.0,13.8,False,415.2,0,실측(원자료 기반)
2018,충청북도,충주시,0,0,98081.8,0.0,,0,0.0001,SGIS실제인접,12799.0,92748.0,13.8,False,415.2,0,실측(원자료 기반)
2019,충청북도,충주시,0,0,98081.8,0.0,-100.0,0,0.0003,SGIS실제인접,12799.0,92748.0,13.8,False,200.08,0,실측(원자료 기반)
2020,충청북도,충주시,0,0,98081.8,0.0,,0,0.0008,SGIS실제인접,12799.0,92748.0,13.8,False,200.08,0,실측(원자료 기반)
2021,충청북도,충주시,0,0,98081.8,0.0,,0,0.0007,SGIS실제인접,12799.0,92748.0,13.8,False,92.49,0,실측(원자료 기반)
2022,충청북도,충주시,1,0,98081.8,0.0,,1,0.0002,centroid근접(대체),12799.0,92748.0,13.8,False,186.43,0,실측(원자료 기반)
2023,충청북도,충주시,0,1,98081.8,0.0,-52.7,2,0.0014,SGIS실제인접,12799.0,92748.0,13.8,False,200.08,0,추정(시군구 평균비중 x 국가총량)
2024,충청북도,충주시,0,0,98081.8,0.0,-34.18,3,0.0012,SGIS실제인접,12799.0,92748.0,13.8,False,200.08,0,추정(시군구 평균비중 x 국가총량)
2025,충청북도,충주시,1,0,98081.8,0.0,-1.01,4,0.002,SGIS실제인접,12799.0,92748.0,13.8,False,200.08,0,추정(시군구 평균비중 x 국가총량)
